timestamp,open,high,low,close,volume
2026-03-16 03:20:00,72560.4,72814.3,72546.2,72802.4,381.6573
2026-03-16 03:25:00,72802.4,72843.2,72705.9,72816.1,380.2157
2026-03-16 03:30:00,72816.0,73755.0,72813.4,73689.7,4454.4639
2026-03-16 03:35:00,73689.6,74075.4,73592.8,73953.5,4108.3577
2026-03-16 03:40:00,73953.5,74316.5,73674.9,73749.9,3034.107
2026-03-16 03:45:00,73749.9,73846.6,73523.0,73624.9,1205.8012
2026-03-16 03:50:00,73625.0,73742.9,73590.1,73729.9,543.9207
2026-03-16 03:55:00,73730.0,73735.0,73539.1,73548.0,319.5642
2026-03-16 04:00:00,73548.0,73733.0,73547.9,73691.4,497.4885
2026-03-16 04:05:00,73691.4,73785.5,73570.0,73643.4,555.0562
2026-03-16 04:10:00,73643.5,73671.6,73560.0,73662.9,289.2465
2026-03-16 04:15:00,73663.0,73844.4,73651.9,73779.9,407.4152
2026-03-16 04:20:00,73780.0,74053.6,73736.3,73788.0,876.0249
2026-03-16 04:25:00,73788.0,73788.0,73560.1,73582.8,627.1259
2026-03-16 04:30:00,73582.9,73767.9,73582.8,73656.4,324.3718
2026-03-16 04:35:00,73656.4,73811.3,73607.2,73632.1,571.021
2026-03-16 04:40:00,73632.0,73732.0,73582.3,73601.8,330.3636
2026-03-16 04:45:00,73601.8,73987.4,73568.0,73975.6,714.782
2026-03-16 04:50:00,73975.5,74386.0,73881.7,74316.1,1698.6203
2026-03-16 04:55:00,74316.0,74449.7,73770.6,73807.9,1645.8001
2026-03-16 05:00:00,73807.9,73867.6,73718.7,73807.2,458.2196
2026-03-16 05:05:00,73806.3,73908.3,73704.2,73871.9,376.3208
2026-03-16 05:10:00,73871.9,74060.5,73813.3,73839.8,690.3038
2026-03-16 05:15:00,73839.8,73885.8,73753.6,73865.1,266.7058
2026-03-16 05:20:00,73865.0,73950.0,73816.9,73909.0,344.9584
2026-03-16 05:25:00,73909.0,73948.5,73850.1,73882.6,172.9084
2026-03-16 05:30:00,73882.7,73882.7,73688.0,73757.1,447.6182
2026-03-16 05:35:00,73757.0,73948.0,73713.4,73915.2,215.3723
2026-03-16 05:40:00,73915.3,74060.0,73910.6,74016.9,404.9478
2026-03-16 05:45:00,74016.9,74091.8,73969.8,74051.1,436.8055
2026-03-16 05:50:00,74051.2,74135.1,73962.1,74020.3,395.6364
2026-03-16 05:55:00,74020.4,74229.9,74016.2,74166.1,637.0889
2026-03-16 06:00:00,74166.1,74180.3,73866.0,73870.5,564.6972
2026-03-16 06:05:00,73870.5,73907.3,73680.0,73693.7,564.9844
2026-03-16 06:10:00,73693.7,73754.7,73543.4,73674.2,692.9345
2026-03-16 06:15:00,73674.2,73806.6,73660.0,73755.8,411.7204
2026-03-16 06:20:00,73755.8,73807.5,73666.1,73751.4,196.3212
2026-03-16 06:25:00,73751.5,73800.0,73678.9,73685.4,140.0585
2026-03-16 06:30:00,73685.4,73770.7,73670.0,73691.4,172.2131
2026-03-16 06:35:00,73691.3,73817.0,73687.0,73786.0,153.0871
2026-03-16 06:40:00,73785.9,73828.0,73759.9,73789.6,201.0364
2026-03-16 06:45:00,73789.7,73800.0,73704.1,73768.2,108.0895
2026-03-16 06:50:00,73768.2,73793.0,73735.4,73772.6,84.2795
2026-03-16 06:55:00,73772.6,73800.0,73669.5,73677.9,147.3888
2026-03-16 07:00:00,73678.0,73869.4,73625.6,73827.3,473.1287
2026-03-16 07:05:00,73827.3,73860.0,73792.7,73832.1,159.2897
2026-03-16 07:10:00,73832.2,73896.2,73818.0,73818.7,136.6828
2026-03-16 07:15:00,73818.7,73818.7,73673.2,73717.1,149.7399
2026-03-16 07:20:00,73717.2,73746.9,73663.7,73669.0,111.0456
2026-03-16 07:25:00,73669.1,73820.0,73666.4,73797.7,210.8295
2026-03-16 07:30:00,73797.7,73831.8,73638.0,73638.1,176.0241
2026-03-16 07:35:00,73638.1,73677.9,73410.3,73443.9,797.8759
2026-03-16 07:40:00,73443.9,73567.4,73430.0,73450.0,366.3935
2026-03-16 07:45:00,73450.0,73500.0,73411.0,73438.4,559.5044
2026-03-16 07:50:00,73438.3,73450.0,73352.0,73424.6,495.1777
2026-03-16 07:55:00,73424.6,73481.3,73412.0,73428.8,194.4236
2026-03-16 08:00:00,73428.8,73663.3,73428.8,73644.3,452.4206
2026-03-16 08:05:00,73644.2,73719.6,73614.4,73667.8,223.1597
2026-03-16 08:10:00,73667.9,73750.0,73474.9,73479.1,328.6006
2026-03-16 08:15:00,73479.0,73487.5,73346.3,73437.6,371.8702
2026-03-16 08:20:00,73437.7,73535.8,73366.7,73499.2,252.8179
2026-03-16 08:25:00,73499.1,73499.1,73330.0,73331.6,191.9758
2026-03-16 08:30:00,73331.5,73342.4,73200.0,73216.7,598.2609
2026-03-16 08:35:00,73216.6,73295.3,73151.6,73175.1,478.7941
2026-03-16 08:40:00,73175.1,73263.5,72828.8,72879.1,1295.6251
2026-03-16 08:45:00,72879.1,73125.0,72857.8,73057.1,749.3859
2026-03-16 08:50:00,73057.1,73187.4,72872.4,73152.7,711.1545
2026-03-16 08:55:00,73152.7,73165.6,73091.6,73109.2,155.6191
2026-03-16 09:00:00,73109.2,73145.4,73069.7,73095.6,202.4004
2026-03-16 09:05:00,73095.7,73142.4,73030.0,73139.7,131.8186
2026-03-16 09:10:00,73139.7,73190.0,73108.6,73112.9,331.6515
2026-03-16 09:15:00,73113.0,73197.1,73111.4,73183.0,167.291
2026-03-16 09:20:00,73182.9,73220.0,73121.7,73151.5,148.0356
2026-03-16 09:25:00,73151.4,73267.2,73151.4,73248.4,230.4776
2026-03-16 09:30:00,73248.5,73248.5,73156.7,73178.6,150.1219
2026-03-16 09:35:00,73178.5,73250.7,73159.6,73169.9,116.7015
2026-03-16 09:40:00,73170.0,73230.8,73167.8,73167.9,81.9249
2026-03-16 09:45:00,73167.9,73274.3,73160.0,73263.6,203.0605
2026-03-16 09:50:00,73263.6,73316.9,73248.0,73250.0,282.1788
2026-03-16 09:55:00,73250.0,73272.5,73204.2,73232.6,88.4479
2026-03-16 10:00:00,73232.7,73459.6,73232.6,73383.1,718.3126
2026-03-16 10:05:00,73383.1,73393.2,73258.0,73338.7,241.3249
2026-03-16 10:10:00,73338.7,73352.4,73282.1,73310.9,118.7831
2026-03-16 10:15:00,73310.9,73381.4,73300.0,73300.1,121.2847
2026-03-16 10:20:00,73300.1,73476.0,73270.4,73419.3,214.1004
2026-03-16 10:25:00,73419.3,73442.5,73371.9,73410.1,104.1484
2026-03-16 10:30:00,73410.0,73414.9,73259.4,73274.0,219.3035
2026-03-16 10:35:00,73274.0,73274.0,73164.6,73200.0,294.3414
2026-03-16 10:40:00,73199.9,73280.0,73199.9,73234.1,126.9132
2026-03-16 10:45:00,73234.0,73429.7,73200.7,73423.8,183.0638
2026-03-16 10:50:00,73423.8,73624.6,73418.0,73532.6,660.9175
2026-03-16 10:55:00,73532.6,73778.4,73532.5,73750.8,908.8251
2026-03-16 11:00:00,73750.8,73805.9,73658.5,73682.8,534.2153
2026-03-16 11:05:00,73682.8,73700.0,73624.1,73624.1,275.3378
2026-03-16 11:10:00,73624.1,73691.8,73569.0,73574.5,149.67
2026-03-16 11:15:00,73574.5,73718.2,73567.0,73690.8,238.6198
2026-03-16 11:20:00,73690.8,73714.5,73540.9,73574.2,226.8531
2026-03-16 11:25:00,73574.2,73657.0,73500.0,73515.1,243.0992
2026-03-16 11:30:00,73515.1,73570.8,73479.9,73558.1,210.9738
2026-03-16 11:35:00,73558.0,73580.6,73511.0,73580.6,123.6353
2026-03-16 11:40:00,73580.7,73631.8,73556.2,73586.9,175.7203
2026-03-16 11:45:00,73586.8,73642.5,73555.0,73555.0,130.7534
2026-03-16 11:50:00,73555.1,73587.5,73489.3,73545.4,66.8861
2026-03-16 11:55:00,73545.4,73558.1,73500.8,73518.3,140.807
2026-03-16 12:00:00,73518.2,73795.9,73487.0,73580.1,416.1689
2026-03-16 12:05:00,73580.0,73635.0,73440.0,73555.2,583.7754
2026-03-16 12:10:00,73555.2,73570.8,73420.0,73553.4,330.8321
2026-03-16 12:15:00,73553.4,73692.7,73444.3,73659.6,368.8777
2026-03-16 12:20:00,73659.5,73753.6,73525.0,73718.3,443.3193
2026-03-16 12:25:00,73718.3,73873.5,73620.0,73838.8,623.97
2026-03-16 12:30:00,73838.8,74024.8,73730.0,73867.8,826.322
2026-03-16 12:35:00,73867.9,73923.3,73720.0,73770.7,399.2532
2026-03-16 12:40:00,73770.7,73822.8,73713.7,73771.3,220.6932
2026-03-16 12:45:00,73771.3,73836.8,73671.5,73743.7,268.0296
2026-03-16 12:50:00,73743.7,73780.0,73700.3,73754.2,115.1354
2026-03-16 12:55:00,73754.2,73846.4,73737.8,73832.1,133.4091
2026-03-16 13:00:00,73832.1,73900.0,73808.0,73898.9,201.2856
2026-03-16 13:05:00,73899.0,73984.7,73800.2,73831.1,352.3601
2026-03-16 13:10:00,73831.1,73935.6,73792.7,73935.6,166.0547
2026-03-16 13:15:00,73935.6,73958.1,73751.9,73769.3,341.0751
2026-03-16 13:20:00,73769.3,73925.3,73750.0,73893.8,160.2734
2026-03-16 13:25:00,73893.8,73906.7,73811.9,73862.9,123.4987
2026-03-16 13:30:00,73862.9,74300.0,73792.8,74278.1,1620.6654
2026-03-16 13:35:00,74278.1,74377.0,74173.9,74294.1,1235.703
2026-03-16 13:40:00,74294.2,74499.9,73938.4,74044.7,1788.734
2026-03-16 13:45:00,74044.8,74369.7,74027.4,74156.0,1046.2056
2026-03-16 13:50:00,74156.0,74228.0,73850.0,73851.4,993.4266
2026-03-16 13:55:00,73851.5,74083.1,73834.0,74077.8,482.5833
2026-03-16 14:00:00,74077.9,74326.3,73921.3,74190.0,864.3056
2026-03-16 14:05:00,74190.0,74430.0,74098.5,74309.3,699.4052
2026-03-16 14:10:00,74313.3,74406.1,74143.1,74255.3,484.4338
2026-03-16 14:15:00,74255.0,74339.9,74113.2,74113.2,371.6648
2026-03-16 14:20:00,74113.2,74270.5,74060.0,74126.8,367.8574
2026-03-16 14:25:00,74126.8,74130.6,73563.4,73570.0,1452.4346
2026-03-16 14:30:00,73570.0,73589.8,73208.0,73411.8,2437.8074
2026-03-16 14:35:00,73411.8,73516.3,73080.6,73129.3,1067.9395
2026-03-16 14:40:00,73129.2,73299.8,72950.2,73107.3,1576.8897
2026-03-16 14:45:00,73107.4,73221.9,73066.3,73080.1,688.1018
2026-03-16 14:50:00,73080.1,73376.7,72961.7,73333.1,825.6971
2026-03-16 14:55:00,73333.0,73565.0,73304.0,73523.9,686.4507
2026-03-16 15:00:00,73524.0,73583.9,73339.0,73472.9,577.1081
2026-03-16 15:05:00,73473.0,73539.0,73271.0,73538.9,457.9123
2026-03-16 15:10:00,73538.9,73740.0,73427.9,73633.1,539.8909
2026-03-16 15:15:00,73633.1,73781.8,73511.6,73738.7,947.1692
2026-03-16 15:20:00,73738.7,73862.1,73707.2,73803.7,692.0878
2026-03-16 15:25:00,73803.8,73820.0,73696.4,73787.9,379.3771
2026-03-16 15:30:00,73788.0,73996.0,73636.7,73673.7,689.7982
2026-03-16 15:35:00,73673.8,73779.9,73590.0,73599.2,328.1473
2026-03-16 15:40:00,73599.1,73625.0,73446.1,73506.7,552.464
2026-03-16 15:45:00,73506.7,73570.1,73470.0,73492.9,240.6125
2026-03-16 15:50:00,73492.9,73495.5,73258.8,73341.4,584.9787
2026-03-16 15:55:00,73341.3,73341.3,73146.5,73240.9,427.3599
2026-03-16 16:00:00,73240.8,73306.9,73102.3,73218.2,516.8604
2026-03-16 16:05:00,73218.1,73470.2,73200.0,73297.0,542.4531
2026-03-16 16:10:00,73297.0,73356.5,73217.5,73297.1,208.9362
2026-03-16 16:15:00,73297.1,73444.6,73289.6,73405.9,257.7993
2026-03-16 16:20:00,73405.9,73444.0,73337.7,73374.9,214.0029
2026-03-16 16:25:00,73374.8,73458.4,73323.2,73380.1,186.0744
2026-03-16 16:30:00,73380.2,73519.6,73288.4,73382.1,293.0646
2026-03-16 16:35:00,73382.1,73485.6,73330.5,73409.9,182.4436
2026-03-16 16:40:00,73410.0,73649.3,73401.3,73627.5,341.533
2026-03-16 16:45:00,73627.5,73730.4,73555.9,73683.5,383.3197
2026-03-16 16:50:00,73683.5,73900.0,73676.0,73789.9,813.6558
2026-03-16 16:55:00,73789.9,73830.8,73677.0,73726.8,166.2382
2026-03-16 17:00:00,73726.8,73910.3,73655.8,73735.4,499.4733
2026-03-16 17:05:00,73735.4,73827.5,73670.0,73697.2,189.2389
2026-03-16 17:10:00,73697.3,73847.8,73697.2,73798.7,217.1173
2026-03-16 17:15:00,73798.7,73856.9,73720.0,73816.1,238.4354
2026-03-16 17:20:00,73816.2,73849.9,73704.3,73750.4,141.9287
2026-03-16 17:25:00,73750.4,73798.5,73642.1,73652.7,185.5019
2026-03-16 17:30:00,73652.7,73834.1,73610.3,73625.1,216.4036
2026-03-16 17:35:00,73625.0,73929.9,73625.0,73913.4,538.192
2026-03-16 17:40:00,73913.5,73945.3,73841.6,73860.0,143.4355
2026-03-16 17:45:00,73859.9,74042.9,73828.1,73908.8,665.3859
2026-03-16 17:50:00,73908.8,73930.0,73726.0,73920.4,240.2437
2026-03-16 17:55:00,73920.4,73949.6,73880.0,73910.5,138.9753
2026-03-16 18:00:00,73910.5,73963.6,73870.1,73946.7,164.9929
2026-03-16 18:05:00,73946.6,74288.0,73917.3,74274.7,909.9523
2026-03-16 18:10:00,74274.7,74299.0,74107.2,74170.6,462.6228
2026-03-16 18:15:00,74170.7,74270.0,74134.2,74144.8,243.3855
2026-03-16 18:20:00,74144.9,74220.0,74074.0,74168.8,393.1245
2026-03-16 18:25:00,74168.8,74280.0,74144.9,74219.7,359.4757
2026-03-16 18:30:00,74219.8,74332.0,74144.3,74270.1,330.5707
2026-03-16 18:35:00,74270.0,74325.7,73907.6,74070.7,805.7335
2026-03-16 18:40:00,74070.7,74250.0,74045.0,74176.0,577.7294
2026-03-16 18:45:00,74176.0,74181.7,74057.9,74085.9,224.7268
2026-03-16 18:50:00,74086.0,74094.2,73924.4,73970.1,372.2497
2026-03-16 18:55:00,73970.1,73974.1,73790.1,73879.9,506.4788
2026-03-16 19:00:00,73880.0,73941.1,73726.2,73833.8,345.4613
2026-03-16 19:05:00,73833.7,74216.7,73805.0,74197.4,269.1841
2026-03-16 19:10:00,74197.4,74388.0,74000.1,74135.2,954.6202
2026-03-16 19:15:00,74135.3,74241.0,74052.5,74069.4,257.6629
2026-03-16 19:20:00,74069.4,74119.2,74030.0,74067.6,124.4031
2026-03-16 19:25:00,74067.7,74134.2,73920.2,74085.1,173.8913
2026-03-16 19:30:00,74085.1,74220.0,74073.3,74146.5,98.3699
2026-03-16 19:35:00,74146.5,74156.4,74081.2,74142.2,134.2225
2026-03-16 19:40:00,74142.3,74189.0,74110.1,74114.5,126.6989
2026-03-16 19:45:00,74114.6,74122.9,73870.3,73905.9,469.0703
2026-03-16 19:50:00,73906.0,73954.0,73788.4,73870.0,255.574
2026-03-16 19:55:00,73870.0,73997.7,73866.3,73930.0,246.7936
2026-03-16 20:00:00,73930.0,73957.1,73870.3,73897.8,111.4146
2026-03-16 20:05:00,73897.7,73910.0,73842.7,73860.0,58.721
2026-03-16 20:10:00,73860.1,73938.7,73829.6,73876.8,90.2192
2026-03-16 20:15:00,73876.8,73943.2,73849.9,73850.0,64.2991
2026-03-16 20:20:00,73850.0,73988.0,73849.9,73965.7,35.6756
2026-03-16 20:25:00,73965.6,74039.0,73945.0,73945.1,110.8672
2026-03-16 20:30:00,73945.1,74045.1,73945.1,74016.7,77.0943
2026-03-16 20:35:00,74016.7,74089.5,73975.9,74070.1,108.9102
2026-03-16 20:40:00,74070.1,74070.2,73981.1,74011.2,34.5529
2026-03-16 20:45:00,74011.3,74063.2,74007.4,74059.4,64.8453
2026-03-16 20:50:00,74059.5,74222.1,74059.5,74133.3,312.1008
2026-03-16 20:55:00,74133.3,74212.4,74132.1,74196.8,101.9363
2026-03-16 21:00:00,74196.9,74498.2,74100.1,74420.2,842.5127
2026-03-16 21:05:00,74420.2,74448.4,74115.0,74261.3,370.7294
2026-03-16 21:10:00,74261.2,74370.5,74261.2,74328.1,242.6096
2026-03-16 21:15:00,74328.1,74420.0,74293.2,74407.7,226.2469
2026-03-16 21:20:00,74407.6,74457.7,74202.7,74302.7,290.9313
2026-03-16 21:25:00,74302.7,74305.1,74165.5,74237.2,97.65
2026-03-16 21:30:00,74237.2,74462.5,74211.5,74436.7,138.1058
2026-03-16 21:35:00,74436.6,74794.9,74406.6,74494.8,2255.9078
2026-03-16 21:40:00,74494.9,74524.8,74295.8,74405.8,433.3787
2026-03-16 21:45:00,74405.9,74555.5,74374.4,74480.1,260.2382
2026-03-16 21:50:00,74480.1,74598.9,74421.6,74489.5,134.1432
2026-03-16 21:55:00,74489.4,74509.1,74322.3,74362.7,270.423
2026-03-16 22:00:00,74362.7,74660.0,74328.0,74636.2,265.8663
2026-03-16 22:05:00,74636.1,74880.0,74630.1,74850.9,923.4405
2026-03-16 22:10:00,74850.9,74876.9,74755.3,74837.2,342.912
2026-03-16 22:15:00,74837.2,74866.9,74726.4,74838.9,396.6416
2026-03-16 22:20:00,74838.9,74839.0,74579.9,74591.1,518.031
2026-03-16 22:25:00,74591.0,74693.2,74538.6,74617.4,289.6933
2026-03-16 22:30:00,74617.4,74688.2,74578.0,74595.2,140.4824
2026-03-16 22:35:00,74595.1,74736.9,74595.1,74727.2,117.5547
2026-03-16 22:40:00,74727.3,74750.0,74637.6,74725.8,225.1905
2026-03-16 22:45:00,74725.8,74829.8,74719.7,74798.9,207.9044
2026-03-16 22:50:00,74798.9,74828.0,74650.1,74680.6,162.6859
2026-03-16 22:55:00,74680.7,74729.1,74636.0,74720.3,298.0108
2026-03-16 23:00:00,74720.4,74729.2,74335.0,74354.8,861.7658
2026-03-16 23:05:00,74354.8,74445.3,74206.6,74306.5,661.4727
2026-03-16 23:10:00,74306.5,74435.1,74258.8,74357.7,226.6072
2026-03-16 23:15:00,74357.8,74518.0,74357.7,74457.8,255.6534
2026-03-16 23:20:00,74457.8,74495.7,74409.0,74441.1,159.6698
2026-03-16 23:25:00,74441.0,74575.1,74441.0,74575.1,152.7944
2026-03-16 23:30:00,74575.0,74722.4,74551.6,74693.4,365.4481
2026-03-16 23:35:00,74693.4,74722.8,74664.7,74679.9,122.6529
2026-03-16 23:40:00,74680.0,74858.0,74680.0,74832.4,332.1287
2026-03-16 23:45:00,74832.5,74877.8,74753.6,74780.5,213.2629
2026-03-16 23:50:00,74780.5,74820.4,74634.6,74746.9,181.3322
2026-03-16 23:55:00,74746.9,74844.0,74727.5,74842.3,133.683
2026-03-17 00:00:00,74842.2,74844.0,74572.6,74678.9,487.0986
2026-03-17 00:05:00,74678.8,75161.2,74678.8,74987.2,1884.5266
2026-03-17 00:10:00,74987.2,75446.9,74987.2,75373.7,2221.5415
2026-03-17 00:15:00,75373.6,75500.0,75180.0,75193.0,1301.0607
2026-03-17 00:20:00,75192.9,75222.0,74885.5,74923.8,902.0104
2026-03-17 00:25:00,74923.8,75057.6,74800.0,75055.8,646.3773
2026-03-17 00:30:00,75055.8,75205.1,75031.6,75116.5,436.3398
2026-03-17 00:35:00,75116.5,75194.3,74924.1,74962.9,466.3651
2026-03-17 00:40:00,74963.0,75059.0,74872.4,74959.1,367.5221
2026-03-17 00:45:00,74959.1,75083.3,74950.0,74973.7,165.3144
2026-03-17 00:50:00,74973.5,75006.8,74875.2,74994.3,327.7479
2026-03-17 00:55:00,74994.3,75291.3,74933.3,75287.5,440.2635
2026-03-17 01:00:00,75287.5,75388.0,75053.3,75099.3,1000.8707
2026-03-17 01:05:00,75099.3,75355.0,75027.3,75292.7,540.0721
2026-03-17 01:10:00,75292.7,75948.5,75254.6,75807.6,3113.8923
2026-03-17 01:15:00,75807.7,75840.0,75567.7,75800.1,739.0592
2026-03-17 01:20:00,75800.1,75850.0,75594.3,75723.9,421.8064
2026-03-17 01:25:00,75723.9,75953.9,75706.5,75894.4,818.2825
2026-03-17 01:30:00,75894.4,75896.9,75751.4,75847.7,488.2779
2026-03-17 01:35:00,75847.6,75983.8,75625.1,75658.9,708.1555
2026-03-17 01:40:00,75658.9,75737.3,75466.0,75636.9,666.2886
2026-03-17 01:45:00,75636.1,75737.6,75544.1,75580.6,227.1236
2026-03-17 01:50:00,75580.6,75620.0,75418.8,75475.0,369.4057
2026-03-17 01:55:00,75474.9,75665.2,75464.2,75584.1,302.3888
2026-03-17 02:00:00,75584.1,75649.9,75518.4,75555.4,279.3794
2026-03-17 02:05:00,75555.4,75555.4,75138.6,75218.9,899.6307
2026-03-17 02:10:00,75219.0,75239.8,75100.0,75213.9,424.0961
2026-03-17 02:15:00,75213.9,75245.7,75128.0,75128.0,293.8586
2026-03-17 02:20:00,75128.1,75200.0,75081.6,75130.0,250.3404
2026-03-17 02:25:00,75130.0,75169.9,75088.1,75134.0,168.1858
2026-03-17 02:30:00,75134.0,75298.4,75090.0,75258.1,362.6735
2026-03-17 02:35:00,75258.0,75404.0,75258.0,75394.9,285.6625
2026-03-17 02:40:00,75395.2,75433.2,75330.8,75366.3,169.8843
2026-03-17 02:45:00,75366.3,75392.3,75227.0,75244.1,153.0058
2026-03-17 02:50:00,75244.1,75300.0,75203.9,75245.1,193.4779
2026-03-17 02:55:00,75245.0,75251.5,75105.6,75170.0,219.8385
2026-03-17 03:00:00,75169.9,75298.1,75108.4,75250.0,332.5702
2026-03-17 03:05:00,75250.0,75250.1,75135.7,75163.5,183.4739
2026-03-17 03:10:00,75163.5,75163.5,74871.0,74922.1,661.2257
2026-03-17 03:15:00,74922.0,74978.8,74873.1,74969.3,313.6099
2026-03-17 03:20:00,74969.2,74969.2,74690.4,74782.0,752.8505
2026-03-17 03:25:00,74782.0,74899.2,74760.0,74802.0,326.9572
2026-03-17 03:30:00,74802.1,74813.1,74511.0,74570.6,978.4124
2026-03-17 03:35:00,74570.6,74625.5,74500.5,74588.0,724.4255
2026-03-17 03:40:00,74588.1,74588.1,74300.0,74402.0,1765.7965
2026-03-17 03:45:00,74402.0,74402.0,74250.0,74283.7,597.4547
2026-03-17 03:50:00,74283.6,74425.0,74227.5,74342.9,575.1923
2026-03-17 03:55:00,74342.9,74500.0,74257.8,74438.8,697.3703
2026-03-17 04:00:00,74438.8,74594.5,74400.0,74462.1,768.023
2026-03-17 04:05:00,74462.1,74630.9,74439.0,74579.6,390.6444
2026-03-17 04:10:00,74579.5,74647.5,74550.1,74647.5,205.9384
2026-03-17 04:15:00,74647.5,74650.0,74389.5,74433.7,383.7265
2026-03-17 04:20:00,74433.7,74455.0,74261.0,74351.0,340.7309
2026-03-17 04:25:00,74351.0,74420.4,74300.0,74392.0,412.3246
2026-03-17 04:30:00,74391.9,74481.3,74085.0,74124.8,1075.5001
2026-03-17 04:35:00,74124.7,74164.7,73957.2,74017.9,733.6164
2026-03-17 04:40:00,74017.9,74213.9,73957.0,74033.3,733.1204
2026-03-17 04:45:00,74033.2,74191.8,74022.7,74181.7,235.2773
2026-03-17 04:50:00,74181.7,74267.8,74159.4,74215.1,271.1736
2026-03-17 04:55:00,74215.2,74273.8,74177.5,74214.9,271.5502
2026-03-17 05:00:00,74214.8,74214.8,74056.5,74203.3,319.5698
2026-03-17 05:05:00,74203.3,74320.0,74202.6,74281.3,251.8117
2026-03-17 05:10:00,74281.2,74352.0,74250.0,74252.4,249.6017
2026-03-17 05:15:00,74252.5,74390.7,74252.4,74324.5,223.0652
2026-03-17 05:20:00,74324.6,74324.6,74178.4,74299.9,217.166
2026-03-17 05:25:00,74300.0,74394.9,74299.2,74376.9,123.1465
2026-03-17 05:30:00,74376.9,74426.1,74300.0,74313.7,243.6609
2026-03-17 05:35:00,74313.6,74313.7,74067.7,74103.7,424.412
2026-03-17 05:40:00,74103.6,74149.0,73868.1,73903.0,584.9123
2026-03-17 05:45:00,73902.9,74000.0,73750.0,73850.0,936.1463
2026-03-17 05:50:00,73849.9,74054.2,73840.9,74037.2,361.432
2026-03-17 05:55:00,74037.2,74076.4,73956.3,74006.1,248.2761
2026-03-17 06:00:00,74006.1,74050.3,73855.0,73919.6,355.8621
2026-03-17 06:05:00,73919.6,73949.2,73845.7,73938.4,304.3879
2026-03-17 06:10:00,73938.4,74142.1,73870.0,74114.9,633.2538
2026-03-17 06:15:00,74114.8,74156.0,74050.0,74070.2,204.9408
2026-03-17 06:20:00,74070.1,74238.6,74070.0,74167.5,237.2104
2026-03-17 06:25:00,74167.6,74226.9,74107.2,74182.7,411.6988
2026-03-17 06:30:00,74182.7,74228.5,74054.0,74186.0,159.9918
2026-03-17 06:35:00,74185.9,74248.5,74176.2,74244.5,170.9366
2026-03-17 06:40:00,74244.5,74252.7,73936.4,73974.7,443.4066
2026-03-17 06:45:00,73974.8,74021.3,73920.0,73931.9,206.2041
2026-03-17 06:50:00,73932.0,74022.3,73931.9,73985.5,142.3939
2026-03-17 06:55:00,73985.6,74069.0,73982.5,74045.3,92.8536
2026-03-17 07:00:00,74045.3,74170.0,74030.1,74148.3,269.1706
2026-03-17 07:05:00,74148.3,74188.0,74124.4,74160.9,123.0915
2026-03-17 07:10:00,74160.9,74351.9,74160.9,74294.6,370.1627
2026-03-17 07:15:00,74294.7,74388.0,74281.2,74367.0,297.0576
2026-03-17 07:20:00,74367.0,74444.2,74297.8,74378.8,389.9517
2026-03-17 07:25:00,74378.7,74389.5,74325.4,74361.0,134.3936
2026-03-17 07:30:00,74361.0,74367.2,74273.7,74307.9,140.2311
2026-03-17 07:35:00,74308.0,74350.8,74262.2,74302.2,126.2321
2026-03-17 07:40:00,74302.3,74369.0,74281.1,74358.9,102.6156
2026-03-17 07:45:00,74358.9,74358.9,74290.1,74290.1,72.9258
2026-03-17 07:50:00,74290.2,74290.2,74200.1,74200.2,147.9082
2026-03-17 07:55:00,74200.2,74229.9,74186.2,74215.8,117.949
2026-03-17 08:00:00,74215.9,74420.6,74215.8,74387.1,344.1433
2026-03-17 08:05:00,74387.2,74396.1,74270.3,74270.4,115.015
2026-03-17 08:10:00,74270.3,74295.4,74132.0,74192.7,214.0015
2026-03-17 08:15:00,74192.6,74295.8,74070.0,74295.7,267.9431
2026-03-17 08:20:00,74295.8,74367.4,74223.3,74247.8,132.8328
2026-03-17 08:25:00,74247.8,74319.4,74220.0,74278.7,76.4531
2026-03-17 08:30:00,74278.8,74337.3,74200.0,74235.0,109.8127
2026-03-17 08:35:00,74235.0,74246.3,74137.5,74178.1,146.5791
2026-03-17 08:40:00,74178.1,74400.0,74178.0,74356.9,277.1608
2026-03-17 08:45:00,74357.0,74409.4,74340.3,74369.0,152.8652
2026-03-17 08:50:00,74369.0,74373.9,74271.2,74294.9,130.7457
2026-03-17 08:55:00,74294.9,74336.6,74103.3,74154.5,335.8236
2026-03-17 09:00:00,74154.6,74223.1,74020.8,74051.1,455.4572
2026-03-17 09:05:00,74051.1,74099.8,73985.0,74064.9,303.9215
2026-03-17 09:10:00,74064.9,74065.0,74005.0,74010.1,183.2052
2026-03-17 09:15:00,74010.1,74163.7,73951.4,74149.3,277.3762
2026-03-17 09:20:00,74149.3,74173.8,74086.5,74166.6,158.4503
2026-03-17 09:25:00,74166.6,74379.0,74142.9,74279.4,602.483
2026-03-17 09:30:00,74279.4,74295.8,74118.5,74145.8,164.299
2026-03-17 09:35:00,74145.8,74209.5,74124.8,74180.9,177.9016
2026-03-17 09:40:00,74180.8,74220.0,74098.7,74153.4,119.8576
2026-03-17 09:45:00,74153.3,74153.4,74086.9,74114.4,70.5325
2026-03-17 09:50:00,74114.3,74143.8,73913.7,73920.9,258.2613
2026-03-17 09:55:00,73921.0,73927.4,73800.3,73906.0,497.4161
2026-03-17 10:00:00,73905.9,73933.0,73834.3,73885.5,216.6904
2026-03-17 10:05:00,73885.5,73885.5,73518.0,73637.0,1794.3657
2026-03-17 10:10:00,73636.9,73728.2,73578.4,73655.9,527.8207
2026-03-17 10:15:00,73655.9,73727.9,73544.9,73723.9,511.98
2026-03-17 10:20:00,73723.9,73743.0,73693.7,73725.6,174.6842
2026-03-17 10:25:00,73725.6,73822.8,73707.6,73727.6,261.6103
2026-03-17 10:30:00,73727.6,73727.6,73606.6,73715.1,234.1598
2026-03-17 10:35:00,73715.1,73770.0,73568.0,73720.0,329.4565
2026-03-17 10:40:00,73720.0,73749.3,73620.0,73717.5,251.3988
2026-03-17 10:45:00,73717.5,73750.1,73655.8,73655.8,142.5047
2026-03-17 10:50:00,73655.8,73734.2,73603.2,73662.9,171.3848
2026-03-17 10:55:00,73662.8,73741.7,73662.7,73707.8,125.4378
2026-03-17 11:00:00,73707.8,73773.1,73652.9,73770.0,201.6029
2026-03-17 11:05:00,73770.0,73918.2,73770.0,73898.6,493.2794
2026-03-17 11:10:00,73898.6,73965.0,73862.3,73903.0,272.524
2026-03-17 11:15:00,73902.9,73966.7,73853.1,73966.1,291.6852
2026-03-17 11:20:00,73966.0,73989.0,73888.0,73949.9,200.5421
2026-03-17 11:25:00,73949.9,74049.9,73948.3,73979.1,279.9514
2026-03-17 11:30:00,73979.0,74039.5,73903.9,74005.4,211.7628
2026-03-17 11:35:00,74005.5,74103.7,73964.4,74077.7,375.7622
2026-03-17 11:40:00,74077.8,74092.9,74051.6,74076.1,183.526
2026-03-17 11:45:00,74076.1,74188.0,74052.0,74119.7,278.3555
2026-03-17 11:50:00,74119.8,74157.7,74082.3,74082.3,225.2306
2026-03-17 11:55:00,74082.3,74096.2,73975.1,73989.6,234.9034
2026-03-17 12:00:00,73989.5,74042.1,73972.0,74024.8,242.4713
2026-03-17 12:05:00,74024.8,74142.0,74000.0,74111.0,233.6597
2026-03-17 12:10:00,74111.0,74141.9,74010.9,74017.5,115.1879
2026-03-17 12:15:00,74017.5,74064.1,73878.5,74064.1,283.2777
2026-03-17 12:20:00,74064.1,74108.8,73886.4,73892.7,357.6009
2026-03-17 12:25:00,73892.7,73892.8,73742.4,73762.2,377.9729
2026-03-17 12:30:00,73762.2,73850.0,73724.5,73812.8,238.5954
2026-03-17 12:35:00,73812.9,73881.0,73655.0,73864.2,345.3862
2026-03-17 12:40:00,73864.2,73880.0,73776.4,73801.0,212.9191
2026-03-17 12:45:00,73800.9,73818.3,73686.6,73700.0,148.3559
2026-03-17 12:50:00,73700.0,73755.3,73626.0,73730.8,246.8885
2026-03-17 12:55:00,73730.8,73750.0,73640.1,73708.8,169.3583
2026-03-17 13:00:00,73708.8,73741.1,73652.2,73724.0,202.3234
2026-03-17 13:05:00,73724.1,73788.1,73709.7,73741.1,205.6044
2026-03-17 13:10:00,73741.1,73816.9,73737.3,73798.6,151.6052
2026-03-17 13:15:00,73798.5,73804.5,73686.5,73768.8,157.3207
2026-03-17 13:20:00,73768.9,73859.4,73700.0,73707.6,210.3121
2026-03-17 13:25:00,73707.6,73711.4,73621.6,73673.5,196.0136
2026-03-17 13:30:00,73673.4,74069.9,73644.0,73872.5,1348.6486
2026-03-17 13:35:00,73872.5,74010.0,73775.0,74004.0,713.2446
2026-03-17 13:40:00,74004.0,74141.1,73675.9,73692.1,963.8329
2026-03-17 13:45:00,73692.1,73849.9,73633.0,73752.1,691.7165
2026-03-17 13:50:00,73752.2,73767.9,73249.4,73528.3,2136.0419
2026-03-17 13:55:00,73528.3,73635.3,73480.1,73581.9,780.4635
2026-03-17 14:00:00,73581.9,73643.1,73380.6,73516.6,459.3613
2026-03-17 14:05:00,73516.6,73766.0,73479.0,73682.3,535.7249
2026-03-17 14:10:00,73682.3,73770.0,73575.0,73687.2,219.7536
2026-03-17 14:15:00,73687.3,73759.9,73486.3,73679.9,446.3062
2026-03-17 14:20:00,73680.0,73822.4,73631.7,73757.0,317.4328
2026-03-17 14:25:00,73757.0,73915.3,73655.4,73854.4,385.227
2026-03-17 14:30:00,73854.5,74062.7,73854.5,74033.8,661.1789
2026-03-17 14:35:00,74033.7,74174.0,74020.0,74099.9,696.4101
2026-03-17 14:40:00,74099.9,74250.0,74079.7,74204.3,845.2829
2026-03-17 14:45:00,74204.3,74383.3,74168.0,74193.1,1089.827
2026-03-17 14:50:00,74193.2,74271.1,74066.7,74252.8,318.7477
2026-03-17 14:55:00,74252.7,74355.0,74231.6,74344.4,369.9841
2026-03-17 15:00:00,74344.5,74850.0,74321.3,74639.1,3144.751
2026-03-17 15:05:00,74639.1,74666.0,74312.3,74323.4,1195.5165
2026-03-17 15:10:00,74323.4,74331.1,74040.5,74078.4,1243.8007
2026-03-17 15:15:00,74078.4,74222.0,74040.5,74200.0,437.5745
2026-03-17 15:20:00,74200.0,74258.0,73965.0,74021.8,610.4322
2026-03-17 15:25:00,74021.8,74112.4,73942.7,74020.1,390.9964
2026-03-17 15:30:00,74020.1,74126.0,73861.4,73921.0,372.2332
2026-03-17 15:35:00,73921.1,73959.2,73627.6,73828.4,928.6979
2026-03-17 15:40:00,73828.3,73896.8,73725.0,73862.0,324.0424
2026-03-17 15:45:00,73862.0,73886.0,73686.0,73730.3,212.0519
2026-03-17 15:50:00,73730.3,74029.7,73730.3,73974.9,433.632
2026-03-17 15:55:00,73974.9,73987.8,73875.0,73878.0,193.6892
2026-03-17 16:00:00,73878.0,73950.0,73817.5,73920.1,328.9374
2026-03-17 16:05:00,73920.0,74067.8,73903.9,74057.6,229.5661
2026-03-17 16:10:00,74057.5,74117.9,73934.3,73938.5,330.8752
2026-03-17 16:15:00,73938.6,74219.1,73916.0,74198.9,356.592
2026-03-17 16:20:00,74199.0,74302.6,74105.3,74301.8,360.4971
2026-03-17 16:25:00,74301.8,74319.6,74163.0,74166.7,253.4446
2026-03-17 16:30:00,74166.7,74204.0,73983.0,74079.8,346.3511
2026-03-17 16:35:00,74079.8,74100.0,73950.0,74014.8,358.7883
2026-03-17 16:40:00,74014.7,74120.0,73989.4,74100.1,177.3368
2026-03-17 16:45:00,74100.1,74150.0,73975.0,74092.1,202.3636
2026-03-17 16:50:00,74092.1,74225.1,74088.3,74173.2,233.9379
2026-03-17 16:55:00,74173.3,74198.7,74058.8,74119.9,109.4091
2026-03-17 17:00:00,74120.0,74273.8,74120.0,74188.0,338.1427
2026-03-17 17:05:00,74188.0,74224.5,74133.3,74160.2,120.0814
2026-03-17 17:10:00,74160.2,74187.8,73968.3,74174.0,283.1497
2026-03-17 17:15:00,74174.1,74250.0,74122.2,74238.9,117.4913
2026-03-17 17:20:00,74238.9,74423.0,74214.6,74332.3,513.417
2026-03-17 17:25:00,74332.3,74338.9,74233.1,74257.0,99.3227
2026-03-17 17:30:00,74257.1,74366.3,74183.6,74209.4,147.1609
2026-03-17 17:35:00,74209.5,74364.5,74209.4,74364.5,96.3237
2026-03-17 17:40:00,74364.4,74465.0,74364.4,74392.8,268.1294
2026-03-17 17:45:00,74392.9,74496.1,74331.9,74490.6,257.2119
2026-03-17 17:50:00,74490.5,74567.7,74475.0,74483.8,351.3842
2026-03-17 17:55:00,74483.8,74500.0,74424.4,74492.3,194.1079
2026-03-17 18:00:00,74492.3,74592.8,74400.0,74520.8,363.6778
2026-03-17 18:05:00,74520.8,74613.0,74475.0,74593.8,223.1383
2026-03-17 18:10:00,74593.8,74633.0,74556.2,74556.2,198.7219
2026-03-17 18:15:00,74556.2,74600.0,74501.0,74570.0,192.9682
2026-03-17 18:20:00,74569.9,74615.8,74418.1,74418.1,330.9592
2026-03-17 18:25:00,74418.1,74456.1,74340.1,74382.3,368.9319
2026-03-17 18:30:00,74382.3,74617.8,74376.0,74545.7,245.81
2026-03-17 18:35:00,74545.7,74691.9,74512.5,74606.9,206.8636
2026-03-17 18:40:00,74606.9,74673.2,74573.5,74580.3,225.0566
2026-03-17 18:45:00,74580.2,74660.0,74573.5,74659.2,140.4453
2026-03-17 18:50:00,74659.3,74720.0,74643.3,74720.0,222.3494
2026-03-17 18:55:00,74719.9,74739.0,74540.0,74645.6,176.136
2026-03-17 19:00:00,74645.6,74725.0,74593.5,74624.1,158.4234
2026-03-17 19:05:00,74624.1,74725.2,74606.7,74697.0,99.9037
2026-03-17 19:10:00,74697.1,74773.3,74663.4,74706.1,201.7122
2026-03-17 19:15:00,74706.1,74765.0,74696.3,74696.4,141.7907
2026-03-17 19:20:00,74696.4,74744.9,74593.0,74665.0,153.4037
2026-03-17 19:25:00,74665.0,74710.0,74488.6,74589.7,172.5745
2026-03-17 19:30:00,74589.6,74600.0,74480.6,74491.1,180.3194
2026-03-17 19:35:00,74491.1,74733.8,74491.1,74674.4,257.2552
2026-03-17 19:40:00,74674.4,74684.3,74575.1,74630.1,152.5986
2026-03-17 19:45:00,74630.1,74655.7,74404.2,74527.4,343.9311
2026-03-17 19:50:00,74527.3,74527.4,74420.0,74502.2,71.3846
2026-03-17 19:55:00,74502.3,74502.3,74388.1,74472.1,125.1133
2026-03-17 20:00:00,74472.0,74480.6,74388.3,74388.3,248.7656
2026-03-17 20:05:00,74388.3,74424.2,74336.2,74408.9,120.2875
2026-03-17 20:10:00,74408.9,74467.1,74321.9,74340.4,115.6244
2026-03-17 20:15:00,74340.4,74430.0,74331.0,74425.0,62.7867
2026-03-17 20:20:00,74425.0,74611.0,74418.1,74583.2,115.9792
2026-03-17 20:25:00,74583.3,74660.3,74566.0,74617.8,79.852
2026-03-17 20:30:00,74617.8,74617.8,74511.5,74515.6,60.6405
2026-03-17 20:35:00,74515.6,74549.2,74488.0,74534.2,71.7266
2026-03-17 20:40:00,74534.3,74544.7,74466.7,74513.9,87.3204
2026-03-17 20:45:00,74513.9,74520.0,74447.5,74520.0,52.9425
2026-03-17 20:50:00,74520.0,74545.8,74482.7,74482.8,54.9309
2026-03-17 20:55:00,74482.8,74529.5,74480.0,74480.0,54.0383
2026-03-17 21:00:00,74480.0,74520.0,74470.5,74470.6,99.2094
2026-03-17 21:05:00,74470.5,74514.4,74424.4,74514.0,68.7796
2026-03-17 21:10:00,74514.0,74762.7,74512.7,74666.1,281.8919
2026-03-17 21:15:00,74666.2,74686.0,74591.1,74591.1,129.275
2026-03-17 21:20:00,74591.1,74627.2,74575.0,74599.3,43.0379
2026-03-17 21:25:00,74599.3,74616.1,74511.9,74521.6,41.0423
2026-03-17 21:30:00,74521.6,74587.8,74450.1,74555.0,171.7907
2026-03-17 21:35:00,74555.0,74750.0,74555.0,74716.4,123.472
2026-03-17 21:40:00,74716.4,74771.7,74693.0,74695.9,133.1442
2026-03-17 21:45:00,74695.9,74750.0,74654.3,74671.5,67.0205
2026-03-17 21:50:00,74671.5,74691.4,74627.1,74658.3,37.3008
2026-03-17 21:55:00,74658.4,74668.0,74610.8,74651.2,21.7104
2026-03-17 22:00:00,74651.3,74733.1,74577.1,74719.7,143.9405
2026-03-17 22:05:00,74719.8,74727.0,74531.5,74601.3,99.0304
2026-03-17 22:10:00,74601.4,74622.5,74506.1,74547.8,81.055
2026-03-17 22:15:00,74547.7,74560.7,74489.0,74495.3,85.7195
2026-03-17 22:20:00,74495.3,74516.1,74435.6,74435.6,94.9065
2026-03-17 22:25:00,74435.6,74437.2,74331.1,74331.2,158.1698
2026-03-17 22:30:00,74331.2,74355.6,74203.9,74232.8,290.3055
2026-03-17 22:35:00,74232.8,74265.0,73880.0,73929.8,625.4122
2026-03-17 22:40:00,73929.8,74153.5,73892.0,74126.2,334.1674
2026-03-17 22:45:00,74126.2,74173.4,74100.0,74173.4,104.1022
2026-03-17 22:50:00,74173.3,74248.0,74149.2,74224.7,127.5736
2026-03-17 22:55:00,74224.7,74314.6,74196.1,74272.0,104.9107
2026-03-17 23:00:00,74272.0,74325.0,74180.0,74258.2,229.0752
2026-03-17 23:05:00,74258.2,74327.2,74225.7,74324.8,123.099
2026-03-17 23:10:00,74324.8,74368.1,74275.4,74285.4,104.4239
2026-03-17 23:15:00,74285.4,74303.0,74214.7,74270.2,114.5866
2026-03-17 23:20:00,74270.2,74290.7,74058.0,74183.4,149.7825
2026-03-17 23:25:00,74183.4,74196.3,74125.9,74150.0,105.8855
2026-03-17 23:30:00,74150.0,74150.0,74026.5,74085.6,141.255
2026-03-17 23:35:00,74085.6,74109.9,74012.9,74046.4,109.5633
2026-03-17 23:40:00,74046.4,74046.4,73880.4,73912.4,280.3679
2026-03-17 23:45:00,73912.5,74021.9,73882.5,73995.3,186.755
2026-03-17 23:50:00,73995.3,74018.4,73863.0,73927.1,195.0325
2026-03-17 23:55:00,73927.1,73950.1,73831.3,73870.6,169.6381
2026-03-18 00:00:00,73870.6,73994.9,73771.0,73875.0,387.1655
2026-03-18 00:05:00,73875.1,74029.7,73875.1,73956.9,162.3093
2026-03-18 00:10:00,73956.9,74009.9,73951.9,73953.2,90.5811
2026-03-18 00:15:00,73953.2,73976.2,73748.3,73840.9,178.486
2026-03-18 00:20:00,73841.0,73908.0,73618.2,73640.0,474.3026
2026-03-18 00:25:00,73640.0,73769.7,73630.0,73737.4,303.0001
2026-03-18 00:30:00,73737.3,73768.0,73620.3,73660.1,222.4965
2026-03-18 00:35:00,73660.1,73683.1,73486.0,73552.1,719.2295
2026-03-18 00:40:00,73552.0,73683.0,73485.7,73682.9,223.2552
2026-03-18 00:45:00,73682.9,73785.6,73682.9,73759.5,197.3824
2026-03-18 00:50:00,73759.4,73832.3,73725.5,73763.1,156.944
2026-03-18 00:55:00,73763.2,73847.5,73760.4,73820.0,130.2042
2026-03-18 01:00:00,73820.0,73934.6,73764.4,73894.9,200.165
2026-03-18 01:05:00,73894.9,73950.0,73810.0,73920.0,145.6791
2026-03-18 01:10:00,73920.0,73930.0,73788.1,73861.1,104.6052
2026-03-18 01:15:00,73861.2,73912.9,73809.6,73879.7,58.4466
2026-03-18 01:20:00,73879.8,73956.0,73867.1,73937.8,115.2764
2026-03-18 01:25:00,73937.8,74000.0,73912.0,73969.0,277.8327
2026-03-18 01:30:00,73968.9,74150.2,73965.2,74111.9,617.3059
2026-03-18 01:35:00,74111.9,74165.9,74024.2,74116.0,366.2318
2026-03-18 01:40:00,74115.9,74165.6,74097.6,74103.5,246.5378
2026-03-18 01:45:00,74103.6,74172.0,74078.0,74126.5,163.479
2026-03-18 01:50:00,74126.6,74132.0,73966.7,73991.0,140.4406
2026-03-18 01:55:00,73991.0,74051.1,73991.0,74036.8,100.298
2026-03-18 02:00:00,74036.8,74084.5,74004.2,74024.0,132.5519
2026-03-18 02:05:00,74023.9,74216.2,74023.9,74215.0,123.6095
2026-03-18 02:10:00,74214.9,74249.7,74160.1,74243.0,247.0578
2026-03-18 02:15:00,74243.0,74258.6,74198.1,74231.4,155.861
2026-03-18 02:20:00,74231.3,74243.1,74160.0,74191.8,97.8922
2026-03-18 02:25:00,74191.8,74191.8,74134.9,74182.9,82.28
2026-03-18 02:30:00,74182.9,74364.6,74152.3,74280.1,289.2696
2026-03-18 02:35:00,74280.1,74325.0,74202.8,74275.2,175.8882
2026-03-18 02:40:00,74275.2,74378.1,74275.2,74377.0,184.4197
2026-03-18 02:45:00,74377.0,74443.8,74325.6,74343.5,238.1065
2026-03-18 02:50:00,74343.5,74400.0,74310.0,74324.3,182.9999
2026-03-18 02:55:00,74324.3,74344.1,74278.9,74299.9,72.3711
2026-03-18 03:00:00,74299.9,74366.7,74274.4,74320.1,142.8962
2026-03-18 03:05:00,74320.1,74352.6,74205.6,74248.2,173.2451
2026-03-18 03:10:00,74248.2,74279.5,74227.8,74235.8,109.8372
2026-03-18 03:15:00,74235.8,74255.2,74230.0,74251.7,50.8815
2026-03-18 03:20:00,74251.7,74492.7,74235.4,74463.4,282.2231
2026-03-18 03:25:00,74463.3,74594.7,74451.6,74487.2,564.2184
2026-03-18 03:30:00,74487.2,74567.5,74461.0,74536.5,212.6744
2026-03-18 03:35:00,74536.6,74644.4,74434.6,74437.7,350.9893
2026-03-18 03:40:00,74437.8,74466.0,74410.0,74449.4,140.6273
2026-03-18 03:45:00,74449.5,74475.0,74410.0,74437.5,119.4569
2026-03-18 03:50:00,74437.6,74437.6,74382.1,74425.0,142.7173
2026-03-18 03:55:00,74425.0,74485.9,74414.9,74415.0,146.4031
2026-03-18 04:00:00,74414.9,74459.0,74411.1,74431.0,104.0491
2026-03-18 04:05:00,74431.0,74431.1,74360.0,74378.4,157.8351
2026-03-18 04:10:00,74378.4,74400.0,74372.9,74400.0,73.044
2026-03-18 04:15:00,74399.9,74399.9,74303.2,74344.9,149.2831
2026-03-18 04:20:00,74345.0,74405.8,74288.0,74294.7,112.3611
2026-03-18 04:25:00,74294.6,74300.0,74214.4,74224.8,217.0559
2026-03-18 04:30:00,74224.9,74224.9,74140.0,74195.0,366.7259
2026-03-18 04:35:00,74195.1,74200.0,74146.0,74195.0,104.6022
2026-03-18 04:40:00,74195.1,74200.5,74162.6,74193.6,92.2313
2026-03-18 04:45:00,74193.6,74236.7,74141.4,74141.5,161.243
2026-03-18 04:50:00,74141.5,74181.9,74132.0,74134.1,106.8335
2026-03-18 04:55:00,74134.0,74154.6,74102.4,74144.3,99.1416
2026-03-18 05:00:00,74144.2,74229.2,74110.6,74155.2,248.7671
2026-03-18 05:05:00,74155.2,74233.3,74145.8,74233.3,76.2678
2026-03-18 05:10:00,74233.3,74273.8,74211.3,74250.5,163.6339
2026-03-18 05:15:00,74250.5,74255.0,74200.9,74204.1,77.692
2026-03-18 05:20:00,74204.1,74204.1,74129.4,74138.7,72.3475
2026-03-18 05:25:00,74138.7,74148.4,74012.0,74035.6,276.5444
2026-03-18 05:30:00,74035.6,74120.0,74010.0,74010.0,181.288
2026-03-18 05:35:00,74010.0,74050.0,73966.8,74047.6,134.0421
2026-03-18 05:40:00,74047.6,74050.7,73959.4,73962.5,227.3272
2026-03-18 05:45:00,73962.5,74032.4,73956.6,73956.6,120.28
2026-03-18 05:50:00,73956.7,73997.9,73803.4,73810.4,343.3934
2026-03-18 05:55:00,73810.4,73955.1,73800.1,73920.3,411.7818
2026-03-18 06:00:00,73920.2,74011.4,73904.9,74011.4,212.0818
2026-03-18 06:05:00,74011.5,74047.3,74000.0,74036.0,169.7893
2026-03-18 06:10:00,74036.0,74070.0,73988.7,74058.9,188.8334
2026-03-18 06:15:00,74058.9,74069.2,74000.0,74055.8,116.5422
2026-03-18 06:20:00,74055.8,74188.0,74011.6,74160.0,341.682
2026-03-18 06:25:00,74160.0,74192.6,74133.3,74146.9,165.5748
2026-03-18 06:30:00,74146.9,74184.8,74133.3,74135.5,124.7053
2026-03-18 06:35:00,74135.4,74148.0,74013.0,74034.9,127.7725
2026-03-18 06:40:00,74034.9,74034.9,73962.0,74015.5,215.3725
2026-03-18 06:45:00,74015.5,74080.0,73998.3,74000.2,143.2667
2026-03-18 06:50:00,74000.1,74060.0,74000.1,74049.5,46.6015
2026-03-18 06:55:00,74049.4,74050.0,73900.1,73915.3,185.1918
2026-03-18 07:00:00,73915.3,73960.0,73888.3,73909.0,186.3599
2026-03-18 07:05:00,73909.0,73934.5,73822.5,73831.0,188.1162
2026-03-18 07:10:00,73831.0,73950.2,73831.0,73950.2,191.3228
2026-03-18 07:15:00,73950.1,73957.5,73864.8,73871.2,293.5829
2026-03-18 07:20:00,73871.2,73871.5,73820.0,73867.0,167.0775
2026-03-18 07:25:00,73866.9,73871.5,73771.2,73810.2,234.8326
2026-03-18 07:30:00,73810.2,73810.2,73718.8,73720.2,315.2526
2026-03-18 07:35:00,73720.2,73804.0,73659.0,73703.7,541.7707
2026-03-18 07:40:00,73703.7,73779.6,73681.2,73681.3,350.0849
2026-03-18 07:45:00,73681.2,73804.4,73650.0,73793.0,351.8991
2026-03-18 07:50:00,73792.9,73875.8,73792.9,73874.3,236.5516
2026-03-18 07:55:00,73874.3,73879.9,73834.0,73851.9,143.8947
2026-03-18 08:00:00,73852.0,73948.5,73834.0,73929.1,261.4208
2026-03-18 08:05:00,73929.1,73995.0,73909.0,73909.0,195.3807
2026-03-18 08:10:00,73909.0,73988.0,73876.7,73983.0,210.7777
2026-03-18 08:15:00,73982.9,74029.5,73936.3,73981.5,206.3962
2026-03-18 08:20:00,73981.5,74041.5,73981.5,74029.9,142.54
2026-03-18 08:25:00,74029.9,74041.4,73947.4,74007.5,184.3907
2026-03-18 08:30:00,74007.5,74038.1,73937.9,74026.0,150.237
2026-03-18 08:35:00,74025.9,74082.2,73940.0,74070.2,231.9721
2026-03-18 08:40:00,74070.2,74070.3,73980.0,74046.9,99.5655
2026-03-18 08:45:00,74046.8,74059.0,73987.4,74042.9,98.7606
2026-03-18 08:50:00,74042.9,74090.0,73988.9,74001.0,155.3716
2026-03-18 08:55:00,74000.9,74025.0,73980.7,74008.9,117.9047
2026-03-18 09:00:00,74008.9,74075.0,74000.0,74059.3,208.0689
2026-03-18 09:05:00,74059.3,74125.0,74052.0,74105.3,125.8894
2026-03-18 09:10:00,74105.3,74160.0,74079.7,74134.9,167.3767
2026-03-18 09:15:00,74134.8,74160.0,74100.0,74155.9,111.4846
2026-03-18 09:20:00,74155.9,74192.0,74097.6,74100.4,138.2625
2026-03-18 09:25:00,74100.4,74124.3,74070.0,74119.6,78.2408
2026-03-18 09:30:00,74119.7,74168.9,74101.4,74159.9,78.2319
2026-03-18 09:35:00,74159.9,74222.0,74125.6,74197.5,220.0951
2026-03-18 09:40:00,74197.4,74248.8,74191.9,74204.8,189.6687
2026-03-18 09:45:00,74204.8,74237.0,74159.4,74172.7,119.9149
2026-03-18 09:50:00,74172.8,74181.1,74070.1,74082.0,164.3119
2026-03-18 09:55:00,74081.9,74140.0,74080.5,74140.0,74.6774
2026-03-18 10:00:00,74139.9,74168.8,74088.0,74088.0,101.1431
2026-03-18 10:05:00,74088.0,74099.3,74050.0,74099.2,100.338
2026-03-18 10:10:00,74099.3,74223.6,74099.2,74208.1,305.431
2026-03-18 10:15:00,74208.2,74208.2,74162.8,74166.7,68.7274
2026-03-18 10:20:00,74166.7,74176.7,74133.3,74133.3,37.4077
2026-03-18 10:25:00,74133.4,74169.4,74121.3,74140.1,81.6898
2026-03-18 10:30:00,74140.1,74166.6,74028.4,74049.7,114.9845
2026-03-18 10:35:00,74049.6,74058.3,73939.0,73950.0,238.5853
2026-03-18 10:40:00,73949.9,73992.9,73824.4,73837.9,422.2353
2026-03-18 10:45:00,73837.8,73911.6,73750.5,73907.5,533.1611
2026-03-18 10:50:00,73907.4,73924.6,73855.0,73872.0,185.2648
2026-03-18 10:55:00,73872.0,73914.3,73850.0,73900.1,177.308
2026-03-18 11:00:00,73900.1,73911.4,73769.8,73793.4,408.78
2026-03-18 11:05:00,73793.4,73897.0,73680.0,73897.0,526.8724
2026-03-18 11:10:00,73897.1,74047.3,73889.1,73918.3,382.2255
2026-03-18 11:15:00,73918.2,73983.6,73903.4,73944.2,128.161
2026-03-18 11:20:00,73944.3,73958.7,73875.0,73883.8,63.6296
2026-03-18 11:25:00,73883.8,73888.9,73546.0,73562.8,1227.7836
2026-03-18 11:30:00,73562.9,73576.3,73013.2,73161.2,3849.8991
2026-03-18 11:35:00,73161.2,73180.0,72770.0,72818.9,2798.0122
2026-03-18 11:40:00,72818.9,73083.8,72750.0,73083.8,1291.0941
2026-03-18 11:45:00,73083.8,73103.7,72944.6,72979.5,580.1158
2026-03-18 11:50:00,72979.6,73102.1,72930.7,72976.9,396.7707
2026-03-18 11:55:00,72976.8,73033.4,72850.0,72913.4,471.7332
2026-03-18 12:00:00,72913.5,72948.9,72780.1,72899.9,771.53
2026-03-18 12:05:00,72900.0,72910.0,72671.0,72741.7,935.2964
2026-03-18 12:10:00,72741.7,72764.5,72626.0,72716.0,729.2443
2026-03-18 12:15:00,72716.0,72818.0,72650.0,72712.2,665.9609
2026-03-18 12:20:00,72712.2,72801.8,72660.1,72779.6,447.2101
2026-03-18 12:25:00,72779.6,72846.5,72750.0,72785.4,448.1724
2026-03-18 12:30:00,72785.4,72785.4,72252.1,72349.2,2372.0927
2026-03-18 12:35:00,72349.3,72489.9,72346.7,72420.0,1054.1395
2026-03-18 12:40:00,72420.0,72497.4,72316.6,72385.2,567.406
2026-03-18 12:45:00,72385.3,72400.1,72263.9,72350.0,899.6407
2026-03-18 12:50:00,72349.9,72433.0,72222.0,72401.7,578.1571
2026-03-18 12:55:00,72401.6,72459.7,72312.3,72324.0,311.6657
2026-03-18 13:00:00,72324.0,72374.9,72079.1,72315.9,1793.8797
2026-03-18 13:05:00,72315.9,72407.8,72275.0,72345.7,492.7231
2026-03-18 13:10:00,72345.7,72413.6,72260.3,72390.1,536.4887
2026-03-18 13:15:00,72390.1,72390.1,72260.0,72302.7,275.6435
2026-03-18 13:20:00,72302.8,72489.2,72298.0,72480.0,498.0189
2026-03-18 13:25:00,72479.9,72500.0,72408.7,72438.4,362.0967
2026-03-18 13:30:00,72438.4,72438.4,72169.1,72238.5,793.72
2026-03-18 13:35:00,72238.6,72490.9,72213.9,72423.8,713.3246
2026-03-18 13:40:00,72423.7,72525.5,72272.9,72284.4,630.4698
2026-03-18 13:45:00,72284.3,72335.2,72150.0,72184.3,579.7188
2026-03-18 13:50:00,72184.4,72209.2,72081.3,72100.1,479.9579
2026-03-18 13:55:00,72100.0,72125.0,71930.0,72097.2,1227.569
2026-03-18 14:00:00,72097.2,72184.2,71856.0,71980.1,1012.6334
2026-03-18 14:05:00,71980.0,72126.9,71833.4,72073.1,628.9797
2026-03-18 14:10:00,72073.1,72073.1,71806.5,71839.8,572.0829
2026-03-18 14:15:00,71839.7,71950.0,71818.0,71895.2,483.748
2026-03-18 14:20:00,71895.2,71990.0,71850.0,71967.9,303.1261
2026-03-18 14:25:00,71967.9,71987.5,71580.8,71616.2,2000.7483
2026-03-18 14:30:00,71616.3,71768.1,71528.1,71684.1,1005.7429
2026-03-18 14:35:00,71684.0,71825.6,71605.0,71610.1,657.4079
2026-03-18 14:40:00,71610.1,71631.7,71430.0,71464.6,1091.5185
2026-03-18 14:45:00,71464.5,71580.1,71460.0,71554.9,722.2495
2026-03-18 14:50:00,71554.8,71567.9,71272.3,71335.0,1431.1917
2026-03-18 14:55:00,71334.9,71438.0,71032.4,71154.2,2159.9366
2026-03-18 15:00:00,71154.2,71327.1,70812.1,71281.3,3529.911
2026-03-18 15:05:00,71281.2,71432.5,71200.0,71299.6,1332.2523
2026-03-18 15:10:00,71299.6,71299.6,70936.1,71039.0,1164.3142
2026-03-18 15:15:00,71039.0,71213.9,70984.1,71179.2,715.724
2026-03-18 15:20:00,71179.2,71260.0,71131.5,71234.9,448.462
2026-03-18 15:25:00,71234.9,71297.0,71154.1,71254.6,443.6919
2026-03-18 15:30:00,71254.6,71461.7,71182.8,71406.2,975.9879
2026-03-18 15:35:00,71406.2,71425.8,71250.9,71357.8,614.6297
2026-03-18 15:40:00,71357.8,71380.0,71236.5,71320.6,237.173
2026-03-18 15:45:00,71320.6,71350.1,71161.2,71311.1,363.4162
2026-03-18 15:50:00,71311.1,71408.6,71290.7,71399.0,303.6344
2026-03-18 15:55:00,71398.9,71500.3,71369.2,71436.4,621.527
2026-03-18 16:00:00,71436.4,71539.2,71314.0,71321.4,751.5023
2026-03-18 16:05:00,71321.4,71335.5,71180.0,71201.0,405.1131
2026-03-18 16:10:00,71201.0,71299.3,71144.9,71214.9,320.9382
2026-03-18 16:15:00,71215.0,71316.2,71150.0,71236.9,289.974
2026-03-18 16:20:00,71236.9,71256.5,71138.8,71155.6,326.1523
2026-03-18 16:25:00,71155.7,71277.1,71064.0,71197.2,542.4788
2026-03-18 16:30:00,71197.1,71241.9,71080.0,71088.1,365.8277
2026-03-18 16:35:00,71088.0,71265.0,70984.5,71225.5,553.322
2026-03-18 16:40:00,71225.5,71257.4,71153.0,71250.0,193.8524
2026-03-18 16:45:00,71250.0,71328.0,71222.9,71308.7,201.7199
2026-03-18 16:50:00,71308.6,71428.0,71287.9,71341.8,448.6333
2026-03-18 16:55:00,71341.7,71350.0,71218.7,71280.6,478.0601
2026-03-18 17:00:00,71280.7,71350.0,71157.3,71284.2,469.0959
2026-03-18 17:05:00,71284.3,71287.9,71170.0,71232.1,209.959
2026-03-18 17:10:00,71232.1,71300.0,71225.6,71253.0,165.2933
2026-03-18 17:15:00,71253.0,71318.2,71163.7,71318.1,232.6398
2026-03-18 17:20:00,71318.1,71456.0,71314.0,71451.1,397.0299
2026-03-18 17:25:00,71451.1,71476.2,71322.8,71440.0,242.6297
2026-03-18 17:30:00,71440.1,71450.0,71308.3,71433.4,286.628
2026-03-18 17:35:00,71433.4,71676.2,71432.2,71658.0,1072.5221
2026-03-18 17:40:00,71658.0,71658.1,71464.0,71549.9,395.5919
2026-03-18 17:45:00,71550.0,71712.6,71540.8,71647.0,442.285
2026-03-18 17:50:00,71647.1,71647.1,71516.7,71589.0,233.1972
2026-03-18 17:55:00,71589.0,71636.4,71526.0,71553.0,324.2558
2026-03-18 18:00:00,71553.1,71929.0,71546.9,71880.0,1704.8705
2026-03-18 18:05:00,71880.1,71964.9,71776.1,71783.3,691.3372
2026-03-18 18:10:00,71783.3,71888.0,71736.1,71832.6,642.1338
2026-03-18 18:15:00,71832.6,71832.7,71556.7,71598.3,725.285
2026-03-18 18:20:00,71598.3,71664.9,71511.0,71600.7,481.4766
2026-03-18 18:25:00,71600.7,71636.4,71544.9,71636.4,152.9779
2026-03-18 18:30:00,71636.4,71819.0,71430.3,71432.4,495.8557
2026-03-18 18:35:00,71432.5,71707.9,71432.5,71535.9,312.3801
2026-03-18 18:40:00,71535.9,71659.2,71500.0,71575.1,169.4208
2026-03-18 18:45:00,71575.0,71575.0,71334.2,71362.7,428.8728
2026-03-18 18:50:00,71362.6,71431.9,71041.8,71050.0,986.8358
2026-03-18 18:55:00,71050.0,71124.9,70895.8,71056.7,1065.3876
2026-03-18 19:00:00,71056.7,71318.9,71037.5,71318.9,582.8259
2026-03-18 19:05:00,71318.9,71379.7,71228.9,71379.7,256.0294
2026-03-18 19:10:00,71379.6,71379.6,71250.0,71292.4,144.1834
2026-03-18 19:15:00,71292.4,71453.7,71260.5,71393.4,230.8254
2026-03-18 19:20:00,71393.4,71399.8,71250.0,71250.1,172.1653
2026-03-18 19:25:00,71250.0,71275.6,71158.0,71240.7,255.9257
2026-03-18 19:30:00,71240.6,71315.9,71075.5,71126.8,484.556
2026-03-18 19:35:00,71126.8,71161.5,71071.4,71077.2,285.7346
2026-03-18 19:40:00,71077.3,71110.2,70956.5,71030.0,416.3644
2026-03-18 19:45:00,71030.0,71062.4,70957.3,70979.9,171.4297
2026-03-18 19:50:00,70979.9,71070.8,70880.0,71054.2,281.2821
2026-03-18 19:55:00,71054.1,71112.3,70980.0,71022.4,285.2229
2026-03-18 20:00:00,71022.4,71022.4,70889.7,70949.1,390.1053
2026-03-18 20:05:00,70949.1,70950.3,70560.0,70583.6,1878.0144
2026-03-18 20:10:00,70583.6,70744.7,70452.8,70710.5,1020.5062
2026-03-18 20:15:00,70710.4,70848.8,70680.1,70738.5,448.546
2026-03-18 20:20:00,70738.4,70855.8,70730.0,70838.0,226.0398
2026-03-18 20:25:00,70838.0,70995.3,70823.5,70940.0,340.1614
2026-03-18 20:30:00,70940.1,71229.7,70912.1,71213.1,555.3336
2026-03-18 20:35:00,71213.0,71269.0,71084.1,71162.8,313.6759
2026-03-18 20:40:00,71162.7,71184.6,71120.6,71129.9,196.9498
2026-03-18 20:45:00,71130.0,71293.4,71078.1,71239.6,209.8625
2026-03-18 20:50:00,71239.6,71264.6,71173.2,71218.0,144.5239
2026-03-18 20:55:00,71217.9,71230.0,71171.7,71171.7,66.5593
2026-03-18 21:00:00,71171.7,71290.3,71136.7,71263.0,176.5639
2026-03-18 21:05:00,71263.0,71349.8,71263.0,71309.8,134.9607
2026-03-18 21:10:00,71309.7,71390.0,71236.8,71236.8,263.6737
2026-03-18 21:15:00,71236.8,71321.3,71222.0,71278.5,78.0162
2026-03-18 21:20:00,71278.6,71326.6,71255.8,71263.5,83.8985
2026-03-18 21:25:00,71263.5,71263.5,71190.6,71201.6,91.544
2026-03-18 21:30:00,71201.6,71232.4,71151.9,71152.0,91.4662
2026-03-18 21:35:00,71151.9,71308.8,71125.0,71300.0,138.9898
2026-03-18 21:40:00,71299.9,71371.4,71255.8,71290.5,224.2077
2026-03-18 21:45:00,71290.5,71308.8,71250.8,71299.9,76.7575
2026-03-18 21:50:00,71300.0,71300.0,71254.4,71278.9,57.6197
2026-03-18 21:55:00,71279.0,71323.4,71222.0,71226.7,114.6837
2026-03-18 22:00:00,71226.7,71232.1,71071.0,71079.9,278.3049
2026-03-18 22:05:00,71080.0,71093.2,70961.9,70986.1,280.4933
2026-03-18 22:10:00,70986.1,71018.2,70911.4,70960.3,107.0006
2026-03-18 22:15:00,70960.3,71087.5,70926.3,71060.0,138.276
2026-03-18 22:20:00,71060.0,71080.0,70962.8,71065.1,95.5973
2026-03-18 22:25:00,71065.1,71065.1,70989.0,71058.2,62.6071
2026-03-18 22:30:00,71058.3,71086.3,70933.5,71002.8,93.1538
2026-03-18 22:35:00,71002.8,71025.0,70971.2,70998.9,326.8109
2026-03-18 22:40:00,70998.9,71027.5,70910.0,71024.1,78.0003
2026-03-18 22:45:00,71024.1,71058.2,70984.2,71048.2,122.7626
2026-03-18 22:50:00,71048.2,71070.0,71000.2,71048.0,75.0731
2026-03-18 22:55:00,71048.1,71115.0,71048.0,71114.9,113.4774
2026-03-18 23:00:00,71114.9,71229.3,71026.9,71100.0,282.8107
2026-03-18 23:05:00,71100.1,71210.0,71068.2,71198.8,97.2863
2026-03-18 23:10:00,71198.8,71204.0,71114.3,71122.6,106.5205
2026-03-18 23:15:00,71122.5,71135.1,71041.5,71082.0,76.2611
2026-03-18 23:20:00,71081.9,71115.6,71060.0,71108.1,88.3394
2026-03-18 23:25:00,71108.1,71181.8,71084.4,71172.1,57.5474
2026-03-18 23:30:00,71172.0,71302.2,71172.0,71286.6,165.782
2026-03-18 23:35:00,71286.6,71318.0,71260.0,71298.4,133.9722
2026-03-18 23:40:00,71298.5,71306.0,71235.1,71242.4,83.8821
2026-03-18 23:45:00,71242.4,71330.0,71180.0,71301.3,159.9851
2026-03-18 23:50:00,71301.3,71301.4,71200.0,71244.8,64.4521
2026-03-18 23:55:00,71244.8,71268.0,71211.4,71211.6,35.1365
2026-03-19 00:00:00,71211.6,71260.1,71141.1,71225.7,210.0625
2026-03-19 00:05:00,71225.7,71270.4,71170.3,71170.3,106.5485
2026-03-19 00:10:00,71170.4,71170.4,71052.8,71150.2,172.8637
2026-03-19 00:15:00,71150.2,71167.8,71092.7,71111.0,61.2244
2026-03-19 00:20:00,71110.9,71129.6,71054.4,71077.4,89.9865
2026-03-19 00:25:00,71077.4,71287.9,71064.3,71260.7,157.1859
2026-03-19 00:30:00,71260.7,71267.5,71080.1,71084.1,164.4578
2026-03-19 00:35:00,71084.1,71096.0,71012.7,71078.0,207.8576
2026-03-19 00:40:00,71077.9,71086.3,71007.9,71031.3,88.3396
2026-03-19 00:45:00,71031.3,71083.3,71011.1,71011.9,98.2545
2026-03-19 00:50:00,71011.9,71050.0,70949.9,71015.5,196.7643
2026-03-19 00:55:00,71015.6,71034.0,70943.6,70970.6,104.8271
2026-03-19 01:00:00,70970.5,71079.7,70966.0,70973.8,239.0137
2026-03-19 01:05:00,70973.8,71050.0,70933.1,70964.2,121.189
2026-03-19 01:10:00,70964.2,70987.0,70950.0,70977.5,76.2068
2026-03-19 01:15:00,70977.6,71050.0,70962.3,70970.4,148.842
2026-03-19 01:20:00,70970.3,71020.1,70920.1,70948.5,180.6242
2026-03-19 01:25:00,70948.4,71048.8,70933.9,71044.5,98.3386
2026-03-19 01:30:00,71044.6,71080.0,70981.0,71060.8,74.7066
2026-03-19 01:35:00,71060.8,71117.0,71031.4,71061.6,155.4781
2026-03-19 01:40:00,71061.5,71138.9,71019.7,71110.6,180.1652
2026-03-19 01:45:00,71110.6,71150.0,71090.0,71147.6,120.0401
2026-03-19 01:50:00,71147.6,71150.0,71050.0,71145.9,89.0811
2026-03-19 01:55:00,71145.9,71151.9,71078.7,71081.4,162.6248
2026-03-19 02:00:00,71081.4,71081.5,70862.5,71007.9,255.9619
2026-03-19 02:05:00,71007.9,71158.6,70952.0,71063.4,211.2971
2026-03-19 02:10:00,71063.4,71180.5,71063.4,71145.3,154.804
2026-03-19 02:15:00,71145.3,71210.0,71101.1,71117.0,142.4933
2026-03-19 02:20:00,71117.1,71212.9,71117.1,71150.1,112.4744
2026-03-19 02:25:00,71150.0,71216.6,71123.0,71216.6,126.5054
2026-03-19 02:30:00,71216.6,71220.0,71130.0,71213.8,92.6562
2026-03-19 02:35:00,71213.8,71218.1,71171.5,71175.0,81.4977
2026-03-19 02:40:00,71175.0,71215.9,71164.0,71173.5,74.0311
2026-03-19 02:45:00,71173.5,71189.8,71066.7,71066.8,122.2883
2026-03-19 02:50:00,71066.8,71089.2,71019.0,71064.6,189.6765
2026-03-19 02:55:00,71064.7,71067.1,71001.0,71016.5,100.5777
2026-03-19 03:00:00,71016.5,71098.3,71010.0,71064.3,109.4932
2026-03-19 03:05:00,71064.2,71168.2,71020.0,71161.7,106.3484
2026-03-19 03:10:00,71161.7,71198.0,71152.4,71152.4,213.1045
2026-03-19 03:15:00,71152.4,71582.9,71145.9,71537.9,987.5119
2026-03-19 03:20:00,71537.9,71544.7,71429.7,71462.8,482.3027
2026-03-19 03:25:00,71462.8,71539.9,71391.6,71457.6,314.215
2026-03-19 03:30:00,71457.7,71500.0,71320.1,71336.7,476.9791
2026-03-19 03:35:00,71336.6,71342.0,71251.7,71262.8,293.7882
2026-03-19 03:40:00,71262.9,71286.8,71206.0,71220.0,155.1448
2026-03-19 03:45:00,71220.0,71272.5,71166.9,71267.1,256.5206
2026-03-19 03:50:00,71267.1,71267.1,71213.8,71249.6,73.434
2026-03-19 03:55:00,71249.6,71249.7,71175.0,71180.0,97.2294
2026-03-19 04:00:00,71180.0,71180.1,71084.9,71100.0,319.2738
2026-03-19 04:05:00,71100.0,71100.1,70689.0,70810.0,1175.025
2026-03-19 04:10:00,70810.0,70864.9,70770.9,70836.9,467.4479
2026-03-19 04:15:00,70837.0,70909.1,70808.4,70840.7,313.0535
2026-03-19 04:20:00,70840.8,70840.8,70741.7,70741.7,202.8699
2026-03-19 04:25:00,70741.7,70741.8,70638.7,70705.9,615.8923
2026-03-19 04:30:00,70705.8,70775.0,70628.0,70770.8,336.784
2026-03-19 04:35:00,70770.7,70820.8,70731.1,70754.3,205.6011
2026-03-19 04:40:00,70754.3,70782.6,70666.0,70760.1,166.4489
2026-03-19 04:45:00,70760.1,70776.9,70705.1,70746.9,137.276
2026-03-19 04:50:00,70747.0,70822.8,70740.9,70794.5,132.1801
2026-03-19 04:55:00,70794.5,70864.4,70792.5,70792.6,198.2915
2026-03-19 05:00:00,70792.6,70880.0,70790.0,70840.8,176.1002
2026-03-19 05:05:00,70840.8,70840.8,70733.6,70777.0,218.7983
2026-03-19 05:10:00,70777.0,70795.3,70722.9,70782.8,68.012
2026-03-19 05:15:00,70782.8,70858.0,70775.5,70830.3,75.7775
2026-03-19 05:20:00,70830.4,70855.2,70765.1,70788.5,76.9683
2026-03-19 05:25:00,70788.5,70795.1,70638.4,70664.0,195.1577
2026-03-19 05:30:00,70664.0,70722.9,70630.0,70671.9,175.4538
2026-03-19 05:35:00,70671.9,70770.0,70671.9,70760.9,119.3053
2026-03-19 05:40:00,70760.9,70849.8,70747.2,70753.1,135.2086
2026-03-19 05:45:00,70753.2,70812.3,70685.6,70795.8,88.4437
2026-03-19 05:50:00,70795.7,70820.0,70754.2,70806.8,121.6986
2026-03-19 05:55:00,70806.9,70828.8,70766.0,70795.1,75.9221
2026-03-19 06:00:00,70795.0,70823.1,70700.0,70738.5,139.471
2026-03-19 06:05:00,70738.4,70933.0,70695.7,70846.2,327.1437
2026-03-19 06:10:00,70846.1,70888.0,70815.1,70839.0,97.1771
2026-03-19 06:15:00,70839.1,70906.5,70827.7,70841.6,147.4984
2026-03-19 06:20:00,70841.7,70894.2,70767.5,70784.4,144.6955
2026-03-19 06:25:00,70784.4,70864.5,70700.0,70700.0,105.9637
2026-03-19 06:30:00,70700.0,70731.6,70550.0,70609.8,367.2385
2026-03-19 06:35:00,70609.9,70683.1,70534.0,70668.9,549.0665
2026-03-19 06:40:00,70668.9,70696.4,70640.6,70684.9,171.3491
2026-03-19 06:45:00,70685.0,70713.7,70600.0,70609.0,185.4038
2026-03-19 06:50:00,70609.0,70639.4,70540.0,70570.9,171.7529
2026-03-19 06:55:00,70571.0,70608.0,70448.2,70548.2,550.3002
2026-03-19 07:00:00,70548.2,70574.0,70310.3,70415.1,1160.1218
2026-03-19 07:05:00,70415.0,70469.2,70167.0,70275.6,1094.1782
2026-03-19 07:10:00,70275.7,70287.6,69871.1,69950.1,2878.652
2026-03-19 07:15:00,69950.0,70006.9,69745.0,69797.2,2054.2987
2026-03-19 07:20:00,69797.2,69808.5,69438.0,69623.5,2596.7827
2026-03-19 07:25:00,69623.6,69853.7,69599.9,69777.7,988.7618
2026-03-19 07:30:00,69777.8,69966.0,69756.0,69930.0,616.7317
2026-03-19 07:35:00,69930.0,70148.4,69913.0,70139.6,774.7251
2026-03-19 07:40:00,70139.6,70206.0,70041.9,70047.0,502.7443
2026-03-19 07:45:00,70047.0,70071.6,69965.6,70003.0,395.9664
2026-03-19 07:50:00,70003.1,70266.2,69986.7,70202.7,564.9323
2026-03-19 07:55:00,70202.6,70276.6,70114.9,70149.0,447.7039
2026-03-19 08:00:00,70149.0,70260.0,70068.0,70075.9,402.096
2026-03-19 08:05:00,70076.0,70165.4,70070.0,70122.9,196.5543
2026-03-19 08:10:00,70122.9,70220.0,70076.2,70134.9,179.2188
2026-03-19 08:15:00,70134.8,70195.5,70083.9,70114.2,186.7928
2026-03-19 08:20:00,70114.3,70199.2,70036.0,70153.5,153.1375
2026-03-19 08:25:00,70153.5,70153.6,70020.0,70023.5,196.8451
2026-03-19 08:30:00,70023.5,70080.0,70010.6,70014.6,293.0654
2026-03-19 08:35:00,70014.7,70042.2,69856.7,69856.8,603.6862
2026-03-19 08:40:00,69856.8,70128.5,69856.5,69980.8,416.2499
2026-03-19 08:45:00,69980.8,70098.6,69960.1,70076.2,350.1317
2026-03-19 08:50:00,70076.2,70085.5,69907.5,69954.4,258.4931
2026-03-19 08:55:00,69954.4,69972.0,69895.4,69952.2,167.0545
2026-03-19 09:00:00,69952.2,70124.0,69944.0,70056.0,297.1799
2026-03-19 09:05:00,70056.0,70098.6,70018.4,70059.8,140.0476
2026-03-19 09:10:00,70059.8,70083.0,69936.4,69995.0,215.3073
2026-03-19 09:15:00,69995.0,70072.5,69962.6,70072.4,108.269
2026-03-19 09:20:00,70072.4,70430.6,70058.0,70235.6,1168.1278
2026-03-19 09:25:00,70235.7,70300.0,70110.8,70215.7,451.4642
2026-03-19 09:30:00,70215.7,70325.3,70065.0,70159.3,426.3986
2026-03-19 09:35:00,70159.4,70347.6,70146.3,70300.0,242.6092
2026-03-19 09:40:00,70300.0,70427.2,70282.8,70407.7,320.3161
2026-03-19 09:45:00,70407.7,70502.0,70374.5,70494.2,394.959
2026-03-19 09:50:00,70494.2,70533.8,70380.9,70387.0,535.0157
2026-03-19 09:55:00,70387.1,70489.0,70377.1,70461.2,230.8519
2026-03-19 10:00:00,70461.2,70508.3,70380.0,70380.1,484.7743
2026-03-19 10:05:00,70380.0,70476.0,70380.0,70381.6,187.652
2026-03-19 10:10:00,70381.5,70419.5,70359.8,70380.1,191.9093
2026-03-19 10:15:00,70380.1,70452.4,70380.0,70408.2,110.2881
2026-03-19 10:20:00,70408.3,70468.6,70338.0,70395.4,146.7175
2026-03-19 10:25:00,70395.4,70418.1,70357.1,70368.7,78.4436
2026-03-19 10:30:00,70368.6,70382.1,70269.5,70280.3,188.8073
2026-03-19 10:35:00,70280.3,70317.6,70191.2,70192.5,223.9721
2026-03-19 10:40:00,70192.6,70210.0,70144.0,70183.3,193.9388
2026-03-19 10:45:00,70183.4,70234.0,70164.1,70229.4,134.5912
2026-03-19 10:50:00,70229.3,70229.4,70101.5,70132.1,209.4033
2026-03-19 10:55:00,70132.1,70139.0,70071.2,70091.5,126.9083
2026-03-19 11:00:00,70091.5,70238.3,70053.1,70122.5,277.45
2026-03-19 11:05:00,70122.5,70129.6,70066.5,70091.0,116.9678
2026-03-19 11:10:00,70091.0,70150.0,70034.4,70102.7,181.4797
2026-03-19 11:15:00,70102.7,70161.7,70076.3,70142.7,196.0459
2026-03-19 11:20:00,70142.7,70200.9,70140.9,70163.2,140.7327
2026-03-19 11:25:00,70163.2,70186.0,70140.0,70158.3,179.3087
2026-03-19 11:30:00,70158.3,70212.3,70094.1,70100.0,202.7069
2026-03-19 11:35:00,70099.9,70100.0,69988.7,69988.8,343.7501
2026-03-19 11:40:00,69988.7,70017.5,69967.5,69987.4,341.8961
2026-03-19 11:45:00,69987.4,70036.0,69971.0,69971.1,300.9533
2026-03-19 11:50:00,69971.0,69995.9,69919.5,69924.0,189.4947
2026-03-19 11:55:00,69923.9,69934.4,69868.9,69920.2,419.4662
2026-03-19 12:00:00,69920.2,69920.3,69805.0,69810.9,369.2488
2026-03-19 12:05:00,69810.9,69811.0,69590.0,69651.7,1627.8445
2026-03-19 12:10:00,69651.6,69820.0,69651.6,69773.1,477.5
2026-03-19 12:15:00,69773.0,69786.4,69556.8,69625.6,591.5407
2026-03-19 12:20:00,69625.7,69718.2,69625.7,69668.0,279.4153
2026-03-19 12:25:00,69668.1,69678.0,69518.0,69583.0,407.3061
2026-03-19 12:30:00,69583.1,69599.9,69510.0,69561.0,442.2699
2026-03-19 12:35:00,69561.0,69695.1,69561.0,69636.9,293.3138
2026-03-19 12:40:00,69636.9,69744.4,69588.0,69610.0,295.9394
2026-03-19 12:45:00,69610.1,69639.4,69469.4,69483.7,525.415
2026-03-19 12:50:00,69483.6,69500.0,69056.8,69282.7,2665.8011
2026-03-19 12:55:00,69282.8,69367.5,69250.0,69266.9,535.4232
2026-03-19 13:00:00,69266.9,69443.3,69120.0,69393.2,1283.1457
2026-03-19 13:05:00,69393.2,69419.9,69288.0,69363.1,363.5639
2026-03-19 13:10:00,69363.2,69363.2,69036.1,69066.7,705.1255
2026-03-19 13:15:00,69066.7,69332.3,69055.0,69299.3,1052.4967
2026-03-19 13:20:00,69299.3,69488.0,69258.5,69293.4,468.6454
2026-03-19 13:25:00,69293.4,69338.5,69259.0,69314.7,203.8485
2026-03-19 13:30:00,69314.7,69421.7,69210.5,69400.0,533.7136
2026-03-19 13:35:00,69399.9,69423.1,69222.0,69285.9,547.8035
2026-03-19 13:40:00,69285.9,69805.7,69225.0,69683.7,1529.319
2026-03-19 13:45:00,69683.7,69861.6,69516.6,69846.2,760.4594
2026-03-19 13:50:00,69846.1,70041.9,69753.6,70041.8,1065.8528
2026-03-19 13:55:00,70041.9,70055.3,69835.0,69875.3,646.1541
2026-03-19 14:00:00,69875.4,70130.9,69748.6,69789.7,1020.7782
2026-03-19 14:05:00,69789.7,69865.4,69545.9,69603.2,702.1001
2026-03-19 14:10:00,69603.3,69717.2,69455.5,69479.2,660.5021
2026-03-19 14:15:00,69479.1,69533.5,69310.5,69396.8,761.2926
2026-03-19 14:20:00,69396.9,69488.0,69260.8,69325.0,603.1404
2026-03-19 14:25:00,69324.9,69393.9,69100.0,69139.9,812.7387
2026-03-19 14:30:00,69139.9,69306.7,69088.0,69306.7,773.0008
2026-03-19 14:35:00,69306.7,69333.3,69068.6,69132.0,684.3423
2026-03-19 14:40:00,69132.1,69348.0,69110.0,69264.0,543.8537
2026-03-19 14:45:00,69264.0,69313.5,69170.6,69311.2,324.7201
2026-03-19 14:50:00,69311.3,69560.0,69287.6,69469.1,814.7471
2026-03-19 14:55:00,69469.1,69564.8,69371.5,69453.4,471.2225
2026-03-19 15:00:00,69453.4,69746.5,69415.5,69741.8,652.5528
2026-03-19 15:05:00,69741.8,69898.7,69640.0,69680.0,971.2999
2026-03-19 15:10:00,69680.0,69765.5,69573.8,69672.8,354.5917
2026-03-19 15:15:00,69672.7,69783.3,69333.3,69348.1,576.4329
2026-03-19 15:20:00,69348.1,69411.9,69200.1,69223.1,692.4612
2026-03-19 15:25:00,69223.1,69292.5,69177.0,69177.1,385.4769
2026-03-19 15:30:00,69177.1,69299.8,69170.4,69199.9,519.4048
2026-03-19 15:35:00,69199.8,69361.5,69111.0,69224.6,812.6505
2026-03-19 15:40:00,69224.7,69247.4,68865.7,68870.5,2412.416
2026-03-19 15:45:00,68870.4,69261.8,68755.0,69197.3,2254.1039
2026-03-19 15:50:00,69207.1,69434.6,69151.2,69397.0,1253.6398
2026-03-19 15:55:00,69397.0,69527.8,69308.9,69375.0,928.5456
2026-03-19 16:00:00,69375.0,69508.4,69310.2,69333.3,567.9442
2026-03-19 16:05:00,69333.3,69357.8,69200.2,69238.9,354.4057
2026-03-19 16:10:00,69239.0,69333.3,69178.0,69314.0,489.5636
2026-03-19 16:15:00,69314.0,69350.0,69131.7,69290.6,444.0361
2026-03-19 16:20:00,69290.6,69470.0,69275.0,69440.0,486.9493
2026-03-19 16:25:00,69440.1,69576.4,69440.0,69490.8,476.9714
2026-03-19 16:30:00,69490.9,69495.8,69270.0,69320.1,454.8255
2026-03-19 16:35:00,69320.0,69436.9,69224.4,69436.9,407.3579
2026-03-19 16:40:00,69436.8,69614.2,69428.1,69481.8,420.4516
2026-03-19 16:45:00,69481.8,69508.7,69342.8,69422.8,278.7638
2026-03-19 16:50:00,69422.7,69438.1,69258.0,69397.9,265.9424
2026-03-19 16:55:00,69397.9,69462.3,69368.6,69427.0,137.9887
2026-03-19 17:00:00,69427.0,69462.3,69275.1,69289.0,210.6554
2026-03-19 17:05:00,69289.0,69307.0,69090.7,69111.8,558.6542
2026-03-19 17:10:00,69111.8,69321.2,69090.8,69194.6,342.624
2026-03-19 17:15:00,69194.5,69425.0,69154.2,69409.0,379.4562
2026-03-19 17:20:00,69408.9,69658.3,69322.3,69585.6,651.4844
2026-03-19 17:25:00,69585.5,69738.2,69564.0,69627.0,619.4792
2026-03-19 17:30:00,69627.0,69736.0,69529.0,69588.6,347.4886
2026-03-19 17:35:00,69588.6,69588.7,69450.4,69499.6,274.4886
2026-03-19 17:40:00,69499.6,69585.6,69480.0,69550.5,118.7466
2026-03-19 17:45:00,69550.5,69665.8,69508.4,69650.0,175.9884
2026-03-19 17:50:00,69650.1,69927.7,69642.4,69815.6,729.8928
2026-03-19 17:55:00,69815.7,69845.0,69774.0,69817.9,357.6676
2026-03-19 18:00:00,69817.9,69838.7,69679.6,69725.2,264.95
2026-03-19 18:05:00,69725.1,69796.0,69702.8,69747.0,206.3058
2026-03-19 18:10:00,69747.1,69897.6,69740.1,69797.9,202.9735
2026-03-19 18:15:00,69797.9,69881.0,69720.1,69753.3,216.7091
2026-03-19 18:20:00,69753.4,69800.0,69705.9,69730.1,179.9196
2026-03-19 18:25:00,69730.1,69730.1,69585.1,69623.3,238.2872
2026-03-19 18:30:00,69623.2,69661.3,69559.9,69617.4,343.9592
2026-03-19 18:35:00,69617.4,69720.0,69601.6,69645.9,141.1293
2026-03-19 18:40:00,69645.8,69679.5,69612.8,69679.5,68.6907
2026-03-19 18:45:00,69679.5,69690.0,69562.2,69590.0,172.3885
2026-03-19 18:50:00,69590.0,69699.9,69542.3,69671.2,96.8487
2026-03-19 18:55:00,69671.2,69822.6,69642.5,69783.0,318.8655
2026-03-19 19:00:00,69782.9,69987.1,69760.1,69971.8,579.3029
2026-03-19 19:05:00,69971.9,70188.0,69961.2,70020.9,1083.2979
2026-03-19 19:10:00,70020.8,70523.0,70014.4,70317.7,1829.1244
2026-03-19 19:15:00,70317.7,70527.8,70213.3,70504.5,750.3949
2026-03-19 19:20:00,70504.5,70564.4,70405.2,70481.8,912.5393
2026-03-19 19:25:00,70481.8,70481.9,70182.9,70248.6,517.1063
2026-03-19 19:30:00,70248.7,70400.0,70123.6,70244.9,496.3701
2026-03-19 19:35:00,70244.9,70353.6,70127.3,70349.0,296.2953
2026-03-19 19:40:00,70349.0,70457.3,70303.8,70408.9,247.4243
2026-03-19 19:45:00,70408.9,70408.9,70315.2,70330.0,269.0911
2026-03-19 19:50:00,70330.0,70339.7,70136.6,70243.1,322.7112
2026-03-19 19:55:00,70243.1,70280.0,70161.4,70230.0,155.6686
2026-03-19 20:00:00,70230.0,70273.7,70157.0,70223.8,164.6755
2026-03-19 20:05:00,70223.8,70284.0,70150.9,70260.5,161.2539
2026-03-19 20:10:00,70260.5,70268.9,70160.0,70248.6,97.2272
2026-03-19 20:15:00,70248.7,70438.2,70248.7,70416.4,192.9071
2026-03-19 20:20:00,70416.4,70439.9,70322.5,70325.7,137.4592
2026-03-19 20:25:00,70325.7,70387.1,70281.1,70300.0,71.6329
2026-03-19 20:30:00,70299.9,70380.0,70281.1,70346.2,87.1611
2026-03-19 20:35:00,70346.2,70543.0,70335.9,70543.0,214.6847
2026-03-19 20:40:00,70543.0,70638.0,70457.2,70468.2,396.9283
2026-03-19 20:45:00,70468.2,70489.5,70388.2,70430.9,99.6545
2026-03-19 20:50:00,70430.9,70451.4,70398.1,70448.1,61.6384
2026-03-19 20:55:00,70448.1,70474.5,70409.9,70444.0,73.6405
2026-03-19 21:00:00,70444.0,70550.0,70399.0,70515.9,192.4004
2026-03-19 21:05:00,70516.0,70629.0,70491.8,70621.9,144.2662
2026-03-19 21:10:00,70621.9,70655.2,70607.7,70645.6,255.0956
2026-03-19 21:15:00,70645.5,70645.6,70553.1,70553.2,170.4739
2026-03-19 21:20:00,70553.1,70576.0,70464.8,70549.9,125.2354
2026-03-19 21:25:00,70549.9,70575.5,70491.1,70505.0,69.9654
2026-03-19 21:30:00,70505.0,70545.9,70390.1,70441.2,151.3743
2026-03-19 21:35:00,70441.2,70497.6,70435.4,70440.1,94.1798
2026-03-19 21:40:00,70440.0,70473.7,70384.1,70413.7,128.8527
2026-03-19 21:45:00,70413.8,70416.4,70346.6,70368.8,196.005
2026-03-19 21:50:00,70368.8,70401.0,70324.8,70369.9,319.3402
2026-03-19 21:55:00,70370.0,70499.9,70369.9,70369.9,123.8286
2026-03-19 22:00:00,70369.9,70466.0,70327.0,70327.0,248.704
2026-03-19 22:05:00,70327.0,70400.0,70257.5,70366.9,149.9982
2026-03-19 22:10:00,70366.9,70434.3,70339.0,70400.0,84.1454
2026-03-19 22:15:00,70400.0,70409.8,70317.9,70392.7,58.8389
2026-03-19 22:20:00,70392.7,70404.0,70326.2,70360.5,51.0688
2026-03-19 22:25:00,70360.4,70390.0,70340.0,70340.1,56.3831
2026-03-19 22:30:00,70340.1,70340.1,70100.0,70179.8,306.6812
2026-03-19 22:35:00,70179.8,70195.4,69929.8,70001.8,570.0347
2026-03-19 22:40:00,70001.7,70050.0,69913.7,70033.3,127.1545
2026-03-19 22:45:00,70033.3,70079.4,69966.3,70079.4,120.2424
2026-03-19 22:50:00,70079.3,70139.9,70064.6,70121.0,132.9848
2026-03-19 22:55:00,70121.1,70149.7,70075.0,70149.7,68.493
2026-03-19 23:00:00,70149.6,70254.6,70144.0,70225.9,141.7178
2026-03-19 23:05:00,70226.0,70250.0,70181.1,70188.0,146.9239
2026-03-19 23:10:00,70187.9,70209.9,70150.0,70168.6,103.9591
2026-03-19 23:15:00,70168.7,70168.7,69975.4,69981.4,249.8194
2026-03-19 23:20:00,69981.3,70000.0,69929.3,70000.0,111.3138
2026-03-19 23:25:00,69999.9,70135.5,69999.9,70111.0,130.5404
2026-03-19 23:30:00,70111.0,70156.7,69945.8,69948.1,142.5128
2026-03-19 23:35:00,69948.1,69979.4,69683.2,69692.1,780.4673
2026-03-19 23:40:00,69692.0,69817.5,69676.4,69816.0,337.2935
2026-03-19 23:45:00,69816.0,69845.1,69776.1,69816.1,157.2607
2026-03-19 23:50:00,69816.1,69893.9,69777.0,69893.8,147.7938
2026-03-19 23:55:00,69893.9,69940.5,69866.8,69884.8,141.4315
2026-03-20 00:00:00,69884.8,69922.0,69800.0,69807.9,223.6355
2026-03-20 00:05:00,69807.8,69998.0,69804.0,69972.0,234.1115
2026-03-20 00:10:00,69972.0,70095.0,69971.9,70050.1,233.4807
2026-03-20 00:15:00,70050.1,70140.0,70030.7,70093.1,177.3649
2026-03-20 00:20:00,70093.0,70107.9,69903.6,69965.6,164.4339
2026-03-20 00:25:00,69965.5,70083.5,69965.5,70071.2,117.2919
2026-03-20 00:30:00,70071.3,70100.0,70050.0,70057.2,119.2078
2026-03-20 00:35:00,70057.2,70213.2,70017.3,70202.2,188.7087
2026-03-20 00:40:00,70202.3,70228.1,70161.4,70187.6,144.6147
2026-03-20 00:45:00,70187.7,70262.7,70187.7,70199.2,211.5776
2026-03-20 00:50:00,70199.2,70277.0,70133.0,70151.0,131.3147
2026-03-20 00:55:00,70151.1,70215.1,70143.4,70164.9,88.9272
2026-03-20 01:00:00,70164.9,70354.4,70142.0,70286.1,279.3667
2026-03-20 01:05:00,70286.2,70388.0,70286.2,70355.0,193.5958
2026-03-20 01:10:00,70355.0,70416.0,70310.1,70370.2,230.1764
2026-03-20 01:15:00,70370.2,70416.4,70315.0,70366.4,181.2166
2026-03-20 01:20:00,70366.3,70411.9,70310.0,70326.9,142.1404
2026-03-20 01:25:00,70327.0,70380.4,70320.9,70357.0,103.5047
2026-03-20 01:30:00,70357.0,70480.0,70356.9,70402.6,278.6212
2026-03-20 01:35:00,70402.5,70550.0,70362.1,70526.8,245.7318
2026-03-20 01:40:00,70526.8,70554.9,70500.0,70535.6,190.2572
2026-03-20 01:45:00,70535.5,70550.0,70464.5,70509.9,133.3304
2026-03-20 01:50:00,70509.9,70511.0,70454.8,70462.9,146.2415
2026-03-20 01:55:00,70462.8,70486.1,70351.0,70370.0,139.8938
2026-03-20 02:00:00,70370.0,70389.9,70276.0,70353.5,213.079
2026-03-20 02:05:00,70353.5,70452.8,70340.6,70358.0,112.4322
2026-03-20 02:10:00,70358.0,70375.0,70315.3,70318.9,109.3059
2026-03-20 02:15:00,70318.9,70318.9,70203.8,70238.1,221.9201
2026-03-20 02:20:00,70238.1,70279.9,70166.7,70201.7,161.2515
2026-03-20 02:25:00,70201.6,70213.3,70138.4,70206.6,217.5452
2026-03-20 02:30:00,70206.5,70248.5,70042.1,70050.4,283.8896
2026-03-20 02:35:00,70050.5,70121.5,70044.6,70077.6,185.6511
2026-03-20 02:40:00,70077.6,70250.0,70074.5,70234.2,163.1503
2026-03-20 02:45:00,70234.2,70326.8,70181.8,70326.8,206.4472
2026-03-20 02:50:00,70326.8,70483.2,70310.4,70474.5,412.1753
2026-03-20 02:55:00,70474.5,70483.2,70379.0,70379.0,137.7782
2026-03-20 03:00:00,70379.1,70444.8,70347.8,70370.0,136.8769
2026-03-20 03:05:00,70370.0,70469.6,70360.0,70385.9,191.7934
2026-03-20 03:10:00,70385.9,70425.2,70378.5,70378.5,69.213
2026-03-20 03:15:00,70378.5,70480.0,70370.0,70480.0,350.5692
2026-03-20 03:20:00,70480.0,70532.5,70452.0,70486.6,241.1035
2026-03-20 03:25:00,70486.5,70633.9,70462.2,70631.1,481.3573
2026-03-20 03:30:00,70631.0,70778.8,70631.0,70650.1,1140.31
2026-03-20 03:35:00,70650.1,70678.6,70528.9,70573.9,239.5021
2026-03-20 03:40:00,70573.8,70634.7,70534.2,70571.9,224.3551
2026-03-20 03:45:00,70571.9,70656.7,70522.1,70596.2,178.509
2026-03-20 03:50:00,70596.2,70738.1,70580.9,70682.2,448.8134
2026-03-20 03:55:00,70682.2,70747.5,70673.9,70693.2,216.3128
2026-03-20 04:00:00,70693.1,70750.0,70663.4,70722.0,196.3091
2026-03-20 04:05:00,70721.9,70911.2,70702.6,70873.4,662.4486
2026-03-20 04:10:00,70873.4,70930.0,70843.3,70879.9,411.0835
2026-03-20 04:15:00,70879.8,70879.9,70769.6,70805.0,277.7391
2026-03-20 04:20:00,70805.0,70843.4,70780.8,70842.9,131.8934
2026-03-20 04:25:00,70843.0,70880.0,70820.0,70876.6,139.5081
2026-03-20 04:30:00,70876.7,70883.3,70561.7,70608.9,542.0458
2026-03-20 04:35:00,70609.0,70636.0,70555.0,70561.9,307.8609
2026-03-20 04:40:00,70561.8,70574.0,70511.0,70560.1,313.0003
2026-03-20 04:45:00,70560.0,70718.7,70536.0,70703.8,200.5793
2026-03-20 04:50:00,70703.8,70735.2,70609.1,70695.7,268.6667
2026-03-20 04:55:00,70695.7,70763.0,70695.6,70738.1,153.7772
2026-03-20 05:00:00,70738.1,70813.2,70690.1,70725.2,183.9681
2026-03-20 05:05:00,70725.2,70811.0,70694.0,70804.6,122.41
2026-03-20 05:10:00,70804.5,70812.1,70765.1,70805.0,82.8043
2026-03-20 05:15:00,70805.0,70833.3,70736.0,70771.9,126.1206
2026-03-20 05:20:00,70772.0,70793.0,70670.6,70682.4,163.5249
2026-03-20 05:25:00,70682.3,70713.0,70570.6,70589.9,166.9206
2026-03-20 05:30:00,70590.0,70601.4,70523.0,70558.9,176.0315
2026-03-20 05:35:00,70558.9,70697.2,70540.0,70626.0,155.6672
2026-03-20 05:40:00,70625.9,70687.1,70610.0,70664.7,101.8753
2026-03-20 05:45:00,70664.8,70679.0,70614.1,70614.1,120.741
2026-03-20 05:50:00,70614.1,70667.0,70537.0,70555.5,188.5054
2026-03-20 05:55:00,70555.6,70574.3,70460.0,70560.0,307.0134
2026-03-20 06:00:00,70560.1,70616.7,70469.0,70540.0,440.226
2026-03-20 06:05:00,70540.1,70574.3,70502.1,70504.0,140.9482
2026-03-20 06:10:00,70504.0,70509.9,70460.0,70500.1,221.16
2026-03-20 06:15:00,70500.1,70500.1,70417.9,70445.8,186.3739
2026-03-20 06:20:00,70445.8,70500.0,70400.1,70440.1,224.9348
2026-03-20 06:25:00,70440.0,70474.8,70365.3,70454.6,215.9527
2026-03-20 06:30:00,70454.6,70502.9,70380.1,70432.0,147.5572
2026-03-20 06:35:00,70432.0,70440.0,70370.4,70376.5,200.945
2026-03-20 06:40:00,70376.6,70437.0,70314.8,70428.2,273.693
2026-03-20 06:45:00,70428.2,70470.0,70400.7,70454.4,159.4056
2026-03-20 06:50:00,70454.4,70510.0,70438.0,70467.1,148.415
2026-03-20 06:55:00,70467.1,70475.8,70435.2,70463.7,93.1847
2026-03-20 07:00:00,70463.6,70463.7,70174.1,70275.6,712.698
2026-03-20 07:05:00,70275.6,70393.8,70240.0,70330.6,276.861
2026-03-20 07:10:00,70330.6,70330.7,70210.0,70250.1,156.2847
2026-03-20 07:15:00,70250.1,70356.2,70236.6,70319.2,362.8351
2026-03-20 07:20:00,70319.3,70520.0,70310.0,70472.1,628.4023
2026-03-20 07:25:00,70472.1,70519.5,70410.0,70423.2,264.1108
2026-03-20 07:30:00,70423.2,70631.0,70390.1,70610.2,473.022
2026-03-20 07:35:00,70610.3,70733.0,70592.8,70707.5,452.3466
2026-03-20 07:40:00,70707.5,70827.0,70707.5,70825.9,443.3624
2026-03-20 07:45:00,70826.0,70906.8,70786.0,70820.0,695.2188
2026-03-20 07:50:00,70819.9,70863.8,70786.1,70850.0,250.8382
2026-03-20 07:55:00,70850.1,70863.7,70810.2,70821.9,287.9763
2026-03-20 08:00:00,70821.9,70849.0,70757.7,70782.0,355.147
2026-03-20 08:05:00,70782.0,71133.3,70782.0,71133.2,1180.797
2026-03-20 08:10:00,71133.2,71343.7,71112.7,71234.9,1966.6958
2026-03-20 08:15:00,71235.0,71240.9,71155.8,71208.1,441.5229
2026-03-20 08:20:00,71208.0,71263.3,71115.2,71220.0,478.5911
2026-03-20 08:25:00,71220.0,71267.6,71193.1,71209.0,446.3532
2026-03-20 08:30:00,71209.0,71212.6,71060.4,71203.0,564.3431
2026-03-20 08:35:00,71202.9,71202.9,71100.0,71131.3,276.499
2026-03-20 08:40:00,71131.4,71140.0,71075.0,71075.0,221.1088
2026-03-20 08:45:00,71075.1,71108.8,71020.4,71102.1,293.0497
2026-03-20 08:50:00,71102.1,71130.0,71039.9,71064.2,218.248
2026-03-20 08:55:00,71064.2,71078.5,70971.3,71010.7,211.2428
2026-03-20 09:00:00,71010.7,71022.0,70892.1,70972.4,431.6467
2026-03-20 09:05:00,70972.4,70972.5,70850.0,70897.9,309.8436
2026-03-20 09:10:00,70897.9,70963.2,70806.1,70815.0,373.5383
2026-03-20 09:15:00,70814.9,70829.5,70600.0,70620.5,702.8282
2026-03-20 09:20:00,70620.4,70620.4,70405.1,70412.2,1024.7669
2026-03-20 09:25:00,70412.2,70550.0,70380.0,70481.7,765.7115
2026-03-20 09:30:00,70481.7,70654.9,70481.6,70592.4,1031.0487
2026-03-20 09:35:00,70592.4,70733.0,70592.4,70647.0,422.5739
2026-03-20 09:40:00,70647.1,70662.2,70564.1,70611.8,328.9682
2026-03-20 09:45:00,70611.9,70611.9,70493.3,70515.5,311.8668
2026-03-20 09:50:00,70515.5,70579.0,70452.0,70475.1,261.6228
2026-03-20 09:55:00,70475.1,70571.8,70475.1,70554.0,227.3833
2026-03-20 10:00:00,70553.9,70573.3,70410.0,70450.1,276.0796
2026-03-20 10:05:00,70450.2,70510.0,70318.0,70385.1,557.4758
2026-03-20 10:10:00,70385.1,70403.1,70260.9,70335.2,478.1496
2026-03-20 10:15:00,70335.2,70425.3,70228.0,70341.4,482.1589
2026-03-20 10:20:00,70341.5,70341.5,70181.6,70274.8,391.2867
2026-03-20 10:25:00,70274.8,70318.9,70240.0,70298.1,225.2291
2026-03-20 10:30:00,70298.0,70406.3,70279.9,70390.0,222.0007
2026-03-20 10:35:00,70390.0,70539.9,70366.0,70538.0,338.2395
2026-03-20 10:40:00,70538.0,70648.0,70482.8,70499.9,537.6909
2026-03-20 10:45:00,70499.9,70570.0,70490.1,70552.8,121.9104
2026-03-20 10:50:00,70552.9,70620.0,70535.5,70540.9,128.585
2026-03-20 10:55:00,70540.9,70585.6,70518.9,70585.6,126.7888
2026-03-20 11:00:00,70585.5,70676.1,70535.2,70614.9,241.5841
2026-03-20 11:05:00,70614.9,70745.3,70600.6,70698.8,367.1069
2026-03-20 11:10:00,70698.8,70776.8,70640.0,70746.1,220.9749
2026-03-20 11:15:00,70746.0,70746.0,70530.9,70656.0,402.588
2026-03-20 11:20:00,70656.1,70693.0,70604.3,70643.6,124.2732
2026-03-20 11:25:00,70643.6,70700.0,70636.5,70676.0,102.1062
2026-03-20 11:30:00,70676.1,70689.5,70644.6,70678.9,91.481
2026-03-20 11:35:00,70678.9,70678.9,70270.1,70305.8,848.7053
2026-03-20 11:40:00,70305.9,70393.1,70300.0,70360.5,476.0574
2026-03-20 11:45:00,70360.5,70374.5,70273.8,70322.1,247.1945
2026-03-20 11:50:00,70322.1,70380.4,70297.2,70380.4,134.0905
2026-03-20 11:55:00,70380.4,70450.0,70378.0,70445.1,172.5915
2026-03-20 12:00:00,70445.0,70542.9,70375.0,70456.5,498.69
2026-03-20 12:05:00,70456.6,70640.6,70456.6,70640.1,452.1587
2026-03-20 12:10:00,70640.1,70652.0,70525.0,70542.8,175.878
2026-03-20 12:15:00,70542.8,70570.4,70519.1,70569.9,122.7666
2026-03-20 12:20:00,70569.9,70617.6,70540.0,70542.8,113.0768
2026-03-20 12:25:00,70542.9,70560.0,70380.6,70412.8,342.3253
2026-03-20 12:30:00,70412.7,70425.0,70315.0,70327.6,360.6791
2026-03-20 12:35:00,70327.7,70429.0,70320.2,70345.2,141.4354
2026-03-20 12:40:00,70345.3,70363.7,70207.0,70324.2,422.7925
2026-03-20 12:45:00,70324.2,70343.4,70222.1,70309.9,168.7674
2026-03-20 12:50:00,70309.9,70329.9,70249.6,70280.1,145.2682
2026-03-20 12:55:00,70280.1,70320.1,70262.0,70310.1,78.5997
2026-03-20 13:00:00,70310.0,70366.8,70273.0,70333.5,226.8644
2026-03-20 13:05:00,70333.6,70420.0,70303.1,70358.9,252.945
2026-03-20 13:10:00,70358.9,70370.0,70214.4,70294.9,345.7022
2026-03-20 13:15:00,70295.0,70400.0,70280.1,70393.5,234.5003
2026-03-20 13:20:00,70393.5,70520.0,70393.4,70485.5,263.6001
2026-03-20 13:25:00,70485.5,70587.8,70376.8,70469.0,348.5696
2026-03-20 13:30:00,70468.9,70484.4,69920.0,69988.0,1991.0589
2026-03-20 13:35:00,69987.9,70210.0,69800.2,70010.5,1356.437
2026-03-20 13:40:00,70010.4,70378.7,69873.9,70297.3,1046.1733
2026-03-20 13:45:00,70297.3,70373.1,70080.9,70269.9,983.9633
2026-03-20 13:50:00,70269.9,70280.0,69894.1,69979.9,630.2566
2026-03-20 13:55:00,69980.0,70023.9,69759.7,69837.5,1079.156
2026-03-20 14:00:00,69837.5,69948.9,69613.7,69850.3,1961.1458
2026-03-20 14:05:00,69850.2,70000.2,69710.7,69840.1,920.2795
2026-03-20 14:10:00,69840.1,70066.0,69769.0,69785.6,1148.308
2026-03-20 14:15:00,69785.6,69845.0,69581.8,69692.1,1138.1245
2026-03-20 14:20:00,69692.0,69820.3,69555.1,69789.2,1330.0004
2026-03-20 14:25:00,69789.2,69959.9,69693.9,69911.2,660.955
2026-03-20 14:30:00,69911.2,70165.0,69911.1,70147.2,1075.8235
2026-03-20 14:35:00,70147.1,70240.0,69983.8,70168.4,783.8007
2026-03-20 14:40:00,70168.3,70232.1,69939.3,69949.3,514.3383
2026-03-20 14:45:00,69949.3,70085.8,69877.7,69904.3,477.286
2026-03-20 14:50:00,69904.3,69905.0,69622.0,69639.3,711.1103
2026-03-20 14:55:00,69639.2,69796.8,69639.2,69708.0,482.14
2026-03-20 15:00:00,69708.1,69852.4,69581.1,69652.8,595.0551
2026-03-20 15:05:00,69652.7,69674.9,69453.8,69496.2,943.5194
2026-03-20 15:10:00,69496.2,69746.8,69496.2,69737.2,531.4
2026-03-20 15:15:00,69737.2,69794.3,69560.0,69584.3,452.1738
2026-03-20 15:20:00,69584.4,69976.9,69574.0,69772.6,1023.4749
2026-03-20 15:25:00,69772.7,69826.1,69677.1,69793.6,458.9608
2026-03-20 15:30:00,69793.6,69943.8,69725.0,69895.2,455.3978
2026-03-20 15:35:00,69895.2,69968.8,69762.9,69891.5,283.1346
2026-03-20 15:40:00,69891.4,69961.9,69855.9,69878.0,207.1153
2026-03-20 15:45:00,69878.0,69962.2,69785.0,69902.1,317.0315
2026-03-20 15:50:00,69902.1,69974.5,69821.4,69856.8,204.3219
2026-03-20 15:55:00,69856.7,69856.7,69739.1,69840.1,384.7788
2026-03-20 16:00:00,69840.0,70026.0,69825.0,70021.4,368.1002
2026-03-20 16:05:00,70021.5,70034.1,69835.3,69926.1,342.2068
2026-03-20 16:10:00,69926.1,70064.8,69906.4,69958.1,315.8204
2026-03-20 16:15:00,69958.1,70072.3,69850.0,70038.1,399.7564
2026-03-20 16:20:00,70038.1,70064.2,69915.4,69960.1,273.7785
2026-03-20 16:25:00,69960.0,70010.1,69900.0,69992.0,201.8613
2026-03-20 16:30:00,69992.0,69998.1,69700.2,69830.0,507.5264
2026-03-20 16:35:00,69830.1,69869.0,69649.9,69722.6,358.0786
2026-03-20 16:40:00,69722.6,69775.9,69682.7,69742.4,146.8612
2026-03-20 16:45:00,69742.4,69818.9,69714.4,69714.4,197.1546
2026-03-20 16:50:00,69714.5,69750.0,69580.0,69724.5,333.2561
2026-03-20 16:55:00,69724.6,69866.0,69724.5,69804.0,283.6597
2026-03-20 17:00:00,69804.0,69919.1,69803.2,69905.3,293.3132
2026-03-20 17:05:00,69905.2,69932.6,69655.0,69831.8,431.1071
2026-03-20 17:10:00,69831.8,69867.9,69740.0,69777.9,138.6654
2026-03-20 17:15:00,69777.9,69863.9,69737.2,69795.8,79.5036
2026-03-20 17:20:00,69795.8,69799.9,69706.5,69710.1,165.6067
2026-03-20 17:25:00,69710.1,69710.9,69610.0,69623.9,283.7241
2026-03-20 17:30:00,69623.8,69673.6,69489.0,69525.0,394.5533
2026-03-20 17:35:00,69524.9,69618.8,69354.6,69591.3,1000.8145
2026-03-20 17:40:00,69591.3,69639.0,69514.5,69538.4,236.1773
2026-03-20 17:45:00,69538.5,69647.0,69538.5,69612.0,154.4695
2026-03-20 17:50:00,69612.1,69762.8,69584.3,69761.1,291.478
2026-03-20 17:55:00,69761.0,69998.0,69759.7,69965.2,819.4677
2026-03-20 18:00:00,69965.2,69980.0,69852.0,69915.6,501.5099
2026-03-20 18:05:00,69915.6,70049.7,69901.5,69948.4,308.4485
2026-03-20 18:10:00,69948.4,69996.0,69866.0,69941.6,124.5708
2026-03-20 18:15:00,69941.6,69977.2,69873.7,69934.5,246.3421
2026-03-20 18:20:00,69934.6,69996.0,69684.7,69771.9,516.4203
2026-03-20 18:25:00,69771.9,69848.0,69608.8,69640.0,500.1266
2026-03-20 18:30:00,69639.9,69693.7,69539.0,69666.0,656.3618
2026-03-20 18:35:00,69665.9,69674.8,69478.2,69618.3,339.3562
2026-03-20 18:40:00,69618.4,69765.5,69608.4,69666.3,271.0338
2026-03-20 18:45:00,69666.3,69871.5,69651.1,69716.6,353.3385
2026-03-20 18:50:00,69716.6,69850.0,69685.8,69766.4,191.2288
2026-03-20 18:55:00,69766.5,69818.0,69652.2,69730.0,254.6566
2026-03-20 19:00:00,69730.1,69880.0,69730.1,69825.0,250.8748
2026-03-20 19:05:00,69825.1,69856.3,69655.3,69765.6,237.387
2026-03-20 19:10:00,69765.5,69860.0,69662.0,69844.3,202.7861
2026-03-20 19:15:00,69844.3,69921.0,69770.0,69909.1,342.3044
2026-03-20 19:20:00,69909.1,69950.0,69757.8,69793.1,316.8119
2026-03-20 19:25:00,69793.1,69870.7,69750.0,69839.9,158.2363
2026-03-20 19:30:00,69840.0,69950.0,69733.6,69765.8,293.7536
2026-03-20 19:35:00,69765.8,69791.0,69631.6,69759.9,346.7384
2026-03-20 19:40:00,69759.9,69980.0,69754.0,69959.8,324.9949
2026-03-20 19:45:00,69959.8,69965.6,69864.2,69864.2,260.9028
2026-03-20 19:50:00,69864.3,70151.5,69864.3,70106.6,469.234
2026-03-20 19:55:00,70106.7,70154.5,70086.8,70146.9,515.9497
2026-03-20 20:00:00,70146.9,70174.0,70042.2,70087.6,240.1468
2026-03-20 20:05:00,70087.6,70171.1,70058.5,70155.1,153.2424
2026-03-20 20:10:00,70155.0,70222.0,70142.6,70168.5,233.2309
2026-03-20 20:15:00,70168.5,70168.6,69962.4,70002.0,225.4461
2026-03-20 20:20:00,70001.9,70002.0,69916.4,69987.8,116.575
2026-03-20 20:25:00,69987.7,69997.0,69922.0,69940.3,60.1261
2026-03-20 20:30:00,69940.4,69958.1,69785.3,69796.7,228.916
2026-03-20 20:35:00,69796.7,69879.9,69720.0,69839.0,262.8814
2026-03-20 20:40:00,69839.1,69920.0,69803.5,69887.9,136.0943
2026-03-20 20:45:00,69887.9,70018.2,69869.4,70000.1,307.272
2026-03-20 20:50:00,70000.2,70054.8,69967.1,69976.3,249.0409
2026-03-20 20:55:00,69976.3,70041.7,69961.3,70014.8,148.5865
2026-03-20 21:00:00,70014.8,70050.0,69944.5,70004.9,174.7071
2026-03-20 21:05:00,70004.9,70004.9,69958.9,69982.9,75.3127
2026-03-20 21:10:00,69983.0,70138.2,69909.6,70096.1,176.4499
2026-03-20 21:15:00,70096.1,70575.6,70081.7,70498.3,1422.0177
2026-03-20 21:20:00,70498.3,70550.0,70355.0,70409.9,261.356
2026-03-20 21:25:00,70409.9,70511.0,70374.6,70468.9,253.7131
2026-03-20 21:30:00,70468.9,70545.5,70415.7,70502.3,222.9928
2026-03-20 21:35:00,70502.3,70733.0,70480.0,70511.6,486.7302
2026-03-20 21:40:00,70511.6,70511.6,70344.9,70371.2,265.409
2026-03-20 21:45:00,70371.3,70540.6,70366.7,70511.8,133.3738
2026-03-20 21:50:00,70511.8,70568.0,70462.1,70504.0,106.8266
2026-03-20 21:55:00,70503.9,70523.3,70472.2,70506.8,68.9934
2026-03-20 22:00:00,70506.9,70860.0,70479.6,70820.1,642.0917
2026-03-20 22:05:00,70820.1,70856.9,70735.8,70761.9,253.6695
2026-03-20 22:10:00,70762.0,70911.2,70702.6,70770.3,439.7373
2026-03-20 22:15:00,70770.2,70840.0,70729.6,70763.1,191.841
2026-03-20 22:20:00,70763.0,70793.9,70691.2,70697.1,165.72
2026-03-20 22:25:00,70697.1,70728.2,70655.0,70658.0,85.4424
2026-03-20 22:30:00,70658.1,70668.5,70588.4,70611.7,222.3101
2026-03-20 22:35:00,70611.7,70738.7,70611.6,70707.1,125.1546
2026-03-20 22:40:00,70707.2,70726.3,70648.2,70665.8,132.0572
2026-03-20 22:45:00,70665.8,70753.0,70623.4,70746.0,90.0921
2026-03-20 22:50:00,70746.0,70800.0,70720.0,70755.8,219.635
2026-03-20 22:55:00,70755.9,70787.7,70733.1,70733.1,55.6933
2026-03-20 23:00:00,70733.2,70741.0,70613.0,70649.9,162.3986
2026-03-20 23:05:00,70649.9,70649.9,70521.8,70540.0,253.783
2026-03-20 23:10:00,70540.0,70570.0,70458.5,70491.9,262.2146
2026-03-20 23:15:00,70491.9,70533.3,70400.0,70494.8,284.729
2026-03-20 23:20:00,70494.8,70515.0,70460.0,70486.5,128.3745
2026-03-20 23:25:00,70486.6,70503.7,70440.0,70450.1,72.595
2026-03-20 23:30:00,70450.1,70480.0,70427.0,70442.4,74.0202
2026-03-20 23:35:00,70442.4,70514.6,70434.7,70466.1,78.4338
2026-03-20 23:40:00,70466.1,70515.1,70450.0,70506.1,40.0086
2026-03-20 23:45:00,70506.1,70533.2,70427.9,70533.2,99.3303
2026-03-20 23:50:00,70533.3,70573.1,70449.4,70469.1,221.9224
2026-03-20 23:55:00,70469.0,70500.0,70469.0,70476.2,38.4305
2026-03-21 00:00:00,70476.2,70545.4,70476.2,70538.2,122.3419
2026-03-21 00:05:00,70538.2,70559.9,70498.3,70498.3,148.1452
2026-03-21 00:10:00,70498.3,70567.2,70434.8,70560.2,168.8308
2026-03-21 00:15:00,70560.3,70710.0,70544.3,70709.7,310.4819
2026-03-21 00:20:00,70709.7,70797.0,70650.0,70655.6,264.1804
2026-03-21 00:25:00,70655.6,70688.0,70607.2,70627.1,78.6957
2026-03-21 00:30:00,70627.1,70638.1,70579.9,70612.6,86.9187
2026-03-21 00:35:00,70612.6,70655.0,70600.0,70629.9,55.3393
2026-03-21 00:40:00,70629.9,70629.9,70546.4,70569.0,84.6829
2026-03-21 00:45:00,70569.0,70587.8,70531.2,70569.9,72.2113
2026-03-21 00:50:00,70570.0,70647.6,70569.9,70647.6,114.138
2026-03-21 00:55:00,70647.6,70700.0,70640.8,70653.7,82.6412
2026-03-21 01:00:00,70653.8,70691.1,70613.4,70621.0,61.1115
2026-03-21 01:05:00,70621.0,70700.0,70620.9,70680.1,74.6906
2026-03-21 01:10:00,70680.0,70735.0,70622.9,70645.8,80.2421
2026-03-21 01:15:00,70645.9,70647.3,70549.9,70581.0,67.8719
2026-03-21 01:20:00,70581.0,70620.0,70577.3,70577.3,44.303
2026-03-21 01:25:00,70577.4,70625.0,70570.2,70580.0,43.5545
2026-03-21 01:30:00,70580.0,70580.1,70514.1,70573.6,121.5999
2026-03-21 01:35:00,70573.6,70618.0,70573.2,70585.4,98.4724
2026-03-21 01:40:00,70585.4,70585.4,70452.0,70493.4,173.0371
2026-03-21 01:45:00,70493.4,70549.3,70465.8,70480.9,198.481
2026-03-21 01:50:00,70480.9,70500.0,70452.8,70452.8,84.2997
2026-03-21 01:55:00,70452.8,70496.1,70433.8,70439.4,112.0994
2026-03-21 02:00:00,70439.5,70483.5,70411.8,70437.7,189.5764
2026-03-21 02:05:00,70437.7,70485.6,70407.1,70466.8,120.775
2026-03-21 02:10:00,70466.8,70471.3,70440.6,70460.4,50.1944
2026-03-21 02:15:00,70460.4,70535.8,70460.4,70520.5,211.4093
2026-03-21 02:20:00,70520.5,70564.0,70509.2,70561.7,65.8156
2026-03-21 02:25:00,70561.6,70666.0,70561.6,70613.7,144.6618
2026-03-21 02:30:00,70613.6,70616.4,70536.9,70600.2,110.7823
2026-03-21 02:35:00,70600.2,70628.4,70574.8,70628.4,55.91
2026-03-21 02:40:00,70628.4,70718.0,70628.4,70677.1,175.0533
2026-03-21 02:45:00,70677.0,70700.0,70655.5,70700.0,106.8531
2026-03-21 02:50:00,70700.0,70750.0,70699.9,70734.0,168.4463
2026-03-21 02:55:00,70734.0,70734.1,70668.8,70699.9,127.4551
2026-03-21 03:00:00,70699.8,70732.7,70639.0,70639.0,153.9636
2026-03-21 03:05:00,70639.0,70720.0,70638.9,70710.2,69.4046
2026-03-21 03:10:00,70710.2,70750.0,70632.7,70666.3,97.1554
2026-03-21 03:15:00,70666.2,70672.0,70632.3,70653.1,55.3067
2026-03-21 03:20:00,70653.0,70659.5,70627.8,70651.9,52.8208
2026-03-21 03:25:00,70651.9,70687.5,70621.4,70673.9,143.1628
2026-03-21 03:30:00,70673.9,70673.9,70620.0,70620.0,84.2471
2026-03-21 03:35:00,70620.1,70620.1,70590.1,70597.8,75.7327
2026-03-21 03:40:00,70597.8,70621.0,70597.8,70609.5,28.012
2026-03-21 03:45:00,70609.5,70618.1,70600.0,70601.1,38.5381
2026-03-21 03:50:00,70601.1,70661.2,70592.2,70634.0,68.0465
2026-03-21 03:55:00,70634.0,70672.5,70619.7,70637.2,64.9247
2026-03-21 04:00:00,70637.1,70709.0,70632.9,70709.0,125.2533
2026-03-21 04:05:00,70708.9,70762.2,70686.2,70705.9,198.8653
2026-03-21 04:10:00,70705.9,70735.2,70686.7,70716.6,120.8409
2026-03-21 04:15:00,70716.7,70745.4,70696.2,70696.6,81.0661
2026-03-21 04:20:00,70696.6,70749.8,70685.2,70736.4,58.4601
2026-03-21 04:25:00,70736.4,70784.9,70715.2,70715.2,122.6182
2026-03-21 04:30:00,70715.2,70715.2,70601.6,70614.9,166.5775
2026-03-21 04:35:00,70614.9,70634.0,70590.0,70618.1,116.8505
2026-03-21 04:40:00,70618.2,70618.2,70580.0,70601.2,80.4113
2026-03-21 04:45:00,70601.2,70624.9,70594.1,70596.2,48.5455
2026-03-21 04:50:00,70596.2,70621.7,70582.4,70603.9,57.8695
2026-03-21 04:55:00,70604.0,70618.4,70592.0,70604.1,48.6465
2026-03-21 05:00:00,70604.1,70669.9,70594.9,70602.7,92.9316
2026-03-21 05:05:00,70602.7,70626.8,70595.0,70603.6,49.8282
2026-03-21 05:10:00,70603.5,70603.6,70588.0,70600.0,44.0798
2026-03-21 05:15:00,70599.9,70700.0,70593.2,70677.0,139.9736
2026-03-21 05:20:00,70677.0,70732.9,70662.3,70676.8,82.7432
2026-03-21 05:25:00,70676.8,70752.7,70676.8,70736.9,140.8242
2026-03-21 05:30:00,70736.9,70794.8,70676.7,70698.0,243.3756
2026-03-21 05:35:00,70698.0,70759.0,70679.2,70696.3,176.9513
2026-03-21 05:40:00,70696.3,70733.5,70692.8,70733.0,54.1445
2026-03-21 05:45:00,70733.0,70733.0,70692.3,70698.3,52.3202
2026-03-21 05:50:00,70698.4,70698.4,70645.0,70673.0,52.3238
2026-03-21 05:55:00,70673.0,70690.5,70662.3,70666.4,39.2265
2026-03-21 06:00:00,70666.3,70700.0,70657.7,70680.3,71.54
2026-03-21 06:05:00,70680.3,70710.0,70661.7,70679.0,33.1032
2026-03-21 06:10:00,70679.1,70700.0,70679.0,70686.0,22.8561
2026-03-21 06:15:00,70686.0,70760.3,70662.8,70739.1,133.665
2026-03-21 06:20:00,70739.1,70755.0,70689.0,70754.9,48.0678
2026-03-21 06:25:00,70754.9,70779.9,70720.1,70765.3,197.0177
2026-03-21 06:30:00,70765.2,70784.4,70704.4,70704.5,91.5901
2026-03-21 06:35:00,70704.5,70750.7,70704.4,70724.4,50.4409
2026-03-21 06:40:00,70724.4,70767.6,70724.3,70743.3,87.1535
2026-03-21 06:45:00,70743.2,70759.5,70711.9,70742.9,54.7735
2026-03-21 06:50:00,70742.9,70743.8,70720.5,70731.1,35.4266
2026-03-21 06:55:00,70731.1,70739.5,70720.1,70732.4,44.4977
2026-03-21 07:00:00,70732.4,70748.6,70706.2,70734.5,42.1481
2026-03-21 07:05:00,70734.6,70748.5,70689.5,70704.5,41.8005
2026-03-21 07:10:00,70704.6,70717.0,70696.4,70700.1,37.1761
2026-03-21 07:15:00,70700.0,70780.0,70700.0,70771.6,95.1374
2026-03-21 07:20:00,70771.6,70788.0,70728.1,70774.5,107.9589
2026-03-21 07:25:00,70774.5,70835.0,70762.3,70833.7,348.1543
2026-03-21 07:30:00,70833.8,70834.8,70736.5,70759.5,173.8459
2026-03-21 07:35:00,70759.4,70760.7,70728.2,70735.6,100.9531
2026-03-21 07:40:00,70735.5,70751.7,70710.1,70715.4,130.6518
2026-03-21 07:45:00,70715.4,70725.9,70636.8,70715.7,181.2938
2026-03-21 07:50:00,70715.8,70715.8,70653.1,70671.1,127.4442
2026-03-21 07:55:00,70671.0,70683.0,70641.0,70682.9,113.1864
2026-03-21 08:00:00,70682.9,70684.6,70659.5,70664.7,84.6902
2026-03-21 08:05:00,70664.7,70723.7,70661.5,70661.6,205.0564
2026-03-21 08:10:00,70661.6,70699.9,70661.5,70664.7,69.111
2026-03-21 08:15:00,70664.8,70684.8,70555.2,70586.1,261.5655
2026-03-21 08:20:00,70586.0,70586.1,70489.0,70549.5,504.2378
2026-03-21 08:25:00,70549.5,70549.5,70480.7,70490.0,215.1014
2026-03-21 08:30:00,70490.0,70597.1,70416.5,70575.2,546.5229
2026-03-21 08:35:00,70575.1,70604.8,70570.3,70580.5,196.5403
2026-03-21 08:40:00,70580.5,70604.8,70572.3,70577.4,128.6488
2026-03-21 08:45:00,70577.4,70600.0,70528.5,70549.3,187.8633
2026-03-21 08:50:00,70549.3,70568.7,70530.0,70546.0,96.431
2026-03-21 08:55:00,70546.1,70573.6,70546.0,70557.9,47.5652
2026-03-21 09:00:00,70557.9,70660.0,70514.9,70642.4,203.291
2026-03-21 09:05:00,70642.5,70710.3,70631.8,70671.3,200.6734
2026-03-21 09:10:00,70671.3,70685.0,70632.7,70684.9,77.2841
2026-03-21 09:15:00,70684.9,70686.0,70620.7,70620.8,67.9221
2026-03-21 09:20:00,70620.8,70631.1,70598.5,70598.6,66.2478
2026-03-21 09:25:00,70598.5,70608.6,70546.0,70546.1,74.6559
2026-03-21 09:30:00,70546.1,70595.0,70536.9,70595.0,51.4053
2026-03-21 09:35:00,70595.0,70649.3,70568.3,70643.3,40.5918
2026-03-21 09:40:00,70643.3,70668.1,70595.7,70603.9,157.6016
2026-03-21 09:45:00,70603.9,70629.4,70603.0,70628.8,66.4041
2026-03-21 09:50:00,70628.8,70645.2,70605.4,70628.2,61.4689
2026-03-21 09:55:00,70628.2,70628.2,70610.0,70627.7,24.9715
2026-03-21 10:00:00,70627.8,70692.4,70600.0,70632.8,122.6043
2026-03-21 10:05:00,70632.9,70636.5,70564.2,70636.5,43.2518
2026-03-21 10:10:00,70636.4,70647.5,70577.9,70599.9,58.919
2026-03-21 10:15:00,70599.9,70600.1,70533.3,70561.0,103.3046
2026-03-21 10:20:00,70560.9,70570.0,70525.5,70535.0,66.5154
2026-03-21 10:25:00,70535.1,70569.9,70535.0,70543.2,94.2797
2026-03-21 10:30:00,70543.3,70598.6,70543.2,70571.6,56.36
2026-03-21 10:35:00,70571.6,70587.0,70571.5,70586.9,15.4916
2026-03-21 10:40:00,70587.0,70587.0,70550.0,70557.8,35.8297
2026-03-21 10:45:00,70557.8,70557.8,70530.0,70540.0,24.2219
2026-03-21 10:50:00,70539.9,70561.1,70539.9,70555.6,20.8774
2026-03-21 10:55:00,70555.6,70577.4,70555.6,70575.6,19.3132
2026-03-21 11:00:00,70575.7,70578.0,70560.0,70573.9,69.4416
2026-03-21 11:05:00,70574.0,70579.6,70550.0,70571.2,33.2036
2026-03-21 11:10:00,70571.2,70571.2,70533.2,70533.2,44.2715
2026-03-21 11:15:00,70533.3,70567.1,70528.1,70553.7,56.6299
2026-03-21 11:20:00,70553.7,70559.5,70550.0,70559.5,17.1844
2026-03-21 11:25:00,70559.5,70580.0,70559.4,70573.0,29.6408
2026-03-21 11:30:00,70573.1,70573.1,70541.9,70559.9,59.3181
2026-03-21 11:35:00,70560.0,70574.8,70552.6,70572.6,61.0315
2026-03-21 11:40:00,70572.5,70609.1,70572.0,70602.6,49.6404
2026-03-21 11:45:00,70602.5,70609.0,70573.9,70590.1,41.4804
2026-03-21 11:50:00,70590.1,70600.0,70575.1,70575.2,16.8675
2026-03-21 11:55:00,70575.2,70620.0,70574.0,70618.1,100.7638
2026-03-21 12:00:00,70618.1,70699.7,70618.1,70699.7,174.0308
2026-03-21 12:05:00,70699.6,70699.7,70622.5,70683.3,67.8782
2026-03-21 12:10:00,70683.4,70695.5,70683.1,70690.0,87.0781
2026-03-21 12:15:00,70690.0,70711.0,70650.0,70667.2,134.7832
2026-03-21 12:20:00,70667.2,70764.5,70657.6,70730.2,170.6832
2026-03-21 12:25:00,70730.2,70745.0,70720.0,70744.9,125.811
2026-03-21 12:30:00,70745.0,70745.0,70677.0,70677.0,113.2564
2026-03-21 12:35:00,70677.1,70735.0,70670.5,70720.0,127.0282
2026-03-21 12:40:00,70720.0,70720.0,70703.6,70719.9,33.3756
2026-03-21 12:45:00,70720.0,70720.0,70658.4,70682.1,85.9386
2026-03-21 12:50:00,70682.0,70696.3,70665.1,70665.2,38.0235
2026-03-21 12:55:00,70665.2,70685.0,70665.1,70671.2,24.0519
2026-03-21 13:00:00,70671.2,70700.0,70650.9,70651.0,68.6766
2026-03-21 13:05:00,70650.9,70711.7,70650.9,70711.7,63.0601
2026-03-21 13:10:00,70711.7,70726.0,70700.9,70701.0,40.2832
2026-03-21 13:15:00,70701.0,70772.0,70700.9,70771.4,200.7298
2026-03-21 13:20:00,70771.5,70771.5,70679.9,70690.0,120.0971
2026-03-21 13:25:00,70690.0,70724.9,70689.9,70693.8,31.7949
2026-03-21 13:30:00,70693.9,70745.0,70693.8,70730.0,102.2628
2026-03-21 13:35:00,70730.0,70730.1,70690.0,70690.1,45.0189
2026-03-21 13:40:00,70690.1,70696.5,70679.9,70682.4,81.5325
2026-03-21 13:45:00,70682.5,70710.4,70670.5,70695.0,76.085
2026-03-21 13:50:00,70695.0,70723.0,70694.9,70696.6,23.0399
2026-03-21 13:55:00,70696.6,70704.8,70670.0,70693.9,91.1569
2026-03-21 14:00:00,70694.0,70760.0,70693.9,70725.1,155.8229
2026-03-21 14:05:00,70725.1,70780.0,70722.0,70770.2,109.5491
2026-03-21 14:10:00,70770.2,71087.7,70765.3,70985.9,1254.2419
2026-03-21 14:15:00,70985.9,71032.1,70890.0,70979.0,469.4639
2026-03-21 14:20:00,70979.1,70979.1,70908.6,70915.7,200.7124
2026-03-21 14:25:00,70915.8,70920.0,70889.4,70890.2,108.8235
2026-03-21 14:30:00,70890.2,70950.0,70890.1,70950.0,101.335
2026-03-21 14:35:00,70950.0,70979.1,70900.0,70900.1,220.4233
2026-03-21 14:40:00,70900.1,70928.6,70891.2,70899.3,181.0245
2026-03-21 14:45:00,70899.3,70899.3,70718.3,70765.3,388.0674
2026-03-21 14:50:00,70765.4,70765.4,70595.9,70654.6,640.4493
2026-03-21 14:55:00,70654.6,70654.6,70550.1,70588.6,522.7174
2026-03-21 15:00:00,70588.5,70622.7,70535.0,70600.0,273.4742
2026-03-21 15:05:00,70600.1,70605.6,70537.2,70577.4,212.6272
2026-03-21 15:10:00,70577.4,70612.5,70570.2,70612.5,74.5809
2026-03-21 15:15:00,70612.5,70632.8,70426.0,70477.6,486.9581
2026-03-21 15:20:00,70477.7,70605.6,70477.6,70593.7,202.9375
2026-03-21 15:25:00,70593.7,70639.5,70574.3,70639.5,118.506
2026-03-21 15:30:00,70639.5,70732.1,70621.4,70732.0,207.928
2026-03-21 15:35:00,70732.1,70732.1,70587.6,70594.1,129.9024
2026-03-21 15:40:00,70594.1,70648.0,70574.5,70595.4,64.3757
2026-03-21 15:45:00,70595.5,70649.9,70595.2,70626.1,81.1024
2026-03-21 15:50:00,70626.2,70648.0,70600.0,70623.9,37.4941
2026-03-21 15:55:00,70623.9,70637.3,70588.1,70588.2,79.4645
2026-03-21 16:00:00,70588.3,70623.0,70557.3,70591.5,171.2181
2026-03-21 16:05:00,70591.5,70619.8,70576.1,70579.6,60.5776
2026-03-21 16:10:00,70579.6,70579.6,70521.0,70526.6,102.8797
2026-03-21 16:15:00,70526.6,70598.0,70450.0,70477.8,299.5916
2026-03-21 16:20:00,70477.9,70518.2,70457.3,70487.9,85.3176
2026-03-21 16:25:00,70487.9,70503.1,70289.0,70382.3,800.7051
2026-03-21 16:30:00,70382.2,70444.5,70367.8,70442.8,165.7917
2026-03-21 16:35:00,70442.8,70446.5,70390.0,70399.9,203.6373
2026-03-21 16:40:00,70399.8,70399.9,70283.4,70342.8,356.1654
2026-03-21 16:45:00,70342.8,70400.0,70331.4,70380.4,130.838
2026-03-21 16:50:00,70380.4,70380.5,70333.3,70336.4,205.1786
2026-03-21 16:55:00,70336.4,70336.5,70200.0,70275.8,442.5906
2026-03-21 17:00:00,70275.7,70330.0,70269.2,70330.0,126.5416
2026-03-21 17:05:00,70330.0,70344.0,70164.5,70224.8,257.3031
2026-03-21 17:10:00,70224.9,70250.0,70181.8,70241.6,165.4142
2026-03-21 17:15:00,70241.5,70284.7,70215.3,70261.2,104.0437
2026-03-21 17:20:00,70261.2,70360.0,70251.0,70333.0,154.3015
2026-03-21 17:25:00,70333.0,70379.3,70320.1,70327.7,120.5328
2026-03-21 17:30:00,70327.8,70393.9,70326.6,70363.6,106.1546
2026-03-21 17:35:00,70363.5,70386.5,70326.6,70361.0,55.5111
2026-03-21 17:40:00,70361.0,70382.8,70339.2,70364.8,57.4654
2026-03-21 17:45:00,70364.8,70382.0,70330.4,70330.4,65.4027
2026-03-21 17:50:00,70330.4,70330.5,70233.2,70285.0,116.2343
2026-03-21 17:55:00,70285.0,70313.2,70276.5,70276.5,40.9752
2026-03-21 18:00:00,70276.5,70313.1,70270.5,70280.9,43.4862
2026-03-21 18:05:00,70280.9,70338.4,70259.0,70337.1,46.1342
2026-03-21 18:10:00,70337.0,70352.3,70309.7,70336.0,83.127
2026-03-21 18:15:00,70336.0,70358.0,70315.1,70357.9,30.8586
2026-03-21 18:20:00,70358.0,70414.4,70357.9,70363.8,84.8378
2026-03-21 18:25:00,70363.8,70406.4,70338.0,70372.2,159.2194
2026-03-21 18:30:00,70372.3,70438.0,70368.6,70408.2,37.8795
2026-03-21 18:35:00,70408.2,70469.3,70404.4,70455.1,84.8681
2026-03-21 18:40:00,70455.0,70498.5,70434.2,70448.2,96.8218
2026-03-21 18:45:00,70448.2,70448.2,70394.1,70407.5,130.7422
2026-03-21 18:50:00,70407.5,70411.5,70341.0,70366.9,36.0808
2026-03-21 18:55:00,70366.9,70395.8,70364.8,70364.8,67.2364
2026-03-21 19:00:00,70364.8,70400.7,70360.0,70400.7,85.6149
2026-03-21 19:05:00,70400.7,70410.9,70388.5,70389.1,47.0076
2026-03-21 19:10:00,70389.1,70396.9,70367.3,70396.9,25.1365
2026-03-21 19:15:00,70396.9,70396.9,70362.0,70394.2,23.6799
2026-03-21 19:20:00,70394.3,70402.9,70384.0,70391.5,13.8589
2026-03-21 19:25:00,70391.5,70415.5,70382.1,70382.1,42.8068
2026-03-21 19:30:00,70382.1,70392.9,70323.2,70335.1,41.5167
2026-03-21 19:35:00,70335.1,70351.7,70295.8,70295.8,99.2304
2026-03-21 19:40:00,70295.9,70318.2,70288.5,70315.6,55.4769
2026-03-21 19:45:00,70315.6,70353.3,70315.5,70325.0,27.8325
2026-03-21 19:50:00,70325.1,70332.6,70310.0,70332.6,31.0317
2026-03-21 19:55:00,70332.6,70370.6,70320.1,70360.9,54.6641
2026-03-21 20:00:00,70360.8,70393.9,70350.0,70350.1,75.3469
2026-03-21 20:05:00,70350.1,70360.3,70328.3,70360.3,33.3537
2026-03-21 20:10:00,70360.3,70400.0,70350.3,70367.8,21.3011
2026-03-21 20:15:00,70367.8,70369.0,70325.7,70364.8,38.601
2026-03-21 20:20:00,70364.7,70440.7,70364.7,70403.3,71.3817
2026-03-21 20:25:00,70403.3,70433.9,70400.0,70417.4,54.56
2026-03-21 20:30:00,70417.5,70450.0,70417.4,70427.6,52.5948
2026-03-21 20:35:00,70427.6,70445.5,70406.3,70440.6,44.9457
2026-03-21 20:40:00,70440.7,70440.7,70402.2,70422.4,348.7558
2026-03-21 20:45:00,70422.4,70467.4,70422.3,70422.4,81.2096
2026-03-21 20:50:00,70422.5,70431.8,70406.8,70420.6,31.0899
2026-03-21 20:55:00,70420.6,70428.6,70414.0,70423.5,16.2863
2026-03-21 21:00:00,70423.5,70426.7,70380.0,70422.0,40.765
2026-03-21 21:05:00,70422.0,70472.7,70410.9,70445.6,149.2142
2026-03-21 21:10:00,70445.5,70445.5,70317.0,70330.0,208.6214
2026-03-21 21:15:00,70330.0,70359.9,70324.5,70336.7,56.2201
2026-03-21 21:20:00,70336.7,70359.6,70321.6,70332.3,75.9669
2026-03-21 21:25:00,70332.2,70339.5,70321.3,70321.4,79.9859
2026-03-21 21:30:00,70321.3,70359.9,70321.3,70322.9,58.3679
2026-03-21 21:35:00,70322.8,70339.0,70317.0,70332.5,51.9957
2026-03-21 21:40:00,70332.5,70365.9,70304.8,70312.5,136.1668
2026-03-21 21:45:00,70312.5,70340.0,70303.0,70303.0,83.0357
2026-03-21 21:50:00,70303.1,70322.1,70231.0,70316.1,101.546
2026-03-21 21:55:00,70316.1,70333.3,70290.1,70320.8,87.5413
2026-03-21 22:00:00,70320.9,70378.0,70234.1,70276.1,185.1112
2026-03-21 22:05:00,70276.1,70308.6,70245.3,70245.3,50.963
2026-03-21 22:10:00,70245.4,70286.9,70245.4,70279.9,32.0765
2026-03-21 22:15:00,70279.9,70302.7,70266.0,70278.0,65.7258
2026-03-21 22:20:00,70277.9,70278.7,70252.2,70256.3,51.0441
2026-03-21 22:25:00,70256.3,70274.2,70246.3,70250.9,40.2934
2026-03-21 22:30:00,70250.9,70315.1,70238.0,70309.1,49.7487
2026-03-21 22:35:00,70309.1,70340.0,70298.1,70298.1,71.0488
2026-03-21 22:40:00,70298.2,70332.1,70270.9,70270.9,34.5828
2026-03-21 22:45:00,70271.0,70275.5,70238.0,70271.4,151.5045
2026-03-21 22:50:00,70271.3,70283.0,70238.1,70253.0,106.3639
2026-03-21 22:55:00,70253.0,70277.2,70250.0,70252.7,28.3955
2026-03-21 23:00:00,70252.7,70276.7,70184.6,70222.0,291.771
2026-03-21 23:05:00,70222.0,70240.0,70191.3,70195.9,72.5541
2026-03-21 23:10:00,70195.9,70196.0,70095.2,70121.7,372.0197
2026-03-21 23:15:00,70121.7,70186.7,70095.2,70159.7,141.7633
2026-03-21 23:20:00,70159.7,70188.8,70130.0,70130.0,121.7414
2026-03-21 23:25:00,70130.0,70134.5,70088.8,70088.9,122.4986
2026-03-21 23:30:00,70088.9,70143.6,70073.3,70108.5,124.1931
2026-03-21 23:35:00,70108.5,70150.0,70108.5,70125.8,77.8752
2026-03-21 23:40:00,70125.8,70169.0,70120.0,70127.3,83.8643
2026-03-21 23:45:00,70127.2,70127.3,69520.0,69543.9,2318.1411
2026-03-21 23:50:00,69544.0,69645.7,68860.7,69074.0,3767.5544
2026-03-21 23:55:00,69074.0,69145.6,68518.8,68889.3,3616.0492
2026-03-22 00:00:00,68889.3,68892.6,68188.0,68405.2,2776.0571
2026-03-22 00:05:00,68405.3,68903.8,68328.8,68810.8,1885.8758
2026-03-22 00:10:00,68810.9,68886.0,68555.0,68651.5,865.197
2026-03-22 00:15:00,68651.5,69034.4,68619.9,68849.6,834.08
2026-03-22 00:20:00,68849.6,68871.1,68690.0,68816.1,730.0852
2026-03-22 00:25:00,68816.0,68867.1,68713.4,68859.8,607.6384
2026-03-22 00:30:00,68859.8,69070.8,68859.8,69054.6,704.2005
2026-03-22 00:35:00,69054.7,69122.5,68912.5,68925.5,498.7907
2026-03-22 00:40:00,68925.5,69065.1,68919.0,69025.6,244.2318
2026-03-22 00:45:00,69025.6,69100.0,68957.2,69000.1,396.0791
2026-03-22 00:50:00,69000.1,69000.1,68733.3,68823.2,857.2587
2026-03-22 00:55:00,68823.2,68921.4,68781.9,68905.6,261.6044
2026-03-22 01:00:00,68905.6,69055.0,68905.5,68985.3,373.7426
2026-03-22 01:05:00,68985.3,69020.7,68830.3,68830.3,278.5532
2026-03-22 01:10:00,68830.4,68929.1,68800.0,68929.1,237.5422
2026-03-22 01:15:00,68929.0,69048.9,68860.0,69007.1,325.2774
2026-03-22 01:20:00,69007.0,69050.0,68962.8,69005.1,301.3309
2026-03-22 01:25:00,69005.1,69016.0,68940.1,68986.0,114.5555
2026-03-22 01:30:00,68985.9,69043.5,68933.3,68963.8,206.7444
2026-03-22 01:35:00,68963.9,68982.2,68722.0,68822.5,883.5847
2026-03-22 01:40:00,68822.6,68876.5,68789.8,68804.0,238.7316
2026-03-22 01:45:00,68804.0,68914.0,68804.0,68884.0,138.5641
2026-03-22 01:50:00,68884.0,68941.4,68866.0,68920.1,147.9927
2026-03-22 01:55:00,68920.0,68950.0,68895.5,68925.4,134.2553
2026-03-22 02:00:00,68925.3,68980.8,68905.1,68968.9,150.7925
2026-03-22 02:05:00,68968.9,69025.4,68925.0,68925.0,165.6431
2026-03-22 02:10:00,68925.0,69029.9,68903.8,69006.0,151.9585
2026-03-22 02:15:00,69005.9,69048.0,68960.0,68985.8,328.5214
2026-03-22 02:20:00,68985.8,69043.4,68923.4,69042.8,292.3646
2026-03-22 02:25:00,69042.8,69376.4,69030.2,69307.1,972.1588
2026-03-22 02:30:00,69307.9,69327.0,69183.1,69213.3,517.6918
2026-03-22 02:35:00,69213.2,69245.8,69158.0,69177.9,136.7574
2026-03-22 02:40:00,69178.0,69215.2,69157.6,69197.4,139.8565
2026-03-22 02:45:00,69197.4,69300.0,69159.8,69261.5,196.0877
2026-03-22 02:50:00,69261.6,69296.7,69202.2,69296.7,111.7023
2026-03-22 02:55:00,69296.6,69322.7,69233.0,69235.2,119.1585
2026-03-22 03:00:00,69235.1,69237.4,69080.7,69088.1,214.5067
2026-03-22 03:05:00,69088.1,69196.5,69088.0,69178.3,103.6006
2026-03-22 03:10:00,69178.2,69300.0,69178.2,69268.9,131.2932
2026-03-22 03:15:00,69268.9,69318.8,69214.8,69277.1,115.4164
2026-03-22 03:20:00,69277.1,69295.9,69213.3,69267.6,115.3307
2026-03-22 03:25:00,69267.6,69499.5,69248.2,69395.1,457.9341
2026-03-22 03:30:00,69395.0,69482.7,69304.8,69346.2,338.5449
2026-03-22 03:35:00,69346.2,69576.8,69329.0,69372.3,765.4562
2026-03-22 03:40:00,69372.0,69372.0,69271.3,69325.0,422.1639
2026-03-22 03:45:00,69325.0,69329.7,69255.4,69285.0,179.4482
2026-03-22 03:50:00,69285.0,69312.0,69241.1,69275.0,185.7779
2026-03-22 03:55:00,69275.1,69328.0,69275.0,69304.6,100.5496
2026-03-22 04:00:00,69304.5,69387.8,69274.1,69352.0,269.7739
2026-03-22 04:05:00,69352.0,69453.7,69345.7,69395.2,230.3554
2026-03-22 04:10:00,69395.2,69405.7,69331.5,69405.6,83.383
2026-03-22 04:15:00,69405.7,69485.0,69359.2,69359.3,243.1744
2026-03-22 04:20:00,69359.3,69359.3,69183.8,69229.9,317.542
2026-03-22 04:25:00,69229.9,69244.3,69180.2,69230.5,218.7048
2026-03-22 04:30:00,69230.5,69330.7,69171.6,69309.3,384.9806
2026-03-22 04:35:00,69309.3,69335.7,69281.3,69297.0,156.8349
2026-03-22 04:40:00,69297.0,69308.1,69267.8,69308.0,54.5191
2026-03-22 04:45:00,69308.1,69366.7,69268.0,69296.9,114.8052
2026-03-22 04:50:00,69296.9,69314.0,69259.6,69300.0,94.1485
2026-03-22 04:55:00,69300.1,69328.2,69275.1,69306.9,114.3071
2026-03-22 05:00:00,69306.9,69321.2,69197.5,69245.7,209.793
2026-03-22 05:05:00,69245.7,69272.4,69180.0,69195.1,108.8538
2026-03-22 05:10:00,69195.0,69238.9,69175.3,69191.3,89.8036
2026-03-22 05:15:00,69191.3,69237.5,69122.1,69196.6,196.7049
2026-03-22 05:20:00,69196.6,69206.7,69130.9,69131.3,98.8354
2026-03-22 05:25:00,69131.3,69197.1,69117.9,69136.6,120.7083
2026-03-22 05:30:00,69136.6,69194.7,69095.7,69124.5,300.5939
2026-03-22 05:35:00,69124.4,69148.6,69102.2,69146.6,85.6063
2026-03-22 05:40:00,69146.7,69179.5,69142.3,69160.1,54.214
2026-03-22 05:45:00,69160.1,69223.1,69150.3,69174.0,115.0307
2026-03-22 05:50:00,69173.9,69188.0,69125.0,69128.0,98.1669
2026-03-22 05:55:00,69128.0,69149.4,69110.0,69115.6,105.206
2026-03-22 06:00:00,69115.5,69146.3,69040.1,69111.5,387.5746
2026-03-22 06:05:00,69111.5,69111.6,69030.1,69109.9,189.5538
2026-03-22 06:10:00,69110.0,69139.7,69090.8,69103.0,145.0359
2026-03-22 06:15:00,69102.9,69139.5,69051.3,69131.8,68.4918
2026-03-22 06:20:00,69131.9,69174.2,69045.4,69123.6,303.9367
2026-03-22 06:25:00,69123.6,69203.3,69102.8,69203.2,133.5051
2026-03-22 06:30:00,69203.3,69209.4,69136.5,69136.5,85.8663
2026-03-22 06:35:00,69136.5,69170.5,69133.3,69166.3,51.0874
2026-03-22 06:40:00,69166.2,69169.6,69148.5,69163.4,50.2139
2026-03-22 06:45:00,69163.5,69163.5,69120.0,69121.0,93.8382
2026-03-22 06:50:00,69121.1,69169.1,69121.0,69130.0,36.8573
2026-03-22 06:55:00,69130.0,69132.9,69120.0,69126.1,62.4032
2026-03-22 07:00:00,69126.1,69190.9,69120.0,69164.9,105.8289
2026-03-22 07:05:00,69165.0,69217.1,69124.2,69124.2,70.1857
2026-03-22 07:10:00,69124.2,69148.7,69089.2,69117.0,117.3391
2026-03-22 07:15:00,69117.0,69147.0,69117.0,69119.4,51.8726
2026-03-22 07:20:00,69119.5,69162.8,69100.4,69133.6,65.7848
2026-03-22 07:25:00,69133.6,69168.1,69131.1,69140.5,47.8376
2026-03-22 07:30:00,69140.5,69141.0,69044.0,69092.0,79.2572
2026-03-22 07:35:00,69091.9,69109.0,68961.3,68968.0,375.127
2026-03-22 07:40:00,68967.9,69002.6,68887.0,68911.8,410.2546
2026-03-22 07:45:00,68911.9,69030.1,68869.6,69030.1,281.8257
2026-03-22 07:50:00,69030.1,69050.0,68957.1,68962.0,138.1649
2026-03-22 07:55:00,68962.1,68985.0,68850.0,68883.5,241.6141
2026-03-22 08:00:00,68883.4,68883.5,68671.3,68813.0,1387.1087
2026-03-22 08:05:00,68813.0,68900.0,68803.1,68857.2,308.8572
2026-03-22 08:10:00,68857.2,68950.0,68840.2,68950.0,210.9467
2026-03-22 08:15:00,68950.0,68951.0,68788.0,68791.2,244.7915
2026-03-22 08:20:00,68791.2,68858.9,68704.2,68855.2,326.8403
2026-03-22 08:25:00,68855.2,68906.8,68466.7,68588.1,2077.7476
2026-03-22 08:30:00,68588.0,68736.5,68569.8,68590.0,441.6611
2026-03-22 08:35:00,68590.0,68679.8,68528.8,68661.9,306.233
2026-03-22 08:40:00,68661.9,68762.3,68651.5,68707.4,190.5033
2026-03-22 08:45:00,68707.4,68766.1,68678.7,68741.2,110.9123
2026-03-22 08:50:00,68741.1,68741.2,68658.0,68706.1,136.3944
2026-03-22 08:55:00,68706.1,68795.3,68680.0,68770.0,134.286
2026-03-22 09:00:00,68770.0,68815.2,68730.1,68730.2,146.1959
2026-03-22 09:05:00,68730.1,68837.7,68720.0,68820.1,167.3969
2026-03-22 09:10:00,68820.0,68848.4,68775.0,68831.9,109.0601
2026-03-22 09:15:00,68831.9,68870.0,68614.4,68692.1,332.9819
2026-03-22 09:20:00,68692.0,68758.1,68600.1,68637.6,427.5292
2026-03-22 09:25:00,68637.6,68660.0,68536.7,68613.9,425.0313
2026-03-22 09:30:00,68613.9,68680.0,68603.4,68656.1,164.8633
2026-03-22 09:35:00,68656.1,68739.8,68656.1,68722.3,107.3402
2026-03-22 09:40:00,68722.4,68790.0,68722.3,68742.0,125.1269
2026-03-22 09:45:00,68742.0,68770.1,68721.7,68743.8,76.1686
2026-03-22 09:50:00,68743.8,68795.6,68726.6,68790.6,76.4191
2026-03-22 09:55:00,68790.6,68809.6,68769.1,68780.0,75.1442
2026-03-22 10:00:00,68780.0,68794.8,68721.7,68790.9,103.0941
2026-03-22 10:05:00,68790.9,68801.0,68657.5,68663.0,787.3745
2026-03-22 10:10:00,68663.1,68709.0,68637.4,68709.0,63.6085
2026-03-22 10:15:00,68709.0,68709.0,68600.0,68659.0,301.7883
2026-03-22 10:20:00,68658.9,68700.0,68650.6,68695.0,85.181
2026-03-22 10:25:00,68695.0,68695.0,68666.2,68692.0,58.1137
2026-03-22 10:30:00,68692.0,68731.7,68650.0,68651.6,79.2404
2026-03-22 10:35:00,68651.5,68656.1,68575.4,68600.0,420.7982
2026-03-22 10:40:00,68600.0,68617.4,68548.0,68583.5,234.8952
2026-03-22 10:45:00,68583.4,68627.7,68562.7,68568.3,177.3658
2026-03-22 10:50:00,68568.3,68620.0,68548.0,68608.1,89.4352
2026-03-22 10:55:00,68608.1,68653.2,68600.1,68600.6,73.2536
2026-03-22 11:00:00,68600.6,68620.0,68524.0,68588.9,152.5784
2026-03-22 11:05:00,68588.9,68650.0,68576.9,68637.5,61.0934
2026-03-22 11:10:00,68637.6,68651.9,68604.3,68616.0,60.5869
2026-03-22 11:15:00,68616.1,68642.6,68572.0,68572.0,95.3897
2026-03-22 11:20:00,68572.0,68648.4,68570.1,68592.8,63.0841
2026-03-22 11:25:00,68592.7,68592.7,68333.0,68380.1,1006.5399
2026-03-22 11:30:00,68380.2,68471.6,68353.0,68435.1,266.4226
2026-03-22 11:35:00,68435.0,68480.0,68408.6,68469.3,135.0707
2026-03-22 11:40:00,68469.3,68475.7,68232.0,68369.1,770.3382
2026-03-22 11:45:00,68369.1,68388.5,68229.5,68280.0,282.0526
2026-03-22 11:50:00,68280.0,68323.4,68001.0,68282.6,1424.7772
2026-03-22 11:55:00,68282.6,68282.6,68160.0,68182.0,282.8073
2026-03-22 12:00:00,68182.1,68281.1,68160.2,68186.9,487.7675
2026-03-22 12:05:00,68187.0,68284.0,68186.9,68277.1,191.2168
2026-03-22 12:10:00,68277.1,68308.1,68256.0,68280.1,211.883
2026-03-22 12:15:00,68280.1,68500.0,68280.0,68469.3,683.5602
2026-03-22 12:20:00,68469.2,68600.0,68416.2,68591.2,543.524
2026-03-22 12:25:00,68591.3,68741.0,68542.5,68624.0,546.7262
2026-03-22 12:30:00,68624.0,68635.6,68563.7,68599.9,244.4471
2026-03-22 12:35:00,68599.9,68604.0,68544.0,68549.4,138.7323
2026-03-22 12:40:00,68549.5,68596.4,68545.0,68561.7,87.2674
2026-03-22 12:45:00,68561.6,68650.0,68523.0,68523.0,177.3268
2026-03-22 12:50:00,68523.1,68604.2,68517.6,68601.9,117.3589
2026-03-22 12:55:00,68601.9,68634.3,68592.0,68615.7,97.0161
2026-03-22 13:00:00,68615.8,68924.5,68615.8,68780.1,1418.2124
2026-03-22 13:05:00,68780.1,68838.0,68736.1,68792.0,295.584
2026-03-22 13:10:00,68792.0,68836.0,68731.1,68772.0,175.9478
2026-03-22 13:15:00,68772.0,68782.0,68714.0,68746.6,107.2291
2026-03-22 13:20:00,68746.7,68816.0,68703.4,68741.7,353.3739
2026-03-22 13:25:00,68741.7,68777.7,68712.0,68760.0,87.4283
2026-03-22 13:30:00,68760.0,68800.0,68625.1,68647.0,547.3879
2026-03-22 13:35:00,68647.0,68660.0,68550.0,68613.0,263.1127
2026-03-22 13:40:00,68613.0,68636.9,68501.0,68590.5,210.6864
2026-03-22 13:45:00,68590.6,68647.0,68550.0,68630.0,144.8354
2026-03-22 13:50:00,68630.0,68720.3,68588.1,68710.9,169.9917
2026-03-22 13:55:00,68710.9,68714.1,68657.1,68657.1,102.1518
2026-03-22 14:00:00,68657.2,68725.0,68472.7,68572.1,383.7895
2026-03-22 14:05:00,68572.1,68646.4,68544.9,68646.3,120.9113
2026-03-22 14:10:00,68646.4,68774.7,68646.3,68739.0,204.6149
2026-03-22 14:15:00,68739.1,68744.0,68700.0,68716.2,90.804
2026-03-22 14:20:00,68716.2,68868.4,68682.7,68806.2,344.7278
2026-03-22 14:25:00,68806.2,68811.2,68719.5,68805.8,103.0594
2026-03-22 14:30:00,68805.8,68816.0,68740.0,68764.7,118.8223
2026-03-22 14:35:00,68764.7,68874.2,68760.0,68822.8,117.7897
2026-03-22 14:40:00,68822.9,68833.3,68777.0,68800.0,141.572
2026-03-22 14:45:00,68800.0,68800.0,68646.0,68683.3,203.6728
2026-03-22 14:50:00,68683.4,68700.0,68629.1,68659.6,96.418
2026-03-22 14:55:00,68659.6,68700.1,68604.6,68675.6,367.8329
2026-03-22 15:00:00,68675.6,68784.0,68675.6,68753.6,118.2941
2026-03-22 15:05:00,68753.6,68888.0,68750.0,68805.9,460.0367
2026-03-22 15:10:00,68805.9,68898.7,68804.3,68861.5,409.2978
2026-03-22 15:15:00,68861.5,68981.4,68784.7,68842.0,789.4485
2026-03-22 15:20:00,68841.9,68915.0,68764.6,68819.9,414.8023
2026-03-22 15:25:00,68820.0,68864.0,68794.6,68856.9,86.9417
2026-03-22 15:30:00,68857.0,68872.0,68786.9,68804.0,166.987
2026-03-22 15:35:00,68804.0,68804.1,68666.4,68700.6,207.6464
2026-03-22 15:40:00,68700.6,68773.5,68666.0,68765.0,134.2619
2026-03-22 15:45:00,68765.0,68775.0,68710.2,68758.5,73.4891
2026-03-22 15:50:00,68758.4,68819.9,68735.1,68770.2,118.9941
2026-03-22 15:55:00,68770.2,68824.6,68769.5,68810.1,121.6972
2026-03-22 16:00:00,68810.0,68850.0,68756.3,68793.5,230.9684
2026-03-22 16:05:00,68793.6,68808.0,68730.0,68736.1,94.332
2026-03-22 16:10:00,68736.1,68790.0,68725.0,68749.9,77.9232
2026-03-22 16:15:00,68749.9,68780.0,68694.8,68730.1,85.9814
2026-03-22 16:20:00,68730.0,68738.7,68686.0,68696.0,83.4908
2026-03-22 16:25:00,68696.0,68696.1,68626.0,68666.4,132.6397
2026-03-22 16:30:00,68666.4,68721.0,68618.4,68680.0,121.9283
2026-03-22 16:35:00,68680.0,68736.0,68677.9,68698.1,69.8617
2026-03-22 16:40:00,68698.1,68698.1,68643.3,68690.0,57.963
2026-03-22 16:45:00,68689.9,68775.0,68689.9,68768.0,89.6386
2026-03-22 16:50:00,68767.9,68800.0,68767.9,68784.2,99.8105
2026-03-22 16:55:00,68784.2,68828.3,68762.2,68762.3,83.1837
2026-03-22 17:00:00,68762.2,68780.0,68698.0,68772.9,79.7216
2026-03-22 17:05:00,68773.0,68795.9,68747.7,68793.5,61.8738
2026-03-22 17:10:00,68793.6,68800.0,68767.0,68783.9,39.602
2026-03-22 17:15:00,68783.9,68800.0,68744.0,68758.2,58.6949
2026-03-22 17:20:00,68758.2,68817.2,68739.8,68743.4,75.1181
2026-03-22 17:25:00,68743.3,68799.0,68725.0,68778.6,51.4192
2026-03-22 17:30:00,68778.6,68795.5,68730.0,68760.2,43.6237
2026-03-22 17:35:00,68760.2,68764.2,68638.4,68663.6,206.5121
2026-03-22 17:40:00,68663.6,68683.4,68637.4,68641.0,72.5891
2026-03-22 17:45:00,68641.0,68706.6,68641.0,68644.6,73.9474
2026-03-22 17:50:00,68644.5,68689.1,68641.4,68672.1,62.2834
2026-03-22 17:55:00,68672.0,68701.5,68632.7,68632.7,103.654
2026-03-22 18:00:00,68632.7,68637.0,68555.0,68607.0,480.5687
2026-03-22 18:05:00,68607.0,68672.0,68607.0,68666.0,59.7962
2026-03-22 18:10:00,68666.0,68686.8,68656.0,68684.2,51.5946
2026-03-22 18:15:00,68684.3,68700.0,68656.0,68674.9,32.8575
2026-03-22 18:20:00,68674.9,68679.1,68619.9,68640.9,115.5795
2026-03-22 18:25:00,68640.8,68655.8,68622.2,68655.7,25.6516
2026-03-22 18:30:00,68655.7,68709.8,68459.0,68476.0,269.8518
2026-03-22 18:35:00,68476.0,68528.7,68289.5,68423.0,650.6909
2026-03-22 18:40:00,68422.9,68496.7,68400.2,68432.0,101.5137
2026-03-22 18:45:00,68432.0,68513.5,68402.0,68510.0,113.7958
2026-03-22 18:50:00,68510.0,68555.9,68489.3,68494.8,90.1835
2026-03-22 18:55:00,68494.9,68588.2,68494.9,68578.8,74.3265
2026-03-22 19:00:00,68578.8,68589.6,68378.9,68428.0,197.1198
2026-03-22 19:05:00,68428.1,68488.6,68421.3,68466.1,74.217
2026-03-22 19:10:00,68466.1,68481.5,68239.1,68296.9,481.5593
2026-03-22 19:15:00,68296.9,68353.9,68268.4,68341.0,104.8702
2026-03-22 19:20:00,68341.0,68361.1,68293.3,68327.8,80.4446
2026-03-22 19:25:00,68327.8,68337.3,68245.6,68249.9,111.3696
2026-03-22 19:30:00,68249.9,68294.3,68154.1,68283.4,555.0802
2026-03-22 19:35:00,68283.4,68347.8,68283.3,68330.0,199.6712
2026-03-22 19:40:00,68330.0,68375.0,68320.2,68352.3,156.4329
2026-03-22 19:45:00,68352.2,68370.3,68101.3,68118.0,504.238
2026-03-22 19:50:00,68118.0,68210.5,68117.9,68178.3,134.5926
2026-03-22 19:55:00,68178.3,68200.0,68143.0,68166.7,70.1134
2026-03-22 20:00:00,68166.7,68301.6,68166.7,68263.0,192.5416
2026-03-22 20:05:00,68263.0,68299.3,68237.0,68287.7,76.9052
2026-03-22 20:10:00,68287.6,68327.0,68239.1,68292.4,175.2946
2026-03-22 20:15:00,68292.4,68365.0,68288.5,68364.9,72.0495
2026-03-22 20:20:00,68364.9,68465.0,68350.0,68357.7,125.5577
2026-03-22 20:25:00,68357.6,68357.6,68234.7,68283.0,151.8048
2026-03-22 20:30:00,68283.0,68304.8,68258.3,68258.4,64.1964
2026-03-22 20:35:00,68258.4,68258.4,68150.0,68195.0,111.6327
2026-03-22 20:40:00,68195.0,68336.6,68194.9,68324.0,53.5546
2026-03-22 20:45:00,68323.9,68323.9,68258.3,68282.5,101.4736
2026-03-22 20:50:00,68282.5,68288.7,68019.1,68158.9,358.2291
2026-03-22 20:55:00,68158.9,68179.0,68105.4,68131.0,108.8796
2026-03-22 21:00:00,68131.0,68186.0,68039.0,68052.6,141.5312
2026-03-22 21:05:00,68052.5,68052.6,67507.6,67808.0,4072.2624
2026-03-22 21:10:00,67808.1,67833.0,67662.1,67746.0,869.3692
2026-03-22 21:15:00,67746.0,67763.1,67353.8,67379.8,1431.861
2026-03-22 21:20:00,67379.8,67633.7,67307.6,67628.0,724.6174
2026-03-22 21:25:00,67628.0,67831.2,67567.0,67767.0,357.9094
2026-03-22 21:30:00,67767.0,67784.6,67655.4,67690.6,201.7636
2026-03-22 21:35:00,67690.6,67900.0,67632.6,67896.5,232.9666
2026-03-22 21:40:00,67896.5,67947.8,67805.0,67840.0,248.8586
2026-03-22 21:45:00,67840.0,67869.0,67724.6,67823.3,179.5049
2026-03-22 21:50:00,67823.3,67856.9,67769.0,67819.3,104.7221
2026-03-22 21:55:00,67819.3,67866.7,67724.9,67862.2,188.9806
2026-03-22 22:00:00,67862.0,67907.4,67531.8,67884.3,806.5527
2026-03-22 22:05:00,67884.3,68082.5,67786.7,68082.5,776.5399
2026-03-22 22:10:00,68082.6,68095.3,67826.8,67870.0,283.6862
2026-03-22 22:15:00,67870.0,68034.0,67820.0,67942.2,295.8489
2026-03-22 22:20:00,67942.2,68226.0,67900.0,68186.3,798.5212
2026-03-22 22:25:00,68186.3,68333.0,68110.2,68219.3,421.903
2026-03-22 22:30:00,68219.2,68303.1,68159.5,68170.0,267.3342
2026-03-22 22:35:00,68170.0,68277.0,68091.5,68203.2,184.1713
2026-03-22 22:40:00,68203.2,68219.1,68053.1,68093.8,145.1474
2026-03-22 22:45:00,68093.8,68237.7,68093.8,68230.0,157.014
2026-03-22 22:50:00,68230.0,68362.6,68209.3,68232.9,191.0661
2026-03-22 22:55:00,68232.9,68312.9,68232.9,68299.3,101.1349
2026-03-22 23:00:00,68299.4,68388.4,68222.0,68330.3,273.5784
2026-03-22 23:05:00,68330.3,68356.9,68153.8,68235.8,186.5698
2026-03-22 23:10:00,68235.7,68437.4,68230.5,68293.2,245.7905
2026-03-22 23:15:00,68293.2,68305.7,68167.2,68190.4,266.3705
2026-03-22 23:20:00,68190.3,68190.3,68100.0,68140.4,223.5328
2026-03-22 23:25:00,68140.5,68160.5,68070.0,68070.1,411.7466
2026-03-22 23:30:00,68070.0,68128.5,67950.8,67980.6,276.4379
2026-03-22 23:35:00,67980.6,68053.0,67980.6,68028.8,134.8674
2026-03-22 23:40:00,68028.8,68124.5,67990.1,68086.8,141.6361
2026-03-22 23:45:00,68086.7,68115.9,67906.7,67906.8,316.6713
2026-03-22 23:50:00,67906.8,67930.0,67803.0,67836.8,301.7937
2026-03-22 23:55:00,67836.8,67864.0,67813.3,67830.9,222.9697
2026-03-23 00:00:00,67830.9,67995.1,67830.9,67920.1,368.8681
2026-03-23 00:05:00,67920.1,68014.5,67738.2,67927.9,506.584
2026-03-23 00:10:00,67928.0,68086.0,67894.6,67921.0,452.5803
2026-03-23 00:15:00,67921.0,67947.0,67762.8,67860.0,223.4478
2026-03-23 00:20:00,67860.1,68012.3,67822.0,68009.5,221.2421
2026-03-23 00:25:00,68009.5,68139.3,67943.6,67962.0,597.5571
2026-03-23 00:30:00,67962.0,67969.1,67774.5,67799.7,503.8861
2026-03-23 00:35:00,67799.7,67808.7,67543.9,67568.2,901.209
2026-03-23 00:40:00,67568.2,67700.6,67417.0,67652.1,791.7748
2026-03-23 00:45:00,67652.1,67737.5,67626.4,67730.1,253.8682
2026-03-23 00:50:00,67730.1,67857.6,67650.6,67679.9,300.7443
2026-03-23 00:55:00,67680.0,67724.7,67581.6,67640.6,229.786
2026-03-23 01:00:00,67640.5,67730.0,67500.1,67657.2,404.6671
2026-03-23 01:05:00,67657.2,67910.1,67610.2,67841.2,487.5989
2026-03-23 01:10:00,67841.2,67849.3,67760.5,67816.9,136.7536
2026-03-23 01:15:00,67816.9,68022.0,67814.0,67967.1,653.9877
2026-03-23 01:20:00,67967.1,68088.4,67850.0,68076.8,702.2036
2026-03-23 01:25:00,68076.7,68089.8,68030.1,68046.1,183.8178
2026-03-23 01:30:00,68046.1,68120.0,67974.6,68004.9,219.8908
2026-03-23 01:35:00,68004.9,68109.2,67992.6,68072.1,235.2833
2026-03-23 01:40:00,68072.0,68079.0,67943.1,68015.6,117.6194
2026-03-23 01:45:00,68015.6,68095.4,67904.4,67919.1,187.1478
2026-03-23 01:50:00,67919.0,68005.0,67870.7,67880.0,623.0935
2026-03-23 01:55:00,67880.0,67946.2,67868.8,67881.3,100.165
2026-03-23 02:00:00,67881.3,67944.9,67860.0,67899.9,150.1604
2026-03-23 02:05:00,67900.0,68032.7,67887.7,68010.5,210.1085
2026-03-23 02:10:00,68010.5,68047.2,67801.8,67815.8,267.9043
2026-03-23 02:15:00,67815.7,67922.3,67767.6,67900.9,168.8676
2026-03-23 02:20:00,67901.0,68005.9,67879.9,67982.1,202.9469
2026-03-23 02:25:00,67982.0,68272.9,67970.0,68234.4,889.6452
2026-03-23 02:30:00,68234.5,68250.0,68159.5,68238.0,300.2003
2026-03-23 02:35:00,68238.0,68265.3,68162.6,68174.0,383.5773
2026-03-23 02:40:00,68174.0,68360.0,68169.0,68200.0,366.718
2026-03-23 02:45:00,68200.0,68240.0,68166.7,68187.6,249.5704
2026-03-23 02:50:00,68187.7,68215.6,68144.9,68187.0,157.7876
2026-03-23 02:55:00,68187.0,68296.1,68133.3,68275.9,226.6504
2026-03-23 03:00:00,68275.9,68562.0,68275.8,68489.9,890.8924
2026-03-23 03:05:00,68489.9,68489.9,68373.8,68375.0,288.5633
2026-03-23 03:10:00,68374.9,68409.1,68192.7,68199.4,369.574
2026-03-23 03:15:00,68199.5,68241.9,68148.6,68150.1,238.7455
2026-03-23 03:20:00,68150.0,68222.0,68135.1,68176.9,180.2155
2026-03-23 03:25:00,68176.8,68212.7,68136.8,68174.1,114.1495
2026-03-23 03:30:00,68174.1,68198.6,68111.0,68198.6,153.8164
2026-03-23 03:35:00,68198.5,68198.5,68100.0,68139.8,102.3369
2026-03-23 03:40:00,68139.8,68172.0,68064.5,68169.2,133.1594
2026-03-23 03:45:00,68169.2,68200.0,68114.0,68160.7,74.4988
2026-03-23 03:50:00,68160.7,68180.0,68033.2,68037.1,87.6213
2026-03-23 03:55:00,68037.0,68062.4,68022.9,68049.0,152.2133
2026-03-23 04:00:00,68049.1,68098.4,68025.9,68089.1,241.1321
2026-03-23 04:05:00,68089.1,68185.7,68076.2,68125.8,168.0108
2026-03-23 04:10:00,68125.9,68167.0,68112.5,68136.4,85.538
2026-03-23 04:15:00,68136.4,68176.1,68080.1,68134.1,69.4524
2026-03-23 04:20:00,68134.0,68182.5,68116.1,68125.0,74.0069
2026-03-23 04:25:00,68125.0,68194.9,68104.0,68190.0,83.3748
2026-03-23 04:30:00,68189.9,68243.4,68185.7,68243.4,115.3025
2026-03-23 04:35:00,68243.4,68340.0,68243.3,68323.1,206.1591
2026-03-23 04:40:00,68323.1,68340.0,68225.0,68225.0,112.3217
2026-03-23 04:45:00,68225.1,68336.4,68225.0,68319.3,157.2633
2026-03-23 04:50:00,68319.2,68459.1,68282.7,68441.1,414.2532
2026-03-23 04:55:00,68441.0,68513.1,68408.0,68504.9,436.4767
2026-03-23 05:00:00,68505.0,68779.0,68504.9,68659.6,1425.8906
2026-03-23 05:05:00,68659.5,68720.0,68604.0,68667.5,401.2343
2026-03-23 05:10:00,68667.5,68738.8,68634.8,68728.4,225.8226
2026-03-23 05:15:00,68728.4,68849.8,68670.0,68786.9,710.3157
2026-03-23 05:20:00,68786.9,68786.9,68660.0,68663.1,328.0749
2026-03-23 05:25:00,68663.0,68709.1,68628.8,68651.9,147.0488
2026-03-23 05:30:00,68651.9,68659.8,68543.9,68642.1,327.8098
2026-03-23 05:35:00,68642.1,68804.2,68642.1,68666.2,371.4023
2026-03-23 05:40:00,68666.2,68666.2,68580.0,68580.1,248.6054
2026-03-23 05:45:00,68580.1,68658.1,68570.0,68581.4,216.2623
2026-03-23 05:50:00,68581.3,68756.2,68533.3,68717.4,700.5797
2026-03-23 05:55:00,68717.5,68874.0,68713.9,68865.4,378.996
2026-03-23 06:00:00,68865.3,68867.5,68688.4,68707.2,303.1345
2026-03-23 06:05:00,68707.2,68714.6,68620.0,68652.6,246.9376
2026-03-23 06:10:00,68652.5,68696.5,68519.2,68572.0,340.4175
2026-03-23 06:15:00,68572.0,68648.4,68542.5,68588.5,167.8555
2026-03-23 06:20:00,68588.5,68608.8,68465.7,68527.4,268.4656
2026-03-23 06:25:00,68527.4,68596.9,68502.4,68540.7,195.6209
2026-03-23 06:30:00,68540.8,68540.8,68388.2,68404.1,318.9135
2026-03-23 06:35:00,68404.1,68404.3,68035.6,68079.9,1251.0186
2026-03-23 06:40:00,68080.0,68173.9,67666.0,67792.6,1822.2156
2026-03-23 06:45:00,67792.6,67923.3,67666.1,67775.0,846.4731
2026-03-23 06:50:00,67775.1,67891.7,67677.6,67833.8,514.4179
2026-03-23 06:55:00,67833.8,67862.6,67734.3,67850.0,473.7643
2026-03-23 07:00:00,67850.0,67860.0,67620.0,67632.1,703.9851
2026-03-23 07:05:00,67632.0,67912.9,67469.7,67736.5,2408.0514
2026-03-23 07:10:00,67736.5,67964.0,67736.5,67917.1,633.1482
2026-03-23 07:15:00,67917.1,67973.4,67853.9,67971.1,303.2289
2026-03-23 07:20:00,67971.2,67971.2,67625.3,67733.0,489.606
2026-03-23 07:25:00,67733.0,67811.8,67653.3,67784.6,339.3039
2026-03-23 07:30:00,67784.6,68019.5,67748.8,67953.8,527.962
2026-03-23 07:35:00,67953.8,68250.0,67950.3,68181.5,991.3947
2026-03-23 07:40:00,68181.5,68305.3,68145.7,68291.3,461.4152
2026-03-23 07:45:00,68291.2,68402.0,68262.1,68323.2,802.4275
2026-03-23 07:50:00,68323.2,68388.0,68265.4,68387.9,299.1104
2026-03-23 07:55:00,68388.0,68424.0,68255.2,68303.6,438.6485
2026-03-23 08:00:00,68303.7,68445.2,68303.7,68414.0,296.7436
2026-03-23 08:05:00,68414.0,68553.7,68371.2,68521.2,577.8118
2026-03-23 08:10:00,68521.2,68655.0,68450.0,68628.7,846.9667
2026-03-23 08:15:00,68628.7,68679.0,68422.4,68460.0,666.6926
2026-03-23 08:20:00,68460.0,68558.1,68412.2,68466.9,219.5275
2026-03-23 08:25:00,68467.0,68480.0,68436.5,68436.5,136.0063
2026-03-23 08:30:00,68436.5,68585.7,68369.5,68584.8,385.7497
2026-03-23 08:35:00,68584.7,68588.0,68458.8,68492.9,200.8695
2026-03-23 08:40:00,68492.9,68623.0,68480.0,68511.6,224.3959
2026-03-23 08:45:00,68511.5,68538.0,68410.0,68418.9,261.1639
2026-03-23 08:50:00,68418.8,68498.9,68377.6,68413.5,134.9987
2026-03-23 08:55:00,68413.5,68440.0,68287.9,68400.0,253.384
2026-03-23 09:00:00,68400.1,68443.7,68275.0,68275.1,248.1894
2026-03-23 09:05:00,68275.0,68288.0,68186.7,68258.0,551.0313
2026-03-23 09:10:00,68258.1,68268.8,68216.5,68258.1,136.601
2026-03-23 09:15:00,68258.0,68318.5,68214.2,68236.0,261.2247
2026-03-23 09:20:00,68236.0,68343.5,68166.0,68172.7,225.6067
2026-03-23 09:25:00,68172.7,68229.2,68114.5,68224.1,219.7889
2026-03-23 09:30:00,68224.1,68224.1,67990.3,68004.8,402.2753
2026-03-23 09:35:00,68004.7,68112.4,67876.3,68085.1,632.458
2026-03-23 09:40:00,68085.0,68180.0,68035.6,68116.1,558.5014
2026-03-23 09:45:00,68116.1,68225.2,68109.0,68172.6,229.751
2026-03-23 09:50:00,68172.5,68200.0,68140.0,68154.6,79.2905
2026-03-23 09:55:00,68154.7,68312.9,68154.6,68312.8,161.2551
2026-03-23 10:00:00,68312.8,68425.0,68272.0,68410.5,613.7613
2026-03-23 10:05:00,68410.5,68650.0,68410.5,68595.4,679.7327
2026-03-23 10:10:00,68595.4,68696.8,68557.3,68564.6,532.2806
2026-03-23 10:15:00,68564.6,68597.8,68478.6,68493.0,403.9997
2026-03-23 10:20:00,68492.9,68497.5,68371.8,68415.0,218.9191
2026-03-23 10:25:00,68415.0,68466.4,68377.2,68424.9,104.6813
2026-03-23 10:30:00,68424.9,68440.0,68377.2,68387.0,94.1414
2026-03-23 10:35:00,68387.0,68453.0,68288.4,68292.1,168.6972
2026-03-23 10:40:00,68292.2,68390.9,68262.3,68388.0,168.6456
2026-03-23 10:45:00,68388.0,68419.9,68334.8,68361.3,152.0321
2026-03-23 10:50:00,68361.2,68544.0,68361.2,68473.6,453.02
2026-03-23 10:55:00,68473.5,68547.7,68465.0,68510.2,160.9829
2026-03-23 11:00:00,68510.3,68647.1,68502.9,68534.5,511.8913
2026-03-23 11:05:00,68534.5,71247.4,68534.4,71205.3,18961.2503
2026-03-23 11:10:00,71205.3,71487.0,70804.2,70938.2,5718.2786
2026-03-23 11:15:00,70932.6,71252.0,70640.4,70699.9,3036.2236
2026-03-23 11:20:00,70699.9,70918.5,70248.0,70532.1,2736.4744
2026-03-23 11:25:00,70532.1,70809.3,70513.2,70687.2,1700.5495
2026-03-23 11:30:00,70687.2,71210.8,70687.2,70970.9,1486.0945
2026-03-23 11:35:00,70971.0,70971.0,70363.9,70656.6,2525.578
2026-03-23 11:40:00,70656.5,70775.7,70534.9,70646.9,1244.2438
2026-03-23 11:45:00,70646.9,70699.5,70067.3,70406.0,2474.1293
2026-03-23 11:50:00,70406.0,70556.6,70230.0,70469.5,928.3453
2026-03-23 11:55:00,70469.4,70469.5,70030.4,70099.9,1822.276
2026-03-23 12:00:00,70099.9,70263.3,69656.2,69900.0,2874.3546
2026-03-23 12:05:00,69900.1,70091.3,69763.8,70040.5,1292.5338
2026-03-23 12:10:00,70040.5,70130.0,69957.8,69961.9,776.2656
2026-03-23 12:15:00,69961.9,70240.0,69935.2,70239.9,932.2337
2026-03-23 12:20:00,70239.9,70477.0,70196.9,70294.5,998.4396
2026-03-23 12:25:00,70294.6,70362.4,70172.0,70312.1,391.1831
2026-03-23 12:30:00,70312.0,70360.2,70136.3,70278.7,510.55
2026-03-23 12:35:00,70278.6,70531.6,70232.9,70315.9,638.4275
2026-03-23 12:40:00,70316.0,70763.7,70234.4,70683.0,1318.1109
2026-03-23 12:45:00,70682.9,70850.6,70615.5,70686.6,870.2799
2026-03-23 12:50:00,70686.6,70822.1,70560.0,70615.4,722.2572
2026-03-23 12:55:00,70615.5,70714.0,70542.0,70711.3,439.3723
2026-03-23 13:00:00,70711.4,70866.6,70600.1,70662.9,862.0883
2026-03-23 13:05:00,70662.9,70694.6,70556.8,70602.9,345.2909
2026-03-23 13:10:00,70603.0,70777.2,70602.9,70711.7,248.357
2026-03-23 13:15:00,70711.7,70809.9,70711.7,70739.9,275.7556
2026-03-23 13:20:00,70739.9,70874.8,70731.1,70841.5,370.1319
2026-03-23 13:25:00,70841.5,70850.0,70738.0,70781.8,255.5541
2026-03-23 13:30:00,70781.7,70830.0,70618.1,70727.1,630.5009
2026-03-23 13:35:00,70727.0,71150.0,70700.0,71099.9,1308.4428
2026-03-23 13:40:00,71099.9,71416.0,70976.0,71180.7,2002.5159
2026-03-23 13:45:00,71180.6,71288.0,70983.5,71128.1,1013.3773
2026-03-23 13:50:00,71128.0,71571.2,71100.0,71288.2,1617.659
2026-03-23 13:55:00,71288.3,71450.0,71185.1,71449.9,687.297
2026-03-23 14:00:00,71449.9,71698.0,71420.2,71515.5,1767.0066
2026-03-23 14:05:00,71515.5,71762.3,71355.0,71659.2,1174.4651
2026-03-23 14:10:00,71659.1,71777.0,71458.0,71480.9,1024.6464
2026-03-23 14:15:00,71480.9,71696.9,71470.5,71500.1,648.9049
2026-03-23 14:20:00,71500.0,71569.6,71353.1,71466.8,588.7979
2026-03-23 14:25:00,71466.8,71550.0,71258.0,71313.1,616.3924
2026-03-23 14:30:00,71313.2,71366.0,71180.0,71195.0,552.0599
2026-03-23 14:35:00,71195.0,71499.9,71195.0,71472.6,521.919
2026-03-23 14:40:00,71472.6,71474.0,71317.4,71343.6,435.7147
2026-03-23 14:45:00,71343.5,71376.0,71133.3,71169.6,595.7244
2026-03-23 14:50:00,71169.5,71264.4,71081.1,71208.0,556.6768
2026-03-23 14:55:00,71208.0,71480.0,71201.0,71410.7,482.8486
2026-03-23 15:00:00,71410.8,71638.0,71406.7,71517.0,584.1361
2026-03-23 15:05:00,71516.9,71561.5,71390.2,71407.4,244.9758
2026-03-23 15:10:00,71407.4,71410.0,71316.4,71332.1,260.0006
2026-03-23 15:15:00,71332.1,71362.9,71077.0,71085.0,659.0485
2026-03-23 15:20:00,71085.1,71100.0,70890.1,70980.0,1057.9109
2026-03-23 15:25:00,70980.0,70986.7,70834.9,70866.0,541.6538
2026-03-23 15:30:00,70866.0,70920.5,70728.0,70762.5,600.9277
2026-03-23 15:35:00,70762.4,70950.9,70700.0,70760.1,762.3958
2026-03-23 15:40:00,70760.0,70785.4,70542.8,70631.3,827.9906
2026-03-23 15:45:00,70631.2,70822.7,70475.0,70780.1,1182.6643
2026-03-23 15:50:00,70780.1,70819.0,70230.1,70316.1,2548.2117
2026-03-23 15:55:00,70316.1,70316.1,70069.9,70099.0,1974.6302
2026-03-23 16:00:00,70098.9,70324.9,70095.0,70222.8,1643.1706
2026-03-23 16:05:00,70222.7,70438.9,70125.0,70369.7,715.6271
2026-03-23 16:10:00,70369.7,70522.6,70312.5,70491.1,506.2358
2026-03-23 16:15:00,70491.0,70539.1,70274.4,70294.7,393.2097
2026-03-23 16:20:00,70294.7,70403.1,70188.0,70391.6,493.1894
2026-03-23 16:25:00,70391.6,70391.7,70184.9,70191.6,300.5789
2026-03-23 16:30:00,70191.5,70399.0,70122.6,70399.0,466.5382
2026-03-23 16:35:00,70399.0,70495.9,70350.0,70368.8,370.9513
2026-03-23 16:40:00,70368.7,70450.0,70340.8,70435.7,232.0669
2026-03-23 16:45:00,70435.6,70735.4,70400.0,70615.8,1012.3767
2026-03-23 16:50:00,70615.8,70635.9,70513.0,70571.9,297.4469
2026-03-23 16:55:00,70571.9,70612.3,70469.8,70543.5,220.2657
2026-03-23 17:00:00,70543.5,70615.0,70446.1,70598.3,255.1243
2026-03-23 17:05:00,70598.3,70674.5,70503.7,70606.5,218.0335
2026-03-23 17:10:00,70606.9,70714.5,70583.1,70600.0,210.7483
2026-03-23 17:15:00,70600.1,70624.3,70445.3,70504.0,258.1754
2026-03-23 17:20:00,70503.9,70504.0,70325.3,70435.4,326.7118
2026-03-23 17:25:00,70435.4,70600.0,70410.0,70507.8,136.5082
2026-03-23 17:30:00,70507.7,70878.5,70490.0,70867.9,466.259
2026-03-23 17:35:00,70868.0,71057.3,70854.9,70986.9,1047.8352
2026-03-23 17:40:00,70986.9,71010.0,70829.1,70850.2,356.6114
2026-03-23 17:45:00,70850.2,70983.2,70836.0,70980.0,221.8518
2026-03-23 17:50:00,70980.0,71083.2,70923.6,71063.6,215.4246
2026-03-23 17:55:00,71063.6,71090.8,70995.5,71053.0,219.1035
2026-03-23 18:00:00,71053.0,71132.7,71014.1,71125.8,283.1895
2026-03-23 18:05:00,71125.9,71137.7,70876.3,70967.2,380.1125
2026-03-23 18:10:00,70967.1,71066.7,70931.6,70937.7,205.173
2026-03-23 18:15:00,70937.7,71013.2,70910.8,70953.9,175.2149
2026-03-23 18:20:00,70953.9,70980.1,70839.3,70943.5,297.1118
2026-03-23 18:25:00,70943.5,70999.0,70840.1,70849.7,126.5953
2026-03-23 18:30:00,70849.7,71069.8,70849.7,71041.0,190.8058
2026-03-23 18:35:00,71041.1,71125.0,70925.5,71001.7,472.8864
2026-03-23 18:40:00,71001.7,71047.5,70940.1,71012.8,97.9517
2026-03-23 18:45:00,71012.8,71169.7,71000.0,71097.9,521.7769
2026-03-23 18:50:00,71097.9,71100.0,70941.9,71025.8,146.077
2026-03-23 18:55:00,71025.9,71076.9,70955.0,71041.1,146.1437
2026-03-23 19:00:00,71041.1,71095.3,70954.0,71088.8,177.952
2026-03-23 19:05:00,71088.7,71213.0,70757.2,70955.2,2062.3943
2026-03-23 19:10:00,70955.1,70998.2,70880.3,70898.1,438.6361
2026-03-23 19:15:00,70898.1,70940.0,70782.3,70920.0,200.121
2026-03-23 19:20:00,70919.9,71040.8,70860.2,71023.7,126.3645
2026-03-23 19:25:00,71023.6,71048.4,70968.0,70999.7,77.9284
2026-03-23 19:30:00,70999.7,71033.8,70934.8,70942.7,85.2381
2026-03-23 19:35:00,70942.6,70962.1,70895.1,70909.2,115.4565
2026-03-23 19:40:00,70909.2,70918.3,70800.0,70873.2,267.7547
2026-03-23 19:45:00,70873.2,70962.6,70794.3,70800.0,110.1094
2026-03-23 19:50:00,70800.0,70814.9,70685.4,70727.1,236.9113
2026-03-23 19:55:00,70727.1,70733.0,70603.5,70643.7,364.3193
2026-03-23 20:00:00,70643.7,70700.0,70513.4,70608.0,517.4109
2026-03-23 20:05:00,70608.0,70637.9,70572.2,70637.9,96.871
2026-03-23 20:10:00,70637.9,70770.0,70637.9,70763.1,291.2637
2026-03-23 20:15:00,70763.2,70798.0,70705.5,70705.6,81.8462
2026-03-23 20:20:00,70705.6,70780.2,70705.0,70737.1,49.5164
2026-03-23 20:25:00,70737.1,70764.5,70712.3,70764.5,48.4701
2026-03-23 20:30:00,70764.5,70859.6,70752.3,70842.0,122.1118
2026-03-23 20:35:00,70842.0,70953.5,70842.0,70875.7,111.8316
2026-03-23 20:40:00,70875.8,70920.8,70855.5,70906.8,58.1951
2026-03-23 20:45:00,70906.8,70917.9,70850.1,70850.1,35.7562
2026-03-23 20:50:00,70850.1,70899.6,70829.0,70891.1,43.3848
2026-03-23 20:55:00,70891.1,70895.8,70863.6,70878.4,61.0713
2026-03-23 21:00:00,70878.5,70949.9,70825.0,70825.1,69.0859
2026-03-23 21:05:00,70825.1,70884.0,70823.1,70833.2,83.2779
2026-03-23 21:10:00,70833.2,70850.0,70778.5,70787.6,102.5092
2026-03-23 21:15:00,70787.5,70864.6,70787.5,70830.3,46.4913
2026-03-23 21:20:00,70830.4,70879.5,70794.6,70879.0,25.529
2026-03-23 21:25:00,70879.0,70885.0,70845.9,70858.0,29.7798
2026-03-23 21:30:00,70858.0,70950.0,70837.4,70943.9,58.0558
2026-03-23 21:35:00,70943.9,70950.0,70903.7,70950.0,97.2383
2026-03-23 21:40:00,70949.9,70950.0,70889.4,70898.7,120.0602
2026-03-23 21:45:00,70898.7,70902.6,70844.0,70869.5,25.7793
2026-03-23 21:50:00,70869.5,70947.0,70842.6,70842.7,44.0862
2026-03-23 21:55:00,70842.6,70899.0,70784.0,70816.7,210.5052
2026-03-23 22:00:00,70816.8,70865.6,70518.3,70573.9,291.6086
2026-03-23 22:05:00,70573.9,70699.4,70551.3,70662.9,176.2562
2026-03-23 22:10:00,70662.9,70720.0,70621.2,70680.1,56.9412
2026-03-23 22:15:00,70680.0,70680.1,70561.7,70676.3,103.2955
2026-03-23 22:20:00,70676.3,70692.3,70600.0,70642.5,81.8757
2026-03-23 22:25:00,70642.5,70649.9,70596.5,70596.6,40.6975
2026-03-23 22:30:00,70596.6,70612.8,70475.0,70560.4,167.8477
2026-03-23 22:35:00,70560.4,70665.8,70560.4,70636.6,94.4819
2026-03-23 22:40:00,70636.5,70686.0,70573.7,70685.0,97.5843
2026-03-23 22:45:00,70685.0,70772.0,70643.0,70658.1,112.3478
2026-03-23 22:50:00,70658.1,70760.0,70637.7,70739.0,64.9394
2026-03-23 22:55:00,70739.0,70758.1,70675.1,70742.0,56.9499
2026-03-23 23:00:00,70742.0,70772.2,70651.4,70691.9,93.0372
2026-03-23 23:05:00,70691.8,70734.7,70562.5,70571.9,90.7701
2026-03-23 23:10:00,70572.0,70596.4,70506.3,70511.2,123.6671
2026-03-23 23:15:00,70511.3,70525.7,70414.4,70418.9,236.7705
2026-03-23 23:20:00,70418.8,70511.6,70366.0,70506.4,230.2125
2026-03-23 23:25:00,70506.4,70676.6,70471.7,70676.6,192.9885
2026-03-23 23:30:00,70676.5,70676.6,70585.0,70598.5,81.8946
2026-03-23 23:35:00,70598.5,70666.7,70591.9,70665.9,42.4029
2026-03-23 23:40:00,70666.0,70770.0,70665.9,70734.9,172.2269
2026-03-23 23:45:00,70734.8,70800.0,70686.6,70757.5,219.2664
2026-03-23 23:50:00,70757.5,70835.8,70725.0,70816.7,137.5694
2026-03-23 23:55:00,70816.7,70974.5,70816.7,70862.0,552.6003
2026-03-24 00:00:00,70862.0,71058.4,70841.6,70879.2,779.9677
2026-03-24 00:05:00,70879.2,70929.1,70763.3,70765.3,175.9243
2026-03-24 00:10:00,70765.3,70839.1,70728.3,70740.1,216.048
2026-03-24 00:15:00,70740.0,70796.2,70619.4,70768.4,244.9085
2026-03-24 00:20:00,70768.4,70777.2,70656.7,70721.3,163.4834
2026-03-24 00:25:00,70721.2,70788.0,70642.2,70685.0,81.0316
2026-03-24 00:30:00,70685.0,70700.0,70520.2,70620.8,349.8902
2026-03-24 00:35:00,70620.7,70669.3,70383.1,70525.6,596.9497
2026-03-24 00:40:00,70526.3,70650.0,70478.6,70553.0,190.1671
2026-03-24 00:45:00,70553.0,70680.0,70543.5,70650.0,160.9206
2026-03-24 00:50:00,70650.1,70780.0,70640.0,70727.4,153.6862
2026-03-24 00:55:00,70727.4,70735.6,70639.0,70645.8,67.6228
2026-03-24 01:00:00,70645.9,70677.9,70563.1,70571.1,126.7032
2026-03-24 01:05:00,70571.0,70632.5,70542.2,70570.1,231.0376
2026-03-24 01:10:00,70570.0,70675.5,70475.0,70527.1,203.832
2026-03-24 01:15:00,70527.0,70580.6,70462.1,70577.4,128.8906
2026-03-24 01:20:00,70577.3,70767.7,70577.3,70707.1,175.2089
2026-03-24 01:25:00,70707.1,70845.5,70686.9,70796.3,230.2381
2026-03-24 01:30:00,70796.3,70847.6,70680.2,70766.9,298.7059
2026-03-24 01:35:00,70766.9,70776.8,70411.8,70422.0,272.7333
2026-03-24 01:40:00,70422.1,70455.0,70235.1,70359.8,761.592
2026-03-24 01:45:00,70359.9,70484.6,70354.1,70412.7,286.1544
2026-03-24 01:50:00,70412.6,70542.1,70405.5,70513.1,248.3486
2026-03-24 01:55:00,70513.1,70519.2,70457.7,70483.9,71.3266
2026-03-24 02:00:00,70483.9,70668.6,70401.0,70577.1,323.4914
2026-03-24 02:05:00,70577.1,70577.2,70481.8,70549.4,148.304
2026-03-24 02:10:00,70549.3,70549.3,70403.2,70428.9,131.3789
2026-03-24 02:15:00,70428.9,70469.7,70388.0,70459.6,197.6044
2026-03-24 02:20:00,70459.6,70600.0,70451.7,70523.3,197.9537
2026-03-24 02:25:00,70523.4,70549.9,70410.0,70531.4,123.0018
2026-03-24 02:30:00,70531.4,70571.6,70476.7,70531.6,96.8832
2026-03-24 02:35:00,70531.7,70606.1,70430.0,70430.1,163.7057
2026-03-24 02:40:00,70430.1,70514.2,70325.0,70501.5,577.3798
2026-03-24 02:45:00,70501.6,70566.6,70462.7,70522.0,253.9171
2026-03-24 02:50:00,70521.9,70521.9,70440.4,70466.9,101.7046
2026-03-24 02:55:00,70466.9,70477.0,70400.1,70421.5,135.6157
2026-03-24 03:00:00,70421.5,70450.0,70370.9,70410.0,157.7815
2026-03-24 03:05:00,70409.9,70492.7,70370.6,70403.5,162.1516
2026-03-24 03:10:00,70403.5,70520.0,70393.2,70477.6,81.8951
2026-03-24 03:15:00,70477.6,70523.9,70448.7,70463.0,86.6992
2026-03-24 03:20:00,70463.0,70559.9,70449.0,70507.8,113.3764
2026-03-24 03:25:00,70507.7,70549.9,70480.0,70517.8,103.6834
2026-03-24 03:30:00,70517.8,70534.1,70428.4,70428.4,155.0918
2026-03-24 03:35:00,70428.3,70474.1,70405.0,70447.8,79.7179
2026-03-24 03:40:00,70447.8,70500.0,70438.3,70467.9,62.559
2026-03-24 03:45:00,70467.8,70498.9,70430.0,70490.2,74.5556
2026-03-24 03:50:00,70490.1,70523.9,70421.5,70523.9,93.3281
2026-03-24 03:55:00,70524.0,70542.1,70488.1,70519.8,71.8633
2026-03-24 04:00:00,70519.8,70555.0,70488.0,70547.7,133.5037
2026-03-24 04:05:00,70547.6,70726.7,70538.8,70615.3,448.422
2026-03-24 04:10:00,70615.3,70639.3,70582.7,70615.9,129.418
2026-03-24 04:15:00,70616.0,70636.5,70560.4,70587.8,81.6775
2026-03-24 04:20:00,70587.9,70610.6,70568.8,70577.3,52.3712
2026-03-24 04:25:00,70577.2,70589.1,70505.4,70505.4,102.2542
2026-03-24 04:30:00,70505.5,70505.5,70281.3,70359.4,420.6645
2026-03-24 04:35:00,70359.4,70359.4,70288.5,70339.3,127.6507
2026-03-24 04:40:00,70339.2,70362.7,70278.0,70311.0,157.7285
2026-03-24 04:45:00,70311.0,70359.5,70275.4,70275.5,212.8395
2026-03-24 04:50:00,70275.5,70417.0,70226.4,70412.2,431.7108
2026-03-24 04:55:00,70412.1,70417.0,70342.1,70353.0,132.1672
2026-03-24 05:00:00,70353.0,70356.9,70171.3,70179.8,465.4254
2026-03-24 05:05:00,70179.7,70205.7,70123.8,70148.5,393.8205
2026-03-24 05:10:00,70148.6,70219.6,70130.0,70138.4,261.9944
2026-03-24 05:15:00,70138.4,70322.4,70133.0,70200.1,368.3208
2026-03-24 05:20:00,70200.0,70219.0,70093.0,70151.1,271.6672
2026-03-24 05:25:00,70151.1,70237.6,70138.9,70152.2,209.7945
2026-03-24 05:30:00,70152.2,70245.9,70121.7,70167.0,113.4177
2026-03-24 05:35:00,70167.1,70258.5,70167.0,70240.1,163.373
2026-03-24 05:40:00,70240.1,70346.5,70240.0,70298.2,209.867
2026-03-24 05:45:00,70298.2,70349.9,70270.0,70275.1,130.2503
2026-03-24 05:50:00,70275.0,70326.1,70243.6,70283.5,135.5092
2026-03-24 05:55:00,70283.5,70283.5,70219.6,70254.6,77.1779
2026-03-24 06:00:00,70254.6,70352.8,70224.0,70328.0,179.1684
2026-03-24 06:05:00,70328.0,70388.3,70313.2,70335.1,233.0512
2026-03-24 06:10:00,70335.1,70335.8,70262.4,70330.1,139.8525
2026-03-24 06:15:00,70330.2,70400.0,70317.6,70320.4,126.0669
2026-03-24 06:20:00,70320.3,70444.0,70300.0,70331.5,251.6109
2026-03-24 06:25:00,70331.5,70364.0,70295.9,70350.1,225.2363
2026-03-24 06:30:00,70350.1,70484.1,70350.1,70430.1,304.9469
2026-03-24 06:35:00,70430.1,70459.7,70401.2,70430.4,88.9976
2026-03-24 06:40:00,70430.5,70474.0,70411.8,70438.1,101.4496
2026-03-24 06:45:00,70438.1,70469.0,70419.7,70457.2,110.3207
2026-03-24 06:50:00,70457.3,70478.4,70400.0,70465.4,165.4725
2026-03-24 06:55:00,70465.4,70550.0,70455.1,70511.2,262.4082
2026-03-24 07:00:00,70511.2,70545.9,70454.9,70543.0,250.9118
2026-03-24 07:05:00,70543.0,70788.6,70537.3,70770.0,1106.5097
2026-03-24 07:10:00,70770.0,70888.0,70744.6,70798.9,770.4867
2026-03-24 07:15:00,70798.9,70940.0,70752.0,70885.5,740.3445
2026-03-24 07:20:00,70885.5,70985.0,70871.5,70897.2,580.7189
2026-03-24 07:25:00,70897.2,70928.2,70850.7,70890.8,330.8239
2026-03-24 07:30:00,70890.7,70934.6,70800.0,70896.0,534.0632
2026-03-24 07:35:00,70896.1,70900.0,70781.5,70839.6,411.5773
2026-03-24 07:40:00,70839.5,70900.0,70830.6,70879.2,229.5467
2026-03-24 07:45:00,70879.2,70955.0,70804.4,70931.4,304.2217
2026-03-24 07:50:00,70931.3,71049.8,70890.4,70992.4,928.4766
2026-03-24 07:55:00,70992.4,71375.0,70991.6,71260.7,1394.1805
2026-03-24 08:00:00,71260.7,71312.5,71103.4,71134.5,671.8502
2026-03-24 08:05:00,71134.5,71211.2,71066.7,71104.6,312.6121
2026-03-24 08:10:00,71104.6,71147.2,71051.0,71106.8,294.0551
2026-03-24 08:15:00,71106.9,71111.1,70912.6,70912.7,440.8746
2026-03-24 08:20:00,70912.7,70972.0,70827.6,70890.1,744.5261
2026-03-24 08:25:00,70890.1,70901.1,70844.0,70884.8,249.7841
2026-03-24 08:30:00,70884.7,70929.0,70830.2,70913.0,259.429
2026-03-24 08:35:00,70913.0,71047.7,70899.5,71041.3,390.2588
2026-03-24 08:40:00,71041.2,71080.0,70974.5,71040.0,325.181
2026-03-24 08:45:00,71040.0,71074.5,70937.8,70941.4,167.4793
2026-03-24 08:50:00,70941.4,71018.3,70892.5,70941.3,307.366
2026-03-24 08:55:00,70941.2,70986.1,70860.0,70935.7,214.5487
2026-03-24 09:00:00,70935.7,71006.1,70917.0,71003.9,243.5018
2026-03-24 09:05:00,71003.9,71008.0,70926.4,70939.0,233.2513
2026-03-24 09:10:00,70938.9,70967.5,70838.5,70838.6,336.1112
2026-03-24 09:15:00,70838.6,71000.0,70814.0,71000.0,337.94
2026-03-24 09:20:00,71000.0,71018.6,70903.1,70933.5,147.0576
2026-03-24 09:25:00,70933.5,71009.9,70933.4,70986.6,102.2079
2026-03-24 09:30:00,70986.6,71066.5,70951.2,70987.7,245.6352
2026-03-24 09:35:00,70987.8,71057.3,70987.7,71057.3,127.2517
2026-03-24 09:40:00,71057.4,71220.0,71057.3,71212.8,538.9513
2026-03-24 09:45:00,71212.7,71219.8,71150.1,71186.1,157.16
2026-03-24 09:50:00,71186.2,71300.0,71123.1,71294.1,440.0416
2026-03-24 09:55:00,71294.1,71339.7,71274.7,71290.7,309.511
2026-03-24 10:00:00,71290.6,71300.0,71192.6,71236.7,258.3306
2026-03-24 10:05:00,71236.7,71300.0,71207.9,71293.2,138.762
2026-03-24 10:10:00,71293.2,71300.0,71205.6,71228.1,173.8285
2026-03-24 10:15:00,71228.1,71228.2,71111.5,71160.2,343.1693
2026-03-24 10:20:00,71160.3,71220.0,71120.1,71161.6,132.8886
2026-03-24 10:25:00,71161.6,71164.0,71080.0,71083.9,119.2137
2026-03-24 10:30:00,71084.0,71154.8,71056.7,71075.0,356.7886
2026-03-24 10:35:00,71075.0,71220.0,71067.5,71211.1,131.9719
2026-03-24 10:40:00,71211.0,71251.8,71171.8,71215.4,174.3735
2026-03-24 10:45:00,71215.4,71215.4,71119.3,71148.4,107.3074
2026-03-24 10:50:00,71148.4,71194.4,71136.2,71182.9,173.1164
2026-03-24 10:55:00,71182.9,71264.9,71178.1,71243.2,121.5312
2026-03-24 11:00:00,71243.2,71250.3,70935.7,70980.9,1034.791
2026-03-24 11:05:00,70980.8,71150.0,70978.6,71146.7,215.4951
2026-03-24 11:10:00,71146.7,71173.0,71040.7,71078.4,220.4655
2026-03-24 11:15:00,71078.5,71097.3,70920.0,70988.4,295.8943
2026-03-24 11:20:00,70988.4,71011.3,70948.8,71011.0,98.7681
2026-03-24 11:25:00,71011.0,71050.0,70955.6,71031.7,96.1571
2026-03-24 11:30:00,71031.6,71154.1,71000.0,71154.1,171.4344
2026-03-24 11:35:00,71154.2,71240.0,71100.9,71200.7,246.3
2026-03-24 11:40:00,71200.6,71287.4,71179.2,71207.0,246.9594
2026-03-24 11:45:00,71207.0,71287.9,71193.6,71249.9,238.6017
2026-03-24 11:50:00,71249.9,71250.0,70984.0,71060.0,373.6648
2026-03-24 11:55:00,71060.1,71128.9,71060.0,71128.1,118.0754
2026-03-24 12:00:00,71128.9,71157.3,70980.0,70980.1,215.5945
2026-03-24 12:05:00,70980.0,71018.0,70948.8,71018.0,193.384
2026-03-24 12:10:00,71017.9,71086.0,70945.1,71036.4,205.9179
2026-03-24 12:15:00,71036.4,71059.7,70963.4,71015.0,152.7075
2026-03-24 12:20:00,71015.0,71060.9,70980.0,71035.1,122.9818
2026-03-24 12:25:00,71035.1,71083.2,71002.9,71057.1,82.9045
2026-03-24 12:30:00,71057.0,71057.1,70845.0,70879.4,286.8171
2026-03-24 12:35:00,70879.3,70932.2,70833.0,70884.3,339.6587
2026-03-24 12:40:00,70884.3,70966.6,70868.1,70868.2,136.525
2026-03-24 12:45:00,70868.2,70908.9,70843.9,70857.7,251.8396
2026-03-24 12:50:00,70857.6,71006.0,70857.6,70950.0,186.2291
2026-03-24 12:55:00,70949.9,70956.3,70900.0,70930.7,103.7623
2026-03-24 13:00:00,70930.8,71035.0,70913.5,70946.6,160.6574
2026-03-24 13:05:00,70946.6,71000.0,70604.7,70690.6,899.2357
2026-03-24 13:10:00,70690.5,70856.7,70675.2,70795.4,395.4273
2026-03-24 13:15:00,70795.5,70835.2,70577.6,70580.6,474.1577
2026-03-24 13:20:00,70580.6,70650.0,70530.2,70622.0,748.9383
2026-03-24 13:25:00,70622.0,70682.1,70550.0,70573.0,256.1326
2026-03-24 13:30:00,70573.1,70753.2,70540.0,70700.1,765.2998
2026-03-24 13:35:00,70700.1,70726.8,70423.6,70456.7,748.2898
2026-03-24 13:40:00,70456.7,70460.0,70222.0,70292.6,1659.1089
2026-03-24 13:45:00,70292.6,70419.2,70173.0,70216.4,903.0112
2026-03-24 13:50:00,70216.4,70300.0,69942.0,70047.3,2177.987
2026-03-24 13:55:00,70047.3,70150.0,69950.6,70075.0,842.9718
2026-03-24 14:00:00,70074.9,70280.3,70051.4,70272.4,866.4991
2026-03-24 14:05:00,70272.4,70435.6,70187.9,70296.1,725.0031
2026-03-24 14:10:00,70296.1,70305.4,69713.5,69833.4,2117.7924
2026-03-24 14:15:00,69833.4,69950.0,69757.8,69887.6,1102.858
2026-03-24 14:20:00,69887.6,69983.2,69808.3,69885.1,522.8032
2026-03-24 14:25:00,69885.1,70066.5,69805.1,69965.7,680.9245
2026-03-24 14:30:00,69965.8,70112.1,69944.7,70110.7,496.7827
2026-03-24 14:35:00,70110.6,70110.6,69801.1,69801.1,465.0527
2026-03-24 14:40:00,69801.0,69866.8,69725.2,69815.0,757.8714
2026-03-24 14:45:00,69815.1,69825.0,69558.6,69600.9,1910.8454
2026-03-24 14:50:00,69600.9,70046.7,69460.0,69872.9,2473.4453
2026-03-24 14:55:00,69872.9,70020.0,69683.8,69847.4,1054.0648
2026-03-24 15:00:00,69847.4,70029.9,69842.9,69962.0,612.8184
2026-03-24 15:05:00,69962.0,70028.9,69885.5,69932.7,535.8039
2026-03-24 15:10:00,69932.8,70008.0,69818.2,69930.0,369.6433
2026-03-24 15:15:00,69930.0,69994.0,69880.0,69933.5,321.4802
2026-03-24 15:20:00,69933.6,70222.0,69884.3,70171.6,1201.678
2026-03-24 15:25:00,70171.6,70214.5,69965.8,69994.6,980.7714
2026-03-24 15:30:00,69994.6,70035.0,69721.1,69887.6,800.3516
2026-03-24 15:35:00,69887.6,70138.0,69868.6,70060.2,724.983
2026-03-24 15:40:00,70060.2,70120.6,69965.3,70012.7,349.019
2026-03-24 15:45:00,70012.6,70028.7,69920.6,70022.4,550.3013
2026-03-24 15:50:00,70022.4,70155.0,70013.0,70064.7,524.1051
2026-03-24 15:55:00,70064.7,70064.8,69824.7,69832.1,636.3742
2026-03-24 16:00:00,69832.0,69858.6,69772.0,69802.9,414.1532
2026-03-24 16:05:00,69802.9,69876.8,69760.0,69855.9,226.617
2026-03-24 16:10:00,69855.9,69912.5,69827.8,69884.7,163.7591
2026-03-24 16:15:00,69884.7,69980.7,69830.1,69927.1,184.5374
2026-03-24 16:20:00,69927.1,69939.8,69811.6,69819.3,251.3229
2026-03-24 16:25:00,69819.3,69844.7,69630.9,69771.9,763.6701
2026-03-24 16:30:00,69772.0,69815.0,69603.4,69695.7,371.3037
2026-03-24 16:35:00,69695.8,69709.5,69230.9,69370.0,1732.2991
2026-03-24 16:40:00,69370.0,69539.3,69330.4,69539.3,756.1821
2026-03-24 16:45:00,69539.3,69595.9,69454.3,69475.5,696.1943
2026-03-24 16:50:00,69475.4,69589.9,69467.3,69490.0,203.4863
2026-03-24 16:55:00,69490.1,69505.1,69388.1,69446.9,340.0598
2026-03-24 17:00:00,69446.9,69490.0,69253.3,69283.8,421.9005
2026-03-24 17:05:00,69283.8,69283.8,69090.0,69135.2,2302.1563
2026-03-24 17:10:00,69135.2,69238.4,69103.5,69210.9,780.6412
2026-03-24 17:15:00,69211.0,69269.1,69065.0,69094.5,917.3553
2026-03-24 17:20:00,69094.5,69205.0,69085.6,69169.9,476.5877
2026-03-24 17:25:00,69169.9,69180.1,69083.8,69150.8,177.2533
2026-03-24 17:30:00,69150.8,69217.8,69027.6,69099.8,492.1976
2026-03-24 17:35:00,69099.8,69310.5,69052.7,69244.1,506.5486
2026-03-24 17:40:00,69244.0,69263.5,68868.1,68916.9,1417.343
2026-03-24 17:45:00,68917.0,69038.0,68890.0,69032.2,644.7952
2026-03-24 17:50:00,69032.1,69133.2,68970.5,69029.5,278.9915
2026-03-24 17:55:00,69029.4,69233.8,68978.9,69206.2,851.8223
2026-03-24 18:00:00,69206.2,69300.0,69119.3,69234.0,746.7546
2026-03-24 18:05:00,69234.0,69306.8,69165.5,69287.4,437.0085
2026-03-24 18:10:00,69287.4,69364.5,69225.3,69336.1,358.9781
2026-03-24 18:15:00,69336.0,69385.1,69248.3,69364.3,216.1223
2026-03-24 18:20:00,69364.3,69460.1,69326.2,69413.1,536.5079
2026-03-24 18:25:00,69413.2,69455.1,69350.0,69384.0,204.3284
2026-03-24 18:30:00,69384.1,69565.4,69345.5,69483.9,515.3421
2026-03-24 18:35:00,69483.9,69720.1,69469.8,69719.1,641.5152
2026-03-24 18:40:00,69719.0,69719.0,69451.5,69492.5,385.5609
2026-03-24 18:45:00,69492.4,69540.0,69403.8,69432.4,235.3806
2026-03-24 18:50:00,69432.4,69538.0,69422.4,69494.9,244.7024
2026-03-24 18:55:00,69494.8,69495.9,69383.1,69388.4,235.8943
2026-03-24 19:00:00,69388.4,69511.1,69385.9,69486.9,278.2072
2026-03-24 19:05:00,69486.9,69588.1,69463.1,69563.3,79.1924
2026-03-24 19:10:00,69563.3,69613.5,69546.5,69602.6,134.206
2026-03-24 19:15:00,69602.6,69666.0,69569.4,69630.8,333.5269
2026-03-24 19:20:00,69630.9,69630.9,69535.8,69557.9,233.8242
2026-03-24 19:25:00,69557.9,69558.8,69483.3,69499.9,117.975
2026-03-24 19:30:00,69499.9,69500.0,69350.1,69372.7,374.4226
2026-03-24 19:35:00,69372.7,69425.0,69318.6,69396.0,145.1852
2026-03-24 19:40:00,69395.9,69437.2,69377.8,69410.8,60.99
2026-03-24 19:45:00,69410.7,69410.7,69265.0,69274.3,153.8373
2026-03-24 19:50:00,69274.4,69331.4,69232.3,69331.4,197.9742
2026-03-24 19:55:00,69331.4,69357.1,69260.9,69336.5,161.8654
2026-03-24 20:00:00,69336.5,69374.7,69291.7,69291.7,217.2834
2026-03-24 20:05:00,69291.8,69325.0,69251.8,69310.9,118.8648
2026-03-24 20:10:00,69311.0,69378.2,69306.9,69378.2,59.1344
2026-03-24 20:15:00,69378.2,69490.0,69378.2,69489.9,101.1263
2026-03-24 20:20:00,69490.0,69922.0,69489.9,69922.0,1334.2206
2026-03-24 20:25:00,69921.9,70263.0,69907.7,69969.7,1694.9898
2026-03-24 20:30:00,69969.7,70169.0,69938.2,69942.3,701.0429
2026-03-24 20:35:00,69942.4,70119.4,69923.7,70091.0,447.7748
2026-03-24 20:40:00,70091.0,70098.8,69980.0,70020.9,289.093
2026-03-24 20:45:00,70020.9,70067.2,69853.4,70056.5,387.7208
2026-03-24 20:50:00,70056.5,70226.2,70000.0,70029.8,440.8477
2026-03-24 20:55:00,70029.8,70094.7,70012.7,70063.9,86.4936
2026-03-24 21:00:00,70063.9,70153.3,70050.0,70136.9,274.0315
2026-03-24 21:05:00,70136.9,70180.0,69965.0,69999.9,326.4245
2026-03-24 21:10:00,69999.9,70021.7,69900.3,69961.4,242.1688
2026-03-24 21:15:00,69961.5,69995.0,69900.4,69959.1,164.5369
2026-03-24 21:20:00,69959.2,69960.0,69864.1,69871.0,112.4982
2026-03-24 21:25:00,69871.0,70072.5,69871.0,70023.2,266.4378
2026-03-24 21:30:00,70023.3,70116.6,69995.5,70027.4,322.2889
2026-03-24 21:35:00,70027.4,70200.0,70011.2,70166.1,432.9362
2026-03-24 21:40:00,70166.2,70373.7,70123.0,70243.6,744.1932
2026-03-24 21:45:00,70243.6,70372.8,70189.9,70292.5,219.6966
2026-03-24 21:50:00,70292.4,70309.2,70164.1,70249.9,128.3977
2026-03-24 21:55:00,70249.9,70300.0,70172.5,70291.1,155.149
2026-03-24 22:00:00,70291.1,70321.0,70178.6,70250.0,150.4472
2026-03-24 22:05:00,70250.1,70516.9,70238.9,70475.9,568.0062
2026-03-24 22:10:00,70475.8,70553.0,70441.3,70496.0,592.9289
2026-03-24 22:15:00,70496.0,70510.4,70366.0,70390.2,262.3038
2026-03-24 22:20:00,70390.2,70414.9,70350.0,70399.9,122.7926
2026-03-24 22:25:00,70399.9,70400.0,70157.3,70205.4,328.0759
2026-03-24 22:30:00,70205.3,70277.2,70081.0,70180.1,503.9578
2026-03-24 22:35:00,70180.1,70245.3,70136.0,70220.1,263.908
2026-03-24 22:40:00,70220.1,70288.0,70202.0,70250.2,71.8414
2026-03-24 22:45:00,70250.1,70299.9,70204.1,70299.9,218.0962
2026-03-24 22:50:00,70300.0,70360.3,70229.8,70300.0,192.9921
2026-03-24 22:55:00,70300.0,70332.7,70272.0,70272.0,84.2719
2026-03-24 23:00:00,70272.1,70319.0,70230.0,70284.7,217.486
2026-03-24 23:05:00,70284.6,70500.0,70241.5,70493.4,348.2438
2026-03-24 23:10:00,70493.3,70551.0,70476.2,70504.3,326.4312
2026-03-24 23:15:00,70504.3,70550.0,70475.0,70501.1,273.1794
2026-03-24 23:20:00,70501.1,70694.0,70460.1,70510.3,687.5744
2026-03-24 23:25:00,70510.2,70739.2,70500.1,70717.5,436.8683
2026-03-24 23:30:00,70717.6,70804.9,70687.0,70723.3,530.5348
2026-03-24 23:35:00,70723.3,70762.6,70675.5,70734.9,142.7145
2026-03-24 23:40:00,70734.8,70762.9,70623.0,70623.0,303.6092
2026-03-24 23:45:00,70623.0,70660.0,70530.0,70619.9,324.1956
2026-03-24 23:50:00,70620.0,70622.1,70546.0,70552.1,115.4865
2026-03-24 23:55:00,70552.0,70563.0,70491.0,70523.8,133.7494
2026-03-25 00:00:00,70523.9,70613.0,70485.5,70597.6,203.6503
2026-03-25 00:05:00,70597.6,70667.5,70522.5,70667.4,220.8021
2026-03-25 00:10:00,70667.5,70730.5,70636.2,70691.6,187.4539
2026-03-25 00:15:00,70691.5,70698.0,70527.5,70575.0,214.3885
2026-03-25 00:20:00,70575.1,70597.9,70534.1,70576.9,84.423
2026-03-25 00:25:00,70576.9,70650.0,70576.9,70632.8,108.6171
2026-03-25 00:30:00,70632.9,70835.3,70417.6,70775.4,564.9206
2026-03-25 00:35:00,70775.4,70879.9,70758.0,70863.9,440.1094
2026-03-25 00:40:00,70863.9,71022.6,70851.0,70888.0,1125.3306
2026-03-25 00:45:00,70888.0,70965.8,70842.0,70842.1,247.2901
2026-03-25 00:50:00,70842.0,70860.0,70750.7,70843.9,205.8546
2026-03-25 00:55:00,70844.0,70900.0,70804.5,70805.0,152.4527
2026-03-25 01:00:00,70805.0,70857.2,70726.8,70784.3,387.75
2026-03-25 01:05:00,70784.3,70826.1,70674.4,70796.6,240.0347
2026-03-25 01:10:00,70796.6,70950.0,70766.5,70769.8,221.1904
2026-03-25 01:15:00,70769.7,70795.2,70682.0,70696.1,208.349
2026-03-25 01:20:00,70696.1,70822.7,70696.1,70700.1,125.4433
2026-03-25 01:25:00,70700.1,70742.2,70650.0,70734.8,149.6068
2026-03-25 01:30:00,70734.7,70773.8,70596.2,70626.8,542.1285
2026-03-25 01:35:00,70626.7,70698.1,70602.2,70645.2,132.5579
2026-03-25 01:40:00,70645.2,70780.6,70605.0,70714.2,212.4117
2026-03-25 01:45:00,70714.3,70768.3,70677.6,70751.6,87.7732
2026-03-25 01:50:00,70751.6,70792.8,70733.3,70748.9,82.3791
2026-03-25 01:55:00,70748.9,70763.2,70643.5,70648.9,175.5906
2026-03-25 02:00:00,70649.2,70679.9,70563.4,70620.0,236.7751
2026-03-25 02:05:00,70620.0,70624.6,70566.8,70580.0,135.0914
2026-03-25 02:10:00,70579.9,70620.0,70515.2,70572.3,307.8106
2026-03-25 02:15:00,70572.4,70620.8,70476.6,70570.2,344.955
2026-03-25 02:20:00,70570.2,70608.3,70545.6,70556.0,116.5094
2026-03-25 02:25:00,70555.9,70636.0,70540.0,70562.0,104.9695
2026-03-25 02:30:00,70562.0,70622.0,70483.7,70599.2,139.1473
2026-03-25 02:35:00,70599.1,70735.0,70580.5,70684.5,166.4351
2026-03-25 02:40:00,70684.5,70728.6,70660.8,70663.2,182.5738
2026-03-25 02:45:00,70663.2,70713.9,70590.9,70607.4,84.2497
2026-03-25 02:50:00,70607.4,70623.1,70556.0,70556.0,91.6177
2026-03-25 02:55:00,70556.0,70558.2,70450.0,70499.9,315.318
2026-03-25 03:00:00,70499.9,70549.8,70483.6,70537.0,171.884
2026-03-25 03:05:00,70537.0,70537.0,70450.0,70469.6,255.8856
2026-03-25 03:10:00,70469.6,70507.6,70387.4,70468.0,224.5947
2026-03-25 03:15:00,70468.0,70483.0,70362.3,70456.3,260.6163
2026-03-25 03:20:00,70456.2,70461.2,70400.6,70426.6,146.3677
2026-03-25 03:25:00,70426.6,70533.5,70407.1,70502.0,202.9071
2026-03-25 03:30:00,70502.0,70678.8,70502.0,70628.1,362.4443
2026-03-25 03:35:00,70628.0,70791.9,70628.0,70737.1,601.0554
2026-03-25 03:40:00,70737.2,70750.0,70689.4,70720.0,163.653
2026-03-25 03:45:00,70720.0,70780.0,70701.9,70701.9,133.819
2026-03-25 03:50:00,70702.0,70745.4,70682.7,70693.0,124.2568
2026-03-25 03:55:00,70693.0,70740.0,70681.7,70688.7,68.2947
2026-03-25 04:00:00,70688.8,70740.9,70673.2,70689.6,122.8388
2026-03-25 04:05:00,70689.5,70871.0,70689.5,70871.0,220.2255
2026-03-25 04:10:00,70871.0,70871.0,70810.7,70820.0,206.7034
2026-03-25 04:15:00,70820.1,70820.1,70749.3,70818.0,82.6866
2026-03-25 04:20:00,70817.9,70841.2,70761.2,70841.2,103.3445
2026-03-25 04:25:00,70841.1,70928.6,70805.8,70845.9,235.6582
2026-03-25 04:30:00,70846.0,70862.0,70742.0,70742.1,128.9737
2026-03-25 04:35:00,70742.0,70775.4,70708.8,70735.1,155.673
2026-03-25 04:40:00,70735.2,70799.1,70735.2,70743.8,99.0532
2026-03-25 04:45:00,70743.8,70766.1,70704.2,70716.0,99.1052
2026-03-25 04:50:00,70716.0,70768.4,70716.0,70760.9,96.0923
2026-03-25 04:55:00,70760.9,70968.6,70760.9,70940.8,313.8398
2026-03-25 05:00:00,70940.9,70977.3,70903.5,70952.9,544.7758
2026-03-25 05:05:00,70952.9,71278.5,70952.9,71180.6,1458.9308
2026-03-25 05:10:00,71180.7,71315.0,71163.2,71214.2,845.9503
2026-03-25 05:15:00,71214.2,71222.0,71076.7,71089.8,334.4643
2026-03-25 05:20:00,71089.8,71144.9,71088.4,71088.4,214.0942
2026-03-25 05:25:00,71088.4,71180.0,71051.3,71165.9,250.7087
2026-03-25 05:30:00,71165.9,71209.4,71069.4,71101.9,221.8916
2026-03-25 05:35:00,71101.9,71173.1,71100.1,71127.4,111.2217
2026-03-25 05:40:00,71127.5,71219.6,71120.0,71192.8,133.6795
2026-03-25 05:45:00,71192.8,71214.4,71085.1,71093.3,146.0945
2026-03-25 05:50:00,71093.3,71100.0,71056.6,71090.8,108.9306
2026-03-25 05:55:00,71090.7,71090.8,71039.1,71083.0,140.4171
2026-03-25 06:00:00,71083.0,71128.7,71018.7,71035.6,159.3207
2026-03-25 06:05:00,71035.6,71035.9,70964.4,70992.0,288.4667
2026-03-25 06:10:00,70992.0,71043.1,70992.0,71043.1,100.7168
2026-03-25 06:15:00,71043.1,71185.0,71043.1,71161.2,245.265
2026-03-25 06:20:00,71161.1,71220.0,71144.8,71167.8,299.4492
2026-03-25 06:25:00,71167.7,71200.0,71163.8,71194.9,147.2226
2026-03-25 06:30:00,71195.0,71217.2,71130.0,71204.0,227.674
2026-03-25 06:35:00,71203.9,71204.9,71125.0,71144.0,254.0864
2026-03-25 06:40:00,71144.0,71195.0,71144.0,71154.4,74.7458
2026-03-25 06:45:00,71154.5,71192.7,71135.0,71157.6,209.7783
2026-03-25 06:50:00,71157.6,71173.9,71101.5,71108.6,152.5254
2026-03-25 06:55:00,71108.7,71108.7,70941.5,70949.1,314.4233
2026-03-25 07:00:00,70949.2,71027.7,70911.1,70995.2,440.3486
2026-03-25 07:05:00,70995.2,71027.7,70966.3,70992.8,180.9279
2026-03-25 07:10:00,70992.9,71108.4,70992.8,71102.1,133.0886
2026-03-25 07:15:00,71102.1,71117.3,71035.5,71068.7,145.9383
2026-03-25 07:20:00,71068.7,71068.8,71003.0,71003.0,94.9639
2026-03-25 07:25:00,71003.1,71039.7,71003.1,71025.2,97.0429
2026-03-25 07:30:00,71025.2,71160.7,71025.2,71136.5,158.6409
2026-03-25 07:35:00,71136.5,71181.8,71113.9,71175.0,144.289
2026-03-25 07:40:00,71174.9,71234.0,70929.9,71014.6,935.9143
2026-03-25 07:45:00,71014.7,71040.0,70841.5,70935.0,569.7567
2026-03-25 07:50:00,70935.0,70935.1,70870.0,70870.1,199.6613
2026-03-25 07:55:00,70870.1,70898.2,70844.0,70891.2,228.5582
2026-03-25 08:00:00,70891.2,70977.2,70890.3,70963.3,291.9607
2026-03-25 08:05:00,70963.3,70963.3,70796.5,70814.5,917.4199
2026-03-25 08:10:00,70814.5,70818.5,70752.2,70769.6,351.7839
2026-03-25 08:15:00,70769.7,71061.7,70769.6,71061.7,376.2026
2026-03-25 08:20:00,71061.7,71106.7,71000.0,71037.9,223.6838
2026-03-25 08:25:00,71037.9,71218.8,71000.0,71154.5,385.0424
2026-03-25 08:30:00,71154.6,71494.0,71140.0,71453.0,1467.9983
2026-03-25 08:35:00,71453.1,71478.4,71260.0,71327.2,687.0213
2026-03-25 08:40:00,71327.2,71450.0,71327.2,71434.2,451.3192
2026-03-25 08:45:00,71434.2,71434.3,71275.8,71287.4,285.9876
2026-03-25 08:50:00,71287.4,71303.1,71210.2,71210.4,210.8762
2026-03-25 08:55:00,71210.5,71255.1,71166.7,71200.0,368.0998
2026-03-25 09:00:00,71200.1,71252.0,71178.7,71204.5,262.3208
2026-03-25 09:05:00,71204.6,71331.4,71191.4,71331.4,274.7396
2026-03-25 09:10:00,71331.4,71334.1,71249.9,71284.8,497.1169
2026-03-25 09:15:00,71284.8,71355.0,71265.8,71277.8,161.155
2026-03-25 09:20:00,71277.7,71350.0,71117.2,71182.6,279.1893
2026-03-25 09:25:00,71182.7,71279.0,71164.2,71216.2,133.5338
2026-03-25 09:30:00,71216.2,71283.1,71190.6,71212.1,213.7339
2026-03-25 09:35:00,71212.1,71256.8,71159.3,71253.6,184.5951
2026-03-25 09:40:00,71253.6,71264.0,71214.0,71220.3,68.8247
2026-03-25 09:45:00,71220.4,71220.4,71040.0,71118.0,431.8477
2026-03-25 09:50:00,71118.0,71194.4,71117.9,71183.0,191.174
2026-03-25 09:55:00,71183.0,71369.2,71183.0,71293.8,355.6346
2026-03-25 10:00:00,71293.7,71397.5,71233.9,71276.5,658.8894
2026-03-25 10:05:00,71276.5,71364.3,71266.0,71347.9,165.2008
2026-03-25 10:10:00,71348.0,71416.8,71343.0,71374.9,161.0186
2026-03-25 10:15:00,71374.9,71445.1,71325.4,71398.6,224.8439
2026-03-25 10:20:00,71398.7,71438.5,71332.7,71354.7,157.6227
2026-03-25 10:25:00,71354.6,71398.9,71352.0,71358.5,134.2127
2026-03-25 10:30:00,71358.4,71372.9,71251.0,71305.0,287.5972
2026-03-25 10:35:00,71305.0,71363.2,71298.1,71314.0,103.3699
2026-03-25 10:40:00,71314.1,71397.9,71268.0,71393.6,154.403
2026-03-25 10:45:00,71393.7,71651.2,71391.0,71500.0,1356.7414
2026-03-25 10:50:00,71499.9,71572.0,71484.9,71536.7,262.1657
2026-03-25 10:55:00,71536.8,71547.1,71446.4,71457.3,192.6094
2026-03-25 11:00:00,71457.3,71478.1,71428.7,71462.9,163.0792
2026-03-25 11:05:00,71462.9,71508.6,71428.7,71499.3,121.0449
2026-03-25 11:10:00,71499.4,71566.0,71470.7,71559.3,263.8086
2026-03-25 11:15:00,71559.3,71666.0,71559.3,71657.1,389.3018
2026-03-25 11:20:00,71657.2,71747.1,71605.1,71653.9,611.7607
2026-03-25 11:25:00,71654.0,71949.9,71644.3,71828.0,1389.8395
2026-03-25 11:30:00,71828.1,71949.0,71791.2,71892.9,1052.3721
2026-03-25 11:35:00,71893.0,71989.0,71782.4,71862.0,1185.9717
2026-03-25 11:40:00,71862.0,71886.5,71729.5,71772.7,700.0155
2026-03-25 11:45:00,71772.8,71778.4,71475.8,71550.0,881.4217
2026-03-25 11:50:00,71550.0,71650.0,71515.3,71599.8,720.0808
2026-03-25 11:55:00,71599.8,71657.9,71588.0,71643.6,172.6614
2026-03-25 12:00:00,71643.6,71764.9,71643.6,71758.8,302.3953
2026-03-25 12:05:00,71758.8,71816.9,71727.3,71780.1,232.1911
2026-03-25 12:10:00,71780.0,71798.0,71708.6,71714.9,145.2791
2026-03-25 12:15:00,71715.0,71718.1,71260.0,71386.5,1251.5311
2026-03-25 12:20:00,71386.5,71408.2,71056.3,71188.1,1607.9786
2026-03-25 12:25:00,71188.0,71323.6,71088.9,71307.0,977.8339
2026-03-25 12:30:00,71307.0,71336.7,71150.0,71332.5,572.0691
2026-03-25 12:35:00,71332.5,71363.0,71264.0,71362.9,312.7636
2026-03-25 12:40:00,71363.0,71458.8,71325.0,71326.8,459.5564
2026-03-25 12:45:00,71326.8,71333.3,71256.6,71289.9,245.7558
2026-03-25 12:50:00,71289.8,71384.1,71254.9,71384.1,193.7663
2026-03-25 12:55:00,71384.0,71932.9,71377.2,71680.0,1751.6178
2026-03-25 13:00:00,71680.1,71825.0,71600.0,71692.0,702.4688
2026-03-25 13:05:00,71692.0,71708.3,71600.4,71632.5,204.8561
2026-03-25 13:10:00,71632.5,71735.0,71620.7,71676.5,336.0648
2026-03-25 13:15:00,71676.5,71676.6,71560.0,71616.2,254.2001
2026-03-25 13:20:00,71616.2,71687.5,71575.0,71593.2,118.8258
2026-03-25 13:25:00,71593.2,71608.4,71540.6,71588.3,104.2606
2026-03-25 13:30:00,71588.3,71858.0,71580.1,71724.2,857.0247
2026-03-25 13:35:00,71724.1,71968.0,71724.0,71792.6,802.937
2026-03-25 13:40:00,71792.7,71926.0,71667.8,71695.7,606.3827
2026-03-25 13:45:00,71695.7,71799.0,71618.3,71634.0,307.1857
2026-03-25 13:50:00,71634.0,71719.0,71462.1,71622.0,438.597
2026-03-25 13:55:00,71622.0,71730.1,71508.0,71539.3,200.3765
2026-03-25 14:00:00,71539.3,71666.7,71368.7,71448.6,626.8931
2026-03-25 14:05:00,71448.5,71560.4,71350.0,71505.0,725.6994
2026-03-25 14:10:00,71504.7,71505.0,71265.0,71367.7,758.1163
2026-03-25 14:15:00,71367.7,71513.7,71290.0,71316.8,376.0469
2026-03-25 14:20:00,71317.3,71457.4,71225.1,71256.5,422.3598
2026-03-25 14:25:00,71256.5,71476.9,71254.1,71339.4,329.3068
2026-03-25 14:30:00,71339.5,71500.0,71294.0,71478.2,266.4828
2026-03-25 14:35:00,71478.3,71530.8,71271.0,71315.8,237.6829
2026-03-25 14:40:00,71315.8,71391.0,71298.8,71330.1,139.1197
2026-03-25 14:45:00,71330.1,71390.4,71242.0,71374.0,242.9858
2026-03-25 14:50:00,71374.0,71416.6,71306.9,71311.0,142.5591
2026-03-25 14:55:00,71311.0,71314.0,71191.9,71209.8,262.0556
2026-03-25 15:00:00,71209.7,71283.7,71181.8,71234.0,347.6774
2026-03-25 15:05:00,71234.1,71255.0,70868.4,70897.9,1887.1809
2026-03-25 15:10:00,70897.8,70996.1,70695.9,70800.0,1584.3629
2026-03-25 15:15:00,70799.9,70845.6,70550.0,70665.0,2016.5675
2026-03-25 15:20:00,70665.0,70945.0,70665.0,70899.3,967.3341
2026-03-25 15:25:00,70899.2,70996.0,70867.7,70989.9,480.4349
2026-03-25 15:30:00,70989.9,71062.0,70911.6,70936.4,791.8721
2026-03-25 15:35:00,70936.5,70950.0,70785.0,70833.6,411.4619
2026-03-25 15:40:00,70833.5,70880.0,70780.0,70854.4,299.9323
2026-03-25 15:45:00,70854.4,70877.0,70729.6,70855.6,487.77
2026-03-25 15:50:00,70855.7,70920.5,70816.3,70853.2,229.9878
2026-03-25 15:55:00,70853.2,70917.0,70791.0,70799.0,196.428
2026-03-25 16:00:00,70799.0,70868.0,70785.0,70833.1,368.5723
2026-03-25 16:05:00,70833.1,70960.0,70681.9,70938.6,542.304
2026-03-25 16:10:00,70938.6,70938.6,70811.1,70841.4,436.0346
2026-03-25 16:15:00,70841.4,70899.9,70799.5,70899.9,151.8849
2026-03-25 16:20:00,70900.0,71048.2,70850.0,71048.2,625.1477
2026-03-25 16:25:00,71048.1,71720.8,71040.5,71467.9,4001.2659
2026-03-25 16:30:00,71468.0,71493.3,71348.2,71385.0,760.0261
2026-03-25 16:35:00,71385.0,71600.0,71353.1,71591.2,384.3804
2026-03-25 16:40:00,71591.1,71591.2,71412.2,71430.0,393.7139
2026-03-25 16:45:00,71430.0,71439.8,71258.0,71290.0,418.4752
2026-03-25 16:50:00,71290.1,71380.9,71215.1,71361.9,293.6795
2026-03-25 16:55:00,71361.8,71384.7,71250.0,71289.9,130.1182
2026-03-25 17:00:00,71290.0,71358.0,71226.6,71271.4,201.3906
2026-03-25 17:05:00,71271.3,71271.3,71135.0,71157.0,229.2079
2026-03-25 17:10:00,71157.1,71169.5,71065.6,71117.5,345.344
2026-03-25 17:15:00,71117.5,71117.5,70921.4,70996.0,558.618
2026-03-25 17:20:00,70996.1,71108.4,70961.5,71049.5,217.8358
2026-03-25 17:25:00,71049.5,71176.4,71025.0,71036.1,223.3768
2026-03-25 17:30:00,71036.1,71041.4,70913.3,70972.0,216.1251
2026-03-25 17:35:00,70972.0,70999.0,70810.0,70861.1,370.6759
2026-03-25 17:40:00,70861.2,70979.6,70839.5,70884.6,234.4736
2026-03-25 17:45:00,70884.6,70950.0,70850.0,70865.5,136.7575
2026-03-25 17:50:00,70865.6,70900.8,70720.0,70763.1,502.8749
2026-03-25 17:55:00,70763.1,70815.5,70688.0,70749.4,407.3943
2026-03-25 18:00:00,70749.4,70839.9,70718.6,70812.4,482.2758
2026-03-25 18:05:00,70812.3,70915.0,70812.3,70843.9,324.9026
2026-03-25 18:10:00,70844.0,70900.0,70827.4,70899.3,101.9
2026-03-25 18:15:00,70899.3,71035.0,70898.0,70953.7,447.3417
2026-03-25 18:20:00,70953.7,71125.1,70953.6,71067.1,237.1797
2026-03-25 18:25:00,71067.1,71067.1,70926.6,70938.8,160.2481
2026-03-25 18:30:00,70938.7,70980.0,70861.3,70886.6,185.9148
2026-03-25 18:35:00,70886.6,70919.4,70805.0,70831.2,114.4285
2026-03-25 18:40:00,70831.1,70837.9,70760.0,70811.7,127.0825
2026-03-25 18:45:00,70811.6,70903.5,70806.7,70872.7,90.9669
2026-03-25 18:50:00,70872.7,70946.4,70872.7,70946.4,172.1347
2026-03-25 18:55:00,70946.4,70946.4,70650.0,70787.4,510.2098
2026-03-25 19:00:00,70787.4,70977.0,70746.7,70977.0,462.7862
2026-03-25 19:05:00,70977.0,70985.2,70821.8,70851.4,128.5694
2026-03-25 19:10:00,70851.4,70862.7,70736.7,70819.4,160.6184
2026-03-25 19:15:00,70819.3,70862.5,70794.2,70854.8,86.5637
2026-03-25 19:20:00,70854.8,70950.0,70850.0,70939.3,133.2845
2026-03-25 19:25:00,70939.2,70948.5,70858.2,70929.0,89.668
2026-03-25 19:30:00,70928.6,70935.4,70829.1,70896.8,38.3692
2026-03-25 19:35:00,70896.8,71036.3,70850.0,71018.4,167.1704
2026-03-25 19:40:00,71018.3,71068.1,70900.6,70907.0,156.116
2026-03-25 19:45:00,70907.0,70950.1,70855.5,70910.4,154.874
2026-03-25 19:50:00,70910.5,70967.9,70850.4,70867.5,97.6682
2026-03-25 19:55:00,70867.5,70878.2,70745.8,70855.7,220.1785
2026-03-25 20:00:00,70855.8,70879.6,70714.3,70722.6,142.2416
2026-03-25 20:05:00,70722.6,70757.5,70656.0,70679.1,324.8361
2026-03-25 20:10:00,70679.0,70735.6,70642.6,70710.6,130.5047
2026-03-25 20:15:00,70710.5,70776.9,70710.5,70767.5,55.0176
2026-03-25 20:20:00,70767.5,70767.5,70645.5,70682.0,109.5296
2026-03-25 20:25:00,70682.0,70720.8,70606.0,70685.4,175.0426
2026-03-25 20:30:00,70685.3,70722.4,70670.0,70702.2,37.8837
2026-03-25 20:35:00,70702.1,70813.1,70685.6,70797.7,86.7478
2026-03-25 20:40:00,70797.6,70917.0,70766.0,70916.9,303.5418
2026-03-25 20:45:00,70917.0,70955.9,70856.1,70939.8,71.2083
2026-03-25 20:50:00,70939.8,71030.0,70939.8,71025.5,192.7606
2026-03-25 20:55:00,71025.4,71025.5,70956.5,70972.9,239.207
2026-03-25 21:00:00,70973.0,71004.5,70923.8,70993.8,134.3318
2026-03-25 21:05:00,70993.8,71043.3,70913.1,71036.6,76.0201
2026-03-25 21:10:00,71036.6,71158.5,71031.6,71135.9,195.8384
2026-03-25 21:15:00,71135.9,71154.1,70970.0,71048.0,234.1001
2026-03-25 21:20:00,71048.0,71055.6,70970.0,70982.8,80.8724
2026-03-25 21:25:00,70982.9,70990.0,70916.3,70949.2,73.4193
2026-03-25 21:30:00,70949.3,70989.8,70927.0,70970.6,51.7641
2026-03-25 21:35:00,70970.6,71036.9,70958.6,71036.9,46.786
2026-03-25 21:40:00,71037.0,71072.6,71012.5,71030.2,68.8844
2026-03-25 21:45:00,71030.2,71080.0,70934.1,70956.0,64.2303
2026-03-25 21:50:00,70955.9,71010.0,70955.9,71000.0,34.3845
2026-03-25 21:55:00,70999.9,71011.3,70968.2,70999.9,32.7455
2026-03-25 22:00:00,70999.9,71100.0,70987.1,71057.6,116.6067
2026-03-25 22:05:00,71057.5,71057.5,70949.3,70949.4,44.8226
2026-03-25 22:10:00,70949.3,71000.0,70926.5,70959.8,91.1712
2026-03-25 22:15:00,70959.7,70981.7,70913.6,70981.7,47.654
2026-03-25 22:20:00,70981.7,71010.0,70945.7,71000.0,40.4216
2026-03-25 22:25:00,71000.0,71057.6,70984.7,71005.6,109.7442
2026-03-25 22:30:00,71005.5,71191.8,70994.0,71185.3,255.3835
2026-03-25 22:35:00,71185.4,71318.6,71148.1,71208.0,323.2912
2026-03-25 22:40:00,71208.1,71647.1,71193.0,71350.0,2260.1436
2026-03-25 22:45:00,71350.1,71434.5,71336.0,71362.4,228.4223
2026-03-25 22:50:00,71362.4,71386.2,71292.7,71320.0,188.7345
2026-03-25 22:55:00,71319.9,71380.0,71293.6,71342.6,176.2939
2026-03-25 23:00:00,71342.7,71427.3,71335.6,71393.5,225.3545
2026-03-25 23:05:00,71393.5,71402.9,71343.0,71362.4,108.8459
2026-03-25 23:10:00,71362.3,71405.9,71288.8,71288.8,119.7873
2026-03-25 23:15:00,71288.8,71288.9,71210.0,71236.0,120.2211
2026-03-25 23:20:00,71236.1,71351.2,71209.1,71351.0,148.5205
2026-03-25 23:25:00,71350.9,71409.3,71319.4,71336.5,140.5519
2026-03-25 23:30:00,71336.5,71350.0,71270.8,71315.9,211.0775
2026-03-25 23:35:00,71316.0,71340.0,71240.0,71240.0,87.8394
2026-03-25 23:40:00,71240.1,71261.1,71156.0,71195.8,240.2527
2026-03-25 23:45:00,71195.7,71234.5,71156.0,71200.4,116.4581
2026-03-25 23:50:00,71200.4,71320.0,71200.4,71313.7,126.2014
2026-03-25 23:55:00,71313.6,71362.9,71295.1,71307.0,103.0003
2026-03-26 00:00:00,71307.0,71348.0,71216.0,71216.0,189.9098
2026-03-26 00:05:00,71216.1,71261.9,71190.0,71190.0,143.8759
2026-03-26 00:10:00,71190.0,71218.5,71160.0,71218.5,104.3967
2026-03-26 00:15:00,71218.5,71358.3,71218.4,71222.7,198.2598
2026-03-26 00:20:00,71222.8,71288.5,71203.4,71271.1,66.7136
2026-03-26 00:25:00,71271.1,71276.1,71220.0,71268.6,62.6839
2026-03-26 00:30:00,71268.6,71349.5,71250.0,71269.9,169.0076
2026-03-26 00:35:00,71270.0,71378.1,71270.0,71304.7,123.8649
2026-03-26 00:40:00,71304.8,71346.8,71290.0,71326.9,65.4868
2026-03-26 00:45:00,71327.0,71416.7,71315.8,71369.3,324.1145
2026-03-26 00:50:00,71369.3,71369.4,71201.0,71201.0,204.8339
2026-03-26 00:55:00,71201.0,71274.9,71102.0,71270.9,294.7505
2026-03-26 01:00:00,71270.9,71359.8,71242.9,71266.4,203.6926
2026-03-26 01:05:00,71266.4,71275.9,71166.7,71222.6,269.5073
2026-03-26 01:10:00,71222.6,71266.0,71188.0,71240.1,105.8504
2026-03-26 01:15:00,71240.1,71240.1,71128.0,71186.4,214.6344
2026-03-26 01:20:00,71186.4,71279.9,71186.0,71278.0,60.0199
2026-03-26 01:25:00,71278.0,71349.0,71233.8,71288.2,160.5894
2026-03-26 01:30:00,71288.2,71329.0,71260.1,71299.9,71.7122
2026-03-26 01:35:00,71300.0,71310.0,71245.0,71299.9,65.3461
2026-03-26 01:40:00,71299.9,71302.5,71206.6,71222.4,149.1148
2026-03-26 01:45:00,71222.4,71245.7,71190.0,71192.8,56.3639
2026-03-26 01:50:00,71192.7,71260.0,71150.1,71220.0,206.4451
2026-03-26 01:55:00,71220.0,71279.0,71208.1,71220.0,46.274
2026-03-26 02:00:00,71220.0,71265.4,71212.1,71239.9,80.3989
2026-03-26 02:05:00,71239.9,71240.0,71093.6,71118.7,252.4339
2026-03-26 02:10:00,71118.7,71141.3,71020.0,71065.2,344.723
2026-03-26 02:15:00,71065.1,71070.0,70871.4,70912.1,525.214
2026-03-26 02:20:00,70912.0,70983.6,70861.4,70892.6,341.5589
2026-03-26 02:25:00,70892.6,70951.9,70873.0,70873.1,375.7024
2026-03-26 02:30:00,70873.0,70880.0,70650.0,70776.9,821.2724
2026-03-26 02:35:00,70776.9,70818.2,70700.0,70773.9,711.5901
2026-03-26 02:40:00,70774.0,70857.1,70764.8,70840.2,189.3296
2026-03-26 02:45:00,70840.2,70875.0,70810.0,70872.4,171.2083
2026-03-26 02:50:00,70872.3,70880.0,70827.9,70852.1,119.1763
2026-03-26 02:55:00,70852.1,70900.0,70852.1,70865.5,91.5831
2026-03-26 03:00:00,70865.4,70865.4,70747.6,70759.9,194.2378
2026-03-26 03:05:00,70759.9,70833.7,70730.0,70833.6,132.6236
2026-03-26 03:10:00,70833.6,70951.8,70830.7,70951.7,237.0468
2026-03-26 03:15:00,70951.8,70951.8,70878.1,70885.4,139.883
2026-03-26 03:20:00,70885.4,70888.0,70665.4,70735.5,758.6213
2026-03-26 03:25:00,70735.5,70777.0,70655.0,70683.6,470.29
2026-03-26 03:30:00,70683.7,70783.7,70683.6,70782.9,177.3131
2026-03-26 03:35:00,70782.9,70854.1,70776.1,70848.0,142.7699
2026-03-26 03:40:00,70848.0,70869.0,70829.4,70835.9,86.8579
2026-03-26 03:45:00,70835.9,70863.4,70805.9,70806.7,75.4928
2026-03-26 03:50:00,70806.7,70875.0,70770.0,70874.9,84.1829
2026-03-26 03:55:00,70875.0,70888.0,70843.9,70879.6,139.9816
2026-03-26 04:00:00,70880.0,70884.6,70800.0,70800.0,98.3905
2026-03-26 04:05:00,70800.0,70828.6,70780.0,70794.9,69.3202
2026-03-26 04:10:00,70795.0,70802.9,70707.8,70721.1,116.2637
2026-03-26 04:15:00,70721.0,70741.1,70686.0,70708.9,184.8363
2026-03-26 04:20:00,70709.0,70800.0,70708.9,70773.9,82.9325
2026-03-26 04:25:00,70773.9,70849.0,70773.9,70839.7,48.3886
2026-03-26 04:30:00,70839.8,70867.1,70799.7,70804.8,82.3677
2026-03-26 04:35:00,70804.8,70847.5,70804.8,70822.1,35.0387
2026-03-26 04:40:00,70822.1,70860.1,70808.2,70816.1,188.6141
2026-03-26 04:45:00,70816.2,70856.3,70816.1,70853.9,51.6522
2026-03-26 04:50:00,70853.9,70854.0,70789.9,70789.9,77.7658
2026-03-26 04:55:00,70789.9,70789.9,70730.1,70743.0,113.0075
2026-03-26 05:00:00,70743.0,70773.8,70708.0,70731.5,192.9796
2026-03-26 05:05:00,70731.6,70731.6,70443.1,70532.8,1552.7279
2026-03-26 05:10:00,70532.9,70564.6,70468.6,70541.0,322.9666
2026-03-26 05:15:00,70541.0,70566.8,70518.0,70545.9,206.9645
2026-03-26 05:20:00,70546.0,70611.8,70545.9,70596.6,184.6118
2026-03-26 05:25:00,70596.6,70600.0,70481.3,70550.1,160.4121
2026-03-26 05:30:00,70550.0,70579.9,70482.7,70555.6,155.0081
2026-03-26 05:35:00,70555.6,70608.1,70528.3,70530.1,179.6482
2026-03-26 05:40:00,70530.0,70530.1,70250.2,70282.1,729.4252
2026-03-26 05:45:00,70282.1,70357.6,70161.3,70324.1,931.7138
2026-03-26 05:50:00,70324.1,70324.1,70082.9,70083.1,799.2727
2026-03-26 05:55:00,70083.1,70105.0,69917.3,69994.7,1188.2319
2026-03-26 06:00:00,69994.7,70030.8,69833.7,69950.7,1038.9809
2026-03-26 06:05:00,69950.6,70080.0,69889.6,70071.1,530.3971
2026-03-26 06:10:00,70071.2,70071.2,69951.9,70043.4,308.0
2026-03-26 06:15:00,70043.5,70110.0,70005.0,70109.9,346.9819
2026-03-26 06:20:00,70110.0,70118.0,69934.1,69946.0,578.9916
2026-03-26 06:25:00,69946.0,70035.3,69873.0,70035.3,245.7859
2026-03-26 06:30:00,70035.2,70076.6,70000.1,70005.4,150.9056
2026-03-26 06:35:00,70005.3,70023.0,69951.5,70006.9,234.6106
2026-03-26 06:40:00,70006.9,70024.2,69960.0,69969.0,99.2994
2026-03-26 06:45:00,69969.0,70080.5,69963.0,70080.4,240.2092
2026-03-26 06:50:00,70080.4,70095.6,70060.0,70082.7,193.8037
2026-03-26 06:55:00,70082.6,70133.0,70043.9,70063.5,255.5493
2026-03-26 07:00:00,70063.6,70153.5,69993.0,70118.6,280.0638
2026-03-26 07:05:00,70118.7,70118.7,69990.1,70066.5,124.6061
2026-03-26 07:10:00,70066.5,70074.8,70001.1,70014.0,114.3272
2026-03-26 07:15:00,70014.1,70041.0,69981.4,69985.1,192.1428
2026-03-26 07:20:00,69985.0,70071.9,69865.1,70029.5,375.2087
2026-03-26 07:25:00,70029.6,70036.6,69900.1,69938.8,169.8834
2026-03-26 07:30:00,69938.8,69960.0,69751.0,69930.2,884.7616
2026-03-26 07:35:00,69930.2,70030.0,69906.0,70030.0,197.9446
2026-03-26 07:40:00,70029.9,70089.0,70013.0,70038.7,391.8301
2026-03-26 07:45:00,70038.6,70066.9,70019.4,70055.4,114.9595
2026-03-26 07:50:00,70055.5,70134.9,70051.1,70130.0,209.6687
2026-03-26 07:55:00,70129.9,70130.0,70051.1,70061.6,145.1171
2026-03-26 08:00:00,70061.5,70100.0,70021.9,70030.0,159.1935
2026-03-26 08:05:00,70030.0,70100.0,69988.2,70016.0,193.0427
2026-03-26 08:10:00,70016.0,70016.0,69863.0,69898.5,236.1996
2026-03-26 08:15:00,69898.4,69980.0,69833.3,69856.6,197.0049
2026-03-26 08:20:00,69856.7,69900.0,69780.4,69839.3,442.9481
2026-03-26 08:25:00,69839.3,69862.6,69792.5,69792.6,301.022
2026-03-26 08:30:00,69792.7,69851.5,69764.4,69838.9,219.1112
2026-03-26 08:35:00,69839.0,69891.4,69809.0,69812.7,109.4885
2026-03-26 08:40:00,69812.8,69949.7,69780.1,69910.0,484.9942
2026-03-26 08:45:00,69910.0,70024.6,69866.7,69933.5,410.7792
2026-03-26 08:50:00,69933.5,69996.0,69893.3,69936.9,163.175
2026-03-26 08:55:00,69936.9,70015.9,69925.3,69992.1,114.9848
2026-03-26 09:00:00,69992.1,70006.4,69900.0,69957.3,249.7496
2026-03-26 09:05:00,69957.3,70120.1,69945.0,70049.6,675.0737
2026-03-26 09:10:00,70049.6,70100.1,69988.0,70006.7,327.9923
2026-03-26 09:15:00,70006.7,70006.7,69854.2,69934.3,304.2307
2026-03-26 09:20:00,69934.2,69998.0,69934.2,69937.7,92.7345
2026-03-26 09:25:00,69937.7,70014.1,69920.9,69995.4,124.0592
2026-03-26 09:30:00,69995.3,69995.3,69419.3,69434.2,2830.317
2026-03-26 09:35:00,69434.1,69567.0,69407.0,69425.1,720.0706
2026-03-26 09:40:00,69425.1,69502.7,69417.7,69483.9,462.8794
2026-03-26 09:45:00,69483.9,69483.9,69366.1,69386.4,483.8531
2026-03-26 09:50:00,69386.4,69580.0,69381.1,69564.5,434.6995
2026-03-26 09:55:00,69564.6,69588.0,69530.4,69550.1,195.8798
2026-03-26 10:00:00,69550.1,69563.7,69470.0,69507.2,319.6568
2026-03-26 10:05:00,69507.1,69607.3,69480.0,69525.0,300.6974
2026-03-26 10:10:00,69524.9,69559.2,69480.0,69559.0,189.8348
2026-03-26 10:15:00,69558.9,69645.0,69550.2,69628.1,320.2831
2026-03-26 10:20:00,69628.1,69694.3,69608.0,69661.1,202.6052
2026-03-26 10:25:00,69661.0,69675.8,69620.7,69620.7,170.0659
2026-03-26 10:30:00,69620.7,69630.0,69568.5,69587.3,255.5509
2026-03-26 10:35:00,69587.3,69603.5,69475.0,69490.2,158.1845
2026-03-26 10:40:00,69490.2,69540.9,69455.0,69513.0,178.2336
2026-03-26 10:45:00,69512.9,69540.0,69468.0,69521.6,219.7331
2026-03-26 10:50:00,69521.7,69530.9,69450.1,69466.8,161.0283
2026-03-26 10:55:00,69466.8,69485.7,69408.5,69485.7,522.6645
2026-03-26 11:00:00,69485.7,69627.0,69450.3,69591.2,393.4455
2026-03-26 11:05:00,69591.2,69599.9,69510.0,69592.4,124.0694
2026-03-26 11:10:00,69592.5,69592.5,69388.0,69524.8,298.9073
2026-03-26 11:15:00,69524.8,69549.5,69473.4,69495.8,152.8471
2026-03-26 11:20:00,69495.9,69515.3,69306.9,69322.3,543.4358
2026-03-26 11:25:00,69322.3,69342.5,69156.0,69290.0,1178.6557
2026-03-26 11:30:00,69290.1,69399.9,69280.0,69332.7,417.3211
2026-03-26 11:35:00,69332.7,69408.1,69317.0,69399.9,197.9877
2026-03-26 11:40:00,69400.0,69422.8,69352.0,69359.0,135.8377
2026-03-26 11:45:00,69359.1,69405.1,69320.0,69337.5,141.7463
2026-03-26 11:50:00,69337.6,69377.1,69302.6,69350.0,234.4181
2026-03-26 11:55:00,69350.0,69350.0,69234.2,69238.1,226.8677
2026-03-26 12:00:00,69238.1,69322.2,69181.4,69300.8,410.7645
2026-03-26 12:05:00,69300.8,69340.0,69201.0,69332.8,229.2008
2026-03-26 12:10:00,69332.7,69375.6,69326.6,69342.1,162.4765
2026-03-26 12:15:00,69342.0,69367.4,69302.5,69335.8,176.7142
2026-03-26 12:20:00,69335.9,69370.0,69320.0,69325.0,128.1874
2026-03-26 12:25:00,69325.1,69410.2,69305.0,69387.1,201.514
2026-03-26 12:30:00,69387.1,69424.9,69285.0,69285.1,208.1603
2026-03-26 12:35:00,69285.0,69335.9,69206.4,69302.3,302.7019
2026-03-26 12:40:00,69302.2,69359.9,69269.2,69333.0,107.3248
2026-03-26 12:45:00,69332.9,69397.9,69332.9,69358.2,95.7046
2026-03-26 12:50:00,69358.2,69400.0,69345.6,69380.0,100.4731
2026-03-26 12:55:00,69379.9,69432.9,69379.9,69400.1,218.0308
2026-03-26 13:00:00,69400.1,69450.0,69379.9,69417.7,293.4487
2026-03-26 13:05:00,69418.0,69509.5,69405.7,69466.0,278.4079
2026-03-26 13:10:00,69465.9,69466.0,69390.0,69451.7,181.219
2026-03-26 13:15:00,69451.7,69500.7,69417.0,69444.2,205.7711
2026-03-26 13:20:00,69444.1,69450.0,69390.4,69400.2,115.9102
2026-03-26 13:25:00,69400.3,69411.0,69342.5,69367.4,217.2485
2026-03-26 13:30:00,69367.3,69407.7,69187.2,69220.1,538.3521
2026-03-26 13:35:00,69220.1,69466.0,69172.9,69279.7,540.551
2026-03-26 13:40:00,69279.7,69532.7,69231.7,69524.5,464.8503
2026-03-26 13:45:00,69524.6,69799.0,69524.6,69620.0,2170.8675
2026-03-26 13:50:00,69620.0,69843.3,69561.6,69762.0,1031.7058
2026-03-26 13:55:00,69762.1,69784.3,69466.2,69614.1,890.0263
2026-03-26 14:00:00,69614.1,69697.8,69573.0,69670.9,400.1239
2026-03-26 14:05:00,69671.0,69800.0,69568.5,69614.5,461.0466
2026-03-26 14:10:00,69614.5,69640.0,69482.8,69574.8,277.465
2026-03-26 14:15:00,69574.9,69648.3,69432.7,69438.4,333.7181
2026-03-26 14:20:00,69438.4,69539.0,69358.9,69505.7,495.2468
2026-03-26 14:25:00,69505.8,69689.0,69452.6,69577.0,289.3678
2026-03-26 14:30:00,69577.1,69750.0,69577.0,69735.5,260.7895
2026-03-26 14:35:00,69735.6,69735.6,69585.0,69621.9,171.2413
2026-03-26 14:40:00,69622.0,69747.8,69456.7,69478.4,448.8583
2026-03-26 14:45:00,69478.4,69506.0,69362.8,69409.5,354.9331
2026-03-26 14:50:00,69409.4,69468.0,69219.9,69290.9,434.645
2026-03-26 14:55:00,69291.0,69531.6,69224.9,69451.8,551.4245
2026-03-26 15:00:00,69451.9,69473.2,69312.5,69312.6,265.4386
2026-03-26 15:05:00,69312.5,69394.4,69054.5,69154.9,1298.9
2026-03-26 15:10:00,69154.9,69219.9,68872.2,68915.1,1564.9214
2026-03-26 15:15:00,68915.1,68974.3,68495.1,68854.7,4263.358
2026-03-26 15:20:00,68854.8,68967.9,68832.0,68967.8,439.2604
2026-03-26 15:25:00,68967.9,69055.1,68945.4,68997.2,533.968
2026-03-26 15:30:00,68997.3,69045.3,68900.0,68921.5,495.6904
2026-03-26 15:35:00,68921.5,68959.4,68873.6,68948.0,399.6486
2026-03-26 15:40:00,68948.0,69023.0,68890.0,68957.9,241.3694
2026-03-26 15:45:00,68958.0,69142.5,68948.0,69070.2,518.3152
2026-03-26 15:50:00,69070.2,69200.0,69045.0,69172.2,614.392
2026-03-26 15:55:00,69172.2,69175.6,69013.2,69052.1,323.1833
2026-03-26 16:00:00,69052.0,69052.0,68918.0,68971.1,583.5925
2026-03-26 16:05:00,68971.0,69045.0,68953.3,68980.1,207.0986
2026-03-26 16:10:00,68980.0,69014.5,68930.1,69000.0,186.0583
2026-03-26 16:15:00,68999.9,69045.0,68821.9,69012.9,522.4535
2026-03-26 16:20:00,69012.9,69033.3,68894.1,69008.9,165.3804
2026-03-26 16:25:00,69008.8,69008.9,68824.6,68856.7,338.6209
2026-03-26 16:30:00,68856.6,68942.4,68791.2,68938.2,370.6534
2026-03-26 16:35:00,68938.2,68974.4,68793.6,68829.6,165.9317
2026-03-26 16:40:00,68829.7,68916.1,68800.6,68888.1,146.1499
2026-03-26 16:45:00,68888.1,68937.9,68822.0,68879.0,135.6645
2026-03-26 16:50:00,68879.1,68956.4,68841.7,68945.0,144.857
2026-03-26 16:55:00,68945.0,68946.0,68886.9,68906.2,85.9921
2026-03-26 17:00:00,68906.1,69010.0,68877.1,68984.9,277.0375
2026-03-26 17:05:00,68985.0,69020.6,68931.2,68981.4,263.2409
2026-03-26 17:10:00,68981.3,68981.3,68888.0,68890.7,141.9029
2026-03-26 17:15:00,68890.7,68995.3,68880.0,68995.3,113.445
2026-03-26 17:20:00,68995.3,69025.0,68929.4,68962.1,137.0554
2026-03-26 17:25:00,68962.0,69060.0,68951.9,69054.9,143.3953
2026-03-26 17:30:00,69054.9,69142.0,69054.9,69112.8,310.8701
2026-03-26 17:35:00,69112.8,69138.0,68975.0,68980.3,209.2902
2026-03-26 17:40:00,68980.2,68980.3,68906.4,68928.2,266.1987
2026-03-26 17:45:00,68928.2,68932.9,68661.1,68687.7,893.4638
2026-03-26 17:50:00,68687.7,68763.3,68608.1,68736.0,414.0068
2026-03-26 17:55:00,68736.0,68749.5,68300.0,68460.7,2463.8867
2026-03-26 18:00:00,68460.8,68575.0,68345.0,68392.1,800.967
2026-03-26 18:05:00,68392.0,68521.7,68275.0,68455.5,686.1037
2026-03-26 18:10:00,68455.6,68455.6,68350.0,68431.4,325.1545
2026-03-26 18:15:00,68431.4,68431.4,68268.6,68300.1,348.3791
2026-03-26 18:20:00,68300.0,68375.2,68133.2,68297.8,1191.7947
2026-03-26 18:25:00,68297.8,68300.0,68115.8,68175.0,756.818
2026-03-26 18:30:00,68175.1,68279.4,68153.0,68234.6,412.1124
2026-03-26 18:35:00,68234.6,68300.3,68214.1,68295.0,225.3834
2026-03-26 18:40:00,68295.0,68327.2,68251.2,68303.3,151.5266
2026-03-26 18:45:00,68303.2,68400.0,68278.4,68392.8,332.3287
2026-03-26 18:50:00,68392.8,68448.0,68353.7,68442.1,320.8703
2026-03-26 18:55:00,68442.0,68473.0,68400.0,68466.3,191.5107
2026-03-26 19:00:00,68466.4,68473.6,68360.0,68436.0,179.5249
2026-03-26 19:05:00,68436.0,68498.3,68372.9,68475.9,117.4278
2026-03-26 19:10:00,68476.0,68486.0,68400.0,68419.4,75.0326
2026-03-26 19:15:00,68419.5,68487.9,68418.2,68478.6,76.8654
2026-03-26 19:20:00,68478.6,68553.3,68466.1,68518.9,138.9797
2026-03-26 19:25:00,68518.9,68519.0,68340.4,68406.2,136.1358
2026-03-26 19:30:00,68406.3,68436.2,68323.1,68390.8,199.7334
2026-03-26 19:35:00,68390.8,68625.9,68385.2,68580.5,300.2423
2026-03-26 19:40:00,68580.4,68649.4,68575.0,68591.8,197.3551
2026-03-26 19:45:00,68591.9,68650.4,68560.4,68623.1,120.0168
2026-03-26 19:50:00,68623.0,68650.3,68526.3,68575.0,100.4595
2026-03-26 19:55:00,68575.0,68625.0,68462.5,68507.0,268.4292
2026-03-26 20:00:00,68507.0,68529.7,68400.0,68446.3,287.0695
2026-03-26 20:05:00,68446.4,68493.3,68410.6,68479.3,126.2536
2026-03-26 20:10:00,68479.3,69456.0,68479.3,69169.0,3973.0294
2026-03-26 20:15:00,69169.0,69250.0,69073.2,69127.9,765.9622
2026-03-26 20:20:00,69127.9,69318.8,69036.3,69245.0,697.0075
2026-03-26 20:25:00,69245.0,69250.0,69080.0,69146.7,323.3512
2026-03-26 20:30:00,69146.7,69272.7,69129.6,69129.6,232.6465
2026-03-26 20:35:00,69129.7,69225.0,69129.7,69176.6,95.9124
2026-03-26 20:40:00,69176.5,69176.5,69050.0,69135.5,207.4491
2026-03-26 20:45:00,69135.5,69175.0,69090.0,69120.0,67.0277
2026-03-26 20:50:00,69120.0,69120.1,68905.9,68956.2,265.4762
2026-03-26 20:55:00,68956.1,68989.6,68903.6,68972.6,99.4362
2026-03-26 21:00:00,68972.6,68972.6,68857.1,68895.2,146.8001
2026-03-26 21:05:00,68895.2,68920.1,68871.4,68883.6,69.1541
2026-03-26 21:10:00,68883.6,68974.9,68840.7,68886.0,144.6962
2026-03-26 21:15:00,68885.9,68939.9,68851.4,68939.9,102.0496
2026-03-26 21:20:00,68939.8,69170.4,68939.8,69108.4,241.1668
2026-03-26 21:25:00,69108.4,69118.4,68967.6,69055.3,123.6952
2026-03-26 21:30:00,69055.4,69102.1,68978.2,69033.1,72.125
2026-03-26 21:35:00,69033.1,69050.0,68953.5,68967.8,67.1956
2026-03-26 21:40:00,68967.9,69050.0,68943.3,68995.4,97.57
2026-03-26 21:45:00,68995.4,68998.5,68943.3,68976.0,73.4757
2026-03-26 21:50:00,68975.9,68975.9,68888.0,68902.2,96.3202
2026-03-26 21:55:00,68902.2,68948.9,68866.9,68888.3,108.3315
2026-03-26 22:00:00,68888.3,68985.0,68860.0,68898.0,83.7599
2026-03-26 22:05:00,68898.1,68999.9,68833.2,68869.6,129.2059
2026-03-26 22:10:00,68869.6,68993.7,68864.0,68928.5,106.428
2026-03-26 22:15:00,68928.5,68950.9,68883.0,68912.5,66.2758
2026-03-26 22:20:00,68912.5,68930.0,68669.6,68738.5,397.6375
2026-03-26 22:25:00,68738.4,68811.3,68574.6,68723.4,427.7261
2026-03-26 22:30:00,68723.4,68795.1,68680.0,68795.0,213.8135
2026-03-26 22:35:00,68795.0,68795.0,68742.7,68764.4,98.7716
2026-03-26 22:40:00,68764.4,68784.4,68735.0,68767.8,68.7908
2026-03-26 22:45:00,68767.8,68792.3,68740.0,68791.6,56.6003
2026-03-26 22:50:00,68791.5,68823.1,68737.9,68823.1,129.7919
2026-03-26 22:55:00,68823.0,68872.2,68800.0,68863.8,51.6333
2026-03-26 23:00:00,68863.7,68981.3,68863.7,68925.0,248.0694
2026-03-26 23:05:00,68925.0,68947.9,68821.1,68821.1,112.0651
2026-03-26 23:10:00,68821.1,68843.4,68760.0,68787.0,144.3658
2026-03-26 23:15:00,68787.1,68821.9,68760.0,68821.3,84.5919
2026-03-26 23:20:00,68821.3,68821.3,68646.7,68675.2,209.8944
2026-03-26 23:25:00,68675.1,68713.9,68610.5,68713.9,311.1229
2026-03-26 23:30:00,68713.9,68713.9,68628.3,68663.7,226.7893
2026-03-26 23:35:00,68663.7,68771.9,68658.2,68686.5,247.7757
2026-03-26 23:40:00,68686.4,68734.9,68683.3,68726.4,103.7045
2026-03-26 23:45:00,68726.4,68768.4,68710.0,68768.4,70.7358
2026-03-26 23:50:00,68768.3,68826.4,68752.3,68804.9,105.2692
2026-03-26 23:55:00,68804.9,68819.6,68775.6,68799.5,99.5664
2026-03-27 00:00:00,68799.5,68819.5,68684.9,68762.4,408.2257
2026-03-27 00:05:00,68762.5,68923.0,68750.1,68915.0,173.9778
2026-03-27 00:10:00,68915.0,68944.0,68853.4,68906.0,186.4629
2026-03-27 00:15:00,68905.9,68938.8,68840.0,68882.4,113.8565
2026-03-27 00:20:00,68882.3,68901.3,68716.5,68788.8,123.7501
2026-03-27 00:25:00,68788.7,68791.2,68700.0,68700.0,129.3932
2026-03-27 00:30:00,68700.1,68744.4,68680.0,68709.2,128.9413
2026-03-27 00:35:00,68709.2,68720.0,68501.3,68579.9,385.4251
2026-03-27 00:40:00,68580.0,68759.9,68571.6,68688.0,215.137
2026-03-27 00:45:00,68688.0,68688.0,68571.1,68621.3,101.9281
2026-03-27 00:50:00,68621.3,68750.5,68615.0,68699.9,98.3455
2026-03-27 00:55:00,68700.0,68760.0,68699.9,68754.8,101.9094
2026-03-27 01:00:00,68754.7,68827.2,68744.1,68750.0,143.7925
2026-03-27 01:05:00,68750.0,68780.0,68674.0,68777.0,78.0589
2026-03-27 01:10:00,68777.0,68867.3,68776.9,68840.0,132.5207
2026-03-27 01:15:00,68840.0,68896.3,68806.3,68853.8,123.3109
2026-03-27 01:20:00,68853.8,68908.9,68793.9,68903.8,176.6039
2026-03-27 01:25:00,68903.7,68930.7,68870.0,68888.0,151.0991
2026-03-27 01:30:00,68887.9,68920.0,68855.0,68858.8,95.9013
2026-03-27 01:35:00,68858.8,68883.5,68814.3,68845.2,50.6082
2026-03-27 01:40:00,68845.3,68893.1,68829.5,68878.0,72.2853
2026-03-27 01:45:00,68877.9,68955.0,68843.2,68950.0,134.9233
2026-03-27 01:50:00,68950.0,68954.9,68894.1,68940.0,105.3952
2026-03-27 01:55:00,68940.0,69041.6,68940.0,69029.5,246.1097
2026-03-27 02:00:00,69029.5,69104.9,69013.9,69079.5,387.0197
2026-03-27 02:05:00,69079.6,69093.2,69015.5,69093.2,127.0407
2026-03-27 02:10:00,69093.2,69164.0,69030.1,69030.3,231.3151
2026-03-27 02:15:00,69030.2,69030.2,68961.9,68976.0,112.9799
2026-03-27 02:20:00,68975.9,69008.5,68934.4,68963.8,130.003
2026-03-27 02:25:00,68963.9,68997.8,68923.1,68997.1,80.1305
2026-03-27 02:30:00,68997.1,69047.1,68975.0,68985.2,102.6086
2026-03-27 02:35:00,68985.2,68985.3,68902.2,68902.2,97.5003
2026-03-27 02:40:00,68902.2,68920.0,68832.1,68887.6,212.858
2026-03-27 02:45:00,68887.7,68920.0,68858.0,68891.0,95.7724
2026-03-27 02:50:00,68891.0,68959.3,68891.0,68918.0,60.4922
2026-03-27 02:55:00,68918.1,68925.0,68843.0,68872.3,89.3687
2026-03-27 03:00:00,68872.4,68886.2,68822.3,68822.3,102.6137
2026-03-27 03:05:00,68822.4,68822.4,68641.5,68688.9,434.6616
2026-03-27 03:10:00,68688.9,68756.1,68645.9,68723.0,308.7654
2026-03-27 03:15:00,68723.0,68783.0,68708.5,68776.4,157.0368
2026-03-27 03:20:00,68776.3,68800.0,68688.3,68720.8,131.8511
2026-03-27 03:25:00,68720.8,68818.0,68720.8,68805.1,106.0367
2026-03-27 03:30:00,68805.1,68833.2,68777.0,68812.2,86.9209
2026-03-27 03:35:00,68812.1,68881.0,68795.5,68867.0,121.8918
2026-03-27 03:40:00,68867.1,68879.0,68826.8,68829.0,68.482
2026-03-27 03:45:00,68829.1,68835.0,68795.5,68822.8,73.3551
2026-03-27 03:50:00,68822.7,68834.8,68800.0,68802.9,58.6565
2026-03-27 03:55:00,68803.0,68803.0,68729.1,68732.8,99.8283
2026-03-27 04:00:00,68732.8,68774.2,68366.6,68506.5,1352.6292
2026-03-27 04:05:00,68506.5,68549.3,68258.0,68305.0,856.7366
2026-03-27 04:10:00,68305.1,68382.2,68275.0,68377.6,380.5372
2026-03-27 04:15:00,68377.6,68476.0,68360.0,68467.5,306.9259
2026-03-27 04:20:00,68467.4,68537.3,68454.5,68454.5,285.9446
2026-03-27 04:25:00,68454.6,68515.3,68438.8,68504.8,142.5848
2026-03-27 04:30:00,68504.9,68573.5,68466.8,68562.5,228.9349
2026-03-27 04:35:00,68562.5,68590.0,68555.0,68567.4,165.1978
2026-03-27 04:40:00,68567.5,68582.3,68544.0,68549.5,127.089
2026-03-27 04:45:00,68549.5,68603.4,68549.0,68584.2,174.6921
2026-03-27 04:50:00,68584.2,68596.0,68549.5,68553.0,92.0624
2026-03-27 04:55:00,68553.1,68597.1,68530.0,68543.0,137.4497
2026-03-27 05:00:00,68543.0,68561.2,68517.3,68545.8,222.9562
2026-03-27 05:05:00,68545.9,68692.7,68523.6,68676.1,301.4182
2026-03-27 05:10:00,68676.1,68791.4,68657.9,68784.6,412.9079
2026-03-27 05:15:00,68784.7,68842.4,68765.8,68765.8,406.9603
2026-03-27 05:20:00,68765.9,68765.9,68639.0,68658.3,197.7885
2026-03-27 05:25:00,68658.3,68658.3,68555.1,68574.2,166.7512
2026-03-27 05:30:00,68574.2,68592.5,68474.4,68552.6,227.9852
2026-03-27 05:35:00,68552.6,68675.0,68546.0,68546.0,233.9668
2026-03-27 05:40:00,68546.0,68610.6,68522.7,68568.2,95.6523
2026-03-27 05:45:00,68568.2,68590.0,68547.3,68564.4,57.594
2026-03-27 05:50:00,68564.5,68585.4,68526.3,68567.6,50.9471
2026-03-27 05:55:00,68567.5,68600.0,68567.5,68592.3,53.4894
2026-03-27 06:00:00,68592.3,68608.7,68570.0,68571.0,75.6277
2026-03-27 06:05:00,68571.0,68680.0,68536.0,68679.9,101.5788
2026-03-27 06:10:00,68680.0,68729.5,68645.8,68723.8,154.7184
2026-03-27 06:15:00,68723.8,68740.0,68681.9,68733.9,126.429
2026-03-27 06:20:00,68733.9,68775.0,68700.0,68767.0,92.2015
2026-03-27 06:25:00,68767.1,68836.5,68716.8,68760.1,221.1992
2026-03-27 06:30:00,68760.1,68807.4,68709.0,68768.5,203.7163
2026-03-27 06:35:00,68768.4,68780.0,68710.5,68710.5,54.7726
2026-03-27 06:40:00,68710.5,68740.0,68705.9,68710.0,38.4524
2026-03-27 06:45:00,68710.0,68710.0,68614.4,68674.9,118.7107
2026-03-27 06:50:00,68674.9,68690.0,68660.0,68681.7,52.5394
2026-03-27 06:55:00,68681.7,68686.1,68608.6,68630.6,134.9648
2026-03-27 07:00:00,68630.7,68665.8,68630.7,68658.8,111.56
2026-03-27 07:05:00,68658.8,68670.0,68579.8,68586.1,87.248
2026-03-27 07:10:00,68586.0,68887.3,68586.0,68829.9,510.6546
2026-03-27 07:15:00,68829.9,68912.8,68780.0,68888.0,376.6301
2026-03-27 07:20:00,68888.0,68930.0,68851.8,68851.8,251.3196
2026-03-27 07:25:00,68851.8,68920.3,68851.8,68895.6,293.6953
2026-03-27 07:30:00,68895.6,68919.2,68684.1,68726.1,820.0597
2026-03-27 07:35:00,68726.1,68728.0,68618.8,68626.7,418.9644
2026-03-27 07:40:00,68626.8,68630.0,68506.5,68566.4,742.8637
2026-03-27 07:45:00,68566.4,68592.0,68510.0,68557.8,386.8134
2026-03-27 07:50:00,68557.8,68610.2,68522.7,68577.9,341.9089
2026-03-27 07:55:00,68578.0,68578.0,68415.0,68506.6,592.5438
2026-03-27 08:00:00,68506.7,68605.2,68450.0,68557.2,414.254
2026-03-27 08:05:00,68557.1,68557.2,68450.0,68463.1,279.997
2026-03-27 08:10:00,68463.0,68482.9,68422.6,68440.1,207.8684
2026-03-27 08:15:00,68440.1,68484.3,68333.9,68344.3,491.6546
2026-03-27 08:20:00,68344.4,68384.6,68300.0,68349.0,414.3255
2026-03-27 08:25:00,68349.1,68366.9,68193.7,68207.5,496.4384
2026-03-27 08:30:00,68207.6,68277.1,68170.0,68197.0,641.4367
2026-03-27 08:35:00,68197.0,68207.8,67576.3,67652.1,4358.7839
2026-03-27 08:40:00,67652.1,67811.5,67591.6,67788.4,1235.7865
2026-03-27 08:45:00,67788.5,67849.4,67736.3,67812.9,605.6797
2026-03-27 08:50:00,67812.9,68026.5,67806.7,67931.8,791.4332
2026-03-27 08:55:00,67931.9,67950.0,67861.5,67874.0,642.4705
2026-03-27 09:00:00,67874.1,67899.7,67760.9,67790.0,625.0446
2026-03-27 09:05:00,67789.9,67789.9,67639.0,67648.1,549.5599
2026-03-27 09:10:00,67648.0,67767.1,67513.0,67719.3,745.803
2026-03-27 09:15:00,67719.3,67836.0,67716.1,67810.2,356.7812
2026-03-27 09:20:00,67810.3,67862.9,67800.0,67826.6,245.1697
2026-03-27 09:25:00,67826.6,67912.1,67826.6,67900.0,243.9794
2026-03-27 09:30:00,67899.9,67907.5,67742.7,67755.4,418.1731
2026-03-27 09:35:00,67755.4,67790.4,67700.1,67755.7,611.6115
2026-03-27 09:40:00,67755.8,67757.9,67662.0,67683.1,421.3539
2026-03-27 09:45:00,67683.1,67810.9,67683.0,67785.6,179.8585
2026-03-27 09:50:00,67785.6,67849.6,67763.8,67807.5,223.361
2026-03-27 09:55:00,67807.5,67816.3,67629.9,67653.6,470.3601
2026-03-27 10:00:00,67653.6,67733.5,67566.6,67643.6,411.0959
2026-03-27 10:05:00,67643.7,67719.4,67598.4,67683.5,229.0901
2026-03-27 10:10:00,67683.4,67699.7,67616.3,67632.8,114.6785
2026-03-27 10:15:00,67632.7,67710.0,67621.3,67657.0,119.6391
2026-03-27 10:20:00,67657.0,67743.2,67652.6,67697.8,83.1757
2026-03-27 10:25:00,67697.9,67741.1,67654.0,67729.4,101.1173
2026-03-27 10:30:00,67729.3,67737.0,67646.7,67657.2,141.5303
2026-03-27 10:35:00,67657.1,67657.7,66771.8,66945.1,6417.4339
2026-03-27 10:40:00,66945.2,67018.0,66746.3,66859.9,2355.866
2026-03-27 10:45:00,66860.0,66900.0,66749.9,66779.4,1343.3329
2026-03-27 10:50:00,66779.4,66906.4,66516.4,66609.4,1973.9321
2026-03-27 10:55:00,66609.4,66609.4,66214.0,66452.1,4196.1188
2026-03-27 11:00:00,66452.2,66506.8,66170.5,66412.6,1713.0707
2026-03-27 11:05:00,66412.6,66495.0,66368.0,66368.1,618.3433
2026-03-27 11:10:00,66368.1,66588.0,66368.0,66580.4,670.7627
2026-03-27 11:15:00,66580.4,66694.7,66557.1,66651.6,683.336
2026-03-27 11:20:00,66651.6,66698.3,66590.0,66600.0,463.3478
2026-03-27 11:25:00,66599.9,66696.7,66574.3,66674.0,245.3294
2026-03-27 11:30:00,66673.9,66716.5,66614.0,66666.5,310.8691
2026-03-27 11:35:00,66666.5,66673.6,66600.2,66672.6,285.773
2026-03-27 11:40:00,66672.6,66740.7,66659.5,66727.3,213.9612
2026-03-27 11:45:00,66727.4,66814.9,66680.0,66750.2,400.5477
2026-03-27 11:50:00,66750.2,66766.0,66628.3,66708.8,322.1339
2026-03-27 11:55:00,66708.8,66720.5,66636.8,66659.9,177.8554
2026-03-27 12:00:00,66659.9,66710.3,66592.5,66602.6,267.7654
2026-03-27 12:05:00,66602.5,66742.6,66580.0,66654.3,297.3237
2026-03-27 12:10:00,66654.3,66688.0,66563.9,66600.0,358.6537
2026-03-27 12:15:00,66600.1,66674.7,66563.4,66620.3,198.4199
2026-03-27 12:20:00,66620.2,66636.3,66536.1,66572.0,224.9512
2026-03-27 12:25:00,66572.1,66584.3,66480.0,66501.6,354.5872
2026-03-27 12:30:00,66501.6,66566.0,66414.2,66424.8,443.2467
2026-03-27 12:35:00,66424.8,66607.5,66382.9,66561.5,325.477
2026-03-27 12:40:00,66561.5,66587.1,66522.5,66584.0,243.3214
2026-03-27 12:45:00,66584.0,66652.1,66443.9,66443.9,232.1953
2026-03-27 12:50:00,66444.0,66571.6,66438.4,66563.9,194.9907
2026-03-27 12:55:00,66564.0,66595.0,66536.7,66573.3,116.7244
2026-03-27 13:00:00,66573.2,66688.2,66573.2,66633.1,312.0864
2026-03-27 13:05:00,66633.2,66633.2,66486.2,66525.4,172.5
2026-03-27 13:10:00,66525.4,66532.5,66472.1,66495.4,182.1334
2026-03-27 13:15:00,66495.5,66528.6,66445.0,66514.0,228.6223
2026-03-27 13:20:00,66513.9,66640.0,66513.9,66611.9,270.5806
2026-03-27 13:25:00,66611.9,66680.0,66603.8,66658.9,306.0657
2026-03-27 13:30:00,66658.9,66687.9,66307.1,66307.1,1176.0239
2026-03-27 13:35:00,66307.1,66447.9,66086.0,66406.3,2170.4301
2026-03-27 13:40:00,66406.3,66606.6,66390.3,66465.1,1484.3056
2026-03-27 13:45:00,66465.0,66537.9,66368.0,66378.4,645.9641
2026-03-27 13:50:00,66378.3,66380.0,66186.0,66190.1,697.9039
2026-03-27 13:55:00,66190.1,66190.1,65943.8,66144.9,1849.2281
2026-03-27 14:00:00,66144.8,66269.3,66052.3,66269.1,788.8948
2026-03-27 14:05:00,66269.1,66344.4,66226.8,66275.5,638.9815
2026-03-27 14:10:00,66275.4,66370.0,66145.9,66310.2,522.9019
2026-03-27 14:15:00,66310.3,66333.9,66057.3,66089.0,578.9789
2026-03-27 14:20:00,66089.1,66095.7,65750.0,65883.4,2609.2243
2026-03-27 14:25:00,65883.3,65929.8,65682.4,65691.7,1494.1723
2026-03-27 14:30:00,65691.7,65876.7,65691.5,65850.2,743.7597
2026-03-27 14:35:00,65850.1,65972.5,65725.9,65765.6,697.2492
2026-03-27 14:40:00,65765.6,65873.0,65744.0,65860.0,370.5661
2026-03-27 14:45:00,65860.0,65920.0,65735.3,65920.0,370.1184
2026-03-27 14:50:00,65920.0,66064.8,65907.6,65946.9,706.3927
2026-03-27 14:55:00,65946.8,66216.1,65946.8,66157.7,930.1643
2026-03-27 15:00:00,66157.7,66235.0,66145.2,66193.0,494.3895
2026-03-27 15:05:00,66193.0,66245.9,66051.5,66201.4,632.9225
2026-03-27 15:10:00,66201.3,66261.4,66153.1,66200.3,551.0857
2026-03-27 15:15:00,66200.3,66256.0,66055.8,66056.2,356.8746
2026-03-27 15:20:00,66056.1,66435.3,65931.9,66168.5,1486.2002
2026-03-27 15:25:00,66168.5,66306.3,66075.4,66297.5,632.2829
2026-03-27 15:30:00,66297.6,66488.0,66250.0,66487.9,792.025
2026-03-27 15:35:00,66488.0,66614.4,66400.1,66440.0,925.5637
2026-03-27 15:40:00,66440.0,66442.1,66290.8,66366.0,546.8112
2026-03-27 15:45:00,66365.9,66432.7,66263.1,66314.4,474.5306
2026-03-27 15:50:00,66314.5,66366.0,66156.6,66179.0,408.1751
2026-03-27 15:55:00,66178.9,66179.0,66064.5,66091.4,516.0253
2026-03-27 16:00:00,66091.5,66091.5,65882.5,65919.1,760.0329
2026-03-27 16:05:00,65919.0,65936.1,65777.0,65800.8,1130.9228
2026-03-27 16:10:00,65800.8,65978.0,65800.8,65940.8,556.8839
2026-03-27 16:15:00,65940.9,65958.8,65797.6,65947.5,387.3542
2026-03-27 16:20:00,65947.5,66074.6,65817.0,65824.0,626.7683
2026-03-27 16:25:00,65824.0,65966.0,65779.1,65930.4,377.678
2026-03-27 16:30:00,65930.4,65937.2,65860.0,65917.6,216.2994
2026-03-27 16:35:00,65917.6,65954.0,65782.1,65819.1,277.7764
2026-03-27 16:40:00,65819.1,66000.0,65780.0,65986.8,292.3381
2026-03-27 16:45:00,65986.7,66160.0,65940.7,66020.0,531.2797
2026-03-27 16:50:00,66020.0,66020.0,65814.6,65920.0,238.4204
2026-03-27 16:55:00,65920.1,65982.7,65883.8,65946.9,146.4141
2026-03-27 17:00:00,65946.9,66017.9,65904.2,66001.6,180.7932
2026-03-27 17:05:00,66001.6,66267.8,65973.5,66135.6,890.1253
2026-03-27 17:10:00,66135.6,66183.7,66108.8,66176.2,182.9222
2026-03-27 17:15:00,66176.2,66244.1,66065.9,66089.4,294.0843
2026-03-27 17:20:00,66089.3,66089.4,65861.0,65920.0,500.8082
2026-03-27 17:25:00,65920.1,65927.1,65834.4,65834.5,308.6509
2026-03-27 17:30:00,65834.4,65899.9,65730.5,65868.0,596.4008
2026-03-27 17:35:00,65868.0,65894.0,65775.0,65838.5,231.0439
2026-03-27 17:40:00,65838.5,65888.7,65531.1,65594.8,1193.1493
2026-03-27 17:45:00,65594.9,65713.0,65565.7,65621.1,507.2785
2026-03-27 17:50:00,65621.2,65704.9,65578.0,65647.3,268.9509
2026-03-27 17:55:00,65647.3,65686.8,65585.5,65605.3,185.4802
2026-03-27 18:00:00,65605.3,65731.1,65600.0,65645.7,236.5447
2026-03-27 18:05:00,65645.7,65764.3,65645.7,65679.7,216.7671
2026-03-27 18:10:00,65679.7,65730.0,65560.0,65590.6,304.5965
2026-03-27 18:15:00,65590.7,65812.2,65582.0,65768.2,300.4669
2026-03-27 18:20:00,65768.2,65825.0,65511.6,65569.6,335.0201
2026-03-27 18:25:00,65569.7,65751.7,65551.5,65729.4,382.9162
2026-03-27 18:30:00,65729.3,65836.0,65700.0,65804.2,411.3171
2026-03-27 18:35:00,65804.3,65835.7,65750.1,65794.0,143.4391
2026-03-27 18:40:00,65793.9,65843.4,65692.9,65771.8,228.555
2026-03-27 18:45:00,65771.9,65865.8,65756.9,65855.9,297.6754
2026-03-27 18:50:00,65855.9,65921.2,65791.5,65813.5,233.8411
2026-03-27 18:55:00,65813.5,65853.0,65775.8,65806.1,88.3016
2026-03-27 19:00:00,65806.0,65820.2,65723.1,65738.0,120.1725
2026-03-27 19:05:00,65738.0,65778.3,65659.1,65771.0,144.724
2026-03-27 19:10:00,65771.0,65771.6,65703.3,65745.7,88.5062
2026-03-27 19:15:00,65745.6,65911.0,65709.9,65882.1,230.0948
2026-03-27 19:20:00,65882.0,65900.0,65815.8,65851.1,200.3604
2026-03-27 19:25:00,65851.0,65910.0,65825.0,65894.7,228.1461
2026-03-27 19:30:00,65894.7,66031.6,65894.6,65970.5,279.0249
2026-03-27 19:35:00,65970.4,65992.7,65914.6,65954.6,164.8395
2026-03-27 19:40:00,65954.6,65963.9,65833.3,65893.6,112.2449
2026-03-27 19:45:00,65893.6,65940.0,65844.4,65939.9,83.436
2026-03-27 19:50:00,65939.9,65960.9,65840.3,65920.0,115.2617
2026-03-27 19:55:00,65920.0,66125.0,65920.0,66000.8,1133.907
2026-03-27 20:00:00,66000.9,66122.6,65975.0,66039.6,319.2373
2026-03-27 20:05:00,66039.6,66101.1,65974.9,65993.9,242.5168
2026-03-27 20:10:00,65993.9,66024.6,65963.6,65966.6,74.2574
2026-03-27 20:15:00,65966.6,66050.0,65960.4,66025.0,113.747
2026-03-27 20:20:00,66025.0,66034.8,65960.3,65976.8,100.3137
2026-03-27 20:25:00,65976.8,65982.8,65775.1,65863.6,251.4844
2026-03-27 20:30:00,65863.6,65863.6,65788.0,65820.4,116.0204
2026-03-27 20:35:00,65820.4,65913.6,65800.0,65913.6,120.0661
2026-03-27 20:40:00,65913.6,65922.8,65851.2,65862.6,72.4061
2026-03-27 20:45:00,65862.8,66000.0,65850.0,65975.0,77.8735
2026-03-27 20:50:00,65975.0,66052.6,65963.8,66050.0,92.3804
2026-03-27 20:55:00,66049.9,66060.0,65976.6,65987.5,150.812
2026-03-27 21:00:00,65987.5,66070.0,65976.6,66063.1,89.5583
2026-03-27 21:05:00,66063.1,66076.9,66050.0,66063.9,109.9251
2026-03-27 21:10:00,66063.9,66162.1,66036.0,66117.1,269.4791
2026-03-27 21:15:00,66117.1,66140.4,66066.8,66113.6,104.2288
2026-03-27 21:20:00,66113.5,66126.0,66094.3,66112.4,71.9722
2026-03-27 21:25:00,66112.5,66140.0,66110.7,66114.4,59.7556
2026-03-27 21:30:00,66114.4,66141.9,66105.0,66113.5,63.9319
2026-03-27 21:35:00,66113.5,66113.6,66007.2,66036.1,110.6769
2026-03-27 21:40:00,66036.1,66104.3,66000.9,66086.5,93.4549
2026-03-27 21:45:00,66086.5,66105.8,66057.6,66057.6,42.4422
2026-03-27 21:50:00,66057.6,66083.6,66019.6,66058.0,52.1773
2026-03-27 21:55:00,66058.0,66071.5,66000.0,66049.9,134.5291
2026-03-27 22:00:00,66050.0,66060.0,66000.0,66005.0,114.9563
2026-03-27 22:05:00,66005.0,66009.9,65924.3,65979.4,117.0709
2026-03-27 22:10:00,65979.5,65998.2,65944.0,65974.6,40.9468
2026-03-27 22:15:00,65974.7,65995.3,65947.8,65982.0,70.2136
2026-03-27 22:20:00,65982.0,65995.0,65968.6,65980.8,27.7211
2026-03-27 22:25:00,65980.7,65986.3,65908.0,65980.2,121.9231
2026-03-27 22:30:00,65980.2,66032.8,65956.6,65984.3,151.7357
2026-03-27 22:35:00,65984.3,65992.5,65880.0,65897.6,79.9704
2026-03-27 22:40:00,65897.6,66016.9,65897.6,66014.0,97.4166
2026-03-27 22:45:00,66013.9,66034.0,66000.0,66025.3,85.5811
2026-03-27 22:50:00,66025.3,66049.1,65990.1,65995.0,42.1645
2026-03-27 22:55:00,65995.0,66042.9,65981.7,65990.0,64.2873
2026-03-27 23:00:00,65990.1,66020.8,65963.1,65980.3,98.4784
2026-03-27 23:05:00,65980.4,66015.9,65934.9,65952.5,93.0192
2026-03-27 23:10:00,65952.6,66066.8,65952.6,66052.7,60.1021
2026-03-27 23:15:00,66052.7,66080.3,66030.1,66065.0,61.006
2026-03-27 23:20:00,66065.1,66191.0,66065.0,66189.0,122.8334
2026-03-27 23:25:00,66189.0,66189.1,66138.1,66159.6,77.4372
2026-03-27 23:30:00,66159.6,66167.5,66125.4,66145.8,103.5541
2026-03-27 23:35:00,66145.4,66211.0,66135.2,66207.9,190.7845
2026-03-27 23:40:00,66208.0,66260.0,66171.4,66247.5,240.6835
2026-03-27 23:45:00,66247.5,66343.1,66247.5,66338.8,429.5284
2026-03-27 23:50:00,66338.8,66344.0,66280.7,66337.9,169.5623
2026-03-27 23:55:00,66338.0,66404.1,66315.8,66363.1,200.1222
2026-03-28 00:00:00,66363.0,66431.0,66310.0,66431.0,286.8535
2026-03-28 00:05:00,66431.0,66450.0,66325.3,66325.3,257.8347
2026-03-28 00:10:00,66325.4,66333.8,66255.9,66272.4,149.9489
2026-03-28 00:15:00,66272.4,66362.3,66272.3,66301.0,97.1365
2026-03-28 00:20:00,66300.9,66333.4,66300.9,66330.1,37.6339
2026-03-28 00:25:00,66330.2,66340.0,66300.0,66339.9,76.2316
2026-03-28 00:30:00,66340.0,66470.1,66339.9,66400.0,374.7028
2026-03-28 00:35:00,66400.0,66487.8,66400.0,66448.9,160.3996
2026-03-28 00:40:00,66449.0,66472.0,66384.6,66457.4,150.2495
2026-03-28 00:45:00,66457.4,66459.1,66401.7,66401.7,72.0549
2026-03-28 00:50:00,66401.7,66417.5,66376.3,66405.4,92.0345
2026-03-28 00:55:00,66405.4,66472.6,66382.7,66395.3,76.3875
2026-03-28 01:00:00,66395.2,66398.0,66304.4,66334.0,114.908
2026-03-28 01:05:00,66334.0,66364.2,66258.0,66272.3,100.1538
2026-03-28 01:10:00,66272.3,66277.1,66063.6,66118.3,545.9379
2026-03-28 01:15:00,66118.2,66222.0,66112.4,66221.0,160.7739
2026-03-28 01:20:00,66220.9,66255.5,66210.0,66255.4,52.2012
2026-03-28 01:25:00,66255.4,66255.4,66173.6,66185.0,62.5839
2026-03-28 01:30:00,66185.0,66252.9,66180.0,66190.5,80.0576
2026-03-28 01:35:00,66190.5,66190.5,66023.2,66058.1,298.6831
2026-03-28 01:40:00,66058.1,66150.8,66050.0,66111.4,120.4082
2026-03-28 01:45:00,66111.3,66159.0,66102.2,66132.0,156.7776
2026-03-28 01:50:00,66131.9,66158.3,66090.0,66140.1,70.0557
2026-03-28 01:55:00,66140.0,66150.0,66075.0,66145.1,202.7847
2026-03-28 02:00:00,66145.1,66220.4,66122.0,66203.2,225.4985
2026-03-28 02:05:00,66203.2,66209.0,66130.0,66191.0,102.3922
2026-03-28 02:10:00,66191.0,66208.9,66160.0,66160.0,55.9547
2026-03-28 02:15:00,66160.0,66195.2,66000.1,66020.9,199.5163
2026-03-28 02:20:00,66020.9,66059.3,66001.6,66059.2,138.2161
2026-03-28 02:25:00,66059.2,66059.2,65983.5,66017.3,154.2023
2026-03-28 02:30:00,66017.3,66043.0,65901.0,65964.0,304.9716
2026-03-28 02:35:00,65963.9,66003.7,65934.7,65968.4,123.758
2026-03-28 02:40:00,65968.3,66008.0,65952.6,66008.0,62.3808
2026-03-28 02:45:00,66007.9,66010.0,65947.5,65991.7,130.8926
2026-03-28 02:50:00,65991.8,66038.4,65991.7,66000.0,111.5548
2026-03-28 02:55:00,66000.0,66024.0,66000.0,66022.3,58.8482
2026-03-28 03:00:00,66022.4,66091.1,66022.3,66055.7,122.0745
2026-03-28 03:05:00,66055.7,66140.0,66055.7,66098.1,151.886
2026-03-28 03:10:00,66098.1,66119.6,66088.5,66097.7,53.3267
2026-03-28 03:15:00,66097.7,66146.0,66097.7,66139.9,59.8649
2026-03-28 03:20:00,66140.0,66158.3,66132.8,66147.9,69.546
2026-03-28 03:25:00,66147.9,66158.3,66113.5,66138.1,150.799
2026-03-28 03:30:00,66138.0,66145.1,66112.8,66135.2,55.0439
2026-03-28 03:35:00,66135.2,66211.2,66128.0,66134.9,198.2835
2026-03-28 03:40:00,66134.8,66210.0,66134.8,66201.3,88.4346
2026-03-28 03:45:00,66201.4,66212.1,66150.0,66198.6,133.6585
2026-03-28 03:50:00,66198.6,66198.6,66150.0,66163.3,51.3764
2026-03-28 03:55:00,66163.3,66200.0,66161.6,66198.2,71.1742
2026-03-28 04:00:00,66198.2,66209.8,66127.3,66192.8,148.3088
2026-03-28 04:05:00,66192.8,66192.9,66094.4,66094.4,137.4662
2026-03-28 04:10:00,66094.5,66108.8,66066.6,66088.9,138.0763
2026-03-28 04:15:00,66089.0,66243.2,66088.9,66228.5,245.8895
2026-03-28 04:20:00,66228.5,66266.0,66228.4,66240.0,100.1769
2026-03-28 04:25:00,66240.0,66241.0,66209.2,66240.0,70.1133
2026-03-28 04:30:00,66239.9,66270.9,66239.9,66253.3,79.1869
2026-03-28 04:35:00,66253.3,66260.8,66230.0,66253.1,79.5156
2026-03-28 04:40:00,66253.1,66262.1,66215.1,66250.5,79.8411
2026-03-28 04:45:00,66250.6,66272.0,66240.0,66240.1,49.705
2026-03-28 04:50:00,66240.1,66261.9,66233.2,66246.7,75.3525
2026-03-28 04:55:00,66246.6,66250.0,66200.0,66249.9,93.4659
2026-03-28 05:00:00,66249.9,66273.5,66202.1,66202.1,77.2114
2026-03-28 05:05:00,66202.1,66233.0,66201.4,66202.4,96.8529
2026-03-28 05:10:00,66202.3,66221.2,66170.0,66221.2,106.0146
2026-03-28 05:15:00,66221.2,66247.6,66193.7,66193.7,66.636
2026-03-28 05:20:00,66193.7,66377.9,66193.7,66334.0,389.0128
2026-03-28 05:25:00,66334.0,66334.1,66299.9,66314.6,180.9892
2026-03-28 05:30:00,66314.5,66340.6,66300.7,66331.6,95.295
2026-03-28 05:35:00,66331.5,66331.5,66287.0,66290.1,54.14
2026-03-28 05:40:00,66290.0,66302.4,66255.0,66302.4,121.6763
2026-03-28 05:45:00,66302.3,66330.0,66287.7,66298.7,85.13
2026-03-28 05:50:00,66298.8,66335.0,66288.5,66313.9,101.5899
2026-03-28 05:55:00,66314.0,66335.9,66303.5,66314.5,106.5036
2026-03-28 06:00:00,66314.6,66392.4,66273.5,66298.9,436.2321
2026-03-28 06:05:00,66298.9,66373.2,66298.9,66316.8,111.4786
2026-03-28 06:10:00,66316.8,66335.7,66295.0,66335.7,44.4705
2026-03-28 06:15:00,66335.6,66467.9,66328.4,66448.6,324.7233
2026-03-28 06:20:00,66448.6,66450.3,66390.0,66450.0,179.552
2026-03-28 06:25:00,66450.0,66460.4,66398.0,66435.7,138.6327
2026-03-28 06:30:00,66435.6,66445.9,66392.0,66410.4,99.178
2026-03-28 06:35:00,66410.4,66415.0,66388.0,66402.0,117.3505
2026-03-28 06:40:00,66402.0,66418.0,66388.1,66391.6,83.7228
2026-03-28 06:45:00,66391.5,66420.0,66316.8,66331.9,352.2946
2026-03-28 06:50:00,66331.8,66359.7,66324.3,66355.6,78.9482
2026-03-28 06:55:00,66355.6,66381.1,66343.4,66353.0,97.7687
2026-03-28 07:00:00,66353.0,66397.2,66352.1,66369.7,111.1605
2026-03-28 07:05:00,66369.7,66395.1,66346.4,66395.1,71.7356
2026-03-28 07:10:00,66395.1,66429.3,66385.0,66408.0,58.5691
2026-03-28 07:15:00,66408.0,66454.8,66395.1,66433.7,95.5922
2026-03-28 07:20:00,66433.8,66440.0,66424.8,66431.9,66.3452
2026-03-28 07:25:00,66431.9,66432.0,66405.9,66424.0,85.2806
2026-03-28 07:30:00,66424.0,66424.1,66393.3,66407.3,103.8133
2026-03-28 07:35:00,66407.3,66428.2,66396.1,66408.6,147.1738
2026-03-28 07:40:00,66408.5,66431.9,66401.7,66418.1,113.3869
2026-03-28 07:45:00,66418.0,66452.0,66413.3,66451.9,207.3669
2026-03-28 07:50:00,66452.0,66478.0,66443.7,66477.3,235.2088
2026-03-28 07:55:00,66477.3,66542.0,66467.3,66534.8,420.4459
2026-03-28 08:00:00,66534.8,66541.9,66450.0,66512.7,248.3303
2026-03-28 08:05:00,66512.8,66533.0,66456.7,66467.5,159.6781
2026-03-28 08:10:00,66467.6,66490.3,66440.0,66469.2,76.8471
2026-03-28 08:15:00,66469.2,66491.3,66464.5,66483.6,57.095
2026-03-28 08:20:00,66483.7,66517.3,66483.6,66510.1,65.5577
2026-03-28 08:25:00,66510.1,66532.0,66498.0,66515.1,166.6045
2026-03-28 08:30:00,66515.1,66526.4,66479.0,66479.0,113.7627
2026-03-28 08:35:00,66479.1,66490.0,66420.2,66428.0,124.266
2026-03-28 08:40:00,66428.0,66451.1,66386.0,66386.2,172.3751
2026-03-28 08:45:00,66386.1,66443.7,66386.1,66423.1,173.6735
2026-03-28 08:50:00,66423.1,66423.1,66361.7,66373.6,168.6344
2026-03-28 08:55:00,66373.6,66379.8,66355.1,66376.9,105.2368
2026-03-28 09:00:00,66377.0,66377.0,66300.1,66335.8,238.9811
2026-03-28 09:05:00,66335.8,66346.5,66270.4,66340.5,196.912
2026-03-28 09:10:00,66340.5,66350.6,66306.7,66320.6,58.8926
2026-03-28 09:15:00,66320.6,66325.1,66261.2,66325.1,184.5324
2026-03-28 09:20:00,66325.1,66366.6,66325.0,66328.7,63.5743
2026-03-28 09:25:00,66328.8,66344.8,66312.1,66322.2,53.066
2026-03-28 09:30:00,66322.2,66332.4,66251.5,66255.6,115.8991
2026-03-28 09:35:00,66255.5,66279.4,66216.6,66235.4,123.2975
2026-03-28 09:40:00,66235.4,66268.0,66221.0,66228.5,103.8589
2026-03-28 09:45:00,66228.6,66259.1,66219.0,66219.0,73.5698
2026-03-28 09:50:00,66219.1,66263.3,66209.8,66263.3,95.206
2026-03-28 09:55:00,66263.2,66286.8,66263.1,66274.7,49.587
2026-03-28 10:00:00,66274.7,66345.5,66251.8,66345.4,117.3263
2026-03-28 10:05:00,66345.4,66384.7,66340.0,66348.1,92.9212
2026-03-28 10:10:00,66348.0,66348.1,66282.1,66290.1,58.3123
2026-03-28 10:15:00,66290.1,66311.2,66257.0,66263.7,47.1833
2026-03-28 10:20:00,66263.7,66270.1,66184.2,66220.2,377.2345
2026-03-28 10:25:00,66220.1,66223.2,66119.6,66136.5,306.7241
2026-03-28 10:30:00,66136.6,66200.0,66090.0,66160.3,208.0184
2026-03-28 10:35:00,66160.3,66182.5,66090.6,66108.2,124.7722
2026-03-28 10:40:00,66108.2,66159.6,66101.7,66159.6,78.411
2026-03-28 10:45:00,66159.6,66176.1,66142.4,66146.4,52.4885
2026-03-28 10:50:00,66146.4,66181.8,66146.3,66181.8,45.7728
2026-03-28 10:55:00,66181.7,66213.7,66169.8,66190.0,69.7459
2026-03-28 11:00:00,66189.9,66200.0,66164.1,66200.0,75.3669
2026-03-28 11:05:00,66200.0,66260.4,66199.9,66217.8,113.25
2026-03-28 11:10:00,66217.9,66229.6,66166.8,66227.0,115.3497
2026-03-28 11:15:00,66227.0,66238.0,66205.3,66205.3,62.2949
2026-03-28 11:20:00,66205.2,66257.9,66205.2,66257.2,71.773
2026-03-28 11:25:00,66257.2,66293.7,66250.0,66287.6,128.4259
2026-03-28 11:30:00,66287.6,66292.9,66267.2,66292.9,44.7384
2026-03-28 11:35:00,66292.8,66310.3,66267.2,66307.2,120.1206
2026-03-28 11:40:00,66307.3,66307.3,66276.4,66286.0,55.3143
2026-03-28 11:45:00,66286.0,66322.6,66257.3,66279.5,149.8119
2026-03-28 11:50:00,66279.5,66322.0,66279.5,66305.1,70.2166
2026-03-28 11:55:00,66305.1,66317.7,66290.1,66290.1,41.2844
2026-03-28 12:00:00,66290.0,66313.5,66252.2,66252.2,245.5455
2026-03-28 12:05:00,66252.2,66297.9,66195.1,66297.9,221.4735
2026-03-28 12:10:00,66297.9,66378.1,66293.5,66368.1,272.1749
2026-03-28 12:15:00,66368.1,66496.0,66368.1,66460.9,386.0375
2026-03-28 12:20:00,66460.9,66469.0,66396.0,66414.3,127.3074
2026-03-28 12:25:00,66414.3,66414.3,66387.5,66402.7,80.7971
2026-03-28 12:30:00,66402.7,66405.8,66328.6,66341.1,224.6078
2026-03-28 12:35:00,66341.0,66360.8,66254.9,66312.7,157.6122
2026-03-28 12:40:00,66312.6,66337.4,66303.8,66331.7,45.498
2026-03-28 12:45:00,66331.8,66360.2,66310.1,66360.0,116.1365
2026-03-28 12:50:00,66360.0,66427.8,66353.5,66400.1,129.113
2026-03-28 12:55:00,66400.1,66428.3,66386.1,66414.9,114.3125
2026-03-28 13:00:00,66415.0,66455.9,66414.2,66442.2,125.762
2026-03-28 13:05:00,66442.2,66449.9,66392.7,66440.0,53.4807
2026-03-28 13:10:00,66440.1,66487.0,66440.0,66440.1,145.506
2026-03-28 13:15:00,66440.0,66458.7,66429.5,66433.6,76.5905
2026-03-28 13:20:00,66433.6,66459.9,66402.6,66411.2,75.5694
2026-03-28 13:25:00,66411.2,66433.0,66361.5,66432.9,138.3675
2026-03-28 13:30:00,66433.0,66648.4,66419.0,66582.5,1010.8186
2026-03-28 13:35:00,66582.5,66689.9,66571.6,66630.0,474.4457
2026-03-28 13:40:00,66630.0,67147.3,66627.5,66903.3,3422.3121
2026-03-28 13:45:00,66903.2,66988.0,66804.2,66804.2,819.0413
2026-03-28 13:50:00,66804.2,66853.2,66748.1,66832.4,466.8693
2026-03-28 13:55:00,66832.4,66832.4,66731.8,66808.5,327.5287
2026-03-28 14:00:00,66808.4,66821.8,66695.1,66753.9,278.7964
2026-03-28 14:05:00,66753.9,66892.9,66750.2,66771.2,322.3724
2026-03-28 14:10:00,66771.2,66812.3,66726.9,66748.6,195.4103
2026-03-28 14:15:00,66748.6,66785.6,66679.9,66782.6,171.1146
2026-03-28 14:20:00,66782.5,66825.1,66770.0,66809.3,114.1976
2026-03-28 14:25:00,66809.3,66809.3,66770.0,66781.0,116.4301
2026-03-28 14:30:00,66781.0,66806.0,66758.2,66765.9,116.8638
2026-03-28 14:35:00,66765.9,66765.9,66670.0,66741.9,249.0319
2026-03-28 14:40:00,66741.9,66914.8,66741.8,66856.8,267.0171
2026-03-28 14:45:00,66856.7,66938.8,66855.6,66866.2,337.0686
2026-03-28 14:50:00,66866.2,66877.8,66652.4,66677.9,239.9349
2026-03-28 14:55:00,66677.8,66742.4,66633.1,66711.6,254.6395
2026-03-28 15:00:00,66711.6,66744.3,66681.0,66709.4,118.5016
2026-03-28 15:05:00,66709.4,66794.7,66703.5,66746.1,89.9703
2026-03-28 15:10:00,66746.1,66874.4,66744.1,66843.1,166.6177
2026-03-28 15:15:00,66843.0,67049.6,66818.0,67006.7,712.5093
2026-03-28 15:20:00,67006.8,67294.4,67000.4,67209.1,2045.2009
2026-03-28 15:25:00,67209.0,67225.4,66984.8,66999.5,1011.5663
2026-03-28 15:30:00,66999.5,67100.0,66965.4,67100.0,342.8232
2026-03-28 15:35:00,67100.0,67119.1,67000.0,67041.2,210.531
2026-03-28 15:40:00,67041.3,67041.3,66940.0,67021.0,180.3262
2026-03-28 15:45:00,67021.0,67039.4,66972.1,66978.0,109.4764
2026-03-28 15:50:00,66977.9,66979.0,66926.4,66972.3,154.3889
2026-03-28 15:55:00,66972.3,66993.0,66893.0,66984.0,157.9686
2026-03-28 16:00:00,66984.0,66999.0,66876.9,66976.8,329.0158
2026-03-28 16:05:00,66976.8,67063.3,66949.8,67034.8,195.1837
2026-03-28 16:10:00,67034.8,67034.8,66986.9,66999.9,70.6356
2026-03-28 16:15:00,66999.9,67063.8,66986.6,67056.2,152.3873
2026-03-28 16:20:00,67056.2,67068.7,67010.0,67053.7,80.1013
2026-03-28 16:25:00,67053.7,67079.5,67030.1,67047.6,86.8859
2026-03-28 16:30:00,67047.5,67047.5,66933.7,66986.8,88.4135
2026-03-28 16:35:00,66986.9,66992.0,66900.1,66915.5,128.3686
2026-03-28 16:40:00,66915.5,66915.6,66860.1,66873.3,213.8458
2026-03-28 16:45:00,66873.3,66910.9,66846.2,66850.0,188.5288
2026-03-28 16:50:00,66849.9,66886.8,66818.7,66843.0,116.7979
2026-03-28 16:55:00,66842.9,66907.7,66832.0,66890.8,114.5211
2026-03-28 17:00:00,66890.8,66941.9,66879.7,66925.4,187.2942
2026-03-28 17:05:00,66925.5,66960.0,66845.5,66862.8,274.6116
2026-03-28 17:10:00,66862.8,66900.0,66845.0,66884.7,70.7561
2026-03-28 17:15:00,66884.7,66884.7,66778.0,66833.9,167.7508
2026-03-28 17:20:00,66833.9,66833.9,66775.5,66793.8,185.4732
2026-03-28 17:25:00,66793.9,66810.5,66716.1,66743.9,320.0708
2026-03-28 17:30:00,66743.9,66774.0,66666.7,66758.1,375.035
2026-03-28 17:35:00,66758.1,66900.8,66746.5,66828.3,279.7614
2026-03-28 17:40:00,66828.3,66828.3,66771.9,66778.0,93.7806
2026-03-28 17:45:00,66778.0,66796.0,66732.5,66762.3,66.7366
2026-03-28 17:50:00,66762.2,66793.3,66760.8,66778.8,46.878
2026-03-28 17:55:00,66778.8,66842.8,66768.8,66811.8,91.2226
2026-03-28 18:00:00,66811.8,66889.8,66811.8,66888.5,109.8958
2026-03-28 18:05:00,66888.5,66892.9,66855.0,66892.8,42.7352
2026-03-28 18:10:00,66892.9,66909.0,66886.8,66909.0,67.6675
2026-03-28 18:15:00,66909.0,66909.1,66869.1,66877.4,46.1749
2026-03-28 18:20:00,66877.3,66885.8,66859.1,66866.3,29.8617
2026-03-28 18:25:00,66866.3,66909.0,66838.4,66849.9,62.2199
2026-03-28 18:30:00,66849.9,66898.7,66846.3,66852.6,48.2107
2026-03-28 18:35:00,66852.6,66864.7,66794.6,66846.1,186.6915
2026-03-28 18:40:00,66846.1,66920.0,66838.1,66919.9,46.848
2026-03-28 18:45:00,66919.9,66920.0,66867.9,66884.1,39.8176
2026-03-28 18:50:00,66884.2,66884.2,66850.6,66877.5,20.3654
2026-03-28 18:55:00,66877.5,66911.6,66877.5,66880.0,53.3675
2026-03-28 19:00:00,66880.0,66920.0,66845.7,66875.0,66.2733
2026-03-28 19:05:00,66875.1,66910.0,66871.4,66900.0,43.1786
2026-03-28 19:10:00,66900.1,66900.1,66766.7,66813.0,99.639
2026-03-28 19:15:00,66813.1,66818.4,66782.7,66815.2,72.7462
2026-03-28 19:20:00,66815.2,66837.5,66800.6,66837.5,33.3385
2026-03-28 19:25:00,66837.5,66837.5,66810.3,66830.4,14.1216
2026-03-28 19:30:00,66830.5,66847.1,66825.0,66843.1,23.922
2026-03-28 19:35:00,66843.1,66848.5,66823.4,66848.4,17.4119
2026-03-28 19:40:00,66848.4,66866.7,66801.3,66801.3,26.8475
2026-03-28 19:45:00,66801.3,66839.8,66795.0,66795.0,31.2238
2026-03-28 19:50:00,66795.1,66841.5,66795.0,66822.3,19.6771
2026-03-28 19:55:00,66822.3,66880.0,66819.9,66879.9,76.761
2026-03-28 20:00:00,66879.9,66977.0,66879.9,66945.0,197.6555
2026-03-28 20:05:00,66945.0,66973.5,66925.0,66960.5,57.8609
2026-03-28 20:10:00,66960.5,66975.0,66937.1,66968.5,53.3618
2026-03-28 20:15:00,66968.4,66977.5,66914.5,66914.6,142.6316
2026-03-28 20:20:00,66914.7,66955.2,66907.1,66908.0,55.5801
2026-03-28 20:25:00,66908.0,66919.2,66880.7,66891.0,67.7377
2026-03-28 20:30:00,66890.9,66970.0,66890.9,66914.0,109.564
2026-03-28 20:35:00,66914.0,66959.8,66892.4,66904.2,39.8753
2026-03-28 20:40:00,66904.2,66907.4,66877.9,66886.5,32.3395
2026-03-28 20:45:00,66886.5,66924.8,66881.7,66891.3,66.7535
2026-03-28 20:50:00,66891.3,66937.5,66891.3,66923.9,33.3189
2026-03-28 20:55:00,66923.9,66924.0,66884.8,66884.8,29.4908
2026-03-28 21:00:00,66884.9,66892.5,66867.4,66892.5,63.0138
2026-03-28 21:05:00,66892.5,66893.3,66780.1,66794.0,95.392
2026-03-28 21:10:00,66794.0,66807.4,66754.3,66800.0,69.6096
2026-03-28 21:15:00,66800.1,66823.8,66782.8,66806.1,39.6936
2026-03-28 21:20:00,66806.0,66808.9,66775.6,66808.9,62.8355
2026-03-28 21:25:00,66808.8,66817.1,66785.5,66817.1,20.152
2026-03-28 21:30:00,66817.1,66817.1,66789.8,66795.3,20.3311
2026-03-28 21:35:00,66795.3,66840.0,66770.1,66820.3,35.5741
2026-03-28 21:40:00,66820.2,66866.6,66810.3,66827.4,50.9279
2026-03-28 21:45:00,66827.4,66828.7,66728.2,66732.1,79.7829
2026-03-28 21:50:00,66732.1,66767.3,66558.1,66670.0,449.1139
2026-03-28 21:55:00,66670.0,66696.0,66640.0,66643.7,101.0343
2026-03-28 22:00:00,66643.8,66689.8,66588.0,66657.5,454.6396
2026-03-28 22:05:00,66657.5,66689.3,66588.2,66588.2,62.2449
2026-03-28 22:10:00,66588.2,66640.1,66565.2,66571.0,97.4349
2026-03-28 22:15:00,66571.0,66715.9,66562.0,66686.9,184.8205
2026-03-28 22:20:00,66686.6,66751.5,66686.5,66732.5,143.9862
2026-03-28 22:25:00,66732.5,66747.0,66695.3,66741.0,95.1958
2026-03-28 22:30:00,66741.1,66758.1,66714.3,66717.5,62.1582
2026-03-28 22:35:00,66717.5,66732.8,66700.6,66732.8,26.0786
2026-03-28 22:40:00,66732.8,66732.8,66662.5,66666.6,40.6851
2026-03-28 22:45:00,66666.6,66740.0,66662.5,66712.8,74.83
2026-03-28 22:50:00,66712.8,66737.9,66688.0,66737.9,101.0422
2026-03-28 22:55:00,66737.8,66737.8,66693.0,66720.0,88.1032
2026-03-28 23:00:00,66719.9,66719.9,66622.3,66628.8,138.8497
2026-03-28 23:05:00,66628.8,66650.0,66507.1,66546.9,157.0315
2026-03-28 23:10:00,66546.9,66549.3,66223.0,66358.5,1489.2095
2026-03-28 23:15:00,66358.6,66371.2,66240.0,66290.0,417.7461
2026-03-28 23:20:00,66290.1,66388.0,66290.0,66364.1,222.5974
2026-03-28 23:25:00,66364.2,66408.0,66352.0,66359.0,192.1727
2026-03-28 23:30:00,66359.0,66438.5,66358.9,66424.3,130.4695
2026-03-28 23:35:00,66424.3,66439.0,66391.6,66391.7,75.2584
2026-03-28 23:40:00,66391.6,66451.7,66336.1,66358.4,125.0851
2026-03-28 23:45:00,66358.4,66366.9,66275.5,66344.8,151.4484
2026-03-28 23:50:00,66344.8,66387.2,66321.8,66330.0,84.4341
2026-03-28 23:55:00,66329.9,66366.9,66324.2,66340.0,52.099
2026-03-29 00:00:00,66340.1,66443.8,66326.4,66433.6,225.8213
2026-03-29 00:05:00,66433.7,66441.0,66352.5,66352.5,66.9726
2026-03-29 00:10:00,66352.5,66433.5,66352.5,66379.1,139.3561
2026-03-29 00:15:00,66379.0,66443.8,66363.6,66440.9,80.0134
2026-03-29 00:20:00,66440.9,66440.9,66249.0,66313.2,214.6409
2026-03-29 00:25:00,66313.3,66374.4,66290.0,66357.9,82.4231
2026-03-29 00:30:00,66357.8,66438.9,66343.3,66386.7,111.7484
2026-03-29 00:35:00,66386.7,66406.1,66319.1,66382.3,78.7906
2026-03-29 00:40:00,66382.3,66400.0,66340.8,66365.7,66.0391
2026-03-29 00:45:00,66365.7,66400.2,66356.3,66387.7,108.7753
2026-03-29 00:50:00,66387.8,66471.9,66377.0,66379.9,114.1955
2026-03-29 00:55:00,66379.9,66467.4,66379.9,66452.4,64.2816
2026-03-29 01:00:00,66452.3,66522.6,66442.2,66497.1,170.1679
2026-03-29 01:05:00,66497.0,66569.0,66467.2,66468.1,267.2785
2026-03-29 01:10:00,66468.1,66547.4,66461.3,66520.1,190.0895
2026-03-29 01:15:00,66520.1,66557.4,66500.0,66537.5,92.8194
2026-03-29 01:20:00,66537.5,66593.0,66506.7,66509.5,110.5416
2026-03-29 01:25:00,66509.5,66537.8,66488.0,66520.0,64.9273
2026-03-29 01:30:00,66519.9,66531.8,66455.5,66459.9,107.6256
2026-03-29 01:35:00,66459.9,66460.0,66341.0,66351.0,221.7665
2026-03-29 01:40:00,66351.0,66455.4,66347.3,66445.3,97.1767
2026-03-29 01:45:00,66445.3,66473.9,66388.0,66473.9,146.3032
2026-03-29 01:50:00,66473.9,66582.0,66468.3,66475.1,359.2546
2026-03-29 01:55:00,66475.2,66542.6,66463.3,66539.0,150.5548
2026-03-29 02:00:00,66539.0,66572.1,66501.9,66558.9,135.5923
2026-03-29 02:05:00,66558.9,66588.7,66550.0,66563.1,96.6109
2026-03-29 02:10:00,66563.0,66619.0,66552.3,66606.7,80.7992
2026-03-29 02:15:00,66606.6,66619.9,66547.7,66591.7,147.1849
2026-03-29 02:20:00,66591.6,66681.1,66576.4,66644.7,194.9824
2026-03-29 02:25:00,66644.7,66658.3,66617.3,66620.4,113.7696
2026-03-29 02:30:00,66620.4,66623.1,66537.3,66566.4,90.1658
2026-03-29 02:35:00,66566.3,66649.0,66546.0,66648.9,77.884
2026-03-29 02:40:00,66649.0,66738.9,66648.9,66681.6,268.7753
2026-03-29 02:45:00,66681.7,66699.0,66650.1,66699.0,113.9311
2026-03-29 02:50:00,66699.0,66825.7,66699.0,66772.4,338.7861
2026-03-29 02:55:00,66772.3,66781.1,66721.4,66781.0,112.302
2026-03-29 03:00:00,66781.0,66781.1,66722.2,66770.1,161.1522
2026-03-29 03:05:00,66770.0,66787.5,66723.9,66773.6,125.3096
2026-03-29 03:10:00,66773.6,66773.7,66735.3,66762.5,66.327
2026-03-29 03:15:00,66762.5,67114.2,66738.5,67011.5,849.3418
2026-03-29 03:20:00,67011.6,67025.3,66925.0,66983.4,302.9315
2026-03-29 03:25:00,66983.3,66984.0,66921.6,66931.8,117.6157
2026-03-29 03:30:00,66931.7,66969.6,66883.4,66885.6,143.8237
2026-03-29 03:35:00,66885.6,66930.0,66875.3,66916.6,87.4631
2026-03-29 03:40:00,66916.7,66916.7,66865.3,66886.9,75.8973
2026-03-29 03:45:00,66886.8,66886.9,66825.2,66860.1,80.4495
2026-03-29 03:50:00,66860.0,66900.0,66828.3,66892.1,193.6831
2026-03-29 03:55:00,66892.1,66917.0,66856.3,66872.0,170.532
2026-03-29 04:00:00,66872.0,66907.5,66812.3,66833.7,167.1419
2026-03-29 04:05:00,66833.7,66895.3,66804.1,66879.9,142.8669
2026-03-29 04:10:00,66879.9,66880.0,66854.7,66873.5,38.9238
2026-03-29 04:15:00,66873.5,66873.6,66823.3,66823.3,44.7734
2026-03-29 04:20:00,66823.4,66826.0,66715.8,66782.2,299.1118
2026-03-29 04:25:00,66782.2,66808.5,66750.0,66778.5,68.6829
2026-03-29 04:30:00,66778.5,66798.0,66740.0,66798.0,88.9529
2026-03-29 04:35:00,66798.0,66813.8,66751.1,66751.1,75.1983
2026-03-29 04:40:00,66751.2,66786.4,66749.4,66758.4,68.1793
2026-03-29 04:45:00,66758.5,66760.1,66706.2,66750.0,87.6748
2026-03-29 04:50:00,66750.0,66757.8,66720.1,66735.7,98.1078
2026-03-29 04:55:00,66735.7,66740.4,66673.0,66699.4,114.177
2026-03-29 05:00:00,66699.4,66715.0,66670.0,66698.9,132.715
2026-03-29 05:05:00,66698.9,66698.9,66635.7,66666.1,142.6776
2026-03-29 05:10:00,66666.1,66696.3,66650.1,66656.8,123.6866
2026-03-29 05:15:00,66656.7,66680.0,66580.7,66674.0,311.9453
2026-03-29 05:20:00,66674.0,66716.3,66636.0,66683.7,217.9138
2026-03-29 05:25:00,66683.6,66703.0,66564.5,66597.4,251.6491
2026-03-29 05:30:00,66597.4,66638.3,66594.4,66601.0,65.0851
2026-03-29 05:35:00,66601.0,66634.1,66560.1,66620.1,64.6179
2026-03-29 05:40:00,66620.1,66641.9,66619.9,66631.9,48.7624
2026-03-29 05:45:00,66631.9,66661.5,66589.0,66650.0,97.1632
2026-03-29 05:50:00,66650.0,66796.4,66650.0,66754.5,270.9153
2026-03-29 05:55:00,66754.5,66772.2,66733.0,66733.0,108.2219
2026-03-29 06:00:00,66733.1,66844.9,66733.0,66816.8,175.583
2026-03-29 06:05:00,66816.9,66844.0,66800.0,66800.1,121.0244
2026-03-29 06:10:00,66800.1,66819.9,66775.8,66785.3,176.9297
2026-03-29 06:15:00,66785.3,66834.6,66779.4,66779.4,80.3193
2026-03-29 06:20:00,66779.5,66793.5,66650.1,66650.1,147.5626
2026-03-29 06:25:00,66650.0,66662.1,66588.0,66661.8,266.2724
2026-03-29 06:30:00,66661.7,66687.5,66639.5,66648.9,54.9518
2026-03-29 06:35:00,66648.8,66687.5,66636.1,66636.1,156.1843
2026-03-29 06:40:00,66636.1,66658.0,66613.6,66639.2,80.2526
2026-03-29 06:45:00,66639.2,66689.9,66603.7,66665.9,126.1559
2026-03-29 06:50:00,66665.9,66722.2,66648.9,66722.1,106.8278
2026-03-29 06:55:00,66722.2,66739.0,66692.0,66692.0,45.0155
2026-03-29 07:00:00,66691.9,66692.0,66520.0,66577.0,240.7861
2026-03-29 07:05:00,66576.9,66597.8,66514.6,66522.7,88.7127
2026-03-29 07:10:00,66522.7,66567.7,66504.8,66560.0,141.4649
2026-03-29 07:15:00,66559.9,66638.0,66542.0,66626.1,170.2784
2026-03-29 07:20:00,66626.0,66644.0,66593.4,66644.0,55.5822
2026-03-29 07:25:00,66644.0,66647.6,66612.7,66647.6,52.5531
2026-03-29 07:30:00,66647.6,66687.2,66599.2,66608.4,176.4809
2026-03-29 07:35:00,66608.4,66650.0,66589.8,66589.8,76.4007
2026-03-29 07:40:00,66589.8,66607.6,66567.1,66607.6,84.5953
2026-03-29 07:45:00,66607.6,66630.0,66570.9,66630.0,149.1774
2026-03-29 07:50:00,66630.0,66719.4,66629.9,66676.5,203.6073
2026-03-29 07:55:00,66676.4,66676.5,66620.1,66631.1,106.3819
2026-03-29 08:00:00,66631.1,66660.0,66612.0,66647.8,43.3687
2026-03-29 08:05:00,66647.9,66738.4,66637.4,66637.5,348.3761
2026-03-29 08:10:00,66637.5,66656.3,66580.1,66613.6,87.7947
2026-03-29 08:15:00,66613.6,66641.2,66552.7,66592.1,275.0669
2026-03-29 08:20:00,66592.2,66636.2,66583.0,66636.1,63.0081
2026-03-29 08:25:00,66636.1,66649.7,66625.6,66643.8,63.4461
2026-03-29 08:30:00,66643.7,66699.8,66643.7,66672.4,51.6712
2026-03-29 08:35:00,66672.3,66761.7,66664.3,66721.7,206.1594
2026-03-29 08:40:00,66721.7,66721.8,66672.2,66699.1,104.1721
2026-03-29 08:45:00,66699.0,66700.0,66671.2,66691.2,110.3528
2026-03-29 08:50:00,66691.3,66700.0,66652.6,66689.1,129.823
2026-03-29 08:55:00,66689.1,66692.8,66681.2,66681.8,25.4851
2026-03-29 09:00:00,66681.7,66736.4,66670.0,66691.5,190.7486
2026-03-29 09:05:00,66691.4,66691.4,66555.0,66643.6,399.1618
2026-03-29 09:10:00,66643.6,66662.3,66624.7,66662.3,70.2005
2026-03-29 09:15:00,66662.2,66691.2,66620.4,66620.4,98.0042
2026-03-29 09:20:00,66620.5,66627.1,66588.6,66614.8,49.1929
2026-03-29 09:25:00,66614.9,66646.5,66607.6,66635.9,24.7744
2026-03-29 09:30:00,66635.9,66659.8,66510.1,66519.0,170.3914
2026-03-29 09:35:00,66519.0,66569.1,66510.3,66556.1,129.8746
2026-03-29 09:40:00,66556.1,66573.6,66537.9,66548.1,274.6801
2026-03-29 09:45:00,66548.1,66593.9,66548.1,66573.7,63.3612
2026-03-29 09:50:00,66573.7,66596.4,66556.8,66589.9,29.5806
2026-03-29 09:55:00,66590.0,66608.9,66584.4,66595.1,21.964
2026-03-29 10:00:00,66595.1,66595.1,66511.6,66515.0,145.5823
2026-03-29 10:05:00,66514.9,66527.6,66462.1,66508.3,259.6434
2026-03-29 10:10:00,66508.2,66528.0,66464.4,66511.9,149.3711
2026-03-29 10:15:00,66512.0,66528.2,66399.0,66431.4,370.3005
2026-03-29 10:20:00,66431.3,66473.8,66399.0,66430.1,204.3111
2026-03-29 10:25:00,66430.0,66481.2,66423.0,66438.0,79.4584
2026-03-29 10:30:00,66438.0,66465.2,66370.3,66379.4,161.9076
2026-03-29 10:35:00,66379.5,66524.7,66375.0,66498.1,120.3566
2026-03-29 10:40:00,66498.0,66520.6,66467.0,66518.4,55.767
2026-03-29 10:45:00,66518.4,66553.9,66485.3,66521.3,104.585
2026-03-29 10:50:00,66521.2,66548.7,66510.0,66510.0,77.1013
2026-03-29 10:55:00,66510.0,66531.1,66470.1,66473.1,47.0169
2026-03-29 11:00:00,66473.2,66661.4,66473.1,66661.3,323.4291
2026-03-29 11:05:00,66661.3,66835.6,66636.5,66738.0,661.325
2026-03-29 11:10:00,66738.0,66800.0,66720.0,66745.9,225.6796
2026-03-29 11:15:00,66746.0,66783.4,66700.0,66782.8,160.1505
2026-03-29 11:20:00,66782.7,66823.8,66722.4,66787.9,191.6476
2026-03-29 11:25:00,66787.8,66818.0,66765.9,66798.2,112.4705
2026-03-29 11:30:00,66798.1,66830.0,66700.0,66776.8,405.8109
2026-03-29 11:35:00,66776.9,66880.0,66776.8,66841.1,199.1171
2026-03-29 11:40:00,66841.1,66885.4,66802.0,66859.0,388.7197
2026-03-29 11:45:00,66859.0,66956.0,66788.0,66788.0,547.2424
2026-03-29 11:50:00,66788.1,66835.8,66766.1,66809.5,92.5291
2026-03-29 11:55:00,66809.5,66809.5,66775.4,66777.0,78.5171
2026-03-29 12:00:00,66777.1,66820.0,66756.3,66756.4,242.7895
2026-03-29 12:05:00,66756.3,66780.0,66735.9,66744.0,99.0838
2026-03-29 12:10:00,66744.1,66783.5,66722.5,66735.9,91.6693
2026-03-29 12:15:00,66736.0,66790.0,66691.8,66752.9,199.4133
2026-03-29 12:20:00,66752.9,66753.5,66709.7,66753.4,79.1885
2026-03-29 12:25:00,66753.5,66763.0,66736.7,66750.9,97.791
2026-03-29 12:30:00,66750.9,66779.5,66666.0,66691.7,197.4188
2026-03-29 12:35:00,66691.6,66723.3,66685.6,66717.6,99.6252
2026-03-29 12:40:00,66717.6,66749.9,66673.4,66706.1,91.239
2026-03-29 12:45:00,66706.1,66785.7,66687.1,66777.5,98.8849
2026-03-29 12:50:00,66777.6,66845.1,66761.0,66825.6,191.9804
2026-03-29 12:55:00,66825.6,66833.7,66800.2,66810.0,120.2814
2026-03-29 13:00:00,66810.1,66848.6,66776.9,66784.3,97.2266
2026-03-29 13:05:00,66784.3,66784.4,66485.1,66510.8,1144.8277
2026-03-29 13:10:00,66510.8,66593.8,66503.5,66569.3,294.7887
2026-03-29 13:15:00,66569.4,66641.4,66520.1,66610.1,203.9035
2026-03-29 13:20:00,66610.1,66676.3,66560.0,66610.5,260.3817
2026-03-29 13:25:00,66610.6,66625.8,66585.2,66599.9,70.2821
2026-03-29 13:30:00,66600.0,66650.3,66591.1,66600.6,112.7367
2026-03-29 13:35:00,66600.6,66648.2,66575.0,66648.1,69.6516
2026-03-29 13:40:00,66648.1,66648.5,66622.9,66626.9,54.3404
2026-03-29 13:45:00,66626.9,66650.0,66550.0,66584.2,137.8642
2026-03-29 13:50:00,66584.3,66622.1,66563.9,66591.9,38.6852
2026-03-29 13:55:00,66591.9,66600.4,66508.1,66544.0,180.3259
2026-03-29 14:00:00,66544.0,66576.1,66450.0,66462.0,626.3512
2026-03-29 14:05:00,66462.0,66502.5,66420.0,66493.6,253.4675
2026-03-29 14:10:00,66493.6,66766.0,66486.0,66640.1,614.0588
2026-03-29 14:15:00,66640.1,66664.6,66580.1,66580.1,109.4322
2026-03-29 14:20:00,66580.0,66614.3,66551.4,66567.4,66.8338
2026-03-29 14:25:00,66567.4,66567.4,66490.9,66500.1,221.3552
2026-03-29 14:30:00,66500.0,66565.3,66476.0,66554.1,84.5939
2026-03-29 14:35:00,66554.1,66582.3,66522.0,66527.3,57.8037
2026-03-29 14:40:00,66527.3,66548.6,66476.3,66546.7,189.4533
2026-03-29 14:45:00,66546.7,66548.6,66474.2,66527.5,90.8311
2026-03-29 14:50:00,66527.5,66550.0,66514.7,66520.6,110.2386
2026-03-29 14:55:00,66520.5,66566.1,66516.0,66564.2,54.7254
2026-03-29 15:00:00,66564.3,66697.9,66564.3,66600.3,414.3067
2026-03-29 15:05:00,66600.4,66681.8,66576.5,66587.4,206.7242
2026-03-29 15:10:00,66587.4,66613.8,66471.5,66565.5,180.9479
2026-03-29 15:15:00,66565.4,66645.1,66525.0,66544.0,393.9872
2026-03-29 15:20:00,66543.9,66544.0,66475.1,66483.6,254.3106
2026-03-29 15:25:00,66483.5,66483.5,66300.1,66398.9,843.098
2026-03-29 15:30:00,66399.0,66411.3,66277.2,66386.2,450.4558
2026-03-29 15:35:00,66386.1,66413.2,66306.3,66366.0,168.734
2026-03-29 15:40:00,66366.0,66440.0,66365.9,66428.9,163.6088
2026-03-29 15:45:00,66428.9,66461.5,66402.2,66405.1,152.7565
2026-03-29 15:50:00,66405.0,66521.2,66389.4,66510.9,136.7849
2026-03-29 15:55:00,66511.0,66511.0,66477.0,66500.2,126.9091
2026-03-29 16:00:00,66500.2,66533.3,66457.7,66458.1,156.1371
2026-03-29 16:05:00,66458.1,66482.5,66412.1,66482.5,123.7796
2026-03-29 16:10:00,66482.6,66510.1,66419.2,66419.2,142.4439
2026-03-29 16:15:00,66419.2,66633.2,66400.1,66603.3,500.9479
2026-03-29 16:20:00,66603.4,66633.9,66566.0,66571.4,255.1658
2026-03-29 16:25:00,66571.4,66599.7,66569.7,66591.6,59.0049
2026-03-29 16:30:00,66591.5,66596.4,66557.5,66566.0,55.407
2026-03-29 16:35:00,66565.9,66566.0,66500.0,66538.0,86.8197
2026-03-29 16:40:00,66537.9,66546.9,66502.7,66502.8,49.1027
2026-03-29 16:45:00,66502.8,66530.0,66481.6,66507.9,43.4755
2026-03-29 16:50:00,66507.8,66540.0,66457.5,66467.1,58.9575
2026-03-29 16:55:00,66467.1,66499.0,66458.9,66471.7,35.0106
2026-03-29 17:00:00,66471.6,66491.1,66440.7,66456.3,58.3054
2026-03-29 17:05:00,66456.4,66519.2,66456.3,66507.4,40.1043
2026-03-29 17:10:00,66507.3,66507.4,66367.5,66392.6,107.8307
2026-03-29 17:15:00,66392.6,66392.7,66314.0,66318.1,136.5607
2026-03-29 17:20:00,66318.1,66318.1,66123.0,66174.4,815.7046
2026-03-29 17:25:00,66174.4,66257.1,66155.0,66230.9,351.664
2026-03-29 17:30:00,66230.9,66267.8,66202.2,66267.8,150.7421
2026-03-29 17:35:00,66267.8,66310.4,66237.3,66277.6,215.5546
2026-03-29 17:40:00,66277.6,66391.7,66271.6,66358.0,244.3052
2026-03-29 17:45:00,66358.0,66358.1,66320.0,66342.9,151.6548
2026-03-29 17:50:00,66343.0,66408.3,66342.9,66356.4,95.7452
2026-03-29 17:55:00,66356.5,66368.2,66340.6,66353.3,41.9545
2026-03-29 18:00:00,66353.3,66383.2,66300.4,66300.5,79.9563
2026-03-29 18:05:00,66300.4,66338.1,66290.0,66317.3,120.5331
2026-03-29 18:10:00,66317.4,66388.0,66317.3,66370.0,40.517
2026-03-29 18:15:00,66370.1,66440.1,66366.6,66407.0,105.0434
2026-03-29 18:20:00,66407.0,66417.0,66327.6,66362.0,74.8482
2026-03-29 18:25:00,66361.9,66400.0,66360.4,66366.0,27.0194
2026-03-29 18:30:00,66366.0,66396.4,66366.0,66377.1,36.7299
2026-03-29 18:35:00,66377.2,66515.8,66377.1,66457.3,140.0161
2026-03-29 18:40:00,66457.3,66473.4,66388.0,66404.5,78.602
2026-03-29 18:45:00,66404.5,66428.8,66360.5,66400.4,56.2621
2026-03-29 18:50:00,66400.4,66432.0,66400.4,66421.0,36.1468
2026-03-29 18:55:00,66421.0,66437.1,66392.1,66397.1,36.4958
2026-03-29 19:00:00,66397.0,66401.3,66351.1,66391.5,44.6841
2026-03-29 19:05:00,66391.5,66426.5,66378.0,66378.0,31.3666
2026-03-29 19:10:00,66378.0,66413.1,66376.1,66402.1,34.2935
2026-03-29 19:15:00,66402.1,66439.1,66383.4,66420.1,27.1901
2026-03-29 19:20:00,66420.0,66447.3,66375.0,66380.2,127.5908
2026-03-29 19:25:00,66380.2,66412.6,66371.2,66395.0,79.1482
2026-03-29 19:30:00,66395.0,66451.5,66390.3,66451.4,33.2783
2026-03-29 19:35:00,66451.4,66451.4,66348.4,66353.9,117.957
2026-03-29 19:40:00,66354.0,66370.3,66322.2,66366.7,44.5532
2026-03-29 19:45:00,66366.7,66406.0,66346.7,66346.8,84.4247
2026-03-29 19:50:00,66346.8,66346.8,66316.0,66336.5,27.7265
2026-03-29 19:55:00,66336.5,66339.4,66285.0,66319.6,75.36
2026-03-29 20:00:00,66319.6,66414.7,66319.6,66394.4,85.6288
2026-03-29 20:05:00,66394.5,66478.3,66382.8,66444.8,95.8226
2026-03-29 20:10:00,66444.7,66455.3,66417.1,66434.1,64.3013
2026-03-29 20:15:00,66434.1,66561.3,66434.1,66520.7,401.6765
2026-03-29 20:20:00,66520.6,66768.7,66520.6,66688.4,641.8583
2026-03-29 20:25:00,66688.4,66738.0,66651.7,66679.8,159.4653
2026-03-29 20:30:00,66679.8,66692.3,66635.5,66646.9,105.0408
2026-03-29 20:35:00,66646.9,66664.2,66617.0,66618.0,59.9709
2026-03-29 20:40:00,66618.0,66630.0,66566.5,66566.6,51.0902
2026-03-29 20:45:00,66566.6,66600.0,66533.0,66545.4,83.7699
2026-03-29 20:50:00,66545.4,66564.3,66540.0,66550.7,31.4277
2026-03-29 20:55:00,66550.7,66586.0,66550.0,66580.1,46.6708
2026-03-29 21:00:00,66580.0,66650.0,66532.7,66573.7,286.8431
2026-03-29 21:05:00,66573.8,66585.7,66520.1,66520.2,46.4363
2026-03-29 21:10:00,66520.2,66540.9,66473.7,66518.9,161.8525
2026-03-29 21:15:00,66518.9,66534.9,66500.0,66518.5,52.8587
2026-03-29 21:20:00,66518.5,66569.0,66516.6,66569.0,27.1237
2026-03-29 21:25:00,66569.0,66645.0,66561.0,66621.0,77.7195
2026-03-29 21:30:00,66621.0,66666.0,66586.7,66624.1,75.7596
2026-03-29 21:35:00,66624.2,66643.3,66606.0,66613.2,44.6989
2026-03-29 21:40:00,66613.1,66619.4,66565.5,66611.5,50.5653
2026-03-29 21:45:00,66611.4,66670.0,66611.4,66651.3,62.5861
2026-03-29 21:50:00,66651.2,66666.6,66620.0,66666.5,27.1955
2026-03-29 21:55:00,66666.5,66723.3,66647.1,66667.7,126.0389
2026-03-29 22:00:00,66668.3,66679.0,66333.0,66366.4,812.8135
2026-03-29 22:05:00,66366.4,66400.0,66228.2,66364.2,370.1932
2026-03-29 22:10:00,66364.2,66413.9,66188.1,66275.2,381.5294
2026-03-29 22:15:00,66275.2,66353.6,66236.5,66300.2,305.2178
2026-03-29 22:20:00,66300.2,66458.5,66271.4,66379.4,217.9608
2026-03-29 22:25:00,66379.5,66399.1,66323.0,66354.8,105.8482
2026-03-29 22:30:00,66354.7,66400.0,66302.0,66354.5,82.2584
2026-03-29 22:35:00,66354.5,66369.8,66166.2,66225.9,312.0195
2026-03-29 22:40:00,66225.9,66239.1,65605.9,65650.0,2909.2242
2026-03-29 22:45:00,65650.0,65656.9,64930.8,65005.3,4196.0212
2026-03-29 22:50:00,65005.3,65428.7,64960.2,65417.9,1099.1335
2026-03-29 22:55:00,65417.9,65924.3,65403.8,65817.9,1267.016
2026-03-29 23:00:00,65818.0,66348.4,65817.9,65999.1,1514.8485
2026-03-29 23:05:00,65999.1,66120.0,65925.4,66036.2,347.3842
2026-03-29 23:10:00,66036.3,66097.0,65975.0,66065.4,221.7737
2026-03-29 23:15:00,66065.5,66238.0,66037.2,66077.0,340.1024
2026-03-29 23:20:00,66077.0,66268.0,66006.7,66042.4,341.9205
2026-03-29 23:25:00,66042.3,66042.4,65916.5,65975.3,324.3141
2026-03-29 23:30:00,65975.2,66063.4,65901.6,65937.4,217.3362
2026-03-29 23:35:00,65937.4,65953.7,65822.1,65900.0,296.9609
2026-03-29 23:40:00,65900.0,66000.0,65878.1,65999.0,303.4652
2026-03-29 23:45:00,65998.9,66143.4,65986.7,65998.2,364.8513
2026-03-29 23:50:00,65998.2,66023.0,65842.1,66023.0,304.9675
2026-03-29 23:55:00,66023.0,66033.1,65965.0,65980.4,125.5737
2026-03-30 00:00:00,65980.5,66049.6,65815.1,65824.5,414.7631
2026-03-30 00:05:00,65824.5,65979.1,65762.0,65837.8,422.081
2026-03-30 00:10:00,65837.8,65888.0,65801.7,65816.5,344.2734
2026-03-30 00:15:00,65816.5,66905.0,65762.3,66874.8,1998.7276
2026-03-30 00:20:00,66874.5,67036.9,66560.3,66570.9,2013.4791
2026-03-30 00:25:00,66570.8,66825.4,66498.0,66540.1,706.9402
2026-03-30 00:30:00,66540.1,66700.2,66431.0,66471.1,481.3723
2026-03-30 00:35:00,66471.1,66530.0,66205.7,66255.2,605.869
2026-03-30 00:40:00,66255.1,66303.3,66150.0,66290.4,340.0536
2026-03-30 00:45:00,66290.5,66387.9,66256.6,66289.9,273.4936
2026-03-30 00:50:00,66289.9,66306.8,66078.9,66149.9,394.9144
2026-03-30 00:55:00,66149.9,66320.0,66123.5,66248.1,306.5551
2026-03-30 01:00:00,66248.1,66539.7,66248.0,66394.9,489.2783
2026-03-30 01:05:00,66394.8,66519.9,66324.6,66339.9,316.6448
2026-03-30 01:10:00,66340.0,66449.9,66320.1,66369.5,170.9738
2026-03-30 01:15:00,66369.5,66504.6,66291.0,66486.0,251.9845
2026-03-30 01:20:00,66486.0,66517.8,66428.7,66443.1,246.356
2026-03-30 01:25:00,66443.2,66635.0,66443.1,66566.6,484.4188
2026-03-30 01:30:00,66566.5,66699.9,66462.6,66666.4,653.4267
2026-03-30 01:35:00,66666.4,66706.6,66550.0,66608.4,297.9434
2026-03-30 01:40:00,66608.4,66631.5,66496.5,66630.8,183.3329
2026-03-30 01:45:00,66630.8,66800.0,66607.2,66723.8,636.3173
2026-03-30 01:50:00,66723.8,66728.8,66570.6,66606.5,156.0014
2026-03-30 01:55:00,66606.5,66650.0,66572.6,66614.8,105.6963
2026-03-30 02:00:00,66614.8,66730.0,66601.1,66601.1,189.6154
2026-03-30 02:05:00,66601.1,66839.9,66529.7,66693.1,306.524
2026-03-30 02:10:00,66693.1,66825.6,66650.0,66808.4,172.8049
2026-03-30 02:15:00,66808.4,66867.6,66718.3,66730.9,241.744
2026-03-30 02:20:00,66731.0,66731.0,66648.5,66703.8,129.0669
2026-03-30 02:25:00,66703.9,66752.3,66650.1,66710.3,102.4939
2026-03-30 02:30:00,66710.3,66745.1,66609.5,66615.6,144.1534
2026-03-30 02:35:00,66615.6,66643.7,66559.1,66639.4,123.8566
2026-03-30 02:40:00,66639.4,67005.5,66600.2,67005.4,796.3905
2026-03-30 02:45:00,67005.4,67496.2,66955.3,67290.0,3987.3397
2026-03-30 02:50:00,67290.1,67316.4,67081.1,67117.7,536.038
2026-03-30 02:55:00,67117.8,67146.0,67045.8,67086.0,231.5571
2026-03-30 03:00:00,67086.1,67116.6,66936.8,66962.1,343.4712
2026-03-30 03:05:00,66962.0,67039.8,66937.7,67014.0,219.5817
2026-03-30 03:10:00,67014.1,67039.0,66950.0,66979.8,149.4781
2026-03-30 03:15:00,66979.8,67111.0,66966.1,67068.3,239.0309
2026-03-30 03:20:00,67068.4,67269.9,67050.0,67243.1,342.6607
2026-03-30 03:25:00,67243.0,67243.1,67139.8,67209.3,316.6818
2026-03-30 03:30:00,67209.4,67255.0,67145.6,67200.0,325.765
2026-03-30 03:35:00,67199.9,67226.0,67122.0,67150.0,369.6082
2026-03-30 03:40:00,67150.0,67200.0,67100.1,67170.4,122.3503
2026-03-30 03:45:00,67170.3,67176.1,67100.0,67165.6,165.8336
2026-03-30 03:50:00,67165.5,67299.9,67127.1,67209.9,180.1088
2026-03-30 03:55:00,67209.9,67209.9,67101.0,67146.5,108.166
2026-03-30 04:00:00,67146.4,67239.7,67131.6,67203.9,229.3611
2026-03-30 04:05:00,67203.9,67460.0,67192.3,67389.8,866.2327
2026-03-30 04:10:00,67389.9,67466.0,67340.5,67389.9,379.182
2026-03-30 04:15:00,67389.9,67475.2,67352.0,67381.5,319.0926
2026-03-30 04:20:00,67381.5,67499.9,67338.7,67356.9,228.0364
2026-03-30 04:25:00,67356.9,67622.2,67356.9,67411.1,726.1039
2026-03-30 04:30:00,67411.1,67543.1,67400.1,67443.5,362.5747
2026-03-30 04:35:00,67443.4,67487.3,67380.0,67487.2,176.8221
2026-03-30 04:40:00,67487.2,67487.3,67356.3,67386.4,183.6995
2026-03-30 04:45:00,67386.5,67538.9,67386.5,67489.4,227.9428
2026-03-30 04:50:00,67489.3,67595.4,67475.0,67584.2,309.4387
2026-03-30 04:55:00,67584.2,67643.3,67511.9,67593.9,533.0401
2026-03-30 05:00:00,67593.9,67725.0,67544.0,67591.7,926.9929
2026-03-30 05:05:00,67591.8,67788.0,67559.7,67723.9,652.0986
2026-03-30 05:10:00,67723.9,67786.6,67600.1,67617.4,962.4911
2026-03-30 05:15:00,67617.4,67706.4,67560.0,67639.6,340.4536
2026-03-30 05:20:00,67639.5,67659.9,67603.0,67641.9,99.6391
2026-03-30 05:25:00,67641.8,67688.0,67620.4,67631.3,289.8413
2026-03-30 05:30:00,67631.3,67677.0,67607.2,67617.8,108.0474
2026-03-30 05:35:00,67617.8,67632.8,67503.0,67519.0,433.8568
2026-03-30 05:40:00,67519.0,67537.2,67393.1,67463.9,800.6317
2026-03-30 05:45:00,67464.0,67516.0,67411.0,67508.1,336.7881
2026-03-30 05:50:00,67508.0,67539.9,67468.3,67491.3,136.4988
2026-03-30 05:55:00,67491.3,67515.2,67454.0,67459.9,111.7047
2026-03-30 06:00:00,67460.0,67550.0,67437.2,67525.0,166.7999
2026-03-30 06:05:00,67525.0,67537.8,67452.1,67467.9,161.8287
2026-03-30 06:10:00,67467.9,67468.0,67381.0,67411.6,362.372
2026-03-30 06:15:00,67411.6,67435.0,67222.1,67297.8,812.8816
2026-03-30 06:20:00,67297.9,67324.9,67256.8,67290.0,277.6454
2026-03-30 06:25:00,67290.0,67324.0,67252.8,67286.0,276.3153
2026-03-30 06:30:00,67286.1,67309.6,67244.0,67286.2,176.6434
2026-03-30 06:35:00,67286.2,67319.0,67253.1,67273.7,190.2362
2026-03-30 06:40:00,67273.7,67374.9,67273.6,67336.7,268.2377
2026-03-30 06:45:00,67336.6,67397.0,67305.3,67354.7,246.1584
2026-03-30 06:50:00,67354.8,67397.5,67280.1,67300.0,125.6722
2026-03-30 06:55:00,67299.9,67330.0,67265.0,67271.0,130.4228
2026-03-30 07:00:00,67271.0,67271.1,67188.0,67243.0,369.4865
2026-03-30 07:05:00,67243.0,67400.0,67243.0,67360.2,202.3132
2026-03-30 07:10:00,67360.2,67432.6,67330.0,67353.8,120.0856
2026-03-30 07:15:00,67353.9,67399.9,67338.8,67351.4,108.3368
2026-03-30 07:20:00,67351.4,67371.7,67263.6,67279.1,97.7778
2026-03-30 07:25:00,67279.2,67320.0,67275.0,67302.4,108.811
2026-03-30 07:30:00,67302.4,67398.1,67251.3,67305.1,138.0057
2026-03-30 07:35:00,67305.2,67389.3,67265.0,67275.5,147.1963
2026-03-30 07:40:00,67275.4,67318.2,67272.0,67285.9,84.4802
2026-03-30 07:45:00,67285.9,67421.2,67272.7,67421.2,207.9638
2026-03-30 07:50:00,67421.2,67545.0,67373.4,67454.0,494.7191
2026-03-30 07:55:00,67454.0,67599.4,67454.0,67598.6,479.0253
2026-03-30 08:00:00,67598.6,67770.3,67574.1,67745.9,969.226
2026-03-30 08:05:00,67745.9,67891.5,67686.6,67766.9,1030.964
2026-03-30 08:10:00,67766.9,67877.7,67735.2,67862.0,571.5774
2026-03-30 08:15:00,67862.0,67880.0,67714.3,67832.3,667.6078
2026-03-30 08:20:00,67832.3,67832.3,67713.8,67733.5,287.2058
2026-03-30 08:25:00,67733.4,67747.1,67691.5,67728.3,259.4158
2026-03-30 08:30:00,67728.3,67788.0,67709.0,67716.0,193.0489
2026-03-30 08:35:00,67716.0,67928.9,67700.1,67768.8,538.2584
2026-03-30 08:40:00,67768.8,67793.4,67696.0,67719.4,220.6982
2026-03-30 08:45:00,67719.3,67763.3,67632.8,67700.8,258.7599
2026-03-30 08:50:00,67700.7,67795.3,67700.7,67723.1,133.5936
2026-03-30 08:55:00,67723.2,67723.2,67615.8,67635.9,355.8582
2026-03-30 09:00:00,67636.0,67636.0,67552.6,67588.8,443.4718
2026-03-30 09:05:00,67588.9,67634.3,67561.3,67568.3,165.5036
2026-03-30 09:10:00,67568.2,67666.6,67538.2,67546.5,236.955
2026-03-30 09:15:00,67546.4,67625.0,67460.0,67588.2,432.7319
2026-03-30 09:20:00,67588.2,67599.4,67464.6,67490.9,355.0439
2026-03-30 09:25:00,67490.8,67510.0,67471.4,67476.1,128.0644
2026-03-30 09:30:00,67476.0,67477.0,67415.8,67440.2,448.4742
2026-03-30 09:35:00,67440.3,67500.0,67404.9,67495.4,425.7102
2026-03-30 09:40:00,67495.4,67531.6,67430.0,67521.1,335.4351
2026-03-30 09:45:00,67521.1,67564.0,67503.3,67530.1,121.1843
2026-03-30 09:50:00,67530.1,67540.0,67500.0,67502.6,217.3312
2026-03-30 09:55:00,67502.7,67502.7,67433.5,67465.0,103.6985
2026-03-30 10:00:00,67465.1,67469.0,67388.0,67432.1,268.7254
2026-03-30 10:05:00,67432.1,67442.7,67415.3,67431.4,79.0072
2026-03-30 10:10:00,67431.4,67442.7,67367.5,67405.9,116.1274
2026-03-30 10:15:00,67405.9,67450.0,67380.1,67443.1,169.1245
2026-03-30 10:20:00,67443.0,67465.1,67400.0,67400.1,105.471
2026-03-30 10:25:00,67400.1,67427.7,67380.0,67390.1,69.0632
2026-03-30 10:30:00,67390.1,67407.9,67372.8,67380.1,85.7147
2026-03-30 10:35:00,67380.1,67391.4,67331.0,67380.0,214.3145
2026-03-30 10:40:00,67379.9,67406.6,67361.2,67406.1,130.3719
2026-03-30 10:45:00,67406.1,67456.1,67390.6,67449.6,109.6181
2026-03-30 10:50:00,67449.7,67495.7,67429.0,67460.1,230.7764
2026-03-30 10:55:00,67460.1,67488.8,67450.0,67464.1,76.6241
2026-03-30 11:00:00,67464.2,67528.0,67455.5,67480.1,214.6308
2026-03-30 11:05:00,67480.1,67551.8,67480.0,67526.0,134.0679
2026-03-30 11:10:00,67526.1,67568.1,67495.0,67565.0,108.9734
2026-03-30 11:15:00,67565.0,67565.1,67513.0,67523.6,112.838
2026-03-30 11:20:00,67523.6,67609.5,67508.0,67571.0,122.5548
2026-03-30 11:25:00,67571.0,67985.0,67562.3,67652.9,2580.3619
2026-03-30 11:30:00,67652.9,67720.0,67540.5,67564.6,463.5213
2026-03-30 11:35:00,67564.5,67649.9,67479.0,67506.9,522.0494
2026-03-30 11:40:00,67507.0,67585.6,67484.0,67563.3,363.5627
2026-03-30 11:45:00,67563.3,67699.0,67547.1,67670.0,202.8288
2026-03-30 11:50:00,67670.0,67699.0,67600.0,67625.1,155.6058
2026-03-30 11:55:00,67625.1,67642.0,67585.0,67642.0,138.7799
2026-03-30 12:00:00,67642.0,67759.8,67625.9,67748.6,508.6786
2026-03-30 12:05:00,67748.6,67820.0,67729.5,67764.2,363.5359
2026-03-30 12:10:00,67764.3,67859.0,67762.0,67820.6,703.8286
2026-03-30 12:15:00,67820.5,67910.8,67768.3,67871.4,552.0082
2026-03-30 12:20:00,67871.4,67962.5,67835.0,67850.2,559.169
2026-03-30 12:25:00,67850.2,67880.0,67778.1,67830.0,356.4871
2026-03-30 12:30:00,67829.9,67930.0,67825.5,67889.9,447.1196
2026-03-30 12:35:00,67890.0,67910.0,67802.7,67818.9,485.0875
2026-03-30 12:40:00,67818.8,67840.0,67774.1,67840.0,399.4986
2026-03-30 12:45:00,67840.0,67907.5,67797.0,67828.6,404.9742
2026-03-30 12:50:00,67828.6,67870.6,67815.3,67837.8,271.6113
2026-03-30 12:55:00,67837.9,67888.0,67824.6,67860.2,89.1138
2026-03-30 13:00:00,67860.2,67888.0,67800.0,67867.1,255.3461
2026-03-30 13:05:00,67867.2,67930.0,67810.2,67840.0,220.1583
2026-03-30 13:10:00,67840.0,67922.0,67831.9,67867.4,138.3174
2026-03-30 13:15:00,67867.4,67920.0,67836.3,67907.3,112.1276
2026-03-30 13:20:00,67907.4,68198.9,67882.8,68001.4,1927.2914
2026-03-30 13:25:00,68001.4,68001.4,67835.6,67835.7,606.1602
2026-03-30 13:30:00,67835.6,68013.5,67731.5,67858.2,1482.5816
2026-03-30 13:35:00,67858.3,67950.0,67815.1,67834.6,773.8155
2026-03-30 13:40:00,67834.6,67841.3,67669.2,67680.5,1431.6909
2026-03-30 13:45:00,67680.5,67805.1,67585.0,67585.1,720.2341
2026-03-30 13:50:00,67585.2,67745.1,67585.2,67640.4,335.1786
2026-03-30 13:55:00,67640.4,67640.4,67405.0,67495.0,1360.8594
2026-03-30 14:00:00,67495.1,67601.7,67451.3,67567.0,589.847
2026-03-30 14:05:00,67567.0,67600.0,67433.0,67600.0,431.6576
2026-03-30 14:10:00,67600.0,67743.6,67552.2,67651.0,404.3912
2026-03-30 14:15:00,67651.0,67676.7,67300.0,67391.5,836.4947
2026-03-30 14:20:00,67391.6,67466.0,67350.0,67450.7,507.4541
2026-03-30 14:25:00,67450.6,67460.0,67180.1,67274.8,771.0532
2026-03-30 14:30:00,67274.7,67375.0,67259.8,67316.5,325.5155
2026-03-30 14:35:00,67316.5,67339.9,67100.0,67288.9,997.3197
2026-03-30 14:40:00,67288.9,67340.0,67080.0,67105.7,595.1834
2026-03-30 14:45:00,67105.6,67313.6,67054.2,67204.1,489.3225
2026-03-30 14:50:00,67204.1,67549.4,67185.0,67506.0,1052.5207
2026-03-30 14:55:00,67506.1,67848.8,67474.4,67770.1,1313.1204
2026-03-30 15:00:00,67770.2,67854.8,67713.3,67780.0,787.1324
2026-03-30 15:05:00,67779.9,67888.8,67535.5,67577.3,607.8651
2026-03-30 15:10:00,67577.4,67676.0,67536.2,67536.2,262.3506
2026-03-30 15:15:00,67536.3,67564.4,67400.0,67435.4,530.8672
2026-03-30 15:20:00,67435.4,67460.0,67375.3,67411.6,194.3951
2026-03-30 15:25:00,67411.6,67580.0,67411.5,67500.0,600.5394
2026-03-30 15:30:00,67500.1,67766.0,67430.3,67734.5,782.2024
2026-03-30 15:35:00,67734.5,67871.0,67730.8,67791.3,967.0876
2026-03-30 15:40:00,67791.3,67831.8,67698.7,67725.2,784.8162
2026-03-30 15:45:00,67725.2,67742.5,67652.6,67663.8,197.7688
2026-03-30 15:50:00,67663.8,67763.3,67662.5,67700.1,145.435
2026-03-30 15:55:00,67700.0,67700.0,67572.5,67601.2,410.5107
2026-03-30 16:00:00,67601.2,67621.8,67371.6,67399.2,514.2308
2026-03-30 16:05:00,67399.1,67420.0,67320.0,67399.4,573.0472
2026-03-30 16:10:00,67399.4,67435.6,67393.5,67415.6,544.2838
2026-03-30 16:15:00,67415.6,67447.2,67343.3,67362.9,246.9477
2026-03-30 16:20:00,67362.8,67385.2,67255.5,67311.1,221.119
2026-03-30 16:25:00,67311.1,67361.4,67291.7,67318.9,103.3971
2026-03-30 16:30:00,67318.8,67417.6,67280.1,67367.5,227.6071
2026-03-30 16:35:00,67367.6,67470.1,67367.5,67411.2,112.8902
2026-03-30 16:40:00,67411.1,67411.1,67300.0,67346.5,103.0443
2026-03-30 16:45:00,67346.5,67414.8,67300.0,67325.0,113.656
2026-03-30 16:50:00,67325.0,67408.1,67227.3,67227.4,372.5342
2026-03-30 16:55:00,67227.4,67347.5,67180.6,67338.0,442.3831
2026-03-30 17:00:00,67338.0,67439.8,67236.5,67248.0,259.6819
2026-03-30 17:05:00,67248.0,67325.9,67191.8,67262.3,135.6919
2026-03-30 17:10:00,67262.3,67277.1,67150.0,67161.0,257.9909
2026-03-30 17:15:00,67161.0,67173.6,67054.8,67105.9,588.4095
2026-03-30 17:20:00,67105.8,67130.0,66788.6,66826.0,1531.7951
2026-03-30 17:25:00,66826.1,66828.4,66600.1,66787.5,1619.0323
2026-03-30 17:30:00,66787.6,66889.1,66735.0,66830.1,621.5566
2026-03-30 17:35:00,66830.1,66930.0,66766.7,66900.0,270.6415
2026-03-30 17:40:00,66900.0,66930.0,66843.9,66929.7,179.7082
2026-03-30 17:45:00,66929.7,66963.0,66791.5,66854.6,736.9927
2026-03-30 17:50:00,66854.6,66875.0,66771.5,66788.8,447.4139
2026-03-30 17:55:00,66788.9,66839.9,66759.6,66811.6,165.3392
2026-03-30 18:00:00,66811.5,66900.8,66782.7,66810.1,303.1861
2026-03-30 18:05:00,66810.1,66832.2,66700.0,66708.0,412.6632
2026-03-30 18:10:00,66708.0,66810.0,66688.0,66792.8,974.2686
2026-03-30 18:15:00,66792.8,66802.1,66720.0,66751.8,212.6588
2026-03-30 18:20:00,66751.8,66844.4,66581.6,66664.1,888.1587
2026-03-30 18:25:00,66664.1,66695.9,66563.1,66683.8,563.2716
2026-03-30 18:30:00,66683.7,66766.7,66546.3,66734.0,451.0786
2026-03-30 18:35:00,66734.0,66793.0,66668.7,66672.0,661.7409
2026-03-30 18:40:00,66672.0,66720.0,66660.0,66715.7,72.764
2026-03-30 18:45:00,66715.7,66764.1,66614.2,66614.3,87.2569
2026-03-30 18:50:00,66614.2,66627.0,66462.1,66591.7,457.3083
2026-03-30 18:55:00,66591.6,66638.4,66519.2,66629.6,232.2328
2026-03-30 19:00:00,66629.5,66653.5,66519.3,66577.6,137.5858
2026-03-30 19:05:00,66577.6,66586.0,66350.1,66424.2,707.7715
2026-03-30 19:10:00,66424.2,66424.3,66267.9,66408.7,582.7613
2026-03-30 19:15:00,66408.8,66437.1,66345.5,66367.8,266.9814
2026-03-30 19:20:00,66367.9,66414.2,66210.8,66224.4,315.01
2026-03-30 19:25:00,66224.3,66355.0,66220.0,66281.5,298.4848
2026-03-30 19:30:00,66281.6,66388.5,66260.0,66320.0,278.9386
2026-03-30 19:35:00,66320.0,66375.0,66288.0,66316.7,151.0755
2026-03-30 19:40:00,66316.8,66346.5,66220.0,66313.5,179.2811
2026-03-30 19:45:00,66313.6,66426.0,66265.0,66425.9,156.3161
2026-03-30 19:50:00,66426.0,66490.0,66400.0,66487.2,359.0715
2026-03-30 19:55:00,66487.2,66550.3,66436.2,66521.5,451.9764
2026-03-30 20:00:00,66521.5,66577.0,66498.0,66524.3,237.0644
2026-03-30 20:05:00,66524.4,66666.7,66524.4,66613.7,249.7783
2026-03-30 20:10:00,66613.7,66666.8,66566.0,66566.0,133.3005
2026-03-30 20:15:00,66566.0,66597.3,66514.8,66563.1,178.1611
2026-03-30 20:20:00,66563.1,66640.0,66563.0,66630.0,87.6076
2026-03-30 20:25:00,66630.0,66638.4,66602.9,66629.3,51.1901
2026-03-30 20:30:00,66629.3,66647.1,66536.1,66567.3,103.7958
2026-03-30 20:35:00,66567.2,66630.0,66519.4,66628.6,100.4204
2026-03-30 20:40:00,66628.5,66661.7,66606.1,66630.1,92.5234
2026-03-30 20:45:00,66630.1,66643.5,66577.4,66599.6,86.3215
2026-03-30 20:50:00,66599.5,66630.0,66590.2,66630.0,28.6712
2026-03-30 20:55:00,66630.0,66630.0,66609.5,66617.8,253.7664
2026-03-30 21:00:00,66617.7,66624.8,66570.0,66573.8,75.5431
2026-03-30 21:05:00,66573.7,66686.1,66559.5,66679.4,293.4112
2026-03-30 21:10:00,66679.4,66767.7,66678.2,66747.5,633.2138
2026-03-30 21:15:00,66747.4,66835.0,66700.0,66823.8,686.9731
2026-03-30 21:20:00,66823.7,66963.3,66823.7,66930.9,470.5238
2026-03-30 21:25:00,66930.9,66931.0,66805.4,66817.9,152.6448
2026-03-30 21:30:00,66817.9,66871.1,66785.3,66846.2,227.6346
2026-03-30 21:35:00,66846.2,66915.7,66818.3,66880.1,74.2208
2026-03-30 21:40:00,66880.0,66949.9,66828.3,66900.0,98.4578
2026-03-30 21:45:00,66900.0,66918.9,66817.4,66854.9,57.2732
2026-03-30 21:50:00,66855.0,66896.7,66826.3,66826.4,52.8192
2026-03-30 21:55:00,66826.4,66827.8,66750.0,66771.4,159.7935
2026-03-30 22:00:00,66771.3,66956.5,66765.5,66947.1,193.8678
2026-03-30 22:05:00,66947.2,66966.9,66690.0,66705.9,284.1563
2026-03-30 22:10:00,66705.9,66770.6,66657.5,66735.3,166.0735
2026-03-30 22:15:00,66735.3,66787.9,66683.8,66750.3,73.0496
2026-03-30 22:20:00,66750.3,66822.3,66736.9,66822.3,48.2695
2026-03-30 22:25:00,66822.4,66863.5,66762.4,66775.6,71.6113
2026-03-30 22:30:00,66775.6,66783.8,66703.2,66762.6,46.7119
2026-03-30 22:35:00,66762.6,66790.0,66750.0,66758.1,44.0214
2026-03-30 22:40:00,66758.2,66825.0,66758.1,66790.0,45.9038
2026-03-30 22:45:00,66790.1,66809.1,66635.3,66696.4,202.6038
2026-03-30 22:50:00,66696.4,66733.3,66679.2,66731.8,69.1173
2026-03-30 22:55:00,66731.9,66765.8,66721.6,66744.0,66.8229
2026-03-30 23:00:00,66744.0,66752.0,66423.0,66453.8,1034.8589
2026-03-30 23:05:00,66453.9,66537.8,66377.4,66420.7,473.0303
2026-03-30 23:10:00,66420.7,66524.3,66412.5,66514.5,118.3369
2026-03-30 23:15:00,66514.5,66615.9,66500.0,66563.2,549.5975
2026-03-30 23:20:00,66563.2,66639.9,66560.7,66633.0,325.7803
2026-03-30 23:25:00,66633.0,66693.6,66607.8,66669.3,192.6603
2026-03-30 23:30:00,66669.4,66725.9,66648.0,66718.4,166.8575
2026-03-30 23:35:00,66718.5,66749.1,66661.7,66661.8,132.3003
2026-03-30 23:40:00,66661.8,66744.0,66627.6,66729.8,210.9515
2026-03-30 23:45:00,66729.9,66733.1,66679.1,66702.9,170.5765
2026-03-30 23:50:00,66702.9,66747.8,66702.9,66723.1,60.1768
2026-03-30 23:55:00,66723.2,66765.4,66698.5,66765.2,62.9049
2026-03-31 00:00:00,66765.1,66796.0,66673.2,66796.0,286.8617
2026-03-31 00:05:00,66796.0,66796.0,66650.0,66679.5,76.3377
2026-03-31 00:10:00,66679.6,66689.4,66529.1,66623.7,227.1199
2026-03-31 00:15:00,66623.6,66653.0,66510.0,66586.3,275.51
2026-03-31 00:20:00,66586.4,66685.5,66540.0,66671.7,188.5734
2026-03-31 00:25:00,66671.6,66795.8,66657.3,66785.1,281.0484
2026-03-31 00:30:00,66785.1,66826.7,66738.5,66765.1,209.2712
2026-03-31 00:35:00,66765.1,66927.7,66760.0,66896.7,582.9447
2026-03-31 00:40:00,66896.6,66925.5,66760.0,66918.1,193.0669
2026-03-31 00:45:00,66918.2,67276.0,66912.6,67224.2,1174.7987
2026-03-31 00:50:00,67224.1,67239.4,66975.0,67106.6,492.4744
2026-03-31 00:55:00,67106.6,67178.1,67049.0,67178.1,166.2032
2026-03-31 01:00:00,67178.1,67260.6,67099.3,67105.8,349.1701
2026-03-31 01:05:00,67105.8,67129.3,67020.0,67069.0,228.736
2026-03-31 01:10:00,67069.0,67240.0,67069.0,67200.1,308.7227
2026-03-31 01:15:00,67200.0,67419.4,67200.0,67378.0,652.7396
2026-03-31 01:20:00,67377.9,67792.8,67350.2,67784.3,1436.7186
2026-03-31 01:25:00,67784.3,67888.0,67625.8,67750.0,1029.5629
2026-03-31 01:30:00,67749.9,68388.9,67704.0,68308.6,3139.8206
2026-03-31 01:35:00,68308.5,68365.9,68088.3,68174.9,1367.2611
2026-03-31 01:40:00,68174.9,68187.9,67873.6,67914.3,823.7985
2026-03-31 01:45:00,67914.3,67969.6,67783.0,67882.4,611.0702
2026-03-31 01:50:00,67882.4,67985.0,67822.0,67952.5,492.3677
2026-03-31 01:55:00,67952.4,68040.1,67915.2,67915.3,578.9894
2026-03-31 02:00:00,67915.3,67957.6,67751.4,67864.4,460.1336
2026-03-31 02:05:00,67864.3,67966.5,67864.3,67866.0,346.2923
2026-03-31 02:10:00,67866.0,67915.0,67842.8,67896.0,352.2276
2026-03-31 02:15:00,67895.9,68084.0,67888.1,68010.5,378.8634
2026-03-31 02:20:00,68010.4,68033.3,67969.5,68033.2,264.7251
2026-03-31 02:25:00,68033.3,68043.4,67962.9,68031.0,291.959
2026-03-31 02:30:00,68031.0,68048.7,67820.0,67919.9,406.1101
2026-03-31 02:35:00,67919.9,67980.0,67885.0,67885.1,155.8916
2026-03-31 02:40:00,67885.1,67980.8,67876.6,67962.1,146.5047
2026-03-31 02:45:00,67962.1,67985.0,67879.1,67906.8,107.524
2026-03-31 02:50:00,67906.9,68068.0,67906.9,67975.3,205.4328
2026-03-31 02:55:00,67975.3,67999.9,67923.9,67928.7,94.2301
2026-03-31 03:00:00,67928.6,67929.3,67784.0,67844.1,253.5213
2026-03-31 03:05:00,67844.1,67996.1,67812.9,67937.4,164.6034
2026-03-31 03:10:00,67937.4,67970.0,67866.8,67900.0,88.4385
2026-03-31 03:15:00,67900.0,67945.2,67835.5,67835.5,126.3488
2026-03-31 03:20:00,67835.5,67880.0,67783.9,67795.0,254.3262
2026-03-31 03:25:00,67795.1,67879.9,67794.1,67828.5,134.4289
2026-03-31 03:30:00,67828.6,67909.1,67756.6,67875.0,184.9181
2026-03-31 03:35:00,67875.1,67877.1,67612.0,67672.0,494.5089
2026-03-31 03:40:00,67672.1,67718.5,67638.5,67705.7,244.3414
2026-03-31 03:45:00,67705.8,67735.0,67614.1,67630.7,182.4706
2026-03-31 03:50:00,67630.7,67742.9,67630.6,67709.4,197.55
2026-03-31 03:55:00,67709.4,67716.6,67666.2,67683.8,83.0844
2026-03-31 04:00:00,67683.8,67765.0,67588.0,67634.7,351.2768
2026-03-31 04:05:00,67634.8,67745.3,67615.9,67647.5,246.5841
2026-03-31 04:10:00,67647.5,67652.4,67555.6,67642.6,300.7451
2026-03-31 04:15:00,67642.5,67728.0,67628.4,67721.5,150.0576
2026-03-31 04:20:00,67721.5,67870.2,67721.4,67735.9,376.9495
2026-03-31 04:25:00,67735.9,67740.0,67454.5,67568.6,668.7193
2026-03-31 04:30:00,67568.6,67642.6,67549.7,67565.6,282.5868
2026-03-31 04:35:00,67565.6,67591.7,67500.0,67574.1,219.837
2026-03-31 04:40:00,67574.1,67612.6,67526.2,67579.3,141.4594
2026-03-31 04:45:00,67579.3,67661.2,67576.0,67621.6,175.8026
2026-03-31 04:50:00,67621.5,67672.0,67560.0,67561.3,236.4274
2026-03-31 04:55:00,67561.3,67562.4,67488.3,67520.9,136.609
2026-03-31 05:00:00,67520.8,67576.1,67400.0,67570.1,384.5398
2026-03-31 05:05:00,67570.1,67599.0,67480.0,67480.1,110.3647
2026-03-31 05:10:00,67480.1,67496.8,67370.4,67403.7,232.2367
2026-03-31 05:15:00,67403.7,67476.0,67373.1,67443.6,244.527
2026-03-31 05:20:00,67443.6,67628.8,67435.7,67598.8,328.0829
2026-03-31 05:25:00,67598.8,67640.0,67565.3,67607.1,273.7164
2026-03-31 05:30:00,67607.0,67666.0,67543.2,67666.0,267.8736
2026-03-31 05:35:00,67665.9,67690.3,67620.4,67674.5,256.6205
2026-03-31 05:40:00,67674.6,67705.8,67618.7,67658.0,109.5952
2026-03-31 05:45:00,67657.9,67749.3,67657.9,67710.6,220.1075
2026-03-31 05:50:00,67710.6,67768.9,67670.0,67708.5,218.3615
2026-03-31 05:55:00,67708.5,67728.5,67633.0,67658.7,98.9717
2026-03-31 06:00:00,67658.7,67690.9,67542.6,67681.2,257.8971
2026-03-31 06:05:00,67681.1,67681.1,67527.4,67527.5,183.194
2026-03-31 06:10:00,67527.5,67527.5,67446.5,67454.9,259.2296
2026-03-31 06:15:00,67454.9,67494.1,67400.1,67422.0,313.2948
2026-03-31 06:20:00,67422.0,67490.0,67400.2,67425.9,162.6108
2026-03-31 06:25:00,67425.9,67449.2,67311.0,67388.9,286.3234
2026-03-31 06:30:00,67388.9,67421.9,67355.0,67386.9,158.692
2026-03-31 06:35:00,67386.9,67391.6,67330.1,67385.8,143.2603
2026-03-31 06:40:00,67385.7,67458.0,67374.8,67391.0,110.0115
2026-03-31 06:45:00,67391.1,67459.6,67391.0,67439.8,66.8963
2026-03-31 06:50:00,67439.7,67500.0,67437.1,67479.6,101.5731
2026-03-31 06:55:00,67479.6,67524.0,67450.0,67475.3,136.5852
2026-03-31 07:00:00,67475.3,67508.7,67430.3,67484.2,186.5744
2026-03-31 07:05:00,67484.1,67484.2,67356.7,67364.3,178.6061
2026-03-31 07:10:00,67364.3,67381.3,67207.1,67275.6,441.5482
2026-03-31 07:15:00,67275.5,67280.0,67064.1,67126.2,876.9529
2026-03-31 07:20:00,67126.2,67229.2,67109.5,67122.9,318.7615
2026-03-31 07:25:00,67122.9,67302.6,67100.0,67273.0,356.3635
2026-03-31 07:30:00,67273.0,67328.2,67240.0,67297.5,186.3518
2026-03-31 07:35:00,67297.5,67353.6,67180.1,67295.9,390.0671
2026-03-31 07:40:00,67295.9,67350.0,67284.9,67301.7,145.6232
2026-03-31 07:45:00,67301.8,67415.0,67301.7,67371.3,182.3941
2026-03-31 07:50:00,67371.3,67373.0,67288.5,67364.9,191.5893
2026-03-31 07:55:00,67364.9,67394.6,67312.8,67346.9,193.2966
2026-03-31 08:00:00,67346.8,67443.3,67214.7,67423.8,330.1415
2026-03-31 08:05:00,67423.8,67489.3,67392.3,67470.7,212.998
2026-03-31 08:10:00,67470.6,67470.7,67327.1,67330.3,86.3351
2026-03-31 08:15:00,67330.3,67395.2,67291.9,67351.6,119.3487
2026-03-31 08:20:00,67351.6,67425.0,67340.0,67346.0,159.9177
2026-03-31 08:25:00,67346.0,67354.8,67266.0,67290.9,172.9459
2026-03-31 08:30:00,67290.9,67290.9,67100.0,67124.8,421.6022
2026-03-31 08:35:00,67124.8,67164.6,67003.9,67015.7,721.95
2026-03-31 08:40:00,67015.7,67038.0,66779.9,66819.4,2624.176
2026-03-31 08:45:00,66819.4,66925.2,66650.0,66885.1,1502.2021
2026-03-31 08:50:00,66885.0,66906.6,66793.4,66872.8,285.2246
2026-03-31 08:55:00,66872.8,66874.3,66725.7,66739.3,701.0587
2026-03-31 09:00:00,66739.4,66845.0,66652.9,66826.0,709.3946
2026-03-31 09:05:00,66826.0,66890.0,66704.6,66722.7,450.6109
2026-03-31 09:10:00,66722.8,66722.8,66538.2,66663.2,932.793
2026-03-31 09:15:00,66663.1,66673.9,66474.1,66506.9,844.1375
2026-03-31 09:20:00,66506.9,66576.3,66420.0,66562.3,560.3629
2026-03-31 09:25:00,66562.4,66587.4,66300.0,66397.4,1024.493
2026-03-31 09:30:00,66397.5,66476.4,66352.8,66427.3,464.8244
2026-03-31 09:35:00,66427.2,66455.3,66368.5,66430.0,232.6148
2026-03-31 09:40:00,66430.0,66491.9,66380.0,66475.8,362.569
2026-03-31 09:45:00,66475.8,66479.0,66350.6,66403.5,340.9525
2026-03-31 09:50:00,66403.4,66403.5,66213.9,66327.5,848.6261
2026-03-31 09:55:00,66327.5,66351.2,65946.0,66090.0,2232.4753
2026-03-31 10:00:00,66090.0,66195.9,66062.2,66193.3,665.6737
2026-03-31 10:05:00,66193.3,66311.9,66185.0,66293.5,494.2433
2026-03-31 10:10:00,66293.5,66359.3,66280.0,66335.7,433.0227
2026-03-31 10:15:00,66335.7,66432.9,66313.6,66320.0,363.9208
2026-03-31 10:20:00,66320.1,66411.0,66306.0,66385.0,342.6366
2026-03-31 10:25:00,66385.0,66385.1,66312.7,66344.2,162.5549
2026-03-31 10:30:00,66344.2,66389.0,66282.9,66297.7,194.9705
2026-03-31 10:35:00,66297.8,66338.0,66166.4,66226.5,764.441
2026-03-31 10:40:00,66226.5,66290.7,66184.1,66241.3,433.9165
2026-03-31 10:45:00,66241.4,66315.6,66203.4,66309.5,360.1713
2026-03-31 10:50:00,66309.6,66438.0,66309.6,66394.9,361.6654
2026-03-31 10:55:00,66395.0,66395.0,66280.4,66319.8,186.9253
2026-03-31 11:00:00,66319.8,66358.4,66266.0,66354.7,191.6476
2026-03-31 11:05:00,66354.7,66358.0,66181.1,66199.9,342.5811
2026-03-31 11:10:00,66199.9,66556.7,66198.9,66538.0,1257.2818
2026-03-31 11:15:00,66538.1,66887.0,66500.0,66643.6,2855.9884
2026-03-31 11:20:00,66644.4,66694.7,66524.5,66610.2,551.8257
2026-03-31 11:25:00,66610.2,66637.7,66579.1,66605.3,154.5636
2026-03-31 11:30:00,66605.4,66725.7,66603.0,66720.1,226.9882
2026-03-31 11:35:00,66720.2,66799.9,66693.3,66777.8,345.2164
2026-03-31 11:40:00,66777.8,66800.0,66650.0,66696.2,407.9141
2026-03-31 11:45:00,66696.3,66696.3,66527.2,66577.3,381.8965
2026-03-31 11:50:00,66577.2,66624.4,66534.4,66568.6,135.0679
2026-03-31 11:55:00,66568.6,66673.5,66568.5,66653.5,164.6302
2026-03-31 12:00:00,66653.5,66750.6,66653.5,66720.6,229.8207
2026-03-31 12:05:00,66720.6,66772.8,66663.0,66721.9,126.1582
2026-03-31 12:10:00,66721.9,66721.9,66535.0,66541.0,531.8762
2026-03-31 12:15:00,66541.0,66766.9,66488.1,66712.5,438.612
2026-03-31 12:20:00,66712.6,66712.6,66594.0,66596.2,146.1993
2026-03-31 12:25:00,66596.2,66798.8,66596.2,66760.8,403.7838
2026-03-31 12:30:00,66760.8,66835.4,66689.2,66745.9,269.5865
2026-03-31 12:35:00,66745.9,66927.9,66740.2,66877.9,871.9877
2026-03-31 12:40:00,66877.9,66878.0,66833.0,66876.6,288.6016
2026-03-31 12:45:00,66876.6,66891.1,66677.0,66696.3,498.3987
2026-03-31 12:50:00,66696.3,66720.3,66625.0,66676.5,276.8096
2026-03-31 12:55:00,66676.4,66703.6,66619.7,66624.3,142.1818
2026-03-31 13:00:00,66624.2,66720.6,66620.0,66683.1,391.9115
2026-03-31 13:05:00,66683.2,66777.0,66651.3,66776.5,157.2782
2026-03-31 13:10:00,66776.5,66816.7,66760.0,66796.4,158.3442
2026-03-31 13:15:00,66796.4,66928.3,66763.0,66763.0,393.2492
2026-03-31 13:20:00,66763.1,66795.5,66724.3,66779.6,139.1117
2026-03-31 13:25:00,66779.6,66801.9,66762.9,66777.6,248.0361
2026-03-31 13:30:00,66777.5,66965.0,66700.0,66861.8,805.5921
2026-03-31 13:35:00,66861.8,67034.7,66785.5,66957.5,611.967
2026-03-31 13:40:00,66957.5,67200.0,66917.2,66936.8,1469.9127
2026-03-31 13:45:00,66936.8,67329.4,66936.8,67274.1,1386.072
2026-03-31 13:50:00,67274.1,67392.8,67097.0,67318.2,1038.9547
2026-03-31 13:55:00,67318.2,67398.6,67167.9,67267.6,697.4467
2026-03-31 14:00:00,67267.6,67529.9,67209.2,67289.8,1513.4725
2026-03-31 14:05:00,67289.8,67289.8,67052.7,67155.5,864.4539
2026-03-31 14:10:00,67155.6,67328.2,67153.2,67304.9,372.5228
2026-03-31 14:15:00,67305.0,67770.3,67289.1,67697.4,1807.163
2026-03-31 14:20:00,67697.4,67718.0,67584.4,67614.5,827.9708
2026-03-31 14:25:00,67614.6,67721.4,67493.0,67700.1,484.5544
2026-03-31 14:30:00,67700.1,67721.0,67451.0,67465.0,806.6628
2026-03-31 14:35:00,67464.9,67516.9,67276.8,67299.9,902.6494
2026-03-31 14:40:00,67300.0,67350.5,67054.7,67190.1,940.3486
2026-03-31 14:45:00,67190.1,67190.1,66843.7,66881.6,1263.2408
2026-03-31 14:50:00,66881.7,66929.9,66428.0,66556.0,2868.6059
2026-03-31 14:55:00,66556.1,66614.2,66389.0,66552.7,933.9921
2026-03-31 15:00:00,66552.8,66802.5,66552.8,66755.9,881.1799
2026-03-31 15:05:00,66755.9,67066.8,66750.0,66898.1,1560.174
2026-03-31 15:10:00,66898.2,67260.8,66894.0,67206.2,1252.6392
2026-03-31 15:15:00,67206.2,67249.7,67068.2,67134.5,594.1932
2026-03-31 15:20:00,67134.4,67263.1,67068.2,67246.0,588.0791
2026-03-31 15:25:00,67246.0,67246.0,66870.0,66928.9,751.3384
2026-03-31 15:30:00,66929.0,67053.5,66846.8,66971.3,524.0084
2026-03-31 15:35:00,66971.3,67130.0,66940.4,67007.0,454.9747
2026-03-31 15:40:00,67007.0,67024.9,66868.0,66904.9,238.4159
2026-03-31 15:45:00,66904.8,66970.3,66798.3,66922.6,313.2061
2026-03-31 15:50:00,66922.6,67033.2,66887.8,66953.0,170.7616
2026-03-31 15:55:00,66953.0,66970.7,66667.2,66705.0,513.5111
2026-03-31 16:00:00,66705.0,66918.0,66696.2,66821.8,359.0717
2026-03-31 16:05:00,66821.9,66971.4,66797.1,66940.1,271.3013
2026-03-31 16:10:00,66940.0,66940.1,66733.0,66898.9,196.9731
2026-03-31 16:15:00,66898.8,67032.0,66883.3,66973.7,212.2741
2026-03-31 16:20:00,66973.6,67166.6,66930.0,67164.9,293.5091
2026-03-31 16:25:00,67165.0,67174.4,67043.1,67062.1,272.362
2026-03-31 16:30:00,67062.1,67107.7,66987.4,66993.4,135.386
2026-03-31 16:35:00,66993.4,67488.0,66930.2,67487.9,817.9443
2026-03-31 16:40:00,67487.9,67993.3,67464.4,67747.0,2950.712
2026-03-31 16:45:00,67747.0,67900.0,67445.6,67724.3,1357.2225
2026-03-31 16:50:00,67724.3,67795.0,67518.8,67641.0,755.5691
2026-03-31 16:55:00,67641.0,67647.1,67490.1,67643.1,527.0585
2026-03-31 17:00:00,67643.0,67850.0,67581.8,67771.9,827.941
2026-03-31 17:05:00,67772.0,67772.0,67544.9,67639.9,672.2353
2026-03-31 17:10:00,67640.0,68495.8,67613.9,68425.2,3582.7891
2026-03-31 17:15:00,68425.2,68575.1,68206.4,68213.7,1635.716
2026-03-31 17:20:00,68213.7,68385.2,68113.1,68295.2,860.8966
2026-03-31 17:25:00,68295.2,68333.0,67924.8,68003.9,1027.4647
2026-03-31 17:30:00,68003.9,68091.5,67865.7,67995.4,753.762
2026-03-31 17:35:00,67995.4,68030.0,67651.4,67740.5,1020.7988
2026-03-31 17:40:00,67740.5,67740.5,67573.4,67686.9,520.2261
2026-03-31 17:45:00,67686.9,67745.1,67517.7,67637.2,614.0379
2026-03-31 17:50:00,67637.2,67706.0,67490.5,67594.4,552.7861
2026-03-31 17:55:00,67594.4,67612.8,67373.3,67500.6,981.9448
2026-03-31 18:00:00,67500.6,67628.8,67500.0,67597.1,374.6172
2026-03-31 18:05:00,67597.0,67777.0,67553.3,67738.4,361.3981
2026-03-31 18:10:00,67738.3,67753.0,67650.0,67749.9,229.556
2026-03-31 18:15:00,67749.9,67928.2,67700.0,67720.2,507.0921
2026-03-31 18:20:00,67720.2,67770.3,67686.4,67699.9,156.9439
2026-03-31 18:25:00,67700.0,67795.0,67603.7,67752.9,263.8713
2026-03-31 18:30:00,67752.9,67809.9,67601.1,67722.7,393.3123
2026-03-31 18:35:00,67722.8,67858.0,67660.2,67800.1,351.7129
2026-03-31 18:40:00,67800.0,67800.0,67678.4,67790.6,161.6778
2026-03-31 18:45:00,67790.6,67917.0,67789.3,67821.3,252.1185
2026-03-31 18:50:00,67821.3,67864.4,67745.5,67761.9,72.565
2026-03-31 18:55:00,67761.8,67822.2,67696.8,67812.7,132.2962
2026-03-31 19:00:00,67812.8,67913.4,67806.4,67890.5,248.5815
2026-03-31 19:05:00,67890.5,67980.1,67812.1,67827.8,235.4555
2026-03-31 19:10:00,67827.8,67993.8,67817.9,67958.1,241.805
2026-03-31 19:15:00,67958.1,67998.0,67850.3,67892.0,189.7325
2026-03-31 19:20:00,67891.9,67949.2,67823.6,67899.0,166.3497
2026-03-31 19:25:00,67899.0,67932.1,67822.2,67845.1,98.2555
2026-03-31 19:30:00,67845.2,67906.8,67780.9,67815.3,117.8852
2026-03-31 19:35:00,67815.3,67866.7,67708.8,67740.2,147.0325
2026-03-31 19:40:00,67740.1,67801.1,67662.7,67801.0,168.6713
2026-03-31 19:45:00,67801.0,67939.4,67782.4,67882.4,115.5546
2026-03-31 19:50:00,67882.5,67920.2,67765.0,67810.1,136.8707
2026-03-31 19:55:00,67810.2,67857.4,67688.9,67809.4,221.1495
2026-03-31 20:00:00,67808.4,67916.7,67794.4,67916.7,166.9187
2026-03-31 20:05:00,67916.7,68063.5,67901.2,68020.5,406.2236
2026-03-31 20:10:00,68020.5,68178.7,68006.7,68114.8,345.4088
2026-03-31 20:15:00,68114.8,68135.9,67980.8,67991.0,215.1579
2026-03-31 20:20:00,67991.0,68009.2,67901.0,67979.3,344.7886
2026-03-31 20:25:00,67979.3,67979.3,67931.1,67969.3,99.9849
2026-03-31 20:30:00,67969.3,67989.0,67916.1,67930.3,88.4461
2026-03-31 20:35:00,67930.4,68099.7,67925.8,68061.6,119.4717
2026-03-31 20:40:00,68061.6,68065.0,67999.6,68013.3,71.1622
2026-03-31 20:45:00,68013.3,68190.8,67984.6,68133.3,250.5199
2026-03-31 20:50:00,68133.3,68183.2,68077.7,68178.4,188.7729
2026-03-31 20:55:00,68178.3,68236.0,68146.3,68228.9,192.5046
2026-03-31 21:00:00,68229.0,68229.0,67978.7,68036.0,331.232
2026-03-31 21:05:00,68036.1,68100.0,67966.0,67966.1,142.3358
2026-03-31 21:10:00,67966.0,67991.1,67911.5,67981.4,141.6648
2026-03-31 21:15:00,67981.4,68010.1,67880.5,67921.8,200.4549
2026-03-31 21:20:00,67921.8,67935.4,67841.4,67917.1,114.0808
2026-03-31 21:25:00,67917.1,68023.3,67917.0,68000.0,105.3577
2026-03-31 21:30:00,68000.0,68091.8,67996.5,68051.0,115.5777
2026-03-31 21:35:00,68051.0,68086.5,68016.9,68061.4,91.3332
2026-03-31 21:40:00,68061.4,68139.0,68061.2,68133.6,121.9726
2026-03-31 21:45:00,68133.7,68187.0,68120.3,68187.0,87.1673
2026-03-31 21:50:00,68187.0,68358.0,68150.6,68340.6,480.3215
2026-03-31 21:55:00,68340.6,68382.7,68204.3,68241.5,209.7481
2026-03-31 22:00:00,68241.5,68316.2,68145.0,68175.0,223.3725
2026-03-31 22:05:00,68175.0,68236.4,68015.8,68075.0,240.3755
2026-03-31 22:10:00,68075.0,68189.4,68074.9,68176.7,103.7169
2026-03-31 22:15:00,68176.7,68238.0,68150.0,68189.5,123.4938
2026-03-31 22:20:00,68189.4,68260.9,68144.2,68161.9,148.1368
2026-03-31 22:25:00,68162.0,68162.0,68060.0,68081.5,98.84
2026-03-31 22:30:00,68081.5,68088.4,67930.0,68010.1,253.6103
2026-03-31 22:35:00,68010.2,68053.4,67993.8,68040.6,84.1427
2026-03-31 22:40:00,68040.6,68212.3,68040.6,68151.0,128.1614
2026-03-31 22:45:00,68151.1,68151.1,68070.8,68140.1,78.8993
2026-03-31 22:50:00,68140.0,68184.7,68117.9,68144.4,72.6805
2026-03-31 22:55:00,68144.4,68190.6,68125.7,68148.9,70.6226
2026-03-31 23:00:00,68149.0,68173.8,68057.9,68115.3,144.9121
2026-03-31 23:05:00,68115.3,68251.6,68100.0,68225.1,187.3254
2026-03-31 23:10:00,68225.0,68252.0,68164.2,68185.0,218.4538
2026-03-31 23:15:00,68185.1,68342.4,68135.1,68311.7,365.213
2026-03-31 23:20:00,68311.7,68330.7,68200.0,68228.0,104.2623
2026-03-31 23:25:00,68228.1,68266.7,68181.2,68223.7,103.2886
2026-03-31 23:30:00,68223.7,68267.6,68200.1,68223.2,96.7575
2026-03-31 23:35:00,68223.2,68329.8,68218.5,68319.1,121.8338
2026-03-31 23:40:00,68319.0,68319.0,68265.1,68271.0,112.627
2026-03-31 23:45:00,68271.0,68271.1,68173.2,68193.1,92.8906
2026-03-31 23:50:00,68193.2,68300.0,68183.3,68241.7,127.1751
2026-03-31 23:55:00,68241.6,68275.9,68210.8,68241.2,108.0919
2026-04-01 00:00:00,68241.1,68241.1,68075.1,68164.7,290.2238
2026-04-01 00:05:00,68164.7,68188.2,68106.1,68125.0,160.3383
2026-04-01 00:10:00,68125.0,68129.7,67980.7,68009.9,243.462
2026-04-01 00:15:00,68010.0,68180.3,68009.9,68102.8,189.9272
2026-04-01 00:20:00,68102.8,68158.8,67880.8,67938.9,280.3987
2026-04-01 00:25:00,67938.9,67967.6,67870.9,67967.6,251.7378
2026-04-01 00:30:00,67967.6,67996.9,67815.0,67891.0,235.8871
2026-04-01 00:35:00,67891.1,67966.8,67891.0,67945.0,254.6558
2026-04-01 00:40:00,67945.0,68034.8,67940.0,68034.8,130.4912
2026-04-01 00:45:00,68034.8,68099.8,67995.0,68082.0,149.0469
2026-04-01 00:50:00,68082.0,68318.5,68078.6,68261.4,549.4939
2026-04-01 00:55:00,68261.5,68299.9,68183.5,68299.9,246.5523
2026-04-01 01:00:00,68300.0,68333.3,68185.5,68284.5,313.1754
2026-04-01 01:05:00,68284.5,68290.0,68114.8,68229.1,201.8483
2026-04-01 01:10:00,68229.1,68279.0,68200.1,68230.4,178.0958
2026-04-01 01:15:00,68230.4,68230.4,68021.6,68045.4,280.3723
2026-04-01 01:20:00,68045.3,68075.0,67981.5,68019.6,160.9676
2026-04-01 01:25:00,68019.7,68068.0,68014.3,68014.3,155.4651
2026-04-01 01:30:00,68014.3,68061.5,67875.3,67900.2,247.5159
2026-04-01 01:35:00,67900.2,67954.4,67752.2,67867.1,430.0769
2026-04-01 01:40:00,67867.1,67925.0,67826.6,67925.0,181.8536
2026-04-01 01:45:00,67925.0,67929.0,67814.4,67837.0,214.1741
2026-04-01 01:50:00,67837.0,67914.3,67825.8,67839.2,190.5562
2026-04-01 01:55:00,67839.3,67907.0,67714.0,67755.4,242.9314
2026-04-01 02:00:00,67755.4,67829.0,67747.6,67818.5,225.8468
2026-04-01 02:05:00,67818.5,67869.1,67740.0,67816.3,180.8281
2026-04-01 02:10:00,67816.3,67835.4,67677.0,67809.3,309.7827
2026-04-01 02:15:00,67809.2,67874.7,67720.0,67851.4,201.4783
2026-04-01 02:20:00,67851.3,67876.5,67788.0,67810.0,135.012
2026-04-01 02:25:00,67809.9,67810.0,67560.0,67610.9,505.4994
2026-04-01 02:30:00,67610.9,67680.0,67550.1,67569.6,258.2436
2026-04-01 02:35:00,67569.6,67691.7,67555.0,67589.6,241.6182
2026-04-01 02:40:00,67589.7,67663.8,67589.7,67622.6,98.2996
2026-04-01 02:45:00,67622.6,67709.2,67588.5,67588.6,176.507
2026-04-01 02:50:00,67588.5,67639.2,67564.2,67620.0,104.7142
2026-04-01 02:55:00,67620.0,67636.3,67568.5,67636.3,126.1203
2026-04-01 03:00:00,67636.3,67775.4,67636.3,67765.0,353.6487
2026-04-01 03:05:00,67765.0,68079.7,67765.0,68034.3,608.6977
2026-04-01 03:10:00,68034.3,68038.6,67946.7,67949.7,256.6357
2026-04-01 03:15:00,67949.7,67998.6,67911.2,67959.5,143.3139
2026-04-01 03:20:00,67959.4,67975.7,67915.0,67925.1,184.4228
2026-04-01 03:25:00,67925.1,67936.2,67893.3,67936.1,81.869
2026-04-01 03:30:00,67936.2,67995.0,67906.3,67923.3,162.6059
2026-04-01 03:35:00,67923.2,67950.0,67888.0,67944.1,68.4915
2026-04-01 03:40:00,67944.0,68055.6,67925.6,68031.7,170.1124
2026-04-01 03:45:00,68031.6,68220.0,68031.6,68140.4,502.4375
2026-04-01 03:50:00,68140.4,68140.4,68058.4,68130.7,172.2282
2026-04-01 03:55:00,68130.8,68165.0,68073.3,68130.4,171.4343
2026-04-01 04:00:00,68130.3,68242.2,68118.0,68121.9,325.3361
2026-04-01 04:05:00,68121.9,68130.0,68078.1,68100.0,95.2074
2026-04-01 04:10:00,68099.9,68100.0,67967.6,68045.5,686.5985
2026-04-01 04:15:00,68045.4,68107.9,68005.4,68084.8,149.5948
2026-04-01 04:20:00,68084.9,68202.4,68074.3,68097.8,618.9916
2026-04-01 04:25:00,68097.8,68137.7,68087.9,68121.3,94.3947
2026-04-01 04:30:00,68121.2,68150.0,68070.8,68140.3,92.4627
2026-04-01 04:35:00,68140.3,68200.0,68100.0,68174.5,96.6845
2026-04-01 04:40:00,68174.5,68249.9,68163.2,68188.1,184.1353
2026-04-01 04:45:00,68188.2,68298.0,68168.0,68255.1,168.2332
2026-04-01 04:50:00,68255.2,68456.3,68248.7,68304.0,655.067
2026-04-01 04:55:00,68304.0,68308.6,68200.0,68272.2,203.6331
2026-04-01 05:00:00,68272.2,68280.0,68108.2,68125.0,286.7169
2026-04-01 05:05:00,68124.9,68200.0,68110.0,68194.9,149.6887
2026-04-01 05:10:00,68195.0,68400.0,68163.0,68377.1,377.2481
2026-04-01 05:15:00,68377.1,68524.0,68328.0,68443.9,776.1071
2026-04-01 05:20:00,68443.9,68530.0,68391.2,68498.3,436.2862
2026-04-01 05:25:00,68498.3,68739.5,68498.2,68555.8,1380.9665
2026-04-01 05:30:00,68555.8,68633.5,68491.0,68583.6,366.2709
2026-04-01 05:35:00,68583.6,68596.1,68466.0,68480.0,293.9747
2026-04-01 05:40:00,68479.9,68540.4,68444.7,68480.0,178.7478
2026-04-01 05:45:00,68480.0,68499.9,68408.1,68450.0,301.3824
2026-04-01 05:50:00,68449.9,68533.3,68449.9,68487.2,244.1066
2026-04-01 05:55:00,68487.1,68493.6,68415.9,68424.8,147.8838
2026-04-01 06:00:00,68424.7,68516.7,68424.7,68463.8,166.5131
2026-04-01 06:05:00,68463.9,68659.2,68459.0,68591.7,297.3078
2026-04-01 06:10:00,68592.0,68677.0,68591.5,68620.0,276.4199
2026-04-01 06:15:00,68620.0,68769.1,68574.4,68764.9,390.8757
2026-04-01 06:20:00,68765.0,68868.8,68712.2,68815.6,1019.9084
2026-04-01 06:25:00,68815.6,68868.7,68786.1,68827.9,433.4475
2026-04-01 06:30:00,68827.9,68950.0,68761.9,68917.8,879.4875
2026-04-01 06:35:00,68917.8,69099.9,68907.8,68935.9,1714.1827
2026-04-01 06:40:00,68936.0,69222.0,68935.9,69188.6,1255.4033
2026-04-01 06:45:00,69188.6,69219.1,69005.9,69006.0,818.8355
2026-04-01 06:50:00,69005.9,69110.0,68990.6,69109.9,357.4255
2026-04-01 06:55:00,69110.0,69191.6,69062.8,69069.3,377.8677
2026-04-01 07:00:00,69069.4,69215.5,69069.3,69100.0,448.5166
2026-04-01 07:05:00,69100.0,69200.0,69100.0,69199.9,279.4543
2026-04-01 07:10:00,69199.9,69315.8,69100.0,69142.9,911.668
2026-04-01 07:15:00,69142.9,69155.5,68965.8,68965.8,1013.6214
2026-04-01 07:20:00,68965.9,68975.8,68801.6,68865.6,1074.7503
2026-04-01 07:25:00,68865.6,68975.7,68860.6,68867.8,656.9177
2026-04-01 07:30:00,68867.9,68969.0,68854.8,68880.5,431.1332
2026-04-01 07:35:00,68880.5,68944.4,68845.2,68877.6,284.2171
2026-04-01 07:40:00,68877.6,68911.3,68820.0,68862.6,287.452
2026-04-01 07:45:00,68862.7,68889.9,68665.1,68732.9,655.3639
2026-04-01 07:50:00,68732.9,68781.5,68651.0,68678.4,512.1177
2026-04-01 07:55:00,68678.4,68726.2,68633.0,68655.2,368.3511
2026-04-01 08:00:00,68655.2,68740.9,68621.8,68660.0,834.7887
2026-04-01 08:05:00,68660.1,68683.1,68542.0,68544.9,470.9905
2026-04-01 08:10:00,68545.0,68599.8,68475.0,68500.1,651.7495
2026-04-01 08:15:00,68500.1,68564.7,68419.0,68513.9,569.9955
2026-04-01 08:20:00,68514.0,68657.9,68514.0,68635.6,367.5548
2026-04-01 08:25:00,68635.7,68719.9,68635.7,68711.4,260.7464
2026-04-01 08:30:00,68711.5,68755.0,68690.0,68712.8,221.3003
2026-04-01 08:35:00,68712.8,68834.8,68684.7,68800.1,402.3707
2026-04-01 08:40:00,68800.1,68823.6,68700.0,68746.9,209.5437
2026-04-01 08:45:00,68746.9,68755.2,68694.9,68700.1,133.4543
2026-04-01 08:50:00,68700.1,68765.2,68577.6,68607.7,405.9498
2026-04-01 08:55:00,68607.8,68701.2,68526.0,68631.0,276.4974
2026-04-01 09:00:00,68630.9,68700.0,68589.9,68671.9,218.0407
2026-04-01 09:05:00,68672.0,68699.0,68438.0,68452.9,726.006
2026-04-01 09:10:00,68452.9,68485.0,68403.4,68469.8,411.8711
2026-04-01 09:15:00,68469.8,68516.9,68364.0,68432.4,345.1275
2026-04-01 09:20:00,68432.5,68451.0,68350.1,68406.0,459.2418
2026-04-01 09:25:00,68406.0,68540.0,68394.0,68530.7,166.8074
2026-04-01 09:30:00,68530.6,68588.0,68517.1,68529.0,230.9925
2026-04-01 09:35:00,68529.0,68559.9,68428.0,68428.1,165.8314
2026-04-01 09:40:00,68428.1,68465.9,68370.2,68454.9,203.8069
2026-04-01 09:45:00,68455.0,68577.6,68455.0,68573.8,135.7463
2026-04-01 09:50:00,68573.9,68659.0,68573.8,68633.1,261.2463
2026-04-01 09:55:00,68633.0,68677.9,68599.0,68619.8,162.5378
2026-04-01 10:00:00,68619.9,68636.5,68517.3,68517.4,243.9294
2026-04-01 10:05:00,68517.4,68568.4,68516.0,68516.0,104.9352
2026-04-01 10:10:00,68516.0,68567.5,68476.8,68481.3,213.7986
2026-04-01 10:15:00,68481.3,68533.7,68455.8,68480.1,174.168
2026-04-01 10:20:00,68480.0,68609.4,68480.0,68577.9,218.7336
2026-04-01 10:25:00,68577.9,68577.9,68470.0,68496.9,133.1053
2026-04-01 10:30:00,68496.8,68550.0,68436.9,68437.0,101.5758
2026-04-01 10:35:00,68436.9,68470.2,68377.9,68437.5,241.8437
2026-04-01 10:40:00,68437.5,68523.7,68437.5,68473.3,165.5997
2026-04-01 10:45:00,68473.2,68557.8,68464.1,68557.8,117.4938
2026-04-01 10:50:00,68557.8,68608.1,68550.0,68572.5,230.3248
2026-04-01 10:55:00,68572.5,68572.6,68401.2,68555.4,206.0568
2026-04-01 11:00:00,68555.4,68604.0,68524.0,68547.1,181.2289
2026-04-01 11:05:00,68547.1,68559.6,68485.6,68493.6,132.4149
2026-04-01 11:10:00,68493.6,68633.6,68485.2,68591.5,125.8691
2026-04-01 11:15:00,68591.6,68605.0,68510.0,68540.1,121.765
2026-04-01 11:20:00,68540.0,68554.6,68479.9,68539.6,159.619
2026-04-01 11:25:00,68539.6,68620.1,68522.2,68530.2,149.9474
2026-04-01 11:30:00,68530.1,68602.3,68512.8,68516.3,171.7798
2026-04-01 11:35:00,68516.3,68594.9,68516.3,68594.8,165.032
2026-04-01 11:40:00,68594.7,68608.7,68520.0,68584.8,138.6847
2026-04-01 11:45:00,68584.8,68640.0,68565.7,68639.3,295.1945
2026-04-01 11:50:00,68639.3,68721.0,68613.1,68690.9,378.9043
2026-04-01 11:55:00,68691.0,68711.5,68668.7,68687.9,187.0862
2026-04-01 12:00:00,68688.0,68704.8,68449.9,68482.5,488.3293
2026-04-01 12:05:00,68482.5,68570.0,68482.4,68501.2,234.7428
2026-04-01 12:10:00,68501.2,68600.0,68501.2,68555.2,248.3402
2026-04-01 12:15:00,68555.2,68642.9,68555.2,68625.7,257.7227
2026-04-01 12:20:00,68625.6,68626.6,68508.0,68549.6,135.2004
2026-04-01 12:25:00,68549.5,68598.0,68479.3,68493.4,184.2174
2026-04-01 12:30:00,68493.5,68559.9,68380.1,68389.5,414.1982
2026-04-01 12:35:00,68389.4,68423.7,68251.1,68256.7,765.5589
2026-04-01 12:40:00,68256.6,68746.2,68222.2,68645.5,890.074
2026-04-01 12:45:00,68645.0,68766.0,68358.7,68368.6,1595.0803
2026-04-01 12:50:00,68368.5,68535.7,68321.7,68363.0,458.6971
2026-04-01 12:55:00,68363.0,68388.6,68309.3,68367.0,218.1185
2026-04-01 13:00:00,68366.9,68371.2,68153.7,68263.8,643.122
2026-04-01 13:05:00,68263.8,68288.0,68128.0,68261.6,597.6944
2026-04-01 13:10:00,68261.6,68422.6,68261.6,68405.1,267.3107
2026-04-01 13:15:00,68405.0,68488.0,68401.5,68478.3,459.9338
2026-04-01 13:20:00,68478.3,68485.3,68391.0,68435.6,215.6608
2026-04-01 13:25:00,68435.7,68577.7,68415.2,68527.2,255.0067
2026-04-01 13:30:00,68527.2,68576.2,68364.1,68548.7,405.3253
2026-04-01 13:35:00,68548.7,68654.2,68446.5,68490.7,323.2667
2026-04-01 13:40:00,68490.7,68490.7,67892.5,68083.4,2429.1936
2026-04-01 13:45:00,68083.4,68117.1,67906.5,67986.1,816.0843
2026-04-01 13:50:00,67986.1,68266.1,67945.6,68095.6,650.2244
2026-04-01 13:55:00,68095.7,68200.0,68015.7,68091.6,343.2715
2026-04-01 14:00:00,68091.6,68271.3,68050.0,68209.9,396.9015
2026-04-01 14:05:00,68210.0,68247.3,68019.6,68150.0,328.9894
2026-04-01 14:10:00,68149.9,68237.2,68100.0,68233.6,162.0541
2026-04-01 14:15:00,68233.5,68323.9,68192.7,68273.8,347.9645
2026-04-01 14:20:00,68273.8,68480.0,68221.0,68373.1,610.8899
2026-04-01 14:25:00,68373.1,68488.9,68332.6,68488.8,244.197
2026-04-01 14:30:00,68488.8,68621.4,68240.0,68270.0,723.6909
2026-04-01 14:35:00,68270.0,68527.3,68217.9,68371.8,437.1789
2026-04-01 14:40:00,68371.9,68395.0,68240.0,68374.3,160.682
2026-04-01 14:45:00,68374.4,68539.0,68323.0,68528.8,196.7934
2026-04-01 14:50:00,68528.7,68650.0,68466.3,68577.0,432.6207
2026-04-01 14:55:00,68577.0,68593.3,68503.1,68562.7,220.4255
2026-04-01 15:00:00,68562.7,68620.0,68486.2,68561.2,199.8347
2026-04-01 15:05:00,68561.2,68641.3,68501.4,68533.1,217.156
2026-04-01 15:10:00,68533.2,68533.2,68429.2,68458.9,298.1721
2026-04-01 15:15:00,68458.8,68583.3,68383.0,68539.5,196.0814
2026-04-01 15:20:00,68539.5,68788.7,68514.2,68788.7,677.1097
2026-04-01 15:25:00,68788.8,68888.0,68652.2,68713.1,888.0458
2026-04-01 15:30:00,68713.2,68812.7,68626.3,68719.9,293.5121
2026-04-01 15:35:00,68719.9,68840.0,68699.1,68699.2,436.4767
2026-04-01 15:40:00,68699.1,68759.4,68661.7,68725.3,158.2376
2026-04-01 15:45:00,68725.3,68815.7,68725.3,68752.5,231.3515
2026-04-01 15:50:00,68752.5,68932.9,68739.9,68856.8,400.9074
2026-04-01 15:55:00,68856.9,68928.6,68841.2,68887.6,311.7647
2026-04-01 16:00:00,68887.6,68900.0,68727.5,68735.9,358.317
2026-04-01 16:05:00,68736.0,68780.5,68665.7,68757.6,246.416
2026-04-01 16:10:00,68757.5,68780.0,68613.0,68639.8,320.8749
2026-04-01 16:15:00,68639.9,68736.0,68574.2,68724.9,364.7728
2026-04-01 16:20:00,68724.9,68809.7,68680.3,68760.1,203.8611
2026-04-01 16:25:00,68760.1,68908.5,68723.9,68839.0,216.9115
2026-04-01 16:30:00,68839.0,68918.0,68681.1,68710.3,696.3923
2026-04-01 16:35:00,68710.4,68969.9,68681.7,68860.1,693.9515
2026-04-01 16:40:00,68860.0,68956.5,68827.5,68913.4,267.0741
2026-04-01 16:45:00,68913.4,68924.1,68791.8,68831.5,225.795
2026-04-01 16:50:00,68831.6,68860.2,68800.0,68826.0,112.348
2026-04-01 16:55:00,68826.0,68846.5,68777.8,68784.2,84.2586
2026-04-01 17:00:00,68784.2,69170.3,68771.6,69043.4,1394.0161
2026-04-01 17:05:00,69043.4,69043.4,68846.8,68861.2,371.7544
2026-04-01 17:10:00,68861.2,68861.2,68683.1,68714.6,410.5989
2026-04-01 17:15:00,68714.5,68766.4,68690.5,68715.6,211.6991
2026-04-01 17:20:00,68715.7,68715.7,68446.8,68540.0,744.3562
2026-04-01 17:25:00,68540.0,68550.8,68453.6,68494.9,585.1781
2026-04-01 17:30:00,68495.0,68518.6,68350.1,68378.4,553.2503
2026-04-01 17:35:00,68378.4,68463.9,68266.5,68411.0,611.7586
2026-04-01 17:40:00,68411.0,68450.0,68380.0,68398.5,133.9355
2026-04-01 17:45:00,68398.5,68410.0,68240.2,68286.7,184.9169
2026-04-01 17:50:00,68286.7,68325.6,68213.6,68296.1,243.1842
2026-04-01 17:55:00,68296.1,68334.3,68210.1,68234.3,312.8187
2026-04-01 18:00:00,68234.3,68265.0,67907.3,68019.5,1086.0477
2026-04-01 18:05:00,68019.4,68050.0,67961.7,68009.5,360.4085
2026-04-01 18:10:00,68009.6,68149.7,68009.5,68060.1,485.1491
2026-04-01 18:15:00,68060.1,68090.4,67960.0,68033.6,338.0811
2026-04-01 18:20:00,68033.5,68114.0,68000.0,68008.5,378.4563
2026-04-01 18:25:00,68008.6,68137.3,68008.5,68066.8,247.4327
2026-04-01 18:30:00,68066.8,68152.8,68016.7,68152.7,205.1719
2026-04-01 18:35:00,68152.8,68195.1,68066.0,68159.8,225.3269
2026-04-01 18:40:00,68159.7,68290.6,68153.1,68190.2,418.0323
2026-04-01 18:45:00,68190.2,68197.1,68071.3,68156.9,163.4021
2026-04-01 18:50:00,68156.9,68189.3,68068.0,68068.0,234.8843
2026-04-01 18:55:00,68068.0,68099.6,67971.5,68054.2,309.5422
2026-04-01 19:00:00,68054.1,68166.6,68044.9,68131.3,215.4021
2026-04-01 19:05:00,68131.3,68215.4,68129.2,68136.6,171.5541
2026-04-01 19:10:00,68136.6,68136.7,68023.8,68023.8,183.0603
2026-04-01 19:15:00,68023.9,68072.8,67993.8,68070.4,267.4714
2026-04-01 19:20:00,68070.5,68090.6,68051.0,68090.6,51.548
2026-04-01 19:25:00,68090.5,68242.0,68090.5,68242.0,178.0033
2026-04-01 19:30:00,68241.9,68260.0,68022.4,68086.3,367.1912
2026-04-01 19:35:00,68086.4,68173.3,68044.9,68140.7,160.3458
2026-04-01 19:40:00,68140.7,68210.9,68125.0,68127.8,103.8452
2026-04-01 19:45:00,68127.9,68258.4,68110.5,68232.4,219.9284
2026-04-01 19:50:00,68232.5,68249.9,68082.1,68147.6,261.9825
2026-04-01 19:55:00,68147.6,68161.9,68110.0,68142.7,287.5626
2026-04-01 20:00:00,68142.7,68163.2,67983.3,68024.3,284.6343
2026-04-01 20:05:00,68024.4,68119.9,68024.4,68062.2,107.3601
2026-04-01 20:10:00,68062.2,68128.7,68050.0,68056.6,182.4621
2026-04-01 20:15:00,68056.6,68087.3,68001.6,68037.1,101.0181
2026-04-01 20:20:00,68037.2,68107.5,67991.8,68078.8,140.0569
2026-04-01 20:25:00,68078.8,68097.2,67996.1,68021.4,135.5449
2026-04-01 20:30:00,68021.4,68042.2,67926.2,68022.5,145.65
2026-04-01 20:35:00,68022.5,68138.2,68022.5,68114.5,61.8278
2026-04-01 20:40:00,68114.5,68154.5,68066.7,68145.5,63.7037
2026-04-01 20:45:00,68145.4,68159.0,68125.0,68158.8,69.3249
2026-04-01 20:50:00,68158.8,68217.3,68158.7,68212.3,86.6893
2026-04-01 20:55:00,68212.3,68212.4,68140.9,68159.9,71.0106
2026-04-01 21:00:00,68159.9,68252.1,68139.8,68217.6,71.5722
2026-04-01 21:05:00,68217.6,68372.1,68217.6,68322.6,286.0191
2026-04-01 21:10:00,68322.6,68329.9,68200.8,68260.5,189.2371
2026-04-01 21:15:00,68260.5,68332.8,68243.7,68320.0,99.2438
2026-04-01 21:20:00,68320.0,68392.9,68302.6,68392.1,147.5749
2026-04-01 21:25:00,68392.0,68521.8,68388.0,68404.2,316.9741
2026-04-01 21:30:00,68404.3,68474.0,68379.7,68470.6,213.9532
2026-04-01 21:35:00,68470.6,68470.7,68331.6,68367.8,97.4996
2026-04-01 21:40:00,68367.7,68367.7,68272.9,68315.9,155.5043
2026-04-01 21:45:00,68315.9,68316.7,68273.7,68294.7,84.5994
2026-04-01 21:50:00,68294.7,68312.6,68227.7,68290.1,100.1819
2026-04-01 21:55:00,68290.1,68454.2,68290.0,68330.4,150.063
2026-04-01 22:00:00,68330.3,68330.3,68204.4,68239.4,134.3511
2026-04-01 22:05:00,68239.4,68247.8,68100.0,68182.8,174.0114
2026-04-01 22:10:00,68182.8,68218.0,68150.0,68183.0,112.0834
2026-04-01 22:15:00,68183.0,68183.0,68030.0,68046.3,207.2426
2026-04-01 22:20:00,68046.4,68234.5,68046.3,68221.1,195.5625
2026-04-01 22:25:00,68221.1,68224.6,68121.0,68147.1,64.6657
2026-04-01 22:30:00,68147.1,68227.3,68100.0,68215.6,56.929
2026-04-01 22:35:00,68215.6,68215.6,68106.0,68170.4,187.0844
2026-04-01 22:40:00,68170.5,68270.0,68151.4,68206.3,95.5341
2026-04-01 22:45:00,68206.2,68229.1,68117.8,68135.3,68.9582
2026-04-01 22:50:00,68135.4,68139.0,68040.0,68091.7,101.84
2026-04-01 22:55:00,68091.8,68111.3,68068.0,68085.9,45.3105
2026-04-01 23:00:00,68085.9,68191.9,68085.9,68188.1,149.9225
2026-04-01 23:05:00,68188.0,68220.0,68147.3,68185.2,137.8193
2026-04-01 23:10:00,68185.3,68193.4,68140.0,68166.2,82.9949
2026-04-01 23:15:00,68166.2,68166.3,68068.8,68086.9,100.4891
2026-04-01 23:20:00,68086.9,68115.2,68047.3,68055.6,144.446
2026-04-01 23:25:00,68055.6,68100.0,68050.0,68086.3,90.5389
2026-04-01 23:30:00,68086.2,68090.0,67955.0,68089.0,292.6864
2026-04-01 23:35:00,68089.0,68140.0,68089.0,68105.8,120.3264
2026-04-01 23:40:00,68105.8,68134.7,68059.8,68073.2,98.7
2026-04-01 23:45:00,68073.2,68138.2,68030.2,68134.5,83.2753
2026-04-01 23:50:00,68134.6,68137.5,68035.6,68099.9,101.4237
2026-04-01 23:55:00,68100.0,68103.6,68023.3,68079.1,139.5332
2026-04-02 00:00:00,68079.0,68120.0,68013.2,68085.7,138.4713
2026-04-02 00:05:00,68085.7,68139.0,68052.6,68118.0,122.0005
2026-04-02 00:10:00,68118.1,68195.7,68118.1,68180.8,123.631
2026-04-02 00:15:00,68180.8,68213.3,68100.0,68166.0,72.8309
2026-04-02 00:20:00,68166.0,68234.0,68158.3,68206.9,211.576
2026-04-02 00:25:00,68206.8,68249.8,68181.5,68181.6,87.9623
2026-04-02 00:30:00,68181.5,68269.9,68160.1,68259.9,124.2999
2026-04-02 00:35:00,68259.9,68350.0,68210.0,68340.8,160.077
2026-04-02 00:40:00,68340.7,68497.5,68312.4,68497.4,506.553
2026-04-02 00:45:00,68497.4,68553.3,68391.7,68441.3,326.1361
2026-04-02 00:50:00,68441.3,68590.0,68400.0,68583.5,506.813
2026-04-02 00:55:00,68583.5,68626.6,68530.0,68563.3,293.4077
2026-04-02 01:00:00,68563.2,68563.3,68027.1,68062.2,819.8334
2026-04-02 01:05:00,68062.1,68332.1,67588.0,68126.6,3320.5331
2026-04-02 01:10:00,68126.7,68425.6,68050.1,68109.5,713.5701
2026-04-02 01:15:00,68109.5,68113.1,67405.6,67564.5,2370.604
2026-04-02 01:20:00,67564.5,67800.0,67205.7,67499.0,2091.9131
2026-04-02 01:25:00,67499.0,67633.0,67289.8,67546.7,1029.6674
2026-04-02 01:30:00,67546.7,67547.3,67155.0,67299.2,1178.9833
2026-04-02 01:35:00,67299.2,67422.5,67208.6,67290.6,801.4578
2026-04-02 01:40:00,67290.6,67290.6,67090.0,67144.3,1059.7577
2026-04-02 01:45:00,67144.4,67244.9,67054.6,67061.2,677.7731
2026-04-02 01:50:00,67061.2,67297.4,67012.0,67230.0,742.7829
2026-04-02 01:55:00,67230.0,67380.0,67214.5,67326.7,397.7524
2026-04-02 02:00:00,67326.7,67331.2,67090.9,67107.8,482.7133
2026-04-02 02:05:00,67107.7,67300.0,67039.8,67115.8,432.2992
2026-04-02 02:10:00,67115.9,67155.1,66820.3,66833.1,1281.2419
2026-04-02 02:15:00,66833.1,66983.2,66813.2,66910.8,514.8217
2026-04-02 02:20:00,66910.8,66919.7,66736.0,66893.5,692.0684
2026-04-02 02:25:00,66893.5,66931.2,66821.6,66874.3,235.1254
2026-04-02 02:30:00,66874.4,67017.0,66843.2,66952.0,363.2433
2026-04-02 02:35:00,66952.0,66968.2,66800.0,66875.8,218.0216
2026-04-02 02:40:00,66875.8,66966.0,66588.0,66683.1,916.0935
2026-04-02 02:45:00,66683.2,66825.7,66661.8,66768.5,492.6999
2026-04-02 02:50:00,66768.5,66856.8,66768.4,66828.1,333.0864
2026-04-02 02:55:00,66828.1,66920.0,66818.3,66828.3,226.9533
2026-04-02 03:00:00,66828.2,66850.8,66760.0,66815.7,250.2385
2026-04-02 03:05:00,66815.7,66943.8,66808.2,66913.8,202.0852
2026-04-02 03:10:00,66913.8,66913.8,66712.7,66720.8,373.8796
2026-04-02 03:15:00,66720.9,66781.4,66643.5,66691.0,383.3073
2026-04-02 03:20:00,66691.1,66854.9,66600.7,66852.0,363.1731
2026-04-02 03:25:00,66852.0,66862.5,66791.8,66830.0,234.0392
2026-04-02 03:30:00,66830.0,66850.0,66768.0,66779.8,180.6591
2026-04-02 03:35:00,66779.8,66835.0,66688.0,66701.6,301.9779
2026-04-02 03:40:00,66701.7,66703.4,66450.8,66570.1,1364.3798
2026-04-02 03:45:00,66570.1,66574.9,66485.0,66514.7,447.6601
2026-04-02 03:50:00,66514.7,66612.0,66502.6,66559.9,250.3381
2026-04-02 03:55:00,66560.0,66580.1,66472.6,66541.5,247.7264
2026-04-02 04:00:00,66541.5,66607.8,66518.0,66542.1,397.6352
2026-04-02 04:05:00,66542.0,66613.6,66494.7,66590.1,254.3029
2026-04-02 04:10:00,66590.1,66590.1,66457.8,66493.5,264.6217
2026-04-02 04:15:00,66493.4,66589.1,66412.9,66510.0,342.78
2026-04-02 04:20:00,66510.1,66510.1,66353.8,66371.7,737.0578
2026-04-02 04:25:00,66371.7,66398.6,66321.8,66387.9,459.0237
2026-04-02 04:30:00,66387.9,66410.4,66339.4,66375.3,249.8577
2026-04-02 04:35:00,66375.3,66396.3,66250.0,66255.0,651.4798
2026-04-02 04:40:00,66255.1,66271.4,66175.8,66248.1,744.8183
2026-04-02 04:45:00,66248.1,66351.4,66233.5,66309.5,585.7349
2026-04-02 04:50:00,66309.5,66324.4,66265.0,66265.1,236.2732
2026-04-02 04:55:00,66265.1,66309.4,66230.0,66295.8,341.5125
2026-04-02 05:00:00,66295.7,66457.7,66287.0,66388.8,694.9759
2026-04-02 05:05:00,66388.8,66425.0,66266.0,66313.9,260.2008
2026-04-02 05:10:00,66313.8,66412.5,66273.9,66342.6,291.2414
2026-04-02 05:15:00,66342.7,66432.5,66342.5,66364.2,269.7757
2026-04-02 05:20:00,66364.2,66449.1,66310.2,66445.3,256.4727
2026-04-02 05:25:00,66445.4,66448.9,66393.7,66440.5,226.6696
2026-04-02 05:30:00,66440.5,66473.4,66390.6,66422.4,333.8601
2026-04-02 05:35:00,66422.4,66449.6,66366.0,66442.2,211.0051
2026-04-02 05:40:00,66442.2,66612.7,66427.8,66549.9,632.2379
2026-04-02 05:45:00,66549.8,66549.9,66444.4,66452.1,233.9073
2026-04-02 05:50:00,66452.1,66500.0,66431.1,66500.0,259.7288
2026-04-02 05:55:00,66500.0,66613.0,66499.9,66558.0,408.6888
2026-04-02 06:00:00,66558.0,66585.0,66549.4,66556.3,216.9855
2026-04-02 06:05:00,66556.3,66588.0,66525.0,66531.4,155.8402
2026-04-02 06:10:00,66531.5,66550.0,66521.0,66541.6,131.3529
2026-04-02 06:15:00,66541.6,66791.1,66531.7,66767.1,701.2467
2026-04-02 06:20:00,66767.0,66777.0,66642.0,66696.0,566.4612
2026-04-02 06:25:00,66695.9,66700.0,66608.0,66608.1,228.5637
2026-04-02 06:30:00,66608.0,66656.8,66540.0,66622.8,239.6553
2026-04-02 06:35:00,66622.7,66625.5,66508.0,66550.0,162.8165
2026-04-02 06:40:00,66550.0,66585.5,66519.2,66519.2,135.9744
2026-04-02 06:45:00,66519.3,66625.7,66519.2,66576.4,116.3423
2026-04-02 06:50:00,66576.4,66619.6,66567.1,66581.4,281.3748
2026-04-02 06:55:00,66581.3,66650.0,66576.1,66650.0,129.3711
2026-04-02 07:00:00,66650.0,66666.0,66603.3,66663.3,180.1395
2026-04-02 07:05:00,66663.3,66677.9,66610.0,66611.0,118.032
2026-04-02 07:10:00,66611.0,66611.0,66519.8,66540.5,218.2964
2026-04-02 07:15:00,66540.4,66670.0,66540.4,66655.0,295.4071
2026-04-02 07:20:00,66654.9,66665.9,66595.5,66658.1,140.8533
2026-04-02 07:25:00,66658.1,66664.6,66600.0,66643.2,80.9418
2026-04-02 07:30:00,66643.1,66743.0,66638.1,66725.0,377.4107
2026-04-02 07:35:00,66725.0,66825.6,66725.0,66787.5,444.4028
2026-04-02 07:40:00,66787.5,66846.7,66772.7,66824.0,309.7102
2026-04-02 07:45:00,66824.0,66880.6,66824.0,66880.5,363.4103
2026-04-02 07:50:00,66880.6,66888.0,66814.4,66869.0,284.4196
2026-04-02 07:55:00,66869.0,66898.9,66854.5,66885.0,230.0287
2026-04-02 08:00:00,66885.0,66885.0,66760.6,66772.2,266.6424
2026-04-02 08:05:00,66772.2,66780.0,66720.0,66732.3,203.0361
2026-04-02 08:10:00,66732.4,66746.7,66686.5,66746.7,162.6994
2026-04-02 08:15:00,66746.7,66746.7,66643.0,66649.0,333.6929
2026-04-02 08:20:00,66648.9,66662.2,66549.6,66605.1,420.9524
2026-04-02 08:25:00,66605.0,66657.3,66586.7,66639.7,278.569
2026-04-02 08:30:00,66639.6,66700.0,66626.3,66662.8,166.8009
2026-04-02 08:35:00,66662.7,66662.8,66502.0,66519.2,302.4858
2026-04-02 08:40:00,66519.3,66530.4,66461.2,66472.9,242.748
2026-04-02 08:45:00,66472.9,66523.0,66466.1,66466.1,148.4424
2026-04-02 08:50:00,66466.2,66510.2,66433.2,66459.2,194.7783
2026-04-02 08:55:00,66459.1,66459.2,66360.0,66414.8,402.934
2026-04-02 09:00:00,66414.8,66450.2,66282.4,66396.4,606.6248
2026-04-02 09:05:00,66396.5,66401.0,66250.1,66270.0,260.6647
2026-04-02 09:10:00,66269.9,66400.0,66269.9,66393.1,313.9085
2026-04-02 09:15:00,66393.1,66430.0,66336.8,66336.8,115.9816
2026-04-02 09:20:00,66336.8,66410.0,66336.5,66363.2,102.3682
2026-04-02 09:25:00,66363.1,66480.0,66361.6,66444.2,301.2868
2026-04-02 09:30:00,66444.1,66457.0,66385.9,66422.5,137.1492
2026-04-02 09:35:00,66422.4,66455.0,66400.0,66422.9,87.7702
2026-04-02 09:40:00,66423.0,66500.0,66370.0,66403.4,213.3188
2026-04-02 09:45:00,66403.5,66413.8,66338.3,66369.9,102.2034
2026-04-02 09:50:00,66369.8,66390.0,66345.9,66382.9,66.8703
2026-04-02 09:55:00,66382.9,66445.0,66378.5,66431.6,62.8963
2026-04-02 10:00:00,66431.6,66465.2,66390.0,66392.6,99.8847
2026-04-02 10:05:00,66392.7,66420.0,66338.6,66340.0,107.3677
2026-04-02 10:10:00,66340.1,66345.0,66177.5,66230.3,740.1979
2026-04-02 10:15:00,66230.3,66300.0,66200.0,66291.7,262.8537
2026-04-02 10:20:00,66291.8,66327.0,66286.8,66312.1,93.9446
2026-04-02 10:25:00,66312.1,66351.7,66312.1,66335.1,81.9956
2026-04-02 10:30:00,66335.0,66432.3,66333.4,66406.1,245.3024
2026-04-02 10:35:00,66406.1,66455.0,66322.0,66349.9,138.6122
2026-04-02 10:40:00,66349.8,66465.0,66349.8,66440.8,145.4852
2026-04-02 10:45:00,66440.9,66465.1,66391.6,66425.2,92.4988
2026-04-02 10:50:00,66425.1,66480.1,66400.8,66429.2,130.3579
2026-04-02 10:55:00,66429.2,66455.7,66408.1,66428.9,68.2149
2026-04-02 11:00:00,66429.0,66455.0,66368.0,66419.4,134.0572
2026-04-02 11:05:00,66419.3,66429.0,66301.0,66301.0,130.1253
2026-04-02 11:10:00,66301.1,66330.0,66224.4,66250.8,356.5615
2026-04-02 11:15:00,66250.8,66440.0,66107.3,66417.0,1397.3492
2026-04-02 11:20:00,66417.0,66420.9,66350.2,66413.0,222.1391
2026-04-02 11:25:00,66413.1,66419.9,66375.3,66415.3,89.661
2026-04-02 11:30:00,66415.3,66443.7,66334.2,66334.3,158.694
2026-04-02 11:35:00,66334.2,66373.9,66280.5,66310.2,120.2066
2026-04-02 11:40:00,66310.1,66318.9,66286.1,66296.9,105.7115
2026-04-02 11:45:00,66296.9,66312.7,66273.0,66289.3,101.0646
2026-04-02 11:50:00,66289.2,66367.5,66169.9,66199.1,296.5018
2026-04-02 11:55:00,66199.0,66232.7,66141.3,66179.5,278.6402
2026-04-02 12:00:00,66179.5,66199.9,66009.9,66151.7,1078.4486
2026-04-02 12:05:00,66151.6,66212.1,66022.7,66114.5,399.4698
2026-04-02 12:10:00,66114.4,66203.3,66056.9,66138.0,294.4684
2026-04-02 12:15:00,66138.0,66151.6,66006.0,66013.2,530.5839
2026-04-02 12:20:00,66013.2,66111.1,65914.2,66100.0,1158.2696
2026-04-02 12:25:00,66100.0,66128.9,66024.8,66114.7,354.3425
2026-04-02 12:30:00,66114.7,66136.4,66071.3,66086.8,212.6922
2026-04-02 12:35:00,66086.8,66167.6,66068.7,66141.1,197.5671
2026-04-02 12:40:00,66141.0,66190.0,66131.1,66180.0,206.9655
2026-04-02 12:45:00,66180.1,66216.7,66100.0,66121.2,181.2545
2026-04-02 12:50:00,66121.1,66160.1,66057.7,66069.1,122.4854
2026-04-02 12:55:00,66069.1,66095.0,65972.5,66016.6,234.8504
2026-04-02 13:00:00,66016.5,66088.0,65921.7,65962.8,431.1228
2026-04-02 13:05:00,65962.8,66135.0,65956.1,66007.9,283.8949
2026-04-02 13:10:00,66007.8,66023.1,65951.9,65970.0,258.2349
2026-04-02 13:15:00,65970.0,65985.6,65867.3,65880.1,578.1114
2026-04-02 13:20:00,65880.0,66006.0,65840.4,65996.0,450.0365
2026-04-02 13:25:00,65996.0,66160.0,65996.0,66112.4,333.5696
2026-04-02 13:30:00,66112.4,66214.9,65845.1,65882.7,894.8309
2026-04-02 13:35:00,65882.7,65918.5,65653.0,65752.3,1931.2502
2026-04-02 13:40:00,65752.4,65855.0,65703.2,65825.1,510.4324
2026-04-02 13:45:00,65825.1,66038.5,65800.0,65990.1,614.521
2026-04-02 13:50:00,65990.0,66135.0,65969.0,66093.0,650.0421
2026-04-02 13:55:00,66092.9,66236.5,66084.3,66228.3,639.7953
2026-04-02 14:00:00,66228.3,66238.8,66121.0,66207.3,512.7313
2026-04-02 14:05:00,66207.2,66377.0,66160.0,66323.2,860.6598
2026-04-02 14:10:00,66323.1,66403.0,66245.9,66356.6,461.6027
2026-04-02 14:15:00,66356.6,66444.0,66249.4,66358.6,622.4707
2026-04-02 14:20:00,66358.5,66450.0,66270.7,66355.2,506.1135
2026-04-02 14:25:00,66355.1,66355.2,66162.2,66222.0,536.7628
2026-04-02 14:30:00,66222.0,66577.9,66214.7,66480.6,1098.9217
2026-04-02 14:35:00,66480.6,67010.0,66480.6,66828.5,3987.0937
2026-04-02 14:40:00,66828.5,67022.4,66710.6,67022.4,1402.0534
2026-04-02 14:45:00,67022.4,67077.0,66707.7,66708.0,1017.3006
2026-04-02 14:50:00,66708.0,66851.5,66623.2,66828.5,596.7102
2026-04-02 14:55:00,66828.5,66999.9,66823.0,66827.0,795.3175
2026-04-02 15:00:00,66827.0,66850.8,66666.0,66760.0,966.8749
2026-04-02 15:05:00,66760.0,66787.0,66666.0,66786.9,502.9368
2026-04-02 15:10:00,66786.9,66944.0,66772.7,66861.1,652.0269
2026-04-02 15:15:00,66861.1,66876.2,66767.3,66777.1,297.1101
2026-04-02 15:20:00,66777.0,66800.4,66595.1,66758.0,485.4156
2026-04-02 15:25:00,66758.0,66859.6,66690.0,66801.9,258.3075
2026-04-02 15:30:00,66802.0,66820.0,66663.0,66742.6,279.3264
2026-04-02 15:35:00,66742.5,66960.0,66737.0,66891.8,381.104
2026-04-02 15:40:00,66891.7,66928.5,66736.6,66894.0,379.4858
2026-04-02 15:45:00,66894.0,66913.5,66767.3,66788.9,175.4983
2026-04-02 15:50:00,66789.0,66839.0,66707.0,66801.1,195.2458
2026-04-02 15:55:00,66801.0,66833.2,66716.8,66818.1,161.5158
2026-04-02 16:00:00,66818.0,66856.9,66775.0,66812.9,242.3005
2026-04-02 16:05:00,66813.0,66905.0,66810.0,66882.4,242.1107
2026-04-02 16:10:00,66882.4,66937.3,66854.7,66869.2,359.4262
2026-04-02 16:15:00,66869.2,66936.4,66820.6,66850.0,210.7144
2026-04-02 16:20:00,66850.0,66908.4,66749.0,66779.5,367.8215
2026-04-02 16:25:00,66779.5,66890.0,66723.4,66845.5,184.9923
2026-04-02 16:30:00,66845.5,67015.9,66820.0,66975.5,556.3727
2026-04-02 16:35:00,66975.4,67199.9,66927.0,67084.9,1125.0287
2026-04-02 16:40:00,67085.0,67273.7,67078.0,67132.5,876.9007
2026-04-02 16:45:00,67132.5,67225.0,67100.0,67133.5,451.7342
2026-04-02 16:50:00,67133.6,67178.3,67106.6,67144.8,258.0121
2026-04-02 16:55:00,67144.9,67163.7,67054.6,67058.2,182.7387
2026-04-02 17:00:00,67058.1,67074.5,66820.0,66884.7,620.5857
2026-04-02 17:05:00,66884.7,66990.0,66842.8,66980.5,304.3567
2026-04-02 17:10:00,66980.6,67163.2,66954.5,67133.9,283.9032
2026-04-02 17:15:00,67133.8,67400.0,67126.7,67300.1,1405.1233
2026-04-02 17:20:00,67300.0,67344.3,67262.1,67320.8,307.9823
2026-04-02 17:25:00,67320.8,67338.0,67196.0,67208.1,340.5022
2026-04-02 17:30:00,67208.2,67233.0,67005.0,67005.1,733.7007
2026-04-02 17:35:00,67005.1,67034.9,66900.0,66980.6,730.8367
2026-04-02 17:40:00,66980.5,67015.7,66904.1,66964.5,362.5622
2026-04-02 17:45:00,66964.5,66967.8,66777.5,66785.9,381.9472
2026-04-02 17:50:00,66785.9,66825.0,66687.0,66785.7,416.4908
2026-04-02 17:55:00,66785.7,66819.5,66627.0,66653.4,429.4848
2026-04-02 18:00:00,66653.5,66710.1,66640.4,66708.1,255.9813
2026-04-02 18:05:00,66708.1,66769.4,66555.2,66619.6,425.2509
2026-04-02 18:10:00,66619.7,66762.9,66616.1,66680.5,298.6626
2026-04-02 18:15:00,66680.6,66780.8,66634.2,66749.1,272.5393
2026-04-02 18:20:00,66749.1,66817.0,66732.8,66732.8,173.7045
2026-04-02 18:25:00,66732.8,66732.9,66585.9,66603.4,291.5871
2026-04-02 18:30:00,66603.4,66689.4,66603.4,66650.0,87.0115
2026-04-02 18:35:00,66650.1,66690.9,66630.8,66666.0,79.9841
2026-04-02 18:40:00,66665.9,66784.9,66647.0,66720.0,219.7344
2026-04-02 18:45:00,66720.0,66868.7,66700.0,66834.9,317.5799
2026-04-02 18:50:00,66834.9,67040.5,66834.9,66970.0,502.108
2026-04-02 18:55:00,66969.9,66970.0,66911.0,66949.9,145.3008
2026-04-02 19:00:00,66950.0,67067.6,66911.0,66927.4,330.4792
2026-04-02 19:05:00,66927.3,67006.4,66927.3,66973.4,50.6693
2026-04-02 19:10:00,66973.4,67077.9,66973.4,67026.7,127.7618
2026-04-02 19:15:00,67026.7,67039.2,66953.5,66999.9,65.8528
2026-04-02 19:20:00,67000.0,67014.6,66892.0,66983.6,121.5001
2026-04-02 19:25:00,66983.6,67070.7,66974.3,67002.7,260.9947
2026-04-02 19:30:00,67002.6,67015.0,66843.1,66925.0,154.3596
2026-04-02 19:35:00,66925.0,66950.0,66860.0,66936.2,87.6195
2026-04-02 19:40:00,66936.2,67026.7,66922.8,66934.9,153.9522
2026-04-02 19:45:00,66934.9,66962.1,66887.5,66903.4,62.9496
2026-04-02 19:50:00,66903.5,67018.3,66903.5,66983.7,76.1247
2026-04-02 19:55:00,66983.6,67030.0,66907.9,66949.9,257.7695
2026-04-02 20:00:00,66950.0,66950.0,66766.0,66814.0,251.8259
2026-04-02 20:05:00,66814.0,66900.0,66808.0,66845.2,109.9873
2026-04-02 20:10:00,66845.1,66886.2,66845.1,66857.2,72.676
2026-04-02 20:15:00,66857.2,66973.7,66850.0,66955.3,108.9792
2026-04-02 20:20:00,66955.3,66955.4,66872.0,66879.5,82.9879
2026-04-02 20:25:00,66879.5,67025.0,66862.2,67012.9,94.6083
2026-04-02 20:30:00,67012.9,67018.4,66930.8,66933.2,75.6505
2026-04-02 20:35:00,66933.1,67070.7,66927.3,67070.7,142.7591
2026-04-02 20:40:00,67070.7,67070.7,66972.2,66999.9,104.3862
2026-04-02 20:45:00,66999.9,67019.9,66931.0,66945.7,52.4592
2026-04-02 20:50:00,66945.7,66961.9,66900.0,66928.1,82.2233
2026-04-02 20:55:00,66928.1,66928.1,66900.9,66913.8,42.7158
2026-04-02 21:00:00,66913.8,66990.7,66853.3,66871.6,131.6922
2026-04-02 21:05:00,66871.6,66918.4,66850.0,66850.0,63.1154
2026-04-02 21:10:00,66850.0,66860.0,66682.7,66789.9,227.4617
2026-04-02 21:15:00,66790.0,66850.3,66765.6,66844.4,55.9156
2026-04-02 21:20:00,66844.4,66900.8,66782.4,66791.7,72.1636
2026-04-02 21:25:00,66791.7,66833.3,66783.2,66804.3,28.7939
2026-04-02 21:30:00,66804.2,66842.5,66804.2,66817.6,40.8885
2026-04-02 21:35:00,66817.5,66841.0,66787.0,66802.6,66.6319
2026-04-02 21:40:00,66802.6,66822.6,66727.0,66749.8,93.0736
2026-04-02 21:45:00,66749.7,66816.5,66749.7,66767.0,44.1404
2026-04-02 21:50:00,66767.1,66878.2,66767.1,66843.1,57.301
2026-04-02 21:55:00,66843.1,66908.0,66843.1,66907.9,68.6819
2026-04-02 22:00:00,66907.9,66970.0,66879.9,66956.7,137.3557
2026-04-02 22:05:00,66956.7,66983.3,66886.0,66892.0,77.2523
2026-04-02 22:10:00,66892.0,66918.0,66860.0,66867.8,50.6174
2026-04-02 22:15:00,66867.8,66953.2,66867.8,66938.9,63.098
2026-04-02 22:20:00,66938.9,66959.9,66868.0,66868.3,54.302
2026-04-02 22:25:00,66868.3,66884.6,66790.1,66871.1,87.1936
2026-04-02 22:30:00,66871.2,66960.0,66871.2,66913.4,56.6099
2026-04-02 22:35:00,66913.4,66960.0,66884.4,66959.9,55.4933
2026-04-02 22:40:00,66959.9,66972.2,66931.5,66944.0,61.5833
2026-04-02 22:45:00,66944.0,66944.1,66882.3,66934.8,52.8957
2026-04-02 22:50:00,66934.9,66977.0,66925.0,66972.0,83.1229
2026-04-02 22:55:00,66972.0,67013.8,66936.7,66951.8,146.066
2026-04-02 23:00:00,66951.7,67029.3,66908.6,67029.2,217.3211
2026-04-02 23:05:00,67029.3,67070.0,66944.7,66975.9,317.629
2026-04-02 23:10:00,66975.9,66983.5,66890.0,66917.0,77.9993
2026-04-02 23:15:00,66917.0,66972.2,66900.0,66932.5,78.6888
2026-04-02 23:20:00,66932.5,67000.0,66923.7,66967.8,131.275
2026-04-02 23:25:00,66967.8,66967.9,66902.7,66902.7,52.9063
2026-04-02 23:30:00,66902.7,66929.3,66877.8,66920.6,71.3608
2026-04-02 23:35:00,66920.6,66920.7,66855.0,66857.2,69.8644
2026-04-02 23:40:00,66857.3,66888.4,66850.0,66850.0,50.9915
2026-04-02 23:45:00,66850.0,66865.0,66818.5,66846.8,57.1838
2026-04-02 23:50:00,66846.9,66846.9,66814.5,66846.6,104.8244
2026-04-02 23:55:00,66846.6,66870.0,66846.5,66864.5,29.2641
2026-04-03 00:00:00,66864.6,66960.6,66864.6,66960.6,125.2889
2026-04-03 00:05:00,66960.6,66974.0,66790.3,66825.1,126.1501
2026-04-03 00:10:00,66825.0,66837.6,66748.1,66835.9,128.556
2026-04-03 00:15:00,66836.0,66836.0,66770.8,66809.9,67.3773
2026-04-03 00:20:00,66809.9,66933.9,66805.0,66930.0,87.2053
2026-04-03 00:25:00,66930.1,66930.1,66770.0,66788.0,83.6276
2026-04-03 00:30:00,66788.0,66812.3,66777.0,66797.0,56.0651
2026-04-03 00:35:00,66797.1,66877.6,66797.0,66809.5,56.9384
2026-04-03 00:40:00,66809.5,66833.5,66740.0,66770.2,125.6948
2026-04-03 00:45:00,66770.1,66770.1,66680.0,66699.5,202.3925
2026-04-03 00:50:00,66699.6,66749.9,66675.0,66689.1,84.1185
2026-04-03 00:55:00,66689.1,66755.0,66676.5,66755.0,101.3677
2026-04-03 01:00:00,66755.0,66769.4,66700.0,66748.4,121.6425
2026-04-03 01:05:00,66748.3,66799.9,66714.5,66772.4,86.4823
2026-04-03 01:10:00,66772.4,66809.9,66713.0,66793.6,123.518
2026-04-03 01:15:00,66793.6,66812.4,66713.7,66739.9,95.6148
2026-04-03 01:20:00,66740.0,66812.0,66706.1,66777.0,62.1824
2026-04-03 01:25:00,66776.9,66866.0,66776.9,66832.9,118.4258
2026-04-03 01:30:00,66832.9,66872.0,66788.1,66788.1,304.7148
2026-04-03 01:35:00,66788.0,66788.1,66458.0,66479.6,858.6095
2026-04-03 01:40:00,66479.6,66558.4,66479.5,66535.7,217.8069
2026-04-03 01:45:00,66535.7,66593.3,66477.5,66530.9,247.9795
2026-04-03 01:50:00,66530.9,66560.7,66458.3,66534.8,140.4317
2026-04-03 01:55:00,66534.7,66593.0,66534.7,66591.5,82.8957
2026-04-03 02:00:00,66591.4,66591.5,66471.9,66490.0,272.681
2026-04-03 02:05:00,66489.9,66533.3,66425.0,66425.1,172.4155
2026-04-03 02:10:00,66425.1,66512.3,66367.8,66473.4,338.4527
2026-04-03 02:15:00,66473.4,66719.9,66467.4,66674.9,320.8402
2026-04-03 02:20:00,66674.8,66674.9,66567.1,66618.4,114.8147
2026-04-03 02:25:00,66618.4,66626.9,66411.4,66426.5,228.1332
2026-04-03 02:30:00,66426.6,66458.2,66301.3,66450.2,719.9247
2026-04-03 02:35:00,66450.2,66485.4,66271.0,66271.2,335.1979
2026-04-03 02:40:00,66271.1,66356.1,66250.0,66309.1,306.3791
2026-04-03 02:45:00,66309.1,66356.6,66271.6,66356.6,201.021
2026-04-03 02:50:00,66356.6,66515.0,66342.5,66457.1,277.2278
2026-04-03 02:55:00,66457.1,66508.6,66421.9,66501.2,114.2814
2026-04-03 03:00:00,66501.2,66531.2,66457.9,66485.9,213.215
2026-04-03 03:05:00,66486.0,66598.5,66460.0,66566.9,173.4632
2026-04-03 03:10:00,66566.9,66634.3,66517.8,66620.0,279.0944
2026-04-03 03:15:00,66620.0,66652.7,66576.1,66619.9,204.5446
2026-04-03 03:20:00,66619.9,66688.0,66614.4,66648.4,229.829
2026-04-03 03:25:00,66648.5,66688.0,66564.4,66599.9,157.1515
2026-04-03 03:30:00,66600.0,66678.0,66565.1,66655.7,95.8912
2026-04-03 03:35:00,66655.7,66666.0,66542.0,66571.8,97.9404
2026-04-03 03:40:00,66571.9,66572.5,66500.0,66564.0,216.3112
2026-04-03 03:45:00,66564.0,66604.2,66520.0,66557.8,55.1394
2026-04-03 03:50:00,66557.8,66610.9,66550.0,66557.6,50.5507
2026-04-03 03:55:00,66557.6,66591.2,66518.6,66553.3,46.6321
2026-04-03 04:00:00,66553.1,66609.6,66520.9,66609.6,100.1336
2026-04-03 04:05:00,66609.5,66622.0,66580.0,66580.1,76.9496
2026-04-03 04:10:00,66580.0,66604.2,66553.2,66599.9,54.2164
2026-04-03 04:15:00,66599.9,66661.8,66597.4,66604.3,163.8999
2026-04-03 04:20:00,66604.2,66604.3,66518.6,66537.9,85.7474
2026-04-03 04:25:00,66537.9,66574.0,66504.8,66504.9,71.6188
2026-04-03 04:30:00,66504.8,66580.1,66470.8,66501.7,219.8919
2026-04-03 04:35:00,66501.7,66544.6,66480.5,66513.0,88.1513
2026-04-03 04:40:00,66513.0,66547.8,66507.9,66544.5,59.1576
2026-04-03 04:45:00,66544.5,66647.5,66544.5,66612.1,120.5965
2026-04-03 04:50:00,66612.2,66612.2,66533.4,66600.0,106.2469
2026-04-03 04:55:00,66600.0,66627.1,66566.4,66578.6,111.9903
2026-04-03 05:00:00,66578.7,66636.8,66564.2,66610.7,82.9203
2026-04-03 05:05:00,66610.6,66634.1,66575.0,66629.3,111.7008
2026-04-03 05:10:00,66629.4,66629.4,66555.4,66555.4,45.6601
2026-04-03 05:15:00,66555.4,66555.4,66380.0,66488.3,243.705
2026-04-03 05:20:00,66488.3,66511.6,66436.9,66448.9,84.2249
2026-04-03 05:25:00,66448.9,66554.9,66448.8,66545.7,68.77
2026-04-03 05:30:00,66545.7,66783.3,66545.5,66688.1,489.0387
2026-04-03 05:35:00,66688.2,66734.0,66676.5,66690.0,220.3424
2026-04-03 05:40:00,66690.0,66754.1,66660.9,66742.4,145.8494
2026-04-03 05:45:00,66742.4,66746.2,66671.5,66675.0,93.0271
2026-04-03 05:50:00,66674.9,66675.0,66525.5,66531.7,293.3607
2026-04-03 05:55:00,66531.8,66583.1,66489.2,66583.1,216.4448
2026-04-03 06:00:00,66583.1,66630.3,66540.6,66540.7,113.1208
2026-04-03 06:05:00,66540.6,66618.3,66529.4,66567.1,111.2602
2026-04-03 06:10:00,66567.0,66635.0,66563.5,66635.0,49.3621
2026-04-03 06:15:00,66635.0,66649.0,66590.0,66630.5,70.4219
2026-04-03 06:20:00,66630.5,66670.0,66575.0,66621.2,139.8579
2026-04-03 06:25:00,66621.2,66650.0,66588.0,66600.0,64.5801
2026-04-03 06:30:00,66600.0,66639.6,66550.0,66610.4,95.4759
2026-04-03 06:35:00,66610.4,66750.2,66610.3,66690.6,240.4797
2026-04-03 06:40:00,66690.6,66745.9,66690.6,66706.2,91.4537
2026-04-03 06:45:00,66706.2,66775.0,66680.0,66734.5,117.7666
2026-04-03 06:50:00,66734.6,66760.0,66696.3,66702.1,123.0287
2026-04-03 06:55:00,66702.0,66769.0,66702.0,66769.0,98.2341
2026-04-03 07:00:00,66769.0,66814.2,66752.6,66763.2,175.1189
2026-04-03 07:05:00,66763.2,66861.7,66726.2,66857.0,184.0484
2026-04-03 07:10:00,66856.9,66888.0,66760.1,66795.3,183.0512
2026-04-03 07:15:00,66795.4,66829.6,66767.0,66817.0,116.7625
2026-04-03 07:20:00,66817.0,66850.0,66813.5,66821.1,136.0837
2026-04-03 07:25:00,66821.1,66915.0,66808.4,66914.9,212.105
2026-04-03 07:30:00,66915.0,67076.3,66888.9,67038.6,683.838
2026-04-03 07:35:00,67038.6,67239.2,67038.3,67053.0,1134.1159
2026-04-03 07:40:00,67053.0,67100.8,67022.6,67049.9,258.8885
2026-04-03 07:45:00,67050.0,67050.0,66996.6,67003.3,209.7845
2026-04-03 07:50:00,67003.3,67100.0,66974.1,67040.6,348.2973
2026-04-03 07:55:00,67040.5,67049.4,67000.0,67015.2,125.9353
2026-04-03 08:00:00,67015.2,67088.0,66998.3,67080.0,169.7765
2026-04-03 08:05:00,67080.1,67279.3,67051.4,67242.4,484.4868
2026-04-03 08:10:00,67242.4,67251.9,67143.9,67143.9,455.5056
2026-04-03 08:15:00,67143.9,67192.5,67090.7,67129.7,308.8077
2026-04-03 08:20:00,67129.7,67152.9,67094.6,67143.6,120.8843
2026-04-03 08:25:00,67143.6,67143.6,67030.2,67031.4,198.7935
2026-04-03 08:30:00,67031.4,67100.0,67030.0,67076.9,171.4632
2026-04-03 08:35:00,67076.8,67076.8,66962.3,66968.9,273.182
2026-04-03 08:40:00,66968.8,66989.7,66876.0,66907.3,337.3124
2026-04-03 08:45:00,66907.3,66980.0,66875.0,66970.0,306.672
2026-04-03 08:50:00,66970.0,66977.4,66913.5,66919.9,116.0276
2026-04-03 08:55:00,66920.0,66960.6,66891.4,66941.4,139.3457
2026-04-03 09:00:00,66941.3,66986.0,66914.5,66930.1,172.3723
2026-04-03 09:05:00,66930.1,66930.1,66851.0,66862.6,362.1554
2026-04-03 09:10:00,66862.6,66888.0,66857.2,66870.0,81.7473
2026-04-03 09:15:00,66869.9,66897.3,66850.5,66866.9,163.5945
2026-04-03 09:20:00,66866.9,66867.0,66721.2,66757.7,628.7225
2026-04-03 09:25:00,66757.7,66805.9,66720.0,66796.0,132.8868
2026-04-03 09:30:00,66796.0,66825.1,66763.0,66810.4,75.1653
2026-04-03 09:35:00,66810.3,66823.5,66773.1,66809.9,96.0905
2026-04-03 09:40:00,66809.9,66897.6,66809.8,66874.2,107.1181
2026-04-03 09:45:00,66874.2,66880.4,66780.0,66822.8,81.8912
2026-04-03 09:50:00,66822.8,66847.7,66790.8,66791.1,66.108
2026-04-03 09:55:00,66791.0,66841.1,66791.0,66841.0,42.7447
2026-04-03 10:00:00,66841.0,66841.0,66757.0,66769.0,109.0685
2026-04-03 10:05:00,66769.0,66807.8,66750.0,66773.1,65.2305
2026-04-03 10:10:00,66773.0,66814.3,66750.0,66801.3,68.3088
2026-04-03 10:15:00,66801.4,66846.8,66760.7,66821.6,94.5492
2026-04-03 10:20:00,66821.7,66825.0,66747.0,66772.7,102.993
2026-04-03 10:25:00,66772.7,66794.7,66733.3,66733.4,66.6326
2026-04-03 10:30:00,66733.4,66733.4,66650.2,66697.3,348.8723
2026-04-03 10:35:00,66697.3,66750.0,66681.0,66711.1,93.8626
2026-04-03 10:40:00,66711.2,66772.8,66711.1,66755.6,72.796
2026-04-03 10:45:00,66755.6,66844.8,66755.6,66809.6,178.4744
2026-04-03 10:50:00,66809.6,66868.0,66802.8,66846.8,139.1887
2026-04-03 10:55:00,66846.8,66869.0,66825.0,66848.2,138.4513
2026-04-03 11:00:00,66848.2,66888.0,66816.8,66859.9,185.0364
2026-04-03 11:05:00,66859.9,66860.0,66800.0,66812.4,62.5405
2026-04-03 11:10:00,66812.5,66847.9,66789.4,66823.5,61.558
2026-04-03 11:15:00,66823.5,66849.9,66805.1,66832.4,50.8864
2026-04-03 11:20:00,66832.4,66927.7,66832.3,66873.0,229.2129
2026-04-03 11:25:00,66873.1,66933.0,66873.0,66909.4,130.8412
2026-04-03 11:30:00,66909.4,66972.2,66890.0,66923.9,174.7821
2026-04-03 11:35:00,66924.0,66977.7,66923.9,66960.5,154.02
2026-04-03 11:40:00,66960.6,67038.4,66946.7,66973.3,363.052
2026-04-03 11:45:00,66973.3,67010.4,66937.7,66937.8,178.0528
2026-04-03 11:50:00,66937.8,66999.9,66925.0,66975.0,87.7133
2026-04-03 11:55:00,66975.1,66997.6,66956.0,66987.2,94.8581
2026-04-03 12:00:00,66987.2,67018.0,66973.8,66988.2,136.6475
2026-04-03 12:05:00,66988.2,67029.9,66973.8,66990.5,160.0048
2026-04-03 12:10:00,66990.5,66990.5,66907.5,66982.0,119.4253
2026-04-03 12:15:00,66982.0,67032.0,66915.4,66961.7,102.37
2026-04-03 12:20:00,66961.7,66992.9,66914.1,66929.4,106.7839
2026-04-03 12:25:00,66929.4,67134.6,66929.3,67086.4,337.2619
2026-04-03 12:30:00,67086.5,67350.0,66844.2,66892.0,2903.9568
2026-04-03 12:35:00,66892.0,66935.8,66770.0,66807.7,482.9837
2026-04-03 12:40:00,66807.6,66866.5,66763.6,66837.2,287.8169
2026-04-03 12:45:00,66837.2,66875.0,66718.0,66718.1,317.9967
2026-04-03 12:50:00,66718.0,66756.7,66607.0,66741.7,591.3487
2026-04-03 12:55:00,66741.6,66784.7,66688.5,66697.4,188.5662
2026-04-03 13:00:00,66697.4,66711.0,66573.4,66600.0,395.0667
2026-04-03 13:05:00,66600.0,66677.0,66530.3,66576.0,282.7991
2026-04-03 13:10:00,66576.1,66647.7,66526.0,66645.0,388.0932
2026-04-03 13:15:00,66645.0,66666.2,66569.7,66644.6,355.4735
2026-04-03 13:20:00,66644.5,66699.8,66626.6,66678.6,199.2598
2026-04-03 13:25:00,66678.5,66697.7,66631.2,66657.5,154.3425
2026-04-03 13:30:00,66657.4,66657.5,66550.0,66601.8,301.6907
2026-04-03 13:35:00,66601.7,66639.9,66563.5,66578.3,154.8727
2026-04-03 13:40:00,66578.4,66599.3,66561.0,66571.3,153.6531
2026-04-03 13:45:00,66571.2,66592.5,66478.5,66480.1,400.9322
2026-04-03 13:50:00,66480.2,66656.7,66480.1,66646.5,287.2391
2026-04-03 13:55:00,66646.4,66652.0,66593.3,66646.5,168.177
2026-04-03 14:00:00,66646.5,66741.8,66595.3,66689.7,363.0941
2026-04-03 14:05:00,66689.6,66770.9,66689.6,66715.1,238.8572
2026-04-03 14:10:00,66715.0,66759.3,66677.3,66747.3,175.5466
2026-04-03 14:15:00,66747.3,66753.5,66690.6,66752.5,104.6607
2026-04-03 14:20:00,66752.4,66822.4,66734.5,66780.0,242.5444
2026-04-03 14:25:00,66780.0,66960.0,66780.0,66876.5,560.5901
2026-04-03 14:30:00,66876.5,66899.9,66846.7,66867.7,192.4628
2026-04-03 14:35:00,66867.7,66901.1,66776.0,66862.4,171.5325
2026-04-03 14:40:00,66862.4,66862.5,66779.5,66779.5,91.3501
2026-04-03 14:45:00,66779.5,66862.6,66779.5,66862.6,105.9569
2026-04-03 14:50:00,66862.5,66956.4,66850.1,66919.6,235.5937
2026-04-03 14:55:00,66919.6,66945.3,66900.9,66901.0,143.2461
2026-04-03 15:00:00,66900.9,66938.0,66875.6,66914.1,228.2178
2026-04-03 15:05:00,66914.1,66938.0,66892.7,66932.0,148.3873
2026-04-03 15:10:00,66932.0,66999.0,66909.1,66930.7,220.585
2026-04-03 15:15:00,66930.7,66930.8,66845.3,66869.2,143.0317
2026-04-03 15:20:00,66869.3,66888.0,66830.4,66887.9,213.7719
2026-04-03 15:25:00,66887.9,66913.0,66875.9,66892.5,86.1952
2026-04-03 15:30:00,66892.5,66951.4,66841.9,66872.5,162.4445
2026-04-03 15:35:00,66872.5,66880.0,66802.6,66871.9,98.9502
2026-04-03 15:40:00,66872.0,66876.9,66808.6,66829.5,110.3381
2026-04-03 15:45:00,66829.5,66839.0,66783.8,66802.9,193.6709
2026-04-03 15:50:00,66802.9,66837.5,66802.9,66811.5,80.3022
2026-04-03 15:55:00,66811.4,66852.0,66806.0,66808.0,98.2536
2026-04-03 16:00:00,66808.1,66860.0,66792.9,66827.4,114.0791
2026-04-03 16:05:00,66827.4,66846.3,66802.5,66821.9,37.5054
2026-04-03 16:10:00,66821.8,66892.0,66821.8,66880.2,116.9522
2026-04-03 16:15:00,66880.1,66906.8,66850.0,66887.7,112.0927
2026-04-03 16:20:00,66887.7,66940.0,66887.7,66910.1,86.2458
2026-04-03 16:25:00,66910.2,66966.0,66910.1,66954.4,138.194
2026-04-03 16:30:00,66954.4,66965.9,66920.3,66957.4,81.281
2026-04-03 16:35:00,66957.4,66980.0,66900.0,66916.6,97.8321
2026-04-03 16:40:00,66916.5,66952.4,66898.9,66941.3,45.8131
2026-04-03 16:45:00,66941.2,67036.0,66909.1,66995.6,270.2958
2026-04-03 16:50:00,66995.5,67034.8,66986.0,67009.9,121.5436
2026-04-03 16:55:00,67009.9,67010.0,66966.7,66974.0,69.7243
2026-04-03 17:00:00,66974.0,66974.1,66930.0,66959.4,76.4308
2026-04-03 17:05:00,66959.4,67016.5,66941.1,67016.5,75.392
2026-04-03 17:10:00,67016.5,67035.0,66925.0,66925.0,99.112
2026-04-03 17:15:00,66925.0,66933.7,66721.5,66769.9,429.0445
2026-04-03 17:20:00,66769.9,66875.3,66767.3,66851.3,257.3883
2026-04-03 17:25:00,66851.3,66852.5,66813.1,66845.6,69.4218
2026-04-03 17:30:00,66845.5,66924.7,66845.5,66850.0,212.9335
2026-04-03 17:35:00,66850.0,66865.0,66820.3,66854.4,74.9802
2026-04-03 17:40:00,66854.5,66863.2,66837.5,66863.1,68.3071
2026-04-03 17:45:00,66863.2,66868.9,66781.9,66792.1,83.6919
2026-04-03 17:50:00,66792.0,66819.9,66768.9,66814.9,73.7922
2026-04-03 17:55:00,66814.9,66841.9,66801.0,66808.6,33.0366
2026-04-03 18:00:00,66808.5,66837.4,66801.9,66820.1,69.5996
2026-04-03 18:05:00,66820.1,66820.1,66763.8,66768.8,42.741
2026-04-03 18:10:00,66768.8,66804.0,66745.0,66804.0,106.6198
2026-04-03 18:15:00,66804.0,66895.8,66785.5,66871.9,53.0647
2026-04-03 18:20:00,66871.9,66889.9,66842.9,66889.9,46.6337
2026-04-03 18:25:00,66890.0,66895.2,66841.9,66847.8,114.0379
2026-04-03 18:30:00,66847.9,66865.9,66827.5,66858.0,117.7611
2026-04-03 18:35:00,66858.0,66886.4,66821.0,66821.0,61.1817
2026-04-03 18:40:00,66821.0,66831.8,66800.0,66822.3,37.6922
2026-04-03 18:45:00,66822.3,66822.3,66771.8,66787.3,76.3373
2026-04-03 18:50:00,66787.4,66795.0,66771.4,66781.1,33.5629
2026-04-03 18:55:00,66781.0,66792.9,66763.6,66777.4,35.9349
2026-04-03 19:00:00,66777.4,66822.1,66751.1,66755.6,72.5723
2026-04-03 19:05:00,66755.5,66769.9,66740.0,66747.1,68.7767
2026-04-03 19:10:00,66747.2,66779.1,66737.0,66746.5,76.5624
2026-04-03 19:15:00,66746.4,66778.2,66746.4,66756.2,19.9451
2026-04-03 19:20:00,66756.2,66818.3,66756.2,66761.0,68.6098
2026-04-03 19:25:00,66761.0,66775.0,66751.7,66758.4,53.1897
2026-04-03 19:30:00,66758.4,66780.0,66745.5,66780.0,42.0517
2026-04-03 19:35:00,66780.1,66789.2,66755.8,66785.7,99.5821
2026-04-03 19:40:00,66785.6,66825.2,66785.6,66819.9,42.2593
2026-04-03 19:45:00,66820.0,66871.8,66819.9,66865.6,41.6953
2026-04-03 19:50:00,66865.7,66879.3,66840.0,66840.0,19.2227
2026-04-03 19:55:00,66840.1,66854.1,66814.7,66854.0,29.8679
2026-04-03 20:00:00,66854.1,66854.1,66825.1,66840.0,25.6866
2026-04-03 20:05:00,66840.0,66864.6,66817.3,66864.6,30.7569
2026-04-03 20:10:00,66864.6,66877.9,66839.4,66866.1,19.9827
2026-04-03 20:15:00,66866.2,66877.9,66840.7,66865.1,34.1648
2026-04-03 20:20:00,66865.1,66865.2,66837.6,66843.3,23.8375
2026-04-03 20:25:00,66843.3,66847.7,66837.6,66844.6,14.4484
2026-04-03 20:30:00,66844.7,66861.3,66822.0,66838.2,58.1174
2026-04-03 20:35:00,66838.2,66865.6,66816.2,66865.6,17.2654
2026-04-03 20:40:00,66865.6,66888.9,66854.4,66854.9,34.6726
2026-04-03 20:45:00,66854.9,66870.8,66843.4,66859.0,18.3014
2026-04-03 20:50:00,66859.0,66859.0,66811.1,66811.2,38.6253
2026-04-03 20:55:00,66811.1,66824.1,66791.1,66791.1,74.1907
2026-04-03 21:00:00,66791.1,66821.6,66784.3,66804.3,60.962
2026-04-03 21:05:00,66804.2,66824.5,66795.5,66818.8,9.7047
2026-04-03 21:10:00,66818.9,66910.9,66809.6,66876.2,93.5291
2026-04-03 21:15:00,66876.3,66908.1,66854.5,66854.5,94.6789
2026-04-03 21:20:00,66854.5,66872.7,66840.9,66866.3,38.7277
2026-04-03 21:25:00,66866.3,66881.7,66855.0,66855.0,26.3868
2026-04-03 21:30:00,66855.0,66878.1,66847.0,66872.2,14.6117
2026-04-03 21:35:00,66872.2,66895.7,66866.1,66869.4,50.1932
2026-04-03 21:40:00,66869.4,66918.2,66860.0,66911.8,66.5614
2026-04-03 21:45:00,66911.8,66913.2,66866.1,66908.2,42.0231
2026-04-03 21:50:00,66908.1,66916.7,66876.0,66904.1,17.4471
2026-04-03 21:55:00,66904.2,66954.7,66904.1,66928.6,50.0374
2026-04-03 22:00:00,66928.5,66948.4,66846.3,66885.2,119.9637
2026-04-03 22:05:00,66885.2,66895.4,66808.9,66816.7,38.0103
2026-04-03 22:10:00,66816.6,66850.0,66816.6,66841.0,27.176
2026-04-03 22:15:00,66841.0,66870.2,66831.4,66870.2,29.1146
2026-04-03 22:20:00,66870.2,66899.1,66856.0,66856.1,17.1611
2026-04-03 22:25:00,66856.0,66901.1,66846.1,66887.1,75.927
2026-04-03 22:30:00,66887.1,66900.0,66872.7,66891.0,20.1303
2026-04-03 22:35:00,66891.0,66930.0,66890.0,66900.1,26.9618
2026-04-03 22:40:00,66900.1,66929.0,66892.6,66896.0,41.2801
2026-04-03 22:45:00,66896.0,66905.5,66815.3,66856.4,64.1173
2026-04-03 22:50:00,66856.4,66866.5,66836.1,66857.6,22.7851
2026-04-03 22:55:00,66857.7,66888.4,66855.1,66855.1,34.3115
2026-04-03 23:00:00,66855.1,66880.6,66855.1,66863.6,49.3947
2026-04-03 23:05:00,66863.6,66879.4,66851.6,66851.6,16.0211
2026-04-03 23:10:00,66851.6,66861.3,66817.4,66843.7,32.1722
2026-04-03 23:15:00,66843.8,66855.9,66825.0,66855.1,59.444
2026-04-03 23:20:00,66855.1,66855.5,66827.4,66849.8,22.5666
2026-04-03 23:25:00,66849.7,66849.8,66807.2,66831.5,51.5516
2026-04-03 23:30:00,66831.6,66896.7,66820.0,66820.1,114.3854
2026-04-03 23:35:00,66820.1,66827.0,66799.1,66825.4,48.2233
2026-04-03 23:40:00,66825.5,66859.1,66825.5,66837.7,43.8464
2026-04-03 23:45:00,66837.7,66900.0,66837.7,66889.6,40.6835
2026-04-03 23:50:00,66889.7,66915.8,66889.6,66912.0,43.384
2026-04-03 23:55:00,66912.0,66929.0,66896.6,66929.0,54.6538
2026-04-04 00:00:00,66928.9,66928.9,66866.0,66866.0,78.1945
2026-04-04 00:05:00,66866.0,66895.3,66839.0,66888.0,59.9932
2026-04-04 00:10:00,66888.0,66888.1,66855.0,66873.0,23.4748
2026-04-04 00:15:00,66873.1,66887.8,66864.7,66875.0,30.0791
2026-04-04 00:20:00,66875.0,66918.9,66857.5,66904.1,41.792
2026-04-04 00:25:00,66904.1,66937.4,66887.1,66887.1,77.2817
2026-04-04 00:30:00,66887.1,66932.5,66875.6,66910.8,50.0622
2026-04-04 00:35:00,66910.9,66929.0,66900.0,66918.2,29.1671
2026-04-04 00:40:00,66918.2,66918.2,66890.0,66901.6,23.4965
2026-04-04 00:45:00,66901.5,66904.4,66872.8,66890.2,39.9713
2026-04-04 00:50:00,66890.3,66890.3,66863.7,66870.9,29.7887
2026-04-04 00:55:00,66870.9,66871.0,66853.4,66868.1,35.4891
2026-04-04 01:00:00,66868.2,66871.0,66828.6,66851.4,131.2292
2026-04-04 01:05:00,66851.4,66894.4,66851.4,66879.1,127.5895
2026-04-04 01:10:00,66879.1,66893.4,66820.0,66820.0,43.578
2026-04-04 01:15:00,66820.1,66850.0,66818.0,66843.7,48.3829
2026-04-04 01:20:00,66843.7,66850.5,66816.1,66850.4,53.7383
2026-04-04 01:25:00,66850.4,66851.4,66812.7,66813.7,93.5577
2026-04-04 01:30:00,66813.7,66830.0,66805.0,66823.0,64.4682
2026-04-04 01:35:00,66823.1,66837.6,66816.0,66816.0,32.2744
2026-04-04 01:40:00,66816.1,66834.9,66800.0,66802.2,43.0198
2026-04-04 01:45:00,66802.3,66823.4,66800.0,66808.6,53.4395
2026-04-04 01:50:00,66808.6,66827.2,66808.6,66820.5,22.445
2026-04-04 01:55:00,66820.4,66824.7,66808.6,66824.6,37.3911
2026-04-04 02:00:00,66824.6,66889.4,66804.6,66889.4,81.892
2026-04-04 02:05:00,66889.4,66889.5,66831.7,66831.7,24.7699
2026-04-04 02:10:00,66831.7,66837.2,66788.6,66815.0,84.1751
2026-04-04 02:15:00,66815.0,66815.1,66788.0,66801.9,44.578
2026-04-04 02:20:00,66801.9,66801.9,66785.6,66785.6,23.3411
2026-04-04 02:25:00,66785.6,66802.8,66785.6,66799.6,37.9008
2026-04-04 02:30:00,66799.6,66854.8,66799.6,66840.4,45.3094
2026-04-04 02:35:00,66840.4,66840.5,66814.9,66815.7,15.7401
2026-04-04 02:40:00,66815.7,66821.4,66800.0,66800.0,42.1249
2026-04-04 02:45:00,66800.0,66812.7,66780.8,66798.3,18.7469
2026-04-04 02:50:00,66798.4,66808.6,66780.2,66782.6,29.5575
2026-04-04 02:55:00,66782.6,66816.1,66780.0,66816.0,35.8457
2026-04-04 03:00:00,66816.1,66864.2,66816.1,66845.0,80.107
2026-04-04 03:05:00,66845.0,66870.0,66839.3,66853.8,34.2031
2026-04-04 03:10:00,66853.9,66870.0,66853.8,66864.5,16.8327
2026-04-04 03:15:00,66864.6,66864.6,66817.6,66817.6,59.6611
2026-04-04 03:20:00,66817.7,66838.5,66815.3,66831.7,61.3193
2026-04-04 03:25:00,66831.6,66831.6,66812.7,66822.3,30.6111
2026-04-04 03:30:00,66822.2,66822.3,66806.7,66813.1,16.9493
2026-04-04 03:35:00,66813.1,66816.1,66801.0,66807.4,28.6363
2026-04-04 03:40:00,66807.3,66828.9,66807.3,66815.3,38.1606
2026-04-04 03:45:00,66815.3,66840.5,66814.9,66840.5,16.3709
2026-04-04 03:50:00,66840.6,66840.6,66811.2,66821.6,15.8405
2026-04-04 03:55:00,66821.6,66821.7,66800.0,66800.3,49.161
2026-04-04 04:00:00,66800.3,66800.3,66789.0,66800.0,60.0938
2026-04-04 04:05:00,66799.9,66825.5,66799.9,66825.4,28.471
2026-04-04 04:10:00,66825.4,66825.5,66765.2,66770.2,103.4893
2026-04-04 04:15:00,66770.2,66785.0,66734.5,66777.5,111.6058
2026-04-04 04:20:00,66777.5,66804.8,66777.4,66804.7,19.979
2026-04-04 04:25:00,66804.7,66829.2,66804.7,66829.1,23.9524
2026-04-04 04:30:00,66829.2,66833.8,66811.4,66811.4,14.2301
2026-04-04 04:35:00,66811.4,66829.7,66811.4,66829.5,15.8907
2026-04-04 04:40:00,66829.6,66835.7,66829.5,66829.7,24.4371
2026-04-04 04:45:00,66829.7,66835.7,66815.7,66828.1,38.3908
2026-04-04 04:50:00,66828.2,66837.3,66808.7,66837.1,81.3612
2026-04-04 04:55:00,66837.2,66838.0,66816.3,66828.2,69.7651
2026-04-04 05:00:00,66828.3,66849.9,66825.0,66841.5,89.8892
2026-04-04 05:05:00,66841.5,66857.1,66827.6,66857.1,58.96
2026-04-04 05:10:00,66857.1,66858.0,66818.5,66829.4,107.7112
2026-04-04 05:15:00,66829.4,66852.9,66829.4,66852.8,18.0443
2026-04-04 05:20:00,66852.8,66867.5,66839.4,66839.4,43.4073
2026-04-04 05:25:00,66839.4,66845.9,66808.2,66845.9,75.3783
2026-04-04 05:30:00,66845.9,66900.0,66840.3,66889.2,130.1846
2026-04-04 05:35:00,66889.1,66889.2,66851.7,66860.4,68.459
2026-04-04 05:40:00,66860.3,66876.6,66856.0,66864.6,31.0008
2026-04-04 05:45:00,66864.6,66884.5,66860.4,66860.5,37.2111
2026-04-04 05:50:00,66860.5,66884.9,66860.5,66873.6,65.8133
2026-04-04 05:55:00,66873.6,66882.6,66862.2,66875.3,39.4481
2026-04-04 06:00:00,66875.3,66900.0,66875.3,66884.4,78.1945
2026-04-04 06:05:00,66884.4,66907.4,66876.8,66900.0,76.2397
2026-04-04 06:10:00,66900.0,66928.8,66899.9,66920.5,150.2426
2026-04-04 06:15:00,66920.6,66925.1,66916.7,66925.0,38.9322
2026-04-04 06:20:00,66925.0,66936.0,66907.5,66907.5,65.6346
2026-04-04 06:25:00,66907.5,66914.7,66870.2,66914.7,52.0734
2026-04-04 06:30:00,66914.7,66923.4,66885.7,66907.8,33.2639
2026-04-04 06:35:00,66907.8,66916.0,66884.0,66884.0,32.3761
2026-04-04 06:40:00,66884.0,66919.9,66884.0,66919.9,28.9431
2026-04-04 06:45:00,66920.0,66967.8,66919.9,66967.5,124.2614
2026-04-04 06:50:00,66967.5,67013.4,66949.0,67007.1,271.0009
2026-04-04 06:55:00,67007.2,67007.2,66973.5,66973.6,88.1487
2026-04-04 07:00:00,66973.6,66999.9,66965.0,66973.5,112.8735
2026-04-04 07:05:00,66973.5,66983.4,66956.3,66962.8,91.0688
2026-04-04 07:10:00,66962.8,66976.8,66947.7,66967.8,80.9864
2026-04-04 07:15:00,66967.8,66977.0,66930.0,66930.0,86.0912
2026-04-04 07:20:00,66930.0,66930.1,66906.6,66919.6,67.3606
2026-04-04 07:25:00,66919.5,66931.6,66896.6,66924.0,158.1773
2026-04-04 07:30:00,66924.0,66942.5,66924.0,66942.4,27.5288
2026-04-04 07:35:00,66942.5,66943.8,66924.9,66941.2,31.6828
2026-04-04 07:40:00,66941.3,66969.4,66926.2,66933.3,214.6597
2026-04-04 07:45:00,66933.4,66963.6,66917.1,66960.4,71.7415
2026-04-04 07:50:00,66960.3,66960.3,66937.3,66956.0,67.3428
2026-04-04 07:55:00,66956.1,67011.6,66956.0,66980.0,95.6
2026-04-04 08:00:00,66980.0,67004.6,66975.2,66980.5,138.3777
2026-04-04 08:05:00,66980.4,67020.0,66954.8,66959.5,111.8239
2026-04-04 08:10:00,66959.6,66983.8,66957.8,66961.6,46.132
2026-04-04 08:15:00,66961.6,66970.8,66961.6,66970.7,19.2066
2026-04-04 08:20:00,66970.7,67048.9,66961.4,66993.5,508.7611
2026-04-04 08:25:00,66993.5,67021.4,66982.2,67014.8,74.3975
2026-04-04 08:30:00,67014.8,67014.8,66930.8,66930.8,61.5075
2026-04-04 08:35:00,66930.8,66952.5,66930.8,66942.5,43.2192
2026-04-04 08:40:00,66942.4,66953.9,66925.9,66942.6,81.4193
2026-04-04 08:45:00,66942.6,66942.6,66926.7,66926.8,70.5118
2026-04-04 08:50:00,66926.8,66926.9,66873.9,66882.4,121.6403
2026-04-04 08:55:00,66882.5,66908.5,66882.4,66908.5,81.636
2026-04-04 09:00:00,66908.6,66924.0,66882.6,66891.2,218.2561
2026-04-04 09:05:00,66891.2,66943.8,66891.1,66943.8,76.1394
2026-04-04 09:10:00,66943.7,66955.0,66937.6,66948.8,59.9178
2026-04-04 09:15:00,66948.9,66959.1,66930.0,66953.2,70.7089
2026-04-04 09:20:00,66953.2,66957.8,66927.3,66938.9,76.0852
2026-04-04 09:25:00,66938.9,66947.1,66910.0,66947.1,136.5938
2026-04-04 09:30:00,66947.2,66950.0,66929.5,66929.5,50.1244
2026-04-04 09:35:00,66929.5,66939.9,66929.5,66937.4,32.323
2026-04-04 09:40:00,66937.3,66937.4,66921.9,66929.2,26.8116
2026-04-04 09:45:00,66929.1,66950.0,66929.1,66950.0,25.1537
2026-04-04 09:50:00,66949.9,66949.9,66939.7,66939.8,21.3458
2026-04-04 09:55:00,66939.7,66950.0,66932.9,66949.9,66.9872
2026-04-04 10:00:00,66950.0,66985.4,66937.0,66937.1,177.5937
2026-04-04 10:05:00,66937.0,66949.8,66927.3,66929.2,42.4623
2026-04-04 10:10:00,66929.3,66929.3,66875.9,66876.4,131.102
2026-04-04 10:15:00,66876.3,66906.4,66876.3,66906.4,30.8385
2026-04-04 10:20:00,66906.4,66906.4,66882.9,66899.1,25.7587
2026-04-04 10:25:00,66899.1,66911.1,66890.0,66903.4,82.293
2026-04-04 10:30:00,66903.5,66912.2,66890.9,66906.6,57.3193
2026-04-04 10:35:00,66906.6,66993.1,66906.5,66980.3,123.7934
2026-04-04 10:40:00,66980.3,67035.0,66974.3,67000.3,152.3192
2026-04-04 10:45:00,67000.3,67142.9,67000.3,67107.8,375.934
2026-04-04 10:50:00,67107.8,67138.3,67085.2,67130.4,265.664
2026-04-04 10:55:00,67130.3,67139.8,67101.5,67132.6,160.6696
2026-04-04 11:00:00,67132.6,67199.8,67130.1,67146.2,484.1351
2026-04-04 11:05:00,67146.1,67160.0,67116.9,67160.0,256.8901
2026-04-04 11:10:00,67159.9,67160.0,67116.7,67133.0,140.5188
2026-04-04 11:15:00,67133.0,67133.1,67066.3,67091.4,208.6537
2026-04-04 11:20:00,67091.4,67106.4,67084.8,67084.8,81.3226
2026-04-04 11:25:00,67084.8,67093.2,67083.8,67093.2,68.6204
2026-04-04 11:30:00,67093.1,67093.2,67056.8,67074.1,109.3087
2026-04-04 11:35:00,67074.1,67074.1,67055.0,67055.0,58.4191
2026-04-04 11:40:00,67055.1,67125.0,67052.1,67109.8,114.0599
2026-04-04 11:45:00,67109.8,67129.9,67088.7,67091.5,93.57
2026-04-04 11:50:00,67091.5,67097.9,67076.1,67097.8,65.1349
2026-04-04 11:55:00,67097.8,67130.0,67093.0,67129.9,86.5136
2026-04-04 12:00:00,67129.9,67163.3,67105.4,67125.4,201.7574
2026-04-04 12:05:00,67125.3,67131.5,67054.8,67067.6,93.642
2026-04-04 12:10:00,67067.7,67099.3,67056.3,67087.1,59.6747
2026-04-04 12:15:00,67087.1,67092.7,67080.0,67089.7,39.7608
2026-04-04 12:20:00,67089.7,67100.0,67069.0,67099.9,34.2802
2026-04-04 12:25:00,67100.0,67108.4,67077.1,67082.8,114.7785
2026-04-04 12:30:00,67082.8,67097.0,67082.8,67083.6,26.6933
2026-04-04 12:35:00,67083.6,67083.6,67056.4,67060.0,66.8964
2026-04-04 12:40:00,67060.0,67060.1,67025.7,67033.7,83.629
2026-04-04 12:45:00,67033.8,67064.7,67031.3,67061.6,93.9299
2026-04-04 12:50:00,67061.6,67087.8,67061.5,67087.2,71.2735
2026-04-04 12:55:00,67087.2,67087.2,67060.0,67064.5,95.3188
2026-04-04 13:00:00,67064.5,67069.9,67053.0,67053.1,77.4496
2026-04-04 13:05:00,67053.1,67077.7,67050.0,67077.7,39.8392
2026-04-04 13:10:00,67077.7,67077.7,67063.1,67077.2,29.9416
2026-04-04 13:15:00,67077.2,67087.1,67062.5,67087.1,46.1656
2026-04-04 13:20:00,67087.1,67110.0,67063.6,67075.7,72.2447
2026-04-04 13:25:00,67075.7,67082.1,67069.5,67082.1,25.8857
2026-04-04 13:30:00,67082.2,67082.2,67061.5,67079.8,62.3647
2026-04-04 13:35:00,67079.9,67250.0,67065.2,67208.9,499.2479
2026-04-04 13:40:00,67208.9,67236.7,67193.1,67207.6,313.7639
2026-04-04 13:45:00,67207.5,67207.6,67165.6,67172.1,99.0915
2026-04-04 13:50:00,67172.1,67175.0,67121.8,67160.5,159.8533
2026-04-04 13:55:00,67160.4,67200.0,67160.4,67160.4,138.3041
2026-04-04 14:00:00,67160.3,67188.3,67160.3,67166.8,66.2433
2026-04-04 14:05:00,67166.8,67191.7,67151.8,67185.8,97.7126
2026-04-04 14:10:00,67185.8,67185.8,67164.2,67170.4,91.7446
2026-04-04 14:15:00,67170.4,67170.4,67152.6,67169.9,87.59
2026-04-04 14:20:00,67170.0,67170.0,67153.5,67156.5,31.0509
2026-04-04 14:25:00,67156.5,67174.5,67147.0,67147.0,148.0781
2026-04-04 14:30:00,67147.1,67147.1,67122.0,67126.4,94.883
2026-04-04 14:35:00,67126.4,67140.0,67028.3,67046.9,338.2394
2026-04-04 14:40:00,67047.0,67066.5,66980.0,67066.5,619.402
2026-04-04 14:45:00,67066.5,67129.8,67066.4,67095.3,125.3988
2026-04-04 14:50:00,67095.3,67100.3,67084.2,67087.4,51.4083
2026-04-04 14:55:00,67087.5,67175.0,67087.4,67172.6,168.5042
2026-04-04 15:00:00,67172.6,67172.7,67140.3,67169.7,253.087
2026-04-04 15:05:00,67169.8,67268.0,67159.6,67268.0,287.9527
2026-04-04 15:10:00,67268.0,67550.0,67210.1,67349.9,2032.199
2026-04-04 15:15:00,67349.9,67400.0,67297.2,67370.8,484.1681
2026-04-04 15:20:00,67370.9,67449.2,67314.9,67314.9,369.1625
2026-04-04 15:25:00,67315.0,67320.1,67251.5,67295.5,410.5872
2026-04-04 15:30:00,67295.5,67310.0,67268.9,67280.1,123.4801
2026-04-04 15:35:00,67280.0,67306.4,67269.8,67300.2,87.5537
2026-04-04 15:40:00,67300.1,67319.9,67233.0,67297.3,415.0007
2026-04-04 15:45:00,67297.3,67315.9,67260.5,67304.5,155.0736
2026-04-04 15:50:00,67304.5,67304.5,67273.4,67296.1,66.5812
2026-04-04 15:55:00,67296.1,67355.0,67296.0,67346.0,132.5325
2026-04-04 16:00:00,67346.0,67376.2,67302.8,67320.2,140.8869
2026-04-04 16:05:00,67320.3,67327.5,67303.2,67303.2,46.9372
2026-04-04 16:10:00,67303.2,67312.8,67293.3,67305.5,127.6317
2026-04-04 16:15:00,67305.5,67327.5,67285.2,67327.4,94.8661
2026-04-04 16:20:00,67327.5,67345.5,67294.0,67345.3,184.2537
2026-04-04 16:25:00,67345.3,67444.0,67340.4,67403.8,319.5881
2026-04-04 16:30:00,67403.7,67415.8,67345.0,67363.0,163.184
2026-04-04 16:35:00,67363.1,67458.0,67354.8,67440.0,158.2007
2026-04-04 16:40:00,67440.0,67477.8,67421.5,67477.8,313.166
2026-04-04 16:45:00,67477.8,67484.2,67404.1,67411.0,226.9242
2026-04-04 16:50:00,67411.0,67426.2,67400.0,67402.5,185.8432
2026-04-04 16:55:00,67402.5,67428.8,67320.0,67331.7,184.185
2026-04-04 17:00:00,67331.7,67338.0,67258.0,67291.0,361.1304
2026-04-04 17:05:00,67291.1,67323.7,67282.1,67308.8,198.8071
2026-04-04 17:10:00,67308.8,67354.8,67300.0,67354.8,181.754
2026-04-04 17:15:00,67354.8,67378.9,67331.0,67331.0,130.9498
2026-04-04 17:20:00,67331.0,67366.1,67321.8,67366.1,124.7169
2026-04-04 17:25:00,67366.1,67386.9,67357.8,67367.5,192.1869
2026-04-04 17:30:00,67367.5,67372.1,67353.9,67356.1,62.2341
2026-04-04 17:35:00,67356.1,67356.2,67313.2,67314.9,93.5291
2026-04-04 17:40:00,67314.9,67330.9,67293.9,67293.9,102.1736
2026-04-04 17:45:00,67294.0,67303.0,67291.0,67291.1,63.9669
2026-04-04 17:50:00,67291.0,67314.1,67288.3,67300.1,50.5389
2026-04-04 17:55:00,67300.0,67320.1,67290.5,67305.5,24.9832
2026-04-04 18:00:00,67305.5,67318.0,67260.0,67283.1,115.8034
2026-04-04 18:05:00,67283.1,67317.2,67276.4,67302.3,72.2788
2026-04-04 18:10:00,67302.4,67306.3,67290.2,67302.9,29.4488
2026-04-04 18:15:00,67303.0,67350.0,67300.1,67318.1,116.0806
2026-04-04 18:20:00,67318.2,67333.0,67314.0,67332.9,45.3493
2026-04-04 18:25:00,67332.9,67332.9,67285.2,67292.5,131.9142
2026-04-04 18:30:00,67292.4,67296.7,67255.0,67261.9,179.6593
2026-04-04 18:35:00,67261.9,67270.0,67258.7,67269.8,28.5691
2026-04-04 18:40:00,67269.9,67285.0,67243.7,67243.8,93.033
2026-04-04 18:45:00,67243.8,67270.0,67215.0,67251.5,82.9533
2026-04-04 18:50:00,67251.5,67295.8,67241.1,67287.5,28.5108
2026-04-04 18:55:00,67287.5,67287.5,67255.4,67260.4,46.9765
2026-04-04 19:00:00,67260.3,67326.8,67260.3,67306.9,137.5312
2026-04-04 19:05:00,67306.9,67416.7,67297.9,67360.0,340.8726
2026-04-04 19:10:00,67360.1,67468.0,67350.0,67462.3,165.9905
2026-04-04 19:15:00,67462.3,67517.4,67362.6,67411.8,355.7328
2026-04-04 19:20:00,67411.8,67416.1,67355.2,67357.4,64.8742
2026-04-04 19:25:00,67357.4,67358.7,67325.0,67334.1,74.8936
2026-04-04 19:30:00,67334.1,67334.2,67291.6,67313.3,92.4002
2026-04-04 19:35:00,67313.3,67340.0,67313.0,67315.8,65.8744
2026-04-04 19:40:00,67315.8,67315.9,67252.8,67271.5,92.2272
2026-04-04 19:45:00,67271.5,67288.9,67260.0,67275.7,83.6397
2026-04-04 19:50:00,67275.8,67297.5,67275.7,67294.4,43.7569
2026-04-04 19:55:00,67294.3,67294.4,67241.5,67262.3,74.7059
2026-04-04 20:00:00,67262.2,67262.3,67150.5,67163.3,373.4465
2026-04-04 20:05:00,67163.2,67195.8,67163.2,67195.7,84.6224
2026-04-04 20:10:00,67195.8,67207.4,67195.7,67195.9,24.4135
2026-04-04 20:15:00,67195.9,67229.0,67195.8,67220.0,43.36
2026-04-04 20:20:00,67220.1,67239.8,67211.1,67239.8,36.5095
2026-04-04 20:25:00,67239.9,67247.9,67225.0,67235.0,18.2014
2026-04-04 20:30:00,67235.0,67246.4,67218.2,67234.4,17.0161
2026-04-04 20:35:00,67234.4,67256.3,67222.2,67236.7,54.0946
2026-04-04 20:40:00,67236.8,67255.9,67231.4,67232.3,37.8892
2026-04-04 20:45:00,67232.3,67279.2,67232.3,67246.3,113.5801
2026-04-04 20:50:00,67246.3,67246.3,67225.6,67225.6,18.6222
2026-04-04 20:55:00,67225.6,67240.0,67220.0,67240.0,43.3999
2026-04-04 21:00:00,67239.9,67263.4,67234.8,67236.6,79.1853
2026-04-04 21:05:00,67236.7,67245.2,67231.5,67245.1,14.6445
2026-04-04 21:10:00,67245.1,67245.2,67180.0,67203.1,80.3809
2026-04-04 21:15:00,67203.1,67237.5,67203.1,67237.4,14.125
2026-04-04 21:20:00,67237.4,67252.1,67227.1,67237.9,14.4666
2026-04-04 21:25:00,67237.9,67247.0,67227.1,67246.9,10.7859
2026-04-04 21:30:00,67246.9,67247.0,67235.0,67246.4,30.678
2026-04-04 21:35:00,67246.3,67279.9,67234.8,67265.2,37.9891
2026-04-04 21:40:00,67265.2,67303.7,67250.0,67270.0,36.8906
2026-04-04 21:45:00,67270.1,67330.7,67270.0,67330.7,28.58
2026-04-04 21:50:00,67330.6,67400.0,67307.7,67378.0,138.5759
2026-04-04 21:55:00,67377.9,67449.5,67304.8,67316.3,158.372
2026-04-04 22:00:00,67316.4,67354.6,67304.5,67337.7,85.7294
2026-04-04 22:05:00,67337.7,67347.9,67303.0,67343.8,32.0263
2026-04-04 22:10:00,67343.8,67349.6,67308.3,67349.5,71.3002
2026-04-04 22:15:00,67349.6,67407.6,67346.7,67402.9,67.0496
2026-04-04 22:20:00,67402.9,67402.9,67341.0,67399.9,46.3461
2026-04-04 22:25:00,67400.0,67416.5,67367.2,67381.2,79.7852
2026-04-04 22:30:00,67381.3,67398.5,67350.0,67366.3,72.8573
2026-04-04 22:35:00,67366.3,67366.3,67350.2,67350.2,21.2903
2026-04-04 22:40:00,67350.2,67426.0,67350.2,67426.0,106.6946
2026-04-04 22:45:00,67426.0,67429.4,67345.1,67362.4,82.638
2026-04-04 22:50:00,67362.5,67382.3,67326.6,67350.0,36.0601
2026-04-04 22:55:00,67350.0,67364.4,67349.9,67362.1,11.8514
2026-04-04 23:00:00,67362.0,67364.4,67305.4,67320.7,206.9339
2026-04-04 23:05:00,67320.7,67360.0,67293.1,67360.0,71.363
2026-04-04 23:10:00,67360.0,67360.0,67318.6,67318.7,23.3618
2026-04-04 23:15:00,67318.7,67323.3,67301.5,67316.1,22.3638
2026-04-04 23:20:00,67316.1,67323.7,67293.3,67295.3,62.8989
2026-04-04 23:25:00,67295.3,67295.3,67261.6,67266.2,55.5968
2026-04-04 23:30:00,67266.2,67294.9,67266.1,67292.3,40.1859
2026-04-04 23:35:00,67292.2,67292.3,67261.0,67261.1,22.341
2026-04-04 23:40:00,67261.0,67297.5,67225.5,67288.2,162.4486
2026-04-04 23:45:00,67288.2,67291.7,67225.2,67247.7,99.0076
2026-04-04 23:50:00,67247.7,67275.0,67222.6,67271.4,113.45
2026-04-04 23:55:00,67271.4,67275.6,67262.3,67267.4,44.3219
2026-04-05 00:00:00,67267.3,67288.1,67255.5,67263.2,55.4714
2026-04-05 00:05:00,67263.2,67269.5,67234.2,67247.9,97.7624
2026-04-05 00:10:00,67248.0,67248.0,67203.2,67225.4,120.3703
2026-04-05 00:15:00,67225.4,67225.4,67208.3,67224.8,36.5789
2026-04-05 00:20:00,67224.8,67224.8,67206.6,67214.1,66.1452
2026-04-05 00:25:00,67214.0,67257.9,67206.4,67230.5,82.3661
2026-04-05 00:30:00,67230.6,67230.6,67206.5,67206.5,37.7079
2026-04-05 00:35:00,67206.6,67230.0,67206.6,67229.9,28.2062
2026-04-05 00:40:00,67230.0,67243.5,67218.0,67219.6,67.3149
2026-04-05 00:45:00,67219.6,67233.5,67212.2,67216.5,50.8223
2026-04-05 00:50:00,67216.6,67216.6,67173.3,67190.8,163.3647
2026-04-05 00:55:00,67190.8,67190.8,67122.7,67178.2,220.0286
2026-04-05 01:00:00,67178.2,67198.1,67117.8,67131.9,74.5748
2026-04-05 01:05:00,67131.9,67138.7,67072.1,67119.4,160.9195
2026-04-05 01:10:00,67119.5,67174.4,67117.0,67152.4,88.2267
2026-04-05 01:15:00,67152.3,67152.4,67128.9,67128.9,58.8628
2026-04-05 01:20:00,67128.9,67150.0,67105.4,67115.7,62.1032
2026-04-05 01:25:00,67115.7,67123.4,67092.1,67098.6,72.7254
2026-04-05 01:30:00,67098.7,67099.0,67061.7,67089.7,87.6294
2026-04-05 01:35:00,67089.7,67089.8,67050.0,67050.1,118.3933
2026-04-05 01:40:00,67050.2,67077.0,67043.7,67062.0,101.0688
2026-04-05 01:45:00,67062.0,67084.9,67042.3,67084.8,94.9809
2026-04-05 01:50:00,67084.9,67087.9,67071.9,67075.3,66.7911
2026-04-05 01:55:00,67075.3,67078.5,67050.0,67056.3,91.072
2026-04-05 02:00:00,67056.2,67059.4,66880.2,67006.1,721.8071
2026-04-05 02:05:00,67006.1,67011.8,66976.7,66976.9,106.6166
2026-04-05 02:10:00,66976.8,66976.9,66949.7,66964.3,185.493
2026-04-05 02:15:00,66964.3,67047.9,66950.0,67047.8,195.6145
2026-04-05 02:20:00,67047.8,67085.7,67029.4,67085.1,221.6664
2026-04-05 02:25:00,67085.0,67129.1,67075.0,67100.0,155.5209
2026-04-05 02:30:00,67100.0,67142.8,67081.7,67113.9,103.8852
2026-04-05 02:35:00,67113.9,67129.6,67100.0,67110.8,103.185
2026-04-05 02:40:00,67110.9,67110.9,67100.0,67100.0,42.5003
2026-04-05 02:45:00,67100.1,67104.0,67092.2,67100.0,73.2162
2026-04-05 02:50:00,67100.0,67127.7,67100.0,67127.6,39.1138
2026-04-05 02:55:00,67127.6,67143.8,67127.6,67136.3,54.2133
2026-04-05 03:00:00,67136.3,67157.9,67132.4,67139.9,81.8456
2026-04-05 03:05:00,67139.9,67140.0,67111.6,67126.2,62.0666
2026-04-05 03:10:00,67126.3,67155.5,67116.0,67155.5,66.2962
2026-04-05 03:15:00,67155.5,67155.5,67121.0,67121.0,46.9265
2026-04-05 03:20:00,67121.0,67134.0,67096.8,67129.9,61.0927
2026-04-05 03:25:00,67129.9,67129.9,67115.4,67115.4,22.6575
2026-04-05 03:30:00,67115.4,67115.5,67067.0,67067.0,57.4253
2026-04-05 03:35:00,67067.0,67092.3,67051.0,67084.2,121.9081
2026-04-05 03:40:00,67084.3,67112.5,67084.2,67104.4,37.6725
2026-04-05 03:45:00,67104.5,67112.2,67098.3,67102.9,35.1686
2026-04-05 03:50:00,67102.8,67102.9,67087.7,67100.9,59.7026
2026-04-05 03:55:00,67100.9,67115.2,67092.6,67115.1,58.6971
2026-04-05 04:00:00,67115.2,67115.2,67080.5,67111.9,151.9949
2026-04-05 04:05:00,67112.0,67112.0,67071.8,67078.8,59.2183
2026-04-05 04:10:00,67078.8,67078.9,67044.5,67061.7,54.5756
2026-04-05 04:15:00,67061.7,67098.9,67050.3,67098.9,80.8295
2026-04-05 04:20:00,67098.8,67113.7,67086.3,67093.5,79.1518
2026-04-05 04:25:00,67093.6,67157.6,67093.5,67154.8,91.8073
2026-04-05 04:30:00,67154.9,67157.6,67130.1,67130.1,58.2474
2026-04-05 04:35:00,67130.1,67132.4,67115.0,67129.7,37.0669
2026-04-05 04:40:00,67129.7,67129.7,67099.5,67102.7,34.0315
2026-04-05 04:45:00,67102.7,67102.7,67053.8,67053.9,83.6924
2026-04-05 04:50:00,67053.9,67086.9,67053.8,67064.7,55.7609
2026-04-05 04:55:00,67064.8,67115.5,67056.2,67070.1,59.6774
2026-04-05 05:00:00,67070.1,67100.1,67062.5,67089.7,38.199
2026-04-05 05:05:00,67089.7,67102.8,67077.0,67097.8,49.484
2026-04-05 05:10:00,67097.7,67125.9,67080.0,67080.0,52.5446
2026-04-05 05:15:00,67080.0,67098.5,67072.5,67086.8,41.7153
2026-04-05 05:20:00,67086.7,67086.8,67013.1,67056.0,138.0174
2026-04-05 05:25:00,67055.9,67071.4,67051.3,67051.3,35.5113
2026-04-05 05:30:00,67051.2,67074.9,67050.0,67068.2,36.3431
2026-04-05 05:35:00,67068.2,67068.3,67022.8,67046.0,103.4584
2026-04-05 05:40:00,67046.0,67058.3,67045.9,67058.3,16.0923
2026-04-05 05:45:00,67058.3,67072.4,67040.2,67040.2,50.2396
2026-04-05 05:50:00,67040.2,67040.2,66914.2,66957.9,314.345
2026-04-05 05:55:00,66957.9,66957.9,66850.3,66904.3,537.7102
2026-04-05 06:00:00,66904.3,66920.9,66864.0,66910.1,275.8908
2026-04-05 06:05:00,66910.1,66910.2,66656.6,66669.4,1153.1335
2026-04-05 06:10:00,66669.4,66703.8,66580.0,66628.0,822.3015
2026-04-05 06:15:00,66628.1,66657.4,66572.3,66644.1,526.9146
2026-04-05 06:20:00,66644.1,66744.3,66639.1,66709.5,375.0832
2026-04-05 06:25:00,66709.5,66748.6,66706.0,66729.9,173.1134
2026-04-05 06:30:00,66730.0,66818.6,66729.9,66774.5,359.6683
2026-04-05 06:35:00,66774.5,66825.7,66754.9,66786.6,153.3061
2026-04-05 06:40:00,66786.7,66793.3,66782.8,66793.1,64.114
2026-04-05 06:45:00,66793.1,66813.0,66770.7,66801.7,90.2606
2026-04-05 06:50:00,66801.7,66818.6,66795.0,66795.0,45.1828
2026-04-05 06:55:00,66795.0,66841.9,66767.1,66767.1,235.4653
2026-04-05 07:00:00,66767.1,66857.9,66767.1,66823.7,238.1419
2026-04-05 07:05:00,66823.6,66867.9,66823.6,66838.7,77.2028
2026-04-05 07:10:00,66838.8,66888.8,66824.3,66869.1,147.8922
2026-04-05 07:15:00,66869.2,66880.9,66772.5,66811.2,141.3259
2026-04-05 07:20:00,66811.1,66815.1,66791.6,66791.6,79.9996
2026-04-05 07:25:00,66791.6,66791.7,66763.9,66783.3,80.5513
2026-04-05 07:30:00,66783.2,66783.3,66689.4,66729.9,192.117
2026-04-05 07:35:00,66729.9,66730.0,66679.5,66701.6,156.3211
2026-04-05 07:40:00,66701.6,66747.0,66701.5,66736.3,69.4731
2026-04-05 07:45:00,66736.2,66765.0,66715.0,66715.1,108.8126
2026-04-05 07:50:00,66715.1,66766.7,66703.2,66764.4,104.7383
2026-04-05 07:55:00,66764.4,66799.3,66764.4,66785.2,143.4477
2026-04-05 08:00:00,66785.1,66841.7,66779.0,66826.9,117.5893
2026-04-05 08:05:00,66827.0,66851.4,66812.7,66843.0,98.4593
2026-04-05 08:10:00,66843.0,66850.7,66815.4,66827.9,96.1101
2026-04-05 08:15:00,66827.9,66872.4,66819.4,66858.2,164.0194
2026-04-05 08:20:00,66858.1,66872.0,66850.9,66850.9,61.4125
2026-04-05 08:25:00,66850.9,66860.6,66834.7,66835.1,74.9007
2026-04-05 08:30:00,66835.2,66845.1,66820.1,66832.9,80.7787
2026-04-05 08:35:00,66832.9,66849.9,66827.3,66849.9,60.5285
2026-04-05 08:40:00,66849.9,66859.2,66800.1,66819.2,274.9737
2026-04-05 08:45:00,66819.2,66859.4,66819.2,66859.3,29.8123
2026-04-05 08:50:00,66859.3,66878.3,66851.6,66856.3,61.9472
2026-04-05 08:55:00,66856.3,66900.0,66856.3,66894.6,126.123
2026-04-05 09:00:00,66894.7,66940.9,66894.7,66929.7,268.5856
2026-04-05 09:05:00,66929.7,66951.9,66861.2,66887.9,94.4134
2026-04-05 09:10:00,66887.9,66901.0,66878.8,66894.2,128.8584
2026-04-05 09:15:00,66894.1,66935.7,66890.9,66918.9,67.8669
2026-04-05 09:20:00,66918.9,66977.7,66904.2,66977.7,110.6062
2026-04-05 09:25:00,66977.7,66993.4,66966.2,66979.5,164.3967
2026-04-05 09:30:00,66979.4,66981.5,66940.6,66952.5,117.3121
2026-04-05 09:35:00,66952.5,66960.3,66923.8,66947.0,84.9096
2026-04-05 09:40:00,66946.9,66988.0,66946.9,66984.9,89.4423
2026-04-05 09:45:00,66984.9,67049.9,66972.6,67005.7,243.4716
2026-04-05 09:50:00,67005.6,67014.5,66993.9,66999.4,58.0843
2026-04-05 09:55:00,66999.4,66999.5,66986.4,66996.8,41.559
2026-04-05 10:00:00,66996.8,66996.8,66943.7,66982.9,206.7776
2026-04-05 10:05:00,66982.9,66996.8,66967.1,66967.1,30.675
2026-04-05 10:10:00,66967.2,66979.6,66923.6,66936.3,124.7987
2026-04-05 10:15:00,66936.4,66950.6,66925.1,66937.7,69.356
2026-04-05 10:20:00,66937.8,66947.6,66927.4,66940.5,72.3733
2026-04-05 10:25:00,66940.5,66960.0,66940.5,66959.9,19.3138
2026-04-05 10:30:00,66959.9,66971.4,66950.3,66965.3,122.2078
2026-04-05 10:35:00,66965.4,67116.7,66965.3,67082.7,396.0267
2026-04-05 10:40:00,67082.7,67088.0,67022.8,67056.5,123.7145
2026-04-05 10:45:00,67056.5,67056.5,67000.0,67006.9,92.9239
2026-04-05 10:50:00,67007.0,67021.0,66975.0,67007.0,105.6169
2026-04-05 10:55:00,67007.1,67026.6,67000.2,67007.2,44.931
2026-04-05 11:00:00,67007.3,67044.7,66993.8,67019.9,99.4352
2026-04-05 11:05:00,67020.0,67038.0,67015.7,67017.5,43.0786
2026-04-05 11:10:00,67017.5,67050.9,67014.5,67014.5,81.623
2026-04-05 11:15:00,67014.6,67050.8,67010.2,67028.0,27.4352
2026-04-05 11:20:00,67028.0,67039.6,67010.0,67010.0,20.722
2026-04-05 11:25:00,67010.1,67010.1,66960.0,66976.9,185.2871
2026-04-05 11:30:00,66976.8,66988.5,66958.0,66978.6,97.8637
2026-04-05 11:35:00,66978.7,66978.7,66938.2,66952.0,39.0192
2026-04-05 11:40:00,66951.9,66962.5,66950.1,66962.5,36.9979
2026-04-05 11:45:00,66962.4,66963.2,66943.8,66954.7,43.7871
2026-04-05 11:50:00,66954.6,66966.7,66954.6,66966.6,27.8799
2026-04-05 11:55:00,66966.6,66977.6,66960.0,66971.8,39.8284
2026-04-05 12:00:00,66971.8,66971.9,66891.2,66900.0,172.6475
2026-04-05 12:05:00,66900.0,66932.9,66891.7,66920.1,119.1001
2026-04-05 12:10:00,66920.1,66920.2,66874.3,66879.5,132.3432
2026-04-05 12:15:00,66879.4,66906.7,66875.9,66903.9,84.7371
2026-04-05 12:20:00,66903.8,66903.9,66881.1,66887.9,43.9773
2026-04-05 12:25:00,66887.9,66888.0,66858.1,66858.3,72.3667
2026-04-05 12:30:00,66858.4,66868.2,66688.0,66735.3,706.1229
2026-04-05 12:35:00,66735.3,66775.0,66653.1,66710.9,402.95
2026-04-05 12:40:00,66711.0,66750.0,66666.6,66719.3,290.848
2026-04-05 12:45:00,66719.3,66719.4,66650.1,66679.6,341.5836
2026-04-05 12:50:00,66679.6,66779.9,66677.6,66750.1,239.085
2026-04-05 12:55:00,66750.1,66772.9,66750.0,66756.2,80.0736
2026-04-05 13:00:00,66756.2,66838.1,66735.3,66827.9,308.909
2026-04-05 13:05:00,66827.8,66827.8,66786.3,66790.1,107.9924
2026-04-05 13:10:00,66790.1,66811.0,66722.5,66727.4,126.1571
2026-04-05 13:15:00,66727.4,66775.6,66709.3,66769.2,114.1957
2026-04-05 13:20:00,66769.2,66829.4,66769.2,66804.8,142.6918
2026-04-05 13:25:00,66804.8,66804.8,66675.1,66679.8,187.0886
2026-04-05 13:30:00,66679.7,66812.5,66666.7,66778.6,230.0528
2026-04-05 13:35:00,66778.6,66813.0,66755.0,66812.9,117.6022
2026-04-05 13:40:00,66812.9,66820.5,66784.6,66799.0,59.8034
2026-04-05 13:45:00,66798.9,66846.4,66798.9,66822.4,108.1819
2026-04-05 13:50:00,66822.4,66891.0,66822.3,66843.0,181.1314
2026-04-05 13:55:00,66843.0,66874.3,66830.1,66861.5,76.4536
2026-04-05 14:00:00,66861.4,66937.1,66815.2,66923.8,240.9736
2026-04-05 14:05:00,66923.8,66928.0,66875.7,66893.8,120.1552
2026-04-05 14:10:00,66893.9,66900.0,66837.7,66850.2,103.0735
2026-04-05 14:15:00,66850.1,66850.1,66766.6,66837.8,228.9419
2026-04-05 14:20:00,66837.8,66855.1,66821.2,66855.1,68.0797
2026-04-05 14:25:00,66855.0,66895.7,66855.0,66881.5,131.6201
2026-04-05 14:30:00,66881.4,66886.4,66866.2,66866.3,134.7111
2026-04-05 14:35:00,66866.3,66911.0,66855.7,66911.0,91.9551
2026-04-05 14:40:00,66910.9,66933.0,66894.4,66910.3,136.5812
2026-04-05 14:45:00,66910.3,66917.4,66877.9,66899.9,44.5238
2026-04-05 14:50:00,66900.0,66919.1,66895.4,66905.2,95.923
2026-04-05 14:55:00,66905.1,66905.2,66880.1,66893.1,48.1305
2026-04-05 15:00:00,66893.2,66907.8,66855.0,66855.0,66.4606
2026-04-05 15:05:00,66855.0,66906.6,66800.1,66906.5,394.2202
2026-04-05 15:10:00,66906.6,66940.0,66906.5,66907.5,126.075
2026-04-05 15:15:00,66907.5,66997.4,66907.5,66949.1,145.9632
2026-04-05 15:20:00,66949.1,66970.0,66935.3,66961.1,80.2504
2026-04-05 15:25:00,66961.2,67495.0,66945.0,67466.6,3101.0225
2026-04-05 15:30:00,67466.7,67846.1,67355.6,67452.9,3695.8826
2026-04-05 15:35:00,67452.8,67518.8,67345.7,67370.9,721.2129
2026-04-05 15:40:00,67370.8,67432.3,67282.7,67416.7,534.0757
2026-04-05 15:45:00,67416.6,67431.0,67291.9,67346.4,259.1395
2026-04-05 15:50:00,67346.5,67424.3,67328.6,67328.6,257.1377
2026-04-05 15:55:00,67328.6,67339.6,67240.0,67281.0,337.287
2026-04-05 16:00:00,67281.0,67349.9,67281.0,67331.1,196.8624
2026-04-05 16:05:00,67331.1,67373.3,67241.7,67309.3,239.2982
2026-04-05 16:10:00,67309.3,67346.5,67265.3,67275.3,208.5293
2026-04-05 16:15:00,67275.2,67330.5,67275.2,67320.5,169.8748
2026-04-05 16:20:00,67320.4,67357.3,67315.1,67339.6,131.6499
2026-04-05 16:25:00,67339.6,67357.9,67285.2,67292.3,89.8111
2026-04-05 16:30:00,67292.3,67386.0,67286.0,67343.1,193.3185
2026-04-05 16:35:00,67343.1,67343.1,67286.0,67286.0,57.2609
2026-04-05 16:40:00,67286.0,67307.6,67242.0,67299.9,248.3264
2026-04-05 16:45:00,67299.9,67300.0,67173.4,67187.5,417.262
2026-04-05 16:50:00,67187.5,67217.1,67146.9,67165.8,141.7767
2026-04-05 16:55:00,67165.8,67196.9,67150.0,67187.3,82.331
2026-04-05 17:00:00,67187.3,67232.4,67160.0,67190.0,185.2299
2026-04-05 17:05:00,67190.0,67261.1,67180.3,67249.9,113.4096
2026-04-05 17:10:00,67250.0,67280.0,67239.6,67257.1,82.1735
2026-04-05 17:15:00,67257.1,67266.8,67184.2,67184.2,60.849
2026-04-05 17:20:00,67184.3,67225.0,67163.0,67223.3,81.7506
2026-04-05 17:25:00,67223.4,67334.2,67223.3,67312.8,178.2378
2026-04-05 17:30:00,67312.7,67326.3,67280.1,67283.9,60.7181
2026-04-05 17:35:00,67283.9,67374.9,67283.9,67370.4,130.7923
2026-04-05 17:40:00,67370.3,67382.5,67331.6,67335.9,142.8203
2026-04-05 17:45:00,67335.9,67373.5,67280.0,67311.5,85.6398
2026-04-05 17:50:00,67311.5,67344.0,67290.0,67333.7,56.8906
2026-04-05 17:55:00,67333.6,67364.3,67316.7,67349.7,78.1694
2026-04-05 18:00:00,67349.8,67355.3,67261.0,67292.8,88.9736
2026-04-05 18:05:00,67292.8,67320.0,67258.8,67274.6,97.9609
2026-04-05 18:10:00,67274.7,67301.4,67250.3,67283.0,38.44
2026-04-05 18:15:00,67282.9,67311.6,67246.4,67250.7,54.0332
2026-04-05 18:20:00,67250.8,67278.1,67246.4,67278.1,27.8362
2026-04-05 18:25:00,67278.1,67278.1,67254.7,67274.7,14.6981
2026-04-05 18:30:00,67274.7,67432.0,67274.7,67385.8,129.3868
2026-04-05 18:35:00,67385.8,67422.6,67369.2,67406.3,88.0551
2026-04-05 18:40:00,67406.3,67427.5,67372.5,67390.8,124.6658
2026-04-05 18:45:00,67390.9,67433.8,67375.0,67390.5,294.2487
2026-04-05 18:50:00,67390.5,67394.9,67360.3,67378.5,84.0802
2026-04-05 18:55:00,67378.5,67387.6,67356.1,67387.5,15.1459
2026-04-05 19:00:00,67387.6,67387.6,67350.0,67350.0,32.2168
2026-04-05 19:05:00,67350.0,67385.0,67350.0,67371.1,22.4584
2026-04-05 19:10:00,67371.1,67400.0,67336.9,67384.3,51.0374
2026-04-05 19:15:00,67384.3,67500.0,67368.4,67499.9,220.5068
2026-04-05 19:20:00,67499.8,67537.5,67460.0,67497.9,190.014
2026-04-05 19:25:00,67497.9,67520.2,67436.6,67443.6,169.5121
2026-04-05 19:30:00,67443.6,67449.0,67413.1,67420.3,62.1702
2026-04-05 19:35:00,67420.4,67420.5,67290.4,67304.7,95.4068
2026-04-05 19:40:00,67304.8,67323.5,67260.0,67284.4,100.3789
2026-04-05 19:45:00,67284.3,67313.4,67254.7,67254.8,84.4126
2026-04-05 19:50:00,67254.7,67300.0,67254.7,67292.6,36.0019
2026-04-05 19:55:00,67292.6,67335.0,67292.5,67335.0,34.4318
2026-04-05 20:00:00,67334.9,67390.5,67332.4,67334.2,82.9439
2026-04-05 20:05:00,67334.2,67355.1,67309.8,67338.8,31.8365
2026-04-05 20:10:00,67338.9,67362.8,67320.2,67358.2,34.4643
2026-04-05 20:15:00,67358.2,67358.3,67348.1,67352.0,10.3799
2026-04-05 20:20:00,67352.0,67462.3,67352.0,67447.4,36.9398
2026-04-05 20:25:00,67447.4,67469.1,67420.3,67452.6,55.1927
2026-04-05 20:30:00,67452.6,67468.6,67438.5,67455.0,63.157
2026-04-05 20:35:00,67455.0,67685.9,67437.1,67663.8,533.5379
2026-04-05 20:40:00,67663.8,67675.4,67525.6,67525.6,148.9589
2026-04-05 20:45:00,67525.6,67626.9,67512.0,67626.8,193.3979
2026-04-05 20:50:00,67626.8,67646.7,67570.3,67602.3,90.5353
2026-04-05 20:55:00,67602.3,67630.4,67592.8,67630.3,57.0188
2026-04-05 21:00:00,67630.3,67630.4,67523.9,67579.8,184.4488
2026-04-05 21:05:00,67579.8,67598.2,67562.5,67586.6,52.7954
2026-04-05 21:10:00,67586.6,67605.0,67384.6,67492.3,402.3241
2026-04-05 21:15:00,67492.2,67511.0,67456.8,67465.2,78.5786
2026-04-05 21:20:00,67463.9,67484.9,67440.1,67449.3,54.2797
2026-04-05 21:25:00,67449.3,67456.1,67384.6,67445.6,62.859
2026-04-05 21:30:00,67445.5,67462.5,67438.6,67438.7,42.1228
2026-04-05 21:35:00,67438.7,67450.0,67432.6,67443.3,22.7494
2026-04-05 21:40:00,67443.3,67498.9,67381.0,67473.4,107.145
2026-04-05 21:45:00,67473.4,67538.5,67437.6,67538.4,145.83
2026-04-05 21:50:00,67538.5,67650.3,67511.7,67593.3,123.1618
2026-04-05 21:55:00,67593.3,67620.0,67494.8,67519.7,104.9026
2026-04-05 22:00:00,67519.7,67767.0,67454.5,67715.9,868.384
2026-04-05 22:05:00,67715.8,67746.8,67611.0,67688.9,250.9821
2026-04-05 22:10:00,67688.9,67694.9,67434.5,67496.0,352.2008
2026-04-05 22:15:00,67496.0,67575.0,67470.4,67470.4,138.496
2026-04-05 22:20:00,67470.5,67494.6,67320.5,67380.1,293.8072
2026-04-05 22:25:00,67380.1,67406.4,67300.0,67403.0,175.4281
2026-04-05 22:30:00,67403.0,67555.5,67377.8,67476.6,178.0611
2026-04-05 22:35:00,67476.6,67622.7,67441.7,67622.7,144.0981
2026-04-05 22:40:00,67622.6,68000.0,67599.6,67933.0,1760.8231
2026-04-05 22:45:00,67933.0,68199.1,67929.6,68112.7,1743.4979
2026-04-05 22:50:00,68112.7,68199.9,68046.8,68050.2,525.1444
2026-04-05 22:55:00,68050.2,68347.0,68037.5,68320.8,1765.2132
2026-04-05 23:00:00,68320.7,68444.0,68234.4,68299.9,1090.5072
2026-04-05 23:05:00,68299.9,68582.6,68290.2,68400.2,958.579
2026-04-05 23:10:00,68400.2,68575.0,68400.2,68575.0,314.673
2026-04-05 23:15:00,68574.9,68914.8,68569.2,68860.0,2051.4723
2026-04-05 23:20:00,68859.9,68966.0,68661.0,68722.6,806.2221
2026-04-05 23:25:00,68722.6,68879.5,68701.1,68774.6,563.5551
2026-04-05 23:30:00,68774.5,69100.0,68766.5,69020.2,1375.4391
2026-04-05 23:35:00,69020.2,69118.0,68955.4,68968.1,599.3416
2026-04-05 23:40:00,68968.2,69019.8,68855.3,68928.5,520.3653
2026-04-05 23:45:00,68928.6,69038.1,68908.7,68913.8,453.1375
2026-04-05 23:50:00,68913.8,69022.4,68871.6,68976.1,722.0441
2026-04-05 23:55:00,68976.1,69020.0,68963.1,69008.0,285.1598
2026-04-06 00:00:00,69008.0,69587.9,69005.5,69328.4,4690.2352
2026-04-06 00:05:00,69328.5,69499.9,69300.4,69308.4,954.4165
2026-04-06 00:10:00,69308.4,69320.0,69165.7,69214.9,501.2715
2026-04-06 00:15:00,69214.9,69333.0,69173.6,69191.3,453.4767
2026-04-06 00:20:00,69191.2,69250.0,69039.5,69238.1,607.8665
2026-04-06 00:25:00,69238.1,69255.8,69100.0,69159.0,334.7385
2026-04-06 00:30:00,69159.0,69318.4,69092.1,69105.6,531.1515
2026-04-06 00:35:00,69105.6,69236.7,69089.3,69218.4,433.9219
2026-04-06 00:40:00,69218.4,69436.9,69197.1,69290.1,467.6367
2026-04-06 00:45:00,69290.1,69320.0,69200.0,69200.0,210.0276
2026-04-06 00:50:00,69200.1,69252.0,69111.0,69111.0,279.865
2026-04-06 00:55:00,69111.0,69145.5,69052.8,69061.7,287.201
2026-04-06 01:00:00,69061.7,69118.1,68850.0,68894.7,1242.7637
2026-04-06 01:05:00,68894.6,68978.8,68847.3,68894.0,587.2523
2026-04-06 01:10:00,68894.1,68950.0,68816.2,68816.2,511.4853
2026-04-06 01:15:00,68816.2,68880.0,68815.7,68834.3,289.6115
2026-04-06 01:20:00,68834.4,68945.1,68802.3,68896.0,210.9069
2026-04-06 01:25:00,68896.0,68976.6,68895.9,68955.5,188.2878
2026-04-06 01:30:00,68955.4,68956.2,68810.0,68847.5,223.9788
2026-04-06 01:35:00,68847.5,68939.5,68822.0,68879.5,226.7507
2026-04-06 01:40:00,68879.5,68879.5,68772.0,68777.2,262.8616
2026-04-06 01:45:00,68777.3,68851.1,68767.7,68775.4,269.8368
2026-04-06 01:50:00,68775.4,68850.0,68775.0,68775.1,119.6794
2026-04-06 01:55:00,68775.0,68815.6,68770.0,68791.6,128.2103
2026-04-06 02:00:00,68791.6,68926.9,68748.0,68916.7,468.3446
2026-04-06 02:05:00,68916.7,68936.3,68784.9,68912.9,352.589
2026-04-06 02:10:00,68912.8,69314.0,68876.1,69087.6,1256.9363
2026-04-06 02:15:00,69087.5,69273.6,69066.8,69241.7,605.3624
2026-04-06 02:20:00,69241.8,69288.0,69109.9,69132.9,461.0393
2026-04-06 02:25:00,69132.8,69228.0,69092.7,69208.6,199.0141
2026-04-06 02:30:00,69208.6,69380.0,69208.6,69309.9,700.5551
2026-04-06 02:35:00,69309.9,69314.0,69206.4,69249.9,237.6505
2026-04-06 02:40:00,69250.0,69250.0,69161.0,69194.1,260.5025
2026-04-06 02:45:00,69194.2,69279.6,69175.1,69220.3,155.2431
2026-04-06 02:50:00,69220.4,69275.0,69180.0,69194.5,175.3306
2026-04-06 02:55:00,69194.5,69242.2,69180.1,69180.1,129.6848
2026-04-06 03:00:00,69180.1,69233.1,69180.0,69191.1,157.0401
2026-04-06 03:05:00,69191.2,69233.5,69124.7,69149.2,188.3583
2026-04-06 03:10:00,69149.3,69222.0,69089.9,69104.0,203.6413
2026-04-06 03:15:00,69103.9,69139.3,69031.2,69059.4,298.0809
2026-04-06 03:20:00,69059.4,69149.7,69035.5,69139.5,152.4368
2026-04-06 03:25:00,69139.5,69179.7,69134.6,69158.9,77.2212
2026-04-06 03:30:00,69158.9,69210.0,69138.8,69178.2,121.8488
2026-04-06 03:35:00,69178.2,69200.2,69150.0,69151.7,80.3092
2026-04-06 03:40:00,69151.7,69151.8,69054.4,69097.0,174.478
2026-04-06 03:45:00,69096.9,69125.0,69067.5,69081.1,73.5485
2026-04-06 03:50:00,69081.2,69108.9,69033.3,69047.9,163.0012
2026-04-06 03:55:00,69047.9,69100.0,69042.6,69099.9,215.1704
2026-04-06 04:00:00,69100.0,69175.1,69099.9,69170.6,125.897
2026-04-06 04:05:00,69170.6,69170.6,69011.0,69011.1,176.0112
2026-04-06 04:10:00,69011.1,69048.7,68975.4,69048.7,245.528
2026-04-06 04:15:00,69048.7,69052.2,68973.3,68980.7,153.1591
2026-04-06 04:20:00,68980.6,69000.0,68963.6,68978.2,125.9999
2026-04-06 04:25:00,68978.2,68990.0,68948.3,68975.9,81.3959
2026-04-06 04:30:00,68976.0,69031.6,68972.1,69029.1,133.1061
2026-04-06 04:35:00,69029.1,69191.5,69029.0,69184.6,204.3633
2026-04-06 04:40:00,69184.7,69184.7,69121.3,69146.5,268.1235
2026-04-06 04:45:00,69146.5,69184.6,69115.3,69117.4,194.2582
2026-04-06 04:50:00,69117.4,69150.0,69094.0,69142.0,70.6412
2026-04-06 04:55:00,69142.0,69142.0,69102.1,69109.4,55.0887
2026-04-06 05:00:00,69109.4,69142.7,69088.5,69124.9,96.7053
2026-04-06 05:05:00,69125.0,69156.6,69103.2,69156.6,86.0544
2026-04-06 05:10:00,69156.6,69156.6,69123.9,69137.9,57.0431
2026-04-06 05:15:00,69137.9,69170.5,69111.0,69138.8,61.9207
2026-04-06 05:20:00,69138.7,69198.6,69121.2,69121.2,177.024
2026-04-06 05:25:00,69121.3,69147.0,69058.0,69140.7,150.6228
2026-04-06 05:30:00,69140.7,69213.0,69136.1,69199.9,162.2347
2026-04-06 05:35:00,69200.0,69200.0,69154.5,69190.0,128.9129
2026-04-06 05:40:00,69190.0,69200.0,69161.2,69185.9,54.9884
2026-04-06 05:45:00,69186.0,69212.5,69121.7,69121.8,91.0664
2026-04-06 05:50:00,69121.8,69175.5,69121.8,69170.7,54.7387
2026-04-06 05:55:00,69170.7,69170.7,69149.6,69169.3,47.052
2026-04-06 06:00:00,69169.3,69178.2,69070.4,69088.0,154.0746
2026-04-06 06:05:00,69087.9,69248.9,69082.9,69205.6,226.0728
2026-04-06 06:10:00,69205.6,69327.7,69205.5,69271.9,498.5489
2026-04-06 06:15:00,69271.9,69272.0,69195.6,69205.8,143.0578
2026-04-06 06:20:00,69205.9,69220.0,68966.0,69005.0,507.4088
2026-04-06 06:25:00,69004.9,69006.1,68736.9,68810.0,1831.7417
2026-04-06 06:30:00,68810.0,68875.0,68786.9,68820.3,530.7112
2026-04-06 06:35:00,68820.4,68878.0,68813.6,68875.8,286.9068
2026-04-06 06:40:00,68875.8,68939.9,68821.7,68895.7,494.5122
2026-04-06 06:45:00,68895.7,68974.2,68888.1,68959.8,288.7567
2026-04-06 06:50:00,68959.9,69069.2,68953.0,69001.9,603.3633
2026-04-06 06:55:00,69002.0,69002.0,68937.9,68948.0,104.1997
2026-04-06 07:00:00,68948.1,68960.0,68825.0,68829.9,219.9162
2026-04-06 07:05:00,68829.9,68841.1,68782.8,68797.0,211.9875
2026-04-06 07:10:00,68797.0,68884.3,68796.9,68866.3,136.9845
2026-04-06 07:15:00,68866.3,68966.0,68866.2,68955.3,146.7176
2026-04-06 07:20:00,68955.4,69054.8,68940.8,69044.9,159.9534
2026-04-06 07:25:00,69045.0,69076.4,69028.8,69037.3,153.5245
2026-04-06 07:30:00,69037.2,69037.3,68933.3,68951.9,137.8133
2026-04-06 07:35:00,68951.9,69105.0,68951.9,68999.9,241.6651
2026-04-06 07:40:00,68999.9,69020.0,68945.2,68952.0,103.5085
2026-04-06 07:45:00,68952.1,68975.9,68912.8,68975.3,154.9417
2026-04-06 07:50:00,68975.4,69179.5,68965.9,69153.7,346.3964
2026-04-06 07:55:00,69153.7,69153.7,69035.3,69074.8,223.4773
2026-04-06 08:00:00,69074.8,69190.8,69074.8,69120.2,316.0579
2026-04-06 08:05:00,69120.2,69131.7,69040.6,69131.6,112.9462
2026-04-06 08:10:00,69131.6,69160.2,69119.4,69135.7,89.977
2026-04-06 08:15:00,69135.7,69166.0,69091.6,69113.1,185.9555
2026-04-06 08:20:00,69113.1,69207.5,69081.0,69179.3,185.6211
2026-04-06 08:25:00,69179.4,69214.0,69165.0,69191.9,152.3196
2026-04-06 08:30:00,69191.9,69222.0,69164.1,69216.4,113.5132
2026-04-06 08:35:00,69216.3,69318.0,69196.0,69234.4,401.6731
2026-04-06 08:40:00,69234.5,69270.0,69204.0,69257.5,131.4896
2026-04-06 08:45:00,69257.5,69275.0,69186.5,69214.2,223.7689
2026-04-06 08:50:00,69214.1,69214.2,69175.0,69210.1,91.1037
2026-04-06 08:55:00,69210.0,69233.0,69180.0,69180.0,62.8317
2026-04-06 09:00:00,69180.0,69236.4,69169.8,69201.0,187.0384
2026-04-06 09:05:00,69201.0,69288.0,69194.8,69283.7,100.3988
2026-04-06 09:10:00,69283.8,69762.1,69283.7,69602.3,3482.2081
2026-04-06 09:15:00,69602.3,69951.0,69598.7,69890.3,2021.3121
2026-04-06 09:20:00,69890.4,70276.8,69841.5,70023.9,3400.2646
2026-04-06 09:25:00,70023.9,70024.0,69850.0,69905.6,735.4986
2026-04-06 09:30:00,69905.6,69944.7,69839.9,69876.0,502.1287
2026-04-06 09:35:00,69875.9,69901.9,69741.2,69752.9,583.944
2026-04-06 09:40:00,69752.9,69886.7,69678.0,69827.5,736.1806
2026-04-06 09:45:00,69827.6,69870.9,69788.9,69801.6,255.4715
2026-04-06 09:50:00,69801.5,69801.6,69666.0,69678.0,390.9624
2026-04-06 09:55:00,69678.0,69754.0,69673.7,69700.1,353.1842
2026-04-06 10:00:00,69700.1,69790.0,69700.1,69789.9,343.7772
2026-04-06 10:05:00,69790.0,69822.8,69768.3,69778.7,189.2668
2026-04-06 10:10:00,69778.6,69820.7,69778.0,69788.3,104.2589
2026-04-06 10:15:00,69788.4,69810.8,69740.0,69758.5,140.2086
2026-04-06 10:20:00,69758.5,69841.7,69755.0,69804.2,169.1857
2026-04-06 10:25:00,69804.1,69804.2,69708.8,69737.9,173.6377
2026-04-06 10:30:00,69737.9,69815.3,69729.0,69799.3,113.6431
2026-04-06 10:35:00,69799.3,69952.0,69759.2,69874.1,510.2979
2026-04-06 10:40:00,69874.1,69875.1,69821.1,69858.3,117.0213
2026-04-06 10:45:00,69858.3,69858.4,69680.0,69769.9,706.0871
2026-04-06 10:50:00,69770.0,69778.6,69680.0,69710.0,235.5399
2026-04-06 10:55:00,69710.1,69756.7,69678.0,69749.9,133.9731
2026-04-06 11:00:00,69749.9,69749.9,69641.0,69671.9,241.1848
2026-04-06 11:05:00,69672.0,69729.6,69643.1,69729.4,117.9723
2026-04-06 11:10:00,69729.4,69741.2,69643.5,69650.0,111.9764
2026-04-06 11:15:00,69650.0,69700.0,69644.1,69677.1,97.238
2026-04-06 11:20:00,69677.1,69677.2,69547.3,69610.0,550.8613
2026-04-06 11:25:00,69610.1,69639.3,69577.9,69595.2,95.2598
2026-04-06 11:30:00,69595.1,69677.2,69543.1,69663.3,334.9807
2026-04-06 11:35:00,69663.4,69688.0,69633.7,69633.8,104.3388
2026-04-06 11:40:00,69633.8,69661.0,69602.7,69622.6,117.5081
2026-04-06 11:45:00,69622.6,69660.0,69570.5,69626.4,141.913
2026-04-06 11:50:00,69626.5,69679.9,69617.0,69617.1,73.2091
2026-04-06 11:55:00,69617.1,69617.1,69536.9,69592.5,142.5238
2026-04-06 12:00:00,69592.4,69615.0,69545.0,69555.3,185.2532
2026-04-06 12:05:00,69555.4,69594.3,69480.0,69488.2,487.455
2026-04-06 12:10:00,69488.2,69500.1,69429.8,69458.7,410.4525
2026-04-06 12:15:00,69458.8,69521.4,69438.2,69505.8,390.3089
2026-04-06 12:20:00,69505.8,69505.9,69458.8,69482.1,80.2497
2026-04-06 12:25:00,69482.1,69495.2,69396.5,69435.5,209.7173
2026-04-06 12:30:00,69435.5,69444.2,69353.7,69436.1,464.276
2026-04-06 12:35:00,69436.1,69500.0,69420.2,69484.5,174.5875
2026-04-06 12:40:00,69484.6,69519.2,69430.0,69471.1,165.0539
2026-04-06 12:45:00,69471.0,69511.1,69380.0,69380.1,278.2201
2026-04-06 12:50:00,69380.0,69406.8,69320.0,69366.1,434.6212
2026-04-06 12:55:00,69366.1,69387.7,69302.0,69349.5,241.4355
2026-04-06 13:00:00,69349.6,69437.6,69341.9,69404.3,336.6307
2026-04-06 13:05:00,69404.3,69426.8,69363.1,69411.5,224.3046
2026-04-06 13:10:00,69411.5,69419.2,69370.6,69380.6,132.8631
2026-04-06 13:15:00,69380.5,69392.8,69302.5,69313.9,295.5758
2026-04-06 13:20:00,69314.0,69406.6,69314.0,69393.1,172.3964
2026-04-06 13:25:00,69393.0,69455.0,69392.7,69446.1,237.6461
2026-04-06 13:30:00,69446.1,69532.8,69350.0,69449.9,696.922
2026-04-06 13:35:00,69450.0,69500.0,69201.0,69282.0,800.9855
2026-04-06 13:40:00,69281.9,69387.2,69215.8,69300.1,451.6567
2026-04-06 13:45:00,69300.1,69358.0,69234.4,69326.6,314.0562
2026-04-06 13:50:00,69326.6,69466.0,69317.8,69394.5,556.7861
2026-04-06 13:55:00,69394.4,69415.9,69305.1,69405.1,218.4178
2026-04-06 14:00:00,69405.0,69643.7,69130.0,69167.3,1300.3878
2026-04-06 14:05:00,69167.3,69269.8,69167.3,69256.1,362.645
2026-04-06 14:10:00,69256.1,69325.0,69160.0,69325.0,324.0301
2026-04-06 14:15:00,69325.0,69460.0,69321.4,69436.8,268.0718
2026-04-06 14:20:00,69436.9,69620.0,69436.8,69479.0,775.762
2026-04-06 14:25:00,69479.1,69566.8,69443.7,69516.3,266.7658
2026-04-06 14:30:00,69516.3,69674.1,69498.0,69617.9,608.0211
2026-04-06 14:35:00,69617.9,69798.8,69283.2,69310.5,1792.0084
2026-04-06 14:40:00,69310.5,69505.8,69300.6,69429.5,682.2153
2026-04-06 14:45:00,69429.4,69429.4,69272.7,69319.8,383.6573
2026-04-06 14:50:00,69319.9,69594.1,69319.8,69588.6,388.7981
2026-04-06 14:55:00,69588.6,69667.9,69535.0,69618.7,332.8241
2026-04-06 15:00:00,69618.7,69726.0,69550.1,69609.5,322.7424
2026-04-06 15:05:00,69609.4,69648.0,69486.3,69644.5,281.456
2026-04-06 15:10:00,69644.4,69766.0,69529.3,69663.9,648.9625
2026-04-06 15:15:00,69663.9,69736.9,69613.1,69622.0,617.7015
2026-04-06 15:20:00,69622.1,69666.6,69572.2,69613.2,272.0165
2026-04-06 15:25:00,69613.2,69707.2,69563.5,69707.1,237.8259
2026-04-06 15:30:00,69707.1,69760.0,69615.0,69720.0,489.8334
2026-04-06 15:35:00,69719.9,69733.9,69626.7,69705.8,157.3326
2026-04-06 15:40:00,69705.9,69833.4,69653.6,69783.8,403.3557
2026-04-06 15:45:00,69783.8,69860.0,69743.1,69785.9,316.1167
2026-04-06 15:50:00,69785.9,69914.0,69762.5,69899.3,418.6637
2026-04-06 15:55:00,69899.3,69935.0,69839.1,69923.0,558.1184
2026-04-06 16:00:00,69923.0,69948.1,69844.7,69895.5,387.9004
2026-04-06 16:05:00,69895.5,69909.7,69811.0,69850.4,585.338
2026-04-06 16:10:00,69850.4,70087.9,69830.1,70038.0,743.0806
2026-04-06 16:15:00,70038.0,70058.0,69869.7,69959.6,595.3917
2026-04-06 16:20:00,69959.7,70008.3,69932.0,69971.2,175.1432
2026-04-06 16:25:00,69971.3,69985.0,69859.7,69865.3,116.3121
2026-04-06 16:30:00,69865.3,69968.6,69793.8,69968.6,425.0261
2026-04-06 16:35:00,69968.5,70076.1,69958.0,69966.0,354.6421
2026-04-06 16:40:00,69966.0,70080.0,69962.9,70080.0,162.4361
2026-04-06 16:45:00,70080.0,70322.8,70040.0,70188.9,1244.191
2026-04-06 16:50:00,70189.0,70189.0,69980.0,69980.1,413.8521
2026-04-06 16:55:00,69980.1,70005.5,69734.9,69750.1,1027.3743
2026-04-06 17:00:00,69750.2,69777.9,69430.6,69547.8,1888.3286
2026-04-06 17:05:00,69547.9,69631.8,69475.0,69605.2,445.5842
2026-04-06 17:10:00,69605.1,69614.0,69270.0,69307.2,813.9546
2026-04-06 17:15:00,69307.1,69355.6,69225.0,69315.3,669.5792
2026-04-06 17:20:00,69315.3,69452.8,69278.3,69450.4,474.8508
2026-04-06 17:25:00,69450.4,69541.9,69443.2,69493.1,250.7886
2026-04-06 17:30:00,69493.0,69597.4,69464.8,69487.4,317.5319
2026-04-06 17:35:00,69487.5,69572.2,69470.0,69484.6,170.5525
2026-04-06 17:40:00,69484.6,69493.9,69400.0,69428.6,202.0027
2026-04-06 17:45:00,69428.6,69484.5,69375.0,69483.3,126.8334
2026-04-06 17:50:00,69483.4,69569.6,69481.3,69504.9,119.6672
2026-04-06 17:55:00,69505.0,69547.7,69499.8,69530.9,56.4566
2026-04-06 18:00:00,69531.0,69545.3,69448.4,69462.9,157.2503
2026-04-06 18:05:00,69462.9,69508.1,69434.6,69492.7,93.8806
2026-04-06 18:10:00,69492.8,69755.0,69482.0,69707.4,1108.6192
2026-04-06 18:15:00,69707.5,69799.0,69675.7,69786.7,362.0596
2026-04-06 18:20:00,69786.6,69869.0,69733.3,69780.1,337.2406
2026-04-06 18:25:00,69780.1,69933.3,69710.0,69827.2,457.1481
2026-04-06 18:30:00,69827.1,69899.9,69770.0,69780.5,151.2576
2026-04-06 18:35:00,69780.5,69817.8,69744.2,69744.2,89.849
2026-04-06 18:40:00,69744.2,69759.8,69705.5,69742.9,110.7915
2026-04-06 18:45:00,69743.0,69784.2,69665.3,69749.9,150.7197
2026-04-06 18:50:00,69750.0,69874.4,69742.6,69855.7,135.8492
2026-04-06 18:55:00,69855.6,69859.2,69817.2,69849.9,109.137
2026-04-06 19:00:00,69850.0,69850.0,69709.1,69709.1,104.5602
2026-04-06 19:05:00,69709.1,69709.2,69540.2,69575.0,223.7824
2026-04-06 19:10:00,69574.9,69695.0,69536.9,69690.6,152.8506
2026-04-06 19:15:00,69690.7,69744.7,69686.7,69726.1,122.4415
2026-04-06 19:20:00,69726.1,69864.7,69726.0,69778.8,245.9512
2026-04-06 19:25:00,69778.8,69828.1,69762.0,69803.1,110.126
2026-04-06 19:30:00,69803.0,69850.0,69760.0,69760.0,57.436
2026-04-06 19:35:00,69760.1,69824.4,69733.3,69757.9,65.84
2026-04-06 19:40:00,69757.9,69757.9,69640.0,69721.1,98.2674
2026-04-06 19:45:00,69721.1,69729.4,69641.2,69688.3,96.8356
2026-04-06 19:50:00,69688.3,69709.4,69638.0,69697.6,97.7685
2026-04-06 19:55:00,69697.6,69729.7,69631.3,69699.8,327.5088
2026-04-06 20:00:00,69699.8,69734.6,69584.2,69645.3,242.1888
2026-04-06 20:05:00,69645.3,69727.1,69625.1,69665.7,89.3168
2026-04-06 20:10:00,69665.8,69720.0,69653.6,69719.9,57.3661
2026-04-06 20:15:00,69720.0,69818.2,69719.9,69808.5,125.0938
2026-04-06 20:20:00,69808.5,69859.9,69785.5,69812.1,95.083
2026-04-06 20:25:00,69812.0,69927.5,69798.4,69917.1,177.2389
2026-04-06 20:30:00,69917.2,69926.9,69891.9,69907.0,107.4286
2026-04-06 20:35:00,69907.0,69947.5,69890.0,69897.5,121.2829
2026-04-06 20:40:00,69897.6,69898.6,69840.0,69863.4,39.622
2026-04-06 20:45:00,69863.4,69886.4,69834.0,69871.9,63.1187
2026-04-06 20:50:00,69871.9,69871.9,69806.2,69819.9,55.4144
2026-04-06 20:55:00,69819.9,69827.9,69779.1,69782.2,79.3097
2026-04-06 21:00:00,69782.1,69786.9,69638.8,69705.8,330.499
2026-04-06 21:05:00,69705.9,69718.3,69653.1,69659.9,74.138
2026-04-06 21:10:00,69659.9,69687.1,69650.0,69685.5,102.4529
2026-04-06 21:15:00,69685.5,69725.0,69649.5,69649.5,63.8232
2026-04-06 21:20:00,69649.5,69665.3,69611.6,69652.9,57.659
2026-04-06 21:25:00,69652.9,69652.9,69620.0,69621.7,43.9767
2026-04-06 21:30:00,69621.7,69632.5,69593.1,69602.8,73.4406
2026-04-06 21:35:00,69602.8,69602.8,69413.3,69488.7,253.5905
2026-04-06 21:40:00,69488.6,69488.7,69380.2,69400.1,135.7155
2026-04-06 21:45:00,69400.1,69538.9,69400.1,69524.6,122.4589
2026-04-06 21:50:00,69524.5,69532.6,69440.0,69480.0,48.9162
2026-04-06 21:55:00,69480.0,69499.9,69404.6,69473.0,173.5898
2026-04-06 22:00:00,69472.9,69472.9,69358.0,69394.0,276.0082
2026-04-06 22:05:00,69393.9,69496.2,69385.0,69474.2,121.7549
2026-04-06 22:10:00,69474.2,69545.5,69469.9,69509.9,80.3135
2026-04-06 22:15:00,69509.9,69510.0,69384.5,69384.5,147.4432
2026-04-06 22:20:00,69384.5,69391.4,69280.0,69284.1,236.194
2026-04-06 22:25:00,69284.1,69375.0,69280.0,69334.6,174.6587
2026-04-06 22:30:00,69334.6,69334.6,69150.0,69234.3,360.5478
2026-04-06 22:35:00,69234.3,69306.7,69223.1,69284.0,207.4232
2026-04-06 22:40:00,69284.1,69298.9,69200.0,69200.0,105.2963
2026-04-06 22:45:00,69200.0,69200.0,69131.9,69147.0,197.6321
2026-04-06 22:50:00,69147.0,69157.2,68825.1,68901.1,1512.074
2026-04-06 22:55:00,68901.1,68936.8,68765.0,68768.0,848.4506
2026-04-06 23:00:00,68768.1,68785.7,68530.0,68630.4,1900.2885
2026-04-06 23:05:00,68630.4,68630.4,68269.0,68611.0,1876.0639
2026-04-06 23:10:00,68611.0,68685.7,68552.0,68560.7,490.7429
2026-04-06 23:15:00,68560.8,68656.3,68488.0,68608.1,406.3117
2026-04-06 23:20:00,68608.0,68650.0,68459.7,68584.3,340.4676
2026-04-06 23:25:00,68584.2,68614.3,68453.3,68498.6,224.4225
2026-04-06 23:30:00,68498.5,68654.9,68450.0,68616.8,313.8347
2026-04-06 23:35:00,68616.8,68727.5,68588.0,68722.1,262.9816
2026-04-06 23:40:00,68722.1,68843.1,68675.0,68750.0,560.421
2026-04-06 23:45:00,68749.9,68838.1,68749.9,68758.9,220.5648
2026-04-06 23:50:00,68758.8,68887.7,68752.4,68860.3,249.4699
2026-04-06 23:55:00,68860.3,68884.9,68812.6,68812.9,195.0723
2026-04-07 00:00:00,68812.9,68915.0,68762.5,68897.8,382.5433
2026-04-07 00:05:00,68897.7,69100.6,68865.0,68918.8,668.438
2026-04-07 00:10:00,68918.8,68962.2,68859.4,68914.6,202.6695
2026-04-07 00:15:00,68914.6,69037.0,68899.3,68951.1,243.7129
2026-04-07 00:20:00,68951.0,68978.4,68828.9,68904.8,220.8589
2026-04-07 00:25:00,68904.8,68937.4,68835.7,68900.0,125.3324
2026-04-07 00:30:00,68900.1,69020.4,68788.0,68788.0,330.1651
2026-04-07 00:35:00,68788.0,68850.0,68717.0,68721.0,339.7012
2026-04-07 00:40:00,68721.0,68782.0,68690.0,68742.4,358.4598
2026-04-07 00:45:00,68742.4,68873.7,68708.6,68862.8,284.6323
2026-04-07 00:50:00,68862.9,68866.9,68803.3,68840.0,121.6192
2026-04-07 00:55:00,68840.0,68849.2,68743.7,68743.8,132.4636
2026-04-07 01:00:00,68743.7,68743.8,68597.3,68707.1,569.5506
2026-04-07 01:05:00,68707.1,68717.7,68504.8,68560.2,349.6008
2026-04-07 01:10:00,68560.1,68598.8,68502.6,68558.6,277.4866
2026-04-07 01:15:00,68558.6,68733.3,68558.5,68727.5,306.0715
2026-04-07 01:20:00,68727.5,68868.7,68685.0,68716.2,472.6783
2026-04-07 01:25:00,68716.3,68787.4,68672.9,68683.4,200.009
2026-04-07 01:30:00,68683.5,68770.8,68670.2,68744.5,262.4924
2026-04-07 01:35:00,68744.4,68744.5,68552.7,68574.9,205.8877
2026-04-07 01:40:00,68574.9,68644.5,68557.3,68594.6,169.838
2026-04-07 01:45:00,68594.6,68611.1,68506.7,68506.7,244.2847
2026-04-07 01:50:00,68506.8,68516.2,68300.1,68420.5,893.9292
2026-04-07 01:55:00,68420.6,68469.6,68350.0,68368.1,248.9984
2026-04-07 02:00:00,68368.0,68400.2,68339.5,68382.7,372.9434
2026-04-07 02:05:00,68382.7,68417.5,68233.5,68391.4,581.4404
2026-04-07 02:10:00,68391.4,68466.0,68369.6,68395.5,340.577
2026-04-07 02:15:00,68395.5,68489.4,68383.1,68489.4,184.0462
2026-04-07 02:20:00,68489.3,68552.1,68404.2,68552.0,250.5024
2026-04-07 02:25:00,68552.1,68552.2,68504.0,68545.3,164.7391
2026-04-07 02:30:00,68545.2,68567.1,68467.2,68490.8,149.614
2026-04-07 02:35:00,68490.7,68685.1,68490.7,68642.5,340.2187
2026-04-07 02:40:00,68642.5,68650.3,68572.8,68581.0,130.6254
2026-04-07 02:45:00,68580.9,68618.8,68531.4,68579.3,129.5459
2026-04-07 02:50:00,68579.3,68610.0,68510.0,68594.3,149.9766
2026-04-07 02:55:00,68594.3,68662.5,68557.8,68636.9,224.3895
2026-04-07 03:00:00,68636.9,68723.5,68621.6,68662.5,227.5257
2026-04-07 03:05:00,68662.6,68662.6,68589.2,68623.1,126.8437
2026-04-07 03:10:00,68623.1,68655.9,68608.8,68647.2,82.1758
2026-04-07 03:15:00,68647.3,68699.7,68621.2,68653.2,138.8235
2026-04-07 03:20:00,68653.2,68764.7,68638.9,68744.7,146.4761
2026-04-07 03:25:00,68744.7,68766.5,68700.1,68746.3,199.5052
2026-04-07 03:30:00,68746.3,68753.3,68686.2,68721.7,149.5222
2026-04-07 03:35:00,68721.7,68773.2,68710.6,68739.7,174.4007
2026-04-07 03:40:00,68739.7,68773.3,68717.5,68759.7,63.697
2026-04-07 03:45:00,68759.8,68759.8,68700.1,68715.8,86.9531
2026-04-07 03:50:00,68715.8,68755.0,68701.1,68752.7,93.4424
2026-04-07 03:55:00,68752.7,68766.2,68706.7,68745.2,111.1768
2026-04-07 04:00:00,68745.1,68755.0,68668.1,68668.2,120.5959
2026-04-07 04:05:00,68668.1,68678.4,68618.5,68629.5,117.4102
2026-04-07 04:10:00,68629.5,68652.4,68600.0,68640.1,205.5587
2026-04-07 04:15:00,68640.0,68655.0,68538.0,68569.8,165.1983
2026-04-07 04:20:00,68569.8,68592.9,68510.7,68561.0,151.5043
2026-04-07 04:25:00,68560.9,68608.8,68553.8,68568.8,107.1581
2026-04-07 04:30:00,68568.7,68799.5,68568.7,68791.4,287.6721
2026-04-07 04:35:00,68791.4,68846.4,68770.6,68814.2,266.3773
2026-04-07 04:40:00,68814.2,68823.3,68789.2,68822.8,128.5364
2026-04-07 04:45:00,68822.7,68958.8,68793.1,68936.1,563.1292
2026-04-07 04:50:00,68936.1,68936.1,68830.0,68846.3,165.6909
2026-04-07 04:55:00,68846.3,68858.3,68811.0,68814.9,87.3443
2026-04-07 05:00:00,68814.9,68843.2,68757.9,68766.2,156.4456
2026-04-07 05:05:00,68766.3,68800.0,68758.2,68800.0,93.8963
2026-04-07 05:10:00,68800.0,68800.0,68761.7,68771.8,106.7685
2026-04-07 05:15:00,68771.7,68803.7,68710.0,68750.4,246.2976
2026-04-07 05:20:00,68750.3,68778.4,68690.0,68723.9,122.961
2026-04-07 05:25:00,68723.9,68738.6,68651.9,68666.2,97.1689
2026-04-07 05:30:00,68666.2,68673.3,68615.9,68655.1,118.4657
2026-04-07 05:35:00,68655.1,68728.0,68622.4,68704.4,171.7578
2026-04-07 05:40:00,68704.4,68704.4,68611.0,68615.6,75.965
2026-04-07 05:45:00,68615.6,68632.9,68601.5,68610.1,74.0741
2026-04-07 05:50:00,68610.1,68668.9,68600.4,68634.6,55.4271
2026-04-07 05:55:00,68634.5,68641.4,68588.0,68632.1,237.849
2026-04-07 06:00:00,68632.0,68632.1,68563.9,68600.0,147.6268
2026-04-07 06:05:00,68600.0,68630.0,68510.7,68533.6,161.0413
2026-04-07 06:10:00,68533.6,68571.7,68451.6,68490.1,353.5129
2026-04-07 06:15:00,68490.0,68527.2,68442.4,68474.5,166.6287
2026-04-07 06:20:00,68474.4,68529.4,68408.4,68510.0,344.3551
2026-04-07 06:25:00,68510.0,68557.5,68510.0,68545.3,150.3062
2026-04-07 06:30:00,68545.2,68557.1,68464.9,68474.6,67.0
2026-04-07 06:35:00,68474.6,68545.7,68450.0,68517.1,99.1812
2026-04-07 06:40:00,68517.0,68540.6,68448.0,68527.5,97.496
2026-04-07 06:45:00,68527.5,68558.5,68470.1,68503.2,85.8644
2026-04-07 06:50:00,68503.2,68583.0,68492.6,68558.8,134.1923
2026-04-07 06:55:00,68558.8,68577.8,68527.9,68546.2,117.6374
2026-04-07 07:00:00,68546.2,68556.3,68471.2,68517.7,105.0398
2026-04-07 07:05:00,68517.7,68517.8,68470.7,68491.5,90.9455
2026-04-07 07:10:00,68491.5,68545.2,68470.8,68529.9,74.9925
2026-04-07 07:15:00,68529.9,68580.5,68506.6,68521.4,124.8143
2026-04-07 07:20:00,68521.3,68581.5,68470.9,68581.5,90.8965
2026-04-07 07:25:00,68581.5,68629.0,68531.4,68550.0,149.4859
2026-04-07 07:30:00,68550.0,68690.4,68550.0,68623.0,117.2607
2026-04-07 07:35:00,68623.0,68646.4,68600.5,68617.3,76.6242
2026-04-07 07:40:00,68617.3,68645.3,68610.8,68641.4,70.1063
2026-04-07 07:45:00,68641.5,68655.6,68611.6,68640.0,84.4017
2026-04-07 07:50:00,68640.0,68646.4,68604.3,68630.8,91.5553
2026-04-07 07:55:00,68630.8,68643.2,68575.1,68585.4,176.8352
2026-04-07 08:00:00,68585.3,68811.0,68566.1,68652.3,576.1631
2026-04-07 08:05:00,68652.3,68659.7,68600.1,68654.4,132.8871
2026-04-07 08:10:00,68654.4,68755.1,68637.3,68697.2,143.4112
2026-04-07 08:15:00,68697.1,68745.4,68630.0,68745.4,112.2091
2026-04-07 08:20:00,68745.4,68832.0,68735.0,68819.5,295.2481
2026-04-07 08:25:00,68819.4,68826.1,68715.6,68727.4,188.2989
2026-04-07 08:30:00,68727.4,68822.2,68727.4,68802.5,164.4897
2026-04-07 08:35:00,68802.5,68850.0,68797.3,68848.7,197.0057
2026-04-07 08:40:00,68848.6,68919.8,68809.1,68876.8,343.1884
2026-04-07 08:45:00,68876.7,68922.1,68851.8,68880.1,395.4424
2026-04-07 08:50:00,68880.0,68955.0,68874.0,68935.1,277.9123
2026-04-07 08:55:00,68935.2,68955.0,68880.0,68907.8,184.028
2026-04-07 09:00:00,68907.8,68955.0,68888.8,68954.7,270.3814
2026-04-07 09:05:00,68954.7,69184.5,68930.0,69176.1,856.0261
2026-04-07 09:10:00,69176.2,69217.7,69037.1,69074.0,749.7749
2026-04-07 09:15:00,69074.0,69115.1,69029.4,69065.7,293.224
2026-04-07 09:20:00,69065.7,69073.9,68984.1,69009.9,265.0137
2026-04-07 09:25:00,69010.0,69040.4,68940.4,69020.0,355.6597
2026-04-07 09:30:00,69020.0,69125.0,69006.0,69111.0,266.0029
2026-04-07 09:35:00,69111.0,69125.0,69064.7,69110.6,223.6008
2026-04-07 09:40:00,69110.7,69208.7,69110.6,69141.9,349.1008
2026-04-07 09:45:00,69141.9,69163.0,69074.4,69134.9,177.6735
2026-04-07 09:50:00,69134.8,69138.0,69100.5,69113.8,96.6165
2026-04-07 09:55:00,69113.8,69121.4,69080.4,69106.4,89.7482
2026-04-07 10:00:00,69106.4,69165.1,69025.0,69025.0,231.0494
2026-04-07 10:05:00,69025.0,69030.5,68800.0,68906.9,1021.8377
2026-04-07 10:10:00,68907.0,68943.3,68810.1,68874.4,517.826
2026-04-07 10:15:00,68874.4,68955.0,68865.8,68896.5,272.7036
2026-04-07 10:20:00,68896.5,68976.7,68891.2,68930.5,94.5383
2026-04-07 10:25:00,68930.6,68930.6,68613.4,68701.3,1379.677
2026-04-07 10:30:00,68701.3,68749.0,68655.6,68699.1,318.1988
2026-04-07 10:35:00,68699.1,68706.5,68479.1,68514.0,951.953
2026-04-07 10:40:00,68513.9,68557.5,68420.0,68444.0,609.8101
2026-04-07 10:45:00,68444.0,68449.0,68362.8,68393.9,438.1985
2026-04-07 10:50:00,68393.9,68403.8,68155.0,68238.8,1541.545
2026-04-07 10:55:00,68238.8,68267.2,68172.0,68199.3,1153.7652
2026-04-07 11:00:00,68199.3,68206.2,68006.4,68160.2,1592.9965
2026-04-07 11:05:00,68160.2,68290.9,68136.1,68275.7,1017.7544
2026-04-07 11:10:00,68275.7,68333.0,68232.1,68310.3,516.4251
2026-04-07 11:15:00,68310.3,68381.9,68263.0,68266.4,364.9142
2026-04-07 11:20:00,68266.4,68297.5,68228.9,68268.8,329.9881
2026-04-07 11:25:00,68268.8,68385.7,68265.1,68340.1,346.1183
2026-04-07 11:30:00,68340.1,68340.1,68258.0,68299.9,237.9497
2026-04-07 11:35:00,68299.9,68421.0,68281.2,68415.3,407.5581
2026-04-07 11:40:00,68415.3,68415.3,68333.8,68379.8,324.9501
2026-04-07 11:45:00,68379.8,68406.7,68350.0,68399.7,127.0172
2026-04-07 11:50:00,68399.7,68399.7,68300.0,68306.1,124.6333
2026-04-07 11:55:00,68306.1,68344.5,68286.0,68308.1,129.5494
2026-04-07 12:00:00,68308.1,68360.0,68284.5,68360.0,263.7453
2026-04-07 12:05:00,68360.0,68448.0,68044.2,68136.7,1515.4815
2026-04-07 12:10:00,68136.6,68302.5,68100.0,68239.9,330.7827
2026-04-07 12:15:00,68239.9,68356.6,68167.3,68306.0,294.5837
2026-04-07 12:20:00,68305.9,68439.1,68252.6,68364.7,363.053
2026-04-07 12:25:00,68364.6,68399.8,68364.6,68399.8,125.8534
2026-04-07 12:30:00,68399.7,68447.6,68316.0,68332.5,203.6443
2026-04-07 12:35:00,68332.5,68396.7,68303.0,68386.1,71.4441
2026-04-07 12:40:00,68386.2,68396.1,68249.5,68291.8,204.4928
2026-04-07 12:45:00,68291.7,68309.3,68206.3,68249.9,193.5493
2026-04-07 12:50:00,68249.9,68326.6,68226.9,68310.2,130.8639
2026-04-07 12:55:00,68310.2,68583.2,68300.0,68368.6,787.5681
2026-04-07 13:00:00,68368.6,68424.7,68350.0,68409.4,153.2162
2026-04-07 13:05:00,68409.4,68613.8,68409.4,68543.5,744.2399
2026-04-07 13:10:00,68543.6,68600.0,68445.3,68586.6,321.9153
2026-04-07 13:15:00,68586.6,68597.3,68482.6,68489.9,215.5857
2026-04-07 13:20:00,68490.0,68500.0,68418.7,68464.6,246.0672
2026-04-07 13:25:00,68464.6,68475.0,68423.0,68450.1,94.3624
2026-04-07 13:30:00,68450.2,68563.5,68367.5,68380.0,388.9264
2026-04-07 13:35:00,68380.1,68474.8,68339.7,68365.0,452.6304
2026-04-07 13:40:00,68365.0,68419.9,68265.0,68309.4,399.8953
2026-04-07 13:45:00,68309.4,68315.6,68167.9,68266.0,447.1753
2026-04-07 13:50:00,68266.0,68410.1,68242.2,68410.1,280.016
2026-04-07 13:55:00,68410.1,68432.1,68190.1,68205.1,412.4212
2026-04-07 14:00:00,68205.0,68230.0,68075.4,68087.0,698.9595
2026-04-07 14:05:00,68087.0,68132.6,67721.1,67829.5,2487.4905
2026-04-07 14:10:00,67829.5,67912.9,67820.9,67863.0,622.9529
2026-04-07 14:15:00,67863.1,67950.0,67728.0,67825.0,641.0205
2026-04-07 14:20:00,67825.0,68133.6,67825.0,68061.2,1072.0156
2026-04-07 14:25:00,68061.2,68115.8,67961.9,68115.7,468.9263
2026-04-07 14:30:00,68115.7,68199.0,67981.1,68083.4,437.86
2026-04-07 14:35:00,68083.4,68108.7,67962.0,68014.8,181.6381
2026-04-07 14:40:00,68014.7,68066.0,67959.0,67968.1,164.7705
2026-04-07 14:45:00,67968.1,68193.5,67955.3,68072.6,467.5359
2026-04-07 14:50:00,68072.7,68103.1,67982.2,68004.4,173.7432
2026-04-07 14:55:00,68004.3,68004.3,67828.9,67828.9,378.5862
2026-04-07 15:00:00,67829.0,67888.0,67784.9,67847.5,439.2811
2026-04-07 15:05:00,67847.5,67850.0,67680.2,67849.2,682.1429
2026-04-07 15:10:00,67849.3,67956.6,67818.2,67860.7,690.5622
2026-04-07 15:15:00,67860.8,68098.2,67854.1,68012.8,692.6439
2026-04-07 15:20:00,68012.8,68017.5,67936.7,67995.0,153.1772
2026-04-07 15:25:00,67995.1,68174.7,67995.0,68153.9,880.8105
2026-04-07 15:30:00,68153.8,68185.0,68088.7,68125.9,350.1998
2026-04-07 15:35:00,68125.9,68174.6,68055.6,68088.3,324.4955
2026-04-07 15:40:00,68088.2,68116.7,68037.3,68055.0,141.8836
2026-04-07 15:45:00,68055.0,68119.0,68044.4,68100.0,164.1605
2026-04-07 15:50:00,68100.0,68143.8,68050.0,68138.6,132.3158
2026-04-07 15:55:00,68138.6,68248.0,68116.0,68138.7,374.0995
2026-04-07 16:00:00,68138.6,68426.6,68108.4,68244.6,969.1372
2026-04-07 16:05:00,68244.6,68276.8,68103.3,68106.9,297.6223
2026-04-07 16:10:00,68106.8,68133.3,68067.9,68119.5,207.5619
2026-04-07 16:15:00,68119.4,68166.8,68084.5,68088.9,207.5141
2026-04-07 16:20:00,68088.9,68278.0,68050.0,68278.0,718.359
2026-04-07 16:25:00,68278.0,68356.0,68258.6,68351.7,360.0853
2026-04-07 16:30:00,68351.8,68351.8,68253.5,68330.9,123.3335
2026-04-07 16:35:00,68331.0,68337.8,68252.7,68294.8,93.6486
2026-04-07 16:40:00,68294.9,68355.0,68254.7,68295.7,157.4606
2026-04-07 16:45:00,68295.6,68364.7,68266.0,68280.6,150.1202
2026-04-07 16:50:00,68280.6,68312.4,68180.9,68218.5,131.5518
2026-04-07 16:55:00,68218.6,68218.6,68173.4,68208.2,64.6433
2026-04-07 17:00:00,68208.3,68313.0,68153.2,68298.8,250.3339
2026-04-07 17:05:00,68298.8,68320.0,68265.0,68309.3,81.212
2026-04-07 17:10:00,68309.2,68333.0,68251.8,68271.2,87.1765
2026-04-07 17:15:00,68271.2,68324.3,68192.7,68240.8,333.2466
2026-04-07 17:20:00,68240.8,68342.2,68163.3,68317.6,275.9708
2026-04-07 17:25:00,68317.6,68383.3,68308.0,68383.3,185.876
2026-04-07 17:30:00,68383.3,68497.2,68383.3,68459.5,725.8874
2026-04-07 17:35:00,68459.5,68979.5,68459.5,68686.2,2704.9555
2026-04-07 17:40:00,68686.3,68745.5,68652.2,68665.7,318.8772
2026-04-07 17:45:00,68665.6,68710.9,68640.5,68704.1,227.5263
2026-04-07 17:50:00,68704.0,68800.0,68682.3,68725.9,310.7867
2026-04-07 17:55:00,68726.0,68734.6,68655.1,68669.9,131.171
2026-04-07 18:00:00,68670.0,68745.3,68609.7,68640.3,366.5062
2026-04-07 18:05:00,68640.4,68654.0,68601.0,68601.2,229.2992
2026-04-07 18:10:00,68601.2,68656.3,68580.0,68618.1,111.5496
2026-04-07 18:15:00,68618.0,68649.5,68575.0,68621.5,142.3672
2026-04-07 18:20:00,68621.4,68645.8,68511.6,68554.0,169.5604
2026-04-07 18:25:00,68554.0,68630.0,68533.7,68618.2,165.3392
2026-04-07 18:30:00,68618.1,68707.2,68610.1,68677.1,205.7675
2026-04-07 18:35:00,68677.1,68677.1,68531.7,68558.3,275.5242
2026-04-07 18:40:00,68558.2,68573.4,68411.2,68493.8,345.4493
2026-04-07 18:45:00,68493.8,68494.7,68430.0,68447.1,426.635
2026-04-07 18:50:00,68447.0,68464.0,68320.0,68364.1,570.6704
2026-04-07 18:55:00,68364.1,68424.5,68313.7,68413.3,174.748
2026-04-07 19:00:00,68413.4,68443.6,68364.7,68418.4,112.7499
2026-04-07 19:05:00,68418.4,68465.2,68325.0,68372.4,321.3899
2026-04-07 19:10:00,68372.3,68460.8,68369.7,68427.6,103.5258
2026-04-07 19:15:00,68427.7,68723.8,68400.0,68702.4,716.1592
2026-04-07 19:20:00,68702.3,68788.0,68520.1,68576.4,345.7646
2026-04-07 19:25:00,68576.5,68617.5,68530.4,68547.4,86.7482
2026-04-07 19:30:00,68547.3,68550.0,68450.7,68460.1,179.4402
2026-04-07 19:35:00,68460.1,68482.4,68422.5,68440.9,95.0512
2026-04-07 19:40:00,68440.9,68526.9,68428.4,68478.4,180.1999
2026-04-07 19:45:00,68478.4,68940.0,68454.6,68776.7,1670.0615
2026-04-07 19:50:00,68785.3,69058.8,68785.3,68998.5,733.5589
2026-04-07 19:55:00,68998.6,69058.8,68925.0,68975.6,323.4701
2026-04-07 20:00:00,68975.6,69435.6,68975.6,69330.0,2352.5216
2026-04-07 20:05:00,69330.0,69520.0,69317.6,69380.5,846.6265
2026-04-07 20:10:00,69380.6,69422.9,69349.9,69397.6,330.093
2026-04-07 20:15:00,69397.6,69472.5,69254.1,69348.5,283.4417
2026-04-07 20:20:00,69348.4,69356.8,69241.5,69290.0,192.319
2026-04-07 20:25:00,69290.0,69381.2,69267.2,69327.2,148.3841
2026-04-07 20:30:00,69327.2,69387.4,69300.0,69321.3,139.5126
2026-04-07 20:35:00,69321.4,69350.2,69172.7,69236.0,480.2444
2026-04-07 20:40:00,69235.9,69330.0,69232.0,69261.5,245.8223
2026-04-07 20:45:00,69261.4,69261.4,69180.6,69219.7,165.6633
2026-04-07 20:50:00,69219.7,69240.0,69132.0,69151.8,163.1946
2026-04-07 20:55:00,69151.8,69285.9,69151.8,69280.5,168.5237
2026-04-07 21:00:00,69280.4,69373.2,69268.5,69359.6,526.6194
2026-04-07 21:05:00,69359.6,69917.0,69337.5,69866.5,1938.7876
2026-04-07 21:10:00,69866.5,70186.1,69861.0,69950.0,1528.5198
2026-04-07 21:15:00,69950.1,69997.6,69746.0,69796.9,690.1331
2026-04-07 21:20:00,69796.8,69818.0,69688.0,69706.1,288.4086
2026-04-07 21:25:00,69706.1,69712.9,69460.0,69557.7,528.8787
2026-04-07 21:30:00,69557.7,69694.6,69557.6,69640.8,340.1792
2026-04-07 21:35:00,69640.8,69840.7,69640.7,69834.2,520.8995
2026-04-07 21:40:00,69834.2,69891.5,69735.0,69891.5,424.8337
2026-04-07 21:45:00,69891.5,70084.9,69800.0,69828.1,708.3145
2026-04-07 21:50:00,69828.2,70020.0,69819.8,69929.9,518.0387
2026-04-07 21:55:00,69930.0,69953.1,69833.3,69898.0,225.0226
2026-04-07 22:00:00,69898.1,70121.4,69898.1,70054.0,872.6908
2026-04-07 22:05:00,70054.0,70564.3,70027.9,70184.2,2575.2376
2026-04-07 22:10:00,70184.2,70259.7,70105.6,70258.1,436.4272
2026-04-07 22:15:00,70258.1,70288.0,70155.4,70196.9,349.3627
2026-04-07 22:20:00,70196.9,70380.1,70150.1,70324.3,596.4569
2026-04-07 22:25:00,70324.3,70449.9,70280.9,70390.5,359.8311
2026-04-07 22:30:00,70390.5,71000.0,70377.9,70822.0,3986.3722
2026-04-07 22:35:00,70822.0,71275.2,70777.0,70969.9,2648.6684
2026-04-07 22:40:00,70969.9,71090.9,70609.2,70721.9,1243.3935
2026-04-07 22:45:00,70721.9,70989.9,70700.0,70989.9,1122.5901
2026-04-07 22:50:00,70989.9,71209.3,70970.0,71124.9,863.6247
2026-04-07 22:55:00,71124.9,71500.0,71117.0,71479.0,1845.4665
2026-04-07 23:00:00,71479.0,71719.7,71275.6,71324.9,2423.6115
2026-04-07 23:05:00,71324.9,71480.0,71154.1,71415.4,1046.654
2026-04-07 23:10:00,71415.3,71567.0,71337.5,71457.9,824.3295
2026-04-07 23:15:00,71457.9,71665.4,71275.1,71629.3,1393.8044
2026-04-07 23:20:00,71629.2,72177.0,71629.2,71993.7,3852.3091
2026-04-07 23:25:00,71993.6,72773.9,71937.6,72766.7,4743.513
2026-04-07 23:30:00,72766.6,72772.1,72300.0,72352.8,2839.5068
2026-04-07 23:35:00,72352.8,72375.0,72004.1,72060.5,1712.3134
2026-04-07 23:40:00,72060.5,72159.9,71888.0,71999.4,1306.0199
2026-04-07 23:45:00,71999.5,72230.3,71999.5,72170.1,1011.6185
2026-04-07 23:50:00,72170.1,72199.9,71928.4,71955.7,1243.0765
2026-04-07 23:55:00,71955.7,71989.7,71866.9,71904.6,730.7796
2026-04-08 00:00:00,71904.7,72101.7,71820.0,71885.8,890.0347
2026-04-08 00:05:00,71885.9,72082.7,71812.5,71869.9,816.9839
2026-04-08 00:10:00,71869.9,72014.5,71766.3,71943.2,628.7325
2026-04-08 00:15:00,71943.1,72073.9,71859.4,71971.3,369.1302
2026-04-08 00:20:00,71971.3,72025.3,71835.0,71898.0,373.5321
2026-04-08 00:25:00,71898.1,71992.3,71883.0,71909.9,230.164
2026-04-08 00:30:00,71910.0,71955.6,71727.0,71751.2,522.1289
2026-04-08 00:35:00,71751.3,71936.0,71732.3,71930.1,305.4511
2026-04-08 00:40:00,71930.1,71999.0,71794.1,71817.3,376.494
2026-04-08 00:45:00,71817.4,71852.5,71611.2,71620.0,936.604
2026-04-08 00:50:00,71620.0,71700.0,71518.4,71561.0,519.6587
2026-04-08 00:55:00,71561.0,71707.9,71534.2,71696.0,365.0271
2026-04-08 01:00:00,71696.0,71749.8,71540.9,71540.9,343.7325
2026-04-08 01:05:00,71540.9,71743.3,71469.4,71739.2,387.44
2026-04-08 01:10:00,71739.2,71739.2,71646.2,71672.8,160.6906
2026-04-08 01:15:00,71672.8,71676.9,71490.0,71512.5,228.8848
2026-04-08 01:20:00,71512.5,71588.0,71460.0,71516.3,242.2926
2026-04-08 01:25:00,71516.2,71560.0,71440.9,71470.1,214.6117
2026-04-08 01:30:00,71470.1,71518.7,71450.0,71497.3,315.7455
2026-04-08 01:35:00,71497.3,71562.7,71480.2,71535.1,192.6142
2026-04-08 01:40:00,71535.0,71550.0,71467.0,71467.2,193.2114
2026-04-08 01:45:00,71467.2,71557.9,71452.1,71479.9,155.4365
2026-04-08 01:50:00,71479.8,71575.0,71471.8,71497.5,210.3311
2026-04-08 01:55:00,71497.5,71543.3,71430.0,71467.6,238.0827
2026-04-08 02:00:00,71467.6,71564.4,71367.3,71491.4,333.7735
2026-04-08 02:05:00,71491.3,71675.0,71447.0,71668.9,409.5477
2026-04-08 02:10:00,71668.9,71711.9,71651.4,71705.0,220.3594
2026-04-08 02:15:00,71705.0,71711.9,71500.0,71500.1,339.8649
2026-04-08 02:20:00,71500.1,71521.5,71400.0,71500.2,306.7006
2026-04-08 02:25:00,71500.3,71500.3,71419.2,71450.1,137.3903
2026-04-08 02:30:00,71450.1,71484.4,71277.4,71349.2,665.2405
2026-04-08 02:35:00,71349.2,71366.9,71240.0,71290.1,421.7094
2026-04-08 02:40:00,71290.1,71334.0,71219.3,71300.0,405.5582
2026-04-08 02:45:00,71300.0,71377.7,71289.0,71377.7,186.547
2026-04-08 02:50:00,71377.8,71389.8,71289.1,71360.1,135.7332
2026-04-08 02:55:00,71360.1,71360.1,71300.0,71350.0,149.8286
2026-04-08 03:00:00,71350.0,71436.5,71346.3,71405.7,243.0538
2026-04-08 03:05:00,71405.7,71405.7,71322.2,71370.0,141.3403
2026-04-08 03:10:00,71370.0,71370.0,71270.0,71282.1,168.2934
2026-04-08 03:15:00,71282.1,71330.1,71270.1,71270.1,109.4313
2026-04-08 03:20:00,71270.1,71308.1,71270.1,71284.8,142.8089
2026-04-08 03:25:00,71284.7,71500.0,71258.6,71462.2,531.8444
2026-04-08 03:30:00,71462.2,71462.2,71375.0,71378.1,98.7857
2026-04-08 03:35:00,71378.0,71400.0,71339.0,71357.7,63.7339
2026-04-08 03:40:00,71357.6,71400.0,71335.2,71353.5,82.396
2026-04-08 03:45:00,71353.5,71353.5,71282.1,71287.7,117.5692
2026-04-08 03:50:00,71287.7,71321.1,71287.6,71313.6,71.0345
2026-04-08 03:55:00,71313.6,71330.3,71280.0,71280.1,101.5772
2026-04-08 04:00:00,71280.0,71350.0,71279.0,71330.5,175.3782
2026-04-08 04:05:00,71330.5,71546.7,71330.4,71490.0,642.873
2026-04-08 04:10:00,71490.0,71540.0,71470.0,71504.9,491.5424
2026-04-08 04:15:00,71504.8,71559.3,71496.4,71501.0,329.1116
2026-04-08 04:20:00,71501.0,71523.5,71466.7,71511.9,217.6912
2026-04-08 04:25:00,71511.8,71588.0,71483.2,71554.0,193.6026
2026-04-08 04:30:00,71554.1,71571.8,71511.7,71515.2,272.4925
2026-04-08 04:35:00,71515.3,71661.5,71512.4,71592.7,247.821
2026-04-08 04:40:00,71592.6,71676.2,71583.8,71602.1,268.7711
2026-04-08 04:45:00,71602.1,71677.6,71590.9,71622.2,183.4877
2026-04-08 04:50:00,71622.2,71622.3,71528.2,71557.1,192.0172
2026-04-08 04:55:00,71557.1,71619.2,71542.8,71551.5,176.2611
2026-04-08 05:00:00,71551.5,71587.9,71535.2,71568.4,192.4146
2026-04-08 05:05:00,71568.4,71630.3,71568.0,71621.8,139.392
2026-04-08 05:10:00,71621.9,71662.5,71614.1,71649.8,205.6023
2026-04-08 05:15:00,71649.8,71677.0,71618.4,71675.2,144.2255
2026-04-08 05:20:00,71675.2,71770.4,71675.1,71751.5,321.2759
2026-04-08 05:25:00,71751.4,71753.6,71696.0,71700.1,191.6368
2026-04-08 05:30:00,71700.0,71755.0,71691.2,71691.2,186.472
2026-04-08 05:35:00,71691.2,71701.6,71650.0,71694.7,150.7912
2026-04-08 05:40:00,71694.7,71714.7,71654.0,71689.6,158.951
2026-04-08 05:45:00,71689.5,71705.6,71625.7,71687.8,188.9521
2026-04-08 05:50:00,71687.8,71830.4,71687.8,71734.3,368.6612
2026-04-08 05:55:00,71734.2,71734.3,71691.6,71715.0,76.7007
2026-04-08 06:00:00,71715.0,71715.6,71566.1,71599.9,513.0586
2026-04-08 06:05:00,71600.0,71650.0,71599.9,71645.1,193.2005
2026-04-08 06:10:00,71645.1,71849.9,71639.8,71791.0,333.4626
2026-04-08 06:15:00,71791.0,71922.0,71723.3,71869.4,662.2219
2026-04-08 06:20:00,71869.3,71935.0,71837.2,71874.7,621.2598
2026-04-08 06:25:00,71874.7,71902.8,71760.5,71844.4,343.0606
2026-04-08 06:30:00,71844.3,71845.8,71754.8,71790.1,192.0108
2026-04-08 06:35:00,71790.1,71855.0,71787.0,71800.0,110.3045
2026-04-08 06:40:00,71800.0,71814.9,71764.9,71808.4,78.7687
2026-04-08 06:45:00,71808.3,71813.9,71751.8,71751.8,137.6805
2026-04-08 06:50:00,71751.8,71781.8,71715.0,71742.6,122.3388
2026-04-08 06:55:00,71742.6,71742.6,71706.9,71719.9,115.8957
2026-04-08 07:00:00,71720.0,71725.0,71622.8,71632.4,400.3974
2026-04-08 07:05:00,71632.4,71747.4,71632.4,71743.8,122.6234
2026-04-08 07:10:00,71743.8,71797.0,71715.1,71750.1,123.7928
2026-04-08 07:15:00,71750.1,71777.3,71700.9,71777.2,77.3342
2026-04-08 07:20:00,71777.2,71888.0,71755.7,71856.8,337.1396
2026-04-08 07:25:00,71856.9,71894.2,71800.0,71800.0,180.4825
2026-04-08 07:30:00,71800.0,71800.0,71635.0,71647.2,434.6252
2026-04-08 07:35:00,71647.2,71690.4,71632.8,71664.2,255.4658
2026-04-08 07:40:00,71664.1,71679.6,71618.0,71640.9,250.7599
2026-04-08 07:45:00,71640.9,71640.9,71567.7,71575.0,198.4038
2026-04-08 07:50:00,71575.1,71610.0,71572.4,71592.9,132.8782
2026-04-08 07:55:00,71593.0,71627.0,71582.0,71624.2,103.5269
2026-04-08 08:00:00,71624.2,71750.0,71624.2,71744.5,318.4453
2026-04-08 08:05:00,71744.4,71800.0,71725.2,71780.1,239.4818
2026-04-08 08:10:00,71780.0,71780.0,71658.8,71696.5,216.5194
2026-04-08 08:15:00,71696.4,71793.3,71675.1,71793.2,173.311
2026-04-08 08:20:00,71793.3,71793.3,71715.2,71741.2,86.7325
2026-04-08 08:25:00,71741.1,71757.6,71670.1,71740.0,154.6108
2026-04-08 08:30:00,71739.9,71819.7,71707.6,71795.0,146.978
2026-04-08 08:35:00,71795.0,71812.1,71641.8,71729.5,273.3277
2026-04-08 08:40:00,71729.4,71740.0,71625.0,71715.5,162.8646
2026-04-08 08:45:00,71715.4,71752.9,71680.0,71716.5,149.8549
2026-04-08 08:50:00,71716.6,71748.4,71690.4,71713.5,57.9863
2026-04-08 08:55:00,71713.5,71790.0,71708.4,71790.0,231.0111
2026-04-08 09:00:00,71790.0,71861.9,71789.9,71861.9,312.4253
2026-04-08 09:05:00,71862.0,71965.1,71820.9,71833.2,638.3311
2026-04-08 09:10:00,71833.3,71877.7,71811.1,71814.0,218.5481
2026-04-08 09:15:00,71814.0,71866.0,71750.0,71852.8,191.1513
2026-04-08 09:20:00,71852.8,71852.9,71789.5,71794.0,65.2115
2026-04-08 09:25:00,71794.0,71794.1,71667.0,71667.0,171.7644
2026-04-08 09:30:00,71667.0,71733.7,71667.0,71710.2,152.514
2026-04-08 09:35:00,71710.3,71717.9,71670.0,71678.3,69.5459
2026-04-08 09:40:00,71678.2,71678.3,71577.9,71584.3,200.7791
2026-04-08 09:45:00,71584.3,71649.6,71575.0,71629.9,159.039
2026-04-08 09:50:00,71629.9,71690.0,71622.0,71676.6,87.7311
2026-04-08 09:55:00,71676.6,71700.1,71672.0,71672.0,96.0276
2026-04-08 10:00:00,71672.1,71780.0,71640.7,71640.7,152.6335
2026-04-08 10:05:00,71640.7,71719.9,71605.8,71650.5,106.4385
2026-04-08 10:10:00,71650.4,71650.4,71572.5,71597.9,176.5788
2026-04-08 10:15:00,71598.0,71623.3,71580.0,71619.9,76.8487
2026-04-08 10:20:00,71620.0,71669.0,71593.2,71649.9,48.4721
2026-04-08 10:25:00,71649.9,71677.8,71628.8,71633.3,63.0766
2026-04-08 10:30:00,71633.3,71643.9,71443.2,71470.6,424.3232
2026-04-08 10:35:00,71470.5,71552.1,71448.7,71529.0,125.7492
2026-04-08 10:40:00,71528.9,71560.8,71520.7,71544.0,147.7986
2026-04-08 10:45:00,71544.0,71569.1,71535.8,71569.1,85.3207
2026-04-08 10:50:00,71569.0,71572.6,71522.0,71539.9,90.6873
2026-04-08 10:55:00,71539.9,71553.9,71462.4,71462.4,130.476
2026-04-08 11:00:00,71462.3,71543.6,71426.8,71510.2,267.7024
2026-04-08 11:05:00,71510.3,71580.0,71503.7,71575.5,74.6776
2026-04-08 11:10:00,71575.4,71648.8,71570.0,71623.8,127.9399
2026-04-08 11:15:00,71623.8,71645.0,71603.8,71621.8,94.2883
2026-04-08 11:20:00,71621.9,71623.2,71515.0,71597.8,176.2267
2026-04-08 11:25:00,71597.8,71666.0,71576.7,71645.8,246.369
2026-04-08 11:30:00,71645.7,71645.8,71555.0,71608.1,99.5063
2026-04-08 11:35:00,71608.1,71609.7,71388.0,71472.7,465.4851
2026-04-08 11:40:00,71472.7,71538.0,71472.7,71506.3,130.1182
2026-04-08 11:45:00,71506.3,71575.0,71467.2,71522.1,270.5789
2026-04-08 11:50:00,71522.1,71710.5,71522.0,71703.7,464.7838
2026-04-08 11:55:00,71703.7,71713.0,71650.0,71661.3,178.7769
2026-04-08 12:00:00,71661.4,71709.7,71661.3,71705.7,135.4163
2026-04-08 12:05:00,71705.7,71722.1,71669.7,71683.0,166.3806
2026-04-08 12:10:00,71683.1,71835.7,71683.0,71820.4,307.789
2026-04-08 12:15:00,71820.3,71836.4,71729.8,71750.0,307.6131
2026-04-08 12:20:00,71750.1,71784.2,71555.0,71671.9,640.3771
2026-04-08 12:25:00,71671.9,71762.0,71663.3,71752.5,116.5603
2026-04-08 12:30:00,71752.5,71879.3,71711.6,71825.2,334.6077
2026-04-08 12:35:00,71825.3,71934.9,71825.3,71885.1,539.3465
2026-04-08 12:40:00,71885.0,71917.4,71818.3,71917.4,180.6845
2026-04-08 12:45:00,71917.3,72076.2,71875.0,71899.8,726.5884
2026-04-08 12:50:00,71899.7,71972.6,71899.7,71937.9,332.4503
2026-04-08 12:55:00,71937.8,72156.0,71928.0,72036.2,1204.7848
2026-04-08 13:00:00,72036.3,72150.0,72033.1,72113.6,829.6247
2026-04-08 13:05:00,72113.6,72715.0,72071.1,72610.7,4157.7387
2026-04-08 13:10:00,72610.6,72754.1,72368.5,72582.6,2272.8737
2026-04-08 13:15:00,72582.6,72876.5,72542.0,72556.0,1721.531
2026-04-08 13:20:00,72556.0,72556.1,72369.3,72435.4,921.4179
2026-04-08 13:25:00,72435.5,72531.2,72400.1,72454.2,556.7017
2026-04-08 13:30:00,72454.2,72588.0,71958.9,72090.9,2572.5005
2026-04-08 13:35:00,72090.8,72143.7,71700.0,71758.6,1622.3612
2026-04-08 13:40:00,71758.7,71854.1,71625.1,71658.1,1324.8723
2026-04-08 13:45:00,71658.1,71955.8,71600.0,71893.7,1267.2001
2026-04-08 13:50:00,71893.7,71940.0,71538.5,71552.3,1309.5025
2026-04-08 13:55:00,71552.3,71666.3,71477.0,71567.4,783.954
2026-04-08 14:00:00,71567.4,71724.5,71558.9,71580.0,414.7017
2026-04-08 14:05:00,71580.1,71687.5,71309.6,71342.2,1096.577
2026-04-08 14:10:00,71342.2,71531.2,71243.7,71480.1,963.8146
2026-04-08 14:15:00,71480.1,71627.4,71367.8,71390.1,479.4433
2026-04-08 14:20:00,71390.1,71487.3,71330.0,71458.4,436.7502
2026-04-08 14:25:00,71458.5,71522.0,71416.1,71427.7,212.9027
2026-04-08 14:30:00,71427.7,71485.2,70973.2,71000.6,1628.5984
2026-04-08 14:35:00,71000.6,71136.9,70872.3,71092.5,1674.529
2026-04-08 14:40:00,71092.6,71160.0,71057.0,71057.1,559.8928
2026-04-08 14:45:00,71057.0,71148.1,70901.5,71079.9,582.0338
2026-04-08 14:50:00,71080.0,71082.2,70808.7,70863.6,753.5292
2026-04-08 14:55:00,70863.7,70888.0,70670.0,70886.9,1328.8252
2026-04-08 15:00:00,70887.0,70987.5,70840.0,70965.5,641.4977
2026-04-08 15:05:00,70965.5,71074.6,70850.0,70851.3,579.7979
2026-04-08 15:10:00,70851.2,71097.8,70797.9,71076.8,557.468
2026-04-08 15:15:00,71076.8,71174.3,71020.3,71169.1,528.0371
2026-04-08 15:20:00,71169.0,71208.2,71111.8,71144.1,722.3821
2026-04-08 15:25:00,71144.2,71180.0,71100.0,71149.9,351.8004
2026-04-08 15:30:00,71150.0,71162.8,71066.0,71152.4,415.5741
2026-04-08 15:35:00,71152.5,71288.0,71130.0,71209.6,672.2243
2026-04-08 15:40:00,71209.6,71270.1,71130.1,71154.9,217.5908
2026-04-08 15:45:00,71154.9,71315.1,71154.9,71233.4,305.1725
2026-04-08 15:50:00,71233.4,71269.2,71173.3,71256.1,322.6327
2026-04-08 15:55:00,71256.1,71301.8,71237.4,71265.3,173.2768
2026-04-08 16:00:00,71265.3,71371.0,71253.0,71333.1,385.3272
2026-04-08 16:05:00,71333.1,71394.0,71250.0,71263.6,577.7889
2026-04-08 16:10:00,71263.5,71335.3,71225.0,71298.2,197.4367
2026-04-08 16:15:00,71298.2,71373.0,71222.0,71337.3,291.7341
2026-04-08 16:20:00,71337.4,71457.0,71302.5,71457.0,325.8505
2026-04-08 16:25:00,71457.0,71457.0,71350.1,71356.4,334.1387
2026-04-08 16:30:00,71356.4,71368.6,71210.9,71249.9,392.9289
2026-04-08 16:35:00,71250.0,71360.0,71226.6,71359.4,168.1654
2026-04-08 16:40:00,71359.5,71440.0,71330.1,71416.1,216.4941
2026-04-08 16:45:00,71416.1,71555.0,71380.0,71527.5,388.6113
2026-04-08 16:50:00,71527.5,71554.9,71446.9,71518.2,453.6513
2026-04-08 16:55:00,71518.3,71700.0,71518.2,71561.3,828.831
2026-04-08 17:00:00,71561.4,71715.5,71543.5,71645.8,403.3016
2026-04-08 17:05:00,71645.7,71665.6,71588.0,71632.4,323.7939
2026-04-08 17:10:00,71632.3,71781.0,71617.4,71744.5,391.5672
2026-04-08 17:15:00,71744.5,71744.6,71676.8,71699.8,234.9161
2026-04-08 17:20:00,71699.7,71704.7,71513.4,71522.1,367.1689
2026-04-08 17:25:00,71522.1,71606.6,71440.9,71600.3,448.2609
2026-04-08 17:30:00,71600.4,71706.2,71594.5,71701.2,482.707
2026-04-08 17:35:00,71701.2,71929.9,71660.0,71793.9,960.9367
2026-04-08 17:40:00,71794.0,71828.5,71683.5,71814.0,333.2179
2026-04-08 17:45:00,71814.0,71899.4,71778.1,71871.7,241.339
2026-04-08 17:50:00,71871.6,71886.0,71801.7,71812.4,203.098
2026-04-08 17:55:00,71812.3,71883.3,71803.9,71854.5,151.2996
2026-04-08 18:00:00,71854.6,71857.4,71733.1,71815.5,377.0768
2026-04-08 18:05:00,71815.5,71837.2,71750.0,71750.0,176.9158
2026-04-08 18:10:00,71750.0,71750.1,71618.2,71676.9,466.552
2026-04-08 18:15:00,71676.9,71732.3,71361.1,71366.4,807.8847
2026-04-08 18:20:00,71366.4,71450.0,71308.1,71365.8,549.1502
2026-04-08 18:25:00,71365.9,71392.2,71266.0,71355.4,388.7548
2026-04-08 18:30:00,71355.5,71533.3,71355.5,71514.0,253.9778
2026-04-08 18:35:00,71514.0,71574.9,71446.8,71446.8,194.5595
2026-04-08 18:40:00,71446.7,71451.7,71236.4,71274.8,550.7095
2026-04-08 18:45:00,71274.8,71328.3,71230.0,71250.1,337.4259
2026-04-08 18:50:00,71250.0,71250.1,71156.0,71173.8,483.2407
2026-04-08 18:55:00,71173.9,71173.9,71054.2,71073.6,330.5268
2026-04-08 19:00:00,71073.6,71130.0,70983.5,71075.5,406.7118
2026-04-08 19:05:00,71075.5,71168.6,71020.7,71142.5,190.3497
2026-04-08 19:10:00,71142.5,71245.3,71142.5,71245.3,220.3601
2026-04-08 19:15:00,71245.2,71265.8,71150.0,71198.7,160.2484
2026-04-08 19:20:00,71198.7,71232.0,71090.1,71177.9,82.9831
2026-04-08 19:25:00,71177.9,71233.9,71099.6,71099.6,83.7471
2026-04-08 19:30:00,71099.6,71186.5,71036.4,71147.1,232.3695
2026-04-08 19:35:00,71147.1,71318.9,71120.0,71281.0,289.1939
2026-04-08 19:40:00,71281.0,71285.0,71150.0,71275.2,81.5209
2026-04-08 19:45:00,71275.1,71345.2,71250.0,71307.0,136.1767
2026-04-08 19:50:00,71307.1,71346.6,71269.0,71280.8,95.0519
2026-04-08 19:55:00,71280.8,71314.6,71233.4,71294.0,177.2548
2026-04-08 20:00:00,71294.0,71400.0,71285.0,71379.9,340.2835
2026-04-08 20:05:00,71380.0,71422.0,71350.0,71366.5,184.0825
2026-04-08 20:10:00,71366.6,71421.3,71366.5,71410.7,186.5323
2026-04-08 20:15:00,71410.6,71457.6,71410.0,71449.9,162.4166
2026-04-08 20:20:00,71449.9,71450.0,71336.7,71403.2,60.0099
2026-04-08 20:25:00,71403.2,71423.9,71400.1,71414.5,25.9642
2026-04-08 20:30:00,71414.5,71417.9,71360.0,71373.9,50.1707
2026-04-08 20:35:00,71373.9,71374.0,71253.5,71333.4,74.9144
2026-04-08 20:40:00,71333.4,71340.0,71270.8,71276.7,65.2302
2026-04-08 20:45:00,71276.8,71307.2,71252.3,71288.7,114.8726
2026-04-08 20:50:00,71288.7,71349.0,71281.5,71337.0,78.7621
2026-04-08 20:55:00,71336.9,71350.6,71314.5,71350.5,39.7229
2026-04-08 21:00:00,71350.6,71350.6,71300.1,71300.1,45.1534
2026-04-08 21:05:00,71300.0,71435.1,71300.0,71433.3,85.4499
2026-04-08 21:10:00,71433.3,71555.4,71433.2,71483.6,207.8494
2026-04-08 21:15:00,71483.6,71534.6,71483.6,71524.8,57.6534
2026-04-08 21:20:00,71524.8,71631.1,71509.5,71587.6,173.3113
2026-04-08 21:25:00,71587.6,71718.8,71587.6,71636.5,220.2786
2026-04-08 21:30:00,71636.6,71684.9,71541.7,71545.9,144.461
2026-04-08 21:35:00,71545.9,71619.9,71540.9,71619.9,77.3699
2026-04-08 21:40:00,71619.9,71631.6,71521.8,71521.8,90.4268
2026-04-08 21:45:00,71521.8,71616.7,71490.8,71564.8,131.3483
2026-04-08 21:50:00,71564.9,71593.1,71536.0,71544.2,59.5632
2026-04-08 21:55:00,71544.2,71561.6,71481.2,71519.9,96.2303
2026-04-08 22:00:00,71520.0,71546.7,71400.8,71413.8,186.168
2026-04-08 22:05:00,71413.9,71500.0,71405.8,71467.2,78.5446
2026-04-08 22:10:00,71467.1,71483.4,71358.0,71416.6,110.3696
2026-04-08 22:15:00,71416.6,71450.0,71308.3,71335.7,96.6964
2026-04-08 22:20:00,71335.7,71336.5,71222.4,71274.1,141.7641
2026-04-08 22:25:00,71274.2,71292.7,71116.0,71134.0,299.9444
2026-04-08 22:30:00,71134.0,71254.7,71072.0,71254.7,332.4613
2026-04-08 22:35:00,71254.7,71331.6,71254.6,71284.7,131.8376
2026-04-08 22:40:00,71284.6,71291.1,71205.4,71205.4,86.0555
2026-04-08 22:45:00,71205.4,71245.2,71192.0,71238.9,80.4115
2026-04-08 22:50:00,71238.9,71251.7,71125.0,71125.2,100.256
2026-04-08 22:55:00,71125.3,71126.7,71024.4,71027.8,199.7088
2026-04-08 23:00:00,71027.7,71047.8,70863.5,70925.0,816.306
2026-04-08 23:05:00,70925.0,71023.8,70925.0,70967.8,188.89
2026-04-08 23:10:00,70967.8,71140.5,70967.7,71125.5,180.7395
2026-04-08 23:15:00,71125.5,71179.0,71030.0,71048.4,129.5439
2026-04-08 23:20:00,71048.4,71080.0,70870.1,70953.7,213.0822
2026-04-08 23:25:00,70953.7,71000.0,70917.7,70991.4,101.0111
2026-04-08 23:30:00,70991.3,71011.5,70920.0,70985.0,98.9622
2026-04-08 23:35:00,70985.0,71086.7,70960.0,71035.3,135.344
2026-04-08 23:40:00,71035.2,71095.6,71021.7,71046.0,76.8277
2026-04-08 23:45:00,71046.0,71108.1,71032.8,71108.1,84.2863
2026-04-08 23:50:00,71108.0,71144.2,71051.7,71069.4,103.6203
2026-04-08 23:55:00,71069.4,71111.4,71034.1,71041.7,106.7684
2026-04-09 00:00:00,71041.8,71041.8,70944.4,71010.4,150.5157
2026-04-09 00:05:00,71010.5,71109.4,70987.2,71000.0,117.5396
2026-04-09 00:10:00,71000.0,71014.4,70960.0,70965.3,76.4612
2026-04-09 00:15:00,70965.3,70980.0,70869.3,70910.2,255.7853
2026-04-09 00:20:00,70910.1,70950.0,70814.8,70907.2,232.3257
2026-04-09 00:25:00,70907.1,70985.9,70879.8,70896.1,152.5705
2026-04-09 00:30:00,70896.0,70896.1,70738.8,70795.5,461.8392
2026-04-09 00:35:00,70795.5,70918.3,70741.3,70741.4,284.9308
2026-04-09 00:40:00,70741.3,70799.1,70730.0,70783.4,209.3401
2026-04-09 00:45:00,70783.5,70793.4,70635.7,70712.9,518.022
2026-04-09 00:50:00,70712.8,70730.6,70606.0,70727.8,294.6868
2026-04-09 00:55:00,70727.8,70864.9,70727.8,70780.0,284.7983
2026-04-09 01:00:00,70780.0,70855.0,70767.4,70825.2,198.2262
2026-04-09 01:05:00,70825.2,70840.0,70438.7,70554.5,1292.5253
2026-04-09 01:10:00,70554.4,70645.8,70510.8,70640.3,361.5446
2026-04-09 01:15:00,70640.4,70650.0,70527.1,70578.3,272.1329
2026-04-09 01:20:00,70578.4,70655.0,70422.0,70520.4,457.5183
2026-04-09 01:25:00,70520.4,70600.0,70500.0,70595.6,192.4014
2026-04-09 01:30:00,70595.7,70823.0,70564.5,70787.1,623.2348
2026-04-09 01:35:00,70787.2,70805.0,70702.7,70733.0,426.4574
2026-04-09 01:40:00,70733.0,70749.5,70705.7,70732.7,142.2688
2026-04-09 01:45:00,70732.7,70823.0,70662.9,70805.8,184.74
2026-04-09 01:50:00,70805.9,70929.9,70801.0,70910.0,316.6526
2026-04-09 01:55:00,70910.0,70919.0,70872.4,70892.7,107.5739
2026-04-09 02:00:00,70892.6,70988.0,70843.1,70862.7,341.4479
2026-04-09 02:05:00,70862.6,70940.0,70851.3,70928.6,127.5783
2026-04-09 02:10:00,70928.6,70928.6,70783.9,70797.4,154.494
2026-04-09 02:15:00,70797.5,70920.0,70774.4,70919.9,181.3369
2026-04-09 02:20:00,70920.0,70934.6,70850.4,70898.9,100.0202
2026-04-09 02:25:00,70898.9,71030.0,70898.9,70987.1,330.3931
2026-04-09 02:30:00,70987.0,71069.5,70975.0,71013.3,259.7639
2026-04-09 02:35:00,71013.3,71033.0,70952.4,71000.0,176.0143
2026-04-09 02:40:00,71000.0,71006.8,70872.2,71006.8,337.615
2026-04-09 02:45:00,71006.7,71122.0,70957.5,71106.9,416.0661
2026-04-09 02:50:00,71107.0,71170.0,71084.7,71116.5,233.3758
2026-04-09 02:55:00,71116.4,71133.1,71001.3,71026.9,125.9935
2026-04-09 03:00:00,71026.9,71056.9,71000.0,71052.1,131.4482
2026-04-09 03:05:00,71052.2,71087.9,70942.7,70964.3,261.4374
2026-04-09 03:10:00,70964.4,70966.9,70907.0,70952.4,135.9792
2026-04-09 03:15:00,70952.3,70975.0,70900.0,70944.9,135.1964
2026-04-09 03:20:00,70944.9,70960.5,70902.0,70960.4,107.2841
2026-04-09 03:25:00,70960.4,70966.3,70828.0,70874.9,150.3039
2026-04-09 03:30:00,70874.9,70944.1,70874.9,70916.3,78.2083
2026-04-09 03:35:00,70916.3,70955.4,70888.4,70904.7,64.1757
2026-04-09 03:40:00,70904.8,70923.0,70825.5,70871.7,175.1632
2026-04-09 03:45:00,70871.6,70950.0,70810.1,70950.0,220.3306
2026-04-09 03:50:00,70950.0,71022.6,70949.9,70996.9,188.4595
2026-04-09 03:55:00,70996.8,70996.9,70947.3,70965.7,72.2053
2026-04-09 04:00:00,70965.7,70985.0,70933.8,70970.0,143.8674
2026-04-09 04:05:00,70970.0,70980.0,70895.6,70920.8,112.6268
2026-04-09 04:10:00,70920.7,70933.3,70856.5,70874.1,59.0682
2026-04-09 04:15:00,70874.1,70896.8,70856.0,70896.7,117.917
2026-04-09 04:20:00,70896.7,70896.8,70800.0,70814.2,101.3926
2026-04-09 04:25:00,70814.2,70829.5,70760.1,70819.3,199.1963
2026-04-09 04:30:00,70819.4,70875.5,70815.6,70859.8,175.2026
2026-04-09 04:35:00,70859.8,70885.9,70835.7,70859.1,86.5558
2026-04-09 04:40:00,70859.2,70906.5,70845.0,70845.0,96.3219
2026-04-09 04:45:00,70845.0,70869.6,70680.0,70733.9,411.0697
2026-04-09 04:50:00,70733.9,70768.4,70715.7,70750.0,106.3853
2026-04-09 04:55:00,70750.0,70765.7,70723.2,70757.0,64.1436
2026-04-09 05:00:00,70757.0,70825.0,70660.7,70800.1,250.2719
2026-04-09 05:05:00,70800.0,70833.3,70781.6,70825.6,118.6067
2026-04-09 05:10:00,70825.6,70836.8,70766.0,70836.7,63.9216
2026-04-09 05:15:00,70836.7,70900.0,70812.1,70899.9,76.98
2026-04-09 05:20:00,70900.0,70942.9,70867.8,70898.1,215.7015
2026-04-09 05:25:00,70898.2,70979.0,70895.1,70950.1,176.3117
2026-04-09 05:30:00,70950.1,70985.0,70932.9,70969.3,146.5788
2026-04-09 05:35:00,70969.4,71071.3,70950.1,71049.8,259.802
2026-04-09 05:40:00,71049.7,71049.7,71000.1,71008.2,140.6118
2026-04-09 05:45:00,71008.1,71008.8,70915.5,70928.2,136.6605
2026-04-09 05:50:00,70928.1,70950.0,70868.2,70930.0,187.8708
2026-04-09 05:55:00,70929.9,70959.7,70920.0,70959.7,85.0159
2026-04-09 06:00:00,70959.7,71067.1,70959.7,70991.6,214.4947
2026-04-09 06:05:00,70991.6,71046.5,70971.4,70971.5,170.7814
2026-04-09 06:10:00,70971.5,71026.8,70961.2,70981.9,119.2972
2026-04-09 06:15:00,70981.9,70987.7,70901.5,70913.8,167.0632
2026-04-09 06:20:00,70913.9,70915.0,70840.9,70861.1,121.8785
2026-04-09 06:25:00,70861.0,70862.3,70788.8,70833.0,227.4501
2026-04-09 06:30:00,70833.0,70911.0,70778.6,70881.0,147.9338
2026-04-09 06:35:00,70881.0,70944.3,70870.3,70897.4,250.4143
2026-04-09 06:40:00,70897.4,70933.3,70895.9,70902.9,67.8943
2026-04-09 06:45:00,70902.9,70924.2,70892.6,70910.1,108.4232
2026-04-09 06:50:00,70910.0,70945.2,70871.5,70945.1,58.71
2026-04-09 06:55:00,70945.1,70999.0,70934.2,70994.1,161.1026
2026-04-09 07:00:00,70994.1,71035.0,70966.5,71015.3,184.4296
2026-04-09 07:05:00,71015.3,71050.0,70985.6,71043.1,148.2029
2026-04-09 07:10:00,71043.1,71086.2,71011.5,71047.3,154.6875
2026-04-09 07:15:00,71047.4,71047.4,70941.7,70988.3,99.7409
2026-04-09 07:20:00,70988.2,70988.3,70940.0,70955.0,41.4527
2026-04-09 07:25:00,70954.9,70976.4,70942.0,70957.6,42.6352
2026-04-09 07:30:00,70957.5,71001.4,70921.2,70994.1,97.0623
2026-04-09 07:35:00,70994.1,71055.0,70991.0,71012.9,143.9516
2026-04-09 07:40:00,71013.0,71013.0,70945.7,70976.5,147.8054
2026-04-09 07:45:00,70976.5,71000.0,70940.0,70956.7,155.8283
2026-04-09 07:50:00,70957.1,71010.0,70950.5,70958.4,148.408
2026-04-09 07:55:00,70958.3,71006.4,70921.7,70953.8,155.8218
2026-04-09 08:00:00,70953.8,70986.3,70893.1,70976.9,109.7935
2026-04-09 08:05:00,70976.9,70990.6,70947.2,70947.2,159.0464
2026-04-09 08:10:00,70947.3,70952.6,70831.5,70922.2,202.5842
2026-04-09 08:15:00,70922.2,70927.2,70867.2,70900.1,160.9073
2026-04-09 08:20:00,70900.0,70991.4,70890.9,70985.0,269.4951
2026-04-09 08:25:00,70985.0,70991.0,70936.7,70947.6,83.672
2026-04-09 08:30:00,70947.6,71080.0,70947.5,71040.0,280.0619
2026-04-09 08:35:00,71040.0,71131.1,71031.6,71113.1,393.9987
2026-04-09 08:40:00,71113.0,71322.2,71100.0,71304.8,957.1895
2026-04-09 08:45:00,71304.8,71358.3,71213.1,71234.0,705.2375
2026-04-09 08:50:00,71233.9,71234.0,71175.1,71229.9,221.0316
2026-04-09 08:55:00,71230.0,71266.7,71200.0,71225.8,239.027
2026-04-09 09:00:00,71225.8,71225.9,71089.0,71103.9,519.0536
2026-04-09 09:05:00,71103.9,71213.0,71079.2,71213.0,238.8631
2026-04-09 09:10:00,71213.0,71310.0,71194.9,71296.9,396.8447
2026-04-09 09:15:00,71296.8,71547.6,71296.8,71345.3,1106.4351
2026-04-09 09:20:00,71345.4,71345.9,71250.0,71250.5,258.389
2026-04-09 09:25:00,71250.6,71265.1,71189.4,71255.3,169.9631
2026-04-09 09:30:00,71255.3,71310.0,71205.4,71205.4,202.0456
2026-04-09 09:35:00,71205.4,71213.0,71165.9,71206.2,157.5563
2026-04-09 09:40:00,71206.2,71248.2,71202.1,71248.2,70.6381
2026-04-09 09:45:00,71248.2,71337.8,71248.1,71328.2,136.0178
2026-04-09 09:50:00,71328.2,71411.0,71304.1,71411.0,245.4057
2026-04-09 09:55:00,71410.9,71548.0,71410.9,71502.5,944.9678
2026-04-09 10:00:00,71502.6,71505.9,71444.1,71470.0,302.864
2026-04-09 10:05:00,71470.0,71470.1,71350.1,71350.1,220.2033
2026-04-09 10:10:00,71350.1,71371.3,71310.0,71349.4,189.1556
2026-04-09 10:15:00,71349.4,71399.0,71341.0,71376.4,128.2356
2026-04-09 10:20:00,71376.3,71459.0,71370.1,71427.1,154.0588
2026-04-09 10:25:00,71427.0,71442.5,71369.3,71370.2,67.9917
2026-04-09 10:30:00,71370.3,71370.3,71317.9,71355.6,102.0313
2026-04-09 10:35:00,71355.7,71374.9,71324.8,71360.8,68.8541
2026-04-09 10:40:00,71360.8,71408.7,71336.1,71378.2,69.9532
2026-04-09 10:45:00,71378.2,71438.7,71367.4,71383.0,168.4967
2026-04-09 10:50:00,71383.0,71383.0,71282.2,71305.4,108.2882
2026-04-09 10:55:00,71305.3,71341.0,71246.4,71246.5,77.3628
2026-04-09 11:00:00,71246.5,71325.0,71231.0,71293.4,172.6481
2026-04-09 11:05:00,71293.4,71293.6,71229.9,71236.4,180.1096
2026-04-09 11:10:00,71236.4,71236.5,71161.2,71166.2,255.4646
2026-04-09 11:15:00,71166.2,71188.0,71113.8,71187.9,309.3736
2026-04-09 11:20:00,71188.0,71219.9,71134.5,71156.5,212.1014
2026-04-09 11:25:00,71156.5,71158.0,71020.1,71054.6,532.0788
2026-04-09 11:30:00,71054.6,71149.0,71054.6,71100.0,221.3568
2026-04-09 11:35:00,71100.0,71156.0,71061.6,71156.0,164.7355
2026-04-09 11:40:00,71156.0,71200.0,71121.5,71145.0,219.0959
2026-04-09 11:45:00,71145.0,71200.0,71133.8,71192.3,88.535
2026-04-09 11:50:00,71192.2,71203.3,71163.1,71163.1,90.5139
2026-04-09 11:55:00,71163.1,71163.1,71115.7,71124.5,91.1133
2026-04-09 12:00:00,71124.5,71196.8,71124.5,71184.0,112.7931
2026-04-09 12:05:00,71184.0,71228.8,71150.0,71207.3,97.3754
2026-04-09 12:10:00,71207.3,71233.6,71176.7,71180.1,107.5362
2026-04-09 12:15:00,71180.1,71230.0,71141.7,71141.8,113.6605
2026-04-09 12:20:00,71141.8,71141.8,71013.0,71089.0,421.8824
2026-04-09 12:25:00,71089.0,71316.6,71081.9,71252.3,359.1723
2026-04-09 12:30:00,71252.3,71275.0,71145.4,71203.9,215.2584
2026-04-09 12:35:00,71203.9,71250.0,71096.8,71134.1,167.2756
2026-04-09 12:40:00,71134.0,71291.5,71105.4,71196.3,305.9979
2026-04-09 12:45:00,71196.3,71220.0,71075.8,71132.5,174.5546
2026-04-09 12:50:00,71132.4,71206.5,71130.0,71189.9,121.4479
2026-04-09 12:55:00,71189.9,71286.5,71189.4,71263.6,143.0287
2026-04-09 13:00:00,71263.7,71337.6,71140.2,71154.8,279.4585
2026-04-09 13:05:00,71154.7,71170.0,71087.0,71114.0,241.1945
2026-04-09 13:10:00,71113.9,71120.0,71080.4,71100.0,123.4039
2026-04-09 13:15:00,71100.0,71123.1,71090.0,71103.2,91.5815
2026-04-09 13:20:00,71103.1,71109.6,71040.1,71092.8,177.8432
2026-04-09 13:25:00,71092.7,71133.1,71075.9,71085.6,204.8606
2026-04-09 13:30:00,71085.7,71145.5,70856.6,70969.7,835.7046
2026-04-09 13:35:00,70969.8,71089.0,70750.0,70921.2,1111.3371
2026-04-09 13:40:00,70921.2,70947.9,70779.4,70876.0,594.3254
2026-04-09 13:45:00,70876.0,70899.8,70721.0,70857.0,820.4022
2026-04-09 13:50:00,70857.0,70857.0,70709.3,70725.1,461.5352
2026-04-09 13:55:00,70725.1,70815.6,70609.5,70779.8,1051.087
2026-04-09 14:00:00,70779.8,70812.9,70681.9,70762.9,390.5603
2026-04-09 14:05:00,70762.9,70769.3,70661.5,70672.1,334.7221
2026-04-09 14:10:00,70672.0,70831.5,70619.8,70770.0,427.0645
2026-04-09 14:15:00,70770.1,70809.8,70566.0,70599.9,571.8569
2026-04-09 14:20:00,70599.8,70696.4,70584.4,70686.7,263.9017
2026-04-09 14:25:00,70686.7,70698.2,70505.0,70621.8,501.1291
2026-04-09 14:30:00,70621.8,70672.1,70583.3,70640.0,309.7695
2026-04-09 14:35:00,70640.0,70810.0,70583.4,70788.0,540.6277
2026-04-09 14:40:00,70788.1,70890.0,70774.7,70867.4,528.6587
2026-04-09 14:45:00,70867.4,71010.0,70867.3,71008.6,1095.9821
2026-04-09 14:50:00,71008.7,71228.0,71000.3,71131.7,1190.0274
2026-04-09 14:55:00,71131.8,71210.0,71031.0,71090.7,796.639
2026-04-09 15:00:00,71090.8,71125.0,70984.0,71036.7,499.7939
2026-04-09 15:05:00,71036.8,71050.0,70900.0,70900.1,346.177
2026-04-09 15:10:00,70900.0,71350.0,70900.0,71311.8,962.7701
2026-04-09 15:15:00,71311.7,71537.8,71306.3,71370.3,1181.965
2026-04-09 15:20:00,71370.4,71628.8,71370.3,71442.4,1057.9395
2026-04-09 15:25:00,71442.4,71442.5,71308.2,71313.2,454.4469
2026-04-09 15:30:00,71313.3,72238.6,71260.4,72185.1,3498.8068
2026-04-09 15:35:00,72185.2,72203.0,71800.5,71845.3,2490.4031
2026-04-09 15:40:00,71845.3,72080.0,71844.7,72045.6,1003.6639
2026-04-09 15:45:00,72045.5,72333.7,72010.0,72076.4,1312.0402
2026-04-09 15:50:00,72076.4,72210.0,72044.5,72198.4,549.4762
2026-04-09 15:55:00,72198.4,72324.0,72045.5,72105.7,1116.4663
2026-04-09 16:00:00,72105.6,72379.3,72105.6,72272.5,1143.0356
2026-04-09 16:05:00,72272.6,72273.3,72045.9,72091.1,1101.061
2026-04-09 16:10:00,72091.2,72278.9,72081.7,72139.0,611.6891
2026-04-09 16:15:00,72138.9,72362.0,72112.2,72281.2,477.051
2026-04-09 16:20:00,72281.0,72328.1,72066.3,72130.9,659.4155
2026-04-09 16:25:00,72131.0,72192.1,72020.0,72023.5,458.5349
2026-04-09 16:30:00,72023.5,72028.9,71900.0,71900.2,978.9252
2026-04-09 16:35:00,71900.1,71980.0,71741.8,71825.0,889.3651
2026-04-09 16:40:00,71824.9,71952.2,71769.6,71934.5,656.0822
2026-04-09 16:45:00,71934.5,71949.9,71666.7,71789.6,615.8291
2026-04-09 16:50:00,71789.6,71900.0,71763.1,71849.9,299.4068
2026-04-09 16:55:00,71849.9,72076.7,71849.8,72047.5,506.5841
2026-04-09 17:00:00,72047.6,72491.3,72037.2,72437.1,1503.4414
2026-04-09 17:05:00,72437.2,72487.9,72310.5,72416.5,1231.9578
2026-04-09 17:10:00,72416.4,72480.0,72362.9,72443.6,448.4249
2026-04-09 17:15:00,72443.7,72518.3,72379.4,72385.5,602.6171
2026-04-09 17:20:00,72385.5,72443.2,72250.0,72337.4,601.3546
2026-04-09 17:25:00,72337.4,72350.0,72165.0,72303.2,598.2232
2026-04-09 17:30:00,72303.2,72303.2,72055.0,72141.8,486.769
2026-04-09 17:35:00,72141.8,72478.8,72141.7,72413.1,469.7619
2026-04-09 17:40:00,72413.1,72466.5,72314.9,72377.2,416.0027
2026-04-09 17:45:00,72377.2,72440.0,72282.6,72330.5,375.1178
2026-04-09 17:50:00,72330.3,72360.0,72232.9,72320.4,238.1258
2026-04-09 17:55:00,72320.5,72330.0,72219.8,72308.6,111.1242
2026-04-09 18:00:00,72308.6,72341.7,71816.2,71891.9,1212.5444
2026-04-09 18:05:00,71892.0,72004.6,71866.9,71973.4,485.7142
2026-04-09 18:10:00,71973.3,72019.7,71851.6,71861.1,231.7819
2026-04-09 18:15:00,71861.0,71963.3,71822.7,71888.6,329.4947
2026-04-09 18:20:00,71888.5,71888.6,71733.3,71824.9,355.4825
2026-04-09 18:25:00,71824.9,71915.0,71760.0,71876.4,359.5824
2026-04-09 18:30:00,71876.4,71899.9,71708.5,71831.1,240.3246
2026-04-09 18:35:00,71831.1,71910.8,71819.6,71868.9,148.1931
2026-04-09 18:40:00,71868.9,71924.0,71775.2,71819.9,131.8554
2026-04-09 18:45:00,71819.9,71860.0,71714.0,71857.0,209.3224
2026-04-09 18:50:00,71857.0,71871.2,71804.6,71843.1,135.101
2026-04-09 18:55:00,71843.1,71891.1,71816.3,71858.3,193.0231
2026-04-09 19:00:00,71858.2,71920.0,71794.2,71897.8,247.6483
2026-04-09 19:05:00,71897.8,72061.8,71840.0,72030.1,435.6538
2026-04-09 19:10:00,72030.1,72104.5,71956.5,72000.1,282.7489
2026-04-09 19:15:00,72000.0,72059.0,71900.0,71908.9,255.3633
2026-04-09 19:20:00,71908.9,71931.5,71744.4,71760.0,180.8817
2026-04-09 19:25:00,71760.0,71813.3,71718.0,71796.3,135.1484
2026-04-09 19:30:00,71796.2,71934.8,71788.4,71832.7,198.6623
2026-04-09 19:35:00,71832.8,71933.2,71790.0,71933.2,88.7972
2026-04-09 19:40:00,71933.3,72127.8,71918.0,72075.4,384.1655
2026-04-09 19:45:00,72075.4,72236.4,72075.4,72198.0,411.1518
2026-04-09 19:50:00,72197.9,72270.0,72120.0,72161.4,296.3852
2026-04-09 19:55:00,72161.4,72161.4,71947.1,72060.7,402.1015
2026-04-09 20:00:00,72060.7,72157.4,72021.2,72059.4,301.8136
2026-04-09 20:05:00,72059.4,72059.5,71929.1,71993.8,182.0672
2026-04-09 20:10:00,71993.8,72150.0,71968.1,72147.0,124.8273
2026-04-09 20:15:00,72147.1,72250.0,72126.0,72221.1,191.7121
2026-04-09 20:20:00,72221.1,72310.8,72221.0,72277.2,206.5592
2026-04-09 20:25:00,72277.1,72309.5,72227.7,72255.2,88.5943
2026-04-09 20:30:00,72255.3,72418.5,72220.5,72398.6,288.1672
2026-04-09 20:35:00,72398.6,72414.8,72331.2,72346.6,92.9482
2026-04-09 20:40:00,72346.7,72406.5,72316.8,72383.5,119.4082
2026-04-09 20:45:00,72383.5,72383.6,72292.6,72294.3,99.4833
2026-04-09 20:50:00,72294.4,72345.9,72248.1,72345.8,117.8424
2026-04-09 20:55:00,72345.8,72382.8,72308.9,72374.8,121.983
2026-04-09 21:00:00,72374.8,72445.0,72298.7,72417.5,188.3666
2026-04-09 21:05:00,72417.5,72676.0,72237.7,72237.8,1134.4795
2026-04-09 21:10:00,72237.8,72320.0,72158.6,72298.1,322.6885
2026-04-09 21:15:00,72298.0,72320.0,72231.9,72238.4,90.4789
2026-04-09 21:20:00,72238.4,72258.3,72110.0,72258.3,154.8699
2026-04-09 21:25:00,72258.3,72275.0,72140.9,72140.9,75.95
2026-04-09 21:30:00,72140.9,72229.9,72107.1,72208.9,108.0239
2026-04-09 21:35:00,72208.9,72252.0,72154.6,72179.4,85.8878
2026-04-09 21:40:00,72179.5,72418.4,72179.4,72415.5,315.3716
2026-04-09 21:45:00,72415.6,72435.0,72316.8,72368.0,154.0199
2026-04-09 21:50:00,72368.1,72368.1,72245.5,72245.5,91.9459
2026-04-09 21:55:00,72245.5,72264.3,72189.3,72226.5,72.8869
2026-04-09 22:00:00,72226.5,72379.9,72213.9,72352.4,176.3441
2026-04-09 22:05:00,72352.4,72361.0,72266.0,72356.5,92.3678
2026-04-09 22:10:00,72356.5,72489.0,72342.3,72469.9,221.4622
2026-04-09 22:15:00,72469.9,73146.1,72460.8,72776.8,3655.734
2026-04-09 22:20:00,72776.7,72782.6,72693.8,72761.8,491.8583
2026-04-09 22:25:00,72761.8,72767.0,72546.2,72597.1,420.7408
2026-04-09 22:30:00,72597.0,72597.1,72402.8,72475.0,489.0623
2026-04-09 22:35:00,72475.1,72475.1,72321.0,72323.5,492.2716
2026-04-09 22:40:00,72323.6,72417.6,72256.9,72284.5,245.6371
2026-04-09 22:45:00,72284.5,72431.3,72211.2,72380.1,376.6452
2026-04-09 22:50:00,72380.1,72380.1,72043.4,72186.5,492.4676
2026-04-09 22:55:00,72186.5,72199.9,71911.1,71911.2,612.5548
2026-04-09 23:00:00,71911.1,71995.1,71800.0,71852.0,998.7185
2026-04-09 23:05:00,71852.0,71994.0,71838.6,71910.3,324.5175
2026-04-09 23:10:00,71910.4,71947.0,71705.3,71773.3,380.7239
2026-04-09 23:15:00,71773.3,71837.8,71541.9,71816.3,1206.9059
2026-04-09 23:20:00,71816.3,71888.5,71751.1,71784.3,273.7109
2026-04-09 23:25:00,71784.2,71850.0,71734.2,71754.6,175.971
2026-04-09 23:30:00,71754.6,71754.6,71580.8,71708.1,608.5914
2026-04-09 23:35:00,71708.2,71800.0,71655.1,71796.1,286.925
2026-04-09 23:40:00,71796.0,71820.9,71733.0,71733.0,182.9903
2026-04-09 23:45:00,71733.1,71766.0,71666.0,71754.8,200.6584
2026-04-09 23:50:00,71754.8,71797.4,71696.6,71770.9,150.9209
2026-04-09 23:55:00,71770.9,71800.0,71708.1,71759.0,283.5174
2026-04-10 00:00:00,71759.1,71830.0,71715.5,71775.7,278.0796
2026-04-10 00:05:00,71775.7,71851.0,71690.0,71792.5,297.5848
2026-04-10 00:10:00,71792.6,71867.3,71670.3,71783.7,313.8565
2026-04-10 00:15:00,71783.6,71783.6,71592.5,71592.5,407.9816
2026-04-10 00:20:00,71592.5,71698.0,71543.0,71635.8,275.4056
2026-04-10 00:25:00,71635.8,71836.2,71582.5,71807.5,328.0828
2026-04-10 00:30:00,71807.6,71950.0,71766.1,71853.7,382.5957
2026-04-10 00:35:00,71853.8,71930.0,71760.4,71838.4,215.3259
2026-04-10 00:40:00,71838.3,71930.0,71810.1,71905.0,238.7506
2026-04-10 00:45:00,71905.0,71967.9,71839.5,71903.7,197.8399
2026-04-10 00:50:00,71903.7,72020.3,71890.9,71929.9,239.2686
2026-04-10 00:55:00,71929.9,71949.3,71846.8,71945.6,166.9463
2026-04-10 01:00:00,71945.7,71945.7,71806.7,71842.5,196.5579
2026-04-10 01:05:00,71842.5,71933.3,71785.5,71933.2,107.0278
2026-04-10 01:10:00,71933.3,72066.0,71900.9,71971.4,344.0028
2026-04-10 01:15:00,71971.4,72018.8,71920.7,71974.9,154.3005
2026-04-10 01:20:00,71974.9,71986.9,71632.7,71829.4,367.0612
2026-04-10 01:25:00,71829.5,71870.0,71760.0,71845.3,228.4054
2026-04-10 01:30:00,71845.3,72167.5,71830.8,72149.9,632.2991
2026-04-10 01:35:00,72150.0,72342.3,72131.7,72273.5,856.8427
2026-04-10 01:40:00,72273.5,72355.4,72224.8,72272.9,522.8361
2026-04-10 01:45:00,72272.8,72272.9,72169.8,72201.9,261.6599
2026-04-10 01:50:00,72201.9,72330.0,72175.9,72194.3,356.0813
2026-04-10 01:55:00,72194.3,72224.0,72111.5,72133.4,345.7805
2026-04-10 02:00:00,72133.3,72217.0,72083.3,72094.2,236.6536
2026-04-10 02:05:00,72094.2,72250.0,72087.4,72212.5,175.3006
2026-04-10 02:10:00,72212.4,72264.5,72156.1,72194.8,167.1449
2026-04-10 02:15:00,72194.8,72230.0,72150.0,72174.5,144.6394
2026-04-10 02:20:00,72174.5,72189.4,72150.3,72154.4,64.7354
2026-04-10 02:25:00,72154.4,72210.0,72133.9,72145.5,131.7107
2026-04-10 02:30:00,72145.4,72200.4,72097.9,72153.1,143.5445
2026-04-10 02:35:00,72153.1,72180.2,72113.4,72140.9,76.8806
2026-04-10 02:40:00,72140.8,72158.1,72094.3,72125.0,62.9876
2026-04-10 02:45:00,72125.0,72125.0,71950.1,71964.7,427.5687
2026-04-10 02:50:00,71964.7,71978.2,71868.8,71956.0,401.1516
2026-04-10 02:55:00,71956.0,71960.0,71898.8,71924.9,196.0372
2026-04-10 03:00:00,71924.9,71999.9,71885.3,71923.2,207.6496
2026-04-10 03:05:00,71923.2,71956.9,71862.0,71880.1,185.1433
2026-04-10 03:10:00,71880.1,71895.4,71800.0,71827.0,165.1549
2026-04-10 03:15:00,71827.0,71915.2,71811.8,71877.8,104.23
2026-04-10 03:20:00,71877.7,71886.4,71824.5,71829.1,93.0083
2026-04-10 03:25:00,71829.1,71860.0,71780.0,71789.4,146.7913
2026-04-10 03:30:00,71789.3,71891.5,71780.0,71862.5,101.9142
2026-04-10 03:35:00,71862.6,71942.5,71862.5,71868.4,182.4145
2026-04-10 03:40:00,71868.5,71920.0,71845.1,71884.7,189.1824
2026-04-10 03:45:00,71884.3,71920.0,71820.0,71831.3,118.2235
2026-04-10 03:50:00,71831.3,71845.0,71800.0,71833.2,104.8088
2026-04-10 03:55:00,71833.2,71845.5,71817.0,71838.2,51.2876
2026-04-10 04:00:00,71838.3,71895.6,71838.2,71885.1,61.0242
2026-04-10 04:05:00,71885.1,71930.0,71863.1,71895.5,122.2455
2026-04-10 04:10:00,71895.4,71913.4,71840.7,71840.8,69.1479
2026-04-10 04:15:00,71840.8,71905.0,71828.6,71858.6,90.2935
2026-04-10 04:20:00,71858.6,71915.5,71813.8,71836.2,213.5677
2026-04-10 04:25:00,71836.2,71897.7,71830.9,71837.5,130.5954
2026-04-10 04:30:00,71837.5,71854.9,71800.0,71813.2,191.3928
2026-04-10 04:35:00,71813.2,71881.5,71784.1,71869.0,159.8752
2026-04-10 04:40:00,71869.1,71877.1,71840.0,71876.8,83.354
2026-04-10 04:45:00,71876.9,71915.1,71867.2,71906.3,81.6744
2026-04-10 04:50:00,71906.3,72194.6,71855.8,72072.0,591.9169
2026-04-10 04:55:00,72072.0,72100.0,71992.0,72086.8,265.174
2026-04-10 05:00:00,72086.9,72100.0,72011.2,72093.7,158.7805
2026-04-10 05:05:00,72093.6,72135.1,72007.8,72021.7,141.5087
2026-04-10 05:10:00,72021.7,72035.2,71963.5,72028.4,104.906
2026-04-10 05:15:00,72028.5,72057.5,71960.4,72057.5,181.2177
2026-04-10 05:20:00,72057.6,72199.9,72057.5,72196.4,273.4861
2026-04-10 05:25:00,72196.3,72258.0,72190.7,72194.9,247.1747
2026-04-10 05:30:00,72194.9,72232.7,72163.8,72178.8,198.4436
2026-04-10 05:35:00,72178.8,72189.0,72133.3,72188.9,109.5591
2026-04-10 05:40:00,72189.0,72193.0,72122.0,72123.7,69.0714
2026-04-10 05:45:00,72123.7,72172.3,72123.6,72151.1,50.1861
2026-04-10 05:50:00,72151.1,72186.9,72079.9,72085.2,94.7054
2026-04-10 05:55:00,72085.2,72097.5,72055.0,72097.0,64.1365
2026-04-10 06:00:00,72096.9,72120.0,72074.1,72120.0,86.5798
2026-04-10 06:05:00,72119.9,72150.0,72063.0,72063.2,54.289
2026-04-10 06:10:00,72063.2,72106.0,72021.1,72106.0,134.9543
2026-04-10 06:15:00,72106.0,72106.0,71933.4,71970.0,172.8868
2026-04-10 06:20:00,71970.1,71974.9,71916.6,71955.1,165.6336
2026-04-10 06:25:00,71955.0,71956.7,71916.6,71936.9,86.2217
2026-04-10 06:30:00,71936.9,71949.7,71888.3,71949.7,132.7377
2026-04-10 06:35:00,71949.7,71977.4,71840.0,71977.2,230.5767
2026-04-10 06:40:00,71977.2,71977.3,71870.1,71912.9,85.2968
2026-04-10 06:45:00,71912.8,71966.0,71850.0,71850.1,106.8449
2026-04-10 06:50:00,71850.1,71850.1,71800.1,71801.7,191.7455
2026-04-10 06:55:00,71801.7,71809.0,71754.6,71777.0,233.4211
2026-04-10 07:00:00,71777.0,71819.5,71742.0,71754.3,445.0908
2026-04-10 07:05:00,71754.3,71769.8,71680.6,71712.8,490.0509
2026-04-10 07:10:00,71712.9,71748.0,71686.2,71687.8,190.8084
2026-04-10 07:15:00,71687.9,71755.4,71686.3,71736.8,203.1754
2026-04-10 07:20:00,71736.8,71746.0,71673.7,71705.0,229.3949
2026-04-10 07:25:00,71704.9,71722.7,71683.0,71703.3,163.6287
2026-04-10 07:30:00,71703.3,71766.0,71680.0,71721.9,269.3469
2026-04-10 07:35:00,71722.0,71750.0,71688.0,71691.1,198.9902
2026-04-10 07:40:00,71691.0,71705.5,71616.4,71633.2,233.1036
2026-04-10 07:45:00,71633.2,71666.1,71598.0,71598.0,222.6971
2026-04-10 07:50:00,71598.1,71628.2,71404.1,71415.7,1062.4625
2026-04-10 07:55:00,71415.8,71485.5,71405.0,71463.5,480.6849
2026-04-10 08:00:00,71463.5,71487.4,71388.9,71440.8,718.686
2026-04-10 08:05:00,71440.7,71604.0,71440.7,71578.1,444.527
2026-04-10 08:10:00,71578.1,71649.9,71538.5,71578.1,608.5759
2026-04-10 08:15:00,71578.0,71618.2,71493.0,71618.2,169.7193
2026-04-10 08:20:00,71618.1,71646.4,71592.6,71643.3,153.0054
2026-04-10 08:25:00,71643.3,71666.0,71608.0,71608.0,134.9923
2026-04-10 08:30:00,71608.0,71651.0,71594.4,71607.7,197.7449
2026-04-10 08:35:00,71607.7,71728.0,71581.9,71716.1,295.3598
2026-04-10 08:40:00,71716.1,71730.0,71667.9,71674.2,269.3328
2026-04-10 08:45:00,71674.2,71682.7,71500.0,71528.2,388.569
2026-04-10 08:50:00,71528.3,71565.7,71463.0,71565.6,308.3706
2026-04-10 08:55:00,71565.7,71588.8,71540.0,71581.2,83.9362
2026-04-10 09:00:00,71581.1,71671.4,71560.5,71649.5,186.1056
2026-04-10 09:05:00,71649.5,71672.3,71634.3,71644.9,84.2147
2026-04-10 09:10:00,71645.0,71675.7,71612.1,71675.6,54.7745
2026-04-10 09:15:00,71675.6,71827.0,71659.1,71791.9,520.6906
2026-04-10 09:20:00,71791.8,71831.4,71720.1,71724.5,271.3397
2026-04-10 09:25:00,71724.6,71738.0,71692.9,71733.3,163.1804
2026-04-10 09:30:00,71733.4,71787.9,71715.2,71776.3,162.5628
2026-04-10 09:35:00,71776.2,71846.9,71739.5,71802.4,187.9906
2026-04-10 09:40:00,71802.5,71806.9,71740.2,71771.8,86.564
2026-04-10 09:45:00,71771.9,71771.9,71706.6,71731.8,82.4776
2026-04-10 09:50:00,71731.8,71769.9,71726.4,71756.6,59.8638
2026-04-10 09:55:00,71756.6,71799.2,71748.1,71748.1,95.9231
2026-04-10 10:00:00,71748.1,71762.5,71720.0,71762.5,164.29
2026-04-10 10:05:00,71762.5,71762.5,71680.9,71732.8,106.6217
2026-04-10 10:10:00,71732.8,71771.3,71707.8,71771.3,94.0548
2026-04-10 10:15:00,71771.2,71785.0,71756.4,71782.4,71.0994
2026-04-10 10:20:00,71782.4,71782.5,71679.7,71699.6,145.9335
2026-04-10 10:25:00,71699.6,71739.3,71667.6,71692.4,73.6708
2026-04-10 10:30:00,71692.4,71725.9,71692.4,71717.8,53.4394
2026-04-10 10:35:00,71717.8,71745.0,71684.1,71734.5,55.6232
2026-04-10 10:40:00,71734.6,71790.0,71728.5,71764.1,91.4896
2026-04-10 10:45:00,71764.1,71800.0,71749.1,71799.9,131.3326
2026-04-10 10:50:00,71799.9,71870.0,71792.3,71859.0,449.171
2026-04-10 10:55:00,71858.9,71896.3,71858.9,71863.2,177.7075
2026-04-10 11:00:00,71863.1,71988.0,71858.4,71957.0,372.8805
2026-04-10 11:05:00,71957.0,72068.0,71922.0,72067.9,393.8623
2026-04-10 11:10:00,72067.9,72121.6,72022.3,72083.1,307.8353
2026-04-10 11:15:00,72083.2,72149.0,72050.4,72113.3,401.4078
2026-04-10 11:20:00,72113.4,72177.0,72100.0,72146.6,425.7375
2026-04-10 11:25:00,72146.6,72174.1,72100.3,72170.3,194.5269
2026-04-10 11:30:00,72170.2,72185.0,72091.9,72109.6,248.1979
2026-04-10 11:35:00,72109.6,72222.0,72109.6,72194.4,298.5447
2026-04-10 11:40:00,72194.4,72218.0,72135.8,72140.4,326.4718
2026-04-10 11:45:00,72140.5,72206.6,72081.0,72190.1,279.7583
2026-04-10 11:50:00,72190.0,72192.5,72106.0,72106.0,172.8097
2026-04-10 11:55:00,72106.0,72110.6,72055.0,72084.8,236.1999
2026-04-10 12:00:00,72084.7,72146.2,72054.2,72140.0,477.4558
2026-04-10 12:05:00,72139.9,72163.6,72088.3,72100.1,185.3952
2026-04-10 12:10:00,72100.1,72100.2,72035.9,72041.2,200.3166
2026-04-10 12:15:00,72041.2,72144.4,72028.4,72137.7,260.907
2026-04-10 12:20:00,72137.8,72300.0,72046.4,72088.3,531.8107
2026-04-10 12:25:00,72088.2,72210.0,71960.0,72130.4,900.1602
2026-04-10 12:30:00,72128.8,72420.0,72000.0,72285.3,2119.6013
2026-04-10 12:35:00,72285.2,72285.2,72140.5,72248.1,374.7861
2026-04-10 12:40:00,72248.0,72380.0,72241.3,72268.2,336.1291
2026-04-10 12:45:00,72268.2,72371.3,72230.0,72369.7,262.4269
2026-04-10 12:50:00,72369.7,72370.8,72166.4,72179.2,321.2217
2026-04-10 12:55:00,72179.2,72243.6,72160.0,72220.0,242.8539
2026-04-10 13:00:00,72220.0,72220.6,72155.7,72163.4,215.8518
2026-04-10 13:05:00,72163.5,72238.0,72138.4,72193.8,297.0614
2026-04-10 13:10:00,72193.7,72233.7,72173.3,72180.4,126.3448
2026-04-10 13:15:00,72180.4,72191.9,72123.8,72183.0,194.2945
2026-04-10 13:20:00,72183.0,72250.0,72161.5,72205.2,229.7638
2026-04-10 13:25:00,72205.3,72280.0,72205.2,72265.5,202.2207
2026-04-10 13:30:00,72265.6,72381.0,72035.0,72072.0,1080.1211
2026-04-10 13:35:00,72071.9,72071.9,71874.9,71907.3,1528.8371
2026-04-10 13:40:00,71907.3,72037.1,71868.8,72037.1,496.4182
2026-04-10 13:45:00,72037.1,72288.0,72025.0,72258.3,595.4931
2026-04-10 13:50:00,72258.3,72269.9,72073.1,72238.6,285.0968
2026-04-10 13:55:00,72238.7,72345.2,72202.4,72289.0,643.378
2026-04-10 14:00:00,72289.0,72463.0,72215.2,72395.0,1200.8108
2026-04-10 14:05:00,72395.0,72530.0,72367.2,72398.4,876.5431
2026-04-10 14:10:00,72398.4,72735.0,72351.7,72670.5,1469.381
2026-04-10 14:15:00,72670.5,72814.6,72588.7,72729.6,1746.2182
2026-04-10 14:20:00,72729.5,73036.0,72729.5,73025.9,1790.1738
2026-04-10 14:25:00,73025.9,73047.9,72841.8,72936.2,1121.6677
2026-04-10 14:30:00,72936.3,73100.0,72921.6,73033.1,1018.6982
2026-04-10 14:35:00,73033.1,73125.5,72975.9,73020.9,794.6934
2026-04-10 14:40:00,73020.8,73039.9,72671.1,72825.0,1491.0189
2026-04-10 14:45:00,72825.1,72899.8,72665.5,72685.7,705.956
2026-04-10 14:50:00,72685.7,72936.0,72685.6,72803.8,463.1319
2026-04-10 14:55:00,72803.9,72888.0,72722.2,72878.5,404.5035
2026-04-10 15:00:00,72878.6,72981.3,72852.9,72872.4,459.856
2026-04-10 15:05:00,72872.4,73066.0,72804.3,73054.1,374.8678
2026-04-10 15:10:00,73054.0,73087.0,72981.4,72984.0,325.229
2026-04-10 15:15:00,72984.0,73010.0,72880.4,72984.7,246.2469
2026-04-10 15:20:00,72984.6,73288.0,72943.6,73224.0,1134.853
2026-04-10 15:25:00,73224.0,73225.8,72710.3,72746.4,1690.0161
2026-04-10 15:30:00,72746.4,72818.5,72646.7,72669.6,940.5309
2026-04-10 15:35:00,72669.7,72696.0,72610.6,72685.2,411.607
2026-04-10 15:40:00,72685.1,72717.0,72548.9,72703.0,570.2945
2026-04-10 15:45:00,72703.0,72728.5,72467.1,72532.8,463.8007
2026-04-10 15:50:00,72532.8,72565.8,72464.0,72464.0,270.6828
2026-04-10 15:55:00,72464.0,72490.1,72285.8,72418.3,815.5335
2026-04-10 16:00:00,72418.2,72521.5,72348.4,72486.4,555.5083
2026-04-10 16:05:00,72486.4,72566.7,72433.4,72519.9,361.2828
2026-04-10 16:10:00,72520.0,72687.7,72519.9,72664.7,378.7967
2026-04-10 16:15:00,72664.7,72789.5,72633.5,72706.9,594.3898
2026-04-10 16:20:00,72707.0,72727.3,72535.5,72720.0,577.717
2026-04-10 16:25:00,72720.0,72734.2,72640.0,72733.9,188.4994
2026-04-10 16:30:00,72733.9,72753.8,72550.0,72746.3,337.8066
2026-04-10 16:35:00,72746.2,72766.0,72666.8,72676.6,132.7131
2026-04-10 16:40:00,72676.7,72685.8,72596.5,72685.7,332.6374
2026-04-10 16:45:00,72685.7,72760.0,72663.6,72736.5,123.4993
2026-04-10 16:50:00,72736.6,72941.1,72736.6,72863.2,367.8265
2026-04-10 16:55:00,72863.3,73056.7,72860.1,72965.8,1437.0292
2026-04-10 17:00:00,72965.8,72980.8,72844.8,72854.4,497.7907
2026-04-10 17:05:00,72854.5,72899.0,72797.2,72856.1,187.045
2026-04-10 17:10:00,72856.1,72872.2,72770.2,72831.9,122.859
2026-04-10 17:15:00,72831.9,72918.8,72778.1,72887.9,134.1387
2026-04-10 17:20:00,72888.0,72942.0,72813.3,72919.1,104.6694
2026-04-10 17:25:00,72919.2,73010.0,72890.8,72940.0,160.6684
2026-04-10 17:30:00,72939.9,72940.0,72860.0,72868.4,166.5309
2026-04-10 17:35:00,72868.4,72883.2,72768.1,72866.6,135.3176
2026-04-10 17:40:00,72866.7,72899.0,72795.3,72894.9,122.2999
2026-04-10 17:45:00,72894.9,72997.5,72889.8,72954.4,160.712
2026-04-10 17:50:00,72954.3,73123.0,72943.1,73041.4,528.6295
2026-04-10 17:55:00,73041.4,73100.0,73015.0,73092.0,188.3366
2026-04-10 18:00:00,73091.9,73111.7,72860.5,72881.4,446.5534
2026-04-10 18:05:00,72881.4,72995.3,72840.0,72974.6,170.0908
2026-04-10 18:10:00,72974.6,73060.0,72946.0,73059.9,131.1185
2026-04-10 18:15:00,73060.0,73149.5,72913.2,72945.7,388.4009
2026-04-10 18:20:00,72945.7,73006.7,72918.0,72918.0,109.8296
2026-04-10 18:25:00,72918.0,72989.9,72851.3,72954.2,189.0598
2026-04-10 18:30:00,72954.2,72988.0,72912.2,72912.5,103.4208
2026-04-10 18:35:00,72912.5,72966.7,72890.0,72921.6,72.257
2026-04-10 18:40:00,72921.6,72936.9,72886.2,72918.0,58.9298
2026-04-10 18:45:00,72918.0,72950.0,72900.5,72949.3,47.1008
2026-04-10 18:50:00,72949.2,73037.0,72940.9,73013.0,74.7681
2026-04-10 18:55:00,73013.0,73082.3,73013.0,73071.1,146.3682
2026-04-10 19:00:00,73071.2,73139.6,73071.1,73118.2,190.6627
2026-04-10 19:05:00,73118.1,73156.0,73037.3,73049.2,169.4173
2026-04-10 19:10:00,73049.2,73227.9,73040.0,73144.5,421.2483
2026-04-10 19:15:00,73144.5,73156.5,73090.9,73109.5,97.2369
2026-04-10 19:20:00,73109.4,73125.0,72950.6,73014.9,231.4975
2026-04-10 19:25:00,73014.9,73018.0,72956.2,72957.0,68.7719
2026-04-10 19:30:00,72957.0,72982.7,72886.0,72982.7,218.9328
2026-04-10 19:35:00,72982.7,72983.2,72894.7,72919.1,96.799
2026-04-10 19:40:00,72919.2,72925.0,72871.4,72918.7,127.64
2026-04-10 19:45:00,72918.6,72983.5,72863.8,72982.2,96.4631
2026-04-10 19:50:00,72982.2,73093.7,72982.2,73057.6,134.2049
2026-04-10 19:55:00,73057.6,73248.8,73052.5,73194.0,352.6914
2026-04-10 20:00:00,73194.5,73228.3,73135.7,73220.0,294.7116
2026-04-10 20:05:00,73220.0,73230.0,73096.8,73210.2,244.9166
2026-04-10 20:10:00,73210.3,73219.9,73133.4,73203.9,115.9882
2026-04-10 20:15:00,73203.9,73244.2,73140.6,73234.9,199.8443
2026-04-10 20:20:00,73234.9,73235.0,73094.4,73123.2,122.8762
2026-04-10 20:25:00,73123.1,73224.0,73123.1,73214.9,68.1606
2026-04-10 20:30:00,73214.9,73452.3,73156.4,73195.5,1207.5995
2026-04-10 20:35:00,73195.6,73247.4,73012.8,73043.7,243.4354
2026-04-10 20:40:00,73043.7,73203.0,73023.2,73203.0,232.4111
2026-04-10 20:45:00,73203.0,73240.3,73107.1,73207.0,127.5317
2026-04-10 20:50:00,73207.0,73249.9,73174.6,73240.7,68.8218
2026-04-10 20:55:00,73240.7,73388.7,73240.7,73321.2,272.0061
2026-04-10 21:00:00,73321.3,73321.3,73261.2,73289.3,118.0316
2026-04-10 21:05:00,73289.3,73289.4,73120.2,73157.5,219.4367
2026-04-10 21:10:00,73157.6,73157.6,72974.4,73038.9,205.3439
2026-04-10 21:15:00,73038.9,73055.0,73013.8,73053.9,74.8169
2026-04-10 21:20:00,73053.9,73143.2,73020.1,73102.9,167.7824
2026-04-10 21:25:00,73102.9,73107.3,73053.8,73055.2,42.5712
2026-04-10 21:30:00,73055.3,73060.8,72986.7,73000.8,146.8194
2026-04-10 21:35:00,73000.8,73070.0,73000.7,73013.9,101.0454
2026-04-10 21:40:00,73013.9,73065.6,72900.0,73020.0,175.2689
2026-04-10 21:45:00,73020.1,73108.0,73001.1,73060.1,66.3747
2026-04-10 21:50:00,73060.1,73140.0,73056.0,73113.2,77.9131
2026-04-10 21:55:00,73113.2,73179.0,73101.2,73163.0,77.5497
2026-04-10 22:00:00,73162.9,73198.2,73060.2,73165.3,450.7782
2026-04-10 22:05:00,73165.2,73220.0,73100.0,73100.0,110.9984
2026-04-10 22:10:00,73100.1,73140.9,73100.0,73120.2,56.4765
2026-04-10 22:15:00,73120.2,73168.5,72977.9,73008.0,336.3921
2026-04-10 22:20:00,73008.1,73032.1,72958.8,72985.5,151.1995
2026-04-10 22:25:00,72985.1,73039.9,72969.9,72980.1,82.0124
2026-04-10 22:30:00,72980.1,72986.1,72913.0,72926.1,73.1277
2026-04-10 22:35:00,72926.0,72947.3,72817.2,72860.5,372.7689
2026-04-10 22:40:00,72860.6,72865.0,72678.5,72821.0,453.9843
2026-04-10 22:45:00,72821.0,72847.5,72797.1,72805.6,190.2951
2026-04-10 22:50:00,72805.6,72858.0,72805.5,72855.0,69.3621
2026-04-10 22:55:00,72855.1,72868.0,72832.8,72840.8,50.382
2026-04-10 23:00:00,72840.8,72840.9,72746.0,72817.4,226.8211
2026-04-10 23:05:00,72817.3,72860.0,72807.9,72807.9,71.8856
2026-04-10 23:10:00,72808.0,72853.2,72764.6,72841.0,74.7081
2026-04-10 23:15:00,72841.0,72844.6,72776.0,72778.2,50.8373
2026-04-10 23:20:00,72778.3,72918.0,72778.3,72837.6,155.7069
2026-04-10 23:25:00,72837.6,72887.5,72831.6,72861.9,35.8239
2026-04-10 23:30:00,72861.9,72870.0,72804.0,72866.5,87.4106
2026-04-10 23:35:00,72866.6,72896.9,72861.5,72884.6,52.9807
2026-04-10 23:40:00,72884.7,72890.0,72860.0,72875.1,48.9705
2026-04-10 23:45:00,72875.1,72922.8,72875.1,72904.5,65.6802
2026-04-10 23:50:00,72904.6,72910.0,72875.2,72875.2,44.8095
2026-04-10 23:55:00,72875.2,72933.3,72872.1,72925.8,77.375
2026-04-11 00:00:00,72925.7,72925.8,72801.3,72801.3,179.3761
2026-04-11 00:05:00,72801.3,72847.0,72777.2,72811.6,219.149
2026-04-11 00:10:00,72811.6,72847.3,72797.8,72828.0,45.5847
2026-04-11 00:15:00,72828.0,72848.0,72815.3,72831.1,62.0992
2026-04-11 00:20:00,72831.1,72875.3,72777.0,72833.3,94.1688
2026-04-11 00:25:00,72833.2,72874.9,72833.2,72870.0,48.3984
2026-04-11 00:30:00,72869.9,72870.0,72805.2,72826.5,63.5679
2026-04-11 00:35:00,72826.5,72894.7,72824.3,72894.7,37.7289
2026-04-11 00:40:00,72894.7,72900.0,72824.7,72824.8,88.1866
2026-04-11 00:45:00,72824.7,72824.8,72750.0,72806.2,86.5892
2026-04-11 00:50:00,72806.2,72810.0,72777.0,72810.0,75.8535
2026-04-11 00:55:00,72810.0,72810.0,72780.7,72799.2,23.3358
2026-04-11 01:00:00,72799.3,72806.6,72734.6,72750.1,77.8799
2026-04-11 01:05:00,72750.1,72817.1,72750.0,72804.0,57.0023
2026-04-11 01:10:00,72803.9,72805.3,72767.1,72772.6,61.0455
2026-04-11 01:15:00,72772.6,72772.6,72616.7,72709.0,424.8934
2026-04-11 01:20:00,72709.0,72725.0,72680.4,72702.3,63.8019
2026-04-11 01:25:00,72702.3,72817.8,72677.0,72802.3,120.1376
2026-04-11 01:30:00,72802.3,72920.0,72790.0,72867.6,137.9542
2026-04-11 01:35:00,72867.7,72867.7,72800.0,72832.7,58.1446
2026-04-11 01:40:00,72832.8,72850.0,72817.2,72827.2,43.3203
2026-04-11 01:45:00,72827.2,72964.1,72824.8,72943.8,122.4543
2026-04-11 01:50:00,72943.8,72975.0,72906.5,72917.5,97.6808
2026-04-11 01:55:00,72917.5,72931.9,72881.2,72927.5,134.3957
2026-04-11 02:00:00,72927.5,72971.3,72875.7,72917.3,99.6414
2026-04-11 02:05:00,72917.3,72973.2,72880.0,72898.8,137.8348
2026-04-11 02:10:00,72898.7,72950.0,72887.8,72926.4,111.2985
2026-04-11 02:15:00,72926.5,73026.0,72926.4,72996.3,148.3316
2026-04-11 02:20:00,72996.3,72996.3,72945.1,72945.2,67.0026
2026-04-11 02:25:00,72945.2,72983.8,72932.0,72952.4,93.7631
2026-04-11 02:30:00,72952.3,73073.8,72952.3,73007.3,288.7422
2026-04-11 02:35:00,73007.3,73014.4,72962.4,73001.6,117.4919
2026-04-11 02:40:00,73001.6,73013.5,72944.6,72959.3,104.5995
2026-04-11 02:45:00,72959.3,72959.3,72891.0,72891.0,111.0632
2026-04-11 02:50:00,72891.1,72920.0,72868.1,72883.5,77.6429
2026-04-11 02:55:00,72883.5,72928.8,72883.4,72928.8,76.6432
2026-04-11 03:00:00,72928.8,72966.0,72921.8,72944.9,87.0846
2026-04-11 03:05:00,72944.9,72960.0,72930.1,72957.9,52.156
2026-04-11 03:10:00,72957.9,73047.2,72957.9,73005.0,128.6215
2026-04-11 03:15:00,73005.1,73016.0,72989.8,72999.9,83.3594
2026-04-11 03:20:00,73000.0,73023.4,72956.9,72957.9,80.22
2026-04-11 03:25:00,72958.0,72998.1,72957.9,72958.3,44.2414
2026-04-11 03:30:00,72958.2,72978.3,72921.2,72922.8,51.4879
2026-04-11 03:35:00,72922.8,72931.5,72890.0,72931.4,131.1872
2026-04-11 03:40:00,72931.4,72988.0,72915.1,72939.0,37.913
2026-04-11 03:45:00,72939.0,72950.0,72915.6,72949.9,43.2276
2026-04-11 03:50:00,72950.0,72950.0,72853.3,72885.5,175.3997
2026-04-11 03:55:00,72885.5,72885.6,72785.8,72836.9,171.6381
2026-04-11 04:00:00,72837.0,72858.0,72774.4,72828.2,172.5877
2026-04-11 04:05:00,72828.2,72925.2,72828.2,72896.3,109.1778
2026-04-11 04:10:00,72896.3,72905.0,72797.7,72804.6,158.2108
2026-04-11 04:15:00,72804.7,72810.8,72697.0,72704.9,314.1192
2026-04-11 04:20:00,72704.9,72734.6,72682.9,72700.1,169.3751
2026-04-11 04:25:00,72700.1,72729.4,72650.6,72696.8,235.4428
2026-04-11 04:30:00,72696.9,72801.5,72696.8,72753.0,105.5292
2026-04-11 04:35:00,72753.1,72770.0,72713.7,72762.6,62.1431
2026-04-11 04:40:00,72762.6,72772.1,72740.0,72772.0,43.0869
2026-04-11 04:45:00,72772.0,72774.9,72734.4,72764.3,58.0735
2026-04-11 04:50:00,72764.3,72800.0,72764.3,72779.0,40.8696
2026-04-11 04:55:00,72779.0,72788.5,72770.4,72781.1,29.3891
2026-04-11 05:00:00,72781.2,72801.5,72760.1,72760.1,58.1717
2026-04-11 05:05:00,72760.1,72775.1,72730.0,72730.0,64.8581
2026-04-11 05:10:00,72730.0,72730.5,72670.0,72678.8,148.2113
2026-04-11 05:15:00,72678.8,72727.3,72642.8,72671.6,236.2794
2026-04-11 05:20:00,72671.7,72753.9,72671.6,72736.3,99.0011
2026-04-11 05:25:00,72736.3,72783.4,72733.0,72783.4,41.8555
2026-04-11 05:30:00,72783.3,72812.0,72776.4,72776.5,95.8985
2026-04-11 05:35:00,72776.6,72799.9,72775.0,72794.0,44.1999
2026-04-11 05:40:00,72794.0,72804.8,72770.0,72770.0,41.3476
2026-04-11 05:45:00,72770.0,72770.1,72735.0,72751.7,46.315
2026-04-11 05:50:00,72751.7,72751.7,72722.0,72748.9,35.8697
2026-04-11 05:55:00,72748.9,72748.9,72685.1,72696.4,78.6856
2026-04-11 06:00:00,72696.3,72696.4,72570.3,72658.0,367.0099
2026-04-11 06:05:00,72658.0,72681.7,72604.3,72632.4,129.281
2026-04-11 06:10:00,72632.4,72683.7,72630.1,72650.6,180.9111
2026-04-11 06:15:00,72650.6,72696.0,72644.1,72675.0,61.6196
2026-04-11 06:20:00,72674.9,72717.0,72650.1,72650.1,52.8503
2026-04-11 06:25:00,72650.1,72673.5,72600.1,72666.0,112.1328
2026-04-11 06:30:00,72666.0,72699.3,72651.5,72656.7,70.7573
2026-04-11 06:35:00,72656.7,72724.3,72656.7,72700.1,66.3184
2026-04-11 06:40:00,72700.1,72709.2,72688.1,72700.3,24.3417
2026-04-11 06:45:00,72700.3,72708.9,72688.0,72701.4,30.7712
2026-04-11 06:50:00,72701.4,72750.0,72701.3,72743.0,49.382
2026-04-11 06:55:00,72743.1,72755.1,72726.5,72738.9,49.0404
2026-04-11 07:00:00,72739.0,72755.5,72722.1,72744.3,75.7911
2026-04-11 07:05:00,72744.4,72744.4,72721.2,72724.3,46.3499
2026-04-11 07:10:00,72724.3,72738.1,72711.5,72724.2,53.7287
2026-04-11 07:15:00,72724.2,72757.2,72724.2,72725.7,70.7034
2026-04-11 07:20:00,72725.6,72801.9,72725.6,72798.5,109.9697
2026-04-11 07:25:00,72798.6,72809.7,72768.7,72775.3,118.3513
2026-04-11 07:30:00,72775.3,72796.2,72752.6,72790.1,94.6647
2026-04-11 07:35:00,72790.1,72790.1,72735.3,72766.5,107.0063
2026-04-11 07:40:00,72766.6,72773.3,72702.5,72702.5,80.7974
2026-04-11 07:45:00,72702.5,72702.5,72658.0,72666.7,122.4148
2026-04-11 07:50:00,72666.7,72673.6,72633.6,72663.9,98.6832
2026-04-11 07:55:00,72663.9,72719.9,72663.9,72719.7,145.6517
2026-04-11 08:00:00,72719.8,72721.6,72684.5,72694.7,86.0242
2026-04-11 08:05:00,72694.7,72719.6,72684.5,72712.8,64.5846
2026-04-11 08:10:00,72712.7,72766.0,72709.5,72746.8,133.2172
2026-04-11 08:15:00,72746.7,72746.8,72730.4,72741.8,32.477
2026-04-11 08:20:00,72741.9,72779.9,72725.0,72728.2,74.232
2026-04-11 08:25:00,72728.2,72734.5,72717.4,72717.4,25.2756
2026-04-11 08:30:00,72717.4,72739.9,72696.4,72696.4,108.078
2026-04-11 08:35:00,72696.3,72703.3,72660.1,72703.2,55.6291
2026-04-11 08:40:00,72703.3,72720.0,72691.8,72713.5,52.852
2026-04-11 08:45:00,72713.5,72721.8,72693.6,72693.7,32.4479
2026-04-11 08:50:00,72693.6,72693.7,72601.0,72652.7,226.1577
2026-04-11 08:55:00,72652.6,72673.0,72636.2,72636.3,53.2375
2026-04-11 09:00:00,72636.3,72657.6,72630.0,72642.4,59.0835
2026-04-11 09:05:00,72642.4,72642.5,72600.0,72618.6,236.4286
2026-04-11 09:10:00,72618.6,72650.0,72605.7,72650.0,74.5601
2026-04-11 09:15:00,72650.0,72831.4,72649.9,72774.1,410.2949
2026-04-11 09:20:00,72774.1,72884.0,72757.1,72828.4,353.217
2026-04-11 09:25:00,72828.4,72865.0,72822.2,72833.1,151.509
2026-04-11 09:30:00,72833.0,72833.1,72728.1,72742.6,125.7547
2026-04-11 09:35:00,72742.6,72820.9,72732.1,72814.2,71.8254
2026-04-11 09:40:00,72814.1,72833.0,72788.1,72794.8,101.8948
2026-04-11 09:45:00,72794.7,72835.6,72794.7,72808.1,53.3129
2026-04-11 09:50:00,72808.0,72821.3,72799.1,72821.3,56.5462
2026-04-11 09:55:00,72821.3,72883.0,72821.2,72875.2,144.3413
2026-04-11 10:00:00,72875.1,72898.4,72833.8,72849.3,154.1915
2026-04-11 10:05:00,72849.4,72872.1,72827.7,72868.1,78.2438
2026-04-11 10:10:00,72868.1,72868.2,72745.2,72785.0,115.6203
2026-04-11 10:15:00,72785.1,72802.9,72740.0,72781.4,119.1285
2026-04-11 10:20:00,72781.4,72819.7,72779.8,72819.7,53.6594
2026-04-11 10:25:00,72819.7,72850.0,72813.0,72834.8,59.3059
2026-04-11 10:30:00,72834.8,72842.2,72824.5,72835.2,62.0322
2026-04-11 10:35:00,72835.2,72835.3,72762.0,72773.0,166.4861
2026-04-11 10:40:00,72772.9,72787.2,72728.0,72749.5,154.8069
2026-04-11 10:45:00,72749.5,72759.6,72734.9,72759.6,72.9694
2026-04-11 10:50:00,72759.6,72803.1,72755.2,72803.0,80.4286
2026-04-11 10:55:00,72803.0,72817.9,72787.0,72811.2,88.4063
2026-04-11 11:00:00,72811.2,72832.5,72787.0,72813.6,73.1835
2026-04-11 11:05:00,72813.6,72856.2,72809.7,72843.9,110.606
2026-04-11 11:10:00,72844.0,72844.0,72826.0,72832.2,39.845
2026-04-11 11:15:00,72832.3,72849.9,72800.0,72812.5,42.0957
2026-04-11 11:20:00,72812.4,72849.1,72812.4,72831.6,65.7452
2026-04-11 11:25:00,72831.6,72842.6,72800.0,72800.0,38.8809
2026-04-11 11:30:00,72800.0,72813.9,72790.9,72803.4,50.5948
2026-04-11 11:35:00,72803.4,72832.1,72803.4,72814.8,42.6356
2026-04-11 11:40:00,72814.8,72824.9,72800.0,72821.1,42.874
2026-04-11 11:45:00,72821.1,72842.0,72809.8,72820.0,36.6593
2026-04-11 11:50:00,72820.1,72880.0,72815.0,72874.8,67.4776
2026-04-11 11:55:00,72874.8,72896.0,72850.9,72883.8,161.0158
2026-04-11 12:00:00,72883.7,72910.3,72864.0,72893.8,242.9037
2026-04-11 12:05:00,72893.9,72921.8,72880.0,72880.1,156.7019
2026-04-11 12:10:00,72880.1,72897.9,72855.4,72897.9,117.9218
2026-04-11 12:15:00,72897.9,72924.3,72858.3,72859.5,71.2664
2026-04-11 12:20:00,72859.5,72874.6,72787.0,72789.9,139.7725
2026-04-11 12:25:00,72789.9,72845.0,72787.0,72834.6,67.0916
2026-04-11 12:30:00,72834.7,72873.1,72818.2,72873.1,44.933
2026-04-11 12:35:00,72873.1,72896.7,72841.0,72841.1,97.6964
2026-04-11 12:40:00,72841.1,72935.2,72841.0,72925.3,104.762
2026-04-11 12:45:00,72925.4,72956.5,72908.8,72921.3,123.4729
2026-04-11 12:50:00,72921.3,72925.6,72887.0,72887.0,71.5389
2026-04-11 12:55:00,72887.0,72905.5,72882.3,72900.0,46.4118
2026-04-11 13:00:00,72900.0,72900.0,72742.2,72775.0,358.7207
2026-04-11 13:05:00,72775.0,72800.0,72702.8,72713.8,359.3356
2026-04-11 13:10:00,72713.8,72713.9,72480.4,72570.9,1198.0813
2026-04-11 13:15:00,72570.9,72760.2,72570.9,72740.4,272.0803
2026-04-11 13:20:00,72740.3,72742.1,72634.1,72634.1,141.4387
2026-04-11 13:25:00,72634.2,72711.0,72588.0,72589.8,169.1025
2026-04-11 13:30:00,72589.7,72631.3,72550.0,72571.7,202.6273
2026-04-11 13:35:00,72571.7,72610.0,72561.7,72605.2,151.9222
2026-04-11 13:40:00,72605.2,72701.2,72600.0,72638.1,231.1623
2026-04-11 13:45:00,72638.1,72670.0,72610.0,72669.9,95.6673
2026-04-11 13:50:00,72670.0,72680.0,72620.0,72640.7,129.1214
2026-04-11 13:55:00,72640.7,72670.0,72628.1,72628.1,39.6343
2026-04-11 14:00:00,72628.2,72677.9,72587.3,72640.0,107.6977
2026-04-11 14:05:00,72640.0,72696.4,72619.7,72694.2,114.3178
2026-04-11 14:10:00,72694.3,72709.3,72674.1,72678.6,58.8414
2026-04-11 14:15:00,72678.6,72716.6,72675.0,72694.0,71.2788
2026-04-11 14:20:00,72694.1,72749.4,72690.0,72716.2,114.3445
2026-04-11 14:25:00,72716.2,72716.3,72679.1,72687.8,68.5185
2026-04-11 14:30:00,72687.8,72687.8,72628.4,72675.4,70.0891
2026-04-11 14:35:00,72675.4,72690.8,72599.1,72599.2,96.9234
2026-04-11 14:40:00,72599.1,72624.6,72578.0,72624.6,114.7124
2026-04-11 14:45:00,72624.6,72644.0,72608.8,72608.8,55.1293
2026-04-11 14:50:00,72608.9,72704.5,72608.8,72692.8,85.9309
2026-04-11 14:55:00,72692.8,72704.3,72669.3,72669.3,102.8486
2026-04-11 15:00:00,72669.3,72712.4,72648.6,72696.4,189.7528
2026-04-11 15:05:00,72696.3,72696.4,72661.7,72665.6,30.5081
2026-04-11 15:10:00,72665.6,72686.6,72665.0,72680.7,88.7235
2026-04-11 15:15:00,72680.7,72874.1,72665.0,72770.2,384.1641
2026-04-11 15:20:00,72770.2,72776.6,72735.7,72740.1,67.1988
2026-04-11 15:25:00,72740.0,72769.1,72706.0,72722.1,138.4536
2026-04-11 15:30:00,72722.0,72786.4,72722.0,72757.0,76.6727
2026-04-11 15:35:00,72757.0,72768.0,72736.5,72767.9,122.6237
2026-04-11 15:40:00,72767.9,72767.9,72734.0,72740.6,48.9202
2026-04-11 15:45:00,72740.7,72814.9,72717.5,72717.5,209.3663
2026-04-11 15:50:00,72717.6,72810.0,72711.5,72798.2,115.5786
2026-04-11 15:55:00,72798.1,72845.3,72794.6,72826.6,151.2788
2026-04-11 16:00:00,72826.5,72850.0,72790.0,72847.9,185.1001
2026-04-11 16:05:00,72848.0,72849.8,72793.3,72821.8,66.5127
2026-04-11 16:10:00,72821.7,72850.0,72821.7,72849.9,55.721
2026-04-11 16:15:00,72849.9,72906.3,72834.3,72888.6,224.2342
2026-04-11 16:20:00,72888.5,72888.6,72820.1,72827.9,78.8968
2026-04-11 16:25:00,72827.9,72864.9,72827.8,72847.9,36.8995
2026-04-11 16:30:00,72848.0,72888.0,72833.3,72833.3,62.6732
2026-04-11 16:35:00,72833.3,72928.6,72824.3,72891.3,185.0173
2026-04-11 16:40:00,72891.3,73200.0,72891.3,73085.6,1138.6585
2026-04-11 16:45:00,73085.5,73175.5,73027.6,73130.5,536.8028
2026-04-11 16:50:00,73130.5,73170.9,73034.0,73045.4,285.0707
2026-04-11 16:55:00,73045.4,73080.0,73000.0,73000.4,155.0318
2026-04-11 17:00:00,73000.4,73025.0,72965.0,72997.1,217.7938
2026-04-11 17:05:00,72997.1,72997.1,72957.7,72968.8,80.8792
2026-04-11 17:10:00,72968.9,73005.8,72959.1,72967.3,163.3371
2026-04-11 17:15:00,72967.4,72967.4,72903.0,72949.3,119.7279
2026-04-11 17:20:00,72949.3,73075.3,72933.6,73064.5,125.7403
2026-04-11 17:25:00,73064.4,73064.5,72994.7,73047.0,131.4437
2026-04-11 17:30:00,73047.0,73130.0,73047.0,73129.9,161.2533
2026-04-11 17:35:00,73129.9,73142.0,73073.1,73093.7,140.8166
2026-04-11 17:40:00,73093.8,73130.0,73086.2,73117.3,78.7431
2026-04-11 17:45:00,73117.2,73136.3,73047.7,73068.1,64.6064
2026-04-11 17:50:00,73068.0,73085.9,73039.8,73039.9,53.7951
2026-04-11 17:55:00,73039.8,73060.4,73029.8,73060.3,66.7738
2026-04-11 18:00:00,73060.4,73080.6,73002.8,73016.8,109.1956
2026-04-11 18:05:00,73016.8,73065.0,73004.5,73065.0,51.1024
2026-04-11 18:10:00,73065.0,73090.8,73026.4,73090.8,55.8082
2026-04-11 18:15:00,73090.8,73156.7,73090.7,73149.4,135.3842
2026-04-11 18:20:00,73149.3,73246.4,73149.3,73162.9,272.8697
2026-04-11 18:25:00,73162.9,73211.6,73148.9,73167.1,103.6428
2026-04-11 18:30:00,73167.0,73333.0,73163.0,73259.9,535.068
2026-04-11 18:35:00,73260.0,73748.5,73259.9,73564.9,3122.608
2026-04-11 18:40:00,73564.9,73586.3,73413.6,73441.5,398.1938
2026-04-11 18:45:00,73441.5,73612.0,73403.9,73526.2,397.0064
2026-04-11 18:50:00,73526.2,73536.5,73471.1,73489.1,149.8478
2026-04-11 18:55:00,73489.0,73534.3,73466.7,73527.3,131.9347
2026-04-11 19:00:00,73527.4,73596.5,73458.2,73512.0,296.7798
2026-04-11 19:05:00,73512.0,73799.1,73512.0,73687.9,755.2692
2026-04-11 19:10:00,73687.9,73697.8,73530.0,73551.1,212.7304
2026-04-11 19:15:00,73551.1,73636.8,73433.8,73516.0,255.969
2026-04-11 19:20:00,73516.1,73516.1,73439.3,73493.7,141.3755
2026-04-11 19:25:00,73493.7,73636.4,73490.0,73599.9,145.5022
2026-04-11 19:30:00,73600.0,73780.0,73600.0,73682.8,582.873
2026-04-11 19:35:00,73682.7,73697.5,73587.8,73645.2,307.4521
2026-04-11 19:40:00,73645.2,73670.0,73622.7,73666.8,101.3204
2026-04-11 19:45:00,73666.9,73670.0,73605.0,73626.0,151.0019
2026-04-11 19:50:00,73626.0,73640.6,73583.1,73632.9,159.6367
2026-04-11 19:55:00,73632.9,73659.7,73621.9,73659.6,81.9022
2026-04-11 20:00:00,73659.6,73670.7,73505.9,73518.9,196.1675
2026-04-11 20:05:00,73518.8,73586.5,73500.0,73550.0,190.4782
2026-04-11 20:10:00,73550.1,73555.9,73470.6,73470.6,122.0175
2026-04-11 20:15:00,73470.5,73499.5,73433.3,73434.1,166.6246
2026-04-11 20:20:00,73434.2,73434.2,73376.3,73395.6,137.5323
2026-04-11 20:25:00,73395.6,73440.0,73382.2,73397.4,110.3066
2026-04-11 20:30:00,73397.4,73397.5,73211.2,73228.0,342.7836
2026-04-11 20:35:00,73228.0,73343.7,73201.6,73277.8,288.2535
2026-04-11 20:40:00,73277.7,73339.0,73276.2,73333.5,191.9032
2026-04-11 20:45:00,73333.4,73394.4,73300.5,73386.5,134.9255
2026-04-11 20:50:00,73386.5,73414.8,73340.0,73355.0,140.0585
2026-04-11 20:55:00,73354.9,73354.9,73262.6,73274.8,67.0481
2026-04-11 21:00:00,73274.8,73320.0,73166.0,73278.5,184.0528
2026-04-11 21:05:00,73278.6,73392.8,73273.9,73392.3,67.6187
2026-04-11 21:10:00,73392.3,73412.9,73346.3,73389.9,114.7765
2026-04-11 21:15:00,73389.9,73419.6,73362.6,73375.5,46.5316
2026-04-11 21:20:00,73375.6,73393.9,73301.8,73322.9,219.2161
2026-04-11 21:25:00,73322.8,73350.0,73289.6,73326.4,36.9276
2026-04-11 21:30:00,73326.5,73402.0,73288.5,73386.3,165.6922
2026-04-11 21:35:00,73386.4,73437.5,73371.2,73394.7,54.3109
2026-04-11 21:40:00,73394.8,73450.0,73384.8,73406.6,70.0018
2026-04-11 21:45:00,73406.6,73479.0,73400.0,73400.0,179.5255
2026-04-11 21:50:00,73400.1,73530.4,73400.0,73470.9,141.9454
2026-04-11 21:55:00,73470.9,73472.8,73378.2,73406.3,63.88
2026-04-11 22:00:00,73406.2,73450.4,73338.2,73450.4,95.7749
2026-04-11 22:05:00,73450.3,73522.9,73450.3,73507.7,72.5524
2026-04-11 22:10:00,73507.8,73515.0,73455.2,73474.4,63.1112
2026-04-11 22:15:00,73474.5,73546.3,73442.6,73474.6,121.9179
2026-04-11 22:20:00,73474.7,73474.7,73404.5,73424.0,39.3368
2026-04-11 22:25:00,73424.0,73464.0,73372.8,73424.4,91.6113
2026-04-11 22:30:00,73424.4,73434.3,73245.3,73289.6,201.3362
2026-04-11 22:35:00,73289.7,73334.1,73210.8,73258.9,126.6397
2026-04-11 22:40:00,73258.8,73342.9,73228.3,73301.8,106.0756
2026-04-11 22:45:00,73301.8,73335.9,73276.5,73314.7,90.8299
2026-04-11 22:50:00,73314.8,73320.2,73221.3,73242.3,132.6651
2026-04-11 22:55:00,73242.3,73360.0,73241.2,73341.1,139.3166
2026-04-11 23:00:00,73341.1,73341.2,73055.0,73083.3,332.2867
2026-04-11 23:05:00,73083.4,73095.8,72918.5,72956.0,499.3078
2026-04-11 23:10:00,72956.1,73025.0,72864.0,73016.6,406.5701
2026-04-11 23:15:00,73016.6,73108.9,73000.0,73091.7,142.22
2026-04-11 23:20:00,73091.7,73172.9,73091.6,73166.6,136.3736
2026-04-11 23:25:00,73166.6,73180.0,73100.0,73100.0,93.7254
2026-04-11 23:30:00,73100.0,73100.0,73040.1,73082.3,202.6427
2026-04-11 23:35:00,73082.3,73135.9,73059.9,73104.7,121.4652
2026-04-11 23:40:00,73104.6,73104.6,73039.3,73039.3,58.0901
2026-04-11 23:45:00,73039.3,73078.4,73027.5,73027.6,94.3138
2026-04-11 23:50:00,73027.7,73039.6,72970.0,72972.9,189.3492
2026-04-11 23:55:00,72972.9,73020.5,72967.8,73014.7,123.4529
2026-04-12 00:00:00,73014.7,73014.8,72823.4,72867.1,258.0296
2026-04-12 00:05:00,72867.1,73006.7,72867.1,72971.6,200.1036
2026-04-12 00:10:00,72971.5,73052.5,72932.1,72972.8,151.7451
2026-04-12 00:15:00,72972.7,72972.7,72906.1,72947.0,123.8391
2026-04-12 00:20:00,72947.0,73085.0,72947.0,73052.9,211.3502
2026-04-12 00:25:00,73052.8,73059.9,73020.5,73045.2,78.4757
2026-04-12 00:30:00,73045.3,73060.0,73020.0,73055.1,54.4824
2026-04-12 00:35:00,73055.2,73088.0,72992.6,72992.6,107.9595
2026-04-12 00:40:00,72992.6,73018.3,72953.6,72993.2,87.8689
2026-04-12 00:45:00,72993.3,73030.8,72990.0,72990.1,73.7428
2026-04-12 00:50:00,72990.0,73070.7,72979.0,73013.3,150.0818
2026-04-12 00:55:00,73013.2,73049.9,72982.3,73049.8,80.8924
2026-04-12 01:00:00,73049.9,73107.1,73006.8,73006.9,123.4735
2026-04-12 01:05:00,73006.9,73049.2,72940.3,73030.6,154.0167
2026-04-12 01:10:00,73030.7,73099.3,73013.0,73055.4,170.8707
2026-04-12 01:15:00,73055.3,73060.0,72976.2,73032.1,183.9965
2026-04-12 01:20:00,73032.0,73041.3,73014.4,73014.4,50.1225
2026-04-12 01:25:00,73014.4,73031.4,72956.0,72983.0,88.6696
2026-04-12 01:30:00,72983.0,72984.8,72581.3,72581.3,785.2874
2026-04-12 01:35:00,72581.4,72588.4,71933.0,72205.9,4170.4833
2026-04-12 01:40:00,72205.9,72206.1,71515.0,71700.9,2313.4003
2026-04-12 01:45:00,71701.0,71701.0,71318.2,71377.3,2201.7765
2026-04-12 01:50:00,71377.4,71647.9,71270.2,71643.9,1579.9626
2026-04-12 01:55:00,71643.8,71650.3,71466.3,71610.0,646.5041
2026-04-12 02:00:00,71609.9,71728.9,71385.3,71385.4,945.9335
2026-04-12 02:05:00,71385.4,71587.9,71310.5,71580.0,529.4894
2026-04-12 02:10:00,71580.0,71820.8,71551.2,71744.1,974.472
2026-04-12 02:15:00,71744.1,71934.7,71723.1,71803.8,947.8883
2026-04-12 02:20:00,71803.9,71859.9,71663.7,71719.7,472.4492
2026-04-12 02:25:00,71719.7,71791.6,71642.9,71737.8,285.829
2026-04-12 02:30:00,71737.7,71870.0,71737.7,71855.5,226.196
2026-04-12 02:35:00,71855.4,71880.0,71791.1,71791.1,163.1152
2026-04-12 02:40:00,71791.1,71899.9,71770.8,71845.5,218.954
2026-04-12 02:45:00,71845.6,71862.0,71760.0,71773.9,197.1129
2026-04-12 02:50:00,71773.9,71823.9,71742.0,71742.0,142.3271
2026-04-12 02:55:00,71742.0,71780.0,71720.0,71725.8,135.0921
2026-04-12 03:00:00,71725.8,71829.5,71706.7,71793.7,222.3036
2026-04-12 03:05:00,71793.7,71823.1,71680.0,71697.1,221.5411
2026-04-12 03:10:00,71697.1,71771.1,71580.0,71709.6,336.1926
2026-04-12 03:15:00,71709.6,71747.1,71638.8,71638.9,139.4131
2026-04-12 03:20:00,71638.8,71658.3,71579.0,71600.1,165.5662
2026-04-12 03:25:00,71600.2,71710.2,71594.1,71691.5,213.3416
2026-04-12 03:30:00,71691.4,71721.7,71560.1,71625.6,159.2469
2026-04-12 03:35:00,71625.7,71677.0,71581.0,71624.9,281.1995
2026-04-12 03:40:00,71624.8,71679.6,71603.8,71629.0,237.7976
2026-04-12 03:45:00,71629.0,71657.9,71586.2,71616.7,208.2021
2026-04-12 03:50:00,71616.7,71666.4,71611.1,71614.5,179.4937
2026-04-12 03:55:00,71614.6,71614.6,71557.0,71557.7,260.9472
2026-04-12 04:00:00,71557.6,71635.6,71540.0,71603.3,220.2362
2026-04-12 04:05:00,71603.3,71650.0,71527.6,71546.5,133.6431
2026-04-12 04:10:00,71546.4,71562.5,71480.0,71562.4,241.3734
2026-04-12 04:15:00,71562.5,71610.0,71450.0,71481.0,223.0319
2026-04-12 04:20:00,71480.9,71557.4,71462.5,71503.4,145.7688
2026-04-12 04:25:00,71503.5,71540.0,71485.6,71495.7,97.4657
2026-04-12 04:30:00,71495.6,71534.6,71460.0,71529.0,165.2489
2026-04-12 04:35:00,71529.0,71535.9,71500.0,71524.2,65.7902
2026-04-12 04:40:00,71524.3,71554.9,71513.0,71528.4,106.5571
2026-04-12 04:45:00,71528.3,71528.4,71470.0,71523.9,113.35
2026-04-12 04:50:00,71523.9,71540.4,71411.0,71456.9,368.7713
2026-04-12 04:55:00,71456.9,71466.1,71416.8,71437.9,171.2518
2026-04-12 05:00:00,71437.9,71498.2,71380.0,71466.7,334.7781
2026-04-12 05:05:00,71466.7,71540.4,71449.6,71531.2,209.6485
2026-04-12 05:10:00,71531.2,71535.7,71479.0,71479.0,79.7048
2026-04-12 05:15:00,71479.0,71517.5,71450.0,71485.0,71.3875
2026-04-12 05:20:00,71484.9,71620.0,71484.9,71616.6,288.8441
2026-04-12 05:25:00,71616.6,71653.2,71586.0,71636.6,194.0383
2026-04-12 05:30:00,71636.6,71695.9,71603.6,71611.4,319.6159
2026-04-12 05:35:00,71611.4,71630.0,71576.0,71629.9,124.1124
2026-04-12 05:40:00,71629.9,71630.0,71604.0,71611.6,124.6549
2026-04-12 05:45:00,71611.6,71711.0,71603.1,71704.5,119.4341
2026-04-12 05:50:00,71704.5,71750.0,71652.3,71666.5,234.0135
2026-04-12 05:55:00,71666.4,71714.6,71664.1,71664.1,101.9898
2026-04-12 06:00:00,71664.2,71684.2,71650.5,71673.2,93.9557
2026-04-12 06:05:00,71673.1,71692.8,71660.6,71664.6,54.1237
2026-04-12 06:10:00,71664.7,71726.5,71644.6,71708.2,196.5382
2026-04-12 06:15:00,71708.2,71708.3,71633.6,71657.6,67.8201
2026-04-12 06:20:00,71657.7,71672.9,71625.9,71672.9,57.3222
2026-04-12 06:25:00,71672.9,71715.3,71639.8,71670.5,235.2254
2026-04-12 06:30:00,71670.4,71670.4,71616.4,71616.4,48.2443
2026-04-12 06:35:00,71616.3,71638.8,71603.5,71616.3,71.9202
2026-04-12 06:40:00,71616.4,71632.0,71611.1,71622.2,44.2994
2026-04-12 06:45:00,71622.1,71629.2,71600.0,71619.2,47.7135
2026-04-12 06:50:00,71619.2,71656.2,71619.2,71623.1,65.0739
2026-04-12 06:55:00,71623.1,71625.8,71602.6,71617.1,51.3777
2026-04-12 07:00:00,71617.0,71617.0,71557.5,71563.5,130.9896
2026-04-12 07:05:00,71563.5,71598.0,71541.1,71598.0,133.3594
2026-04-12 07:10:00,71598.0,71644.9,71590.7,71596.0,91.3348
2026-04-12 07:15:00,71595.9,71599.8,71575.2,71595.7,69.979
2026-04-12 07:20:00,71595.6,71619.5,71578.6,71581.2,53.9827
2026-04-12 07:25:00,71581.1,71596.9,71552.6,71596.8,78.0431
2026-04-12 07:30:00,71596.8,71615.1,71590.0,71613.2,47.9343
2026-04-12 07:35:00,71613.3,71699.9,71613.2,71682.9,158.8503
2026-04-12 07:40:00,71682.9,71715.0,71676.7,71714.9,152.2942
2026-04-12 07:45:00,71714.9,71720.0,71653.1,71669.0,118.3151
2026-04-12 07:50:00,71668.9,71708.2,71656.2,71697.7,123.5828
2026-04-12 07:55:00,71697.8,71702.8,71635.9,71635.9,104.1307
2026-04-12 08:00:00,71635.9,71683.2,71608.0,71620.5,230.9343
2026-04-12 08:05:00,71620.5,71655.9,71602.7,71634.3,124.5562
2026-04-12 08:10:00,71634.3,71634.3,71600.0,71608.5,154.8436
2026-04-12 08:15:00,71608.5,71639.0,71600.0,71600.1,83.7444
2026-04-12 08:20:00,71600.1,71685.9,71600.0,71674.5,72.3039
2026-04-12 08:25:00,71674.4,71678.1,71652.2,71666.0,61.5218
2026-04-12 08:30:00,71666.1,71694.2,71650.1,71652.3,94.1639
2026-04-12 08:35:00,71652.3,71715.0,71641.2,71705.0,73.9154
2026-04-12 08:40:00,71705.0,71772.0,71696.8,71700.2,286.8505
2026-04-12 08:45:00,71700.3,71700.3,71578.6,71578.7,197.0794
2026-04-12 08:50:00,71578.6,71588.0,71553.4,71568.8,177.5282
2026-04-12 08:55:00,71568.8,71603.9,71560.4,71591.5,70.2227
2026-04-12 09:00:00,71591.4,71591.5,71503.7,71531.0,198.0388
2026-04-12 09:05:00,71531.0,71553.2,71512.3,71540.0,155.1381
2026-04-12 09:10:00,71540.0,71564.0,71528.0,71564.0,45.9339
2026-04-12 09:15:00,71564.0,71574.2,71556.7,71574.0,42.7991
2026-04-12 09:20:00,71574.0,71588.8,71556.7,71585.8,57.978
2026-04-12 09:25:00,71585.8,71596.5,71560.9,71560.9,83.2496
2026-04-12 09:30:00,71560.8,71599.9,71560.8,71599.9,35.5696
2026-04-12 09:35:00,71600.0,71601.0,71560.0,71601.0,116.9555
2026-04-12 09:40:00,71601.0,71607.4,71527.1,71550.6,90.3303
2026-04-12 09:45:00,71550.6,71560.0,71480.9,71504.0,219.8202
2026-04-12 09:50:00,71503.9,71525.3,71503.9,71519.2,52.0588
2026-04-12 09:55:00,71519.2,71519.5,71490.6,71507.4,85.0566
2026-04-12 10:00:00,71507.3,71510.5,71479.8,71501.2,145.1224
2026-04-12 10:05:00,71501.3,71655.0,71501.3,71654.6,248.5045
2026-04-12 10:10:00,71654.5,71654.6,71585.8,71595.0,56.571
2026-04-12 10:15:00,71595.1,71630.0,71595.0,71610.8,73.5153
2026-04-12 10:20:00,71610.8,71627.2,71610.2,71618.2,44.912
2026-04-12 10:25:00,71618.1,71618.2,71575.0,71575.1,71.698
2026-04-12 10:30:00,71575.0,71577.3,71550.0,71550.0,64.6274
2026-04-12 10:35:00,71550.0,71557.7,71505.0,71505.0,146.826
2026-04-12 10:40:00,71505.0,71506.3,71480.0,71487.0,124.5431
2026-04-12 10:45:00,71487.0,71495.5,71452.0,71469.2,141.9738
2026-04-12 10:50:00,71469.2,71493.8,71326.0,71360.9,415.2844
2026-04-12 10:55:00,71360.9,71436.7,71323.0,71425.0,315.9275
2026-04-12 11:00:00,71425.0,71473.2,71407.9,71416.2,192.2806
2026-04-12 11:05:00,71416.2,71455.4,71401.9,71408.6,122.9331
2026-04-12 11:10:00,71408.6,71519.7,71400.0,71481.6,112.3527
2026-04-12 11:15:00,71481.7,71494.9,71460.1,71492.4,79.59
2026-04-12 11:20:00,71492.3,71509.8,71450.0,71450.1,68.4728
2026-04-12 11:25:00,71450.0,71494.8,71450.0,71489.9,58.0738
2026-04-12 11:30:00,71490.0,71495.2,71388.0,71388.0,124.8177
2026-04-12 11:35:00,71388.1,71420.0,71387.8,71411.4,110.5901
2026-04-12 11:40:00,71411.4,71458.9,71411.3,71421.3,85.4642
2026-04-12 11:45:00,71421.3,71445.3,71407.8,71416.1,91.8955
2026-04-12 11:50:00,71416.2,71449.5,71416.1,71449.5,46.454
2026-04-12 11:55:00,71449.4,71449.8,71441.2,71441.4,43.5597
2026-04-12 12:00:00,71441.3,71441.3,71350.0,71368.6,321.3505
2026-04-12 12:05:00,71368.6,71368.7,71344.6,71344.9,138.8316
2026-04-12 12:10:00,71345.0,71404.9,71300.1,71376.8,324.4775
2026-04-12 12:15:00,71376.7,71410.9,71360.0,71410.8,74.3115
2026-04-12 12:20:00,71410.8,71421.9,71378.9,71391.1,104.5511
2026-04-12 12:25:00,71391.2,71406.1,71384.7,71385.3,47.9724
2026-04-12 12:30:00,71385.3,71396.6,71306.7,71339.4,114.4419
2026-04-12 12:35:00,71339.4,71468.0,71330.3,71452.5,161.7784
2026-04-12 12:40:00,71452.5,71477.7,71441.9,71454.3,153.8903
2026-04-12 12:45:00,71454.4,71459.7,71385.8,71397.0,103.0769
2026-04-12 12:50:00,71397.1,71407.4,71055.0,71130.4,1958.5004
2026-04-12 12:55:00,71130.4,71194.7,71027.0,71053.9,919.8395
2026-04-12 13:00:00,71053.9,71104.1,70873.1,70982.6,1864.8813
2026-04-12 13:05:00,70982.5,71121.4,70970.6,71097.9,728.4609
2026-04-12 13:10:00,71097.8,71108.5,70961.3,70962.0,399.4497
2026-04-12 13:15:00,70962.0,71073.8,70962.0,71018.8,245.4561
2026-04-12 13:20:00,71018.7,71076.9,71000.2,71073.6,160.7147
2026-04-12 13:25:00,71073.6,71085.7,71016.0,71016.1,117.7374
2026-04-12 13:30:00,71016.1,71043.1,70934.2,71043.1,226.6969
2026-04-12 13:35:00,71043.1,71069.8,70926.4,70938.4,248.0726
2026-04-12 13:40:00,70938.4,70971.8,70901.8,70955.2,174.3998
2026-04-12 13:45:00,70955.2,70964.0,70854.5,70960.5,271.7624
2026-04-12 13:50:00,70960.5,70984.8,70850.4,70882.7,271.8688
2026-04-12 13:55:00,70882.7,70927.5,70830.4,70861.6,358.2218
2026-04-12 14:00:00,70861.6,70933.5,70830.1,70902.7,347.4066
2026-04-12 14:05:00,70902.7,70980.0,70900.1,70962.4,169.6576
2026-04-12 14:10:00,70962.4,70997.4,70931.4,70956.9,171.8872
2026-04-12 14:15:00,70956.9,71038.9,70956.9,71005.7,196.4818
2026-04-12 14:20:00,71005.7,71076.2,70953.2,71044.9,276.7666
2026-04-12 14:25:00,71044.9,71064.3,71001.4,71044.6,136.8311
2026-04-12 14:30:00,71044.6,71060.1,70961.5,71006.3,225.8701
2026-04-12 14:35:00,71006.3,71022.6,70880.0,70880.1,120.4993
2026-04-12 14:40:00,70880.0,70930.0,70725.3,70824.3,791.4341
2026-04-12 14:45:00,70824.3,70850.0,70737.7,70740.0,476.8301
2026-04-12 14:50:00,70740.0,70787.6,70677.1,70691.7,647.1774
2026-04-12 14:55:00,70691.6,70800.0,70660.7,70721.9,268.8369
2026-04-12 15:00:00,70722.0,70802.4,70713.4,70759.5,296.1351
2026-04-12 15:05:00,70759.5,70760.2,70707.0,70738.4,130.8393
2026-04-12 15:10:00,70738.4,70818.0,70726.6,70808.1,153.0624
2026-04-12 15:15:00,70808.1,70822.5,70710.0,70760.1,179.2892
2026-04-12 15:20:00,70760.1,70790.8,70700.0,70733.4,98.8099
2026-04-12 15:25:00,70733.4,70754.0,70686.7,70686.7,206.2027
2026-04-12 15:30:00,70686.8,70771.9,70570.0,70768.0,729.8818
2026-04-12 15:35:00,70768.1,70807.9,70762.7,70803.8,144.6303
2026-04-12 15:40:00,70803.9,70884.0,70770.0,70850.6,563.1314
2026-04-12 15:45:00,70850.5,70871.6,70823.4,70855.6,162.9103
2026-04-12 15:50:00,70855.5,70917.0,70845.0,70888.0,279.9747
2026-04-12 15:55:00,70888.1,70888.1,70850.0,70869.5,119.6854
2026-04-12 16:00:00,70869.5,70934.6,70814.6,70922.4,297.4848
2026-04-12 16:05:00,70922.3,70922.4,70815.1,70828.9,140.6971
2026-04-12 16:10:00,70828.8,70921.3,70828.8,70910.6,185.6079
2026-04-12 16:15:00,70910.5,70913.0,70845.0,70845.0,106.9811
2026-04-12 16:20:00,70845.0,70932.5,70789.8,70912.8,151.0437
2026-04-12 16:25:00,70912.8,70920.2,70878.9,70895.9,78.7576
2026-04-12 16:30:00,70895.9,70911.0,70895.9,70901.9,52.7752
2026-04-12 16:35:00,70901.9,70902.0,70850.0,70860.1,56.3643
2026-04-12 16:40:00,70860.0,70862.3,70806.1,70849.1,75.3987
2026-04-12 16:45:00,70849.1,70869.0,70778.0,70827.7,108.0594
2026-04-12 16:50:00,70827.7,70881.8,70820.0,70856.7,103.9227
2026-04-12 16:55:00,70856.6,70905.0,70836.0,70900.1,45.314
2026-04-12 17:00:00,70900.1,70978.0,70900.0,70933.5,240.5493
2026-04-12 17:05:00,70933.5,70956.6,70929.5,70940.0,67.72
2026-04-12 17:10:00,70940.0,70940.0,70868.2,70868.2,105.9766
2026-04-12 17:15:00,70868.2,70924.2,70866.0,70914.7,50.3597
2026-04-12 17:20:00,70914.6,70956.8,70914.0,70932.2,79.8032
2026-04-12 17:25:00,70932.2,70990.0,70921.5,70967.9,291.178
2026-04-12 17:30:00,70967.9,70988.0,70958.2,70961.7,132.5851
2026-04-12 17:35:00,70961.6,70985.3,70921.1,70979.9,129.4195
2026-04-12 17:40:00,70979.8,70986.0,70942.3,70986.0,60.1484
2026-04-12 17:45:00,70985.9,70995.7,70900.4,70995.7,105.0528
2026-04-12 17:50:00,70995.6,71175.9,70973.4,71095.0,905.711
2026-04-12 17:55:00,71095.0,71126.8,71066.7,71120.2,220.7273
2026-04-12 18:00:00,71120.3,71153.6,71026.9,71122.7,225.5914
2026-04-12 18:05:00,71122.6,71154.9,71053.4,71124.9,200.4425
2026-04-12 18:10:00,71125.0,71150.5,71091.1,71146.4,127.2224
2026-04-12 18:15:00,71146.3,71187.5,71059.0,71067.5,131.4569
2026-04-12 18:20:00,71067.5,71090.0,71026.0,71072.5,69.2872
2026-04-12 18:25:00,71072.5,71072.6,71039.7,71055.5,44.4537
2026-04-12 18:30:00,71055.6,71137.0,71053.3,71111.2,64.6185
2026-04-12 18:35:00,71111.2,71174.0,71105.8,71156.4,80.7855
2026-04-12 18:40:00,71156.3,71156.4,71075.2,71082.1,94.4276
2026-04-12 18:45:00,71082.1,71094.5,71069.3,71083.0,34.7231
2026-04-12 18:50:00,71083.1,71124.9,71083.0,71099.0,44.5086
2026-04-12 18:55:00,71098.9,71126.0,71091.3,71094.8,35.6147
2026-04-12 19:00:00,71094.9,71118.1,71087.8,71118.0,32.6529
2026-04-12 19:05:00,71118.0,71140.2,71112.9,71113.0,45.4982
2026-04-12 19:10:00,71113.0,71189.2,71095.0,71095.0,178.6638
2026-04-12 19:15:00,71095.1,71111.0,71077.6,71110.9,63.6204
2026-04-12 19:20:00,71110.9,71136.8,71110.5,71126.3,30.854
2026-04-12 19:25:00,71126.3,71138.0,71113.0,71132.0,28.0967
2026-04-12 19:30:00,71131.9,71132.0,71114.8,71128.2,29.8171
2026-04-12 19:35:00,71128.3,71128.3,71040.2,71090.0,42.2839
2026-04-12 19:40:00,71089.9,71098.7,71067.6,71074.8,26.7525
2026-04-12 19:45:00,71074.8,71087.9,71050.7,71084.9,50.5001
2026-04-12 19:50:00,71084.9,71093.9,71045.9,71093.8,39.0296
2026-04-12 19:55:00,71093.8,71093.8,71050.2,71060.7,47.917
2026-04-12 20:00:00,71060.7,71081.9,71040.0,71045.9,102.2799
2026-04-12 20:05:00,71045.9,71050.0,70977.7,70979.1,108.2884
2026-04-12 20:10:00,70979.0,70997.2,70961.5,70985.9,76.3097
2026-04-12 20:15:00,70985.9,70993.7,70921.0,70991.4,105.6897
2026-04-12 20:20:00,70991.4,71027.6,70975.0,71027.3,65.4786
2026-04-12 20:25:00,71027.3,71044.0,71020.5,71020.5,39.4115
2026-04-12 20:30:00,71020.6,71122.1,71020.5,71122.1,59.316
2026-04-12 20:35:00,71122.0,71155.7,71116.2,71123.4,74.8702
2026-04-12 20:40:00,71123.4,71410.9,71123.3,71289.2,603.7555
2026-04-12 20:45:00,71289.3,71357.0,71195.0,71213.1,168.2757
2026-04-12 20:50:00,71213.1,71315.3,71208.2,71280.0,224.219
2026-04-12 20:55:00,71280.1,71316.4,71251.6,71302.0,51.2086
2026-04-12 21:00:00,71301.9,71425.2,71288.6,71371.6,190.4057
2026-04-12 21:05:00,71371.6,71389.0,71277.8,71277.8,86.5601
2026-04-12 21:10:00,71277.8,71277.9,71132.2,71185.0,220.2914
2026-04-12 21:15:00,71185.1,71296.3,71185.0,71272.7,81.0523
2026-04-12 21:20:00,71272.8,71288.6,71250.5,71288.6,37.7768
2026-04-12 21:25:00,71288.5,71289.9,71254.0,71271.8,29.3891
2026-04-12 21:30:00,71271.8,71277.5,71188.5,71206.8,77.7338
2026-04-12 21:35:00,71206.8,71300.0,71199.8,71290.1,54.2882
2026-04-12 21:40:00,71290.0,71325.0,71246.1,71273.8,59.1155
2026-04-12 21:45:00,71273.8,71298.8,71180.1,71180.1,46.9983
2026-04-12 21:50:00,71180.1,71228.0,71168.4,71190.0,48.3074
2026-04-12 21:55:00,71190.1,71333.0,71180.1,71325.6,137.873
2026-04-12 22:00:00,71325.6,71333.0,70651.9,70725.0,1995.3483
2026-04-12 22:05:00,70725.0,70965.9,70698.5,70898.6,579.451
2026-04-12 22:10:00,70898.7,70915.6,70711.9,70915.6,407.8906
2026-04-12 22:15:00,70915.6,70932.5,70650.0,70694.8,310.3253
2026-04-12 22:20:00,70694.8,70835.0,70680.0,70724.5,245.7233
2026-04-12 22:25:00,70724.4,70780.0,70488.0,70633.5,830.2439
2026-04-12 22:30:00,70633.5,70749.1,70456.0,70721.0,676.9427
2026-04-12 22:35:00,70721.0,70897.8,70706.1,70836.7,404.9564
2026-04-12 22:40:00,70836.7,70895.5,70750.0,70789.7,127.083
2026-04-12 22:45:00,70789.8,70866.0,70750.0,70750.1,128.7533
2026-04-12 22:50:00,70750.0,70847.3,70750.0,70819.0,85.8615
2026-04-12 22:55:00,70818.9,70905.0,70790.1,70875.9,182.8611
2026-04-12 23:00:00,70875.8,70882.5,70681.7,70753.3,576.5776
2026-04-12 23:05:00,70753.3,70800.0,70698.4,70722.8,151.9006
2026-04-12 23:10:00,70722.9,70760.0,70587.5,70587.6,185.1976
2026-04-12 23:15:00,70587.6,70675.0,70560.0,70663.3,277.6814
2026-04-12 23:20:00,70663.4,70663.4,70577.3,70591.9,100.6671
2026-04-12 23:25:00,70591.9,70733.3,70591.9,70680.4,121.7489
2026-04-12 23:30:00,70680.3,70680.3,70530.1,70553.1,212.5025
2026-04-12 23:35:00,70553.1,70637.3,70553.1,70602.5,115.5506
2026-04-12 23:40:00,70602.6,70699.0,70567.1,70699.0,100.0459
2026-04-12 23:45:00,70699.0,70706.9,70555.0,70561.6,93.2884
2026-04-12 23:50:00,70561.6,70757.2,70561.6,70694.5,174.1831
2026-04-12 23:55:00,70694.5,70763.0,70680.0,70707.9,112.7859
2026-04-13 00:00:00,70707.9,70717.6,70580.0,70659.2,327.952
2026-04-13 00:05:00,70659.2,70860.3,70656.2,70858.1,274.7944
2026-04-13 00:10:00,70858.1,70897.4,70786.0,70884.2,275.8933
2026-04-13 00:15:00,70884.1,70898.0,70801.1,70819.8,149.5888
2026-04-13 00:20:00,70819.7,70908.7,70816.9,70898.6,166.5056
2026-04-13 00:25:00,70898.6,71073.1,70862.7,70950.0,406.1254
2026-04-13 00:30:00,70950.1,71058.8,70920.5,71058.8,194.8496
2026-04-13 00:35:00,71058.7,71088.4,71016.5,71016.5,319.6079
2026-04-13 00:40:00,71016.4,71095.8,70977.4,71028.5,132.6675
2026-04-13 00:45:00,71028.4,71119.8,70990.4,71100.0,212.5892
2026-04-13 00:50:00,71100.1,71273.1,71077.1,71171.9,678.2874
2026-04-13 00:55:00,71171.9,71172.1,71090.0,71140.0,269.7944
2026-04-13 01:00:00,71140.0,71180.8,71078.7,71145.1,238.3572
2026-04-13 01:05:00,71145.1,71171.0,71077.7,71100.5,156.0609
2026-04-13 01:10:00,71100.6,71200.0,71086.8,71115.2,292.3294
2026-04-13 01:15:00,71115.2,71123.2,71042.9,71075.5,236.2959
2026-04-13 01:20:00,71075.5,71106.9,71036.6,71052.0,204.4918
2026-04-13 01:25:00,71052.0,71150.7,71035.6,71084.7,390.7929
2026-04-13 01:30:00,71084.6,71132.7,71008.0,71126.5,183.9116
2026-04-13 01:35:00,71126.5,71179.8,71085.4,71085.6,239.3449
2026-04-13 01:40:00,71085.7,71143.1,71058.1,71124.5,115.2057
2026-04-13 01:45:00,71124.6,71150.1,71090.0,71104.9,54.5811
2026-04-13 01:50:00,71104.9,71172.0,71093.9,71094.0,143.9022
2026-04-13 01:55:00,71094.0,71199.0,71090.4,71166.1,121.7159
2026-04-13 02:00:00,71166.1,71239.1,71138.3,71145.4,173.7039
2026-04-13 02:05:00,71145.4,71155.0,71102.7,71102.7,167.4564
2026-04-13 02:10:00,71102.8,71120.0,70955.6,70977.1,258.884
2026-04-13 02:15:00,70977.0,71055.0,70977.0,71030.5,110.3578
2026-04-13 02:20:00,71030.5,71100.0,71030.4,71100.0,143.32
2026-04-13 02:25:00,71100.0,71240.7,71100.0,71194.2,274.6284
2026-04-13 02:30:00,71194.2,71255.0,71145.1,71169.4,208.5378
2026-04-13 02:35:00,71169.4,71193.1,71004.7,71036.2,242.9079
2026-04-13 02:40:00,71036.1,71071.4,71015.7,71015.7,196.6555
2026-04-13 02:45:00,71015.7,71064.2,70989.8,71035.1,89.082
2026-04-13 02:50:00,71035.1,71050.0,70970.0,71050.0,155.6843
2026-04-13 02:55:00,71050.0,71060.7,71028.6,71059.9,121.128
2026-04-13 03:00:00,71059.9,71099.1,70967.3,71082.8,190.7805
2026-04-13 03:05:00,71082.8,71085.5,71010.0,71010.0,74.2573
2026-04-13 03:10:00,71010.0,71060.0,71007.4,71035.0,91.7044
2026-04-13 03:15:00,71035.0,71134.8,71008.5,71115.9,151.8145
2026-04-13 03:20:00,71115.9,71132.9,70975.0,70994.4,275.4238
2026-04-13 03:25:00,70994.4,71055.5,70965.4,71002.7,188.4015
2026-04-13 03:30:00,71002.7,71034.1,70986.6,71001.8,51.1565
2026-04-13 03:35:00,71001.8,71014.3,70883.4,70933.3,142.088
2026-04-13 03:40:00,70933.4,70964.8,70921.8,70945.6,271.0235
2026-04-13 03:45:00,70945.6,70945.6,70888.6,70933.8,76.3567
2026-04-13 03:50:00,70933.8,70955.0,70920.5,70955.0,71.0698
2026-04-13 03:55:00,70955.0,70977.0,70950.1,70950.1,58.4771
2026-04-13 04:00:00,70950.2,70977.1,70935.0,70964.9,134.7423
2026-04-13 04:05:00,70964.8,70964.9,70891.6,70917.5,110.0021
2026-04-13 04:10:00,70917.4,70935.9,70871.2,70930.9,78.614
2026-04-13 04:15:00,70931.0,70944.0,70887.0,70939.9,42.5822
2026-04-13 04:20:00,70940.0,70961.0,70925.0,70936.8,58.4726
2026-04-13 04:25:00,70936.7,71010.0,70936.7,70999.3,181.2508
2026-04-13 04:30:00,70999.2,71073.1,70999.2,71069.9,134.1934
2026-04-13 04:35:00,71069.9,71100.0,71028.3,71092.0,259.5933
2026-04-13 04:40:00,71091.9,71120.0,70988.2,70991.7,116.1763
2026-04-13 04:45:00,70991.7,70991.8,70928.2,70933.4,102.0786
2026-04-13 04:50:00,70933.5,70933.5,70821.7,70894.3,218.205
2026-04-13 04:55:00,70894.3,70935.0,70864.5,70868.4,116.0792
2026-04-13 05:00:00,70868.5,70893.5,70845.4,70853.1,213.1102
2026-04-13 05:05:00,70853.0,70871.9,70787.9,70788.0,157.394
2026-04-13 05:10:00,70788.0,70826.1,70760.0,70800.7,202.4752
2026-04-13 05:15:00,70800.8,70853.9,70796.8,70796.8,132.163
2026-04-13 05:20:00,70796.8,70828.8,70734.7,70812.9,122.6832
2026-04-13 05:25:00,70812.9,70852.1,70796.7,70835.5,75.4122
2026-04-13 05:30:00,70835.4,70835.5,70725.9,70768.4,124.2314
2026-04-13 05:35:00,70768.6,70787.7,70637.2,70686.3,364.7013
2026-04-13 05:40:00,70686.3,70759.6,70686.3,70724.2,129.532
2026-04-13 05:45:00,70724.2,70853.1,70724.2,70800.2,188.0845
2026-04-13 05:50:00,70800.2,70823.1,70800.0,70820.0,48.6725
2026-04-13 05:55:00,70820.1,70874.3,70820.0,70858.2,135.4258
2026-04-13 06:00:00,70858.1,70950.0,70853.4,70950.0,220.5533
2026-04-13 06:05:00,70949.9,70978.8,70943.8,70962.8,147.2961
2026-04-13 06:10:00,70962.7,70987.2,70947.6,70975.4,121.7294
2026-04-13 06:15:00,70975.4,71029.4,70939.9,71010.9,130.1994
2026-04-13 06:20:00,71010.9,71047.6,71006.8,71038.5,132.801
2026-04-13 06:25:00,71038.5,71050.0,70978.9,71000.0,146.343
2026-04-13 06:30:00,70999.9,71012.5,70976.1,70991.2,88.5311
2026-04-13 06:35:00,70991.2,71036.0,70976.7,71027.0,97.9526
2026-04-13 06:40:00,71027.0,71027.0,70970.0,71015.6,56.7514
2026-04-13 06:45:00,71015.6,71073.7,71003.0,71024.0,229.6485
2026-04-13 06:50:00,71024.1,71046.8,70992.1,71009.0,95.6292
2026-04-13 06:55:00,71008.9,71031.4,70992.2,70999.3,93.0726
2026-04-13 07:00:00,70999.6,71046.1,70953.1,70984.3,213.1119
2026-04-13 07:05:00,70984.4,70984.4,70892.0,70893.3,129.1591
2026-04-13 07:10:00,70893.2,70916.7,70855.0,70871.4,139.8547
2026-04-13 07:15:00,70871.4,70880.0,70826.4,70828.7,165.1294
2026-04-13 07:20:00,70828.7,70828.7,70660.0,70683.8,488.4147
2026-04-13 07:25:00,70683.7,70718.7,70662.0,70691.4,205.7828
2026-04-13 07:30:00,70691.4,70733.5,70666.0,70685.0,158.7847
2026-04-13 07:35:00,70685.0,70782.2,70670.1,70766.1,144.8554
2026-04-13 07:40:00,70766.0,70786.8,70723.4,70743.3,189.5132
2026-04-13 07:45:00,70743.2,70805.0,70736.2,70757.4,135.2564
2026-04-13 07:50:00,70757.3,70799.6,70757.3,70760.0,76.6663
2026-04-13 07:55:00,70760.0,70819.9,70760.0,70796.5,122.9462
2026-04-13 08:00:00,70796.5,70842.5,70711.3,70824.9,173.5074
2026-04-13 08:05:00,70825.0,70835.7,70710.4,70714.9,98.8777
2026-04-13 08:10:00,70714.9,70754.9,70680.8,70702.0,111.3824
2026-04-13 08:15:00,70702.0,70746.7,70623.1,70655.0,250.3466
2026-04-13 08:20:00,70655.1,70735.0,70644.9,70734.9,138.4008
2026-04-13 08:25:00,70735.0,70798.5,70727.0,70736.3,115.5206
2026-04-13 08:30:00,70736.3,70739.9,70695.6,70716.9,181.4569
2026-04-13 08:35:00,70716.9,70719.4,70666.9,70672.0,86.5048
2026-04-13 08:40:00,70671.9,70676.4,70564.0,70572.6,371.0565
2026-04-13 08:45:00,70572.6,70626.9,70542.1,70600.1,327.8427
2026-04-13 08:50:00,70600.1,70624.9,70559.3,70624.9,107.8021
2026-04-13 08:55:00,70624.9,70668.5,70624.9,70657.2,109.9318
2026-04-13 09:00:00,70657.1,70889.9,70657.1,70809.9,507.558
2026-04-13 09:05:00,70810.0,70833.2,70680.7,70685.5,243.782
2026-04-13 09:10:00,70685.4,70707.9,70665.1,70691.3,115.1427
2026-04-13 09:15:00,70691.3,70703.4,70643.9,70672.6,141.4105
2026-04-13 09:20:00,70672.6,70730.0,70672.6,70730.0,100.4911
2026-04-13 09:25:00,70730.0,70796.0,70729.9,70769.9,133.1434
2026-04-13 09:30:00,70769.9,70800.0,70760.4,70786.7,92.478
2026-04-13 09:35:00,70786.7,70801.2,70749.1,70785.3,213.8539
2026-04-13 09:40:00,70785.4,70798.3,70729.1,70757.4,156.5832
2026-04-13 09:45:00,70757.3,70760.0,70726.4,70743.6,79.036
2026-04-13 09:50:00,70743.7,70765.8,70721.7,70743.7,47.2089
2026-04-13 09:55:00,70743.7,70779.6,70738.1,70766.4,60.2843
2026-04-13 10:00:00,70766.4,70790.5,70735.3,70767.8,86.1263
2026-04-13 10:05:00,70767.8,70823.6,70767.7,70781.6,86.7205
2026-04-13 10:10:00,70781.5,70816.7,70762.9,70792.0,71.7187
2026-04-13 10:15:00,70792.1,70792.1,70689.1,70748.1,149.5022
2026-04-13 10:20:00,70748.1,70775.0,70710.5,70715.7,81.9502
2026-04-13 10:25:00,70715.9,70759.1,70711.0,70729.6,44.6142
2026-04-13 10:30:00,70729.7,70767.0,70710.9,70717.6,65.0968
2026-04-13 10:35:00,70717.6,70812.5,70654.0,70812.5,150.5269
2026-04-13 10:40:00,70812.5,70812.5,70727.2,70738.7,126.3884
2026-04-13 10:45:00,70738.7,70782.2,70718.8,70737.2,58.1379
2026-04-13 10:50:00,70737.1,70779.5,70680.1,70692.9,106.1098
2026-04-13 10:55:00,70692.9,70750.0,70692.9,70728.5,46.4528
2026-04-13 11:00:00,70728.6,70839.0,70710.1,70812.0,245.7018
2026-04-13 11:05:00,70812.0,70845.0,70804.2,70821.1,147.7874
2026-04-13 11:10:00,70821.2,70851.3,70820.4,70844.4,105.1358
2026-04-13 11:15:00,70844.3,70858.0,70820.0,70836.7,83.9815
2026-04-13 11:20:00,70836.8,70875.0,70814.5,70839.3,118.5225
2026-04-13 11:25:00,70839.2,70858.9,70815.6,70839.3,151.162
2026-04-13 11:30:00,70839.4,70875.0,70808.8,70813.0,97.6423
2026-04-13 11:35:00,70813.0,70850.0,70783.0,70818.4,130.9068
2026-04-13 11:40:00,70818.3,70927.0,70818.3,70904.0,182.3167
2026-04-13 11:45:00,70904.1,70966.0,70878.4,70904.3,325.3841
2026-04-13 11:50:00,70904.3,70937.2,70880.0,70925.6,96.5704
2026-04-13 11:55:00,70925.6,70929.0,70889.8,70892.6,96.7347
2026-04-13 12:00:00,70892.6,70892.7,70813.0,70818.9,317.1194
2026-04-13 12:05:00,70818.9,71044.7,70812.6,70980.9,432.6278
2026-04-13 12:10:00,70980.8,71030.1,70927.3,70931.0,158.7154
2026-04-13 12:15:00,70931.0,70953.6,70902.5,70902.6,110.5469
2026-04-13 12:20:00,70902.6,70918.0,70860.1,70865.1,132.5233
2026-04-13 12:25:00,70865.1,70878.6,70830.0,70830.3,96.4931
2026-04-13 12:30:00,70830.3,70880.0,70763.3,70829.3,442.1312
2026-04-13 12:35:00,70829.2,70829.2,70750.3,70771.9,142.7139
2026-04-13 12:40:00,70771.8,70812.1,70730.3,70808.6,145.2611
2026-04-13 12:45:00,70808.6,70898.5,70808.6,70857.3,139.7262
2026-04-13 12:50:00,70857.3,71180.8,70857.3,71169.8,1017.4073
2026-04-13 12:55:00,71169.8,71185.0,71040.4,71040.5,486.9556
2026-04-13 13:00:00,71040.5,71150.6,71040.4,71135.7,356.9838
2026-04-13 13:05:00,71135.8,71135.8,71035.1,71053.0,158.109
2026-04-13 13:10:00,71053.0,71165.9,71053.0,71165.8,252.9756
2026-04-13 13:15:00,71165.8,71165.9,71078.1,71158.0,171.2811
2026-04-13 13:20:00,71158.0,71192.1,71112.2,71184.1,443.1875
2026-04-13 13:25:00,71184.1,71230.0,71100.0,71140.7,465.9683
2026-04-13 13:30:00,71140.8,71181.0,71001.8,71057.1,381.0945
2026-04-13 13:35:00,71057.1,71060.2,70766.7,70805.8,1016.4818
2026-04-13 13:40:00,70805.9,71108.7,70786.5,70995.9,941.2462
2026-04-13 13:45:00,70996.0,71586.2,70909.1,71572.2,1980.0312
2026-04-13 13:50:00,71572.2,71665.4,71280.0,71433.5,1979.1773
2026-04-13 13:55:00,71433.6,71623.0,71389.4,71610.0,1382.1312
2026-04-13 14:00:00,71610.0,71722.9,71409.6,71485.8,1394.3235
2026-04-13 14:05:00,71485.9,71570.1,71404.0,71435.0,473.1707
2026-04-13 14:10:00,71434.9,71583.0,71409.5,71571.6,385.1944
2026-04-13 14:15:00,71571.6,71681.5,71400.0,71469.7,993.5846
2026-04-13 14:20:00,71469.6,71600.0,71326.3,71595.3,747.9891
2026-04-13 14:25:00,71595.4,71650.0,71528.3,71595.2,459.5608
2026-04-13 14:30:00,71595.2,71772.6,71556.3,71729.7,674.6712
2026-04-13 14:35:00,71729.6,71760.0,71700.0,71744.3,421.7713
2026-04-13 14:40:00,71744.3,71976.7,71690.0,71942.1,1150.4178
2026-04-13 14:45:00,71942.1,72156.1,71893.5,71904.5,2374.4085
2026-04-13 14:50:00,71904.4,72000.0,71834.7,72000.0,545.9696
2026-04-13 14:55:00,72000.0,72374.8,71954.8,72347.0,2074.8676
2026-04-13 15:00:00,72347.0,72424.0,72000.1,72024.1,1833.0009
2026-04-13 15:05:00,72024.0,72125.0,71866.6,71946.9,1115.3416
2026-04-13 15:10:00,71947.0,71966.4,71870.2,71912.0,453.5653
2026-04-13 15:15:00,71912.0,71938.4,71810.0,71828.6,445.8415
2026-04-13 15:20:00,71828.5,71932.7,71828.5,71862.7,474.0435
2026-04-13 15:25:00,71862.7,71977.4,71806.7,71910.1,310.6742
2026-04-13 15:30:00,71910.0,71910.0,71665.4,71709.9,880.1611
2026-04-13 15:35:00,71709.9,71766.3,71618.2,71709.4,691.8005
2026-04-13 15:40:00,71709.5,71812.6,71700.0,71800.0,355.2772
2026-04-13 15:45:00,71800.0,71890.4,71750.5,71793.0,401.6403
2026-04-13 15:50:00,71793.0,71817.3,71692.3,71700.1,210.5864
2026-04-13 15:55:00,71700.0,71835.8,71700.0,71831.1,294.1438
2026-04-13 16:00:00,71831.0,71884.5,71759.3,71760.1,372.0711
2026-04-13 16:05:00,71760.1,71949.9,71637.8,71948.8,1014.5808
2026-04-13 16:10:00,71948.9,72020.9,71903.8,71998.1,553.6393
2026-04-13 16:15:00,71998.2,72111.0,71883.7,72070.2,463.4878
2026-04-13 16:20:00,72070.2,72198.0,72002.9,72197.8,492.5663
2026-04-13 16:25:00,72197.9,72245.0,72081.2,72203.3,526.6284
2026-04-13 16:30:00,72203.4,72320.0,72140.0,72192.1,752.1516
2026-04-13 16:35:00,72192.1,72288.3,72129.3,72241.1,470.7045
2026-04-13 16:40:00,72241.1,72332.5,72154.7,72264.5,484.1168
2026-04-13 16:45:00,72264.5,72400.0,72230.9,72277.7,513.8875
2026-04-13 16:50:00,72277.7,72380.0,72026.9,72048.1,865.5098
2026-04-13 16:55:00,72048.0,72198.7,72020.0,72162.1,220.0557
2026-04-13 17:00:00,72162.0,72229.4,72089.4,72212.6,259.4281
2026-04-13 17:05:00,72212.6,72240.0,72100.3,72237.5,238.5251
2026-04-13 17:10:00,72237.6,72418.3,72237.5,72260.2,689.532
2026-04-13 17:15:00,72260.2,72367.9,72241.2,72350.8,192.0866
2026-04-13 17:20:00,72350.8,72350.9,72237.3,72246.6,172.4779
2026-04-13 17:25:00,72246.6,72409.1,72241.1,72409.1,299.349
2026-04-13 17:30:00,72409.1,72583.0,72409.0,72447.8,1254.1928
2026-04-13 17:35:00,72447.9,72454.6,72337.1,72395.8,399.3633
2026-04-13 17:40:00,72395.7,72430.0,72369.6,72405.2,152.4064
2026-04-13 17:45:00,72405.2,72461.5,72357.4,72370.7,220.986
2026-04-13 17:50:00,72370.6,72380.0,72093.7,72125.7,872.843
2026-04-13 17:55:00,72125.8,72130.2,72023.7,72111.8,312.8011
2026-04-13 18:00:00,72111.8,72129.4,72052.6,72128.9,267.3502
2026-04-13 18:05:00,72128.8,72182.1,72059.2,72132.9,266.9486
2026-04-13 18:10:00,72132.8,72167.1,72096.7,72154.9,96.4688
2026-04-13 18:15:00,72154.9,72185.6,72113.3,72181.6,183.6195
2026-04-13 18:20:00,72181.6,72246.5,72041.7,72045.4,251.6144
2026-04-13 18:25:00,72045.3,72130.1,72012.0,72130.1,288.3033
2026-04-13 18:30:00,72130.1,72308.8,72130.0,72295.9,234.8653
2026-04-13 18:35:00,72296.0,72310.0,72230.0,72263.1,154.3025
2026-04-13 18:40:00,72263.1,72388.0,72253.7,72301.0,206.0318
2026-04-13 18:45:00,72301.0,72363.2,72276.7,72283.0,214.2714
2026-04-13 18:50:00,72283.0,72350.0,72259.3,72349.9,355.2465
2026-04-13 18:55:00,72350.0,72424.7,72345.7,72386.5,238.3004
2026-04-13 19:00:00,72386.5,72393.9,72307.5,72319.2,350.6823
2026-04-13 19:05:00,72319.2,72349.6,72269.6,72284.7,111.9763
2026-04-13 19:10:00,72284.8,72319.4,72260.0,72291.2,66.3289
2026-04-13 19:15:00,72291.3,72555.0,72291.3,72501.0,832.5332
2026-04-13 19:20:00,72500.9,72855.3,72475.6,72720.9,1639.801
2026-04-13 19:25:00,72720.8,72887.9,72649.6,72818.9,1172.8797
2026-04-13 19:30:00,72818.9,73151.1,72786.2,73073.1,2013.3579
2026-04-13 19:35:00,73073.0,73168.1,72937.5,73100.0,1692.2314
2026-04-13 19:40:00,73100.0,73104.9,72929.7,72978.8,331.496
2026-04-13 19:45:00,72978.8,73274.0,72974.0,73211.7,782.0703
2026-04-13 19:50:00,73211.7,73434.0,73211.7,73406.6,932.6021
2026-04-13 19:55:00,73406.6,73468.0,73280.2,73287.6,543.9586
2026-04-13 20:00:00,73287.6,73367.5,73220.0,73250.4,955.0549
2026-04-13 20:05:00,73250.3,73313.0,73161.5,73225.1,415.7207
2026-04-13 20:10:00,73225.2,73225.2,73017.9,73031.0,798.7012
2026-04-13 20:15:00,73030.9,73130.0,73007.7,73019.3,345.15
2026-04-13 20:20:00,73019.4,73096.5,72977.8,72992.6,416.7669
2026-04-13 20:25:00,72992.6,73099.9,72992.5,73078.2,359.7463
2026-04-13 20:30:00,73078.2,73200.0,73040.0,73199.9,239.4607
2026-04-13 20:35:00,73199.9,73252.5,73091.6,73106.4,424.1381
2026-04-13 20:40:00,73106.3,73200.0,73094.6,73187.8,125.0808
2026-04-13 20:45:00,73187.9,73225.0,73140.1,73160.9,174.4384
2026-04-13 20:50:00,73160.9,73168.9,73045.4,73065.0,178.2618
2026-04-13 20:55:00,73065.0,73173.3,73042.1,73122.3,142.7593
2026-04-13 21:00:00,73122.3,73137.5,73060.8,73065.7,190.3098
2026-04-13 21:05:00,73065.7,73186.7,73045.8,73177.1,148.3832
2026-04-13 21:10:00,73177.1,73288.0,73177.1,73194.5,305.8074
2026-04-13 21:15:00,73194.5,73264.0,73120.0,73130.5,149.6136
2026-04-13 21:20:00,73130.5,73160.0,73106.9,73127.2,126.4164
2026-04-13 21:25:00,73127.2,73138.8,73083.8,73099.3,77.7723
2026-04-13 21:30:00,73099.4,73189.8,73080.3,73178.9,160.3182
2026-04-13 21:35:00,73178.9,73261.8,73155.0,73249.1,198.9118
2026-04-13 21:40:00,73249.1,73369.6,73210.7,73244.5,338.9292
2026-04-13 21:45:00,73244.5,73278.2,73166.5,73241.3,162.8698
2026-04-13 21:50:00,73241.3,73241.3,73193.8,73207.4,112.2269
2026-04-13 21:55:00,73207.4,73209.0,73150.5,73152.4,60.758
2026-04-13 22:00:00,73152.3,73326.8,73138.0,73270.0,204.5198
2026-04-13 22:05:00,73270.0,73575.0,73270.0,73300.7,944.484
2026-04-13 22:10:00,73300.7,73900.0,73286.7,73729.3,2122.9904
2026-04-13 22:15:00,73729.3,74499.9,73729.3,74161.8,4299.1807
2026-04-13 22:20:00,74161.8,74343.1,74018.5,74211.4,1136.8769
2026-04-13 22:25:00,74211.4,74252.9,74069.8,74112.3,424.5109
2026-04-13 22:30:00,74112.3,74334.4,74112.3,74261.8,728.8991
2026-04-13 22:35:00,74261.8,74287.7,74050.0,74090.3,587.6041
2026-04-13 22:40:00,74090.4,74250.0,74080.0,74232.0,293.1676
2026-04-13 22:45:00,74232.0,74444.0,74122.7,74311.2,778.1548
2026-04-13 22:50:00,74311.2,74696.5,74251.6,74619.9,1426.2645
2026-04-13 22:55:00,74619.9,74746.7,74550.0,74597.7,1690.0266
2026-04-13 23:00:00,74597.6,74631.0,74415.6,74610.4,930.6965
2026-04-13 23:05:00,74610.3,74768.8,74525.0,74719.9,808.7243
2026-04-13 23:10:00,74719.9,74876.5,74581.1,74627.5,1069.7275
2026-04-13 23:15:00,74627.4,74707.6,74494.6,74580.1,413.9477
2026-04-13 23:20:00,74580.2,74775.0,74576.0,74576.5,565.1197
2026-04-13 23:25:00,74576.6,74779.8,74576.5,74692.6,546.6857
2026-04-13 23:30:00,74692.7,74860.2,74566.7,74750.2,705.3327
2026-04-13 23:35:00,74750.1,74787.0,74658.3,74658.3,244.1506
2026-04-13 23:40:00,74658.2,74670.0,74479.1,74527.1,469.5251
2026-04-13 23:45:00,74527.1,74561.2,74452.6,74455.2,248.9499
2026-04-13 23:50:00,74455.3,74554.4,74423.0,74532.8,348.9842
2026-04-13 23:55:00,74532.8,74550.0,74342.1,74385.5,644.8087
2026-04-14 00:00:00,74385.4,74494.4,74376.4,74416.6,293.7267
2026-04-14 00:05:00,74416.6,74420.0,74284.6,74300.0,342.254
2026-04-14 00:10:00,74300.1,74334.5,74211.0,74303.4,352.9344
2026-04-14 00:15:00,74303.3,74439.9,74274.9,74366.0,255.232
2026-04-14 00:20:00,74365.9,74371.6,74240.0,74266.4,178.8893
2026-04-14 00:25:00,74266.5,74266.5,74177.8,74238.6,250.2479
2026-04-14 00:30:00,74238.6,74272.7,74084.7,74200.9,751.6896
2026-04-14 00:35:00,74201.0,74417.5,74191.9,74359.5,273.7193
2026-04-14 00:40:00,74359.6,74400.0,74322.7,74392.5,162.5964
2026-04-14 00:45:00,74392.4,74398.3,74223.4,74250.2,226.0389
2026-04-14 00:50:00,74250.1,74294.3,74092.6,74129.4,489.606
2026-04-14 00:55:00,74129.5,74174.3,74074.8,74138.1,281.968
2026-04-14 01:00:00,74138.1,74152.6,73935.5,74143.1,635.0438
2026-04-14 01:05:00,74143.1,74245.0,74137.2,74245.0,236.8845
2026-04-14 01:10:00,74245.0,74277.9,74175.0,74273.0,158.5097
2026-04-14 01:15:00,74272.9,74296.7,74193.0,74281.7,194.5506
2026-04-14 01:20:00,74281.8,74390.7,74252.9,74280.0,350.5617
2026-04-14 01:25:00,74280.0,74308.9,74230.0,74268.0,239.1231
2026-04-14 01:30:00,74268.0,74280.5,74210.7,74215.0,134.6042
2026-04-14 01:35:00,74215.0,74300.0,74200.7,74233.0,232.7662
2026-04-14 01:40:00,74233.0,74304.1,74225.5,74294.5,186.6209
2026-04-14 01:45:00,74294.4,74359.6,74290.5,74319.5,109.0734
2026-04-14 01:50:00,74319.6,74418.1,74319.5,74373.5,181.4171
2026-04-14 01:55:00,74373.6,74393.0,74319.5,74356.8,120.0576
2026-04-14 02:00:00,74356.8,74400.0,74332.5,74362.5,155.563
2026-04-14 02:05:00,74362.6,74467.1,74362.6,74424.8,176.7009
2026-04-14 02:10:00,74424.9,74466.8,74389.0,74459.9,117.408
2026-04-14 02:15:00,74459.9,74567.6,74359.4,74484.4,475.6869
2026-04-14 02:20:00,74484.4,74525.9,74431.8,74445.0,132.8589
2026-04-14 02:25:00,74445.0,74460.9,74362.1,74362.1,114.3696
2026-04-14 02:30:00,74362.2,74362.2,74260.0,74290.0,264.6606
2026-04-14 02:35:00,74289.9,74381.0,74250.0,74376.9,147.0538
2026-04-14 02:40:00,74376.8,74433.1,74366.4,74407.7,129.4985
2026-04-14 02:45:00,74407.7,74407.7,74355.9,74395.7,84.8015
2026-04-14 02:50:00,74395.6,74395.6,74280.0,74296.4,91.0482
2026-04-14 02:55:00,74296.4,74340.4,74281.2,74307.9,106.2159
2026-04-14 03:00:00,74307.9,74307.9,74268.5,74293.0,102.6999
2026-04-14 03:05:00,74293.1,74382.4,74291.0,74379.6,90.6158
2026-04-14 03:10:00,74379.6,74379.6,74293.2,74324.9,116.2063
2026-04-14 03:15:00,74325.0,74338.9,74260.1,74337.4,74.5683
2026-04-14 03:20:00,74337.5,74337.5,74250.0,74258.2,87.1156
2026-04-14 03:25:00,74258.3,74274.7,74211.7,74263.3,178.274
2026-04-14 03:30:00,74263.3,74377.1,74242.0,74321.0,151.7288
2026-04-14 03:35:00,74321.0,74360.8,74279.2,74353.3,69.6762
2026-04-14 03:40:00,74353.3,74472.8,74350.7,74437.0,285.9652
2026-04-14 03:45:00,74437.0,74437.1,74343.6,74405.2,173.9268
2026-04-14 03:50:00,74405.1,74433.4,74360.0,74400.0,112.6048
2026-04-14 03:55:00,74399.9,74445.9,74383.6,74418.4,168.7392
2026-04-14 04:00:00,74418.5,74418.5,74348.2,74394.9,91.1808
2026-04-14 04:05:00,74394.9,74470.0,74394.9,74425.6,148.2328
2026-04-14 04:10:00,74425.5,74439.0,74370.8,74438.9,160.9358
2026-04-14 04:15:00,74438.9,74454.2,74399.6,74444.8,100.6185
2026-04-14 04:20:00,74444.8,74470.7,74417.6,74423.0,81.0788
2026-04-14 04:25:00,74422.9,74469.0,74395.8,74462.5,90.6193
2026-04-14 04:30:00,74462.5,74478.2,74393.3,74393.3,145.2821
2026-04-14 04:35:00,74393.4,74420.0,74367.3,74419.9,74.5256
2026-04-14 04:40:00,74419.9,74420.0,74335.0,74356.8,131.9968
2026-04-14 04:45:00,74356.7,74410.7,74324.6,74380.0,81.651
2026-04-14 04:50:00,74380.0,74389.5,74351.2,74351.2,43.7868
2026-04-14 04:55:00,74351.2,74375.0,74333.1,74362.4,48.6932
2026-04-14 05:00:00,74362.3,74368.1,74301.0,74310.9,89.4437
2026-04-14 05:05:00,74310.8,74333.0,74280.9,74303.1,74.5616
2026-04-14 05:10:00,74303.1,74345.1,74298.0,74313.3,102.4028
2026-04-14 05:15:00,74313.2,74360.0,74281.1,74328.3,103.9434
2026-04-14 05:20:00,74328.4,74407.0,74307.5,74318.6,104.7454
2026-04-14 05:25:00,74318.6,74329.4,74287.2,74310.3,91.1311
2026-04-14 05:30:00,74310.3,74327.2,74272.7,74272.8,66.0829
2026-04-14 05:35:00,74272.8,74339.1,74255.0,74276.9,242.4075
2026-04-14 05:40:00,74277.0,74287.4,74255.0,74266.6,112.1945
2026-04-14 05:45:00,74266.7,74266.7,74243.0,74243.0,83.1037
2026-04-14 05:50:00,74243.1,74243.1,74183.5,74197.6,115.3376
2026-04-14 05:55:00,74197.6,74197.7,74127.2,74188.6,205.4832
2026-04-14 06:00:00,74188.6,74286.7,74188.6,74240.3,199.8409
2026-04-14 06:05:00,74240.2,74325.7,74240.2,74309.0,112.6693
2026-04-14 06:10:00,74309.0,74331.0,74284.7,74302.1,96.9194
2026-04-14 06:15:00,74302.1,74388.5,74282.5,74376.7,152.1478
2026-04-14 06:20:00,74376.8,74419.9,74366.0,74407.1,165.7871
2026-04-14 06:25:00,74407.1,74419.3,74355.3,74357.2,93.3547
2026-04-14 06:30:00,74357.1,74377.9,74335.0,74371.7,111.1264
2026-04-14 06:35:00,74371.7,74433.3,74352.5,74400.4,89.3835
2026-04-14 06:40:00,74400.4,74402.4,74350.0,74363.6,78.9943
2026-04-14 06:45:00,74363.5,74417.7,74343.9,74411.0,46.8833
2026-04-14 06:50:00,74411.0,74484.2,74395.0,74476.4,164.8111
2026-04-14 06:55:00,74476.4,74526.9,74476.3,74490.9,255.4198
2026-04-14 07:00:00,74490.9,74600.0,74402.8,74549.0,465.687
2026-04-14 07:05:00,74549.0,74920.4,74525.7,74885.4,1310.2437
2026-04-14 07:10:00,74885.3,74896.2,74656.3,74736.2,506.935
2026-04-14 07:15:00,74736.1,74763.9,74630.1,74630.2,284.2022
2026-04-14 07:20:00,74630.1,74700.0,74565.3,74580.2,201.5602
2026-04-14 07:25:00,74580.2,74661.1,74580.1,74632.6,140.0216
2026-04-14 07:30:00,74632.6,74649.9,74530.0,74530.0,155.5213
2026-04-14 07:35:00,74530.0,74558.7,74462.0,74535.2,254.3294
2026-04-14 07:40:00,74535.3,74566.0,74442.4,74466.8,188.2721
2026-04-14 07:45:00,74466.8,74480.0,74441.0,74455.0,217.1035
2026-04-14 07:50:00,74455.0,74514.5,74436.8,74506.7,175.546
2026-04-14 07:55:00,74506.7,74532.2,74472.6,74518.0,198.2406
2026-04-14 08:00:00,74518.1,74532.2,74420.4,74502.6,168.5622
2026-04-14 08:05:00,74502.6,74566.0,74502.6,74519.4,184.8653
2026-04-14 08:10:00,74519.4,74563.2,74468.0,74511.3,129.7877
2026-04-14 08:15:00,74511.3,74547.6,74474.6,74503.5,158.9077
2026-04-14 08:20:00,74503.6,74530.0,74463.5,74485.0,122.279
2026-04-14 08:25:00,74485.0,74613.8,74470.9,74605.4,149.8491
2026-04-14 08:30:00,74605.4,74796.5,74605.2,74773.2,478.5864
2026-04-14 08:35:00,74773.2,74870.0,74730.1,74751.3,516.5406
2026-04-14 08:40:00,74751.3,74751.3,74584.0,74614.6,420.4219
2026-04-14 08:45:00,74614.6,74707.2,74565.5,74707.1,233.0981
2026-04-14 08:50:00,74707.1,74812.5,74642.2,74674.3,417.057
2026-04-14 08:55:00,74674.4,74718.3,74650.0,74718.3,62.8887
2026-04-14 09:00:00,74718.3,74757.4,74651.8,74671.8,163.0272
2026-04-14 09:05:00,74671.8,74723.0,74620.0,74717.4,98.0914
2026-04-14 09:10:00,74717.4,74769.4,74675.0,74761.6,192.0426
2026-04-14 09:15:00,74761.5,74800.0,74726.9,74743.0,149.54
2026-04-14 09:20:00,74742.9,74743.0,74640.1,74640.1,119.513
2026-04-14 09:25:00,74640.2,74669.2,74591.7,74643.8,212.2433
2026-04-14 09:30:00,74643.8,74656.8,74580.0,74621.6,166.8703
2026-04-14 09:35:00,74621.6,74646.1,74568.1,74628.1,126.488
2026-04-14 09:40:00,74628.2,74683.8,74465.4,74479.8,380.61
2026-04-14 09:45:00,74479.8,74513.2,74386.5,74423.7,311.2093
2026-04-14 09:50:00,74423.8,74460.3,74423.7,74429.3,150.3525
2026-04-14 09:55:00,74429.2,74505.8,74415.6,74468.3,121.128
2026-04-14 10:00:00,74468.4,74470.2,74424.7,74431.2,97.6767
2026-04-14 10:05:00,74431.1,74525.0,74427.9,74473.7,94.4234
2026-04-14 10:10:00,74473.7,74515.0,74466.0,74515.0,59.2623
2026-04-14 10:15:00,74515.0,74515.0,74458.3,74503.3,75.9705
2026-04-14 10:20:00,74503.4,74553.9,74485.5,74530.0,101.0177
2026-04-14 10:25:00,74530.1,74556.6,74512.0,74528.1,55.1772
2026-04-14 10:30:00,74528.1,74574.0,74502.0,74547.6,107.4459
2026-04-14 10:35:00,74547.7,74566.0,74356.3,74356.7,260.4623
2026-04-14 10:40:00,74356.8,74393.0,74323.3,74323.3,220.2406
2026-04-14 10:45:00,74323.3,74371.9,74300.0,74367.1,151.3944
2026-04-14 10:50:00,74367.2,74408.2,74330.0,74333.5,147.791
2026-04-14 10:55:00,74333.6,74410.4,74318.2,74318.2,115.8366
2026-04-14 11:00:00,74318.2,74380.0,74289.1,74373.4,168.4566
2026-04-14 11:05:00,74373.4,74409.0,74350.1,74408.9,109.3187
2026-04-14 11:10:00,74409.0,74409.0,74358.2,74367.6,58.7087
2026-04-14 11:15:00,74367.5,74409.0,74367.5,74400.0,168.8876
2026-04-14 11:20:00,74400.0,74422.0,74338.9,74363.5,178.8782
2026-04-14 11:25:00,74363.4,74416.0,74333.0,74333.0,146.7965
2026-04-14 11:30:00,74333.0,74335.6,74289.6,74325.1,151.4911
2026-04-14 11:35:00,74325.1,74372.1,74313.9,74371.0,97.4736
2026-04-14 11:40:00,74370.9,74372.1,74295.1,74295.1,177.0507
2026-04-14 11:45:00,74295.1,74418.1,74276.7,74398.1,204.3033
2026-04-14 11:50:00,74398.2,74405.0,74300.0,74340.5,77.5207
2026-04-14 11:55:00,74340.5,74422.0,74293.5,74350.1,327.2766
2026-04-14 12:00:00,74350.0,74405.0,74268.0,74396.3,285.089
2026-04-14 12:05:00,74396.2,74400.0,74363.0,74386.6,69.4079
2026-04-14 12:10:00,74386.6,74387.7,74264.7,74279.2,192.6053
2026-04-14 12:15:00,74279.3,74385.0,74270.1,74347.0,76.4205
2026-04-14 12:20:00,74347.0,74347.0,74251.5,74266.4,219.7896
2026-04-14 12:25:00,74266.3,74315.4,74250.0,74266.0,218.6021
2026-04-14 12:30:00,74265.9,74374.9,74264.6,74327.7,305.0251
2026-04-14 12:35:00,74327.7,74350.0,74272.8,74300.3,194.1252
2026-04-14 12:40:00,74300.4,74375.9,74268.1,74268.2,190.4225
2026-04-14 12:45:00,74268.1,74355.0,74258.5,74343.3,138.6183
2026-04-14 12:50:00,74343.3,74385.0,74300.0,74363.6,95.6152
2026-04-14 12:55:00,74363.5,74475.7,74363.5,74423.8,412.7277
2026-04-14 13:00:00,74423.8,74564.5,74366.9,74561.9,512.3136
2026-04-14 13:05:00,74562.0,74581.7,74501.8,74549.9,163.2284
2026-04-14 13:10:00,74549.9,74549.9,74484.6,74543.5,98.4352
2026-04-14 13:15:00,74543.5,74650.0,74515.0,74595.5,303.1664
2026-04-14 13:20:00,74595.5,74696.4,74593.3,74672.8,312.7151
2026-04-14 13:25:00,74672.9,74685.6,74458.0,74458.1,333.0559
2026-04-14 13:30:00,74458.0,74861.0,74457.1,74708.1,1135.1235
2026-04-14 13:35:00,74708.1,74897.5,74689.2,74827.2,602.3255
2026-04-14 13:40:00,74827.1,75199.8,74817.2,75144.8,2636.5969
2026-04-14 13:45:00,75144.8,75372.6,75016.2,75079.8,2592.867
2026-04-14 13:50:00,75079.8,75350.0,75070.0,75313.3,1022.7537
2026-04-14 13:55:00,75313.4,75488.0,75280.0,75468.5,1016.0437
2026-04-14 14:00:00,75468.5,75542.2,75311.6,75354.0,1842.0979
2026-04-14 14:05:00,75354.1,75588.2,75280.0,75501.6,1144.4282
2026-04-14 14:10:00,75501.7,75564.1,75382.7,75520.0,592.8969
2026-04-14 14:15:00,75519.9,75640.0,75444.0,75503.3,857.8638
2026-04-14 14:20:00,75503.3,75685.0,75503.3,75546.7,885.0998
2026-04-14 14:25:00,75546.7,75813.6,75546.7,75800.1,1376.2617
2026-04-14 14:30:00,75800.0,76000.0,75550.1,75594.8,3048.2289
2026-04-14 14:35:00,75594.9,75694.9,75200.0,75361.6,2044.0584
2026-04-14 14:40:00,75361.6,75462.0,75179.0,75331.5,1056.3657
2026-04-14 14:45:00,75331.5,75359.3,75125.0,75135.1,970.4024
2026-04-14 14:50:00,75135.1,75220.7,75068.4,75208.7,761.4274
2026-04-14 14:55:00,75208.6,75242.2,74970.0,74970.0,899.3496
2026-04-14 15:00:00,74970.0,75087.8,74880.6,74973.3,1269.6169
2026-04-14 15:05:00,74973.3,74973.3,74505.6,74663.5,1806.4915
2026-04-14 15:10:00,74663.6,74822.5,74516.3,74710.6,1680.217
2026-04-14 15:15:00,74710.6,74778.0,74650.0,74753.9,482.1672
2026-04-14 15:20:00,74754.0,74883.5,74712.6,74861.9,743.8396
2026-04-14 15:25:00,74862.0,74897.1,74757.5,74757.5,520.6037
2026-04-14 15:30:00,74757.5,75059.9,74747.0,75045.2,921.1267
2026-04-14 15:35:00,75045.2,75214.1,75002.9,75120.0,834.0614
2026-04-14 15:40:00,75120.0,75266.0,75120.0,75240.0,533.6981
2026-04-14 15:45:00,75239.9,75278.2,75125.8,75208.3,350.9349
2026-04-14 15:50:00,75208.3,75415.4,75203.6,75383.6,627.2516
2026-04-14 15:55:00,75383.6,75400.0,75237.3,75280.4,399.1823
2026-04-14 16:00:00,75280.4,75455.0,75263.9,75424.9,590.9832
2026-04-14 16:05:00,75424.9,75668.3,75380.3,75602.8,1190.3233
2026-04-14 16:10:00,75602.8,75602.8,75383.0,75442.4,520.7161
2026-04-14 16:15:00,75442.3,75458.2,75239.5,75270.0,521.5857
2026-04-14 16:20:00,75270.0,75300.0,75121.8,75168.0,533.8023
2026-04-14 16:25:00,75168.0,75333.0,75167.9,75206.2,303.2188
2026-04-14 16:30:00,75206.2,75212.1,75078.2,75132.3,337.4488
2026-04-14 16:35:00,75132.4,75241.9,75047.0,75183.1,449.6275
2026-04-14 16:40:00,75183.1,75232.0,75152.9,75156.5,319.4692
2026-04-14 16:45:00,75156.4,75183.6,75047.0,75050.0,241.747
2026-04-14 16:50:00,75050.1,75062.5,74700.0,74733.6,1058.8116
2026-04-14 16:55:00,74733.5,74745.0,74465.2,74600.3,1139.4683
2026-04-14 17:00:00,74600.4,74720.0,74535.0,74622.1,585.7176
2026-04-14 17:05:00,74622.1,74712.9,74611.0,74699.9,347.9356
2026-04-14 17:10:00,74699.9,74787.5,74666.7,74750.6,406.4268
2026-04-14 17:15:00,74750.6,74850.0,74725.0,74822.3,220.5336
2026-04-14 17:20:00,74822.3,74919.7,74803.7,74803.7,314.0019
2026-04-14 17:25:00,74803.8,74833.8,74584.4,74588.2,490.7134
2026-04-14 17:30:00,74588.2,74652.1,74251.3,74303.4,1185.7504
2026-04-14 17:35:00,74303.4,74390.0,74200.0,74339.0,1091.6799
2026-04-14 17:40:00,74338.9,74550.0,74338.6,74501.9,394.3503
2026-04-14 17:45:00,74501.9,74636.1,74492.2,74616.1,257.6607
2026-04-14 17:50:00,74616.1,74666.0,74600.0,74633.9,321.7677
2026-04-14 17:55:00,74633.8,74716.0,74633.8,74694.8,260.0058
2026-04-14 18:00:00,74694.9,74765.7,74692.4,74722.4,179.5231
2026-04-14 18:05:00,74722.4,74755.2,74680.0,74741.4,207.042
2026-04-14 18:10:00,74741.5,74752.9,74547.2,74620.6,197.2004
2026-04-14 18:15:00,74620.6,74689.8,74590.0,74668.6,103.3656
2026-04-14 18:20:00,74668.5,74710.5,74388.2,74443.0,356.6333
2026-04-14 18:25:00,74443.0,74566.0,74394.0,74466.0,244.4619
2026-04-14 18:30:00,74466.0,74523.4,74360.0,74364.7,186.4373
2026-04-14 18:35:00,74364.6,74418.0,74088.0,74143.0,883.9381
2026-04-14 18:40:00,74143.1,74258.9,74143.1,74241.7,313.231
2026-04-14 18:45:00,74241.7,74300.5,73811.0,73814.0,1772.5782
2026-04-14 18:50:00,73813.9,74095.3,73777.0,74050.5,1016.8956
2026-04-14 18:55:00,74050.6,74082.2,73996.8,74056.3,245.0282
2026-04-14 19:00:00,74056.3,74202.1,74016.1,74150.2,390.9282
2026-04-14 19:05:00,74150.2,74314.1,74150.1,74289.5,338.2088
2026-04-14 19:10:00,74289.5,74350.0,74206.1,74211.5,231.4002
2026-04-14 19:15:00,74211.5,74314.3,74205.5,74277.2,170.0745
2026-04-14 19:20:00,74277.1,74319.9,73964.7,73964.7,407.1612
2026-04-14 19:25:00,73964.7,74143.9,73829.3,74112.5,539.4776
2026-04-14 19:30:00,74112.5,74230.8,74038.7,74057.1,237.7802
2026-04-14 19:35:00,74057.1,74132.5,73988.6,74114.5,322.1577
2026-04-14 19:40:00,74114.5,74203.4,74033.3,74068.3,222.3796
2026-04-14 19:45:00,74068.3,74122.8,74035.4,74104.5,154.6854
2026-04-14 19:50:00,74104.6,74222.7,74070.0,74181.0,336.5921
2026-04-14 19:55:00,74181.1,74213.7,74112.6,74175.0,427.5389
2026-04-14 20:00:00,74175.0,74366.8,74171.4,74240.5,344.7564
2026-04-14 20:05:00,74240.5,74325.0,74180.2,74324.9,181.6432
2026-04-14 20:10:00,74325.0,74391.2,74273.0,74367.0,181.6473
2026-04-14 20:15:00,74367.0,74384.7,74231.0,74257.7,134.9839
2026-04-14 20:20:00,74257.8,74275.0,74070.0,74149.6,200.3602
2026-04-14 20:25:00,74149.5,74164.3,74115.9,74134.5,90.3557
2026-04-14 20:30:00,74134.5,74233.8,74134.5,74151.1,129.2164
2026-04-14 20:35:00,74151.1,74164.8,74074.1,74116.1,110.2887
2026-04-14 20:40:00,74116.0,74206.4,74095.7,74206.4,88.7817
2026-04-14 20:45:00,74206.4,74252.1,74129.9,74180.0,170.2437
2026-04-14 20:50:00,74180.0,74198.5,74075.0,74090.4,78.4394
2026-04-14 20:55:00,74090.4,74109.9,73966.0,74055.3,188.4914
2026-04-14 21:00:00,74055.3,74254.6,74049.8,74242.5,232.8623
2026-04-14 21:05:00,74242.6,74242.6,74136.4,74186.7,60.9203
2026-04-14 21:10:00,74186.8,74199.9,74160.0,74160.0,83.5066
2026-04-14 21:15:00,74160.1,74160.1,74082.4,74121.5,91.7061
2026-04-14 21:20:00,74121.4,74137.0,74000.2,74011.8,68.1311
2026-04-14 21:25:00,74011.8,74080.5,74011.8,74080.4,79.1204
2026-04-14 21:30:00,74080.4,74103.8,74002.5,74002.6,57.3024
2026-04-14 21:35:00,74002.5,74046.3,73973.6,74006.3,95.6158
2026-04-14 21:40:00,74006.3,74013.7,73901.0,73988.8,159.8303
2026-04-14 21:45:00,73988.8,74000.0,73937.5,73970.4,46.0502
2026-04-14 21:50:00,73970.4,74193.2,73970.3,74169.1,145.5703
2026-04-14 21:55:00,74169.2,74285.2,74152.0,74230.4,211.212
2026-04-14 22:00:00,74230.3,74230.3,74090.9,74112.7,200.1063
2026-04-14 22:05:00,74112.7,74287.9,74108.4,74269.1,309.8761
2026-04-14 22:10:00,74269.1,74333.0,74200.1,74264.8,280.9681
2026-04-14 22:15:00,74264.8,74264.9,74062.0,74074.1,138.3194
2026-04-14 22:20:00,74074.1,74081.6,73974.0,74037.3,198.6648
2026-04-14 22:25:00,74037.3,74037.3,73866.0,73869.3,312.6052
2026-04-14 22:30:00,73869.3,74048.2,73743.9,73964.6,747.2408
2026-04-14 22:35:00,73964.7,73989.5,73859.5,73935.6,116.6139
2026-04-14 22:40:00,73935.7,74005.6,73921.8,73931.7,141.6508
2026-04-14 22:45:00,73931.6,74045.4,73922.5,73979.6,149.5722
2026-04-14 22:50:00,73979.6,74059.5,73965.6,74029.2,88.9511
2026-04-14 22:55:00,74029.2,74097.3,73982.6,73982.7,208.1807
2026-04-14 23:00:00,73982.6,74079.0,73966.0,74078.9,119.2266
2026-04-14 23:05:00,74078.9,74124.5,74005.4,74016.8,121.0601
2026-04-14 23:10:00,74016.8,74080.0,74000.0,74063.3,119.2157
2026-04-14 23:15:00,74063.3,74181.1,74056.7,74112.5,228.9465
2026-04-14 23:20:00,74112.6,74156.3,74078.4,74078.4,120.8177
2026-04-14 23:25:00,74078.5,74088.3,74015.1,74073.6,88.647
2026-04-14 23:30:00,74073.5,74155.0,74041.0,74112.3,176.1347
2026-04-14 23:35:00,74112.2,74147.8,74001.3,74119.9,181.3666
2026-04-14 23:40:00,74120.0,74174.8,74095.5,74099.9,176.7663
2026-04-14 23:45:00,74099.9,74212.2,74099.9,74179.9,174.6906
2026-04-14 23:50:00,74179.9,74199.9,74000.0,74027.1,292.5916
2026-04-14 23:55:00,74027.0,74144.1,74020.0,74100.1,139.4226
2026-04-15 00:00:00,74100.0,74579.6,74079.6,74502.7,1138.7989
2026-04-15 00:05:00,74502.6,74648.2,74432.5,74584.7,856.125
2026-04-15 00:10:00,74584.6,74584.7,74443.1,74510.0,407.0712
2026-04-15 00:15:00,74509.9,74510.0,74349.9,74360.4,193.4446
2026-04-15 00:20:00,74360.4,74600.0,74360.4,74532.8,288.6227
2026-04-15 00:25:00,74532.8,74574.3,74488.1,74541.3,150.0395
2026-04-15 00:30:00,74541.2,74563.7,74400.0,74468.3,163.1414
2026-04-15 00:35:00,74468.2,74540.0,74451.4,74486.2,110.9394
2026-04-15 00:40:00,74486.2,74524.5,74459.4,74503.2,134.9175
2026-04-15 00:45:00,74503.2,74550.0,74388.2,74406.6,175.6568
2026-04-15 00:50:00,74406.7,74500.0,74382.0,74396.4,117.1416
2026-04-15 00:55:00,74396.4,74547.0,74396.4,74515.9,174.6641
2026-04-15 01:00:00,74515.9,74611.2,74455.7,74591.9,168.4193
2026-04-15 01:05:00,74591.9,74698.1,74584.8,74670.0,291.2976
2026-04-15 01:10:00,74670.0,74724.0,74600.6,74706.6,204.4553
2026-04-15 01:15:00,74706.5,74749.0,74625.3,74665.1,258.9657
2026-04-15 01:20:00,74665.1,74665.2,74535.3,74555.5,152.6557
2026-04-15 01:25:00,74555.6,74650.0,74541.9,74639.9,115.9634
2026-04-15 01:30:00,74639.9,74664.7,74568.1,74593.8,71.5842
2026-04-15 01:35:00,74593.8,74600.0,74444.6,74520.2,585.8556
2026-04-15 01:40:00,74520.2,74623.4,74510.5,74582.7,132.7784
2026-04-15 01:45:00,74582.7,74608.5,74525.1,74600.0,63.4665
2026-04-15 01:50:00,74600.0,74696.2,74533.9,74567.7,206.6772
2026-04-15 01:55:00,74567.8,74600.0,74560.0,74560.0,76.7948
2026-04-15 02:00:00,74560.0,74650.0,74543.3,74595.1,124.2294
2026-04-15 02:05:00,74595.1,74595.1,74500.0,74500.1,64.7256
2026-04-15 02:10:00,74500.1,74500.1,74476.2,74495.9,67.9281
2026-04-15 02:15:00,74495.9,74549.9,74476.0,74484.5,87.7044
2026-04-15 02:20:00,74484.5,74509.0,74402.0,74414.4,167.3015
2026-04-15 02:25:00,74414.4,74419.2,74280.0,74311.9,412.5732
2026-04-15 02:30:00,74312.0,74318.6,74144.6,74164.1,420.0616
2026-04-15 02:35:00,74164.2,74214.6,74140.0,74173.9,281.2184
2026-04-15 02:40:00,74173.9,74240.8,74135.9,74235.7,154.9909
2026-04-15 02:45:00,74235.7,74242.3,74150.1,74168.5,181.4401
2026-04-15 02:50:00,74168.5,74265.2,74168.0,74244.8,136.859
2026-04-15 02:55:00,74244.7,74307.7,74244.7,74281.1,111.9017
2026-04-15 03:00:00,74281.1,74296.0,74210.0,74210.1,160.4363
2026-04-15 03:05:00,74210.0,74239.5,74180.0,74209.8,83.421
2026-04-15 03:10:00,74209.9,74214.6,74168.0,74181.6,122.0496
2026-04-15 03:15:00,74181.6,74192.0,74145.0,74182.0,50.2589
