timestamp,open,high,low,close,volume
2026-01-21 18:30:00,88019.9,88241.0,87943.2,88123.0,48.55332344
2026-01-21 18:45:00,88123.1,88658.0,88120.1,88482.1,73.8856926
2026-01-21 19:00:00,88482.1,88640.0,88286.8,88392.0,42.81337831
2026-01-21 19:15:00,88392.1,89723.7,88365.2,89646.2,225.81285122
2026-01-21 19:30:00,89646.2,90168.5,89520.7,90051.5,247.05075065
2026-01-21 19:45:00,90054.0,90454.2,89907.7,90358.0,168.50266863
2026-01-21 20:00:00,90358.1,90374.7,89740.0,89916.7,72.98489131
2026-01-21 20:15:00,89916.7,89916.7,89457.2,89746.1,96.05753505
2026-01-21 20:30:00,89742.0,90025.5,89610.1,89900.3,75.60526486
2026-01-21 20:45:00,89900.2,90209.5,89891.2,90207.4,92.26692937
2026-01-21 21:00:00,90207.4,90209.4,89963.9,90101.9,57.05312045
2026-01-21 21:15:00,90100.5,90333.3,90051.8,90074.6,28.00541838
2026-01-21 21:30:00,90074.6,90264.5,90070.0,90250.9,21.76466316
2026-01-21 21:45:00,90250.9,90275.0,90150.0,90242.3,20.84045101
2026-01-21 22:00:00,90242.4,90381.8,90205.6,90218.9,21.12976541
2026-01-21 22:15:00,90218.9,90232.2,89944.4,90002.2,64.003879
2026-01-21 22:30:00,90002.1,90097.2,89904.3,89959.8,27.02378186
2026-01-21 22:45:00,89959.7,89995.7,89767.0,89767.1,16.73008376
2026-01-21 23:00:00,89767.1,90215.2,89718.3,90192.0,68.47003062
2026-01-21 23:15:00,90191.8,90191.8,89880.9,90020.0,47.07448151
2026-01-21 23:30:00,90020.0,90020.0,89552.2,89552.2,41.42925681
2026-01-21 23:45:00,89554.0,89613.0,89360.0,89456.1,69.27013222
2026-01-22 00:00:00,89456.1,89720.0,89456.1,89708.0,51.36644298
2026-01-22 00:15:00,89708.0,89892.9,89608.4,89833.4,28.17814023
2026-01-22 00:30:00,89833.5,89999.8,89830.2,89934.2,22.79751682
2026-01-22 00:45:00,89934.2,90037.8,89866.1,89905.7,25.06275147
2026-01-22 01:00:00,89905.8,90113.5,89820.7,89999.9,56.54507733
2026-01-22 01:15:00,89999.9,90187.7,89999.9,90127.9,58.01218883
2026-01-22 01:30:00,90127.9,90182.9,89910.0,89996.0,37.01665434
2026-01-22 01:45:00,89996.0,90165.8,89955.0,90110.9,30.42475268
2026-01-22 02:00:00,90109.9,90183.7,90031.0,90181.3,87.68602686
2026-01-22 02:15:00,90180.1,90355.0,90146.8,90284.1,67.66459499
2026-01-22 02:30:00,90284.0,90284.0,90042.5,90118.0,26.22857854
2026-01-22 02:45:00,90118.1,90118.1,89848.4,89941.4,54.84927182
2026-01-22 03:00:00,89941.4,90150.0,89941.3,90099.5,28.70567594
2026-01-22 03:15:00,90099.4,90099.4,89851.8,89937.7,25.61770284
2026-01-22 03:30:00,89937.7,89937.7,89699.6,89832.2,44.54802711
2026-01-22 03:45:00,89832.2,89891.7,89819.8,89890.5,13.54832564
2026-01-22 04:00:00,89890.5,89974.3,89834.6,89882.1,30.32522245
2026-01-22 04:15:00,89882.0,89975.4,89831.1,89974.1,30.41782395
2026-01-22 04:30:00,89974.0,90020.2,89906.4,89992.6,29.84640938
2026-01-22 04:45:00,89992.6,90072.2,89982.1,89994.6,53.78871462
2026-01-22 05:00:00,89994.7,90067.3,89987.1,90037.7,12.67702134
2026-01-22 05:15:00,90037.7,90048.0,89965.5,89976.3,16.58194929
2026-01-22 05:30:00,89976.4,90049.2,89927.2,90007.0,24.07267057
2026-01-22 05:45:00,90007.0,90045.8,89931.2,90021.8,31.96970337
2026-01-22 06:00:00,90021.9,90125.0,89894.0,90034.1,46.56467674
2026-01-22 06:15:00,90034.0,90082.3,89987.7,90000.9,17.4128377
2026-01-22 06:30:00,90000.9,90191.3,89995.8,90150.1,42.17433125
2026-01-22 06:45:00,90150.1,90208.2,90118.2,90165.1,88.96924899
2026-01-22 07:00:00,90165.0,90194.8,90049.5,90049.6,75.21989353
2026-01-22 07:15:00,90049.6,90077.6,89872.0,89963.2,105.35330719
2026-01-22 07:30:00,89963.3,89972.5,89891.7,89936.4,64.52513608
2026-01-22 07:45:00,89936.5,89945.1,89746.9,89802.7,60.16470779
2026-01-22 08:00:00,89802.8,89950.0,89750.0,89755.5,100.00992479
2026-01-22 08:15:00,89755.5,89927.2,89751.0,89865.1,28.94137002
2026-01-22 08:30:00,89865.0,89891.5,89773.3,89818.4,25.76648495
2026-01-22 08:45:00,89818.4,89946.9,89797.0,89909.9,28.71121736
2026-01-22 09:00:00,89910.0,90054.8,89888.4,90034.1,29.52718602
2026-01-22 09:15:00,90034.1,90066.0,89939.9,89996.3,131.41866612
2026-01-22 09:30:00,89996.3,90121.5,89920.7,90096.7,330.37964863
2026-01-22 09:45:00,90096.8,90106.1,90018.2,90026.9,13.01491008
2026-01-22 10:00:00,90027.9,90075.8,89942.9,90038.3,367.58105647
2026-01-22 10:15:00,90038.5,90100.0,89974.8,90035.1,100.14626652
2026-01-22 10:30:00,90035.1,90061.0,90009.3,90051.1,12.70361975
2026-01-22 10:45:00,90051.1,90099.9,90025.0,90075.7,20.5780806
2026-01-22 11:00:00,90075.6,90149.0,89937.6,89981.9,39.79964471
2026-01-22 11:15:00,89981.8,90022.5,89908.4,89953.0,29.92025924
2026-01-22 11:30:00,89952.9,90018.9,89900.0,89983.1,22.06421999
2026-01-22 11:45:00,89983.1,90072.3,89910.4,89942.7,24.03606582
2026-01-22 12:00:00,89942.8,90045.7,89875.0,90001.1,38.40879587
2026-01-22 12:15:00,90001.1,90036.8,89987.6,90024.4,14.50455111
2026-01-22 12:30:00,90024.4,90092.2,89989.7,90036.3,71.92389327
2026-01-22 12:45:00,90036.4,90046.8,89989.2,90019.2,8.10087488
2026-01-22 13:00:00,90019.2,90045.0,89996.6,90044.9,21.52351289
2026-01-22 13:15:00,90045.0,90183.5,90045.0,90183.5,20.97778869
2026-01-22 13:30:00,90183.4,90333.4,89552.4,89612.1,174.01111641
2026-01-22 13:45:00,89616.0,89729.9,89483.6,89607.0,59.5941578
2026-01-22 14:00:00,89607.0,89696.6,89410.6,89696.6,41.77887182
2026-01-22 14:15:00,89696.6,89696.9,89351.1,89570.4,33.5393325
2026-01-22 14:30:00,89570.5,89727.2,89131.0,89489.0,154.915341
2026-01-22 14:45:00,89489.7,89516.9,89054.5,89088.0,99.61252791
2026-01-22 15:00:00,89087.9,89372.1,89020.0,89255.7,86.22221559
2026-01-22 15:15:00,89255.5,89367.9,88625.0,88664.1,142.4224877
2026-01-22 15:30:00,88666.0,89169.4,88515.3,89156.0,91.06824878
2026-01-22 15:45:00,89156.0,89452.0,88950.1,89003.2,68.01984621
2026-01-22 16:00:00,89003.3,89207.3,88771.4,88849.0,53.98212404
2026-01-22 16:15:00,88844.2,89193.4,88680.0,88989.6,61.65832273
2026-01-22 16:30:00,88991.9,89140.9,88778.0,88969.9,87.90414577
2026-01-22 16:45:00,88969.9,89268.9,88903.5,89055.1,36.31303527
2026-01-22 17:00:00,89055.0,89436.7,89014.5,89224.0,43.10930112
2026-01-22 17:15:00,89229.3,89431.2,89065.8,89150.0,28.29527941
2026-01-22 17:30:00,89150.0,89288.1,89067.0,89224.6,18.17511075
2026-01-22 17:45:00,89224.1,89612.5,89224.1,89552.5,39.96631902
2026-01-22 18:00:00,89552.6,89611.3,89383.6,89466.3,34.31915836
2026-01-22 18:15:00,89465.9,89784.9,89461.9,89612.1,61.52080977
2026-01-22 18:30:00,89613.0,89761.2,89597.3,89667.4,47.04517889
2026-01-22 18:45:00,89667.3,89710.0,89307.6,89336.9,19.38061301
2026-01-22 19:00:00,89334.1,89459.0,89094.9,89393.1,40.97222817
2026-01-22 19:15:00,89393.1,89570.6,89306.4,89509.1,13.59635769
2026-01-22 19:30:00,89509.2,89875.0,89489.2,89840.0,30.40961609
2026-01-22 19:45:00,89839.9,89922.0,89631.6,89778.3,49.046857
2026-01-22 20:00:00,89777.7,89920.2,89700.3,89920.2,39.41118796
2026-01-22 20:15:00,89920.2,89943.4,89560.0,89576.4,23.29686707
2026-01-22 20:30:00,89576.3,89717.5,89468.7,89510.2,24.62583288
2026-01-22 20:45:00,89510.2,89565.2,89375.0,89416.0,30.8693782
2026-01-22 21:00:00,89414.1,89624.2,89375.0,89544.3,23.34575614
2026-01-22 21:15:00,89544.4,89663.5,89544.4,89571.1,19.37471728
2026-01-22 21:30:00,89571.1,89608.9,89385.6,89385.6,22.68997143
2026-01-22 21:45:00,89385.6,89385.9,89230.0,89263.5,22.40280135
2026-01-22 22:00:00,89263.6,89577.1,89142.7,89502.9,64.86186036
2026-01-22 22:15:00,89503.0,89531.2,89367.2,89421.0,8.6182253
2026-01-22 22:30:00,89421.1,89430.7,89177.5,89265.0,15.35424601
2026-01-22 22:45:00,89265.0,89381.1,89265.0,89347.3,8.93897449
2026-01-22 23:00:00,89347.0,89372.0,89169.6,89303.9,15.78376231
2026-01-22 23:15:00,89303.8,89521.6,89299.0,89445.0,12.24964203
2026-01-22 23:30:00,89445.0,89587.1,89411.0,89507.0,17.37411486
2026-01-22 23:45:00,89508.0,89560.2,89507.9,89560.2,7.31597153
2026-01-23 00:00:00,89560.2,89563.0,89454.4,89551.0,12.88075831
2026-01-23 00:15:00,89551.0,89640.0,89539.0,89610.0,17.17123599
2026-01-23 00:30:00,89610.0,89623.6,89520.0,89565.9,12.16355158
2026-01-23 00:45:00,89565.9,89631.7,89526.0,89526.1,23.44559158
2026-01-23 01:00:00,89526.1,89676.8,89526.1,89600.5,17.60421032
2026-01-23 01:15:00,89600.6,89710.9,89600.6,89698.0,14.9548941
2026-01-23 01:30:00,89698.0,89863.3,89640.7,89823.1,30.27056128
2026-01-23 01:45:00,89823.1,89943.0,89780.2,89942.9,31.91563734
2026-01-23 02:00:00,89939.7,89984.9,89804.4,89948.8,79.05212846
2026-01-23 02:15:00,89948.7,89948.7,89751.9,89768.7,35.55348022
2026-01-23 02:30:00,89768.7,89833.1,89765.0,89793.0,24.56060157
2026-01-23 02:45:00,89792.9,89812.1,89661.7,89665.1,32.70741912
2026-01-23 03:00:00,89665.1,89812.0,89650.0,89811.9,105.22662579
2026-01-23 03:15:00,89811.9,89925.7,89805.6,89893.0,27.9233875
2026-01-23 03:30:00,89893.0,89921.2,89804.3,89896.4,18.84329102
2026-01-23 03:45:00,89896.4,89927.2,89858.8,89927.1,35.48258137
2026-01-23 04:00:00,89927.2,90074.6,89888.3,90074.5,79.24366586
2026-01-23 04:15:00,90074.5,90096.9,89948.6,89987.1,65.23355226
2026-01-23 04:30:00,89987.1,90036.0,89913.1,89985.9,22.54914928
2026-01-23 04:45:00,89985.9,90036.6,89968.5,89973.0,21.28864304
2026-01-23 05:00:00,89970.5,89970.5,89870.0,89890.0,24.73881228
2026-01-23 05:15:00,89890.0,89890.0,89534.8,89649.8,58.69593044
2026-01-23 05:30:00,89649.8,89704.0,89625.7,89655.7,26.88724537
2026-01-23 05:45:00,89655.6,89681.5,89472.7,89620.3,36.21849974
2026-01-23 06:00:00,89620.3,89813.8,89562.0,89739.1,71.54103934
2026-01-23 06:15:00,89739.0,89766.4,89406.7,89481.1,40.56440724
2026-01-23 06:30:00,89481.1,89666.5,89476.7,89653.6,30.23633494
2026-01-23 06:45:00,89651.2,89660.9,89500.0,89510.9,81.05010266
2026-01-23 07:00:00,89511.0,89561.4,89471.0,89561.4,106.91890424
2026-01-23 07:15:00,89561.4,89691.5,89558.1,89655.1,91.99669708
2026-01-23 07:30:00,89655.1,89691.8,89543.4,89586.5,104.8344616
2026-01-23 07:45:00,89586.6,89619.8,89447.6,89542.1,130.8847857
2026-01-23 08:00:00,89542.1,89632.5,89492.0,89557.3,121.42910353
2026-01-23 08:15:00,89557.2,89563.7,89321.2,89337.6,66.36525761
2026-01-23 08:30:00,89337.7,89412.0,89126.2,89357.1,803.20083644
2026-01-23 08:45:00,89357.2,89416.0,89180.9,89219.0,24.92546343
2026-01-23 09:00:00,89219.0,89386.5,89200.0,89237.2,27.07446616
2026-01-23 09:15:00,89236.4,89236.4,89018.0,89164.0,80.3977493
2026-01-23 09:30:00,89163.9,89186.1,88957.0,89016.0,64.08286598
2026-01-23 09:45:00,89016.0,89019.1,88900.1,88978.0,85.38396739
2026-01-23 10:00:00,88978.0,89089.5,88869.5,89062.5,42.09558462
2026-01-23 10:15:00,89062.6,89130.0,89003.1,89106.2,36.82614127
2026-01-23 10:30:00,89106.2,89131.0,88981.5,89126.6,33.33779969
2026-01-23 10:45:00,89126.6,89157.0,89015.9,89049.9,27.50821365
2026-01-23 11:00:00,89050.0,89237.6,89000.0,89219.1,48.30115362
2026-01-23 11:15:00,89219.1,89274.9,89203.2,89228.7,15.71684223
2026-01-23 11:30:00,89228.6,89349.0,89228.6,89257.3,19.1620719
2026-01-23 11:45:00,89257.4,89278.3,89166.2,89211.0,7.54691102
2026-01-23 12:00:00,89211.0,89251.9,89152.2,89152.2,5.26033957
2026-01-23 12:15:00,89152.3,89185.0,89125.1,89164.0,18.7753373
2026-01-23 12:30:00,89163.9,89246.0,89100.1,89246.0,4.77066624
2026-01-23 12:45:00,89246.0,89375.0,89246.0,89264.0,9.23047074
2026-01-23 13:00:00,89264.1,89414.0,89238.9,89409.5,31.71311485
2026-01-23 13:15:00,89409.4,89424.0,89258.9,89259.0,56.06568112
2026-01-23 13:30:00,89258.9,89351.3,89236.5,89351.3,16.79450782
2026-01-23 13:45:00,89351.3,89446.2,89307.6,89352.2,13.95956228
2026-01-23 14:00:00,89352.2,89472.7,89250.1,89456.0,19.01826083
2026-01-23 14:15:00,89456.0,89700.0,89424.5,89686.6,96.10511321
2026-01-23 14:30:00,89686.5,89717.2,88656.3,88963.9,243.49114429
2026-01-23 14:45:00,88964.0,89124.9,88700.0,89010.7,51.62347224
2026-01-23 15:00:00,89012.5,89179.8,88767.1,88815.7,55.8930253
2026-01-23 15:15:00,88815.9,89272.7,88563.6,88968.0,87.93937927
2026-01-23 15:30:00,88967.2,89274.9,88922.5,89254.0,36.20924495
2026-01-23 15:45:00,89254.0,89858.9,89251.9,89754.2,94.64254601
2026-01-23 16:00:00,89754.3,89950.0,89652.0,89747.1,115.18100914
2026-01-23 16:15:00,89747.0,89750.0,89521.7,89574.7,42.1702417
2026-01-23 16:30:00,89574.7,90415.2,89484.0,90276.6,177.17916925
2026-01-23 16:45:00,90276.5,90485.7,90119.1,90123.0,81.98747559
2026-01-23 17:00:00,90123.1,90194.7,89981.6,90194.7,54.25384206
2026-01-23 17:15:00,90194.7,90978.0,90194.7,90976.2,174.76665915
2026-01-23 17:30:00,90976.2,91222.0,90770.6,90829.9,197.96956492
2026-01-23 17:45:00,90830.0,91055.1,90572.9,90612.0,86.55183197
2026-01-23 18:00:00,90612.0,91021.4,90470.1,90747.0,96.63101809
2026-01-23 18:15:00,90747.0,90953.1,90648.4,90873.9,30.51048512
2026-01-23 18:30:00,90873.9,91020.7,90686.6,90744.0,68.98833985
2026-01-23 18:45:00,90744.0,90744.0,90501.0,90524.3,48.9120198
2026-01-23 19:00:00,90524.2,90530.0,90224.2,90280.0,86.61899247
2026-01-23 19:15:00,90280.1,90280.1,89758.9,89849.2,159.47108627
2026-01-23 19:30:00,89850.1,89886.3,89620.0,89880.4,69.51094336
2026-01-23 19:45:00,89880.5,90020.5,89735.8,89980.0,34.26643624
2026-01-23 20:00:00,89980.0,90155.0,89854.0,90122.0,46.20749643
2026-01-23 20:15:00,90121.9,90130.9,89817.2,89817.2,36.29558454
2026-01-23 20:30:00,89817.2,89817.2,89273.6,89429.0,91.94476725
2026-01-23 20:45:00,89428.9,89580.4,89217.9,89508.3,58.4899169
2026-01-23 21:00:00,89508.2,89694.5,89440.0,89611.3,28.55183548
2026-01-23 21:15:00,89611.2,89683.0,89483.6,89608.7,14.13107009
2026-01-23 21:30:00,89608.6,89618.7,89403.0,89448.9,19.27873459
2026-01-23 21:45:00,89449.0,89482.0,89326.4,89353.1,23.83854669
2026-01-23 22:00:00,89353.0,89755.8,89341.0,89635.9,45.37072058
2026-01-23 22:15:00,89635.8,89750.0,89598.0,89716.0,25.61749725
2026-01-23 22:30:00,89716.0,89750.0,89599.2,89599.2,23.15904284
2026-01-23 22:45:00,89599.2,89655.7,89556.7,89637.8,6.70325895
2026-01-23 23:00:00,89637.8,89637.8,89532.0,89582.0,7.59851249
2026-01-23 23:15:00,89582.0,89596.0,89500.2,89575.0,4.46965926
2026-01-23 23:30:00,89575.1,89583.0,89519.7,89519.8,3.34067852
2026-01-23 23:45:00,89519.1,89630.3,89472.7,89608.0,19.67501353
2026-01-24 00:00:00,89608.1,89639.0,89511.2,89511.3,24.04820197
2026-01-24 00:15:00,89511.3,89573.0,89466.6,89466.7,9.40840655
2026-01-24 00:30:00,89466.6,89557.1,89461.5,89485.9,9.01648593
2026-01-24 00:45:00,89485.9,89486.6,89427.6,89452.5,17.09252421
2026-01-24 01:00:00,89452.6,89521.8,89450.7,89517.8,7.16154111
2026-01-24 01:15:00,89517.9,89587.1,89500.0,89575.3,4.88429634
2026-01-24 01:30:00,89575.3,89575.3,89468.5,89540.1,16.249442
2026-01-24 01:45:00,89540.1,89551.6,89517.7,89551.5,4.66042285
2026-01-24 02:00:00,89551.6,89663.6,89551.6,89624.0,9.87086063
2026-01-24 02:15:00,89624.0,89673.0,89601.4,89617.9,15.10875524
2026-01-24 02:30:00,89617.4,89682.4,89609.0,89682.4,4.56478794
2026-01-24 02:45:00,89682.4,89716.9,89656.0,89706.0,10.64987931
2026-01-24 03:00:00,89705.9,89868.9,89679.0,89868.5,35.67137895
2026-01-24 03:15:00,89868.5,89933.1,89799.0,89933.1,21.1624024
2026-01-24 03:30:00,89933.1,89933.1,89796.0,89827.3,16.67452474
2026-01-24 03:45:00,89827.3,89832.0,89751.2,89777.0,11.29623779
2026-01-24 04:00:00,89777.0,89833.2,89762.5,89808.1,5.76558736
2026-01-24 04:15:00,89808.1,89821.2,89716.0,89728.2,18.23929242
2026-01-24 04:30:00,89728.2,89781.8,89728.2,89769.9,3.78299576
2026-01-24 04:45:00,89770.0,89847.7,89749.4,89840.0,13.58464391
2026-01-24 05:00:00,89840.0,89846.7,89792.9,89825.5,29.98299972
2026-01-24 05:15:00,89825.5,89849.3,89817.0,89817.0,18.36467282
2026-01-24 05:30:00,89817.1,89817.1,89751.3,89766.0,8.37395173
2026-01-24 05:45:00,89765.9,89783.0,89748.7,89783.0,9.15552264
2026-01-24 06:00:00,89783.0,89786.5,89726.7,89751.0,14.99241887
2026-01-24 06:15:00,89750.9,89751.0,89643.6,89663.2,8.64072591
2026-01-24 06:30:00,89663.1,89682.2,89642.9,89678.0,6.35114491
2026-01-24 06:45:00,89676.9,89677.8,89652.6,89655.0,6.37896509
2026-01-24 07:00:00,89655.0,89655.0,89611.4,89654.9,51.78170801
2026-01-24 07:15:00,89654.9,89655.0,89558.4,89597.6,69.04385687
2026-01-24 07:30:00,89597.5,89650.0,89588.2,89649.9,27.67786074
2026-01-24 07:45:00,89649.9,89682.2,89552.4,89608.0,73.84534648
2026-01-24 08:00:00,89607.9,89637.7,89559.7,89611.7,51.99043093
2026-01-24 08:15:00,89611.7,89620.0,89608.5,89616.3,14.65999949
2026-01-24 08:30:00,89616.4,89662.0,89614.1,89662.0,20.39435869
2026-01-24 08:45:00,89661.9,89687.0,89635.3,89664.9,15.95160721
2026-01-24 09:00:00,89664.8,89664.9,89617.5,89640.3,6.63090595
2026-01-24 09:15:00,89640.3,89640.3,89611.0,89614.9,3.25186206
2026-01-24 09:30:00,89614.9,89614.9,89549.2,89604.7,22.7388119
2026-01-24 09:45:00,89604.8,89604.8,89589.2,89598.0,3.81682853
2026-01-24 10:00:00,89598.0,89659.0,89597.9,89630.0,8.53930674
2026-01-24 10:15:00,89630.1,89630.1,89613.0,89616.3,4.53001721
2026-01-24 10:30:00,89616.3,89630.0,89581.0,89600.3,25.49667101
2026-01-24 10:45:00,89600.3,89635.1,89600.2,89626.9,3.21733871
2026-01-24 11:00:00,89627.0,89627.0,89611.1,89611.1,5.07024699
2026-01-24 11:15:00,89611.1,89662.9,89611.1,89639.3,10.72184849
2026-01-24 11:30:00,89639.4,89670.7,89628.5,89652.8,6.63946701
2026-01-24 11:45:00,89652.8,89652.9,89586.8,89587.9,7.5722733
2026-01-24 12:00:00,89587.9,89597.5,89543.9,89543.9,20.79917645
2026-01-24 12:15:00,89543.9,89569.9,89542.0,89556.9,7.97220784
2026-01-24 12:30:00,89556.8,89584.4,89486.8,89545.0,14.87700704
2026-01-24 12:45:00,89545.1,89550.0,89523.0,89539.0,14.76503146
2026-01-24 13:00:00,89539.1,89554.5,89533.8,89535.2,15.23064976
2026-01-24 13:15:00,89535.2,89535.2,89530.0,89534.0,3.06954907
2026-01-24 13:30:00,89533.9,89538.7,89529.1,89538.6,6.38937567
2026-01-24 13:45:00,89538.7,89547.0,89370.4,89370.4,15.9645908
2026-01-24 14:00:00,89370.4,89492.2,89178.5,89482.0,53.13048949
2026-01-24 14:15:00,89482.1,89482.1,89438.0,89481.9,16.01990468
2026-01-24 14:30:00,89481.8,89515.0,89438.1,89504.3,9.88419778
2026-01-24 14:45:00,89504.4,89504.4,89448.8,89457.3,11.16309552
2026-01-24 15:00:00,89457.4,89503.3,89432.5,89475.9,14.88977256
2026-01-24 15:15:00,89475.8,89475.8,89394.7,89403.0,6.71030583
2026-01-24 15:30:00,89403.0,89435.0,89323.2,89347.4,19.26368527
2026-01-24 15:45:00,89347.4,89362.7,89258.3,89279.9,21.03075483
2026-01-24 16:00:00,89280.0,89360.5,89196.2,89248.9,45.3986376
2026-01-24 16:15:00,89249.0,89273.4,89169.6,89267.7,17.27067985
2026-01-24 16:30:00,89267.6,89268.0,89185.4,89222.0,8.99349182
2026-01-24 16:45:00,89221.9,89311.9,89179.1,89281.0,20.37831196
2026-01-24 17:00:00,89281.1,89400.0,89249.0,89377.0,18.87710925
2026-01-24 17:15:00,89377.0,89412.7,89336.3,89412.7,4.02777014
2026-01-24 17:30:00,89412.6,89412.7,89327.6,89332.1,17.58978716
2026-01-24 17:45:00,89332.2,89402.4,89307.9,89402.4,7.93242907
2026-01-24 18:00:00,89402.4,89422.7,89381.5,89422.6,3.97899357
2026-01-24 18:15:00,89422.7,89430.1,89401.0,89430.1,4.48761174
2026-01-24 18:30:00,89430.1,89460.0,89412.2,89412.3,3.6587207
2026-01-24 18:45:00,89412.2,89429.9,89394.7,89394.7,2.13953252
2026-01-24 19:00:00,89394.8,89394.8,89314.0,89316.0,4.05024526
2026-01-24 19:15:00,89316.1,89316.1,89272.5,89290.9,4.03640524
2026-01-24 19:30:00,89291.0,89335.0,89287.7,89335.0,4.67814373
2026-01-24 19:45:00,89335.0,89363.9,89312.8,89335.8,4.49509638
2026-01-24 20:00:00,89335.7,89391.8,89335.7,89380.1,4.3534117
2026-01-24 20:15:00,89380.2,89403.2,89377.3,89403.2,3.65000858
2026-01-24 20:30:00,89403.1,89403.2,89383.6,89385.5,1.66095079
2026-01-24 20:45:00,89385.4,89389.8,89385.4,89387.6,1.34540516
2026-01-24 21:00:00,89387.6,89387.6,89270.0,89297.1,17.29523125
2026-01-24 21:15:00,89297.1,89355.2,89288.0,89336.6,4.27012408
2026-02-01 04:15:00,78974.0,79116.0,78900.0,78939.0,85.83131534
2026-02-01 04:30:00,78938.9,79015.0,78912.0,79012.9,37.87569819
2026-02-01 04:45:00,79012.9,79058.1,78970.0,78972.0,29.36172565
2026-02-01 05:00:00,78976.9,79006.0,78734.3,78844.4,135.04423113
2026-02-01 05:15:00,78844.5,78978.0,78727.0,78937.8,66.83526182
2026-02-01 05:30:00,78937.9,78942.9,78530.8,78576.0,71.50787511
2026-02-01 05:45:00,78576.0,78650.0,78525.2,78611.4,67.64310569
2026-02-01 06:00:00,78611.5,78706.5,78601.1,78698.0,62.72469774
2026-02-01 06:15:00,78698.0,78819.8,78689.0,78708.8,45.32864198
2026-02-01 06:30:00,78708.7,78790.2,78405.8,78527.1,125.83266231
2026-02-01 06:45:00,78523.5,78523.5,78267.1,78300.1,66.61703912
2026-02-01 07:00:00,78300.2,78358.0,77967.6,78122.4,154.84996725
2026-02-01 07:15:00,78122.3,78221.0,78005.1,78218.0,77.51067162
2026-02-01 07:30:00,78217.9,78730.0,78179.1,78579.0,83.35201287
2026-02-01 07:45:00,78579.0,78591.7,78350.8,78358.1,92.15542533
2026-02-01 08:00:00,78358.0,78538.9,78358.0,78446.1,48.07515678
2026-02-01 08:15:00,78446.0,78511.0,78263.7,78510.9,59.57438235
2026-02-01 08:30:00,78511.0,78870.0,78467.1,78870.0,60.28245009
2026-02-01 08:45:00,78869.9,78869.9,78560.1,78606.3,67.7080571
2026-02-01 09:00:00,78606.3,78848.6,78555.0,78771.1,60.78552999
2026-02-01 09:15:00,78771.1,78799.1,78642.0,78690.9,30.07802836
2026-02-01 09:30:00,78690.1,78919.0,78689.5,78875.0,39.39320057
2026-02-01 09:45:00,78874.9,79149.6,78756.0,79044.1,77.73583483
2026-02-01 10:00:00,79045.0,79232.0,78894.6,79181.1,59.67507884
2026-02-01 10:15:00,79181.0,79181.0,78995.5,79027.9,40.75452794
2026-02-01 10:30:00,79027.9,79042.9,78387.4,78387.4,159.22149079
2026-02-01 10:45:00,78387.0,78534.3,78150.6,78276.9,52.58176143
2026-02-01 11:00:00,78277.0,78514.0,78277.0,78508.1,41.13100637
2026-02-01 11:15:00,78508.1,78508.4,78311.9,78423.9,19.77655738
2026-02-01 11:30:00,78425.0,78876.2,78425.0,78847.9,29.83120794
2026-02-01 11:45:00,78845.1,78876.6,78715.0,78754.8,17.51642417
2026-02-01 12:00:00,78754.9,78760.0,78493.2,78572.9,22.3902858
2026-02-01 12:15:00,78572.0,78631.5,78254.5,78446.5,42.44778808
2026-02-01 12:30:00,78446.5,78664.6,78359.0,78382.4,46.11397144
2026-02-01 12:45:00,78382.5,78503.9,78382.5,78461.6,19.34457917
2026-02-01 13:00:00,78461.5,78743.9,78461.5,78668.9,26.00210434
2026-02-01 13:15:00,78669.0,78774.7,78601.7,78688.3,27.32717347
2026-02-01 13:30:00,78688.4,78693.9,78466.1,78541.0,44.08482226
2026-02-01 13:45:00,78541.0,78661.9,78206.0,78327.0,99.60695151
2026-02-01 14:00:00,78327.1,78447.1,78116.0,78190.4,49.50023247
2026-02-01 14:15:00,78190.4,78227.1,77817.1,77854.0,136.17634978
2026-02-01 14:30:00,77846.1,78141.3,77219.2,77898.1,436.06188764
2026-02-01 14:45:00,77898.1,78524.9,77801.0,78209.3,149.3135708
2026-02-01 15:00:00,78213.2,78266.1,77525.4,77621.0,201.84041133
2026-02-01 15:15:00,77622.6,77691.8,76936.1,76989.6,276.87941612
2026-02-01 15:30:00,76988.1,77399.9,76780.0,77174.0,191.63500753
2026-02-01 15:45:00,77174.1,77869.8,77153.1,77600.9,90.66061637
2026-02-01 16:00:00,77601.9,77602.0,77094.2,77574.0,157.18817801
2026-02-01 16:15:00,77572.9,77841.4,77133.4,77540.0,83.6498194
2026-02-01 16:30:00,77540.0,77760.0,77170.1,77255.9,66.12056385
2026-02-01 16:45:00,77259.9,77554.9,77141.1,77495.1,74.09721207
2026-02-01 17:00:00,77495.0,77748.9,77413.8,77642.1,70.28431983
2026-02-01 17:15:00,77642.0,77757.5,77350.1,77565.9,53.06819705
2026-02-01 17:30:00,77566.0,77649.9,77308.1,77480.3,56.70112689
2026-02-01 17:45:00,77480.1,77758.4,77378.8,77758.4,64.00647707
2026-02-01 18:00:00,77758.4,78285.7,77733.0,78248.0,100.01083623
2026-02-01 18:15:00,78248.0,78443.4,78009.0,78162.9,55.227163
2026-02-01 18:30:00,78162.9,78194.3,77955.0,77991.9,21.45691517
2026-02-01 18:45:00,77992.0,78066.8,77732.5,78037.1,56.45632119
2026-02-01 19:00:00,78037.1,78111.1,77746.2,77746.2,38.42053982
2026-02-01 19:15:00,77746.1,77808.4,77611.5,77708.8,25.1590357
2026-02-01 19:30:00,77708.9,77802.9,77504.1,77550.0,33.99771823
2026-02-01 19:45:00,77550.0,77550.0,77001.0,77176.1,92.42902096
2026-02-01 20:00:00,77176.0,77310.1,76881.1,77199.9,72.14103666
2026-02-01 20:15:00,77200.0,77428.5,76607.6,76692.0,115.00857943
2026-02-01 20:30:00,76692.0,77752.8,76692.0,77427.9,111.93147138
2026-02-01 20:45:00,77427.1,77439.9,77084.1,77111.2,67.56682093
2026-02-01 21:00:00,77111.3,77147.0,76470.8,76747.9,160.09907095
2026-02-01 21:15:00,76751.0,77064.7,76536.6,76997.9,76.04214464
2026-02-01 21:30:00,76998.0,77174.9,76811.5,76854.0,81.30118259
2026-02-01 21:45:00,76857.0,76874.0,76365.2,76535.6,173.35041282
2026-02-01 22:00:00,76534.4,77796.8,76460.0,77498.0,270.85773264
2026-02-01 22:15:00,77500.2,77513.0,76708.7,77200.1,124.69929956
2026-02-01 22:30:00,77200.0,77621.5,77150.4,77469.5,51.31749973
2026-02-01 22:45:00,77471.5,77549.3,77173.3,77256.9,33.6260069
2026-02-01 23:00:00,77256.8,77350.4,75715.3,76655.9,482.05372364
2026-02-01 23:15:00,76651.1,77020.9,76166.5,76806.1,289.6184048
2026-02-01 23:30:00,76806.1,77621.5,76716.9,77330.0,216.33663774
2026-02-01 23:45:00,77330.0,77339.4,76900.0,76978.0,151.63212932
2026-02-02 00:00:00,76978.0,77719.8,76621.2,77553.6,136.95829748
2026-02-02 00:15:00,77553.6,78096.3,77506.4,77951.0,226.10570012
2026-02-02 00:30:00,77947.0,78153.7,77760.8,77877.0,89.04623317
2026-02-02 00:45:00,77877.0,77981.8,77564.1,77682.1,60.9192006
2026-02-02 01:00:00,77682.0,77960.5,76820.6,76833.0,97.92696996
2026-02-02 01:15:00,76837.0,77934.9,76636.3,77780.0,178.8052021
2026-02-02 01:30:00,77780.0,77849.1,77443.6,77720.7,61.27375176
2026-02-02 01:45:00,77722.0,77757.0,77384.6,77528.9,32.72096982
2026-02-02 02:00:00,77526.1,77559.5,76979.9,77207.3,103.87662527
2026-02-02 02:15:00,77207.8,77544.9,77048.6,77132.1,49.81693207
2026-02-02 02:30:00,77133.3,77261.0,76783.1,76982.1,105.14736119
2026-02-02 02:45:00,76986.0,77038.9,76460.2,76500.1,121.51387926
2026-02-02 03:00:00,76500.1,76586.0,75850.4,75904.0,276.48513871
2026-02-02 03:15:00,75904.1,75925.6,75038.0,75097.7,935.03702157
2026-02-02 03:30:00,75097.9,75224.9,74612.0,74651.2,604.39422153
2026-02-02 03:45:00,74649.0,76473.3,74615.4,76298.4,443.47125898
2026-02-02 04:00:00,76306.0,76337.6,75340.8,75530.0,148.40785923
2026-02-02 04:15:00,75530.0,76512.8,75483.9,76486.1,192.91126696
2026-02-02 04:30:00,76486.0,76612.1,76166.6,76176.0,110.76839984
2026-02-02 04:45:00,76176.0,76190.0,75790.1,75891.0,71.03655853
2026-02-02 05:00:00,75891.0,75998.9,75396.5,75526.1,148.07292391
2026-02-02 05:15:00,75526.0,75554.5,74912.1,75088.9,302.60036711
2026-02-02 05:30:00,75089.0,75387.2,74908.3,75263.0,128.79191145
2026-02-02 05:45:00,75262.0,75681.5,75110.2,75494.1,105.12106692
2026-02-02 06:00:00,75494.0,75663.9,75156.9,75648.0,180.61198886
2026-02-02 06:15:00,75641.5,76082.1,75397.5,75697.3,145.33275129
2026-02-02 06:30:00,75688.3,76835.1,74950.5,76503.6,492.62747423
2026-02-02 06:45:00,76503.6,76694.7,76087.7,76542.5,139.72429525
2026-02-02 07:00:00,76546.0,76844.0,76360.9,76539.9,139.86798888
2026-02-02 07:15:00,76539.9,76721.3,76323.0,76434.0,190.56009552
2026-02-02 07:30:00,76433.9,76715.2,76416.9,76561.1,124.98581392
2026-02-02 07:45:00,76562.9,76950.0,76544.2,76648.0,133.51035106
2026-02-02 08:00:00,76649.0,76972.7,76621.2,76865.8,136.69706421
2026-02-02 08:15:00,76873.6,77179.4,76701.1,76795.0,189.68322894
2026-02-02 08:30:00,76795.1,77051.0,76663.6,76905.7,465.07819902
2026-02-02 08:45:00,76905.7,77095.5,76835.1,76869.9,57.08789182
2026-02-02 09:00:00,76869.9,76963.0,76649.5,76800.9,103.10262754
2026-02-02 09:15:00,76802.8,77374.3,76685.8,77367.0,163.88869939
2026-02-02 09:30:00,77363.0,77704.7,77227.2,77448.0,204.78669626
2026-02-02 09:45:00,77448.0,77817.9,77437.8,77709.5,198.20153122
2026-02-02 10:00:00,77709.5,77871.2,77582.8,77660.1,72.06365393
2026-02-02 10:15:00,77660.1,77711.9,77469.4,77663.0,50.7778583
2026-02-02 10:30:00,77660.0,77833.2,77500.0,77605.0,53.8662954
2026-02-02 10:45:00,77602.0,77617.0,77464.0,77503.9,42.5168687
2026-02-02 11:00:00,77503.9,77772.0,77446.1,77752.0,92.70681439
2026-02-02 11:15:00,77752.0,77818.1,77600.0,77813.9,41.38323417
2026-02-02 11:30:00,77813.9,77969.9,77755.9,77844.1,70.6633911
2026-02-02 11:45:00,77844.0,77961.9,77706.9,77761.0,65.85904731
2026-02-02 12:00:00,77761.0,77983.3,77711.0,77964.3,53.69329722
2026-02-02 12:15:00,77964.3,78481.3,77888.1,78174.1,252.2996493
2026-02-02 12:30:00,78174.1,78210.6,77835.6,77859.0,112.51567898
2026-02-02 12:45:00,77858.9,78055.0,77804.0,77985.9,78.42089492
2026-02-02 13:00:00,77985.9,78016.0,77797.1,77998.5,94.83531243
2026-02-02 13:15:00,77998.4,78124.0,77828.1,77912.0,76.56732347
2026-02-02 13:30:00,77912.1,78011.0,77814.1,77872.0,89.86927469
2026-02-02 13:45:00,77872.0,78439.3,77820.1,78225.1,107.77352447
2026-02-02 14:00:00,78225.0,78304.5,77732.0,77785.9,86.79669265
2026-02-02 14:15:00,77787.9,78100.0,77625.0,78021.0,44.17312989
2026-02-02 14:30:00,78021.0,78884.6,77980.1,78508.0,437.5131154
2026-02-02 14:45:00,78508.0,78759.9,77688.0,77843.0,282.7420509
2026-02-02 15:00:00,77844.9,78382.2,77554.5,78293.1,229.64063808
2026-02-02 15:15:00,78290.3,78949.0,78140.1,78619.8,301.39415635
2026-02-02 15:30:00,78618.1,79335.5,78434.5,79008.7,621.32666577
2026-02-02 15:45:00,79019.9,79196.9,78630.4,78851.7,199.65094936
2026-02-02 16:00:00,78845.1,79187.4,78615.6,79066.0,131.02839038
2026-02-02 16:15:00,79069.0,79292.0,78864.0,79180.1,185.52896484
2026-02-02 16:30:00,79180.0,79218.0,78825.9,79065.1,139.29767438
2026-02-02 16:45:00,79066.4,79077.9,78579.1,78633.0,119.69473928
2026-02-02 17:00:00,78632.9,78999.8,78592.1,78974.1,91.03716143
2026-02-02 17:15:00,78974.1,79214.4,78900.0,78965.0,96.83133788
2026-02-02 17:30:00,78966.7,79205.3,78774.2,78873.0,138.31882665
2026-02-02 17:45:00,78876.0,79074.0,78788.2,78986.1,50.67910758
2026-02-02 18:00:00,78986.1,78986.1,78657.0,78708.1,73.81380505
2026-02-02 18:15:00,78708.0,78738.5,78360.9,78420.9,158.83093021
2026-02-02 18:30:00,78420.9,78863.9,78389.7,78573.7,123.87351919
2026-02-02 18:45:00,78574.0,78695.6,78547.0,78567.1,52.13872924
2026-02-02 19:00:00,78567.1,78695.6,78378.1,78522.9,74.60805863
2026-02-02 19:15:00,78522.9,78615.7,78306.7,78479.5,54.65890045
2026-02-02 19:30:00,78480.9,78550.0,78316.1,78546.2,67.54754182
2026-02-02 19:45:00,78546.2,78550.0,78277.7,78326.7,84.58138578
2026-02-02 20:00:00,78325.9,78664.5,78125.0,78433.0,113.00142578
2026-02-02 20:15:00,78433.1,78548.9,78362.6,78414.9,91.08985514
2026-02-02 20:30:00,78412.5,78453.9,78159.5,78193.6,104.96660955
2026-02-02 20:45:00,78192.0,78235.4,77890.7,78007.6,180.29008869
2026-02-02 21:00:00,78007.6,78402.4,77893.1,78349.7,88.59872611
2026-02-02 21:15:00,78350.0,78458.0,78200.6,78289.5,19.541029
2026-02-02 21:30:00,78289.4,78577.7,78269.1,78372.0,66.44389131
2026-02-02 21:45:00,78371.9,78540.9,78362.1,78532.9,15.20599465
2026-02-02 22:00:00,78533.2,78853.0,78529.6,78758.0,52.83370749
2026-02-02 22:15:00,78758.1,78758.1,78590.9,78658.9,33.69108485
2026-02-02 22:30:00,78659.0,78846.4,78631.0,78839.6,63.41145821
2026-02-02 22:45:00,78839.7,78853.1,78655.1,78803.0,24.41632556
2026-02-02 23:00:00,78803.0,78839.9,78670.0,78744.6,26.91009088
2026-02-02 23:15:00,78746.2,78824.9,78562.5,78626.7,34.38131801
2026-02-02 23:30:00,78626.9,78972.4,78599.6,78897.9,42.74525571
2026-02-02 23:45:00,78897.9,78905.1,78693.1,78737.9,41.37598154
2026-02-03 00:00:00,78734.1,78788.0,78414.0,78581.0,45.89987507
2026-02-03 00:15:00,78581.0,78936.1,78539.1,78917.9,30.84671239
2026-02-03 00:30:00,78918.0,78975.5,78760.8,78959.0,74.78464488
2026-02-03 00:45:00,78959.0,79111.9,78844.1,79075.1,35.01122214
2026-02-03 01:00:00,79075.1,79196.9,78800.0,78942.1,53.12530547
2026-02-03 01:15:00,78939.5,78999.0,78719.6,78912.1,20.90996367
2026-02-03 01:30:00,78913.0,78951.7,78800.0,78950.0,16.7157468
2026-02-03 01:45:00,78950.0,79038.4,78863.1,79018.1,14.72987187
2026-02-03 02:00:00,79018.1,79018.1,78477.8,78530.0,49.55613546
2026-02-03 02:15:00,78529.9,78847.8,78508.0,78698.0,25.97576327
2026-02-03 02:30:00,78695.6,78724.9,78382.9,78392.1,68.91457272
2026-02-03 02:45:00,78392.0,78395.9,77800.1,77808.1,125.43730141
2026-02-03 03:00:00,77808.1,78113.7,77636.2,78032.0,78.39359292
2026-02-03 03:15:00,78032.1,78306.7,77785.2,78305.4,72.22949668
2026-02-03 03:30:00,78302.0,78620.0,78252.1,78563.1,33.92327183
2026-02-03 03:45:00,78557.1,78904.0,78513.7,78747.2,67.62711664
2026-02-03 04:00:00,78750.0,78799.9,78528.5,78762.0,48.41714757
2026-02-03 04:15:00,78763.0,78768.4,78488.2,78512.9,25.92047313
2026-02-03 04:30:00,78512.9,78999.0,78512.9,78986.9,101.28592801
2026-02-03 04:45:00,78987.0,78997.1,78786.8,78805.5,44.90725191
2026-02-03 05:00:00,78805.5,78808.1,78500.3,78510.1,32.54932562
2026-02-03 05:15:00,78510.1,78527.0,78278.7,78434.5,29.39927409
2026-02-03 05:30:00,78434.4,78504.3,78313.0,78371.2,52.31573657
2026-02-03 05:45:00,78368.4,78499.9,78200.0,78242.1,58.84914177
2026-02-03 06:00:00,78241.1,78316.0,77936.7,78076.0,51.49632383
2026-02-03 06:15:00,78076.0,78634.9,78045.1,78573.8,86.58419286
2026-02-03 06:30:00,78570.2,78670.0,78435.9,78462.7,693.73838677
2026-02-03 06:45:00,78462.7,78669.9,78462.6,78595.0,88.74087347
2026-02-03 07:00:00,78595.0,78893.9,78484.3,78750.1,122.66937147
2026-02-03 07:15:00,78750.1,78803.7,78597.6,78662.0,172.47791215
2026-02-03 07:30:00,78662.1,78918.0,78635.1,78832.0,164.27123797
2026-02-03 07:45:00,78832.0,78851.0,78698.2,78779.8,105.85190369
2026-02-03 08:00:00,78779.8,78927.0,78465.9,78486.2,387.96382131
2026-02-03 08:15:00,78486.2,78972.3,78461.6,78888.8,86.6379503
2026-02-03 08:30:00,78888.1,79079.6,78780.1,79005.0,43.2260825
2026-02-03 08:45:00,79004.9,79013.0,78679.1,78746.4,31.65645765
2026-02-03 09:00:00,78746.4,78840.5,78164.0,78193.9,152.33501519
2026-02-03 09:15:00,78193.8,78376.3,77962.2,77962.2,128.25317295
2026-02-03 09:30:00,77962.0,78413.0,77942.9,78311.9,51.80670649
2026-02-03 09:45:00,78312.0,78444.0,78200.0,78400.0,47.30951654
2026-02-03 10:00:00,78400.1,78557.9,78333.4,78527.0,42.10830819
2026-02-03 10:15:00,78530.9,78563.0,78393.8,78468.7,18.66014081
2026-02-03 10:30:00,78466.8,78466.8,78125.0,78157.9,27.92456352
2026-02-03 10:45:00,78158.0,78225.0,78062.6,78115.1,34.82821764
2026-02-03 11:00:00,78115.1,78259.6,78079.0,78227.0,30.48128408
2026-02-03 11:15:00,78226.9,78280.0,78017.9,78054.0,23.67356759
2026-02-03 11:30:00,78053.9,78274.0,78004.1,78217.1,28.07108446
2026-02-03 11:45:00,78217.1,78344.5,78071.5,78080.0,35.01467761
2026-02-03 12:00:00,78081.0,78330.5,77999.0,78224.0,32.31468913
2026-02-03 12:15:00,78224.0,78333.3,78140.3,78319.6,15.77889331
2026-02-03 12:30:00,78302.4,78349.6,78209.8,78239.0,63.36905012
2026-02-03 12:45:00,78235.7,78415.0,78225.5,78330.0,50.90058938
2026-02-03 13:00:00,78329.9,78449.4,78250.0,78408.0,25.43158118
2026-02-03 13:15:00,78406.0,78463.3,78200.1,78427.0,83.33598259
2026-02-03 13:30:00,78427.1,78455.7,78287.8,78298.5,18.51495704
2026-02-03 13:45:00,78298.0,78410.0,78188.7,78306.0,55.55558198
2026-02-03 14:00:00,78305.1,78410.0,78265.0,78358.1,15.22022119
2026-02-03 14:15:00,78357.0,78432.9,78089.8,78425.8,62.39980713
2026-02-03 14:30:00,78425.9,78430.9,77653.7,77880.1,206.0868535
2026-02-03 14:45:00,77882.0,78208.2,77177.1,77206.1,279.6752982
2026-02-03 15:00:00,77206.1,77676.5,77103.9,77178.9,179.47305584
2026-02-03 15:15:00,77182.5,78119.7,77057.0,77737.0,316.76560303
2026-02-03 15:30:00,77742.4,78210.3,77488.9,77488.9,195.38792386
2026-02-03 15:45:00,77488.8,78195.6,77326.1,78134.1,108.79993871
2026-02-03 16:00:00,78134.1,78140.0,77352.0,77370.1,115.76026206
2026-02-03 16:15:00,77371.0,77419.0,76689.8,76694.2,413.70965642
2026-02-03 16:30:00,76694.1,76907.6,76575.0,76760.9,224.68993821
2026-02-03 16:45:00,76760.9,76866.0,76487.8,76487.9,137.01668377
2026-02-03 17:00:00,76487.9,76532.3,75692.7,75703.1,261.23072944
2026-02-03 17:15:00,75706.0,76129.0,75686.2,75904.4,162.80412853
2026-02-03 17:30:00,75902.1,75966.9,75152.1,75153.5,146.5915108
2026-02-03 17:45:00,75153.5,75400.0,74888.8,74916.2,199.13030301
2026-02-03 18:00:00,74917.3,75308.5,74680.0,74680.1,338.64065364
2026-02-03 18:15:00,74680.0,74864.1,74001.0,74111.7,702.57654952
2026-02-03 18:30:00,74110.5,74317.2,73725.6,73739.9,348.14564472
2026-02-03 18:45:00,73739.0,73793.1,73150.0,73151.6,589.82463675
2026-02-03 19:00:00,73151.3,74928.3,72917.8,74584.1,456.26496941
2026-02-03 19:15:00,74583.3,75256.7,74268.1,74930.4,315.28797184
2026-02-03 19:30:00,74925.3,75250.6,74788.1,74920.1,169.06010833
2026-02-03 19:45:00,74920.1,75069.5,74331.0,74940.1,129.80193631
2026-02-03 20:00:00,74940.0,75094.8,74600.0,74712.8,63.77942753
2026-02-03 20:15:00,74712.4,75897.4,74583.4,75668.3,238.02100943
2026-02-03 20:30:00,75667.0,76655.0,75635.1,76392.0,430.52194708
2026-02-03 20:45:00,76388.1,76720.9,76200.0,76470.0,126.20332266
2026-02-03 21:00:00,76470.4,76969.0,76452.2,76792.8,118.88942084
2026-02-03 21:15:00,76792.9,76825.0,76361.0,76502.0,59.7736631
2026-02-03 21:30:00,76502.3,76662.0,76228.6,76381.0,63.79165464
2026-02-03 21:45:00,76381.0,76489.4,76134.4,76240.1,53.54549991
2026-02-03 22:00:00,76240.1,76306.5,75772.9,75838.4,113.56501754
2026-02-03 22:15:00,75836.1,76081.0,75521.7,76043.9,88.96996014
2026-02-03 22:30:00,76043.9,76089.5,75816.3,75816.4,54.54074229
2026-02-03 22:45:00,75816.3,75816.6,75416.6,75716.3,67.68633356
2026-02-03 23:00:00,75716.3,75781.9,75439.4,75781.9,74.44686291
2026-02-03 23:15:00,75781.9,75966.6,75651.3,75755.1,59.01624832
2026-02-03 23:30:00,75755.0,76006.7,75697.5,75863.9,64.36189399
2026-02-03 23:45:00,75863.8,75868.0,75563.0,75778.0,73.82779964
2026-02-04 00:00:00,75778.0,75783.5,75469.3,75469.4,55.14810879
2026-02-04 00:15:00,75469.4,76061.3,75469.4,76031.6,87.27095188
2026-02-04 00:30:00,76031.6,76270.1,75960.1,76064.4,37.95228144
2026-02-04 00:45:00,76064.4,76258.2,75889.0,75922.0,33.97727041
2026-02-04 01:00:00,75922.1,76571.4,75922.1,76534.1,51.87403346
2026-02-04 01:15:00,76534.0,76594.0,76350.1,76473.7,62.25062148
2026-02-04 01:30:00,76471.9,76793.9,76447.0,76702.4,68.60337024
2026-02-04 01:45:00,76702.4,76706.0,76310.4,76437.0,32.28588721
2026-02-04 02:00:00,76437.1,76615.0,76350.0,76432.8,30.54516973
2026-02-04 02:15:00,76432.8,76614.9,76186.3,76197.7,45.21302515
2026-02-04 02:30:00,76196.0,76200.0,75721.1,76006.0,56.24036585
2026-02-04 02:45:00,76006.1,76097.0,75773.3,75970.1,45.77258075
2026-02-04 03:00:00,75970.1,76660.8,75913.1,76647.8,117.22160621
2026-02-04 03:15:00,76641.1,76711.0,76388.1,76401.0,45.71317592
2026-02-04 03:30:00,76400.8,76974.4,76390.7,76694.0,129.63518534
2026-02-04 03:45:00,76692.1,76785.5,76656.1,76707.1,39.93643453
2026-02-04 04:00:00,76707.1,76843.7,76625.1,76749.1,42.21314115
2026-02-04 04:15:00,76749.1,76750.1,76536.0,76605.8,55.73369746
2026-02-04 04:30:00,76605.8,76772.7,76603.0,76607.1,41.45686734
2026-02-04 04:45:00,76607.0,76607.1,76431.0,76495.1,69.62360704
2026-02-04 05:00:00,76495.1,76534.6,76427.0,76484.6,28.52364437
2026-02-04 05:15:00,76484.6,76533.0,76360.5,76473.9,26.2815405
2026-02-04 05:30:00,76472.0,76472.0,76250.1,76255.5,72.72998381
2026-02-04 05:45:00,76255.5,76341.6,76110.8,76293.0,175.91259229
2026-02-04 06:00:00,76293.0,76591.3,76264.3,76561.0,50.88368429
2026-02-04 06:15:00,76561.0,76576.8,76404.7,76494.7,44.81592354
2026-02-04 06:30:00,76493.0,76749.9,76444.9,76725.9,46.22534874
2026-02-04 06:45:00,76725.9,76789.9,76571.4,76659.0,47.00276744
2026-02-04 07:00:00,76659.1,76665.8,76344.0,76616.7,205.58216182
2026-02-11 14:00:00,67454.9,68832.4,67440.0,68450.1,544.81982756
2026-02-11 14:15:00,68450.0,68579.9,67942.2,68003.3,197.85835201
2026-02-11 14:30:00,68004.3,68248.3,66947.8,67236.9,427.61877025
2026-02-11 14:45:00,67236.9,67443.0,66444.6,66587.7,348.93086907
2026-02-11 15:00:00,66587.7,66802.0,65759.1,66117.1,569.43140043
2026-02-11 15:15:00,66107.2,66542.8,65900.0,66194.9,236.76432128
2026-02-11 15:30:00,66194.8,66814.8,66117.1,66762.8,171.85529317
2026-02-11 15:45:00,66762.9,66816.7,66064.8,66522.0,121.83869275
2026-02-11 16:00:00,66518.5,67254.9,66419.8,67157.1,165.51841252
2026-02-11 16:15:00,67150.2,67193.9,66576.8,66601.9,89.57477334
2026-02-11 16:30:00,66601.9,66730.9,66114.9,66134.9,165.7807354
2026-02-11 16:45:00,66134.7,66321.4,65957.4,66039.1,141.90250258
2026-02-11 17:00:00,66039.0,66352.4,65877.6,66269.0,104.66392965
2026-02-11 17:15:00,66270.0,66748.9,66270.0,66660.0,106.93978657
2026-02-11 17:30:00,66656.7,66916.6,66547.2,66613.7,72.73637664
2026-02-11 17:45:00,66613.8,66780.2,66450.7,66522.1,77.62815527
2026-02-11 18:00:00,66522.1,66557.4,66153.9,66469.0,61.67951745
2026-02-11 18:15:00,66469.0,67060.0,66455.4,66921.9,144.06760495
2026-02-11 18:30:00,66922.0,67198.0,66801.9,67028.9,83.12712767
2026-02-11 18:45:00,67030.6,67307.2,67000.3,67276.7,73.41260356
2026-02-11 19:00:00,67276.7,67686.5,67115.4,67635.6,145.15006414
2026-02-11 19:15:00,67635.0,67759.9,67421.7,67429.4,57.58222647
2026-02-11 19:30:00,67429.4,67854.8,67307.6,67797.2,62.80868433
2026-02-11 19:45:00,67793.5,67837.9,67524.0,67588.1,55.66418386
2026-02-11 20:00:00,67588.0,67736.9,67427.8,67653.0,44.32811779
2026-02-11 20:15:00,67653.0,67755.7,67211.0,67218.7,64.12057722
2026-02-11 20:30:00,67215.6,67435.0,67184.4,67330.1,59.45599174
2026-02-11 20:45:00,67310.9,67659.3,67293.1,67554.4,60.33858766
2026-02-11 21:00:00,67555.6,67766.1,67420.1,67690.9,90.70175241
2026-02-11 21:15:00,67690.0,68242.3,67584.7,68194.5,139.66112256
2026-02-11 21:30:00,68194.5,68360.7,67931.6,67990.1,139.67537693
2026-02-11 21:45:00,67990.0,68019.8,67803.7,67809.9,34.36426193
2026-02-11 22:00:00,67808.1,67874.9,67594.9,67663.0,51.27800771
2026-02-11 22:15:00,67663.0,67771.9,67383.4,67566.1,32.86758241
2026-02-11 22:30:00,67566.1,67688.1,67397.4,67637.5,24.71225747
2026-02-11 22:45:00,67634.5,67708.3,67411.8,67431.3,31.39786717
2026-02-11 23:00:00,67433.3,67558.6,67240.1,67332.0,73.94079254
2026-02-11 23:15:00,67325.4,67398.0,66889.5,67020.1,132.44358485
2026-02-11 23:30:00,67020.1,67130.4,66789.1,67082.1,49.11116153
2026-02-11 23:45:00,67082.5,67103.5,66892.0,67081.7,64.57475106
2026-02-12 00:00:00,67085.8,67386.8,67051.6,67363.0,99.72193805
2026-02-12 00:15:00,67363.0,67511.8,67310.0,67389.1,84.4991338
2026-02-12 00:30:00,67391.9,67700.0,67388.8,67583.1,91.54395524
2026-02-12 00:45:00,67583.0,67684.4,67457.6,67461.7,42.85144081
2026-02-12 01:00:00,67461.7,67700.0,67461.7,67700.0,37.77155252
2026-02-12 01:15:00,67700.0,67875.0,67562.1,67808.9,105.37832639
2026-02-12 01:30:00,67809.0,68047.3,67731.5,67857.6,77.11729007
2026-02-12 01:45:00,67856.2,67878.0,67604.1,67695.0,94.05028943
2026-02-12 02:00:00,67691.1,67796.9,67493.1,67494.0,37.82306572
2026-02-12 02:15:00,67494.1,67571.0,67415.1,67528.1,31.76170745
2026-02-12 02:30:00,67528.1,67753.3,67480.0,67742.8,50.12382314
2026-02-12 02:45:00,67743.4,67750.0,67426.3,67435.9,39.11156011
2026-02-12 03:00:00,67436.0,67559.0,67361.6,67492.0,35.79728004
2026-02-12 03:15:00,67491.9,67526.0,67311.6,67385.5,34.48254109
2026-02-12 03:30:00,67385.5,67536.9,67332.7,67503.4,22.41466275
2026-02-12 03:45:00,67503.4,67596.0,67441.1,67588.0,17.06346148
2026-02-12 04:00:00,67588.1,67682.3,67495.8,67578.1,45.71312289
2026-02-12 04:15:00,67578.1,67590.9,67200.1,67214.4,69.46874796
2026-02-12 04:30:00,67214.4,67300.7,67064.1,67233.9,80.81552886
2026-02-12 04:45:00,67233.9,67281.4,67002.0,67021.0,48.84280701
2026-02-12 05:00:00,67021.1,67210.4,66763.2,66809.9,123.91589204
2026-02-12 05:15:00,66809.9,66986.3,66653.9,66876.7,100.42049214
2026-02-12 05:30:00,66877.4,67130.4,66860.0,67086.0,47.66380087
2026-02-12 05:45:00,67085.9,67164.1,67000.0,67139.0,73.51572542
2026-02-12 06:00:00,67139.7,67249.9,67011.1,67112.5,39.61047231
2026-02-12 06:15:00,67112.6,67358.0,67088.7,67292.9,63.98905634
2026-02-12 06:30:00,67293.0,67383.3,67158.0,67240.5,68.00973026
2026-02-12 06:45:00,67240.0,67312.6,67083.6,67120.0,100.50509658
2026-02-12 07:00:00,67124.5,67153.9,66935.0,66994.1,70.25370443
2026-02-12 07:15:00,66994.0,67330.0,66957.0,67224.0,112.43617411
2026-02-12 07:30:00,67224.0,67249.6,67125.2,67126.3,98.82879693
2026-02-12 07:45:00,67126.1,67232.9,67088.6,67212.2,66.0753513
2026-02-12 08:00:00,67212.3,67333.3,67083.3,67244.4,69.96258337
2026-02-12 08:15:00,67244.4,67244.4,66894.1,66927.0,66.65036337
2026-02-12 08:30:00,66927.0,67071.0,66914.4,66971.0,50.56715
2026-02-12 08:45:00,66971.0,67154.0,66971.0,67137.4,60.24661642
2026-02-12 09:00:00,67139.6,67233.3,67049.5,67188.9,71.59870154
2026-02-12 09:15:00,67188.9,67326.0,67163.7,67293.9,82.38907445
2026-02-12 09:30:00,67293.9,67466.6,67231.1,67416.0,123.67442561
2026-02-12 09:45:00,67416.0,67699.8,67349.2,67554.3,82.9091635
2026-02-12 10:00:00,67554.3,67635.2,67468.2,67563.0,119.38988371
2026-02-12 10:15:00,67563.0,67612.6,67409.6,67608.9,27.17247004
2026-02-12 10:30:00,67608.9,67843.1,67606.8,67665.0,55.65097681
2026-02-12 10:45:00,67665.1,68063.1,67653.1,68011.3,103.074827
2026-02-12 11:00:00,68013.0,68121.4,67742.2,67909.1,187.53354505
2026-02-12 11:15:00,67909.1,68262.6,67840.4,68213.0,140.54517662
2026-02-12 11:30:00,68208.9,68296.0,68035.2,68094.1,134.94256457
2026-02-12 11:45:00,68094.7,68182.3,68012.4,68078.5,52.05157408
2026-02-12 12:00:00,68077.6,68162.8,67887.0,68034.9,74.40291373
2026-02-12 12:15:00,68030.9,68042.9,67857.2,67981.7,82.43457526
2026-02-12 12:30:00,67981.6,68003.8,67854.8,67875.0,36.48078428
2026-02-12 12:45:00,67874.1,67948.0,67719.1,67857.9,40.75130543
2026-02-12 13:00:00,67858.0,67881.3,67680.0,67848.1,32.21086447
2026-02-12 13:15:00,67848.0,68072.8,67688.1,67771.0,89.58855547
2026-02-12 13:30:00,67770.9,68176.1,67727.0,68124.1,72.2571755
2026-02-12 13:45:00,68124.0,68400.0,67980.9,68383.3,113.3024687
2026-02-12 14:00:00,68377.0,68421.6,67857.0,68013.0,80.89954498
2026-02-12 14:15:00,68013.0,68086.5,67875.2,68000.5,67.83734423
2026-02-12 14:30:00,68000.5,68288.5,67604.0,67628.3,220.09238564
2026-02-12 14:45:00,67627.2,67998.9,67479.0,67578.7,171.51048588
2026-02-12 15:00:00,67578.7,67817.1,67005.0,67419.1,239.33607759
2026-02-12 15:15:00,67418.6,67949.8,67361.6,67860.5,109.91901299
2026-02-12 15:30:00,67854.2,67999.9,67251.0,67403.8,134.17038163
2026-02-12 15:45:00,67407.5,67541.5,67068.9,67131.0,159.50283894
2026-02-12 16:00:00,67133.0,67235.2,66468.0,66569.0,418.56334534
2026-02-12 16:15:00,66556.3,66795.5,65990.0,66056.9,364.93880572
2026-02-12 16:30:00,66057.0,66538.9,65934.2,66275.7,317.91266903
2026-02-12 16:45:00,66273.4,66370.9,65556.0,65858.6,247.91233263
2026-02-12 17:00:00,65858.2,65998.0,65566.5,65736.0,125.35095137
2026-02-12 17:15:00,65737.9,66266.0,65614.1,66130.3,83.51109832
2026-02-12 17:30:00,66131.9,66204.1,65833.5,65983.9,92.71723223
2026-02-12 17:45:00,65984.3,66051.3,65355.0,65410.1,187.40793483
2026-02-12 18:00:00,65414.6,65792.9,65372.2,65695.3,91.30980542
2026-02-12 18:15:00,65698.1,65720.9,65235.1,65308.7,108.96220099
2026-02-12 18:30:00,65313.2,65538.6,65120.1,65428.9,147.86556519
2026-02-12 18:45:00,65438.8,65701.4,65415.1,65594.9,74.54124718
2026-02-12 19:00:00,65595.0,65749.6,65275.0,65445.7,67.05350343
2026-02-12 19:15:00,65445.7,65961.4,65405.6,65774.1,74.64783011
2026-02-12 19:30:00,65773.0,66099.9,65758.3,65977.1,67.18678094
2026-02-12 19:45:00,65987.5,66135.4,65781.0,65793.9,88.70220715
2026-02-12 20:00:00,65794.0,66035.7,65610.7,65705.7,63.99096387
2026-02-12 20:15:00,65705.7,65810.6,65476.5,65508.9,44.49630832
2026-02-12 20:30:00,65507.1,65679.9,65400.0,65546.1,64.40231842
2026-02-12 20:45:00,65546.1,65588.9,65220.1,65425.6,54.60978731
2026-02-12 21:00:00,65427.4,65675.0,65427.4,65674.6,26.43912137
2026-02-12 21:15:00,65675.0,65800.0,65482.6,65605.6,42.9799522
2026-02-12 21:30:00,65610.5,65850.0,65580.1,65819.6,31.75549696
2026-02-12 21:45:00,65821.9,65897.3,65738.0,65845.7,25.87957598
2026-02-12 22:00:00,65845.6,65890.5,65744.6,65815.1,28.69847637
2026-02-12 22:15:00,65821.6,65951.9,65645.6,65951.9,38.91228762
2026-02-12 22:30:00,65952.0,66200.0,65889.7,66199.9,37.53707273
2026-02-12 22:45:00,66198.2,66423.6,66183.5,66288.0,38.32572835
2026-02-12 23:00:00,66289.2,66470.9,66200.1,66308.4,64.13496438
2026-02-12 23:15:00,66308.5,66488.0,66255.3,66396.9,24.88219916
2026-02-12 23:30:00,66399.0,66477.0,66200.0,66238.1,32.94694532
2026-02-12 23:45:00,66241.0,66315.7,66165.0,66281.4,35.7102881
2026-02-13 00:00:00,66277.2,66524.9,66163.6,66377.6,64.26422078
2026-02-13 00:15:00,66381.6,66383.7,66005.0,66031.1,59.61609122
2026-02-13 00:30:00,66031.1,66141.0,65900.1,65950.9,53.15231322
2026-02-13 00:45:00,65951.0,66074.0,65871.9,65914.0,29.65902203
2026-02-13 01:00:00,65913.0,66268.9,65913.0,66255.8,33.77337792
2026-02-13 01:15:00,66256.6,66300.0,66086.1,66228.0,35.0525145
2026-02-13 01:30:00,66228.1,66499.9,66228.1,66424.3,57.04540862
2026-02-13 01:45:00,66426.0,66619.9,66331.5,66451.9,78.83939138
2026-02-13 02:00:00,66452.0,66574.5,66384.9,66564.0,19.24330767
2026-02-13 02:15:00,66564.0,66650.0,66385.0,66529.0,49.00140527
2026-02-13 02:30:00,66529.1,66633.9,66454.1,66588.0,33.86517882
2026-02-13 02:45:00,66584.7,66766.0,66539.9,66663.5,30.37705456
2026-02-13 03:00:00,66663.7,66776.4,66500.0,66521.0,48.37633748
2026-02-13 03:15:00,66520.1,66675.0,66490.0,66674.6,51.57630855
2026-02-13 03:30:00,66674.6,66800.0,66622.4,66642.5,38.88186096
2026-02-13 03:45:00,66642.4,66679.0,66458.4,66557.1,68.17551474
2026-02-13 04:00:00,66556.9,66600.0,66440.0,66539.1,34.12349257
2026-02-13 04:15:00,66539.1,66677.8,66456.1,66456.1,33.96647734
2026-02-13 04:30:00,66455.8,66477.4,66351.1,66367.6,27.24804532
2026-02-13 04:45:00,66367.6,66450.0,66313.0,66334.9,28.95782323
2026-02-13 05:00:00,66335.0,66460.0,66232.1,66252.2,83.11373715
2026-02-13 05:15:00,66252.2,66412.9,66238.0,66329.4,16.24534009
2026-02-13 05:30:00,66327.6,66478.9,66313.1,66477.6,61.79226403
2026-02-13 05:45:00,66477.8,66508.4,66184.8,66184.8,71.40071197
2026-02-13 06:00:00,66185.0,66318.6,66168.8,66242.0,43.52547875
2026-02-13 06:15:00,66242.0,66310.7,66047.0,66130.0,56.06692925
2026-02-13 06:30:00,66129.9,66129.9,66009.8,66093.0,51.89891962
2026-02-13 06:45:00,66093.7,66406.1,66053.6,66370.1,47.51659007
2026-02-13 07:00:00,66370.1,66580.0,66341.2,66540.1,136.99158248
2026-02-13 07:15:00,66540.0,66580.4,66429.0,66525.0,101.35148664
2026-02-13 07:30:00,66525.0,66525.1,66129.9,66130.1,148.37976764
2026-02-13 07:45:00,66130.0,66331.9,66051.1,66215.7,147.37566398
2026-02-13 08:00:00,66215.8,66498.8,66195.7,66264.0,58.52591259
2026-02-13 08:15:00,66264.1,66449.5,66211.6,66418.9,53.17917563
2026-02-13 08:30:00,66418.9,66543.4,66380.1,66518.4,58.51110683
2026-02-13 08:45:00,66518.4,66750.0,66518.4,66698.9,530.54684083
2026-02-13 09:00:00,66698.9,66857.1,66611.9,66686.1,301.96466451
2026-02-13 09:15:00,66686.0,66839.0,66637.0,66825.5,54.09150178
2026-02-13 09:30:00,66825.4,66938.6,66765.5,66853.9,73.58749472
2026-02-13 09:45:00,66854.0,67063.1,66854.0,66964.0,118.64654478
2026-02-13 10:00:00,66964.1,66972.9,66825.0,66904.3,82.76999448
2026-02-13 10:15:00,66904.3,67088.0,66804.1,66913.1,34.59837564
2026-02-13 10:30:00,66913.0,67117.4,66848.1,67028.8,29.60108787
2026-02-13 10:45:00,67028.9,67097.6,66973.8,66981.0,65.15300988
2026-02-13 11:00:00,66981.0,67025.9,66847.0,66888.2,23.98371731
2026-02-13 11:15:00,66888.2,67009.7,66867.7,66991.1,73.90503794
2026-02-13 11:30:00,66991.1,67025.8,66791.8,67000.5,50.60066812
2026-02-13 11:45:00,67000.9,67231.8,66967.2,67177.0,50.5352919
2026-02-13 12:00:00,67175.9,67186.8,66953.3,66990.1,35.48911079
2026-02-13 12:15:00,66990.3,67127.7,66928.1,67102.9,27.26825194
2026-02-13 12:30:00,67102.8,67140.8,67041.5,67102.3,53.88245575
2026-02-13 12:45:00,67107.0,67213.5,67010.0,67082.1,54.18595495
2026-02-13 13:00:00,67082.1,67193.1,66941.0,66976.2,36.05936751
2026-02-13 13:15:00,66976.2,67429.2,66976.0,67346.8,94.80557588
2026-02-13 13:30:00,67346.1,67623.0,67205.2,67311.3,162.46710524
2026-02-13 13:45:00,67309.0,67424.3,67120.1,67273.4,102.56508026
2026-02-13 14:00:00,67273.4,67317.4,67135.0,67166.1,39.42383703
2026-02-13 14:15:00,67166.1,67400.0,67166.1,67309.2,71.49178076
2026-02-13 14:30:00,67312.1,67621.6,66866.6,67333.0,355.06821068
2026-02-13 14:45:00,67333.2,68015.6,67333.2,67744.7,411.06397557
2026-02-13 15:00:00,67746.4,68596.9,67699.6,68382.7,372.63324539
2026-02-13 15:15:00,68379.4,68897.7,68130.9,68897.6,263.19508887
2026-02-13 15:30:00,68897.7,69310.0,68725.5,68731.3,469.59581252
2026-02-13 15:45:00,68731.4,68800.0,68379.0,68704.0,389.62869256
2026-02-13 16:00:00,68698.6,69159.3,68536.5,69056.4,210.47778196
2026-02-13 16:15:00,69056.5,69165.5,68833.3,69083.1,187.59957066
2026-02-13 16:30:00,69083.1,69486.5,68981.8,69240.1,147.02945014
2026-02-13 16:45:00,69240.0,69261.4,68910.0,68955.3,89.80326842
2026-02-13 17:00:00,68958.0,69041.3,68631.0,68975.9,180.73226423
2026-02-13 17:15:00,68976.0,69137.9,68857.5,68977.1,69.07292846
2026-02-13 17:30:00,68977.5,69227.1,68956.2,69128.1,57.12737249
2026-02-13 17:45:00,69125.8,69242.1,68984.2,69041.0,35.52137131
2026-02-13 18:00:00,69041.0,69213.0,68902.1,69019.9,62.28214538
2026-02-13 18:15:00,69019.8,69156.0,68925.3,69072.4,31.50540614
2026-02-13 18:30:00,69069.5,69291.6,69009.9,69260.0,38.85953259
2026-02-13 18:45:00,69261.6,69399.7,69084.7,69127.6,113.19500201
2026-02-13 19:00:00,69127.6,69196.3,68973.2,69165.1,44.0420792
2026-02-13 19:15:00,69165.8,69232.0,69010.9,69010.9,45.17364273
2026-02-13 19:30:00,69011.0,69126.0,68922.0,68924.7,59.24755087
2026-02-13 19:45:00,68935.3,69086.1,68915.4,68939.9,35.40653779
2026-02-13 20:00:00,68939.7,68972.0,68803.2,68803.2,25.37308753
2026-02-13 20:15:00,68803.2,68909.9,68716.3,68827.4,28.89952102
2026-02-13 20:30:00,68827.4,68952.6,68725.9,68839.7,33.78624438
2026-02-13 20:45:00,68837.1,68865.3,68686.3,68785.6,55.96679324
2026-02-13 21:00:00,68773.8,69030.8,68730.1,69003.9,35.37325084
2026-02-13 21:15:00,69004.0,69078.0,68884.7,68904.1,17.00952899
2026-02-13 21:30:00,68904.2,68940.0,68803.1,68940.0,15.95868613
2026-02-13 21:45:00,68939.9,68939.9,68796.7,68904.3,43.83579352
2026-02-13 22:00:00,68904.3,68999.9,68735.6,68739.1,73.1064042
2026-02-13 22:15:00,68741.0,68890.4,68741.0,68881.3,51.68448578
2026-02-13 22:30:00,68881.3,68916.6,68786.6,68880.1,17.60610985
2026-02-13 22:45:00,68880.1,69004.5,68828.0,68998.9,34.67146834
2026-02-13 23:00:00,68999.0,69010.9,68844.5,68929.4,22.96317732
2026-02-13 23:15:00,68930.1,68992.3,68886.0,68910.0,31.72558183
2026-02-13 23:30:00,68910.1,68985.3,68833.4,68850.0,32.46754031
2026-02-13 23:45:00,68850.0,68948.1,68813.2,68850.0,57.75988719
2026-02-14 00:00:00,68850.9,68890.0,68784.0,68876.5,23.99662703
2026-02-14 00:15:00,68876.5,68899.8,68766.7,68899.7,20.88865242
2026-02-14 00:30:00,68899.7,69030.0,68881.6,69027.6,22.37797742
2026-02-14 00:45:00,69027.6,69136.5,68980.8,69099.7,106.01363314
2026-02-14 01:00:00,69089.7,69096.1,68958.2,69092.3,41.64181908
2026-02-14 01:15:00,69086.7,69109.5,68972.0,69052.0,45.01828452
2026-02-14 01:30:00,69050.0,69066.0,68953.8,68980.1,52.0557194
2026-02-14 01:45:00,68980.1,69021.0,68921.0,68963.3,12.52799643
2026-02-14 02:00:00,68963.2,69009.3,68900.2,68985.2,37.75528855
2026-02-14 02:15:00,68985.2,68994.5,68862.7,68909.9,56.57278916
2026-02-14 02:30:00,68909.9,68949.9,68873.4,68948.6,17.32195504
2026-02-14 02:45:00,68949.9,68949.9,68844.1,68875.9,80.48189644
2026-02-14 03:00:00,68875.9,68909.0,68842.2,68901.0,55.26232403
2026-02-14 03:15:00,68900.9,68948.0,68850.0,68933.5,37.09783544
2026-02-14 03:30:00,68933.5,68997.0,68921.0,68941.2,14.65196221
2026-02-14 03:45:00,68941.1,69018.5,68900.0,68976.8,15.10044691
2026-02-14 04:00:00,68976.8,68990.0,68870.0,68897.0,18.65913021
2026-02-14 04:15:00,68896.9,68930.0,68871.3,68911.3,12.36393702
2026-02-14 04:30:00,68911.4,68920.0,68825.1,68849.9,16.89733968
2026-02-14 04:45:00,68849.9,68853.9,68790.0,68790.1,12.10035354
2026-02-14 05:00:00,68790.1,68886.0,68763.2,68862.0,20.26984865
2026-02-14 05:15:00,68862.0,68906.0,68853.1,68870.1,7.27093288
2026-02-14 05:30:00,68870.1,68876.0,68790.0,68830.1,41.37437245
2026-02-14 05:45:00,68830.0,68847.7,68759.0,68774.5,23.68593602
2026-02-14 06:00:00,68774.5,68800.0,68730.0,68780.0,12.84831086
2026-02-14 06:15:00,68780.0,68918.0,68779.9,68900.0,79.99721331
2026-02-14 06:30:00,68900.1,68932.4,68861.4,68882.0,47.00106467
2026-02-14 06:45:00,68882.0,68937.3,68870.0,68937.2,18.70791358
2026-02-14 07:00:00,68937.3,68941.9,68894.9,68894.9,58.28958687
2026-02-14 07:15:00,68894.9,68955.0,68880.3,68949.0,80.48099248
2026-02-14 07:30:00,68948.9,69184.4,68942.1,69175.0,147.64560499
2026-02-14 07:45:00,69175.0,69333.3,69129.4,69208.7,194.99282159
2026-02-14 08:00:00,69208.6,69795.5,69203.8,69566.8,251.61131024
2026-02-14 08:15:00,69566.7,69650.0,69467.0,69501.1,29.83194535
2026-02-14 08:30:00,69501.1,69736.8,69466.6,69667.0,41.67286445
2026-02-14 08:45:00,69667.1,69876.0,69667.0,69745.1,69.39732595
2026-02-14 09:00:00,69748.0,69902.0,69688.3,69715.0,73.5955993
2026-02-14 09:15:00,69715.0,69765.1,69565.3,69593.3,23.13323715
2026-02-14 09:30:00,69593.2,69760.1,69592.0,69726.5,21.97870806
2026-02-14 09:45:00,69726.4,69758.9,69693.5,69712.0,13.66417203
2026-02-14 10:00:00,69712.1,69712.1,69584.8,69641.1,20.94662783
2026-02-14 10:15:00,69641.1,69660.0,69578.4,69617.4,25.05399092
2026-02-14 10:30:00,69617.4,69669.2,69605.0,69605.0,19.09097122
2026-02-14 10:45:00,69605.0,69686.3,69605.0,69670.1,20.08873401
2026-02-14 11:00:00,69670.2,70179.0,69670.2,70088.8,146.91820306
2026-02-14 11:15:00,70088.8,70479.9,69975.4,70195.4,150.22470605
2026-02-14 11:30:00,70193.0,70312.5,70059.0,70304.9,115.59699556
2026-02-14 11:45:00,70305.0,70576.8,70223.3,70511.0,154.17613571
2026-02-14 12:00:00,70503.1,70533.6,70363.2,70488.0,69.52790374
2026-02-14 12:15:00,70488.0,70488.0,70300.2,70359.0,29.12297182
2026-02-14 12:30:00,70358.2,70368.0,70009.2,70085.0,134.78453722
2026-02-14 12:45:00,70085.0,70111.0,69612.9,69637.4,251.6403387
2026-02-14 13:00:00,69637.5,69724.9,69420.7,69708.0,98.1470501
2026-02-14 13:15:00,69709.0,69774.1,69200.0,69270.7,193.50159698
2026-02-14 13:30:00,69270.6,69583.3,69267.1,69453.5,90.05761133
2026-02-14 13:45:00,69453.1,69587.9,69314.0,69473.5,85.27561787
2026-02-14 14:00:00,69471.0,69512.5,69333.1,69466.3,106.56192246
2026-02-14 14:15:00,69466.3,69637.5,69389.5,69458.6,48.89988368
2026-02-14 14:30:00,69458.6,69690.8,69458.6,69685.3,100.88360058
2026-02-14 14:45:00,69685.2,69866.5,69593.1,69709.9,41.16240624
2026-02-14 15:00:00,69710.4,69804.9,69622.1,69622.1,51.22759363
2026-02-14 15:15:00,69621.4,70050.0,69568.6,69873.5,76.57639006
2026-02-14 15:30:00,69874.7,69966.5,69774.1,69872.4,23.13365202
2026-02-14 15:45:00,69872.4,69900.0,69731.8,69793.3,24.42431376
2026-02-14 16:00:00,69793.3,69821.8,69654.1,69694.4,31.43421356
2026-02-14 16:15:00,69693.6,69693.6,69337.9,69434.1,57.77339801
2026-02-14 16:30:00,69429.9,69675.2,69295.0,69657.6,30.26327756
2026-02-14 16:45:00,69657.5,69795.2,69552.0,69762.7,27.67142019
2026-02-21 23:45:00,68061.8,68065.1,67974.0,67977.1,10.42630529
2026-02-22 00:00:00,67977.2,68050.5,67935.4,68017.3,63.65593663
2026-02-22 00:15:00,68013.9,68066.0,67810.0,67869.9,51.66497061
2026-02-22 00:30:00,67860.1,67926.0,67846.7,67850.0,13.02380879
2026-02-22 00:45:00,67849.4,67960.0,67849.4,67947.9,10.95164092
2026-02-22 01:00:00,67948.0,68080.8,67944.0,68038.0,34.93239027
2026-02-22 01:15:00,68038.1,68117.0,68019.5,68116.9,17.33364783
2026-02-22 01:30:00,68117.0,68162.3,68044.1,68127.8,13.29358732
2026-02-22 01:45:00,68127.8,68185.7,68108.0,68163.9,13.30811963
2026-02-22 02:00:00,68163.9,68227.5,68123.0,68221.9,29.57618147
2026-02-22 02:15:00,68221.9,68221.9,68050.0,68050.0,8.66464767
2026-02-22 02:30:00,68050.1,68118.9,67986.3,67992.0,46.59195592
2026-02-22 02:45:00,67992.0,68040.2,67879.0,67914.9,51.06691736
2026-02-22 03:00:00,67914.8,68038.0,67906.2,68026.3,21.44577905
2026-02-22 03:15:00,68026.3,68048.0,67834.9,67973.0,35.3000559
2026-02-22 03:30:00,67973.0,67997.7,67899.2,67996.0,62.68616073
2026-02-22 03:45:00,67996.0,68062.5,67948.0,68047.8,24.07627727
2026-02-22 04:00:00,68047.8,68091.0,68033.7,68072.5,9.68463899
2026-02-22 04:15:00,68073.8,68073.8,67972.8,68019.0,14.48838806
2026-02-22 04:30:00,68019.1,68050.7,67973.3,67991.0,4.66609309
2026-02-22 04:45:00,67990.9,68016.0,67983.1,67985.1,7.14208056
2026-02-22 05:00:00,67985.1,68015.7,67877.9,67917.3,24.89909773
2026-02-22 05:15:00,67917.2,67977.9,67903.4,67957.1,5.01112517
2026-02-22 05:30:00,67957.0,67957.1,67932.0,67945.3,3.88092385
2026-02-22 05:45:00,67945.4,67984.3,67890.2,67984.2,5.81817666
2026-02-22 06:00:00,67984.3,68061.5,67974.0,68050.7,17.69345501
2026-02-22 06:15:00,68050.8,68198.8,68023.5,68121.7,47.20663246
2026-02-22 06:30:00,68121.8,68177.0,68063.0,68066.0,16.74205192
2026-02-22 06:45:00,68065.9,68093.2,68045.0,68045.0,13.25586972
2026-02-22 07:00:00,68045.1,68045.1,67991.8,68043.6,15.08234101
2026-02-22 07:15:00,68043.5,68047.3,68010.0,68034.0,9.19485377
2026-02-22 07:30:00,68034.0,68103.8,68022.0,68090.5,7.15268147
2026-02-22 07:45:00,68090.6,68091.0,68008.3,68008.4,25.06041326
2026-02-22 08:00:00,68008.3,68024.0,67970.0,67986.3,15.18266255
2026-02-22 08:15:00,67986.2,68011.0,67907.7,67963.6,44.52672725
2026-02-22 08:30:00,67963.6,68005.5,67925.0,67964.1,25.43056891
2026-02-22 08:45:00,67964.0,67995.6,67957.0,67958.0,19.98153642
2026-02-22 09:00:00,67958.0,68048.0,67957.2,68047.9,11.13664517
2026-02-22 09:15:00,68047.9,68061.1,68013.9,68023.0,52.78872312
2026-02-22 09:30:00,68023.0,68052.0,67992.8,68051.9,17.34641243
2026-02-22 09:45:00,68051.9,68100.0,68051.9,68061.2,16.87888505
2026-02-22 10:00:00,68061.1,68061.2,68013.3,68042.4,6.92699698
2026-02-22 10:15:00,68042.5,68123.0,68024.5,68088.0,17.59055528
2026-02-22 10:30:00,68088.0,68155.9,68072.0,68100.0,38.17915566
2026-02-22 10:45:00,68100.0,68152.0,68096.6,68132.1,15.52987825
2026-02-22 11:00:00,68132.1,68246.4,68132.0,68207.7,41.51900307
2026-02-22 11:15:00,68207.6,68246.4,68193.9,68227.2,16.68143473
2026-02-22 11:30:00,68227.2,68234.8,68155.6,68186.9,13.6793782
2026-02-22 11:45:00,68186.8,68224.8,68182.2,68217.0,18.59530622
2026-02-22 12:00:00,68217.0,68234.0,67986.5,68014.9,37.30407831
2026-02-22 12:15:00,68015.0,68094.2,67977.7,68079.0,17.7605956
2026-02-22 12:30:00,68078.9,68079.0,67894.7,67894.7,48.96901064
2026-02-22 12:45:00,67894.8,67984.0,67878.0,67933.0,22.75434861
2026-02-22 13:00:00,67933.0,68038.1,67932.9,67994.6,31.93277863
2026-02-22 13:15:00,67994.7,68046.0,67913.0,67933.1,30.61616437
2026-02-22 13:30:00,67933.1,67970.1,67568.1,67642.9,149.96922226
2026-02-22 13:45:00,67643.0,67718.9,67595.4,67653.9,116.54580232
2026-02-22 14:00:00,67653.9,67673.0,67475.4,67650.0,123.06501007
2026-02-22 14:15:00,67649.9,67688.2,67570.0,67635.3,83.04339871
2026-02-22 14:30:00,67625.7,67675.0,67400.0,67446.0,81.85042696
2026-02-22 14:45:00,67446.0,67567.4,67350.6,67445.1,98.80931095
2026-02-22 15:00:00,67445.1,67489.5,67305.7,67417.9,61.1470363
2026-02-22 15:15:00,67418.0,67604.0,67335.0,67598.0,71.12427082
2026-02-22 15:30:00,67597.9,67817.5,67541.0,67785.9,131.1885389
2026-02-22 15:45:00,67786.0,67816.0,67675.2,67691.3,17.23801434
2026-02-22 16:00:00,67691.3,67726.5,67580.3,67580.4,74.73560295
2026-02-22 16:15:00,67581.0,67637.0,67533.9,67533.9,37.43231337
2026-02-22 16:30:00,67533.9,67576.0,67510.4,67570.1,15.83232884
2026-02-22 16:45:00,67570.1,67646.4,67563.0,67631.0,8.78719512
2026-02-22 17:00:00,67631.0,67635.0,67528.4,67567.0,16.88405542
2026-02-22 17:15:00,67567.1,67573.0,67492.0,67492.0,38.44276192
2026-02-22 17:30:00,67492.0,67535.3,67187.8,67258.0,130.48314362
2026-02-22 17:45:00,67260.1,67403.8,67260.1,67382.7,31.42251674
2026-02-22 18:00:00,67378.0,67429.2,67330.6,67402.1,20.09597632
2026-02-22 18:15:00,67402.1,67461.3,67330.4,67338.0,13.16613191
2026-02-22 18:30:00,67339.2,67393.7,67313.0,67372.9,12.06082052
2026-02-22 18:45:00,67372.9,67453.9,67372.9,67420.0,22.13375905
2026-02-22 19:00:00,67416.1,67484.9,67400.0,67405.6,10.83592846
2026-02-22 19:15:00,67405.6,67462.0,67405.6,67431.6,7.32224038
2026-02-22 19:30:00,67432.2,67482.0,67411.6,67479.6,6.99046755
2026-02-22 19:45:00,67479.9,67479.9,67413.0,67425.1,4.93068665
2026-02-22 20:00:00,67425.1,67459.4,67364.0,67385.1,29.73335431
2026-02-22 20:15:00,67385.1,67490.9,67385.1,67448.9,10.5889644
2026-02-22 20:30:00,67448.9,67453.9,67394.6,67412.1,10.12667709
2026-02-22 20:45:00,67412.1,67486.0,67344.5,67397.9,18.03038558
2026-02-22 21:00:00,67397.9,67475.0,67397.9,67443.7,8.85857952
2026-02-22 21:15:00,67445.0,67512.3,67444.2,67455.2,8.41163734
2026-02-22 21:30:00,67455.3,67617.9,67455.2,67594.2,35.14382725
2026-02-22 21:45:00,67594.1,67632.0,67581.1,67606.1,7.2526791
2026-02-22 22:00:00,67606.1,67609.9,67468.9,67504.8,35.30651299
2026-02-22 22:15:00,67503.1,67688.7,67503.1,67592.3,16.10646388
2026-02-22 22:30:00,67592.2,67709.0,67534.7,67672.2,25.20578239
2026-02-22 22:45:00,67672.3,67746.6,67651.2,67666.8,15.08486182
2026-02-22 23:00:00,67666.9,67724.8,67486.3,67495.7,34.07345603
2026-02-22 23:15:00,67495.7,67616.9,67464.4,67602.2,36.69728856
2026-02-22 23:30:00,67602.1,67603.2,67486.4,67509.7,14.49068443
2026-02-22 23:45:00,67509.8,67722.9,67491.0,67637.0,31.9367521
2026-02-23 00:00:00,67637.1,67686.1,67596.1,67620.6,22.04682874
2026-02-23 00:15:00,67625.5,67627.4,67400.1,67468.3,33.98153273
2026-02-23 00:30:00,67468.3,67474.1,67155.5,67186.1,105.10240443
2026-02-23 00:45:00,67186.0,67186.0,66711.2,66735.0,169.44621702
2026-02-23 01:00:00,66735.0,66735.0,65223.3,65479.6,1169.64995153
2026-02-23 01:15:00,65481.0,65509.6,65000.0,65048.1,674.10031601
2026-02-23 01:30:00,65048.0,65400.0,65010.0,65125.9,253.21310015
2026-02-23 01:45:00,65126.0,65165.8,64280.0,64429.5,935.91325837
2026-02-23 02:00:00,64429.6,64795.4,64319.4,64755.6,269.80160771
2026-02-23 02:15:00,64760.0,64814.3,64519.1,64750.1,136.00310197
2026-02-23 02:30:00,64756.6,64933.3,64687.0,64847.5,170.17330124
2026-02-23 02:45:00,64848.1,64899.1,64707.0,64785.9,77.43803233
2026-02-23 03:00:00,64785.9,65084.2,64774.1,64940.4,127.03732951
2026-02-23 03:15:00,64940.4,64940.5,64703.0,64767.9,62.87290342
2026-02-23 03:30:00,64767.9,65014.2,64725.0,65014.1,111.78807003
2026-02-23 03:45:00,65014.2,65019.0,64905.6,64935.1,60.38492509
2026-02-23 04:00:00,64935.1,65029.7,64819.4,65024.0,61.28823212
2026-02-23 04:15:00,65023.9,65023.9,64720.1,64769.0,76.97785103
2026-02-23 04:30:00,64769.0,64818.3,64680.0,64719.1,68.52242729
2026-02-23 04:45:00,64719.0,64828.7,64702.0,64812.2,56.73636494
2026-02-23 05:00:00,64812.2,65184.3,64802.8,65091.2,167.69293423
2026-02-23 05:15:00,65091.1,65222.9,64911.1,65042.0,96.47843216
2026-02-23 05:30:00,65045.8,65130.5,65008.0,65019.0,49.5330898
2026-02-23 05:45:00,65019.1,65083.5,64959.0,65066.6,31.85598917
2026-02-23 06:00:00,65066.6,65374.1,65028.0,65355.9,90.83400459
2026-02-23 06:15:00,65356.9,65450.0,65300.2,65305.0,72.29420058
2026-02-23 06:30:00,65305.0,65680.7,65283.5,65538.2,225.96970846
2026-02-23 06:45:00,65538.1,65803.9,65531.6,65758.2,93.91579945
2026-02-23 07:00:00,65758.3,65897.0,65697.3,65792.0,169.25555771
2026-02-23 07:15:00,65791.9,65831.1,65650.0,65702.9,143.3980344
2026-02-23 07:30:00,65702.9,66018.8,65689.7,65957.1,145.06114554
2026-02-23 07:45:00,65957.1,66000.0,65892.3,65961.0,104.19155732
2026-02-23 08:00:00,65960.0,65961.0,65705.7,65848.1,109.09805326
2026-02-23 08:15:00,65848.1,65880.4,65596.1,65682.8,107.1864251
2026-02-23 08:30:00,65682.9,65734.5,65581.4,65620.8,52.7653034
2026-02-23 08:45:00,65620.9,65699.9,65574.2,65676.8,88.13016751
2026-02-23 09:00:00,65676.0,65839.9,65675.9,65823.0,165.56856578
2026-02-23 09:15:00,65822.9,65875.0,65715.7,65839.9,69.82051043
2026-02-23 09:30:00,65839.9,66330.8,65817.8,66280.0,162.38774842
2026-02-23 09:45:00,66279.9,66457.0,66242.8,66410.4,89.63600414
2026-02-23 10:00:00,66410.4,66600.0,66309.0,66322.4,96.79552216
2026-02-23 10:15:00,66322.5,66516.8,66275.9,66364.0,33.9964032
2026-02-23 10:30:00,66364.0,66387.0,66218.7,66340.1,35.55535699
2026-02-23 10:45:00,66340.1,66412.0,66245.4,66322.9,27.10095279
2026-02-23 11:00:00,66323.0,66386.0,66250.0,66372.5,22.15072236
2026-02-23 11:15:00,66372.6,66489.5,66309.3,66323.8,28.19044333
2026-02-23 11:30:00,66323.8,66325.9,66115.3,66129.9,58.01273283
2026-02-23 11:45:00,66129.9,66226.9,66113.8,66211.5,161.17792297
2026-02-23 12:00:00,66211.6,66257.9,66167.0,66217.0,57.08170251
2026-02-23 12:15:00,66217.1,66238.9,66038.4,66139.0,165.87919803
2026-02-23 12:30:00,66139.0,66500.0,65890.0,66420.4,222.16584946
2026-02-23 12:45:00,66421.0,66521.4,66228.6,66277.8,107.92216708
2026-02-23 13:00:00,66277.9,66393.8,66206.0,66221.2,48.12914108
2026-02-23 13:15:00,66221.1,66263.2,66129.0,66224.9,42.70678728
2026-02-23 13:30:00,66224.9,66430.0,66147.3,66358.9,51.14039423
2026-02-23 13:45:00,66358.9,66377.9,66106.0,66132.9,54.4259549
2026-02-23 14:00:00,66133.0,66270.0,66120.6,66253.2,44.36810551
2026-02-23 14:15:00,66253.2,66258.3,66049.5,66081.9,49.85173032
2026-02-23 14:30:00,66081.9,66218.2,65515.1,65831.8,380.68344061
2026-02-23 14:45:00,65831.8,66119.0,65621.0,65924.4,116.78697688
2026-02-23 15:00:00,65924.5,66085.6,65692.3,65953.1,78.33837123
2026-02-23 15:15:00,65953.0,66245.0,65750.0,65805.0,142.88660698
2026-02-23 15:30:00,65805.0,65940.0,65705.1,65793.1,67.96706759
2026-02-23 15:45:00,65796.9,65919.1,65580.0,65660.0,62.02488029
2026-02-23 16:00:00,65658.1,65684.5,65173.1,65224.3,137.39733437
2026-02-23 16:15:00,65231.2,65666.6,65231.1,65625.0,143.36244685
2026-02-23 16:30:00,65625.1,65728.7,65443.0,65571.3,103.99228914
2026-02-23 16:45:00,65571.4,65602.0,65296.5,65364.8,82.60969484
2026-02-23 17:00:00,65365.2,65448.1,65049.5,65074.0,152.24119617
2026-02-23 17:15:00,65087.4,65179.5,64570.1,64570.1,218.36631472
2026-02-23 17:30:00,64570.1,64688.5,64333.0,64467.3,285.85409415
2026-02-23 17:45:00,64466.6,64807.6,64160.0,64807.6,179.98063804
2026-02-23 18:00:00,64807.7,64870.5,64635.3,64782.1,199.81159727
2026-02-23 18:15:00,64781.5,64919.1,64605.9,64820.0,61.69111288
2026-02-23 18:30:00,64820.0,65181.7,64732.8,64888.9,168.07503566
2026-02-23 18:45:00,64889.0,64889.5,64584.6,64627.8,120.13271824
2026-02-23 19:00:00,64627.8,64851.3,64599.8,64695.9,99.38243693
2026-02-23 19:15:00,64697.0,64709.9,64342.7,64453.3,113.90475962
2026-02-23 19:30:00,64456.4,64545.3,64072.7,64218.7,208.06121457
2026-02-23 19:45:00,64218.8,64362.9,64112.8,64290.1,96.5211612
2026-02-23 20:00:00,64290.1,64372.6,63921.0,63967.0,164.09392672
2026-02-23 20:15:00,63966.9,64173.8,63888.0,64001.1,203.91902592
2026-02-23 20:30:00,64001.1,64324.9,63992.2,64267.6,62.05528284
2026-02-23 20:45:00,64271.3,64483.6,64235.4,64476.0,115.50035065
2026-02-23 21:00:00,64475.7,64706.0,64456.7,64599.1,120.680468
2026-02-23 21:15:00,64599.0,64648.0,64514.0,64558.0,27.45664567
2026-02-23 21:30:00,64557.9,64786.7,64531.0,64648.7,103.514461
2026-02-23 21:45:00,64651.5,64727.6,64565.2,64584.7,75.6315492
2026-02-23 22:00:00,64584.7,64999.6,64555.5,64970.0,117.20427028
2026-02-23 22:15:00,64970.0,65016.0,64845.0,64940.1,60.56008008
2026-02-23 22:30:00,64940.0,64940.0,64756.1,64797.1,50.04942812
2026-02-23 22:45:00,64797.1,64885.5,64645.8,64727.9,26.24096659
2026-02-23 23:00:00,64727.9,64901.9,64700.0,64860.1,35.58568318
2026-02-23 23:15:00,64861.6,64901.0,64780.1,64839.0,37.33866888
2026-02-23 23:30:00,64838.9,64882.0,64610.1,64617.7,31.38504239
2026-02-23 23:45:00,64617.8,64683.3,64526.8,64658.1,41.88818078
2026-02-24 00:00:00,64658.1,64897.0,64658.0,64893.7,65.09363728
2026-02-24 00:15:00,64893.8,65006.6,64797.1,64855.9,68.61357745
2026-02-24 00:30:00,64856.0,64987.0,64821.0,64915.6,35.38720297
2026-02-24 00:45:00,64915.5,65007.9,64870.5,64943.6,22.99048977
2026-02-24 01:00:00,64943.5,64943.5,64243.0,64329.4,148.67646532
2026-02-24 01:15:00,64329.4,64540.7,63428.5,64432.3,783.22324536
2026-02-24 01:30:00,64429.9,64617.0,64076.5,64340.0,167.30375828
2026-02-24 01:45:00,64340.2,64403.7,64066.6,64160.1,86.48934237
2026-02-24 02:00:00,64161.3,64324.3,64000.1,64245.1,62.65527249
2026-02-24 02:15:00,64245.1,64323.1,64025.7,64315.5,53.18708033
2026-02-24 02:30:00,64315.5,64504.2,64121.0,64131.1,60.78174728
2026-02-24 02:45:00,64131.1,64183.9,64079.2,64110.1,48.97857241
2026-02-24 03:00:00,64110.0,64110.0,63559.0,63687.1,269.73363434
2026-02-24 03:15:00,63687.0,63856.0,63582.3,63710.3,73.80145949
2026-02-24 03:30:00,63708.1,63793.0,63640.0,63680.8,54.32674423
2026-02-24 03:45:00,63680.7,63693.0,63337.7,63593.4,154.70793519
2026-02-24 04:00:00,63593.5,63632.0,63000.0,63018.3,337.33836134
2026-02-24 04:15:00,63018.2,63452.3,62870.0,63225.8,485.37157555
2026-02-24 04:30:00,63225.7,63369.2,63000.0,63345.0,92.61503914
2026-02-24 04:45:00,63344.9,63415.8,63244.5,63381.1,75.81948938
2026-02-24 05:00:00,63381.1,63551.7,63276.8,63500.0,59.58828485
2026-02-24 05:15:00,63500.0,63500.1,62709.0,62829.1,239.27381882
2026-02-24 05:30:00,62833.1,63062.1,62729.4,62991.1,138.17904921
2026-02-24 05:45:00,62991.0,63116.0,62952.0,63104.0,78.10556836
2026-02-24 06:00:00,63104.1,63228.0,62894.8,63147.4,88.65778607
2026-02-24 06:15:00,63147.3,63314.4,63106.9,63209.0,99.21037021
2026-02-24 06:30:00,63208.9,63322.9,63165.1,63258.9,64.62407032
2026-02-24 06:45:00,63258.9,63260.0,62942.2,63081.2,98.10841144
2026-02-24 07:00:00,63081.2,63364.0,62920.0,63336.2,150.41511233
2026-02-24 07:15:00,63336.3,63349.9,63157.5,63284.9,111.62027777
2026-02-24 07:30:00,63284.9,63305.4,63090.9,63102.3,105.39260097
2026-02-24 07:45:00,63102.3,63205.4,63012.1,63201.0,96.55762923
2026-02-24 08:00:00,63201.0,63278.6,63011.0,63229.0,76.06631929
2026-02-24 08:15:00,63229.0,63328.0,63092.8,63300.0,54.11231186
2026-02-24 08:30:00,63300.0,63424.7,63273.1,63380.1,70.89888673
2026-02-24 08:45:00,63380.2,63437.2,63340.0,63389.1,83.73010858
2026-02-24 09:00:00,63389.1,63411.5,63212.3,63286.2,77.88558545
2026-02-24 09:15:00,63286.2,63307.9,63100.0,63142.1,58.9371843
2026-02-24 09:30:00,63142.1,63199.9,62927.2,63149.9,151.25878816
2026-02-24 09:45:00,63149.9,63279.9,63052.0,63249.9,51.51942691
2026-02-24 10:00:00,63249.9,63284.9,63109.0,63211.1,67.51380203
2026-02-24 10:15:00,63211.1,63300.0,63155.1,63265.2,35.35240329
2026-02-24 10:30:00,63265.2,63302.0,63147.0,63203.1,34.18785335
2026-02-24 10:45:00,63203.0,63365.0,63165.0,63282.0,44.47627642
2026-02-24 11:00:00,63282.1,63318.9,63175.7,63194.0,23.28188132
2026-02-24 11:15:00,63194.1,63236.4,63139.3,63175.1,43.73013362
2026-02-24 11:30:00,63175.1,63256.6,63064.3,63198.0,51.01757087
2026-02-24 11:45:00,63198.0,63243.1,63150.0,63226.0,42.37012911
2026-02-24 12:00:00,63226.1,63294.0,63112.6,63263.0,91.1774681
2026-02-24 12:15:00,63263.0,63350.0,63220.2,63325.0,37.37154643
2026-02-24 12:30:00,63325.0,63339.2,63077.9,63113.2,83.34377967
2026-02-24 12:45:00,63113.3,63133.0,62968.0,62971.0,84.75651772
2026-02-24 13:00:00,62971.0,63100.0,62909.6,63073.3,63.2369241
2026-02-24 13:15:00,63073.4,63099.3,62870.4,62919.7,70.04617223
2026-02-24 13:30:00,62919.7,63088.5,62500.2,62932.9,338.25429386
2026-02-24 13:45:00,62932.8,63036.0,62891.5,62906.0,56.63199046
2026-02-24 14:00:00,62906.1,63023.7,62769.2,62948.0,107.47546735
2026-02-24 14:15:00,62948.0,63036.4,62808.0,63008.0,67.49003641
2026-02-24 14:30:00,63007.9,63459.2,62775.9,63332.1,201.24907652
2026-02-24 14:45:00,63336.2,63839.4,63272.5,63454.0,268.41618767
2026-02-24 15:00:00,63454.1,63660.0,63300.0,63575.8,89.5591053
2026-02-24 15:15:00,63575.8,63973.2,63546.8,63933.0,158.78961153
2026-02-24 15:30:00,63932.9,63984.0,63667.0,63748.0,71.45737542
2026-02-24 15:45:00,63746.6,64026.2,63718.3,63972.4,104.80610087
2026-02-24 16:00:00,63972.4,64422.9,63948.4,64159.1,225.97860866
2026-02-24 16:15:00,64159.0,64216.0,63873.8,63951.7,63.24980242
2026-02-24 16:30:00,63951.7,64124.9,63700.0,64045.9,110.45741229
2026-02-24 16:45:00,64046.0,64323.6,63820.0,64267.5,143.52540929
2026-02-24 17:00:00,64267.6,64521.9,64165.0,64418.2,185.38402096
2026-02-24 17:15:00,64406.1,64406.1,64124.0,64149.6,93.81053284
2026-02-24 17:30:00,64149.6,64263.9,64100.0,64100.0,41.01442428
2026-02-24 17:45:00,64100.1,64260.2,64042.6,64218.2,50.24240049
2026-02-24 18:00:00,64218.1,64408.9,63924.0,63970.0,111.89590754
2026-02-24 18:15:00,63969.9,64349.3,63930.1,64287.8,56.77671358
2026-02-24 18:30:00,64287.9,64500.0,64283.8,64369.5,50.66810412
2026-02-24 18:45:00,64366.1,64498.0,64362.1,64425.6,20.90315141
2026-02-24 19:00:00,64423.1,64738.0,64265.5,64309.9,121.98499962
2026-02-24 19:15:00,64309.9,64427.0,64241.1,64311.1,24.74359908
2026-02-24 19:30:00,64309.9,64524.7,64294.7,64467.3,24.33684226
2026-02-24 19:45:00,64467.3,64493.8,64367.3,64431.1,27.18984479
2026-02-24 20:00:00,64431.1,64481.0,64313.7,64393.2,29.09434656
2026-02-24 20:15:00,64393.2,64507.9,64387.7,64467.7,22.13316554
2026-02-24 20:30:00,64470.2,64584.5,64383.6,64493.5,22.99171881
2026-02-24 20:45:00,64493.4,64516.9,64388.6,64468.7,61.25695696
2026-02-24 21:00:00,64463.0,64463.0,64128.7,64236.6,64.5952596
2026-02-24 21:15:00,64235.8,64240.8,63828.5,63915.7,62.73738178
2026-02-24 21:30:00,63915.2,64067.7,63866.0,64009.0,62.39575642
2026-02-24 21:45:00,64009.9,64084.9,63987.2,64039.1,47.72248828
2026-02-24 22:00:00,64039.1,64224.2,63967.6,64216.4,49.5590755
2026-02-24 22:15:00,64216.4,64218.7,64082.1,64144.1,16.34838102
2026-02-24 22:30:00,64144.1,64187.1,64063.8,64086.2,19.33953137
2026-02-24 22:45:00,64086.2,64145.8,63986.9,64119.9,10.7555456
2026-02-24 23:00:00,64120.0,64151.5,63847.1,64072.2,39.07439422
2026-02-24 23:15:00,64071.8,64216.2,64066.0,64179.5,18.10707648
2026-02-24 23:30:00,64179.9,64245.9,64125.0,64141.3,37.69882439
2026-02-24 23:45:00,64141.4,64147.7,64022.5,64057.6,18.61998274
2026-02-25 00:00:00,64060.0,64081.2,63910.1,63910.2,24.25716076
2026-02-25 00:15:00,63914.0,64064.3,63914.0,63957.0,11.3274763
2026-02-25 00:30:00,63957.0,64269.0,63957.0,64252.7,48.10779694
2026-02-25 00:45:00,64251.1,64313.7,64140.0,64218.2,27.20955812
2026-02-25 01:00:00,64218.3,65948.0,64145.5,65602.9,702.96527885
2026-02-25 01:15:00,65602.9,66311.5,65423.1,65946.0,435.32985553
2026-02-25 01:30:00,65949.9,66280.0,65766.1,65805.6,271.54133494
2026-02-25 01:45:00,65812.4,66052.9,65769.0,65896.9,135.9869347
2026-02-25 02:00:00,65896.8,66312.5,65883.9,66231.0,261.44762638
2026-02-25 02:15:00,66231.0,66259.0,66038.4,66113.9,62.28958392
2026-02-25 02:30:00,66113.9,66169.6,65888.9,65937.1,114.89670279
2026-03-04 09:30:00,71324.6,71875.7,71207.8,71759.0,734.59809383
2026-03-04 09:45:00,71758.9,71900.0,71344.9,71516.1,301.66329793
2026-03-04 10:00:00,71516.2,71880.3,71432.7,71652.4,290.5337755
2026-03-04 10:15:00,71652.3,71703.6,71350.5,71528.4,253.82764285
2026-03-04 10:30:00,71528.3,71554.9,71283.8,71325.2,161.7369206
2026-03-04 10:45:00,71325.1,71460.5,71201.3,71341.4,358.26422296
2026-03-04 11:00:00,71343.9,71454.5,71202.6,71422.1,120.97331268
2026-03-04 11:15:00,71425.1,71499.1,71211.4,71225.5,37.35943936
2026-03-04 11:30:00,71228.0,71317.7,70931.1,71100.2,266.18504495
2026-03-04 11:45:00,71100.2,71232.2,70954.6,71111.4,214.97331883
2026-03-04 12:00:00,71111.3,71149.4,70800.0,70887.3,129.79019378
2026-03-04 12:15:00,70889.3,70929.9,70630.0,70633.5,140.24160431
2026-03-04 12:30:00,70633.4,71049.9,70594.5,70976.1,127.75349575
2026-03-04 12:45:00,70976.0,71362.0,70882.5,71348.0,119.58741878
2026-03-04 13:00:00,71348.2,71625.0,71277.3,71304.0,139.92825067
2026-03-04 13:15:00,71303.9,71423.1,71211.1,71361.8,64.19341055
2026-03-04 13:30:00,71361.8,71555.5,71259.2,71438.6,122.93053861
2026-03-04 13:45:00,71438.6,71536.9,71326.4,71476.0,35.98981259
2026-03-04 14:00:00,71476.0,71825.1,71400.0,71797.8,111.29946135
2026-03-04 14:15:00,71797.8,72022.4,71566.4,71741.3,269.71206335
2026-03-04 14:30:00,71741.2,72639.6,71409.1,71430.6,965.59801879
2026-03-04 14:45:00,71423.2,71802.4,71304.3,71613.6,235.42526536
2026-03-04 15:00:00,71613.6,72230.7,71574.8,72000.1,330.9572908
2026-03-04 15:15:00,71991.8,72993.0,71971.3,72970.4,396.82064056
2026-03-04 15:30:00,72981.9,73091.0,72564.7,72693.5,294.54916687
2026-03-04 15:45:00,72695.8,73476.0,72683.8,73391.9,267.36625731
2026-03-04 16:00:00,73392.0,73500.0,72739.1,72837.4,337.01924866
2026-03-04 16:15:00,72839.2,73047.7,72537.3,72963.8,193.41468161
2026-03-04 16:30:00,72963.8,73300.0,72887.5,73141.8,135.32829588
2026-03-04 16:45:00,73141.8,73453.8,73073.7,73291.5,112.98436657
2026-03-04 17:00:00,73291.5,73699.0,73177.4,73539.1,185.53126594
2026-03-04 17:15:00,73539.1,73750.0,72928.3,73052.4,239.79936655
2026-03-04 17:30:00,73052.5,73278.9,73052.5,73137.9,170.93326076
2026-03-04 17:45:00,73137.9,73396.8,73107.6,73216.8,239.73112958
2026-03-04 18:00:00,73219.9,73415.0,72914.2,73035.1,246.33466144
2026-03-04 18:15:00,73035.1,73416.3,73016.4,73402.0,109.4188335
2026-03-04 18:30:00,73402.0,73543.0,73137.5,73514.7,136.64865632
2026-03-04 18:45:00,73514.6,73712.1,73423.4,73691.1,79.5838594
2026-03-04 19:00:00,73696.3,74033.4,73566.7,73880.1,354.18770896
2026-03-04 19:15:00,73880.0,74096.0,73525.4,73558.9,241.88635216
2026-03-04 19:30:00,73560.2,73868.6,73509.3,73717.0,67.17366166
2026-03-04 19:45:00,73723.2,73782.7,73588.6,73617.9,61.10962378
2026-03-04 20:00:00,73618.4,73719.7,73309.1,73423.5,82.93690221
2026-03-04 20:15:00,73423.5,73590.0,73266.6,73463.6,78.52236439
2026-03-04 20:30:00,73463.5,73571.4,73309.7,73496.0,44.19829816
2026-03-04 20:45:00,73499.6,73532.3,73013.1,73026.3,90.49861416
2026-03-04 21:00:00,73022.9,73150.6,72879.6,73059.7,72.45951485
2026-03-04 21:15:00,73059.6,73216.0,72948.8,73157.4,43.74499063
2026-03-04 21:30:00,73157.3,73299.2,73060.2,73230.5,18.59472663
2026-03-04 21:45:00,73230.6,73322.1,73167.3,73304.9,85.71004036
2026-03-04 22:00:00,73304.9,73517.1,73239.0,73239.0,66.55587202
2026-03-04 22:15:00,73239.0,73359.5,73181.8,73265.3,32.52589537
2026-03-04 22:30:00,73265.2,73309.2,72824.3,72917.7,52.77751964
2026-03-04 22:45:00,72918.7,72928.4,72628.9,72710.0,113.80539799
2026-03-04 23:00:00,72710.0,72819.9,72638.2,72724.8,44.82389296
2026-03-04 23:15:00,72724.7,72893.3,72488.8,72541.8,120.0572684
2026-03-04 23:30:00,72546.1,72781.2,72320.1,72753.0,161.80902209
2026-03-04 23:45:00,72753.1,72829.9,72613.9,72678.3,50.74979802
2026-03-05 00:00:00,72678.4,72857.0,72546.4,72706.2,42.81739384
2026-03-05 00:15:00,72706.1,72972.0,72684.0,72828.3,62.99547647
2026-03-05 00:30:00,72828.2,72995.0,72718.9,72903.7,35.04905375
2026-03-05 00:45:00,72903.7,73003.5,72718.7,72763.6,44.77432383
2026-03-05 01:00:00,72767.1,73298.6,72686.0,73123.0,94.26330815
2026-03-05 01:15:00,73122.9,73231.4,72780.8,72949.9,60.78631936
2026-03-05 01:30:00,72949.7,72960.3,72584.6,72657.3,58.29502727
2026-03-05 01:45:00,72657.5,72693.5,72410.0,72535.5,126.22663446
2026-03-05 02:00:00,72541.6,72871.0,72510.4,72810.7,52.6752115
2026-03-05 02:15:00,72810.8,72898.2,72657.4,72717.8,51.30314659
2026-03-05 02:30:00,72717.8,72717.8,72334.4,72355.7,62.4642024
2026-03-05 02:45:00,72357.5,72593.3,72351.0,72508.3,66.93408119
2026-03-05 03:00:00,72507.9,72756.0,72488.7,72630.0,63.62822145
2026-03-05 03:15:00,72629.7,72676.6,72489.4,72536.9,42.39628203
2026-03-05 03:30:00,72540.9,72552.8,72351.0,72356.0,31.40104613
2026-03-05 03:45:00,72355.9,72554.9,72351.1,72499.9,34.41601065
2026-03-05 04:00:00,72500.0,72716.9,72450.7,72665.3,35.11106607
2026-03-05 04:15:00,72665.2,72833.3,72573.7,72798.8,33.88516949
2026-03-05 04:30:00,72798.8,72960.2,72541.6,72928.5,103.87455424
2026-03-05 04:45:00,72924.1,73106.9,72704.4,72822.1,87.93264608
2026-03-05 05:00:00,72822.1,72923.9,72720.0,72821.2,18.19281908
2026-03-05 05:15:00,72821.2,72821.2,72452.7,72489.5,51.49069274
2026-03-05 05:30:00,72489.4,72590.1,72363.1,72415.2,96.78750844
2026-03-05 05:45:00,72415.2,72509.3,72266.2,72410.9,85.33762756
2026-03-05 06:00:00,72415.0,72450.0,72041.6,72158.8,232.31515568
2026-03-05 06:15:00,72158.8,72548.5,72067.0,72408.4,106.91470836
2026-03-05 06:30:00,72408.8,72528.3,72305.1,72430.0,42.55605648
2026-03-05 06:45:00,72430.1,72662.4,72400.0,72556.0,37.28146119
2026-03-05 07:00:00,72555.9,72665.8,72432.1,72646.9,79.46726004
2026-03-05 07:15:00,72646.9,72666.6,72525.0,72525.0,63.79371094
2026-03-05 07:30:00,72525.0,72525.1,72185.0,72185.0,139.07639254
2026-03-05 07:45:00,72187.2,72255.9,71786.0,72063.0,554.56506365
2026-03-05 08:00:00,72063.0,72091.3,71800.0,71839.3,69.40407195
2026-03-05 08:15:00,71836.0,72077.0,71753.9,71848.9,611.34434039
2026-03-05 08:30:00,71843.1,72221.9,71800.1,72192.0,61.07774614
2026-03-05 08:45:00,72192.1,72375.0,72115.5,72341.9,514.3714125
2026-03-05 09:00:00,72341.8,72788.7,72305.4,72614.0,193.96171785
2026-03-05 09:15:00,72619.2,72758.0,72487.4,72701.0,108.54472865
2026-03-05 09:30:00,72700.9,72884.5,72468.7,72565.3,315.25850548
2026-03-05 09:45:00,72565.3,72636.2,72434.8,72606.0,290.8253838
2026-03-05 10:00:00,72606.1,72771.5,72526.7,72734.1,51.83234435
2026-03-05 10:15:00,72736.6,73385.1,72665.6,73172.7,221.65038204
2026-03-05 10:30:00,73160.4,73527.2,73156.6,73299.6,165.91783447
2026-03-05 10:45:00,73299.5,73559.7,73238.8,73393.4,126.38468795
2026-03-05 11:00:00,73393.4,73456.2,73062.6,73203.1,127.97871554
2026-03-05 11:15:00,73203.1,73205.9,72909.7,73132.0,55.89034306
2026-03-05 11:30:00,73132.0,73132.0,72788.0,72850.1,65.83448563
2026-03-05 11:45:00,72850.1,72964.1,72803.3,72927.6,53.46571453
2026-03-05 12:00:00,72927.6,73025.0,72673.0,72950.0,74.20324147
2026-03-05 12:15:00,72950.1,72974.0,72709.3,72818.0,47.0835959
2026-03-05 12:30:00,72817.7,72949.5,72700.5,72905.6,113.00435501
2026-03-05 12:45:00,72905.7,73076.7,72885.2,72889.0,86.39238092
2026-03-05 13:00:00,72889.0,72936.6,72582.6,72673.8,75.31594041
2026-03-05 13:15:00,72679.5,72777.6,72337.2,72523.1,105.6302925
2026-03-05 13:30:00,72523.1,72541.2,72196.3,72526.7,113.4113745
2026-03-05 13:45:00,72526.7,72696.4,72400.0,72470.8,86.74009775
2026-03-05 14:00:00,72470.8,72636.0,72323.2,72613.3,62.95955252
2026-03-05 14:15:00,72613.4,72629.9,72414.1,72554.2,53.39368595
2026-03-05 14:30:00,72548.3,72838.6,71947.7,72002.9,299.49054352
2026-03-05 14:45:00,72006.6,72769.2,71962.2,72609.7,180.81267763
2026-03-05 15:00:00,72613.7,72771.7,71608.5,71798.2,342.52853319
2026-03-05 15:15:00,71798.0,71916.3,71241.9,71273.5,259.93433752
2026-03-05 15:30:00,71284.6,71660.1,71156.2,71459.3,289.66402716
2026-03-05 15:45:00,71458.4,71759.8,71306.7,71647.0,220.27042909
2026-03-05 16:00:00,71648.3,71650.9,70793.1,71011.8,364.5986176
2026-03-05 16:15:00,71008.6,71133.3,70819.3,70995.1,97.17701093
2026-03-05 16:30:00,70988.3,71619.2,70983.2,71343.4,167.45142389
2026-03-05 16:45:00,71339.9,71423.4,71207.1,71312.5,39.21373436
2026-03-05 17:00:00,71309.7,71575.2,71029.6,71171.1,76.73657615
2026-03-05 17:15:00,71171.1,71199.8,70881.4,70929.6,169.01112568
2026-03-05 17:30:00,70929.7,71019.7,70726.1,70863.1,101.19466761
2026-03-05 17:45:00,70863.1,70934.2,70644.5,70707.3,103.72689396
2026-03-05 18:00:00,70703.6,71055.0,70654.9,71025.1,114.35070118
2026-03-05 18:15:00,71025.4,71062.5,70774.5,70820.1,64.41472996
2026-03-05 18:30:00,70820.0,71084.8,70805.6,70948.9,45.2577482
2026-03-05 18:45:00,70948.8,71024.0,70824.2,70996.7,56.30148383
2026-03-05 19:00:00,71001.7,71434.6,70986.8,71372.2,156.13287574
2026-03-05 19:15:00,71372.3,71429.3,71050.4,71102.4,125.15104191
2026-03-05 19:30:00,71102.3,71165.5,70933.3,71014.4,84.92265987
2026-03-05 19:45:00,71015.0,71124.1,70875.1,70917.6,23.66785735
2026-03-05 20:00:00,70917.7,71118.2,70843.7,71097.4,86.09987489
2026-03-05 20:15:00,71097.5,71344.7,71067.8,71184.6,58.9801327
2026-03-05 20:30:00,71184.5,71390.3,71131.4,71157.3,117.00879007
2026-03-05 20:45:00,71158.3,71360.1,71049.4,71245.3,66.03942249
2026-03-05 21:00:00,71241.7,71355.5,71231.1,71307.0,28.02242176
2026-03-05 21:15:00,71306.9,71524.7,71299.1,71516.6,64.42144977
2026-03-05 21:30:00,71516.6,71566.0,71111.1,71195.3,68.59365017
2026-03-05 21:45:00,71195.2,71328.1,71000.1,71128.9,89.51419336
2026-03-05 22:00:00,71128.9,71254.0,71085.0,71162.0,51.29369586
2026-03-05 22:15:00,71162.1,71287.4,71065.4,71150.3,31.52357052
2026-03-05 22:30:00,71150.4,71361.5,71139.8,71276.4,35.74750431
2026-03-05 22:45:00,71276.4,71349.2,71204.2,71215.0,90.87395824
2026-03-05 23:00:00,71213.5,71284.5,71183.0,71202.5,34.05811733
2026-03-05 23:15:00,71202.6,71302.0,71161.5,71216.5,70.80733637
2026-03-05 23:30:00,71216.6,71226.0,70853.9,70919.2,67.54730849
2026-03-05 23:45:00,70919.1,70932.7,70786.2,70884.4,70.94089904
2026-03-06 00:00:00,70886.0,71050.5,70830.0,71018.0,40.64987027
2026-03-06 00:15:00,71017.9,71036.9,70865.7,70915.3,41.95065318
2026-03-06 00:30:00,70915.3,71010.7,70883.0,70902.5,41.95989441
2026-03-06 00:45:00,70902.5,71008.0,70779.1,70986.9,32.50716977
2026-03-06 01:00:00,70988.0,71014.7,70762.9,70801.5,55.90456851
2026-03-06 01:15:00,70801.4,70897.5,70386.4,70473.0,236.28274143
2026-03-06 01:30:00,70463.4,71159.8,70459.6,71159.8,114.68790106
2026-03-06 01:45:00,71160.0,71301.2,71077.4,71253.2,96.09550577
2026-03-06 02:00:00,71257.3,71377.0,71170.6,71333.4,38.99092133
2026-03-06 02:15:00,71328.4,71419.3,71034.1,71330.1,116.20162148
2026-03-06 02:30:00,71330.1,71355.8,71135.3,71340.4,39.06638162
2026-03-06 02:45:00,71342.0,71368.8,71186.1,71242.9,35.55238186
2026-03-06 03:00:00,71242.9,71294.3,71026.1,71070.5,119.62326356
2026-03-06 03:15:00,71070.6,71259.1,71000.0,71172.6,49.79234016
2026-03-06 03:30:00,71172.5,71223.4,71063.4,71089.7,20.14580753
2026-03-06 03:45:00,71089.8,71149.2,71022.0,71082.1,30.39597788
2026-03-06 04:00:00,71081.1,71119.4,70907.9,70912.9,19.42530253
2026-03-06 04:15:00,70912.9,70979.0,70870.0,70873.9,35.24240896
2026-03-06 04:30:00,70871.4,70975.8,70271.7,70524.7,216.65087019
2026-03-06 04:45:00,70528.7,70626.0,70490.0,70622.6,68.06506538
2026-03-06 05:00:00,70622.6,70666.6,70400.1,70544.9,38.31844683
2026-03-06 05:15:00,70544.9,70644.0,70334.2,70399.9,63.7772858
2026-03-06 05:30:00,70399.2,70499.9,70174.0,70207.0,162.43121971
2026-03-06 05:45:00,70207.1,70504.3,70140.8,70442.5,113.61204955
2026-03-06 06:00:00,70442.5,70450.9,70272.0,70318.2,53.25585365
2026-03-06 06:15:00,70318.3,70524.0,70290.7,70427.7,37.85031578
2026-03-06 06:30:00,70427.8,70687.5,70387.1,70668.0,88.68911379
2026-03-06 06:45:00,70668.0,70852.0,70597.0,70610.0,66.698056
2026-03-06 07:00:00,70605.4,70852.0,70468.4,70581.0,241.65092223
2026-03-06 07:15:00,70581.0,70884.6,70562.0,70873.5,241.42516637
2026-03-06 07:30:00,70873.5,71083.7,70858.9,71078.4,927.83072042
2026-03-06 07:45:00,71071.8,71182.2,71044.7,71062.7,79.70166597
2026-03-06 08:00:00,71062.7,71069.0,70897.0,70943.1,94.04236457
2026-03-06 08:15:00,70943.2,70995.0,70841.0,70938.0,81.73196344
2026-03-06 08:30:00,70938.0,71050.8,70878.0,70905.0,360.30594178
2026-03-06 08:45:00,70904.9,70945.0,70730.1,70780.1,233.19016488
2026-03-06 09:00:00,70780.2,70813.0,70519.0,70569.5,203.42629482
2026-03-06 09:15:00,70569.4,70602.7,70363.6,70407.7,79.19531829
2026-03-06 09:30:00,70406.7,70553.2,70301.0,70553.0,59.21067818
2026-03-06 09:45:00,70545.4,70624.9,70450.1,70566.1,71.49779374
2026-03-06 10:00:00,70566.1,70713.6,70524.1,70690.4,41.14933503
2026-03-06 10:15:00,70690.4,70800.0,70643.1,70777.9,38.73232229
2026-03-06 10:30:00,70778.0,70788.0,70507.0,70564.9,58.47140122
2026-03-06 10:45:00,70565.0,70626.7,70469.6,70540.6,23.29257577
2026-03-06 11:00:00,70540.7,70618.1,70427.6,70561.3,56.37424684
2026-03-06 11:15:00,70562.1,70582.0,70507.2,70561.0,13.25577599
2026-03-06 11:30:00,70561.0,70638.4,70365.9,70380.4,66.23802549
2026-03-06 11:45:00,70380.4,70383.0,70193.8,70214.3,160.06094977
2026-03-06 12:00:00,70211.8,70227.5,69766.6,69926.0,281.11760515
2026-03-06 12:15:00,69925.9,70205.4,69924.5,70007.5,104.99390792
2026-03-06 12:30:00,70007.5,70049.8,69703.0,69752.2,102.24790813
2026-03-06 12:45:00,69750.1,70067.5,69666.6,69924.6,100.86816201
2026-03-06 13:00:00,69924.6,70059.8,69909.3,70002.4,134.60624627
2026-03-06 13:15:00,70002.3,70225.7,69840.6,70070.8,68.92750423
2026-03-06 13:30:00,70068.4,70346.1,69764.8,70089.9,265.0104943
2026-03-06 13:45:00,70089.8,70089.8,69221.2,69227.9,408.83494142
2026-03-06 14:00:00,69228.0,69269.0,68620.0,68827.5,535.38063611
2026-03-06 14:15:00,68827.7,69090.9,68723.4,68987.6,165.30672424
2026-03-06 14:30:00,68992.5,69090.9,68403.5,68727.5,358.85511551
2026-03-06 14:45:00,68738.0,68891.1,68171.6,68402.3,241.43752789
2026-03-06 15:00:00,68402.7,68664.5,68326.0,68628.5,205.30485706
2026-03-06 15:15:00,68631.4,69028.3,68568.5,68889.8,189.07806486
2026-03-06 15:30:00,68889.8,69100.0,68696.9,68752.9,127.11827829
2026-03-06 15:45:00,68751.1,68760.0,68300.1,68492.1,164.05471538
2026-03-06 16:00:00,68492.2,68791.6,68272.0,68333.4,104.43712178
2026-03-06 16:15:00,68333.4,68560.3,68222.1,68525.0,93.44857164
2026-03-06 16:30:00,68534.6,68668.5,68327.6,68575.9,255.97976321
2026-03-06 16:45:00,68577.4,68703.4,68321.0,68446.3,270.08672333
2026-03-06 17:00:00,68446.2,68637.4,68396.7,68398.4,55.04258238
2026-03-06 17:15:00,68403.5,68574.2,68200.0,68246.3,102.17133046
2026-03-06 17:30:00,68245.6,68297.5,67745.2,67831.6,253.89622398
2026-03-06 17:45:00,67831.6,68054.4,67823.2,67954.6,77.2906043
2026-03-06 18:00:00,67954.6,68384.3,67945.2,68329.5,73.40014169
2026-03-06 18:15:00,68332.4,68445.0,68247.8,68290.1,49.20238773
2026-03-06 18:30:00,68290.0,68469.4,68266.9,68437.7,41.07247882
2026-03-06 18:45:00,68437.8,68469.4,68148.9,68180.8,86.23228542
2026-03-06 19:00:00,68180.1,68443.4,68180.1,68439.4,36.33936452
2026-03-06 19:15:00,68439.3,68478.6,68143.4,68215.3,108.30571786
2026-03-06 19:30:00,68213.9,68312.1,68135.5,68145.5,91.80900672
2026-03-06 19:45:00,68143.9,68165.8,68003.6,68125.4,49.95812426
2026-03-06 20:00:00,68125.5,68286.8,68000.0,68012.4,73.58248154
2026-03-06 20:15:00,68014.0,68143.2,67777.0,67836.6,82.66048988
2026-03-06 20:30:00,67834.5,68070.4,67808.5,67990.6,57.26912596
2026-03-06 20:45:00,67990.6,68187.1,67980.4,68108.3,42.12298501
2026-03-06 21:00:00,68112.1,68192.2,68077.1,68143.9,50.29269398
2026-03-06 21:15:00,68144.0,68182.8,67924.4,68006.7,130.40317694
2026-03-06 21:30:00,68008.2,68240.0,67982.6,68232.1,32.07144121
2026-03-06 21:45:00,68232.1,68333.1,68185.3,68295.9,46.96300809
2026-03-06 22:00:00,68295.9,68363.5,68273.3,68297.0,27.70137087
2026-03-06 22:15:00,68296.5,68385.4,68253.5,68292.9,31.86006564
2026-03-06 22:30:00,68293.8,68414.2,68230.0,68371.1,34.42495688
2026-03-06 22:45:00,68371.1,68436.8,68302.1,68326.0,18.15701464
2026-03-06 23:00:00,68326.9,68349.6,68242.1,68326.5,56.28869294
2026-03-06 23:15:00,68326.6,68369.9,68303.5,68354.0,13.2741841
2026-03-06 23:30:00,68350.8,68350.8,68167.9,68238.7,21.23130075
2026-03-06 23:45:00,68237.0,68237.3,68100.0,68117.1,13.63120311
2026-03-07 00:00:00,68116.6,68264.0,68111.0,68215.0,16.99862245
2026-03-07 00:15:00,68215.0,68253.0,68112.9,68209.4,28.57159525
2026-03-07 00:30:00,68209.4,68386.7,68200.4,68288.0,31.17512083
2026-03-07 00:45:00,68288.1,68345.8,68280.0,68281.1,23.67022878
2026-03-07 01:00:00,68281.2,68364.0,68200.1,68234.1,13.77418119
2026-03-07 01:15:00,68238.0,68266.4,68179.0,68228.0,20.81413714
2026-03-07 01:30:00,68227.9,68276.6,68184.6,68276.6,35.51486075
2026-03-07 01:45:00,68275.9,68337.9,68252.0,68253.7,10.96739128
2026-03-07 02:00:00,68254.7,68300.0,68210.2,68234.0,23.43381582
2026-03-07 02:15:00,68241.6,68266.8,68100.0,68105.5,16.77299092
2026-03-07 02:30:00,68103.2,68191.0,68058.0,68165.0,12.22723671
2026-03-07 02:45:00,68161.4,68364.0,68153.1,68345.9,28.08297788
2026-03-07 03:00:00,68345.9,68544.8,68327.0,68520.9,38.54808516
2026-03-07 03:15:00,68520.8,68520.8,68231.4,68231.5,46.14463627
2026-03-07 03:30:00,68231.5,68273.7,68177.0,68177.1,20.33558433
2026-03-07 03:45:00,68179.6,68220.0,68100.0,68100.0,27.35137202
2026-03-07 04:00:00,68100.1,68115.0,67815.0,67948.1,97.52432199
2026-03-07 04:15:00,67948.0,68064.5,67943.0,68026.8,48.6591384
2026-03-07 04:30:00,68026.8,68152.0,67975.3,68142.1,109.45447973
2026-03-07 04:45:00,68142.1,68142.1,68064.9,68064.9,9.18778162
2026-03-07 05:00:00,68064.1,68142.8,67960.0,68011.9,21.31126354
2026-03-07 05:15:00,68012.0,68055.9,67906.1,68022.0,39.3119138
2026-03-07 05:30:00,68022.1,68099.5,67949.0,68087.9,18.19489231
2026-03-07 05:45:00,68088.0,68114.9,67980.6,68023.1,23.59708993
2026-03-07 06:00:00,68023.1,68029.9,67940.9,67954.9,36.98538655
2026-03-07 06:15:00,67954.9,67990.0,67851.1,67865.5,15.57126562
2026-03-07 06:30:00,67865.6,67930.8,67761.3,67927.1,162.90162059
2026-03-07 06:45:00,67927.0,67947.8,67588.0,67683.9,297.99959135
2026-03-07 07:00:00,67686.1,67704.1,67433.6,67634.0,382.14499428
2026-03-07 07:15:00,67634.1,67779.2,67602.6,67741.7,168.93211865
2026-03-07 07:30:00,67741.7,67811.1,67672.3,67809.0,182.59138522
2026-03-07 07:45:00,67808.9,67877.5,67775.1,67855.0,190.58533573
2026-03-07 08:00:00,67855.1,67878.1,67776.3,67877.1,35.54808258
2026-03-07 08:15:00,67877.0,68047.9,67876.7,67955.0,58.47438218
2026-03-07 08:30:00,67961.8,68023.9,67887.0,67904.1,27.64130976
2026-03-07 08:45:00,67904.1,67929.7,67726.9,67803.1,37.63721296
2026-03-07 09:00:00,67803.1,67980.3,67742.0,67980.3,17.05965896
2026-03-07 09:15:00,67980.3,68076.7,67933.1,67970.2,19.04845552
2026-03-07 09:30:00,67970.3,68034.1,67945.7,67970.4,10.81278427
2026-03-07 09:45:00,67970.6,68043.0,67967.4,68004.1,46.803216
2026-03-07 10:00:00,68004.1,68107.0,67968.0,68085.9,69.62557971
2026-03-07 10:15:00,68086.0,68087.0,67914.8,67976.0,27.71442021
2026-03-07 10:30:00,67976.9,68003.0,67905.9,67952.1,12.08249597
2026-03-07 10:45:00,67952.1,67991.8,67872.3,67884.0,10.66200866
2026-03-07 11:00:00,67884.0,68201.0,67844.1,68191.0,33.44288154
2026-03-07 11:15:00,68191.0,68236.1,68095.3,68141.2,111.64085106
2026-03-07 11:30:00,68141.2,68162.0,68050.0,68125.2,337.15175202
2026-03-07 11:45:00,68125.3,68125.3,68003.6,68003.6,16.67903225
2026-03-07 12:00:00,68003.7,68082.0,67956.0,67993.5,21.59592346
2026-03-07 12:15:00,67993.4,68067.0,67979.0,68018.1,16.78429103
2026-03-14 19:15:00,70692.6,70710.6,70658.1,70677.2,6.10731593
2026-03-14 19:30:00,70677.1,70725.3,70639.9,70725.2,3.95450945
2026-03-14 19:45:00,70725.3,70739.9,70687.4,70699.0,7.26605305
2026-03-14 20:00:00,70699.0,70710.0,70643.3,70691.5,4.915883
2026-03-14 20:15:00,70691.6,70764.1,70682.4,70731.4,7.1477178
2026-03-14 20:30:00,70731.4,70856.7,70725.3,70840.5,20.71235722
2026-03-14 20:45:00,70840.4,70853.1,70794.7,70803.8,9.21063256
2026-03-14 21:00:00,70803.8,70803.8,70650.8,70650.9,33.92702058
2026-03-14 21:15:00,70650.9,70712.3,70646.8,70686.5,9.29716239
2026-03-14 21:30:00,70686.5,70753.8,70672.0,70739.5,11.19557799
2026-03-14 21:45:00,70735.8,70826.0,70689.8,70799.9,11.01721842
2026-03-14 22:00:00,70800.2,70805.8,70710.7,70710.7,13.68051499
2026-03-14 22:15:00,70710.7,70770.0,70706.0,70734.1,11.66819331
2026-03-14 22:30:00,70734.0,70817.2,70732.3,70761.0,42.25530102
2026-03-14 22:45:00,70761.0,70761.0,70701.3,70714.1,6.9508797
2026-03-14 23:00:00,70715.0,71099.7,70715.0,71005.0,44.72682022
2026-03-14 23:15:00,71005.1,71059.0,70908.0,71031.1,18.86166487
2026-03-14 23:30:00,71031.1,71216.1,71023.4,71178.0,29.32197064
2026-03-14 23:45:00,71178.0,71250.0,71106.1,71213.5,21.16033583
2026-03-15 00:00:00,71213.5,71219.1,71027.0,71083.9,65.75936714
2026-03-15 00:15:00,71082.1,71217.0,71005.3,71065.8,87.15825037
2026-03-15 00:30:00,71062.2,71118.9,70970.1,71075.9,16.08086341
2026-03-15 00:45:00,71074.0,71075.5,70964.0,70985.3,7.11201871
2026-03-15 01:00:00,70985.2,71045.9,70891.5,70948.3,15.16488827
2026-03-15 01:15:00,70948.3,71000.0,70901.6,70932.0,6.62423575
2026-03-15 01:30:00,70932.0,70953.1,70857.0,70930.7,10.7558089
2026-03-15 01:45:00,70930.7,71038.9,70892.7,71000.1,8.5792955
2026-03-15 02:00:00,71000.1,71385.4,71000.1,71303.5,41.96878934
2026-03-15 02:15:00,71303.6,71340.0,71193.9,71269.9,16.4081878
2026-03-15 02:30:00,71269.9,71412.6,71160.6,71412.6,13.31047178
2026-03-15 02:45:00,71412.5,71630.0,71365.5,71450.1,119.9396189
2026-03-15 03:00:00,71450.1,71529.0,71413.2,71450.1,62.23633218
2026-03-15 03:15:00,71454.5,71463.9,71317.7,71331.5,44.80245627
2026-03-15 03:30:00,71331.6,71434.7,71230.0,71325.8,42.72690924
2026-03-15 03:45:00,71327.9,71360.2,71258.3,71350.9,13.78791561
2026-03-15 04:00:00,71351.0,71627.9,71321.7,71591.6,43.51398875
2026-03-15 04:15:00,71591.7,71660.0,71502.1,71537.9,29.48854586
2026-03-15 04:30:00,71537.2,71590.1,71454.1,71590.1,25.88711216
2026-03-15 04:45:00,71590.0,71590.0,71472.5,71582.5,24.57142795
2026-03-15 05:00:00,71584.0,71588.4,71466.0,71539.8,15.40758997
2026-03-15 05:15:00,71539.8,71790.7,71517.0,71632.6,59.86432567
2026-03-15 05:30:00,71632.5,71701.0,71578.2,71647.0,43.42781242
2026-03-15 05:45:00,71646.9,71658.6,71482.3,71492.3,19.82446052
2026-03-15 06:00:00,71490.1,71600.1,71483.0,71559.0,10.85530496
2026-03-15 06:15:00,71559.0,71584.0,71455.5,71468.0,21.45473555
2026-03-15 06:30:00,71468.0,71471.0,71366.5,71422.0,44.57278709
2026-03-15 06:45:00,71422.0,71486.0,71405.3,71453.6,19.00883505
2026-03-15 07:00:00,71453.7,71655.4,71419.5,71607.0,44.51467625
2026-03-15 07:15:00,71607.8,71657.1,71565.8,71572.9,27.72114704
2026-03-15 07:30:00,71572.8,71572.9,71450.5,71450.5,15.0991704
2026-03-15 07:45:00,71450.6,71461.8,71403.6,71456.7,63.6752909
2026-03-15 08:00:00,71457.0,71630.4,71457.0,71600.7,53.69338352
2026-03-15 08:15:00,71600.7,71692.3,71552.4,71587.4,21.95892512
2026-03-15 08:30:00,71587.4,71587.5,71500.0,71574.0,10.37127957
2026-03-15 08:45:00,71574.1,71718.0,71574.1,71717.9,29.13806868
2026-03-15 09:00:00,71717.9,71916.5,71708.2,71817.9,119.83470248
2026-03-15 09:15:00,71815.5,71933.3,71780.1,71843.2,29.10229978
2026-03-15 09:30:00,71843.2,71869.9,71734.5,71755.0,16.70514369
2026-03-15 09:45:00,71755.0,71834.0,71704.7,71780.3,12.95267754
2026-03-15 10:00:00,71780.3,71836.0,71717.0,71803.4,8.90901219
2026-03-15 10:15:00,71803.4,71914.8,71781.6,71861.0,18.69288564
2026-03-15 10:30:00,71860.9,71861.9,71784.0,71825.0,11.93141248
2026-03-15 10:45:00,71825.1,71825.1,71779.2,71780.1,18.12380096
2026-03-15 11:00:00,71780.1,71780.1,71679.0,71707.8,16.21483339
2026-03-15 11:15:00,71707.9,71816.1,71668.7,71697.1,35.92203095
2026-03-15 11:30:00,71697.2,71758.8,71666.6,71756.7,23.82580315
2026-03-15 11:45:00,71756.7,71890.0,71738.4,71844.0,11.68708972
2026-03-15 12:00:00,71844.0,71844.1,71700.5,71702.7,8.3345917
2026-03-15 12:15:00,71702.8,71755.2,71667.8,71710.1,10.97575692
2026-03-15 12:30:00,71710.0,71734.0,71566.7,71574.1,17.72927259
2026-03-15 12:45:00,71574.1,71665.6,71568.8,71612.9,16.0300738
2026-03-15 13:00:00,71613.0,71684.5,71263.3,71444.0,89.48728388
2026-03-15 13:15:00,71443.9,71552.4,71259.2,71521.8,94.4933651
2026-03-15 13:30:00,71521.8,71580.0,71283.1,71448.0,59.2176155
2026-03-15 13:45:00,71448.0,71611.1,71387.3,71604.9,22.57111194
2026-03-15 14:00:00,71605.0,71620.0,71521.8,71579.0,20.50599861
2026-03-15 14:15:00,71579.0,71579.0,71393.9,71454.9,26.91430349
2026-03-15 14:30:00,71454.9,71488.5,71331.5,71488.4,39.53661374
2026-03-15 14:45:00,71488.5,71689.5,71433.5,71624.3,47.2073981
2026-03-15 15:00:00,71624.3,71631.4,71501.9,71539.9,15.08285043
2026-03-15 15:15:00,71540.0,71608.0,71454.0,71470.0,45.91841598
2026-03-15 15:30:00,71470.9,71544.0,71412.0,71491.6,21.66931959
2026-03-15 15:45:00,71491.6,71515.1,71466.0,71478.1,7.52515414
2026-03-15 16:00:00,71478.1,71589.9,71453.2,71559.3,13.02221742
2026-03-15 16:15:00,71560.0,71566.1,71300.0,71399.9,48.70889443
2026-03-15 16:30:00,71400.0,71500.6,71325.7,71448.3,40.97480942
2026-03-15 16:45:00,71448.3,71468.0,71334.1,71433.0,12.50006288
2026-03-15 17:00:00,71432.9,71516.1,71408.9,71482.7,18.95701756
2026-03-15 17:15:00,71482.7,71553.6,71434.5,71517.1,18.80888418
2026-03-15 17:30:00,71517.1,71549.1,71481.5,71523.7,5.92273196
2026-03-15 17:45:00,71525.5,71999.0,71522.1,71819.0,91.13351698
2026-03-15 18:00:00,71818.1,71888.8,71706.6,71721.6,16.02186882
2026-03-15 18:15:00,71721.6,71776.7,71692.3,71728.9,15.07582512
2026-03-15 18:30:00,71729.0,71833.6,71685.1,71692.0,24.49195958
2026-03-15 18:45:00,71692.0,71710.0,71320.0,71387.3,83.9502665
2026-03-15 19:00:00,71387.3,71530.0,71339.3,71488.1,75.84115349
2026-03-15 19:15:00,71488.1,71564.8,71417.5,71519.9,28.23410351
2026-03-15 19:30:00,71519.8,71578.0,71454.3,71492.0,15.4822124
2026-03-15 19:45:00,71492.0,71560.3,71460.0,71557.1,4.87612441
2026-03-15 20:00:00,71557.1,71557.3,71502.3,71535.3,6.49252114
2026-03-15 20:15:00,71535.3,71578.0,71436.7,71486.0,6.09526725
2026-03-15 20:30:00,71486.1,71930.0,71486.1,71849.0,52.21728727
2026-03-15 20:45:00,71849.1,71884.8,71719.1,71729.1,23.75427026
2026-03-15 21:00:00,71729.1,71750.1,71588.7,71637.6,28.51870735
2026-03-15 21:15:00,71637.6,71820.3,71637.5,71762.0,35.81628002
2026-03-15 21:30:00,71762.0,72212.8,71762.0,72108.8,84.58706142
2026-03-15 21:45:00,72108.8,72222.0,72015.1,72113.6,18.88977188
2026-03-15 22:00:00,72113.5,72308.6,71769.4,71796.0,102.85786266
2026-03-15 22:15:00,71796.5,71966.6,71722.0,71933.0,36.25491535
2026-03-15 22:30:00,71934.6,72516.2,71934.6,72388.0,127.39158291
2026-03-15 22:45:00,72387.9,73073.6,72387.9,72747.1,242.00649674
2026-03-15 23:00:00,72748.0,73195.9,72729.7,72992.4,188.36212227
2026-03-15 23:15:00,72994.5,73147.2,72441.0,72476.1,154.33607683
2026-03-15 23:30:00,72476.1,72747.7,72416.8,72700.0,80.79754985
2026-03-15 23:45:00,72699.9,72820.0,72545.3,72806.8,52.91144811
2026-03-16 00:00:00,72806.9,73008.8,72710.4,72710.5,78.31095901
2026-03-16 00:15:00,72710.5,72865.9,72500.0,72500.9,32.49257169
2026-03-16 00:30:00,72500.9,72679.0,72445.2,72517.9,59.42741133
2026-03-16 00:45:00,72517.7,72662.5,72507.4,72530.0,24.00728894
2026-03-16 01:00:00,72530.0,72620.3,72268.3,72314.0,34.50583068
2026-03-16 01:15:00,72314.0,72691.6,72314.0,72647.1,43.36054761
2026-03-16 01:30:00,72647.0,72664.9,72480.1,72593.0,45.53762357
2026-03-16 01:45:00,72593.1,72857.1,72593.1,72759.7,45.73968914
2026-03-16 02:00:00,72759.7,72855.7,72666.7,72695.8,25.52329933
2026-03-16 02:15:00,72698.0,72738.5,72379.7,72452.1,55.95734323
2026-03-16 02:30:00,72452.0,72480.0,72345.0,72436.2,26.75943308
2026-03-16 02:45:00,72442.0,72600.0,72419.9,72518.6,25.43592056
2026-03-16 03:00:00,72518.6,72587.6,72439.0,72521.7,21.07557043
2026-03-16 03:15:00,72521.7,72877.0,72486.4,72850.6,49.62631359
2026-03-16 03:30:00,72850.5,74325.2,72850.5,73774.0,732.19261546
2026-03-16 03:45:00,73774.3,73868.0,73546.9,73577.1,309.46594346
2026-03-16 04:00:00,73577.1,73800.0,73577.1,73687.9,116.30416648
2026-03-16 04:15:00,73690.0,74068.6,73588.0,73611.0,172.74619662
2026-03-16 04:30:00,73610.9,73847.4,73610.9,73645.0,125.33136673
2026-03-16 04:45:00,73645.0,74464.6,73604.6,73839.0,291.05337729
2026-03-16 05:00:00,73837.0,74087.0,73733.3,73869.0,102.71581216
2026-03-16 05:15:00,73869.9,73976.9,73784.5,73912.0,57.52213939
2026-03-16 05:30:00,73912.0,74091.0,73720.0,74048.0,84.81542701
2026-03-16 05:45:00,74047.9,74250.0,74000.1,74203.9,135.06079265
2026-03-16 06:00:00,74204.0,74206.0,73592.2,73708.1,131.05200649
2026-03-16 06:15:00,73708.1,73828.8,73689.0,73717.3,59.90028587
2026-03-16 06:30:00,73717.3,73864.6,73700.1,73827.0,43.68945262
2026-03-16 06:45:00,73826.9,73834.9,73712.9,73720.4,27.91169537
2026-03-16 07:00:00,73720.5,73939.6,73660.4,73846.0,126.12233583
2026-03-16 07:15:00,73846.0,73847.5,73695.5,73828.0,133.20098808
2026-03-16 07:30:00,73828.1,73871.9,73451.2,73478.7,174.58334234
2026-03-16 07:45:00,73478.7,73524.9,73379.3,73449.0,118.63888005
2026-03-16 08:00:00,73449.0,73772.1,73449.0,73511.1,64.38860566
2026-03-16 08:15:00,73511.1,73561.0,73360.0,73360.0,61.52984121
2026-03-16 08:30:00,73360.0,73370.1,72902.4,72912.0,182.20371533
2026-03-16 08:45:00,72911.9,73202.5,72860.2,73138.5,113.84954292
2026-03-16 09:00:00,73142.8,73218.4,73059.0,73136.8,59.05207976
2026-03-16 09:15:00,73136.8,73329.9,73136.7,73275.5,35.91502054
2026-03-16 09:30:00,73275.5,73275.6,73183.5,73197.7,63.69835624
2026-03-16 09:45:00,73197.7,73333.0,73168.9,73263.5,27.6526003
2026-03-16 10:00:00,73263.5,73486.2,73263.5,73342.0,104.08995488
2026-03-16 10:15:00,73342.1,73495.0,73302.4,73438.0,22.94861694
2026-03-16 10:30:00,73438.1,73438.1,73204.8,73249.9,43.04591937
2026-03-16 10:45:00,73263.5,73784.0,73224.8,73783.4,98.23780083
2026-03-16 11:00:00,73783.5,73834.6,73610.0,73612.6,56.65299092
2026-03-16 11:15:00,73612.6,73751.2,73543.2,73560.1,30.16953355
2026-03-16 11:30:00,73560.0,73663.6,73515.3,73616.4,20.63015107
2026-03-16 11:45:00,73616.5,73673.5,73528.0,73552.6,21.68046966
2026-03-16 12:00:00,73552.6,73819.0,73446.4,73590.1,69.54377671
2026-03-16 12:15:00,73590.2,73886.5,73494.0,73872.4,102.10431359
2026-03-16 12:30:00,73871.3,74041.0,73752.0,73805.7,90.86003788
2026-03-16 12:45:00,73805.8,73871.0,73716.6,73863.3,46.75901846
2026-03-16 13:00:00,73863.4,74008.0,73837.0,73961.0,38.76927629
2026-03-16 13:15:00,73961.1,73990.0,73778.1,73897.0,40.41151372
2026-03-16 13:30:00,73897.1,74500.0,73829.2,74075.4,402.3183025
2026-03-16 13:45:00,74075.1,74412.5,73866.4,74111.2,186.13152287
2026-03-16 14:00:00,74111.3,74450.1,73960.3,74294.1,104.39797247
2026-03-16 14:15:00,74294.0,74370.0,73610.0,73616.1,164.44042425
2026-03-16 14:30:00,73616.1,73639.6,73000.0,73140.6,314.28818699
2026-03-16 14:45:00,73138.0,73588.1,73011.0,73565.8,83.77273097
2026-03-16 15:00:00,73565.8,73786.9,73326.5,73676.9,52.74394481
2026-03-16 15:15:00,73678.1,73900.0,73562.3,73839.6,174.54296059
2026-03-16 15:30:00,73839.6,74027.9,73488.5,73545.9,191.16531158
2026-03-16 15:45:00,73547.8,73606.5,73184.4,73269.1,127.7478936
2026-03-16 16:00:00,73269.1,73508.8,73158.0,73334.0,65.29833203
2026-03-16 16:15:00,73333.9,73491.9,73328.4,73403.2,106.77274528
2026-03-16 16:30:00,73403.2,73666.6,73319.6,73655.0,210.56439828
2026-03-16 16:45:00,73654.9,73907.0,73592.8,73758.9,67.97764554
2026-03-16 17:00:00,73759.0,73929.9,73691.0,73835.1,50.40617682
2026-03-16 17:15:00,73831.9,73883.0,73672.5,73683.9,49.22962251
2026-03-16 17:30:00,73684.0,73960.0,73643.1,73890.2,59.5523156
2026-03-16 17:45:00,73890.1,74057.1,73763.6,73948.1,92.11429751
2026-03-16 18:00:00,73948.1,74341.9,73908.3,74210.0,121.44046641
2026-03-16 18:15:00,74212.0,74312.9,74112.0,74249.5,61.46190877
2026-03-16 18:30:00,74252.0,74359.2,74003.7,74205.1,70.74745279
2026-03-16 18:45:00,74205.1,74205.1,73834.4,73913.6,51.24633528
2026-03-16 19:00:00,73913.6,74413.9,73787.9,74169.0,78.31816983
2026-03-16 19:15:00,74162.9,74261.9,73968.7,74112.1,38.01399146
2026-03-16 19:30:00,74109.7,74244.9,74106.2,74144.4,81.73816248
2026-03-16 19:45:00,74144.4,74150.3,73840.1,73967.2,61.69636183
2026-03-16 20:00:00,73962.2,73983.0,73845.0,73905.9,30.37029858
2026-03-16 20:15:00,73905.3,74060.8,73878.0,73975.9,24.17358107
2026-03-16 20:30:00,73975.3,74110.6,73975.3,74035.3,25.63348268
2026-03-16 20:45:00,74035.3,74239.5,74035.3,74228.9,21.45385144
2026-03-16 21:00:00,74229.0,74518.8,74146.1,74352.9,107.44509117
2026-03-16 21:15:00,74353.0,74476.1,74200.1,74270.7,49.88418973
2026-03-16 21:30:00,74270.7,74800.0,74248.8,74441.6,218.0319791
2026-03-16 21:45:00,74441.5,74623.2,74343.7,74397.8,40.02946003
2026-03-16 22:00:00,74397.9,74899.0,74374.8,74874.1,70.52958927
2026-03-16 22:15:00,74874.1,74899.0,74583.0,74653.3,66.61221114
2026-03-16 22:30:00,74653.3,74779.9,74616.1,74765.0,32.24996649
2026-03-16 22:45:00,74765.0,74867.9,74674.9,74761.1,37.05538665
2026-03-16 23:00:00,74762.0,74764.9,74250.0,74398.0,127.70763589
2026-03-16 23:15:00,74398.1,74612.6,74398.0,74612.1,31.20732463
2026-03-16 23:30:00,74612.0,74888.7,74597.5,74875.1,50.43029518
2026-03-16 23:45:00,74876.9,74934.7,74673.5,74883.5,34.27703763
2026-03-17 00:00:00,74883.6,75462.4,74615.5,75408.2,325.83776037
2026-03-17 00:15:00,75408.1,75509.0,74838.8,75079.9,172.03935007
2026-03-17 00:30:00,75080.0,75233.7,74895.9,75011.6,80.55844951
2026-03-17 00:45:00,74997.4,75330.3,74920.0,75311.0,60.5567348
2026-03-17 01:00:00,75318.2,75977.9,75071.5,75835.1,299.92075293
2026-03-17 01:15:00,75840.6,75977.7,75607.6,75928.7,134.4986546
2026-03-17 01:30:00,75928.7,76011.8,75509.0,75674.1,161.75392294
2026-03-17 01:45:00,75674.0,75769.0,75456.0,75619.0,80.31913044
2026-03-17 02:00:00,75617.1,75673.8,75125.1,75238.1,114.68210017
2026-03-17 02:15:00,75242.0,75268.7,75114.4,75164.0,37.05301276
2026-03-17 02:30:00,75165.1,75464.8,75120.0,75399.1,63.87165024
2026-03-17 02:45:00,75399.1,75424.2,75146.1,75200.2,104.54912548
2026-03-17 03:00:00,75200.3,75328.9,74934.7,74946.4,156.61260814
2026-03-17 03:15:00,74946.5,75000.0,74742.3,74832.4,110.78251054
2026-03-17 03:30:00,74837.3,74843.7,74353.0,74426.9,204.27029535
2026-03-17 03:45:00,74427.0,74529.0,74275.4,74465.6,134.5089528
2026-03-17 04:00:00,74465.7,74695.1,74435.3,74693.0,178.30260246
2026-03-17 04:15:00,74693.0,74695.7,74309.2,74429.3,125.68333862
2026-03-17 04:30:00,74429.2,74510.6,74000.1,74062.0,176.02317276
2026-03-17 04:45:00,74062.0,74299.8,74050.0,74246.3,119.41091
2026-03-17 05:00:00,74246.4,74391.3,74091.0,74289.1,74.95680731
2026-03-17 05:15:00,74290.0,74426.5,74211.5,74411.9,53.78081226
2026-03-17 05:30:00,74412.0,74468.0,73932.0,73950.4,116.85205062
2026-03-17 05:45:00,73948.4,74111.1,73793.5,74046.2,91.76124185
2026-03-17 06:00:00,74046.3,74175.0,73900.4,74153.2,78.22249601
2026-03-17 06:15:00,74153.2,74278.9,74090.0,74225.1,46.96020563
2026-03-17 06:30:00,74222.0,74285.4,73988.7,74008.7,56.91858575
2026-03-17 06:45:00,74008.7,74103.0,73956.5,74087.1,53.60255949
2026-03-17 07:00:00,74087.1,74362.6,74071.0,74325.7,67.31390116
2026-03-17 07:15:00,74325.6,74459.4,74324.0,74406.2,70.1706786
2026-03-17 07:30:00,74406.2,74406.2,74300.1,74388.6,46.09120847
2026-03-17 07:45:00,74388.6,74388.7,74222.2,74245.3,41.41952519
2026-03-17 08:00:00,74245.3,74450.0,74167.8,74228.1,62.23238223
2026-03-17 08:15:00,74228.1,74400.0,74103.6,74315.0,50.2831927
2026-03-17 08:30:00,74315.0,74449.6,74173.9,74400.0,63.11970428
2026-03-17 08:45:00,74399.9,74432.0,74147.5,74199.0,54.63273213
2026-03-17 09:00:00,74199.1,74260.4,74024.4,74051.4,40.73208096
2026-03-17 09:15:00,74051.3,74406.0,74000.6,74317.0,87.39689018
2026-03-17 09:30:00,74316.9,74328.1,74139.5,74191.4,38.97134245
2026-03-17 09:45:00,74191.3,74191.4,73850.1,73943.0,89.42233141
2026-03-17 10:00:00,73943.0,73969.6,73560.8,73679.7,206.43559193
2026-03-17 10:15:00,73680.0,73845.1,73574.2,73751.2,97.37778824
2026-03-17 10:30:00,73749.8,73792.0,73605.4,73754.0,66.83056546
2026-03-17 10:45:00,73754.0,73779.0,73650.0,73733.5,45.39195137
2026-03-17 11:00:00,73733.5,73977.0,73678.8,73931.1,96.35990692
2026-03-17 11:15:00,73933.4,74075.8,73882.8,74014.1,74.75235701
2026-03-17 11:30:00,74014.0,74133.3,73942.1,74116.9,56.91210948
2026-03-17 11:45:00,74115.1,74211.5,74013.3,74034.4,49.89795599
2026-03-17 12:00:00,74034.1,74174.6,74014.0,74063.1,45.34510409
2026-03-17 12:15:00,74063.1,74149.0,73786.0,73801.1,89.85722673
2026-03-17 12:30:00,73801.0,73919.2,73700.0,73841.6,39.7299836
2026-03-17 12:45:00,73843.4,73844.4,73652.1,73747.6,65.51003161
2026-03-17 13:00:00,73747.6,73848.0,73690.6,73840.9,22.09992585
2026-03-17 13:15:00,73840.9,73875.0,73663.3,73710.1,43.49214794
2026-03-17 13:30:00,73710.2,74173.6,73685.1,73728.4,179.65872556
2026-03-17 13:45:00,73728.4,73877.5,73389.0,73621.0,190.33116486
2026-03-17 14:00:00,73621.0,73803.7,73431.1,73731.2,51.35344498
2026-03-17 14:15:00,73731.2,73936.1,73536.1,73894.2,68.26355621
2026-03-17 14:30:00,73896.3,74291.4,73891.1,74243.5,138.68618344
2026-03-17 14:45:00,74243.5,74417.1,74105.0,74382.5,115.78809292
2026-03-17 15:00:00,74384.0,74883.0,74080.2,74115.9,283.71422696
2026-03-17 15:15:00,74115.9,74296.5,73981.1,74045.2,75.73768567
2026-03-17 15:30:00,74045.2,74149.3,73669.8,73903.3,99.89906829
2026-03-17 15:45:00,73903.3,74056.4,73715.7,73917.4,68.55449492
2026-03-17 16:00:00,73915.5,74152.9,73862.0,73975.1,82.81287819
2026-03-17 16:15:00,73975.1,74346.6,73946.4,74209.1,94.35476528
2026-03-17 16:30:00,74209.1,74247.8,73986.9,74133.9,64.46729901
2026-03-17 16:45:00,74134.0,74263.6,74006.1,74157.0,23.67986772
2026-03-17 17:00:00,74157.0,74310.9,73997.4,74206.7,60.68798015
2026-03-17 17:15:00,74206.8,74443.1,74162.0,74284.2,64.91045907
2026-03-17 17:30:00,74284.1,74484.9,74209.7,74419.0,90.01686935
2026-03-17 17:45:00,74419.0,74594.1,74357.2,74523.9,65.69060785
2026-03-17 18:00:00,74524.0,74673.7,74448.0,74591.8,65.00560674
2026-03-17 18:15:00,74591.7,74655.9,74384.9,74415.0,41.95812957
2026-03-17 18:30:00,74415.0,74722.0,74411.0,74618.7,41.47015202
2026-03-17 18:45:00,74618.7,74765.8,74569.7,74683.0,22.48412764
2026-03-17 19:00:00,74683.1,74800.0,74634.0,74742.7,28.60044532
2026-03-17 19:15:00,74742.7,74799.9,74536.6,74631.1,68.45209391
2026-03-17 19:30:00,74631.1,74774.1,74526.9,74674.7,20.9572386
2026-03-17 19:45:00,74674.7,74693.0,74433.3,74515.1,34.17158253
2026-03-17 20:00:00,74515.1,74519.8,74368.8,74374.1,22.93564293
2026-03-17 20:15:00,74374.0,74685.9,74374.0,74659.9,14.43373711
2026-03-17 20:30:00,74660.0,74660.0,74505.0,74552.4,22.5499844
2026-03-17 20:45:00,74562.4,74591.4,74489.0,74516.0,14.99099263
2026-03-17 21:00:00,74515.9,74798.0,74465.0,74713.9,35.42604259
2026-03-17 21:15:00,74712.0,74730.0,74568.9,74569.0,17.63130952
2026-03-17 21:30:00,74569.0,74800.0,74500.0,74742.7,22.32979626
2026-03-17 21:45:00,74742.6,74800.0,74645.1,74688.9,8.71602081
2026-03-17 22:00:00,74688.8,74775.8,74558.0,74580.3,17.47906393
2026-03-25 05:00:00,70973.9,71344.0,70937.5,71248.0,132.62626735
2026-03-25 05:15:00,71248.0,71257.0,71053.0,71197.8,55.7031157
2026-03-25 05:30:00,71197.9,71252.0,71108.6,71222.2,33.35746959
2026-03-25 05:45:00,71222.3,71247.0,71075.0,71119.8,35.66424263
2026-03-25 06:00:00,71119.8,71160.9,70997.6,71081.0,52.13485895
2026-03-25 06:15:00,71081.0,71262.0,71081.0,71236.1,47.88044139
2026-03-25 06:30:00,71238.9,71257.2,71165.0,71192.4,48.65656743
2026-03-25 06:45:00,71193.8,71220.0,70982.5,70987.9,49.67137344
2026-03-25 07:00:00,70988.3,71147.1,70953.4,71141.0,39.13474946
2026-03-25 07:15:00,71141.1,71151.7,71041.2,71065.9,22.09821316
2026-03-25 07:30:00,71066.0,71266.6,71025.0,71055.0,74.53189452
2026-03-25 07:45:00,71055.0,71077.0,70885.5,70931.3,130.29565031
2026-03-25 08:00:00,70931.3,71018.1,70800.0,70809.9,99.03148019
2026-03-25 08:15:00,70810.0,71251.9,70810.0,71190.6,103.040919
2026-03-25 08:30:00,71190.6,71499.9,71183.2,71469.8,232.43104604
2026-03-25 08:45:00,71469.7,71469.8,71212.3,71239.5,36.52333626
2026-03-25 09:00:00,71239.5,71373.0,71223.2,71320.5,35.69868933
2026-03-25 09:15:00,71320.5,71392.7,71153.8,71260.0,44.62730108
2026-03-25 09:30:00,71260.0,71323.2,71226.7,71260.0,40.75840357
2026-03-25 09:45:00,71259.9,71409.3,71093.6,71335.7,56.41813672
2026-03-25 10:00:00,71339.0,71446.8,71285.8,71414.6,65.73609877
2026-03-25 10:15:00,71414.6,71485.2,71367.9,71408.9,28.03997825
2026-03-25 10:30:00,71403.7,71431.1,71314.9,71431.0,14.57801228
2026-03-25 10:45:00,71431.0,71645.3,71431.0,71490.4,129.82703454
2026-03-25 11:00:00,71490.5,71600.0,71464.5,71595.3,42.9610877
2026-03-25 11:15:00,71595.3,71934.3,71595.3,71869.2,139.79619522
2026-03-25 11:30:00,71869.1,72012.0,71767.5,71805.8,287.19717665
2026-03-25 11:45:00,71805.7,71815.0,71520.0,71677.3,118.16539785
2026-03-25 12:00:00,71677.4,71842.0,71677.4,71748.3,47.62410527
2026-03-25 12:15:00,71748.3,71752.1,71104.0,71336.6,275.75026704
2026-03-25 12:30:00,71336.6,71475.0,71180.5,71362.1,85.66172122
2026-03-25 12:45:00,71362.1,71961.2,71279.9,71723.8,134.53767025
2026-03-25 13:00:00,71716.8,71855.0,71640.3,71701.9,69.92837819
2026-03-25 13:15:00,71701.8,71708.6,71579.1,71626.2,56.64771344
2026-03-25 13:30:00,71624.4,71961.5,71616.9,71723.5,118.97133847
2026-03-25 13:45:00,71723.5,71829.7,71510.1,71576.6,101.73106511
2026-03-25 14:00:00,71576.7,71691.4,71282.1,71387.6,133.07136235
2026-03-25 14:15:00,71387.7,71530.1,71258.1,71363.5,85.44034565
2026-03-25 14:30:00,71365.1,71558.8,71305.2,71357.8,27.40962098
2026-03-25 14:45:00,71357.8,71444.3,71235.5,71236.5,67.70990791
2026-03-25 15:00:00,71236.5,71304.3,70736.1,70823.0,129.93734954
2026-03-25 15:15:00,70819.2,71023.9,70575.1,71013.1,137.79858799
2026-03-25 15:30:00,71013.2,71095.9,70812.9,70888.8,43.61496494
2026-03-25 15:45:00,70889.2,70956.4,70776.5,70831.5,40.36510033
2026-03-25 16:00:00,70831.1,70985.1,70711.1,70870.7,70.39282762
2026-03-25 16:15:00,70870.7,71760.2,70824.1,71498.7,201.57510271
2026-03-25 16:30:00,71498.7,71633.1,71382.7,71467.4,53.45232379
2026-03-25 16:45:00,71466.8,71474.4,71246.1,71319.8,39.17820618
2026-03-25 17:00:00,71319.9,71391.8,71101.7,71147.1,33.44044586
2026-03-25 17:15:00,71147.2,71201.9,70960.0,71069.1,32.82031719
2026-03-25 17:30:00,71068.3,71068.3,70841.1,70910.2,29.94933366
2026-03-25 17:45:00,70910.1,70979.8,70722.0,70779.8,67.10445665
2026-03-25 18:00:00,70779.9,70944.0,70749.1,70927.1,58.49296065
2026-03-25 18:15:00,70927.2,71153.8,70927.1,70971.8,36.99604753
2026-03-25 18:30:00,70971.8,71015.1,70800.1,70854.2,16.92140106
2026-03-25 18:45:00,70854.1,70979.5,70681.8,70816.7,23.95971553
2026-03-25 19:00:00,70816.8,71011.0,70778.8,70847.6,39.46124354
2026-03-25 19:15:00,70847.5,70983.4,70829.7,70964.2,16.18116095
2026-03-25 19:30:00,70964.0,71093.6,70858.4,70938.7,30.44660449
2026-03-25 19:45:00,70938.7,71000.6,70780.4,70879.9,41.85037842
2026-03-25 20:00:00,70880.8,70923.8,70681.8,70739.3,53.23988412
2026-03-25 20:15:00,70739.4,70800.9,70647.1,70716.9,29.93471924
2026-03-25 20:30:00,70716.9,70952.0,70710.2,70952.0,21.0551113
2026-03-25 20:45:00,70952.1,71064.6,70894.8,71003.1,35.73935534
2026-03-25 21:00:00,71003.7,71182.3,70956.5,71159.9,28.06652259
2026-03-25 21:15:00,71160.0,71174.6,70947.5,70979.1,48.03635591
2026-03-25 21:30:00,70979.2,71099.7,70964.4,71058.0,15.17708989
2026-03-25 21:45:00,71058.1,71100.8,70963.2,71031.2,10.56499705
2026-03-25 22:00:00,71031.3,71133.0,70959.6,70994.6,28.88263498
2026-03-25 22:15:00,70994.6,71086.9,70943.5,71037.0,7.81054395
2026-03-25 22:30:00,71037.0,71609.2,71025.2,71380.0,140.51596552
2026-03-25 22:45:00,71381.0,71464.2,71316.0,71375.5,21.39176209
2026-03-25 23:00:00,71374.1,71463.1,71323.0,71323.0,24.94380114
2026-03-25 23:15:00,71323.0,71430.0,71235.5,71365.0,27.63668135
2026-03-25 23:30:00,71365.0,71388.1,71200.0,71220.5,28.0751277
2026-03-25 23:45:00,71220.9,71380.0,71188.7,71334.9,18.00717645
2026-03-26 00:00:00,71334.9,71376.0,71195.0,71250.6,39.8530272
2026-03-26 00:15:00,71253.8,71380.8,71234.1,71303.7,28.99613949
2026-03-26 00:30:00,71303.7,71400.0,71276.3,71355.6,14.71553641
2026-03-26 00:45:00,71355.6,71440.9,71142.8,71303.4,48.37719178
2026-03-26 01:00:00,71303.5,71381.6,71186.2,71269.0,13.44795459
2026-03-26 01:15:00,71269.0,71375.5,71158.1,71315.5,19.14915964
2026-03-26 01:30:00,71315.4,71358.0,71236.2,71255.9,19.73929641
2026-03-26 01:45:00,71254.0,71298.9,71178.5,71250.1,21.41062537
2026-03-26 02:00:00,71250.1,71287.0,71049.9,71092.9,28.43746393
2026-03-26 02:15:00,71093.0,71095.7,70894.1,70901.1,36.29387203
2026-03-26 02:30:00,70901.0,70908.9,70685.1,70870.0,89.46773671
2026-03-26 02:45:00,70869.9,70927.0,70840.2,70893.1,89.38927776
2026-03-26 03:00:00,70893.1,70977.0,70759.2,70976.9,18.96618541
2026-03-26 03:15:00,70977.0,70977.0,70689.2,70713.9,28.0839322
2026-03-26 03:30:00,70714.0,70900.0,70714.0,70863.2,24.98653207
2026-03-26 03:45:00,70863.2,70913.4,70797.1,70907.1,11.31141003
2026-03-26 04:00:00,70913.3,70913.3,70741.0,70752.0,13.94063895
2026-03-26 04:15:00,70752.1,70872.9,70717.0,70865.5,12.02337684
2026-03-26 04:30:00,70865.5,70896.0,70823.7,70840.2,21.60398332
2026-03-26 04:45:00,70840.3,70881.0,70760.0,70772.0,16.86251472
2026-03-26 05:00:00,70772.1,70801.9,70489.1,70566.9,205.4838679
2026-03-26 05:15:00,70566.9,70643.9,70518.0,70580.9,51.77202396
2026-03-26 05:30:00,70581.0,70639.9,70300.0,70317.2,107.82143538
2026-03-26 05:45:00,70318.0,70380.1,69956.9,70023.1,159.98696755
2026-03-26 06:00:00,70023.0,70145.3,69868.0,70074.4,79.59795767
2026-03-26 06:15:00,70076.3,70145.3,69913.0,70067.0,61.35379433
2026-03-26 06:30:00,70067.0,70107.0,69990.0,70000.0,22.16064676
2026-03-26 06:45:00,70000.0,70163.2,70000.0,70109.2,36.86881414
2026-03-26 07:00:00,70099.2,70173.9,70024.1,70052.0,45.83827888
2026-03-26 07:15:00,70054.8,70099.9,69905.0,69970.1,37.64282226
2026-03-26 07:30:00,69970.1,70110.7,69812.7,70074.7,89.32607865
2026-03-26 07:45:00,70074.6,70168.0,70057.1,70092.1,67.82721189
2026-03-26 08:00:00,70092.1,70138.4,69897.5,69922.9,55.87880749
2026-03-26 08:15:00,69924.9,70013.0,69813.4,69817.1,57.59655174
2026-03-26 08:30:00,69817.1,69952.3,69805.0,69939.0,65.6597768
2026-03-26 08:45:00,69942.5,70049.8,69900.1,70030.0,55.1034866
2026-03-26 09:00:00,70030.1,70145.5,69934.6,70033.9,62.58866447
2026-03-26 09:15:00,70035.0,70049.3,69879.5,70039.1,267.55205093
2026-03-26 09:30:00,70039.0,70039.0,69431.9,69510.1,254.00039098
2026-03-26 09:45:00,69510.1,69616.0,69410.1,69581.1,50.54624237
2026-03-26 10:00:00,69581.1,69641.9,69507.1,69585.0,188.05425712
2026-03-26 10:15:00,69587.1,69724.0,69585.1,69661.1,42.74607049
2026-03-26 10:30:00,69661.1,69661.1,69505.1,69547.0,31.57592703
2026-03-26 10:45:00,69547.1,69577.1,69460.0,69518.6,36.94867065
2026-03-26 11:00:00,69518.7,69661.0,69437.3,69567.0,22.93252287
2026-03-26 11:15:00,69566.9,69583.5,69193.0,69319.1,105.03811877
2026-03-26 11:30:00,69320.1,69460.0,69310.5,69395.0,34.47316527
2026-03-26 11:45:00,69395.1,69439.9,69275.0,69282.0,34.35228114
2026-03-26 12:00:00,69282.0,69417.4,69232.1,69380.7,47.79939947
2026-03-26 12:15:00,69381.0,69436.2,69340.1,69431.1,20.63879153
2026-03-26 12:30:00,69431.1,69464.1,69245.9,69370.1,33.21650431
2026-03-26 12:45:00,69370.1,69467.0,69370.1,69438.3,26.18920087
2026-03-26 13:00:00,69438.4,69557.1,69420.0,69492.2,43.1128831
2026-03-26 13:15:00,69492.2,69535.5,69384.5,69410.1,25.61382857
2026-03-26 13:30:00,69410.0,69556.0,69220.0,69553.2,65.19905439
2026-03-26 13:45:00,69555.9,69883.9,69505.8,69651.0,234.48193205
2026-03-26 14:00:00,69651.1,69853.2,69525.1,69610.7,91.84520058
2026-03-26 14:15:00,69610.7,69722.8,69414.1,69615.0,43.59824468
2026-03-26 14:30:00,69615.1,69783.9,69496.5,69513.6,38.90266981
2026-03-26 14:45:00,69515.9,69565.1,69255.1,69491.8,80.36701926
2026-03-26 15:00:00,69486.4,69504.6,68915.0,68951.4,208.4082571
2026-03-26 15:15:00,68955.9,69087.0,68616.7,69034.0,341.80143474
2026-03-26 15:30:00,69031.1,69078.2,68909.6,68997.0,58.17652971
2026-03-26 15:45:00,68999.4,69229.0,68988.0,69090.0,80.66890468
2026-03-26 16:00:00,69086.3,69086.3,68952.3,69026.9,59.85281435
2026-03-26 16:15:00,69026.9,69076.0,68859.2,68888.0,80.89109682
2026-03-26 16:30:00,68888.0,69012.9,68827.0,68921.7,40.08824448
2026-03-26 16:45:00,68922.9,68985.0,68853.1,68933.1,14.49843804
2026-03-26 17:00:00,68933.2,69051.0,68904.9,68919.5,26.52352794
2026-03-26 17:15:00,68919.5,69088.8,68910.2,69088.8,26.35812137
2026-03-26 17:30:00,69089.0,69166.6,68936.2,68957.1,45.47373368
2026-03-26 17:45:00,68957.0,68963.7,68380.1,68488.1,278.23017487
2026-03-26 18:00:00,68489.0,68612.0,68314.4,68456.9,186.06406399
2026-03-26 18:15:00,68457.0,68457.0,68153.3,68203.1,120.0405605
2026-03-26 18:30:00,68203.0,68358.7,68187.0,68330.0,144.87438061
2026-03-26 18:45:00,68329.9,68495.8,68302.1,68495.8,54.89317292
2026-03-26 19:00:00,68495.8,68520.0,68393.0,68452.0,31.44768574
2026-03-26 19:15:00,68452.7,68576.8,68385.0,68438.0,30.4075055
2026-03-26 19:30:00,68438.0,68677.9,68361.1,68630.5,70.40241338
2026-03-26 19:45:00,68630.4,68681.6,68494.0,68533.0,58.64025076
2026-03-26 20:00:00,68534.9,69485.2,68424.3,69200.0,358.21483031
2026-03-26 20:15:00,69196.6,69347.8,69072.9,69175.3,90.24731049
2026-03-26 20:30:00,69175.7,69299.0,69082.1,69164.0,48.28619817
2026-03-26 20:45:00,69164.0,69225.1,68929.7,69004.0,43.75668501
2026-03-26 21:00:00,69004.1,69010.9,68880.0,68919.0,28.50600218
2026-03-26 21:15:00,68914.9,69200.0,68884.0,69093.1,36.94366124
2026-03-26 21:30:00,69093.0,69135.6,68972.8,69031.0,36.83416998
2026-03-26 21:45:00,69031.0,69035.3,68906.9,68928.0,18.70634065
2026-03-26 22:00:00,68928.0,69030.0,68866.6,68963.3,27.32324907
2026-03-26 22:15:00,68963.4,68988.0,68606.1,68756.1,80.54859408
2026-03-26 22:30:00,68756.1,68831.9,68706.9,68799.0,23.60258004
2026-03-26 22:45:00,68799.0,68893.9,68774.5,68893.9,25.28763614
2026-03-26 23:00:00,68894.2,69011.2,68785.0,68818.0,33.71852679
2026-03-26 23:15:00,68819.0,68850.0,68640.0,68736.8,31.04323221
2026-03-26 23:30:00,68737.9,68793.3,68653.0,68755.9,52.76317455
2026-03-26 23:45:00,68756.0,68850.0,68742.0,68827.2,9.26141172
2026-03-27 00:00:00,68827.2,68970.4,68707.5,68932.1,66.83237275
2026-03-27 00:15:00,68932.0,68962.8,68732.9,68733.0,36.02448628
2026-03-27 00:30:00,68733.1,68787.9,68534.8,68721.0,39.57642288
2026-03-27 00:45:00,68718.1,68790.9,68607.7,68785.0,19.58657046
2026-03-27 01:00:00,68785.1,68887.9,68702.1,68865.7,22.63988727
2026-03-27 01:15:00,68865.8,68954.9,68828.1,68917.0,29.87081475
2026-03-27 01:30:00,68916.9,68942.2,68846.2,68906.9,29.52767651
2026-03-27 01:45:00,68907.0,69069.8,68876.0,69054.5,22.66827159
2026-03-27 02:00:00,69054.9,69185.6,69050.0,69061.8,35.49430812
2026-03-27 02:15:00,69060.0,69060.0,68956.1,69030.0,32.04930934
2026-03-27 02:30:00,69030.5,69081.0,68869.0,68926.9,28.85926559
2026-03-27 02:45:00,68927.0,68984.7,68880.1,68909.0,17.24794107
2026-03-27 03:00:00,68909.0,68927.0,68682.4,68758.1,69.47652207
2026-03-27 03:15:00,68758.1,68849.4,68727.0,68837.1,18.58596171
2026-03-27 03:30:00,68837.1,68914.6,68806.9,68871.1,18.95372128
2026-03-27 03:45:00,68872.0,68872.0,68769.1,68770.2,8.16991219
2026-03-27 04:00:00,68770.2,68801.3,68307.0,68409.5,138.05053706
2026-03-27 04:15:00,68409.5,68570.0,68395.0,68535.0,36.00283508
2026-03-27 04:30:00,68535.0,68626.2,68509.1,68586.9,35.6867118
2026-03-27 04:45:00,68587.0,68634.0,68565.1,68581.5,19.30596831
2026-03-27 05:00:00,68581.1,68819.9,68553.9,68810.9,48.79576987
2026-03-27 05:15:00,68811.0,68860.0,68591.4,68604.0,28.18297667
2026-03-27 05:30:00,68603.9,68703.0,68515.0,68605.1,25.13010568
2026-03-27 05:45:00,68605.0,68635.6,68565.0,68625.1,19.79159339
2026-03-27 06:00:00,68625.1,68758.6,68570.6,68754.9,16.94857144
2026-03-27 06:15:00,68755.9,68851.7,68717.0,68797.0,24.18254456
2026-03-27 06:30:00,68797.0,68835.4,68740.0,68742.1,19.17503664
2026-03-27 06:45:00,68742.0,68744.1,68644.0,68661.0,25.65965899
2026-03-27 07:00:00,68661.1,68915.0,68610.0,68861.1,31.0631653
2026-03-27 07:15:00,68861.7,68964.0,68810.1,68929.0,32.45660365
2026-03-27 07:30:00,68929.1,68948.9,68542.2,68590.1,176.00029466
2026-03-27 07:45:00,68590.0,68633.9,68446.2,68529.1,234.34113192
2026-03-27 08:00:00,68534.3,68626.8,68457.2,68467.9,55.96172142
2026-03-27 08:15:00,68467.9,68516.8,68228.1,68239.0,85.4406007
2026-03-27 08:30:00,68239.0,68305.6,67614.1,67827.4,370.60137365
2026-03-27 08:45:00,67825.1,68060.0,67768.8,67918.1,117.80925722
2026-03-27 09:00:00,67917.2,67944.0,67552.1,67750.2,111.32933693
2026-03-27 09:15:00,67753.0,67950.7,67751.0,67950.1,61.32587721
2026-03-27 09:30:00,67950.1,67950.1,67705.5,67723.2,53.90070064
2026-03-27 09:45:00,67723.1,67882.2,67680.0,67692.1,61.9630591
2026-03-27 10:00:00,67692.2,67769.9,67592.5,67666.7,99.10410198
2026-03-27 10:15:00,67666.8,67781.0,67655.8,67769.0,70.2168943
2026-03-27 10:30:00,67769.0,67778.0,66805.5,66896.1,693.83205364
2026-03-27 10:45:00,66896.1,66945.1,66300.1,66499.2,462.72449992
2026-03-27 11:00:00,66499.3,66630.7,66229.4,66620.0,235.61363348
2026-03-27 11:15:00,66620.1,66740.5,66597.8,66720.0,133.43496637
2026-03-27 11:30:00,66720.0,66780.0,66654.0,66765.1,86.35075616
2026-03-27 11:45:00,66765.2,66851.0,66678.0,66707.9,74.03941138
2026-03-27 12:00:00,66707.9,66776.0,66609.7,66644.0,97.67415248
2026-03-27 12:15:00,66644.0,66728.6,66525.1,66539.1,84.34356557
2026-03-27 12:30:00,66539.0,66639.0,66428.9,66622.6,137.70286377
2026-03-27 12:45:00,66623.5,66685.9,66475.1,66610.1,88.29229887
2026-03-27 13:00:00,66610.1,66724.0,66511.1,66526.9,113.19911031
2026-03-27 13:15:00,66527.0,66716.9,66479.3,66688.7,85.57950535
2026-03-27 13:30:00,66688.7,66730.3,66130.2,66490.1,668.70972477
2026-03-27 13:45:00,66490.1,66550.0,66000.0,66169.1,494.89587053
2026-03-27 14:00:00,66169.0,66392.3,66070.0,66340.7,203.7615573
2026-03-27 14:15:00,66340.5,66360.8,65714.2,65730.0,404.98540677
2026-03-27 14:30:00,65730.0,65998.3,65723.1,65894.9,120.32515112
2026-03-27 14:45:00,65894.9,66244.8,65774.1,66189.9,117.63182351
2026-03-27 15:00:00,66190.0,66286.0,66080.6,66231.1,193.26875622
2026-03-27 15:15:00,66231.1,66460.7,65962.6,66325.9,303.65929522
2026-03-27 15:30:00,66325.9,66631.4,66281.0,66391.1,273.59716779
2026-03-27 15:45:00,66391.3,66462.7,66088.0,66102.0,193.18810835
2026-03-27 16:00:00,66102.0,66110.0,65799.1,65971.1,153.06346371
2026-03-27 16:15:00,65971.1,66099.8,65812.1,65959.0,120.12353441
2026-03-27 16:30:00,65958.9,66032.6,65815.0,66017.2,61.830644
2026-03-27 16:45:00,66017.1,66185.1,65848.4,65980.1,88.87345554
2026-03-27 17:00:00,65980.0,66297.2,65937.1,66210.1,78.75336037
2026-03-27 17:15:00,66212.0,66280.9,65870.0,65870.1,71.21823303
2026-03-27 17:30:00,65870.0,65931.2,65576.4,65632.1,96.69180829
2026-03-27 17:45:00,65632.0,65744.9,65600.6,65635.3,82.01422237
2026-03-27 18:00:00,65635.3,65793.9,65600.0,65627.0,53.74288438
2026-03-27 18:15:00,65627.0,65860.0,65559.6,65765.1,57.56226345
2026-03-27 18:30:00,65765.1,65881.4,65730.4,65805.2,58.59003911
2026-03-27 18:45:00,65805.2,65957.0,65799.7,65840.0,83.44096197
2026-03-27 19:00:00,65840.1,65854.9,65694.1,65780.0,56.01079027
2026-03-27 19:15:00,65779.9,65944.9,65732.9,65926.0,79.2835266
2026-03-27 19:30:00,65926.0,66035.0,65869.0,65933.9,56.19509939
2026-03-27 19:45:00,65933.9,66153.7,65880.0,66033.6,211.9927978
2026-03-27 20:00:00,66033.6,66157.7,66000.0,66001.1,86.77987914
2026-03-27 20:15:00,66001.1,66088.2,65815.3,65898.2,44.2174361
2026-03-27 20:30:00,65898.1,65955.0,65825.6,65895.0,19.15797481
2026-03-27 20:45:00,65895.0,66098.9,65884.0,66022.4,47.14977444
2026-03-27 21:00:00,66022.9,66188.2,66015.4,66150.0,43.33739145
2026-03-27 21:15:00,66150.0,66173.0,66110.0,66153.0,20.07463289
2026-03-27 21:30:00,66153.0,66177.6,66041.1,66124.7,24.3689723
2026-03-27 21:45:00,66132.1,66138.7,66029.8,66083.6,16.11347442
2026-03-27 22:00:00,66084.7,66095.9,65954.0,66009.8,18.73148069
2026-03-27 22:15:00,66009.7,66027.0,65940.0,66018.8,28.21155228
2026-03-27 22:30:00,66018.0,66059.5,65919.1,66045.0,16.5277935
2026-03-27 22:45:00,66044.9,66080.4,66020.0,66028.0,9.35883565
2026-03-27 23:00:00,66028.0,66099.7,65972.1,66098.4,10.37806859
2026-03-27 23:15:00,66098.4,66220.0,66068.1,66191.3,15.67763391
2026-03-27 23:30:00,66190.8,66290.6,66167.8,66290.1,25.02521549
2026-03-27 23:45:00,66290.6,66420.0,66290.6,66403.9,40.75819184
2026-03-28 00:00:00,66403.9,66474.9,66294.7,66307.0,53.03880618
2026-03-28 00:15:00,66308.0,66398.6,66308.0,66375.1,25.15576688
2026-03-28 00:30:00,66375.2,66525.5,66375.2,66495.0,42.16986577
2026-03-28 00:45:00,66494.9,66496.9,66415.0,66433.1,27.67097208
2026-03-28 01:00:00,66433.1,66433.9,66115.6,66154.1,60.71517194
2026-03-28 01:15:00,66154.8,66288.0,66154.1,66226.0,23.11539004
2026-03-28 01:30:00,66226.1,66291.0,66062.3,66142.0,36.81815752
2026-03-28 01:45:00,66141.9,66195.1,66104.6,66181.7,41.97030838
2026-03-28 02:00:00,66181.7,66251.4,66160.0,66201.9,28.76600742
2026-03-28 02:15:00,66201.9,66230.0,66021.7,66052.0,22.46553166
2026-03-28 02:30:00,66052.1,66078.0,65933.2,66038.0,38.93673275
2026-03-28 02:45:00,66038.0,66073.0,65976.6,66055.0,20.04329366
2026-03-28 03:00:00,66055.0,66171.4,66055.0,66127.9,39.10443376
2026-03-28 03:15:00,66128.0,66198.9,66128.0,66172.9,19.31056183
2026-03-28 03:30:00,66172.9,66246.0,66146.1,66235.1,22.04383479
2026-03-28 03:45:00,66235.0,66249.3,66185.0,66235.3,25.94768861
2026-03-28 04:00:00,66235.3,66237.0,66110.4,66122.1,21.89322389
2026-03-28 04:15:00,66123.0,66305.3,66123.0,66271.3,53.84028975
2026-03-28 04:30:00,66272.0,66296.0,66251.0,66284.0,18.31691653
2026-03-28 04:45:00,66285.4,66303.0,66230.7,66280.3,15.88057207
2026-03-28 05:00:00,66280.3,66300.8,66202.1,66253.0,16.40554695
2026-03-28 05:15:00,66253.0,66392.3,66226.9,66346.1,23.58834646
2026-03-28 05:30:00,66346.1,66369.3,66288.0,66336.8,10.65716486
2026-03-28 05:45:00,66336.7,66368.9,66322.4,66348.3,22.07147279
2026-03-28 06:00:00,66348.3,66409.6,66308.0,66367.9,19.42008599
2026-03-28 06:15:00,66368.0,66498.1,66363.0,66467.3,53.90622843
2026-03-28 06:30:00,66467.3,66486.2,66430.0,66436.1,138.7293123
2026-03-28 06:45:00,66436.1,66460.6,66363.1,66392.7,70.11319841
2026-03-28 07:00:00,66392.7,66465.2,66385.0,66444.1,15.67008518
2026-03-28 07:15:00,66444.1,66487.0,66418.2,66470.1,22.77941998
2026-03-28 07:30:00,66470.0,66475.9,66439.0,66458.0,148.97533829
2026-03-28 07:45:00,66458.0,66576.9,66452.0,66570.1,110.22745861
2026-04-04 14:45:00,67104.5,67210.0,67104.5,67209.6,12.04484803
2026-04-04 15:00:00,67209.6,67545.7,67177.3,67381.9,108.53523346
2026-04-04 15:15:00,67381.9,67473.3,67292.9,67329.5,47.57503666
2026-04-04 15:30:00,67329.6,67354.9,67272.6,67327.0,20.21731042
2026-04-04 15:45:00,67326.7,67393.3,67292.0,67379.4,13.17111942
2026-04-04 16:00:00,67379.5,67400.0,67325.7,67332.3,20.7271763
2026-04-04 16:15:00,67341.6,67479.2,67320.6,67440.4,28.55984013
2026-04-04 16:30:00,67440.4,67511.4,67380.5,67511.4,32.88534294
2026-04-04 16:45:00,67511.6,67517.7,67351.8,67355.6,34.86515001
2026-04-04 17:00:00,67363.0,67380.6,67283.4,67380.6,12.98590292
2026-04-04 17:15:00,67380.5,67497.0,67347.1,67396.3,103.97842236
2026-04-04 17:30:00,67396.2,67406.9,67323.1,67323.2,4.05068993
2026-04-04 17:45:00,67323.2,67355.4,67320.2,67340.5,7.22721842
2026-04-04 18:00:00,67337.7,67348.5,67299.0,67336.3,13.68147644
2026-04-04 18:15:00,67336.2,67387.4,67331.1,67331.2,10.02008816
2026-04-04 18:30:00,67331.2,67335.4,67285.4,67285.4,18.59986686
2026-04-04 18:45:00,67285.5,67329.7,67265.2,67296.9,13.06346988
2026-04-04 19:00:00,67297.0,67500.0,67297.0,67496.8,22.62128732
2026-04-04 19:15:00,67496.5,67544.6,67361.2,67364.5,30.53968802
2026-04-04 19:30:00,67364.5,67373.6,67287.7,67303.3,10.85470707
2026-04-04 19:45:00,67303.3,67330.9,67273.6,67288.9,4.82092642
2026-04-04 20:00:00,67288.9,67289.0,67182.1,67230.2,14.27262323
2026-04-04 20:15:00,67230.2,67279.3,67230.2,67266.4,4.33425287
2026-04-04 20:30:00,67266.4,67298.5,67248.8,67263.8,4.80923232
2026-04-04 20:45:00,67262.3,67303.0,67253.5,67270.6,16.07456589
2026-04-04 21:00:00,67270.6,67292.4,67213.5,67239.3,17.17181362
2026-04-04 21:15:00,67239.4,67287.2,67239.3,67274.7,5.91742627
2026-04-04 21:30:00,67274.8,67325.6,67259.1,67304.8,12.00588323
2026-04-04 21:45:00,67304.9,67478.8,67304.8,67352.8,18.52430741
2026-04-04 22:00:00,67352.9,67389.6,67338.6,67387.2,10.69483607
2026-04-04 22:15:00,67388.1,67449.5,67378.4,67423.7,5.56478031
2026-04-04 22:30:00,67423.7,67467.1,67384.4,67467.1,13.21900881
2026-04-04 22:45:00,67467.2,67467.2,67370.1,67398.4,10.55473008
2026-04-04 23:00:00,67398.4,67402.2,67332.4,67355.4,12.25457322
2026-04-04 23:15:00,67355.4,67364.2,67302.9,67302.9,5.72677794
2026-04-04 23:30:00,67302.9,67342.9,67265.0,67323.8,15.92382564
2026-04-04 23:45:00,67323.9,67326.3,67252.0,67302.5,27.84448667
2026-04-05 00:00:00,67302.6,67309.5,67241.7,67254.9,5.86396981
2026-04-05 00:15:00,67254.8,67282.3,67234.4,67262.0,13.34154889
2026-04-05 00:30:00,67262.0,67274.1,67237.5,67250.1,12.30472373
2026-04-05 00:45:00,67250.1,67266.3,67163.4,67210.1,18.86495089
2026-04-05 01:00:00,67210.1,67229.4,67110.0,67185.1,12.944501
2026-04-05 01:15:00,67185.1,67185.2,67124.4,67133.2,11.66188728
2026-04-05 01:30:00,67129.2,67129.3,67077.9,67092.8,11.5356492
2026-04-05 01:45:00,67092.8,67119.3,67077.0,67088.2,25.68757886
2026-04-05 02:00:00,67088.3,67088.5,66953.8,66994.1,39.19622528
2026-04-05 02:15:00,66994.2,67158.9,66983.7,67128.1,20.68399954
2026-04-05 02:30:00,67128.1,67169.7,67115.0,67131.9,13.83557214
2026-04-05 02:45:00,67131.8,67174.8,67124.9,67170.0,6.78529472
2026-04-05 03:00:00,67169.4,67192.4,67148.5,67191.2,8.15036172
2026-04-05 03:15:00,67191.1,67191.2,67130.2,67150.8,7.26596491
2026-04-05 03:30:00,67150.9,67150.9,67081.7,67135.7,6.62323267
2026-04-05 03:45:00,67135.7,67143.4,67117.9,67143.4,4.24734793
2026-04-05 04:00:00,67144.4,67144.4,67070.1,67088.5,7.51644402
2026-04-05 04:15:00,67088.5,67189.4,67081.6,67186.5,4.33537094
2026-04-05 04:30:00,67186.5,67186.5,67128.5,67128.5,4.38704396
2026-04-05 04:45:00,67128.6,67145.0,67082.1,67097.2,6.67671019
2026-04-05 05:00:00,67097.3,67153.2,67093.6,67109.1,4.02002738
2026-04-05 05:15:00,67109.1,67126.6,67044.9,67078.9,5.36138148
2026-04-05 05:30:00,67079.0,67104.8,67055.6,67087.7,6.32888218
2026-04-05 05:45:00,67087.6,67094.1,66886.3,66929.2,41.99597645
2026-04-05 06:00:00,66932.5,66947.8,66629.9,66660.4,98.42084568
2026-04-05 06:15:00,66660.5,66779.6,66606.7,66761.7,29.2498191
2026-04-05 06:30:00,66761.8,66850.0,66761.8,66824.2,37.47850767
2026-04-05 06:45:00,66824.3,66863.3,66800.0,66800.1,22.17468866
2026-04-05 07:00:00,66800.1,66909.0,66800.1,66903.4,38.67694553
2026-04-05 07:15:00,66903.4,66921.8,66789.6,66816.2,12.35114474
2026-04-05 07:30:00,66816.2,66816.3,66718.1,66774.3,15.05896078
2026-04-05 07:45:00,66774.3,66827.1,66740.1,66822.8,26.78650035
2026-04-05 08:00:00,66817.5,66883.8,66813.1,66858.8,9.2817116
2026-04-05 08:15:00,66858.9,66910.5,66851.0,66869.9,4.10026986
2026-04-05 08:30:00,66869.9,66891.0,66833.9,66850.7,11.23147898
2026-04-05 08:45:00,66850.6,66933.0,66850.6,66929.2,26.4497299
2026-04-05 09:00:00,66929.3,66980.0,66891.2,66924.2,84.28407493
2026-04-05 09:15:00,66924.2,67020.0,66924.2,67011.9,18.75298137
2026-04-05 09:30:00,67012.0,67023.0,66962.3,67023.0,10.40169579
2026-04-05 09:45:00,67022.9,67046.8,67010.6,67029.5,25.77007887
2026-04-05 10:00:00,67029.6,67030.3,66960.2,66961.4,66.39233235
2026-04-05 10:15:00,66961.4,66988.8,66960.0,66988.8,7.32373889
2026-04-05 10:30:00,66988.7,67140.0,66980.0,67080.0,20.97742315
2026-04-05 10:45:00,67080.0,67080.5,67007.7,67043.9,6.57599391
2026-04-05 11:00:00,67043.9,67084.1,67026.8,67050.4,5.44979528
2026-04-05 11:15:00,67050.5,67087.6,66990.1,67005.8,8.00532227
2026-04-05 11:30:00,67005.8,67017.1,66967.1,66993.1,12.39998523
2026-04-05 11:45:00,66993.1,67000.6,66974.8,67000.6,3.445011
2026-04-05 12:00:00,67000.6,67000.6,66898.6,66907.0,12.42278352
2026-04-05 12:15:00,66906.9,66936.9,66884.8,66884.8,15.86687247
2026-04-05 12:30:00,66884.8,66894.3,66690.8,66748.7,57.00775039
2026-04-05 12:45:00,66748.6,66803.7,66687.6,66784.5,26.79135775
2026-04-05 13:00:00,66784.5,66857.2,66762.4,66762.4,18.67412062
2026-04-05 13:15:00,66762.5,66860.1,66708.9,66708.9,25.2200846
2026-04-05 13:30:00,66708.9,66858.6,66700.0,66831.8,28.41323587
2026-04-05 13:45:00,66831.6,66915.5,66829.8,66894.4,18.33859378
2026-04-05 14:00:00,66894.4,66965.8,66852.6,66880.0,13.82023198
2026-04-05 14:15:00,66880.0,66920.0,66811.3,66904.1,24.3257019
2026-04-05 14:30:00,66904.2,66970.0,66889.6,66940.7,31.4398719
2026-04-05 14:45:00,66946.2,66950.0,66910.5,66926.4,7.7322703
2026-04-05 15:00:00,66926.5,66970.0,66829.0,66941.9,13.24233718
2026-04-05 15:15:00,66941.4,67530.0,66941.4,67498.2,157.62210527
2026-04-05 15:30:00,67500.0,67866.6,67310.5,67446.5,263.890393
2026-04-05 15:45:00,67446.6,67453.1,67272.7,67304.4,32.60979678
2026-04-05 16:00:00,67304.5,67398.2,67271.1,67299.3,26.45535247
2026-04-05 16:15:00,67299.4,67386.1,67299.4,67318.7,7.99834632
2026-04-05 16:30:00,67318.7,67415.2,67264.9,67324.4,28.77979811
2026-04-05 16:45:00,67324.4,67324.4,67157.0,67212.9,20.28580114
2026-04-05 17:00:00,67213.0,67307.5,67182.1,67285.2,13.76714647
2026-04-05 17:15:00,67285.2,67349.9,67186.6,67340.5,7.64356515
2026-04-05 17:30:00,67344.2,67400.0,67302.8,67362.8,9.66371973
2026-04-05 17:45:00,67362.9,67396.9,67285.0,67372.5,16.38923266
2026-04-05 18:00:00,67372.5,67375.8,67274.8,67309.1,10.45161962
2026-04-05 18:15:00,67309.1,67340.0,67274.7,67305.4,7.57543151
2026-04-05 18:30:00,67305.4,67454.4,67305.4,67426.0,21.02766066
2026-04-05 18:45:00,67424.6,67451.2,67386.0,67412.5,6.24451587
2026-04-05 19:00:00,67414.2,67425.2,67365.9,67415.1,22.83362079
2026-04-05 19:15:00,67415.0,67563.3,67398.0,67470.7,17.39431593
2026-04-05 19:30:00,67470.8,67470.8,67284.3,67310.4,10.79222615
2026-04-05 19:45:00,67310.4,67364.1,67281.4,67364.1,4.90343606
2026-04-05 20:00:00,67364.9,67416.7,67331.4,67383.7,9.70573284
2026-04-05 20:15:00,67383.7,67497.1,67374.4,67478.3,7.93120599
2026-04-05 20:30:00,67478.3,67702.7,67464.3,67551.7,54.7166876
2026-04-05 20:45:00,67552.9,67678.6,67539.9,67665.1,22.42724121
2026-04-05 21:00:00,67665.2,67665.2,67418.3,67517.6,51.24130601
2026-04-05 21:15:00,67517.6,67540.0,67413.7,67480.5,8.78617163
2026-04-05 21:30:00,67480.6,67527.5,67421.3,67498.5,5.65159577
2026-04-05 21:45:00,67498.7,67685.4,67471.5,67549.8,16.61530525
2026-04-05 22:00:00,67550.1,67794.7,67473.7,67526.9,74.82423047
2026-04-05 22:15:00,67527.0,67605.1,67345.9,67429.7,27.85930962
2026-04-05 22:30:00,67429.7,67990.0,67409.0,67959.3,104.31424452
2026-04-05 22:45:00,67956.6,68371.3,67955.4,68341.1,224.87480994
2026-04-05 23:00:00,68341.2,68600.0,68258.5,68600.0,117.24878747
2026-04-05 23:15:00,68600.0,68988.0,68600.0,68805.0,226.0575147
2026-04-05 23:30:00,68805.0,69130.5,68794.3,68951.8,158.14475792
2026-04-05 23:45:00,68954.6,69061.5,68893.9,69030.0,80.2607256
2026-04-06 00:00:00,69030.0,69600.0,69029.1,69237.0,537.15424327
2026-04-06 00:15:00,69237.1,69355.9,69078.7,69181.4,92.29103566
2026-04-06 00:30:00,69181.4,69446.9,69110.4,69317.9,113.61126201
2026-04-06 00:45:00,69318.0,69347.5,69076.4,69083.9,45.7216987
2026-04-06 01:00:00,69083.9,69135.8,68853.2,68853.2,136.63964923
2026-04-06 01:15:00,68853.3,68998.9,68833.3,68983.0,33.31312888
2026-04-06 01:30:00,68983.0,68983.1,68803.7,68803.8,38.74412623
2026-04-06 01:45:00,68803.8,68878.7,68791.0,68815.5,34.19963313
2026-04-06 02:00:00,68812.2,69330.3,68777.1,69110.2,104.28947735
2026-04-06 02:15:00,69114.9,69316.0,69100.1,69234.3,65.12108729
2026-04-06 02:30:00,69234.4,69410.0,69175.0,69215.5,64.64426768
2026-04-06 02:45:00,69215.6,69300.2,69198.9,69208.1,144.40826573
2026-04-06 03:00:00,69208.0,69253.8,69115.5,69129.5,30.62798229
2026-04-06 03:15:00,69129.5,69206.2,69061.2,69184.7,62.29673158
2026-04-06 03:30:00,69184.7,69230.0,69078.1,69117.1,16.76128107
2026-04-06 03:45:00,69117.1,69149.3,69061.6,69124.5,24.51238856
2026-04-06 04:00:00,69124.4,69199.2,69005.0,69067.4,43.25153118
2026-04-06 04:15:00,69067.5,69079.5,68981.2,69005.5,23.50742768
2026-04-06 04:30:00,69005.6,69214.2,68998.3,69178.6,40.16320086
2026-04-06 04:45:00,69178.2,69209.7,69126.0,69143.9,31.03097237
2026-04-06 05:00:00,69143.8,69180.0,69122.0,69163.5,19.39268355
2026-04-06 05:15:00,69163.6,69220.0,69091.2,69170.5,31.44266681
2026-04-06 05:30:00,69170.5,69240.0,69170.5,69219.3,34.31015298
2026-04-06 05:45:00,69219.3,69232.2,69152.8,69193.9,15.56911682
2026-04-06 06:00:00,69194.0,69350.0,69103.0,69306.9,60.50385971
2026-04-06 06:15:00,69307.0,69307.0,68800.4,68845.1,110.97119089
2026-04-06 06:30:00,68845.1,68974.8,68835.1,68927.6,38.7681538
2026-04-06 06:45:00,68927.5,69103.9,68923.1,68979.6,40.54299189
2026-04-06 07:00:00,68979.7,68993.4,68820.8,68902.3,20.01547121
2026-04-06 07:15:00,68902.3,69104.0,68902.3,69072.0,18.30464007
2026-04-06 07:30:00,69072.0,69137.9,68970.1,68980.5,203.58602488
2026-04-06 07:45:00,68981.2,69206.4,68940.0,69107.3,228.72661372
2026-04-06 08:00:00,69108.9,69217.3,69077.1,69168.4,18.19640219
2026-04-06 08:15:00,69168.4,69250.0,69118.4,69233.4,61.65838857
2026-04-06 08:30:00,69233.4,69346.0,69205.1,69296.7,45.08061447
2026-04-06 08:45:00,69296.6,69315.0,69211.7,69224.7,29.36787545
2026-04-06 09:00:00,69224.7,69762.1,69210.9,69634.9,182.10592243
2026-04-06 09:15:00,69630.3,70273.4,69629.0,69929.0,656.56720991
2026-04-06 09:30:00,69930.5,69971.8,69710.4,69854.5,110.52803931
2026-04-06 09:45:00,69853.9,69895.4,69693.2,69720.9,95.16734426
2026-04-06 10:00:00,69721.0,69850.0,69720.3,69814.6,42.94584075
2026-04-06 10:15:00,69814.6,69859.7,69729.5,69761.0,77.58608469
2026-04-06 10:30:00,69761.1,69946.0,69746.7,69886.5,128.08278337
2026-04-06 10:45:00,69886.5,69886.5,69676.2,69768.1,91.72680241
2026-04-06 11:00:00,69768.1,69768.1,69665.2,69671.6,20.71799774
2026-04-06 11:15:00,69671.6,69719.6,69584.2,69619.3,35.79812984
2026-04-06 11:30:00,69619.2,69708.8,69565.2,69646.4,73.41550773
2026-04-06 11:45:00,69646.5,69696.6,69562.6,69613.5,23.81951977
2026-04-06 12:00:00,69613.6,69633.6,69459.8,69476.9,44.30807903
2026-04-06 12:15:00,69476.8,69530.2,69424.1,69462.4,53.39309608
2026-04-06 12:30:00,69465.5,69537.2,69382.0,69491.7,42.75147682
2026-04-06 12:45:00,69491.8,69541.4,69330.0,69373.8,84.4960727
2026-04-06 13:00:00,69373.8,69454.6,69364.7,69409.5,19.28733743
2026-04-06 13:15:00,69409.5,69486.1,69330.0,69474.9,24.79296653
2026-04-06 13:30:00,69475.0,69559.1,69243.4,69334.8,143.32721853
2026-04-06 13:45:00,69335.0,69499.5,69260.4,69432.7,107.31475712
2026-04-06 14:00:00,69433.2,69663.6,69162.3,69349.9,217.67063408
2026-04-06 14:15:00,69349.9,69643.4,69334.5,69546.7,94.35530236
2026-04-06 14:30:00,69546.8,69811.4,69321.8,69461.7,211.38637036
2026-04-06 14:45:00,69461.6,69692.8,69308.3,69657.1,58.44893719
2026-04-06 15:00:00,69653.8,69800.0,69523.7,69700.4,79.12432093
2026-04-06 15:15:00,69700.5,69775.1,69600.0,69740.6,92.72715929
2026-04-06 15:30:00,69740.6,69850.0,69650.1,69827.6,67.69309733
2026-04-06 15:45:00,69822.8,69975.5,69774.2,69965.1,83.88110638
2026-04-06 16:00:00,69965.0,70106.0,69850.1,70070.5,117.49830863
2026-04-06 16:15:00,70070.6,70095.0,69900.2,69905.3,42.71918935
2026-04-06 16:30:00,69905.3,70120.0,69847.7,70119.9,51.93447302
2026-04-06 16:45:00,70120.0,70344.8,69769.4,69795.4,171.28388502
2026-04-06 17:00:00,69795.3,69816.7,69299.1,69340.0,207.3313625
2026-04-06 17:15:00,69337.2,69578.4,69269.2,69530.4,73.12153208
2026-04-06 17:30:00,69530.3,69633.9,69431.1,69462.1,43.22728613
2026-04-06 17:45:00,69463.0,69603.8,69411.6,69572.9,22.89767383
2026-04-06 18:00:00,69569.8,69782.0,69472.8,69749.9,103.76379947
2026-04-06 18:15:00,69749.9,69965.7,69712.8,69855.3,59.59965174
2026-04-06 18:30:00,69855.4,69932.1,69739.2,69779.1,24.28491026
2026-04-06 18:45:00,69779.1,69909.0,69706.1,69891.5,20.21438503
2026-04-06 19:00:00,69891.6,69891.6,69573.5,69730.2,41.41359313
2026-04-06 19:15:00,69729.0,69900.4,69728.2,69842.7,191.40643214
2026-04-06 19:30:00,69842.7,69886.6,69679.3,69756.9,28.60880836
2026-04-06 19:45:00,69756.9,69764.3,69667.0,69738.4,58.94790291
2026-04-06 20:00:00,69738.3,69760.6,69620.0,69754.8,41.66250123
2026-04-06 20:15:00,69754.8,69959.9,69754.8,69952.7,44.75695402
2026-04-06 20:30:00,69952.6,69974.3,69881.3,69906.5,39.83104614
2026-04-06 20:45:00,69906.5,69918.8,69812.2,69819.2,25.90021648
2026-04-06 21:00:00,69819.1,69819.1,69678.4,69718.7,54.80811081
2026-04-06 21:15:00,69718.6,69753.8,69650.0,69650.1,19.81283341
2026-04-06 21:30:00,69650.1,69660.3,69428.7,69428.7,41.97235752
2026-04-06 21:45:00,69428.7,69570.1,69428.7,69505.4,28.58799514
2026-04-06 22:00:00,69505.4,69582.4,69400.0,69545.9,44.02695492
2026-04-06 22:15:00,69545.6,69545.6,69317.0,69365.6,73.50751657
2026-04-06 22:30:00,69365.5,69365.5,69200.0,69229.2,111.44483979
2026-04-06 22:45:00,69228.1,69228.1,68803.2,68803.2,159.18875392
2026-04-06 23:00:00,68803.2,68814.5,68297.1,68593.4,203.03669485
2026-04-06 23:15:00,68593.4,68685.2,68485.8,68521.0,47.9490708
2026-04-06 23:30:00,68521.0,68850.0,68477.3,68784.1,35.93687897
2026-04-06 23:45:00,68784.1,68909.6,68777.1,68841.0,22.98300026
2026-04-07 00:00:00,68840.9,69118.5,68795.2,68939.3,41.65979077
2026-04-07 00:15:00,68939.7,69063.7,68869.6,68930.6,28.20151213
2026-04-07 00:30:00,68930.6,69043.4,68724.5,68785.7,65.4020873
2026-04-07 00:45:00,68780.2,68894.2,68741.1,68769.9,28.23229562
2026-04-07 01:00:00,68769.9,68769.9,68539.6,68592.9,113.83495785
2026-04-07 01:15:00,68592.9,68900.0,68592.9,68723.3,46.75028663
2026-04-07 01:30:00,68723.0,68801.5,68594.0,68631.6,25.13091078
2026-04-07 01:45:00,68633.2,68646.9,68342.5,68400.0,78.83176005
2026-04-07 02:00:00,68400.1,68499.9,68278.6,68430.5,65.48281654
2026-04-07 02:15:00,68430.5,68580.0,68416.3,68576.1,26.53933636
2026-04-07 02:30:00,68576.2,68714.2,68505.5,68621.8,61.81613574
2026-04-07 02:45:00,68621.8,68693.7,68549.9,68676.7,30.22252055
2026-04-07 03:00:00,68676.8,68750.5,68621.0,68679.0,42.70012184
2026-04-07 03:15:00,68679.0,68800.1,68656.4,68782.5,40.85464637
2026-04-07 03:30:00,68782.5,68803.0,68722.6,68790.5,40.05178096
2026-04-07 03:45:00,68790.5,68794.8,68730.0,68778.9,27.15353458
2026-04-07 04:00:00,68779.0,68784.9,68622.7,68667.7,22.53254847
2026-04-07 04:15:00,68667.7,68684.4,68543.8,68602.2,43.63921721
2026-04-07 04:30:00,68602.2,68869.5,68602.2,68852.6,75.13960573
2026-04-07 04:45:00,68852.6,68999.8,68829.4,68857.4,55.47457784
2026-04-07 05:00:00,68857.5,68867.8,68795.0,68810.1,21.14072623
2026-04-07 05:15:00,68810.1,68837.0,68700.0,68703.1,46.78657019
2026-04-07 05:30:00,68703.1,68756.9,68650.0,68650.0,25.03204789
2026-04-07 05:45:00,68650.0,68696.5,68620.7,68664.1,46.53434695
2026-04-07 06:00:00,68664.1,68664.1,68489.2,68522.6,80.36157511
2026-04-07 06:15:00,68522.6,68584.8,68444.0,68570.4,51.99672797
2026-04-07 06:30:00,68570.5,68584.1,68478.1,68555.0,18.59170902
2026-04-07 06:45:00,68555.0,68609.0,68502.5,68572.5,23.58205856
2026-04-07 07:00:00,68574.8,68581.3,68500.0,68557.5,11.48143891
2026-04-07 07:15:00,68557.4,68653.1,68504.2,68582.6,19.72509011
2026-04-07 07:30:00,68580.0,68706.5,68580.0,68668.6,21.97710397
2026-04-07 07:45:00,68668.5,68676.5,68605.8,68616.1,27.09345514
2026-04-07 08:00:00,68616.0,68845.7,68597.0,68734.3,31.18105909
2026-04-07 08:15:00,68733.5,68855.4,68660.0,68756.1,29.75655718
2026-04-07 08:30:00,68756.5,68941.1,68756.5,68910.6,34.54169866
2026-04-07 08:45:00,68910.7,68982.5,68882.5,68935.4,47.77326263
2026-04-07 09:00:00,68935.5,69245.4,68926.2,69099.8,88.33668773
2026-04-07 09:15:00,69099.8,69156.8,68985.0,69055.0,48.78247991
2026-04-07 09:30:00,69055.1,69243.3,69044.0,69180.6,70.14873924
2026-04-07 09:45:00,69180.5,69194.4,69100.5,69140.2,54.7809784
2026-04-07 10:00:00,69140.3,69199.0,68814.2,68908.0,91.22251286
2026-04-07 10:15:00,68907.9,69012.7,68659.5,68733.3,111.95634766
2026-04-07 10:30:00,68733.4,68783.5,68455.0,68479.9,145.5550826
2026-04-07 10:45:00,68479.9,68480.0,68200.0,68231.6,139.64044949
2026-04-07 11:00:00,68231.6,68351.6,68062.1,68350.1,167.85572541
2026-04-07 11:15:00,68350.0,68420.1,68262.6,68373.6,70.25354601
2026-04-07 11:30:00,68373.7,68461.5,68288.6,68412.4,36.49883095
2026-04-07 11:45:00,68412.3,68437.0,68329.0,68340.0,16.07155348
2026-04-07 12:00:00,68344.4,68490.7,68074.8,68270.4,186.50214084
2026-04-07 12:15:00,68270.5,68451.2,68200.4,68429.0,61.23757326
2026-04-07 12:30:00,68429.0,68473.4,68281.5,68321.9,26.09966134
2026-04-07 12:45:00,68322.0,68613.9,68235.5,68396.9,70.29997252
2026-04-07 13:00:00,68397.0,68642.4,68382.5,68619.9,85.52776811
2026-04-07 13:15:00,68619.9,68626.5,68458.3,68485.1,37.63360657
2026-04-07 13:30:00,68485.6,68596.8,68296.4,68336.2,64.43041671
2026-04-07 13:45:00,68335.5,68450.0,68200.0,68235.0,58.6781776
2026-04-07 14:00:00,68235.1,68263.7,67785.1,67894.5,248.92325431
2026-04-07 14:15:00,67894.0,68160.0,67766.0,68149.9,110.50188246
2026-04-07 14:30:00,68147.3,68228.5,67989.1,68000.4,56.92109077
2026-04-07 14:45:00,68000.5,68219.9,67860.6,67860.6,50.98362104
2026-04-07 15:00:00,67860.6,67987.7,67730.1,67886.8,99.8631343
2026-04-07 15:15:00,67889.0,68200.0,67885.5,68181.7,97.63895959
2026-04-07 15:30:00,68186.2,68213.7,68071.7,68088.5,46.31815094
2026-04-07 15:45:00,68091.5,68274.6,68073.3,68168.2,25.55031369
2026-04-07 16:00:00,68168.2,68451.8,68100.0,68146.5,98.67079472
2026-04-07 16:15:00,68146.6,68392.3,68079.9,68388.8,74.10753402
2026-04-07 16:30:00,68388.8,68389.5,68285.3,68322.5,25.46480704
2026-04-07 16:45:00,68322.4,68396.6,68206.0,68234.0,30.38133259
2026-04-07 17:00:00,68234.5,68366.9,68199.9,68303.6,25.68166124
2026-04-07 17:15:00,68302.0,68414.1,68190.3,68414.1,32.73684187
2026-04-07 17:30:00,68414.2,68999.9,68414.2,68691.9,133.51001723
2026-04-11 08:30:00,72747.5,72764.8,72694.3,72743.6,9.66089634
2026-04-11 08:45:00,72743.7,72753.8,72637.3,72665.7,33.47490424
2026-04-11 09:00:00,72665.7,72687.6,72625.1,72681.2,15.9816025
2026-04-11 09:15:00,72681.3,72899.0,72681.3,72866.7,54.46187663
2026-04-11 09:30:00,72866.7,72866.7,72762.4,72832.4,20.88125921
2026-04-11 09:45:00,72832.5,72915.3,72832.4,72908.4,17.97967716
2026-04-11 10:00:00,72908.5,72917.1,72788.7,72820.2,18.28510825
2026-04-11 10:15:00,72820.2,72886.6,72771.5,72874.0,6.74168485
2026-04-11 10:30:00,72874.0,72874.0,72779.7,72792.1,59.03998873
2026-04-11 10:45:00,72792.0,72856.7,72780.1,72851.3,33.49939537
2026-04-11 11:00:00,72851.4,72899.8,72835.8,72877.1,21.12218883
2026-04-11 11:15:00,72877.1,72887.0,72835.9,72839.8,24.4661638
2026-04-11 11:30:00,72839.8,72879.2,72835.2,72864.4,36.30776462
2026-04-11 11:45:00,72864.4,72919.0,72846.2,72919.0,17.49707384
2026-04-11 12:00:00,72919.0,72950.0,72890.1,72923.8,14.38446609
2026-04-11 12:15:00,72923.9,72950.0,72826.2,72870.6,14.52427142
2026-04-11 12:30:00,72870.7,72969.9,72855.3,72963.2,15.70453913
2026-04-11 12:45:00,72963.7,72990.4,72915.7,72935.4,27.58986172
2026-04-11 13:00:00,72938.6,72938.6,72527.8,72610.1,120.10330646
2026-04-11 13:15:00,72610.1,72787.0,72610.0,72616.1,36.79066206
2026-04-11 13:30:00,72616.1,72721.1,72589.1,72673.2,28.74031257
2026-04-11 13:45:00,72673.2,72715.1,72642.3,72662.6,19.05444419
2026-04-11 14:00:00,72662.9,72733.5,72621.0,72709.5,12.95502768
2026-04-11 14:15:00,72707.1,72772.4,72701.7,72714.6,26.62727546
2026-04-11 14:30:00,72714.5,72726.0,72614.6,72654.7,19.21629385
2026-04-11 14:45:00,72654.6,72740.0,72644.1,72707.8,7.94797085
2026-04-11 15:00:00,72709.1,72740.0,72681.9,72708.0,5.00708784
2026-04-11 15:15:00,72708.3,72904.2,72691.0,72749.5,86.3133189
2026-04-11 15:30:00,72749.5,72813.2,72749.5,72772.9,27.45670024
2026-04-11 15:45:00,72773.4,72875.0,72749.5,72863.0,25.23444758
2026-04-11 16:00:00,72863.0,72905.0,72823.1,72885.8,43.09894149
2026-04-11 16:15:00,72885.9,72932.8,72861.6,72885.5,35.2160875
2026-04-11 16:30:00,72885.6,73228.0,72857.4,73123.7,110.95288828
2026-04-11 16:45:00,73123.6,73216.1,73040.3,73043.1,28.22316246
2026-04-11 17:00:00,73043.2,73078.9,73003.1,73011.7,18.05964222
2026-04-11 17:15:00,73009.8,73119.3,72954.2,73087.9,19.13183376
2026-04-11 17:30:00,73088.0,73179.6,73088.0,73164.8,25.17624386
2026-04-11 17:45:00,73164.9,73179.0,73069.9,73102.4,13.67006373
2026-04-11 18:00:00,73102.4,73120.3,73040.6,73120.3,11.1031495
2026-04-11 18:15:00,73120.4,73264.1,73120.3,73200.7,28.24074486
2026-04-11 18:30:00,73200.8,73750.0,73198.2,73467.6,216.24140249
2026-04-11 18:45:00,73475.6,73643.0,73441.9,73561.2,38.57980344
2026-04-11 19:00:00,73561.3,73805.8,73490.4,73576.5,75.9769318
2026-04-11 19:15:00,73576.5,73666.0,73465.7,73626.2,40.16468778
2026-04-11 19:30:00,73627.9,73807.2,73627.9,73699.9,68.64983145
2026-04-11 19:45:00,73699.9,73700.0,73613.0,73691.2,17.48461501
2026-04-11 20:00:00,73691.3,73700.0,73500.0,73500.0,25.40225509
2026-04-11 20:15:00,73500.0,73528.7,73420.0,73425.4,33.45831837
2026-04-11 20:30:00,73425.4,73425.4,73232.7,73364.0,42.019292
2026-04-11 20:45:00,73363.8,73449.2,73294.3,73294.3,16.58901487
2026-04-11 21:00:00,73294.4,73442.6,73207.0,73424.2,28.11024463
2026-04-11 21:15:00,73423.0,73450.0,73319.1,73349.3,25.89048902
2026-04-11 21:30:00,73349.3,73483.1,73321.4,73451.9,12.41981883
2026-04-11 21:45:00,73451.9,73550.8,73412.9,73432.5,62.70774329
2026-04-11 22:00:00,73432.4,73550.8,73375.1,73506.3,17.7508984
2026-04-11 22:15:00,73506.3,73570.3,73410.0,73453.3,18.42229647
2026-04-11 22:30:00,73453.2,73467.4,73242.8,73338.0,45.41271623
2026-04-11 22:45:00,73338.1,73398.2,73265.9,73379.7,22.77876427
2026-04-11 23:00:00,73379.7,73379.7,72914.3,73055.5,58.03908241
2026-04-11 23:15:00,73055.6,73218.2,73033.7,73136.9,16.95213617
2026-04-11 23:30:00,73134.7,73186.7,73073.2,73073.2,13.34558569
2026-04-11 23:45:00,73076.8,73123.0,73012.0,73054.3,15.66338147
2026-04-12 00:00:00,73054.3,73086.1,72875.0,73007.8,58.4240651
2026-04-12 00:15:00,73007.8,73116.0,72946.3,73083.4,24.0739379
2026-04-12 00:30:00,73083.3,73122.2,72990.8,73026.2,17.11625387
2026-04-12 00:45:00,73027.8,73095.8,73013.3,73090.5,13.55153334
2026-04-12 01:00:00,73090.5,73138.2,72986.6,73085.4,21.62271366
2026-04-12 01:15:00,73085.4,73093.6,72988.0,73017.4,76.98944898
2026-04-12 01:30:00,73017.5,73017.5,71557.2,71730.6,386.51818418
2026-04-12 01:45:00,71730.6,71730.6,71313.1,71648.5,301.19221368
2026-04-12 02:00:00,71648.5,71859.5,71350.1,71781.1,156.80918207
2026-04-12 02:15:00,71781.1,71982.4,71686.8,71778.4,126.4331689
2026-04-12 02:30:00,71778.3,71936.2,71775.3,71888.8,46.53430945
2026-04-12 02:45:00,71888.8,71903.0,71759.8,71761.7,40.05381145
2026-04-12 03:00:00,71761.7,71871.0,71636.0,71744.0,42.86324461
2026-04-12 03:15:00,71743.2,71784.3,71626.1,71729.1,42.64481605
2026-04-12 03:30:00,71729.2,71751.6,71601.1,71670.9,195.43467286
2026-04-12 03:45:00,71671.0,71719.4,71596.6,71596.8,65.61603002
2026-04-12 04:00:00,71596.8,71681.7,71523.0,71596.5,51.56764468
2026-04-12 04:15:00,71598.4,71645.7,71493.0,71524.4,66.70765595
2026-04-12 04:30:00,71524.4,71592.6,71497.0,71561.4,24.85078583
2026-04-12 04:45:00,71561.4,71579.4,71446.1,71470.5,66.22109426
2026-04-12 05:00:00,71470.5,71582.8,71419.4,71512.2,38.76187315
2026-04-12 05:15:00,71512.3,71677.7,71492.0,71672.5,28.11585123
2026-04-12 05:30:00,71672.5,71728.4,71619.5,71652.7,72.15327553
2026-04-12 05:45:00,71652.7,71789.9,71650.0,71702.8,378.89310193
2026-04-12 06:00:00,71702.9,71758.8,71683.4,71742.7,39.69381955
2026-04-12 06:15:00,71742.6,71758.4,71644.4,71709.9,42.18367874
2026-04-12 06:30:00,71709.9,71709.9,71650.0,71659.9,11.62382904
2026-04-12 06:45:00,71659.8,71687.9,71635.4,71651.1,11.98651303
2026-04-12 07:00:00,71651.1,71679.3,71581.1,71623.7,16.79112349
2026-04-12 07:15:00,71623.7,71650.8,71600.0,71625.7,8.38116398
2026-04-12 07:30:00,71625.7,71754.5,71621.6,71750.4,57.5602985
2026-04-12 07:45:00,71750.4,71760.8,71671.0,71671.1,87.14245068
2026-04-12 08:00:00,71671.1,71708.8,71639.5,71649.5,34.6782403
2026-04-12 08:15:00,71649.6,71730.0,71639.6,71709.3,132.47566021
2026-04-12 08:30:00,71709.2,71796.1,71685.0,71744.6,180.70960305
2026-04-12 08:45:00,71744.7,71744.7,71588.1,71626.1,196.28610418
2026-04-12 09:00:00,71626.0,71629.2,71521.0,71594.7,116.20122156
2026-04-12 09:15:00,71594.7,71625.6,71585.6,71590.2,11.73811092
2026-04-12 09:30:00,71590.2,71633.9,71561.9,71577.4,9.91208363
2026-04-12 09:45:00,71577.4,71585.9,71512.6,71534.7,19.53754044
2026-04-12 10:00:00,71534.8,71684.5,71510.0,71624.8,16.27132312
2026-04-12 10:15:00,71624.9,71658.0,71603.6,71603.6,22.88777873
2026-04-12 10:30:00,71603.5,71609.8,71509.5,71521.5,14.3907977
2026-04-12 10:45:00,71521.5,71521.7,71355.1,71451.4,49.73319962
2026-04-12 11:00:00,71451.5,71538.1,71423.8,71513.0,17.84415838
2026-04-12 11:15:00,71511.0,71537.5,71478.2,71518.0,10.17169992
2026-04-12 11:30:00,71518.0,71526.0,71414.1,71446.9,14.17717811
2026-04-12 11:45:00,71446.9,71477.2,71430.9,71471.3,4.70968682
2026-04-12 12:00:00,71471.3,71471.3,71340.0,71401.0,54.52294765
2026-04-12 12:15:00,71401.0,71449.9,71382.0,71411.0,12.88522622
2026-04-12 12:30:00,71411.0,71499.0,71338.3,71485.4,21.6966488
2026-04-12 12:45:00,71485.4,71488.7,71071.4,71081.0,159.00549157
2026-04-12 13:00:00,71080.9,71138.2,70800.0,70989.5,471.35609881
2026-04-12 13:15:00,70989.4,71110.8,70989.4,71050.0,34.25803105
2026-04-12 13:30:00,71050.1,71092.5,70935.8,70979.9,22.07876421
2026-04-12 13:45:00,70980.0,71006.6,70863.3,70884.9,51.16486248
2026-04-12 14:00:00,70884.9,71021.3,70861.1,70984.3,35.30980285
2026-04-12 14:15:00,70984.4,71092.7,70984.4,71072.7,25.92628499
2026-04-12 14:30:00,71073.0,71089.0,70763.1,70848.8,76.01365327
2026-04-12 14:45:00,70848.8,70881.5,70700.0,70745.2,74.47389901
2026-04-12 15:00:00,70745.3,70850.0,70740.8,70837.8,28.97978902
2026-04-12 15:15:00,70837.8,70871.1,70713.3,70713.4,34.04924453
2026-04-12 15:30:00,70713.4,70901.7,70610.8,70874.0,62.78421374
2026-04-12 15:45:00,70874.6,70939.3,70857.4,70887.0,10.06420195
2026-04-12 16:00:00,70887.0,70950.0,70843.5,70930.7,23.33747528
2026-04-12 16:15:00,70932.7,70949.7,70819.9,70928.9,13.86622495
2026-04-12 16:30:00,70928.9,70946.3,70836.7,70883.0,10.2921698
2026-04-12 16:45:00,70883.1,70941.7,70818.6,70933.0,11.61145964
2026-04-12 17:00:00,70931.0,71007.0,70897.5,70897.5,17.59908368
2026-04-12 17:15:00,70896.6,71005.3,70896.6,70996.1,21.92120188
2026-04-12 17:30:00,70996.0,71019.8,70952.7,71019.8,39.06261436
2026-04-12 17:45:00,71018.5,71201.9,70933.4,71148.8,70.65206795
2026-04-12 18:00:00,71148.8,71185.4,71056.1,71180.8,53.47630283
2026-04-12 18:15:00,71180.9,71220.0,71070.0,71094.0,18.98381343
2026-04-12 18:30:00,71094.0,71202.0,71094.0,71119.5,12.40401103
2026-04-12 18:45:00,71119.5,71164.9,71110.4,71137.0,6.70076624
2026-04-12 19:00:00,71137.0,71224.4,71135.2,71139.9,30.43988205
2026-04-12 19:15:00,71139.8,71175.3,71125.6,71168.6,6.6773044
2026-04-12 19:30:00,71168.6,71169.5,71085.1,71108.5,12.03182528
2026-04-12 19:45:00,71108.6,71126.7,71081.8,71091.0,16.5266966
2026-04-12 20:00:00,71091.1,71111.0,70995.1,71017.3,16.48399452
2026-04-12 20:15:00,71017.3,71073.6,70958.9,71055.1,9.24653334
2026-04-12 20:30:00,71055.0,71440.2,71055.0,71322.9,39.0369544
2026-04-12 20:45:00,71323.0,71377.5,71227.0,71342.1,17.21651896
2026-04-12 21:00:00,71342.0,71457.6,71157.0,71208.7,48.4186917
2026-04-12 21:15:00,71208.8,71325.7,71208.8,71306.4,9.06208389
2026-04-12 21:30:00,71306.4,71363.5,71224.3,71313.0,16.03508106
2026-04-12 21:45:00,71313.3,71369.7,71211.8,71369.7,17.05884515
2026-04-12 22:00:00,71369.7,71381.8,70700.1,70943.2,158.73220264
2026-04-12 22:15:00,70943.9,70959.9,70517.6,70667.8,88.2183207
2026-04-12 22:30:00,70666.8,70926.0,70505.9,70819.8,105.05098144
2026-04-12 22:45:00,70818.7,70927.5,70780.3,70908.7,18.73146769
2026-04-12 23:00:00,70908.6,70908.8,70626.9,70626.9,42.52555706
2026-04-12 23:15:00,70626.9,70766.4,70599.4,70717.6,17.15252121
2026-04-12 23:30:00,70717.7,70730.4,70575.0,70730.3,32.69522703
2026-04-12 23:45:00,70730.4,70794.5,70591.3,70742.7,32.5000516
2026-04-13 00:00:00,70746.6,70914.3,70609.8,70913.7,50.97355106
2026-04-13 00:15:00,70913.7,71090.0,70831.7,70979.5,56.43578684
2026-04-13 00:30:00,70979.5,71125.0,70945.1,71057.0,33.95959711
2026-04-13 00:45:00,71061.8,71266.3,71017.2,71173.5,33.43193806
2026-04-13 01:00:00,71173.4,71228.9,71097.9,71132.0,26.42010054
2026-04-13 01:15:00,71131.9,71170.2,71063.3,71104.6,40.78144089
2026-04-13 01:30:00,71104.5,71202.2,71031.5,71144.8,17.95268497
2026-04-13 01:45:00,71144.9,71227.3,71114.4,71194.0,14.21697581
2026-04-13 02:00:00,71194.1,71266.5,70988.3,71004.1,27.59598276
2026-04-13 02:15:00,71004.1,71266.5,71004.0,71226.2,11.7386713
2026-04-13 02:30:00,71226.2,71277.9,71034.4,71040.6,16.48733721
2026-04-13 02:45:00,71040.3,71092.9,71000.1,71089.1,15.91543084
2026-04-13 03:00:00,71089.1,71130.9,71000.0,71072.5,19.03103635
2026-04-13 03:15:00,71072.5,71166.4,71005.3,71035.5,18.33149754
2026-04-13 03:30:00,71033.6,71066.3,70920.9,70982.2,34.97163293
2026-04-13 03:45:00,70982.2,71004.3,70925.7,70981.9,7.66937217
2026-04-13 04:00:00,70982.0,71009.6,70909.0,70959.3,9.56267091
2026-04-13 04:15:00,70960.4,71049.9,70916.2,71038.9,5.61189918
2026-04-13 04:30:00,71038.9,71150.6,71024.5,71028.0,35.06787764
2026-04-13 04:45:00,71027.5,71027.6,70859.9,70899.9,25.90609063
2026-04-13 05:00:00,70899.8,70931.6,70760.5,70828.3,43.88533926
2026-04-13 05:15:00,70829.2,70879.3,70767.4,70866.1,13.67705639
2026-04-13 05:30:00,70865.2,70865.3,70678.9,70752.9,24.72748288
2026-04-13 05:45:00,70754.5,70893.5,70754.5,70888.9,35.04460926
2026-04-13 06:00:00,70888.9,71015.5,70887.0,71012.8,12.26664656
2026-04-13 06:15:00,71015.5,71092.0,70980.1,71032.6,19.8253965
2026-04-13 06:30:00,71032.5,71061.1,71001.8,71049.9,26.34161774
2026-04-13 06:45:00,71049.9,71103.0,71019.5,71028.1,42.07533989
2026-04-13 07:00:00,71028.2,71071.2,70891.4,70900.6,26.29486263
2026-04-13 07:15:00,70900.7,70911.5,70685.6,70715.8,143.03217853
2026-04-13 07:30:00,70715.9,70810.6,70690.1,70778.1,123.47600832
2026-04-13 07:45:00,70778.1,70850.0,70762.8,70824.6,105.09013873
2026-04-13 08:00:00,70824.6,70866.8,70702.9,70725.1,44.00260108
2026-04-13 08:15:00,70729.0,70829.8,70650.0,70763.5,75.1482193
2026-04-13 08:30:00,70763.5,70767.1,70591.0,70601.5,122.08116327
2026-04-13 08:45:00,70601.5,70693.0,70574.3,70686.8,43.91463136
2026-04-13 09:00:00,70686.8,70909.2,70686.8,70711.1,91.09640988
2026-04-13 09:15:00,70711.1,70817.5,70676.7,70792.1,37.39915966
2026-04-13 09:30:00,70792.0,70830.5,70751.5,70787.3,18.87366634
2026-04-13 09:45:00,70787.2,70803.5,70750.0,70795.0,12.32182805
2026-04-13 10:00:00,70795.1,70847.3,70760.2,70815.4,33.91142165
2026-04-13 10:15:00,70815.4,70815.4,70718.1,70758.3,23.29649952
2026-04-13 10:30:00,70758.3,70843.2,70687.1,70771.2,28.1234605
2026-04-13 10:45:00,70771.2,70800.0,70708.6,70757.0,26.21289422
2026-04-13 11:00:00,70757.1,70878.5,70741.4,70877.1,52.84313182
2026-04-13 11:15:00,70877.1,70906.9,70850.0,70871.0,20.31330966
2026-04-13 11:30:00,70870.9,70954.4,70805.9,70940.3,20.39024691
2026-04-13 11:45:00,70940.3,70995.5,70906.3,70928.8,23.11487236
2026-04-13 12:00:00,70928.9,71079.1,70839.7,70965.3,55.32539765
2026-04-13 12:15:00,70965.2,70987.3,70859.0,70859.0,11.34030486
2026-04-13 12:30:00,70859.1,70914.7,70761.5,70842.3,45.50908915
2026-04-13 12:45:00,70842.4,71224.6,70842.4,71074.6,50.93007901
2026-04-13 13:00:00,71075.8,71203.3,71074.3,71203.2,44.9226236
2026-04-13 13:15:00,71203.2,71268.1,71107.9,71176.4,77.26610947
2026-04-13 13:30:00,71182.1,71226.2,70824.1,71034.4,131.32400984
2026-04-13 13:45:00,71034.4,71700.0,70948.6,71656.8,212.89337655
2026-04-13 14:00:00,71656.0,71760.6,71451.8,71622.5,77.07053654
2026-04-13 14:15:00,71622.5,71726.9,71375.8,71636.5,102.08501626
2026-04-13 14:30:00,71639.4,71998.0,71601.2,71987.0,138.20960647
2026-04-13 14:45:00,71983.5,72402.7,71878.1,72394.6,234.87727084
2026-04-13 15:00:00,72392.5,72458.7,71906.6,71945.8,180.693446
2026-04-13 15:15:00,71945.8,72019.5,71850.8,71954.1,66.34301614
2026-04-13 15:30:00,71954.1,71954.1,71650.0,71837.2,74.63786336
2026-04-13 15:45:00,71837.2,71930.0,71730.1,71868.1,45.61354448
2026-04-13 16:00:00,71868.0,72045.2,71675.8,72037.1,54.84347491
2026-04-13 16:15:00,72037.0,72269.7,71918.9,72239.9,81.30106546
2026-04-13 16:30:00,72246.7,72362.2,72174.6,72303.4,137.68535059
2026-04-13 16:45:00,72303.4,72439.6,72063.2,72204.0,107.36797037
2026-04-13 17:00:00,72204.1,72439.0,72129.9,72296.2,141.95654506
2026-04-13 17:15:00,72293.2,72441.6,72272.2,72441.6,47.80109789
2026-04-13 17:30:00,72441.8,72598.0,72372.6,72445.0,135.87211621
2026-04-13 17:45:00,72445.0,72499.8,72058.9,72146.8,136.39131586
2026-04-13 18:00:00,72146.8,72219.5,72080.2,72189.8,34.83273792
2026-04-13 18:15:00,72189.8,72275.3,72053.1,72172.4,69.21449259
2026-04-13 18:30:00,72172.3,72421.8,72169.3,72337.2,50.24280143
2026-04-13 18:45:00,72337.1,72456.5,72308.2,72426.7,31.872167
2026-04-13 19:00:00,72426.7,72445.1,72290.5,72324.0,150.88373315
2026-04-13 19:15:00,72324.0,72909.6,72324.0,72855.1,321.73263768
2026-04-13 19:30:00,72855.1,73200.0,72827.5,73015.1,302.05037019
2026-04-13 19:45:00,73012.6,73478.2,73012.6,73320.3,153.72935978
2026-04-13 20:00:00,73320.3,73399.0,73045.8,73062.0,149.63527488
2026-04-13 20:15:00,73062.8,73159.6,73008.0,73106.7,62.08592743
2026-04-13 20:30:00,73106.7,73277.6,73066.6,73226.4,67.18796862
2026-04-13 20:45:00,73221.4,73251.7,73079.6,73151.2,47.45984261
2026-04-13 21:00:00,73151.2,73315.8,73084.7,73227.9,54.24314912
2026-04-13 21:15:00,73227.8,73288.2,73115.5,73125.0,21.19701378
2026-04-13 21:30:00,73125.1,73370.8,73102.9,73269.0,55.93598791
2026-04-13 21:45:00,73269.0,73289.3,73179.2,73179.2,15.07020202
2026-04-13 22:00:00,73179.3,73899.9,73172.6,73750.1,240.90656069
2026-04-13 22:15:00,73750.0,74466.6,73750.0,74134.5,533.88181698
2026-04-13 22:30:00,74134.5,74349.9,74056.7,74248.8,134.43199403
2026-04-13 22:45:00,74248.9,74746.7,74150.0,74631.2,985.33648152
2026-04-13 23:00:00,74631.3,74904.2,74450.0,74659.8,234.50442353
2026-04-13 23:15:00,74659.7,74815.5,74530.1,74727.7,112.86620137
2026-04-13 23:30:00,74725.7,74883.5,74546.3,74563.9,96.10995974
2026-04-13 23:45:00,74563.8,74597.6,74405.4,74418.2,103.49848419
2026-04-14 00:00:00,74418.2,74520.0,74230.9,74321.4,85.21433354
2026-04-14 00:15:00,74321.4,74460.0,74221.0,74264.5,42.34922983
2026-04-14 00:30:00,74264.5,74442.0,74162.7,74422.1,42.95499721
2026-04-14 00:45:00,74422.0,74422.1,74103.4,74153.4,68.78625057
2026-04-14 01:00:00,74153.5,74300.0,73974.7,74297.0,77.83626842
2026-04-14 01:15:00,74297.0,74400.0,74216.0,74290.0,57.85445858
2026-04-14 01:30:00,74290.0,74327.4,74229.3,74316.0,34.02576003
2026-04-14 01:45:00,74318.8,74430.4,74318.8,74379.7,15.82607846
2026-04-14 02:00:00,74379.8,74488.0,74356.2,74485.5,27.73002479
2026-04-14 02:15:00,74488.0,74576.2,74386.7,74386.7,65.95983471
2026-04-14 02:30:00,74388.3,74460.4,74285.8,74436.7,23.32090005
2026-04-14 02:45:00,74436.8,74436.8,74301.1,74331.7,24.6554467
2026-04-14 03:00:00,74331.7,74413.5,74295.0,74348.0,24.09552328
2026-04-14 03:15:00,74348.0,74366.8,74251.7,74294.7,21.51345878
2026-04-14 03:30:00,74294.7,74501.0,74277.0,74471.9,145.31253308
2026-04-14 03:45:00,74471.9,74486.2,74391.5,74441.5,40.89376108
2026-04-14 04:00:00,74441.6,74500.0,74381.0,74463.7,7.76991119
2026-04-14 04:15:00,74463.7,74500.4,74434.7,74495.3,30.88483741
2026-04-14 04:30:00,74495.3,74508.7,74362.6,74388.1,39.01018929
2026-04-14 04:45:00,74388.8,74446.6,74352.8,74396.9,41.10280794
2026-04-14 05:00:00,74397.0,74397.0,74313.8,74342.9,23.2187959
2026-04-14 05:15:00,74342.8,74441.4,74311.9,74349.6,36.71162236
2026-04-14 05:30:00,74347.9,74368.7,74282.7,74298.6,41.70039058
2026-04-14 05:45:00,74298.6,74298.6,74156.9,74214.0,39.86626947
2026-04-14 06:00:00,74215.4,74354.0,74215.4,74334.3,36.14050497
2026-04-14 06:15:00,74334.2,74447.6,74317.6,74391.2,22.5288014
2026-04-14 06:30:00,74391.1,74457.8,74363.9,74390.1,32.81683432
2026-04-14 06:45:00,74390.1,74555.0,74378.9,74527.7,48.75515984
2026-04-14 07:00:00,74527.7,74930.0,74434.4,74781.8,171.94700708
2026-04-14 07:15:00,74780.1,74793.3,74612.2,74680.9,37.94339303
2026-04-14 07:30:00,74677.4,74693.2,74483.8,74489.6,187.75478903
2026-04-14 07:45:00,74489.5,74559.3,74461.9,74552.8,164.7957244
2026-04-14 08:00:00,74552.8,74602.9,74456.9,74540.3,35.70381131
2026-04-14 08:15:00,74540.4,74642.7,74500.0,74639.6,46.95582091
2026-04-14 08:30:00,74639.6,74906.0,74625.0,74652.6,114.23228478
2026-04-14 08:45:00,74652.5,74860.4,74610.1,74752.2,81.13477904
2026-04-14 09:00:00,74752.3,74796.9,74654.1,74796.0,31.75941918
2026-04-14 09:15:00,74796.1,74830.9,74626.4,74671.9,38.63203672
2026-04-14 09:30:00,74671.9,74702.6,74500.1,74509.0,84.92801021
2026-04-14 09:45:00,74508.9,74542.6,74425.2,74507.6,39.9050456
2026-04-14 10:00:00,74507.7,74560.8,74456.8,74548.3,50.50446314
2026-04-14 10:15:00,74548.2,74595.5,74500.0,74561.7,32.71770087
2026-04-14 10:30:00,74561.6,74615.1,74363.6,74365.4,61.61835992
2026-04-14 10:45:00,74365.4,74439.6,74340.0,74348.5,25.78632614
2026-04-14 11:00:00,74348.5,74441.8,74323.7,74400.9,15.6617767
2026-04-14 11:15:00,74401.0,74459.4,74398.7,74410.7,13.46992638
