timestamp,open,high,low,close,volume
2026-03-16 02:10:00,72803.4,72803.4,72666.7,72695.8,4.06809414
2026-03-16 02:15:00,72698.0,72738.5,72576.1,72576.1,24.5656144
2026-03-16 02:20:00,72576.1,72588.1,72499.9,72520.0,16.01575514
2026-03-16 02:25:00,72518.0,72518.9,72379.7,72452.1,15.37597369
2026-03-16 02:30:00,72452.0,72452.0,72345.0,72394.0,13.88694282
2026-03-16 02:35:00,72394.0,72480.0,72393.0,72430.7,8.57208558
2026-03-16 02:40:00,72430.8,72450.3,72405.6,72436.2,4.30040468
2026-03-16 02:45:00,72442.0,72500.0,72419.9,72443.0,9.11499552
2026-03-16 02:50:00,72443.0,72554.5,72443.0,72528.0,8.77673876
2026-03-16 02:55:00,72528.1,72600.0,72518.6,72518.6,7.54418628
2026-03-16 03:00:00,72518.6,72576.3,72439.0,72576.3,10.11156954
2026-03-16 03:05:00,72576.3,72583.1,72490.0,72578.0,5.4202848
2026-03-16 03:10:00,72578.0,72587.6,72512.6,72521.7,5.54371609
2026-03-16 03:15:00,72521.7,72618.0,72486.4,72598.5,5.11512923
2026-03-16 03:20:00,72598.6,72850.0,72587.0,72838.0,22.38202468
2026-03-16 03:25:00,72838.1,72877.0,72740.2,72850.6,22.12915968
2026-03-16 03:30:00,72850.5,73771.1,72850.5,73719.6,249.42393855
2026-03-16 03:35:00,73719.6,74077.9,73614.2,73982.0,273.16786869
2026-03-16 03:40:00,73983.0,74325.2,73700.2,73774.0,209.60080822
2026-03-16 03:45:00,73774.3,73868.0,73546.9,73644.0,65.66862283
2026-03-16 03:50:00,73644.1,73764.5,73615.1,73754.9,154.5294066
2026-03-16 03:55:00,73755.0,73755.1,73577.0,73577.1,89.26791403
2026-03-16 04:00:00,73577.1,73764.1,73577.1,73719.6,28.41281018
2026-03-16 04:05:00,73713.3,73800.0,73596.8,73671.7,53.6423568
2026-03-16 04:10:00,73671.7,73699.9,73587.6,73687.9,34.2489995
2026-03-16 04:15:00,73690.0,73854.0,73673.1,73811.8,40.1248895
2026-03-16 04:20:00,73813.9,74068.6,73771.1,73821.1,93.98240895
2026-03-16 04:25:00,73821.9,73821.9,73588.0,73611.0,38.63889817
2026-03-16 04:30:00,73610.9,73799.9,73610.9,73693.9,17.76324093
2026-03-16 04:35:00,73693.9,73847.4,73645.1,73668.0,43.86187568
2026-03-16 04:40:00,73668.0,73773.9,73614.7,73645.0,63.70625012
2026-03-16 04:45:00,73645.0,74017.8,73604.6,74006.2,111.19537841
2026-03-16 04:50:00,74006.3,74399.0,73915.0,74342.1,88.98913087
2026-03-16 04:55:00,74342.1,74464.6,73810.0,73839.0,90.86886801
2026-03-16 05:00:00,73837.0,73896.0,73753.1,73839.5,42.14097341
2026-03-16 05:05:00,73836.0,73931.1,73733.3,73893.0,24.91194577
2026-03-16 05:10:00,73893.1,74087.0,73849.0,73869.0,35.66289298
2026-03-16 05:15:00,73869.9,73905.9,73784.5,73891.9,11.48049786
2026-03-16 05:20:00,73892.0,73966.0,73842.6,73935.0,28.63657473
2026-03-16 05:25:00,73935.0,73976.9,73876.0,73912.0,17.4050668
2026-03-16 05:30:00,73912.0,73912.0,73720.0,73788.2,31.4737454
2026-03-16 05:35:00,73788.2,73972.4,73755.0,73938.1,24.85034748
2026-03-16 05:40:00,73938.1,74091.0,73938.1,74048.0,28.49133413
2026-03-16 05:45:00,74047.9,74107.7,74001.0,74071.3,46.07707983
2026-03-16 05:50:00,74079.4,74150.1,74000.1,74054.3,33.01117379
2026-03-16 05:55:00,74054.3,74250.0,74048.3,74203.9,55.97253903
2026-03-16 06:00:00,74204.0,74206.0,73900.2,73907.0,27.82173089
2026-03-16 06:05:00,73907.0,73943.9,73723.0,73723.1,38.11555791
2026-03-16 06:10:00,73723.1,73783.0,73592.2,73708.1,65.11471769
2026-03-16 06:15:00,73708.1,73828.8,73689.0,73781.0,38.67372241
2026-03-16 06:20:00,73780.9,73825.9,73691.1,73781.0,15.37222541
2026-03-16 06:25:00,73781.1,73825.8,73701.2,73717.3,5.85433805
2026-03-16 06:30:00,73717.3,73799.9,73700.1,73722.5,6.76518704
2026-03-16 06:35:00,73722.4,73848.0,73718.8,73817.0,14.25032235
2026-03-16 06:40:00,73817.0,73864.6,73792.1,73827.0,22.67394323
2026-03-16 06:45:00,73826.9,73834.9,73750.0,73808.0,9.04039035
2026-03-16 06:50:00,73803.5,73825.0,73777.0,73805.0,9.20209976
2026-03-16 06:55:00,73805.0,73834.9,73712.9,73720.4,9.66920526
2026-03-16 07:00:00,73720.5,73895.9,73660.4,73859.0,41.04505514
2026-03-16 07:05:00,73859.0,73898.2,73824.4,73865.9,49.34385067
2026-03-16 07:10:00,73865.9,73939.6,73840.2,73846.0,35.73343002
2026-03-16 07:15:00,73846.0,73847.5,73699.6,73750.2,45.17443867
2026-03-16 07:20:00,73750.3,73775.8,73698.0,73698.0,34.21888346
2026-03-16 07:25:00,73698.0,73845.7,73695.5,73828.0,53.80766595
2026-03-16 07:30:00,73828.1,73871.9,73653.4,73663.4,34.54996123
2026-03-16 07:35:00,73663.5,73708.5,73451.2,73473.1,97.76706404
2026-03-16 07:40:00,73473.1,73584.8,73457.2,73478.7,42.26631707
2026-03-16 07:45:00,73478.7,73524.9,73413.4,73456.9,36.27735849
2026-03-16 07:50:00,73456.9,73470.0,73379.3,73447.9,43.41268694
2026-03-16 07:55:00,73447.9,73509.0,73415.2,73449.0,38.94883462
2026-03-16 08:00:00,73449.0,73693.3,73449.0,73677.3,28.64980292
2026-03-16 08:05:00,73677.3,73735.1,73648.9,73693.1,12.77999549
2026-03-16 08:10:00,73693.0,73772.1,73500.0,73511.1,22.95880725
2026-03-16 08:15:00,73511.1,73521.5,73380.1,73470.9,22.87387251
2026-03-16 08:20:00,73471.0,73561.0,73385.9,73526.0,31.30171043
2026-03-16 08:25:00,73525.9,73525.9,73360.0,73360.0,7.35425827
2026-03-16 08:30:00,73360.0,73370.1,73228.5,73251.0,28.5451113
2026-03-16 08:35:00,73242.8,73319.1,73188.1,73201.3,48.18407336
2026-03-16 08:40:00,73201.3,73278.2,72902.4,72912.0,105.47453067
2026-03-16 08:45:00,72911.9,73148.2,72860.2,73085.4,71.75474548
2026-03-16 08:50:00,73086.9,73202.5,72900.1,73179.1,35.80951872
2026-03-16 08:55:00,73179.2,73191.4,73123.0,73138.5,6.28527872
2026-03-16 09:00:00,73142.8,73166.8,73100.0,73120.9,29.89800009
2026-03-16 09:05:00,73120.9,73174.6,73059.0,73174.6,17.20452579
2026-03-16 09:10:00,73176.8,73218.4,73133.0,73136.8,11.94955388
2026-03-16 09:15:00,73136.8,73220.3,73136.7,73208.0,8.90814306
2026-03-16 09:20:00,73208.0,73245.8,73149.0,73182.0,8.47401379
2026-03-16 09:25:00,73182.0,73329.9,73182.0,73275.5,18.53286369
2026-03-16 09:30:00,73275.5,73275.6,73183.5,73209.8,29.13225315
2026-03-16 09:35:00,73209.9,73266.9,73187.1,73187.1,26.3151726
2026-03-16 09:40:00,73187.3,73257.8,73187.3,73197.7,8.25093049
2026-03-16 09:45:00,73197.7,73302.9,73168.9,73289.9,16.74516997
2026-03-16 09:50:00,73289.9,73333.0,73270.1,73275.0,7.71075875
2026-03-16 09:55:00,73275.0,73296.9,73242.7,73263.5,3.19667158
2026-03-16 10:00:00,73263.5,73486.2,73263.5,73403.9,80.16895842
2026-03-16 10:05:00,73404.0,73406.0,73275.0,73366.7,19.55968121
2026-03-16 10:10:00,73366.7,73383.6,73322.0,73342.0,4.36131525
2026-03-16 10:15:00,73342.1,73407.1,73327.3,73332.8,8.07577514
2026-03-16 10:20:00,73332.9,73495.0,73302.4,73443.0,6.82773397
2026-03-16 10:25:00,73442.9,73467.2,73400.9,73438.0,8.04510783
2026-03-16 10:30:00,73438.1,73438.1,73298.6,73300.1,10.2129785
2026-03-16 10:35:00,73300.4,73300.4,73204.8,73226.0,13.8951309
2026-03-16 10:40:00,73225.9,73308.7,73225.9,73249.9,18.93780997
2026-03-16 10:45:00,73263.5,73450.0,73224.8,73450.0,13.11082455
2026-03-16 10:50:00,73449.9,73649.3,73449.9,73565.9,39.36832019
2026-03-16 10:55:00,73566.0,73784.0,73566.0,73783.4,45.75865609
2026-03-16 11:00:00,73783.5,73834.6,73700.9,73721.0,28.91918402
2026-03-16 11:05:00,73721.0,73737.0,73662.0,73663.9,14.83850911
2026-03-16 11:10:00,73663.9,73727.7,73610.0,73612.6,12.89529779
2026-03-16 11:15:00,73612.6,73751.2,73600.0,73721.2,8.28574437
2026-03-16 11:20:00,73721.0,73751.1,73585.0,73603.7,9.82896907
2026-03-16 11:25:00,73603.6,73693.0,73543.2,73560.1,12.05482011
2026-03-16 11:30:00,73560.0,73602.3,73515.3,73600.8,6.72126211
2026-03-16 11:35:00,73600.6,73619.0,73539.6,73618.9,7.77328003
2026-03-16 11:40:00,73617.5,73663.6,73599.5,73616.4,6.13560893
2026-03-16 11:45:00,73616.5,73673.5,73587.8,73587.9,5.87178761
2026-03-16 11:50:00,73587.9,73623.9,73528.0,73583.3,4.42282785
2026-03-16 11:55:00,73583.2,73602.6,73544.0,73552.6,11.3858542
2026-03-16 12:00:00,73552.6,73819.0,73538.5,73619.8,19.81330071
2026-03-16 12:05:00,73619.8,73667.0,73483.4,73592.9,24.15766555
2026-03-16 12:10:00,73592.9,73610.0,73446.4,73590.1,25.57281045
2026-03-16 12:15:00,73590.2,73711.2,73494.0,73695.7,25.60431119
2026-03-16 12:20:00,73695.8,73781.9,73562.2,73752.2,36.81384978
2026-03-16 12:25:00,73752.1,73886.5,73658.1,73872.4,39.68615262
2026-03-16 12:30:00,73871.3,74041.0,73758.2,73906.0,57.22495763
2026-03-16 12:35:00,73906.1,73965.3,73757.1,73805.8,18.94090852
2026-03-16 12:40:00,73810.3,73851.9,73752.0,73805.7,14.69417173
2026-03-16 12:45:00,73805.8,73871.0,73716.6,73781.6,18.01107478
2026-03-16 12:50:00,73782.3,73824.3,73737.5,73791.1,20.0894331
2026-03-16 12:55:00,73788.7,73871.0,73775.0,73863.3,8.65851058
2026-03-16 13:00:00,73863.4,73932.5,73845.1,73931.0,8.19408058
2026-03-16 13:05:00,73931.0,74008.0,73847.7,73870.0,17.12133945
2026-03-16 13:10:00,73870.0,73969.1,73837.0,73961.0,13.45385626
2026-03-16 13:15:00,73961.1,73990.0,73778.1,73799.9,18.89411165
2026-03-16 13:20:00,73799.9,73956.0,73781.5,73924.5,14.20075887
2026-03-16 13:25:00,73925.0,73938.0,73855.0,73897.0,7.3166432
2026-03-16 13:30:00,73897.1,74326.5,73829.2,74308.1,157.67964434
2026-03-16 13:35:00,74308.1,74398.9,74215.9,74338.0,120.99311257
2026-03-16 13:40:00,74327.9,74500.0,73974.1,74075.4,123.64554559
2026-03-16 13:45:00,74075.1,74412.5,74062.4,74184.0,114.74474349
2026-03-16 13:50:00,74185.0,74262.0,73872.4,73885.0,54.07061281
2026-03-16 13:55:00,73884.9,74111.9,73866.4,74111.2,17.31616657
2026-03-16 14:00:00,74111.3,74356.1,73960.3,74223.9,49.6334309
2026-03-16 14:05:00,74223.9,74450.1,74141.4,74355.0,28.35620773
2026-03-16 14:10:00,74356.0,74439.5,74177.4,74294.1,26.40833384
2026-03-16 14:15:00,74294.0,74370.0,74150.6,74150.6,26.72364475
2026-03-16 14:20:00,74150.1,74306.1,74096.8,74169.2,18.26798997
2026-03-16 14:25:00,74164.4,74172.0,73610.0,73616.1,119.44878953
2026-03-16 14:30:00,73616.1,73639.6,73262.7,73437.9,147.36571522
2026-03-16 14:35:00,73437.9,73534.7,73131.3,73179.6,60.2980781
2026-03-16 14:40:00,73176.0,73333.3,73000.0,73140.6,106.62439367
2026-03-16 14:45:00,73138.0,73246.8,73101.1,73116.3,30.17881969
2026-03-16 14:50:00,73116.4,73394.6,73011.0,73376.8,30.19843519
2026-03-16 14:55:00,73374.0,73588.1,73341.3,73565.8,23.39547609
2026-03-16 15:00:00,73565.8,73617.2,73390.7,73514.0,16.93184336
2026-03-16 15:05:00,73515.0,73584.7,73326.5,73584.7,15.72276622
2026-03-16 15:10:00,73584.7,73786.9,73470.7,73676.9,20.08933523
2026-03-16 15:15:00,73678.1,73811.4,73562.3,73785.9,38.09883424
2026-03-16 15:20:00,73785.9,73900.0,73755.1,73846.1,100.46655001
2026-03-16 15:25:00,73846.0,73852.0,73741.4,73839.6,35.97757634
2026-03-16 15:30:00,73839.6,74027.9,73683.3,73713.3,105.55825684
2026-03-16 15:35:00,73718.0,73824.0,73624.9,73645.8,52.96758228
2026-03-16 15:40:00,73645.3,73666.7,73488.5,73545.9,32.63947246
2026-03-16 15:45:00,73547.8,73606.5,73508.9,73534.0,7.10486983
2026-03-16 15:50:00,73531.1,73534.8,73298.9,73378.1,96.71974751
2026-03-16 15:55:00,73378.0,73378.0,73184.4,73269.1,23.92327626
2026-03-16 16:00:00,73269.1,73339.6,73158.0,73251.2,35.78876899
2026-03-16 16:05:00,73251.2,73508.8,73235.1,73332.7,17.14433714
2026-03-16 16:10:00,73328.0,73387.9,73250.1,73334.0,12.3652259
2026-03-16 16:15:00,73333.9,73476.0,73328.4,73447.0,46.44100943
2026-03-16 16:20:00,73446.4,73477.1,73379.6,73414.9,10.82141137
2026-03-16 16:25:00,73412.4,73491.9,73361.3,73403.2,49.51032448
2026-03-16 16:30:00,73403.2,73540.0,73319.6,73413.1,82.62631519
2026-03-16 16:35:00,73413.1,73512.5,73364.9,73438.0,50.83713713
2026-03-16 16:40:00,73438.0,73666.6,73431.6,73655.0,77.10094596
2026-03-16 16:45:00,73654.9,73756.5,73592.8,73723.3,26.4988626
2026-03-16 16:50:00,73723.1,73907.0,73716.0,73821.0,27.52500916
2026-03-16 16:55:00,73821.0,73856.3,73709.5,73758.9,13.95377378
2026-03-16 17:00:00,73759.0,73929.9,73691.0,73767.1,24.74897994
2026-03-16 17:05:00,73767.1,73863.2,73699.1,73727.9,15.62814734
2026-03-16 17:10:00,73728.0,73879.6,73728.0,73835.1,10.02904954
2026-03-16 17:15:00,73831.9,73882.9,73745.1,73843.4,12.52169044
2026-03-16 17:20:00,73843.3,73883.0,73745.1,73780.7,8.71668272
2026-03-16 17:25:00,73782.0,73832.4,73672.5,73683.9,27.99124935
2026-03-16 17:30:00,73684.0,73864.6,73643.1,73660.1,19.43311547
2026-03-16 17:35:00,73660.1,73954.4,73660.1,73945.9,25.12136106
2026-03-16 17:40:00,73941.5,73960.0,73866.5,73890.2,14.99783907
2026-03-16 17:45:00,73890.1,74057.1,73862.9,73946.0,33.58230957
2026-03-16 17:50:00,73946.0,73965.4,73763.6,73955.6,21.7972425
2026-03-16 17:55:00,73955.5,73975.1,73911.4,73948.1,36.73474544
2026-03-16 18:00:00,73948.1,73997.4,73908.3,73975.0,26.39292954
2026-03-16 18:05:00,73975.1,74320.0,73948.6,74308.0,68.49644115
2026-03-16 18:10:00,74307.9,74341.9,74156.1,74210.0,26.55109572
2026-03-16 18:15:00,74212.0,74306.8,74180.0,74185.0,13.40790528
2026-03-16 18:20:00,74185.0,74246.7,74112.0,74199.4,29.16940512
2026-03-16 18:25:00,74199.5,74312.9,74174.3,74249.5,18.88459837
2026-03-16 18:30:00,74252.0,74350.0,74177.0,74307.1,19.58651598
2026-03-16 18:35:00,74307.1,74359.2,74003.7,74103.7,27.12294459
2026-03-16 18:40:00,74105.9,74286.0,74083.4,74205.1,24.03799222
2026-03-16 18:45:00,74205.1,74205.1,74090.1,74119.9,15.15799672
2026-03-16 18:50:00,74119.9,74120.1,73975.5,74002.1,15.56383997
2026-03-16 18:55:00,74002.0,74002.1,73834.4,73913.6,20.52449859
2026-03-16 19:00:00,73913.6,73968.7,73787.9,73860.1,18.58497783
2026-03-16 19:05:00,73860.0,74243.8,73841.0,74230.5,17.02623379
2026-03-16 19:10:00,74228.0,74413.9,74030.0,74169.0,42.70695821
2026-03-16 19:15:00,74162.9,74261.9,74083.1,74099.0,14.85167864
2026-03-16 19:20:00,74098.0,74149.6,74059.1,74089.1,8.42196505
2026-03-16 19:25:00,74089.1,74154.9,73968.7,74112.1,14.74034777
2026-03-16 19:30:00,74109.7,74244.9,74106.2,74174.1,55.10377589
2026-03-16 19:35:00,74174.1,74184.2,74110.0,74171.1,19.47966615
2026-03-16 19:40:00,74167.9,74215.0,74142.9,74144.4,7.15472044
2026-03-16 19:45:00,74144.4,74150.3,73910.6,73934.0,34.10756882
2026-03-16 19:50:00,73933.9,73985.0,73840.1,73898.0,10.30603699
2026-03-16 19:55:00,73900.1,74036.4,73892.1,73967.2,17.28275602
2026-03-16 20:00:00,73962.2,73983.0,73899.6,73925.1,12.37020551
2026-03-16 20:05:00,73927.0,73937.0,73870.3,73891.0,9.24488972
2026-03-16 20:10:00,73891.0,73958.7,73845.0,73905.9,8.75520335
2026-03-16 20:15:00,73905.3,73970.0,73878.0,73880.1,3.35761139
2026-03-16 20:20:00,73880.0,74010.0,73879.0,73993.6,12.77270171
2026-03-16 20:25:00,73993.5,74060.8,73975.9,73975.9,8.04326797
2026-03-16 20:30:00,73975.3,74066.5,73975.3,74043.5,14.45958618
2026-03-16 20:35:00,74043.5,74110.6,74004.9,74095.6,6.99379425
2026-03-16 20:40:00,74095.6,74099.9,74008.5,74035.3,4.18010225
2026-03-16 20:45:00,74035.3,74089.3,74035.3,74083.5,3.72592532
2026-03-16 20:50:00,74088.0,74232.5,74088.0,74162.7,11.63851321
2026-03-16 20:55:00,74162.7,74239.5,74157.1,74228.9,6.08941291
2026-03-16 21:00:00,74229.0,74518.8,74146.1,74454.1,59.59049987
2026-03-16 21:05:00,74454.0,74472.5,74148.2,74291.9,22.45730994
2026-03-16 21:10:00,74292.0,74399.9,74291.9,74352.9,25.39728136
2026-03-16 21:15:00,74353.0,74444.3,74325.7,74434.6,15.94965596
2026-03-16 21:20:00,74434.7,74476.1,74240.1,74336.1,16.98497455
2026-03-16 21:25:00,74336.0,74336.0,74200.1,74270.7,16.94955922
2026-03-16 21:30:00,74270.7,74495.2,74248.8,74462.0,16.22271937
2026-03-16 21:35:00,74462.0,74800.0,74438.0,74528.8,160.38453874
2026-03-16 21:40:00,74528.8,74553.1,74336.6,74441.6,41.42472099
2026-03-16 21:45:00,74441.5,74562.1,74406.5,74509.9,16.99058487
2026-03-16 21:50:00,74509.9,74623.2,74463.0,74524.6,9.5685021
2026-03-16 21:55:00,74522.8,74529.8,74343.7,74397.8,13.47037306
2026-03-16 22:00:00,74397.9,74680.4,74374.8,74666.7,13.50931808
2026-03-16 22:05:00,74666.7,74897.1,74663.4,74875.0,46.93837418
2026-03-16 22:10:00,74874.9,74899.0,74793.8,74874.1,10.08189701
2026-03-16 22:15:00,74874.1,74899.0,74773.0,74875.0,20.5508098
2026-03-16 22:20:00,74875.5,74875.5,74619.5,74632.6,29.90690303
2026-03-16 22:25:00,74632.5,74732.2,74583.0,74653.3,16.15449831
2026-03-16 22:30:00,74653.3,74730.2,74616.1,74624.9,8.5297217
2026-03-16 22:35:00,74626.0,74768.0,74626.0,74763.2,9.78397115
2026-03-16 22:40:00,74763.2,74779.9,74674.9,74765.0,13.93627364
2026-03-16 22:45:00,74765.0,74867.9,74758.6,74843.0,18.14203847
2026-03-16 22:50:00,74843.0,74866.0,74700.0,74714.7,7.76799024
2026-03-16 22:55:00,74715.9,74764.0,74674.9,74761.1,11.14535794
2026-03-16 23:00:00,74762.0,74764.9,74379.8,74396.1,59.57951069
2026-03-16 23:05:00,74396.1,74479.9,74250.0,74348.1,52.96949122
2026-03-16 23:10:00,74346.0,74452.4,74301.8,74398.0,15.15863398
2026-03-16 23:15:00,74398.1,74570.2,74398.0,74502.5,19.51919439
2026-03-16 23:20:00,74499.0,74528.5,74453.6,74485.1,6.30766917
2026-03-16 23:25:00,74485.1,74612.6,74485.1,74612.1,5.38046107
2026-03-16 23:30:00,74612.0,74749.9,74597.5,74732.2,11.86034633
2026-03-16 23:35:00,74732.2,74751.6,74702.5,74722.3,8.00464293
2026-03-16 23:40:00,74723.0,74888.7,74713.5,74875.1,30.56530592
2026-03-16 23:45:00,74876.9,74934.7,74795.1,74820.9,20.31384411
2026-03-16 23:50:00,74820.9,74859.5,74673.5,74783.7,7.92141693
2026-03-16 23:55:00,74783.7,74883.6,74762.3,74883.5,6.04177659
2026-03-17 00:00:00,74883.6,74883.6,74615.5,74715.9,34.42107111
2026-03-17 00:05:00,74715.8,75119.7,74715.8,75026.7,150.36086066
2026-03-17 00:10:00,75026.7,75462.4,75026.7,75408.2,141.0558286
2026-03-17 00:15:00,75408.1,75509.0,75218.2,75225.8,72.11152554
2026-03-17 00:20:00,75234.5,75254.2,74923.3,74962.6,73.00905216
2026-03-17 00:25:00,74962.5,75080.0,74838.8,75079.9,26.91877237
2026-03-17 00:30:00,75080.0,75233.7,75062.5,75150.4,27.1942868
2026-03-17 00:35:00,75150.4,75230.6,74954.6,75003.0,32.14615468
2026-03-17 00:40:00,75003.1,75085.2,74895.9,75011.6,21.21800803
2026-03-17 00:45:00,74997.4,75117.7,74982.9,75016.0,13.11420849
2026-03-17 00:50:00,75015.9,75045.8,74920.0,75033.5,21.14107115
2026-03-17 00:55:00,75034.2,75330.3,74969.5,75311.0,26.30145516
2026-03-17 01:00:00,75318.2,75409.0,75103.3,75134.2,33.03470476
2026-03-17 01:05:00,75137.3,75392.3,75071.5,75330.9,22.74706711
2026-03-17 01:10:00,75333.9,75977.9,75300.1,75835.1,244.13898106
2026-03-17 01:15:00,75840.6,75868.2,75607.6,75838.0,49.85690317
2026-03-17 01:20:00,75837.3,75875.0,75635.1,75753.7,37.99492802
2026-03-17 01:25:00,75753.7,75977.7,75739.7,75928.7,46.64682341
2026-03-17 01:30:00,75928.7,75928.7,75788.1,75888.0,20.77125718
2026-03-17 01:35:00,75880.2,76011.8,75666.6,75683.1,70.08023501
2026-03-17 01:40:00,75687.8,75769.0,75509.0,75674.1,70.90243075
2026-03-17 01:45:00,75674.0,75769.0,75587.1,75619.4,25.08374463
2026-03-17 01:50:00,75619.4,75650.1,75456.0,75501.0,40.13546879
2026-03-17 01:55:00,75502.4,75666.6,75501.2,75619.0,15.09991702
2026-03-17 02:00:00,75617.1,75673.8,75553.7,75588.9,8.77317343
2026-03-17 02:05:00,75588.9,75588.9,75189.5,75244.0,79.24192909
2026-03-17 02:10:00,75247.0,75259.0,75125.1,75238.1,26.66699765
2026-03-17 02:15:00,75242.0,75268.7,75159.3,75159.3,9.11379886
2026-03-17 02:20:00,75158.7,75229.7,75120.6,75159.2,12.00501674
2026-03-17 02:25:00,75159.9,75196.0,75114.4,75164.0,15.93419716
2026-03-17 02:30:00,75165.1,75321.7,75120.0,75289.2,18.43101776
2026-03-17 02:35:00,75289.2,75434.7,75289.1,75418.1,26.34372351
2026-03-17 02:40:00,75420.0,75464.8,75369.0,75399.1,19.09690897
2026-03-17 02:45:00,75399.1,75424.2,75257.5,75275.0,32.103422
2026-03-17 02:50:00,75275.0,75334.8,75237.0,75283.9,49.88566107
2026-03-17 02:55:00,75282.4,75286.3,75146.1,75200.2,22.56004241
2026-03-17 03:00:00,75200.3,75328.9,75164.1,75283.9,29.0373046
2026-03-17 03:05:00,75281.0,75281.0,75159.8,75190.5,27.66271767
2026-03-17 03:10:00,75190.5,75190.5,74934.7,74946.4,99.91258587
2026-03-17 03:15:00,74946.5,75000.0,74916.8,74998.1,12.76298767
2026-03-17 03:20:00,74998.0,74998.0,74742.3,74810.1,50.68452186
2026-03-17 03:25:00,74810.0,74940.4,74788.5,74832.4,47.33500101
2026-03-17 03:30:00,74837.3,74843.7,74525.7,74595.3,66.35084686
2026-03-17 03:35:00,74601.8,74658.7,74545.6,74621.1,41.14811393
2026-03-17 03:40:00,74621.1,74621.1,74353.0,74426.9,96.77133456
2026-03-17 03:45:00,74427.0,74432.2,74294.0,74315.1,48.19376513
2026-03-17 03:50:00,74315.0,74456.0,74275.4,74373.1,23.86051005
2026-03-17 03:55:00,74373.1,74529.0,74287.5,74465.6,62.45467762
2026-03-17 04:00:00,74465.7,74606.0,74435.3,74499.5,100.66245085
2026-03-17 04:05:00,74499.6,74681.0,74496.0,74619.7,47.80650265
2026-03-17 04:10:00,74623.9,74695.1,74599.1,74693.0,29.83364896
2026-03-17 04:15:00,74693.0,74695.7,74440.0,74477.0,63.98071703
2026-03-17 04:20:00,74477.0,74492.9,74309.2,74387.1,27.39725707
2026-03-17 04:25:00,74387.1,74454.4,74339.7,74429.3,34.30536452
2026-03-17 04:30:00,74429.2,74510.6,74125.0,74167.0,81.24665037
2026-03-17 04:35:00,74167.0,74199.8,74009.9,74059.5,53.33533148
2026-03-17 04:40:00,74060.7,74248.7,74000.1,74062.0,41.44119091
2026-03-17 04:45:00,74062.0,74223.6,74050.0,74210.7,22.86293327
2026-03-17 04:50:00,74212.3,74295.9,74193.7,74244.0,55.24587836
2026-03-17 04:55:00,74244.1,74299.8,74218.2,74246.3,41.30209837
2026-03-17 05:00:00,74246.4,74246.4,74091.0,74240.0,33.71346945
2026-03-17 05:05:00,74239.9,74347.8,74239.9,74312.0,9.73997857
2026-03-17 05:10:00,74312.0,74391.3,74282.0,74289.1,31.50335929
2026-03-17 05:15:00,74290.0,74425.4,74290.0,74357.5,11.77677267
2026-03-17 05:20:00,74357.4,74357.4,74211.5,74332.1,18.40017217
2026-03-17 05:25:00,74332.9,74426.5,74332.9,74411.9,23.60386742
2026-03-17 05:30:00,74412.0,74468.0,74337.1,74350.6,18.53634003
2026-03-17 05:35:00,74351.5,74351.5,74109.0,74141.0,28.3974125
2026-03-17 05:40:00,74141.1,74179.3,73932.0,73950.4,69.91829809
2026-03-17 05:45:00,73948.4,74039.4,73793.5,73883.6,54.79437786
2026-03-17 05:50:00,73883.6,74084.4,73883.5,74069.5,24.90936203
2026-03-17 05:55:00,74069.4,74111.1,73991.6,74046.2,12.05750196
2026-03-17 06:00:00,74046.3,74086.9,73900.7,73959.9,25.29618146
2026-03-17 06:05:00,73958.1,73978.0,73900.4,73973.7,29.14083938
2026-03-17 06:10:00,73973.8,74175.0,73910.9,74153.2,23.78547517
2026-03-17 06:15:00,74153.2,74195.6,74090.0,74111.1,20.09566927
2026-03-17 06:20:00,74111.0,74278.9,74105.2,74208.9,12.8613115
2026-03-17 06:25:00,74209.0,74263.3,74140.1,74225.1,14.00322486
2026-03-17 06:30:00,74222.0,74268.9,74101.0,74226.1,12.59438265
2026-03-17 06:35:00,74226.1,74281.0,74222.0,74280.9,11.24755818
2026-03-17 06:40:00,74281.0,74285.4,73988.7,74008.7,33.07664492
2026-03-17 06:45:00,74008.7,74056.8,73956.5,73966.0,23.50545364
2026-03-17 06:50:00,73968.8,74055.8,73968.8,74022.3,8.25862962
2026-03-17 06:55:00,74022.3,74103.0,74022.2,74087.1,21.83847623
2026-03-17 07:00:00,74087.1,74203.7,74071.0,74191.3,15.62331334
2026-03-17 07:05:00,74191.4,74225.0,74160.1,74200.0,14.49596391
2026-03-17 07:10:00,74200.1,74362.6,74200.1,74325.7,37.19462391
2026-03-17 07:15:00,74325.6,74424.0,74324.0,74403.9,35.69092981
2026-03-17 07:20:00,74403.9,74459.4,74351.0,74410.8,18.79623606
2026-03-17 07:25:00,74410.8,74431.0,74364.1,74406.2,15.68351273
2026-03-17 07:30:00,74406.2,74406.2,74314.1,74342.4,17.39802106
2026-03-17 07:35:00,74342.4,74381.9,74300.1,74334.4,13.02866324
2026-03-17 07:40:00,74334.3,74398.0,74320.0,74388.6,15.66452417
2026-03-17 07:45:00,74388.6,74388.7,74329.1,74330.0,10.30094129
2026-03-17 07:50:00,74329.9,74329.9,74237.7,74237.8,16.29708278
2026-03-17 07:55:00,74237.7,74256.3,74222.2,74245.3,14.82150112
2026-03-17 08:00:00,74245.3,74450.0,74245.2,74426.0,23.67281786
2026-03-17 08:05:00,74426.0,74431.5,74306.0,74306.0,22.32293747
2026-03-17 08:10:00,74306.1,74331.0,74167.8,74228.1,16.2366269
2026-03-17 08:15:00,74228.1,74332.0,74103.6,74332.0,21.1179521
2026-03-17 08:20:00,74331.9,74400.0,74261.1,74275.9,11.38447462
2026-03-17 08:25:00,74281.0,74341.7,74255.1,74315.0,17.78076598
2026-03-17 08:30:00,74315.0,74370.7,74237.7,74268.7,15.43836474
2026-03-17 08:35:00,74271.4,74289.0,74173.9,74211.6,11.93909413
2026-03-17 08:40:00,74211.6,74449.6,74211.6,74400.0,35.74224541
2026-03-17 08:45:00,74399.9,74432.0,74383.1,74409.1,7.88837158
2026-03-17 08:50:00,74409.0,74416.2,74318.1,74339.0,13.34108099
2026-03-17 08:55:00,74339.0,74379.0,74147.5,74199.0,33.40327956
2026-03-17 09:00:00,74199.1,74260.4,74080.0,74093.4,13.63528566
2026-03-17 09:05:00,74093.5,74130.1,74024.4,74102.5,16.26033387
2026-03-17 09:10:00,74106.0,74108.0,74050.0,74051.4,10.83646143
2026-03-17 09:15:00,74051.3,74199.9,74000.6,74196.0,35.22161744
2026-03-17 09:20:00,74193.8,74213.0,74130.0,74211.6,18.81080968
2026-03-17 09:25:00,74207.0,74406.0,74192.0,74317.0,33.36446306
2026-03-17 09:30:00,74316.9,74328.1,74160.6,74181.5,9.04037858
2026-03-17 09:35:00,74181.5,74250.0,74167.3,74221.2,12.39553855
2026-03-17 09:40:00,74221.3,74259.1,74139.5,74191.4,17.53542532
2026-03-17 09:45:00,74191.3,74191.4,74130.0,74145.3,15.18078002
2026-03-17 09:50:00,74145.3,74177.0,73967.3,73967.3,25.22842506
2026-03-17 09:55:00,73967.3,73967.4,73850.1,73943.0,49.01312633
2026-03-17 10:00:00,73943.0,73969.6,73866.8,73940.4,15.54847154
2026-03-17 10:05:00,73927.0,73927.0,73560.8,73665.6,127.84411522
2026-03-17 10:10:00,73665.7,73762.3,73630.0,73679.7,63.04300517
2026-03-17 10:15:00,73680.0,73753.0,73574.2,73752.9,52.77587565
2026-03-17 10:20:00,73753.0,73769.2,73721.0,73752.0,25.85295558
2026-03-17 10:25:00,73751.9,73845.1,73736.5,73751.2,18.74895701
2026-03-17 10:30:00,73749.8,73754.9,73638.1,73741.0,17.0414504
2026-03-17 10:35:00,73741.0,73792.0,73605.4,73757.1,18.97671198
2026-03-17 10:40:00,73757.7,73776.0,73653.1,73754.0,30.81240308
2026-03-17 10:45:00,73754.0,73779.0,73699.4,73699.4,6.93937599
2026-03-17 10:50:00,73694.3,73763.0,73650.0,73695.2,33.27170917
2026-03-17 10:55:00,73694.6,73766.0,73694.0,73733.5,5.18086621
2026-03-17 11:00:00,73733.5,73798.0,73678.8,73798.0,31.79820857
2026-03-17 11:05:00,73798.0,73931.0,73798.0,73923.0,36.07036797
2026-03-17 11:10:00,73923.0,73977.0,73893.0,73931.1,28.49133038
2026-03-17 11:15:00,73933.4,74000.0,73882.8,74000.0,23.78456849
2026-03-17 11:20:00,74000.0,74020.0,73917.0,73982.9,15.62530096
2026-03-17 11:25:00,73982.9,74075.8,73982.9,74014.1,35.34248756
2026-03-17 11:30:00,74014.0,74075.9,73942.1,74047.1,33.31808857
2026-03-17 11:35:00,74047.1,74132.0,74004.1,74114.9,15.18081847
2026-03-17 11:40:00,74114.0,74133.3,74090.7,74116.9,8.41320244
2026-03-17 11:45:00,74115.1,74211.5,74091.0,74160.4,18.89545096
2026-03-17 11:50:00,74160.5,74209.9,74126.0,74126.1,18.57440421
2026-03-17 11:55:00,74126.1,74135.0,74013.3,74034.4,12.42810082
2026-03-17 12:00:00,74034.1,74075.9,74014.0,74061.5,25.56885601
2026-03-17 12:05:00,74061.5,74174.6,74039.0,74147.9,10.8729806
2026-03-17 12:10:00,74147.9,74173.1,74046.0,74063.1,8.90326748
2026-03-17 12:15:00,74063.1,74108.0,73918.7,74107.9,18.26164637
2026-03-17 12:20:00,74107.9,74149.0,73926.1,73935.9,31.54605487
2026-03-17 12:25:00,73935.9,73935.9,73786.0,73801.1,40.04952549
2026-03-17 12:30:00,73801.0,73884.9,73766.1,73845.9,14.60025104
2026-03-17 12:35:00,73845.9,73919.2,73700.0,73910.5,16.58429069
2026-03-17 12:40:00,73910.0,73918.9,73830.0,73841.6,8.54544187
2026-03-17 12:45:00,73843.4,73844.4,73729.0,73735.0,10.36306088
2026-03-17 12:50:00,73735.0,73789.3,73652.1,73774.1,36.72272068
2026-03-17 12:55:00,73772.0,73788.9,73670.9,73747.6,18.42425005
2026-03-17 13:00:00,73747.6,73777.9,73690.6,73761.7,9.39615677
2026-03-17 13:05:00,73762.0,73815.5,73746.1,73779.9,3.39153576
2026-03-17 13:10:00,73779.9,73848.0,73775.0,73840.9,9.31223332
2026-03-17 13:15:00,73840.9,73840.9,73723.3,73807.0,25.50572848
2026-03-17 13:20:00,73807.1,73875.0,73738.2,73744.0,9.26983043
2026-03-17 13:25:00,73744.0,73744.1,73663.3,73710.1,8.71658903
2026-03-17 13:30:00,73710.2,74119.9,73685.1,73907.8,84.57051858
2026-03-17 13:35:00,73907.6,74037.9,73810.1,74037.9,31.79230795
2026-03-17 13:40:00,74038.0,74173.6,73728.4,73728.4,63.29589903
2026-03-17 13:45:00,73728.4,73877.5,73671.6,73789.9,33.77503792
2026-03-17 13:50:00,73789.6,73803.9,73389.0,73559.9,139.32067503
2026-03-17 13:55:00,73559.9,73676.4,73514.8,73621.0,17.23545191
2026-03-17 14:00:00,73621.0,73680.0,73431.1,73553.9,20.51378273
2026-03-17 14:05:00,73555.4,73803.0,73516.5,73721.3,20.77296961
2026-03-17 14:10:00,73721.9,73803.7,73614.8,73731.2,10.06669264
2026-03-17 14:15:00,73731.2,73790.4,73536.1,73717.8,15.6739414
2026-03-17 14:20:00,73718.9,73852.2,73665.1,73797.0,28.31512357
2026-03-17 14:25:00,73795.3,73936.1,73697.1,73894.2,24.27449124
2026-03-17 14:30:00,73896.3,74096.0,73891.1,74071.0,52.68485293
2026-03-17 14:35:00,74071.0,74198.0,74053.1,74137.0,41.76033167
2026-03-17 14:40:00,74138.3,74291.4,74123.9,74243.5,44.24099884
2026-03-17 14:45:00,74243.5,74417.1,74217.0,74235.0,60.91255726
2026-03-17 14:50:00,74235.0,74300.0,74105.0,74291.0,21.68198206
2026-03-17 14:55:00,74291.0,74384.0,74264.8,74382.5,33.1935536
2026-03-17 15:00:00,74384.0,74883.0,74369.4,74681.9,138.86644521
2026-03-17 15:05:00,74681.9,74708.2,74350.8,74366.0,97.59763413
2026-03-17 15:10:00,74365.9,74365.9,74080.2,74115.9,47.25014762
2026-03-17 15:15:00,74115.9,74248.5,74078.2,74238.0,17.51045491
2026-03-17 15:20:00,74237.9,74296.5,74011.0,74060.1,38.35425405
2026-03-17 15:25:00,74059.8,74140.5,73981.1,74045.2,19.87297671
2026-03-17 15:30:00,74045.2,74149.3,73907.4,73959.0,23.90247242
2026-03-17 15:35:00,73963.3,73993.9,73669.8,73860.9,58.62490115
2026-03-17 15:40:00,73860.9,73930.0,73755.1,73903.3,17.37169472
2026-03-17 15:45:00,73903.3,73923.9,73715.7,73767.1,19.79215511
2026-03-17 15:50:00,73769.0,74056.4,73769.0,74008.0,35.14117718
2026-03-17 15:55:00,74008.1,74036.9,73910.3,73917.4,13.62116263
2026-03-17 16:00:00,73915.5,73985.6,73862.0,73959.9,20.70340407
2026-03-17 16:05:00,73959.9,74096.0,73940.2,74093.2,27.03890432
2026-03-17 16:10:00,74093.1,74152.9,73970.0,73975.1,35.0705698
2026-03-17 16:15:00,73975.1,74232.2,73946.4,74227.5,24.25316958
2026-03-17 16:20:00,74227.5,74336.0,74138.6,74334.0,33.72378498
2026-03-17 16:25:00,74333.9,74346.6,74200.2,74209.1,36.37781072
2026-03-17 16:30:00,74209.1,74247.8,74020.0,74112.5,31.2766146
2026-03-17 16:35:00,74114.6,74140.9,73986.9,74047.5,25.83754629
2026-03-17 16:40:00,74047.5,74159.1,74020.2,74133.9,7.35313812
2026-03-17 16:45:00,74134.0,74186.9,74006.1,74128.1,12.06178797
2026-03-17 16:50:00,74128.0,74263.6,74125.1,74200.0,6.18545606
2026-03-17 16:55:00,74200.1,74225.5,74093.1,74157.0,5.43262369
2026-03-17 17:00:00,74157.0,74310.9,74156.9,74225.4,21.25635451
2026-03-17 17:05:00,74221.2,74254.9,74165.0,74199.5,18.39665264
2026-03-17 17:10:00,74197.1,74218.0,73997.4,74206.7,21.034973
2026-03-17 17:15:00,74206.8,74281.6,74162.0,74271.1,6.18212958
2026-03-17 17:20:00,74273.0,74443.1,74244.9,74359.0,49.45516197
2026-03-17 17:25:00,74359.0,74365.9,74264.0,74284.2,9.27316752
2026-03-17 17:30:00,74284.1,74388.0,74209.7,74240.1,36.63699623
2026-03-17 17:35:00,74240.1,74388.0,74239.1,74388.0,9.40591469
2026-03-17 17:40:00,74388.0,74484.9,74388.0,74419.0,43.97395843
2026-03-17 17:45:00,74419.0,74542.8,74357.2,74521.0,27.89550261
2026-03-17 17:50:00,74521.0,74594.1,74502.4,74513.6,20.11329047
2026-03-17 17:55:00,74513.6,74534.9,74448.1,74523.9,17.68181477
2026-03-17 18:00:00,74524.0,74620.1,74448.0,74552.0,23.08169938
2026-03-17 18:05:00,74552.0,74638.7,74511.4,74632.0,23.59157964
2026-03-17 18:10:00,74631.3,74673.7,74591.8,74591.8,18.33232772
2026-03-17 18:15:00,74591.7,74630.9,74535.6,74614.8,10.91785376
2026-03-17 18:20:00,74614.7,74655.9,74461.9,74463.0,18.62620032
2026-03-17 18:25:00,74462.1,74497.7,74384.9,74415.0,12.41407549
2026-03-17 18:30:00,74415.0,74642.0,74411.0,74584.1,10.06870418
2026-03-17 18:35:00,74584.0,74722.0,74558.0,74643.2,7.10407967
2026-03-17 18:40:00,74643.3,74710.0,74608.0,74618.7,24.29736817
2026-03-17 18:45:00,74618.7,74696.5,74611.2,74696.0,5.13405151
2026-03-17 18:50:00,74696.1,74757.0,74680.0,74756.9,9.26135477
2026-03-17 18:55:00,74756.9,74765.8,74569.7,74683.0,8.08872136
2026-03-17 19:00:00,74683.1,74761.0,74634.0,74662.0,9.6014486
2026-03-17 19:05:00,74661.0,74764.4,74641.3,74734.9,5.78584535
2026-03-17 19:10:00,74735.0,74800.0,74716.2,74742.7,13.21315137
2026-03-17 19:15:00,74742.7,74799.9,74728.6,74733.4,30.6610043
2026-03-17 19:20:00,74733.3,74779.4,74630.0,74707.8,24.87878424
2026-03-17 19:25:00,74707.8,74750.8,74536.6,74631.1,12.91230537
2026-03-17 19:30:00,74631.1,74634.3,74526.9,74531.1,6.80518417
2026-03-17 19:35:00,74531.5,74774.1,74531.5,74717.5,7.2846488
2026-03-17 19:40:00,74717.7,74726.0,74616.5,74674.7,6.86740563
2026-03-17 19:45:00,74674.7,74693.0,74450.0,74562.2,16.70195805
2026-03-17 19:50:00,74564.2,74568.1,74455.0,74535.0,5.893927
2026-03-17 19:55:00,74539.9,74539.9,74433.3,74515.1,11.57569748
2026-03-17 20:00:00,74515.1,74519.8,74431.4,74432.8,11.62131959
2026-03-17 20:05:00,74432.7,74463.9,74390.5,74448.5,3.64214026
2026-03-17 20:10:00,74448.6,74500.0,74368.8,74374.1,7.67218308
2026-03-17 20:15:00,74374.0,74470.7,74374.0,74462.7,3.14293813
2026-03-17 20:20:00,74462.6,74634.0,74455.2,74625.1,6.57257854
2026-03-17 20:25:00,74625.0,74685.9,74610.6,74659.9,4.71822044
2026-03-17 20:30:00,74660.0,74660.0,74555.0,74559.0,2.48179977
2026-03-17 20:35:00,74559.1,74596.8,74524.0,74571.0,3.67946614
2026-03-17 20:40:00,74570.9,74581.7,74505.0,74552.4,16.38871849
2026-03-17 20:45:00,74562.4,74566.4,74489.0,74566.4,8.24088584
2026-03-17 20:50:00,74566.4,74591.4,74515.9,74519.9,4.09748993
2026-03-17 20:55:00,74520.0,74572.1,74516.0,74516.0,2.65261686
2026-03-17 21:00:00,74515.9,74565.7,74511.0,74511.1,4.55289223
2026-03-17 21:05:00,74511.1,74560.1,74465.0,74558.0,11.17566574
2026-03-17 21:10:00,74558.0,74798.0,74557.9,74713.9,19.69748462
2026-03-17 21:15:00,74712.0,74730.0,74632.1,74632.1,6.04653281
2026-03-17 21:20:00,74632.1,74668.0,74615.3,74644.8,6.65656703
2026-03-17 21:25:00,74644.8,74657.6,74568.9,74569.0,4.92820968
2026-03-17 21:30:00,74569.0,74633.4,74500.0,74598.0,5.87926006
2026-03-17 21:35:00,74599.6,74793.1,74584.2,74754.4,13.11997596
2026-03-17 21:40:00,74754.4,74800.0,74735.6,74742.7,3.33056024
2026-03-17 21:45:00,74742.6,74800.0,74691.3,74712.4,3.09581879
2026-03-17 21:50:00,74712.4,74730.1,74665.3,74698.3,1.30606309
2026-03-17 21:55:00,74698.3,74706.7,74645.1,74688.9,4.31413893
2026-03-17 22:00:00,74688.8,74775.8,74629.1,74762.2,3.01574153
2026-03-17 22:05:00,74762.2,74769.4,74558.0,74644.4,10.11452245
2026-03-17 22:10:00,74644.5,74664.5,74565.8,74580.3,4.34879995
2026-03-17 22:15:00,74582.0,74605.9,74535.3,74536.0,14.14431576
2026-03-17 22:20:00,74536.1,74556.2,74477.0,74477.1,8.13747193
2026-03-17 22:25:00,74477.0,74477.0,74375.0,74375.0,9.79990814
2026-03-17 22:30:00,74375.1,74395.0,74250.9,74273.9,20.4507086
2026-03-17 22:35:00,74273.8,74304.9,73933.8,73965.6,36.50059611
2026-03-17 22:40:00,73968.8,74196.0,73934.0,74162.9,22.11113307
2026-03-17 22:45:00,74163.0,74208.0,74134.0,74208.0,7.83658803
2026-03-17 22:50:00,74207.9,74285.6,74194.9,74262.1,8.77535979
2026-03-17 22:55:00,74262.1,74353.9,74233.9,74309.8,10.35873904
2026-03-17 23:00:00,74309.9,74349.0,74217.6,74293.3,5.19330063
2026-03-17 23:05:00,74293.3,74358.9,74262.4,74354.1,8.86299744
2026-03-17 23:10:00,74354.6,74399.8,74320.1,74322.0,3.56066399
2026-03-17 23:15:00,74322.0,74335.3,74255.3,74314.1,6.66378782
2026-03-17 23:20:00,74314.1,74329.2,74100.0,74221.9,11.35480369
2026-03-17 23:25:00,74221.9,74228.0,74177.0,74200.5,3.06833846
2026-03-17 23:30:00,74199.8,74199.8,74073.8,74120.2,8.43674088
2026-03-17 23:35:00,74120.2,74150.0,74055.0,74082.9,5.0065896
2026-03-17 23:40:00,74082.1,74082.1,73927.5,73949.0,25.56220918
2026-03-17 23:45:00,73950.0,74064.1,73930.6,74040.5,22.43531422
2026-03-17 23:50:00,74040.4,74054.9,73918.4,73961.2,19.18000197
2026-03-17 23:55:00,73961.2,73985.9,73875.0,73904.2,9.74110633
2026-03-18 00:00:00,73904.3,74028.9,73827.0,73917.7,32.0332115
2026-03-18 00:05:00,73917.7,74062.9,73915.1,74000.1,22.23453638
2026-03-18 00:10:00,74000.1,74043.0,73988.0,73994.0,9.05567088
2026-03-18 00:15:00,73994.0,74014.9,73763.8,73886.1,23.02321515
2026-03-18 00:20:00,73889.9,73944.0,73667.0,73686.0,29.23982813
2026-03-18 00:25:00,73686.0,73810.2,73671.5,73781.3,13.340874
2026-03-18 00:30:00,73781.2,73799.6,73671.1,73706.9,6.87672303
2026-03-18 00:35:00,73705.9,73717.4,73540.0,73594.0,35.23522483
2026-03-18 00:40:00,73593.0,73723.9,73530.7,73723.9,20.27586605
2026-03-18 00:45:00,73724.0,73824.8,73724.0,73800.0,8.98795915
2026-03-18 00:50:00,73798.0,73866.6,73770.2,73799.6,15.58493099
2026-03-18 00:55:00,73800.4,73885.7,73799.1,73862.1,4.27265205
2026-03-18 01:00:00,73862.1,73979.0,73814.7,73939.0,20.31373437
2026-03-18 01:05:00,73939.0,73987.7,73861.9,73963.6,6.84774279
2026-03-18 01:10:00,73964.5,73968.9,73837.0,73904.0,4.87425261
2026-03-18 01:15:00,73904.0,73946.0,73850.0,73924.0,22.16269297
2026-03-18 01:20:00,73923.9,73992.0,73913.1,73976.9,7.0621104
2026-03-18 01:25:00,73977.0,74055.6,73957.2,74016.7,19.97512867
2026-03-18 01:30:00,74016.8,74185.0,74016.7,74157.0,23.10671917
2026-03-18 01:35:00,74155.1,74201.2,74074.5,74153.1,10.1660039
2026-03-18 01:40:00,74155.1,74206.0,74141.1,74143.3,9.32084352
2026-03-18 01:45:00,74143.4,74207.6,74124.0,74166.9,8.45625095
2026-03-18 01:50:00,74167.0,74169.1,74009.1,74034.0,7.39464128
2026-03-18 01:55:00,74033.9,74089.0,74031.0,74078.9,2.18935044
2026-03-18 02:00:00,74079.0,74126.0,74052.2,74066.3,8.48888232
2026-03-18 02:05:00,74066.3,74254.0,74066.3,74252.9,15.03782753
2026-03-18 02:10:00,74252.9,74293.9,74199.6,74286.0,15.98950084
2026-03-18 02:15:00,74286.0,74300.0,74240.0,74274.8,19.73791925
2026-03-18 02:20:00,74279.6,74288.0,74203.8,74234.4,5.34468269
2026-03-18 02:25:00,74234.4,74234.4,74185.0,74226.6,5.03655213
2026-03-18 02:30:00,74226.5,74397.0,74200.0,74330.1,11.01931805
2026-03-18 02:35:00,74330.0,74359.9,74245.1,74315.9,11.80328331
2026-03-18 02:40:00,74315.9,74416.9,74313.1,74411.9,10.08519659
2026-03-18 02:45:00,74412.0,74479.0,74371.2,74380.1,9.79717624
2026-03-18 02:50:00,74380.2,74437.9,74346.3,74358.9,9.85788687
2026-03-18 02:55:00,74361.0,74380.0,74326.0,74341.0,6.88985058
2026-03-18 03:00:00,74341.0,74400.0,74316.1,74360.1,14.19036922
2026-03-18 03:05:00,74360.0,74388.0,74244.2,74277.1,14.49899236
2026-03-18 03:10:00,74277.1,74315.6,74266.3,74268.9,7.24549726
2026-03-18 03:15:00,74268.9,74291.0,74266.2,74279.9,4.42122546
2026-03-18 03:20:00,74280.0,74526.3,74267.1,74491.6,19.44544655
2026-03-18 03:25:00,74491.5,74622.0,74485.4,74521.9,37.34181426
2026-03-18 03:30:00,74521.9,74600.0,74499.0,74570.0,12.0301839
2026-03-18 03:35:00,74569.9,74668.6,74470.0,74474.0,28.9346062
2026-03-18 03:40:00,74473.9,74496.0,74443.3,74483.6,19.36582556
2026-03-18 03:45:00,74483.5,74510.6,74443.8,74461.9,12.93545578
2026-03-18 03:50:00,74462.0,74462.0,74410.5,74457.0,11.00413879
2026-03-18 03:55:00,74456.9,74513.1,74440.9,74441.0,9.25208863
2026-03-18 04:00:00,74441.0,74492.0,74437.0,74464.0,8.14446893
2026-03-18 04:05:00,74464.1,74464.1,74397.1,74403.1,4.53301795
2026-03-18 04:10:00,74403.1,74429.0,74403.1,74428.0,9.04208407
2026-03-18 04:15:00,74427.9,74427.9,74344.3,74372.5,11.44375126
2026-03-18 04:20:00,74378.0,74434.0,74323.5,74323.8,4.35351098
2026-03-18 04:25:00,74323.8,74332.7,74254.0,74254.1,22.08725938
2026-03-18 04:30:00,74254.0,74255.6,74175.0,74225.4,15.07376968
2026-03-18 04:35:00,74225.5,74233.0,74174.7,74228.0,4.08838208
2026-03-18 04:40:00,74228.0,74236.7,74192.0,74219.8,2.10445786
2026-03-18 04:45:00,74219.9,74259.0,74172.0,74172.0,13.95933898
2026-03-18 04:50:00,74172.0,74200.0,74162.1,74163.1,8.90265642
2026-03-18 04:55:00,74163.2,74183.0,74137.9,74165.0,18.61654003
2026-03-18 05:00:00,74170.0,74251.2,74155.2,74184.3,32.4030344
2026-03-18 05:05:00,74184.3,74262.0,74178.0,74261.9,12.94435619
2026-03-18 05:10:00,74259.3,74297.0,74250.0,74277.0,7.74576987
2026-03-18 05:15:00,74279.0,74283.0,74232.4,74237.0,22.95374725
2026-03-18 05:20:00,74237.0,74237.0,74168.0,74173.0,5.49511609
2026-03-18 05:25:00,74173.1,74174.2,74047.6,74069.3,11.02634371
2026-03-18 05:30:00,74069.3,74154.9,74044.9,74044.9,6.95541746
2026-03-18 05:35:00,74044.8,74084.1,74022.3,74078.0,1.55473792
2026-03-18 05:40:00,74077.9,74080.4,74000.0,74000.1,5.923573
2026-03-18 05:45:00,74000.1,74061.0,73986.6,73990.1,12.61828234
2026-03-18 05:50:00,73990.1,74014.5,73848.1,73848.1,24.47143065
2026-03-18 05:55:00,73847.8,73980.8,73840.5,73955.3,14.0201175
2026-03-18 06:00:00,73955.4,74030.0,73941.2,74030.0,15.16192883
2026-03-18 06:05:00,74030.0,74071.8,74030.0,74066.9,9.03184788
2026-03-18 06:10:00,74067.0,74100.0,74027.6,74087.7,5.89645346
2026-03-18 06:15:00,74092.0,74104.9,74032.0,74088.7,4.15264951
2026-03-18 06:20:00,74088.9,74214.3,74047.0,74192.7,8.53412535
2026-03-18 06:25:00,74201.5,74227.0,74160.0,74179.2,8.68321774
2026-03-18 06:30:00,74179.9,74214.0,74165.6,74165.7,5.94399555
2026-03-18 06:35:00,74165.7,74179.9,74048.1,74072.7,4.75386792
2026-03-18 06:40:00,74072.6,74074.5,74006.6,74057.0,13.34143761
2026-03-18 06:45:00,74057.0,74113.9,74041.2,74042.0,5.38150338
2026-03-18 06:50:00,74040.1,74095.5,74040.1,74090.0,0.90289141
2026-03-18 06:55:00,74090.1,74090.1,73943.0,73951.5,19.32305997
2026-03-18 07:00:00,73951.5,74000.0,73940.0,73952.1,6.42012131
2026-03-18 07:05:00,73952.0,73967.4,73864.1,73873.8,10.11849264
2026-03-18 07:10:00,73873.8,73990.2,73873.8,73983.1,10.7373067
2026-03-18 07:15:00,73983.7,73991.5,73901.0,73907.2,9.24989281
2026-03-18 07:20:00,73906.0,73907.9,73854.5,73905.0,18.27733815
2026-03-18 07:25:00,73905.0,73909.0,73810.0,73847.0,9.55264398
2026-03-18 07:30:00,73847.7,73847.8,73763.1,73763.1,15.74115004
2026-03-18 07:35:00,73763.0,73832.9,73708.8,73743.1,19.98324779
2026-03-18 07:40:00,73743.0,73819.4,73720.1,73720.1,21.46655234
2026-03-18 07:45:00,73720.0,73835.2,73700.0,73834.9,40.43972479
2026-03-18 07:50:00,73834.9,73916.4,73834.9,73914.1,20.52731949
2026-03-18 07:55:00,73914.0,73920.0,73860.2,73890.1,12.72854772
2026-03-18 08:00:00,73890.0,73975.3,73870.0,73959.9,19.45433062
2026-03-18 08:05:00,73960.0,74026.0,73942.4,73942.4,20.48686203
2026-03-18 08:10:00,73940.1,74025.0,73907.0,74021.8,7.18388564
2026-03-18 08:15:00,74021.8,74050.0,73968.0,74016.8,12.12804638
2026-03-18 08:20:00,74017.0,74059.7,74017.0,74059.7,9.15030444
2026-03-18 08:25:00,74059.7,74076.0,74000.1,74044.1,33.36906361
2026-03-18 08:30:00,74044.0,74071.8,73982.1,74061.8,16.28538721
2026-03-18 08:35:00,74061.8,74110.0,73976.1,74109.9,33.94675921
2026-03-18 08:40:00,74109.9,74110.0,74024.0,74087.7,8.30927627
2026-03-18 08:45:00,74087.8,74090.0,74040.3,74082.4,6.77061098
2026-03-18 08:50:00,74085.9,74128.0,74022.5,74039.0,17.54476281
2026-03-18 08:55:00,74038.9,74064.0,74022.5,74049.3,6.71082375
2026-03-18 09:00:00,74049.4,74114.0,74040.5,74098.5,8.93464069
2026-03-18 09:05:00,74098.4,74158.9,74088.7,74144.9,8.6490616
2026-03-18 09:10:00,74144.0,74192.9,74119.0,74167.0,6.6489384
2026-03-18 09:15:00,74166.1,74192.0,74133.2,74189.0,2.50206935
2026-03-18 09:20:00,74189.1,74224.0,74140.0,74140.1,4.29379897
2026-03-18 09:25:00,74140.0,74161.0,74118.4,74158.1,2.19521918
2026-03-18 09:30:00,74158.1,74204.3,74139.0,74196.9,3.91802998
2026-03-18 09:35:00,74196.9,74250.0,74165.1,74238.1,11.02303855
2026-03-18 09:40:00,74238.1,74280.0,74234.6,74248.1,14.00589707
2026-03-18 09:45:00,74248.0,74275.5,74206.0,74212.9,8.3879397
2026-03-18 09:50:00,74213.0,74216.7,74111.0,74122.1,4.22855865
2026-03-18 09:55:00,74122.4,74184.0,74122.4,74182.0,5.5276869
2026-03-18 10:00:00,74180.1,74207.5,74129.5,74129.5,2.02721856
2026-03-18 10:05:00,74129.5,74142.0,74098.0,74142.0,1.80236196
2026-03-18 10:10:00,74141.9,74288.6,74141.9,74249.1,17.95358538
2026-03-18 10:15:00,74249.1,74249.1,74206.0,74210.8,3.20480848
2026-03-18 10:20:00,74210.0,74217.3,74170.8,74177.0,1.56765667
2026-03-18 10:25:00,74176.9,74214.9,74168.1,74180.1,9.69759116
2026-03-18 10:30:00,74180.0,74210.2,74086.7,74095.8,10.11710364
2026-03-18 10:35:00,74096.0,74102.0,73983.1,73993.1,10.64496755
2026-03-18 10:40:00,73993.0,74034.1,73869.0,73883.4,34.16194665
2026-03-18 10:45:00,73883.5,73941.7,73797.8,73940.0,28.40459612
2026-03-18 10:50:00,73939.9,73949.1,73896.4,73911.8,11.84084293
2026-03-18 10:55:00,73911.7,73940.9,73887.0,73939.1,8.50977801
2026-03-18 11:00:00,73939.1,73947.8,73800.0,73826.9,24.97669437
2026-03-18 11:05:00,73826.9,73934.9,73735.0,73934.9,37.27082777
2026-03-18 11:10:00,73934.9,74079.9,73934.9,73952.9,19.81527245
2026-03-18 11:15:00,73952.9,74016.1,73946.0,73982.9,5.24277059
2026-03-18 11:20:00,73981.6,73992.9,73920.0,73920.1,3.86020533
2026-03-18 11:25:00,73922.2,73925.0,73558.8,73604.9,69.66155443
2026-03-18 11:30:00,73604.9,73611.0,73060.0,73199.6,315.59071985
2026-03-18 11:35:00,73191.8,73205.4,72807.4,72851.1,251.47163643
2026-03-18 11:40:00,72851.1,73119.4,72778.1,73119.4,132.83442417
2026-03-18 11:45:00,73119.4,73148.1,72983.0,73013.0,82.87327662
2026-03-18 11:50:00,73013.1,73146.9,72977.0,73011.9,38.97205625
2026-03-18 11:55:00,73012.0,73073.0,72888.0,72948.5,29.96087302
2026-03-18 12:00:00,72948.5,72979.7,72833.9,72936.1,34.79402583
2026-03-18 12:05:00,72936.0,72957.3,72712.5,72770.7,76.17609854
2026-03-18 12:10:00,72774.0,72795.0,72668.8,72748.0,49.28614782
2026-03-18 12:15:00,72748.0,72848.9,72684.0,72750.9,48.44744891
2026-03-18 12:20:00,72750.9,72838.7,72700.1,72811.9,15.00869508
2026-03-18 12:25:00,72810.1,72880.9,72780.3,72813.9,34.25016282
2026-03-18 12:30:00,72814.0,72815.6,72305.7,72382.1,103.73652472
2026-03-18 12:35:00,72385.1,72529.5,72382.9,72455.2,73.87537187
2026-03-18 12:40:00,72455.2,72529.9,72337.5,72425.9,49.98020846
2026-03-18 12:45:00,72424.0,72437.2,72300.1,72379.0,31.08798741
2026-03-18 12:50:00,72379.0,72450.0,72267.0,72440.3,21.65702345
2026-03-18 12:55:00,72439.3,72487.0,72352.0,72354.0,25.25824043
2026-03-18 13:00:00,72354.9,72407.2,72122.1,72346.1,59.40188541
2026-03-18 13:05:00,72346.1,72448.1,72307.8,72392.1,40.98988901
2026-03-18 13:10:00,72388.0,72444.8,72301.3,72427.0,54.28401079
2026-03-18 13:15:00,72427.1,72427.1,72298.7,72336.0,25.34298156
2026-03-18 13:20:00,72336.0,72520.0,72333.4,72510.8,39.77230591
2026-03-18 13:25:00,72510.9,72535.8,72451.0,72474.2,21.83900194
2026-03-18 13:30:00,72474.2,72474.3,72221.4,72272.0,54.92428663
2026-03-18 13:35:00,72272.0,72524.8,72253.2,72464.2,65.58595302
2026-03-18 13:40:00,72464.2,72560.5,72311.2,72326.1,33.14978599
2026-03-18 13:45:00,72326.0,72374.0,72191.0,72225.5,35.83144124
2026-03-18 13:50:00,72225.5,72245.7,72124.8,72142.2,33.91480674
2026-03-18 13:55:00,72142.2,72166.3,71966.0,72122.0,79.77252275
2026-03-18 14:00:00,72126.1,72219.0,71916.9,72018.2,72.88838906
2026-03-18 14:05:00,72016.1,72161.0,71881.8,72112.3,42.98797374
2026-03-18 14:10:00,72112.3,72112.3,71844.4,71873.0,40.34614324
2026-03-18 14:15:00,71873.0,72003.5,71855.7,71931.9,31.84001251
2026-03-18 14:20:00,71933.0,72021.8,71888.0,71998.6,14.56587422
2026-03-18 14:25:00,71998.6,72016.9,71615.2,71651.0,101.76854482
2026-03-18 14:30:00,71651.0,71799.9,71568.0,71719.4,77.96730045
2026-03-18 14:35:00,71719.4,71852.4,71632.2,71642.0,58.8245928
2026-03-18 14:40:00,71642.0,71665.9,71451.4,71493.0,75.49204426
2026-03-18 14:45:00,71496.0,71607.5,71492.0,71587.9,43.52864518
2026-03-18 14:50:00,71588.0,71599.0,71316.4,71370.9,70.63646283
2026-03-18 14:55:00,71371.0,71463.7,71100.0,71186.0,140.65935478
2026-03-18 15:00:00,71186.0,71353.7,70858.1,71309.6,196.1455627
2026-03-18 15:05:00,71300.0,71467.7,71239.8,71338.1,122.30106473
2026-03-18 15:10:00,71338.2,71338.2,70979.9,71073.0,56.50850274
2026-03-18 15:15:00,71073.1,71246.0,71000.0,71214.0,71.76549582
2026-03-18 15:20:00,71214.0,71296.7,71172.1,71274.7,34.19220791
2026-03-18 15:25:00,71272.1,71330.0,71200.0,71300.9,20.85840008
2026-03-18 15:30:00,71295.2,71477.0,71217.1,71448.1,56.283245
2026-03-18 15:35:00,71448.1,71458.8,71258.4,71395.0,44.61874654
2026-03-18 15:40:00,71395.0,71416.9,71278.9,71359.8,22.57879544
2026-03-18 15:45:00,71357.0,71379.9,71213.1,71346.0,26.98272031
2026-03-18 15:50:00,71345.9,71435.3,71329.1,71428.5,35.04272294
2026-03-18 15:55:00,71428.5,71525.4,71404.0,71468.0,46.1495252
2026-03-18 16:00:00,71468.0,71560.3,71350.1,71353.0,40.94184291
2026-03-18 16:05:00,71355.0,71374.0,71214.1,71235.4,30.2170835
2026-03-18 16:10:00,71235.5,71336.0,71182.4,71246.0,33.620624
2026-03-18 16:15:00,71246.8,71335.8,71182.4,71269.9,19.38477551
2026-03-18 16:20:00,71270.0,71286.0,71182.5,71191.0,23.90100479
2026-03-18 16:25:00,71191.1,71312.7,71100.0,71228.3,35.43826118
2026-03-18 16:30:00,71228.2,71273.0,71119.1,71126.9,42.26440214
2026-03-18 16:35:00,71124.6,71292.5,71039.1,71262.2,28.62238982
2026-03-18 16:40:00,71264.4,71292.5,71188.0,71282.4,11.3551654
2026-03-18 16:45:00,71282.2,71356.5,71257.0,71342.2,13.46465512
2026-03-18 16:50:00,71342.1,71466.7,71324.0,71382.5,19.65757519
2026-03-18 16:55:00,71380.1,71384.4,71259.8,71318.7,56.78687985
2026-03-18 17:00:00,71318.7,71394.9,71204.4,71325.6,26.7782804
2026-03-18 17:05:00,71325.5,71325.5,71204.5,71263.0,12.4506023
2026-03-18 17:10:00,71271.2,71329.2,71269.0,71285.9,5.82086981
2026-03-18 17:15:00,71287.7,71352.1,71200.7,71352.1,11.85513398
2026-03-18 17:20:00,71353.0,71492.0,71349.4,71488.3,15.2576073
2026-03-18 17:25:00,71488.3,71532.3,71369.0,71478.2,24.90951395
2026-03-18 17:30:00,71484.5,71485.9,71343.0,71468.7,9.26125117
2026-03-18 17:35:00,71468.6,71714.2,71467.1,71692.9,26.52110304
2026-03-18 17:40:00,71692.9,71692.9,71500.1,71584.5,25.40006739
2026-03-18 17:45:00,71584.5,71749.0,71583.1,71689.9,23.38632157
2026-03-18 17:50:00,71687.0,71687.0,71557.7,71624.1,37.62746398
2026-03-18 17:55:00,71624.2,71680.9,71567.0,71594.4,20.94446694
2026-03-18 18:00:00,71592.3,71961.5,71583.4,71920.0,54.74909618
2026-03-18 18:05:00,71919.8,72008.0,71825.0,71835.0,67.65678957
2026-03-18 18:10:00,71836.0,71934.9,71785.1,71880.7,39.59620848
2026-03-18 18:15:00,71877.8,71877.8,71604.8,71648.4,40.73023992
2026-03-18 18:20:00,71648.5,71710.4,71548.0,71650.9,22.06568113
2026-03-18 18:25:00,71645.4,71681.0,71589.1,71680.0,14.35485147
2026-03-18 18:30:00,71680.9,71846.0,71482.2,71482.3,22.99475199
2026-03-18 18:35:00,71482.3,71751.5,71480.0,71583.5,18.90062136
2026-03-18 18:40:00,71584.5,71743.8,71540.5,71618.9,20.47143828
2026-03-18 18:45:00,71620.9,71620.9,71382.2,71407.3,19.06972586
2026-03-18 18:50:00,71407.3,71467.3,71093.6,71093.6,97.34637967
2026-03-18 18:55:00,71093.6,71164.4,70952.5,71103.1,69.39755553
2026-03-18 19:00:00,71103.1,71352.7,71081.2,71352.7,37.30639259
2026-03-18 19:05:00,71352.9,71423.0,71270.6,71421.0,16.02178806
2026-03-18 19:10:00,71421.0,71421.0,71296.3,71335.9,14.9266537
2026-03-18 19:15:00,71337.5,71485.4,71305.7,71434.9,13.41317572
2026-03-18 19:20:00,71433.0,71441.4,71284.0,71286.3,18.1663255
2026-03-18 19:25:00,71289.9,71303.4,71211.3,71279.8,14.44803477
2026-03-18 19:30:00,71282.0,71355.0,71132.1,71157.9,47.1923936
2026-03-18 19:35:00,71158.9,71196.3,71115.0,71115.0,8.11214493
2026-03-18 19:40:00,71115.1,71147.5,70997.5,71064.0,37.731189
2026-03-18 19:45:00,71067.0,71121.9,71000.1,71019.6,13.05670824
2026-03-18 19:50:00,71019.7,71111.5,70924.0,71096.4,14.01293221
2026-03-18 19:55:00,71096.4,71150.0,71014.7,71068.7,22.49575196
2026-03-18 20:00:00,71064.2,71064.2,70934.8,70991.8,30.63389678
2026-03-18 20:05:00,70991.7,70991.7,70611.6,70618.5,98.40719468
2026-03-18 20:10:00,70618.5,70787.4,70500.0,70752.1,84.4226067
2026-03-18 20:15:00,70752.0,70884.6,70726.1,70786.0,33.10109856
2026-03-18 20:20:00,70786.1,70898.9,70775.7,70879.1,13.0119374
2026-03-18 20:25:00,70879.0,71032.2,70869.1,70986.5,13.96890275
2026-03-18 20:30:00,70986.5,71264.6,70956.1,71257.4,51.92088292
2026-03-18 20:35:00,71253.1,71314.0,71129.4,71211.1,15.16372878
2026-03-18 20:40:00,71204.7,71224.0,71161.0,71168.9,7.12863196
2026-03-18 20:45:00,71169.0,71325.9,71128.4,71295.1,24.78868792
2026-03-18 20:50:00,71281.8,71300.8,71210.0,71250.9,4.23766507
2026-03-18 20:55:00,71251.9,71273.1,71216.7,71216.7,2.58058007
2026-03-18 21:00:00,71216.6,71331.1,71179.8,71301.1,5.62011233
2026-03-18 21:05:00,71301.1,71378.0,71301.1,71352.8,10.56603426
2026-03-18 21:10:00,71352.8,71440.1,71283.8,71283.9,37.6913242
2026-03-18 21:15:00,71283.8,71360.0,71266.4,71322.2,8.06323547
2026-03-18 21:20:00,71321.1,71370.5,71292.1,71308.5,8.02402483
2026-03-18 21:25:00,71308.5,71308.5,71242.8,71243.1,6.22768419
2026-03-18 21:30:00,71243.1,71272.0,71191.0,71191.0,8.17705736
2026-03-18 21:35:00,71191.0,71340.0,71166.0,71340.0,8.41703214
2026-03-18 21:40:00,71340.0,71414.6,71300.0,71328.2,19.70475485
2026-03-18 21:45:00,71328.1,71343.5,71300.0,71336.9,8.52248475
2026-03-18 21:50:00,71336.8,71336.9,71300.0,71319.4,3.76052994
2026-03-18 21:55:00,71319.4,71372.4,71269.5,71269.5,23.99952898
2026-03-18 22:00:00,71269.5,71269.5,71105.5,71124.1,9.5504761
2026-03-18 22:05:00,71120.6,71127.0,71006.1,71022.1,28.90777139
2026-03-18 22:10:00,71022.1,71054.0,70951.7,71001.2,14.50907797
2026-03-18 22:15:00,71001.1,71126.9,70986.0,71101.2,50.62340351
2026-03-18 22:20:00,71101.2,71120.0,71007.0,71106.3,17.69538365
2026-03-18 22:25:00,71106.3,71106.3,71032.1,71100.5,7.37114947
2026-03-18 22:30:00,71100.5,71124.9,70986.0,71042.0,17.17856886
2026-03-18 22:35:00,71041.9,71061.0,71006.9,71041.0,8.00092361
2026-03-18 22:40:00,71041.0,71070.9,70948.4,71065.9,45.77665181
2026-03-18 22:45:00,71066.0,71117.5,71029.1,71090.0,7.46316422
2026-03-18 22:50:00,71090.1,71118.3,71050.6,71095.1,6.45309051
2026-03-18 22:55:00,71095.1,71153.4,71095.0,71153.3,7.74784862
2026-03-18 23:00:00,71153.4,71270.4,71058.9,71146.9,29.62145183
2026-03-18 23:05:00,71146.8,71250.0,71122.6,71243.6,17.47126616
2026-03-18 23:10:00,71243.9,71247.9,71162.0,71164.1,10.17075028
2026-03-18 23:15:00,71164.2,71172.7,71080.0,71117.8,12.10898419
2026-03-18 23:20:00,71117.8,71155.0,71100.1,71145.2,16.89128647
2026-03-18 23:25:00,71148.0,71217.9,71129.2,71211.9,4.68559645
2026-03-18 23:30:00,71212.0,71340.0,71211.9,71332.0,11.32542971
2026-03-18 23:35:00,71329.0,71353.3,71302.1,71339.0,9.84251753
2026-03-18 23:40:00,71339.1,71347.7,71279.8,71279.9,17.1244158
2026-03-18 23:45:00,71279.9,71371.2,71216.5,71338.2,12.83846783
2026-03-18 23:50:00,71338.3,71342.0,71239.1,71282.1,2.81163912
2026-03-18 23:55:00,71282.1,71307.5,71253.0,71253.1,2.97617833
2026-03-19 00:00:00,71253.1,71298.9,71182.7,71267.0,9.68582064
2026-03-19 00:05:00,71267.0,71312.6,71212.8,71212.8,9.0678649
2026-03-19 00:10:00,71208.9,71208.9,71092.1,71188.0,28.04996141
2026-03-19 00:15:00,71188.0,71205.0,71134.9,71155.9,11.8298322
2026-03-19 00:20:00,71155.9,71169.9,71103.0,71118.4,8.20982867
2026-03-19 00:25:00,71118.3,71325.9,71104.0,71302.8,16.08014583
2026-03-19 00:30:00,71302.7,71307.0,71126.0,71127.0,6.25340527
2026-03-19 00:35:00,71127.0,71137.0,71058.0,71115.6,24.45698525
2026-03-19 00:40:00,71113.2,71133.7,71051.0,71068.3,5.56861304
2026-03-19 00:45:00,71068.2,71120.5,71051.0,71051.0,9.40918551
2026-03-19 00:50:00,71050.7,71092.0,70982.0,71048.7,38.13321788
2026-03-19 00:55:00,71048.8,71068.0,70981.2,71007.9,7.3160987
2026-03-19 01:00:00,71006.1,71107.9,71000.0,71011.5,11.2192456
2026-03-19 01:05:00,71008.7,71089.6,70971.6,70997.9,12.04221804
2026-03-19 01:10:00,70998.3,71026.9,70982.8,71010.9,10.25528125
2026-03-19 01:15:00,71011.0,71080.1,71000.1,71006.0,25.57306925
2026-03-19 01:20:00,71006.0,71055.0,70955.5,70984.0,6.03655422
2026-03-19 01:25:00,70985.9,71080.1,70969.2,71076.3,4.15832994
2026-03-19 01:30:00,71077.0,71111.0,71017.5,71097.6,12.16101201
2026-03-19 01:35:00,71097.6,71148.2,71074.8,71096.1,30.3596834
2026-03-19 01:40:00,71096.1,71166.0,71056.0,71144.9,15.80845795
2026-03-19 01:45:00,71145.0,71184.0,71129.8,71176.9,10.85505587
2026-03-19 01:50:00,71177.0,71182.9,71093.6,71178.9,10.91385225
2026-03-19 01:55:00,71179.0,71188.3,71123.9,71123.9,6.52876485
2026-03-19 02:00:00,71123.8,71123.8,70913.1,71042.9,26.92438424
2026-03-19 02:05:00,71042.8,71187.7,70987.1,71099.5,14.21670113
2026-03-19 02:10:00,71099.5,71220.8,71099.5,71178.9,16.5986506
2026-03-19 02:15:00,71180.0,71245.9,71136.0,71148.8,10.42572723
2026-03-19 02:20:00,71149.3,71249.9,71149.3,71188.1,2.00162908
2026-03-19 02:25:00,71188.0,71253.8,71161.8,71253.8,6.9696751
2026-03-19 02:30:00,71254.7,71260.0,71166.1,71255.9,4.97230758
2026-03-19 02:35:00,71253.0,71258.0,71206.0,71209.5,2.38502755
2026-03-19 02:40:00,71209.6,71251.3,71200.2,71208.2,6.47864759
2026-03-19 02:45:00,71208.1,71218.0,71110.1,71110.1,7.72736903
2026-03-19 02:50:00,71110.2,71128.1,71057.7,71109.9,15.15859499
2026-03-19 02:55:00,71109.9,71109.9,71047.1,71060.3,8.03097435
2026-03-19 03:00:00,71060.4,71139.9,71060.4,71111.2,5.91885929
2026-03-19 03:05:00,71111.1,71204.9,71063.7,71198.3,9.43404309
2026-03-19 03:10:00,71198.2,71234.9,71190.0,71193.1,8.79824239
2026-03-19 03:15:00,71193.1,71618.0,71181.2,71579.8,59.73127141
2026-03-19 03:20:00,71579.8,71585.4,71472.3,71496.8,22.06910485
2026-03-19 03:25:00,71498.0,71575.9,71433.0,71500.1,14.19236706
2026-03-19 03:30:00,71502.9,71540.9,71362.6,71371.9,16.43392235
2026-03-19 03:35:00,71371.9,71382.0,71288.0,71296.2,8.1028636
2026-03-19 03:40:00,71300.0,71321.4,71247.0,71258.0,15.10153975
2026-03-19 03:45:00,71257.0,71310.6,71205.1,71308.9,6.84730794
2026-03-19 03:50:00,71306.0,71306.0,71253.1,71285.9,4.37832046
2026-03-19 03:55:00,71285.9,71285.9,71214.0,71214.0,5.33509511
2026-03-19 04:00:00,71214.0,71214.1,71131.8,71135.0,18.37103769
2026-03-19 04:05:00,71135.0,71135.0,70710.0,70847.4,73.55496867
2026-03-19 04:10:00,70847.4,70890.5,70805.0,70869.0,8.30336024
2026-03-19 04:15:00,70869.1,70947.9,70852.9,70874.3,24.77926931
2026-03-19 04:20:00,70874.3,70874.3,70773.9,70777.0,12.72704692
2026-03-19 04:25:00,70776.9,70777.0,70684.8,70738.2,33.05297093
2026-03-19 04:30:00,70738.2,70809.9,70656.0,70804.1,19.55394099
2026-03-19 04:35:00,70805.6,70835.9,70765.1,70791.0,7.20049281
2026-03-19 04:40:00,70790.9,70817.8,70703.0,70797.0,8.22823508
2026-03-19 04:45:00,70797.0,70802.0,70740.0,70780.1,5.7545057
2026-03-19 04:50:00,70780.0,70849.9,70778.0,70826.9,5.26190906
2026-03-19 04:55:00,70831.0,70880.0,70824.0,70826.0,8.05291318
2026-03-19 05:00:00,70827.5,70916.3,70813.9,70874.7,27.95910031
2026-03-19 05:05:00,70874.7,70874.7,70779.0,70816.1,14.0911258
2026-03-19 05:10:00,70813.9,70827.5,70763.3,70819.1,16.40584844
2026-03-19 05:15:00,70819.1,70893.0,70807.0,70868.1,3.65728901
2026-03-19 05:20:00,70868.0,70886.5,70799.0,70823.1,4.1300239
2026-03-19 05:25:00,70823.0,70829.0,70682.1,70698.1,6.19266291
2026-03-19 05:30:00,70698.0,70752.7,70665.0,70704.1,24.52347511
2026-03-19 05:35:00,70709.9,70799.9,70708.0,70798.0,4.1886919
2026-03-19 05:40:00,70795.0,70879.9,70781.8,70785.1,16.69942425
2026-03-19 05:45:00,70785.1,70850.4,70722.1,70835.3,16.24762816
2026-03-19 05:50:00,70834.0,70850.0,70790.9,70843.9,6.43623543
2026-03-19 05:55:00,70843.9,70857.9,70803.2,70833.1,10.86947516
2026-03-19 06:00:00,70833.1,70857.0,70743.1,70777.1,8.18043907
2026-03-19 06:05:00,70777.1,70975.0,70732.2,70879.3,24.82167253
2026-03-19 06:10:00,70878.8,70923.0,70857.0,70881.2,4.94802558
2026-03-19 06:15:00,70881.2,70944.9,70866.0,70877.2,5.75581349
2026-03-19 06:20:00,70877.3,70928.0,70808.8,70820.1,7.70239477
2026-03-19 06:25:00,70821.0,70896.9,70733.2,70733.2,9.06319241
2026-03-19 06:30:00,70732.5,70753.9,70618.1,70641.9,31.07805874
2026-03-19 06:35:00,70642.9,70711.4,70574.3,70700.1,18.43374732
2026-03-19 06:40:00,70700.1,70728.0,70675.1,70717.9,5.13296785
2026-03-19 06:45:00,70718.6,70733.0,70639.9,70655.0,4.77412739
2026-03-19 06:50:00,70651.9,70665.0,70581.6,70608.0,22.71996212
2026-03-19 06:55:00,70609.9,70639.7,70510.0,70587.0,28.40100957
2026-03-19 07:00:00,70586.1,70606.0,70350.1,70449.1,73.59114778
2026-03-19 07:05:00,70449.0,70498.5,70228.5,70311.0,65.10672759
2026-03-19 07:10:00,70313.7,70319.6,70000.6,70000.6,129.2941267
2026-03-19 07:15:00,70000.6,70043.0,69807.6,69843.1,145.45328667
2026-03-19 07:20:00,69843.0,69849.8,69486.0,69664.0,121.60251396
2026-03-19 07:25:00,69664.0,69919.6,69638.0,69820.0,67.35307263
2026-03-19 07:30:00,69820.0,70020.4,69801.2,69975.9,84.1665564
2026-03-19 07:35:00,69975.9,70197.9,69963.0,70192.8,106.2802544
2026-03-19 07:40:00,70192.8,70250.0,70099.0,70100.0,96.36867768
2026-03-19 07:45:00,70100.0,70117.1,70020.5,70052.9,102.19886734
2026-03-19 07:50:00,70052.8,70313.6,70036.0,70246.9,68.93260903
2026-03-19 07:55:00,70247.0,70324.6,70167.0,70201.0,67.18082726
2026-03-19 08:00:00,70201.0,70299.9,70116.0,70116.0,29.23453963
2026-03-19 08:05:00,70116.0,70205.4,70111.2,70161.0,20.5849346
2026-03-19 08:10:00,70165.0,70260.0,70118.0,70169.9,26.31783908
2026-03-19 08:15:00,70169.9,70237.0,70126.0,70152.4,11.61719065
2026-03-19 08:20:00,70152.4,70235.9,70082.1,70197.5,13.10715927
2026-03-19 08:25:00,70197.5,70197.5,70064.5,70069.0,25.54508732
2026-03-19 08:30:00,70069.0,70128.9,70053.2,70059.1,27.54261719
2026-03-19 08:35:00,70059.0,70083.0,69900.2,69902.0,27.22931468
2026-03-19 08:40:00,69905.8,70170.9,69903.0,70020.1,45.07326069
2026-03-19 08:45:00,70020.0,70132.0,70010.0,70117.0,15.62533886
2026-03-19 08:50:00,70117.0,70128.0,69949.1,70000.1,9.79042998
2026-03-19 08:55:00,70000.1,70022.7,69942.0,69995.9,9.10295571
2026-03-19 09:00:00,69996.0,70168.9,69996.0,70102.0,20.86602665
2026-03-19 09:05:00,70102.0,70144.1,70060.0,70112.0,33.1721486
2026-03-19 09:10:00,70111.1,70128.0,69987.0,70045.3,40.80600907
2026-03-19 09:15:00,70044.0,70124.0,70007.1,70124.0,41.0320211
2026-03-19 09:20:00,70124.0,70469.2,70103.1,70278.0,58.52836586
2026-03-19 09:25:00,70278.0,70348.0,70153.8,70262.0,35.24548538
2026-03-19 09:30:00,70262.1,70362.0,70114.1,70198.8,30.05909601
2026-03-19 09:35:00,70200.9,70392.8,70197.1,70351.6,14.48219503
2026-03-19 09:40:00,70351.6,70468.1,70328.5,70454.0,25.61560457
2026-03-19 09:45:00,70454.0,70534.0,70422.5,70533.9,34.38292808
2026-03-19 09:50:00,70534.0,70558.0,70426.1,70429.5,23.49603083
2026-03-19 09:55:00,70429.6,70533.9,70422.0,70505.1,9.0786138
2026-03-19 10:00:00,70505.0,70540.9,70416.0,70416.1,20.47536284
2026-03-19 10:05:00,70417.9,70507.0,70417.9,70422.1,8.97657872
2026-03-19 10:10:00,70422.1,70449.0,70400.0,70421.1,5.59602264
2026-03-19 10:15:00,70421.1,70486.9,70421.1,70449.9,5.75726541
2026-03-19 10:20:00,70449.9,70497.9,70380.1,70438.6,9.91249341
2026-03-19 10:25:00,70438.0,70456.7,70399.3,70404.9,3.15673429
2026-03-19 10:30:00,70404.9,70413.1,70318.1,70318.1,5.4429997
2026-03-19 10:35:00,70318.1,70357.0,70235.2,70235.2,34.24801302
2026-03-19 10:40:00,70235.2,70247.0,70183.7,70219.9,5.05351125
2026-03-19 10:45:00,70219.8,70271.0,70199.6,70266.0,5.20825621
2026-03-19 10:50:00,70265.9,70265.9,70147.0,70175.4,4.40637814
2026-03-19 10:55:00,70174.0,70180.0,70116.5,70127.1,14.88752098
2026-03-19 11:00:00,70127.1,70258.9,70114.1,70162.0,28.02646318
2026-03-19 11:05:00,70162.0,70163.0,70113.3,70128.0,5.72978268
2026-03-19 11:10:00,70127.4,70180.4,70064.8,70134.0,21.96953222
2026-03-19 11:15:00,70134.0,70198.9,70113.9,70175.9,23.01838326
2026-03-19 11:20:00,70178.0,70229.1,70177.0,70199.0,4.28839519
2026-03-19 11:25:00,70199.0,70224.1,70178.1,70199.1,8.36908887
2026-03-19 11:30:00,70199.0,70245.1,70137.5,70138.4,15.39249471
2026-03-19 11:35:00,70138.4,70138.5,70030.1,70030.1,15.50357844
2026-03-19 11:40:00,70030.1,70057.9,70006.1,70026.8,6.85657997
2026-03-19 11:45:00,70026.1,70073.0,70006.1,70010.7,10.92835253
2026-03-19 11:50:00,70010.7,70025.9,69959.3,69960.0,16.1342142
2026-03-19 11:55:00,69959.9,69962.5,69909.1,69953.8,27.14659966
2026-03-19 12:00:00,69953.8,69953.8,69841.6,69841.7,16.27826516
2026-03-19 12:05:00,69841.6,69841.6,69625.0,69674.2,86.29735798
2026-03-19 12:10:00,69674.2,69849.5,69674.1,69801.9,17.73618513
2026-03-19 12:15:00,69801.9,69811.0,69603.0,69654.0,18.78674675
2026-03-19 12:20:00,69654.0,69744.2,69654.0,69699.2,14.91520905
2026-03-19 12:25:00,69699.2,69702.6,69557.9,69613.9,21.20704793
2026-03-19 12:30:00,69614.0,69630.3,69549.4,69593.3,16.61421096
2026-03-19 12:35:00,69593.3,69718.0,69593.3,69660.1,19.14292357
2026-03-19 12:40:00,69660.1,69757.0,69614.1,69644.1,15.29510979
2026-03-19 12:45:00,69644.0,69668.4,69510.0,69516.0,13.41317488
2026-03-19 12:50:00,69515.9,69534.0,69100.0,69314.1,114.9202785
2026-03-19 12:55:00,69314.0,69402.1,69279.9,69296.0,37.09968281
2026-03-19 13:00:00,69296.0,69449.9,69158.1,69435.2,81.74686038
2026-03-19 13:05:00,69431.8,69451.4,69323.2,69398.1,41.26000292
2026-03-19 13:10:00,69398.0,69398.0,69089.1,69104.7,44.0276759
2026-03-19 13:15:00,69104.6,69363.6,69091.2,69334.3,57.40362398
2026-03-19 13:20:00,69334.3,69520.0,69300.0,69326.0,45.47041978
2026-03-19 13:25:00,69325.0,69370.0,69294.2,69343.6,16.14665346
2026-03-19 13:30:00,69343.6,69465.2,69243.6,69425.0,50.35748349
2026-03-19 13:35:00,69431.8,69461.2,69251.0,69318.1,17.51377305
2026-03-19 13:40:00,69318.2,69834.7,69258.1,69720.9,62.76759272
2026-03-19 13:45:00,69716.0,69876.0,69550.0,69875.9,43.30458206
2026-03-19 13:50:00,69875.9,70076.5,69794.0,70073.4,69.07891938
2026-03-19 13:55:00,70076.4,70076.4,69868.2,69908.9,25.01182554
2026-03-19 14:00:00,69909.0,70170.4,69780.0,69819.9,38.52811201
2026-03-19 14:05:00,69821.2,69891.8,69607.1,69642.0,32.47675366
2026-03-19 14:10:00,69642.1,69744.9,69502.6,69516.6,26.43061097
2026-03-19 14:15:00,69516.5,69562.9,69350.0,69429.9,42.8058262
2026-03-19 14:20:00,69430.0,69519.2,69296.2,69354.9,33.68272725
2026-03-19 14:25:00,69354.9,69417.1,69136.1,69174.2,56.96057649
2026-03-19 14:30:00,69168.6,69333.3,69121.7,69333.3,36.11950373
2026-03-19 14:35:00,69333.4,69374.7,69100.2,69166.6,37.17857438
2026-03-19 14:40:00,69163.0,69423.6,69134.4,69297.0,64.62742257
2026-03-19 14:45:00,69297.0,69331.1,69200.0,69331.1,29.57138841
2026-03-19 14:50:00,69331.1,69592.1,69322.3,69499.1,35.09642523
2026-03-19 14:55:00,69499.0,69598.9,69403.9,69487.1,49.33683284
2026-03-19 15:00:00,69486.0,69774.0,69450.1,69771.0,20.90812554
2026-03-19 15:05:00,69771.0,69919.9,69684.6,69715.1,36.21019579
2026-03-19 15:10:00,69715.0,69799.8,69616.6,69700.9,16.78646436
2026-03-19 15:15:00,69702.9,69814.9,69373.8,69380.1,28.16831793
2026-03-19 15:20:00,69380.1,69439.0,69236.7,69253.9,22.4751294
2026-03-19 15:25:00,69254.0,69317.6,69211.4,69211.5,14.50484922
2026-03-19 15:30:00,69211.4,69324.4,69209.0,69229.0,27.68448687
2026-03-19 15:35:00,69229.0,69397.3,69151.8,69249.8,63.07960798
2026-03-19 15:40:00,69256.5,69265.9,68900.0,68901.6,142.2206326
2026-03-19 15:45:00,68902.2,69288.8,68796.3,69244.4,118.36610839
2026-03-19 15:50:00,69245.1,69462.6,69188.0,69436.9,64.19752329
2026-03-19 15:55:00,69436.9,69567.2,69343.1,69409.5,59.97472968
2026-03-19 16:00:00,69411.0,69548.7,69350.0,69372.9,21.10519961
2026-03-19 16:05:00,69367.5,69390.0,69234.2,69268.2,20.58813289
2026-03-19 16:10:00,69270.3,69368.3,69211.1,69343.0,32.54712555
2026-03-19 16:15:00,69342.9,69385.3,69174.0,69325.0,32.17504068
2026-03-19 16:20:00,69325.0,69500.0,69313.0,69475.0,33.84299212
2026-03-19 16:25:00,69475.1,69598.2,69475.1,69527.0,43.12110311
2026-03-19 16:30:00,69527.0,69527.0,69311.4,69358.0,17.54862312
2026-03-19 16:35:00,69357.9,69469.0,69260.0,69468.9,18.43098122
2026-03-19 16:40:00,69468.9,69642.8,69458.0,69520.0,20.18302155
2026-03-19 16:45:00,69519.1,69542.5,69386.0,69455.9,15.44164969
2026-03-19 16:50:00,69455.9,69472.0,69292.5,69427.7,14.3951541
2026-03-19 16:55:00,69427.8,69496.2,69404.8,69455.1,9.16550924
2026-03-19 17:00:00,69455.0,69493.0,69311.6,69319.0,13.89232089
2026-03-19 17:05:00,69319.1,69335.5,69125.3,69151.0,48.29452817
2026-03-19 17:10:00,69151.0,69348.5,69126.1,69229.3,15.87271051
2026-03-19 17:15:00,69229.4,69456.0,69185.9,69445.9,24.11500128
2026-03-19 17:20:00,69445.9,69690.5,69373.7,69617.1,29.71345176
2026-03-19 17:25:00,69617.1,69736.0,69599.7,69665.5,36.78511696
2026-03-19 17:30:00,69665.6,69770.0,69570.6,69630.1,31.82095568
2026-03-19 17:35:00,69629.5,69629.5,69494.1,69541.0,44.58832161
2026-03-19 17:40:00,69541.1,69622.0,69520.5,69586.1,9.04264793
2026-03-19 17:45:00,69586.0,69698.7,69549.0,69690.4,10.00450284
2026-03-19 17:50:00,69690.3,69953.4,69680.1,69855.2,36.87720742
2026-03-19 17:55:00,69856.0,69892.2,69822.0,69855.0,21.36398965
2026-03-19 18:00:00,69855.0,69882.0,69730.0,69759.1,13.3378389
2026-03-19 18:05:00,69760.9,69829.4,69745.2,69783.6,7.75564201
2026-03-19 18:10:00,69783.2,69932.5,69775.9,69837.1,11.38066967
2026-03-19 18:15:00,69836.0,69917.9,69764.8,69797.0,9.38313994
2026-03-19 18:20:00,69797.0,69839.0,69750.5,69770.7,7.73261349
2026-03-19 18:25:00,69770.7,69770.7,69622.2,69659.9,29.76215972
2026-03-19 18:30:00,69660.0,69698.7,69609.0,69661.3,12.79971844
2026-03-19 18:35:00,69661.3,69756.8,69641.1,69689.6,9.88022225
2026-03-19 18:40:00,69689.7,69717.9,69655.0,69717.9,4.04694849
2026-03-19 18:45:00,69717.9,69732.9,69604.0,69631.9,14.16889985
2026-03-19 18:50:00,69631.9,69737.1,69586.0,69711.1,5.44748903
2026-03-19 18:55:00,69711.1,69857.0,69686.8,69821.0,9.26874972
2026-03-19 19:00:00,69821.1,70016.9,69804.2,70007.9,32.15026823
2026-03-19 19:05:00,70008.0,70227.1,70001.4,70064.0,63.7354409
2026-03-19 19:10:00,70064.0,70556.3,70058.6,70356.0,77.84538886
2026-03-19 19:15:00,70355.8,70568.0,70248.1,70547.0,37.83541433
2026-03-19 19:20:00,70545.1,70598.9,70450.0,70528.9,34.44817367
2026-03-19 19:25:00,70528.8,70528.8,70243.2,70283.9,19.00018025
2026-03-19 19:30:00,70285.3,70442.0,70180.0,70292.0,42.42324667
2026-03-19 19:35:00,70291.0,70397.1,70168.1,70397.0,24.54170959
2026-03-19 19:40:00,70397.0,70498.4,70346.8,70453.3,17.74617915
2026-03-19 19:45:00,70453.0,70453.0,70359.5,70376.0,5.80906786
2026-03-19 19:50:00,70375.9,70379.0,70184.3,70282.8,14.76312096
2026-03-19 19:55:00,70282.9,70326.7,70201.9,70268.6,11.66783945
2026-03-19 20:00:00,70269.0,70311.8,70202.0,70266.7,6.92679026
2026-03-19 20:05:00,70264.0,70332.5,70211.8,70309.8,11.47438308
2026-03-19 20:10:00,70309.7,70309.7,70204.8,70286.5,4.10380235
2026-03-19 20:15:00,70286.6,70465.0,70286.6,70455.0,17.45337023
2026-03-19 20:20:00,70454.9,70481.2,70369.0,70369.1,10.38961563
2026-03-19 20:25:00,70369.1,70426.0,70322.0,70337.9,6.51967533
2026-03-19 20:30:00,70339.1,70417.9,70324.0,70389.0,5.80203072
2026-03-19 20:35:00,70389.0,70581.9,70382.0,70581.9,17.66334274
2026-03-19 20:40:00,70582.0,70678.0,70461.2,70513.1,34.58667678
2026-03-19 20:45:00,70513.0,70530.3,70432.0,70472.1,9.8079356
2026-03-19 20:50:00,70472.1,70497.0,70443.5,70492.1,9.85625217
2026-03-19 20:55:00,70492.0,70519.1,70453.3,70486.0,8.73936608
2026-03-19 21:00:00,70485.1,70593.6,70453.7,70556.1,7.32136454
2026-03-19 21:05:00,70559.0,70667.0,70535.1,70666.1,7.15607147
2026-03-19 21:10:00,70666.1,70695.0,70652.1,70686.9,9.42339217
2026-03-19 21:15:00,70687.0,70687.0,70595.3,70597.9,35.85441875
2026-03-19 21:20:00,70598.0,70613.9,70514.1,70595.7,17.17876483
2026-03-19 21:25:00,70595.9,70620.7,70539.0,70555.7,4.57377407
2026-03-19 21:30:00,70555.0,70592.8,70392.0,70476.0,211.81598027
2026-03-19 21:35:00,70476.0,70538.3,70475.3,70477.6,8.44112804
2026-03-19 21:40:00,70477.5,70519.1,70433.1,70457.6,15.67284279
2026-03-19 21:45:00,70456.8,70456.8,70395.1,70409.1,5.2930254
2026-03-19 21:50:00,70409.1,70441.4,70369.3,70414.2,16.00236761
2026-03-19 21:55:00,70414.3,70538.0,70414.3,70415.2,13.16507816
2026-03-19 22:00:00,70412.1,70508.9,70367.0,70367.0,9.92438842
2026-03-19 22:05:00,70366.9,70434.7,70305.4,70397.0,16.17878944
2026-03-19 22:10:00,70397.1,70462.0,70372.3,70436.3,28.12060919
2026-03-19 22:15:00,70436.3,70444.0,70358.0,70427.9,2.68993874
2026-03-19 22:20:00,70428.0,70440.0,70356.0,70396.2,7.91118705
2026-03-19 22:25:00,70398.0,70424.9,70373.1,70373.1,5.84810985
2026-03-19 22:30:00,70373.0,70373.8,70155.2,70218.8,69.13999321
2026-03-19 22:35:00,70218.8,70230.9,69954.8,70034.1,56.08028457
2026-03-19 22:40:00,70034.0,70084.0,69955.5,70064.0,34.33295214
2026-03-19 22:45:00,70063.9,70103.4,70005.1,70103.4,12.85242823
2026-03-19 22:50:00,70103.4,70175.2,70100.8,70159.2,13.12011284
2026-03-19 22:55:00,70159.1,70180.0,70108.3,70179.9,6.42062929
2026-03-19 23:00:00,70180.0,70285.4,70180.0,70263.1,7.54678061
2026-03-19 23:05:00,70263.1,70286.0,70219.0,70222.0,10.21384625
2026-03-19 23:10:00,70222.0,70237.5,70182.8,70198.1,6.99995078
2026-03-19 23:15:00,70199.0,70199.0,70017.8,70026.4,19.56147999
2026-03-19 23:20:00,70027.1,70037.9,69975.1,70030.2,8.68823129
2026-03-19 23:25:00,70032.3,70173.0,70032.3,70144.2,3.39356644
2026-03-19 23:30:00,70144.0,70183.0,69988.4,69993.8,7.9986016
2026-03-19 23:35:00,69993.7,70016.3,69722.0,69730.2,58.15360425
2026-03-19 23:40:00,69730.1,69854.4,69718.1,69849.9,24.85716147
2026-03-19 23:45:00,69849.9,69881.0,69812.1,69852.2,9.58106678
2026-03-19 23:50:00,69851.8,69930.8,69812.1,69929.0,9.27341445
2026-03-19 23:55:00,69927.0,69978.9,69903.1,69923.7,9.05872626
2026-03-20 00:00:00,69923.7,69953.9,69841.0,69844.0,12.99149154
2026-03-20 00:05:00,69845.9,70033.0,69845.9,70008.0,4.84391328
2026-03-20 00:10:00,70008.9,70124.9,70008.9,70084.6,15.56122111
2026-03-20 00:15:00,70084.6,70171.1,70074.9,70134.0,8.07517172
2026-03-20 00:20:00,70133.0,70148.5,69945.1,70000.0,8.94883764
2026-03-20 00:25:00,70000.0,70119.2,70000.0,70112.7,13.21340598
2026-03-20 00:30:00,70112.8,70139.8,70086.3,70095.0,9.37967182
2026-03-20 00:35:00,70094.9,70242.0,70056.3,70240.1,12.03562356
2026-03-20 00:40:00,70240.0,70276.8,70206.0,70226.1,20.52255175
2026-03-20 00:45:00,70226.1,70302.5,70225.0,70239.3,27.58536898
2026-03-20 00:50:00,70243.0,70309.0,70176.3,70196.1,7.53555913
2026-03-20 00:55:00,70194.4,70258.9,70188.7,70197.3,6.60862623
2026-03-20 01:00:00,70197.3,70386.9,70190.2,70327.1,23.78116506
2026-03-20 01:05:00,70327.1,70428.4,70327.1,70394.3,8.06361805
2026-03-20 01:10:00,70394.3,70447.9,70354.4,70409.0,22.91318309
2026-03-20 01:15:00,70409.1,70456.7,70358.9,70406.2,14.76227832
2026-03-20 01:20:00,70410.0,70449.9,70350.0,70368.9,6.91756824
2026-03-20 01:25:00,70368.8,70419.9,70350.4,70394.7,15.44983463
2026-03-20 01:30:00,70397.0,70522.2,70397.0,70445.8,13.96384911
2026-03-20 01:35:00,70438.0,70582.6,70405.8,70564.4,12.39437252
2026-03-20 01:40:00,70564.4,70591.5,70541.1,70580.0,10.54380647
2026-03-20 01:45:00,70580.1,70587.0,70510.0,70551.8,3.9626907
2026-03-20 01:50:00,70551.8,70553.6,70501.0,70508.1,5.38491659
2026-03-20 01:55:00,70509.0,70525.0,70376.7,70408.0,10.61797399
2026-03-20 02:00:00,70408.0,70431.2,70320.0,70400.0,8.40799828
2026-03-20 02:05:00,70400.0,70490.0,70388.0,70395.5,2.97141935
2026-03-20 02:10:00,70395.4,70407.9,70358.0,70358.1,3.46428573
2026-03-20 02:15:00,70358.1,70358.1,70250.1,70282.5,13.26738668
2026-03-20 02:20:00,70282.6,70320.0,70210.0,70241.0,9.59127966
2026-03-20 02:25:00,70240.9,70245.0,70180.0,70243.3,11.52130093
2026-03-20 02:30:00,70243.3,70272.0,70085.8,70094.0,27.21267356
2026-03-20 02:35:00,70090.3,70157.4,70079.7,70115.1,4.53970482
2026-03-20 02:40:00,70115.1,70290.7,70114.9,70273.0,5.85306758
2026-03-20 02:45:00,70271.0,70359.5,70224.1,70359.5,14.21392325
2026-03-20 02:50:00,70359.5,70510.0,70348.1,70509.9,11.18057652
2026-03-20 02:55:00,70509.9,70520.0,70413.0,70413.0,3.50820001
2026-03-20 03:00:00,70411.8,70481.9,70387.0,70405.1,1.92621834
2026-03-20 03:05:00,70405.1,70499.9,70399.0,70417.9,8.38331177
2026-03-20 03:10:00,70417.9,70467.0,70415.8,70415.8,2.15245137
2026-03-20 03:15:00,70415.8,70515.4,70407.1,70515.0,10.80726977
2026-03-20 03:20:00,70515.0,70564.2,70494.0,70521.9,15.20077409
2026-03-20 03:25:00,70521.8,70675.9,70500.9,70663.9,14.65977
2026-03-20 03:30:00,70663.9,70810.9,70663.9,70697.1,39.27354919
2026-03-20 03:35:00,70697.2,70724.3,70575.0,70609.1,7.70005034
2026-03-20 03:40:00,70610.4,70668.0,70570.4,70606.3,8.77230236
2026-03-20 03:45:00,70606.3,70696.1,70553.1,70637.1,24.5051332
2026-03-20 03:50:00,70637.1,70777.7,70627.1,70727.1,42.77659998
2026-03-20 03:55:00,70727.1,70781.0,70718.4,70735.5,8.36604501
2026-03-20 04:00:00,70735.1,70788.0,70700.4,70761.1,15.30922698
2026-03-20 04:05:00,70761.2,70944.1,70746.6,70916.5,17.67358354
2026-03-20 04:10:00,70922.0,70967.9,70887.1,70922.5,11.10626376
2026-03-20 04:15:00,70923.0,70923.0,70811.1,70851.0,24.09862876
2026-03-20 04:20:00,70851.0,70892.7,70827.8,70879.9,12.07526207
2026-03-20 04:25:00,70881.8,70924.0,70866.0,70924.0,5.42793425
2026-03-20 04:30:00,70924.0,70925.1,70611.0,70649.9,27.58088001
2026-03-20 04:35:00,70653.4,70678.0,70597.2,70600.0,10.82025314
2026-03-20 04:40:00,70600.1,70606.9,70544.5,70593.3,19.52964575
2026-03-20 04:45:00,70593.0,70750.9,70574.2,70748.9,15.26890152
2026-03-20 04:50:00,70748.9,70773.3,70664.2,70741.0,17.85826581
2026-03-20 04:55:00,70740.9,70800.0,70740.9,70783.1,7.23759944
2026-03-20 05:00:00,70783.1,70851.4,70734.5,70768.5,8.87202279
2026-03-20 05:05:00,70767.0,70849.1,70736.1,70849.0,10.55893274
2026-03-20 05:10:00,70849.0,70849.0,70808.6,70846.2,4.74452284
2026-03-20 05:15:00,70847.1,70869.5,70783.0,70819.8,3.26058839
2026-03-20 05:20:00,70818.2,70836.0,70724.0,70730.0,3.29401008
2026-03-20 05:25:00,70729.9,70743.0,70613.1,70628.2,14.57274673
2026-03-20 05:30:00,70627.1,70639.9,70575.1,70598.0,3.24697223
2026-03-20 05:35:00,70598.0,70728.9,70579.0,70664.0,2.24145362
2026-03-20 05:40:00,70664.0,70725.4,70653.1,70706.0,1.59971252
2026-03-20 05:45:00,70706.0,70717.5,70653.6,70653.6,4.63105563
2026-03-20 05:50:00,70653.7,70703.9,70580.9,70600.0,8.5417561
2026-03-20 05:55:00,70600.1,70611.0,70516.9,70600.0,25.60683104
2026-03-20 06:00:00,70600.1,70647.6,70516.7,70575.0,13.18534316
2026-03-20 06:05:00,70578.6,70603.4,70534.3,70541.1,10.42561308
2026-03-20 06:10:00,70541.1,70546.9,70500.0,70536.1,26.63584323
2026-03-20 06:15:00,70535.0,70535.0,70460.0,70480.0,11.37208996
2026-03-20 06:20:00,70480.0,70534.0,70444.0,70473.2,15.68785453
2026-03-20 06:25:00,70473.1,70505.6,70401.1,70489.2,18.31002845
2026-03-20 06:30:00,70489.4,70535.0,70413.0,70458.3,4.3244465
2026-03-20 06:35:00,70458.3,70474.3,70400.1,70409.9,6.33111016
2026-03-20 06:40:00,70410.0,70470.0,70346.1,70458.9,8.25908454
2026-03-20 06:45:00,70458.9,70498.0,70430.1,70483.6,12.62098195
2026-03-20 06:50:00,70483.6,70533.8,70472.0,70499.1,5.38311232
2026-03-20 06:55:00,70499.0,70506.0,70465.1,70493.9,4.85299728
2026-03-20 07:00:00,70494.0,70494.0,70206.3,70306.9,22.56866069
2026-03-20 07:05:00,70306.0,70417.9,70269.8,70366.8,6.76916261
2026-03-20 07:10:00,70366.7,70366.7,70235.2,70274.8,10.18838281
2026-03-20 07:15:00,70274.9,70377.0,70263.0,70346.2,8.04586628
2026-03-20 07:20:00,70346.1,70549.7,70336.9,70503.0,17.04854623
2026-03-20 07:25:00,70503.0,70544.0,70446.0,70451.1,3.58627211
2026-03-20 07:30:00,70451.0,70666.5,70423.1,70645.9,51.8342755
2026-03-20 07:35:00,70645.8,70765.0,70626.0,70744.9,58.96092668
2026-03-20 07:40:00,70744.8,70865.3,70744.8,70860.2,38.97746192
2026-03-20 07:45:00,70860.3,70937.0,70825.7,70857.3,36.11910097
2026-03-20 07:50:00,70857.4,70897.0,70813.1,70885.1,50.25707674
2026-03-20 07:55:00,70885.1,70906.0,70846.6,70854.9,33.49786273
2026-03-20 08:00:00,70855.0,70880.7,70800.0,70810.8,22.48996595
2026-03-20 08:05:00,70812.4,71160.0,70812.4,71159.9,52.04330313
2026-03-20 08:10:00,71159.9,71366.0,71145.7,71265.0,182.99301731
2026-03-20 08:15:00,71266.9,71274.0,71194.0,71242.0,43.99454458
2026-03-20 08:20:00,71241.9,71284.3,71156.0,71249.9,33.68313695
2026-03-20 08:25:00,71249.9,71296.9,71234.0,71250.1,37.19670373
2026-03-20 08:30:00,71250.0,71250.0,71101.0,71233.9,43.43091209
2026-03-20 08:35:00,71234.0,71234.0,71127.1,71165.0,9.60939704
2026-03-20 08:40:00,71165.0,71190.5,71110.9,71111.5,26.0976178
2026-03-20 08:45:00,71111.5,71138.0,71058.0,71130.6,14.20488356
2026-03-20 08:50:00,71130.6,71160.9,71078.5,71100.1,11.04793553
2026-03-20 08:55:00,71100.0,71112.0,71009.5,71039.2,17.82927476
2026-03-20 09:00:00,71039.2,71039.9,70934.1,71003.4,41.74640245
2026-03-20 09:05:00,71001.2,71001.2,70879.3,70924.0,12.40148145
2026-03-20 09:10:00,70924.0,70970.4,70849.6,70849.6,6.58513651
2026-03-20 09:15:00,70849.7,70860.0,70638.0,70655.9,25.97329565
2026-03-20 09:20:00,70653.0,70653.0,70454.5,70454.5,141.67741967
2026-03-20 09:25:00,70454.6,70567.6,70423.2,70516.0,36.25695628
2026-03-20 09:30:00,70516.2,70670.4,70516.2,70626.0,38.5263569
2026-03-20 09:35:00,70626.1,70747.6,70626.1,70684.4,27.61079982
2026-03-20 09:40:00,70689.1,70700.0,70605.1,70645.9,17.90592965
2026-03-20 09:45:00,70645.9,70645.9,70532.5,70551.1,10.72547696
2026-03-20 09:50:00,70553.3,70613.8,70482.0,70512.1,13.13164219
2026-03-20 09:55:00,70514.9,70598.7,70514.1,70588.7,7.07271267
2026-03-20 10:00:00,70588.8,70613.8,70444.7,70483.0,8.02946355
2026-03-20 10:05:00,70483.0,70539.8,70367.4,70420.1,19.49544996
2026-03-20 10:10:00,70418.3,70442.9,70301.0,70370.8,22.96891245
2026-03-20 10:15:00,70370.7,70461.4,70272.3,70379.0,22.42309634
2026-03-20 10:20:00,70376.0,70376.0,70222.7,70307.0,15.19451077
2026-03-20 10:25:00,70313.0,70351.0,70277.7,70335.7,13.72534973
2026-03-20 10:30:00,70335.0,70438.0,70313.6,70420.0,10.07055198
2026-03-20 10:35:00,70420.0,70574.9,70398.3,70574.9,20.60915433
2026-03-20 10:40:00,70574.9,70683.7,70523.1,70535.9,46.97520189
2026-03-20 10:45:00,70539.0,70611.0,70526.1,70586.9,11.41842505
2026-03-20 10:50:00,70591.5,70652.9,70570.0,70578.0,13.38488637
2026-03-20 10:55:00,70578.0,70619.3,70557.9,70619.2,11.59803136
2026-03-20 11:00:00,70617.1,70717.5,70579.9,70654.0,13.00169673
2026-03-20 11:05:00,70654.0,70763.0,70641.0,70732.4,9.83316978
2026-03-20 11:10:00,70732.4,70816.1,70680.8,70787.0,16.89835206
2026-03-20 11:15:00,70786.9,70786.9,70600.2,70690.9,15.76923226
2026-03-20 11:20:00,70690.9,70723.3,70638.6,70675.0,12.23620616
2026-03-20 11:25:00,70675.0,70737.2,70669.0,70706.2,3.61917444
2026-03-20 11:30:00,70706.1,70722.0,70681.0,70711.7,7.94649145
2026-03-20 11:35:00,70711.7,70711.7,70312.3,70340.0,29.93964388
2026-03-20 11:40:00,70341.4,70426.1,70339.5,70402.9,17.74893958
2026-03-20 11:45:00,70404.2,70412.9,70309.1,70358.1,3.4645288
2026-03-20 11:50:00,70358.1,70417.1,70335.0,70413.8,3.98609117
2026-03-20 11:55:00,70417.2,70486.1,70415.1,70485.6,7.26567375
2026-03-20 12:00:00,70484.8,70576.6,70416.9,70493.1,23.1417324
2026-03-20 12:05:00,70496.2,70673.9,70496.2,70673.9,24.91961887
2026-03-20 12:10:00,70674.0,70683.9,70563.8,70580.0,20.18024701
2026-03-20 12:15:00,70580.0,70608.3,70548.1,70608.3,6.29359812
2026-03-20 12:20:00,70608.3,70650.4,70578.0,70580.7,5.69227718
2026-03-20 12:25:00,70580.7,70594.9,70428.6,70462.9,13.27462257
2026-03-20 12:30:00,70451.0,70459.1,70350.1,70364.1,18.27708889
2026-03-20 12:35:00,70364.1,70466.9,70360.0,70378.7,5.20336882
2026-03-20 12:40:00,70381.1,70400.9,70252.9,70362.9,19.2305626
2026-03-20 12:45:00,70363.0,70379.9,70263.4,70343.7,7.7743059
2026-03-20 12:50:00,70343.7,70360.4,70280.0,70315.9,27.44960239
2026-03-20 12:55:00,70315.8,70353.9,70292.7,70339.6,16.05290364
2026-03-20 13:00:00,70339.7,70405.2,70307.6,70368.3,10.07715222
2026-03-20 13:05:00,70368.3,70450.5,70334.9,70391.5,7.972996
2026-03-20 13:10:00,70391.6,70404.8,70242.9,70324.1,23.63615976
2026-03-20 13:15:00,70325.1,70430.0,70317.1,70425.9,6.61024862
2026-03-20 13:20:00,70423.1,70549.9,70423.1,70517.0,17.92161861
2026-03-20 13:25:00,70517.1,70611.1,70409.1,70508.1,23.00735297
2026-03-20 13:30:00,70509.2,70520.6,69963.0,70022.8,84.07439469
2026-03-20 13:35:00,70022.8,70235.1,69853.6,70041.0,63.85693199
2026-03-20 13:40:00,70036.0,70399.8,69916.7,70333.9,82.54918101
2026-03-20 13:45:00,70331.0,70406.9,70135.1,70299.1,28.79823602
2026-03-20 13:50:00,70305.8,70310.4,69940.1,70018.0,25.11816334
2026-03-20 13:55:00,70019.5,70061.2,69804.7,69870.2,37.48276625
2026-03-20 14:00:00,69870.2,69984.5,69674.0,69889.4,88.52994174
2026-03-20 14:05:00,69891.1,70029.8,69757.1,69878.0,38.33272785
2026-03-20 14:10:00,69874.6,70110.8,69800.0,69820.0,78.74648893
2026-03-20 14:15:00,69820.3,69883.0,69635.0,69733.0,75.18096529
2026-03-20 14:20:00,69729.0,69851.7,69600.0,69817.4,100.68521953
2026-03-20 14:25:00,69813.9,69987.9,69727.7,69947.0,31.32682954
2026-03-20 14:30:00,69947.0,70200.0,69947.0,70189.0,60.12759181
2026-03-20 14:35:00,70189.0,70275.0,70019.9,70200.9,45.13633839
2026-03-20 14:40:00,70199.9,70260.0,69975.2,69982.3,24.31825535
2026-03-20 14:45:00,69990.9,70116.7,69909.7,69944.1,21.4203302
2026-03-20 14:50:00,69940.0,69940.0,69657.1,69672.6,50.91616421
2026-03-20 14:55:00,69674.2,69827.0,69674.2,69742.3,29.70581206
2026-03-20 15:00:00,69742.3,69881.4,69620.2,69678.3,22.72380164
2026-03-20 15:05:00,69679.0,69709.8,69491.6,69525.2,43.2277259
2026-03-20 15:10:00,69525.3,69787.5,69525.3,69776.1,22.01956826
2026-03-20 15:15:00,69776.1,69819.4,69597.0,69621.0,19.06758212
2026-03-20 15:20:00,69621.0,70006.8,69611.1,69807.9,60.6914469
2026-03-20 15:25:00,69822.2,69860.5,69713.5,69831.8,22.23663322
2026-03-20 15:30:00,69834.9,69975.1,69763.8,69931.0,10.48645456
2026-03-20 15:35:00,69924.1,69999.8,69801.0,69925.0,8.94939438
2026-03-20 15:40:00,69931.3,70000.0,69892.8,69918.9,12.88623749
2026-03-20 15:45:00,69918.9,70000.0,69817.4,69935.1,11.55670559
2026-03-20 15:50:00,69935.1,70013.5,69861.0,69892.8,14.16434338
2026-03-20 15:55:00,69887.2,69887.2,69777.0,69870.6,14.86934553
2026-03-20 16:00:00,69870.7,70055.4,69855.1,70055.3,15.45709374
2026-03-20 16:05:00,70055.3,70067.5,69873.1,69960.4,28.42036452
2026-03-20 16:10:00,69960.0,70083.8,69940.0,69996.0,18.10360418
2026-03-20 16:15:00,69996.4,70107.0,69890.1,70075.1,15.58236224
2026-03-20 16:20:00,70077.5,70099.2,69954.7,69995.9,7.88740222
2026-03-20 16:25:00,69999.0,70054.1,69941.1,70035.1,4.63882531
2026-03-20 16:30:00,70029.8,70037.4,69754.6,69873.2,16.09424711
2026-03-20 16:35:00,69873.8,69910.0,69685.6,69756.6,16.00531196
2026-03-20 16:40:00,69754.6,69815.8,69717.5,69775.9,7.28551246
2026-03-20 16:45:00,69775.9,69847.7,69752.0,69755.0,7.94283067
2026-03-20 16:50:00,69753.5,69786.0,69618.0,69766.4,23.34601566
2026-03-20 16:55:00,69763.9,69898.9,69758.3,69831.3,29.37340417
2026-03-20 17:00:00,69834.1,69959.2,69833.2,69942.1,21.74260358
2026-03-20 17:05:00,69941.2,69967.9,69688.3,69863.5,28.95346928
2026-03-20 17:10:00,69866.4,69906.9,69760.9,69805.1,48.69183451
2026-03-20 17:15:00,69805.4,69896.3,69762.6,69829.2,19.16251947
2026-03-20 17:20:00,69829.1,69831.7,69737.2,69739.7,18.78768196
2026-03-20 17:25:00,69739.7,69742.8,69637.4,69655.5,8.50742919
2026-03-20 17:30:00,69655.5,69702.1,69524.0,69556.7,15.04266884
2026-03-20 17:35:00,69556.7,69645.2,69393.5,69622.9,83.80461502
2026-03-20 17:40:00,69622.9,69668.6,69557.8,69575.3,8.09658414
2026-03-20 17:45:00,69576.8,69677.6,69558.8,69650.7,7.19985297
2026-03-20 17:50:00,69650.7,69794.8,69620.2,69794.6,13.29335627
2026-03-20 17:55:00,69794.7,70029.9,69785.9,70000.4,42.25753944
2026-03-20 18:00:00,70002.7,70015.9,69893.5,69951.1,13.21878695
2026-03-20 18:05:00,69951.1,70076.8,69939.5,69985.8,6.65218854
2026-03-20 18:10:00,69984.9,70026.7,69903.9,69971.4,5.98935961
2026-03-20 18:15:00,69972.7,70008.9,69920.6,69967.3,3.42675716
2026-03-20 18:20:00,69969.0,70027.0,69723.2,69802.8,11.13810395
2026-03-20 18:25:00,69804.1,69883.9,69635.2,69664.8,25.59449832
2026-03-20 18:30:00,69664.8,69715.5,69562.4,69694.4,43.41011527
2026-03-20 18:35:00,69698.9,69706.0,69529.6,69653.0,33.21923804
2026-03-20 18:40:00,69652.9,69798.9,69645.7,69698.9,7.09014701
2026-03-20 18:45:00,69695.7,69898.0,69685.4,69757.6,13.52728515
2026-03-20 18:50:00,69751.9,69882.9,69728.0,69811.4,11.00132115
2026-03-20 18:55:00,69806.7,69856.3,69685.0,69771.0,7.49524162
2026-03-20 19:00:00,69773.9,69915.9,69773.9,69863.7,6.55142995
2026-03-20 19:05:00,69863.8,69892.5,69698.1,69800.0,9.76360518
2026-03-20 19:10:00,69802.1,69895.2,69691.4,69884.2,8.06027679
2026-03-20 19:15:00,69884.2,69947.3,69804.0,69942.8,12.18566118
2026-03-20 19:20:00,69945.0,69982.8,69797.9,69835.9,10.56881722
2026-03-20 19:25:00,69837.8,69929.7,69785.7,69876.7,8.50012606
2026-03-20 19:30:00,69876.8,69989.4,69773.3,69801.8,13.2043575
2026-03-20 19:35:00,69802.9,69831.1,69671.6,69800.4,15.36273316
2026-03-20 19:40:00,69800.4,70025.6,69796.4,70009.0,10.81004387
2026-03-20 19:45:00,70007.9,70008.0,69908.9,69909.0,11.11555284
2026-03-20 19:50:00,69909.0,70172.9,69909.0,70147.4,18.59670025
2026-03-20 19:55:00,70147.4,70192.2,70131.7,70186.2,30.75721273
2026-03-20 20:00:00,70186.1,70207.9,70082.5,70134.5,23.50857719
2026-03-20 20:05:00,70134.4,70212.1,70103.0,70203.8,12.67206918
2026-03-20 20:10:00,70203.8,70264.2,70179.9,70210.8,14.93683695
2026-03-20 20:15:00,70212.8,70212.8,70000.1,70039.5,23.81740313
2026-03-20 20:20:00,70039.4,70041.5,69957.9,70031.3,11.20013921
2026-03-20 20:25:00,70031.3,70037.2,69962.8,69985.2,12.82659361
2026-03-20 20:30:00,69985.3,70002.1,69830.0,69837.0,16.67701302
2026-03-20 20:35:00,69837.0,69922.9,69760.1,69878.1,31.55435292
2026-03-20 20:40:00,69876.9,69964.1,69847.9,69935.0,16.83752399
2026-03-20 20:45:00,69934.9,70061.7,69914.3,70046.9,23.03788049
2026-03-20 20:50:00,70047.0,70098.3,70007.2,70021.1,14.68246728
2026-03-20 20:55:00,70021.1,70083.7,70015.1,70062.5,9.10203977
2026-03-20 21:00:00,70062.5,70100.1,69996.3,70055.6,18.8577942
2026-03-20 21:05:00,70055.6,70055.6,70003.7,70031.3,10.260601
2026-03-20 21:10:00,70031.3,70166.5,69949.3,70140.4,16.4736184
2026-03-20 21:15:00,70140.0,70582.5,70128.2,70541.7,69.14893802
2026-03-20 21:20:00,70544.0,70587.6,70397.2,70456.8,23.16801022
2026-03-20 21:25:00,70458.3,70546.2,70419.3,70514.7,17.39370984
2026-03-20 21:30:00,70514.7,70587.6,70457.7,70544.2,12.71809142
2026-03-20 21:35:00,70544.2,70737.5,70526.7,70553.2,28.41868078
2026-03-20 21:40:00,70553.2,70558.4,70387.1,70414.9,19.75325821
2026-03-20 21:45:00,70415.9,70570.7,70410.8,70553.3,24.2302074
2026-03-20 21:50:00,70553.3,70612.0,70504.6,70538.0,18.16242858
2026-03-20 21:55:00,70537.9,70566.0,70524.8,70546.5,12.481858
2026-03-20 22:00:00,70546.2,70898.2,70522.2,70867.9,44.32264048
2026-03-20 22:05:00,70867.9,70899.0,70794.9,70805.0,29.21525672
2026-03-20 22:10:00,70805.1,70929.8,70738.7,70822.5,35.03599256
2026-03-20 22:15:00,70815.1,70884.0,70780.1,70801.3,20.45418206
2026-03-20 22:20:00,70801.4,70835.0,70733.4,70740.3,5.41081247
2026-03-20 22:25:00,70737.2,70767.2,70695.6,70696.0,6.05218575
2026-03-20 22:30:00,70695.9,70703.9,70624.9,70655.7,7.083751
2026-03-20 22:35:00,70655.7,70772.7,70655.6,70753.9,3.9739409
2026-03-20 22:40:00,70752.0,70771.3,70684.3,70708.0,8.00468278
2026-03-20 22:45:00,70708.0,70794.1,70665.1,70789.2,4.87671529
2026-03-20 22:50:00,70789.2,70842.2,70762.5,70789.0,16.49221451
2026-03-20 22:55:00,70790.0,70820.0,70778.2,70778.2,1.7730934
2026-03-20 23:00:00,70778.3,70779.0,70651.9,70684.4,6.96423513
2026-03-20 23:05:00,70684.2,70684.2,70562.3,70578.0,7.18782056
2026-03-20 23:10:00,70577.9,70606.0,70510.0,70529.0,6.99705091
2026-03-20 23:15:00,70529.1,70567.4,70432.7,70534.1,11.50016037
2026-03-20 23:20:00,70534.9,70553.9,70502.1,70529.1,3.5129183
2026-03-20 23:25:00,70529.1,70537.7,70480.5,70485.0,3.39493412
2026-03-20 23:30:00,70485.0,70519.9,70439.8,70481.0,22.6761094
2026-03-20 23:35:00,70481.0,70543.0,70470.0,70500.2,2.51892575
2026-03-20 23:40:00,70500.2,70548.9,70485.1,70540.2,2.47470661
2026-03-20 23:45:00,70540.2,70564.5,70474.1,70564.5,3.35730303
2026-03-20 23:50:00,70565.9,70608.5,70486.1,70508.0,5.54107459
2026-03-20 23:55:00,70508.0,70537.9,70508.0,70515.7,2.17390992
2026-03-21 00:00:00,70515.6,70573.5,70515.1,70569.0,2.64962174
2026-03-21 00:05:00,70569.0,70591.6,70533.0,70534.1,4.70903491
2026-03-21 00:10:00,70534.0,70601.3,70473.1,70598.5,10.61881651
2026-03-21 00:15:00,70598.0,70745.0,70581.0,70745.0,18.08373199
2026-03-21 00:20:00,70745.4,70832.0,70686.0,70695.3,23.94421935
2026-03-21 00:25:00,70700.1,70726.0,70652.1,70666.0,6.78653306
2026-03-21 00:30:00,70665.3,70670.2,70615.1,70652.0,2.54733683
2026-03-21 00:35:00,70652.0,70683.1,70639.0,70666.0,2.81191251
2026-03-21 00:40:00,70665.9,70665.9,70591.9,70603.1,9.2060342
2026-03-21 00:45:00,70603.0,70617.0,70569.9,70601.0,2.69897689
2026-03-21 00:50:00,70603.0,70682.0,70603.0,70682.0,7.32588226
2026-03-21 00:55:00,70682.0,70731.9,70680.0,70685.0,3.47438727
2026-03-21 01:00:00,70686.0,70723.0,70651.2,70654.0,2.7759553
2026-03-21 01:05:00,70654.0,70728.0,70654.0,70709.0,2.55856408
2026-03-21 01:10:00,70709.0,70767.9,70662.1,70676.8,4.32784711
2026-03-21 01:15:00,70676.9,70683.0,70578.3,70608.9,3.18835611
2026-03-21 01:20:00,70610.0,70653.8,70604.9,70605.0,4.53209269
2026-03-21 01:25:00,70605.1,70653.8,70605.1,70611.8,1.73701229
2026-03-21 01:30:00,70611.8,70611.8,70545.5,70606.5,5.48752144
2026-03-21 01:35:00,70605.2,70649.6,70605.1,70620.1,1.48635952
2026-03-21 01:40:00,70620.1,70620.1,70514.8,70514.9,3.67494416
2026-03-21 01:45:00,70524.6,70577.8,70503.4,70511.8,5.81714717
2026-03-21 01:50:00,70511.8,70531.9,70480.7,70480.8,3.83330475
2026-03-21 01:55:00,70480.7,70519.0,70466.0,70472.0,2.95845814
2026-03-21 02:00:00,70472.0,70509.4,70444.6,70463.5,8.8289907
2026-03-21 02:05:00,70463.5,70511.0,70444.6,70500.2,9.55695722
2026-03-21 02:10:00,70500.2,70500.2,70474.4,70494.4,2.32236549
2026-03-21 02:15:00,70494.4,70563.9,70494.4,70558.1,3.07255969
2026-03-21 02:20:00,70558.2,70598.1,70550.3,70598.1,2.83382769
2026-03-21 02:25:00,70598.1,70693.6,70598.0,70645.2,6.46378554
2026-03-21 02:30:00,70645.2,70647.5,70576.8,70636.5,3.23702523
2026-03-21 02:35:00,70636.5,70660.0,70608.5,70660.0,1.26053093
2026-03-21 02:40:00,70659.9,70739.9,70659.9,70710.7,1.71338675
2026-03-21 02:45:00,70710.8,70736.6,70679.3,70734.9,3.93963974
2026-03-21 02:50:00,70736.1,70787.6,70736.1,70776.3,6.30144037
2026-03-21 02:55:00,70771.8,70771.8,70701.3,70732.3,4.19517872
2026-03-21 03:00:00,70732.2,70750.0,70675.6,70675.6,2.51023931
2026-03-21 03:05:00,70675.6,70750.0,70675.5,70746.9,1.02108343
2026-03-21 03:10:00,70746.8,70786.3,70666.2,70699.3,4.17254421
2026-03-21 03:15:00,70699.4,70706.4,70667.0,70686.8,1.27436628
2026-03-21 03:20:00,70686.8,70699.0,70665.5,70688.0,4.44984344
2026-03-21 03:25:00,70686.6,70719.0,70661.0,70704.8,3.78745525
2026-03-21 03:30:00,70704.0,70704.0,70651.0,70651.0,1.68933899
2026-03-21 03:35:00,70651.1,70652.0,70630.7,70631.0,1.90838772
2026-03-21 03:40:00,70635.9,70653.8,70635.9,70648.0,1.13723748
2026-03-21 03:45:00,70648.1,70651.0,70634.0,70637.0,1.65786549
2026-03-21 03:50:00,70637.1,70688.0,70628.0,70662.0,5.05731438
2026-03-21 03:55:00,70661.9,70700.0,70660.9,70672.4,1.22468308
2026-03-21 04:00:00,70670.6,70746.6,70669.1,70746.5,3.9431822
2026-03-21 04:05:00,70746.6,70799.1,70725.6,70742.8,5.71197796
2026-03-21 04:10:00,70742.8,70765.1,70731.0,70757.1,4.11189852
2026-03-21 04:15:00,70757.2,70781.9,70735.9,70735.9,2.25141331
2026-03-21 04:20:00,70733.3,70787.5,70726.0,70775.9,4.31724024
2026-03-21 04:25:00,70776.0,70821.7,70752.0,70752.0,3.95519734
2026-03-21 04:30:00,70751.0,70751.0,70644.5,70651.7,3.81428297
2026-03-21 04:35:00,70651.8,70661.0,70626.1,70655.0,6.26244619
2026-03-21 04:40:00,70655.0,70655.0,70620.5,70636.7,11.179678
2026-03-21 04:45:00,70636.3,70657.0,70630.5,70630.6,1.97478139
2026-03-21 04:50:00,70630.6,70652.9,70622.1,70633.9,2.17957699
2026-03-21 04:55:00,70633.9,70653.2,70632.3,70641.0,1.52983478
2026-03-21 05:00:00,70641.1,70707.2,70639.4,70643.2,3.52676497
2026-03-21 05:05:00,70643.3,70661.0,70634.6,70647.0,1.14519818
2026-03-21 05:10:00,70647.0,70647.0,70633.9,70642.4,0.85665277
2026-03-21 05:15:00,70643.0,70740.3,70634.7,70717.1,4.61340103
2026-03-21 05:20:00,70717.1,70768.8,70701.0,70715.9,2.39546081
2026-03-21 05:25:00,70715.9,70795.6,70715.9,70783.0,8.07374331
2026-03-21 05:30:00,70783.0,70832.1,70702.2,70733.1,194.43778479
2026-03-21 05:35:00,70733.1,70793.0,70714.1,70732.2,27.79687245
2026-03-21 05:40:00,70732.0,70768.6,70730.0,70768.5,2.38581589
2026-03-21 05:45:00,70768.6,70768.6,70731.0,70734.0,2.85189404
2026-03-21 05:50:00,70733.9,70733.9,70681.1,70706.9,2.69719221
2026-03-21 05:55:00,70707.0,70721.1,70705.2,70705.9,1.86640514
2026-03-21 06:00:00,70705.9,70740.0,70693.0,70716.1,2.10877258
2026-03-21 06:05:00,70716.0,70748.0,70701.0,70724.9,2.54528803
2026-03-21 06:10:00,70719.0,70735.0,70719.0,70720.7,1.52870088
2026-03-21 06:15:00,70720.8,70813.0,70695.8,70794.7,126.51641861
2026-03-21 06:20:00,70795.9,70813.0,70742.0,70813.0,22.47605683
2026-03-21 06:25:00,70813.0,70837.2,70768.0,70811.9,138.05163335
2026-03-21 06:30:00,70812.0,70824.0,70728.4,70730.9,119.08189119
2026-03-21 06:35:00,70730.9,70780.0,70729.3,70762.9,46.28274691
2026-03-21 06:40:00,70762.9,70800.5,70751.6,70784.0,35.65398047
2026-03-21 06:45:00,70783.9,70788.0,70750.0,70778.4,1.24749225
2026-03-21 06:50:00,70778.4,70780.0,70760.0,70764.1,1.81625706
2026-03-21 06:55:00,70764.0,70776.5,70741.0,70760.0,8.07694111
2026-03-21 07:00:00,70768.8,70779.8,70726.4,70772.3,17.30547408
2026-03-21 07:05:00,70772.3,70779.7,70694.1,70740.0,35.39791992
2026-03-21 07:10:00,70740.0,70751.0,70738.1,70738.1,1.85658671
2026-03-21 07:15:00,70738.0,70818.9,70738.0,70806.1,16.85376346
2026-03-21 07:20:00,70806.0,70820.0,70769.2,70813.1,12.94706173
2026-03-21 07:25:00,70813.1,70875.9,70798.3,70875.8,4.58378963
2026-03-21 07:30:00,70875.8,70875.8,70771.5,70796.0,11.43538896
2026-03-21 07:35:00,70796.0,70799.0,70761.6,70764.1,7.04527043
2026-03-21 07:40:00,70764.0,70785.0,70736.6,70743.0,15.29181171
2026-03-21 07:45:00,70742.9,70756.0,70664.4,70752.4,7.61506073
2026-03-21 07:50:00,70752.4,70752.5,70690.0,70702.4,9.18405145
2026-03-21 07:55:00,70702.3,70712.9,70666.3,70712.9,12.36539754
2026-03-21 08:00:00,70712.9,70713.0,70690.2,70698.0,3.10824986
2026-03-21 08:05:00,70697.9,70760.0,70697.9,70697.9,17.8043508
2026-03-21 08:10:00,70697.1,70732.5,70697.1,70700.0,7.86216225
2026-03-21 08:15:00,70700.1,70710.9,70584.3,70609.7,11.36110008
2026-03-21 08:20:00,70609.8,70617.0,70525.4,70587.0,9.10808381
2026-03-21 08:25:00,70587.1,70587.1,70512.2,70512.9,9.79778911
2026-03-21 08:30:00,70513.0,70625.1,70483.1,70608.9,9.98864652
2026-03-21 08:35:00,70609.0,70630.0,70603.1,70604.2,2.73407606
2026-03-21 08:40:00,70604.3,70629.9,70603.4,70604.3,3.81340255
2026-03-21 08:45:00,70604.2,70631.0,70564.2,70580.0,3.23177579
2026-03-21 08:50:00,70580.0,70595.0,70570.0,70579.8,2.20436028
2026-03-21 08:55:00,70579.7,70602.0,70579.7,70595.5,1.7554216
2026-03-21 09:00:00,70595.5,70692.8,70570.0,70681.9,8.71279857
2026-03-21 09:05:00,70677.1,70733.5,70664.9,70704.4,13.52125402
2026-03-21 09:10:00,70704.9,70717.3,70669.0,70717.3,1.75999743
2026-03-21 09:15:00,70717.3,70717.3,70660.7,70660.7,2.5446654
2026-03-21 09:20:00,70660.7,70667.9,70638.5,70638.5,4.04260423
2026-03-21 09:25:00,70638.5,70638.6,70583.5,70586.6,4.22467973
2026-03-21 09:30:00,70586.5,70620.0,70577.4,70620.0,1.6079278
2026-03-21 09:35:00,70620.0,70676.9,70603.1,70676.8,4.43804222
2026-03-21 09:40:00,70676.9,70694.7,70623.7,70631.2,27.68842173
2026-03-21 09:45:00,70631.3,70654.8,70631.3,70654.8,1.09805572
2026-03-21 09:50:00,70654.8,70674.8,70634.9,70659.3,1.21645264
2026-03-21 09:55:00,70659.2,70659.2,70637.7,70659.1,0.91673315
2026-03-21 10:00:00,70659.2,70694.5,70630.9,70659.3,2.42922287
2026-03-21 10:05:00,70659.3,70665.9,70601.3,70665.8,6.45162419
2026-03-21 10:10:00,70665.9,70668.6,70609.9,70629.1,1.18373643
2026-03-21 10:15:00,70629.0,70629.1,70566.0,70585.3,2.04825559
2026-03-21 10:20:00,70585.2,70598.4,70564.3,70567.1,15.39806399
2026-03-21 10:25:00,70567.1,70597.6,70567.0,70577.7,3.26417297
2026-03-21 10:30:00,70577.0,70622.7,70577.0,70603.5,2.98871311
2026-03-21 10:35:00,70603.6,70619.7,70603.5,70617.8,0.67698556
2026-03-21 10:40:00,70617.8,70617.9,70581.3,70590.7,1.35640627
2026-03-21 10:45:00,70590.7,70590.8,70565.2,70574.8,1.90497308
2026-03-21 10:50:00,70574.8,70590.6,70574.8,70586.3,0.76152924
2026-03-21 10:55:00,70586.3,70612.6,70586.3,70607.1,2.14305242
2026-03-21 11:00:00,70607.2,70613.8,70598.3,70611.8,1.47872418
2026-03-21 11:05:00,70611.7,70613.8,70582.2,70607.7,2.06628738
2026-03-21 11:10:00,70607.6,70607.6,70564.9,70568.2,7.01136483
2026-03-21 11:15:00,70568.2,70600.0,70564.8,70583.0,6.14106224
2026-03-21 11:20:00,70583.1,70590.0,70580.6,70587.6,0.43810345
2026-03-21 11:25:00,70587.6,70607.6,70587.6,70603.4,1.6347271
2026-03-21 11:30:00,70603.5,70603.5,70567.2,70586.5,6.21286571
2026-03-21 11:35:00,70586.4,70603.4,70582.6,70603.4,1.6310682
2026-03-21 11:40:00,70603.4,70641.3,70596.3,70639.5,2.24611822
2026-03-21 11:45:00,70639.6,70639.6,70610.3,70622.1,5.23580714
2026-03-21 11:50:00,70622.0,70629.2,70600.0,70607.1,2.0790642
2026-03-21 11:55:00,70607.1,70646.5,70605.2,70646.5,2.76199285
2026-03-21 12:00:00,70646.5,70720.0,70646.5,70720.0,8.57971978
2026-03-21 12:05:00,70720.0,70720.0,70654.0,70710.4,2.5901633
2026-03-21 12:10:00,70710.3,70720.0,70710.3,70719.9,1.78239754
2026-03-21 12:15:00,70720.0,70739.9,70684.1,70690.8,4.2251308
2026-03-21 12:20:00,70690.8,70800.0,70690.8,70766.8,8.88396098
2026-03-21 12:25:00,70766.9,70780.5,70753.4,70778.7,5.72488737
2026-03-21 12:30:00,70778.7,70778.7,70720.0,70720.0,3.3601046
2026-03-21 12:35:00,70720.0,70770.1,70707.7,70757.7,7.01845404
2026-03-21 12:40:00,70757.7,70757.7,70745.8,70752.2,1.19123208
2026-03-21 12:45:00,70752.3,70752.3,70701.2,70714.9,2.82912219
2026-03-21 12:50:00,70714.8,70738.5,70709.3,70709.3,1.7260356
2026-03-21 12:55:00,70709.4,70724.0,70709.1,70712.3,1.28402329
2026-03-21 13:00:00,70712.4,70728.1,70700.5,70700.6,2.23217347
2026-03-21 13:05:00,70700.5,70741.0,70700.5,70741.0,5.26335881
2026-03-21 13:10:00,70742.3,70765.7,70742.2,70747.4,2.17769093
2026-03-21 13:15:00,70747.4,70807.5,70747.4,70806.8,6.3921935
2026-03-21 13:20:00,70806.9,70806.9,70713.3,70724.6,8.17389928
2026-03-21 13:25:00,70725.3,70766.0,70725.2,70732.2,5.78900606
2026-03-21 13:30:00,70732.2,70786.8,70732.2,70769.0,12.13540195
2026-03-21 13:35:00,70769.0,70769.1,70731.3,70731.4,2.99400886
2026-03-21 13:40:00,70731.3,70731.3,70715.5,70722.8,5.9477228
2026-03-21 13:45:00,70722.8,70739.8,70705.6,70728.7,2.68822646
2026-03-21 13:50:00,70728.8,70756.3,70728.7,70737.5,1.65477487
2026-03-21 13:55:00,70737.4,70739.5,70711.5,70733.6,3.44536779
2026-03-21 14:00:00,70733.6,70793.3,70733.6,70762.8,4.38694057
2026-03-21 14:05:00,70762.0,70817.0,70757.9,70809.6,6.33275313
2026-03-21 14:10:00,70809.6,71100.0,70807.1,71019.5,80.26632693
2026-03-21 14:15:00,71019.5,71069.4,70914.8,71011.3,18.60671591
2026-03-21 14:20:00,71009.5,71009.5,70945.8,70951.9,7.64374017
2026-03-21 14:25:00,70952.0,70952.0,70920.8,70923.4,4.23794866
2026-03-21 14:30:00,70923.3,70988.0,70923.3,70988.0,3.17189123
2026-03-21 14:35:00,70988.0,71012.5,70933.1,70933.1,9.43068015
2026-03-21 14:40:00,70933.2,70959.8,70919.9,70933.0,12.55253893
2026-03-21 14:45:00,70933.0,70933.0,70757.6,70798.1,13.52745022
2026-03-21 14:50:00,70798.0,70798.1,70637.0,70691.7,25.44472492
2026-03-21 14:55:00,70691.7,70691.7,70569.1,70621.8,29.7161064
2026-03-21 15:00:00,70621.8,70657.4,70570.0,70634.6,5.57196676
2026-03-21 15:05:00,70634.6,70638.4,70570.0,70602.7,4.95158311
2026-03-21 15:10:00,70602.7,70644.0,70602.6,70644.0,3.05274784
2026-03-21 15:15:00,70644.1,70662.7,70455.7,70508.4,121.53060983
2026-03-21 15:20:00,70511.2,70630.9,70511.2,70630.9,5.20290541
2026-03-21 15:25:00,70630.8,70665.8,70612.8,70665.8,5.09267316
2026-03-21 15:30:00,70665.9,70770.0,70658.8,70764.2,7.63445733
2026-03-21 15:35:00,70764.2,70764.2,70628.9,70628.9,11.18481207
2026-03-21 15:40:00,70629.0,70681.2,70611.2,70634.4,5.99833773
2026-03-21 15:45:00,70634.4,70684.3,70630.7,70658.8,6.05472553
2026-03-21 15:50:00,70658.7,70684.3,70632.4,70653.9,1.70395352
2026-03-21 15:55:00,70653.9,70671.4,70630.1,70630.1,1.88086994
2026-03-21 16:00:00,70630.2,70652.8,70587.3,70626.2,6.96111952
2026-03-21 16:05:00,70626.1,70655.9,70611.1,70611.2,2.95007884
2026-03-21 16:10:00,70611.1,70611.2,70564.7,70569.5,4.88620082
2026-03-21 16:15:00,70569.5,70631.9,70475.3,70508.0,13.7822857
2026-03-21 16:20:00,70508.1,70543.6,70498.0,70520.4,2.99399118
2026-03-21 16:25:00,70520.4,70539.8,70333.3,70422.3,31.97130842
2026-03-21 16:30:00,70422.2,70473.7,70404.8,70470.4,4.59059792
2026-03-21 16:35:00,70470.4,70478.8,70423.0,70426.5,4.32379587
2026-03-21 16:40:00,70426.5,70426.5,70338.0,70372.6,15.93900314
2026-03-21 16:45:00,70372.7,70435.5,70363.8,70418.0,4.54864573
2026-03-21 16:50:00,70417.9,70417.9,70368.0,70371.6,4.26912552
2026-03-21 16:55:00,70371.6,70371.6,70257.9,70308.2,22.31773067
2026-03-21 17:00:00,70308.6,70364.8,70307.7,70364.7,2.56469855
2026-03-21 17:05:00,70364.8,70372.6,70215.0,70258.7,7.56648391
2026-03-21 17:10:00,70258.7,70287.8,70219.5,70275.2,7.77413791
2026-03-21 17:15:00,70276.8,70317.1,70251.5,70293.3,5.35551542
2026-03-21 17:20:00,70293.2,70403.9,70286.9,70370.9,15.4321322
2026-03-21 17:25:00,70370.9,70406.5,70360.1,70363.3,6.06585539
2026-03-21 17:30:00,70363.4,70428.9,70363.3,70398.4,3.27118895
2026-03-21 17:35:00,70398.4,70424.4,70365.4,70396.5,1.64837235
2026-03-21 17:40:00,70396.6,70417.2,70373.0,70400.0,2.51034166
2026-03-21 17:45:00,70400.0,70422.3,70369.0,70369.1,2.72769934
2026-03-21 17:50:00,70369.1,70369.1,70280.0,70317.7,2.96297504
2026-03-21 17:55:00,70317.7,70352.1,70317.7,70317.8,4.64188302
2026-03-21 18:00:00,70317.8,70349.1,70306.9,70314.0,1.26216436
2026-03-21 18:05:00,70314.1,70372.6,70300.0,70372.5,15.38375094
2026-03-21 18:10:00,70372.5,70393.9,70348.5,70381.9,6.36154023
2026-03-21 18:15:00,70381.8,70400.6,70354.3,70396.4,2.4146722
2026-03-21 18:20:00,70396.4,70440.0,70396.4,70398.4,15.50645817
2026-03-21 18:25:00,70398.4,70446.1,70374.6,70418.7,26.48576047
2026-03-21 18:30:00,70418.6,70475.6,70413.7,70449.7,3.23424179
2026-03-21 18:35:00,70449.7,70509.6,70446.9,70495.1,2.61873506
2026-03-21 18:40:00,70496.4,70535.8,70472.9,70485.0,3.60944736
2026-03-21 18:45:00,70485.0,70485.0,70444.8,70451.9,4.90399527
2026-03-21 18:50:00,70451.8,70451.9,70386.9,70408.1,2.95093843
2026-03-21 18:55:00,70408.1,70423.9,70402.0,70402.0,1.75191794
2026-03-21 19:00:00,70401.1,70441.2,70401.1,70441.2,1.71082686
2026-03-21 19:05:00,70441.5,70445.6,70424.0,70424.0,5.88765978
2026-03-21 19:10:00,70423.7,70438.6,70406.9,70438.5,3.11009964
2026-03-21 19:15:00,70438.6,70438.6,70401.3,70430.7,1.9278944
2026-03-21 19:20:00,70430.7,70444.5,70426.8,70432.1,2.64852325
2026-03-21 19:25:00,70432.1,70454.8,70400.0,70412.7,50.36225784
2026-03-21 19:30:00,70412.7,70427.6,70358.6,70368.4,1.7924821
2026-03-21 19:35:00,70368.4,70389.6,70333.3,70333.4,83.28508447
2026-03-21 19:40:00,70333.4,70352.0,70324.2,70351.9,4.68614685
2026-03-21 19:45:00,70352.0,70386.3,70351.9,70358.9,1.66150364
2026-03-21 19:50:00,70358.9,70367.9,70343.9,70367.9,1.81299039
2026-03-21 19:55:00,70367.9,70402.0,70354.5,70400.0,1.39525653
2026-03-21 20:00:00,70400.1,70430.1,70387.1,70387.9,2.46684721
2026-03-21 20:05:00,70387.3,70392.9,70362.1,70392.9,2.55887728
2026-03-21 20:10:00,70392.9,70443.8,70392.7,70404.6,1.80693613
2026-03-21 20:15:00,70404.0,70404.0,70365.6,70399.3,0.76069548
2026-03-21 20:20:00,70399.2,70479.5,70399.2,70441.0,2.73360484
2026-03-21 20:25:00,70440.9,70491.4,70430.0,70456.2,47.53594269
2026-03-21 20:30:00,70456.2,70494.0,70454.4,70466.5,4.88040712
2026-03-21 20:35:00,70466.5,70479.4,70450.0,70471.5,6.12190554
2026-03-21 20:40:00,70471.6,70478.8,70440.2,70467.2,4.38347642
2026-03-21 20:45:00,70467.1,70503.4,70459.9,70459.9,2.53214575
2026-03-21 20:50:00,70458.1,70470.0,70440.5,70457.0,1.15149504
2026-03-21 20:55:00,70457.1,70472.8,70451.0,70459.7,1.77769067
2026-03-21 21:00:00,70462.3,70462.3,70415.4,70462.3,1.6087382
2026-03-21 21:05:00,70462.2,70508.8,70450.5,70482.4,4.88164026
2026-03-21 21:10:00,70482.5,70482.5,70357.5,70366.2,11.88791312
2026-03-21 21:15:00,70366.2,70396.1,70359.9,70376.5,1.93414115
2026-03-21 21:20:00,70376.5,70391.2,70360.6,70369.0,1.58679327
2026-03-21 21:25:00,70369.0,70374.4,70354.2,70354.2,1.05446816
2026-03-21 21:30:00,70354.2,70387.3,70354.1,70357.4,1.49935584
2026-03-21 21:35:00,70356.6,70371.9,70355.0,70365.2,0.99952071
2026-03-21 21:40:00,70365.3,70402.6,70342.7,70343.4,2.94895644
2026-03-21 21:45:00,70344.1,70369.3,70342.7,70342.7,1.74597343
2026-03-21 21:50:00,70342.8,70357.0,70273.2,70353.3,4.59449268
2026-03-21 21:55:00,70353.3,70370.6,70334.9,70355.0,3.84576013
2026-03-21 22:00:00,70355.0,70391.1,70271.4,70306.0,5.53660073
2026-03-21 22:05:00,70306.0,70341.9,70287.1,70287.2,2.95369362
2026-03-21 22:10:00,70287.2,70321.7,70287.2,70314.7,1.61283619
2026-03-21 22:15:00,70314.7,70336.0,70300.5,70317.0,4.85515566
2026-03-21 22:20:00,70316.0,70316.0,70290.7,70290.8,3.52704277
2026-03-21 22:25:00,70290.8,70308.2,70283.6,70286.0,1.30349974
2026-03-21 22:30:00,70285.9,70351.2,70270.9,70342.1,3.8125806
2026-03-21 22:35:00,70342.4,70382.2,70332.1,70332.1,5.63297041
2026-03-21 22:40:00,70332.0,70366.0,70308.0,70308.0,2.42536072
2026-03-21 22:45:00,70308.0,70312.0,70263.0,70303.4,8.20738002
2026-03-21 22:50:00,70303.4,70319.7,70275.0,70295.0,11.19875795
2026-03-21 22:55:00,70294.3,70316.0,70289.3,70289.4,1.26217447
2026-03-21 23:00:00,70289.4,70302.5,70217.0,70252.6,6.52243611
2026-03-21 23:05:00,70253.0,70269.4,70225.0,70230.0,1.26157142
2026-03-21 23:10:00,70229.5,70229.9,70128.2,70147.2,13.24101745
2026-03-21 23:15:00,70147.3,70220.9,70128.4,70194.4,3.63263745
2026-03-21 23:20:00,70194.4,70218.0,70159.7,70159.7,3.86037201
2026-03-21 23:25:00,70159.0,70159.0,70124.9,70125.0,2.19569488
2026-03-21 23:30:00,70125.0,70170.0,70111.0,70138.9,3.11296919
2026-03-21 23:35:00,70138.9,70172.8,70138.9,70159.0,3.7615735
2026-03-21 23:40:00,70159.1,70194.6,70149.1,70161.3,2.4285506
2026-03-21 23:45:00,70161.0,70161.0,69580.6,69580.6,86.02515983
2026-03-21 23:50:00,69583.1,69677.2,68916.3,69115.6,363.9307132
2026-03-21 23:55:00,69115.0,69189.3,68555.0,68921.1,282.33789382
2026-03-22 00:00:00,68921.1,68921.1,68237.1,68449.0,263.70717251
2026-03-22 00:05:00,68449.1,68948.6,68374.6,68859.7,125.49458362
2026-03-22 00:10:00,68859.6,68931.3,68600.0,68689.6,57.57112251
2026-03-22 00:15:00,68689.6,69061.0,68661.1,68900.0,62.55110213
2026-03-22 00:20:00,68900.0,68900.0,68739.1,68852.0,54.3817987
2026-03-22 00:25:00,68851.9,68904.2,68742.1,68900.7,30.98282313
2026-03-22 00:30:00,68904.2,69119.5,68904.2,69098.9,48.76441897
2026-03-22 00:35:00,69096.1,69150.8,68963.0,68966.0,65.40372929
2026-03-22 00:40:00,68966.0,69110.9,68963.0,69067.0,17.89371746
2026-03-22 00:45:00,69067.1,69138.0,69012.0,69050.1,14.65339761
2026-03-22 00:50:00,69050.0,69050.0,68777.9,68863.1,45.1547231
2026-03-22 00:55:00,68863.1,68973.8,68825.0,68952.0,7.92829022
2026-03-22 01:00:00,68952.1,69099.0,68952.1,69030.0,22.21942278
2026-03-22 01:05:00,69029.0,69063.7,68874.0,68874.1,19.26030355
2026-03-22 01:10:00,68874.0,68968.3,68847.8,68968.3,7.90484943
2026-03-22 01:15:00,68969.0,69088.5,68899.4,69050.9,10.31094685
2026-03-22 01:20:00,69049.3,69094.0,69010.2,69046.0,8.97929028
2026-03-22 01:25:00,69046.0,69055.4,68992.1,69029.4,10.55132089
2026-03-22 01:30:00,69029.4,69082.2,68983.4,69012.7,20.28164517
2026-03-22 01:35:00,69012.7,69025.0,68767.1,68852.9,39.4106156
2026-03-22 01:40:00,68854.4,68912.9,68832.0,68843.0,14.98052822
2026-03-22 01:45:00,68844.9,68952.3,68844.9,68930.0,6.04318182
2026-03-22 01:50:00,68930.1,68976.8,68899.6,68956.9,8.57950116
2026-03-22 01:55:00,68956.9,68984.2,68938.3,68962.8,5.31154293
2026-03-22 02:00:00,68962.9,69032.0,68946.1,69014.0,11.56941167
2026-03-22 02:05:00,69014.0,69066.5,68976.3,68976.4,11.27099278
2026-03-22 02:10:00,68976.4,69078.3,68947.0,69051.8,6.2344153
2026-03-22 02:15:00,69051.1,69094.0,69009.2,69030.1,5.80742784
2026-03-22 02:20:00,69030.1,69091.0,68969.4,69091.0,10.66766727
2026-03-22 02:25:00,69090.9,69410.0,69079.1,69351.8,37.92107149
2026-03-22 02:30:00,69356.9,69367.7,69232.0,69261.0,16.11757083
2026-03-22 02:35:00,69261.0,69284.0,69205.4,69225.8,9.09125078
2026-03-22 02:40:00,69227.0,69254.7,69202.2,69235.1,13.01646871
2026-03-22 02:45:00,69235.1,69346.0,69205.1,69298.0,7.07395721
2026-03-22 02:50:00,69301.1,69337.4,69248.1,69337.4,33.96362259
2026-03-22 02:55:00,69337.4,69362.6,69269.1,69274.2,11.75281068
2026-03-22 03:00:00,69277.0,69279.7,69131.0,69132.0,16.00989192
2026-03-22 03:05:00,69133.4,69237.0,69130.0,69221.0,13.45473659
2026-03-22 03:10:00,69221.1,69337.7,69221.1,69308.2,1.68640656
2026-03-22 03:15:00,69308.1,69353.3,69259.5,69313.1,14.14017766
2026-03-22 03:20:00,69313.1,69342.2,69258.3,69314.2,9.94220102
2026-03-22 03:25:00,69313.1,69534.7,69290.8,69438.5,20.16143227
2026-03-22 03:30:00,69439.1,69526.3,69354.2,69386.0,25.4093846
2026-03-22 03:35:00,69388.9,69584.8,69375.9,69420.5,36.73872626
2026-03-22 03:40:00,69411.0,69411.0,69310.5,69352.8,12.35277079
2026-03-22 03:45:00,69352.8,69360.9,69297.5,69326.7,6.2403632
2026-03-22 03:50:00,69326.3,69340.2,69282.1,69319.2,12.29395848
2026-03-22 03:55:00,69319.2,69365.8,69319.1,69345.1,11.7501198
2026-03-22 04:00:00,69345.0,69421.0,69313.1,69395.1,15.92487535
2026-03-22 04:05:00,69395.0,69489.3,69387.0,69434.4,7.60104514
2026-03-22 04:10:00,69434.4,69447.0,69368.9,69447.0,6.4097226
2026-03-22 04:15:00,69447.0,69527.9,69398.8,69398.9,13.52622789
2026-03-22 04:20:00,69398.8,69398.8,69234.0,69267.9,20.08265666
2026-03-22 04:25:00,69267.9,69279.0,69220.0,69261.9,5.67130894
2026-03-22 04:30:00,69261.9,69365.9,69216.7,69349.8,13.90429218
2026-03-22 04:35:00,69352.0,69373.0,69326.0,69336.0,5.84753094
2026-03-22 04:40:00,69336.0,69347.0,69318.5,69346.9,2.26995419
2026-03-22 04:45:00,69347.9,69406.0,69311.1,69332.9,10.65991258
2026-03-22 04:50:00,69333.0,69349.0,69300.0,69340.3,10.48750366
2026-03-22 04:55:00,69340.2,69370.8,69295.6,69352.3,14.73339038
2026-03-22 05:00:00,69348.4,69352.0,69240.6,69277.9,10.00747541
2026-03-22 05:05:00,69277.9,69298.0,69211.7,69231.0,5.79556703
2026-03-22 05:10:00,69231.0,69278.5,69213.6,69230.1,31.05713668
2026-03-22 05:15:00,69230.1,69266.0,69176.0,69228.9,9.19880532
2026-03-22 05:20:00,69228.9,69236.0,69174.1,69174.1,6.11709512
2026-03-22 05:25:00,69174.1,69236.2,69164.1,69170.4,8.03163888
2026-03-22 05:30:00,69170.3,69227.6,69165.0,69165.0,9.84468121
2026-03-22 05:35:00,69165.1,69182.7,69144.4,69179.8,7.89485495
2026-03-22 05:40:00,69179.9,69217.0,69179.9,69200.5,4.57949045
2026-03-22 05:45:00,69200.4,69254.1,69192.0,69208.6,8.46117657
2026-03-22 05:50:00,69208.6,69217.1,69162.0,69162.0,5.67024378
2026-03-22 05:55:00,69162.0,69175.4,69142.9,69149.0,12.74337892
2026-03-22 06:00:00,69149.1,69178.7,69079.0,69147.9,10.41949164
2026-03-22 06:05:00,69147.1,69147.1,69066.7,69140.0,5.16392575
2026-03-22 06:10:00,69140.0,69162.2,69121.7,69130.2,3.18519736
2026-03-22 06:15:00,69133.9,69171.2,69085.0,69160.5,4.61355044
2026-03-22 06:20:00,69160.5,69197.8,69118.0,69149.9,10.34407608
2026-03-22 06:25:00,69149.9,69233.3,69137.9,69233.3,8.06497465
2026-03-22 06:30:00,69233.4,69241.0,69169.0,69174.0,8.47826669
2026-03-22 06:35:00,69174.0,69206.0,69173.1,69201.0,2.98921845
2026-03-22 06:40:00,69201.9,69210.1,69190.0,69199.1,1.48906731
2026-03-22 06:45:00,69199.0,69199.0,69155.0,69160.1,2.90977782
2026-03-22 06:50:00,69160.1,69194.5,69160.0,69172.0,2.63421917
2026-03-22 06:55:00,69172.0,69172.0,69151.5,69164.0,12.5826778
2026-03-22 07:00:00,69164.0,69220.2,69153.0,69203.0,6.48684354
2026-03-22 07:05:00,69202.0,69249.9,69153.1,69153.1,3.17378024
2026-03-22 07:10:00,69153.0,69186.4,69122.1,69157.1,8.77875241
2026-03-22 07:15:00,69157.1,69185.3,69157.0,69157.1,3.13672269
2026-03-22 07:20:00,69157.0,69197.8,69140.0,69173.0,4.78106788
2026-03-22 07:25:00,69173.0,69197.8,69172.1,69183.1,2.29630751
2026-03-22 07:30:00,69183.0,69185.6,69089.0,69140.8,32.39068545
2026-03-22 07:35:00,69136.0,69150.1,69005.2,69012.1,54.50196436
2026-03-22 07:40:00,69012.0,69043.4,68934.7,68955.1,52.48855584
2026-03-22 07:45:00,68955.0,69069.8,68911.3,69069.8,39.38260899
2026-03-22 07:50:00,69069.8,69091.0,69000.0,69002.8,12.80666116
2026-03-22 07:55:00,69002.8,69023.9,68894.0,68923.0,49.1536201
2026-03-22 08:00:00,68923.0,68923.1,68727.3,68849.1,35.75925781
2026-03-22 08:05:00,68848.8,68932.9,68841.1,68897.0,16.07028238
2026-03-22 08:10:00,68895.5,68984.2,68874.1,68984.2,6.56067042
2026-03-22 08:15:00,68984.2,68986.5,68830.0,68830.0,8.25814253
2026-03-22 08:20:00,68830.0,68889.9,68743.7,68885.0,12.56359246
2026-03-22 08:25:00,68886.8,68934.3,68540.1,68630.0,78.26598265
2026-03-22 08:30:00,68630.0,68749.9,68608.0,68625.0,15.4955907
2026-03-22 08:35:00,68625.0,68711.2,68570.2,68691.9,15.95240527
2026-03-22 08:40:00,68691.9,68793.1,68688.1,68743.1,7.78807023
2026-03-22 08:45:00,68743.1,68798.1,68716.0,68774.1,5.6853703
2026-03-22 08:50:00,68774.1,68784.1,68688.0,68744.0,10.51036545
2026-03-22 08:55:00,68744.9,68828.3,68714.1,68810.1,8.22372383
2026-03-22 09:00:00,68810.1,68849.9,68771.0,68771.0,4.77556003
2026-03-22 09:05:00,68770.0,68874.9,68759.1,68852.1,13.77865869
2026-03-22 09:10:00,68852.1,68881.0,68811.0,68864.1,5.08517712
2026-03-22 09:15:00,68864.9,68900.0,68657.3,68735.5,17.70158968
2026-03-22 09:20:00,68734.0,68797.6,68654.0,68679.2,13.17948837
2026-03-22 09:25:00,68679.2,68695.9,68581.4,68647.1,14.54873105
2026-03-22 09:30:00,68647.0,68716.1,68641.1,68696.0,14.83597913
2026-03-22 09:35:00,68696.0,68767.0,68696.0,68757.0,4.94602456
2026-03-22 09:40:00,68757.9,68823.7,68757.9,68780.1,6.95488507
2026-03-22 09:45:00,68780.1,68809.2,68760.0,68784.0,2.62213482
2026-03-22 09:50:00,68784.2,68831.0,68766.0,68831.0,9.51049052
2026-03-22 09:55:00,68831.0,68846.0,68808.0,68820.3,6.14286793
2026-03-22 10:00:00,68816.8,68832.1,68759.4,68832.1,6.47479907
2026-03-22 10:05:00,68832.0,68845.0,68700.3,68703.0,8.24323903
2026-03-22 10:10:00,68703.0,68745.9,68670.5,68745.6,2.24709232
2026-03-22 10:15:00,68745.6,68745.6,68657.1,68698.7,5.34681522
2026-03-22 10:20:00,68698.8,68737.0,68698.7,68733.0,1.96737008
2026-03-22 10:25:00,68735.0,68735.0,68708.0,68733.5,3.06554248
2026-03-22 10:30:00,68733.5,68771.4,68693.3,68693.3,3.27078795
2026-03-22 10:35:00,68693.3,68701.0,68622.0,68642.6,9.28018321
2026-03-22 10:40:00,68642.6,68656.9,68592.0,68620.8,10.10043884
2026-03-22 10:45:00,68621.0,68666.0,68606.1,68609.0,8.74334694
2026-03-22 10:50:00,68609.0,68656.1,68587.1,68641.0,3.61956827
2026-03-22 10:55:00,68641.0,68687.4,68640.9,68650.4,3.03693086
2026-03-22 11:00:00,68650.4,68653.8,68566.0,68624.0,16.84895853
2026-03-22 11:05:00,68624.0,68681.4,68615.0,68679.2,6.42978671
2026-03-22 11:10:00,68675.5,68686.4,68637.1,68654.0,6.27735573
2026-03-22 11:15:00,68654.0,68671.2,68606.1,68606.1,4.52396725
2026-03-22 11:20:00,68606.1,68678.8,68606.1,68629.4,3.8044002
2026-03-22 11:25:00,68629.4,68629.4,68380.0,68422.4,57.51454578
2026-03-22 11:30:00,68422.3,68497.4,68392.1,68470.9,11.96816416
2026-03-22 11:35:00,68470.8,68516.1,68447.2,68502.0,3.85210588
2026-03-22 11:40:00,68503.0,68510.1,68288.0,68406.9,37.94199158
2026-03-22 11:45:00,68406.9,68420.2,68278.7,68312.2,14.685097
2026-03-22 11:50:00,68312.9,68361.9,68100.1,68317.1,76.18099925
2026-03-22 11:55:00,68317.0,68317.0,68200.1,68222.1,10.52726745
2026-03-22 12:00:00,68222.1,68315.0,68200.0,68221.9,14.59940738
2026-03-22 12:05:00,68221.1,68317.1,68221.1,68308.1,16.86198737
2026-03-22 12:10:00,68308.0,68339.7,68291.1,68314.1,3.98563841
2026-03-22 12:15:00,68314.1,68532.8,68313.0,68498.8,56.88713991
2026-03-22 12:20:00,68501.2,68641.1,68460.0,68630.0,26.36155397
2026-03-22 12:25:00,68630.0,68764.7,68588.0,68659.1,29.89630326
2026-03-22 12:30:00,68659.1,68672.9,68608.1,68637.0,21.22369905
2026-03-22 12:35:00,68636.9,68640.9,68591.7,68591.7,3.60765478
2026-03-22 12:40:00,68591.8,68639.0,68591.7,68607.4,4.63620008
2026-03-22 12:45:00,68600.4,68694.6,68563.7,68563.7,15.09171881
2026-03-22 12:50:00,68563.1,68643.0,68561.5,68635.1,6.69645369
2026-03-22 12:55:00,68635.1,68674.1,68627.3,68655.4,8.92941283
2026-03-22 13:00:00,68655.4,68959.8,68655.4,68826.4,45.41408381
2026-03-22 13:05:00,68826.3,68882.0,68777.9,68836.0,14.72917903
2026-03-22 13:10:00,68835.1,68878.0,68775.8,68815.0,23.63728006
2026-03-22 13:15:00,68815.0,68818.4,68758.8,68792.2,5.41878771
2026-03-22 13:20:00,68792.3,68860.2,68752.1,68786.9,13.86480046
2026-03-22 13:25:00,68786.9,68820.9,68756.1,68802.1,10.55678219
2026-03-22 13:30:00,68802.1,68851.0,68677.2,68692.3,17.81901822
2026-03-22 13:35:00,68692.3,68707.8,68600.6,68649.9,14.53274526
2026-03-22 13:40:00,68649.9,68674.0,68543.4,68629.0,13.610261
2026-03-22 13:45:00,68628.1,68683.0,68589.4,68662.1,9.15973692
2026-03-22 13:50:00,68662.0,68749.8,68633.8,68746.1,8.32039209
2026-03-22 13:55:00,68746.0,68749.9,68691.1,68691.1,12.61641619
2026-03-22 14:00:00,68693.2,68758.0,68532.8,68614.9,20.79469379
2026-03-22 14:05:00,68614.9,68686.0,68590.0,68686.0,6.1692528
2026-03-22 14:10:00,68686.1,68815.8,68686.0,68777.2,7.10602686
2026-03-22 14:15:00,68777.2,68782.0,68736.1,68753.1,6.18435265
2026-03-22 14:20:00,68753.0,68901.5,68720.0,68850.1,13.2720922
2026-03-22 14:25:00,68850.0,68854.0,68762.1,68840.9,5.97986604
2026-03-22 14:30:00,68843.0,68859.8,68781.1,68805.0,4.51804505
2026-03-22 14:35:00,68804.9,68916.4,68799.4,68868.1,5.13753587
2026-03-22 14:40:00,68867.9,68874.9,68817.8,68836.6,8.84949387
2026-03-22 14:45:00,68836.5,68836.5,68698.3,68722.0,6.92859829
2026-03-22 14:50:00,68721.9,68739.0,68653.0,68695.0,4.23431923
2026-03-22 14:55:00,68695.0,68722.9,68642.1,68709.8,10.77547156
2026-03-22 15:00:00,68709.8,68819.9,68709.8,68788.1,4.87050721
2026-03-22 15:05:00,68785.1,68919.4,68785.1,68849.0,20.17157879
2026-03-22 15:10:00,68848.9,68937.9,68847.1,68900.0,5.67442628
2026-03-22 15:15:00,68899.0,69006.0,68833.3,68881.6,21.41380955
2026-03-22 15:20:00,68881.6,68953.0,68805.1,68861.0,11.96056634
2026-03-22 15:25:00,68863.2,68900.0,68839.7,68898.9,5.54861314
2026-03-22 15:30:00,68898.9,68912.1,68835.2,68838.6,7.61447281
2026-03-22 15:35:00,68838.6,68838.7,68713.1,68744.1,9.25811382
2026-03-22 15:40:00,68744.1,68809.3,68709.0,68802.9,5.532639
2026-03-22 15:45:00,68802.9,68810.2,68749.4,68791.5,10.29111474
2026-03-22 15:50:00,68792.0,68856.0,68771.3,68808.4,5.0040551
2026-03-22 15:55:00,68808.3,68854.7,68808.3,68843.9,5.14700616
2026-03-22 16:00:00,68844.0,68881.7,68797.1,68830.0,11.24048741
2026-03-22 16:05:00,68829.9,68845.7,68769.2,68771.1,2.89538785
2026-03-22 16:10:00,68771.1,68832.1,68769.0,68786.4,4.39601557
2026-03-22 16:15:00,68786.5,68819.0,68734.0,68770.0,7.83225196
2026-03-22 16:20:00,68770.1,68780.0,68728.0,68734.8,8.12826459
2026-03-22 16:25:00,68734.7,68734.7,68677.6,68711.7,4.40540811
2026-03-22 16:30:00,68711.6,68759.0,68669.6,68721.1,3.71858438
2026-03-22 16:35:00,68721.1,68774.9,68719.0,68741.2,2.55655383
2026-03-22 16:40:00,68741.2,68741.3,68680.0,68729.9,5.35162043
2026-03-22 16:45:00,68730.0,68810.0,68729.9,68807.6,3.09558537
2026-03-22 16:50:00,68807.6,68833.9,68806.8,68822.0,3.8498364
2026-03-22 16:55:00,68822.0,68852.8,68799.0,68799.1,9.72969396
2026-03-22 17:00:00,68799.1,68817.3,68731.8,68806.1,3.90373138
2026-03-22 17:05:00,68806.0,68833.3,68785.4,68827.8,2.91664044
2026-03-22 17:10:00,68827.9,68836.4,68804.9,68817.8,5.66121519
2026-03-22 17:15:00,68817.9,68835.0,68779.8,68798.7,3.42774275
2026-03-22 17:20:00,68799.5,68852.7,68774.7,68777.7,5.2967901
2026-03-22 17:25:00,68777.7,68833.9,68754.0,68806.0,7.33817814
2026-03-22 17:30:00,68806.0,68830.3,68760.0,68800.0,2.78157451
2026-03-22 17:35:00,68800.0,68800.1,68684.2,68697.7,9.16344257
2026-03-22 17:40:00,68697.7,68714.8,68672.0,68677.3,5.59947571
2026-03-22 17:45:00,68677.0,68742.0,68677.0,68682.0,6.94700989
2026-03-22 17:50:00,68682.1,68728.3,68682.0,68705.0,3.23865188
2026-03-22 17:55:00,68705.0,68738.1,68668.7,68668.8,6.39206072
2026-03-22 18:00:00,68668.7,68668.8,68590.1,68639.9,15.39406022
2026-03-22 18:05:00,68639.9,68705.0,68639.9,68698.0,5.58436387
2026-03-22 18:10:00,68698.0,68720.0,68686.0,68720.0,3.0079057
2026-03-22 18:15:00,68719.9,68737.4,68700.0,68716.8,6.69295351
2026-03-22 18:20:00,68716.9,68724.0,68674.0,68680.9,4.21168492
2026-03-22 18:25:00,68680.8,68699.0,68665.6,68698.8,2.69118761
2026-03-22 18:30:00,68698.9,68740.7,68516.0,68521.1,29.49862089
2026-03-22 18:35:00,68521.0,68572.2,68343.0,68463.0,42.32896373
2026-03-22 18:40:00,68462.9,68530.0,68442.1,68470.0,6.83184059
2026-03-22 18:45:00,68470.1,68549.9,68439.1,68540.5,11.02527325
2026-03-22 18:50:00,68540.5,68594.7,68531.0,68532.0,10.52369985
2026-03-22 18:55:00,68532.1,68618.9,68532.1,68618.0,5.98276233
2026-03-22 19:00:00,68617.1,68630.1,68430.0,68468.7,12.60313056
2026-03-22 19:05:00,68468.7,68524.0,68465.0,68510.0,4.0234591
2026-03-22 19:10:00,68510.1,68520.0,68290.9,68335.0,46.09386388
2026-03-22 19:15:00,68335.0,68392.0,68312.7,68376.0,6.67629775
2026-03-22 19:20:00,68376.0,68393.0,68329.0,68370.0,5.733969
2026-03-22 19:25:00,68370.1,68375.9,68285.7,68285.7,3.68212801
2026-03-22 19:30:00,68285.8,68328.7,68217.3,68324.0,16.12829957
2026-03-22 19:35:00,68324.0,68388.9,68324.0,68381.0,5.12101732
2026-03-22 19:40:00,68381.0,68421.0,68356.7,68394.1,5.22322214
2026-03-22 19:45:00,68394.1,68404.4,68147.4,68159.4,43.23695166
2026-03-22 19:50:00,68159.5,68249.0,68159.5,68218.5,8.28429988
2026-03-22 19:55:00,68220.0,68236.0,68182.3,68204.9,3.42476691
2026-03-22 20:00:00,68205.0,68336.7,68205.0,68304.0,6.66686887
2026-03-22 20:05:00,68304.0,68338.0,68280.0,68325.1,3.45895133
2026-03-22 20:10:00,68324.0,68373.4,68287.0,68334.3,26.48127801
2026-03-22 20:15:00,68334.2,68406.9,68334.2,68406.9,3.99991114
2026-03-22 20:20:00,68406.9,68500.0,68384.5,68397.9,9.4211817
2026-03-22 20:25:00,68396.1,68396.1,68275.0,68329.8,17.57747658
2026-03-22 20:30:00,68329.9,68343.0,68306.0,68306.1,3.10400648
2026-03-22 20:35:00,68306.1,68306.1,68194.0,68232.2,9.97032593
2026-03-22 20:40:00,68235.0,68373.0,68235.0,68365.0,3.83177136
2026-03-22 20:45:00,68364.9,68364.9,68300.0,68323.0,7.76676355
2026-03-22 20:50:00,68323.0,68330.0,68084.1,68195.0,37.8642405
2026-03-22 20:55:00,68198.9,68207.3,68140.0,68173.0,5.09837653
2026-03-22 21:00:00,68173.0,68229.5,68085.1,68093.0,6.73738272
2026-03-22 21:05:00,68092.9,68093.0,67553.8,67850.1,329.39072375
2026-03-22 21:10:00,67850.1,67871.8,67700.0,67777.3,40.89221435
2026-03-22 21:15:00,67780.0,67789.8,67400.0,67416.9,70.79413598
2026-03-22 21:20:00,67417.5,67670.4,67360.1,67668.0,80.99500164
2026-03-22 21:25:00,67668.0,67866.0,67612.0,67808.1,21.22141853
2026-03-22 21:30:00,67804.5,67825.2,67701.1,67731.0,8.69487906
2026-03-22 21:35:00,67730.9,67940.1,67665.3,67938.3,20.77716114
2026-03-22 21:40:00,67938.3,67978.3,67839.3,67878.6,14.75486897
2026-03-22 21:45:00,67878.5,67900.0,67759.6,67853.5,10.17991902
2026-03-22 21:50:00,67853.5,67891.0,67807.9,67851.9,4.62498892
2026-03-22 21:55:00,67851.9,67898.2,67763.1,67898.2,6.18187956
2026-03-22 22:00:00,67898.3,67939.3,67577.2,67920.0,39.89734937
2026-03-22 22:05:00,67921.1,68121.8,67822.1,68118.2,25.15777386
2026-03-22 22:10:00,68114.3,68131.6,67875.0,67909.0,24.13714379
2026-03-22 22:15:00,67909.9,68080.8,67861.7,67983.0,21.16293095
2026-03-22 22:20:00,67982.0,68254.2,67940.0,68225.0,52.97702503
2026-03-22 22:25:00,68224.9,68370.0,68147.5,68253.0,30.47437346
2026-03-22 22:30:00,68253.0,68335.0,68200.0,68207.4,16.82734771
2026-03-22 22:35:00,68209.4,68312.0,68133.1,68241.0,19.40284405
2026-03-22 22:40:00,68241.0,68249.0,68100.1,68129.9,6.63586132
2026-03-22 22:45:00,68130.0,68274.4,68129.9,68271.1,7.68997904
2026-03-22 22:50:00,68271.1,68394.5,68251.3,68271.5,8.61174778
2026-03-22 22:55:00,68271.5,68351.1,68271.5,68329.9,4.26150385
2026-03-22 23:00:00,68330.0,68421.4,68255.5,68366.0,9.3954852
2026-03-22 23:05:00,68366.0,68395.2,68201.1,68273.7,13.08950573
2026-03-22 23:10:00,68273.7,68466.1,68265.3,68328.0,15.38899659
2026-03-22 23:15:00,68328.1,68362.1,68208.2,68229.0,24.63556412
2026-03-22 23:20:00,68227.8,68227.8,68135.4,68176.0,7.22687131
2026-03-22 23:25:00,68176.1,68193.0,68102.2,68105.9,6.50183083
2026-03-22 23:30:00,68105.9,68164.0,67992.0,68016.0,17.89138353
2026-03-22 23:35:00,68015.1,68090.5,68015.1,68065.1,11.00008344
2026-03-22 23:40:00,68065.0,68154.9,68021.7,68118.8,7.65536151
2026-03-22 23:45:00,68119.4,68145.9,67941.2,67944.0,19.9736026
2026-03-22 23:50:00,67943.9,67954.0,67833.3,67867.3,19.73973901
2026-03-22 23:55:00,67869.0,67897.3,67844.8,67860.1,6.24903489
2026-03-23 00:00:00,67860.1,68028.8,67860.1,67961.0,34.76707337
2026-03-23 00:05:00,67961.0,68050.0,67782.0,67963.4,32.2136377
2026-03-23 00:10:00,67961.1,68124.0,67932.8,67960.0,10.32042515
2026-03-23 00:15:00,67963.0,67983.1,67806.5,67895.1,20.90722578
2026-03-23 00:20:00,67894.3,68042.4,67857.3,68042.4,17.53298365
2026-03-23 00:25:00,68042.4,68160.0,67975.1,67994.0,17.33178548
2026-03-23 00:30:00,67994.0,68003.0,67808.0,67830.0,16.7568506
2026-03-23 00:35:00,67831.0,67846.0,67589.2,67605.0,33.50071175
2026-03-23 00:40:00,67605.1,67733.5,67452.4,67685.9,33.60433228
2026-03-23 00:45:00,67682.3,67764.0,67665.4,67763.9,18.75468109
2026-03-23 00:50:00,67763.9,67885.6,67685.0,67714.0,16.60402602
2026-03-23 00:55:00,67714.0,67758.0,67620.6,67674.0,19.89122863
2026-03-23 01:00:00,67676.0,67765.5,67540.1,67695.2,19.88217691
2026-03-23 01:05:00,67693.0,67946.0,67642.5,67870.0,16.73139861
2026-03-23 01:10:00,67868.1,67879.2,67800.2,67850.3,3.35105448
2026-03-23 01:15:00,67852.4,68048.9,67850.3,68002.8,27.73764226
2026-03-23 01:20:00,68002.9,68123.9,67889.0,68119.0,23.86462722
2026-03-23 01:25:00,68118.8,68125.0,68080.3,68086.4,20.46549622
2026-03-23 01:30:00,68086.4,68158.0,68015.1,68041.3,13.57100445
2026-03-23 01:35:00,68041.2,68154.6,68026.9,68111.1,18.48693215
2026-03-23 01:40:00,68111.6,68117.0,67984.0,68053.3,14.89643273
2026-03-23 01:45:00,68054.8,68134.0,67943.1,67959.8,6.93955544
2026-03-23 01:50:00,67956.5,68041.4,67909.1,67917.7,21.56962785
2026-03-23 01:55:00,67917.7,67981.7,67904.1,67909.4,4.13645898
2026-03-23 02:00:00,67909.5,67976.0,67900.0,67925.9,10.13936782
2026-03-23 02:05:00,67929.2,68071.4,67919.8,68057.3,13.57052231
2026-03-23 02:10:00,68057.2,68084.2,67844.1,67853.4,17.83450114
2026-03-23 02:15:00,67854.1,67953.0,67806.0,67939.0,5.01224594
2026-03-23 02:20:00,67939.0,68050.0,67920.1,68025.2,11.11088292
2026-03-23 02:25:00,68025.0,68319.3,68013.1,68275.0,21.39722125
2026-03-23 02:30:00,68274.9,68299.8,68204.0,68282.1,14.50506772
2026-03-23 02:35:00,68282.1,68300.0,68205.6,68210.9,10.92075408
2026-03-23 02:40:00,68213.0,68399.8,68211.4,68240.1,29.10680722
2026-03-23 02:45:00,68240.0,68283.8,68207.7,68223.1,8.76966301
2026-03-23 02:50:00,68226.0,68258.7,68188.0,68226.1,12.0661254
2026-03-23 02:55:00,68226.1,68329.9,68174.1,68320.0,7.61273703
2026-03-23 03:00:00,68320.0,68601.0,68320.0,68524.2,42.85982186
2026-03-23 03:05:00,68524.1,68524.2,68414.2,68415.5,10.00485491
2026-03-23 03:10:00,68418.1,68466.7,68240.1,68240.1,12.19066834
2026-03-23 03:15:00,68240.1,68285.0,68192.5,68192.5,13.25065141
2026-03-23 03:20:00,68192.3,68261.5,68185.5,68216.9,8.43208989
2026-03-23 03:25:00,68216.8,68243.9,68178.0,68221.2,4.77221233
2026-03-23 03:30:00,68214.1,68232.9,68151.6,68232.9,7.22328998
2026-03-23 03:35:00,68232.9,68232.9,68143.1,68175.1,3.78183415
2026-03-23 03:40:00,68179.8,68210.7,68106.9,68210.7,11.41025674
2026-03-23 03:45:00,68210.6,68238.4,68153.0,68203.0,3.77497624
2026-03-23 03:50:00,68203.0,68223.7,68076.5,68076.5,5.52933926
2026-03-23 03:55:00,68078.9,68099.9,68071.0,68083.9,2.6754351
2026-03-23 04:00:00,68086.8,68134.3,68059.5,68126.9,6.57702893
2026-03-23 04:05:00,68129.0,68221.8,68121.1,68168.0,8.45754421
2026-03-23 04:10:00,68168.0,68209.0,68155.9,68173.9,4.10273223
2026-03-23 04:15:00,68175.0,68218.8,68130.1,68178.7,2.62368724
2026-03-23 04:20:00,68178.7,68225.1,68154.2,68166.0,4.72768698
2026-03-23 04:25:00,68166.0,68235.0,68144.0,68230.1,3.00346893
2026-03-23 04:30:00,68232.0,68286.6,68229.5,68286.6,6.67826787
2026-03-23 04:35:00,68286.7,68382.2,68286.6,68365.0,7.00961802
2026-03-23 04:40:00,68365.0,68383.0,68264.1,68264.8,10.0647985
2026-03-23 04:45:00,68264.8,68380.0,68264.8,68359.9,7.99630002
2026-03-23 04:50:00,68359.9,68499.5,68327.4,68479.6,26.04650998
2026-03-23 04:55:00,68479.5,68554.8,68455.0,68545.9,30.18283843
2026-03-23 05:00:00,68546.0,68809.1,68545.9,68700.2,46.22932111
2026-03-23 05:05:00,68700.2,68761.1,68655.1,68713.9,19.49026249
2026-03-23 05:10:00,68712.1,68778.1,68672.1,68768.0,12.37497056
2026-03-23 05:15:00,68769.3,68874.9,68713.1,68823.1,24.43076691
2026-03-23 05:20:00,68825.9,68825.9,68690.7,68703.8,12.60696533
2026-03-23 05:25:00,68703.9,68746.0,68678.5,68693.9,16.62959002
2026-03-23 05:30:00,68693.9,68694.9,68589.0,68684.4,14.24716611
2026-03-23 05:35:00,68684.1,68846.0,68683.2,68698.7,18.3374814
2026-03-23 05:40:00,68695.1,68695.1,68619.3,68621.5,26.37916975
2026-03-23 05:45:00,68621.5,68696.5,68600.9,68623.5,26.04846836
2026-03-23 05:50:00,68621.9,68782.3,68567.8,68757.0,37.39103615
2026-03-23 05:55:00,68756.9,68905.7,68751.8,68905.4,17.28477561
2026-03-23 06:00:00,68904.8,68905.5,68730.0,68745.2,12.4742606
2026-03-23 06:05:00,68745.1,68749.5,68665.7,68691.1,16.42466018
2026-03-23 06:10:00,68691.2,68726.0,68567.0,68608.9,26.34272313
2026-03-23 06:15:00,68609.0,68681.8,68574.5,68626.0,12.1446671
2026-03-23 06:20:00,68625.9,68644.9,68500.0,68566.8,18.88446171
2026-03-23 06:25:00,68571.0,68635.0,68542.0,68577.0,22.42880922
2026-03-23 06:30:00,68577.0,68577.0,68436.2,68442.1,13.06751268
2026-03-23 06:35:00,68442.1,68442.9,68086.1,68109.5,69.81350993
2026-03-23 06:40:00,68109.5,68207.2,67704.9,67818.0,163.44338102
2026-03-23 06:45:00,67818.0,67948.9,67700.1,67806.1,48.66333928
2026-03-23 06:50:00,67806.0,67902.6,67713.6,67860.6,26.67600237
2026-03-23 06:55:00,67860.6,67890.9,67762.2,67879.0,16.1958843
2026-03-23 07:00:00,67879.1,67888.3,67660.1,67662.1,36.56124912
2026-03-23 07:05:00,67662.1,67884.4,67508.0,67763.1,90.74881069
2026-03-23 07:10:00,67763.9,67996.2,67763.9,67941.1,48.18275571
2026-03-23 07:15:00,67941.0,67999.0,67878.5,67998.0,20.15763742
2026-03-23 07:20:00,67998.0,68000.0,67653.8,67764.1,30.33942864
2026-03-23 07:25:00,67764.0,67841.9,67686.2,67814.0,30.24235847
2026-03-23 07:30:00,67814.0,68048.0,67779.0,67984.4,47.61033126
2026-03-23 07:35:00,67983.0,68279.9,67983.0,68214.1,60.24062349
2026-03-23 07:40:00,68214.1,68337.4,68180.0,68327.0,19.891228
2026-03-23 07:45:00,68327.9,68433.0,68318.8,68354.0,50.26051029
2026-03-23 07:50:00,68354.0,68433.5,68302.9,68433.4,119.60390085
2026-03-23 07:55:00,68433.0,68470.9,68278.8,68332.0,265.26728371
2026-03-23 08:00:00,68332.0,68467.7,68332.0,68439.5,44.4887774
2026-03-23 08:05:00,68439.4,68579.0,68400.1,68551.4,39.98400878
2026-03-23 08:10:00,68551.4,68680.0,68479.0,68655.0,47.72137284
2026-03-23 08:15:00,68655.0,68700.0,68461.5,68487.0,36.12479993
2026-03-23 08:20:00,68487.0,68584.2,68447.0,68498.0,33.12291421
2026-03-23 08:25:00,68498.1,68512.8,68458.4,68466.5,20.76847729
2026-03-23 08:30:00,68466.4,68617.1,68396.3,68617.1,40.33450249
2026-03-23 08:35:00,68617.1,68629.0,68491.0,68526.4,65.04072115
2026-03-23 08:40:00,68526.5,68663.0,68510.1,68548.7,203.80185253
2026-03-23 08:45:00,68551.0,68569.3,68436.1,68444.5,288.79523251
2026-03-23 08:50:00,68443.0,68523.8,68407.1,68446.2,26.53567455
2026-03-23 08:55:00,68446.0,68473.9,68329.2,68434.1,16.18994475
2026-03-23 09:00:00,68434.2,68470.4,68306.0,68306.1,16.43697679
2026-03-23 09:05:00,68306.1,68314.0,68213.4,68284.0,24.05805881
2026-03-23 09:10:00,68284.1,68296.0,68240.0,68282.4,14.51005606
2026-03-23 09:15:00,68282.4,68346.9,68243.8,68262.1,18.16783246
2026-03-23 09:20:00,68262.1,68354.0,68200.0,68200.1,22.44142006
2026-03-23 09:25:00,68200.0,68254.6,68143.2,68254.4,13.67205778
2026-03-23 09:30:00,68254.3,68254.3,68019.5,68031.9,20.58946625
2026-03-23 09:35:00,68031.9,68133.3,67918.6,68115.0,49.52041368
2026-03-23 09:40:00,68114.0,68203.1,68067.0,68145.0,30.04454138
2026-03-23 09:45:00,68145.0,68255.6,68140.9,68198.0,18.37593379
2026-03-23 09:50:00,68198.0,68224.3,68166.1,68183.0,9.28526167
2026-03-23 09:55:00,68183.0,68336.3,68183.0,68336.3,8.34978096
2026-03-23 10:00:00,68336.3,68450.0,68300.1,68444.1,12.44003739
2026-03-23 10:05:00,68444.1,68678.5,68444.1,68626.0,31.28405412
2026-03-23 10:10:00,68626.1,68714.2,68584.1,68601.0,34.78490904
2026-03-23 10:15:00,68601.1,68623.1,68520.1,68526.9,28.60135659
2026-03-23 10:20:00,68527.0,68527.0,68382.7,68446.9,30.10959568
2026-03-23 10:25:00,68446.9,68498.1,68412.1,68459.9,10.63048376
2026-03-23 10:30:00,68459.9,68471.0,68406.1,68417.1,4.93060514
2026-03-23 10:35:00,68417.1,68481.9,68322.1,68327.1,9.13828917
2026-03-23 10:40:00,68327.1,68419.4,68294.1,68416.0,7.97902284
2026-03-23 10:45:00,68415.9,68451.3,68367.1,68392.0,11.5023369
2026-03-23 10:50:00,68391.9,68567.9,68391.9,68515.3,38.06425745
2026-03-23 10:55:00,68515.4,68576.0,68501.0,68542.0,9.7006143
2026-03-23 11:00:00,68542.5,68677.1,68540.7,68567.4,67.40568799
2026-03-23 11:05:00,68567.3,71250.0,68567.3,71230.9,1446.57548727
2026-03-23 11:10:00,71233.8,71499.9,70820.6,70969.0,403.41612629
2026-03-23 11:15:00,70962.1,71283.1,70670.7,70726.3,208.69559175
2026-03-23 11:20:00,70735.9,70937.1,70305.1,70556.0,148.22769493
2026-03-23 11:25:00,70551.0,70827.3,70551.0,70714.1,94.93404229
2026-03-23 11:30:00,70715.0,71208.2,70715.0,71004.7,83.37447649
2026-03-23 11:35:00,71004.7,71004.7,70400.0,70676.1,136.48790026
2026-03-23 11:40:00,70678.0,70799.8,70577.6,70673.0,53.64071695
2026-03-23 11:45:00,70678.0,70713.7,70097.7,70434.0,106.08206445
2026-03-23 11:50:00,70433.0,70579.3,70259.4,70497.0,54.80724831
2026-03-23 11:55:00,70496.9,70496.9,70058.9,70131.2,114.29952011
2026-03-23 12:00:00,70131.3,70287.2,69680.6,69932.1,122.45760483
2026-03-23 12:05:00,69933.3,70117.7,69792.0,70075.0,73.05535511
2026-03-23 12:10:00,70075.0,70157.4,69990.0,69990.2,40.51621547
2026-03-23 12:15:00,69990.0,70266.6,69966.8,70263.1,42.40310918
2026-03-23 12:20:00,70263.0,70500.0,70231.1,70328.0,40.42778656
2026-03-23 12:25:00,70328.0,70395.6,70222.2,70343.1,19.37603653
2026-03-23 12:30:00,70343.0,70376.1,70168.8,70314.4,34.65866049
2026-03-23 12:35:00,70310.4,70538.6,70267.4,70347.1,49.56641846
2026-03-23 12:40:00,70346.5,70784.6,70282.1,70722.9,57.99990384
2026-03-23 12:45:00,70723.0,70873.0,70652.2,70723.0,54.77809179
2026-03-23 12:50:00,70723.0,70852.8,70599.9,70649.9,43.31383571
2026-03-23 12:55:00,70650.0,70747.0,70582.8,70743.0,21.8226427
2026-03-23 13:00:00,70745.1,70900.0,70652.5,70701.9,49.69327969
2026-03-23 13:05:00,70694.8,70740.2,70597.0,70649.3,46.06829884
2026-03-23 13:10:00,70647.9,70812.8,70635.9,70748.3,29.02117938
2026-03-23 13:15:00,70748.3,70839.9,70748.3,70772.1,9.47201856
2026-03-23 13:20:00,70772.0,70899.9,70772.0,70876.0,48.71599044
2026-03-23 13:25:00,70875.9,70884.9,70779.0,70814.0,16.20711293
2026-03-23 13:30:00,70813.9,70864.8,70656.6,70766.1,56.15823865
2026-03-23 13:35:00,70766.0,71187.5,70737.1,71139.8,177.43067062
2026-03-23 13:40:00,71142.3,71420.0,71018.1,71215.4,116.68069404
2026-03-23 13:45:00,71214.2,71321.9,71022.7,71164.0,49.67495944
2026-03-23 13:50:00,71156.5,71596.0,71133.3,71327.0,110.89104872
2026-03-23 13:55:00,71323.1,71488.0,71220.1,71488.0,43.86720671
2026-03-23 14:00:00,71488.0,71727.2,71467.0,71558.6,150.73189329
2026-03-23 14:05:00,71555.2,71767.2,71397.4,71704.8,101.67780064
2026-03-23 14:10:00,71704.9,71809.4,71504.1,71523.9,62.89639442
2026-03-23 14:15:00,71525.2,71731.6,71512.6,71550.1,56.86311992
2026-03-23 14:20:00,71550.1,71609.9,71400.0,71505.1,40.33593099
2026-03-23 14:25:00,71505.0,71591.2,71300.7,71352.9,29.49135591
2026-03-23 14:30:00,71353.0,71399.9,71208.5,71231.0,21.90065473
2026-03-23 14:35:00,71232.9,71529.4,71232.9,71514.7,21.61092208
2026-03-23 14:40:00,71514.7,71514.7,71361.0,71386.2,16.51265973
2026-03-23 14:45:00,71384.5,71400.0,71172.2,71205.0,45.38639177
2026-03-23 14:50:00,71206.9,71296.6,71126.0,71240.9,37.99309154
2026-03-23 14:55:00,71241.0,71514.7,71238.1,71450.8,18.71006186
2026-03-23 15:00:00,71452.4,71660.7,71444.7,71559.7,60.69446178
2026-03-23 15:05:00,71558.0,71595.8,71426.8,71444.9,23.7868462
2026-03-23 15:10:00,71444.8,71444.8,71360.0,71368.9,18.20150872
2026-03-23 15:15:00,71368.9,71393.4,71111.1,71117.2,39.4902748
2026-03-23 15:20:00,71117.9,71133.9,70930.0,71016.0,61.38950644
2026-03-23 15:25:00,71015.0,71016.9,70874.0,70897.0,35.93807071
2026-03-23 15:30:00,70897.1,70953.5,70767.1,70796.8,28.32208946
2026-03-23 15:35:00,70797.0,70945.9,70737.1,70791.1,49.17795507
2026-03-23 15:40:00,70791.1,70819.0,70585.0,70659.9,28.80137975
2026-03-23 15:45:00,70659.9,70850.0,70500.6,70817.0,68.33272297
2026-03-23 15:50:00,70811.1,70848.0,70281.3,70345.0,157.82550386
2026-03-23 15:55:00,70344.9,70344.9,70098.1,70133.0,77.70665034
2026-03-23 16:00:00,70134.0,70342.8,70132.0,70251.9,74.11571004
2026-03-23 16:05:00,70251.9,70486.2,70164.6,70405.7,39.69651882
2026-03-23 16:10:00,70400.7,70540.0,70342.0,70523.4,81.69797189
2026-03-23 16:15:00,70523.4,70560.0,70309.9,70323.0,12.28005124
2026-03-23 16:20:00,70323.0,70431.0,70206.7,70414.9,35.26297367
2026-03-23 16:25:00,70414.0,70414.0,70218.1,70218.2,14.75963772
2026-03-23 16:30:00,70218.2,70439.9,70150.0,70428.7,23.92975638
2026-03-23 16:35:00,70429.6,70518.7,70380.1,70402.1,30.23644091
2026-03-23 16:40:00,70399.0,70477.9,70370.2,70467.7,9.33147181
2026-03-23 16:45:00,70465.6,70760.0,70429.9,70649.6,41.44307016
2026-03-23 16:50:00,70647.0,70669.9,70540.0,70596.2,10.89568338
2026-03-23 16:55:00,70596.7,70631.0,70500.0,70561.9,43.07517656
2026-03-23 17:00:00,70562.0,70644.0,70479.6,70624.7,12.80660143
2026-03-23 17:05:00,70624.9,70699.0,70539.6,70628.0,18.81091889
2026-03-23 17:10:00,70628.1,70734.3,70609.8,70630.0,20.12196688
2026-03-23 17:15:00,70630.1,70657.0,70480.8,70537.9,11.14557252
2026-03-23 17:20:00,70535.0,70535.0,70363.7,70466.1,6.88609892
2026-03-23 17:25:00,70461.0,70624.8,70435.5,70538.0,6.58492312
2026-03-23 17:30:00,70531.4,70889.2,70520.0,70889.2,46.13310307
2026-03-23 17:35:00,70889.5,71084.8,70884.5,71017.0,60.96052747
2026-03-23 17:40:00,71016.9,71040.9,70859.7,70887.5,23.18898198
2026-03-23 17:45:00,70887.6,71012.2,70872.3,71012.2,21.70742581
2026-03-23 17:50:00,71006.1,71102.1,70962.0,71096.0,7.13606063
2026-03-23 17:55:00,71094.1,71115.1,71047.1,71081.4,9.24979025
2026-03-23 18:00:00,71081.4,71157.5,71047.1,71154.3,13.26170276
2026-03-23 18:05:00,71155.9,71164.3,70903.6,70995.0,15.24605592
2026-03-23 18:10:00,70994.9,71098.9,70971.9,70971.9,5.06431004
2026-03-23 18:15:00,70969.1,71050.0,70950.1,70989.2,11.71309588
2026-03-23 18:20:00,70989.1,71010.7,70874.8,70977.0,14.14738874
2026-03-23 18:25:00,70977.0,71032.0,70874.2,70883.2,5.11298985
2026-03-23 18:30:00,70880.1,71090.0,70880.1,71071.4,31.07513184
2026-03-23 18:35:00,71069.1,71153.8,70953.4,71031.2,11.96432925
2026-03-23 18:40:00,71031.3,71078.8,70970.7,71044.0,5.38429485
2026-03-23 18:45:00,71044.0,71194.7,71030.1,71126.1,11.80017192
2026-03-23 18:50:00,71126.1,71129.0,70976.9,71059.3,5.93913718
2026-03-23 18:55:00,71059.1,71111.9,70989.8,71075.1,6.72118424
2026-03-23 19:00:00,71074.6,71123.7,70987.9,71120.9,7.81733324
2026-03-23 19:05:00,71121.0,71247.0,70861.5,70991.0,57.74960616
2026-03-23 19:10:00,70990.1,71026.1,70918.1,70936.0,13.56940113
2026-03-23 19:15:00,70936.1,70973.1,70823.1,70954.9,7.87106901
2026-03-23 19:20:00,70955.0,71078.1,70891.1,71057.6,5.67120444
2026-03-23 19:25:00,71057.1,71086.3,71003.3,71034.3,3.55425774
2026-03-23 19:30:00,71035.9,71069.1,70968.1,70972.1,4.78899151
2026-03-23 19:35:00,70972.0,70989.1,70923.8,70936.9,4.31287728
2026-03-23 19:40:00,70936.9,70950.0,70855.0,70902.9,5.20410594
2026-03-23 19:45:00,70903.0,70995.3,70834.7,70834.7,3.90833881
2026-03-23 19:50:00,70834.6,70845.3,70721.6,70764.0,12.58501491
2026-03-23 19:55:00,70763.5,70763.5,70647.0,70673.3,23.17922728
2026-03-23 20:00:00,70673.0,70733.0,70539.6,70641.0,26.94914259
2026-03-23 20:05:00,70641.0,70672.0,70603.5,70672.0,6.96525885
2026-03-23 20:10:00,70672.4,70794.5,70672.4,70794.4,10.60825081
2026-03-23 20:15:00,70794.5,70819.6,70745.0,70745.1,5.05351451
2026-03-23 20:20:00,70745.0,70810.0,70745.0,70777.9,4.29122654
2026-03-23 20:25:00,70777.8,70803.0,70754.0,70802.9,1.75835138
2026-03-23 20:30:00,70803.6,70884.5,70789.0,70875.0,4.77501377
2026-03-23 20:35:00,70875.0,70980.0,70874.9,70915.8,6.61495173
2026-03-23 20:40:00,70915.8,70950.6,70891.3,70944.0,9.24266666
2026-03-23 20:45:00,70943.0,70954.0,70884.3,70884.3,3.15377555
2026-03-23 20:50:00,70884.4,70932.0,70868.0,70932.0,1.46682202
2026-03-23 20:55:00,70931.9,70938.0,70894.3,70909.6,8.07210983
2026-03-23 21:00:00,70910.0,70981.1,70858.0,70858.0,5.62986198
2026-03-23 21:05:00,70858.1,70926.9,70858.1,70872.7,5.5434938
2026-03-23 21:10:00,70872.7,70883.9,70818.1,70823.5,15.33680796
2026-03-23 21:15:00,70825.4,70899.6,70825.4,70864.1,2.2884117
2026-03-23 21:20:00,70864.1,70916.8,70832.5,70911.9,2.05814979
2026-03-23 21:25:00,70912.0,70920.2,70882.0,70883.9,3.68848367
2026-03-23 21:30:00,70884.0,70985.6,70870.1,70981.1,9.06049959
2026-03-23 21:35:00,70981.0,70990.8,70946.1,70990.8,2.661
2026-03-23 21:40:00,70990.7,70993.5,70928.1,70931.8,5.48401478
2026-03-23 21:45:00,70931.9,70938.5,70887.7,70902.1,2.45493444
2026-03-23 21:50:00,70902.1,70979.2,70883.9,70883.9,3.07349881
2026-03-23 21:55:00,70883.9,70937.0,70819.9,70852.7,3.7646818
2026-03-23 22:00:00,70852.8,70893.4,70569.0,70615.7,15.10538054
2026-03-23 22:05:00,70604.1,70731.7,70591.2,70698.9,9.29101711
2026-03-23 22:10:00,70698.4,70757.9,70660.0,70720.0,4.15482235
2026-03-23 22:15:00,70720.1,70720.1,70600.1,70702.7,7.68168763
2026-03-23 22:20:00,70710.1,70726.9,70637.8,70679.4,3.44136031
2026-03-23 22:25:00,70679.3,70685.8,70639.1,70639.9,3.93213398
2026-03-23 22:30:00,70637.7,70647.4,70521.4,70593.7,17.64559462
2026-03-23 22:35:00,70593.8,70698.0,70593.8,70670.9,5.5484482
2026-03-23 22:40:00,70670.9,70715.9,70605.8,70715.9,14.01453409
2026-03-23 22:45:00,70716.0,70797.2,70680.1,70690.0,4.62154254
2026-03-23 22:50:00,70690.0,70790.0,70672.8,70769.0,4.27725476
2026-03-23 22:55:00,70769.0,70792.0,70707.1,70779.0,2.1591628
2026-03-23 23:00:00,70779.0,70804.0,70690.8,70734.9,4.6912819
2026-03-23 23:05:00,70734.9,70763.9,70600.7,70604.0,7.10758156
2026-03-23 23:10:00,70606.4,70631.0,70549.0,70552.1,3.01289119
2026-03-23 23:15:00,70552.1,70569.3,70454.5,70454.5,7.94240366
2026-03-23 23:20:00,70454.6,70539.8,70404.8,70539.8,8.56487301
2026-03-23 23:25:00,70539.8,70705.0,70508.1,70705.0,14.81983074
2026-03-23 23:30:00,70705.0,70710.0,70617.8,70633.0,3.63202611
2026-03-23 23:35:00,70635.0,70700.0,70627.0,70698.4,3.89251877
2026-03-23 23:40:00,70698.4,70797.4,70698.3,70767.1,5.39485552
2026-03-23 23:45:00,70767.1,70826.6,70722.1,70786.3,16.66552099
2026-03-23 23:50:00,70787.9,70862.7,70760.1,70859.1,13.39262905
2026-03-23 23:55:00,70859.1,70999.0,70855.8,70900.0,19.11952031
2026-03-24 00:00:00,70900.0,71093.5,70889.6,70916.9,61.20682898
2026-03-24 00:05:00,70916.1,70964.0,70797.1,70803.0,9.90225134
2026-03-24 00:10:00,70801.4,70873.9,70776.7,70776.7,6.41502586
2026-03-24 00:15:00,70776.0,70822.9,70656.1,70803.0,7.39342265
2026-03-24 00:20:00,70803.0,70806.8,70691.0,70759.9,14.90886637
2026-03-24 00:25:00,70758.1,70816.8,70675.5,70717.0,4.7588183
2026-03-24 00:30:00,70717.8,70730.9,70547.7,70658.7,21.82027723
2026-03-24 00:35:00,70657.1,70701.9,70421.2,70564.0,57.89886402
2026-03-24 00:40:00,70565.4,70685.9,70511.9,70592.4,7.70741126
2026-03-24 00:45:00,70591.9,70710.8,70571.9,70683.4,9.62219
2026-03-24 00:50:00,70683.5,70815.2,70680.0,70764.1,4.82548471
2026-03-24 00:55:00,70768.4,70776.0,70674.1,70684.0,3.81343328
2026-03-24 01:00:00,70682.1,70710.9,70602.6,70605.1,4.14110896
2026-03-24 01:05:00,70605.1,70669.9,70584.0,70611.4,13.45375417
2026-03-24 01:10:00,70611.4,70710.2,70511.1,70560.4,19.02847766
2026-03-24 01:15:00,70560.3,70614.0,70508.0,70608.5,6.61579955
2026-03-24 01:20:00,70609.0,70803.7,70609.0,70743.0,12.04939896
2026-03-24 01:25:00,70742.9,70879.9,70733.0,70832.8,61.29213513
2026-03-24 01:30:00,70832.1,70882.3,70730.0,70814.5,127.25677433
2026-03-24 01:35:00,70813.1,70823.0,70460.0,70460.3,36.80905867
2026-03-24 01:40:00,70465.1,70489.0,70280.7,70394.0,48.27045555
2026-03-24 01:45:00,70393.9,70513.9,70393.9,70446.8,39.4337905
2026-03-24 01:50:00,70446.7,70596.5,70446.7,70546.4,11.63470186
2026-03-24 01:55:00,70547.0,70547.0,70499.0,70513.1,4.30699794
2026-03-24 02:00:00,70514.9,70699.9,70443.1,70617.1,11.63902599
2026-03-24 02:05:00,70617.1,70617.1,70517.3,70579.9,8.73698592
2026-03-24 02:10:00,70580.0,70580.0,70435.3,70471.7,13.08453983
2026-03-24 02:15:00,70471.7,70506.0,70425.8,70493.9,15.89393839
2026-03-24 02:20:00,70494.0,70637.4,70486.3,70562.7,7.48515823
2026-03-24 02:25:00,70562.6,70589.9,70452.7,70570.9,12.40184384
2026-03-24 02:30:00,70570.9,70607.7,70517.0,70566.9,23.74618449
2026-03-24 02:35:00,70567.0,70649.9,70465.1,70467.0,7.83110789
2026-03-24 02:40:00,70467.0,70551.0,70370.8,70539.1,103.94010836
2026-03-24 02:45:00,70539.0,70599.3,70495.1,70554.1,6.48401677
2026-03-24 02:50:00,70554.0,70554.0,70473.0,70502.0,4.42198262
2026-03-24 02:55:00,70502.7,70512.9,70434.9,70459.6,10.97968545
2026-03-24 03:00:00,70459.7,70473.2,70410.0,70457.9,21.33056339
2026-03-24 03:05:00,70452.1,70532.7,70409.9,70444.6,11.02869729
2026-03-24 03:10:00,70438.0,70555.0,70430.0,70512.8,2.72623576
2026-03-24 03:15:00,70511.1,70555.0,70480.0,70503.7,7.09719066
2026-03-24 03:20:00,70503.7,70593.9,70486.3,70537.9,4.78739518
2026-03-24 03:25:00,70539.0,70578.2,70510.0,70546.9,7.91005842
2026-03-24 03:30:00,70547.1,70564.4,70457.4,70467.8,7.02342077
2026-03-24 03:35:00,70463.1,70499.7,70439.1,70475.6,2.66012086
2026-03-24 03:40:00,70478.8,70537.0,70475.0,70505.7,24.25064652
2026-03-24 03:45:00,70496.0,70548.3,70468.0,70526.1,28.76571127
2026-03-24 03:50:00,70526.0,70562.0,70460.8,70562.0,5.81730571
2026-03-24 03:55:00,70564.5,70578.2,70528.1,70548.4,2.57405542
2026-03-24 04:00:00,70549.7,70591.7,70523.0,70585.3,2.85717123
2026-03-24 04:05:00,70583.0,70754.1,70572.0,70640.6,33.91389649
2026-03-24 04:10:00,70646.0,70669.4,70614.0,70643.0,9.19050248
2026-03-24 04:15:00,70643.0,70664.4,70600.0,70618.9,3.87202448
2026-03-24 04:20:00,70619.9,70641.5,70602.1,70608.1,4.89367403
2026-03-24 04:25:00,70608.9,70616.0,70538.0,70538.0,4.62581605
2026-03-24 04:30:00,70538.0,70538.0,70318.4,70395.1,27.00407032
2026-03-24 04:35:00,70395.0,70395.0,70318.8,70368.8,5.88611634
2026-03-24 04:40:00,70368.9,70388.1,70310.0,70346.9,29.52497819
2026-03-24 04:45:00,70347.0,70386.8,70310.0,70310.1,9.31470799
2026-03-24 04:50:00,70310.0,70446.3,70262.5,70446.2,20.1773317
2026-03-24 04:55:00,70440.6,70441.2,70374.1,70381.9,2.98283615
2026-03-24 05:00:00,70382.9,70390.0,70210.9,70211.0,14.92160026
2026-03-24 05:05:00,70210.9,70237.9,70172.4,70175.7,18.29205495
2026-03-24 05:10:00,70178.9,70252.9,70170.7,70170.7,16.23762868
2026-03-24 05:15:00,70170.8,70353.7,70169.1,70232.3,17.35266964
2026-03-24 05:20:00,70232.3,70249.0,70130.9,70187.2,14.41301584
2026-03-24 05:25:00,70187.2,70276.6,70171.4,70190.9,13.07028553
2026-03-24 05:30:00,70191.0,70278.9,70157.0,70200.9,4.98581614
2026-03-24 05:35:00,70200.9,70292.1,70200.4,70269.9,10.87825171
2026-03-24 05:40:00,70269.9,70384.3,70269.9,70332.4,5.43536093
2026-03-24 05:45:00,70332.4,70383.0,70305.0,70308.0,6.35031842
2026-03-24 05:50:00,70308.0,70358.0,70282.5,70314.8,4.74698545
2026-03-24 05:55:00,70314.8,70314.8,70260.5,70288.0,1.99287716
2026-03-24 06:00:00,70287.9,70384.9,70260.0,70364.4,3.77791433
2026-03-24 06:05:00,70364.5,70410.0,70342.2,70371.5,6.74048975
2026-03-24 06:10:00,70371.5,70371.5,70300.0,70369.1,3.64924376
2026-03-24 06:15:00,70369.4,70430.2,70351.6,70351.6,7.25104148
2026-03-24 06:20:00,70351.6,70461.0,70334.6,70367.8,14.31701754
2026-03-24 06:25:00,70367.7,70399.4,70335.1,70387.1,18.02396459
2026-03-24 06:30:00,70389.8,70512.9,70389.8,70466.0,16.96951386
2026-03-24 06:35:00,70466.0,70491.1,70440.6,70470.5,4.27492768
2026-03-24 06:40:00,70468.8,70509.7,70441.2,70467.9,31.69413607
2026-03-24 06:45:00,70467.9,70500.0,70451.0,70490.4,9.90129056
2026-03-24 06:50:00,70490.7,70506.0,70435.2,70492.9,28.17130361
2026-03-24 06:55:00,70492.9,70588.6,70476.1,70541.1,21.20102296
2026-03-24 07:00:00,70541.6,70585.5,70487.0,70584.0,12.05984916
2026-03-24 07:05:00,70584.1,70821.0,70559.3,70808.0,89.7752164
2026-03-24 07:10:00,70808.1,70926.9,70784.0,70840.5,35.76612861
2026-03-24 07:15:00,70840.5,70976.8,70793.7,70919.1,46.95672625
2026-03-24 07:20:00,70919.1,71029.9,70912.0,70928.9,177.46518183
2026-03-24 07:25:00,70929.0,70969.0,70873.0,70923.6,206.86342272
2026-03-24 07:30:00,70925.0,70967.2,70832.1,70924.9,62.22486197
2026-03-24 07:35:00,70925.0,70931.2,70812.2,70868.9,74.81990516
2026-03-24 07:40:00,70869.0,70929.8,70866.4,70906.4,50.73388077
2026-03-24 07:45:00,70906.4,71000.0,70830.0,70965.3,67.52516831
2026-03-24 07:50:00,70965.3,71061.2,70927.0,71023.0,103.22222602
2026-03-24 07:55:00,71020.8,71400.0,71020.8,71292.9,249.91614767
2026-03-24 08:00:00,71293.0,71342.9,71146.6,71167.5,33.4170712
2026-03-24 08:05:00,71167.5,71239.0,71101.7,71139.5,26.43562327
2026-03-24 08:10:00,71139.4,71173.7,71081.5,71132.6,11.10763667
2026-03-24 08:15:00,71132.7,71132.7,70936.1,70936.1,15.19041907
2026-03-24 08:20:00,70936.1,70982.0,70863.0,70917.8,30.30653636
2026-03-24 08:25:00,70918.0,70926.3,70875.9,70911.4,9.8213424
2026-03-24 08:30:00,70911.3,70949.0,70862.0,70944.1,36.11646677
2026-03-24 08:35:00,70944.1,71077.0,70922.7,71073.8,27.58390128
2026-03-24 08:40:00,71072.6,71085.1,71000.9,71071.0,16.48618994
2026-03-24 08:45:00,71071.1,71099.0,70963.8,70966.0,10.03745194
2026-03-24 08:50:00,70966.1,71045.9,70926.5,70969.1,9.12211713
2026-03-24 08:55:00,70969.0,71008.2,70890.1,70967.1,16.28379888
2026-03-24 09:00:00,70967.0,71030.6,70963.0,71030.6,17.58257167
2026-03-24 09:05:00,71030.6,71030.6,70959.6,70964.9,17.10741214
2026-03-24 09:10:00,70964.9,70996.0,70873.0,70873.2,17.65645625
2026-03-24 09:15:00,70873.2,71025.6,70829.9,71025.5,34.09526845
2026-03-24 09:20:00,71025.6,71035.3,70935.0,70962.1,6.47688873
2026-03-24 09:25:00,70962.0,71035.4,70962.0,71009.1,16.17634185
2026-03-24 09:30:00,71009.1,71090.0,70975.7,71011.0,16.39391359
2026-03-24 09:35:00,71013.9,71088.4,71013.9,71085.0,9.64377501
2026-03-24 09:40:00,71085.3,71240.0,71085.3,71240.0,17.11919858
2026-03-24 09:45:00,71239.9,71240.0,71183.0,71216.6,19.79225056
2026-03-24 09:50:00,71218.9,71333.3,71155.0,71326.1,22.6090849
2026-03-24 09:55:00,71326.1,71364.0,71306.0,71323.9,12.08196534
2026-03-24 10:00:00,71324.0,71331.0,71225.0,71264.1,22.71496631
2026-03-24 10:05:00,71264.1,71332.5,71248.5,71327.0,16.42623565
2026-03-24 10:10:00,71327.0,71334.9,71239.0,71261.0,5.49483296
2026-03-24 10:15:00,71261.0,71261.0,71147.5,71194.0,10.0542114
2026-03-24 10:20:00,71193.9,71249.0,71150.0,71185.1,8.11168232
2026-03-24 10:25:00,71189.7,71191.7,71099.8,71108.0,11.3484535
2026-03-24 10:30:00,71109.9,71153.0,71090.0,71104.7,21.8583135
2026-03-24 10:35:00,71101.2,71254.6,71098.9,71239.9,8.10758376
2026-03-24 10:40:00,71240.2,71275.3,71203.1,71243.9,14.21425232
2026-03-24 10:45:00,71244.8,71244.8,71148.1,71176.7,3.50584465
2026-03-24 10:50:00,71177.1,71224.0,71164.0,71209.0,17.89904901
2026-03-24 10:55:00,71209.1,71282.6,71209.0,71270.9,6.0611147
2026-03-24 11:00:00,71271.3,71274.0,70982.6,71015.2,27.2504214
2026-03-24 11:05:00,71015.2,71181.9,71015.2,71178.9,12.76961341
2026-03-24 11:10:00,71178.2,71207.0,71068.4,71114.5,12.95307786
2026-03-24 11:15:00,71113.0,71126.9,70958.1,71026.1,8.21954816
2026-03-24 11:20:00,71029.9,71044.0,70981.0,71043.9,3.23377213
2026-03-24 11:25:00,71043.9,71083.2,70986.6,71067.0,2.84387678
2026-03-24 11:30:00,71067.0,71178.6,71037.2,71178.6,3.57533859
2026-03-24 11:35:00,71179.1,71264.2,71123.9,71226.7,12.20265273
2026-03-24 11:40:00,71226.7,71314.2,71214.1,71243.6,7.07620099
2026-03-24 11:45:00,71243.6,71318.6,71230.1,71281.0,7.61575906
2026-03-24 11:50:00,71281.0,71282.7,71029.8,71099.0,7.14438613
2026-03-24 11:55:00,71098.9,71153.0,71097.9,71153.0,2.5617558
2026-03-24 12:00:00,71155.0,71184.8,71012.6,71012.6,7.25476949
2026-03-24 12:05:00,71012.5,71048.2,70988.2,71047.7,5.74632031
2026-03-24 12:10:00,71047.7,71113.0,70977.0,71070.0,4.67025346
2026-03-24 12:15:00,71070.0,71087.3,70993.9,71049.2,5.50538917
2026-03-24 12:20:00,71049.2,71086.7,71018.9,71067.0,2.34979144
2026-03-24 12:25:00,71067.0,71111.2,71033.0,71089.0,4.67021228
2026-03-24 12:30:00,71089.0,71089.0,70884.6,70916.9,11.9740635
2026-03-24 12:35:00,70914.1,70960.9,70867.9,70916.9,12.03116009
2026-03-24 12:40:00,70917.0,70996.2,70900.0,70900.1,6.90022461
2026-03-24 12:45:00,70900.1,70934.0,70872.1,70884.8,7.31683616
2026-03-24 12:50:00,70883.9,71029.5,70883.9,70984.6,8.09506949
2026-03-24 12:55:00,70984.6,70987.0,70935.0,70961.9,9.65071909
2026-03-24 13:00:00,70962.0,71067.2,70948.0,70981.0,6.17140697
2026-03-24 13:05:00,70983.6,71026.6,70649.3,70730.8,47.11737011
2026-03-24 13:10:00,70730.6,70889.6,70708.9,70826.6,9.87710858
2026-03-24 13:15:00,70826.6,70867.5,70617.0,70617.0,9.0103851
2026-03-24 13:20:00,70616.9,70682.0,70574.3,70658.0,37.13456495
2026-03-24 13:25:00,70658.1,70717.2,70587.0,70601.9,6.07878431
2026-03-24 13:30:00,70601.9,70790.6,70574.7,70738.9,35.000178
2026-03-24 13:35:00,70739.0,70765.0,70466.1,70497.9,113.15758735
2026-03-24 13:40:00,70489.9,70499.5,70273.7,70328.0,116.79546929
2026-03-24 13:45:00,70328.9,70456.7,70210.5,70254.6,46.0300104
2026-03-24 13:50:00,70252.1,70343.4,69983.5,70084.0,110.44080831
2026-03-24 13:55:00,70084.0,70185.0,69991.0,70108.0,45.6748656
2026-03-24 14:00:00,70108.7,70323.3,70090.0,70310.5,33.34026176
2026-03-24 14:05:00,70309.1,70472.9,70223.0,70330.0,35.06396348
2026-03-24 14:10:00,70332.4,70343.3,69746.0,69872.0,97.14147584
2026-03-24 14:15:00,69872.0,69985.8,69793.1,69920.4,67.36536418
2026-03-24 14:20:00,69920.0,70017.5,69846.1,69923.1,34.21175539
2026-03-24 14:25:00,69922.0,70103.3,69850.5,70005.3,19.29823414
2026-03-24 14:30:00,70005.0,70137.0,69982.0,70137.0,22.44111413
2026-03-24 14:35:00,70137.0,70137.0,69838.0,69838.0,13.9779169
2026-03-24 14:40:00,69837.8,69897.7,69770.0,69847.6,27.15595555
2026-03-24 14:45:00,69850.5,69857.5,69603.0,69633.5,86.12441374
2026-03-24 14:50:00,69636.4,70076.0,69517.1,69911.0,120.66703458
2026-03-24 14:55:00,69916.6,70050.0,69717.4,69876.0,32.24029653
2026-03-24 15:00:00,69879.5,70058.9,69877.9,69996.8,16.71703378
2026-03-24 15:05:00,69999.0,70058.6,69925.0,69967.6,15.54376356
2026-03-24 15:10:00,69961.0,70039.8,69854.1,69960.0,14.91818616
2026-03-24 15:15:00,69964.6,70027.0,69907.6,69966.1,15.16161809
2026-03-24 15:20:00,69966.0,70253.4,69913.0,70211.9,74.99843927
2026-03-24 15:25:00,70211.9,70248.1,70010.8,70030.9,36.06643373
2026-03-24 15:30:00,70033.1,70070.0,69774.5,69922.0,25.44229163
2026-03-24 15:35:00,69922.0,70171.9,69909.6,70098.8,26.87265917
2026-03-24 15:40:00,70098.0,70158.7,70009.9,70056.0,21.93322595
2026-03-24 15:45:00,70055.9,70064.4,69956.4,70064.2,7.19320994
2026-03-24 15:50:00,70062.1,70190.0,70049.1,70103.0,15.83049185
2026-03-24 15:55:00,70102.9,70102.9,69856.0,69869.6,31.26717542
2026-03-24 16:00:00,69869.6,69902.7,69807.7,69839.0,20.01594608
2026-03-24 16:05:00,69840.4,69908.3,69800.0,69881.9,23.18193417
2026-03-24 16:10:00,69885.0,69943.9,69861.0,69918.1,14.17764063
2026-03-24 16:15:00,69918.0,70012.0,69863.1,69960.0,10.21859234
2026-03-24 16:20:00,69960.0,69968.1,69847.9,69847.9,13.27686105
2026-03-24 16:25:00,69847.9,69877.2,69667.8,69798.0,68.67367792
2026-03-24 16:30:00,69802.8,69847.0,69650.1,69738.0,8.55456709
2026-03-24 16:35:00,69737.0,69742.4,69300.3,69403.1,129.89722545
2026-03-24 16:40:00,69406.1,69576.0,69372.9,69574.3,48.42624956
2026-03-24 16:45:00,69574.3,69628.4,69486.9,69513.0,28.80051684
2026-03-24 16:50:00,69511.0,69611.9,69507.1,69520.0,7.89265147
2026-03-24 16:55:00,69520.1,69538.0,69423.0,69474.9,22.697034
2026-03-24 17:00:00,69480.1,69521.0,69287.0,69311.9,16.06776543
2026-03-24 17:05:00,69310.1,69310.1,69123.9,69165.0,96.96384928
2026-03-24 17:10:00,69169.9,69263.6,69130.0,69237.7,20.03002994
2026-03-24 17:15:00,69237.7,69294.0,69111.0,69119.7,13.12763856
2026-03-24 17:20:00,69119.8,69235.2,69119.8,69192.7,17.30351405
2026-03-24 17:25:00,69194.9,69213.0,69119.1,69180.0,6.13420676
2026-03-24 17:30:00,69181.9,69247.3,69066.6,69127.0,11.31182933
2026-03-24 17:35:00,69126.9,69333.2,69082.5,69272.1,18.4604319
2026-03-24 17:40:00,69272.1,69286.9,68926.0,68951.5,82.68385966
2026-03-24 17:45:00,68952.0,69068.9,68924.0,69060.9,34.67823796
2026-03-24 17:50:00,69061.0,69163.9,68999.0,69059.1,11.16499502
2026-03-24 17:55:00,69057.1,69269.2,69010.0,69239.9,47.87200059
2026-03-24 18:00:00,69240.0,69340.4,69163.3,69276.2,56.54080039
2026-03-24 18:05:00,69276.2,69340.4,69206.2,69317.1,17.65481854
2026-03-24 18:10:00,69317.1,69380.3,69252.3,69370.0,3.8810023
2026-03-24 18:15:00,69369.1,69416.6,69280.0,69405.3,7.85616107
2026-03-24 18:20:00,69396.1,69498.0,69360.0,69447.7,30.37304415
2026-03-24 18:25:00,69447.6,69485.3,69382.0,69410.5,9.60969925
2026-03-24 18:30:00,69410.5,69577.9,69374.2,69512.8,30.20198551
2026-03-24 18:35:00,69512.8,69745.1,69503.0,69736.5,24.05816168
2026-03-24 18:40:00,69745.1,69745.1,69491.2,69528.2,16.34542283
2026-03-24 18:45:00,69530.0,69572.9,69440.1,69457.2,7.97515926
2026-03-24 18:50:00,69461.8,69573.7,69461.1,69521.6,12.7084848
2026-03-24 18:55:00,69521.6,69528.5,69419.9,69431.8,2.57555143
2026-03-24 19:00:00,69431.0,69549.3,69431.0,69522.9,15.07470554
2026-03-24 19:05:00,69522.9,69621.2,69499.9,69596.1,3.44327335
2026-03-24 19:10:00,69596.1,69645.1,69582.0,69641.0,2.99589459
2026-03-24 19:15:00,69640.9,69701.9,69610.0,69666.1,8.48327629
2026-03-24 19:20:00,69666.1,69666.1,69574.0,69595.0,5.61197594
2026-03-24 19:25:00,69593.0,69596.9,69526.0,69539.0,2.16349274
2026-03-24 19:30:00,69538.9,69542.5,69392.2,69409.0,21.08158242
2026-03-24 19:35:00,69409.1,69466.9,69371.0,69432.0,8.52746061
2026-03-24 19:40:00,69432.1,69481.9,69412.1,69445.8,5.37270947
2026-03-24 19:45:00,69445.8,69445.8,69305.0,69305.1,9.41833493
2026-03-24 19:50:00,69305.1,69362.9,69272.7,69362.9,12.34991486
2026-03-24 19:55:00,69363.0,69386.7,69293.8,69374.9,10.85985199
2026-03-24 20:00:00,69374.9,69410.6,69338.0,69338.3,14.23701274
2026-03-24 20:05:00,69337.7,69360.5,69291.1,69346.4,1.81935361
2026-03-24 20:10:00,69346.4,69410.0,69342.0,69410.0,1.902852
2026-03-24 20:15:00,69410.7,69528.1,69410.7,69528.1,4.63766379
2026-03-24 20:20:00,69528.1,69968.0,69528.1,69968.0,40.71302652
2026-03-24 20:25:00,69963.5,70288.0,69946.1,70010.1,68.4297122
2026-03-24 20:30:00,70010.0,70216.8,69975.7,69978.1,29.78039784
2026-03-24 20:35:00,69978.1,70166.6,69961.6,70126.7,28.03921986
2026-03-24 20:40:00,70130.0,70138.8,70020.4,70060.0,11.18603324
2026-03-24 20:45:00,70060.0,70098.9,69904.4,70086.0,12.94057644
2026-03-24 20:50:00,70086.1,70252.9,70038.2,70067.5,19.83787117
2026-03-24 20:55:00,70067.4,70131.0,70056.1,70092.9,9.14523824
2026-03-24 21:00:00,70094.4,70193.7,70086.0,70177.3,9.86769391
2026-03-24 21:05:00,70176.0,70221.1,70004.3,70034.5,12.40580855
2026-03-24 21:10:00,70034.5,70058.9,69931.6,69993.9,26.06505621
2026-03-24 21:15:00,69997.3,70035.0,69937.1,69990.0,11.16857429
2026-03-24 21:20:00,69992.0,69998.8,69899.6,69899.8,4.40524888
2026-03-24 21:25:00,69899.7,70113.2,69899.7,70061.9,21.24485614
2026-03-24 21:30:00,70061.8,70153.3,70031.9,70076.1,10.36561516
2026-03-24 21:35:00,70071.0,70230.0,70055.4,70199.9,15.52956154
2026-03-24 21:40:00,70199.9,70403.9,70151.0,70274.9,27.48588464
2026-03-24 21:45:00,70277.5,70391.7,70222.3,70332.5,12.469739
2026-03-24 21:50:00,70326.3,70343.8,70201.7,70288.9,4.80546677
2026-03-24 21:55:00,70289.6,70338.9,70203.7,70328.8,7.51563349
2026-03-24 22:00:00,70329.2,70357.1,70213.2,70291.5,19.12193982
2026-03-24 22:05:00,70291.6,70548.9,70279.9,70516.7,36.83553654
2026-03-24 22:10:00,70516.8,70586.3,70485.3,70539.9,36.30467189
2026-03-24 22:15:00,70538.5,70555.7,70410.0,70430.7,13.80883615
2026-03-24 22:20:00,70427.6,70453.3,70394.4,70433.5,9.28552806
2026-03-24 22:25:00,70437.9,70437.9,70180.0,70235.0,29.83103753
2026-03-24 22:30:00,70239.0,70322.5,70138.9,70207.2,26.960527
2026-03-24 22:35:00,70207.2,70278.9,70167.5,70259.5,9.10750927
2026-03-24 22:40:00,70259.4,70319.5,70233.0,70289.0,6.65346385
2026-03-24 22:45:00,70289.5,70335.9,70237.4,70335.9,11.306066
2026-03-24 22:50:00,70336.0,70392.7,70271.0,70340.1,21.0963727
2026-03-24 22:55:00,70340.1,70376.1,70315.0,70315.0,2.80275369
2026-03-24 23:00:00,70315.0,70358.5,70266.6,70322.0,9.57638701
2026-03-24 23:05:00,70322.1,70535.7,70277.8,70535.6,29.81793563
2026-03-24 23:10:00,70535.7,70585.5,70519.5,70537.7,12.03661752
2026-03-24 23:15:00,70539.7,70579.0,70508.9,70531.1,4.84851981
2026-03-24 23:20:00,70531.1,70701.3,70497.1,70544.0,28.74610735
2026-03-24 23:25:00,70543.9,70784.6,70531.4,70751.9,38.50099498
2026-03-24 23:30:00,70752.0,70833.3,70716.3,70752.2,135.16246099
2026-03-24 23:35:00,70752.3,70790.3,70713.1,70766.4,14.27160696
2026-03-24 23:40:00,70765.1,70791.0,70651.6,70663.0,7.79425756
2026-03-24 23:45:00,70663.1,70692.3,70565.3,70651.5,11.9168711
2026-03-24 23:50:00,70651.5,70657.9,70578.4,70584.0,9.11904401
2026-03-24 23:55:00,70584.0,70591.0,70535.1,70557.5,7.36850379
2026-03-25 00:00:00,70557.5,70631.0,70522.0,70631.0,7.90408301
2026-03-25 00:05:00,70632.0,70697.9,70553.1,70697.9,4.98466093
2026-03-25 00:10:00,70698.0,70760.5,70667.1,70729.0,41.00368397
2026-03-25 00:15:00,70729.0,70734.0,70573.0,70609.0,10.49428319
2026-03-25 00:20:00,70610.0,70626.1,70568.8,70607.0,3.82213208
2026-03-25 00:25:00,70608.2,70681.0,70608.2,70669.0,3.61631574
2026-03-25 00:30:00,70669.1,70860.0,70475.9,70803.1,30.75607904
2026-03-25 00:35:00,70808.0,70901.5,70790.5,70892.6,22.94524683
2026-03-25 00:40:00,70892.6,71049.0,70883.0,70925.9,43.27306555
2026-03-25 00:45:00,70925.9,70992.0,70881.0,70881.1,59.55934877
2026-03-25 00:50:00,70881.0,70891.9,70787.4,70876.0,8.06524593
2026-03-25 00:55:00,70876.0,70926.0,70836.0,70838.0,9.97599804
2026-03-25 01:00:00,70838.1,70881.6,70769.3,70812.9,22.3821839
2026-03-25 01:05:00,70812.9,70850.0,70712.5,70825.0,11.24442331
2026-03-25 01:10:00,70828.6,70976.9,70799.9,70799.9,15.97006113
2026-03-25 01:15:00,70800.0,70821.0,70720.0,70725.7,4.00750445
2026-03-25 01:20:00,70725.8,70848.8,70724.5,70728.9,8.2450061
2026-03-25 01:25:00,70728.9,70767.0,70691.4,70757.9,4.94131048
2026-03-25 01:30:00,70758.0,70800.0,70632.6,70657.2,19.44417203
2026-03-25 01:35:00,70657.3,70721.0,70636.0,70672.7,8.26031429
2026-03-25 01:40:00,70672.8,70807.6,70646.0,70741.1,4.92128178
2026-03-25 01:45:00,70741.0,70800.1,70710.8,70784.1,4.19486392
2026-03-25 01:50:00,70784.0,70820.0,70766.1,70777.0,4.05750148
2026-03-25 01:55:00,70777.0,70791.0,70679.1,70679.1,11.66377951
2026-03-25 02:00:00,70679.1,70713.1,70600.0,70649.0,16.08134919
2026-03-25 02:05:00,70649.1,70651.9,70601.0,70615.9,10.00136727
2026-03-25 02:10:00,70615.9,70649.5,70550.2,70605.4,18.99294464
2026-03-25 02:15:00,70610.9,70654.5,70533.3,70610.0,17.01960407
2026-03-25 02:20:00,70608.1,70635.0,70581.0,70591.1,4.02344987
2026-03-25 02:25:00,70591.1,70662.0,70575.3,70599.0,8.34190235
2026-03-25 02:30:00,70599.0,70657.0,70520.0,70628.5,6.66058132
2026-03-25 02:35:00,70632.5,70767.8,70616.0,70721.3,10.69378686
2026-03-25 02:40:00,70721.2,70755.5,70696.3,70698.1,8.68481608
2026-03-25 02:45:00,70698.1,70747.1,70625.1,70636.4,33.38631825
2026-03-25 02:50:00,70636.3,70653.9,70593.0,70593.0,3.4791298
2026-03-25 02:55:00,70593.0,70593.1,70501.1,70532.2,8.34495964
2026-03-25 03:00:00,70533.5,70571.5,70524.1,70560.0,9.31360648
2026-03-25 03:05:00,70560.0,70560.0,70500.1,70510.0,49.32279807
2026-03-25 03:10:00,70509.0,70540.9,70428.5,70499.5,64.92147643
2026-03-25 03:15:00,70499.5,70519.0,70414.1,70499.9,17.88428532
2026-03-25 03:20:00,70500.0,70500.0,70426.1,70459.0,18.03611065
2026-03-25 03:25:00,70459.1,70559.9,70442.1,70536.0,5.42576339
2026-03-25 03:30:00,70536.1,70710.0,70536.1,70660.9,13.7289461
2026-03-25 03:35:00,70661.0,70812.9,70661.0,70766.0,19.51006883
2026-03-25 03:40:00,70767.0,70785.6,70726.0,70756.1,4.78617252
2026-03-25 03:45:00,70756.2,70812.9,70736.0,70736.0,6.76581611
2026-03-25 03:50:00,70736.1,70776.0,70715.5,70730.0,6.81725229
2026-03-25 03:55:00,70729.9,70769.0,70716.1,70720.8,6.84008357
2026-03-25 04:00:00,70720.8,70775.4,70705.0,70721.1,7.42686981
2026-03-25 04:05:00,70721.1,70915.1,70721.0,70903.5,14.89622309
2026-03-25 04:10:00,70903.4,70903.4,70845.0,70855.1,11.06635581
2026-03-25 04:15:00,70855.0,70855.0,70786.0,70847.0,8.54757616
2026-03-25 04:20:00,70839.0,70875.2,70791.4,70875.2,10.45235592
2026-03-25 04:25:00,70875.2,70952.4,70841.0,70873.1,15.60326103
2026-03-25 04:30:00,70873.0,70888.9,70773.0,70773.1,11.37007943
2026-03-25 04:35:00,70773.0,70805.0,70742.3,70771.0,13.9187455
2026-03-25 04:40:00,70771.0,70825.8,70766.1,70770.0,4.44392022
2026-03-25 04:45:00,70770.0,70797.0,70731.0,70749.0,10.35507685
2026-03-25 04:50:00,70748.2,70791.9,70748.2,70784.6,3.16539318
2026-03-25 04:55:00,70784.6,70982.5,70784.6,70974.0,13.54380066
2026-03-25 05:00:00,70973.9,70993.5,70937.5,70986.0,10.88229792
2026-03-25 05:05:00,70986.1,71294.0,70986.0,71215.9,87.16019869
2026-03-25 05:10:00,71213.2,71344.0,71197.2,71248.0,34.58377074
2026-03-25 05:15:00,71248.0,71257.0,71112.9,71120.0,18.85673149
2026-03-25 05:20:00,71120.0,71175.0,71106.4,71113.9,13.94645877
2026-03-25 05:25:00,71114.0,71210.0,71053.0,71197.8,22.89992544
2026-03-25 05:30:00,71197.9,71239.0,71108.6,71133.9,18.84146816
2026-03-25 05:35:00,71133.9,71194.1,71131.0,71158.0,6.3769555
2026-03-25 05:40:00,71158.1,71252.0,71153.1,71222.2,8.13904593
2026-03-25 05:45:00,71222.3,71247.0,71118.5,71130.9,12.78957563
2026-03-25 05:50:00,71129.3,71137.1,71091.9,71124.9,19.308861
2026-03-25 05:55:00,71125.0,71125.0,71075.0,71119.8,3.565806
2026-03-25 06:00:00,71119.8,71160.9,71057.6,71069.9,22.95268834
2026-03-25 06:05:00,71070.0,71073.9,70997.6,71030.3,25.97592314
2026-03-25 06:10:00,71030.4,71081.0,71030.3,71081.0,3.20624747
2026-03-25 06:15:00,71081.0,71220.8,71081.0,71197.5,18.90779818
2026-03-25 06:20:00,71196.0,71262.0,71185.9,71203.1,12.08257153
2026-03-25 06:25:00,71203.1,71239.8,71200.1,71236.1,16.89007168
2026-03-25 06:30:00,71238.9,71257.2,71165.0,71241.3,28.45521056
2026-03-25 06:35:00,71241.3,71246.7,71167.1,71179.0,14.50062571
2026-03-25 06:40:00,71178.9,71234.9,71178.9,71192.4,5.70073116
2026-03-25 06:45:00,71193.8,71220.0,71169.0,71193.5,18.63168779
2026-03-25 06:50:00,71193.4,71209.3,71137.5,71143.7,10.25328686
2026-03-25 06:55:00,71146.0,71146.0,70982.5,70987.9,20.78639879
2026-03-25 07:00:00,70988.3,71071.0,70953.4,71040.0,21.84325735
2026-03-25 07:05:00,71040.1,71078.5,71001.8,71032.6,11.78903455
2026-03-25 07:10:00,71032.6,71147.1,71032.6,71141.0,5.50245756
2026-03-25 07:15:00,71141.1,71151.7,71089.3,71110.2,12.75499235
2026-03-25 07:20:00,71110.2,71110.2,71041.2,71042.9,4.50823056
2026-03-25 07:25:00,71043.0,71083.0,71043.0,71065.9,4.83499025
2026-03-25 07:30:00,71066.0,71196.0,71065.9,71171.9,9.37978474
2026-03-25 07:35:00,71172.0,71219.9,71150.5,71215.1,31.58415648
2026-03-25 07:40:00,71215.1,71266.6,71025.0,71055.0,33.5679533
2026-03-25 07:45:00,71055.0,71077.0,70885.7,70973.1,32.31584297
2026-03-25 07:50:00,70973.1,70973.1,70900.0,70900.0,19.75520529
2026-03-25 07:55:00,70900.1,70952.0,70885.5,70931.3,78.22460205
2026-03-25 08:00:00,70931.3,71018.1,70931.3,70999.0,26.85381006
2026-03-25 08:05:00,70999.0,70999.0,70840.0,70852.9,51.60444436
2026-03-25 08:10:00,70853.1,70868.4,70800.0,70809.9,20.57322577
2026-03-25 08:15:00,70810.0,71101.1,70810.0,71101.0,64.31299067
2026-03-25 08:20:00,71101.0,71133.9,71047.0,71079.9,11.67751195
2026-03-25 08:25:00,71080.0,71251.9,71046.0,71190.6,27.05041638
2026-03-25 08:30:00,71190.6,71499.9,71183.2,71499.8,124.29084008
2026-03-25 08:35:00,71493.1,71498.9,71301.3,71372.2,70.88341047
2026-03-25 08:40:00,71372.1,71499.8,71372.1,71469.8,37.25679549
2026-03-25 08:45:00,71469.7,71469.8,71318.2,71332.1,19.29433478
2026-03-25 08:50:00,71332.0,71350.5,71250.1,71260.5,8.28454019
2026-03-25 08:55:00,71260.5,71294.9,71212.3,71239.5,8.94446129
2026-03-25 09:00:00,71239.5,71294.4,71223.2,71251.0,10.34494525
2026-03-25 09:05:00,71251.0,71363.9,71235.5,71363.9,14.81490428
2026-03-25 09:10:00,71364.2,71373.0,71294.1,71320.5,10.5388398
2026-03-25 09:15:00,71320.5,71392.7,71308.4,71315.9,8.06792411
2026-03-25 09:20:00,71315.9,71390.9,71153.8,71226.7,22.41046301
2026-03-25 09:25:00,71226.7,71307.7,71202.7,71260.0,14.14891396
2026-03-25 09:30:00,71260.0,71323.2,71234.4,71247.3,28.74339123
2026-03-25 09:35:00,71256.4,71291.0,71226.7,71290.9,8.33365876
2026-03-25 09:40:00,71291.0,71300.0,71256.8,71260.0,3.68135358
2026-03-25 09:45:00,71259.9,71259.9,71093.6,71155.2,6.88144111
2026-03-25 09:50:00,71156.5,71216.0,71156.5,71216.0,39.18510833
2026-03-25 09:55:00,71216.8,71409.3,71216.8,71335.7,10.35158728
2026-03-25 10:00:00,71339.0,71431.6,71285.8,71313.5,44.13924627
2026-03-25 10:05:00,71313.6,71404.0,71309.6,71389.1,6.317992
2026-03-25 10:10:00,71391.2,71446.8,71379.3,71414.6,15.2788605
2026-03-25 10:15:00,71414.6,71485.2,71367.9,71443.2,19.22779521
2026-03-25 10:20:00,71442.7,71479.6,71381.4,71398.7,5.84341505
2026-03-25 10:25:00,71398.7,71439.7,71396.2,71408.9,2.96876799
2026-03-25 10:30:00,71403.7,71416.3,71314.9,71345.2,8.1648446
2026-03-25 10:35:00,71345.3,71399.9,71341.4,71356.1,1.99018065
2026-03-25 10:40:00,71356.0,71431.1,71316.4,71431.0,4.42298703
2026-03-25 10:45:00,71431.0,71645.3,71431.0,71535.5,100.38700295
2026-03-25 10:50:00,71536.1,71610.0,71528.4,71579.4,19.41099412
2026-03-25 10:55:00,71579.4,71585.3,71488.3,71490.4,10.02903747
2026-03-25 11:00:00,71490.5,71508.5,71468.5,71498.7,18.03339662
2026-03-25 11:05:00,71498.7,71546.7,71464.5,71537.2,5.98120215
2026-03-25 11:10:00,71537.3,71600.0,71508.6,71595.3,18.94648893
2026-03-25 11:15:00,71595.3,71692.3,71595.3,71692.3,27.50558761
2026-03-25 11:20:00,71692.2,71790.6,71658.6,71694.4,40.21075067
2026-03-25 11:25:00,71694.5,71934.3,71685.6,71869.2,72.07985694
2026-03-25 11:30:00,71869.1,71979.4,71826.7,71934.1,75.67935985
2026-03-25 11:35:00,71934.1,72012.0,71817.3,71895.0,192.82094497
2026-03-25 11:40:00,71895.1,71921.2,71767.5,71805.8,18.69687183
2026-03-25 11:45:00,71805.7,71815.0,71520.0,71585.8,52.09469705
2026-03-25 11:50:00,71584.9,71678.1,71553.4,71629.4,57.77650914
2026-03-25 11:55:00,71629.7,71678.1,71620.8,71677.3,8.29419166
2026-03-25 12:00:00,71677.4,71790.1,71677.4,71790.0,30.46933287
2026-03-25 12:05:00,71790.0,71842.0,71762.6,71809.7,9.05884699
2026-03-25 12:10:00,71809.8,71831.9,71748.3,71748.3,8.09592541
2026-03-25 12:15:00,71748.3,71752.1,71317.6,71419.4,60.32328686
2026-03-25 12:20:00,71418.4,71431.5,71104.0,71216.2,146.88544818
2026-03-25 12:25:00,71216.2,71336.6,71119.3,71336.6,68.541532
2026-03-25 12:30:00,71336.6,71369.0,71180.5,71364.7,56.4840689
2026-03-25 12:35:00,71364.7,71394.6,71295.9,71394.5,14.68632856
2026-03-25 12:40:00,71394.6,71475.0,71357.5,71362.1,14.49132376
2026-03-25 12:45:00,71362.1,71365.2,71287.4,71315.7,13.1731543
2026-03-25 12:50:00,71321.3,71413.3,71279.9,71413.3,11.42846126
2026-03-25 12:55:00,71414.0,71961.2,71411.6,71723.8,109.93605469
2026-03-25 13:00:00,71716.8,71855.0,71640.3,71730.0,39.67724295
2026-03-25 13:05:00,71730.1,71744.4,71641.7,71661.5,13.0036204
2026-03-25 13:10:00,71661.4,71761.0,71661.4,71701.9,17.24751484
2026-03-25 13:15:00,71701.8,71701.8,71608.0,71650.3,12.99573946
2026-03-25 13:20:00,71650.4,71708.6,71608.0,71623.7,5.11943543
2026-03-25 13:25:00,71623.8,71646.2,71579.1,71626.2,38.53253855
2026-03-25 13:30:00,71624.4,71897.6,71616.9,71756.8,41.87698117
2026-03-25 13:35:00,71756.8,71961.5,71756.8,71829.1,29.39492586
2026-03-25 13:40:00,71829.1,71955.3,71700.1,71723.5,47.69943144
2026-03-25 13:45:00,71723.5,71829.7,71649.9,71655.7,12.32719686
2026-03-25 13:50:00,71657.1,71751.6,71510.1,71640.0,46.04064479
2026-03-25 13:55:00,71640.0,71754.1,71535.8,71576.6,43.36322346
2026-03-25 14:00:00,71576.7,71691.4,71415.3,71472.1,27.78796459
2026-03-25 14:05:00,71472.1,71587.4,71380.1,71540.2,23.41620487
2026-03-25 14:10:00,71540.0,71540.0,71282.1,71387.6,81.86719289
2026-03-25 14:15:00,71387.7,71530.1,71324.5,71339.9,20.12007527
2026-03-25 14:20:00,71342.2,71484.9,71258.1,71279.7,48.86709065
2026-03-25 14:25:00,71279.8,71499.2,71279.8,71363.5,16.45317973
2026-03-25 14:30:00,71365.1,71526.4,71312.5,71507.8,10.51951137
2026-03-25 14:35:00,71507.8,71558.8,71305.2,71345.0,4.99394592
2026-03-25 14:40:00,71346.8,71414.5,71322.4,71357.8,11.89616369
2026-03-25 14:45:00,71357.8,71413.3,71275.2,71405.0,26.280131
2026-03-25 14:50:00,71405.0,71444.3,71338.0,71343.0,38.26902228
2026-03-25 14:55:00,71342.9,71342.9,71235.5,71236.5,3.16075463
2026-03-25 15:00:00,71236.5,71304.3,71214.9,71262.2,8.18372151
2026-03-25 15:05:00,71262.3,71285.2,70891.9,70924.0,76.09522658
2026-03-25 15:10:00,70920.8,71020.0,70736.1,70823.0,45.65840145
2026-03-25 15:15:00,70819.2,70869.5,70575.1,70691.1,106.61062753
2026-03-25 15:20:00,70691.2,70968.4,70691.2,70933.2,20.02007334
2026-03-25 15:25:00,70933.3,71023.9,70904.2,71013.1,11.16788712
2026-03-25 15:30:00,71013.2,71095.9,70954.6,70967.1,25.21462822
2026-03-25 15:35:00,70967.2,70981.7,70820.1,70869.5,13.65713257
2026-03-25 15:40:00,70869.5,70912.4,70812.9,70888.8,4.74320415
2026-03-25 15:45:00,70889.2,70889.3,70776.5,70885.0,11.77919023
2026-03-25 15:50:00,70885.0,70956.4,70847.2,70884.0,7.25211081
2026-03-25 15:55:00,70884.1,70945.7,70828.6,70831.5,21.33379929
2026-03-25 16:00:00,70831.1,70900.8,70822.9,70861.4,21.92015901
2026-03-25 16:05:00,70863.2,70985.1,70711.1,70962.0,40.03729963
2026-03-25 16:10:00,70962.0,70962.0,70840.0,70870.7,8.43536898
2026-03-25 16:15:00,70870.7,70936.5,70824.1,70936.5,11.24687311
2026-03-25 16:20:00,70938.4,71079.7,70880.4,71079.7,15.76350237
2026-03-25 16:25:00,71079.8,71760.2,71073.0,71498.7,174.56472723
2026-03-25 16:30:00,71498.7,71530.9,71382.7,71420.7,30.38454502
2026-03-25 16:35:00,71419.8,71633.1,71386.3,71628.7,11.96671349
2026-03-25 16:40:00,71628.6,71628.7,71446.3,71467.4,11.10106528
2026-03-25 16:45:00,71466.8,71474.4,71288.5,71326.7,13.30277273
2026-03-25 16:50:00,71326.7,71409.0,71246.1,71392.7,12.80987871
2026-03-25 16:55:00,71395.5,71406.8,71280.6,71319.8,13.06555474
2026-03-25 17:00:00,71319.9,71391.8,71264.2,71307.3,5.66264277
2026-03-25 17:05:00,71307.3,71307.3,71178.5,71195.4,4.97483265
2026-03-25 17:10:00,71195.4,71204.9,71101.7,71147.1,22.80297044
2026-03-25 17:15:00,71147.2,71147.2,70960.0,71025.5,12.93430265
2026-03-25 17:20:00,71025.5,71137.6,70996.0,71073.2,4.8622556
2026-03-25 17:25:00,71073.1,71201.9,71045.7,71069.1,15.02375894
2026-03-25 17:30:00,71068.3,71068.3,70954.3,71005.7,8.13724862
2026-03-25 17:35:00,71005.7,71029.0,70841.1,70885.8,13.489123
2026-03-25 17:40:00,70885.8,71015.1,70868.8,70910.2,8.32296204
2026-03-25 17:45:00,70910.1,70979.8,70883.8,70894.3,3.10392111
2026-03-25 17:50:00,70894.4,70935.6,70756.7,70793.7,47.16345049
2026-03-25 17:55:00,70793.7,70845.3,70722.0,70779.8,16.83708505
2026-03-25 18:00:00,70779.9,70862.4,70749.1,70846.8,26.85796697
2026-03-25 18:05:00,70844.4,70944.0,70844.3,70871.4,25.56700582
2026-03-25 18:10:00,70871.4,70934.4,70861.8,70927.1,6.06798786
2026-03-25 18:15:00,70927.2,71077.4,70927.1,70989.5,23.63279336
2026-03-25 18:20:00,70989.6,71153.8,70989.6,71097.5,9.28281793
2026-03-25 18:25:00,71097.5,71097.5,70968.7,70971.8,4.08043624
2026-03-25 18:30:00,70971.8,71015.1,70909.9,70923.4,8.38704169
2026-03-25 18:35:00,70923.5,70953.1,70836.5,70868.0,4.58838852
2026-03-25 18:40:00,70867.9,70868.0,70800.1,70854.2,3.94597085
2026-03-25 18:45:00,70854.1,70933.0,70842.2,70905.9,3.61559437
2026-03-25 18:50:00,70906.0,70979.5,70906.0,70979.5,4.39918432
2026-03-25 18:55:00,70979.5,70979.5,70681.8,70816.7,15.94493684
2026-03-25 19:00:00,70816.8,71002.3,70783.9,71002.3,14.21366888
2026-03-25 19:05:00,71002.4,71011.0,70856.1,70879.3,5.46221893
2026-03-25 19:10:00,70879.4,70892.4,70778.8,70847.6,19.78535573
2026-03-25 19:15:00,70847.5,70888.8,70829.7,70888.7,6.06800042
2026-03-25 19:20:00,70888.7,70983.4,70884.0,70970.0,4.21920644
2026-03-25 19:25:00,70969.9,70969.9,70888.4,70964.2,5.89395409
2026-03-25 19:30:00,70964.0,70965.3,70858.4,70925.9,10.55724756
2026-03-25 19:35:00,70926.0,71060.9,70883.0,71051.2,12.34935144
2026-03-25 19:40:00,71051.2,71093.6,70932.5,70938.7,7.54000549
2026-03-25 19:45:00,70938.7,70966.7,70891.2,70938.2,13.18336184
2026-03-25 19:50:00,70940.1,71000.6,70887.2,70896.0,6.89659145
2026-03-25 19:55:00,70895.9,70903.1,70780.4,70879.9,21.77042513
2026-03-25 20:00:00,70880.8,70923.8,70750.0,70754.3,5.01343805
2026-03-25 20:05:00,70754.3,70785.9,70688.8,70707.2,31.63485738
2026-03-25 20:10:00,70707.2,70761.9,70681.8,70739.3,16.59158869
2026-03-25 20:15:00,70739.4,70800.9,70739.4,70798.2,3.08350794
2026-03-25 20:20:00,70798.1,70799.2,70698.1,70709.7,15.564821
2026-03-25 20:25:00,70709.8,70747.9,70647.1,70716.9,11.2863903
2026-03-25 20:30:00,70716.9,70754.5,70710.2,70742.9,4.26541134
2026-03-25 20:35:00,70739.8,70845.8,70723.0,70842.6,7.09806958
2026-03-25 20:40:00,70842.6,70952.0,70808.4,70952.0,9.69163038
2026-03-25 20:45:00,70952.1,70985.7,70894.8,70975.6,8.34175634
2026-03-25 20:50:00,70975.5,71064.6,70975.5,71054.7,17.20030009
2026-03-25 20:55:00,71054.7,71054.7,70988.6,71003.1,10.19729891
2026-03-25 21:00:00,71003.7,71039.7,70957.2,71028.8,10.34368388
2026-03-25 21:05:00,71028.9,71066.5,70956.5,71066.4,4.85028171
2026-03-25 21:10:00,71066.5,71182.3,71066.5,71159.9,12.872557
2026-03-25 21:15:00,71160.0,71174.6,71041.1,71077.9,21.32236985
2026-03-25 21:20:00,71077.9,71078.0,71010.0,71017.1,16.63364357
2026-03-25 21:25:00,71017.1,71017.1,70947.5,70979.1,10.08034249
2026-03-25 21:30:00,70979.2,71027.1,70964.4,71005.8,4.47611837
2026-03-25 21:35:00,71005.9,71069.0,70994.3,71068.9,6.27882038
2026-03-25 21:40:00,71069.0,71099.7,71047.8,71058.0,4.42215114
2026-03-25 21:45:00,71058.1,71100.8,70963.2,70977.7,5.10344834
2026-03-25 21:50:00,70979.7,71047.4,70979.7,71032.0,2.65808737
2026-03-25 21:55:00,71032.0,71046.1,71001.6,71031.2,2.80346134
2026-03-25 22:00:00,71031.3,71133.0,71031.2,71093.2,12.07247156
2026-03-25 22:05:00,71094.0,71094.0,70979.1,70979.1,5.80387299
2026-03-25 22:10:00,70979.1,71033.0,70959.6,70994.6,11.00629043
2026-03-25 22:15:00,70994.6,71007.8,70943.5,71005.2,2.27277085
2026-03-25 22:20:00,71009.0,71040.3,70982.0,71038.0,1.65444661
2026-03-25 22:25:00,71036.1,71086.9,71029.9,71037.0,3.88332649
2026-03-25 22:30:00,71037.0,71226.5,71025.2,71217.9,18.29156117
2026-03-25 22:35:00,71218.0,71343.9,71186.0,71243.0,34.29014109
2026-03-25 22:40:00,71243.1,71609.2,71229.8,71380.0,87.93426326
2026-03-25 22:45:00,71381.0,71464.2,71370.0,71395.1,12.48757302
2026-03-25 22:50:00,71395.1,71416.7,71316.0,71348.2,4.13245464
2026-03-25 22:55:00,71348.2,71398.9,71326.0,71375.5,4.77173443
2026-03-25 23:00:00,71374.1,71463.1,71364.0,71424.9,15.5418309
2026-03-25 23:05:00,71425.0,71432.1,71370.5,71390.0,3.71573917
2026-03-25 23:10:00,71390.0,71431.0,71323.0,71323.0,5.68623107
2026-03-25 23:15:00,71323.0,71323.0,71247.1,71264.9,7.71317013
2026-03-25 23:20:00,71264.1,71379.0,71235.5,71379.0,6.71578975
2026-03-25 23:25:00,71379.1,71430.0,71350.1,71365.0,13.20772147
2026-03-25 23:30:00,71365.0,71388.1,71303.0,71346.9,8.17579538
2026-03-25 23:35:00,71346.9,71366.2,71271.0,71271.0,4.65999493
2026-03-25 23:40:00,71271.1,71292.9,71200.0,71220.5,15.23933739
2026-03-25 23:45:00,71220.9,71267.0,71188.7,71233.9,9.840173
2026-03-25 23:50:00,71233.9,71346.1,71233.9,71346.0,3.74701424
2026-03-25 23:55:00,71346.0,71380.0,71327.0,71334.9,4.41998921
2026-03-26 00:00:00,71334.9,71376.0,71248.1,71248.1,23.08414241
2026-03-26 00:05:00,71248.1,71291.0,71220.2,71220.2,5.21810087
2026-03-26 00:10:00,71220.3,71250.6,71195.0,71250.6,11.55078392
2026-03-26 00:15:00,71253.8,71380.8,71242.1,71242.1,17.48820421
2026-03-26 00:20:00,71242.2,71315.4,71234.1,71297.7,3.49674095
2026-03-26 00:25:00,71297.7,71314.9,71237.3,71303.7,8.01119433
2026-03-26 00:30:00,71303.7,71373.0,71276.3,71299.8,9.04843225
2026-03-26 00:35:00,71301.1,71400.0,71301.1,71329.3,4.21549286
2026-03-26 00:40:00,71332.0,71373.9,71323.3,71355.6,1.4516113
2026-03-26 00:45:00,71355.6,71440.9,71348.0,71393.9,9.91620078
2026-03-26 00:50:00,71396.0,71397.9,71227.2,71230.0,13.05430362
2026-03-26 00:55:00,71230.0,71303.5,71142.8,71303.4,25.40668738
2026-03-26 01:00:00,71303.5,71381.6,71276.1,71301.1,5.46711311
2026-03-26 01:05:00,71301.2,71304.6,71186.2,71242.5,5.11040258
2026-03-26 01:10:00,71244.9,71296.0,71217.0,71269.0,2.8704389
2026-03-26 01:15:00,71269.0,71269.1,71158.1,71211.7,4.76895335
2026-03-26 01:20:00,71211.8,71300.0,71211.8,71300.0,3.57425242
2026-03-26 01:25:00,71300.2,71375.5,71261.0,71315.5,10.80595387
2026-03-26 01:30:00,71315.4,71358.0,71291.0,71321.1,8.29111562
2026-03-26 01:35:00,71323.0,71339.9,71273.0,71327.8,2.90305185
2026-03-26 01:40:00,71327.8,71332.3,71236.2,71255.9,8.54512894
2026-03-26 01:45:00,71254.0,71273.0,71222.0,71222.0,5.55585866
2026-03-26 01:50:00,71221.1,71282.8,71178.5,71250.2,13.26581667
2026-03-26 01:55:00,71250.1,71298.9,71239.0,71250.1,2.58895004
2026-03-26 02:00:00,71250.1,71287.0,71245.0,71267.9,3.70304982
2026-03-26 02:05:00,71267.9,71267.9,71131.2,71148.0,5.36392962
2026-03-26 02:10:00,71148.0,71168.3,71049.9,71092.9,19.37048449
2026-03-26 02:15:00,71093.0,71095.7,70913.5,70939.0,12.72928491
2026-03-26 02:20:00,70939.1,71009.0,70894.1,70912.4,13.65529628
2026-03-26 02:25:00,70914.8,70973.7,70901.1,70901.1,9.90929084
2026-03-26 02:30:00,70901.0,70908.9,70685.1,70812.0,52.68254408
2026-03-26 02:35:00,70808.1,70833.9,70726.9,70800.7,24.703372
2026-03-26 02:40:00,70800.7,70895.9,70795.0,70870.0,12.08182063
2026-03-26 02:45:00,70869.9,70901.4,70840.2,70897.7,30.1093337
2026-03-26 02:50:00,70897.6,70919.1,70850.4,70886.4,40.27969287
2026-03-26 02:55:00,70886.5,70927.0,70870.4,70893.1,19.00025119
2026-03-26 03:00:00,70893.1,70893.1,70773.8,70783.2,9.08122575
2026-03-26 03:05:00,70785.5,70854.9,70759.2,70854.9,2.76639241
2026-03-26 03:10:00,70855.0,70977.0,70855.0,70976.9,7.11856725
2026-03-26 03:15:00,70977.0,70977.0,70905.3,70913.0,3.34588479
2026-03-26 03:20:00,70913.0,70914.1,70710.7,70765.0,12.4323562
2026-03-26 03:25:00,70765.0,70806.4,70689.2,70713.9,12.30569121
2026-03-26 03:30:00,70714.0,70809.0,70714.0,70808.0,7.58810438
2026-03-26 03:35:00,70809.0,70887.9,70807.0,70872.3,9.51870182
2026-03-26 03:40:00,70872.3,70900.0,70863.1,70863.2,7.87972587
2026-03-26 03:45:00,70863.2,70887.9,70839.0,70839.1,2.65805414
2026-03-26 03:50:00,70839.1,70900.0,70797.1,70900.0,5.47789821
2026-03-26 03:55:00,70900.0,70913.4,70877.0,70907.1,3.17545768
2026-03-26 04:00:00,70913.3,70913.3,70834.1,70834.1,2.12288214
2026-03-26 04:05:00,70834.1,70859.9,70816.0,70828.0,3.10952299
2026-03-26 04:10:00,70828.1,70835.9,70741.0,70752.0,8.70823382
2026-03-26 04:15:00,70752.1,70769.4,70717.0,70736.1,7.74635567
2026-03-26 04:20:00,70738.0,70829.7,70738.0,70805.1,1.36837689
2026-03-26 04:25:00,70805.1,70872.9,70805.1,70865.5,2.90864428
2026-03-26 04:30:00,70865.5,70896.0,70827.6,70836.1,3.93361794
2026-03-26 04:35:00,70836.1,70872.3,70836.0,70851.0,2.24353666
2026-03-26 04:40:00,70851.0,70876.9,70823.7,70840.2,15.42682872
2026-03-26 04:45:00,70840.3,70881.0,70840.2,70878.7,2.52008516
2026-03-26 04:50:00,70878.8,70878.8,70817.0,70821.1,6.35801194
2026-03-26 04:55:00,70821.1,70821.1,70760.0,70772.0,7.98441762
2026-03-26 05:00:00,70772.1,70801.9,70740.0,70762.7,9.61837087
2026-03-26 05:05:00,70762.6,70762.6,70489.1,70562.8,154.99539063
2026-03-26 05:10:00,70562.8,70594.6,70509.9,70566.9,40.8701064
2026-03-26 05:15:00,70566.9,70619.0,70548.9,70579.1,20.96610628
2026-03-26 05:20:00,70579.1,70643.9,70579.1,70622.5,7.07773045
2026-03-26 05:25:00,70622.6,70624.0,70518.0,70580.9,23.72818723
2026-03-26 05:30:00,70581.0,70606.0,70518.9,70584.0,17.15029815
2026-03-26 05:35:00,70584.0,70639.9,70568.5,70568.5,34.37311911
2026-03-26 05:40:00,70568.5,70568.5,70300.0,70317.2,56.29801812
2026-03-26 05:45:00,70318.0,70380.1,70200.0,70357.1,43.39235458
2026-03-26 05:50:00,70357.1,70357.1,70110.0,70116.1,36.3857291
2026-03-26 05:55:00,70116.0,70139.8,69956.9,70023.1,80.20888387
2026-03-26 06:00:00,70023.0,70061.7,69868.0,69976.3,46.19367757
2026-03-26 06:05:00,69979.5,70145.3,69916.4,70106.1,19.75136605
2026-03-26 06:10:00,70106.0,70106.0,69982.7,70074.4,13.65291405
2026-03-26 06:15:00,70076.3,70135.3,70031.1,70135.0,23.82882562
2026-03-26 06:20:00,70135.0,70145.3,69965.6,69974.0,22.34617034
2026-03-26 06:25:00,69974.1,70067.0,69913.0,70067.0,15.17879837
2026-03-26 06:30:00,70067.0,70107.0,70035.1,70036.1,8.60846175
2026-03-26 06:35:00,70036.1,70054.0,69990.0,70040.9,10.26361469
2026-03-26 06:40:00,70040.9,70058.1,69991.0,70000.0,3.28857032
2026-03-26 06:45:00,70000.0,70106.9,70000.0,70106.9,9.918779
2026-03-26 06:50:00,70107.0,70142.3,70088.0,70106.9,15.83958945
2026-03-26 06:55:00,70110.6,70163.2,70086.0,70109.2,11.11044569
2026-03-26 07:00:00,70099.2,70173.9,70030.0,70151.1,9.07595396
2026-03-26 07:05:00,70151.0,70151.0,70024.1,70095.1,19.05882969
2026-03-26 07:10:00,70095.0,70105.0,70037.0,70052.0,17.70349523
2026-03-26 07:15:00,70054.8,70075.2,70024.1,70024.3,8.55699391
2026-03-26 07:20:00,70024.2,70099.9,69905.0,70059.1,19.7598228
2026-03-26 07:25:00,70059.0,70070.9,69936.0,69970.1,9.32600555
2026-03-26 07:30:00,69970.1,69978.5,69812.7,69962.0,50.25062659
2026-03-26 07:35:00,69964.0,70060.4,69940.1,70060.3,12.92714346
2026-03-26 07:40:00,70060.3,70110.7,70051.0,70074.7,26.1483086
2026-03-26 07:45:00,70074.6,70102.8,70057.1,70087.9,17.57319523
2026-03-26 07:50:00,70087.8,70168.0,70087.8,70164.1,17.84189001
2026-03-26 07:55:00,70164.0,70164.1,70086.0,70092.1,32.41212665
2026-03-26 08:00:00,70092.1,70138.4,70058.4,70058.5,14.63597157
2026-03-26 08:05:00,70058.5,70130.4,70026.1,70043.2,14.54719849
2026-03-26 08:10:00,70043.1,70043.1,69897.5,69922.9,26.69563743
2026-03-26 08:15:00,69924.9,70013.0,69853.0,69881.2,12.71235538
2026-03-26 08:20:00,69881.1,69926.6,69820.0,69866.8,26.03807314
2026-03-26 08:25:00,69866.7,69887.9,69813.4,69817.1,18.84612322
2026-03-26 08:30:00,69817.1,69879.9,69805.0,69866.2,22.25521164
2026-03-26 08:35:00,69866.1,69918.5,69844.2,69844.3,6.60767865
2026-03-26 08:40:00,69844.2,69952.3,69810.9,69939.0,36.79688651
2026-03-26 08:45:00,69942.5,70049.8,69900.1,69961.0,24.51899695
2026-03-26 08:50:00,69961.0,70025.2,69924.9,69970.0,24.23860567
2026-03-26 08:55:00,69970.0,70048.0,69964.0,70030.0,6.34588398
2026-03-26 09:00:00,70030.1,70033.5,69934.6,69990.0,16.11109903
2026-03-26 09:05:00,69990.0,70145.5,69977.1,70080.0,22.96575452
2026-03-26 09:10:00,70080.0,70118.0,70019.1,70033.9,23.51181092
2026-03-26 09:15:00,70035.0,70035.0,69879.5,69961.5,96.26297931
2026-03-26 09:20:00,69961.4,70031.3,69961.4,69968.0,95.28014683
2026-03-26 09:25:00,69968.0,70049.3,69951.1,70039.1,76.00892479
2026-03-26 09:30:00,70039.0,70039.0,69460.0,69471.0,136.35153379
2026-03-26 09:35:00,69471.6,69608.9,69431.9,69451.0,78.32270018
2026-03-26 09:40:00,69452.9,69527.6,69444.6,69510.1,39.32615701
2026-03-26 09:45:00,69510.1,69511.9,69410.1,69414.9,13.34554249
2026-03-26 09:50:00,69415.0,69606.1,69415.0,69588.1,12.06313572
2026-03-26 09:55:00,69592.6,69616.0,69570.6,69581.1,25.13756416
2026-03-26 10:00:00,69581.1,69598.1,69507.1,69544.0,167.30830186
2026-03-26 10:05:00,69543.9,69641.9,69525.0,69559.9,14.19844442
2026-03-26 10:10:00,69560.1,69589.4,69508.4,69585.0,6.54751084
2026-03-26 10:15:00,69587.1,69675.9,69585.1,69662.1,8.45065092
2026-03-26 10:20:00,69662.2,69724.0,69642.0,69684.3,27.59420011
2026-03-26 10:25:00,69686.9,69709.8,69661.1,69661.1,6.70121946
2026-03-26 10:30:00,69661.1,69661.1,69600.1,69618.1,12.57615337
2026-03-26 10:35:00,69619.9,69637.1,69505.3,69533.1,11.44502072
2026-03-26 10:40:00,69533.1,69578.0,69505.1,69547.0,7.55475294
2026-03-26 10:45:00,69547.1,69577.1,69509.1,69557.9,10.41840011
2026-03-26 10:50:00,69558.3,69563.7,69500.0,69503.8,14.39649332
2026-03-26 10:55:00,69503.8,69518.7,69460.0,69518.6,12.13377722
2026-03-26 11:00:00,69518.7,69661.0,69500.7,69629.1,8.71933743
2026-03-26 11:05:00,69629.1,69636.0,69548.0,69625.5,3.89131996
2026-03-26 11:10:00,69625.5,69625.5,69437.3,69567.0,10.32186548
2026-03-26 11:15:00,69566.9,69583.5,69520.1,69542.5,7.77763308
2026-03-26 11:20:00,69537.0,69555.0,69350.5,69364.0,27.7926875
2026-03-26 11:25:00,69363.9,69388.0,69193.0,69319.1,69.46779819
2026-03-26 11:30:00,69320.1,69435.8,69310.5,69368.1,21.32713145
2026-03-26 11:35:00,69368.1,69445.8,69348.5,69441.0,8.86810819
2026-03-26 11:40:00,69440.9,69460.0,69393.5,69395.0,4.27792563
2026-03-26 11:45:00,69395.1,69439.9,69367.0,69372.4,6.794164
2026-03-26 11:50:00,69372.4,69413.0,69355.9,69393.1,13.05542073
2026-03-26 11:55:00,69393.0,69393.0,69275.0,69282.0,14.50269641
2026-03-26 12:00:00,69282.0,69358.8,69232.1,69339.9,24.6919332
2026-03-26 12:05:00,69340.0,69375.9,69232.2,69373.5,16.97767346
2026-03-26 12:10:00,69373.4,69417.4,69367.0,69380.7,6.12979281
2026-03-26 12:15:00,69381.0,69405.9,69340.1,69377.0,4.64092772
2026-03-26 12:20:00,69377.8,69408.0,69362.0,69366.4,4.05832234
2026-03-26 12:25:00,69366.4,69436.2,69340.5,69431.1,11.93954147
2026-03-26 12:30:00,69431.1,69464.1,69330.4,69330.4,13.35617267
2026-03-26 12:35:00,69330.3,69380.4,69245.9,69345.1,13.57034942
2026-03-26 12:40:00,69345.0,69395.5,69300.0,69370.1,6.28998222
2026-03-26 12:45:00,69370.1,69435.9,69370.1,69400.0,6.04729986
2026-03-26 12:50:00,69400.5,69438.7,69387.0,69429.3,8.97620437
2026-03-26 12:55:00,69429.3,69467.0,69428.0,69438.3,11.16569664
2026-03-26 13:00:00,69438.4,69494.0,69420.0,69459.8,19.13153513
2026-03-26 13:05:00,69459.8,69557.1,69453.0,69507.5,16.58417612
2026-03-26 13:10:00,69507.6,69507.6,69435.5,69492.2,7.39717185
2026-03-26 13:15:00,69492.2,69535.5,69459.0,69480.1,8.44609742
2026-03-26 13:20:00,69480.1,69488.7,69436.3,69439.2,5.12522853
2026-03-26 13:25:00,69439.3,69453.0,69384.5,69410.1,12.04250262
2026-03-26 13:30:00,69410.0,69447.8,69242.8,69265.8,28.80166919
2026-03-26 13:35:00,69265.9,69507.0,69220.0,69324.0,18.6519498
2026-03-26 13:40:00,69320.0,69556.0,69276.1,69553.2,17.7454354
2026-03-26 13:45:00,69555.9,69845.0,69553.4,69650.0,96.10937882
2026-03-26 13:50:00,69652.6,69883.9,69601.3,69805.5,79.45732704
2026-03-26 13:55:00,69800.1,69826.0,69505.8,69651.0,58.91522619
2026-03-26 14:00:00,69651.1,69727.8,69613.1,69715.1,9.63033552
2026-03-26 14:05:00,69715.0,69853.2,69608.6,69650.9,66.35617308
2026-03-26 14:10:00,69651.0,69675.0,69525.1,69610.7,15.85869198
2026-03-26 14:15:00,69610.7,69688.8,69479.6,69479.6,13.09628733
2026-03-26 14:20:00,69479.5,69585.8,69414.1,69547.5,21.34100675
2026-03-26 14:25:00,69548.0,69722.8,69498.1,69615.0,9.1609506
2026-03-26 14:30:00,69615.1,69783.9,69615.1,69771.0,10.90395517
2026-03-26 14:35:00,69771.9,69771.9,69611.9,69652.7,10.29865624
2026-03-26 14:40:00,69654.9,69780.9,69496.5,69513.6,17.7000584
2026-03-26 14:45:00,69515.9,69543.9,69401.3,69438.5,21.9071456
2026-03-26 14:50:00,69438.6,69503.0,69260.2,69324.1,23.35040485
2026-03-26 14:55:00,69324.0,69565.1,69255.1,69491.8,35.10946881
2026-03-26 15:00:00,69486.4,69504.6,69339.1,69349.0,18.49142108
2026-03-26 15:05:00,69349.0,69422.7,69074.0,69180.9,81.34524536
2026-03-26 15:10:00,69181.0,69250.9,68915.0,68951.4,108.57159066
2026-03-26 15:15:00,68955.9,68999.0,68616.7,68886.1,289.61644256
2026-03-26 15:20:00,68886.1,69001.0,68865.0,69001.0,31.03304789
2026-03-26 15:25:00,69001.0,69087.0,68980.1,69034.0,21.15194429
2026-03-26 15:30:00,69031.1,69078.2,68942.2,68956.0,20.94892534
2026-03-26 15:35:00,68956.1,68992.0,68909.6,68982.8,15.09623985
2026-03-26 15:40:00,68981.7,69055.0,68924.0,68997.0,22.13136452
2026-03-26 15:45:00,68999.4,69173.4,68988.0,69105.1,23.06887073
2026-03-26 15:50:00,69105.0,69229.0,69076.0,69201.7,25.5749879
2026-03-26 15:55:00,69202.0,69203.8,69051.1,69090.0,32.02504605
2026-03-26 16:00:00,69086.3,69086.3,68952.3,69000.0,29.11163445
2026-03-26 16:05:00,69000.0,69075.0,68989.0,69012.3,9.87487055
2026-03-26 16:10:00,69012.2,69040.8,68962.1,69026.9,20.86630935
2026-03-26 16:15:00,69026.9,69076.0,68859.2,69045.3,42.3622041
2026-03-26 16:20:00,69044.1,69063.7,68929.8,69037.8,12.0920929
2026-03-26 16:25:00,69037.1,69037.1,68860.8,68888.0,26.43679982
2026-03-26 16:30:00,68888.0,68979.1,68833.3,68976.4,21.53772639
2026-03-26 16:35:00,68978.1,69012.9,68827.0,68853.4,12.84869275
2026-03-26 16:40:00,68856.4,68942.9,68829.0,68921.7,5.70182534
2026-03-26 16:45:00,68922.9,68968.1,68853.1,68913.0,6.14317707
2026-03-26 16:50:00,68912.9,68985.0,68872.0,68973.0,3.10919501
2026-03-26 16:55:00,68972.9,68981.9,68918.0,68933.1,5.24606596
2026-03-26 17:00:00,68933.2,69038.4,68904.9,69009.0,15.01561187
2026-03-26 17:05:00,69009.0,69051.0,68960.0,69011.6,7.31243529
2026-03-26 17:10:00,69011.6,69011.6,68919.5,68919.5,4.19548078
2026-03-26 17:15:00,68919.5,69018.0,68910.2,69018.0,6.4170514
2026-03-26 17:20:00,69018.9,69053.5,68959.8,68988.0,9.11017368
2026-03-26 17:25:00,68988.0,69088.8,68975.5,69088.8,10.83089629
2026-03-26 17:30:00,69089.0,69166.6,69089.0,69143.0,23.15238212
2026-03-26 17:35:00,69143.0,69163.8,69009.7,69009.8,5.67240257
2026-03-26 17:40:00,69009.7,69009.7,68936.2,68957.1,16.64894899
2026-03-26 17:45:00,68957.0,68963.7,68693.7,68717.3,85.2512762
2026-03-26 17:50:00,68717.4,68795.9,68650.3,68767.1,37.56344516
2026-03-26 17:55:00,68767.9,68777.1,68380.1,68488.1,155.41545351
2026-03-26 18:00:00,68489.0,68612.0,68379.1,68421.0,87.05617583
2026-03-26 18:05:00,68421.0,68549.5,68314.4,68484.5,55.75123973
2026-03-26 18:10:00,68484.9,68484.9,68374.5,68456.9,43.25664843
2026-03-26 18:15:00,68457.0,68457.0,68312.6,68328.5,25.32124443
2026-03-26 18:20:00,68332.9,68408.3,68200.0,68325.9,50.65427594
2026-03-26 18:25:00,68326.0,68335.5,68153.3,68203.1,44.06504013
2026-03-26 18:30:00,68203.0,68317.3,68187.0,68267.0,35.93962852
2026-03-26 18:35:00,68268.7,68338.4,68243.3,68327.6,62.28202002
2026-03-26 18:40:00,68326.9,68358.7,68286.1,68330.0,46.65273207
2026-03-26 18:45:00,68329.9,68429.9,68302.1,68422.3,21.37130106
2026-03-26 18:50:00,68422.2,68476.8,68377.8,68467.0,19.74234639
2026-03-26 18:55:00,68468.0,68495.8,68432.9,68495.8,13.77952547
2026-03-26 19:00:00,68495.8,68499.0,68393.0,68471.6,18.20214933
2026-03-26 19:05:00,68471.5,68520.0,68409.2,68506.2,7.40448054
2026-03-26 19:10:00,68506.2,68515.0,68432.0,68452.0,5.84105587
2026-03-26 19:15:00,68452.7,68519.9,68450.0,68513.1,5.19495278
2026-03-26 19:20:00,68513.0,68576.8,68500.7,68555.0,13.79740941
2026-03-26 19:25:00,68554.3,68554.3,68385.0,68438.0,11.41514331
2026-03-26 19:30:00,68438.0,68463.4,68361.1,68424.1,22.29029959
2026-03-26 19:35:00,68424.1,68658.9,68419.0,68614.0,35.68858956
2026-03-26 19:40:00,68613.9,68677.9,68613.9,68630.5,12.42352423
2026-03-26 19:45:00,68630.4,68681.6,68600.0,68657.7,14.20625339
2026-03-26 19:50:00,68657.6,68677.0,68561.1,68608.0,9.90618826
2026-03-26 19:55:00,68607.9,68653.6,68494.0,68533.0,34.52780911
2026-03-26 20:00:00,68534.9,68567.3,68424.3,68473.0,31.69168009
2026-03-26 20:05:00,68473.0,68526.0,68442.1,68515.1,5.6609028
2026-03-26 20:10:00,68518.2,69485.2,68518.2,69200.0,320.86224742
2026-03-26 20:15:00,69196.6,69287.4,69110.1,69163.0,33.15353839
2026-03-26 20:20:00,69163.1,69347.8,69072.9,69283.2,27.3146362
2026-03-26 20:25:00,69283.2,69283.3,69100.1,69175.3,29.7791359
2026-03-26 20:30:00,69175.7,69299.0,69160.1,69160.9,17.37490033
2026-03-26 20:35:00,69160.9,69256.0,69160.9,69206.6,16.672365
2026-03-26 20:40:00,69206.6,69206.6,69082.1,69164.0,14.23893284
2026-03-26 20:45:00,69164.0,69225.1,69122.0,69150.0,14.98531496
2026-03-26 20:50:00,69150.1,69150.1,68929.7,68987.9,20.6743401
2026-03-26 20:55:00,68988.0,69019.9,68932.0,69004.0,8.09702995
2026-03-26 21:00:00,69004.1,69004.1,68897.7,68927.0,7.81801076
2026-03-26 21:05:00,68926.9,68950.9,68904.0,68918.1,7.38587955
2026-03-26 21:10:00,68918.1,69010.9,68880.0,68919.0,13.30211187
2026-03-26 21:15:00,68914.9,68972.0,68884.0,68972.0,5.66571658
2026-03-26 21:20:00,68972.0,69200.0,68971.9,69152.0,16.6051156
2026-03-26 21:25:00,69152.0,69152.0,69000.0,69093.1,14.67282906
2026-03-26 21:30:00,69093.0,69135.6,69007.6,69065.7,13.07234952
2026-03-26 21:35:00,69065.9,69086.2,68986.6,69000.0,12.31782868
2026-03-26 21:40:00,69000.1,69088.1,68972.8,69031.0,11.44399178
2026-03-26 21:45:00,69031.0,69035.3,68968.1,69014.7,3.42379643
2026-03-26 21:50:00,69014.7,69014.7,68912.5,68945.5,10.18770365
2026-03-26 21:55:00,68945.5,68978.9,68906.9,68928.0,5.09484057
2026-03-26 22:00:00,68928.0,69018.9,68893.8,68935.0,6.39889123
2026-03-26 22:05:00,68934.9,69030.0,68866.6,68896.9,8.0675029
2026-03-26 22:10:00,68897.0,69029.5,68896.9,68963.3,12.85685494
2026-03-26 22:15:00,68963.4,68988.0,68914.1,68950.0,3.83570733
2026-03-26 22:20:00,68949.9,68969.0,68702.0,68765.0,32.64789664
2026-03-26 22:25:00,68764.9,68837.5,68606.1,68756.1,44.06499011
2026-03-26 22:30:00,68756.1,68831.9,68706.9,68829.0,11.49886631
2026-03-26 22:35:00,68829.0,68830.9,68781.1,68798.0,8.00465796
2026-03-26 22:40:00,68797.9,68819.7,68762.0,68799.0,4.09905577
2026-03-26 22:45:00,68799.0,68828.0,68774.5,68828.0,3.76554601
2026-03-26 22:50:00,68828.0,68856.8,68774.5,68851.4,17.02903949
2026-03-26 22:55:00,68851.4,68893.9,68832.0,68893.9,4.49305064
2026-03-26 23:00:00,68894.2,69011.2,68894.2,68957.4,17.96532126
2026-03-26 23:05:00,68957.9,68978.0,68856.0,68858.2,4.94961702
2026-03-26 23:10:00,68858.1,68869.0,68785.0,68818.0,10.80358851
2026-03-26 23:15:00,68819.0,68850.0,68794.1,68850.0,5.03952405
2026-03-26 23:20:00,68849.9,68849.9,68677.0,68708.0,15.97093863
2026-03-26 23:25:00,68708.0,68736.8,68640.0,68736.8,10.03276953
2026-03-26 23:30:00,68737.9,68737.9,68653.0,68687.0,24.22103729
2026-03-26 23:35:00,68687.9,68788.6,68687.9,68719.1,16.12617163
2026-03-26 23:40:00,68719.0,68793.3,68713.1,68755.9,12.41596563
2026-03-26 23:45:00,68756.0,68799.2,68742.0,68799.1,2.84580937
2026-03-26 23:50:00,68799.2,68850.0,68785.0,68838.0,2.42218051
2026-03-26 23:55:00,68837.9,68848.0,68805.7,68827.2,3.99342184
2026-03-27 00:00:00,68827.2,68834.9,68707.5,68790.0,32.28050002
2026-03-27 00:05:00,68790.0,68950.5,68779.1,68940.1,15.79371799
2026-03-27 00:10:00,68940.0,68970.4,68883.9,68932.1,18.75815474
2026-03-27 00:15:00,68932.0,68962.8,68869.0,68915.0,25.86710978
2026-03-27 00:20:00,68915.1,68926.6,68745.0,68819.2,4.03760045
2026-03-27 00:25:00,68819.1,68819.1,68732.9,68733.0,6.11977605
2026-03-27 00:30:00,68733.1,68768.2,68709.0,68736.9,9.42734046
2026-03-27 00:35:00,68736.8,68747.8,68534.8,68608.1,18.7858392
2026-03-27 00:40:00,68608.1,68787.9,68600.1,68721.0,11.36324322
2026-03-27 00:45:00,68718.1,68718.1,68607.7,68645.1,6.09820889
2026-03-27 00:50:00,68645.1,68776.9,68645.1,68728.9,12.28364953
2026-03-27 00:55:00,68728.9,68790.9,68728.9,68785.0,1.20471204
2026-03-27 01:00:00,68785.1,68857.5,68770.6,68775.3,8.00329327
2026-03-27 01:05:00,68775.3,68809.3,68702.1,68809.3,6.59584236
2026-03-27 01:10:00,68809.2,68887.9,68809.2,68865.7,8.04075164
2026-03-27 01:15:00,68865.8,68922.4,68836.0,68883.0,10.41141041
2026-03-27 01:20:00,68881.0,68932.9,68828.1,68928.0,10.8674024
2026-03-27 01:25:00,68928.0,68954.9,68894.9,68917.0,8.59200194
2026-03-27 01:30:00,68916.9,68942.2,68881.2,68884.0,9.30047247
2026-03-27 01:35:00,68884.0,68909.0,68846.2,68879.5,14.53955429
2026-03-27 01:40:00,68879.5,68926.7,68867.2,68906.9,5.68764975
2026-03-27 01:45:00,68907.0,68984.9,68876.0,68977.9,4.24241922
2026-03-27 01:50:00,68975.5,68979.9,68924.3,68967.1,5.32170032
2026-03-27 01:55:00,68973.2,69069.8,68973.2,69054.5,13.10415205
2026-03-27 02:00:00,69054.9,69133.8,69050.0,69111.6,17.3257179
2026-03-27 02:05:00,69111.0,69122.5,69054.1,69122.5,5.75663427
2026-03-27 02:10:00,69122.9,69185.6,69060.0,69061.8,12.41195595
2026-03-27 02:15:00,69060.0,69060.0,69000.0,69006.0,14.13445601
2026-03-27 02:20:00,69006.0,69037.8,68973.0,68998.8,15.85928589
2026-03-27 02:25:00,68998.1,69030.0,68956.1,69030.0,2.05556744
2026-03-27 02:30:00,69030.5,69081.0,69005.4,69007.3,3.53637205
2026-03-27 02:35:00,69015.9,69016.0,68941.9,68942.0,6.01849925
2026-03-27 02:40:00,68941.9,68954.2,68869.0,68926.9,19.30439429
2026-03-27 02:45:00,68927.0,68946.4,68893.5,68930.7,8.26256284
2026-03-27 02:50:00,68930.6,68984.7,68930.6,68956.0,4.41479265
2026-03-27 02:55:00,68956.0,68960.0,68880.1,68909.0,4.57058558
2026-03-27 03:00:00,68909.0,68927.0,68867.2,68867.2,3.14704407
2026-03-27 03:05:00,68867.2,68867.3,68684.0,68722.0,44.27197364
2026-03-27 03:10:00,68722.0,68793.4,68682.4,68758.1,22.05750436
2026-03-27 03:15:00,68758.1,68812.8,68754.0,68803.7,8.82470323
2026-03-27 03:20:00,68806.9,68831.0,68727.0,68758.0,2.36523539
2026-03-27 03:25:00,68758.0,68849.4,68758.0,68837.1,7.39602309
2026-03-27 03:30:00,68837.1,68868.9,68806.9,68840.0,6.41205887
2026-03-27 03:35:00,68840.1,68914.6,68826.8,68896.1,9.53626833
2026-03-27 03:40:00,68896.1,68911.0,68866.0,68871.1,3.00539408
2026-03-27 03:45:00,68872.0,68872.0,68835.7,68871.7,3.44053269
2026-03-27 03:50:00,68862.6,68865.9,68840.0,68843.9,1.65539713
2026-03-27 03:55:00,68841.0,68841.0,68769.1,68770.2,3.07398237
2026-03-27 04:00:00,68770.2,68801.3,68408.2,68546.0,91.9712071
2026-03-27 04:05:00,68546.0,68582.0,68307.0,68334.0,34.94672535
2026-03-27 04:10:00,68334.0,68411.4,68315.1,68409.5,11.13260461
2026-03-27 04:15:00,68409.5,68509.1,68395.0,68504.1,8.84919637
2026-03-27 04:20:00,68504.1,68570.0,68492.0,68492.0,10.41149978
2026-03-27 04:25:00,68492.0,68557.6,68468.1,68535.0,16.74213893
2026-03-27 04:30:00,68535.0,68605.7,68509.1,68596.0,25.13338129
2026-03-27 04:35:00,68596.0,68626.2,68589.0,68599.1,4.23235984
2026-03-27 04:40:00,68599.1,68620.0,68578.3,68586.9,6.32097067
2026-03-27 04:45:00,68587.0,68632.0,68586.9,68619.9,2.70158034
2026-03-27 04:50:00,68619.9,68628.0,68587.0,68592.6,9.3446899
2026-03-27 04:55:00,68592.5,68634.0,68565.1,68581.5,7.25969807
2026-03-27 05:00:00,68581.1,68591.5,68553.9,68576.4,17.68168772
2026-03-27 05:05:00,68576.4,68729.1,68555.2,68707.9,15.60873508
2026-03-27 05:10:00,68707.9,68819.9,68691.3,68810.9,15.50534707
2026-03-27 05:15:00,68811.0,68860.0,68785.8,68793.0,11.69693109
2026-03-27 05:20:00,68792.9,68792.9,68685.2,68689.0,11.54680455
2026-03-27 05:25:00,68687.0,68687.0,68591.4,68604.0,4.93924103
2026-03-27 05:30:00,68603.9,68622.0,68515.0,68583.1,11.95826053
2026-03-27 05:35:00,68583.0,68703.0,68577.4,68577.4,9.05295189
2026-03-27 05:40:00,68577.3,68635.5,68554.0,68605.1,4.11889326
2026-03-27 05:45:00,68605.0,68626.0,68583.0,68595.3,3.53206847
2026-03-27 05:50:00,68595.3,68619.1,68565.0,68604.1,9.16582603
2026-03-27 05:55:00,68604.1,68635.6,68601.1,68625.1,7.09369889
2026-03-27 06:00:00,68625.1,68646.9,68607.0,68611.9,2.25448983
2026-03-27 06:05:00,68610.1,68713.0,68570.6,68713.0,8.31663528
2026-03-27 06:10:00,68712.9,68758.6,68684.0,68754.9,6.37744633
2026-03-27 06:15:00,68755.9,68769.6,68717.0,68766.0,3.91559625
2026-03-27 06:20:00,68766.1,68803.3,68731.0,68802.0,3.57776608
2026-03-27 06:25:00,68801.9,68851.7,68751.5,68797.0,16.68918223
2026-03-27 06:30:00,68797.0,68835.4,68746.0,68797.1,8.43857669
2026-03-27 06:35:00,68798.9,68812.0,68744.9,68745.0,4.77776758
2026-03-27 06:40:00,68745.0,68772.0,68740.0,68742.1,5.95869237
2026-03-27 06:45:00,68742.0,68742.0,68651.7,68706.1,6.54202113
2026-03-27 06:50:00,68707.8,68744.1,68694.1,68713.4,12.19311172
2026-03-27 06:55:00,68713.3,68714.9,68644.0,68661.0,6.92452614
2026-03-27 07:00:00,68661.1,68692.8,68661.1,68688.0,1.6328359
2026-03-27 07:05:00,68687.9,68699.8,68610.0,68619.0,3.58695722
2026-03-27 07:10:00,68619.1,68915.0,68619.0,68861.1,25.84337218
2026-03-27 07:15:00,68861.7,68941.3,68810.1,68921.4,14.93507029
2026-03-27 07:20:00,68921.4,68964.0,68883.0,68883.0,10.51275547
2026-03-27 07:25:00,68883.0,68946.9,68882.1,68929.0,7.00877789
2026-03-27 07:30:00,68929.1,68948.9,68749.9,68762.2,49.4036979
2026-03-27 07:35:00,68761.3,68761.3,68653.4,68657.0,51.4910603
2026-03-27 07:40:00,68656.9,68660.3,68542.2,68590.1,75.10553646
2026-03-27 07:45:00,68590.0,68621.9,68534.6,68591.8,73.39098181
2026-03-27 07:50:00,68588.4,68633.9,68546.6,68600.0,69.9392032
2026-03-27 07:55:00,68600.1,68600.1,68446.2,68529.1,91.01094691
2026-03-27 08:00:00,68534.3,68626.8,68475.3,68591.1,31.92331205
2026-03-27 08:05:00,68589.0,68589.0,68478.0,68490.5,16.58766416
2026-03-27 08:10:00,68490.4,68506.8,68457.2,68467.9,7.45074521
2026-03-27 08:15:00,68467.9,68516.8,68375.1,68375.2,20.79279498
2026-03-27 08:20:00,68375.1,68415.8,68323.8,68375.2,33.15356701
2026-03-27 08:25:00,68375.3,68396.9,68228.1,68239.0,31.49423871
2026-03-27 08:30:00,68239.0,68305.6,68209.7,68230.6,12.64347363
2026-03-27 08:35:00,68230.6,68237.2,67614.1,67686.8,295.85152544
2026-03-27 08:40:00,67682.6,67837.0,67622.0,67827.4,62.10637458
2026-03-27 08:45:00,67825.1,67882.9,67768.8,67849.0,27.11518776
2026-03-27 08:50:00,67848.9,68060.0,67842.4,67972.1,67.24017746
2026-03-27 08:55:00,67972.1,67981.0,67911.5,67918.1,23.453892
2026-03-27 09:00:00,67917.2,67944.0,67800.1,67824.8,31.33953036
2026-03-27 09:05:00,67824.8,67824.8,67676.2,67682.8,21.10695548
2026-03-27 09:10:00,67682.0,67796.0,67552.1,67750.2,58.88285109
2026-03-27 09:15:00,67753.0,67869.1,67751.0,67849.1,16.4261643
2026-03-27 09:20:00,67849.0,67897.0,67838.1,67863.0,26.37009727
2026-03-27 09:25:00,67863.0,67950.7,67863.0,67950.1,18.52961564
2026-03-27 09:30:00,67950.1,67950.1,67783.1,67793.4,31.14259433
2026-03-27 09:35:00,67793.4,67829.4,67746.0,67797.6,11.10945356
2026-03-27 09:40:00,67799.0,67804.9,67705.5,67723.2,11.64865275
2026-03-27 09:45:00,67723.1,67848.9,67723.1,67826.0,12.37330649
2026-03-27 09:50:00,67826.0,67882.2,67798.1,67844.6,18.70825634
2026-03-27 09:55:00,67844.5,67855.3,67680.0,67692.1,30.88149627
2026-03-27 10:00:00,67692.2,67769.9,67592.5,67677.9,57.27642815
2026-03-27 10:05:00,67677.9,67747.0,67636.3,67715.3,30.6640719
2026-03-27 10:10:00,67715.2,67729.9,67650.6,67666.7,11.16360193
2026-03-27 10:15:00,67666.8,67744.1,67655.8,67693.9,9.71089051
2026-03-27 10:20:00,67694.0,67779.2,67687.1,67733.1,45.74186079
2026-03-27 10:25:00,67733.1,67781.0,67688.0,67769.0,14.764143
2026-03-27 10:30:00,67769.0,67778.0,67683.0,67694.5,7.57960053
2026-03-27 10:35:00,67693.0,67693.1,66838.8,66988.0,553.37039174
2026-03-27 10:40:00,66986.1,67052.8,66805.5,66896.1,132.88206137
2026-03-27 10:45:00,66896.1,66945.1,66792.3,66819.1,62.14038267
2026-03-27 10:50:00,66819.9,66938.1,66563.7,66643.0,152.8141761
2026-03-27 10:55:00,66643.0,66643.0,66300.1,66499.2,247.76994115
2026-03-27 11:00:00,66499.3,66551.1,66229.4,66454.0,138.3358846
2026-03-27 11:05:00,66454.0,66531.2,66408.1,66408.1,50.15705278
2026-03-27 11:10:00,66408.1,66630.7,66408.1,66620.0,47.1206961
2026-03-27 11:15:00,66620.1,66737.6,66597.8,66700.1,81.31579908
2026-03-27 11:20:00,66700.1,66740.5,66641.8,66641.9,32.44175313
2026-03-27 11:25:00,66641.9,66739.3,66619.5,66720.0,19.67741416
2026-03-27 11:30:00,66720.0,66751.8,66658.4,66702.7,17.98782082
2026-03-27 11:35:00,66702.6,66737.2,66654.0,66715.2,53.30956218
2026-03-27 11:40:00,66715.1,66780.0,66702.1,66765.1,15.05337316
2026-03-27 11:45:00,66765.2,66851.0,66730.1,66793.2,30.55530726
2026-03-27 11:50:00,66793.1,66809.9,66678.0,66749.9,22.65712214
2026-03-27 11:55:00,66749.9,66761.0,66680.7,66707.9,20.82698198
2026-03-27 12:00:00,66707.9,66749.4,66641.9,66644.1,26.17948423
2026-03-27 12:05:00,66644.1,66776.0,66628.1,66695.3,47.85229486
2026-03-27 12:10:00,66695.0,66728.4,66609.7,66644.0,23.64237339
2026-03-27 12:15:00,66644.0,66728.6,66610.1,66661.0,28.51758005
2026-03-27 12:20:00,66661.1,66671.0,66576.1,66602.5,22.7597102
2026-03-27 12:25:00,66602.6,66622.9,66525.1,66539.1,33.06627532
2026-03-27 12:30:00,66539.0,66608.1,66455.0,66466.1,60.18590849
2026-03-27 12:35:00,66466.1,66639.0,66428.9,66595.9,64.01478724
2026-03-27 12:40:00,66595.8,66622.6,66554.0,66622.6,13.50216804
2026-03-27 12:45:00,66623.5,66685.9,66482.0,66482.1,37.01981821
2026-03-27 12:50:00,66482.1,66609.5,66475.1,66602.6,19.027124
2026-03-27 12:55:00,66602.6,66630.0,66574.3,66610.1,32.24535666
2026-03-27 13:00:00,66610.1,66724.0,66610.1,66666.0,57.01795288
2026-03-27 13:05:00,66665.9,66666.0,66526.0,66557.0,35.85758653
2026-03-27 13:10:00,66557.0,66564.9,66511.1,66526.9,20.3235709
2026-03-27 13:15:00,66527.0,66564.0,66479.3,66544.0,22.97839008
2026-03-27 13:20:00,66544.0,66670.0,66544.0,66646.1,26.41584732
2026-03-27 13:25:00,66646.0,66716.9,66637.1,66688.7,36.18526795
2026-03-27 13:30:00,66688.7,66730.3,66335.0,66335.9,159.00671434
2026-03-27 13:35:00,66335.9,66470.0,66130.2,66435.1,252.67746392
2026-03-27 13:40:00,66435.0,66648.0,66414.3,66490.1,257.02554651
2026-03-27 13:45:00,66490.1,66550.0,66393.7,66399.0,119.96872565
2026-03-27 13:50:00,66399.0,66402.0,66208.0,66218.6,125.55916621
2026-03-27 13:55:00,66218.5,66218.5,66000.0,66169.1,249.36797867
2026-03-27 14:00:00,66169.0,66294.4,66070.0,66288.0,102.95757722
2026-03-27 14:05:00,66288.0,66366.7,66254.0,66303.3,47.83898965
2026-03-27 14:10:00,66303.2,66392.3,66180.0,66340.7,52.96499043
2026-03-27 14:15:00,66340.5,66360.8,66080.3,66112.0,44.72180477
2026-03-27 14:20:00,66112.0,66118.9,65800.0,65913.0,252.42434699
2026-03-27 14:25:00,65913.0,65961.1,65714.2,65730.0,107.83925501
2026-03-27 14:30:00,65730.0,65909.0,65723.1,65882.6,36.52787484
2026-03-27 14:35:00,65882.6,65998.3,65760.4,65806.1,56.30762989
2026-03-27 14:40:00,65806.0,65910.0,65778.1,65894.9,27.48964639
2026-03-27 14:45:00,65894.9,65957.0,65774.1,65956.9,25.10622672
2026-03-27 14:50:00,65956.9,66099.2,65939.4,65977.0,37.76200612
2026-03-27 14:55:00,65977.0,66244.8,65977.0,66189.9,54.76359067
2026-03-27 15:00:00,66190.0,66265.3,66182.1,66226.1,62.66442402
2026-03-27 15:05:00,66226.1,66274.9,66080.6,66225.8,76.79538656
2026-03-27 15:10:00,66225.9,66286.0,66187.6,66231.1,53.80894564
2026-03-27 15:15:00,66231.1,66284.1,66086.1,66086.2,135.05937344
2026-03-27 15:20:00,66086.2,66460.7,65962.6,66197.4,96.91051346
2026-03-27 15:25:00,66197.5,66333.2,66113.1,66325.9,71.68940832
2026-03-27 15:30:00,66325.9,66523.3,66281.0,66514.9,126.0169072
2026-03-27 15:35:00,66515.1,66631.4,66432.8,66467.0,89.76667971
2026-03-27 15:40:00,66466.9,66468.9,66326.2,66391.1,57.81358088
2026-03-27 15:45:00,66391.3,66462.7,66292.8,66340.0,62.31356505
2026-03-27 15:50:00,66340.0,66385.1,66180.0,66209.1,49.92268489
2026-03-27 15:55:00,66209.0,66209.0,66088.0,66102.0,80.95185841
2026-03-27 16:00:00,66102.0,66110.0,65923.1,65948.1,50.61933289
2026-03-27 16:05:00,65948.1,65966.0,65799.1,65832.1,67.14862592
2026-03-27 16:10:00,65832.1,66000.0,65832.1,65971.1,35.2955049
2026-03-27 16:15:00,65971.1,65982.0,65832.0,65968.9,38.57678651
2026-03-27 16:20:00,65968.9,66099.8,65850.1,65854.0,30.32293009
2026-03-27 16:25:00,65855.9,65994.4,65812.1,65959.0,51.22381781
2026-03-27 16:30:00,65958.9,65961.9,65892.0,65948.1,14.29506175
2026-03-27 16:35:00,65948.0,65985.0,65815.1,65854.3,25.31275335
2026-03-27 16:40:00,65854.2,66032.6,65815.0,66017.2,22.2228289
2026-03-27 16:45:00,66017.1,66185.1,65976.4,66053.1,65.89088593
2026-03-27 16:50:00,66053.0,66053.0,65848.4,65952.2,13.91764025
2026-03-27 16:55:00,65952.1,66013.8,65915.1,65980.1,9.06492936
2026-03-27 17:00:00,65980.0,66051.0,65937.1,66034.9,8.37851141
2026-03-27 17:05:00,66034.9,66297.2,66007.1,66173.8,60.06906849
2026-03-27 17:10:00,66173.7,66219.9,66146.7,66210.1,10.30578047
2026-03-27 17:15:00,66212.0,66280.9,66102.3,66122.9,15.82828354
2026-03-27 17:20:00,66122.9,66122.9,65905.1,65953.0,38.05140097
2026-03-27 17:25:00,65953.0,65955.0,65870.0,65870.1,17.33854852
2026-03-27 17:30:00,65870.0,65930.7,65768.6,65902.2,27.49125063
2026-03-27 17:35:00,65902.1,65931.2,65809.0,65871.8,6.25062635
2026-03-27 17:40:00,65871.8,65925.3,65576.4,65632.1,62.94993131
2026-03-27 17:45:00,65632.0,65744.9,65600.6,65656.9,18.7134337
2026-03-27 17:50:00,65656.8,65741.8,65613.0,65684.0,20.42256242
2026-03-27 17:55:00,65683.9,65718.0,65623.7,65635.3,42.87822625
2026-03-27 18:00:00,65635.3,65764.2,65633.1,65678.5,9.28824943
2026-03-27 18:05:00,65681.9,65793.9,65681.9,65707.0,24.76373697
2026-03-27 18:10:00,65707.1,65763.0,65600.0,65627.0,19.69089798
2026-03-27 18:15:00,65627.0,65835.6,65617.6,65803.1,13.34842646
2026-03-27 18:20:00,65803.1,65860.0,65559.6,65607.2,22.33163776
2026-03-27 18:25:00,65607.1,65788.0,65586.0,65765.1,21.88219923
2026-03-27 18:30:00,65765.1,65874.2,65733.0,65840.1,33.82256562
2026-03-27 18:35:00,65840.1,65870.6,65784.0,65832.5,5.53248875
2026-03-27 18:40:00,65830.3,65881.4,65730.4,65805.2,19.23498474
2026-03-27 18:45:00,65805.2,65904.4,65799.7,65895.9,10.01963921
2026-03-27 18:50:00,65895.9,65957.0,65818.5,65847.1,51.1025366
2026-03-27 18:55:00,65847.0,65885.4,65805.9,65840.0,22.31878616
2026-03-27 19:00:00,65840.1,65854.9,65758.1,65769.0,14.82950959
2026-03-27 19:05:00,65769.0,65813.6,65694.1,65808.3,24.27659321
2026-03-27 19:10:00,65799.9,65803.0,65732.1,65780.0,16.90468747
2026-03-27 19:15:00,65779.9,65932.6,65732.9,65918.7,28.21082461
2026-03-27 19:20:00,65918.7,65937.0,65845.8,65883.0,33.75161551
2026-03-27 19:25:00,65883.0,65944.9,65851.9,65926.0,17.32108648
2026-03-27 19:30:00,65926.0,66035.0,65926.0,66002.0,20.21404012
2026-03-27 19:35:00,66002.0,66030.0,65947.0,65990.1,13.59272507
2026-03-27 19:40:00,65990.0,65999.7,65869.0,65933.9,22.3883342
2026-03-27 19:45:00,65933.9,65978.2,65880.0,65978.2,23.21424495
2026-03-27 19:50:00,65978.2,66001.0,65882.1,65960.9,21.74579713
2026-03-27 19:55:00,65961.0,66153.7,65961.0,66033.6,167.03275572
2026-03-27 20:00:00,66033.6,66157.7,66009.9,66074.8,31.1576741
2026-03-27 20:05:00,66074.9,66137.6,66009.5,66029.1,30.17818282
2026-03-27 20:10:00,66029.0,66058.0,66000.0,66001.1,25.44402222
2026-03-27 20:15:00,66001.1,66088.2,65992.4,66063.6,12.00889343
2026-03-27 20:20:00,66063.6,66071.2,65997.1,66014.1,9.12800691
2026-03-27 20:25:00,66014.0,66014.8,65815.3,65898.2,23.08053576
2026-03-27 20:30:00,65898.1,65898.1,65825.6,65860.1,6.69576964
2026-03-27 20:35:00,65860.0,65950.4,65839.0,65950.2,6.89931021
2026-03-27 20:40:00,65950.2,65955.0,65887.4,65895.0,5.56289496
2026-03-27 20:45:00,65895.0,66036.3,65884.0,66013.0,27.49801132
2026-03-27 20:50:00,66011.5,66089.6,66001.1,66089.6,9.29559771
2026-03-27 20:55:00,66090.0,66098.9,66013.1,66022.4,10.35616541
2026-03-27 21:00:00,66022.9,66112.0,66015.4,66105.9,3.46805428
2026-03-27 21:05:00,66105.8,66115.6,66087.1,66102.5,2.5783731
2026-03-27 21:10:00,66102.4,66188.2,66070.0,66150.0,37.29096407
2026-03-27 21:15:00,66150.0,66171.5,66110.0,66149.1,15.55436254
2026-03-27 21:20:00,66149.7,66162.0,66131.0,66145.0,1.89644688
2026-03-27 21:25:00,66145.1,66173.0,66145.1,66153.0,2.62382347
2026-03-27 21:30:00,66153.0,66177.6,66144.0,66145.2,13.84962765
2026-03-27 21:35:00,66145.2,66145.2,66041.1,66069.9,5.3032687
2026-03-27 21:40:00,66069.9,66137.8,66041.1,66124.7,5.21607595
2026-03-27 21:45:00,66132.1,66138.7,66093.5,66093.5,4.17031981
2026-03-27 21:50:00,66093.6,66119.3,66056.5,66087.4,1.46705001
2026-03-27 21:55:00,66091.9,66104.1,66029.8,66083.6,10.4761046
2026-03-27 22:00:00,66084.7,66095.9,66035.6,66036.1,3.83113149
2026-03-27 22:05:00,66036.0,66041.4,65954.0,66009.0,5.24362912
2026-03-27 22:10:00,66009.0,66046.5,65974.0,66009.8,9.65672008
2026-03-27 22:15:00,66009.7,66027.0,65981.6,66011.6,15.74256739
2026-03-27 22:20:00,66016.1,66024.9,66000.1,66011.9,1.78555045
2026-03-27 22:25:00,66012.3,66021.1,65940.0,66018.8,10.68343444
2026-03-27 22:30:00,66018.0,66059.5,65994.0,66014.2,9.37239144
2026-03-27 22:35:00,66014.3,66024.6,65919.1,65930.0,3.8209264
2026-03-27 22:40:00,65929.9,66045.0,65929.9,66045.0,3.33447566
2026-03-27 22:45:00,66044.9,66066.8,66032.9,66059.1,2.83692232
2026-03-27 22:50:00,66059.0,66079.0,66027.0,66031.9,2.10057609
2026-03-27 22:55:00,66032.0,66080.4,66020.0,66028.0,4.42133724
2026-03-27 23:00:00,66028.0,66045.3,66000.0,66017.4,3.24884855
2026-03-27 23:05:00,66018.0,66053.5,65972.1,65996.0,4.84186245
2026-03-27 23:10:00,65996.0,66099.7,65996.0,66098.4,2.28735759
2026-03-27 23:15:00,66098.4,66107.8,66068.1,66103.1,4.18246318
2026-03-27 23:20:00,66103.1,66220.0,66103.0,66220.0,7.41487736
2026-03-27 23:25:00,66220.0,66220.0,66179.1,66191.3,4.08029337
2026-03-27 23:30:00,66190.8,66204.0,66167.8,66188.1,7.5191033
2026-03-27 23:35:00,66188.1,66244.7,66180.0,66243.9,7.48741782
2026-03-27 23:40:00,66244.0,66290.6,66209.0,66290.1,10.01869437
2026-03-27 23:45:00,66290.6,66380.3,66290.6,66377.9,15.30873848
2026-03-27 23:50:00,66377.9,66382.9,66322.3,66382.1,13.79944422
2026-03-27 23:55:00,66382.1,66420.0,66349.8,66403.9,11.65000914
2026-03-28 00:00:00,66403.9,66457.9,66351.8,66457.9,29.27097313
2026-03-28 00:05:00,66457.9,66474.9,66361.0,66361.1,14.19489011
2026-03-28 00:10:00,66361.1,66371.0,66294.7,66307.0,9.57294294
2026-03-28 00:15:00,66308.0,66398.6,66308.0,66333.7,6.3033352
2026-03-28 00:20:00,66333.7,66369.0,66333.6,66369.0,1.66082644
2026-03-28 00:25:00,66369.0,66379.8,66339.0,66375.1,17.19160524
2026-03-28 00:30:00,66375.2,66500.0,66375.2,66431.1,12.50549744
2026-03-28 00:35:00,66431.1,66525.5,66431.1,66482.9,16.0030953
2026-03-28 00:40:00,66483.0,66497.7,66422.1,66495.0,13.66127303
2026-03-28 00:45:00,66494.9,66496.9,66446.0,66446.0,6.95459288
2026-03-28 00:50:00,66446.0,66454.1,66415.0,66438.8,11.22399711
2026-03-28 00:55:00,66439.0,66496.0,66423.1,66433.1,9.49238209
2026-03-28 01:00:00,66433.1,66433.9,66342.2,66372.3,10.8961869
2026-03-28 01:05:00,66372.3,66408.5,66300.0,66309.1,7.78296926
2026-03-28 01:10:00,66309.2,66317.9,66115.6,66154.1,42.03601578
2026-03-28 01:15:00,66154.8,66260.6,66154.1,66257.0,11.27379211
2026-03-28 01:20:00,66257.0,66288.0,66246.1,66287.0,5.67189364
2026-03-28 01:25:00,66286.9,66286.9,66208.3,66226.0,6.16970429
2026-03-28 01:30:00,66226.1,66291.0,66213.8,66230.1,15.85512554
2026-03-28 01:35:00,66230.0,66230.0,66062.3,66093.0,14.91749821
2026-03-28 01:40:00,66093.0,66181.6,66086.0,66142.0,6.04553377
2026-03-28 01:45:00,66141.9,66195.1,66134.6,66165.7,4.57981686
2026-03-28 01:50:00,66166.4,66191.2,66121.1,66174.1,6.98681669
2026-03-28 01:55:00,66174.1,66187.6,66104.6,66181.7,30.40367483
2026-03-28 02:00:00,66181.7,66251.4,66160.0,66242.5,9.52082856
2026-03-28 02:05:00,66242.5,66249.6,66169.0,66227.1,14.18714919
2026-03-28 02:10:00,66227.1,66244.0,66201.8,66201.9,5.05802967
2026-03-28 02:15:00,66201.9,66230.0,66049.4,66056.0,13.1509486
2026-03-28 02:20:00,66055.9,66092.1,66043.6,66092.1,3.618729
2026-03-28 02:25:00,66092.0,66092.1,66021.7,66052.0,5.69585406
2026-03-28 02:30:00,66052.1,66078.0,65933.2,66000.6,21.26680812
2026-03-28 02:35:00,66000.5,66041.0,65964.0,65997.9,14.43878941
2026-03-28 02:40:00,65997.9,66038.1,65990.8,66038.0,3.23113522
2026-03-28 02:45:00,66038.0,66038.1,65976.6,66023.6,6.88565111
2026-03-28 02:50:00,66023.6,66073.0,66023.6,66032.4,9.00466859
2026-03-28 02:55:00,66029.6,66056.2,66029.3,66055.0,4.15297396
2026-03-28 03:00:00,66055.0,66124.0,66055.0,66091.9,7.03129506
2026-03-28 03:05:00,66091.9,66171.4,66091.9,66128.0,16.41463872
2026-03-28 03:10:00,66128.0,66153.0,66109.5,66127.9,15.65849998
2026-03-28 03:15:00,66128.0,66171.0,66128.0,66170.0,5.67835114
2026-03-28 03:20:00,66170.0,66189.0,66164.0,66176.9,3.50257464
2026-03-28 03:25:00,66177.0,66198.9,66147.0,66172.9,10.12963605
2026-03-28 03:30:00,66172.9,66176.2,66146.1,66169.0,4.55346369
2026-03-28 03:35:00,66168.9,66246.0,66161.0,66166.6,12.38864065
2026-03-28 03:40:00,66166.7,66243.0,66166.7,66235.1,5.10173045
2026-03-28 03:45:00,66235.0,66249.3,66185.0,66237.1,13.13587646
2026-03-28 03:50:00,66237.1,66237.1,66186.0,66201.0,4.9782479
2026-03-28 03:55:00,66201.1,66235.4,66201.0,66235.3,7.83356425
2026-03-28 04:00:00,66235.3,66237.0,66161.3,66228.9,11.3343631
2026-03-28 04:05:00,66229.0,66229.0,66128.9,66131.9,6.50069211
2026-03-28 04:10:00,66132.0,66145.9,66110.4,66122.1,4.05816868
2026-03-28 04:15:00,66123.0,66276.1,66123.0,66261.1,15.03548825
2026-03-28 04:20:00,66261.1,66305.3,66261.1,66268.1,35.57913244
2026-03-28 04:25:00,66268.1,66272.9,66241.0,66271.3,3.22566906
2026-03-28 04:30:00,66272.0,66296.0,66272.0,66286.4,1.92800042
2026-03-28 04:35:00,66286.3,66290.0,66261.0,66283.4,5.9059726
2026-03-28 04:40:00,66283.5,66292.0,66251.0,66284.0,10.48294351
2026-03-28 04:45:00,66285.4,66303.0,66274.1,66274.2,0.95503193
2026-03-28 04:50:00,66274.2,66293.0,66265.7,66276.0,4.47173544
2026-03-28 04:55:00,66275.9,66280.4,66230.7,66280.3,10.4538047
2026-03-28 05:00:00,66280.3,66300.8,66236.0,66236.1,2.45662213
2026-03-28 05:05:00,66236.1,66260.5,66230.3,66237.0,8.00888932
2026-03-28 05:10:00,66236.9,66253.0,66202.1,66253.0,5.9400355
2026-03-28 05:15:00,66253.0,66270.6,66226.9,66226.9,8.58580808
2026-03-28 05:20:00,66227.0,66392.3,66226.9,66365.1,11.3755942
2026-03-28 05:25:00,66365.0,66365.0,66319.9,66346.1,3.62694418
2026-03-28 05:30:00,66346.1,66369.3,66332.2,66364.2,1.58537061
2026-03-28 05:35:00,66364.0,66364.0,66316.0,66322.1,1.66123139
2026-03-28 05:40:00,66322.1,66336.8,66288.0,66336.8,7.41056286
2026-03-28 05:45:00,66336.7,66366.3,66322.4,66330.1,8.00534129
2026-03-28 05:50:00,66330.1,66368.9,66322.6,66348.0,8.11407644
2026-03-28 05:55:00,66348.1,66365.0,66332.7,66348.3,5.95205506
2026-03-28 06:00:00,66348.3,66409.6,66308.0,66325.0,14.66793938
2026-03-28 06:05:00,66325.0,66406.3,66325.0,66353.1,2.83637696
2026-03-28 06:10:00,66353.1,66368.0,66326.6,66367.9,1.91576965
2026-03-28 06:15:00,66368.0,66498.1,66363.0,66486.0,14.61222687
2026-03-28 06:20:00,66486.0,66486.0,66420.1,66479.2,12.23996583
2026-03-28 06:25:00,66479.2,66495.5,66426.1,66467.3,27.05403573
2026-03-28 06:30:00,66467.3,66486.2,66443.0,66456.5,35.05121159
2026-03-28 06:35:00,66456.5,66456.8,66430.0,66448.0,53.77163487
2026-03-28 06:40:00,66448.0,66461.9,66436.1,66436.1,49.90646584
2026-03-28 06:45:00,66436.1,66460.6,66363.1,66374.2,45.70357806
2026-03-28 06:50:00,66374.1,66403.0,66369.0,66392.7,8.38275297
2026-03-28 06:55:00,66392.7,66426.0,66388.0,66392.7,16.02686738
2026-03-28 07:00:00,66392.7,66436.0,66392.7,66407.0,5.85914825
2026-03-28 07:05:00,66406.9,66432.0,66385.0,66432.0,3.04789296
2026-03-28 07:10:00,66431.9,66465.2,66417.5,66444.1,6.76304397
2026-03-28 07:15:00,66444.1,66487.0,66418.2,66476.9,9.39970703
2026-03-28 07:20:00,66476.9,66480.9,66466.1,66474.1,6.09999189
2026-03-28 07:25:00,66474.0,66474.1,66450.0,66470.1,7.27972106
2026-03-28 07:30:00,66470.0,66470.0,66441.0,66452.1,29.78538736
2026-03-28 07:35:00,66452.0,66465.9,66439.0,66447.1,34.00194112
2026-03-28 07:40:00,66447.0,66475.9,66443.3,66458.0,85.18800981
2026-03-28 07:45:00,66458.0,66494.9,66452.0,66494.9,28.97010559
2026-03-28 07:50:00,66494.9,66509.8,66482.0,66508.9,43.79830999
2026-03-28 07:55:00,66509.0,66576.9,66505.0,66570.1,37.45904303
2026-03-28 08:00:00,66570.2,66571.9,66495.0,66556.6,19.16037564
2026-03-28 08:05:00,66556.7,66566.9,66495.8,66502.0,17.09775444
2026-03-28 08:10:00,66501.9,66524.6,66482.9,66501.1,11.42132186
2026-03-28 08:15:00,66501.1,66542.6,66501.1,66524.1,6.37425154
2026-03-28 08:20:00,66524.1,66549.9,66523.0,66548.1,2.88719469
2026-03-28 08:25:00,66548.1,66567.3,66535.1,66557.0,6.26667613
2026-03-28 08:30:00,66557.0,66564.9,66511.3,66512.1,9.81100048
2026-03-28 08:35:00,66512.1,66524.7,66469.0,66469.1,12.68084643
2026-03-28 08:40:00,66469.0,66486.0,66432.5,66432.5,15.36662242
2026-03-28 08:45:00,66432.5,66480.1,66429.8,66462.1,14.33867834
2026-03-28 08:50:00,66462.1,66462.1,66410.3,66411.0,40.29690685
2026-03-28 08:55:00,66411.0,66415.1,66400.9,66412.4,8.83793242
2026-03-28 09:00:00,66415.0,66415.0,66340.1,66371.2,24.91367022
2026-03-28 09:05:00,66371.2,66382.0,66312.6,66371.4,10.93693859
2026-03-28 09:10:00,66371.4,66382.0,66349.9,66356.1,2.75362776
2026-03-28 09:15:00,66356.1,66362.0,66292.5,66360.0,23.61798384
2026-03-28 09:20:00,66360.1,66401.6,66359.3,66359.3,6.94107033
2026-03-28 09:25:00,66359.3,66378.6,66354.0,66361.6,6.01956063
2026-03-28 09:30:00,66359.1,66366.8,66285.1,66291.0,6.02291304
2026-03-28 09:35:00,66291.1,66311.3,66270.0,66270.0,4.10035448
2026-03-28 09:40:00,66270.1,66320.5,66262.0,66262.1,6.64985939
2026-03-28 09:45:00,66262.1,66294.8,66262.0,66262.0,4.21907058
2026-03-28 09:50:00,66262.0,66296.4,66250.0,66296.3,4.03544711
2026-03-28 09:55:00,66296.4,66322.6,66296.3,66310.9,2.40747157
2026-03-28 10:00:00,66310.9,66383.7,66293.2,66383.7,5.02699651
2026-03-28 10:05:00,66383.7,66415.2,66378.0,66378.1,4.63542085
2026-03-28 10:10:00,66378.1,66378.1,66318.0,66325.0,3.34115299
2026-03-28 10:15:00,66325.0,66348.0,66290.2,66298.0,2.6419389
2026-03-28 10:20:00,66298.0,66300.0,66224.0,66257.0,8.27533521
2026-03-28 10:25:00,66257.1,66260.0,66142.6,66172.0,34.17252405
2026-03-28 10:30:00,66171.9,66235.3,66141.3,66200.1,9.05802783
2026-03-28 10:35:00,66200.1,66215.2,66130.1,66142.4,6.85565446
2026-03-28 10:40:00,66142.4,66199.9,66142.3,66194.0,3.94702756
2026-03-28 10:45:00,66194.0,66208.5,66180.0,66180.1,1.99645448
2026-03-28 10:50:00,66180.1,66213.7,66180.1,66213.1,2.71596741
2026-03-28 10:55:00,66213.1,66251.7,66200.0,66223.1,5.69143189
2026-03-28 11:00:00,66223.1,66233.7,66206.8,66233.6,7.06907939
2026-03-28 11:05:00,66233.7,66301.1,66233.0,66251.4,7.17043774
2026-03-28 11:10:00,66251.4,66264.0,66212.7,66264.0,6.31155734
2026-03-28 11:15:00,66263.9,66269.0,66241.0,66241.0,3.29908658
2026-03-28 11:20:00,66241.1,66290.0,66241.0,66290.0,5.45018165
2026-03-28 11:25:00,66290.0,66323.0,66289.1,66323.0,2.75755823
2026-03-28 11:30:00,66322.9,66330.0,66310.0,66330.0,1.2834722
2026-03-28 11:35:00,66330.0,66340.7,66310.0,66340.7,14.15336837
2026-03-28 11:40:00,66340.7,66340.7,66313.7,66329.3,5.08922695
2026-03-28 11:45:00,66329.4,66357.7,66310.0,66313.9,16.53318742
2026-03-28 11:50:00,66314.2,66357.7,66314.2,66342.6,8.25251016
2026-03-28 11:55:00,66342.5,66357.7,66327.5,66327.6,2.39516844
2026-03-28 12:00:00,66327.6,66352.9,66300.0,66300.0,4.48780192
2026-03-28 12:05:00,66300.0,66339.6,66239.1,66339.6,5.47059791
2026-03-28 12:10:00,66339.6,66412.0,66336.4,66408.1,8.45257983
2026-03-28 12:15:00,66408.1,66525.0,66408.1,66497.0,32.43575734
2026-03-28 12:20:00,66497.0,66504.8,66437.1,66449.8,5.92863299
2026-03-28 12:25:00,66449.8,66451.8,66431.7,66443.0,5.09523213
2026-03-28 12:30:00,66442.9,66442.9,66370.1,66383.1,9.2978658
2026-03-28 12:35:00,66383.1,66400.0,66291.2,66350.1,9.86226745
2026-03-28 12:40:00,66350.1,66374.0,66345.0,66369.1,2.1115823
2026-03-28 12:45:00,66369.1,66397.9,66353.1,66397.1,3.60924221
2026-03-28 12:50:00,66397.0,66464.6,66392.0,66439.1,10.80627833
2026-03-28 12:55:00,66439.1,66465.0,66430.2,66454.3,4.93366853
2026-03-28 13:00:00,66454.3,66486.0,66454.3,66475.0,3.58482956
2026-03-28 13:05:00,66475.0,66488.0,66435.2,66480.5,4.15533453
2026-03-28 13:10:00,66480.4,66515.8,66480.4,66482.1,4.91156267
2026-03-28 13:15:00,66482.1,66497.0,66468.2,66473.1,2.86431091
2026-03-28 13:20:00,66473.1,66500.0,66443.3,66446.1,4.54624205
2026-03-28 13:25:00,66446.2,66475.3,66400.2,66467.6,14.82391735
2026-03-28 13:30:00,66467.6,66662.8,66458.0,66619.1,53.22102479
2026-03-28 13:35:00,66619.1,66726.1,66610.0,66666.7,31.55815045
2026-03-28 13:40:00,66666.7,67169.0,66666.7,66937.9,206.45063083
2026-03-28 13:45:00,66937.9,67016.3,66846.5,66846.5,29.17648234
2026-03-28 13:50:00,66846.5,66886.0,66785.0,66867.8,14.46824212
2026-03-28 13:55:00,66867.7,66867.7,66772.8,66849.3,18.62184023
2026-03-28 14:00:00,66849.3,66859.3,66740.0,66794.8,10.83326849
2026-03-28 14:05:00,66794.8,66923.3,66790.0,66812.1,17.71325572
2026-03-28 14:10:00,66814.4,66845.0,66763.0,66786.0,4.42735178
2026-03-28 14:15:00,66785.9,66818.9,66722.2,66818.9,23.83185763
2026-03-28 14:20:00,66818.9,66857.2,66808.0,66845.1,8.06772797
2026-03-28 14:25:00,66845.1,66845.1,66808.0,66821.3,3.99847996
2026-03-28 14:30:00,66820.0,66843.0,66803.1,66803.2,12.61317151
2026-03-28 14:35:00,66803.2,66803.2,66693.1,66778.8,28.56129592
2026-03-28 14:40:00,66778.1,66943.7,66771.2,66885.0,45.31411962
2026-03-28 14:45:00,66885.0,66974.9,66885.0,66904.1,26.43711426
2026-03-28 14:50:00,66904.1,66918.3,66700.0,66711.0,28.03218389
2026-03-28 14:55:00,66711.0,66775.5,66667.0,66745.1,16.92633867
2026-03-28 15:00:00,66745.0,66777.5,66720.0,66739.0,5.9773787
2026-03-28 15:05:00,66739.0,66826.9,66737.0,66778.1,8.85302463
2026-03-28 15:10:00,66778.1,66899.0,66778.0,66884.1,16.2567167
2026-03-28 15:15:00,66884.1,67074.9,66858.0,67037.0,33.93424637
2026-03-28 15:20:00,67037.0,67300.0,67034.5,67245.0,102.21812719
2026-03-28 15:25:00,67245.0,67261.0,67025.4,67030.0,102.85108848
2026-03-28 15:30:00,67030.1,67134.0,67007.3,67131.0,9.45988816
2026-03-28 15:35:00,67131.0,67153.7,67034.1,67080.1,12.24663444
2026-03-28 15:40:00,67080.1,67080.1,66952.5,67053.4,10.54899489
2026-03-28 15:45:00,67053.4,67072.7,67007.1,67011.5,8.09377269
2026-03-28 15:50:00,67011.5,67011.5,66964.0,67005.0,5.43358556
2026-03-28 15:55:00,67005.0,67028.0,66935.0,67020.0,10.05478953
2026-03-28 16:00:00,67020.3,67042.0,66930.0,67018.0,20.48554543
2026-03-28 16:05:00,67017.9,67094.4,66991.4,67073.1,10.62596127
2026-03-28 16:10:00,67071.4,67071.4,67020.0,67033.9,3.398035
2026-03-28 16:15:00,67034.0,67094.4,67031.0,67093.0,5.43481109
2026-03-28 16:20:00,67093.0,67099.0,67040.0,67091.0,8.56341368
2026-03-28 16:25:00,67090.9,67100.0,67066.0,67077.1,3.54600107
2026-03-28 16:30:00,67077.0,67077.0,66966.7,67015.2,9.04848793
2026-03-28 16:35:00,67015.2,67019.9,66942.0,66948.0,9.18558053
2026-03-28 16:40:00,66948.0,66951.8,66900.0,66908.0,7.38422037
2026-03-28 16:45:00,66907.9,66940.9,66880.0,66883.0,17.02495946
2026-03-28 16:50:00,66883.0,66918.0,66857.1,66875.4,7.70263102
2026-03-28 16:55:00,66875.4,66940.9,66871.0,66932.0,6.26067805
2026-03-28 17:00:00,66932.0,66982.0,66923.1,66970.1,3.31422417
2026-03-28 17:05:00,66970.0,66997.7,66887.6,66900.1,8.4558818
2026-03-28 17:10:00,66900.0,66938.0,66880.0,66922.4,4.5505351
2026-03-28 17:15:00,66922.3,66922.3,66828.0,66866.0,8.10208479
2026-03-28 17:20:00,66865.9,66865.9,66803.5,66831.1,7.63397437
2026-03-28 17:25:00,66830.1,66843.9,66766.7,66775.2,19.24421452
2026-03-28 17:30:00,66775.3,66808.0,66695.3,66784.0,18.75434824
2026-03-28 17:35:00,66786.1,66928.9,66778.6,66857.3,15.82364453
2026-03-28 17:40:00,66857.3,66858.0,66812.3,66812.4,2.29728984
2026-03-28 17:45:00,66812.4,66824.4,66766.1,66799.0,4.29019596
2026-03-28 17:50:00,66798.0,66826.7,66796.0,66813.0,3.75243769
2026-03-28 17:55:00,66812.0,66875.8,66805.0,66844.3,3.86566378
2026-03-28 18:00:00,66844.4,66927.9,66844.3,66923.1,4.54324393
2026-03-28 18:05:00,66923.1,66929.9,66888.8,66929.9,4.26743764
2026-03-28 18:10:00,66930.0,66945.6,66928.0,66945.6,2.75971768
2026-03-28 18:15:00,66945.7,66945.7,66906.0,66911.3,2.44424363
2026-03-28 18:20:00,66911.3,66923.0,66895.8,66896.1,3.75572564
2026-03-28 18:25:00,66896.0,66943.0,66870.0,66880.1,5.38007779
2026-03-28 18:30:00,66880.0,66924.7,66879.0,66887.4,1.12595048
2026-03-28 18:35:00,66887.4,66896.5,66832.7,66878.1,14.88172601
2026-03-28 18:40:00,66878.0,66955.7,66871.0,66955.0,4.09365498
2026-03-28 18:45:00,66955.0,66955.0,66896.0,66916.9,3.0322526
2026-03-28 18:50:00,66916.9,66916.9,66885.0,66913.3,1.77980217
2026-03-28 18:55:00,66913.3,66947.7,66913.2,66914.0,5.27707863
2026-03-28 19:00:00,66914.1,66961.7,66885.4,66914.0,4.07653919
2026-03-28 19:05:00,66913.0,66941.8,66910.0,66934.0,1.5597586
2026-03-28 19:10:00,66934.0,66934.0,66800.0,66844.0,6.31372002
2026-03-28 19:15:00,66844.0,66851.0,66817.0,66849.9,1.2361639
2026-03-28 19:20:00,66850.0,66872.9,66831.6,66872.9,3.26249438
2026-03-28 19:25:00,66872.9,66872.9,66850.0,66868.8,1.19669778
2026-03-28 19:30:00,66868.9,66882.4,66861.0,66877.6,1.66272559
2026-03-28 19:35:00,66877.6,66884.9,66860.7,66884.9,1.2780205
2026-03-28 19:40:00,66884.9,66903.5,66840.4,66840.4,1.46036276
2026-03-28 19:45:00,66840.0,66876.7,66829.0,66829.1,3.12737692
2026-03-28 19:50:00,66829.1,66875.3,66829.0,66856.0,2.82073688
2026-03-28 19:55:00,66856.0,66916.7,66854.0,66916.7,5.78844572
2026-03-28 20:00:00,66916.7,67013.9,66916.0,66982.0,19.4374804
2026-03-28 20:05:00,66982.0,67005.0,66960.1,66999.1,2.7758966
2026-03-28 20:10:00,66999.1,67011.7,66975.4,67002.3,2.02040777
2026-03-28 20:15:00,67002.3,67014.0,66947.1,66949.1,11.16283008
2026-03-28 20:20:00,66949.1,66988.0,66942.0,66943.8,2.33897885
2026-03-28 20:25:00,66943.8,66946.0,66906.1,66918.0,2.51585627
2026-03-28 20:30:00,66918.0,67008.0,66918.0,66949.6,14.78144875
2026-03-28 20:35:00,66948.5,67020.0,66929.0,66939.1,6.08242004
2026-03-28 20:40:00,66939.1,66940.0,66911.6,66918.0,1.80426966
2026-03-28 20:45:00,66918.6,66960.4,66916.7,66928.0,2.39826101
2026-03-28 20:50:00,66928.0,66974.0,66927.9,66964.8,1.28762366
2026-03-28 20:55:00,66964.8,66964.8,66923.4,66923.5,1.11208513
2026-03-28 21:00:00,66923.4,66932.0,66914.0,66932.0,2.94178639
2026-03-28 21:05:00,66932.0,66932.9,66817.9,66830.1,4.9069655
2026-03-28 21:10:00,66830.0,66851.1,66791.0,66841.2,20.98448039
2026-03-28 21:15:00,66841.2,66859.9,66820.0,66839.9,2.37881696
2026-03-28 21:20:00,66840.0,66846.0,66804.9,66846.0,3.39307636
2026-03-28 21:25:00,66846.0,66855.0,66823.0,66855.0,1.12634166
2026-03-28 21:30:00,66854.9,66854.9,66830.0,66835.0,3.12780463
2026-03-28 21:35:00,66835.0,66880.4,66811.0,66857.5,3.38696187
2026-03-28 21:40:00,66857.5,66899.8,66842.8,66867.0,2.33318421
2026-03-28 21:45:00,66866.9,66866.9,66780.1,66780.1,4.37631937
2026-03-28 21:50:00,66780.2,66794.0,66600.0,66695.5,14.84472412
2026-03-28 21:55:00,66698.0,66731.0,66671.4,66683.1,2.67843191
2026-03-28 22:00:00,66682.0,66719.0,66626.4,66689.1,11.98034674
2026-03-28 22:05:00,66690.9,66729.0,66626.6,66626.6,5.24453809
2026-03-28 22:10:00,66626.5,66662.9,66600.9,66605.1,3.40259452
2026-03-28 22:15:00,66605.1,66757.6,66590.5,66722.1,13.50603988
2026-03-28 22:20:00,66722.1,66791.6,66722.1,66768.8,3.60927163
2026-03-28 22:25:00,66769.0,66786.0,66736.7,66783.8,9.24905172
2026-03-28 22:30:00,66785.1,66799.8,66755.1,66758.1,3.64146428
2026-03-28 22:35:00,66758.0,66762.4,66724.7,66762.4,5.19369577
2026-03-28 22:40:00,66762.4,66762.4,66700.1,66701.0,1.115163
2026-03-28 22:45:00,66700.9,66768.9,66690.0,66747.6,56.45113361
2026-03-28 22:50:00,66747.5,66762.0,66707.9,66762.0,43.61967092
2026-03-28 22:55:00,66761.9,66761.9,66715.8,66754.6,47.64958167
2026-03-28 23:00:00,66754.6,66754.6,66650.6,66655.5,3.96879388
2026-03-28 23:05:00,66657.1,66678.0,66544.9,66579.0,7.46896643
2026-03-28 23:10:00,66579.1,66579.1,66283.5,66389.1,57.72343924
2026-03-28 23:15:00,66393.1,66400.0,66283.3,66325.2,21.48391373
2026-03-28 23:20:00,66325.3,66419.0,66325.3,66398.1,6.32269846
2026-03-28 23:25:00,66398.1,66439.0,66375.3,66392.0,9.925152
2026-03-28 23:30:00,66392.0,66463.8,66392.0,66457.5,9.63209479
2026-03-28 23:35:00,66457.5,66463.4,66430.0,66430.1,2.10836907
2026-03-28 23:40:00,66430.0,66484.2,66378.0,66386.0,9.31707931
2026-03-28 23:45:00,66385.9,66394.0,66310.1,66374.0,9.65540938
2026-03-28 23:50:00,66374.7,66415.5,66349.1,66361.0,1.92542055
2026-03-28 23:55:00,66360.9,66395.9,66358.0,66369.0,3.62768017
2026-03-29 00:00:00,66369.0,66469.7,66350.2,66463.0,5.70906351
2026-03-29 00:05:00,66465.0,66472.8,66386.1,66386.1,3.89720522
2026-03-29 00:10:00,66386.0,66466.0,66383.0,66411.0,45.5044548
2026-03-29 00:15:00,66411.0,66475.0,66396.6,66469.9,5.63573579
2026-03-29 00:20:00,66469.9,66469.9,66277.0,66342.0,9.8851775
2026-03-29 00:25:00,66342.0,66400.0,66316.0,66394.0,1.9681835
2026-03-29 00:30:00,66393.6,66465.4,66380.0,66421.1,9.22911034
2026-03-29 00:35:00,66421.0,66434.4,66356.1,66413.1,3.71863857
2026-03-29 00:40:00,66413.1,66434.0,66373.2,66399.4,5.8633638
2026-03-29 00:45:00,66399.4,66410.0,66389.8,66410.0,20.29647406
2026-03-29 00:50:00,66410.0,66504.3,66408.1,66408.3,29.70152694
2026-03-29 00:55:00,66408.3,66494.0,66408.3,66479.5,23.46893479
2026-03-29 01:00:00,66477.9,66544.0,66474.8,66526.3,8.20856387
2026-03-29 01:05:00,66526.2,66592.0,66496.0,66496.0,20.89265647
2026-03-29 01:10:00,66495.0,66570.9,66486.0,66553.2,21.34095279
2026-03-29 01:15:00,66553.1,66586.0,66529.4,66570.0,10.28073587
2026-03-29 01:20:00,66570.1,66618.7,66541.8,66542.4,6.21116705
2026-03-29 01:25:00,66542.4,66565.7,66514.0,66547.9,3.61720548
2026-03-29 01:30:00,66548.0,66560.0,66483.8,66489.9,5.95681235
2026-03-29 01:35:00,66489.8,66489.9,66381.1,66382.1,8.09816689
2026-03-29 01:40:00,66382.1,66485.6,66382.0,66471.4,7.79386585
2026-03-29 01:45:00,66471.4,66492.0,66412.9,66492.0,22.38299214
2026-03-29 01:50:00,66493.0,66600.0,66479.6,66497.0,36.32987918
2026-03-29 01:55:00,66496.9,66569.0,66482.6,66568.0,9.05744152
2026-03-29 02:00:00,66568.0,66606.0,66536.0,66587.0,6.75113095
2026-03-29 02:05:00,66588.2,66615.0,66581.5,66593.1,5.58909664
2026-03-29 02:10:00,66593.0,66650.0,66583.1,66636.9,5.14825142
2026-03-29 02:15:00,66636.0,66648.4,66580.0,66624.5,14.39732891
2026-03-29 02:20:00,66624.4,66708.0,66611.0,66674.9,6.24073749
2026-03-29 02:25:00,66674.8,66693.9,66650.1,66653.5,31.41816138
2026-03-29 02:30:00,66653.5,66658.0,66562.9,66596.8,9.96700375
2026-03-29 02:35:00,66596.7,66678.0,66574.4,66678.0,7.75378841
2026-03-29 02:40:00,66678.0,66755.0,66678.0,66716.9,12.9675003
2026-03-29 02:45:00,66716.8,66727.0,66683.1,66727.0,2.52428867
2026-03-29 02:50:00,66728.5,66846.0,66728.5,66802.1,9.59459631
2026-03-29 02:55:00,66802.0,66809.8,66750.0,66809.8,7.89919264
2026-03-29 03:00:00,66809.8,66809.8,66755.3,66804.0,5.14170409
2026-03-29 03:05:00,66804.0,66813.6,66760.0,66805.1,5.15701693
2026-03-29 03:10:00,66805.1,66807.0,66768.0,66797.0,4.11909351
2026-03-29 03:15:00,66796.9,67124.6,66770.0,67053.0,54.46701799
2026-03-29 03:20:00,67053.0,67064.1,66960.3,67021.1,29.40674968
2026-03-29 03:25:00,67021.1,67021.1,66962.1,66973.1,5.98657755
2026-03-29 03:30:00,66975.1,67003.3,66930.0,66930.0,3.85804654
2026-03-29 03:35:00,66930.0,66961.0,66915.0,66956.5,6.74943482
2026-03-29 03:40:00,66956.5,66956.5,66910.0,66924.9,3.13479849
2026-03-29 03:45:00,66925.0,66925.0,66860.3,66897.3,3.89458354
2026-03-29 03:50:00,66897.3,66940.5,66867.4,66930.0,12.24305044
2026-03-29 03:55:00,66930.0,66950.0,66896.1,66907.0,4.17221784
2026-03-29 04:00:00,66907.0,66938.0,66847.9,66872.6,4.39653633
2026-03-29 04:05:00,66872.7,66930.9,66853.1,66917.1,2.96832574
2026-03-29 04:10:00,66917.1,66919.0,66893.0,66911.1,1.16419404
2026-03-29 04:15:00,66911.0,66911.0,66865.2,66865.2,1.02526141
2026-03-29 04:20:00,66865.2,66865.3,66775.5,66820.0,12.30686773
2026-03-29 04:25:00,66820.1,66840.0,66785.2,66817.6,3.94430121
2026-03-29 04:30:00,66817.5,66836.7,66778.1,66834.4,55.51792334
2026-03-29 04:35:00,66834.5,66850.8,66800.7,66801.0,29.11498077
2026-03-29 04:40:00,66801.0,66827.0,66801.0,66805.1,1.57498577
2026-03-29 04:45:00,66805.1,66805.1,66748.4,66787.9,51.11946607
2026-03-29 04:50:00,66787.9,66798.0,66759.6,66776.1,1.90678826
2026-03-29 04:55:00,66776.1,66781.0,66711.9,66741.0,5.73827956
2026-03-29 05:00:00,66741.0,66755.2,66732.8,66743.0,17.50312427
2026-03-29 05:05:00,66743.0,66743.0,66676.6,66704.6,68.48793194
2026-03-29 05:10:00,66704.7,66733.0,66686.8,66695.4,12.74026114
2026-03-29 05:15:00,66695.5,66718.0,66629.5,66717.0,8.9887823
2026-03-29 05:20:00,66716.9,66756.3,66675.0,66725.1,4.24225554
2026-03-29 05:25:00,66725.0,66748.0,66608.1,66641.0,33.2688969
2026-03-29 05:30:00,66640.9,66680.1,66631.0,66639.2,3.09185434
2026-03-29 05:35:00,66639.2,66676.0,66607.0,66664.1,1.59787936
2026-03-29 05:40:00,66664.1,66683.5,66660.0,66679.0,0.79506638
2026-03-29 05:45:00,66679.1,66699.6,66632.9,66690.5,9.09786116
2026-03-29 05:50:00,66691.0,66831.8,66691.0,66795.0,25.70398768
2026-03-29 05:55:00,66795.0,66824.2,66776.4,66776.4,7.64824754
2026-03-29 06:00:00,66776.3,66875.9,66774.1,66851.2,5.6965135
2026-03-29 06:05:00,66851.1,66878.0,66841.0,66841.0,1.70168479
2026-03-29 06:10:00,66841.1,66856.7,66818.3,66818.5,8.54840511
2026-03-29 06:15:00,66819.0,66870.9,66819.0,66823.1,2.19994792
2026-03-29 06:20:00,66823.0,66830.0,66694.0,66694.0,4.09098175
2026-03-29 06:25:00,66693.9,66704.2,66635.1,66699.9,10.13521968
2026-03-29 06:30:00,66700.0,66724.7,66679.1,66688.2,1.94093493
2026-03-29 06:35:00,66687.6,66724.9,66677.5,66677.6,4.1944993
2026-03-29 06:40:00,66677.6,66698.0,66666.0,66681.0,3.45842874
2026-03-29 06:45:00,66681.0,66721.4,66653.2,66706.0,6.08643088
2026-03-29 06:50:00,66705.9,66760.0,66686.0,66760.0,3.60485387
2026-03-29 06:55:00,66760.0,66777.0,66733.0,66734.1,1.91160934
2026-03-29 07:00:00,66734.2,66734.2,66568.5,66614.9,21.23798974
2026-03-29 07:05:00,66615.0,66631.0,66559.2,66559.2,2.65886948
2026-03-29 07:10:00,66559.2,66603.0,66558.0,66602.0,2.8640858
2026-03-29 07:15:00,66601.9,66674.0,66585.0,66666.1,8.49282535
2026-03-29 07:20:00,66666.0,66680.8,66634.0,66680.8,6.09898955
2026-03-29 07:25:00,66680.9,66689.1,66655.3,66687.3,5.13163849
2026-03-29 07:30:00,66687.2,66721.4,66652.0,66652.0,29.15691627
2026-03-29 07:35:00,66651.0,66692.9,66631.5,66631.9,25.40335593
2026-03-29 07:40:00,66631.8,66647.2,66619.2,66647.1,23.94077883
2026-03-29 07:45:00,66647.1,66673.0,66611.0,66673.0,21.90703777
2026-03-29 07:50:00,66672.9,66759.6,66668.7,66721.0,29.78293861
2026-03-29 07:55:00,66720.9,66728.0,66663.1,66675.0,29.14762033
2026-03-29 08:00:00,66675.0,66699.9,66656.6,66688.9,3.19967004
2026-03-29 08:05:00,66689.0,66762.0,66680.0,66680.0,4.18143606
2026-03-29 08:10:00,66678.1,66696.0,66625.1,66656.1,5.65551011
2026-03-29 08:15:00,66656.0,66666.4,66597.1,66631.7,8.66655123
2026-03-29 08:20:00,66631.7,66677.9,66631.7,66677.3,3.16415025
2026-03-29 08:25:00,66677.3,66686.2,66667.0,66681.0,1.34268335
2026-03-29 08:30:00,66681.0,66739.0,66680.9,66706.6,7.96859968
2026-03-29 08:35:00,66706.7,66784.9,66706.6,66760.2,5.39684154
2026-03-29 08:40:00,66760.2,66760.2,66730.6,66744.1,3.73236474
2026-03-29 08:45:00,66744.1,66756.2,66709.2,66734.3,8.05051907
2026-03-29 08:50:00,66734.0,66748.0,66705.5,66735.5,7.83029105
2026-03-29 08:55:00,66735.6,66735.6,66723.0,66724.0,1.14963777
2026-03-29 09:00:00,66724.1,66771.9,66714.3,66729.5,5.32978157
2026-03-29 09:05:00,66729.4,66729.4,66594.7,66677.6,63.1997315
2026-03-29 09:10:00,66677.7,66699.3,66658.3,66699.3,2.9142169
2026-03-29 09:15:00,66699.0,66733.7,66662.0,66662.0,5.091651
2026-03-29 09:20:00,66662.0,66663.0,66636.2,66646.9,1.93701289
2026-03-29 09:25:00,66647.0,66673.6,66644.0,66673.5,1.54193583
2026-03-29 09:30:00,66673.5,66694.2,66550.0,66561.0,18.30836694
2026-03-29 09:35:00,66561.1,66602.0,66549.9,66595.0,4.37734348
2026-03-29 09:40:00,66595.0,66610.9,66571.1,66579.8,2.14125643
2026-03-29 09:45:00,66580.8,66630.1,66580.8,66610.7,2.88888417
2026-03-29 09:50:00,66610.8,66626.8,66600.0,66626.8,1.52787046
2026-03-29 09:55:00,66627.7,66646.8,66620.1,66627.1,2.00371493
2026-03-29 10:00:00,66627.0,66627.0,66547.6,66548.0,1.9317918
2026-03-29 10:05:00,66550.9,66559.9,66500.1,66542.5,6.65837473
2026-03-29 10:10:00,66544.1,66559.3,66500.1,66547.9,8.10340363
2026-03-29 10:15:00,66547.9,66556.9,66449.0,66474.9,12.2840169
2026-03-29 10:20:00,66475.0,66510.8,66434.3,66463.1,7.0523413
2026-03-29 10:25:00,66463.0,66512.0,66457.0,66470.2,3.21037544
2026-03-29 10:30:00,66469.6,66491.0,66420.2,66420.2,5.51237883
2026-03-29 10:35:00,66420.0,66547.9,66410.1,66532.0,6.62644758
2026-03-29 10:40:00,66532.0,66544.0,66497.3,66544.0,4.52197991
2026-03-29 10:45:00,66544.0,66572.0,66525.0,66550.8,3.38635188
2026-03-29 10:50:00,66552.0,66572.0,66540.0,66540.0,1.6759497
2026-03-29 10:55:00,66540.1,66558.0,66500.0,66508.0,2.60244135
2026-03-29 11:00:00,66508.0,66678.2,66508.0,66678.2,12.9483585
2026-03-29 11:05:00,66678.7,66860.0,66654.7,66768.8,24.32390461
2026-03-29 11:10:00,66768.1,66824.0,66751.9,66771.8,5.03417757
2026-03-29 11:15:00,66771.8,66815.0,66730.4,66815.0,8.25761421
2026-03-29 11:20:00,66815.6,66850.0,66770.7,66823.0,6.19102463
2026-03-29 11:25:00,66822.0,66850.0,66801.3,66831.9,5.65570426
2026-03-29 11:30:00,66832.0,66860.9,66756.2,66812.0,8.34406057
2026-03-29 11:35:00,66812.0,66902.4,66811.9,66878.1,5.6290731
2026-03-29 11:40:00,66878.0,66916.9,66846.0,66901.9,5.772533
2026-03-29 11:45:00,66901.8,66983.6,66829.4,66829.4,24.68181278
2026-03-29 11:50:00,66829.5,66868.1,66803.8,66838.9,5.33873594
2026-03-29 11:55:00,66839.0,66839.0,66805.9,66806.0,2.29537109
2026-03-29 12:00:00,66806.0,66852.9,66790.7,66791.1,6.71661134
2026-03-29 12:05:00,66792.0,66810.0,66771.2,66779.9,6.19461982
2026-03-29 12:10:00,66780.1,66813.2,66761.8,66761.8,3.639649
2026-03-29 12:15:00,66761.8,66816.9,66726.0,66779.8,89.69078838
2026-03-29 12:20:00,66779.8,66779.8,66740.6,66779.8,6.14061418
2026-03-29 12:25:00,66779.8,66794.0,66765.0,66774.9,7.48784278
2026-03-29 12:30:00,66777.0,66797.0,66694.6,66715.9,14.69039582
2026-03-29 12:35:00,66716.9,66752.8,66714.0,66736.0,42.28669166
2026-03-29 12:40:00,66736.0,66779.8,66721.0,66734.0,13.55691595
2026-03-29 12:45:00,66735.0,66816.0,66725.0,66801.9,41.90455148
2026-03-29 12:50:00,66801.9,66874.4,66788.7,66854.1,48.77104846
2026-03-29 12:55:00,66854.0,66861.0,66827.0,66843.0,5.66026241
2026-03-29 13:00:00,66843.0,66868.2,66813.0,66816.3,6.8843062
2026-03-29 13:05:00,66816.4,66816.4,66501.7,66534.6,65.23122863
2026-03-29 13:10:00,66535.4,66624.0,66530.0,66600.1,9.86901535
2026-03-29 13:15:00,66600.0,66661.9,66557.1,66640.1,10.40034249
2026-03-29 13:20:00,66640.0,66698.5,66600.1,66638.0,11.2123186
2026-03-29 13:25:00,66637.9,66653.0,66616.0,66629.9,3.98487086
2026-03-29 13:30:00,66630.0,66678.0,66624.0,66633.3,17.25139159
2026-03-29 13:35:00,66632.7,66683.9,66605.3,66680.1,3.5384942
2026-03-29 13:40:00,66680.1,66680.1,66659.0,66662.9,3.05576947
2026-03-29 13:45:00,66663.0,66682.7,66582.1,66612.2,5.7485654
2026-03-29 13:50:00,66613.9,66653.0,66592.9,66619.0,3.56183099
2026-03-29 13:55:00,66618.9,66631.0,66537.8,66573.0,11.80813871
2026-03-29 14:00:00,66573.0,66598.0,66486.1,66496.1,50.41226938
2026-03-29 14:05:00,66496.0,66527.1,66454.8,66519.9,11.79289641
2026-03-29 14:10:00,66519.9,66796.8,66519.4,66669.0,21.81928248
2026-03-29 14:15:00,66669.1,66693.6,66609.1,66611.0,4.87567175
2026-03-29 14:20:00,66610.9,66646.7,66586.5,66596.9,4.65390109
2026-03-29 14:25:00,66596.9,66596.9,66522.9,66533.7,14.19707187
2026-03-29 14:30:00,66532.0,66593.6,66508.9,66586.2,3.82695987
2026-03-29 14:35:00,66586.3,66610.7,66555.1,66556.1,3.13999357
2026-03-29 14:40:00,66556.7,66581.9,66505.7,66571.9,21.39297632
2026-03-29 14:45:00,66572.0,66572.0,66503.0,66543.8,7.8182316
2026-03-29 14:50:00,66548.5,66573.6,66542.0,66550.9,4.66254659
2026-03-29 14:55:00,66550.9,66595.6,66542.1,66594.0,7.80241663
2026-03-29 15:00:00,66594.0,66724.1,66594.0,66626.7,20.46417657
2026-03-29 15:05:00,66626.7,66710.0,66600.1,66612.2,24.70780975
2026-03-29 15:10:00,66613.0,66643.9,66510.1,66595.2,16.19391826
2026-03-29 15:15:00,66595.9,66670.4,66544.1,66572.9,25.56556189
2026-03-29 15:20:00,66573.0,66573.0,66509.9,66513.0,7.70243638
2026-03-29 15:25:00,66513.0,66513.0,66328.6,66424.6,23.07830624
2026-03-29 15:30:00,66425.5,66432.7,66326.5,66410.2,7.08252648
2026-03-29 15:35:00,66410.1,66434.0,66335.0,66392.7,19.42500146
2026-03-29 15:40:00,66392.8,66473.1,66392.8,66458.4,6.96343535
2026-03-29 15:45:00,66458.4,66485.1,66434.1,66436.0,5.19981892
2026-03-29 15:50:00,66435.1,66554.1,66426.5,66542.1,8.15337833
2026-03-29 15:55:00,66542.1,66542.1,66508.0,66526.2,4.50613357
2026-03-29 16:00:00,66526.2,66557.5,66492.2,66492.2,6.3299614
2026-03-29 16:05:00,66492.1,66510.3,66440.6,66510.3,5.18848619
2026-03-29 16:10:00,66513.0,66536.9,66447.0,66447.9,7.08477493
2026-03-29 16:15:00,66448.0,66666.0,66433.1,66633.6,25.25114764
2026-03-29 16:20:00,66633.0,66665.9,66587.1,66604.1,13.40576446
2026-03-29 16:25:00,66604.1,66627.7,66595.4,66619.9,3.54934434
2026-03-29 16:30:00,66620.0,66620.9,66584.0,66591.9,1.79660327
2026-03-29 16:35:00,66591.9,66592.0,66531.1,66566.2,7.44048619
2026-03-29 16:40:00,66566.1,66570.9,66534.0,66534.0,2.2150793
2026-03-29 16:45:00,66534.1,66563.5,66509.9,66536.0,3.9723641
2026-03-29 16:50:00,66536.1,66570.0,66487.1,66494.0,3.31107109
2026-03-29 16:55:00,66493.9,66531.3,66488.0,66496.7,2.61036528
2026-03-29 17:00:00,66496.8,66523.1,66471.0,66482.0,3.75694747
2026-03-29 17:05:00,66482.0,66546.5,66482.0,66531.5,3.69662702
2026-03-29 17:10:00,66533.0,66533.0,66400.4,66422.7,7.28461766
2026-03-29 17:15:00,66422.6,66422.6,66343.5,66344.9,9.29929516
2026-03-29 17:20:00,66344.9,66344.9,66159.7,66202.0,32.53711876
2026-03-29 17:25:00,66203.0,66272.8,66188.0,66263.0,9.59351986
2026-03-29 17:30:00,66263.0,66295.9,66235.0,66295.6,4.58557304
2026-03-29 17:35:00,66295.6,66327.0,66264.0,66307.8,4.8246711
2026-03-29 17:40:00,66308.1,66422.8,66304.0,66391.1,9.26547838
2026-03-29 17:45:00,66391.0,66391.0,66336.1,66372.0,13.76790319
2026-03-29 17:50:00,66372.0,66438.4,66372.0,66394.7,10.83064052
2026-03-29 17:55:00,66394.6,66401.4,66375.0,66386.0,2.86681603
2026-03-29 18:00:00,66386.0,66410.9,66336.0,66336.0,4.81065067
2026-03-29 18:05:00,66336.0,66370.0,66324.0,66351.1,2.58897739
2026-03-29 18:10:00,66351.0,66415.9,66351.0,66403.0,0.90718251
2026-03-29 18:15:00,66403.0,66463.1,66399.0,66436.0,4.58543215
2026-03-29 18:20:00,66436.0,66446.9,66351.1,66390.9,4.43377864
2026-03-29 18:25:00,66391.0,66432.0,66391.0,66396.1,1.51080634
2026-03-29 18:30:00,66396.0,66427.0,66394.1,66407.0,3.27556679
2026-03-29 18:35:00,66407.1,66550.0,66407.1,66485.0,14.87139943
2026-03-29 18:40:00,66485.0,66497.6,66426.1,66430.0,3.80396974
2026-03-29 18:45:00,66430.0,66452.3,66390.7,66439.3,3.00371657
2026-03-29 18:50:00,66438.8,66462.6,66437.1,66456.1,1.59977889
2026-03-29 18:55:00,66456.2,66462.7,66426.9,66428.1,2.07592937
2026-03-29 19:00:00,66428.1,66432.6,66387.4,66426.2,1.43047661
2026-03-29 19:05:00,66426.2,66454.0,66412.4,66412.4,3.12507414
2026-03-29 19:10:00,66412.3,66441.3,66412.3,66434.6,3.31789633
2026-03-29 19:15:00,66437.6,66468.6,66418.0,66452.2,1.28757749
2026-03-29 19:20:00,66451.0,66480.0,66404.3,66410.1,14.8981746
2026-03-29 19:25:00,66410.1,66439.0,66397.0,66425.0,5.26147425
2026-03-29 19:30:00,66425.0,66480.0,66420.1,66479.6,3.52719001
2026-03-29 19:35:00,66479.5,66479.5,66388.0,66388.0,10.46978773
2026-03-29 19:40:00,66388.1,66397.0,66351.0,66393.1,5.8386137
2026-03-29 19:45:00,66393.0,66430.0,66380.2,66380.2,9.56691144
2026-03-29 19:50:00,66380.1,66380.1,66343.1,66364.7,1.04479483
2026-03-29 19:55:00,66364.6,66365.0,66325.0,66350.9,5.06156005
2026-03-29 20:00:00,66350.8,66435.0,66350.8,66431.9,2.39183809
2026-03-29 20:05:00,66431.9,66511.3,66417.0,66474.0,10.59583864
2026-03-29 20:10:00,66473.9,66481.6,66451.9,66462.7,1.24848887
2026-03-29 20:15:00,66463.0,66586.5,66463.0,66554.0,28.94057061
2026-03-29 20:20:00,66553.0,66790.0,66552.1,66721.0,39.57668514
2026-03-29 20:25:00,66721.0,66766.0,66685.4,66709.0,9.88029105
2026-03-29 20:30:00,66709.0,66720.0,66673.9,66681.1,4.63401733
2026-03-29 20:35:00,66681.1,66698.9,66651.1,66651.1,5.02162557
2026-03-29 20:40:00,66651.1,66664.0,66596.8,66596.9,2.93468444
2026-03-29 20:45:00,66596.9,66631.0,66564.2,66582.0,2.84766146
2026-03-29 20:50:00,66580.1,66596.3,66570.9,66585.8,2.19420082
2026-03-29 20:55:00,66585.1,66615.9,66579.0,66611.0,3.38683678
2026-03-29 21:00:00,66611.0,66674.0,66597.6,66602.0,9.02124572
2026-03-29 21:05:00,66601.9,66616.0,66553.8,66553.8,2.65523128
2026-03-29 21:10:00,66553.8,66569.0,66504.4,66552.0,19.51185482
2026-03-29 21:15:00,66552.0,66556.3,66532.5,66544.1,1.82325021
2026-03-29 21:20:00,66544.1,66599.0,66544.0,66598.9,0.54072427
2026-03-29 21:25:00,66598.9,66676.2,66592.9,66651.2,6.38445116
2026-03-29 21:30:00,66651.2,66693.9,66630.2,66655.2,3.53519525
2026-03-29 21:35:00,66655.1,66675.3,66634.2,66637.8,1.85794564
2026-03-29 21:40:00,66637.7,66646.2,66602.3,66640.0,3.14858197
2026-03-29 21:45:00,66640.2,66708.3,66640.2,66689.9,2.39427765
2026-03-29 21:50:00,66689.8,66697.1,66652.9,66697.0,2.45159761
2026-03-29 21:55:00,66697.0,66807.7,66681.4,66709.5,16.38319351
2026-03-29 22:00:00,66706.5,66711.8,66351.1,66399.1,19.91253861
2026-03-29 22:05:00,66397.8,66435.2,66260.9,66401.2,71.53888329
2026-03-29 22:10:00,66401.1,66447.6,66234.0,66311.8,24.57083789
2026-03-29 22:15:00,66310.0,66390.6,66273.9,66337.6,16.77501661
2026-03-29 22:20:00,66337.6,66495.9,66308.1,66416.1,5.4228383
2026-03-29 22:25:00,66419.3,66421.9,66352.0,66388.1,6.91820814
2026-03-29 22:30:00,66388.1,66432.9,66340.0,66386.1,5.56277853
2026-03-29 22:35:00,66388.0,66403.5,66191.5,66258.7,22.58635766
2026-03-29 22:40:00,66260.9,66276.9,65627.9,65686.0,188.53097779
2026-03-29 22:45:00,65686.0,65686.0,65000.0,65056.0,309.16709989
2026-03-29 22:50:00,65051.0,65465.9,65004.5,65456.0,63.50336022
2026-03-29 22:55:00,65456.0,65963.6,65447.8,65861.9,57.25956989
2026-03-29 23:00:00,65862.0,66385.8,65859.7,66035.0,104.40259101
2026-03-29 23:05:00,66035.0,66152.4,65964.5,66067.0,33.84530729
2026-03-29 23:10:00,66067.0,66131.9,66014.0,66096.2,33.74498935
2026-03-29 23:15:00,66098.8,66265.9,66074.6,66120.1,29.38161565
2026-03-29 23:20:00,66120.3,66302.9,66041.8,66075.0,11.67232423
2026-03-29 23:25:00,66076.9,66076.9,65954.0,66009.9,8.42437131
2026-03-29 23:30:00,66007.1,66096.3,65942.2,65973.1,10.65728475
2026-03-29 23:35:00,65974.0,65990.8,65870.1,65937.7,9.05969847
2026-03-29 23:40:00,65939.9,66039.8,65910.1,66029.3,26.82402281
2026-03-29 23:45:00,66029.3,66174.9,66021.1,66030.0,16.88793536
2026-03-29 23:50:00,66029.8,66055.0,65882.0,66055.0,44.46312222
2026-03-29 23:55:00,66055.0,66070.6,66002.1,66017.2,7.66286881
2026-03-30 00:00:00,66019.7,66088.0,65867.2,65867.2,19.33128644
2026-03-30 00:05:00,65867.1,66009.5,65802.0,65874.1,16.69310376
2026-03-30 00:10:00,65873.0,65926.9,65845.0,65852.1,7.54710647
2026-03-30 00:15:00,65854.0,66943.8,65800.0,66914.8,137.94001398
2026-03-30 00:20:00,66907.9,67065.2,66604.2,66609.1,112.7419046
2026-03-30 00:25:00,66609.0,66857.1,66538.4,66577.0,36.18048784
2026-03-30 00:30:00,66577.0,66746.8,66470.9,66506.0,27.86251925
2026-03-30 00:35:00,66506.0,66564.4,66250.0,66293.2,34.36577811
2026-03-30 00:40:00,66296.6,66341.6,66191.7,66332.9,17.84073003
2026-03-30 00:45:00,66332.6,66425.0,66293.7,66326.5,7.45116502
2026-03-30 00:50:00,66331.4,66345.1,66116.9,66191.2,12.1989435
2026-03-30 00:55:00,66191.2,66361.7,66161.0,66277.0,22.10133767
2026-03-30 01:00:00,66286.8,66570.2,66286.8,66431.6,15.30824141
2026-03-30 01:05:00,66431.8,66557.4,66363.6,66375.9,11.15997986
2026-03-30 01:10:00,66376.6,66480.6,66355.6,66397.2,20.58205708
2026-03-30 01:15:00,66397.2,66538.4,66331.4,66514.4,29.00781365
2026-03-30 01:20:00,66514.5,66538.3,66459.0,66474.0,11.42764122
2026-03-30 01:25:00,66475.6,66660.4,66473.3,66597.2,25.13802619
2026-03-30 01:30:00,66599.1,66726.8,66519.0,66696.5,21.37411397
2026-03-30 01:35:00,66701.8,66732.4,66581.4,66636.5,23.7779525
2026-03-30 01:40:00,66639.3,66666.0,66531.9,66666.0,10.78762921
2026-03-30 01:45:00,66666.0,66833.3,66651.6,66756.5,35.35921276
2026-03-30 01:50:00,66764.6,66764.6,66607.6,66635.3,12.76300951
2026-03-30 01:55:00,66635.3,66690.0,66601.0,66648.6,2.94321738
2026-03-30 02:00:00,66652.0,66768.6,66637.0,66639.4,9.10581876
2026-03-30 02:05:00,66639.4,66875.0,66566.6,66724.1,26.45694981
2026-03-30 02:10:00,66724.1,66849.9,66686.9,66841.9,16.64285352
2026-03-30 02:15:00,66842.0,66901.0,66738.3,66768.2,28.9828197
2026-03-30 02:20:00,66768.1,66768.1,66681.3,66740.0,19.68468182
2026-03-30 02:25:00,66740.0,66780.7,66684.7,66750.5,21.92966774
2026-03-30 02:30:00,66750.5,66783.0,66650.0,66651.6,4.81556011
2026-03-30 02:35:00,66650.8,66671.5,66595.7,66664.3,11.05092465
2026-03-30 02:40:00,66664.3,67036.0,66628.6,67036.0,82.36037362
2026-03-30 02:45:00,67035.9,67493.0,66992.7,67324.1,219.15348953
2026-03-30 02:50:00,67324.0,67332.8,67120.0,67157.0,25.26956337
2026-03-30 02:55:00,67159.3,67179.8,67078.5,67120.3,10.68704426
2026-03-30 03:00:00,67116.0,67140.0,66977.2,66998.9,22.9384
2026-03-30 03:05:00,66998.1,67089.8,66977.9,67047.1,31.48471624
2026-03-30 03:10:00,67047.0,67074.0,66984.6,67012.7,12.98208958
2026-03-30 03:15:00,67014.0,67140.3,67000.6,67098.1,6.95867444
2026-03-30 03:20:00,67099.0,67291.9,67088.1,67271.7,18.48731764
2026-03-30 03:25:00,67271.0,67271.0,67168.5,67237.1,12.00140582
2026-03-30 03:30:00,67238.9,67276.4,67177.8,67226.0,11.27913312
2026-03-30 03:35:00,67225.9,67250.0,67149.1,67175.7,8.2229608
2026-03-30 03:40:00,67175.7,67225.2,67130.8,67195.4,10.24764403
2026-03-30 03:45:00,67198.0,67207.3,67123.0,67189.7,6.15693664
2026-03-30 03:50:00,67189.6,67327.4,67156.0,67236.4,13.06155961
2026-03-30 03:55:00,67236.4,67236.4,67131.8,67177.6,5.00295056
2026-03-30 04:00:00,67177.7,67269.2,67168.0,67236.0,24.7417612
2026-03-30 04:05:00,67236.0,67476.3,67220.0,67416.9,40.21265537
2026-03-30 04:10:00,67416.8,67502.2,67371.1,67422.8,29.28729555
2026-03-30 04:15:00,67422.7,67504.6,67377.5,67410.0,29.24829572
2026-03-30 04:20:00,67409.9,67509.2,67371.1,67392.5,6.42023668
2026-03-30 04:25:00,67392.1,67649.9,67392.1,67445.1,57.75419737
2026-03-30 04:30:00,67445.5,67560.0,67429.8,67479.7,16.21350556
2026-03-30 04:35:00,67477.0,67517.9,67411.0,67517.9,19.82322723
2026-03-30 04:40:00,67518.0,67518.0,67385.1,67418.3,8.15432531
2026-03-30 04:45:00,67418.3,67550.0,67412.9,67522.1,9.00843694
2026-03-30 04:50:00,67522.2,67623.9,67502.3,67610.9,22.32022385
2026-03-30 04:55:00,67610.9,67650.0,67537.0,67618.0,18.88192926
2026-03-30 05:00:00,67618.1,67733.6,67581.9,67620.0,51.84754853
2026-03-30 05:05:00,67624.0,67812.1,67590.0,67750.1,23.68159192
2026-03-30 05:10:00,67750.0,67810.0,67629.6,67641.1,57.03877369
2026-03-30 05:15:00,67641.1,67729.9,67581.8,67661.0,23.30228689
2026-03-30 05:20:00,67661.0,67689.7,67625.4,67669.0,7.92238065
2026-03-30 05:25:00,67668.6,67721.0,67651.0,67656.3,8.70679957
2026-03-30 05:30:00,67658.9,67700.0,67636.7,67646.9,4.97295607
2026-03-30 05:35:00,67647.3,67660.0,67522.0,67546.0,18.17697267
2026-03-30 05:40:00,67546.1,67559.0,67432.8,67492.1,18.46828315
2026-03-30 05:45:00,67495.0,67548.2,67430.0,67537.0,19.07746316
2026-03-30 05:50:00,67536.1,67559.8,67500.0,67525.1,7.43883738
2026-03-30 05:55:00,67525.1,67551.0,67488.0,67492.0,6.67504528
2026-03-30 06:00:00,67492.1,67585.0,67481.0,67558.3,11.3948108
2026-03-30 06:05:00,67558.3,67570.0,67487.7,67499.5,11.37633856
2026-03-30 06:10:00,67499.5,67499.5,67419.1,67440.1,9.25223745
2026-03-30 06:15:00,67442.0,67463.9,67279.6,67327.1,48.14759207
2026-03-30 06:20:00,67327.1,67357.0,67289.7,67315.0,22.52470914
2026-03-30 06:25:00,67315.0,67355.6,67290.2,67316.9,8.94550136
2026-03-30 06:30:00,67318.0,67340.0,67281.1,67317.1,4.40527664
2026-03-30 06:35:00,67317.0,67354.2,67281.2,67303.7,12.27513625
2026-03-30 06:40:00,67303.7,67402.4,67303.7,67362.9,61.02910437
2026-03-30 06:45:00,67362.9,67419.6,67338.0,67384.5,16.58543868
2026-03-30 06:50:00,67384.5,67426.2,67316.0,67337.3,12.31771385
2026-03-30 06:55:00,67337.3,67359.5,67295.6,67301.1,24.05353796
2026-03-30 07:00:00,67301.1,67301.1,67225.8,67273.0,19.49892018
2026-03-30 07:05:00,67273.0,67425.7,67273.0,67393.1,10.57678784
2026-03-30 07:10:00,67393.1,67458.9,67363.1,67381.6,8.88845861
2026-03-30 07:15:00,67381.6,67433.3,67371.0,67381.0,30.15398431
2026-03-30 07:20:00,67381.1,67403.9,67299.9,67308.0,18.01182646
2026-03-30 07:25:00,67309.0,67353.1,67309.0,67335.0,17.54922587
2026-03-30 07:30:00,67335.7,67432.0,67281.1,67335.3,29.87620574
2026-03-30 07:35:00,67335.3,67419.0,67299.1,67306.2,11.22464868
2026-03-30 07:40:00,67306.1,67346.0,67302.0,67310.4,12.76221056
2026-03-30 07:45:00,67310.4,67449.9,67283.1,67447.6,43.22254283
2026-03-30 07:50:00,67449.9,67560.4,67406.4,67478.2,142.52214427
2026-03-30 07:55:00,67478.2,67625.0,67478.1,67623.7,93.5965352
2026-03-30 08:00:00,67623.7,67799.9,67604.0,67777.0,47.88763552
2026-03-30 08:05:00,67777.0,67905.8,67725.0,67800.0,77.4188888
2026-03-30 08:10:00,67800.0,67899.9,67773.0,67889.1,27.62397564
2026-03-30 08:15:00,67889.2,67913.4,67748.9,67872.9,70.58442953
2026-03-30 08:20:00,67872.1,67872.1,67748.9,67763.6,25.05942559
2026-03-30 08:25:00,67765.9,67777.0,67729.2,67755.1,12.98390159
2026-03-30 08:30:00,67755.0,67819.0,67742.1,67749.3,12.66427258
2026-03-30 08:35:00,67749.3,67941.7,67736.1,67796.0,41.32984622
2026-03-30 08:40:00,67796.1,67831.9,67729.2,67755.3,19.38044846
2026-03-30 08:45:00,67754.3,67790.0,67677.4,67733.1,9.49458269
2026-03-30 08:50:00,67733.0,67818.0,67733.0,67756.0,7.18122723
2026-03-30 08:55:00,67756.0,67756.0,67630.4,67667.4,44.4065478
2026-03-30 09:00:00,67664.5,67667.0,67592.7,67618.2,16.69231542
2026-03-30 09:05:00,67618.3,67666.5,67597.4,67599.9,8.79600414
2026-03-30 09:10:00,67600.0,67698.0,67576.9,67577.2,9.23588616
2026-03-30 09:15:00,67577.1,67661.7,67504.6,67622.4,35.52184084
2026-03-30 09:20:00,67622.5,67628.9,67510.1,67526.1,10.71440902
2026-03-30 09:25:00,67526.1,67543.0,67500.1,67513.0,7.03611354
2026-03-30 09:30:00,67513.0,67513.1,67463.8,67485.3,167.82305861
2026-03-30 09:35:00,67485.2,67542.3,67462.1,67537.1,30.92073363
2026-03-30 09:40:00,67537.0,67572.5,67475.0,67558.0,19.77258723
2026-03-30 09:45:00,67558.1,67599.9,67542.5,67567.5,12.35412554
2026-03-30 09:50:00,67567.5,67585.7,67541.7,67541.7,3.98836294
2026-03-30 09:55:00,67541.7,67541.7,67474.1,67509.6,15.94777468
2026-03-30 10:00:00,67509.6,67510.9,67439.8,67479.7,55.78814424
2026-03-30 10:05:00,67479.8,67484.0,67458.3,67474.1,12.01554042
2026-03-30 10:10:00,67474.1,67483.5,67409.4,67443.4,8.88075839
2026-03-30 10:15:00,67443.5,67486.3,67423.5,67483.5,16.03228441
2026-03-30 10:20:00,67481.3,67500.0,67438.6,67438.6,4.83015311
2026-03-30 10:25:00,67438.6,67463.2,67418.1,67424.1,2.75513497
2026-03-30 10:30:00,67424.1,67445.5,67411.8,67413.4,2.80350065
2026-03-30 10:35:00,67413.5,67426.0,67372.2,67413.0,16.0033825
2026-03-30 10:40:00,67412.5,67440.5,67393.5,67438.6,4.43742195
2026-03-30 10:45:00,67439.0,67485.4,67426.5,67480.5,5.14839515
2026-03-30 10:50:00,67480.4,67522.6,67465.0,67496.1,52.41173874
2026-03-30 10:55:00,67496.1,67520.3,67479.2,67498.2,6.22801105
2026-03-30 11:00:00,67499.7,67562.0,67491.4,67512.8,19.14403171
2026-03-30 11:05:00,67512.8,67592.2,67512.7,67561.5,9.95212274
2026-03-30 11:10:00,67561.5,67596.1,67536.0,67595.1,2.8256092
2026-03-30 11:15:00,67595.1,67595.1,67528.5,67553.3,36.36277753
2026-03-30 11:20:00,67553.4,67630.0,67537.1,67600.0,13.80248788
2026-03-30 11:25:00,67600.0,68017.1,67590.5,67694.6,266.65882365
2026-03-30 11:30:00,67694.6,67766.3,67587.4,67600.5,34.83756228
2026-03-30 11:35:00,67600.5,67687.3,67510.0,67544.5,33.11287044
2026-03-30 11:40:00,67544.5,67618.5,67522.0,67600.0,25.59597355
2026-03-30 11:45:00,67600.5,67736.9,67585.2,67710.4,20.41297253
2026-03-30 11:50:00,67710.4,67736.8,67639.3,67670.9,5.12101919
2026-03-30 11:55:00,67670.9,67685.4,67622.1,67685.4,8.64081968
2026-03-30 12:00:00,67685.4,67796.8,67665.0,67786.7,13.33440895
2026-03-30 12:05:00,67786.6,67846.1,67769.1,67802.9,23.99346952
2026-03-30 12:10:00,67802.9,67883.3,67802.9,67849.1,20.25017926
2026-03-30 12:15:00,67849.1,67936.3,67794.1,67902.5,32.84061799
2026-03-30 12:20:00,67902.5,67979.5,67864.2,67883.5,19.18539138
2026-03-30 12:25:00,67883.6,67914.2,67814.1,67861.0,20.48112733
2026-03-30 12:30:00,67864.3,67983.0,67859.4,67928.0,60.76636542
2026-03-30 12:35:00,67929.2,67971.6,67847.4,67861.2,19.93564496
2026-03-30 12:40:00,67854.9,67884.7,67820.0,67877.3,31.5134857
2026-03-30 12:45:00,67877.2,67953.5,67836.4,67861.0,19.39700039
2026-03-30 12:50:00,67863.7,67908.1,67856.1,67878.6,10.33910842
2026-03-30 12:55:00,67878.5,67929.0,67862.3,67893.2,7.36384234
2026-03-30 13:00:00,67893.2,67924.1,67835.0,67907.0,9.8641753
2026-03-30 13:05:00,67907.1,67961.9,67850.5,67879.8,12.28773395
2026-03-30 13:10:00,67878.4,67960.2,67872.5,67909.5,8.05698972
2026-03-30 13:15:00,67909.6,67970.5,67871.8,67948.1,5.52067688
2026-03-30 13:20:00,67949.3,68181.6,67921.9,68041.0,118.90081863
2026-03-30 13:25:00,68041.0,68041.0,67873.0,67874.0,24.95433126
2026-03-30 13:30:00,67873.9,68049.9,67780.1,67911.5,93.18250804
2026-03-30 13:35:00,67911.5,67985.3,67855.1,67880.9,71.58267481
2026-03-30 13:40:00,67880.0,67884.1,67708.2,67719.1,38.95775424
2026-03-30 13:45:00,67719.1,67843.1,67627.8,67627.8,34.60381805
2026-03-30 13:50:00,67627.9,67777.5,67627.9,67673.9,28.79292099
2026-03-30 13:55:00,67673.8,67676.7,67441.7,67532.0,130.02480889
2026-03-30 14:00:00,67533.0,67629.9,67489.3,67603.6,15.25148209
2026-03-30 14:05:00,67603.5,67629.9,67463.9,67629.9,26.68299906
2026-03-30 14:10:00,67629.9,67764.0,67587.7,67680.1,18.12662266
2026-03-30 14:15:00,67680.0,67702.1,67361.5,67423.2,29.11470311
2026-03-30 14:20:00,67426.9,67499.9,67380.9,67481.2,19.44403789
2026-03-30 14:25:00,67481.2,67499.0,67237.5,67312.2,33.31950859
2026-03-30 14:30:00,67312.1,67412.5,67298.7,67353.1,13.98785307
2026-03-30 14:35:00,67355.2,67380.0,67135.0,67319.5,49.21379327
2026-03-30 14:40:00,67323.5,67375.1,67115.3,67132.4,33.61636928
2026-03-30 14:45:00,67133.0,67342.9,67100.1,67228.6,37.60507697
2026-03-30 14:50:00,67239.6,67565.0,67210.3,67536.4,33.37745536
2026-03-30 14:55:00,67535.7,67870.0,67501.8,67802.3,54.03296927
2026-03-30 15:00:00,67802.3,67875.0,67741.7,67806.6,50.4977177
2026-03-30 15:05:00,67806.5,67899.1,67567.8,67604.1,42.65122165
2026-03-30 15:10:00,67611.8,67704.4,67561.2,67565.4,27.83910095
2026-03-30 15:15:00,67561.4,67584.5,67430.0,67461.4,24.59077739
2026-03-30 15:20:00,67461.5,67497.4,67407.5,67445.0,8.41820604
2026-03-30 15:25:00,67444.9,67609.5,67440.5,67525.1,30.00181794
2026-03-30 15:30:00,67525.1,67787.2,67458.0,67768.8,26.98242509
2026-03-30 15:35:00,67769.0,67899.0,67760.3,67820.4,17.07273576
2026-03-30 15:40:00,67817.6,67866.8,67731.5,67755.3,14.80086568
2026-03-30 15:45:00,67756.4,67774.0,67685.1,67698.6,7.31669172
2026-03-30 15:50:00,67697.6,67790.9,67697.5,67730.1,10.87822427
2026-03-30 15:55:00,67730.0,67730.0,67600.5,67623.9,15.98362102
2026-03-30 16:00:00,67624.0,67650.6,67412.5,67424.7,22.5234008
2026-03-30 16:05:00,67424.6,67453.0,67350.0,67432.9,17.12725439
2026-03-30 16:10:00,67432.8,67481.3,67428.5,67446.1,8.95547213
2026-03-30 16:15:00,67446.0,67485.0,67373.5,67394.0,7.71026932
2026-03-30 16:20:00,67394.1,67415.4,67289.4,67343.0,12.61300605
2026-03-30 16:25:00,67343.0,67391.7,67322.2,67353.5,7.67315852
2026-03-30 16:30:00,67352.2,67446.8,67313.1,67397.8,7.88086916
2026-03-30 16:35:00,67400.1,67492.3,67395.9,67445.5,4.93574047
2026-03-30 16:40:00,67445.5,67445.5,67327.3,67379.9,5.08602328
2026-03-30 16:45:00,67379.8,67442.9,67324.4,67351.1,5.60544876
2026-03-30 16:50:00,67351.1,67395.1,67244.7,67244.7,8.4143934
2026-03-30 16:55:00,67254.8,67380.0,67223.0,67367.6,13.80352452
2026-03-30 17:00:00,67373.3,67472.7,67270.2,67281.3,15.88896802
2026-03-30 17:05:00,67281.8,67357.2,67229.7,67302.3,5.98835281
2026-03-30 17:10:00,67302.4,67308.2,67170.6,67195.5,16.83311375
2026-03-30 17:15:00,67195.5,67202.6,67089.0,67130.1,20.05312985
2026-03-30 17:20:00,67139.2,67158.6,66823.0,66854.1,67.46733893
2026-03-30 17:25:00,66854.6,66857.5,66657.0,66815.3,61.15593607
2026-03-30 17:30:00,66815.4,66917.3,66761.5,66863.0,33.08550369
2026-03-30 17:35:00,66863.6,66963.8,66797.1,66925.8,6.41221058
2026-03-30 17:40:00,66929.2,66966.6,66880.0,66960.0,5.6557365
2026-03-30 17:45:00,66964.1,66998.8,66826.0,66885.0,15.29938619
2026-03-30 17:50:00,66886.3,66906.8,66800.2,66808.1,17.43736171
2026-03-30 17:55:00,66808.1,66858.9,66786.5,66834.3,19.24329019
2026-03-30 18:00:00,66834.3,66928.9,66809.8,66842.0,6.91815735
2026-03-30 18:05:00,66842.0,66857.0,66725.1,66732.4,95.21480935
2026-03-30 18:10:00,66732.5,66851.3,66712.6,66825.0,15.94004027
2026-03-30 18:15:00,66825.1,66834.3,66751.4,66785.6,14.13710844
2026-03-30 18:20:00,66784.4,66870.8,66622.1,66690.6,21.27056413
2026-03-30 18:25:00,66692.4,66742.6,66590.9,66714.2,37.12648418
2026-03-30 18:30:00,66714.3,66803.7,66576.9,66769.1,34.00581286
2026-03-30 18:35:00,66769.2,66833.3,66710.0,66710.0,10.44754498
2026-03-30 18:40:00,66708.0,66755.8,66681.7,66743.5,5.74125816
2026-03-30 18:45:00,66748.5,66798.3,66640.1,66640.1,17.27114611
2026-03-30 18:50:00,66640.0,66650.0,66518.0,66617.1,16.92857132
2026-03-30 18:55:00,66620.8,66670.7,66544.5,66660.2,22.27631341
2026-03-30 19:00:00,66657.7,66676.5,66553.5,66605.7,7.69263357
2026-03-30 19:05:00,66606.2,66615.6,66384.7,66446.4,33.76070229
2026-03-30 19:10:00,66446.4,66451.5,66307.6,66433.8,23.69823522
2026-03-30 19:15:00,66433.9,66475.2,66371.8,66402.2,14.50097047
2026-03-30 19:20:00,66403.0,66445.5,66241.3,66260.0,20.81858705
2026-03-30 19:25:00,66260.0,66396.1,66260.0,66320.0,20.73230352
2026-03-30 19:30:00,66320.6,66411.7,66294.7,66348.5,9.67267066
2026-03-30 19:35:00,66348.5,66413.7,66300.0,66348.2,29.26256127
2026-03-30 19:40:00,66354.8,66377.9,66255.4,66346.9,16.15405067
2026-03-30 19:45:00,66346.9,66463.6,66296.7,66463.6,7.88995245
2026-03-30 19:50:00,66464.0,66529.4,66429.4,66519.4,15.38939389
2026-03-30 19:55:00,66527.6,66589.3,66468.3,66558.9,42.7854345
2026-03-30 20:00:00,66556.5,66618.2,66535.2,66560.9,35.37893692
2026-03-30 20:05:00,66561.0,66699.9,66561.0,66644.1,28.65600473
2026-03-30 20:10:00,66644.0,66696.2,66597.4,66602.6,7.88374457
2026-03-30 20:15:00,66605.3,66626.6,66552.4,66597.1,6.36405064
2026-03-30 20:20:00,66601.8,66680.5,66601.1,66663.4,4.47929498
2026-03-30 20:25:00,66663.3,66670.4,66635.9,66661.9,4.2599588
2026-03-30 20:30:00,66662.0,66678.6,66565.9,66603.7,16.13530557
2026-03-30 20:35:00,66603.7,66670.0,66556.0,66667.4,4.3752593
2026-03-30 20:40:00,66667.3,66686.1,66642.0,66667.2,5.47768787
2026-03-30 20:45:00,66667.3,66679.7,66610.4,66633.0,2.50965271
2026-03-30 20:50:00,66632.7,66668.7,66622.2,66668.6,2.61631042
2026-03-30 20:55:00,66668.7,66709.8,66646.3,66662.3,18.25275627
2026-03-30 21:00:00,66662.4,66666.3,66606.7,66606.7,3.53837605
2026-03-30 21:05:00,66606.7,66727.2,66591.0,66719.4,7.19503415
2026-03-30 21:10:00,66719.4,66802.0,66715.6,66795.9,41.7222463
2026-03-30 21:15:00,66793.1,66873.5,66776.2,66860.3,23.23707826
2026-03-30 21:20:00,66860.5,66999.9,66860.5,66968.5,27.03851674
2026-03-30 21:25:00,66968.5,66970.3,66844.3,66857.9,7.7420245
2026-03-30 21:30:00,66857.9,66898.5,66820.0,66882.5,7.18915113
2026-03-30 21:35:00,66882.6,66949.9,66860.0,66919.9,5.29802742
2026-03-30 21:40:00,66919.8,66989.0,66870.0,66945.3,7.49967854
2026-03-30 21:45:00,66945.3,66954.1,66866.7,66904.3,8.88203001
2026-03-30 21:50:00,66904.4,66938.9,66864.7,66866.3,7.35998912
2026-03-30 21:55:00,66866.2,66872.1,66794.8,66804.5,5.33350955
2026-03-30 22:00:00,66804.1,66995.9,66804.1,66989.0,4.64981631
2026-03-30 22:05:00,66989.0,66998.6,66730.8,66749.9,6.33099307
2026-03-30 22:10:00,66745.2,66807.2,66703.6,66776.1,4.71969551
2026-03-30 22:15:00,66776.0,66835.3,66725.4,66793.5,5.87206029
2026-03-30 22:20:00,66793.6,66864.8,66779.5,66864.8,2.0821603
2026-03-30 22:25:00,66865.1,66906.1,66797.6,66819.9,7.7619341
2026-03-30 22:30:00,66819.8,66837.3,66740.1,66809.1,12.81598071
2026-03-30 22:35:00,66808.0,66837.4,66790.4,66803.9,1.3443868
2026-03-30 22:40:00,66804.0,66869.1,66804.0,66834.6,1.14621693
2026-03-30 22:45:00,66834.6,66851.6,66688.4,66735.3,13.55552014
2026-03-30 22:50:00,66735.4,66775.2,66720.0,66775.2,3.67996701
2026-03-30 22:55:00,66775.4,66803.3,66763.4,66784.2,2.41514809
2026-03-30 23:00:00,66784.3,66792.5,66464.2,66491.0,56.0914711
2026-03-30 23:05:00,66490.1,66569.1,66419.3,66465.1,11.6547603
2026-03-30 23:10:00,66465.1,66562.4,66455.9,66556.1,6.99814435
2026-03-30 23:15:00,66556.0,66650.5,66517.4,66596.9,10.25380958
2026-03-30 23:20:00,66597.0,66679.9,66593.5,66668.5,7.19354509
2026-03-30 23:25:00,66668.6,66730.7,66646.3,66711.4,3.40123183
2026-03-30 23:30:00,66711.4,66754.0,66682.4,66749.9,4.49865606
2026-03-30 23:35:00,66750.0,66779.5,66692.3,66692.4,4.66857439
2026-03-30 23:40:00,66692.2,66775.1,66661.6,66765.5,4.50530095
2026-03-30 23:45:00,66765.4,66769.1,66714.6,66733.1,3.77660995
2026-03-30 23:50:00,66733.1,66772.5,66733.1,66756.5,1.1910313
2026-03-30 23:55:00,66756.6,66799.9,66729.4,66799.9,3.75393133
2026-03-31 00:00:00,66800.0,66826.0,66706.2,66823.5,12.09993316
2026-03-31 00:05:00,66825.9,66825.9,66686.0,66714.5,3.46208646
2026-03-31 00:10:00,66716.0,66721.9,66565.1,66656.0,8.82397534
2026-03-31 00:15:00,66656.0,66680.3,66545.1,66619.3,8.667665
2026-03-31 00:20:00,66619.4,66711.8,66579.5,66706.0,10.01578049
2026-03-31 00:25:00,66706.1,66825.5,66696.1,66814.9,24.45859346
2026-03-31 00:30:00,66816.0,66843.5,66769.0,66796.2,5.75499051
2026-03-31 00:35:00,66800.0,66955.4,66794.2,66930.0,14.73833308
2026-03-31 00:40:00,66920.4,66953.2,66792.5,66949.3,7.84637842
2026-03-31 00:45:00,66951.7,67302.8,66943.5,67256.0,81.24941812
2026-03-31 00:50:00,67256.1,67266.8,67011.6,67143.6,24.76307637
2026-03-31 00:55:00,67143.7,67212.7,67085.2,67212.7,10.43750395
2026-03-31 01:00:00,67213.5,67297.5,67136.4,67143.4,29.78615014
2026-03-31 01:05:00,67144.4,67164.5,67050.0,67098.0,4.37237594
2026-03-31 01:10:00,67103.5,67279.5,67103.5,67240.6,20.19619322
2026-03-31 01:15:00,67239.8,67439.9,67239.8,67418.0,15.60667522
2026-03-31 01:20:00,67417.5,67811.0,67386.5,67798.4,162.13999552
2026-03-31 01:25:00,67805.7,67883.2,67662.3,67779.9,47.62584036
2026-03-31 01:30:00,67780.0,68414.0,67734.5,68339.0,208.38755257
2026-03-31 01:35:00,68339.0,68394.5,68110.6,68199.9,66.61023068
2026-03-31 01:40:00,68199.9,68210.0,67908.4,67940.0,43.01787026
2026-03-31 01:45:00,67938.7,67989.6,67816.2,67906.9,23.26712201
2026-03-31 01:50:00,67907.0,68011.0,67851.5,67973.2,19.70584755
2026-03-31 01:55:00,67975.7,68068.0,67939.6,67939.6,47.98183184
2026-03-31 02:00:00,67938.6,67979.9,67777.5,67887.1,24.0530677
2026-03-31 02:05:00,67889.7,67993.2,67872.8,67887.0,22.11363927
2026-03-31 02:10:00,67887.0,67938.1,67866.3,67924.6,17.94778802
2026-03-31 02:15:00,67925.3,68100.0,67916.8,68033.9,15.23711568
2026-03-31 02:20:00,68034.0,68058.8,67996.0,68058.7,26.08776172
2026-03-31 02:25:00,68053.9,68063.9,67982.3,68054.8,16.608985
2026-03-31 02:30:00,68057.0,68066.5,67849.0,67938.3,25.91956582
2026-03-31 02:35:00,67938.4,68002.9,67907.3,67910.0,11.03052809
2026-03-31 02:40:00,67910.0,68005.7,67897.9,67992.3,5.08077314
2026-03-31 02:45:00,67989.1,68007.6,67910.1,67928.7,4.77259139
2026-03-31 02:50:00,67930.5,68094.9,67930.5,68003.0,17.95535405
2026-03-31 02:55:00,68000.6,68023.4,67953.5,67953.5,3.67716079
2026-03-31 03:00:00,67952.7,67953.4,67805.3,67870.4,8.37594543
2026-03-31 03:05:00,67870.4,68013.9,67843.1,67966.6,4.98562703
2026-03-31 03:10:00,67961.3,67993.4,67888.3,67921.5,4.92904177
2026-03-31 03:15:00,67921.4,67971.4,67856.0,67857.6,7.92541303
2026-03-31 03:20:00,67857.5,67903.9,67809.5,67816.0,13.09582184
2026-03-31 03:25:00,67815.9,67899.0,67815.9,67850.6,10.58235542
2026-03-31 03:30:00,67850.6,67932.8,67782.6,67894.9,14.21675526
2026-03-31 03:35:00,67893.8,67894.0,67644.0,67699.9,27.12096271
2026-03-31 03:40:00,67699.9,67740.9,67664.0,67732.7,10.07901416
2026-03-31 03:45:00,67733.4,67762.9,67644.3,67655.4,7.68668479
2026-03-31 03:50:00,67655.4,67766.0,67654.5,67728.6,18.2444325
2026-03-31 03:55:00,67727.4,67745.2,67686.6,67707.7,13.58183405
2026-03-31 04:00:00,67708.2,67793.9,67608.0,67657.5,32.08395855
2026-03-31 04:05:00,67657.6,67774.0,67638.3,67668.8,15.45333876
2026-03-31 04:10:00,67668.8,67683.3,67586.3,67671.1,15.70356402
2026-03-31 04:15:00,67671.1,67760.0,67654.2,67748.2,7.35982173
2026-03-31 04:20:00,67748.2,67923.0,67747.5,67757.4,32.89469095
2026-03-31 04:25:00,67757.3,67772.3,67492.3,67595.9,56.2050089
2026-03-31 04:30:00,67595.9,67667.5,67576.5,67597.2,11.00647373
2026-03-31 04:35:00,67597.1,67615.9,67499.3,67600.9,23.870044
2026-03-31 04:40:00,67601.0,67637.0,67554.8,67604.9,11.78749344
2026-03-31 04:45:00,67604.1,67681.4,67597.5,67648.5,7.78528313
2026-03-31 04:50:00,67648.4,67692.3,67584.0,67590.1,21.94017298
2026-03-31 04:55:00,67588.3,67588.3,67499.9,67543.6,18.87753895
2026-03-31 05:00:00,67543.6,67605.0,67435.8,67600.0,20.48654351
2026-03-31 05:05:00,67600.0,67628.5,67505.2,67506.5,38.87136727
2026-03-31 05:10:00,67508.7,67525.0,67408.2,67432.9,14.57387807
2026-03-31 05:15:00,67433.0,67504.1,67406.6,67474.6,24.48462163
2026-03-31 05:20:00,67474.6,67639.1,67468.6,67632.0,46.27015922
2026-03-31 05:25:00,67632.0,67671.4,67572.5,67631.9,73.71140821
2026-03-31 05:30:00,67631.8,67689.0,67574.2,67688.9,37.74998352
2026-03-31 05:35:00,67688.8,67721.1,67653.1,67708.0,20.33437876
2026-03-31 05:40:00,67707.9,67734.7,67641.9,67687.2,16.67835044
2026-03-31 05:45:00,67687.2,67772.2,67682.2,67735.0,21.18439618
2026-03-31 05:50:00,67738.8,67786.9,67695.6,67740.2,20.78497
2026-03-31 05:55:00,67740.2,67751.5,67668.0,67692.4,6.57543084
2026-03-31 06:00:00,67692.4,67715.8,67580.4,67715.0,26.52959486
2026-03-31 06:05:00,67714.9,67714.9,67557.8,67557.8,19.76609243
2026-03-31 06:10:00,67557.8,67557.8,67479.6,67489.1,27.91463906
2026-03-31 06:15:00,67489.0,67524.6,67429.1,67448.0,22.85443991
2026-03-31 06:20:00,67452.0,67517.0,67430.1,67451.9,24.51665217
2026-03-31 06:25:00,67451.9,67474.0,67345.0,67415.9,21.54149155
2026-03-31 06:30:00,67415.9,67451.4,67380.9,67418.1,29.61978299
2026-03-31 06:35:00,67418.1,67420.1,67360.7,67415.5,25.984034
2026-03-31 06:40:00,67415.4,67487.4,67408.1,67421.7,22.24908938
2026-03-31 06:45:00,67421.7,67486.7,67421.7,67465.0,14.73883101
2026-03-31 06:50:00,67465.0,67530.7,67464.9,67506.9,17.01946887
2026-03-31 06:55:00,67506.9,67540.0,67475.4,67500.2,18.27131551
2026-03-31 07:00:00,67500.2,67538.5,67456.0,67519.6,22.30950233
2026-03-31 07:05:00,67519.5,67519.5,67388.9,67391.7,13.42338012
2026-03-31 07:10:00,67391.7,67412.0,67250.0,67302.4,25.61512499
2026-03-31 07:15:00,67302.3,67308.0,67107.1,67151.1,55.92145154
2026-03-31 07:20:00,67151.4,67256.5,67144.5,67149.9,29.31550261
2026-03-31 07:25:00,67149.9,67329.9,67128.3,67300.1,32.71145076
2026-03-31 07:30:00,67300.0,67358.0,67268.5,67327.2,17.72775434
2026-03-31 07:35:00,67327.2,67379.2,67216.5,67326.5,41.49717783
2026-03-31 07:40:00,67326.4,67379.5,67319.9,67342.0,12.92746195
2026-03-31 07:45:00,67341.0,67450.0,67337.1,67407.2,177.46918428
2026-03-31 07:50:00,67407.1,67410.9,67310.6,67391.6,166.68212251
2026-03-31 07:55:00,67391.5,67421.6,67336.0,67373.0,61.71207015
2026-03-31 08:00:00,67372.9,67474.2,67229.0,67447.5,19.2925626
2026-03-31 08:05:00,67455.1,67500.0,67413.7,67494.6,23.54435164
2026-03-31 08:10:00,67494.6,67494.6,67350.6,67353.0,5.44204023
2026-03-31 08:15:00,67353.0,67424.3,67314.7,67374.0,29.37534808
2026-03-31 08:20:00,67374.0,67450.0,67365.0,67365.0,12.55222409
2026-03-31 08:25:00,67365.1,67381.5,67288.1,67310.0,13.43150024
2026-03-31 08:30:00,67310.0,67311.8,67131.6,67151.6,13.72626662
2026-03-31 08:35:00,67151.6,67189.0,67039.6,67047.6,21.59353826
2026-03-31 08:40:00,67047.7,67059.0,66820.5,66849.0,78.96742112
2026-03-31 08:45:00,66848.8,66938.0,66660.8,66913.6,65.96004963
2026-03-31 08:50:00,66913.6,66934.9,66816.0,66903.6,8.45053862
2026-03-31 08:55:00,66903.7,66909.2,66761.7,66769.0,28.36343416
2026-03-31 09:00:00,66769.0,66874.9,66695.6,66855.0,80.46880356
2026-03-31 09:05:00,66855.0,66920.6,66739.6,66760.1,38.9092089
2026-03-31 09:10:00,66760.0,66760.0,66577.3,66692.9,45.43166917
2026-03-31 09:15:00,66693.0,66709.7,66520.1,66536.5,31.8725218
2026-03-31 09:20:00,66538.6,66607.2,66470.1,66594.1,54.83397573
2026-03-31 09:25:00,66594.1,66631.1,66350.0,66435.0,80.00178606
2026-03-31 09:30:00,66434.9,66517.2,66400.2,66455.3,22.65951762
2026-03-31 09:35:00,66455.2,66485.0,66407.2,66472.1,11.22696604
2026-03-31 09:40:00,66472.1,66532.0,66414.6,66513.0,16.63682033
2026-03-31 09:45:00,66513.5,66517.5,66400.1,66439.1,11.2056127
2026-03-31 09:50:00,66439.0,66439.0,66281.2,66368.4,31.82216159
2026-03-31 09:55:00,66368.2,66387.2,66000.0,66132.0,92.58569877
2026-03-31 10:00:00,66132.0,66235.9,66100.5,66235.9,25.04695294
2026-03-31 10:05:00,66235.9,66353.3,66229.0,66338.0,26.84793759
2026-03-31 10:10:00,66338.0,66395.9,66328.1,66382.0,14.35277774
2026-03-31 10:15:00,66382.1,66468.5,66356.5,66373.5,13.57857578
2026-03-31 10:20:00,66373.5,66454.4,66349.0,66428.1,19.68143
2026-03-31 10:25:00,66428.0,66428.0,66351.8,66383.1,14.52603829
2026-03-31 10:30:00,66383.1,66431.7,66323.0,66331.6,8.08940148
2026-03-31 10:35:00,66334.9,66380.6,66111.0,66269.4,111.63626146
2026-03-31 10:40:00,66269.4,66321.7,66233.8,66279.1,18.97550069
2026-03-31 10:45:00,66279.0,66370.3,66248.0,66346.2,25.08194878
2026-03-31 10:50:00,66350.0,66480.9,66349.9,66434.3,25.62442508
2026-03-31 10:55:00,66434.4,66434.4,66321.8,66363.4,9.71824713
2026-03-31 11:00:00,66363.5,66393.2,66296.7,66393.2,13.39960226
2026-03-31 11:05:00,66394.4,66395.6,66238.1,66238.1,11.18875579
2026-03-31 11:10:00,66241.6,66583.5,66237.5,66577.7,109.09900327
2026-03-31 11:15:00,66577.7,66896.2,66532.9,66680.2,104.90064154
2026-03-31 11:20:00,66676.2,66737.2,66584.9,66653.5,20.49914598
2026-03-31 11:25:00,66653.4,66672.0,66624.6,66648.4,14.12865088
2026-03-31 11:30:00,66648.4,66765.8,66644.9,66762.2,9.69448713
2026-03-31 11:35:00,66761.5,66835.9,66733.5,66813.3,16.39509732
2026-03-31 11:40:00,66812.5,66834.4,66680.5,66731.5,14.81471873
2026-03-31 11:45:00,66731.4,66731.4,66576.9,66618.0,12.55502704
2026-03-31 11:50:00,66616.1,66666.4,66583.5,66607.0,4.58755076
2026-03-31 11:55:00,66607.0,66710.6,66602.7,66689.4,10.59243986
2026-03-31 12:00:00,66693.7,66791.0,66693.7,66765.5,17.28341278
2026-03-31 12:05:00,66765.5,66803.7,66701.1,66760.1,10.17689803
2026-03-31 12:10:00,66760.0,66760.0,66576.9,66577.5,13.31024452
2026-03-31 12:15:00,66578.0,66799.9,66525.0,66750.6,33.39595404
2026-03-31 12:20:00,66748.4,66751.4,66635.4,66639.0,25.54731848
2026-03-31 12:25:00,66638.9,66833.2,66633.5,66798.1,41.62398999
2026-03-31 12:30:00,66796.5,66865.6,66729.1,66782.0,8.92277005
2026-03-31 12:35:00,66782.1,66939.8,66778.7,66909.6,17.03462113
2026-03-31 12:40:00,66909.5,66917.4,66857.0,66905.3,9.25938204
2026-03-31 12:45:00,66906.9,66924.0,66706.5,66729.1,17.94777386
2026-03-31 12:50:00,66729.2,66749.3,66660.0,66712.4,6.18919705
2026-03-31 12:55:00,66712.4,66733.0,66652.6,66655.5,4.30386311
2026-03-31 13:00:00,66655.6,66749.5,66655.6,66715.6,9.06346304
2026-03-31 13:05:00,66717.3,66812.7,66684.0,66805.5,17.18858923
2026-03-31 13:10:00,66805.6,66844.5,66791.3,66821.0,6.88905113
2026-03-31 13:15:00,66825.5,66955.5,66796.4,66796.4,20.25639574
2026-03-31 13:20:00,66796.4,66823.9,66760.0,66811.1,4.06140498
2026-03-31 13:25:00,66811.9,66829.9,66794.6,66807.2,9.00211297
2026-03-31 13:30:00,66807.1,66999.8,66736.7,66883.0,35.27569146
2026-03-31 13:35:00,66889.9,67059.8,66817.0,66995.6,31.35716118
2026-03-31 13:40:00,66995.5,67206.8,66955.9,66978.0,45.34821648
2026-03-31 13:45:00,66981.2,67350.0,66981.2,67309.9,78.73474286
2026-03-31 13:50:00,67309.9,67411.5,67133.3,67352.0,37.76361579
2026-03-31 13:55:00,67351.9,67412.9,67193.0,67306.4,15.1267198
2026-03-31 14:00:00,67295.6,67548.6,67252.0,67333.6,93.13141386
2026-03-31 14:05:00,67333.5,67333.5,67115.3,67182.1,40.81447119
2026-03-31 14:10:00,67181.5,67355.9,67181.5,67336.9,12.92200932
2026-03-31 14:15:00,67336.9,67775.5,67322.9,67731.2,78.42685239
2026-03-31 14:20:00,67729.9,67742.7,67616.5,67644.8,28.18804205
2026-03-31 14:25:00,67646.4,67753.5,67528.3,67731.2,33.73238694
2026-03-31 14:30:00,67733.7,67756.2,67494.4,67494.4,24.27775993
2026-03-31 14:35:00,67497.4,67543.9,67310.0,67328.5,26.78114752
2026-03-31 14:40:00,67332.4,67375.9,67085.8,67217.6,43.23775231
2026-03-31 14:45:00,67217.5,67217.5,66888.8,66908.0,30.77842002
2026-03-31 14:50:00,66908.2,66956.5,66477.3,66593.6,80.38914691
2026-03-31 14:55:00,66589.4,66646.8,66427.7,66582.5,66.79669059
2026-03-31 15:00:00,66583.5,66825.9,66583.5,66782.2,41.96449425
2026-03-31 15:05:00,66782.2,67094.4,66779.2,66933.6,60.74930725
2026-03-31 15:10:00,66933.6,67291.7,66933.3,67243.0,61.84742433
2026-03-31 15:15:00,67248.4,67277.5,67100.1,67168.4,26.84941505
2026-03-31 15:20:00,67168.4,67284.3,67100.0,67271.5,15.22779644
2026-03-31 15:25:00,67271.5,67273.2,66900.1,66955.6,69.92145232
2026-03-31 15:30:00,66955.5,67080.0,66875.1,66994.9,19.12984439
2026-03-31 15:35:00,66995.0,67159.3,66967.1,67032.2,11.7556419
2026-03-31 15:40:00,67033.3,67051.3,66900.1,66943.3,19.5426404
2026-03-31 15:45:00,66943.3,66995.8,66830.6,66952.2,20.36723572
2026-03-31 15:50:00,66952.2,67056.3,66907.5,66985.0,13.68401361
2026-03-31 15:55:00,66985.7,67001.8,66700.1,66733.1,31.73541468
2026-03-31 16:00:00,66733.1,66953.9,66727.7,66857.0,33.98030039
2026-03-31 16:05:00,66857.0,67003.7,66830.0,66977.6,6.22728856
2026-03-31 16:10:00,66977.5,66977.5,66770.1,66932.5,8.3391316
2026-03-31 16:15:00,66932.5,67058.7,66915.0,67006.2,23.1031937
2026-03-31 16:20:00,67006.2,67191.1,66969.9,67191.1,50.24143953
2026-03-31 16:25:00,67191.3,67210.0,67078.8,67099.5,29.6232766
2026-03-31 16:30:00,67098.9,67142.6,67038.6,67038.6,13.27850943
2026-03-31 16:35:00,67038.4,67518.0,66966.6,67518.0,57.20741349
2026-03-31 16:40:00,67514.1,68026.4,67500.1,67786.7,208.40183655
2026-03-31 16:45:00,67778.5,67907.1,67491.7,67753.6,83.71371649
2026-03-31 16:50:00,67753.5,67830.2,67553.1,67673.2,58.91809959
2026-03-31 16:55:00,67676.4,67678.8,67528.3,67673.8,29.55862427
2026-03-31 17:00:00,67673.9,67885.7,67609.6,67795.1,47.00172291
2026-03-31 17:05:00,67805.2,67805.2,67582.9,67673.8,29.41615855
2026-03-31 17:10:00,67673.8,68482.0,67646.5,68453.9,306.68851645
2026-03-31 17:15:00,68454.0,68588.0,68234.0,68252.6,100.01556119
2026-03-31 17:20:00,68247.8,68404.2,68143.0,68321.4,53.48727227
2026-03-31 17:25:00,68322.1,68359.9,67981.6,68029.6,64.3337159
2026-03-31 17:30:00,68027.2,68120.5,67907.8,68022.9,45.38026926
2026-03-31 17:35:00,68026.0,68058.0,67642.5,67757.4,79.10122647
2026-03-31 17:40:00,67762.7,67767.9,67605.6,67704.9,56.92804272
2026-03-31 17:45:00,67710.8,67770.9,67545.5,67660.2,30.68124153
2026-03-31 17:50:00,67660.3,67730.9,67513.3,67616.7,66.83204659
2026-03-31 17:55:00,67620.0,67637.0,67405.3,67527.1,70.2651963
2026-03-31 18:00:00,67527.2,67651.9,67523.3,67614.4,14.1757762
2026-03-31 18:05:00,67614.1,67798.2,67577.7,67760.4,13.77883207
2026-03-31 18:10:00,67760.0,67784.1,67670.6,67774.9,34.78622841
2026-03-31 18:15:00,67774.9,67948.4,67730.2,67756.6,62.40163861
2026-03-31 18:20:00,67753.4,67805.1,67723.4,67729.9,9.76726225
2026-03-31 18:25:00,67732.7,67826.9,67628.9,67778.9,15.67641406
2026-03-31 18:30:00,67778.9,67830.9,67642.4,67753.2,26.1549604
2026-03-31 18:35:00,67751.7,67884.5,67695.8,67837.7,7.71926244
2026-03-31 18:40:00,67837.7,67837.7,67711.1,67823.0,8.4001517
2026-03-31 18:45:00,67823.1,67939.9,67820.0,67857.0,22.52818884
2026-03-31 18:50:00,67857.0,67897.3,67778.7,67795.2,5.91274742
2026-03-31 18:55:00,67794.6,67854.5,67739.8,67848.9,4.84291051
2026-03-31 19:00:00,67849.0,67945.2,67837.4,67929.4,15.67527791
2026-03-31 19:05:00,67929.5,68008.5,67843.4,67860.1,18.82485966
2026-03-31 19:10:00,67860.0,68028.7,67853.4,67995.3,16.97062492
2026-03-31 19:15:00,67995.2,68028.7,67898.8,67927.0,10.30124794
2026-03-31 19:20:00,67923.5,67974.6,67859.4,67934.0,12.40451972
2026-03-31 19:25:00,67933.9,67965.8,67847.6,67881.4,20.13169695
2026-03-31 19:30:00,67881.4,67937.4,67808.1,67846.6,16.24783559
2026-03-31 19:35:00,67844.6,67894.0,67756.0,67769.6,21.890316
2026-03-31 19:40:00,67769.6,67836.2,67708.4,67832.0,10.33262914
2026-03-31 19:45:00,67832.0,67969.2,67813.8,67906.8,8.22213861
2026-03-31 19:50:00,67906.8,67952.6,67799.2,67845.0,9.87348053
2026-03-31 19:55:00,67846.3,67890.0,67727.3,67833.7,14.62354098
2026-03-31 20:00:00,67836.5,67949.1,67821.6,67945.5,10.38238206
2026-03-31 20:05:00,67943.8,68079.9,67937.4,68051.4,25.11105184
2026-03-31 20:10:00,68051.4,68199.0,68023.4,68142.2,24.67212631
2026-03-31 20:15:00,68142.2,68166.8,68011.8,68011.8,17.72618024
2026-03-31 20:20:00,68012.5,68041.4,67933.3,68002.7,42.20112289
2026-03-31 20:25:00,68002.7,68003.7,67959.5,67995.0,9.0726211
2026-03-31 20:30:00,67995.0,68017.1,67946.4,67957.6,4.30750594
2026-03-31 20:35:00,67957.6,68125.4,67957.6,68092.0,8.79371367
2026-03-31 20:40:00,68092.0,68098.7,68028.5,68044.3,7.8574283
2026-03-31 20:45:00,68044.4,68217.6,68018.3,68164.7,47.13482591
2026-03-31 20:50:00,68164.1,68209.7,68102.6,68209.7,7.92669652
2026-03-31 20:55:00,68209.7,68263.9,68180.4,68263.8,15.33544007
2026-03-31 21:00:00,68263.9,68263.9,68007.8,68071.0,25.71793997
2026-03-31 21:05:00,68070.9,68131.7,68003.7,68003.7,15.26407582
2026-03-31 21:10:00,68002.9,68026.2,67947.3,68018.1,32.75498074
2026-03-31 21:15:00,68018.1,68036.0,67924.4,67951.2,13.75080454
2026-03-31 21:20:00,67951.2,67969.8,67885.8,67954.8,45.74243176
2026-03-31 21:25:00,67954.7,68058.8,67953.2,68031.7,6.00421512
2026-03-31 21:30:00,68031.7,68143.7,68030.5,68080.2,11.66828268
2026-03-31 21:35:00,68080.2,68121.7,68059.0,68095.4,3.96552242
2026-03-31 21:40:00,68094.8,68175.1,68094.8,68156.2,3.59764027
2026-03-31 21:45:00,68161.4,68213.2,68155.8,68213.2,3.82953024
2026-03-31 21:50:00,68213.3,68391.0,68190.3,68374.3,42.93319838
2026-03-31 21:55:00,68374.3,68414.1,68232.2,68271.9,8.16136754
2026-03-31 22:00:00,68272.0,68338.0,68174.0,68205.2,11.78807519
2026-03-31 22:05:00,68205.1,68263.7,68051.4,68101.4,18.04872929
2026-03-31 22:10:00,68101.5,68220.0,68101.5,68201.3,20.30072144
2026-03-31 22:15:00,68201.3,68265.4,68178.3,68220.5,8.46304308
2026-03-31 22:20:00,68220.4,68307.0,68175.6,68191.4,58.21549375
2026-03-31 22:25:00,68191.4,68191.4,68090.7,68111.0,14.21462622
2026-03-31 22:30:00,68111.0,68115.2,67958.0,68044.4,50.63611233
2026-03-31 22:35:00,68044.4,68088.8,68023.7,68076.5,8.44659657
2026-03-31 22:40:00,68076.6,68244.4,68075.5,68181.1,18.13314611
2026-03-31 22:45:00,68181.0,68181.0,68093.9,68167.5,25.22898564
2026-03-31 22:50:00,68167.5,68212.5,68147.5,68168.5,14.12180167
2026-03-31 22:55:00,68168.4,68217.1,68150.9,68174.8,9.41541692
2026-03-31 23:00:00,68175.0,68199.0,68073.1,68141.5,15.57141971
2026-03-31 23:05:00,68141.5,68278.7,68125.6,68249.0,17.59827239
2026-03-31 23:10:00,68249.0,68289.1,68189.7,68213.0,20.82437213
2026-03-31 23:15:00,68215.0,68372.0,68176.4,68348.5,55.31919668
2026-03-31 23:20:00,68348.4,68358.0,68232.0,68257.4,7.08056124
2026-03-31 23:25:00,68257.4,68302.0,68214.0,68257.0,10.0003673
2026-03-31 23:30:00,68256.9,68299.3,68237.1,68260.0,6.5926262
2026-03-31 23:35:00,68260.0,68360.6,68250.5,68349.4,14.9509358
2026-03-31 23:40:00,68349.4,68350.5,68300.6,68304.9,9.89684771
2026-03-31 23:45:00,68304.9,68304.9,68211.0,68229.9,11.43915634
2026-03-31 23:50:00,68227.5,68331.9,68224.6,68278.1,7.75142939
2026-03-31 23:55:00,68278.1,68309.5,68244.5,68278.0,12.91401487
2026-04-01 00:00:00,68277.9,68277.9,68110.1,68195.9,14.32937134
2026-04-01 00:05:00,68196.0,68222.0,68132.2,68163.1,12.06147881
2026-04-01 00:10:00,68163.0,68163.9,68030.0,68040.8,40.58868855
2026-04-01 00:15:00,68041.0,68216.0,68041.0,68134.2,15.7426517
2026-04-01 00:20:00,68134.3,68194.7,67930.4,67969.4,41.85847741
2026-04-01 00:25:00,67969.2,67998.0,67914.2,67998.0,13.61190184
2026-04-01 00:30:00,67998.0,68032.2,67855.0,67921.1,20.11871712
2026-04-01 00:35:00,67921.1,67993.3,67921.1,67974.9,8.99712835
2026-04-01 00:40:00,67975.0,68058.4,67974.5,68058.3,7.38410042
2026-04-01 00:45:00,68058.4,68122.3,68025.5,68115.5,25.81656663
2026-04-01 00:50:00,68115.6,68349.1,68115.6,68289.5,27.86545101
2026-04-01 00:55:00,68283.5,68330.1,68220.0,68326.0,5.52079618
2026-04-01 01:00:00,68327.3,68359.1,68214.7,68325.7,18.71124525
2026-04-01 01:05:00,68325.7,68329.2,68149.8,68256.4,11.2844483
2026-04-01 01:10:00,68256.4,68305.7,68233.9,68262.3,13.09485716
2026-04-01 01:15:00,68262.3,68262.4,68056.5,68078.2,35.00543062
2026-04-01 01:20:00,68078.3,68102.0,68020.2,68054.6,12.87572064
2026-04-01 01:25:00,68054.6,68099.4,68039.1,68046.6,15.55087563
2026-04-01 01:30:00,68046.6,68097.5,67912.9,67935.3,23.75874921
2026-04-01 01:35:00,67935.2,67986.4,67800.0,67896.5,21.60190426
2026-04-01 01:40:00,67896.6,67955.3,67862.4,67955.3,7.12537197
2026-04-01 01:45:00,67955.7,67956.0,67846.5,67861.7,20.53728878
2026-04-01 01:50:00,67861.7,67945.8,67846.5,67869.0,18.48678817
2026-04-01 01:55:00,67869.0,67939.1,67750.0,67781.7,38.37294453
2026-04-01 02:00:00,67781.7,67860.5,67778.3,67850.5,13.05307849
2026-04-01 02:05:00,67850.5,67903.6,67773.1,67846.8,17.41103214
2026-04-01 02:10:00,67846.9,67867.9,67708.9,67840.1,22.94786219
2026-04-01 02:15:00,67840.0,67905.5,67753.5,67890.0,16.91060439
2026-04-01 02:20:00,67885.4,67911.2,67820.6,67840.9,4.77703826
2026-04-01 02:25:00,67840.9,67841.0,67612.8,67634.0,20.19171318
2026-04-01 02:30:00,67633.9,67708.4,67584.1,67594.5,16.95602133
2026-04-01 02:35:00,67594.6,67721.8,67590.0,67617.6,24.6082688
2026-04-01 02:40:00,67617.6,67697.5,67617.6,67647.6,13.6212368
2026-04-01 02:45:00,67647.6,67733.8,67619.0,67625.6,29.85243158
2026-04-01 02:50:00,67625.6,67663.7,67599.1,67649.9,9.14720846
2026-04-01 02:55:00,67650.0,67663.4,67599.1,67663.3,12.85543097
2026-04-01 03:00:00,67663.4,67799.9,67663.4,67791.4,10.66307326
2026-04-01 03:05:00,67791.4,68107.1,67791.4,68062.6,27.19834612
2026-04-01 03:10:00,68064.0,68064.0,67985.0,67987.1,10.48134743
2026-04-01 03:15:00,67985.6,68027.1,67949.0,67992.1,6.18016101
2026-04-01 03:20:00,67992.1,68000.9,67940.1,67952.1,22.14435489
2026-04-01 03:25:00,67952.0,67970.0,67924.6,67965.0,4.49892469
2026-04-01 03:30:00,67970.5,68024.3,67939.0,67950.7,6.0453003
2026-04-01 03:35:00,67950.0,67978.0,67915.0,67976.2,9.61741684
2026-04-01 03:40:00,67974.6,68079.9,67942.5,68055.1,12.50939007
2026-04-01 03:45:00,68055.1,68240.0,68055.1,68166.7,32.20249807
2026-04-01 03:50:00,68166.6,68167.0,68089.5,68153.1,7.14524357
2026-04-01 03:55:00,68153.6,68181.9,68099.2,68162.2,18.92867275
2026-04-01 04:00:00,68160.7,68253.2,68145.6,68150.0,20.91330999
2026-04-01 04:05:00,68150.0,68157.5,68107.9,68124.5,6.75935433
2026-04-01 04:10:00,68130.0,68130.1,67980.5,68068.0,52.10290115
2026-04-01 04:15:00,68068.0,68135.3,68034.9,68122.5,10.37063968
2026-04-01 04:20:00,68122.5,68232.1,68098.7,68125.2,50.53531715
2026-04-01 04:25:00,68125.3,68162.5,68117.0,68151.7,6.84838715
2026-04-01 04:30:00,68151.8,68194.5,68101.9,68174.0,4.76865755
2026-04-01 04:35:00,68174.0,68238.0,68132.5,68200.6,10.84756299
2026-04-01 04:40:00,68202.9,68278.6,68194.5,68216.5,8.3327497
2026-04-01 04:45:00,68216.4,68320.7,68200.0,68287.5,17.01963667
2026-04-01 04:50:00,68285.6,68482.0,68275.1,68329.1,38.13936065
2026-04-01 04:55:00,68329.0,68330.0,68224.5,68306.8,25.04876498
2026-04-01 05:00:00,68306.7,68312.5,68150.0,68150.2,20.09892229
2026-04-01 05:05:00,68150.2,68229.1,68150.2,68228.7,3.88177597
2026-04-01 05:10:00,68227.4,68423.7,68193.1,68399.7,37.11776092
2026-04-01 05:15:00,68397.9,68545.3,68350.0,68475.8,36.28165515
2026-04-01 05:20:00,68475.9,68555.0,68421.1,68530.1,12.61440753
2026-04-01 05:25:00,68530.1,68750.0,68525.0,68587.8,99.453714
2026-04-01 05:30:00,68591.3,68657.7,68530.4,68613.6,25.01993606
2026-04-01 05:35:00,68613.0,68643.4,68500.0,68516.4,33.16471776
2026-04-01 05:40:00,68516.4,68578.6,68474.5,68507.5,13.18223087
2026-04-01 05:45:00,68507.3,68522.5,68449.2,68479.9,21.98434533
2026-04-01 05:50:00,68480.0,68557.8,68480.0,68514.3,6.36402033
2026-04-01 05:55:00,68516.3,68520.3,68439.9,68454.8,11.24325269
2026-04-01 06:00:00,68454.9,68537.5,68454.0,68486.1,5.53619632
2026-04-01 06:05:00,68486.1,68680.0,68486.1,68616.2,18.76507621
2026-04-01 06:10:00,68616.3,68700.0,68616.3,68647.2,18.71720259
2026-04-01 06:15:00,68647.2,68780.0,68610.9,68780.0,19.69234692
2026-04-01 06:20:00,68780.0,68873.3,68744.3,68840.1,52.57746751
2026-04-01 06:25:00,68840.1,68886.0,68811.1,68859.2,24.51547523
2026-04-01 06:30:00,68859.2,68999.0,68799.2,68951.0,53.19096344
2026-04-01 06:35:00,68949.9,69089.9,68937.9,68971.0,70.68731395
2026-04-01 06:40:00,68970.9,69238.1,68970.9,69208.0,64.50708438
2026-04-01 06:45:00,69213.5,69237.2,69037.5,69037.6,44.44506413
2026-04-01 06:50:00,69037.6,69138.8,69025.2,69138.7,21.94382988
2026-04-01 06:55:00,69138.8,69212.8,69100.1,69105.0,31.86504929
2026-04-01 07:00:00,69106.6,69248.6,69106.6,69132.5,35.26564
2026-04-01 07:05:00,69133.5,69232.5,69133.4,69232.5,17.97490589
2026-04-01 07:10:00,69233.0,69318.0,69129.8,69178.2,65.12904762
2026-04-01 07:15:00,69177.3,69185.0,69013.6,69013.6,49.29358173
2026-04-01 07:20:00,69012.9,69012.9,68849.9,68888.6,41.48792876
2026-04-01 07:25:00,68889.0,68993.7,68889.0,68894.6,21.87051212
2026-04-01 07:30:00,68894.7,68994.7,68890.0,68910.8,54.34793007
2026-04-01 07:35:00,68910.8,68968.0,68872.5,68900.8,32.40949609
2026-04-01 07:40:00,68900.9,68938.4,68849.6,68893.2,27.05453225
2026-04-01 07:45:00,68893.3,68917.9,68700.3,68757.6,36.58543602
2026-04-01 07:50:00,68757.7,68799.9,68689.6,68706.4,41.39461191
2026-04-01 07:55:00,68706.5,68748.0,68663.4,68694.1,42.21276912
2026-04-01 08:00:00,68694.1,68772.5,68650.0,68694.3,119.76265393
2026-04-01 08:05:00,68697.5,68725.6,68579.3,68581.7,51.13996257
2026-04-01 08:10:00,68580.5,68628.8,68520.0,68532.2,18.7513228
2026-04-01 08:15:00,68532.2,68593.9,68442.1,68542.8,54.95004185
2026-04-01 08:20:00,68542.8,68681.5,68542.8,68664.8,30.5658765
2026-04-01 08:25:00,68666.6,68742.9,68666.6,68739.9,14.27791766
2026-04-01 08:30:00,68742.9,68781.5,68719.4,68742.0,18.44547699
2026-04-01 08:35:00,68741.9,68850.0,68716.5,68828.5,38.05740999
2026-04-01 08:40:00,68826.9,68850.0,68723.4,68773.1,9.90398318
2026-04-01 08:45:00,68773.0,68784.0,68722.9,68726.9,50.85613376
2026-04-01 08:50:00,68727.0,68787.4,68605.8,68631.8,54.26442746
2026-04-01 08:55:00,68630.6,68730.0,68555.5,68660.9,6.83527673
2026-04-01 09:00:00,68661.0,68730.0,68612.6,68705.0,9.03067203
2026-04-01 09:05:00,68705.1,68728.9,68472.3,68482.9,23.83766584
2026-04-01 09:10:00,68482.9,68511.5,68450.0,68489.4,11.74878772
2026-04-01 09:15:00,68489.5,68538.7,68410.9,68452.5,16.80870888
2026-04-01 09:20:00,68452.5,68479.1,68390.9,68426.0,16.19338417
2026-04-01 09:25:00,68425.9,68565.3,68416.7,68554.4,8.31202417
2026-04-01 09:30:00,68553.1,68618.5,68540.1,68549.2,10.83517857
2026-04-01 09:35:00,68549.2,68583.7,68450.0,68450.0,28.64005297
2026-04-01 09:40:00,68450.0,68489.6,68392.6,68475.8,35.53567635
2026-04-01 09:45:00,68477.4,68597.6,68477.4,68593.0,7.69061099
2026-04-01 09:50:00,68592.9,68685.2,68592.9,68651.3,11.4058012
2026-04-01 09:55:00,68657.9,68695.6,68629.7,68644.6,14.85967054
2026-04-01 10:00:00,68644.6,68661.1,68542.5,68545.9,10.15650651
2026-04-01 10:05:00,68544.0,68586.1,68540.0,68540.1,2.69410017
2026-04-01 10:10:00,68540.0,68588.6,68499.5,68508.4,17.68791645
2026-04-01 10:15:00,68508.4,68550.4,68484.5,68500.1,16.4658021
2026-04-01 10:20:00,68500.0,68631.0,68500.0,68596.9,13.3107271
2026-04-01 10:25:00,68596.9,68597.0,68491.6,68521.3,9.63942307
2026-04-01 10:30:00,68518.7,68573.6,68461.6,68461.6,4.58786995
2026-04-01 10:35:00,68461.5,68494.0,68410.4,68460.5,15.22447863
2026-04-01 10:40:00,68460.6,68547.1,68460.5,68498.5,18.98517901
2026-04-01 10:45:00,68498.5,68584.1,68487.9,68584.0,7.21851416
2026-04-01 10:50:00,68584.0,68625.0,68567.0,68594.5,30.79821555
2026-04-01 10:55:00,68594.5,68595.4,68433.5,68580.5,11.93561412
2026-04-01 11:00:00,68580.5,68631.5,68536.1,68572.5,17.80754178
2026-04-01 11:05:00,68572.4,68584.5,68506.5,68516.5,3.11906121
2026-04-01 11:10:00,68516.5,68666.3,68505.5,68620.4,11.24895642
2026-04-01 11:15:00,68620.5,68638.9,68537.9,68569.9,6.88193933
2026-04-01 11:20:00,68569.9,68598.1,68510.0,68566.9,18.17805018
2026-04-01 11:25:00,68566.9,68654.3,68558.5,68558.6,19.78859447
2026-04-01 11:30:00,68558.6,68624.2,68534.0,68537.5,12.90070838
2026-04-01 11:35:00,68537.5,68623.5,68537.4,68623.5,16.59496528
2026-04-01 11:40:00,68624.1,68641.2,68546.2,68609.0,10.84359364
2026-04-01 11:45:00,68609.0,68663.6,68593.9,68663.6,3.96623014
2026-04-01 11:50:00,68663.6,68754.1,68639.2,68710.4,20.5439966
2026-04-01 11:55:00,68717.3,68737.9,68694.9,68712.4,6.22275602
2026-04-01 12:00:00,68711.7,68729.0,68478.2,68505.9,37.01405304
2026-04-01 12:05:00,68505.8,68599.8,68505.8,68525.9,7.42325185
2026-04-01 12:10:00,68526.0,68620.1,68526.0,68585.7,18.06862346
2026-04-01 12:15:00,68585.6,68663.4,68585.6,68652.6,17.87630864
2026-04-01 12:20:00,68652.6,68653.8,68533.2,68573.9,4.81926981
2026-04-01 12:25:00,68574.0,68621.5,68509.6,68516.5,9.14641185
2026-04-01 12:30:00,68516.5,68580.0,68412.0,68418.4,20.23297214
2026-04-01 12:35:00,68416.0,68453.0,68285.7,68285.8,31.92104221
2026-04-01 12:40:00,68285.8,68782.4,68259.1,68668.1,66.56671644
2026-04-01 12:45:00,68662.6,68797.9,68400.0,68406.5,103.92783722
2026-04-01 12:50:00,68406.4,68570.0,68351.4,68396.2,25.34647367
2026-04-01 12:55:00,68400.7,68417.5,68350.0,68398.3,9.75531903
2026-04-01 13:00:00,68398.4,68399.0,68210.3,68298.9,37.18666275
2026-04-01 13:05:00,68298.9,68315.5,68166.1,68291.6,42.01431332
2026-04-01 13:10:00,68292.3,68445.8,68292.3,68439.4,10.88879285
2026-04-01 13:15:00,68438.0,68521.7,68438.0,68513.3,10.69063072
2026-04-01 13:20:00,68513.2,68520.9,68434.7,68473.9,8.60460037
2026-04-01 13:25:00,68474.0,68598.6,68457.6,68566.0,24.73374626
2026-04-01 13:30:00,68566.5,68608.1,68412.8,68584.4,38.94789652
2026-04-01 13:35:00,68584.5,68685.2,68483.7,68526.5,23.46235904
2026-04-01 13:40:00,68521.6,68521.6,67940.0,68118.1,163.25888138
2026-04-01 13:45:00,68113.8,68156.4,67933.5,68017.9,67.26435618
2026-04-01 13:50:00,68017.8,68293.8,67980.0,68133.8,33.70511933
2026-04-01 13:55:00,68127.7,68239.5,68052.6,68120.7,37.1252526
2026-04-01 14:00:00,68120.6,68291.1,68087.1,68243.0,15.1798314
2026-04-01 14:05:00,68244.0,68280.4,68053.8,68185.0,23.04436111
2026-04-01 14:10:00,68186.7,68269.2,68132.6,68267.6,16.67319575
2026-04-01 14:15:00,68267.5,68357.0,68227.2,68307.1,42.4626283
2026-04-01 14:20:00,68304.6,68520.0,68255.2,68403.8,57.9004533
2026-04-01 14:25:00,68403.8,68519.0,68362.1,68516.0,27.71750025
2026-04-01 14:30:00,68515.9,68650.0,68278.8,68300.7,50.73627678
2026-04-01 14:35:00,68300.8,68564.2,68244.0,68406.2,69.58776073
2026-04-01 14:40:00,68402.4,68419.7,68276.6,68404.4,37.30222172
2026-04-01 14:45:00,68404.5,68570.0,68352.6,68558.5,26.29885273
2026-04-01 14:50:00,68558.4,68680.0,68499.5,68605.0,39.83690712
2026-04-01 14:55:00,68605.9,68625.2,68540.0,68594.2,31.5136891
2026-04-01 15:00:00,68594.2,68649.8,68524.5,68594.1,16.80434296
2026-04-01 15:05:00,68595.4,68672.4,68530.1,68559.5,17.61323982
2026-04-01 15:10:00,68559.4,68559.4,68457.4,68485.4,22.58359018
2026-04-01 15:15:00,68488.7,68619.2,68424.0,68570.6,16.73653083
2026-04-01 15:20:00,68570.5,68800.0,68542.3,68800.0,49.32974118
2026-04-01 15:25:00,68800.0,68897.8,68675.2,68743.0,55.13558241
2026-04-01 15:30:00,68743.0,68833.2,68660.2,68747.1,22.07253736
2026-04-01 15:35:00,68748.5,68869.5,68730.1,68732.0,23.94255866
2026-04-01 15:40:00,68730.1,68787.4,68682.7,68755.8,12.96242945
2026-04-01 15:45:00,68755.8,68848.7,68755.7,68782.6,17.54155511
2026-04-01 15:50:00,68782.5,68960.0,68763.1,68888.1,31.43356081
2026-04-01 15:55:00,68888.1,68950.0,68872.0,68917.3,15.70740797
2026-04-01 16:00:00,68917.3,68930.5,68756.1,68765.5,18.55650101
2026-04-01 16:05:00,68765.6,68811.8,68700.0,68792.4,27.82065143
2026-04-01 16:10:00,68791.5,68811.1,68648.0,68674.0,14.54841618
2026-04-01 16:15:00,68674.0,68765.5,68612.7,68752.4,25.18489134
2026-04-01 16:20:00,68755.2,68837.0,68717.5,68794.5,13.94726814
2026-04-01 16:25:00,68794.5,68945.5,68757.0,68868.0,18.42455736
2026-04-01 16:30:00,68868.1,68946.1,68714.4,68745.8,24.99675379
2026-04-01 16:35:00,68747.0,68988.0,68724.0,68899.3,35.55643731
2026-04-01 16:40:00,68899.2,68986.8,68857.3,68941.9,20.3317892
2026-04-01 16:45:00,68941.9,68959.2,68821.7,68860.6,17.365902
2026-04-01 16:50:00,68860.6,68890.0,68827.5,68854.5,12.57196629
2026-04-01 16:55:00,68856.4,68881.0,68809.9,68817.5,5.78759728
2026-04-01 17:00:00,68817.4,69176.3,68809.9,69077.1,56.97737767
2026-04-01 17:05:00,69075.8,69075.8,68878.0,68894.4,23.44688231
2026-04-01 17:10:00,68894.1,68894.1,68730.7,68745.9,19.20508193
2026-04-01 17:15:00,68746.0,68793.5,68729.0,68748.5,15.89537951
2026-04-01 17:20:00,68748.4,68748.4,68499.0,68572.9,36.25164534
2026-04-01 17:25:00,68572.9,68582.9,68492.6,68521.9,31.64976926
2026-04-01 17:30:00,68522.0,68544.0,68388.1,68409.7,20.31604561
2026-04-01 17:35:00,68408.2,68493.8,68300.1,68437.4,42.2393795
2026-04-01 17:40:00,68437.4,68486.1,68404.1,68428.1,14.3649786
2026-04-01 17:45:00,68428.1,68440.9,68274.7,68314.6,6.76224112
2026-04-01 17:50:00,68314.6,68353.7,68250.0,68329.0,13.51229413
2026-04-01 17:55:00,68327.5,68356.8,68246.1,68265.5,7.2743637
2026-04-01 18:00:00,68263.6,68296.6,67942.6,68044.5,81.50942396
2026-04-01 18:05:00,68044.5,68075.2,67987.4,68042.0,26.32239184
2026-04-01 18:10:00,68039.5,68175.5,68031.1,68083.8,27.22709559
2026-04-01 18:15:00,68083.7,68114.5,67988.5,68062.0,17.84756974
2026-04-01 18:20:00,68060.5,68143.2,68028.4,68037.8,8.83891723
2026-04-01 18:25:00,68039.3,68161.3,68039.3,68091.0,14.37097904
2026-04-01 18:30:00,68091.0,68177.7,68044.0,68177.7,9.16090523
2026-04-01 18:35:00,68177.6,68218.9,68092.0,68188.0,10.36821919
2026-04-01 18:40:00,68184.1,68319.6,68178.0,68227.5,17.43839664
2026-04-01 18:45:00,68227.5,68230.5,68100.5,68182.4,7.85683324
2026-04-01 18:50:00,68180.3,68217.0,68091.6,68091.6,26.09323922
2026-04-01 18:55:00,68091.7,68111.4,68007.8,68079.9,8.08308864
2026-04-01 19:00:00,68080.0,68194.5,68073.0,68164.0,7.59078788
2026-04-01 19:05:00,68164.0,68231.4,68158.5,68166.6,7.5901653
2026-04-01 19:10:00,68166.5,68166.5,68060.0,68068.6,6.83785329
2026-04-01 19:15:00,68060.1,68107.0,68028.8,68101.1,11.003799
2026-04-01 19:20:00,68101.1,68125.2,68075.1,68123.2,6.65409576
2026-04-01 19:25:00,68123.3,68278.5,68123.3,68272.3,12.04155138
2026-04-01 19:30:00,68272.3,68295.6,68059.4,68115.0,14.18148966
2026-04-01 19:35:00,68115.1,68194.6,68074.2,68173.6,5.87776458
2026-04-01 19:40:00,68173.6,68239.6,68152.5,68152.6,8.74176096
2026-04-01 19:45:00,68152.5,68280.9,68142.8,68258.8,9.31276719
2026-04-01 19:50:00,68258.9,68270.5,68111.5,68175.6,20.37440943
2026-04-01 19:55:00,68175.6,68193.7,68136.4,68176.6,26.19835511
2026-04-01 20:00:00,68172.8,68195.1,68009.0,68048.9,20.02800387
2026-04-01 20:05:00,68050.5,68149.9,68050.5,68085.9,7.4168428
2026-04-01 20:10:00,68086.0,68166.5,68074.5,68084.0,9.7863873
2026-04-01 20:15:00,68084.0,68116.1,68033.5,68065.5,7.61759969
2026-04-01 20:20:00,68065.5,68139.9,68022.5,68111.9,7.87588539
2026-04-01 20:25:00,68111.9,68128.4,68028.2,68044.3,5.55817649
2026-04-01 20:30:00,68044.3,68071.5,67959.2,68050.5,10.02989953
2026-04-01 20:35:00,68050.6,68166.5,68049.4,68142.6,8.79438734
2026-04-01 20:40:00,68142.6,68179.9,68097.5,68170.8,9.66107431
2026-04-01 20:45:00,68170.7,68194.1,68149.5,68187.0,3.85593267
2026-04-01 20:50:00,68187.0,68255.1,68186.9,68240.5,5.24753763
2026-04-01 20:55:00,68240.5,68240.5,68175.9,68190.5,5.37655378
2026-04-01 21:00:00,68190.5,68283.0,68168.2,68242.1,8.39393297
2026-04-01 21:05:00,68242.0,68372.3,68242.0,68340.6,15.18933629
2026-04-01 21:10:00,68340.7,68353.6,68225.6,68282.7,13.27039592
2026-04-01 21:15:00,68282.8,68350.0,68270.9,68348.6,5.6859903
2026-04-01 21:20:00,68348.6,68420.0,68330.4,68420.0,8.15527653
2026-04-01 21:25:00,68419.9,68530.0,68418.5,68434.8,15.81419906
2026-04-01 21:30:00,68434.9,68515.5,68416.0,68505.0,8.16368934
2026-04-01 21:35:00,68504.9,68505.0,68362.2,68393.0,8.40446841
2026-04-01 21:40:00,68393.0,68393.0,68307.6,68343.1,9.76845849
2026-04-01 21:45:00,68343.0,68345.4,68307.6,68322.7,5.28472611
2026-04-01 21:50:00,68322.7,68341.5,68259.0,68324.0,10.5195067
2026-04-01 21:55:00,68320.8,68467.9,68320.7,68357.5,8.50808358
2026-04-01 22:00:00,68357.5,68357.5,68236.1,68266.9,10.88270222
2026-04-01 22:05:00,68265.5,68274.4,68147.4,68217.0,8.70964955
2026-04-01 22:10:00,68214.1,68251.2,68180.0,68216.3,7.86564013
2026-04-01 22:15:00,68216.2,68216.2,68059.6,68075.0,14.60592251
2026-04-01 22:20:00,68075.0,68259.5,68075.0,68249.4,14.36117519
2026-04-01 22:25:00,68249.3,68249.3,68156.4,68178.0,5.26276056
2026-04-01 22:30:00,68178.1,68258.4,68132.5,68246.8,5.33873653
2026-04-01 22:35:00,68246.7,68246.7,68140.0,68204.6,8.75551677
2026-04-01 22:40:00,68204.5,68326.3,68182.0,68238.0,13.60843605
2026-04-01 22:45:00,68238.0,68260.0,68150.1,68168.5,4.56766999
2026-04-01 22:50:00,68168.5,68176.7,68073.0,68127.1,6.28444023
2026-04-01 22:55:00,68127.1,68152.5,68098.7,68115.5,5.29420954
2026-04-01 23:00:00,68115.5,68224.7,68115.5,68224.5,14.82927933
2026-04-01 23:05:00,68224.6,68255.2,68177.2,68219.1,10.71093233
2026-04-01 23:10:00,68219.0,68224.5,68168.5,68200.0,7.6101319
2026-04-01 23:15:00,68196.6,68196.6,68102.0,68119.0,5.60963185
2026-04-01 23:20:00,68119.0,68143.3,68076.8,68088.2,11.41331363
2026-04-01 23:25:00,68088.2,68131.3,68084.4,68116.4,5.9504132
2026-04-01 23:30:00,68116.4,68131.0,67982.9,68124.0,16.41102168
2026-04-01 23:35:00,68126.4,68179.9,68126.4,68140.5,7.48699013
2026-04-01 23:40:00,68140.5,68169.9,68093.0,68103.4,5.00164179
2026-04-01 23:45:00,68104.9,68173.1,68062.0,68167.5,7.55050675
2026-04-01 23:50:00,68167.5,68171.9,68063.0,68137.5,3.14045828
2026-04-01 23:55:00,68137.4,68137.4,68061.1,68111.8,4.94455005
2026-04-02 00:00:00,68111.9,68159.5,68046.4,68120.5,14.1012031
2026-04-02 00:05:00,68120.4,68167.8,68084.5,68151.7,14.73059397
2026-04-02 00:10:00,68151.6,68231.4,68151.6,68208.3,7.43451926
2026-04-02 00:15:00,68208.4,68249.8,68128.3,68194.0,5.92439621
2026-04-02 00:20:00,68194.1,68266.5,68189.6,68235.3,6.66925163
2026-04-02 00:25:00,68235.4,68270.3,68213.6,68213.6,11.21570175
2026-04-02 00:30:00,68213.7,68300.0,68200.0,68291.6,5.53230018
2026-04-02 00:35:00,68294.5,68375.0,68242.0,68373.9,27.71557343
2026-04-02 00:40:00,68373.5,68529.4,68343.4,68529.4,31.83385541
2026-04-02 00:45:00,68529.3,68577.0,68428.0,68480.5,13.95924321
2026-04-02 00:50:00,68480.5,68613.9,68432.5,68613.9,10.31162865
2026-04-02 00:55:00,68608.9,68653.7,68557.5,68599.5,8.26703294
2026-04-02 01:00:00,68599.0,68599.0,68054.0,68105.8,39.84505624
2026-04-02 01:05:00,68101.5,68359.9,67634.0,68165.4,170.48508517
2026-04-02 01:10:00,68165.1,68450.2,68084.2,68142.4,36.80421338
2026-04-02 01:15:00,68136.5,68142.3,67429.9,67594.7,132.42133893
2026-04-02 01:20:00,67594.6,67825.4,67266.6,67529.7,106.33516172
2026-04-02 01:25:00,67528.6,67662.9,67323.8,67582.6,49.65648816
2026-04-02 01:30:00,67581.3,67587.0,67211.0,67329.6,76.34881384
2026-04-02 01:35:00,67333.5,67460.7,67256.7,67329.1,46.89905086
2026-04-02 01:40:00,67329.1,67329.1,67125.7,67178.2,57.82994319
2026-04-02 01:45:00,67178.3,67283.6,67101.0,67105.6,37.05193728
2026-04-02 01:50:00,67105.6,67327.6,67049.9,67260.1,37.53079736
2026-04-02 01:55:00,67260.0,67399.9,67249.1,67358.0,14.67702801
2026-04-02 02:00:00,67357.9,67357.9,67125.1,67140.0,27.29268616
2026-04-02 02:05:00,67139.0,67332.0,67070.6,67147.5,17.11482326
2026-04-02 02:10:00,67147.9,67182.1,66857.1,66864.4,70.29784184
2026-04-02 02:15:00,66864.4,67014.5,66854.0,66943.1,32.81176454
2026-04-02 02:20:00,66943.1,66949.9,66775.8,66930.6,41.51406264
2026-04-02 02:25:00,66930.5,66960.0,66856.8,66905.5,16.29759171
2026-04-02 02:30:00,66905.5,67052.5,66900.1,66984.5,15.25499204
2026-04-02 02:35:00,66984.5,67001.0,66836.4,66911.9,27.91575683
2026-04-02 02:40:00,66911.9,66997.5,66636.7,66709.0,63.38210237
2026-04-02 02:45:00,66721.1,66849.9,66703.5,66814.9,19.73972461
2026-04-02 02:50:00,66810.1,66893.8,66810.1,66872.3,15.537932
2026-04-02 02:55:00,66872.4,66954.4,66855.9,66863.6,17.95888325
2026-04-02 03:00:00,66863.7,66879.0,66809.7,66852.0,13.27000169
2026-04-02 03:05:00,66852.0,66987.5,66852.0,66952.3,9.22252016
2026-04-02 03:10:00,66952.3,66952.3,66746.1,66765.0,37.81449307
2026-04-02 03:15:00,66765.0,66820.0,66700.0,66731.6,27.13615797
2026-04-02 03:20:00,66731.6,66893.2,66639.2,66890.6,23.48103859
2026-04-02 03:25:00,66890.6,66899.0,66826.9,66865.3,13.44048078
2026-04-02 03:30:00,66867.3,66887.9,66797.4,66813.6,11.46661459
2026-04-02 03:35:00,66813.7,66864.7,66727.1,66740.6,8.69560711
2026-04-02 03:40:00,66740.5,66750.4,66500.5,66606.6,65.51813816
2026-04-02 03:45:00,66606.6,66631.4,66531.9,66551.5,35.36504848
2026-04-02 03:50:00,66551.5,66654.8,66543.8,66600.1,14.19525435
2026-04-02 03:55:00,66600.0,66620.0,66509.9,66585.2,17.53579009
2026-04-02 04:00:00,66585.3,66650.0,66562.5,66578.7,21.61287968
2026-04-02 04:05:00,66580.9,66655.9,66541.0,66632.6,19.21091241
2026-04-02 04:10:00,66632.6,66639.1,66503.1,66534.0,19.46910609
2026-04-02 04:15:00,66534.1,66629.6,66467.6,66551.5,49.38317674
2026-04-02 04:20:00,66551.6,66554.4,66403.9,66414.3,41.62280308
2026-04-02 04:25:00,66414.4,66439.8,66364.6,66425.5,55.38755318
2026-04-02 04:30:00,66425.5,66460.9,66384.0,66414.7,17.04674707
2026-04-02 04:35:00,66414.7,66437.0,66300.0,66300.1,42.50134705
2026-04-02 04:40:00,66300.0,66309.6,66222.0,66292.8,29.91374467
2026-04-02 04:45:00,66289.4,66391.2,66272.1,66346.1,51.35178698
2026-04-02 04:50:00,66346.1,66352.4,66300.1,66306.7,65.49299572
2026-04-02 04:55:00,66306.7,66344.4,66261.7,66324.1,31.16761058
2026-04-02 05:00:00,66324.1,66497.7,66324.1,66431.9,45.0808113
2026-04-02 05:05:00,66432.0,66462.7,66309.2,66341.4,22.59558947
2026-04-02 05:10:00,66341.4,66424.2,66313.8,66377.3,15.63076822
2026-04-02 05:15:00,66377.3,66469.3,66377.3,66398.7,71.63726001
2026-04-02 05:20:00,66398.6,66483.2,66348.3,66476.6,32.20340153
2026-04-02 05:25:00,66476.5,66476.5,66424.9,66469.8,68.3072009
2026-04-02 05:30:00,66469.8,66500.0,66421.2,66440.1,49.6303223
2026-04-02 05:35:00,66445.1,66479.5,66390.0,66471.2,56.11106458
2026-04-02 05:40:00,66468.7,66613.6,66451.2,66574.6,52.09743287
2026-04-02 05:45:00,66574.5,66574.6,66476.7,66481.6,10.91952052
2026-04-02 05:50:00,66481.6,66527.5,66462.6,66527.5,11.68372495
2026-04-02 05:55:00,66527.4,66644.3,66527.4,66590.2,32.73541999
2026-04-02 06:00:00,66590.2,66611.9,66580.0,66593.9,9.22007576
2026-04-02 06:05:00,66594.0,66613.8,66554.3,66562.3,17.00644429
2026-04-02 06:10:00,66562.3,66579.8,66553.3,66571.6,6.9688368
2026-04-02 06:15:00,66571.6,66811.1,66566.8,66796.3,60.33597283
2026-04-02 06:20:00,66795.3,66804.6,66666.1,66725.9,47.20219241
2026-04-02 06:25:00,66725.9,66730.1,66638.1,66641.0,26.2350199
2026-04-02 06:30:00,66640.9,66690.0,66570.2,66648.0,19.84253104
2026-04-02 06:35:00,66648.0,66653.8,66539.3,66575.3,17.41168982
2026-04-02 06:40:00,66576.7,66605.5,66542.3,66542.4,11.30470438
2026-04-02 06:45:00,66542.4,66650.1,66542.3,66599.8,10.79586365
2026-04-02 06:50:00,66599.7,66657.1,66593.6,66610.3,19.96992882
2026-04-02 06:55:00,66610.3,66676.8,66606.7,66676.7,5.59126064
2026-04-02 07:00:00,66676.7,66698.7,66634.7,66693.8,25.86649985
2026-04-02 07:05:00,66693.8,66706.4,66641.3,66641.4,25.96219312
2026-04-02 07:10:00,66641.4,66641.4,66555.0,66574.9,10.09625994
2026-04-02 07:15:00,66574.9,66705.9,66574.8,66681.0,48.09494117
2026-04-02 07:20:00,66681.0,66698.5,66610.0,66678.0,20.9795162
2026-04-02 07:25:00,66678.1,66687.0,66627.7,66663.1,11.0084796
2026-04-02 07:30:00,66663.1,66763.7,66663.1,66757.0,71.59594338
2026-04-02 07:35:00,66757.0,66837.2,66756.8,66811.3,49.73896926
2026-04-02 07:40:00,66811.4,66878.1,66797.0,66852.6,30.81605495
2026-04-02 07:45:00,66852.0,66918.0,66852.0,66917.9,35.79822558
2026-04-02 07:50:00,66918.0,66927.8,66828.2,66900.2,42.73410592
2026-04-02 07:55:00,66900.2,66941.8,66884.9,66922.2,45.37371891
2026-04-02 08:00:00,66922.2,66922.2,66800.0,66810.6,19.22289438
2026-04-02 08:05:00,66810.5,66815.7,66751.3,66764.9,12.10686537
2026-04-02 08:10:00,66765.0,66780.0,66709.3,66780.0,29.22921883
2026-04-02 08:15:00,66780.0,66780.0,66671.0,66679.6,17.26712194
2026-04-02 08:20:00,66679.6,66700.0,66588.0,66638.0,25.04856517
2026-04-02 08:25:00,66637.9,66687.1,66615.1,66676.1,9.02081423
2026-04-02 08:30:00,66676.0,66736.6,66663.3,66693.7,8.53231767
2026-04-02 08:35:00,66693.7,66693.7,66540.5,66554.3,17.37907769
2026-04-02 08:40:00,66554.2,66562.1,66495.4,66503.1,13.25935802
2026-04-02 08:45:00,66501.1,66554.8,66500.0,66500.0,7.00186737
2026-04-02 08:50:00,66500.1,66533.0,66472.7,66491.0,17.49312331
2026-04-02 08:55:00,66491.0,66491.0,66390.1,66442.9,39.74188337
2026-04-02 09:00:00,66442.9,66477.9,66316.0,66422.6,40.40393588
2026-04-02 09:05:00,66422.7,66430.4,66279.6,66304.1,13.58727704
2026-04-02 09:10:00,66304.0,66434.2,66295.7,66423.5,10.67024085
2026-04-02 09:15:00,66423.5,66457.0,66362.6,66362.6,4.90424479
2026-04-02 09:20:00,66362.6,66440.0,66362.5,66388.6,3.66185446
2026-04-02 09:25:00,66388.7,66511.5,66388.7,66471.1,9.8826722
2026-04-02 09:30:00,66472.3,66478.5,66419.0,66452.0,4.1070761
2026-04-02 09:35:00,66451.9,66482.2,66431.4,66447.5,3.39709891
2026-04-02 09:40:00,66447.6,66547.0,66400.0,66434.6,23.77427424
2026-04-02 09:45:00,66434.5,66450.0,66361.7,66395.5,8.20290696
2026-04-02 09:50:00,66395.5,66418.9,66365.7,66410.1,9.7358166
2026-04-02 09:55:00,66410.1,66478.7,66402.4,66460.4,8.96342341
2026-04-02 10:00:00,66460.3,66498.1,66418.1,66426.0,11.51789993
2026-04-02 10:05:00,66424.1,66453.4,66363.4,66367.1,10.28181664
2026-04-02 10:10:00,66369.4,66377.6,66225.1,66259.0,30.51664394
2026-04-02 10:15:00,66259.0,66336.0,66234.8,66321.2,17.56446927
2026-04-02 10:20:00,66321.2,66357.1,66316.5,66341.5,5.49558724
2026-04-02 10:25:00,66343.0,66393.7,66342.8,66373.1,7.24361451
2026-04-02 10:30:00,66373.0,66455.4,66373.0,66438.8,16.65378074
2026-04-02 10:35:00,66438.9,66487.5,66363.4,66380.6,25.55431436
2026-04-02 10:40:00,66380.7,66499.6,66380.7,66476.7,6.33712646
2026-04-02 10:45:00,66482.2,66499.1,66423.9,66459.9,5.28546773
2026-04-02 10:50:00,66459.9,66507.9,66440.2,66458.3,7.09059055
2026-04-02 10:55:00,66458.2,66486.8,66442.4,66460.5,3.57466582
2026-04-02 11:00:00,66460.5,66488.2,66400.0,66455.5,3.95697636
2026-04-02 11:05:00,66450.3,66462.3,66333.3,66333.3,10.58087443
2026-04-02 11:10:00,66333.4,66365.4,66260.0,66292.6,25.26056127
2026-04-02 11:15:00,66292.5,66479.0,66156.6,66445.6,92.26318352
2026-04-02 11:20:00,66449.6,66452.0,66385.2,66451.8,4.0528208
2026-04-02 11:25:00,66451.9,66452.0,66413.6,66449.1,3.80443206
2026-04-02 11:30:00,66449.1,66479.2,66375.2,66375.2,6.94131059
2026-04-02 11:35:00,66375.2,66410.5,66324.0,66344.4,1.94935156
2026-04-02 11:40:00,66344.5,66357.4,66323.9,66334.3,1.56746618
2026-04-02 11:45:00,66334.3,66348.2,66309.1,66324.6,3.21524269
2026-04-02 11:50:00,66324.6,66392.0,66224.0,66238.4,19.73842948
2026-04-02 11:55:00,66239.0,66261.0,66183.2,66212.7,21.61278164
2026-04-02 12:00:00,66212.7,66238.8,66082.9,66188.3,52.28765286
2026-04-02 12:05:00,66188.2,66246.3,66060.3,66152.1,31.80918069
2026-04-02 12:10:00,66152.0,66241.0,66100.1,66168.3,28.58495946
2026-04-02 12:15:00,66168.4,66183.7,66050.4,66059.0,19.27277086
2026-04-02 12:20:00,66059.0,66142.7,65956.5,66121.0,187.95403463
2026-04-02 12:25:00,66120.6,66152.0,66053.0,66142.4,68.9865226
2026-04-02 12:30:00,66142.5,66162.9,66104.4,66112.5,37.87621406
2026-04-02 12:35:00,66112.5,66193.4,66086.4,66175.7,15.81681242
2026-04-02 12:40:00,66175.6,66218.6,66161.7,66212.5,10.89414505
2026-04-02 12:45:00,66212.4,66244.7,66131.3,66150.3,6.80003686
2026-04-02 12:50:00,66150.3,66196.5,66090.3,66105.4,5.15363304
2026-04-02 12:55:00,66105.5,66120.0,66009.6,66047.4,16.68643737
2026-04-02 13:00:00,66047.5,66125.4,65960.0,65993.7,33.53020234
2026-04-02 13:05:00,65996.4,66161.6,65984.6,66039.6,17.57427079
2026-04-02 13:10:00,66039.6,66050.4,65964.0,66002.2,50.7078979
2026-04-02 13:15:00,66002.2,66022.4,65910.1,65917.7,22.38137193
2026-04-02 13:20:00,65917.8,66037.9,65887.0,66027.9,24.66486688
2026-04-02 13:25:00,66027.9,66187.5,66021.2,66149.2,11.2304979
2026-04-02 13:30:00,66149.1,66247.8,65886.9,65913.2,45.20584338
2026-04-02 13:35:00,65913.2,65960.9,65701.7,65788.2,91.20180336
2026-04-02 13:40:00,65788.2,65886.2,65735.9,65858.4,28.77221448
2026-04-02 13:45:00,65858.4,66087.8,65832.7,66023.5,36.24171588
2026-04-02 13:50:00,66023.6,66172.6,66004.0,66127.1,54.9598642
2026-04-02 13:55:00,66127.2,66280.0,66124.7,66268.3,26.11075515
2026-04-02 14:00:00,66268.3,66280.0,66160.1,66246.4,30.56298728
2026-04-02 14:05:00,66244.4,66416.7,66196.0,66354.9,35.74169436
2026-04-02 14:10:00,66354.9,66442.3,66277.6,66392.9,24.83329499
2026-04-02 14:15:00,66392.9,66470.0,66287.1,66395.5,25.48202828
2026-04-02 14:20:00,66392.8,66489.3,66306.6,66395.5,26.80686295
2026-04-02 14:25:00,66394.2,66394.2,66200.1,66260.4,25.32043293
2026-04-02 14:30:00,66263.6,66613.7,66252.7,66524.3,57.60512566
2026-04-02 14:35:00,66523.8,67050.0,66523.8,66863.1,245.78845093
2026-04-02 14:40:00,66862.4,67054.2,66750.0,67054.2,68.54248624
2026-04-02 14:45:00,67054.2,67104.4,66750.0,66750.1,30.5124409
2026-04-02 14:50:00,66750.1,66887.1,66666.6,66871.3,19.67242176
2026-04-02 14:55:00,66868.0,67035.1,66863.3,66863.4,54.3869224
2026-04-02 15:00:00,66863.2,66889.8,66702.4,66803.1,69.82964065
2026-04-02 15:05:00,66802.4,66822.2,66700.1,66820.7,13.52339024
2026-04-02 15:10:00,66820.6,66971.9,66811.7,66898.5,38.88086334
2026-04-02 15:15:00,66899.3,66910.2,66808.3,66811.9,24.44244667
2026-04-02 15:20:00,66811.9,66832.0,66641.5,66792.6,13.8698267
2026-04-02 15:25:00,66792.5,66888.8,66727.2,66844.9,12.40004477
2026-04-02 15:30:00,66845.0,66856.1,66704.6,66775.7,13.35789636
2026-04-02 15:35:00,66773.4,66989.1,66772.3,66924.0,18.85640461
2026-04-02 15:40:00,66923.9,66967.2,66760.9,66929.4,40.07095862
2026-04-02 15:45:00,66929.4,66948.8,66796.7,66824.2,10.63391747
2026-04-02 15:50:00,66824.2,66866.1,66736.2,66841.2,22.0538256
2026-04-02 15:55:00,66834.2,66863.9,66750.5,66852.4,5.32730201
2026-04-02 16:00:00,66849.2,66885.8,66808.9,66843.8,22.3810977
2026-04-02 16:05:00,66843.7,66930.4,66835.4,66909.7,9.38965816
2026-04-02 16:10:00,66909.7,66960.8,66887.3,66904.8,23.81362373
2026-04-02 16:15:00,66902.1,66961.1,66851.0,66880.5,9.13109144
2026-04-02 16:20:00,66879.0,66936.5,66777.9,66811.7,14.98085223
2026-04-02 16:25:00,66811.7,66927.7,66757.1,66880.0,10.52954949
2026-04-02 16:30:00,66879.9,67042.7,66847.4,67009.6,30.10442002
2026-04-02 16:35:00,67009.6,67199.9,66964.1,67112.8,68.41607225
2026-04-02 16:40:00,67112.9,67291.3,67108.9,67169.1,56.78059658
2026-04-02 16:45:00,67169.2,67260.0,67134.9,67172.6,24.56437794
2026-04-02 16:50:00,67174.1,67211.2,67131.4,67180.0,21.83626411
2026-04-02 16:55:00,67180.1,67194.1,67082.9,67095.9,5.99513068
2026-04-02 17:00:00,67089.9,67112.5,66859.4,66919.4,38.79777654
2026-04-02 17:05:00,66918.0,67016.0,66872.1,67016.0,20.3017734
2026-04-02 17:10:00,67019.1,67200.0,66990.0,67163.5,11.89559198
2026-04-02 17:15:00,67163.5,67428.5,67161.7,67335.5,53.72927841
2026-04-02 17:20:00,67333.2,67387.1,67305.9,67351.3,9.66900194
2026-04-02 17:25:00,67351.3,67377.7,67243.3,67243.4,6.7787921
2026-04-02 17:30:00,67243.3,67268.0,67040.1,67040.1,62.34823205
2026-04-02 17:35:00,67040.1,67065.8,66963.4,67007.8,28.06661517
2026-04-02 17:40:00,67007.9,67042.2,66931.1,66991.5,30.19164653
2026-04-02 17:45:00,66991.4,66993.7,66809.1,66812.2,19.52008705
2026-04-02 17:50:00,66812.2,66852.6,66718.5,66816.5,24.31523428
2026-04-02 17:55:00,66816.5,66835.7,66670.6,66678.1,15.0005172
2026-04-02 18:00:00,66678.1,66740.4,66671.8,66734.6,7.97251544
2026-04-02 18:05:00,66734.5,66795.4,66601.4,66639.3,9.3105954
2026-04-02 18:10:00,66645.9,66800.1,66641.3,66704.7,6.32484462
2026-04-02 18:15:00,66705.5,66803.5,66656.5,66775.9,10.53552771
2026-04-02 18:20:00,66776.0,66836.6,66761.7,66761.7,16.34589377
2026-04-02 18:25:00,66761.1,66761.1,66615.0,66630.8,7.31303242
2026-04-02 18:30:00,66629.0,66717.8,66629.0,66674.9,5.06495977
2026-04-02 18:35:00,66674.9,66716.9,66658.8,66687.4,2.65819895
2026-04-02 18:40:00,66684.6,66808.3,66667.8,66749.4,11.04433805
2026-04-02 18:45:00,66749.4,66890.0,66724.9,66860.4,5.4725758
2026-04-02 18:50:00,66866.9,67066.5,66866.9,67003.1,16.63241754
2026-04-02 18:55:00,67003.1,67006.0,66933.3,66983.7,4.61677376
2026-04-02 19:00:00,66983.8,67093.3,66938.6,66954.8,18.68025637
2026-04-02 19:05:00,66954.8,67034.2,66954.8,67000.1,2.00315568
2026-04-02 19:10:00,67000.2,67108.1,67000.2,67057.0,7.43198285
2026-04-02 19:15:00,67057.0,67066.3,66987.4,67031.8,2.65794518
2026-04-02 19:20:00,67031.8,67050.6,66928.4,67014.5,4.79458603
2026-04-02 19:25:00,67014.6,67110.0,67002.2,67033.9,41.82645184
2026-04-02 19:30:00,67033.9,67045.2,66880.7,66951.9,12.77825463
2026-04-02 19:35:00,66953.9,66979.9,66891.4,66966.5,4.48419329
2026-04-02 19:40:00,66966.6,67058.9,66942.9,66966.2,10.96134487
2026-04-02 19:45:00,66966.2,66992.9,66917.1,66936.2,2.76678481
2026-04-02 19:50:00,66932.8,67047.7,66932.8,67015.4,3.64003244
2026-04-02 19:55:00,67015.4,67066.6,66947.3,66981.0,22.0487069
2026-04-02 20:00:00,66981.6,66981.7,66800.1,66848.0,11.42177374
2026-04-02 20:05:00,66848.0,66930.0,66840.7,66871.1,7.05850325
2026-04-02 20:10:00,66871.1,66920.4,66871.1,66891.1,4.76232172
2026-04-02 20:15:00,66891.1,67008.7,66878.3,66991.6,16.36477392
2026-04-02 20:20:00,66986.7,66986.9,66898.4,66909.2,3.25203552
2026-04-02 20:25:00,66909.2,67056.1,66891.1,67042.3,7.94392192
2026-04-02 20:30:00,67042.3,67052.6,66954.4,66963.0,5.15634333
2026-04-02 20:35:00,66963.0,67100.0,66951.8,67099.9,11.50012011
2026-04-02 20:40:00,67100.0,67100.0,66997.9,67028.2,7.13350627
2026-04-02 20:45:00,67028.2,67047.6,66960.2,66974.0,4.83822424
2026-04-02 20:50:00,66974.0,66988.8,66927.4,66962.9,7.84198728
2026-04-02 20:55:00,66962.8,66962.8,66930.6,66936.6,3.47681016
2026-04-02 21:00:00,66936.6,67011.7,66880.8,66897.5,4.26059616
2026-04-02 21:05:00,66897.5,66952.0,66883.6,66883.7,5.68112918
2026-04-02 21:10:00,66883.7,66887.7,66727.3,66827.0,19.5823004
2026-04-02 21:15:00,66827.0,66887.5,66800.0,66876.3,3.68569514
2026-04-02 21:20:00,66876.3,66932.3,66813.8,66824.3,3.71474963
2026-04-02 21:25:00,66824.3,66865.3,66816.7,66836.8,3.44192323
2026-04-02 21:30:00,66836.9,66874.6,66836.9,66857.7,2.26985062
2026-04-02 21:35:00,66857.3,66873.5,66821.0,66833.6,2.35918443
2026-04-02 21:40:00,66832.0,66858.1,66765.0,66779.4,3.03663216
2026-04-02 21:45:00,66779.3,66851.0,66778.7,66804.0,2.56357833
2026-04-02 21:50:00,66805.9,66915.4,66805.9,66876.6,4.24415328
2026-04-02 21:55:00,66876.7,66941.4,66873.8,66941.3,5.06738404
2026-04-02 22:00:00,66941.3,66999.8,66916.4,66991.6,7.20337923
2026-04-02 22:05:00,66990.4,67014.3,66920.0,66925.8,2.49086606
2026-04-02 22:10:00,66925.6,66947.8,66896.9,66903.8,1.28196622
2026-04-02 22:15:00,66903.8,66988.9,66903.8,66975.5,4.73046864
2026-04-02 22:20:00,66975.5,67000.0,66902.7,66904.2,3.35722761
2026-04-02 22:25:00,66904.1,66926.0,66824.1,66904.9,5.40617603
2026-04-02 22:30:00,66904.9,66998.0,66904.9,66949.2,3.49586697
2026-04-02 22:35:00,66949.2,66996.3,66919.3,66996.3,4.1363966
2026-04-02 22:40:00,66996.2,67000.0,66965.4,66980.9,1.97563686
2026-04-02 22:45:00,66980.8,66980.8,66915.5,66962.7,1.97379669
2026-04-02 22:50:00,66962.6,67005.4,66960.8,67005.4,4.3223701
2026-04-02 22:55:00,67005.4,67038.4,66966.9,66984.7,12.82618436
2026-04-02 23:00:00,66984.8,67053.4,66948.0,67053.4,7.49250816
2026-04-02 23:05:00,67053.7,67098.9,66971.7,67010.5,15.57212196
2026-04-02 23:10:00,67014.4,67017.3,66925.9,66954.7,4.50520567
2026-04-02 23:15:00,66954.7,67005.8,66936.3,66961.7,7.72267128
2026-04-02 23:20:00,66965.1,67038.5,66956.0,67005.0,5.56522149
2026-04-02 23:25:00,67004.9,67004.9,66937.8,66937.8,5.43280954
2026-04-02 23:30:00,66936.1,66960.0,66912.2,66959.8,9.14660672
2026-04-02 23:35:00,66958.2,66958.2,66889.4,66891.7,2.57386913
2026-04-02 23:40:00,66895.2,66922.2,66888.0,66888.0,1.72133947
2026-04-02 23:45:00,66888.0,66898.5,66856.0,66877.1,1.9548058
2026-04-02 23:50:00,66876.5,66877.1,66851.4,66874.0,9.51790131
2026-04-02 23:55:00,66874.0,66905.3,66874.0,66897.9,5.4309414
2026-04-03 00:00:00,66898.0,66990.1,66898.0,66989.2,16.39408071
2026-04-03 00:05:00,66990.6,66997.7,66824.2,66862.7,6.79594216
2026-04-03 00:10:00,66862.6,66874.6,66771.7,66870.7,19.68723373
2026-04-03 00:15:00,66870.6,66870.6,66800.1,66842.1,10.03461933
2026-04-03 00:20:00,66842.1,66955.0,66835.7,66955.0,6.98216977
2026-04-03 00:25:00,66955.0,66955.0,66800.0,66822.8,10.58955677
2026-04-03 00:30:00,66822.7,66849.3,66811.1,66829.1,4.43276751
2026-04-03 00:35:00,66829.0,66910.8,66829.0,66834.2,9.68978739
2026-04-03 00:40:00,66841.5,66862.3,66770.9,66806.1,5.91225641
2026-04-03 00:45:00,66806.2,66806.2,66717.9,66726.5,6.271382
2026-04-03 00:50:00,66726.6,66768.6,66700.1,66712.8,2.70168508
2026-04-03 00:55:00,66712.8,66783.3,66712.8,66783.3,1.31735272
2026-04-03 01:00:00,66783.3,66799.1,66718.8,66774.7,6.99367692
2026-04-03 01:05:00,66774.7,66831.1,66740.0,66798.7,2.901353
2026-04-03 01:10:00,66798.6,66837.6,66747.7,66824.4,15.03721303
2026-04-03 01:15:00,66824.4,66840.7,66747.6,66771.4,4.93121772
2026-04-03 01:20:00,66771.4,66836.0,66740.9,66810.0,0.9422927
2026-04-03 01:25:00,66810.0,66890.0,66807.2,66858.5,8.48505147
2026-04-03 01:30:00,66859.2,66897.0,66818.6,66818.6,16.57306734
2026-04-03 01:35:00,66821.8,66821.8,66489.0,66513.9,39.12211636
2026-04-03 01:40:00,66508.8,66583.2,66508.8,66560.0,12.75978988
2026-04-03 01:45:00,66560.0,66614.8,66508.1,66556.4,21.53178364
2026-04-03 01:50:00,66556.5,66583.3,66492.1,66560.1,5.54935701
2026-04-03 01:55:00,66560.4,66627.0,66560.3,66626.9,3.69783222
2026-04-03 02:00:00,66627.0,66627.0,66504.1,66524.1,6.75368042
2026-04-03 02:05:00,66524.1,66566.6,66457.6,66459.6,4.95811433
2026-04-03 02:10:00,66459.5,66536.4,66409.7,66503.3,14.18163671
2026-04-03 02:15:00,66503.3,66749.9,66496.1,66706.4,9.4245505
2026-04-03 02:20:00,66710.5,66710.5,66600.0,66653.2,4.52473532
2026-04-03 02:25:00,66653.0,66653.0,66450.1,66453.4,6.02525393
2026-04-03 02:30:00,66453.3,66486.9,66333.3,66475.1,23.69363751
2026-04-03 02:35:00,66475.0,66506.4,66303.1,66303.1,12.41546473
2026-04-03 02:40:00,66303.1,66389.8,66284.1,66342.9,16.07493628
2026-04-03 02:45:00,66343.0,66388.1,66315.3,66388.1,4.70986511
2026-04-03 02:50:00,66388.1,66543.2,66360.5,66484.3,15.87543299
2026-04-03 02:55:00,66484.4,66537.5,66451.9,66536.2,3.29502038
2026-04-03 03:00:00,66536.3,66550.0,66489.1,66514.0,9.92316727
2026-04-03 03:05:00,66514.0,66621.6,66493.7,66592.8,7.42897032
2026-04-03 03:10:00,66592.6,66662.1,66551.8,66650.3,7.65517431
2026-04-03 03:15:00,66651.0,66683.0,66603.5,66650.1,13.69927259
2026-04-03 03:20:00,66650.0,66723.1,66640.4,66684.8,9.15752105
2026-04-03 03:25:00,66684.8,66721.9,66597.9,66631.9,7.55503829
2026-04-03 03:30:00,66631.9,66709.3,66605.6,66690.1,1.92029684
2026-04-03 03:35:00,66691.3,66698.9,66577.3,66606.8,3.11002381
2026-04-03 03:40:00,66606.8,66618.4,66528.2,66596.7,13.83587966
2026-04-03 03:45:00,66596.7,66639.9,66554.1,66591.4,1.57903938
2026-04-03 03:50:00,66591.4,66639.9,66580.1,66589.7,2.15900632
2026-04-03 03:55:00,66589.8,66621.9,66554.6,66589.4,2.32238655
2026-04-03 04:00:00,66588.3,66639.7,66561.3,66639.6,5.59684976
2026-04-03 04:05:00,66639.6,66663.7,66611.5,66611.5,3.86988569
2026-04-03 04:10:00,66611.3,66635.3,66590.0,66635.3,2.88092109
2026-04-03 04:15:00,66635.3,66697.7,66635.3,66640.0,2.22087599
2026-04-03 04:20:00,66638.5,66638.5,66559.4,66574.9,3.12043825
2026-04-03 04:25:00,66574.9,66610.1,66539.2,66539.3,4.91818057
2026-04-03 04:30:00,66539.3,66609.7,66503.0,66535.9,7.63594581
2026-04-03 04:35:00,66535.8,66577.6,66514.2,66549.9,7.4932441
2026-04-03 04:40:00,66549.9,66594.0,66544.8,66583.3,3.71206057
2026-04-03 04:45:00,66583.3,66686.4,66583.2,66649.8,2.14149627
2026-04-03 04:50:00,66649.0,66649.0,66564.3,66629.9,2.46445358
2026-04-03 04:55:00,66630.0,66660.9,66605.2,66606.6,3.72231507
2026-04-03 05:00:00,66609.9,66670.9,66597.5,66645.0,2.10724668
2026-04-03 05:05:00,66643.7,66666.0,66603.5,66656.6,5.98136792
2026-04-03 05:10:00,66658.8,66660.5,66593.3,66595.0,1.01054374
2026-04-03 05:15:00,66595.0,66595.0,66418.7,66521.1,4.96743999
2026-04-03 05:20:00,66521.1,66547.4,66479.7,66480.1,2.64199286
2026-04-03 05:25:00,66480.1,66586.4,66480.0,66582.9,5.76811217
2026-04-03 05:30:00,66583.0,66813.0,66583.0,66723.5,13.20324891
2026-04-03 05:35:00,66721.7,66772.1,66716.6,66723.9,3.48198623
2026-04-03 05:40:00,66723.9,66780.0,66695.7,66775.4,3.93426018
2026-04-03 05:45:00,66775.4,66775.5,66705.5,66705.5,1.48475312
2026-04-03 05:50:00,66705.6,66705.6,66560.9,66560.9,17.25247867
2026-04-03 05:55:00,66561.0,66612.2,66526.5,66612.2,13.52676862
2026-04-03 06:00:00,66612.2,66657.4,66569.5,66569.6,1.89272367
2026-04-03 06:05:00,66569.6,66646.9,66553.3,66594.4,12.29087383
2026-04-03 06:10:00,66594.5,66659.9,66592.0,66659.9,3.52639829
2026-04-03 06:15:00,66659.9,66677.5,66622.1,66660.1,2.59750174
2026-04-03 06:20:00,66654.0,66698.1,66602.5,66643.3,2.78838147
2026-04-03 06:25:00,66643.3,66674.1,66620.0,66632.0,1.42954864
2026-04-03 06:30:00,66631.9,66665.2,66580.0,66633.6,3.07430636
2026-04-03 06:35:00,66637.5,66779.7,66637.4,66724.8,6.56866106
2026-04-03 06:40:00,66724.8,66765.1,66724.8,66736.7,10.62634059
2026-04-03 06:45:00,66736.8,66796.0,66712.0,66758.8,6.36886755
2026-04-03 06:50:00,66758.8,66798.0,66734.8,66735.1,24.77454832
2026-04-03 06:55:00,66735.1,66799.9,66734.8,66799.9,2.63853677
2026-04-03 07:00:00,66800.0,66834.0,66787.9,66794.8,10.41085154
2026-04-03 07:05:00,66794.7,66900.0,66760.4,66900.0,69.90225145
2026-04-03 07:10:00,66900.0,66922.2,66788.8,66818.9,131.0883452
2026-04-03 07:15:00,66818.9,66853.9,66799.6,66846.3,14.93551163
2026-04-03 07:20:00,66846.7,66883.6,66841.2,66854.2,5.49627201
2026-04-03 07:25:00,66851.8,66941.3,66841.2,66941.3,10.8264229
2026-04-03 07:30:00,66941.2,67100.0,66923.2,67071.4,38.77396977
2026-04-03 07:35:00,67071.5,67261.8,67071.5,67085.2,56.5366687
2026-04-03 07:40:00,67084.8,67147.4,67054.4,67078.7,61.38898619
2026-04-03 07:45:00,67078.7,67078.8,67027.6,67035.7,34.89262646
2026-04-03 07:50:00,67035.7,67157.0,67010.0,67073.0,46.63379196
2026-04-03 07:55:00,67073.0,67080.8,67031.1,67040.6,5.71939833
2026-04-03 08:00:00,67040.6,67118.9,67030.6,67111.7,7.92626255
2026-04-03 08:05:00,67111.7,67296.8,67088.2,67275.2,77.94193877
2026-04-03 08:10:00,67275.2,67296.0,67167.8,67167.8,154.49414831
2026-04-03 08:15:00,67170.1,67213.9,67107.3,67159.9,36.72325723
2026-04-03 08:20:00,67159.9,67187.2,67121.6,67169.4,13.99787779
2026-04-03 08:25:00,67169.5,67172.7,67057.5,67063.2,6.51950945
2026-04-03 08:30:00,67063.2,67130.9,67061.6,67101.6,8.79528055
2026-04-03 08:35:00,67101.5,67103.5,66985.8,66999.0,40.70014312
2026-04-03 08:40:00,66999.7,67017.6,66880.0,66936.0,46.67564257
2026-04-03 08:45:00,66936.5,67003.2,66898.5,66997.2,15.92046736
2026-04-03 08:50:00,66997.3,66998.5,66930.4,66934.9,24.37736179
2026-04-03 08:55:00,66941.2,66980.5,66890.2,66959.9,36.52543085
2026-04-03 09:00:00,66959.9,67007.2,66944.5,66948.5,4.54847198
2026-04-03 09:05:00,66948.4,66948.4,66879.1,66882.0,17.5032399
2026-04-03 09:10:00,66882.0,66913.9,66879.4,66888.5,4.16784922
2026-04-03 09:15:00,66895.0,66924.1,66865.0,66888.4,9.14796728
2026-04-03 09:20:00,66888.4,66888.4,66750.0,66776.4,23.85178527
2026-04-03 09:25:00,66776.3,66847.2,66750.0,66822.2,40.79940679
2026-04-03 09:30:00,66822.3,66852.2,66786.5,66833.3,10.86888405
2026-04-03 09:35:00,66836.7,66848.6,66800.6,66834.4,6.14694949
2026-04-03 09:40:00,66834.4,66919.8,66834.4,66900.0,4.67499763
2026-04-03 09:45:00,66900.1,66906.5,66807.3,66850.2,9.31942934
2026-04-03 09:50:00,66850.2,66869.7,66815.6,66815.6,5.01737324
2026-04-03 09:55:00,66815.7,66867.1,66815.7,66861.6,2.1787008
2026-04-03 10:00:00,66861.6,66865.0,66780.3,66789.8,7.38029726
2026-04-03 10:05:00,66789.8,66833.1,66771.1,66792.7,4.67740441
2026-04-03 10:10:00,66792.7,66830.2,66770.3,66823.9,7.60949183
2026-04-03 10:15:00,66823.9,66870.3,66780.3,66839.9,10.5145774
2026-04-03 10:20:00,66839.9,66840.0,66768.0,66795.6,13.24906479
2026-04-03 10:25:00,66795.6,66818.3,66756.7,66756.7,5.37459616
2026-04-03 10:30:00,66756.7,66756.7,66680.1,66723.4,8.59903135
2026-04-03 10:35:00,66723.3,66774.7,66704.3,66738.4,3.39716947
2026-04-03 10:40:00,66738.3,66797.6,66738.3,66780.6,4.64587191
2026-04-03 10:45:00,66780.6,66868.7,66780.6,66839.0,7.90884388
2026-04-03 10:50:00,66837.4,66895.5,66833.9,66874.4,5.73243587
2026-04-03 10:55:00,66874.5,66896.3,66858.1,66881.3,5.01155815
2026-04-03 11:00:00,66881.4,66917.6,66854.4,66890.1,15.91095558
2026-04-03 11:05:00,66890.0,66890.0,66834.3,66845.7,13.08648412
2026-04-03 11:10:00,66845.8,66871.0,66817.3,66853.8,11.68464613
2026-04-03 11:15:00,66853.9,66871.0,66835.2,66868.8,10.92431415
2026-04-03 11:20:00,66864.4,66951.4,66861.1,66896.3,11.79660164
2026-04-03 11:25:00,66896.2,66960.0,66896.2,66934.4,5.95297351
2026-04-03 11:30:00,66934.4,66996.9,66913.9,66949.3,8.59473697
2026-04-03 11:35:00,66949.4,67000.0,66949.4,66990.7,1.77871404
2026-04-03 11:40:00,66990.0,67056.1,66974.5,66997.5,9.71036402
2026-04-03 11:45:00,66997.6,67041.9,66966.6,66966.7,6.50813913
2026-04-03 11:50:00,66966.7,67029.7,66951.4,67009.9,2.7578741
2026-04-03 11:55:00,67009.8,67021.2,66985.4,67020.0,5.50891149
2026-04-03 12:00:00,67020.0,67044.7,67005.4,67016.6,4.7636396
2026-04-03 12:05:00,67016.6,67050.0,67002.4,67020.8,10.15977018
2026-04-03 12:10:00,67020.7,67020.7,66938.1,67009.9,4.66450837
2026-04-03 12:15:00,67010.0,67062.5,66948.2,66983.9,5.51300315
2026-04-03 12:20:00,66984.0,67026.4,66940.0,66955.1,5.30940568
2026-04-03 12:25:00,66955.2,67153.7,66955.2,67117.9,11.68622931
2026-04-03 12:30:00,67117.7,67375.2,66875.3,66925.8,161.5541293
2026-04-03 12:35:00,66922.6,66965.2,66808.3,66834.9,22.14602274
2026-04-03 12:40:00,66834.9,66894.2,66793.8,66869.2,15.10979433
2026-04-03 12:45:00,66869.2,66900.5,66750.3,66750.3,12.57998632
2026-04-03 12:50:00,66750.0,66789.2,66634.1,66772.3,23.73027475
2026-04-03 12:55:00,66773.0,66813.2,66714.9,66721.7,4.67458738
2026-04-03 13:00:00,66721.8,66741.0,66623.3,66624.1,14.01145333
2026-04-03 13:05:00,66630.8,66709.3,66577.0,66607.9,28.79260875
2026-04-03 13:10:00,66607.9,66673.7,66555.0,66672.6,15.92466306
2026-04-03 13:15:00,66670.9,66700.4,66598.3,66663.9,15.35439575
2026-04-03 13:20:00,66663.9,66724.7,66652.9,66703.7,9.07097428
2026-04-03 13:25:00,66703.7,66726.5,66660.0,66681.4,13.90287609
2026-04-03 13:30:00,66681.4,66683.3,66575.2,66631.9,23.2558255
2026-04-03 13:35:00,66632.2,66668.5,66587.6,66605.9,7.64708189
2026-04-03 13:40:00,66605.8,66626.6,66585.1,66600.1,2.69101338
2026-04-03 13:45:00,66600.1,66615.0,66509.9,66510.8,17.68707708
2026-04-03 13:50:00,66510.8,66688.6,66510.8,66681.1,7.38064555
2026-04-03 13:55:00,66678.0,66678.9,66620.0,66676.3,3.82910696
2026-04-03 14:00:00,66676.3,66769.2,66629.5,66715.2,17.89297626
2026-04-03 14:05:00,66715.2,66799.9,66714.6,66745.7,25.56947762
2026-04-03 14:10:00,66745.6,66783.2,66703.9,66783.0,12.53634394
2026-04-03 14:15:00,66783.0,66787.0,66717.7,66787.0,4.3155303
2026-04-03 14:20:00,66786.9,66850.0,66769.3,66813.3,12.15160949
2026-04-03 14:25:00,66813.3,66994.9,66813.3,66912.2,29.62783683
2026-04-03 14:30:00,66912.3,66932.5,66873.8,66899.3,5.17033756
2026-04-03 14:35:00,66898.0,66936.0,66808.3,66888.2,5.49353394
2026-04-03 14:40:00,66888.2,66897.2,66807.5,66807.5,12.07190921
2026-04-03 14:45:00,66810.3,66890.4,66810.3,66890.3,10.69588737
2026-04-03 14:50:00,66890.4,66988.7,66880.0,66949.5,9.46286274
2026-04-03 14:55:00,66949.6,66974.6,66929.3,66929.3,6.04227102
2026-04-03 15:00:00,66928.1,66973.7,66910.8,66941.3,3.20295455
2026-04-03 15:05:00,66941.3,66974.5,66923.2,66961.9,4.48775518
2026-04-03 15:10:00,66962.0,67020.4,66937.7,66959.9,7.72238039
2026-04-03 15:15:00,66960.0,66960.0,66879.3,66903.2,5.34169905
2026-04-03 15:20:00,66903.2,66922.9,66858.2,66922.9,13.69629666
2026-04-03 15:25:00,66922.9,66946.2,66904.0,66929.2,8.13023882
2026-04-03 15:30:00,66930.4,66984.1,66876.6,66899.7,14.82872723
2026-04-03 15:35:00,66899.7,66907.7,66838.3,66906.6,5.64928895
2026-04-03 15:40:00,66906.6,66909.2,66838.3,66856.0,5.78109773
2026-04-03 15:45:00,66856.0,66865.8,66812.3,66831.4,8.02711865
2026-04-03 15:50:00,66831.4,66865.8,66831.4,66842.0,3.92986299
2026-04-03 15:55:00,66842.5,66879.2,66832.1,66832.1,7.15625071
2026-04-03 16:00:00,66832.1,66891.9,66823.5,66855.9,6.5416756
2026-04-03 16:05:00,66855.9,66874.7,66828.4,66850.9,7.64819943
2026-04-03 16:10:00,66850.9,66915.8,66850.9,66907.6,3.89686867
2026-04-03 16:15:00,66907.6,66933.9,66871.3,66913.7,4.46988926
2026-04-03 16:20:00,66913.7,66966.6,66913.7,66938.5,4.81102657
2026-04-03 16:25:00,66941.1,66994.8,66941.1,66986.0,21.84882555
2026-04-03 16:30:00,66985.8,66999.6,66946.8,66991.5,10.22300921
2026-04-03 16:35:00,66991.5,67013.9,66931.3,66949.0,14.80066242
2026-04-03 16:40:00,66949.0,66985.3,66926.8,66972.6,14.6133284
2026-04-03 16:45:00,66972.6,67063.4,66938.9,67027.6,22.57828887
2026-04-03 16:50:00,67027.7,67066.5,67014.6,67038.5,16.44243531
2026-04-03 16:55:00,67038.5,67038.5,66990.3,67001.3,16.75617266
2026-04-03 17:00:00,67001.3,67002.8,66954.3,66991.6,22.96170865
2026-04-03 17:05:00,66991.7,67038.5,66970.8,67038.5,24.33439399
2026-04-03 17:10:00,67038.5,67070.3,66955.3,66955.3,21.33439805
2026-04-03 17:15:00,66955.3,66963.9,66755.6,66804.6,48.02814079
2026-04-03 17:20:00,66804.4,66902.1,66794.3,66879.8,19.79622275
2026-04-03 17:25:00,66879.8,66884.3,66842.7,66872.0,13.02473245
2026-04-03 17:30:00,66870.5,66953.1,66870.5,66878.6,30.95663026
2026-04-03 17:35:00,66876.5,66897.6,66854.0,66884.9,11.92548048
2026-04-03 17:40:00,66885.0,66891.6,66867.9,66891.5,9.29243739
2026-04-03 17:45:00,66891.6,66899.4,66811.2,66822.7,10.94158226
2026-04-03 17:50:00,66822.6,66855.9,66808.5,66849.0,5.99053697
2026-04-03 17:55:00,66849.1,66878.4,66836.3,66837.3,7.43742178
2026-04-03 18:00:00,66837.4,66865.5,66834.2,66849.5,5.00648482
2026-04-03 18:05:00,66849.4,66851.5,66800.1,66801.8,20.51901918
2026-04-03 18:10:00,66801.9,66837.4,66776.9,66836.0,24.30243389
2026-04-03 18:15:00,66838.7,66930.0,66816.3,66909.7,15.36559758
2026-04-03 18:20:00,66909.7,66925.8,66872.4,66925.7,17.29093517
2026-04-03 18:25:00,66925.8,66927.9,66871.7,66878.3,35.24031652
2026-04-03 18:30:00,66878.3,66901.7,66860.8,66891.6,20.1527309
2026-04-03 18:35:00,66892.6,66919.5,66854.5,66854.5,18.8210157
2026-04-03 18:40:00,66854.6,66867.5,66832.1,66854.0,15.68581019
2026-04-03 18:45:00,66853.9,66853.9,66808.3,66826.4,12.30986722
2026-04-03 18:50:00,66825.3,66833.0,66808.4,66814.2,16.4896798
2026-04-03 18:55:00,66814.3,66822.7,66795.9,66814.0,9.79010133
2026-04-03 19:00:00,66814.1,66858.9,66790.7,66790.8,8.24849209
2026-04-03 19:05:00,66790.8,66790.8,66774.2,66780.4,2.32237409
2026-04-03 19:10:00,66780.4,66809.8,66770.3,66779.4,5.34885778
2026-04-03 19:15:00,66779.4,66810.7,66776.5,66782.6,2.26341643
2026-04-03 19:20:00,66784.9,66851.9,66784.8,66784.9,6.99068639
2026-04-03 19:25:00,66784.8,66808.3,66781.7,66789.2,4.01849709
2026-04-03 19:30:00,66792.7,66809.6,66779.9,66809.6,2.05788479
2026-04-03 19:35:00,66809.6,66820.0,66790.6,66812.3,4.98399599
2026-04-03 19:40:00,66812.4,66855.0,66812.4,66849.8,1.73832022
2026-04-03 19:45:00,66849.7,66904.1,66849.7,66895.7,2.02478446
2026-04-03 19:50:00,66895.8,66910.4,66869.5,66871.4,2.02884347
2026-04-03 19:55:00,66871.3,66884.5,66850.2,66884.4,1.7798872
2026-04-03 20:00:00,66884.4,66887.6,66863.2,66873.3,1.24078688
2026-04-03 20:05:00,66873.3,66889.7,66848.6,66889.7,1.5889143
2026-04-03 20:10:00,66893.6,66910.3,66867.9,66900.0,1.99111284
2026-04-03 20:15:00,66900.0,66910.5,66868.6,66892.2,2.55825395
2026-04-03 20:20:00,66892.1,66900.0,66868.8,66878.2,1.58375366
2026-04-03 20:25:00,66878.3,66881.4,66865.4,66872.8,1.52021055
2026-04-03 20:30:00,66872.9,66895.1,66851.1,66869.9,9.84854883
2026-04-03 20:35:00,66870.0,66898.3,66846.3,66898.3,3.13808575
2026-04-03 20:40:00,66898.2,66914.1,66887.5,66888.0,3.07967458
2026-04-03 20:45:00,66887.5,66903.2,66872.2,66884.9,8.78124699
2026-04-03 20:50:00,66885.0,66887.7,66827.5,66841.2,10.75330336
2026-04-03 20:55:00,66841.3,66854.8,66825.4,66825.6,1.25137183
2026-04-03 21:00:00,66825.7,66856.3,66817.9,66830.9,3.13818548
2026-04-03 21:05:00,66830.8,66857.4,66825.5,66850.4,2.3375103
2026-04-03 21:10:00,66850.3,66939.1,66841.2,66907.2,16.21458158
2026-04-03 21:15:00,66907.3,66941.0,66885.5,66885.5,5.51999106
2026-04-03 21:20:00,66885.2,66907.0,66868.1,66898.1,4.3160881
2026-04-03 21:25:00,66898.1,66909.8,66883.9,66884.3,2.90542496
2026-04-03 21:30:00,66884.2,66910.6,66873.8,66901.5,1.41047124
2026-04-03 21:35:00,66901.5,66927.2,66894.8,66901.3,7.52308232
2026-04-03 21:40:00,66901.2,66942.2,66886.1,66936.8,5.6763432
2026-04-03 21:45:00,66936.9,66941.2,66895.9,66933.9,1.41215712
2026-04-03 21:50:00,66933.9,66943.0,66903.0,66936.4,1.80515131
2026-04-03 21:55:00,66936.5,66985.4,66936.4,66956.7,4.80780812
2026-04-03 22:00:00,66956.7,66980.9,66878.9,66917.6,5.06764322
2026-04-03 22:05:00,66915.6,66927.8,66841.7,66846.3,1.91110647
2026-04-03 22:10:00,66844.1,66880.0,66843.7,66869.5,1.66922217
2026-04-03 22:15:00,66869.4,66905.3,66858.1,66903.5,2.44696708
2026-04-03 22:20:00,66903.5,66929.2,66882.0,66882.1,1.30619034
2026-04-03 22:25:00,66882.1,66935.0,66875.3,66915.7,8.18518218
2026-04-03 22:30:00,66915.7,66934.8,66904.9,66922.3,1.87884353
2026-04-03 22:35:00,66922.9,66960.9,66919.3,66929.9,0.77347238
2026-04-03 22:40:00,66929.9,66962.9,66925.8,66929.4,1.3189963
2026-04-03 22:45:00,66929.4,66937.3,66846.4,66883.0,7.94030712
2026-04-03 22:50:00,66882.9,66898.4,66864.8,66891.4,1.7751574
2026-04-03 22:55:00,66891.3,66922.9,66890.0,66890.0,3.68953538
2026-04-03 23:00:00,66890.1,66911.1,66890.0,66895.3,2.0984923
2026-04-03 23:05:00,66895.3,66907.3,66880.0,66880.0,0.52849494
2026-04-03 23:10:00,66880.1,66888.5,66845.1,66868.8,2.1546046
2026-04-03 23:15:00,66868.9,66886.4,66854.7,66884.6,4.13365766
2026-04-03 23:20:00,66885.9,66888.0,66859.4,66876.4,1.47009191
2026-04-03 23:25:00,66876.4,66876.4,66837.4,66860.3,6.39199956
2026-04-03 23:30:00,66860.3,66924.0,66850.2,66850.2,10.634136
2026-04-03 23:35:00,66850.1,66858.3,66827.4,66858.3,3.35059981
2026-04-03 23:40:00,66858.3,66878.4,66858.3,66871.2,5.57752362
2026-04-03 23:45:00,66871.2,66924.9,66871.2,66923.3,1.18115753
2026-04-03 23:50:00,66920.1,66954.1,66920.1,66946.9,2.97691434
2026-04-03 23:55:00,66947.0,66960.0,66924.1,66960.0,2.85998255
2026-04-04 00:00:00,66960.0,66960.0,66895.2,66895.3,1.89833621
2026-04-04 00:05:00,66895.3,66922.8,66871.9,66921.0,3.31746441
2026-04-04 00:10:00,66920.9,66921.0,66885.3,66902.7,1.12031469
2026-04-04 00:15:00,66902.7,66920.3,66890.7,66909.9,1.03274143
2026-04-04 00:20:00,66910.0,66950.9,66887.8,66935.6,1.05079975
2026-04-04 00:25:00,66935.5,66960.0,66914.5,66914.5,0.87257966
2026-04-04 00:30:00,66914.4,66959.9,66900.8,66940.2,3.90830815
2026-04-04 00:35:00,66940.2,66953.9,66930.1,66952.2,1.74581229
2026-04-04 00:40:00,66952.2,66952.2,66917.8,66933.6,1.64505385
2026-04-04 00:45:00,66933.6,66937.1,66905.0,66915.6,2.27211133
2026-04-04 00:50:00,66915.6,66922.1,66889.6,66901.4,1.91049763
2026-04-04 00:55:00,66901.3,66901.3,66873.7,66894.5,2.04297638
2026-04-04 01:00:00,66894.4,66900.0,66869.4,66885.1,2.41626955
2026-04-04 01:05:00,66885.2,66924.8,66885.1,66913.0,1.01458651
2026-04-04 01:10:00,66912.9,66924.8,66850.5,66850.5,1.29721325
2026-04-04 01:15:00,66850.5,66877.5,66850.1,66869.2,2.72447751
2026-04-04 01:20:00,66869.7,66880.5,66844.2,66879.9,3.20336094
2026-04-04 01:25:00,66880.0,66880.0,66834.5,66842.8,5.56497201
2026-04-04 01:30:00,66842.8,66858.9,66834.2,66854.1,5.20490637
2026-04-04 01:35:00,66854.7,66868.3,66843.1,66846.2,2.08603596
2026-04-04 01:40:00,66846.2,66862.5,66827.8,66827.8,2.01182787
2026-04-04 01:45:00,66827.9,66852.4,66827.8,66838.7,0.7794083
2026-04-04 01:50:00,66838.7,66855.0,66838.7,66851.1,1.25524424
2026-04-04 01:55:00,66851.2,66855.2,66832.0,66852.4,1.23157349
2026-04-04 02:00:00,66852.5,66922.7,66834.9,66922.7,10.90735606
2026-04-04 02:05:00,66923.6,66923.7,66855.7,66855.8,1.31813019
2026-04-04 02:10:00,66855.7,66871.4,66824.9,66843.9,8.75758812
2026-04-04 02:15:00,66846.0,66847.6,66818.4,66831.7,1.06686928
2026-04-04 02:20:00,66831.7,66831.7,66822.0,66822.0,1.47359682
2026-04-04 02:25:00,66822.1,66835.0,66822.0,66835.0,1.51320562
2026-04-04 02:30:00,66835.0,66886.6,66834.9,66870.8,2.11963328
2026-04-04 02:35:00,66870.8,66870.9,66849.0,66849.0,0.78148068
2026-04-04 02:40:00,66849.1,66849.1,66829.6,66829.6,1.35943768
2026-04-04 02:45:00,66829.5,66844.5,66817.0,66828.3,5.71218848
2026-04-04 02:50:00,66828.3,66840.9,66811.5,66811.5,0.454431
2026-04-04 02:55:00,66811.5,66845.2,66811.3,66845.2,1.44229588
2026-04-04 03:00:00,66845.3,66892.4,66845.3,66873.9,0.86448653
2026-04-04 03:05:00,66874.0,66906.7,66869.8,66880.4,1.33108781
2026-04-04 03:10:00,66880.3,66905.7,66880.3,66892.9,1.23679302
2026-04-04 03:15:00,66893.0,66893.0,66846.3,66846.3,2.55342893
2026-04-04 03:20:00,66846.3,66864.8,66846.3,66857.7,0.59147776
2026-04-04 03:25:00,66857.6,66857.6,66845.4,66848.5,3.74072698
2026-04-04 03:30:00,66848.6,66848.6,66838.0,66838.2,4.20316226
2026-04-04 03:35:00,66838.3,66843.9,66833.2,66840.1,18.53532298
2026-04-04 03:40:00,66840.1,66860.0,66834.6,66845.9,1.75261952
2026-04-04 03:45:00,66845.8,66871.0,66844.8,66871.0,2.00852275
2026-04-04 03:50:00,66871.1,66871.1,66842.3,66850.2,1.83072733
2026-04-04 03:55:00,66850.2,66850.2,66828.5,66833.2,0.82781366
2026-04-04 04:00:00,66833.3,66833.3,66820.0,66828.8,0.78415277
2026-04-04 04:05:00,66828.8,66847.3,66827.8,66847.3,0.91590821
2026-04-04 04:10:00,66850.0,66850.0,66800.1,66800.1,1.240044
2026-04-04 04:15:00,66800.1,66815.1,66775.0,66808.2,3.40054453
2026-04-04 04:20:00,66808.2,66840.8,66808.2,66839.0,0.72909804
2026-04-04 04:25:00,66839.1,66862.2,66838.9,66857.8,0.84595164
2026-04-04 04:30:00,66857.9,66865.2,66847.4,66847.5,0.59118649
2026-04-04 04:35:00,66847.5,66861.9,66847.4,66858.5,4.3255703
2026-04-04 04:40:00,66858.5,66862.0,66858.5,66861.8,0.41795849
2026-04-04 04:45:00,66861.8,66865.9,66850.0,66865.7,3.70948624
2026-04-04 04:50:00,66865.6,66866.0,66846.4,66866.0,12.12914566
2026-04-04 04:55:00,66866.0,66866.0,66849.8,66859.4,6.62660601
2026-04-04 05:00:00,66859.5,66879.7,66855.0,66875.2,3.20081535
2026-04-04 05:05:00,66875.1,66893.9,66854.7,66893.9,1.05091143
2026-04-04 05:10:00,66894.5,66894.9,66838.9,66863.5,12.41372257
2026-04-04 05:15:00,66863.6,66884.2,66863.5,66884.1,0.43682591
2026-04-04 05:20:00,66884.2,66899.0,66875.5,66875.5,1.37178786
2026-04-04 05:25:00,66875.4,66875.4,66838.3,66871.3,3.81609533
2026-04-04 05:30:00,66873.8,66934.4,66868.4,66931.2,6.37906331
2026-04-04 05:35:00,66931.2,66931.2,66888.5,66892.7,3.33669697
2026-04-04 05:40:00,66892.7,66914.4,66888.9,66891.0,0.88617302
2026-04-04 05:45:00,66891.0,66919.0,66891.0,66894.9,1.79659893
2026-04-04 05:50:00,66894.9,66924.4,66894.1,66910.1,4.2574491
2026-04-04 05:55:00,66910.1,66915.1,66895.1,66907.8,2.57401221
2026-04-04 06:00:00,66907.8,66936.3,66907.8,66915.4,1.12338774
2026-04-04 06:05:00,66918.0,66940.9,66914.3,66933.9,3.36637439
2026-04-04 06:10:00,66934.0,66959.0,66934.0,66951.6,4.00651684
2026-04-04 06:15:00,66951.6,66959.0,66949.2,66959.0,6.90230028
2026-04-04 06:20:00,66958.9,66965.3,66944.1,66944.2,5.88726692
2026-04-04 06:25:00,66944.2,66951.6,66905.4,66951.5,3.08835195
2026-04-04 06:30:00,66951.6,66954.9,66923.8,66943.9,1.27006623
2026-04-04 06:35:00,66943.8,66943.9,66914.3,66914.3,0.47848812
2026-04-04 06:40:00,66914.4,66956.5,66914.3,66956.5,3.05097631
2026-04-04 06:45:00,66958.1,67005.6,66958.1,66997.8,11.4399007
2026-04-04 06:50:00,66997.7,67043.4,66983.1,67043.4,8.14890485
2026-04-04 06:55:00,67043.4,67043.4,67000.0,67009.3,7.1015958
2026-04-04 07:00:00,67009.3,67030.0,66987.6,67001.1,2.44807883
2026-04-04 07:05:00,67001.0,67035.9,66988.2,66994.5,8.28776748
2026-04-04 07:10:00,66994.5,67010.5,66983.4,66999.6,3.19373443
2026-04-04 07:15:00,66997.8,67010.0,66966.8,66966.8,5.03351138
2026-04-04 07:20:00,66963.4,66963.4,66943.7,66947.2,4.16597309
2026-04-04 07:25:00,66949.9,66967.1,66930.3,66956.5,5.12062416
2026-04-04 07:30:00,66957.3,66979.5,66957.3,66979.5,9.31559101
2026-04-04 07:35:00,66979.4,66979.5,66964.0,66979.2,15.30375412
2026-04-04 07:40:00,66979.1,67013.0,66964.0,66972.0,28.32551963
2026-04-04 07:45:00,66971.9,67003.9,66951.7,66994.8,17.45519059
2026-04-04 07:50:00,66994.8,66995.2,66977.7,66995.2,12.31795235
2026-04-04 07:55:00,66997.9,67056.4,66997.9,67021.7,23.48665937
2026-04-04 08:00:00,67021.7,67041.3,67014.8,67014.8,3.125594
2026-04-04 08:05:00,67014.9,67050.0,66989.0,66996.6,5.15319238
2026-04-04 08:10:00,66997.4,67020.0,66994.0,66997.3,2.30320147
2026-04-04 08:15:00,66997.3,67007.8,66997.3,67007.8,0.73061808
2026-04-04 08:20:00,67007.8,67062.7,67000.0,67029.9,7.85779429
2026-04-04 08:25:00,67029.9,67057.8,66992.7,67050.0,13.36702265
2026-04-04 08:30:00,67049.9,67049.9,66965.1,66965.1,5.04730293
2026-04-04 08:35:00,66965.0,66985.8,66965.0,66972.0,1.43735623
2026-04-04 08:40:00,66972.0,66977.1,66956.8,66971.6,2.27119877
2026-04-04 08:45:00,66971.6,66971.7,66961.8,66961.9,1.9580033
2026-04-04 08:50:00,66961.9,66961.9,66910.7,66917.2,2.71834403
2026-04-04 08:55:00,66917.2,66944.6,66917.2,66944.5,3.58705153
2026-04-04 09:00:00,66944.6,66957.7,66915.6,66919.3,2.93268708
2026-04-04 09:05:00,66919.2,66970.6,66919.2,66970.6,1.18508972
2026-04-04 09:10:00,66970.5,66990.0,66970.5,66980.4,3.35483717
2026-04-04 09:15:00,66980.4,66989.8,66957.5,66979.5,5.78531753
2026-04-04 09:20:00,66979.5,66987.2,66957.6,66968.7,1.5043027
2026-04-04 09:25:00,66967.5,66978.1,66940.9,66978.1,7.34968631
2026-04-04 09:30:00,66978.1,66985.1,66962.3,66962.4,0.71421612
2026-04-04 09:35:00,66962.4,66974.3,66962.3,66969.1,0.38078938
2026-04-04 09:40:00,66969.1,66970.5,66960.0,66960.1,0.78904036
2026-04-04 09:45:00,66960.0,66986.0,66960.0,66983.2,0.59975888
2026-04-04 09:50:00,66983.2,66983.2,66973.3,66973.3,0.73114138
2026-04-04 09:55:00,66973.2,66985.7,66966.9,66985.6,0.77622453
2026-04-04 10:00:00,66985.7,67014.8,66964.7,66964.7,4.97425307
2026-04-04 10:05:00,66966.4,66982.6,66954.4,66959.1,1.33988539
2026-04-04 10:10:00,66959.1,66959.1,66910.0,66910.3,4.57464583
2026-04-04 10:15:00,66910.2,66937.4,66910.2,66937.4,1.0218747
2026-04-04 10:20:00,66937.4,66937.4,66920.2,66931.6,0.82552491
2026-04-04 10:25:00,66931.5,66946.2,66925.0,66938.5,2.26349609
2026-04-04 10:30:00,66938.5,66946.0,66925.0,66935.2,2.41209883
2026-04-04 10:35:00,66935.3,67020.7,66935.2,67007.4,6.02431372
2026-04-04 10:40:00,67007.3,67063.3,67007.3,67036.5,3.3357275
2026-04-04 10:45:00,67036.5,67161.6,67034.3,67136.8,20.21999791
2026-04-04 10:50:00,67136.8,67170.3,67117.9,67160.1,26.99119074
2026-04-04 10:55:00,67160.1,67166.2,67134.2,67166.2,7.21283852
2026-04-04 11:00:00,67166.2,67228.0,67166.1,67174.9,12.44972549
2026-04-04 11:05:00,67175.0,67197.8,67146.3,67195.2,17.54269911
2026-04-04 11:10:00,67195.2,67200.0,67144.0,67172.5,112.87793949
2026-04-04 11:15:00,67172.4,67172.4,67109.6,67126.5,15.01946719
2026-04-04 11:20:00,67126.5,67170.2,67122.2,67122.3,7.54485585
2026-04-04 11:25:00,67122.3,67131.4,67114.7,67123.1,4.2628262
2026-04-04 11:30:00,67123.1,67123.1,67094.5,67106.8,10.7247424
2026-04-04 11:35:00,67106.8,67106.9,67083.3,67083.3,1.4705901
2026-04-04 11:40:00,67083.3,67158.3,67083.3,67136.5,2.61887885
2026-04-04 11:45:00,67136.6,67160.0,67124.9,67124.9,2.316575
2026-04-04 11:50:00,67125.0,67127.5,67103.1,67127.5,5.44972137
2026-04-04 11:55:00,67127.4,67159.9,67123.2,67159.9,2.09939427
2026-04-04 12:00:00,67160.0,67185.6,67129.8,67152.7,11.1691152
2026-04-04 12:05:00,67152.7,67161.7,67082.8,67094.7,2.95523697
2026-04-04 12:10:00,67094.8,67124.4,67080.6,67118.4,4.51479755
2026-04-04 12:15:00,67115.3,67123.0,67111.9,67119.9,2.61655665
2026-04-04 12:20:00,67119.1,67133.0,67103.9,67131.7,1.21784633
2026-04-04 12:25:00,67131.7,67144.9,67110.3,67110.3,3.31171971
2026-04-04 12:30:00,67110.3,67127.5,67110.3,67111.3,3.33034986
2026-04-04 12:35:00,67111.4,67111.4,67079.2,67091.1,6.44756899
2026-04-04 12:40:00,67091.0,67091.0,67055.9,67060.4,1.34277385
2026-04-04 12:45:00,67061.9,67091.7,67060.7,67088.2,34.49016476
2026-04-04 12:50:00,67088.2,67112.0,67088.2,67110.1,1.8272808
2026-04-04 12:55:00,67110.2,67110.2,67093.6,67093.6,1.90435024
2026-04-04 13:00:00,67093.7,67100.8,67076.8,67077.5,1.63287532
2026-04-04 13:05:00,67077.5,67107.7,67077.4,67107.7,2.69776088
2026-04-04 13:10:00,67107.6,67107.7,67091.8,67106.7,2.71548463
2026-04-04 13:15:00,67106.7,67113.4,67090.0,67113.4,0.73605273
2026-04-04 13:20:00,67113.3,67140.3,67094.1,67103.8,2.26780167
2026-04-04 13:25:00,67103.8,67109.6,67098.8,67109.5,1.36597269
2026-04-04 13:30:00,67109.6,67109.6,67096.9,67109.1,2.43420197
2026-04-04 13:35:00,67109.1,67267.9,67096.3,67237.6,17.78607798
2026-04-04 13:40:00,67237.6,67264.4,67224.0,67237.1,5.67358541
2026-04-04 13:45:00,67238.4,67238.5,67199.3,67199.9,2.78234374
2026-04-04 13:50:00,67200.0,67213.2,67170.8,67190.2,5.47577634
2026-04-04 13:55:00,67190.1,67239.4,67190.1,67198.0,5.07622902
2026-04-04 14:00:00,67196.5,67220.0,67196.4,67196.5,1.68056029
2026-04-04 14:05:00,67196.5,67215.0,67183.9,67215.0,2.55468203
2026-04-04 14:10:00,67214.9,67214.9,67196.6,67201.2,13.27069657
2026-04-04 14:15:00,67201.2,67212.1,67187.5,67207.2,2.26929497
2026-04-04 14:20:00,67208.9,67209.0,67191.4,67191.5,1.66060676
2026-04-04 14:25:00,67191.5,67208.5,67185.8,67185.9,3.84099721
2026-04-04 14:30:00,67185.8,67185.8,67160.0,67164.2,14.67434787
2026-04-04 14:35:00,67164.2,67179.2,67069.0,67078.2,34.11701085
2026-04-04 14:40:00,67078.1,67106.3,67017.7,67104.5,6.92037512
2026-04-04 14:45:00,67104.5,67159.9,67104.5,67130.6,5.06557444
2026-04-04 14:50:00,67130.7,67138.5,67127.2,67130.4,3.13642595
2026-04-04 14:55:00,67130.3,67210.0,67128.6,67209.6,3.84284764
2026-04-04 15:00:00,67209.6,67210.7,67177.3,67210.1,3.40495145
2026-04-04 15:05:00,67210.0,67300.0,67193.5,67300.0,36.27953165
2026-04-04 15:10:00,67300.0,67545.7,67252.2,67381.9,68.85075036
2026-04-04 15:15:00,67381.9,67436.0,67330.0,67410.1,12.88651134
2026-04-04 15:20:00,67410.1,67473.3,67346.5,67354.3,19.91692682
2026-04-04 15:25:00,67353.8,67354.3,67292.9,67329.5,14.7715985
2026-04-04 15:30:00,67329.6,67347.0,67304.5,67314.0,2.30044381
2026-04-04 15:35:00,67313.4,67339.8,67303.8,67333.3,5.48584183
2026-04-04 15:40:00,67333.4,67354.9,67272.6,67327.0,12.43102478
2026-04-04 15:45:00,67326.7,67333.0,67292.0,67332.9,2.58425947
2026-04-04 15:50:00,67331.8,67331.8,67299.7,67324.7,2.69501343
2026-04-04 15:55:00,67324.6,67393.3,67324.6,67379.4,7.89184652
2026-04-04 16:00:00,67379.5,67400.0,67335.5,67352.0,6.94424403
2026-04-04 16:05:00,67352.0,67363.0,67336.2,67336.2,3.72021462
2026-04-04 16:10:00,67336.1,67348.3,67325.7,67332.3,10.06271765
2026-04-04 16:15:00,67341.6,67364.0,67320.6,67356.2,11.69415282
2026-04-04 16:20:00,67356.2,67376.6,67332.4,67376.5,5.51453179
2026-04-04 16:25:00,67376.6,67479.2,67376.6,67440.4,11.35115552
2026-04-04 16:30:00,67440.4,67449.9,67380.5,67392.6,8.35385368
2026-04-04 16:35:00,67392.6,67486.5,67390.0,67466.1,14.04957859
2026-04-04 16:40:00,67470.0,67511.4,67452.7,67511.4,10.48191067
2026-04-04 16:45:00,67511.6,67517.7,67439.8,67445.2,14.27658657
2026-04-04 16:50:00,67445.9,67456.2,67431.4,67433.0,6.18862086
2026-04-04 16:55:00,67433.1,67460.6,67351.8,67355.6,14.39994258
2026-04-04 17:00:00,67363.0,67363.0,67283.4,67322.1,8.85598069
2026-04-04 17:05:00,67322.1,67342.5,67315.6,67333.0,1.24293537
2026-04-04 17:10:00,67333.0,67380.6,67322.7,67380.6,2.88698686
2026-04-04 17:15:00,67380.5,67399.8,67357.3,67357.4,4.89441545
2026-04-04 17:20:00,67357.3,67401.2,67347.1,67395.6,7.86788011
2026-04-04 17:25:00,67395.6,67497.0,67389.9,67396.3,91.2161268
2026-04-04 17:30:00,67396.2,67406.9,67388.8,67389.8,0.66524965
2026-04-04 17:35:00,67389.8,67389.9,67343.1,67343.2,2.24915367
2026-04-04 17:40:00,67343.2,67362.8,67323.1,67323.2,1.13628661
2026-04-04 17:45:00,67323.2,67333.9,67320.3,67320.8,1.05559394
2026-04-04 17:50:00,67320.9,67342.5,67320.2,67327.2,3.23177355
2026-04-04 17:55:00,67327.1,67355.4,67320.7,67340.5,2.93985093
2026-04-04 18:00:00,67337.7,67348.5,67299.0,67316.6,3.03225249
2026-04-04 18:05:00,67316.6,67348.5,67307.9,67337.9,7.3814668
2026-04-04 18:10:00,67337.9,67340.5,67320.6,67336.3,3.26775715
2026-04-04 18:15:00,67336.2,67387.4,67335.0,67355.1,6.88087159
2026-04-04 18:20:00,67355.1,67370.6,67344.8,67363.4,1.42195817
2026-04-04 18:25:00,67363.3,67365.4,67331.1,67331.2,1.7172584
2026-04-04 18:30:00,67331.2,67335.4,67299.0,67299.1,3.63243401
2026-04-04 18:35:00,67299.1,67306.6,67299.1,67306.4,6.31892738
2026-04-04 18:40:00,67306.3,67320.5,67285.4,67285.4,8.64850547
2026-04-04 18:45:00,67285.5,67307.4,67265.2,67291.1,6.98549482
2026-04-04 18:50:00,67291.2,67329.7,67277.9,67321.9,4.72341788
2026-04-04 18:55:00,67321.9,67321.9,67293.4,67296.9,1.35455718
2026-04-04 19:00:00,67297.0,67360.3,67297.0,67350.3,7.45313961
2026-04-04 19:05:00,67350.4,67454.7,67342.8,67397.3,9.76433245
2026-04-04 19:10:00,67397.3,67500.0,67380.5,67496.8,5.40381526
2026-04-04 19:15:00,67496.5,67544.6,67395.3,67445.8,20.16687692
2026-04-04 19:20:00,67445.8,67445.8,67386.6,67390.0,4.9239526
2026-04-04 19:25:00,67390.0,67396.1,67361.2,67364.5,5.4488585
2026-04-04 19:30:00,67364.5,67370.7,67329.0,67344.6,2.94910199
2026-04-04 19:35:00,67344.7,67373.6,67344.6,67346.3,5.43178065
2026-04-04 19:40:00,67346.3,67346.3,67287.7,67303.3,2.47382443
2026-04-04 19:45:00,67303.3,67313.5,67292.7,67305.9,1.15793087
2026-04-04 19:50:00,67305.9,67330.9,67305.8,67324.4,1.59685478
2026-04-04 19:55:00,67321.4,67321.4,67273.6,67288.9,2.06614077
2026-04-04 20:00:00,67288.9,67289.0,67182.1,67194.5,9.88452164
2026-04-04 20:05:00,67194.5,67227.5,67189.6,67224.8,3.35074738
2026-04-04 20:10:00,67224.8,67238.6,67224.8,67230.2,1.03735421
2026-04-04 20:15:00,67230.2,67265.2,67230.2,67257.6,2.31539646
2026-04-04 20:20:00,67257.5,67269.4,67238.6,67269.4,0.75532858
2026-04-04 20:25:00,67269.6,67279.3,67254.3,67266.4,1.26352783
2026-04-04 20:30:00,67266.4,67276.5,67248.8,67267.2,1.2690562
2026-04-04 20:35:00,67267.2,67298.5,67258.9,67270.6,2.25921695
2026-04-04 20:40:00,67271.8,67290.5,67263.8,67263.8,1.28095917
2026-04-04 20:45:00,67262.3,67303.0,67262.3,67281.0,12.98991403
2026-04-04 20:50:00,67280.9,67281.0,67256.0,67261.8,1.92281808
2026-04-04 20:55:00,67261.8,67272.4,67253.5,67270.6,1.16183378
2026-04-04 21:00:00,67270.6,67292.4,67270.5,67270.6,2.27872399
2026-04-04 21:05:00,67270.6,67281.7,67260.5,67281.6,1.44766926
2026-04-04 21:10:00,67281.6,67281.6,67213.5,67239.3,13.44542037
2026-04-04 21:15:00,67239.4,67270.3,67239.3,67269.4,1.03587517
2026-04-04 21:20:00,67268.0,67287.2,67257.5,67265.0,3.3640569
2026-04-04 21:25:00,67264.9,67276.5,67259.5,67274.7,1.5174942
2026-04-04 21:30:00,67274.8,67277.1,67259.1,67277.1,2.7893368
2026-04-04 21:35:00,67277.1,67312.9,67260.0,67298.1,4.79012545
2026-04-04 21:40:00,67298.1,67325.6,67286.7,67304.8,4.42642098
2026-04-04 21:45:00,67304.9,67360.7,67304.8,67357.6,3.50391477
2026-04-04 21:50:00,67358.6,67446.3,67336.5,67414.1,9.39955842
2026-04-04 21:55:00,67414.1,67478.8,67339.1,67352.8,5.62083422
2026-04-04 22:00:00,67352.9,67389.6,67338.6,67374.4,2.89982885
2026-04-04 22:05:00,67374.4,67382.1,67340.3,67380.3,1.17935794
2026-04-04 22:10:00,67380.4,67387.2,67342.1,67387.2,6.61564928
2026-04-04 22:15:00,67388.1,67449.5,67381.9,67440.6,2.20473474
2026-04-04 22:20:00,67440.5,67440.5,67378.4,67439.3,1.5126337
2026-04-04 22:25:00,67439.3,67449.0,67401.8,67423.7,1.84741187
2026-04-04 22:30:00,67423.7,67436.9,67386.6,67405.2,2.20219419
2026-04-04 22:35:00,67405.2,67406.1,67384.4,67384.4,1.53967692
2026-04-04 22:40:00,67384.4,67467.1,67384.4,67467.1,9.4771377
2026-04-04 22:45:00,67467.2,67467.2,67383.3,67395.7,6.52131964
2026-04-04 22:50:00,67397.2,67412.2,67370.1,67389.4,2.15273794
2026-04-04 22:55:00,67389.4,67401.9,67385.9,67398.4,1.8806725
2026-04-04 23:00:00,67398.4,67402.2,67343.0,67362.9,5.16813687
2026-04-04 23:05:00,67362.2,67400.0,67332.4,67400.0,5.53398632
2026-04-04 23:10:00,67399.9,67400.0,67355.3,67355.4,1.55245003
2026-04-04 23:15:00,67355.4,67364.2,67337.3,67352.8,1.81021544
2026-04-04 23:20:00,67352.5,67362.1,67330.0,67330.0,1.99981423
2026-04-04 23:25:00,67330.0,67330.0,67302.9,67302.9,1.91674827
2026-04-04 23:30:00,67302.9,67327.7,67302.9,67326.6,0.86705944
2026-04-04 23:35:00,67326.5,67326.5,67293.6,67293.7,1.80476495
2026-04-04 23:40:00,67293.6,67342.9,67265.0,67323.8,13.25200125
2026-04-04 23:45:00,67323.9,67326.3,67254.2,67284.0,24.66993446
2026-04-04 23:50:00,67284.1,67312.2,67252.0,67312.1,1.70392394
2026-04-04 23:55:00,67312.2,67312.2,67294.2,67302.5,1.47062827
2026-04-05 00:00:00,67302.6,67309.5,67285.8,67292.4,2.10190361
2026-04-05 00:05:00,67292.4,67292.5,67266.8,67277.5,2.0197525
2026-04-05 00:10:00,67277.5,67277.6,67241.7,67254.9,1.7423137
2026-04-05 00:15:00,67254.8,67257.6,67244.5,67255.8,2.66650976
2026-04-05 00:20:00,67255.9,67255.9,67239.3,67247.9,3.48729922
2026-04-05 00:25:00,67247.8,67282.3,67234.4,67262.0,7.18773991
2026-04-05 00:30:00,67262.0,67262.0,67240.0,67240.0,5.28402278
2026-04-05 00:35:00,67237.5,67269.3,67237.5,67269.2,3.50500708
2026-04-05 00:40:00,67269.3,67274.1,67250.0,67250.1,3.51569387
2026-04-05 00:45:00,67250.1,67266.3,67240.0,67247.5,3.01732644
2026-04-05 00:50:00,67247.6,67247.6,67201.1,67221.2,1.8715611
2026-04-05 00:55:00,67221.2,67221.2,67163.4,67210.1,13.97606335
2026-04-05 01:00:00,67210.1,67229.4,67153.9,67167.9,4.07973804
2026-04-05 01:05:00,67167.0,67169.6,67110.0,67149.7,6.64141758
2026-04-05 01:10:00,67149.6,67208.8,67143.6,67185.1,2.22334538
2026-04-05 01:15:00,67185.1,67185.2,67160.3,67160.4,0.7736232
2026-04-05 01:20:00,67160.4,67180.0,67135.5,67141.1,2.38163851
2026-04-05 01:25:00,67143.9,67157.6,67124.4,67133.2,8.50662557
2026-04-05 01:30:00,67129.2,67129.3,67094.5,67118.7,7.34250354
2026-04-05 01:35:00,67118.8,67118.8,67087.0,67087.1,1.6311621
2026-04-05 01:40:00,67086.8,67112.1,67077.9,67092.8,2.56198356
2026-04-05 01:45:00,67092.8,67108.1,67077.0,67108.1,14.31449378
2026-04-05 01:50:00,67108.9,67119.3,67100.6,67108.7,3.33314484
2026-04-05 01:55:00,67108.6,67108.7,67078.0,67088.2,8.03994024
2026-04-05 02:00:00,67088.3,67088.5,66953.8,67039.1,32.62470803
2026-04-05 02:05:00,67039.1,67047.2,67007.4,67011.2,3.82861668
2026-04-05 02:10:00,67011.1,67011.1,66979.3,66994.1,2.74290057
2026-04-05 02:15:00,66994.2,67079.3,66983.7,67079.2,4.39037669
2026-04-05 02:20:00,67079.2,67112.7,67064.4,67108.5,5.88169195
2026-04-05 02:25:00,67108.5,67158.9,67102.1,67128.1,10.4119309
2026-04-05 02:30:00,67128.1,67169.7,67115.0,67144.3,3.0442387
2026-04-05 02:35:00,67144.3,67166.7,67127.9,67144.3,9.99682702
2026-04-05 02:40:00,67144.3,67144.3,67131.9,67131.9,0.79450642
2026-04-05 02:45:00,67131.8,67137.7,67124.9,67136.6,1.46239241
2026-04-05 02:50:00,67136.6,67158.7,67136.1,67158.6,0.90604688
2026-04-05 02:55:00,67158.7,67174.8,67158.7,67170.0,4.41685543
2026-04-05 03:00:00,67169.4,67192.4,67168.6,67173.0,1.98899803
2026-04-05 03:05:00,67173.0,67173.0,67148.5,67163.9,1.52369716
2026-04-05 03:10:00,67164.8,67191.2,67152.8,67191.2,4.63766653
2026-04-05 03:15:00,67191.1,67191.2,67153.8,67154.1,1.24171622
2026-04-05 03:20:00,67154.0,67161.8,67130.2,67159.2,5.02159761
2026-04-05 03:25:00,67159.2,67163.2,67150.7,67150.8,1.00265108
2026-04-05 03:30:00,67150.9,67150.9,67100.4,67100.4,0.9025448
2026-04-05 03:35:00,67100.5,67122.8,67081.7,67114.6,4.47916389
2026-04-05 03:40:00,67114.5,67143.2,67114.5,67135.7,1.24152398
2026-04-05 03:45:00,67135.7,67143.3,67129.3,67133.5,2.77209002
2026-04-05 03:50:00,67133.5,67133.5,67117.9,67129.9,0.75296631
2026-04-05 03:55:00,67129.9,67143.4,67121.6,67143.4,0.7222916
2026-04-05 04:00:00,67144.4,67144.4,67109.8,67135.4,2.92741291
2026-04-05 04:05:00,67135.4,67135.4,67110.0,67110.1,1.45078312
2026-04-05 04:10:00,67110.0,67110.1,67070.1,67088.5,3.13824799
2026-04-05 04:15:00,67088.5,67117.6,67081.6,67117.5,2.15876919
2026-04-05 04:20:00,67117.5,67135.9,67114.3,67123.7,1.16441703
2026-04-05 04:25:00,67123.7,67189.4,67123.6,67186.5,1.01218472
2026-04-05 04:30:00,67186.5,67186.5,67161.1,67161.1,1.33649759
2026-04-05 04:35:00,67161.1,67163.4,67144.3,67156.8,2.27721923
2026-04-05 04:40:00,67156.8,67156.9,67128.5,67128.5,0.77332714
2026-04-05 04:45:00,67128.6,67130.3,67082.1,67084.6,2.61323489
2026-04-05 04:50:00,67084.7,67115.8,67084.7,67095.8,1.58509207
2026-04-05 04:55:00,67095.7,67145.0,67089.0,67097.2,2.47838323
2026-04-05 05:00:00,67097.3,67128.5,67093.6,67122.1,0.8297739
2026-04-05 05:05:00,67122.1,67131.2,67113.2,67127.5,1.27766709
2026-04-05 05:10:00,67127.5,67153.2,67109.0,67109.1,1.91258639
2026-04-05 05:15:00,67109.1,67126.6,67105.7,67118.9,1.6725078
2026-04-05 05:20:00,67118.8,67118.9,67044.9,67089.7,2.98827971
2026-04-05 05:25:00,67089.7,67100.5,67078.9,67078.9,0.70059397
2026-04-05 05:30:00,67079.0,67104.8,67078.9,67094.6,0.63847263
2026-04-05 05:35:00,67094.6,67094.6,67055.6,67077.6,5.28007357
2026-04-05 05:40:00,67077.5,67087.7,67077.5,67087.7,0.41033598
2026-04-05 05:45:00,67087.6,67094.1,67068.8,67068.8,1.39081471
2026-04-05 05:50:00,67068.8,67068.8,66949.9,66981.8,5.84755669
2026-04-05 05:55:00,66981.8,66981.8,66886.3,66929.2,34.75760505
2026-04-05 06:00:00,66932.5,66947.8,66900.0,66942.3,7.53144043
2026-04-05 06:05:00,66942.2,66942.2,66702.0,66705.9,55.96898181
2026-04-05 06:10:00,66706.6,66733.7,66629.9,66660.4,34.92042344
2026-04-05 06:15:00,66660.5,66692.0,66606.7,66682.8,17.69990193
2026-04-05 06:20:00,66682.8,66771.1,66673.1,66745.9,8.76326183
2026-04-05 06:25:00,66745.8,66779.6,66745.8,66761.7,2.78665534
2026-04-05 06:30:00,66761.8,66840.1,66761.8,66813.1,15.39588624
2026-04-05 06:35:00,66813.0,66850.0,66787.6,66817.5,21.46623427
2026-04-05 06:40:00,66817.5,66829.0,66816.1,66824.2,0.61638716
2026-04-05 06:45:00,66824.3,66843.9,66803.2,66832.9,4.66206658
2026-04-05 06:50:00,66833.0,66850.0,66827.9,66830.1,1.72404689
2026-04-05 06:55:00,66830.0,66863.3,66800.0,66800.1,15.78857519
2026-04-05 07:00:00,66800.1,66886.9,66800.1,66859.6,11.73874463
2026-04-05 07:05:00,66859.6,66892.2,66859.6,66868.9,11.75488479
2026-04-05 07:10:00,66868.8,66909.0,66856.8,66903.4,15.18331611
2026-04-05 07:15:00,66903.4,66921.8,66803.7,66844.1,7.34673081
2026-04-05 07:20:00,66844.0,66844.1,66816.5,66816.5,1.45326563
2026-04-05 07:25:00,66816.5,66817.0,66789.6,66816.2,3.5511483
2026-04-05 07:30:00,66816.2,66816.3,66730.7,66763.6,5.37608114
2026-04-05 07:35:00,66763.7,66763.7,66718.1,66733.7,5.57493724
2026-04-05 07:40:00,66733.7,66780.2,66733.6,66774.3,4.1079424
2026-04-05 07:45:00,66774.3,66805.0,66750.0,66750.0,14.42138822
2026-04-05 07:50:00,66749.0,66798.4,66740.1,66798.4,7.85171241
2026-04-05 07:55:00,66798.5,66827.1,66798.4,66822.8,4.51339972
2026-04-05 08:00:00,66817.5,66875.4,66813.1,66856.7,4.66894876
2026-04-05 08:05:00,66856.7,66877.5,66842.7,66871.8,2.34279948
2026-04-05 08:10:00,66871.8,66883.8,66848.9,66858.8,2.26996336
2026-04-05 08:15:00,66858.9,66896.3,66851.0,66891.1,2.67015077
2026-04-05 08:20:00,66891.1,66910.5,66884.0,66884.0,0.85655867
2026-04-05 08:25:00,66884.0,66896.6,66868.2,66869.9,0.57356042
2026-04-05 08:30:00,66869.9,66881.8,66858.7,66865.6,5.59360654
2026-04-05 08:35:00,66865.5,66887.2,66862.0,66887.1,1.98327115
2026-04-05 08:40:00,66887.2,66891.0,66833.9,66850.7,3.65460129
2026-04-05 08:45:00,66850.6,66894.8,66850.6,66894.8,2.28841911
2026-04-05 08:50:00,66894.7,66907.2,66889.1,66892.2,13.21505986
2026-04-05 08:55:00,66890.0,66933.0,66875.7,66929.2,10.94625093
2026-04-05 09:00:00,66929.3,66966.3,66903.9,66959.5,76.26251567
2026-04-05 09:05:00,66959.5,66980.0,66891.2,66918.2,4.73732099
2026-04-05 09:10:00,66918.2,66933.0,66910.5,66924.2,3.28423827
2026-04-05 09:15:00,66924.2,66960.8,66924.2,66950.7,10.80826995
2026-04-05 09:20:00,66950.8,67010.9,66941.0,67010.9,5.53426249
2026-04-05 09:25:00,67011.2,67020.0,66997.5,67011.9,2.41044893
2026-04-05 09:30:00,67012.0,67012.0,66981.8,66990.8,1.72163426
2026-04-05 09:35:00,66990.7,66994.7,66962.3,66981.3,1.74178105
2026-04-05 09:40:00,66984.1,67023.0,66984.1,67023.0,6.93828048
2026-04-05 09:45:00,67022.9,67046.4,67010.6,67036.9,20.23896501
2026-04-05 09:50:00,67036.9,67046.8,67025.0,67028.3,1.52207474
2026-04-05 09:55:00,67028.3,67032.9,67020.0,67029.5,4.00903912
2026-04-05 10:00:00,67029.6,67029.6,66975.6,67018.2,57.12730531
2026-04-05 10:05:00,67018.4,67030.3,66990.7,66990.7,3.46596091
2026-04-05 10:10:00,66990.1,67009.6,66960.2,66961.4,5.79906613
2026-04-05 10:15:00,66961.4,66979.0,66960.0,66962.8,3.96937323
2026-04-05 10:20:00,66962.9,66979.0,66960.0,66974.0,1.58644879
2026-04-05 10:25:00,66974.1,66988.8,66974.1,66988.8,1.76791687
2026-04-05 10:30:00,66988.7,67006.9,66980.0,67001.5,4.1914445
2026-04-05 10:35:00,67000.7,67140.0,67000.7,67113.1,14.30095271
2026-04-05 10:40:00,67113.2,67118.7,67053.5,67080.0,2.48502594
2026-04-05 10:45:00,67080.0,67080.5,67028.4,67041.2,2.58662526
2026-04-05 10:50:00,67041.2,67053.9,67007.7,67039.7,2.62158312
2026-04-05 10:55:00,67039.7,67059.6,67036.2,67043.9,1.36778553
2026-04-05 11:00:00,67043.9,67084.1,67026.8,67056.9,3.06291764
2026-04-05 11:05:00,67057.0,67070.9,67044.8,67052.3,1.71238839
2026-04-05 11:10:00,67049.3,67081.3,67049.3,67050.4,0.67448925
2026-04-05 11:15:00,67050.5,67087.6,67050.4,67063.4,3.39080918
2026-04-05 11:20:00,67063.3,67073.7,67051.0,67051.0,1.65752608
2026-04-05 11:25:00,67051.1,67051.1,66990.1,67005.8,2.95698701
2026-04-05 11:30:00,67005.8,67017.1,66988.9,67005.4,9.88202673
2026-04-05 11:35:00,67005.4,67005.4,66967.1,66987.3,1.33270478
2026-04-05 11:40:00,66990.6,66993.2,66984.1,66993.1,1.18525372
2026-04-05 11:45:00,66993.1,66995.1,66974.8,66985.0,0.90043953
2026-04-05 11:50:00,66985.1,66997.3,66984.4,66997.3,2.03971606
2026-04-05 11:55:00,66997.2,67000.6,66987.2,67000.6,0.50485541
2026-04-05 12:00:00,67000.6,67000.6,66916.6,66925.4,3.949893
2026-04-05 12:05:00,66925.4,66961.9,66922.0,66943.7,3.02658202
2026-04-05 12:10:00,66946.6,66946.6,66898.6,66907.0,5.4463085
2026-04-05 12:15:00,66906.9,66936.9,66901.6,66930.3,7.03599613
2026-04-05 12:20:00,66930.3,66932.6,66912.2,66918.0,0.95002057
2026-04-05 12:25:00,66918.0,66918.0,66884.8,66884.8,7.88085577
2026-04-05 12:30:00,66884.8,66894.3,66725.0,66766.9,31.7165933
2026-04-05 12:35:00,66768.9,66803.7,66690.8,66744.7,18.25075495
2026-04-05 12:40:00,66744.7,66783.2,66701.5,66748.7,7.04040214
2026-04-05 12:45:00,66748.6,66748.6,66687.6,66704.0,13.76100579
2026-04-05 12:50:00,66701.0,66803.6,66701.0,66779.5,8.11915226
2026-04-05 12:55:00,66779.5,66803.7,66778.7,66784.5,4.9111997
2026-04-05 13:00:00,66784.5,66857.2,66764.5,66853.9,14.76732087
2026-04-05 13:05:00,66854.0,66854.0,66816.9,66820.0,1.8146261
2026-04-05 13:10:00,66820.0,66840.4,66762.4,66762.4,2.09217365
2026-04-05 13:15:00,66762.5,66799.6,66745.0,66797.1,5.50888062
2026-04-05 13:20:00,66797.2,66860.1,66794.1,66832.2,8.48260642
2026-04-05 13:25:00,66832.2,66835.5,66708.9,66708.9,11.22859756
2026-04-05 13:30:00,66708.9,66845.2,66700.0,66811.5,21.47786947
2026-04-05 13:35:00,66811.6,66848.6,66784.8,66848.0,5.91181535
2026-04-05 13:40:00,66848.0,66858.6,66820.7,66831.8,1.02355105
2026-04-05 13:45:00,66831.6,66880.7,66829.8,66860.3,6.92665523
2026-04-05 13:50:00,66860.3,66915.5,66860.3,66876.7,9.43715639
2026-04-05 13:55:00,66876.7,66912.1,66861.8,66894.4,1.97478216
2026-04-05 14:00:00,66894.4,66965.8,66852.6,66963.5,6.49576312
2026-04-05 14:05:00,66964.4,66964.5,66912.5,66923.3,3.72843392
2026-04-05 14:10:00,66923.3,66933.4,66866.2,66880.0,3.59603494
2026-04-05 14:15:00,66880.0,66880.0,66811.3,66867.1,19.16540408
2026-04-05 14:20:00,66867.2,66882.4,66848.0,66882.4,3.52503656
2026-04-05 14:25:00,66882.3,66920.0,66882.3,66904.1,1.63526126
2026-04-05 14:30:00,66904.2,66916.5,66890.6,66893.8,1.83422642
2026-04-05 14:35:00,66892.6,66949.9,66889.6,66949.1,6.93144809
2026-04-05 14:40:00,66949.1,66970.0,66925.8,66940.7,22.67419739
2026-04-05 14:45:00,66946.2,66949.4,66912.1,66933.3,1.40002813
2026-04-05 14:50:00,66934.3,66950.0,66928.3,66937.3,2.63652535
2026-04-05 14:55:00,66937.3,66937.4,66910.5,66926.4,3.69571682
2026-04-05 15:00:00,66926.5,66937.3,66883.2,66883.2,3.78633516
2026-04-05 15:05:00,66882.7,66937.1,66829.0,66937.1,6.77110441
2026-04-05 15:10:00,66937.3,66970.0,66937.2,66941.9,2.68489761
2026-04-05 15:15:00,66941.4,67018.2,66941.4,66979.5,4.07881491
2026-04-05 15:20:00,66979.4,67000.0,66966.0,66994.0,3.14731164
2026-04-05 15:25:00,66993.9,67530.0,66977.1,67498.2,150.39597872
2026-04-05 15:30:00,67500.0,67866.6,67390.7,67482.6,231.39946038
2026-04-05 15:35:00,67482.6,67550.0,67391.3,67400.5,14.98096401
2026-04-05 15:40:00,67402.6,67453.1,67310.5,67446.5,17.50996861
2026-04-05 15:45:00,67446.6,67453.1,67326.5,67372.9,5.63298691
2026-04-05 15:50:00,67372.9,67442.8,67354.4,67354.5,10.92014407
2026-04-05 15:55:00,67354.5,67367.3,67272.7,67304.4,16.0566658
2026-04-05 16:00:00,67304.5,67378.9,67304.5,67359.1,7.15790107
2026-04-05 16:05:00,67359.0,67398.2,67271.1,67335.8,6.21495557
2026-04-05 16:10:00,67335.8,67377.8,67293.3,67299.3,13.08249583
2026-04-05 16:15:00,67299.4,67362.0,67299.4,67345.1,3.06356632
2026-04-05 16:20:00,67345.1,67382.0,67342.7,67363.0,2.20725201
2026-04-05 16:25:00,67363.0,67386.1,67316.6,67318.7,2.72752799
2026-04-05 16:30:00,67318.7,67415.2,67314.6,67366.7,5.14724622
2026-04-05 16:35:00,67366.8,67367.2,67315.1,67315.1,1.25711773
2026-04-05 16:40:00,67315.1,67336.6,67264.9,67324.4,22.37543416
2026-04-05 16:45:00,67324.4,67324.4,67210.0,67213.6,7.57467827
2026-04-05 16:50:00,67213.7,67246.2,67157.0,67189.3,8.37672014
2026-04-05 16:55:00,67194.9,67218.6,67176.5,67212.9,4.33440273
2026-04-05 17:00:00,67213.0,67255.9,67182.1,67213.8,4.79273403
2026-04-05 17:05:00,67213.7,67291.8,67206.2,67279.9,5.24424055
2026-04-05 17:10:00,67279.9,67307.5,67264.6,67285.2,3.73017189
2026-04-05 17:15:00,67285.2,67295.4,67213.7,67213.7,3.54048733
2026-04-05 17:20:00,67213.5,67247.4,67186.6,67247.4,1.70840479
2026-04-05 17:25:00,67247.8,67349.9,67244.2,67340.5,2.39467303
2026-04-05 17:30:00,67344.2,67349.8,67302.8,67313.5,2.38987082
2026-04-05 17:35:00,67313.6,67392.2,67313.5,67386.1,5.22289421
2026-04-05 17:40:00,67387.9,67400.0,67353.0,67362.8,2.0509547
2026-04-05 17:45:00,67362.9,67396.9,67307.5,67340.0,4.92792556
2026-04-05 17:50:00,67339.0,67364.1,67285.0,67358.8,8.04268463
2026-04-05 17:55:00,67358.9,67382.4,67341.7,67372.5,3.41862247
2026-04-05 18:00:00,67372.5,67375.8,67283.4,67321.4,3.95085629
2026-04-05 18:05:00,67321.5,67345.8,67290.2,67292.8,4.08522065
2026-04-05 18:10:00,67293.7,67328.7,67274.8,67309.1,2.41554268
2026-04-05 18:15:00,67309.1,67340.0,67274.7,67281.1,2.45926703
2026-04-05 18:20:00,67278.8,67305.4,67274.9,67305.3,2.50509282
2026-04-05 18:25:00,67305.3,67305.4,67281.2,67305.4,2.61107166
2026-04-05 18:30:00,67305.4,67451.2,67305.4,67419.2,5.00800421
2026-04-05 18:35:00,67419.6,67450.0,67389.2,67438.0,4.55485915
2026-04-05 18:40:00,67438.0,67454.4,67401.6,67426.0,11.4647973
2026-04-05 18:45:00,67424.6,67451.2,67406.3,67411.7,3.19663023
2026-04-05 18:50:00,67411.8,67421.6,67388.6,67405.7,2.26273074
2026-04-05 18:55:00,67405.6,67412.5,67386.0,67412.5,0.7851549
2026-04-05 19:00:00,67414.2,67414.2,67380.3,67381.5,14.8868158
2026-04-05 19:05:00,67382.0,67416.1,67382.0,67400.5,2.62863271
2026-04-05 19:10:00,67400.5,67425.2,67365.9,67415.1,5.31817228
2026-04-05 19:15:00,67415.0,67519.9,67398.0,67519.9,6.66371151
2026-04-05 19:20:00,67520.0,67563.3,67488.0,67527.0,7.09043037
2026-04-05 19:25:00,67526.9,67550.0,67460.8,67470.7,3.64017405
2026-04-05 19:30:00,67470.8,67470.8,67437.7,67449.7,1.96474442
2026-04-05 19:35:00,67449.6,67449.7,67317.5,67330.1,5.5180022
2026-04-05 19:40:00,67330.2,67343.0,67284.3,67310.4,3.30947953
2026-04-05 19:45:00,67310.4,67329.3,67281.4,67281.4,2.54607236
2026-04-05 19:50:00,67281.4,67332.2,67281.4,67317.8,1.56834966
2026-04-05 19:55:00,67317.8,67364.1,67317.7,67364.1,0.78901404
2026-04-05 20:00:00,67364.9,67416.7,67359.6,67363.3,5.74850677
2026-04-05 20:05:00,67362.8,67379.6,67331.4,67362.8,2.19187536
2026-04-05 20:10:00,67362.8,67393.7,67347.6,67383.7,1.76535071
2026-04-05 20:15:00,67383.7,67386.3,67376.8,67376.9,0.39651527
2026-04-05 20:20:00,67376.9,67478.2,67374.4,67475.3,4.407845
2026-04-05 20:25:00,67475.3,67497.1,67448.0,67478.3,3.12684572
2026-04-05 20:30:00,67478.3,67499.8,67464.3,67484.9,2.68729178
2026-04-05 20:35:00,67485.0,67699.6,67465.4,67688.6,44.9833547
2026-04-05 20:40:00,67688.7,67702.7,67551.6,67551.7,7.04604112
2026-04-05 20:45:00,67552.9,67667.2,67539.9,67656.9,13.86202321
2026-04-05 20:50:00,67657.0,67678.6,67600.0,67637.1,2.42702154
2026-04-05 20:55:00,67637.2,67665.1,67627.5,67665.1,6.13819646
2026-04-05 21:00:00,67665.2,67665.2,67558.4,67611.9,9.97877376
2026-04-05 21:05:00,67611.9,67626.3,67592.8,67617.8,6.91484169
2026-04-05 21:10:00,67617.9,67639.0,67418.3,67517.6,34.34769056
2026-04-05 21:15:00,67517.6,67540.0,67490.0,67499.5,5.05080801
2026-04-05 21:20:00,67495.3,67512.7,67473.9,67480.9,1.91209378
2026-04-05 21:25:00,67481.6,67485.1,67413.7,67480.5,1.82326984
2026-04-05 21:30:00,67480.6,67491.0,67465.1,67469.4,0.98514579
2026-04-05 21:35:00,67469.4,67478.5,67463.0,67470.6,1.20029644
2026-04-05 21:40:00,67472.0,67527.5,67421.3,67498.5,3.46615354
2026-04-05 21:45:00,67498.7,67563.8,67471.5,67563.8,5.65199621
2026-04-05 21:50:00,67564.7,67685.4,67544.3,67622.9,7.31600315
2026-04-05 21:55:00,67623.0,67651.3,67524.3,67549.8,3.64730589
2026-04-05 22:00:00,67550.1,67794.7,67485.2,67749.9,31.93386967
2026-04-05 22:05:00,67749.7,67780.9,67645.2,67723.5,14.21871197
2026-04-05 22:10:00,67725.8,67725.8,67473.7,67526.9,28.67164883
2026-04-05 22:15:00,67527.0,67605.1,67501.5,67504.7,6.54902214
2026-04-05 22:20:00,67506.6,67527.6,67360.8,67414.3,17.93344753
2026-04-05 22:25:00,67414.4,67429.8,67345.9,67429.7,3.37683995
2026-04-05 22:30:00,67429.7,67590.0,67409.0,67504.0,7.81404073
2026-04-05 22:35:00,67504.0,67649.9,67478.5,67649.9,4.01793801
2026-04-05 22:40:00,67650.0,67990.0,67628.5,67959.3,92.48226578
2026-04-05 22:45:00,67956.6,68222.0,67955.4,68142.0,115.34277253
2026-04-05 22:50:00,68143.5,68221.9,68073.3,68073.6,31.5010196
2026-04-05 22:55:00,68080.0,68371.3,68072.1,68341.1,78.03101781
2026-04-05 23:00:00,68341.2,68461.5,68258.5,68328.6,45.53971119
2026-04-05 23:05:00,68328.5,68597.7,68317.9,68426.7,52.38807159
2026-04-05 23:10:00,68426.6,68600.0,68426.6,68600.0,19.32100469
2026-04-05 23:15:00,68600.0,68941.4,68600.0,68885.5,106.87051362
2026-04-05 23:20:00,68885.6,68988.0,68688.8,68754.9,50.44518347
2026-04-05 23:25:00,68751.2,68900.0,68727.6,68805.0,68.74181761
2026-04-05 23:30:00,68805.0,69122.5,68794.3,69044.0,113.86866855
2026-04-05 23:35:00,69045.7,69130.5,68982.8,68993.3,24.51476979
2026-04-05 23:40:00,68993.4,69049.8,68880.0,68951.8,19.76131958
2026-04-05 23:45:00,68954.6,69061.5,68929.6,68940.4,18.86915736
2026-04-05 23:50:00,68940.5,69040.0,68893.9,68997.2,46.86951596
2026-04-05 23:55:00,68999.2,69040.0,68990.9,69030.0,14.52205228
2026-04-06 00:00:00,69030.0,69599.3,69029.1,69352.9,300.82660123
2026-04-06 00:05:00,69355.5,69600.0,69329.9,69332.0,202.52757116
2026-04-06 00:10:00,69332.1,69346.0,69191.2,69237.0,33.80007088
2026-04-06 00:15:00,69237.1,69355.9,69193.1,69216.5,36.20946537
2026-04-06 00:20:00,69214.3,69271.4,69078.7,69263.2,32.32804481
2026-04-06 00:25:00,69263.3,69281.3,69125.5,69181.4,23.75352548
2026-04-06 00:30:00,69181.4,69342.7,69120.0,69120.3,30.10975177
2026-04-06 00:35:00,69122.3,69269.3,69110.4,69238.1,39.48972802
2026-04-06 00:40:00,69238.0,69446.9,69217.5,69317.9,44.01178222
2026-04-06 00:45:00,69318.0,69347.5,69220.1,69220.1,8.84988605
2026-04-06 00:50:00,69220.1,69286.6,69133.4,69133.5,14.44830216
2026-04-06 00:55:00,69133.4,69170.9,69076.4,69083.9,22.42351049
2026-04-06 01:00:00,69083.9,69135.8,68868.0,68919.8,69.1735571
2026-04-06 01:05:00,68919.9,69000.0,68879.2,68922.7,46.85621454
2026-04-06 01:10:00,68922.7,68976.1,68853.2,68853.2,20.60987759
2026-04-06 01:15:00,68853.3,68916.8,68846.5,68867.2,11.26077099
2026-04-06 01:20:00,68867.2,68969.0,68833.3,68921.9,9.42246222
2026-04-06 01:25:00,68922.0,68998.9,68922.0,68983.0,12.62989567
2026-04-06 01:30:00,68983.0,68983.1,68833.6,68871.6,13.59832755
2026-04-06 01:35:00,68871.7,68977.5,68849.6,68902.8,12.20636625
2026-04-06 01:40:00,68902.7,68903.9,68803.7,68803.8,12.93943243
2026-04-06 01:45:00,68803.8,68878.7,68793.7,68800.4,17.5563319
2026-04-06 01:50:00,68800.4,68871.9,68795.0,68795.0,8.02255275
2026-04-06 01:55:00,68795.1,68840.1,68791.0,68815.5,8.62074848
2026-04-06 02:00:00,68812.2,68947.2,68777.1,68939.2,19.42157797
2026-04-06 02:05:00,68939.2,68951.8,68814.8,68934.9,28.55764448
2026-04-06 02:10:00,68933.8,69330.3,68899.9,69110.2,56.3102549
2026-04-06 02:15:00,69114.9,69292.5,69100.1,69262.7,32.22535149
2026-04-06 02:20:00,69263.4,69316.0,69140.9,69160.5,22.56148573
2026-04-06 02:25:00,69161.0,69255.3,69119.0,69234.3,10.33425007
2026-04-06 02:30:00,69234.4,69410.0,69234.4,69336.8,24.31050839
2026-04-06 02:35:00,69336.8,69347.5,69231.5,69275.7,28.76441342
2026-04-06 02:40:00,69275.7,69275.7,69175.0,69215.5,11.56934587
2026-04-06 02:45:00,69215.6,69300.0,69200.0,69252.1,12.12709557
2026-04-06 02:50:00,69253.0,69300.2,69198.9,69218.9,110.56692041
2026-04-06 02:55:00,69218.9,69266.2,69208.0,69208.1,21.71424975
2026-04-06 03:00:00,69208.0,69253.8,69202.7,69214.2,3.74316322
2026-04-06 03:05:00,69214.2,69253.5,69154.3,69177.9,6.26339531
2026-04-06 03:10:00,69175.0,69247.5,69115.5,69129.5,20.62142376
2026-04-06 03:15:00,69129.5,69163.7,69061.2,69084.5,40.97817538
2026-04-06 03:20:00,69084.4,69167.1,69064.1,69167.0,15.34926228
2026-04-06 03:25:00,69167.0,69206.2,69159.2,69184.7,5.96929392
2026-04-06 03:30:00,69184.7,69230.0,69159.4,69204.1,4.49710392
2026-04-06 03:35:00,69203.0,69225.7,69177.7,69177.7,4.55110947
2026-04-06 03:40:00,69177.7,69177.7,69078.1,69117.1,7.71306768
2026-04-06 03:45:00,69117.1,69149.3,69096.5,69107.6,6.20728342
2026-04-06 03:50:00,69108.6,69137.0,69061.6,69074.0,9.28471557
2026-04-06 03:55:00,69073.9,69124.5,69061.9,69124.5,9.02038957
2026-04-06 04:00:00,69124.4,69199.2,69124.4,69197.4,8.74745144
2026-04-06 04:05:00,69197.5,69197.5,69035.4,69039.8,16.57552348
2026-04-06 04:10:00,69041.5,69067.5,69005.0,69067.4,17.92855626
2026-04-06 04:15:00,69067.5,69079.5,69003.5,69003.8,10.09124808
2026-04-06 04:20:00,69003.8,69022.8,68990.0,68999.9,8.34526237
2026-04-06 04:25:00,68999.8,69012.1,68981.2,69005.5,5.07091723
2026-04-06 04:30:00,69005.6,69056.3,68998.3,69051.5,13.18029989
2026-04-06 04:35:00,69051.6,69212.4,69051.6,69200.0,18.69929009
2026-04-06 04:40:00,69200.0,69214.2,69155.0,69178.6,8.28361088
2026-04-06 04:45:00,69178.2,69209.7,69126.9,69146.6,17.89142986
2026-04-06 04:50:00,69146.6,69176.4,69126.0,69172.8,6.55102562
2026-04-06 04:55:00,69172.8,69172.8,69131.1,69143.9,6.58851689
2026-04-06 05:00:00,69143.8,69166.0,69122.0,69149.7,9.11580412
2026-04-06 05:05:00,69156.6,69180.0,69138.2,69179.9,2.56771806
2026-04-06 05:10:00,69179.9,69180.0,69152.7,69163.5,7.70916137
2026-04-06 05:15:00,69163.6,69196.6,69140.5,69169.4,4.12397598
2026-04-06 05:20:00,69169.3,69220.0,69149.4,69150.1,13.87159999
2026-04-06 05:25:00,69150.0,69170.5,69091.2,69170.5,13.44709084
2026-04-06 05:30:00,69170.5,69240.0,69170.5,69232.2,11.62877806
2026-04-06 05:35:00,69232.2,69232.3,69192.7,69218.7,10.75350868
2026-04-06 05:40:00,69218.8,69228.7,69196.2,69219.3,11.92786624
2026-04-06 05:45:00,69219.3,69232.2,69152.8,69156.5,5.49699384
2026-04-06 05:50:00,69156.5,69198.5,69156.4,69198.5,5.91577492
2026-04-06 05:55:00,69198.5,69198.5,69178.7,69193.9,4.15634806
2026-04-06 06:00:00,69194.0,69198.5,69103.0,69117.0,8.33608954
2026-04-06 06:05:00,69117.0,69269.2,69116.9,69240.6,28.76285296
2026-04-06 06:10:00,69240.5,69350.0,69240.5,69306.9,23.40491721
2026-04-06 06:15:00,69307.0,69307.0,69225.0,69231.1,7.13527352
2026-04-06 06:20:00,69231.2,69244.0,69000.0,69035.9,41.77652928
2026-04-06 06:25:00,69036.0,69036.0,68800.4,68845.1,62.05938809
2026-04-06 06:30:00,68845.1,68910.3,68835.1,68858.1,14.28013021
2026-04-06 06:35:00,68858.1,68910.4,68855.9,68910.3,4.63082068
2026-04-06 06:40:00,68910.4,68974.8,68865.0,68927.6,19.85720291
2026-04-06 06:45:00,68927.5,68999.9,68923.1,68990.9,6.35737476
2026-04-06 06:50:00,68991.0,69103.9,68990.9,69028.4,29.87342393
2026-04-06 06:55:00,69028.5,69029.2,68964.8,68979.6,4.3121932
2026-04-06 07:00:00,68979.7,68993.4,68858.2,68863.5,5.51745864
2026-04-06 07:05:00,68863.5,68871.3,68820.8,68833.2,6.06474207
2026-04-06 07:10:00,68831.6,68914.3,68831.6,68902.3,8.4332705
2026-04-06 07:15:00,68902.3,68999.6,68902.3,68991.9,3.60609622
2026-04-06 07:20:00,68991.9,69088.2,68978.8,69084.9,6.16584446
2026-04-06 07:25:00,69085.0,69104.0,69068.7,69072.0,8.53269939
2026-04-06 07:30:00,69072.0,69075.0,68970.1,68986.5,62.29531996
2026-04-06 07:35:00,68986.6,69137.9,68986.5,69031.3,75.85198024
2026-04-06 07:40:00,69031.3,69048.9,68970.2,68980.5,65.43872468
2026-04-06 07:45:00,68981.2,69004.9,68940.0,68996.0,61.72632661
2026-04-06 07:50:00,68996.0,69206.4,68988.8,69182.1,98.85924934
2026-04-06 07:55:00,69182.2,69182.2,69079.1,69107.3,68.14103777
2026-04-06 08:00:00,69108.9,69217.3,69108.9,69157.4,10.61719448
2026-04-06 08:05:00,69157.4,69167.7,69077.1,69161.6,4.39134375
2026-04-06 08:10:00,69161.7,69198.1,69152.8,69168.4,3.18786396
2026-04-06 08:15:00,69168.4,69202.3,69131.9,69149.9,17.26280729
2026-04-06 08:20:00,69150.0,69247.9,69118.4,69219.8,20.03542536
2026-04-06 08:25:00,69219.8,69250.0,69202.6,69233.4,24.36015592
2026-04-06 08:30:00,69233.4,69260.0,69205.1,69256.3,6.49729823
2026-04-06 08:35:00,69256.2,69346.0,69221.6,69273.7,26.79810275
2026-04-06 08:40:00,69276.5,69303.4,69241.4,69296.7,11.78521349
2026-04-06 08:45:00,69296.6,69315.0,69222.0,69253.4,13.95204521
2026-04-06 08:50:00,69253.4,69253.5,69211.7,69249.0,12.68754114
2026-04-06 08:55:00,69249.0,69270.2,69224.6,69224.7,2.7282891
2026-04-06 09:00:00,69224.7,69270.2,69210.9,69240.2,10.89321433
2026-04-06 09:05:00,69237.5,69320.1,69231.5,69317.3,3.6421384
2026-04-06 09:10:00,69317.2,69762.1,69317.2,69634.9,167.5705697
2026-04-06 09:15:00,69630.3,69980.0,69629.0,69931.0,121.9533406
2026-04-06 09:20:00,69931.1,70273.4,69878.9,70051.0,462.98059662
2026-04-06 09:25:00,70052.5,70053.2,69882.0,69929.0,71.63327269
2026-04-06 09:30:00,69930.5,69971.8,69864.5,69895.2,25.43705429
2026-04-06 09:35:00,69895.2,69932.1,69769.0,69781.6,34.2512398
2026-04-06 09:40:00,69779.4,69919.2,69710.4,69854.5,50.83974522
2026-04-06 09:45:00,69853.9,69895.4,69816.4,69825.0,11.38063189
2026-04-06 09:50:00,69824.9,69825.0,69696.2,69704.9,45.83359426
2026-04-06 09:55:00,69703.2,69773.2,69693.2,69720.9,37.95311811
2026-04-06 10:00:00,69721.0,69812.8,69720.3,69812.8,23.99675075
2026-04-06 10:05:00,69812.8,69848.4,69793.6,69801.9,10.7243431
2026-04-06 10:10:00,69802.4,69850.0,69801.8,69814.6,8.2247469
2026-04-06 10:15:00,69814.6,69828.6,69758.6,69779.1,21.3366046
2026-04-06 10:20:00,69779.1,69859.7,69759.0,69821.5,38.86801951
2026-04-06 10:25:00,69821.4,69821.4,69729.5,69761.0,17.38146058
2026-04-06 10:30:00,69761.1,69832.4,69746.7,69815.0,13.08779282
2026-04-06 10:35:00,69815.0,69946.0,69781.0,69896.9,111.13857958
2026-04-06 10:40:00,69896.9,69896.9,69845.0,69886.5,3.85641097
2026-04-06 10:45:00,69886.5,69886.5,69676.2,69800.0,60.75160336
2026-04-06 10:50:00,69800.1,69806.7,69703.7,69735.5,23.21149041
2026-04-06 10:55:00,69733.1,69775.3,69699.1,69768.1,7.76370864
2026-04-06 11:00:00,69768.1,69768.1,69666.6,69690.3,8.15343216
2026-04-06 11:05:00,69690.3,69749.9,69670.4,69749.2,6.4401744
2026-04-06 11:10:00,69749.9,69763.1,69665.2,69671.6,6.12439118
2026-04-06 11:15:00,69671.6,69719.6,69671.6,69700.1,1.81838273
2026-04-06 11:20:00,69700.0,69700.1,69584.2,69627.9,26.25413793
2026-04-06 11:25:00,69628.0,69657.3,69600.0,69619.3,7.72560918
2026-04-06 11:30:00,69619.2,69696.6,69565.2,69684.2,25.22949142
2026-04-06 11:35:00,69684.1,69708.8,69657.9,69663.7,28.33515677
2026-04-06 11:40:00,69661.1,69680.6,69623.9,69646.4,19.85085954
2026-04-06 11:45:00,69646.5,69683.8,69602.5,69642.4,14.05338646
2026-04-06 11:50:00,69642.5,69696.6,69638.0,69638.0,4.69551546
2026-04-06 11:55:00,69638.1,69638.1,69562.6,69613.5,5.07061785
2026-04-06 12:00:00,69613.6,69633.6,69570.2,69577.6,4.64331712
2026-04-06 12:05:00,69578.0,69616.9,69510.9,69513.5,32.00365973
2026-04-06 12:10:00,69513.5,69525.8,69459.8,69476.9,7.66110218
2026-04-06 12:15:00,69476.8,69530.2,69459.3,69526.4,31.0364825
2026-04-06 12:20:00,69526.5,69529.9,69485.2,69503.2,9.83188718
2026-04-06 12:25:00,69503.2,69517.5,69424.1,69462.4,12.5247264
2026-04-06 12:30:00,69465.5,69466.0,69382.0,69453.7,32.78977696
2026-04-06 12:35:00,69457.3,69527.3,69444.6,69512.0,4.50262404
2026-04-06 12:40:00,69511.6,69537.2,69453.4,69491.7,5.45907582
2026-04-06 12:45:00,69491.8,69541.4,69408.3,69408.4,30.40643195
2026-04-06 12:50:00,69408.4,69433.3,69350.0,69390.2,29.99552644
2026-04-06 12:55:00,69390.2,69414.3,69330.0,69373.8,24.09411431
2026-04-06 13:00:00,69373.8,69454.6,69364.7,69432.4,8.19006542
2026-04-06 13:05:00,69433.8,69442.6,69390.6,69439.4,8.17037206
2026-04-06 13:10:00,69439.4,69441.7,69400.2,69409.5,2.92689995
2026-04-06 13:15:00,69409.5,69413.4,69330.0,69337.6,12.53676743
2026-04-06 13:20:00,69338.8,69420.2,69338.8,69415.2,2.7429374
2026-04-06 13:25:00,69415.3,69486.1,69415.2,69474.9,9.5132617
2026-04-06 13:30:00,69475.0,69559.1,69377.7,69487.3,28.72724086
2026-04-06 13:35:00,69487.3,69530.4,69243.4,69308.6,50.17762958
2026-04-06 13:40:00,69310.4,69428.8,69248.8,69334.8,64.42234809
2026-04-06 13:45:00,69335.0,69389.0,69260.4,69358.4,45.87616716
2026-04-06 13:50:00,69358.4,69499.5,69352.9,69432.4,42.31458555
2026-04-06 13:55:00,69431.7,69445.4,69339.2,69432.7,19.12400441
2026-04-06 14:00:00,69433.2,69663.6,69162.3,69203.7,123.93731654
2026-04-06 14:05:00,69212.3,69296.5,69183.2,69279.4,49.71740086
2026-04-06 14:10:00,69279.4,69350.0,69191.6,69349.9,44.01591668
2026-04-06 14:15:00,69349.9,69482.1,69334.5,69466.0,37.02838026
2026-04-06 14:20:00,69470.4,69643.4,69469.3,69510.2,48.41986169
2026-04-06 14:25:00,69510.1,69598.7,69478.7,69546.7,8.90706041
2026-04-06 14:30:00,69546.8,69690.0,69526.5,69644.2,46.48940677
2026-04-06 14:35:00,69645.3,69811.4,69321.8,69339.5,108.82813286
2026-04-06 14:40:00,69339.5,69533.4,69335.6,69461.7,56.06883073
2026-04-06 14:45:00,69461.6,69461.6,69308.3,69350.9,25.97389663
2026-04-06 14:50:00,69352.3,69624.7,69352.3,69618.9,14.00271178
2026-04-06 14:55:00,69619.7,69692.8,69567.8,69657.1,18.47232878
2026-04-06 15:00:00,69653.8,69754.0,69585.3,69645.1,22.65714381
2026-04-06 15:05:00,69644.1,69685.1,69523.7,69670.4,22.88207737
2026-04-06 15:10:00,69670.4,69800.0,69562.5,69700.4,33.58509975
2026-04-06 15:15:00,69700.5,69775.1,69650.1,69659.0,64.18623236
2026-04-06 15:20:00,69658.9,69701.3,69607.2,69647.3,13.22577648
2026-04-06 15:25:00,69647.2,69750.0,69600.0,69740.6,15.31515045
2026-04-06 15:30:00,69740.6,69804.9,69650.1,69756.6,27.28512133
2026-04-06 15:35:00,69756.6,69771.4,69658.4,69742.5,13.54926836
2026-04-06 15:40:00,69741.7,69850.0,69689.6,69827.6,26.85870764
2026-04-06 15:45:00,69822.8,69885.4,69774.2,69822.1,22.40705509
2026-04-06 15:50:00,69822.1,69948.1,69802.2,69937.5,26.25462366
2026-04-06 15:55:00,69934.7,69975.5,69888.9,69965.1,35.21942763
2026-04-06 16:00:00,69965.0,69980.0,69873.4,69928.0,24.00133184
2026-04-06 16:05:00,69928.0,69947.4,69850.1,69893.3,23.04153894
2026-04-06 16:10:00,69892.1,70106.0,69876.0,70070.5,70.45543785
2026-04-06 16:15:00,70070.6,70095.0,69913.0,70000.0,25.11441528
2026-04-06 16:20:00,69999.9,70043.7,69972.0,70006.4,11.07948276
2026-04-06 16:25:00,70006.5,70023.5,69900.2,69905.3,6.52529131
2026-04-06 16:30:00,69905.3,70015.1,69847.7,70014.3,14.85901071
2026-04-06 16:35:00,70014.3,70107.0,69999.8,70008.3,22.91038483
2026-04-06 16:40:00,70008.3,70120.0,70000.0,70119.9,14.16507748
2026-04-06 16:45:00,70120.0,70344.8,70078.9,70227.6,93.02411042
2026-04-06 16:50:00,70227.6,70227.6,70022.6,70022.6,26.9190825
2026-04-06 16:55:00,70022.6,70045.0,69769.4,69795.4,51.3406921
2026-04-06 17:00:00,69795.3,69816.7,69461.5,69581.3,108.51759689
2026-04-06 17:05:00,69586.7,69666.5,69509.6,69639.2,47.19425744
2026-04-06 17:10:00,69639.2,69645.3,69299.1,69340.0,51.61950817
2026-04-06 17:15:00,69337.2,69389.8,69269.2,69348.4,35.42986556
2026-04-06 17:20:00,69350.0,69479.4,69306.1,69474.9,22.80229235
2026-04-06 17:25:00,69474.8,69578.4,69472.4,69530.4,14.88937417
2026-04-06 17:30:00,69530.3,69633.9,69504.6,69525.1,16.72195318
2026-04-06 17:35:00,69525.1,69605.9,69505.0,69519.8,16.26899338
2026-04-06 17:40:00,69519.8,69529.8,69431.1,69462.1,10.23633957
2026-04-06 17:45:00,69463.0,69516.8,69411.6,69516.8,5.47566633
2026-04-06 17:50:00,69516.8,69603.8,69516.8,69539.3,9.95883688
2026-04-06 17:55:00,69539.9,69579.5,69536.7,69572.9,7.46317062
2026-04-06 18:00:00,69569.8,69577.9,69484.9,69496.6,5.11899935
2026-04-06 18:05:00,69497.0,69539.2,69472.8,69527.3,4.58653228
2026-04-06 18:10:00,69527.3,69782.0,69516.7,69749.9,94.05826784
2026-04-06 18:15:00,69749.9,69820.0,69712.8,69818.1,16.79405284
2026-04-06 18:20:00,69818.0,69899.9,69772.5,69812.4,10.43284418
2026-04-06 18:25:00,69812.4,69965.7,69750.0,69855.3,32.37275472
2026-04-06 18:30:00,69855.4,69932.1,69804.1,69811.4,9.85752014
2026-04-06 18:35:00,69811.2,69856.8,69782.6,69782.7,7.53390244
2026-04-06 18:40:00,69782.6,69791.4,69739.2,69779.1,6.89348768
2026-04-06 18:45:00,69779.1,69825.6,69706.1,69790.3,6.49436451
2026-04-06 18:50:00,69791.1,69909.0,69777.5,69893.4,10.07448173
2026-04-06 18:55:00,69893.3,69898.8,69862.4,69891.5,3.64553879
2026-04-06 19:00:00,69891.6,69891.6,69750.0,69750.0,7.66001385
2026-04-06 19:05:00,69750.0,69750.0,69579.0,69610.6,15.93281187
2026-04-06 19:10:00,69610.7,69730.3,69573.5,69730.2,17.82076741
2026-04-06 19:15:00,69729.0,69779.8,69728.2,69771.0,52.76315639
2026-04-06 19:20:00,69770.9,69900.4,69769.2,69820.0,116.35826967
2026-04-06 19:25:00,69819.1,69867.5,69800.1,69842.7,22.28500608
2026-04-06 19:30:00,69842.7,69886.6,69803.8,69803.8,6.2675612
2026-04-06 19:35:00,69803.9,69855.5,69769.1,69798.6,10.43088456
2026-04-06 19:40:00,69798.6,69798.6,69679.3,69756.9,11.9103626
2026-04-06 19:45:00,69756.9,69764.3,69681.9,69724.7,9.7367995
2026-04-06 19:50:00,69724.8,69744.8,69675.3,69733.8,8.97512772
2026-04-06 19:55:00,69733.9,69757.7,69667.0,69738.4,40.23597569
2026-04-06 20:00:00,69738.3,69752.0,69620.0,69680.7,15.77524491
2026-04-06 20:05:00,69680.7,69760.6,69660.7,69704.0,14.760099
2026-04-06 20:10:00,69704.1,69754.8,69680.7,69754.8,11.12715732
2026-04-06 20:15:00,69754.8,69852.4,69754.8,69839.9,15.48721666
2026-04-06 20:20:00,69839.9,69891.4,69824.3,69850.1,10.53736321
2026-04-06 20:25:00,69849.7,69959.9,69830.5,69952.7,18.73237415
2026-04-06 20:30:00,69952.6,69962.0,69930.0,69948.9,11.46477699
2026-04-06 20:35:00,69948.9,69974.3,69928.5,69937.2,20.20393602
2026-04-06 20:40:00,69937.1,69937.2,69881.3,69906.5,8.16233313
2026-04-06 20:45:00,69906.5,69918.8,69863.9,69903.7,9.24653096
2026-04-06 20:50:00,69903.7,69903.7,69842.7,69854.0,5.03983352
2026-04-06 20:55:00,69854.1,69864.5,69812.2,69819.2,11.613852
2026-04-06 21:00:00,69819.1,69819.1,69678.4,69732.1,24.22172738
2026-04-06 21:05:00,69732.1,69758.0,69703.0,69703.0,4.1556352
2026-04-06 21:10:00,69700.6,69718.8,69685.9,69718.7,26.43074823
2026-04-06 21:15:00,69718.6,69753.8,69683.3,69683.3,6.12607759
2026-04-06 21:20:00,69683.3,69698.5,69650.0,69676.6,9.19905929
2026-04-06 21:25:00,69676.6,69676.6,69650.0,69650.1,4.48769653
2026-04-06 21:30:00,69650.1,69660.3,69625.5,69637.0,5.5878198
2026-04-06 21:35:00,69637.1,69637.1,69436.6,69520.0,24.75513725
2026-04-06 21:40:00,69520.0,69520.0,69428.7,69428.7,11.62940047
2026-04-06 21:45:00,69428.7,69570.1,69428.7,69559.9,18.28593117
2026-04-06 21:50:00,69560.0,69566.8,69481.2,69514.8,2.95468953
2026-04-06 21:55:00,69514.8,69538.0,69443.9,69505.4,7.34737444
2026-04-06 22:00:00,69505.4,69505.4,69400.0,69424.3,12.89933167
2026-04-06 22:05:00,69424.2,69532.5,69422.5,69510.0,6.71892429
2026-04-06 22:10:00,69510.0,69582.4,69480.6,69545.9,24.40869896
2026-04-06 22:15:00,69545.6,69545.6,69407.1,69418.9,12.3758106
2026-04-06 22:20:00,69418.9,69424.9,69317.0,69317.0,53.26024599
2026-04-06 22:25:00,69317.0,69406.3,69317.0,69365.6,7.87145998
2026-04-06 22:30:00,69365.5,69365.5,69200.0,69265.5,86.5450811
2026-04-06 22:35:00,69265.4,69344.0,69256.4,69318.7,20.52634287
2026-04-06 22:40:00,69318.6,69337.7,69229.2,69229.2,4.37341582
2026-04-06 22:45:00,69228.1,69228.1,69168.4,69179.4,11.1471373
2026-04-06 22:50:00,69179.4,69186.9,68871.0,68943.1,94.44754043
2026-04-06 22:55:00,68935.5,68973.7,68803.2,68803.2,53.59407619
2026-04-06 23:00:00,68803.2,68814.5,68556.1,68663.1,111.30354641
2026-04-06 23:05:00,68662.7,68662.7,68297.1,68629.6,78.47679718
2026-04-06 23:10:00,68630.0,68713.7,68586.0,68593.4,13.25635126
2026-04-06 23:15:00,68593.4,68685.2,68518.4,68636.0,11.21464983
2026-04-06 23:20:00,68635.1,68677.2,68488.6,68620.0,20.98057687
2026-04-06 23:25:00,68615.6,68641.7,68485.8,68521.0,15.7538441
2026-04-06 23:30:00,68521.0,68683.6,68477.3,68636.6,16.63332546
2026-04-06 23:35:00,68636.7,68740.3,68616.4,68740.3,9.25748309
2026-04-06 23:40:00,68740.3,68850.0,68701.3,68784.1,10.04607042
2026-04-06 23:45:00,68784.1,68853.0,68777.1,68788.3,6.67461356
2026-04-06 23:50:00,68788.0,68907.8,68780.1,68878.2,10.30181437
2026-04-06 23:55:00,68878.2,68909.6,68839.5,68841.0,6.00657233
2026-04-07 00:00:00,68840.9,68938.8,68795.2,68927.5,10.53247665
2026-04-07 00:05:00,68927.6,69118.5,68900.1,68946.6,24.82890674
2026-04-07 00:10:00,68946.6,68986.6,68889.8,68939.3,6.29840738
2026-04-07 00:15:00,68939.7,69063.7,68930.2,68982.5,11.23937728
2026-04-07 00:20:00,68982.4,69000.0,68872.1,68927.9,8.57236545
2026-04-07 00:25:00,68927.1,68969.0,68869.6,68930.6,8.3897694
2026-04-07 00:30:00,68930.6,69043.4,68828.8,68828.9,20.09481168
2026-04-07 00:35:00,68828.8,68879.3,68751.1,68758.0,17.2053929
2026-04-07 00:40:00,68758.0,68816.3,68724.5,68785.7,28.10188272
2026-04-07 00:45:00,68780.2,68894.2,68741.1,68894.2,18.53234994
2026-04-07 00:50:00,68894.0,68894.0,68838.1,68869.5,5.85855286
2026-04-07 00:55:00,68870.8,68877.8,68769.9,68769.9,3.84139282
2026-04-07 01:00:00,68769.9,68769.9,68653.9,68739.5,30.85081459
2026-04-07 01:05:00,68739.6,68746.5,68550.1,68587.0,34.50837132
2026-04-07 01:10:00,68587.0,68640.2,68539.6,68592.9,48.47577194
2026-04-07 01:15:00,68592.9,68770.4,68592.9,68763.2,10.60909467
2026-04-07 01:20:00,68763.1,68900.0,68723.3,68746.9,26.64064296
2026-04-07 01:25:00,68749.0,68823.8,68713.9,68723.3,9.500549
2026-04-07 01:30:00,68723.0,68801.5,68707.0,68782.0,4.62458426
2026-04-07 01:35:00,68781.9,68781.9,68594.0,68612.8,14.350162
2026-04-07 01:40:00,68613.5,68675.4,68594.4,68631.6,6.15616452
2026-04-07 01:45:00,68633.2,68646.9,68550.0,68550.0,7.40967037
2026-04-07 01:50:00,68550.0,68551.1,68342.5,68455.5,61.54673078
2026-04-07 01:55:00,68455.6,68499.4,68389.0,68400.0,9.8753589
2026-04-07 02:00:00,68400.1,68434.6,68380.0,68416.5,10.96366623
2026-04-07 02:05:00,68410.9,68445.3,68278.6,68424.8,35.41049892
2026-04-07 02:10:00,68424.9,68499.9,68407.0,68430.5,19.10865139
2026-04-07 02:15:00,68430.5,68516.5,68416.3,68516.4,11.24078263
2026-04-07 02:20:00,68516.5,68577.0,68439.2,68577.0,12.65804927
2026-04-07 02:25:00,68576.9,68580.0,68534.1,68576.1,2.64050446
2026-04-07 02:30:00,68576.2,68594.0,68505.5,68524.0,3.02547016
2026-04-07 02:35:00,68524.6,68714.2,68524.6,68681.2,23.21226965
2026-04-07 02:40:00,68680.6,68700.0,68614.5,68621.8,35.57839593
2026-04-07 02:45:00,68621.8,68646.6,68572.5,68615.0,5.50614196
2026-04-07 02:50:00,68618.6,68646.5,68549.9,68631.6,6.27590105
2026-04-07 02:55:00,68631.5,68693.7,68600.0,68676.7,18.44047754
2026-04-07 03:00:00,68676.8,68750.5,68652.3,68688.6,18.07694984
2026-04-07 03:05:00,68688.6,68693.9,68621.0,68657.8,15.96390854
2026-04-07 03:10:00,68657.8,68684.9,68645.1,68679.0,8.65926346
2026-04-07 03:15:00,68679.0,68730.2,68656.4,68693.9,10.31623652
2026-04-07 03:20:00,68693.6,68791.7,68673.4,68772.6,9.9143013
2026-04-07 03:25:00,68772.6,68800.1,68740.1,68782.5,20.62410855
2026-04-07 03:30:00,68782.5,68786.2,68722.6,68755.0,16.01157167
2026-04-07 03:35:00,68755.0,68799.7,68740.0,68766.4,18.54980371
2026-04-07 03:40:00,68766.5,68803.0,68752.2,68790.5,5.49040558
2026-04-07 03:45:00,68790.5,68794.8,68733.8,68742.5,3.77746074
2026-04-07 03:50:00,68744.9,68778.9,68730.0,68778.9,2.59616197
2026-04-07 03:55:00,68779.0,68791.0,68745.5,68778.9,20.77991187
2026-04-07 04:00:00,68779.0,68784.9,68702.6,68702.6,7.39818733
2026-04-07 04:05:00,68702.1,68714.9,68655.6,68661.5,5.06132038
2026-04-07 04:10:00,68661.5,68680.2,68622.7,68667.7,10.07304076
2026-04-07 04:15:00,68667.7,68684.4,68569.0,68602.0,14.09872293
2026-04-07 04:20:00,68603.3,68623.0,68543.8,68590.1,13.94482907
2026-04-07 04:25:00,68592.6,68627.5,68589.2,68602.2,15.59566521
2026-04-07 04:30:00,68602.2,68821.0,68602.2,68815.4,28.38751036
2026-04-07 04:35:00,68818.0,68869.5,68802.0,68845.1,41.81303114
2026-04-07 04:40:00,68845.0,68857.2,68827.1,68852.6,4.93906423
2026-04-07 04:45:00,68852.6,68999.8,68829.4,68973.5,43.01308827
2026-04-07 04:50:00,68973.4,68973.4,68869.0,68878.1,7.73575101
2026-04-07 04:55:00,68878.2,68895.9,68851.4,68857.4,4.72573856
2026-04-07 05:00:00,68857.5,68867.8,68795.0,68805.6,7.15046804
2026-04-07 05:05:00,68805.7,68837.1,68795.0,68837.1,1.29105857
2026-04-07 05:10:00,68838.4,68841.4,68802.5,68810.1,12.69919962
2026-04-07 05:15:00,68810.1,68837.0,68747.5,68782.0,22.4916192
2026-04-07 05:20:00,68782.0,68820.0,68732.5,68756.3,19.1508958
2026-04-07 05:25:00,68756.4,68768.6,68700.0,68703.1,5.14405519
2026-04-07 05:30:00,68703.1,68706.9,68662.5,68686.0,17.99206941
2026-04-07 05:35:00,68686.1,68756.9,68657.1,68737.1,4.32002865
2026-04-07 05:40:00,68737.4,68737.4,68650.0,68650.0,2.71994983
2026-04-07 05:45:00,68650.0,68669.5,68641.5,68646.0,15.39065607
2026-04-07 05:50:00,68646.1,68696.5,68634.2,68673.0,6.69141696
2026-04-07 05:55:00,68673.1,68673.1,68620.7,68664.1,24.45227392
2026-04-07 06:00:00,68664.1,68664.1,68602.1,68636.4,11.17914255
2026-04-07 06:05:00,68633.8,68658.4,68550.0,68568.0,25.66107968
2026-04-07 06:10:00,68567.9,68603.4,68489.2,68522.6,43.52135288
2026-04-07 06:15:00,68522.6,68554.0,68478.7,68497.8,5.74358374
2026-04-07 06:20:00,68499.1,68562.9,68444.0,68533.3,33.18154099
2026-04-07 06:25:00,68536.6,68584.8,68536.5,68570.4,13.07160324
2026-04-07 06:30:00,68570.5,68584.1,68497.6,68504.0,9.15504181
2026-04-07 06:35:00,68504.0,68573.8,68480.9,68547.0,6.06411906
2026-04-07 06:40:00,68545.5,68571.1,68478.1,68555.0,3.37254815
2026-04-07 06:45:00,68555.0,68587.0,68502.5,68535.6,5.07975075
2026-04-07 06:50:00,68535.6,68609.0,68525.0,68586.8,3.71317067
2026-04-07 06:55:00,68586.7,68596.3,68560.0,68572.5,14.78913714
2026-04-07 07:00:00,68574.8,68581.3,68500.1,68544.5,3.83957948
2026-04-07 07:05:00,68544.4,68544.5,68500.1,68524.4,2.80185843
2026-04-07 07:10:00,68524.1,68574.0,68500.0,68557.5,4.840001
2026-04-07 07:15:00,68557.4,68614.0,68535.7,68555.4,6.48280369
2026-04-07 07:20:00,68555.4,68613.2,68504.2,68613.2,5.13636758
2026-04-07 07:25:00,68613.1,68653.1,68557.6,68582.6,8.10591884
2026-04-07 07:30:00,68580.0,68706.5,68580.0,68653.3,7.05809422
2026-04-07 07:35:00,68653.2,68673.0,68631.9,68642.3,8.2898362
2026-04-07 07:40:00,68642.3,68670.0,68642.3,68668.6,6.62917355
2026-04-07 07:45:00,68668.5,68676.5,68640.0,68673.1,7.75583876
2026-04-07 07:50:00,68673.0,68673.1,68638.3,68662.6,10.64996583
2026-04-07 07:55:00,68662.5,68669.4,68605.8,68616.1,8.68765055
2026-04-07 08:00:00,68616.0,68845.7,68597.0,68676.6,21.10130129
2026-04-07 08:05:00,68676.6,68683.7,68622.6,68680.9,6.44792537
2026-04-07 08:10:00,68678.7,68784.7,68666.4,68734.3,3.63183243
2026-04-07 08:15:00,68733.5,68776.9,68660.0,68774.8,10.89742772
2026-04-07 08:20:00,68774.9,68855.4,68766.2,68850.9,13.55226671
2026-04-07 08:25:00,68850.9,68851.9,68744.1,68756.1,5.30686275
2026-04-07 08:30:00,68756.5,68855.5,68756.5,68834.6,11.07810155
2026-04-07 08:35:00,68833.3,68870.0,68826.2,68869.9,6.60367889
2026-04-07 08:40:00,68869.9,68941.1,68841.4,68910.6,16.85991822
2026-04-07 08:45:00,68910.7,68949.4,68882.5,68909.4,22.13988014
2026-04-07 08:50:00,68909.3,68980.3,68903.8,68960.8,10.28772073
2026-04-07 08:55:00,68960.7,68982.5,68914.0,68935.4,15.34566176
2026-04-07 09:00:00,68935.5,68985.9,68926.2,68985.9,13.81398259
2026-04-07 09:05:00,68985.9,69212.0,68966.0,69207.0,51.19150538
2026-04-07 09:10:00,69206.5,69245.4,69079.3,69099.8,23.33119976
2026-04-07 09:15:00,69099.8,69156.8,69063.8,69100.0,9.83420926
2026-04-07 09:20:00,69100.1,69114.7,69025.1,69044.4,9.94885968
2026-04-07 09:25:00,69044.4,69080.6,68985.0,69055.0,28.99941097
2026-04-07 09:30:00,69055.1,69151.3,69044.0,69145.3,17.90040372
2026-04-07 09:35:00,69145.3,69160.0,69110.9,69145.0,24.17828127
2026-04-07 09:40:00,69145.0,69243.3,69144.9,69180.6,28.07005425
2026-04-07 09:45:00,69180.5,69194.4,69100.5,69170.0,39.04373302
2026-04-07 09:50:00,69169.9,69173.4,69136.5,69151.0,6.4196867
2026-04-07 09:55:00,69151.0,69152.0,69107.9,69140.2,9.31755868
2026-04-07 10:00:00,69140.3,69199.0,69056.5,69057.5,9.87421353
2026-04-07 10:05:00,69057.4,69068.5,68814.2,68935.0,56.54472807
2026-04-07 10:10:00,68934.9,68980.5,68837.1,68908.0,24.80357126
2026-04-07 10:15:00,68907.9,68990.9,68904.2,68929.0,7.86697237
2026-04-07 10:20:00,68928.9,69012.7,68921.2,68959.5,7.99402153
2026-04-07 10:25:00,68960.4,68961.4,68659.5,68733.3,96.09535376
2026-04-07 10:30:00,68733.4,68783.5,68692.6,68734.8,23.0778208
2026-04-07 10:35:00,68733.5,68741.5,68512.1,68552.0,84.74662575
2026-04-07 10:40:00,68552.0,68589.7,68455.0,68479.9,37.73063605
2026-04-07 10:45:00,68479.9,68480.0,68400.1,68426.0,23.77248655
2026-04-07 10:50:00,68426.1,68435.0,68200.0,68272.2,76.53259968
2026-04-07 10:55:00,68269.4,68294.0,68207.4,68231.6,39.33536326
2026-04-07 11:00:00,68231.6,68231.6,68062.1,68199.0,50.00995575
2026-04-07 11:05:00,68197.3,68337.5,68172.2,68310.5,73.647311
2026-04-07 11:10:00,68310.5,68351.6,68274.5,68350.1,44.19845866
2026-04-07 11:15:00,68350.0,68417.6,68302.6,68303.9,36.45232218
2026-04-07 11:20:00,68304.0,68328.6,68262.6,68306.0,25.56405356
2026-04-07 11:25:00,68305.2,68420.1,68300.0,68373.6,8.23717027
2026-04-07 11:30:00,68373.7,68373.7,68288.6,68327.0,9.27925819
2026-04-07 11:35:00,68327.1,68461.5,68313.8,68448.4,18.45511263
2026-04-07 11:40:00,68448.4,68448.4,68376.8,68412.4,8.76446013
2026-04-07 11:45:00,68412.3,68437.0,68386.5,68427.9,4.11979608
2026-04-07 11:50:00,68428.0,68428.0,68333.3,68338.6,7.14597958
2026-04-07 11:55:00,68338.6,68374.5,68329.0,68340.0,4.80577782
2026-04-07 12:00:00,68344.4,68405.0,68317.4,68404.6,36.00816264
2026-04-07 12:05:00,68404.6,68490.7,68074.8,68169.0,138.40866251
2026-04-07 12:10:00,68169.0,68333.3,68136.5,68270.4,12.08531569
2026-04-07 12:15:00,68270.5,68389.5,68200.4,68336.5,13.4940383
2026-04-07 12:20:00,68333.1,68451.2,68281.9,68396.5,40.17133063
2026-04-07 12:25:00,68396.6,68429.0,68395.0,68429.0,7.57220433
2026-04-07 12:30:00,68429.0,68473.4,68343.5,68360.5,9.35964644
2026-04-07 12:35:00,68359.9,68422.5,68333.6,68417.5,3.17303698
2026-04-07 12:40:00,68417.1,68417.1,68281.5,68321.9,13.56697792
2026-04-07 12:45:00,68322.0,68338.3,68235.5,68280.1,7.8039522
2026-04-07 12:50:00,68281.9,68351.4,68262.5,68341.1,6.76424747
2026-04-07 12:55:00,68341.2,68613.9,68325.3,68396.9,55.73177285
2026-04-07 13:00:00,68397.0,68451.4,68382.5,68442.4,5.72703334
2026-04-07 13:05:00,68442.4,68642.4,68442.4,68581.6,40.60138433
2026-04-07 13:10:00,68581.6,68626.2,68477.7,68619.9,39.19935044
2026-04-07 13:15:00,68619.9,68626.5,68514.5,68519.9,13.40795061
2026-04-07 13:20:00,68519.9,68538.3,68461.5,68495.4,19.98891355
2026-04-07 13:25:00,68495.3,68504.0,68458.3,68485.1,4.23674241
2026-04-07 13:30:00,68485.6,68596.8,68409.2,68415.4,18.81064254
2026-04-07 13:35:00,68415.3,68507.9,68381.5,68396.0,27.53741799
2026-04-07 13:40:00,68395.1,68450.5,68296.4,68336.2,18.08235618
2026-04-07 13:45:00,68335.5,68347.8,68200.0,68288.9,25.4954571
2026-04-07 13:50:00,68290.0,68430.0,68268.5,68429.9,15.9419747
2026-04-07 13:55:00,68430.0,68450.0,68223.0,68235.0,17.2407458
2026-04-07 14:00:00,68235.1,68263.7,68101.7,68117.8,53.50055069
2026-04-07 14:05:00,68117.4,68156.1,67785.1,67858.5,176.14314681
2026-04-07 14:10:00,67858.5,67942.3,67841.2,67894.5,19.27955681
2026-04-07 14:15:00,67894.0,67983.9,67766.0,67853.9,24.13969004
2026-04-07 14:20:00,67858.6,68160.0,67858.6,68089.7,56.78869595
2026-04-07 14:25:00,68089.7,68150.0,68006.6,68149.9,29.57349647
2026-04-07 14:30:00,68147.3,68228.5,68013.6,68114.6,26.92665221
2026-04-07 14:35:00,68114.6,68145.1,67994.0,68047.5,17.43856854
2026-04-07 14:40:00,68045.7,68100.0,67989.1,68000.4,12.55587002
2026-04-07 14:45:00,68000.5,68219.9,67993.2,68100.0,16.89565185
2026-04-07 14:50:00,68101.5,68123.4,68012.9,68030.2,5.49037613
2026-04-07 14:55:00,68030.2,68030.2,67860.6,67860.6,28.59759306
2026-04-07 15:00:00,67860.6,67926.2,67819.9,67876.9,32.78724212
2026-04-07 15:05:00,67876.9,67879.5,67730.1,67879.4,44.08701528
2026-04-07 15:10:00,67879.4,67987.7,67855.0,67886.8,22.9888769
2026-04-07 15:15:00,67889.0,68130.0,67885.5,68049.0,43.35564362
2026-04-07 15:20:00,68047.5,68050.0,67970.1,68030.4,9.80474859
2026-04-07 15:25:00,68030.3,68200.0,68030.3,68181.7,44.47856738
2026-04-07 15:30:00,68186.2,68213.7,68119.4,68151.0,19.59663398
2026-04-07 15:35:00,68151.0,68200.0,68084.4,68125.9,14.79475993
2026-04-07 15:40:00,68125.9,68148.5,68071.7,68088.5,11.92675703
2026-04-07 15:45:00,68091.5,68146.4,68073.3,68128.4,10.53583478
2026-04-07 15:50:00,68128.4,68172.2,68075.9,68168.1,4.90151168
2026-04-07 15:55:00,68168.0,68274.6,68138.9,68168.2,10.11296723
2026-04-07 16:00:00,68168.2,68451.8,68135.9,68280.2,37.68480528
2026-04-07 16:05:00,68278.7,68300.3,68134.2,68134.5,20.44137228
2026-04-07 16:10:00,68135.4,68160.0,68100.0,68146.5,40.54461716
2026-04-07 16:15:00,68146.6,68190.0,68112.9,68114.4,6.5334674
2026-04-07 16:20:00,68113.3,68315.9,68079.9,68315.9,47.7391986
2026-04-07 16:25:00,68316.1,68392.3,68290.7,68388.8,19.83486802
2026-04-07 16:30:00,68388.8,68389.5,68286.5,68361.2,4.84457392
2026-04-07 16:35:00,68361.2,68361.3,68285.3,68327.0,5.01508792
2026-04-07 16:40:00,68327.5,68387.2,68290.5,68322.5,15.6051452
2026-04-07 16:45:00,68322.4,68396.6,68294.4,68311.7,17.27586627
2026-04-07 16:50:00,68309.5,68349.6,68221.2,68246.4,9.99324482
2026-04-07 16:55:00,68246.4,68248.2,68206.0,68234.0,3.1122215
2026-04-07 17:00:00,68234.5,68349.9,68199.9,68338.2,10.879821
2026-04-07 17:05:00,68335.5,68356.9,68300.7,68340.0,10.21982507
2026-04-07 17:10:00,68339.5,68366.9,68285.6,68303.6,4.58201517
2026-04-07 17:15:00,68302.0,68357.5,68227.4,68268.9,19.28762456
2026-04-07 17:20:00,68271.5,68369.9,68190.3,68351.2,7.09198155
2026-04-07 17:25:00,68351.2,68414.1,68339.9,68414.1,6.35723576
2026-04-07 17:30:00,68414.2,68527.4,68414.2,68497.5,31.30846116
2026-04-07 17:35:00,68497.6,68999.9,68497.5,68714.1,87.37285877
2026-04-07 17:40:00,68719.0,68779.7,68684.5,68691.9,14.8286973
2026-04-07 17:45:00,68689.5,68743.0,68674.0,68739.0,22.59729554
2026-04-07 17:50:00,68738.0,68828.0,68714.1,68758.5,18.49025978
2026-04-07 17:55:00,68758.6,68765.1,68686.4,68701.6,5.25327212
2026-04-07 18:00:00,68701.7,68771.0,68654.4,68668.6,7.71569158
2026-04-07 18:05:00,68666.8,68685.6,68631.1,68638.8,5.74470382
2026-04-07 18:10:00,68638.8,68683.9,68610.6,68646.0,4.77539987
2026-04-07 18:15:00,68642.4,68680.9,68605.8,68648.1,8.78234309
2026-04-07 18:20:00,68648.1,68666.7,68554.2,68572.7,98.94506014
2026-04-07 18:25:00,68573.2,68656.8,68559.4,68642.2,11.20286677
2026-04-07 18:30:00,68640.4,68730.6,68634.0,68702.5,12.11993778
2026-04-07 18:35:00,68702.4,68702.4,68554.1,68586.9,12.61902089
2026-04-07 18:40:00,68588.2,68596.0,68460.1,68518.5,10.42909799
2026-04-07 18:45:00,68518.2,68518.2,68460.1,68478.0,10.14814171
2026-04-07 18:50:00,68478.7,68487.9,68347.8,68389.1,26.69643985
2026-04-07 18:55:00,68389.0,68455.2,68347.0,68441.1,11.21898799
2026-04-07 19:00:00,68440.1,68472.6,68390.6,68440.0,5.69778471
2026-04-07 19:05:00,68442.0,68490.9,68351.3,68401.6,18.46730658
2026-04-07 19:10:00,68401.1,68489.4,68392.6,68453.4,6.76122144
2026-04-07 19:15:00,68458.1,68740.7,68454.6,68727.3,26.64195389
2026-04-07 19:20:00,68727.3,68818.0,68550.1,68603.0,14.00787561
2026-04-07 19:25:00,68604.4,68654.4,68554.1,68578.0,7.24264842
2026-04-07 19:30:00,68576.5,68582.3,68480.1,68488.3,13.29711201
2026-04-07 19:35:00,68488.9,68517.0,68451.7,68471.6,7.83160954
2026-04-07 19:40:00,68472.9,68559.3,68456.1,68510.6,6.27818145
2026-04-07 19:45:00,68511.3,68970.3,68481.2,68819.0,113.71396654
2026-04-07 19:50:00,68819.1,69084.5,68819.1,69025.5,69.07895946
2026-04-07 19:55:00,69028.0,69084.9,68952.9,69003.9,26.34207787
2026-04-07 20:00:00,69004.0,69450.0,69004.0,69365.5,158.40545431
2026-04-07 20:05:00,69369.7,69534.0,69353.4,69409.3,61.61990642
2026-04-07 20:10:00,69411.9,69454.8,69388.9,69433.0,13.68697907
2026-04-07 20:15:00,69435.0,69499.9,69282.7,69379.2,17.07321369
2026-04-07 20:20:00,69379.2,69387.5,69270.2,69321.4,13.47232212
2026-04-07 20:25:00,69321.5,69399.8,69301.9,69360.0,17.93172028
2026-04-07 20:30:00,69359.9,69403.9,69322.6,69343.9,14.75960709
2026-04-07 20:35:00,69343.9,69380.4,69201.1,69264.8,20.37507405
2026-04-07 20:40:00,69264.8,69362.4,69262.0,69294.2,26.58920827
2026-04-07 20:45:00,69293.0,69293.0,69209.4,69244.0,19.7480114
2026-04-07 20:50:00,69244.0,69270.8,69169.4,69186.5,13.72843699
2026-04-07 20:55:00,69186.5,69321.8,69186.5,69312.1,7.36822743
2026-04-07 21:00:00,69312.5,69395.4,69303.4,69380.0,13.98459309
2026-04-07 21:05:00,69380.0,69939.2,69367.6,69889.1,155.09310433
2026-04-07 21:10:00,69893.1,70210.0,69893.1,69975.1,178.23251377
2026-04-07 21:15:00,69980.0,70030.0,69770.2,69823.3,47.72889264
2026-04-07 21:20:00,69822.9,69842.8,69724.8,69740.5,24.61553556
2026-04-07 21:25:00,69739.3,69739.3,69488.3,69586.2,39.53522465
2026-04-07 21:30:00,69583.2,69714.5,69583.2,69667.5,21.39726349
2026-04-07 21:35:00,69665.8,69866.7,69665.8,69863.1,22.34247785
2026-04-07 21:40:00,69863.0,69904.4,69760.4,69904.4,16.44170448
2026-04-07 21:45:00,69904.4,70099.0,69820.0,69850.0,77.31020357
2026-04-07 21:50:00,69848.5,70043.3,69848.5,69940.9,30.10752853
2026-04-07 21:55:00,69942.3,69972.7,69858.2,69921.9,16.88952203
2026-04-07 22:00:00,69921.9,70143.0,69921.9,70074.9,77.1943634
2026-04-07 22:05:00,70074.9,70566.1,70049.1,70210.0,188.70246058
2026-04-07 22:10:00,70210.0,70284.5,70129.6,70279.8,21.13898862
2026-04-07 22:15:00,70281.9,70310.8,70181.9,70220.7,50.28265452
2026-04-07 22:20:00,70225.5,70404.4,70180.2,70353.5,38.4553826
2026-04-07 22:25:00,70353.6,70465.7,70315.1,70421.4,21.51695425
2026-04-07 22:30:00,70415.3,71000.0,70412.9,70855.1,458.89056712
2026-04-07 22:35:00,70850.6,71295.6,70808.7,71000.4,233.79900135
2026-04-07 22:40:00,71000.5,71110.9,70639.2,70744.9,69.6583381
2026-04-07 22:45:00,70747.0,71015.3,70732.3,71015.3,49.93174226
2026-04-07 22:50:00,71015.3,71240.1,70992.2,71157.1,49.51749724
2026-04-07 22:55:00,71159.0,71525.8,71159.0,71511.9,179.46021047
2026-04-07 23:00:00,71511.9,71730.7,71310.7,71354.1,171.97575771
2026-04-07 23:05:00,71354.2,71489.3,71187.6,71446.7,71.60815508
2026-04-07 23:10:00,71446.7,71588.5,71365.1,71485.2,69.79590781
2026-04-07 23:15:00,71486.0,71683.2,71319.1,71644.7,93.28153364
2026-04-07 23:20:00,71644.8,72180.0,71644.8,72009.9,352.3123048
2026-04-07 23:25:00,72009.9,72750.0,71954.8,72750.0,330.89958572
2026-04-07 23:30:00,72750.0,72760.0,72310.0,72370.0,132.04360693
2026-04-07 23:35:00,72367.4,72388.1,72027.1,72074.0,91.49879208
2026-04-07 23:40:00,72076.9,72172.8,71904.1,72009.7,169.92775646
2026-04-07 23:45:00,72009.8,72228.7,72009.7,72180.6,71.86749041
2026-04-07 23:50:00,72180.5,72208.9,71941.7,71970.1,117.01172874
2026-04-07 23:55:00,71970.0,72000.0,71871.5,71915.1,71.41668739
2026-04-08 00:00:00,71915.0,72107.5,71831.8,71893.4,90.05299322
2026-04-08 00:05:00,71893.5,72088.5,71833.0,71883.0,71.39342321
2026-04-08 00:10:00,71883.0,72020.5,71784.2,71958.1,56.48102384
2026-04-08 00:15:00,71958.0,72086.0,71870.0,71988.9,48.87712354
2026-04-08 00:20:00,71988.1,72034.5,71853.1,71907.9,44.74998595
2026-04-08 00:25:00,71908.4,72000.0,71893.7,71924.1,36.06959061
2026-04-08 00:30:00,71926.6,71973.3,71746.1,71766.1,47.95127006
2026-04-08 00:35:00,71768.5,71950.0,71751.0,71943.3,30.29450615
2026-04-08 00:40:00,71945.1,72016.6,71817.3,71841.0,49.52690666
2026-04-08 00:45:00,71841.0,71852.4,71627.1,71634.6,66.90577934
2026-04-08 00:50:00,71634.7,71709.5,71548.0,71575.6,45.6350991
2026-04-08 00:55:00,71575.6,71722.5,71550.5,71710.5,26.98605239
2026-04-08 01:00:00,71710.5,71764.3,71557.5,71557.5,36.22833082
2026-04-08 01:05:00,71557.5,71763.8,71507.2,71756.1,52.69092089
2026-04-08 01:10:00,71755.0,71755.0,71662.3,71688.8,18.8312947
2026-04-08 01:15:00,71688.8,71699.0,71511.5,71528.5,22.8020336
2026-04-08 01:20:00,71528.4,71604.4,71474.9,71532.0,27.98398424
2026-04-08 01:25:00,71532.3,71582.8,71463.7,71482.4,24.29588178
2026-04-08 01:30:00,71482.5,71518.7,71467.6,71515.0,27.08812368
2026-04-08 01:35:00,71515.0,71587.1,71503.0,71551.8,12.98450798
2026-04-08 01:40:00,71551.9,71566.4,71479.0,71482.1,34.98444356
2026-04-08 01:45:00,71482.1,71572.5,71467.7,71499.4,14.01423038
2026-04-08 01:50:00,71499.4,71596.6,71499.4,71513.5,10.36143023
2026-04-08 01:55:00,71515.8,71561.3,71460.6,71486.1,13.68761676
2026-04-08 02:00:00,71486.7,71575.0,71373.7,71518.3,29.32194123
2026-04-08 02:05:00,71518.2,71692.2,71468.6,71686.9,22.62563175
2026-04-08 02:10:00,71686.9,71731.3,71669.4,71730.4,18.6403232
2026-04-08 02:15:00,71730.5,71734.0,71525.0,71525.1,22.73256339
2026-04-08 02:20:00,71525.1,71543.1,71423.0,71531.3,24.50437406
2026-04-08 02:25:00,71530.0,71530.0,71450.0,71470.5,10.78166715
2026-04-08 02:30:00,71470.5,71495.1,71313.3,71365.4,59.21000217
2026-04-08 02:35:00,71365.5,71380.4,71258.1,71306.4,35.77000052
2026-04-08 02:40:00,71306.5,71347.1,71248.1,71312.0,36.52408801
2026-04-08 02:45:00,71313.9,71393.5,71304.5,71393.5,16.6772968
2026-04-08 02:50:00,71394.6,71411.6,71314.0,71372.5,11.88722812
2026-04-08 02:55:00,71372.6,71372.6,71319.8,71371.0,24.09599233
2026-04-08 03:00:00,71371.0,71450.6,71364.9,71430.0,31.14894435
2026-04-08 03:05:00,71430.0,71430.1,71345.6,71388.1,12.04165301
2026-04-08 03:10:00,71388.0,71388.0,71288.0,71295.5,17.13785483
2026-04-08 03:15:00,71295.4,71346.6,71290.9,71290.9,14.96692991
2026-04-08 03:20:00,71291.0,71325.0,71286.0,71300.1,11.89312538
2026-04-08 03:25:00,71300.1,71487.7,71276.0,71479.0,26.91320375
2026-04-08 03:30:00,71478.9,71478.9,71400.0,71400.0,4.9540242
2026-04-08 03:35:00,71400.0,71423.4,71358.4,71377.8,14.35278739
2026-04-08 03:40:00,71377.8,71414.0,71358.3,71368.0,9.14767097
2026-04-08 03:45:00,71368.0,71368.0,71300.7,71302.4,9.43393122
2026-04-08 03:50:00,71303.9,71335.9,71300.0,71328.8,10.18238001
2026-04-08 03:55:00,71328.8,71341.4,71300.0,71300.0,5.76355482
2026-04-08 04:00:00,71300.1,71366.9,71290.2,71352.3,22.34300258
2026-04-08 04:05:00,71351.5,71554.9,71347.7,71506.5,48.22856315
2026-04-08 04:10:00,71506.6,71549.7,71481.6,71521.7,22.60624703
2026-04-08 04:15:00,71521.6,71577.5,71516.6,71521.6,34.25619635
2026-04-08 04:20:00,71521.5,71546.3,71484.6,71525.4,14.1928929
2026-04-08 04:25:00,71521.3,71604.9,71501.8,71577.5,22.36968685
2026-04-08 04:30:00,71577.5,71584.5,71537.6,71539.5,10.3180143
2026-04-08 04:35:00,71539.5,71675.0,71536.5,71616.5,11.38808085
2026-04-08 04:40:00,71616.6,71692.3,71602.5,71617.9,17.7260295
2026-04-08 04:45:00,71617.6,71683.0,71600.5,71650.1,25.98244096
2026-04-08 04:50:00,71650.0,71650.0,71556.6,71575.3,23.49984447
2026-04-08 04:55:00,71575.2,71642.7,71565.0,71575.7,11.46111473
2026-04-08 05:00:00,71578.1,71606.8,71562.0,71587.8,26.2748443
2026-04-08 05:05:00,71587.7,71649.0,71587.7,71643.5,11.31189229
2026-04-08 05:10:00,71645.2,71684.5,71645.1,71676.0,10.49493989
2026-04-08 05:15:00,71676.1,71698.0,71645.0,71696.4,11.64580832
2026-04-08 05:20:00,71696.4,71799.5,71696.4,71772.2,38.44226648
2026-04-08 05:25:00,71773.9,71776.5,71720.5,71729.6,12.06746572
2026-04-08 05:30:00,71729.6,71773.5,71713.1,71717.1,17.95463608
2026-04-08 05:35:00,71717.1,71732.1,71675.6,71719.0,22.36080103
2026-04-08 05:40:00,71718.9,71740.5,71675.6,71716.1,19.56387184
2026-04-08 05:45:00,71716.1,71724.1,71649.6,71710.6,13.55315047
2026-04-08 05:50:00,71710.6,71835.3,71710.6,71752.8,39.3513542
2026-04-08 05:55:00,71753.9,71754.0,71720.0,71737.4,6.92850555
2026-04-08 06:00:00,71737.4,71740.8,71587.5,71619.9,81.85071411
2026-04-08 06:05:00,71619.9,71671.9,71619.9,71659.5,20.62716428
2026-04-08 06:10:00,71659.4,71858.5,71659.4,71810.7,17.84660237
2026-04-08 06:15:00,71810.6,71911.5,71742.1,71889.6,41.78408074
2026-04-08 06:20:00,71890.5,71950.5,71854.2,71889.4,34.16610349
2026-04-08 06:25:00,71889.4,71926.8,71771.9,71865.1,70.25126812
2026-04-08 06:30:00,71865.2,71865.2,71771.8,71810.5,20.13655854
2026-04-08 06:35:00,71810.6,71872.2,71803.7,71817.5,23.33324628
2026-04-08 06:40:00,71817.5,71830.5,71787.5,71821.8,9.43915364
2026-04-08 06:45:00,71821.7,71830.3,71770.0,71770.0,11.2382822
2026-04-08 06:50:00,71770.0,71800.4,71734.1,71767.3,19.12505765
2026-04-08 06:55:00,71767.3,71767.3,71729.8,71741.0,4.99375991
2026-04-08 07:00:00,71741.0,71742.5,71646.5,71651.5,22.89797172
2026-04-08 07:05:00,71651.5,71754.5,71651.5,71754.5,7.06097376
2026-04-08 07:10:00,71755.0,71810.7,71729.0,71765.2,11.13302327
2026-04-08 07:15:00,71765.3,71796.1,71716.7,71796.1,13.6821169
2026-04-08 07:20:00,71796.3,71913.0,71783.5,71882.4,19.86555219
2026-04-08 07:25:00,71882.5,71909.0,71825.5,71825.5,23.93044065
2026-04-08 07:30:00,71825.6,71825.6,71648.2,71657.1,66.54712602
2026-04-08 07:35:00,71657.2,71687.0,71652.0,71670.6,74.03064398
2026-04-08 07:40:00,71670.7,71687.0,71626.7,71654.0,91.30985637
2026-04-08 07:45:00,71654.1,71654.1,71580.0,71584.8,66.740816
2026-04-08 07:50:00,71584.9,71621.5,71581.9,71603.7,67.58603416
2026-04-08 07:55:00,71603.7,71642.7,71590.8,71636.5,57.41963017
2026-04-08 08:00:00,71636.6,71759.4,71636.6,71753.5,29.52301045
2026-04-08 08:05:00,71753.4,71816.2,71742.6,71792.5,13.4063114
2026-04-08 08:10:00,71792.4,71792.4,71677.0,71713.6,24.31693845
2026-04-08 08:15:00,71713.6,71809.9,71683.0,71808.1,22.36464408
2026-04-08 08:20:00,71808.1,71808.1,71731.5,71753.6,15.07968562
2026-04-08 08:25:00,71753.6,71770.1,71687.3,71754.6,12.08047415
2026-04-08 08:30:00,71754.6,71832.9,71726.5,71812.1,12.62644901
2026-04-08 08:35:00,71812.1,71830.8,71665.6,71741.5,36.79852801
2026-04-08 08:40:00,71741.5,71762.5,71650.0,71735.9,11.20170151
2026-04-08 08:45:00,71735.4,71774.4,71703.0,71737.9,10.52627671
2026-04-08 08:50:00,71737.8,71771.0,71711.6,71728.9,6.29130119
2026-04-08 08:55:00,71728.9,71801.1,71727.6,71801.0,6.48010986
2026-04-08 09:00:00,71801.0,71870.0,71800.9,71869.9,37.27290658
2026-04-08 09:05:00,71869.9,71957.4,71830.9,71840.4,47.75807208
2026-04-08 09:10:00,71840.5,71888.0,71825.0,71825.3,14.28053289
2026-04-08 09:15:00,71825.0,71879.5,71764.3,71871.1,22.48113654
2026-04-08 09:20:00,71871.0,71871.0,71807.3,71807.3,9.27550289
2026-04-08 09:25:00,71806.6,71810.3,71686.7,71686.8,11.13731594
2026-04-08 09:30:00,71686.8,71755.1,71686.7,71728.4,13.91592667
2026-04-08 09:35:00,71728.5,71737.6,71693.4,71696.6,9.37753399
2026-04-08 09:40:00,71696.6,71696.6,71600.0,71601.5,10.18369255
2026-04-08 09:45:00,71601.5,71666.5,71600.0,71654.6,12.13111757
2026-04-08 09:50:00,71654.7,71710.4,71638.0,71691.8,13.14515864
2026-04-08 09:55:00,71691.8,71715.7,71686.8,71689.1,5.85641214
2026-04-08 10:00:00,71689.1,71793.1,71663.5,71663.5,12.75604822
2026-04-08 10:05:00,71663.5,71736.4,71623.6,71670.4,8.18660367
2026-04-08 10:10:00,71668.6,71668.6,71595.0,71616.2,12.98616683
2026-04-08 10:15:00,71616.1,71638.5,71601.5,71637.5,8.44136894
2026-04-08 10:20:00,71637.4,71690.0,71619.1,71669.6,6.72772579
2026-04-08 10:25:00,71669.6,71694.9,71644.7,71651.2,9.94176962
2026-04-08 10:30:00,71651.1,71661.7,71465.1,71491.6,51.69884345
2026-04-08 10:35:00,71491.5,71570.7,71467.5,71549.5,19.76674861
2026-04-08 10:40:00,71549.4,71582.8,71540.0,71560.0,19.00292821
2026-04-08 10:45:00,71560.0,71585.9,71552.5,71580.0,4.92858447
2026-04-08 10:50:00,71580.0,71591.1,71540.0,71555.2,13.0623346
2026-04-08 10:55:00,71555.3,71562.5,71484.1,71484.1,24.30073878
2026-04-08 11:00:00,71484.0,71565.0,71455.9,71534.4,27.16926832
2026-04-08 11:05:00,71534.4,71600.0,71528.5,71599.9,5.52337165
2026-04-08 11:10:00,71600.0,71665.6,71590.3,71644.0,9.68220755
2026-04-08 11:15:00,71643.1,71665.6,71629.0,71645.9,4.73020756
2026-04-08 11:20:00,71644.6,71646.8,71530.6,71616.7,36.19708165
2026-04-08 11:25:00,71616.7,71682.2,71605.5,71667.5,20.03378223
2026-04-08 11:30:00,71667.5,71667.5,71571.3,71622.9,12.24436501
2026-04-08 11:35:00,71622.8,71622.8,71410.3,71497.5,29.82138526
2026-04-08 11:40:00,71497.6,71556.0,71497.6,71532.2,7.73883923
2026-04-08 11:45:00,71532.2,71598.4,71490.0,71543.4,20.48919625
2026-04-08 11:50:00,71543.4,71730.7,71543.4,71730.5,17.13636205
2026-04-08 11:55:00,71730.4,71733.5,71679.0,71687.3,12.53542942
2026-04-08 12:00:00,71687.5,71735.4,71687.5,71725.9,9.82354119
2026-04-08 12:05:00,71726.0,71739.0,71688.6,71707.1,6.54091599
2026-04-08 12:10:00,71707.0,71849.5,71706.6,71837.9,31.11531486
2026-04-08 12:15:00,71838.4,71849.5,71756.9,71769.2,19.90922228
2026-04-08 12:20:00,71774.8,71803.9,71581.0,71691.2,41.73750428
2026-04-08 12:25:00,71691.2,71790.7,71680.2,71775.6,37.58428362
2026-04-08 12:30:00,71774.5,71893.5,71742.5,71847.6,16.73412529
2026-04-08 12:35:00,71850.1,71950.0,71850.1,71913.1,65.27431955
2026-04-08 12:40:00,71913.1,71938.1,71839.5,71938.0,9.68993325
2026-04-08 12:45:00,71938.1,72041.0,71895.8,71920.5,55.38599362
2026-04-08 12:50:00,71920.5,71990.0,71920.4,71964.3,13.14640216
2026-04-08 12:55:00,71964.3,72181.8,71951.6,72071.8,87.15490291
2026-04-08 13:00:00,72071.4,72173.8,72066.2,72143.7,44.22928071
2026-04-08 13:05:00,72145.8,72731.3,72105.8,72641.8,262.47368018
2026-04-08 13:10:00,72641.8,72777.0,72406.1,72627.7,117.36875758
2026-04-08 13:15:00,72623.1,72858.0,72579.5,72600.0,84.31865641
2026-04-08 13:20:00,72600.0,72600.0,72414.4,72463.8,49.51160354
2026-04-08 13:25:00,72465.3,72560.4,72433.6,72483.9,31.39638846
2026-04-08 13:30:00,72484.0,72610.1,72002.7,72115.5,83.22835094
2026-04-08 13:35:00,72115.5,72167.4,71751.3,71782.9,138.81977079
2026-04-08 13:40:00,71788.9,71870.5,71666.0,71680.0,83.45325484
2026-04-08 13:45:00,71681.6,71991.1,71596.0,71921.0,117.76887368
2026-04-08 13:50:00,71925.0,71970.1,71561.4,71591.5,83.48857624
2026-04-08 13:55:00,71591.4,71697.7,71513.9,71599.6,56.34245188
2026-04-08 14:00:00,71598.5,71752.4,71595.3,71613.4,32.79565656
2026-04-08 14:05:00,71613.3,71726.4,71353.0,71387.0,99.6884839
2026-04-08 14:10:00,71383.4,71564.0,71313.6,71515.0,57.79214405
2026-04-08 14:15:00,71515.1,71644.0,71415.4,71424.5,50.44771513
2026-04-08 14:20:00,71424.5,71514.1,71363.6,71487.3,46.63525646
2026-04-08 14:25:00,71488.8,71549.9,71451.8,71461.4,22.56410753
2026-04-08 14:30:00,71461.6,71517.3,71016.0,71035.4,123.71673573
2026-04-08 14:35:00,71035.3,71166.9,70924.1,71122.8,102.65072293
2026-04-08 14:40:00,71122.8,71188.5,71087.6,71093.5,40.56817667
2026-04-08 14:45:00,71092.0,71177.6,70940.7,71100.1,70.35774717
2026-04-08 14:50:00,71100.1,71109.2,70846.9,70899.3,79.07447399
2026-04-08 14:55:00,70897.7,70912.9,70703.9,70911.5,64.80755882
2026-04-08 15:00:00,70911.6,71012.6,70871.6,70990.6,58.72933727
2026-04-08 15:05:00,70993.8,71093.7,70877.1,70877.1,40.01295298
2026-04-08 15:10:00,70877.2,71100.0,70829.9,71099.9,50.01217694
2026-04-08 15:15:00,71099.9,71197.0,71053.9,71197.0,36.06877056
2026-04-08 15:20:00,71197.0,71246.5,71149.6,71179.4,44.2898618
2026-04-08 15:25:00,71179.4,71215.5,71143.4,71182.1,36.26375949
2026-04-08 15:30:00,71184.6,71200.0,71105.9,71187.8,39.02628377
2026-04-08 15:35:00,71187.8,71324.9,71168.6,71243.8,44.6824395
2026-04-08 15:40:00,71243.8,71308.6,71170.0,71196.0,14.96602331
2026-04-08 15:45:00,71196.0,71351.5,71196.0,71275.4,14.87218616
2026-04-08 15:50:00,71275.5,71306.5,71212.8,71291.0,19.30599278
2026-04-08 15:55:00,71291.1,71347.6,71280.2,71307.4,7.16617815
2026-04-08 16:00:00,71306.6,71397.0,71292.6,71363.0,20.99537839
2026-04-08 16:05:00,71363.3,71428.3,71281.0,71300.0,50.8779073
2026-04-08 16:10:00,71299.9,71374.8,71259.4,71333.3,12.27220347
2026-04-08 16:15:00,71332.5,71400.0,71261.5,71373.7,18.17469903
2026-04-08 16:20:00,71375.4,71493.4,71339.2,71493.3,12.93545518
2026-04-08 16:25:00,71493.3,71493.3,71388.0,71388.0,11.29735174
2026-04-08 16:30:00,71393.2,71396.1,71250.0,71287.5,13.1015697
2026-04-08 16:35:00,71287.6,71400.0,71272.0,71399.9,8.7402422
2026-04-08 16:40:00,71399.9,71478.1,71373.3,71452.0,18.20070742
2026-04-08 16:45:00,71454.4,71588.3,71419.0,71566.5,19.11635577
2026-04-08 16:50:00,71566.5,71590.6,71490.0,71553.8,47.46875694
2026-04-08 16:55:00,71554.6,71703.2,71554.6,71599.4,44.46884458
2026-04-08 17:00:00,71599.5,71756.0,71580.8,71686.6,40.22095013
2026-04-08 17:05:00,71686.8,71705.0,71623.5,71675.4,12.96380323
2026-04-08 17:10:00,71675.3,71799.8,71657.5,71783.6,14.0312941
2026-04-08 17:15:00,71783.5,71783.5,71712.5,71742.7,20.33682128
2026-04-08 17:20:00,71742.7,71742.7,71550.1,71560.6,22.34572776
2026-04-08 17:25:00,71560.7,71641.0,71485.2,71639.1,15.66657237
2026-04-08 17:30:00,71639.0,71743.6,71632.6,71737.7,32.51424989
2026-04-08 17:35:00,71737.7,71960.0,71698.7,71827.1,77.92407052
2026-04-08 17:40:00,71825.5,71866.7,71717.2,71845.2,52.16363657
2026-04-08 17:45:00,71852.3,71929.9,71815.0,71908.3,27.53899422
2026-04-08 17:50:00,71907.1,71916.3,71835.7,71849.0,34.71536147
2026-04-08 17:55:00,71849.1,71922.5,71840.8,71888.0,30.01836356
2026-04-08 18:00:00,71888.1,71890.5,71763.1,71850.3,15.99234698
2026-04-08 18:05:00,71850.3,71869.9,71785.6,71785.6,4.65774284
2026-04-08 18:10:00,71785.5,71785.6,71652.1,71705.0,19.58378538
2026-04-08 18:15:00,71708.0,71767.5,71400.1,71400.1,64.9318443
2026-04-08 18:20:00,71400.0,71487.4,71343.1,71394.9,39.52016948
2026-04-08 18:25:00,71396.6,71421.7,71304.3,71387.0,35.28258338
2026-04-08 18:30:00,71387.1,71569.0,71387.1,71553.5,19.04852873
2026-04-08 18:35:00,71552.6,71611.9,71475.2,71475.2,7.89663771
2026-04-08 18:40:00,71474.6,71481.9,71272.6,71297.0,42.55720505
2026-04-08 18:45:00,71294.3,71355.2,71267.6,71277.2,10.91398309
2026-04-08 18:50:00,71275.3,71275.3,71183.0,71197.1,26.13233767
2026-04-08 18:55:00,71197.1,71199.6,71085.8,71096.5,21.56184307
2026-04-08 19:00:00,71096.5,71158.1,71016.2,71105.5,19.81683928
2026-04-08 19:05:00,71105.5,71193.5,71050.9,71164.0,10.96212974
2026-04-08 19:10:00,71166.3,71273.4,71166.3,71273.4,11.65663621
2026-04-08 19:15:00,71273.2,71294.1,71179.1,71228.4,5.51061173
2026-04-08 19:20:00,71228.0,71256.0,71124.0,71204.7,5.28135172
2026-04-08 19:25:00,71204.8,71256.0,71129.8,71129.8,4.75926809
2026-04-08 19:30:00,71129.8,71215.8,71064.8,71175.1,18.84951936
2026-04-08 19:35:00,71175.1,71344.6,71144.6,71313.5,29.70335425
2026-04-08 19:40:00,71313.5,71316.3,71173.0,71302.2,9.23185269
2026-04-08 19:45:00,71302.2,71370.3,71282.1,71336.0,6.8048059
2026-04-08 19:50:00,71336.1,71367.9,71291.1,71298.4,10.81267901
2026-04-08 19:55:00,71298.4,71337.9,71252.9,71310.2,20.0838336
2026-04-08 20:00:00,71309.6,71421.0,71301.1,71406.9,14.31367876
2026-04-08 20:05:00,71406.9,71446.6,71374.5,71393.0,6.64597408
2026-04-08 20:10:00,71393.1,71447.5,71393.1,71429.0,5.14787681
2026-04-08 20:15:00,71433.6,71479.3,71433.6,71470.4,15.20060532
2026-04-08 20:20:00,71470.4,71470.4,71371.0,71433.6,7.57088251
2026-04-08 20:25:00,71433.9,71451.4,71431.4,71438.6,3.19119369
2026-04-08 20:30:00,71438.6,71441.5,71386.1,71396.9,11.92097375
2026-04-08 20:35:00,71396.9,71397.0,71277.9,71356.6,6.88425707
2026-04-08 20:40:00,71356.6,71365.8,71296.6,71302.9,3.58883377
2026-04-08 20:45:00,71302.9,71336.2,71280.2,71310.5,5.42675794
2026-04-08 20:50:00,71311.4,71374.0,71301.7,71357.9,2.90433277
2026-04-08 20:55:00,71357.9,71384.3,71343.5,71378.6,4.99801639
2026-04-08 21:00:00,71378.7,71378.7,71334.1,71334.1,2.0229041
2026-04-08 21:05:00,71333.1,71465.4,71333.1,71457.9,6.39306989
2026-04-08 21:10:00,71458.7,71584.9,71458.7,71515.2,22.72222334
2026-04-08 21:15:00,71515.2,71565.4,71515.1,71550.0,6.4630525
2026-04-08 21:20:00,71550.0,71650.0,71543.5,71621.3,7.49434509
2026-04-08 21:25:00,71621.4,71750.0,71621.3,71669.5,15.34191384
2026-04-08 21:30:00,71669.5,71708.1,71571.4,71573.6,12.40671127
2026-04-08 21:35:00,71573.6,71651.7,71571.0,71651.7,4.64368454
2026-04-08 21:40:00,71651.9,71663.8,71550.0,71550.1,5.04853819
2026-04-08 21:45:00,71550.0,71649.0,71530.1,71590.8,3.96915422
2026-04-08 21:50:00,71590.7,71626.8,71569.2,71579.9,5.64083184
2026-04-08 21:55:00,71581.9,71606.7,71511.8,71548.8,4.33730171
2026-04-08 22:00:00,71548.9,71574.2,71433.0,71440.9,11.50458286
2026-04-08 22:05:00,71441.0,71531.5,71440.9,71496.5,11.68284833
2026-04-08 22:10:00,71496.5,71512.2,71394.6,71453.0,4.6633436
2026-04-08 22:15:00,71453.0,71485.9,71347.8,71372.7,6.90582249
2026-04-08 22:20:00,71372.7,71372.9,71264.0,71307.1,14.38325499
2026-04-08 22:25:00,71307.0,71325.5,71153.8,71169.1,18.13002676
2026-04-08 22:30:00,71169.2,71289.0,71100.0,71289.0,14.54223924
2026-04-08 22:35:00,71288.9,71368.9,71288.9,71320.9,10.92030568
2026-04-08 22:40:00,71320.8,71320.8,71241.3,71241.5,4.10322389
2026-04-08 22:45:00,71241.5,71274.9,71231.9,71273.9,6.94403925
2026-04-08 22:50:00,71273.9,71284.7,71163.1,71163.1,4.21718987
2026-04-08 22:55:00,71163.0,71163.1,71059.6,71066.1,9.52532868
2026-04-08 23:00:00,71066.1,71074.7,70901.6,70964.5,34.64348602
2026-04-08 23:05:00,70965.0,71057.6,70965.0,71005.7,17.74493777
2026-04-08 23:10:00,71007.1,71178.1,71007.1,71169.9,12.74016924
2026-04-08 23:15:00,71163.9,71210.5,71066.7,71083.9,7.01145637
2026-04-08 23:20:00,71083.8,71111.7,70913.0,70989.7,5.5846283
2026-04-08 23:25:00,70992.0,71042.5,70950.9,71025.3,8.23564208
2026-04-08 23:30:00,71028.0,71038.0,70955.6,71019.5,7.2323044
2026-04-08 23:35:00,71016.5,71119.7,71000.1,71070.0,9.40003825
2026-04-08 23:40:00,71070.0,71123.7,71061.5,71079.3,1.96003593
2026-04-08 23:45:00,71079.3,71139.3,71072.7,71139.3,3.82442298
2026-04-08 23:50:00,71139.4,71166.9,71091.8,71100.0,5.51285837
2026-04-08 23:55:00,71099.9,71128.5,71063.4,71072.5,2.19666839
2026-04-09 00:00:00,71073.0,71078.4,70982.1,71040.9,23.55638076
2026-04-09 00:05:00,71041.0,71134.8,71019.2,71032.3,7.35725329
2026-04-09 00:10:00,71032.2,71039.5,70989.2,70997.5,7.70251768
2026-04-09 00:15:00,70997.6,71010.0,70907.2,70939.8,17.15187833
2026-04-09 00:20:00,70939.8,70982.6,70872.1,70940.0,32.12560387
2026-04-09 00:25:00,70939.9,71010.0,70907.1,70924.4,32.1533224
2026-04-09 00:30:00,70924.5,70929.4,70769.1,70821.9,51.39608828
2026-04-09 00:35:00,70822.0,70942.9,70770.1,70770.1,20.37392512
2026-04-09 00:40:00,70770.1,70825.9,70751.3,70809.7,14.39130402
2026-04-09 00:45:00,70807.6,70815.8,70679.0,70742.4,30.76769864
2026-04-09 00:50:00,70742.4,70763.3,70654.5,70758.8,14.01275258
2026-04-09 00:55:00,70759.0,70878.9,70759.0,70809.0,9.19355525
2026-04-09 01:00:00,70809.1,70878.9,70799.0,70851.0,10.03778948
2026-04-09 01:05:00,70852.2,70869.8,70477.1,70575.5,96.61637034
2026-04-09 01:10:00,70577.6,70672.1,70550.5,70666.7,10.36646237
2026-04-09 01:15:00,70668.7,70671.7,70552.2,70607.4,14.9272318
2026-04-09 01:20:00,70607.3,70679.5,70463.1,70547.7,34.75185514
2026-04-09 01:25:00,70548.2,70626.0,70528.1,70618.0,12.56907467
2026-04-09 01:30:00,70620.8,70846.5,70590.1,70808.2,31.01447742
2026-04-09 01:35:00,70818.4,70827.9,70737.0,70768.0,18.04177957
2026-04-09 01:40:00,70768.0,70778.6,70741.7,70762.7,6.37247142
2026-04-09 01:45:00,70762.7,70848.6,70700.3,70835.4,8.59763993
2026-04-09 01:50:00,70839.9,70953.0,70838.2,70943.6,13.63239706
2026-04-09 01:55:00,70943.6,70945.0,70904.9,70923.6,5.81421396
2026-04-09 02:00:00,70923.5,71020.3,70877.5,70892.0,23.51949663
2026-04-09 02:05:00,70894.6,70971.9,70882.1,70957.2,5.85540195
2026-04-09 02:10:00,70957.2,70960.0,70819.9,70831.2,3.86337906
2026-04-09 02:15:00,70832.5,70950.5,70810.1,70950.5,4.05952675
2026-04-09 02:20:00,70950.6,70966.0,70885.9,70935.5,6.31140737
2026-04-09 02:25:00,70935.4,71061.1,70934.4,71023.5,8.15318647
2026-04-09 02:30:00,71023.5,71085.5,71006.4,71046.0,56.18888561
2026-04-09 02:35:00,71046.0,71068.6,70986.3,71032.8,8.23211517
2026-04-09 02:40:00,71032.8,71044.5,70907.1,71044.5,25.67300451
2026-04-09 02:45:00,71044.5,71150.0,70990.3,71138.6,21.75125464
2026-04-09 02:50:00,71138.6,71199.8,71122.6,71153.0,19.09449822
2026-04-09 02:55:00,71153.0,71153.0,71035.6,71059.7,6.90479885
2026-04-09 03:00:00,71059.7,71082.0,71031.8,71081.9,7.98234613
2026-04-09 03:05:00,71082.0,71120.4,70968.6,70994.0,11.76851724
2026-04-09 03:10:00,70993.9,70993.9,70940.8,70984.5,4.02914513
2026-04-09 03:15:00,70984.6,71000.0,70935.6,70976.4,5.44959314
2026-04-09 03:20:00,70976.5,70990.5,70934.6,70989.9,4.27530626
2026-04-09 03:25:00,70989.9,70993.5,70859.8,70908.2,6.1733963
2026-04-09 03:30:00,70908.1,70974.1,70908.1,70946.8,1.84415447
2026-04-09 03:35:00,70948.4,70986.4,70921.9,70939.0,2.0219081
2026-04-09 03:40:00,70939.3,70949.5,70861.0,70901.9,11.26445748
2026-04-09 03:45:00,70905.4,70974.1,70841.2,70974.1,14.01846429
2026-04-09 03:50:00,70976.0,71046.1,70976.0,71019.6,8.89927009
2026-04-09 03:55:00,71019.5,71019.6,70976.4,70994.1,2.47257805
2026-04-09 04:00:00,70994.1,71005.0,70961.5,71004.7,5.60430764
2026-04-09 04:05:00,71001.1,71005.0,70921.3,70953.8,3.2725551
2026-04-09 04:10:00,70953.8,70964.5,70888.3,70901.0,3.1581956
2026-04-09 04:15:00,70901.1,70940.5,70880.0,70931.9,22.43422038
2026-04-09 04:20:00,70931.8,70931.8,70841.3,70844.7,3.22416101
2026-04-09 04:25:00,70844.8,70857.8,70797.5,70844.6,15.52809612
2026-04-09 04:30:00,70844.9,70903.5,70838.2,70889.9,2.61694545
2026-04-09 04:35:00,70890.0,70910.2,70868.0,70890.0,2.46195676
2026-04-09 04:40:00,70890.1,70928.0,70873.8,70873.8,4.74121594
2026-04-09 04:45:00,70871.2,70902.3,70729.8,70763.8,19.37422465
2026-04-09 04:50:00,70763.9,70800.0,70746.0,70777.9,4.56795463
2026-04-09 04:55:00,70777.9,70792.9,70756.8,70789.4,6.52161771
2026-04-09 05:00:00,70789.5,70852.8,70694.8,70834.3,8.52408871
2026-04-09 05:05:00,70833.0,70860.0,70818.3,70856.0,9.33035656
2026-04-09 05:10:00,70856.0,70868.9,70796.5,70868.9,4.42609777
2026-04-09 05:15:00,70868.8,70925.5,70847.4,70925.5,9.15243085
2026-04-09 05:20:00,70925.9,70960.0,70893.5,70927.9,11.38425479
2026-04-09 05:25:00,70927.8,70999.5,70923.6,70979.1,10.27138631
2026-04-09 05:30:00,70979.0,71015.3,70962.3,70996.5,8.21754101
2026-04-09 05:35:00,70993.5,71085.6,70975.3,71080.5,13.58806072
2026-04-09 05:40:00,71080.4,71080.4,71033.6,71045.6,27.75267504
2026-04-09 05:45:00,71045.5,71045.7,70948.0,70965.8,3.52545312
2026-04-09 05:50:00,70965.7,70980.0,70907.0,70959.1,11.24867874
2026-04-09 05:55:00,70956.2,70995.2,70951.5,70995.1,2.5773531
2026-04-09 06:00:00,70995.1,71085.5,70995.1,71017.0,7.74674015
2026-04-09 06:05:00,71021.5,71085.9,71003.4,71005.1,14.39149032
2026-04-09 06:10:00,71005.1,71058.3,70996.1,71013.6,9.11233843
2026-04-09 06:15:00,71013.6,71017.0,70936.6,70943.7,1.98279967
2026-04-09 06:20:00,70943.8,70943.8,70878.0,70886.1,6.17104079
2026-04-09 06:25:00,70886.1,70890.5,70834.4,70862.7,6.68436742
2026-04-09 06:30:00,70862.1,70936.0,70811.9,70915.6,3.17023819
2026-04-09 06:35:00,70915.1,70970.0,70905.1,70922.9,8.14806183
2026-04-09 06:40:00,70923.0,70958.8,70923.0,70939.4,2.37991839
2026-04-09 06:45:00,70939.5,70952.8,70924.0,70946.7,3.39197803
2026-04-09 06:50:00,70946.6,70970.0,70907.1,70970.0,2.23018825
2026-04-09 06:55:00,70970.0,71026.0,70969.9,71026.0,2.24319722
2026-04-09 07:00:00,71027.2,71077.7,71007.9,71051.5,16.37953299
2026-04-09 07:05:00,71051.5,71089.5,71026.8,71086.0,8.02360523
2026-04-09 07:10:00,71086.0,71116.3,71048.0,71083.6,6.02565802
2026-04-09 07:15:00,71083.5,71083.5,70977.7,71024.3,9.73060828
2026-04-09 07:20:00,71024.3,71034.4,70971.5,70989.4,14.22729952
2026-04-09 07:25:00,70989.4,71006.5,70971.0,70995.8,5.16877066
2026-04-09 07:30:00,70995.7,71042.7,70948.0,71026.1,10.16971454
2026-04-09 07:35:00,71026.1,71075.9,71022.0,71035.9,22.39651385
2026-04-09 07:40:00,71035.9,71036.0,70972.8,71006.1,14.74670309
2026-04-09 07:45:00,71006.0,71031.7,70965.0,70989.2,22.10970821
2026-04-09 07:50:00,70989.3,71035.0,70979.3,70989.9,30.06474714
2026-04-09 07:55:00,70989.9,71024.0,70934.1,70972.5,131.09235839
2026-04-09 08:00:00,70972.4,71010.5,70914.6,71000.5,10.51198614
2026-04-09 08:05:00,71000.5,71011.5,70972.7,70973.0,6.89789437
2026-04-09 08:10:00,70973.0,70979.9,70866.1,70949.8,13.18906382
2026-04-09 08:15:00,70949.8,70958.2,70894.0,70926.8,9.25043168
2026-04-09 08:20:00,70926.8,71019.6,70920.0,71011.8,5.24141332
2026-04-09 08:25:00,71011.6,71017.0,70966.0,70975.0,4.10563245
2026-04-09 08:30:00,70975.0,71108.0,70975.0,71074.7,20.02847341
2026-04-09 08:35:00,71074.6,71147.5,71064.5,71135.0,24.01246812
2026-04-09 08:40:00,71135.1,71362.9,71127.4,71330.0,62.78158235
2026-04-09 08:45:00,71330.0,71393.2,71238.0,71260.5,52.97218631
2026-04-09 08:50:00,71260.5,71260.6,71208.0,71259.9,59.19731569
2026-04-09 08:55:00,71260.0,71295.0,71228.9,71250.0,9.15579918
2026-04-09 09:00:00,71250.1,71250.1,71127.8,71132.5,19.55166861
2026-04-09 09:05:00,71132.6,71243.5,71107.1,71243.0,7.63936301
2026-04-09 09:10:00,71243.0,71338.5,71228.5,71330.4,15.73560337
2026-04-09 09:15:00,71330.5,71533.3,71330.4,71378.3,51.88325722
2026-04-09 09:20:00,71378.3,71378.4,71281.8,71290.3,9.22832046
2026-04-09 09:25:00,71290.2,71299.0,71234.5,71286.4,4.12375176
2026-04-09 09:30:00,71286.4,71347.4,71245.0,71245.0,14.25587089
2026-04-09 09:35:00,71245.1,71250.0,71200.0,71240.2,20.53229271
2026-04-09 09:40:00,71240.1,71281.0,71236.5,71281.0,3.30829394
2026-04-09 09:45:00,71281.0,71357.5,71277.2,71355.5,15.39377473
2026-04-09 09:50:00,71355.6,71435.8,71335.0,71435.8,6.16637164
2026-04-09 09:55:00,71435.8,71576.9,71435.8,71537.0,39.66504702
2026-04-09 10:00:00,71535.9,71540.8,71479.3,71502.3,11.11536238
2026-04-09 10:05:00,71502.2,71502.2,71382.2,71388.0,9.48311895
2026-04-09 10:10:00,71387.9,71404.1,71344.5,71374.8,5.56724758
2026-04-09 10:15:00,71374.7,71436.6,71366.3,71407.2,8.1453648
2026-04-09 10:20:00,71407.2,71494.3,71407.1,71458.6,4.68256697
2026-04-09 10:25:00,71458.6,71469.5,71403.6,71403.6,4.1727627
2026-04-09 10:30:00,71403.6,71403.6,71353.4,71380.0,10.53455548
2026-04-09 10:35:00,71379.9,71401.0,71350.0,71384.4,23.6289379
2026-04-09 10:40:00,71384.7,71428.5,71364.5,71413.3,10.17996797
2026-04-09 10:45:00,71413.2,71462.0,71400.6,71411.0,5.4914141
2026-04-09 10:50:00,71411.0,71411.1,71312.2,71335.5,10.57553843
2026-04-09 10:55:00,71335.6,71371.5,71279.8,71279.9,5.37030455
2026-04-09 11:00:00,71279.9,71356.9,71259.6,71316.9,7.49305074
2026-04-09 11:05:00,71317.9,71325.5,71259.8,71271.0,10.87229898
2026-04-09 11:10:00,71264.8,71264.8,71188.7,71194.4,24.63157529
2026-04-09 11:15:00,71194.3,71209.7,71141.8,71209.7,13.24179327
2026-04-09 11:20:00,71211.1,71238.6,71158.2,71180.1,11.44986267
2026-04-09 11:25:00,71180.1,71180.1,71053.7,71075.6,17.2409461
2026-04-09 11:30:00,71076.0,71172.9,71076.0,71125.4,12.61794663
2026-04-09 11:35:00,71125.5,71179.8,71092.8,71176.4,3.2638703
2026-04-09 11:40:00,71176.4,71209.7,71144.5,71171.6,2.53551931
2026-04-09 11:45:00,71171.6,71232.4,71162.5,71217.3,5.2962736
2026-04-09 11:50:00,71217.4,71220.9,71187.8,71189.6,2.51755985
2026-04-09 11:55:00,71189.0,71189.0,71137.2,71156.5,2.91115205
2026-04-09 12:00:00,71154.1,71216.0,71152.6,71202.4,4.97140202
2026-04-09 12:05:00,71202.5,71247.0,71170.5,71231.3,3.94607161
2026-04-09 12:10:00,71231.4,71249.9,71200.0,71200.1,3.28850129
2026-04-09 12:15:00,71200.0,71249.9,71162.9,71162.9,6.15911159
2026-04-09 12:20:00,71162.9,71162.9,71038.1,71103.4,11.06396326
2026-04-09 12:25:00,71105.4,71328.4,71105.4,71270.8,4.55977049
2026-04-09 12:30:00,71270.9,71300.0,71168.6,71237.1,8.38520073
2026-04-09 12:35:00,71232.6,71276.1,71133.8,71154.4,6.4163462
2026-04-09 12:40:00,71154.4,71314.0,71133.1,71216.4,14.5763418
2026-04-09 12:45:00,71216.1,71240.1,71100.0,71163.3,7.80626855
2026-04-09 12:50:00,71163.3,71228.9,71152.3,71210.9,2.1050783
2026-04-09 12:55:00,71211.0,71306.8,71210.0,71286.3,9.33549262
2026-04-09 13:00:00,71286.4,71359.1,71169.0,71181.0,7.10882108
2026-04-09 13:05:00,71182.8,71199.8,71092.1,71139.1,9.34035494
2026-04-09 13:10:00,71139.1,71144.9,71107.0,71119.1,7.08037866
2026-04-09 13:15:00,71119.2,71147.6,71117.8,71132.5,4.85927608
2026-04-09 13:20:00,71132.6,71138.0,71069.8,71115.3,5.57908618
2026-04-09 13:25:00,71115.2,71149.9,71104.0,71112.3,7.15463894
2026-04-09 13:30:00,71112.3,71172.2,70916.9,70992.5,37.50677838
2026-04-09 13:35:00,70995.4,71112.4,70809.0,70953.0,120.27082529
2026-04-09 13:40:00,70951.4,70972.0,70812.2,70900.4,23.06533061
2026-04-09 13:45:00,70900.5,70912.9,70735.1,70881.9,44.97527865
2026-04-09 13:50:00,70879.0,70879.0,70736.8,70741.9,25.63118975
2026-04-09 13:55:00,70741.9,70834.5,70636.6,70803.1,66.98753171
2026-04-09 14:00:00,70803.1,70834.0,70715.9,70785.3,13.03334653
2026-04-09 14:05:00,70785.2,70788.3,70679.2,70691.1,8.70204317
2026-04-09 14:10:00,70689.3,70850.0,70650.1,70788.1,22.68774712
2026-04-09 14:15:00,70789.4,70826.4,70589.0,70614.7,25.83248671
2026-04-09 14:20:00,70612.1,70715.4,70603.2,70703.9,18.41082853
2026-04-09 14:25:00,70703.9,70711.5,70531.6,70643.6,20.33791384
2026-04-09 14:30:00,70644.1,70696.4,70605.0,70664.3,11.82959088
2026-04-09 14:35:00,70666.6,70831.0,70615.0,70815.9,23.59616656
2026-04-09 14:40:00,70812.2,70914.9,70805.6,70899.4,17.99798121
2026-04-09 14:45:00,70899.3,71044.0,70899.3,71035.5,28.55497634
2026-04-09 14:50:00,71033.4,71251.5,71028.7,71166.9,51.85051583
2026-04-09 14:55:00,71166.9,71241.4,71076.8,71123.0,30.11120974
2026-04-09 15:00:00,71123.1,71159.3,71016.2,71062.0,14.45787633
2026-04-09 15:05:00,71063.8,71081.2,70932.2,70932.2,13.28647821
2026-04-09 15:10:00,70932.0,71360.0,70929.0,71342.4,34.99619416
2026-04-09 15:15:00,71342.4,71552.8,71328.8,71393.2,49.66799994
2026-04-09 15:20:00,71393.7,71633.8,71393.7,71481.6,61.14012427
2026-04-09 15:25:00,71481.4,71481.4,71336.6,71341.5,11.68055997
2026-04-09 15:30:00,71341.9,72245.6,71294.7,72209.4,211.85309053
2026-04-09 15:35:00,72209.4,72216.5,71836.6,71879.6,133.70184284
2026-04-09 15:40:00,71878.5,72115.3,71878.5,72076.3,57.78643713
2026-04-09 15:45:00,72076.5,72347.8,72042.0,72113.4,61.74400954
2026-04-09 15:50:00,72113.3,72247.4,72075.6,72230.0,27.07842392
2026-04-09 15:55:00,72234.0,72350.0,72075.7,72144.4,64.75306719
2026-04-09 16:00:00,72144.4,72399.9,72144.4,72300.5,37.62465048
2026-04-09 16:05:00,72301.4,72305.0,72071.4,72118.2,46.09583096
2026-04-09 16:10:00,72118.1,72310.4,72112.7,72176.1,44.47881701
2026-04-09 16:15:00,72175.5,72388.8,72145.2,72318.5,29.38927092
2026-04-09 16:20:00,72319.9,72345.0,72105.2,72171.8,23.96716364
2026-04-09 16:25:00,72171.9,72225.5,72060.0,72060.5,22.95530324
2026-04-09 16:30:00,72060.0,72066.5,71932.1,71933.6,31.11771856
2026-04-09 16:35:00,71933.7,72014.3,71777.8,71858.5,44.09923487
2026-04-09 16:40:00,71858.6,71969.4,71798.9,71966.0,49.7475218
2026-04-09 16:45:00,71962.6,71984.2,71727.2,71817.5,35.47721629
2026-04-09 16:50:00,71821.6,71933.3,71802.0,71888.6,18.38793539
2026-04-09 16:55:00,71888.6,72085.0,71888.6,72076.2,27.34348355
2026-04-09 17:00:00,72076.3,72500.0,72064.1,72468.3,61.29285516
2026-04-09 17:05:00,72471.6,72521.5,72378.0,72453.0,100.65853598
2026-04-09 17:10:00,72453.0,72513.6,72400.5,72478.0,25.92132885
2026-04-09 17:15:00,72478.0,72550.0,72413.7,72425.0,36.67349782
2026-04-09 17:20:00,72425.0,72477.1,72275.6,72365.5,53.42145607
2026-04-09 17:25:00,72365.5,72384.3,72224.8,72339.3,36.5296103
2026-04-09 17:30:00,72339.4,72339.4,72100.0,72181.8,32.78572597
2026-04-09 17:35:00,72181.9,72508.0,72181.9,72446.5,22.81299986
2026-04-09 17:40:00,72445.2,72502.1,72353.2,72416.0,24.06849082
2026-04-09 17:45:00,72414.0,72474.5,72325.8,72369.2,20.02775163
2026-04-09 17:50:00,72369.2,72396.9,72271.2,72351.6,10.46260047
2026-04-09 17:55:00,72354.9,72358.5,72256.9,72343.8,3.48210455
2026-04-09 18:00:00,72344.0,72376.0,71858.7,71922.5,31.63224597
2026-04-09 18:05:00,71924.0,72039.6,71901.0,72010.3,30.10980932
2026-04-09 18:10:00,72010.5,72052.9,71883.2,71894.1,26.03710577
2026-04-09 18:15:00,71896.9,71997.0,71860.6,71921.4,9.36886982
2026-04-09 18:20:00,71919.5,71919.5,71771.6,71858.7,22.00426484
2026-04-09 18:25:00,71864.9,71942.1,71794.0,71899.5,68.46163269
2026-04-09 18:30:00,71899.4,71925.3,71738.1,71858.7,8.87312025
2026-04-09 18:35:00,71859.8,71936.3,71840.6,71893.6,12.6952154
2026-04-09 18:40:00,71893.7,71947.6,71801.1,71847.4,14.25499181
2026-04-09 18:45:00,71847.9,71888.0,71741.6,71877.0,12.41952098
2026-04-09 18:50:00,71881.0,71894.9,71834.0,71866.5,14.04227443
2026-04-09 18:55:00,71867.5,71917.1,71842.1,71879.0,14.37527869
2026-04-09 19:00:00,71879.5,71943.5,71823.6,71916.6,15.4630424
2026-04-09 19:05:00,71917.4,72082.4,71866.3,72051.0,25.63411133
2026-04-09 19:10:00,72051.0,72127.9,71982.5,72029.6,24.22721921
2026-04-09 19:15:00,72031.9,72087.9,71934.5,71939.0,21.52093912
2026-04-09 19:20:00,71938.9,71954.5,71770.0,71781.5,8.59080943
2026-04-09 19:25:00,71785.8,71840.4,71745.0,71825.6,7.50469187
2026-04-09 19:30:00,71825.6,71967.8,71818.5,71860.0,26.68285652
2026-04-09 19:35:00,71860.0,71960.3,71806.9,71960.3,4.32133375
2026-04-09 19:40:00,71960.4,72159.4,71947.8,72113.0,47.36243774
2026-04-09 19:45:00,72113.1,72250.9,72113.1,72231.4,34.23931535
2026-04-09 19:50:00,72231.3,72297.2,72148.7,72194.0,17.63190017
2026-04-09 19:55:00,72193.9,72193.9,72001.1,72095.6,27.70497283
2026-04-09 20:00:00,72092.7,72187.3,72052.3,72090.6,16.81581601
2026-04-09 20:05:00,72090.5,72090.5,71980.4,72030.9,6.35950914
2026-04-09 20:10:00,72030.0,72183.7,72003.5,72181.1,11.0792041
2026-04-09 20:15:00,72181.0,72282.4,72160.3,72255.9,14.59957419
2026-04-09 20:20:00,72255.9,72337.9,72251.0,72314.4,25.8696882
2026-04-09 20:25:00,72312.8,72342.8,72261.0,72289.8,7.75812497
2026-04-09 20:30:00,72289.9,72430.4,72253.1,72430.4,19.34008794
2026-04-09 20:35:00,72430.4,72446.1,72369.0,72384.4,3.68956078
2026-04-09 20:40:00,72384.5,72441.6,72354.8,72419.0,9.79218829
2026-04-09 20:45:00,72418.9,72419.0,72331.5,72336.7,9.37259484
2026-04-09 20:50:00,72336.7,72375.0,72288.3,72375.0,4.63374506
2026-04-09 20:55:00,72374.9,72417.5,72346.3,72412.0,12.51189408
2026-04-09 21:00:00,72412.1,72478.2,72342.4,72459.8,10.95344603
2026-04-09 21:05:00,72454.8,72698.2,72276.0,72276.0,81.83731536
2026-04-09 21:10:00,72275.9,72351.5,72194.5,72328.5,37.24391571
2026-04-09 21:15:00,72328.4,72349.5,72262.6,72272.1,5.90572815
2026-04-09 21:20:00,72272.0,72294.9,72126.5,72294.9,9.78196793
2026-04-09 21:25:00,72291.3,72307.4,72178.3,72178.3,3.70829422
2026-04-09 21:30:00,72178.4,72255.5,72146.5,72239.8,4.84703926
2026-04-09 21:35:00,72239.8,72277.5,72187.4,72208.1,4.9893591
2026-04-09 21:40:00,72208.2,72453.6,72208.1,72445.5,17.0470433
2026-04-09 21:45:00,72445.9,72459.9,72357.8,72404.7,7.26806653
2026-04-09 21:50:00,72404.0,72404.0,72283.0,72283.1,4.42884704
2026-04-09 21:55:00,72283.0,72303.6,72229.5,72259.9,2.92339642
2026-04-09 22:00:00,72262.0,72412.9,72252.2,72383.2,3.41315767
2026-04-09 22:05:00,72383.2,72399.6,72300.1,72394.1,9.17105037
2026-04-09 22:10:00,72394.1,72519.9,72377.5,72503.5,14.23697934
2026-04-09 22:15:00,72503.4,73130.0,72499.7,72804.9,189.45700504
2026-04-09 22:20:00,72804.9,72807.4,72716.8,72793.4,11.68167511
2026-04-09 22:25:00,72793.0,72793.0,72578.1,72626.9,27.63944764
2026-04-09 22:30:00,72626.9,72633.4,72428.6,72508.8,23.73943614
2026-04-09 22:35:00,72505.9,72505.9,72350.0,72350.1,14.0863661
2026-04-09 22:40:00,72350.0,72442.9,72291.7,72321.0,17.77322064
2026-04-09 22:45:00,72321.0,72454.9,72246.6,72412.8,19.84379548
2026-04-09 22:50:00,72412.9,72412.9,72083.0,72212.1,44.84770943
2026-04-09 22:55:00,72212.1,72226.8,71942.9,71942.9,28.61114604
2026-04-09 23:00:00,71942.9,72028.9,71839.9,71879.1,19.66533226
2026-04-09 23:05:00,71879.5,72026.8,71871.1,71942.5,7.42912716
2026-04-09 23:10:00,71942.4,71966.6,71733.3,71802.9,26.88234137
2026-04-09 23:15:00,71802.1,71869.2,71588.0,71840.2,114.59918539
2026-04-09 23:20:00,71840.2,71908.9,71779.3,71809.0,21.44175453
2026-04-09 23:25:00,71808.9,71873.1,71759.0,71779.3,17.73704265
2026-04-09 23:30:00,71779.1,71779.1,71610.0,71734.1,22.88341282
2026-04-09 23:35:00,71734.1,71822.6,71679.9,71815.4,27.30996257
2026-04-09 23:40:00,71817.2,71842.3,71758.5,71758.6,20.80916994
2026-04-09 23:45:00,71758.6,71790.6,71690.9,71788.1,11.05655833
2026-04-09 23:50:00,71788.0,71829.9,71720.8,71800.5,6.67261308
2026-04-09 23:55:00,71799.5,71808.8,71734.6,71786.9,12.96907528
2026-04-10 00:00:00,71795.0,71852.0,71740.3,71806.8,11.00526335
2026-04-10 00:05:00,71806.8,71870.2,71728.8,71822.9,46.73336399
2026-04-10 00:10:00,71822.8,71896.6,71702.5,71808.8,16.67802567
2026-04-10 00:15:00,71813.7,71813.7,71623.0,71623.0,45.73845028
2026-04-10 00:20:00,71623.0,71719.7,71585.1,71663.2,36.06903929
2026-04-10 00:25:00,71663.1,71850.3,71610.1,71836.9,14.78815972
2026-04-10 00:30:00,71836.9,71961.5,71794.8,71879.8,10.07598742
2026-04-10 00:35:00,71879.8,71958.8,71793.1,71869.3,8.69635233
2026-04-10 00:40:00,71865.0,71961.0,71839.8,71929.0,21.5154499
2026-04-10 00:45:00,71928.9,71988.9,71865.0,71928.4,12.93505368
2026-04-10 00:50:00,71928.4,72027.0,71918.3,71956.3,12.9814798
2026-04-10 00:55:00,71956.2,71977.0,71870.6,71969.8,5.987913
2026-04-10 01:00:00,71967.4,71976.8,71843.5,71864.9,5.9854366
2026-04-10 01:05:00,71871.8,71968.4,71818.2,71968.2,8.99294334
2026-04-10 01:10:00,71968.5,72084.7,71927.7,72002.0,40.17177557
2026-04-10 01:15:00,72002.0,72050.5,71950.5,72004.2,8.16342961
2026-04-10 01:20:00,72002.6,72017.9,71673.5,71862.9,22.88048617
2026-04-10 01:25:00,71863.0,71899.9,71797.2,71877.5,18.65829846
2026-04-10 01:30:00,71877.5,72191.9,71857.8,72186.1,19.67495948
2026-04-10 01:35:00,72186.5,72361.8,72171.9,72312.9,20.44083721
2026-04-10 01:40:00,72306.4,72388.1,72258.4,72306.1,27.06728435
2026-04-10 01:45:00,72304.0,72304.0,72211.9,72233.8,8.08908304
2026-04-10 01:50:00,72233.7,72355.1,72212.3,72221.4,30.25691521
2026-04-10 01:55:00,72221.4,72245.2,72151.6,72164.0,8.6540886
2026-04-10 02:00:00,72164.1,72245.2,72121.1,72131.3,11.77311796
2026-04-10 02:05:00,72131.3,72284.2,72122.2,72248.4,5.1706401
2026-04-10 02:10:00,72243.9,72295.5,72184.9,72233.3,10.61521348
2026-04-10 02:15:00,72234.0,72263.9,72181.6,72204.0,12.56189773
2026-04-10 02:20:00,72204.1,72240.1,72186.3,72186.3,2.4866795
2026-04-10 02:25:00,72186.4,72246.3,72171.6,72183.9,11.56352848
2026-04-10 02:30:00,72183.8,72231.9,72137.9,72187.9,3.58478329
2026-04-10 02:35:00,72192.0,72207.4,72151.7,72174.6,3.72964188
2026-04-10 02:40:00,72171.3,72187.0,72129.7,72156.7,1.80241039
2026-04-10 02:45:00,72156.2,72156.2,72000.1,72004.2,8.0950921
2026-04-10 02:50:00,72004.3,72018.9,71921.0,71999.9,15.17201465
2026-04-10 02:55:00,71999.9,71999.9,71938.4,71962.2,57.31694619
2026-04-10 03:00:00,71962.2,72021.9,71923.2,71961.0,16.23672775
2026-04-10 03:05:00,71961.0,71983.8,71894.6,71913.8,7.29428284
2026-04-10 03:10:00,71915.0,71932.8,71847.5,71851.8,26.95695978
2026-04-10 03:15:00,71858.0,71942.1,71844.8,71902.3,5.21613014
2026-04-10 03:20:00,71902.4,71919.5,71856.3,71866.6,4.34085352
2026-04-10 03:25:00,71864.8,71892.8,71817.2,71824.6,13.36710718
2026-04-10 03:30:00,71824.6,71927.4,71817.8,71896.8,10.9347101
2026-04-10 03:35:00,71899.3,71969.9,71899.3,71905.4,17.82863966
2026-04-10 03:40:00,71905.5,71951.3,71891.1,71918.4,9.29112341
2026-04-10 03:45:00,71926.7,71959.9,71854.9,71874.4,4.9186021
2026-04-10 03:50:00,71874.3,71879.8,71839.8,71871.2,5.6988518
2026-04-10 03:55:00,71871.2,71885.0,71852.7,71875.0,2.51503154
2026-04-10 04:00:00,71875.1,71928.3,71875.0,71920.0,2.92579666
2026-04-10 04:05:00,71919.9,71968.3,71904.3,71933.1,5.49095652
2026-04-10 04:10:00,71933.1,71951.9,71873.4,71873.5,2.51055686
2026-04-10 04:15:00,71873.5,71942.3,71869.5,71898.9,6.32331815
2026-04-10 04:20:00,71899.0,71955.1,71857.1,71871.8,26.44046295
2026-04-10 04:25:00,71871.8,71934.6,71867.0,71870.9,22.11261744
2026-04-10 04:30:00,71870.9,71885.8,71811.2,71841.8,26.27231081
2026-04-10 04:35:00,71842.3,71910.1,71818.2,71898.5,4.51608919
2026-04-10 04:40:00,71901.2,71908.9,71869.8,71908.3,1.98836384
2026-04-10 04:45:00,71908.3,71945.5,71900.0,71933.4,4.94957676
2026-04-10 04:50:00,71933.4,72217.3,71890.3,72111.0,54.68170814
2026-04-10 04:55:00,72111.0,72138.1,72031.6,72122.0,25.82779157
2026-04-10 05:00:00,72123.9,72139.5,72044.4,72128.3,5.11388095
2026-04-10 05:05:00,72128.3,72169.5,72045.9,72058.4,5.37233297
2026-04-10 05:10:00,72058.4,72071.7,72009.7,72069.2,5.81329056
2026-04-10 05:15:00,72069.2,72088.5,72018.6,72088.5,6.30603482
2026-04-10 05:20:00,72088.6,72230.7,72088.5,72230.7,10.976167
2026-04-10 05:25:00,72230.7,72277.7,72229.0,72229.3,7.23367387
2026-04-10 05:30:00,72229.4,72268.0,72194.9,72214.2,16.36281607
2026-04-10 05:35:00,72214.2,72225.5,72171.6,72198.6,9.52295653
2026-04-10 05:40:00,72217.4,72225.5,72141.4,72156.7,27.57201945
2026-04-10 05:45:00,72156.7,72200.4,72148.6,72183.9,15.58881972
2026-04-10 05:50:00,72183.8,72218.0,72112.4,72115.4,14.32419906
2026-04-10 05:55:00,72115.0,72131.2,72092.4,72129.0,7.43459104
2026-04-10 06:00:00,72128.9,72152.5,72102.0,72152.5,1.71164847
2026-04-10 06:05:00,72152.6,72185.2,72093.5,72095.7,4.06788076
2026-04-10 06:10:00,72095.6,72143.5,72055.1,72143.4,14.556568
2026-04-10 06:15:00,72141.6,72141.7,71971.6,71999.2,5.48024343
2026-04-10 06:20:00,71999.8,72004.8,71952.9,71981.0,2.68012797
2026-04-10 06:25:00,71981.1,71981.1,71950.0,71962.9,1.71251524
2026-04-10 06:30:00,71963.5,71973.0,71925.3,71973.0,6.27120941
2026-04-10 06:35:00,71973.1,72012.8,71871.0,72012.8,37.45330185
2026-04-10 06:40:00,72012.8,72012.8,71900.4,71943.5,5.40629709
2026-04-10 06:45:00,71943.6,71987.9,71881.2,71881.3,4.00767521
2026-04-10 06:50:00,71881.2,71881.3,71831.8,71831.9,6.62685261
2026-04-10 06:55:00,71831.9,71831.9,71795.7,71808.9,26.14070493
2026-04-10 07:00:00,71808.9,71845.5,71780.0,71789.4,17.60081472
2026-04-10 07:05:00,71781.5,71799.0,71730.0,71741.6,14.16329265
2026-04-10 07:10:00,71741.5,71778.7,71720.0,71720.2,6.28040929
2026-04-10 07:15:00,71720.1,71773.0,71720.1,71763.4,5.37996525
2026-04-10 07:20:00,71763.4,71772.2,71711.1,71733.3,15.91280528
2026-04-10 07:25:00,71733.3,71747.5,71700.1,71730.4,23.85757312
2026-04-10 07:30:00,71730.4,71781.5,71700.0,71745.2,36.5128598
2026-04-10 07:35:00,71745.3,71765.1,71708.5,71712.0,34.37873675
2026-04-10 07:40:00,71712.0,71722.9,71649.1,71656.0,58.76133162
2026-04-10 07:45:00,71656.0,71694.8,71617.3,71617.3,36.50345669
2026-04-10 07:50:00,71617.3,71647.8,71428.8,71436.3,78.70082103
2026-04-10 07:55:00,71436.4,71506.0,71428.5,71485.4,47.60944048
2026-04-10 08:00:00,71485.5,71507.4,71428.0,71473.8,18.73603588
2026-04-10 08:05:00,71473.8,71616.8,71470.5,71605.1,11.8696034
2026-04-10 08:10:00,71605.1,71669.1,71581.4,71610.6,21.06762843
2026-04-10 08:15:00,71610.5,71646.4,71531.2,71646.4,14.92039435
2026-04-10 08:20:00,71646.6,71683.2,71630.1,71673.4,7.15978851
2026-04-10 08:25:00,71673.4,71690.5,71641.3,71641.4,4.23457807
2026-04-10 08:30:00,71641.4,71684.5,71629.9,71635.3,2.52390835
2026-04-10 08:35:00,71635.3,71757.5,71609.6,71749.9,13.95560095
2026-04-10 08:40:00,71749.9,71764.0,71699.8,71707.0,9.40321702
2026-04-10 08:45:00,71707.0,71715.9,71531.3,71559.8,15.27040789
2026-04-10 08:50:00,71560.0,71594.7,71503.3,71594.6,7.99931033
2026-04-10 08:55:00,71594.7,71621.4,71573.3,71610.3,4.54950662
2026-04-10 09:00:00,71610.3,71700.0,71600.0,71681.3,6.95886883
2026-04-10 09:05:00,71681.2,71699.9,71664.5,71674.0,5.31675328
2026-04-10 09:10:00,71674.0,71704.9,71643.1,71704.9,5.16626088
2026-04-10 09:15:00,71704.9,71850.7,71690.6,71828.0,12.69397937
2026-04-10 09:20:00,71827.3,71851.8,71756.4,71760.3,5.2991727
2026-04-10 09:25:00,71761.4,71774.1,71736.1,71769.3,2.38490411
2026-04-10 09:30:00,71769.3,71822.1,71754.7,71806.4,2.83743996
2026-04-10 09:35:00,71806.5,71875.6,71768.1,71843.3,15.47478322
2026-04-10 09:40:00,71843.2,71848.6,71784.3,71810.3,9.86729595
2026-04-10 09:45:00,71810.2,71810.3,71743.2,71775.1,2.98840133
2026-04-10 09:50:00,71775.2,71806.4,71767.3,71793.4,2.06736819
2026-04-10 09:55:00,71794.0,71835.7,71777.4,71777.4,14.80522427
2026-04-10 10:00:00,71777.5,71794.8,71760.0,71794.4,5.90762499
2026-04-10 10:05:00,71794.4,71799.4,71719.5,71773.0,7.66710787
2026-04-10 10:10:00,71772.4,71814.2,71734.6,71814.2,6.25594535
2026-04-10 10:15:00,71814.1,71823.5,71791.4,71820.6,5.03756939
2026-04-10 10:20:00,71820.6,71820.6,71726.0,71734.3,4.06232529
2026-04-10 10:25:00,71734.4,71779.1,71708.3,71731.5,6.08456989
2026-04-10 10:30:00,71731.5,71764.9,71731.5,71760.4,2.43951073
2026-04-10 10:35:00,71760.4,71785.7,71728.6,71774.3,3.89776426
2026-04-10 10:40:00,71774.3,71823.7,71769.2,71803.5,2.98676242
2026-04-10 10:45:00,71803.8,71850.0,71787.9,71834.5,5.32467469
2026-04-10 10:50:00,71834.5,71913.5,71833.8,71899.6,28.61297912
2026-04-10 10:55:00,71899.6,71930.3,71899.5,71904.5,11.38288665
2026-04-10 11:00:00,71904.5,72021.4,71900.0,71994.4,32.00115658
2026-04-10 11:05:00,71994.3,72102.0,71962.8,72102.0,32.06690335
2026-04-10 11:10:00,72102.2,72152.7,72064.5,72118.7,12.88583016
2026-04-10 11:15:00,72118.8,72184.3,72093.0,72152.5,23.54305447
2026-04-10 11:20:00,72152.5,72215.1,72139.7,72184.5,22.66327391
2026-04-10 11:25:00,72184.6,72214.0,72140.4,72210.3,21.66952185
2026-04-10 11:30:00,72209.9,72222.5,72134.3,72153.5,10.46072346
2026-04-10 11:35:00,72153.6,72268.0,72153.5,72234.8,21.39292895
2026-04-10 11:40:00,72234.9,72255.7,72175.5,72180.8,18.96621476
2026-04-10 11:45:00,72180.8,72250.2,72118.2,72231.2,10.85389846
2026-04-10 11:50:00,72231.0,72233.0,72143.7,72143.7,4.43220525
2026-04-10 11:55:00,72143.6,72154.5,72097.1,72124.3,9.4663039
2026-04-10 12:00:00,72124.3,72184.6,72095.3,72183.7,30.0226969
2026-04-10 12:05:00,72183.8,72209.3,72127.0,72137.8,8.94470982
2026-04-10 12:10:00,72137.5,72137.5,72081.1,72081.6,11.51410489
2026-04-10 12:15:00,72081.7,72183.9,72061.9,72177.2,17.51162894
2026-04-10 12:20:00,72177.2,72311.3,72083.4,72127.3,21.55433276
2026-04-10 12:25:00,72127.3,72239.3,72000.0,72159.7,70.12673828
2026-04-10 12:30:00,72156.7,72454.4,72034.9,72323.8,109.81743962
2026-04-10 12:35:00,72323.9,72323.9,72183.9,72286.3,21.52575446
2026-04-10 12:40:00,72286.2,72421.7,72282.7,72309.3,17.19549105
2026-04-10 12:45:00,72309.4,72400.0,72275.1,72399.9,40.03779752
2026-04-10 12:50:00,72400.0,72400.0,72200.0,72200.1,20.48038072
2026-04-10 12:55:00,72200.1,72265.9,72188.9,72255.3,14.35455387
2026-04-10 13:00:00,72255.3,72255.3,72188.8,72189.1,13.33693981
2026-04-10 13:05:00,72189.0,72257.9,72188.8,72213.7,13.30401727
2026-04-10 13:10:00,72213.7,72270.5,72201.9,72207.7,6.94638605
2026-04-10 13:15:00,72207.8,72216.9,72158.0,72211.3,15.75479262
2026-04-10 13:20:00,72211.2,72280.0,72190.9,72240.0,33.66750329
2026-04-10 13:25:00,72239.9,72298.8,72239.3,72296.6,29.83262596
2026-04-10 13:30:00,72296.7,72418.0,72072.0,72102.5,129.25129946
2026-04-10 13:35:00,72102.5,72102.5,71911.3,71935.4,142.99381603
2026-04-10 13:40:00,71935.3,72057.0,71900.0,72057.0,53.20210702
2026-04-10 13:45:00,72057.1,72308.0,72055.2,72286.2,28.04123074
2026-04-10 13:50:00,72286.1,72298.5,72106.9,72258.6,20.7098802
2026-04-10 13:55:00,72258.7,72366.0,72235.2,72315.4,31.48100605
2026-04-10 14:00:00,72315.4,72499.7,72250.1,72428.1,65.76261348
2026-04-10 14:05:00,72428.2,72554.6,72404.1,72428.1,67.74067033
2026-04-10 14:10:00,72428.2,72750.0,72392.4,72699.0,78.78060301
2026-04-10 14:15:00,72699.0,72827.1,72628.6,72749.7,88.08087844
2026-04-10 14:20:00,72749.7,73050.0,72749.6,73048.6,124.93147511
2026-04-10 14:25:00,73048.6,73067.0,72877.5,72965.4,62.23084778
2026-04-10 14:30:00,72965.5,73122.1,72954.0,73065.7,50.68618885
2026-04-10 14:35:00,73065.7,73143.7,73009.5,73055.1,63.95562529
2026-04-10 14:40:00,73054.3,73075.4,72733.2,72851.7,93.64539069
2026-04-10 14:45:00,72851.7,72923.0,72699.1,72719.6,56.5545035
2026-04-10 14:50:00,72719.5,72961.2,72719.5,72824.3,36.06823126
2026-04-10 14:55:00,72824.3,72916.4,72750.1,72900.4,32.5304824
2026-04-10 15:00:00,72900.4,73000.0,72884.2,72895.9,35.54662342
2026-04-10 15:05:00,72895.9,73100.0,72819.6,73079.9,54.29615507
2026-04-10 15:10:00,73080.0,73111.1,73010.0,73014.0,29.53052676
2026-04-10 15:15:00,73014.0,73039.9,72921.3,73015.4,34.05679492
2026-04-10 15:20:00,73015.4,73305.4,72973.5,73251.2,86.43804436
2026-04-10 15:25:00,73251.1,73251.1,72750.0,72774.0,67.51935225
2026-04-10 15:30:00,72774.1,72837.9,72670.1,72717.7,133.73551798
2026-04-10 15:35:00,72717.7,72734.9,72651.2,72725.9,67.50126529
2026-04-10 15:40:00,72723.7,72745.1,72593.3,72740.9,43.44746135
2026-04-10 15:45:00,72740.9,72760.7,72522.0,72571.3,33.51258896
2026-04-10 15:50:00,72571.3,72605.3,72500.0,72500.1,22.18755048
2026-04-10 15:55:00,72500.1,72522.7,72354.1,72456.0,34.24102155
2026-04-10 16:00:00,72456.0,72557.0,72380.9,72520.1,15.93770959
2026-04-10 16:05:00,72520.1,72590.0,72466.5,72549.9,10.88539151
2026-04-10 16:10:00,72550.0,72709.4,72550.0,72701.0,16.16495486
2026-04-10 16:15:00,72701.0,72822.9,72664.6,72744.0,18.44504415
2026-04-10 16:20:00,72741.8,72758.9,72576.6,72750.7,24.17577196
2026-04-10 16:25:00,72750.7,72766.9,72674.3,72766.8,15.51039162
2026-04-10 16:30:00,72766.9,72790.2,72581.4,72779.9,35.59038625
2026-04-10 16:35:00,72779.9,72795.8,72701.2,72712.2,10.6446059
2026-04-10 16:40:00,72712.3,72719.6,72640.1,72719.6,3.46323469
2026-04-10 16:45:00,72719.5,72798.6,72702.2,72769.1,10.1210834
2026-04-10 16:50:00,72769.1,72960.0,72769.1,72896.4,35.78591226
2026-04-10 16:55:00,72896.5,73059.0,72895.1,72990.9,36.85319466
2026-04-10 17:00:00,72991.0,73009.5,72872.1,72887.3,25.53437507
2026-04-10 17:05:00,72887.3,72922.8,72839.8,72884.2,13.88169983
2026-04-10 17:10:00,72884.1,72905.5,72800.0,72863.0,5.99441216
2026-04-10 17:15:00,72863.1,72944.8,72808.5,72920.9,10.93776775
2026-04-10 17:20:00,72919.7,72971.8,72841.2,72951.7,9.32919478
2026-04-10 17:25:00,72951.7,73034.6,72918.0,72965.5,8.46917595
2026-04-10 17:30:00,72965.5,72965.5,72892.3,72898.8,5.11257458
2026-04-10 17:35:00,72898.7,72915.6,72802.1,72901.8,7.05429644
2026-04-10 17:40:00,72901.7,72928.6,72824.8,72924.2,5.74021517
2026-04-10 17:45:00,72924.2,73020.2,72920.6,72983.3,10.21031442
2026-04-10 17:50:00,72983.3,73141.2,72972.7,73070.5,23.91279097
2026-04-10 17:55:00,73070.4,73129.5,73041.8,73122.9,24.5391009
2026-04-10 18:00:00,73123.0,73139.0,72900.5,72914.3,32.3689592
2026-04-10 18:05:00,72914.3,73025.5,72884.9,73005.4,8.30873172
2026-04-10 18:10:00,73005.3,73089.3,72978.1,73089.2,12.89881616
2026-04-10 18:15:00,73089.2,73183.4,72941.4,72976.5,34.47550055
2026-04-10 18:20:00,72974.8,73033.0,72949.8,72949.8,7.45367875
2026-04-10 18:25:00,72949.1,73014.6,72884.1,72983.3,16.44787456
2026-04-10 18:30:00,72983.4,73020.3,72949.1,72949.1,14.167607
2026-04-10 18:35:00,72948.5,73000.0,72927.9,72954.0,5.27096762
2026-04-10 18:40:00,72954.0,72973.2,72909.5,72951.6,6.93093584
2026-04-10 18:45:00,72950.1,72990.0,72938.5,72978.5,3.88351334
2026-04-10 18:50:00,72978.5,73067.7,72978.5,73043.0,10.77849646
2026-04-10 18:55:00,73043.1,73116.8,73043.1,73104.6,16.14968494
2026-04-10 19:00:00,73104.6,73177.3,73104.6,73155.5,16.47480733
2026-04-10 19:05:00,73155.6,73187.2,73072.0,73084.0,11.20329213
2026-04-10 19:10:00,73084.0,73255.0,73076.5,73184.4,21.90932616
2026-04-10 19:15:00,73184.5,73191.1,73126.7,73147.3,6.83057681
2026-04-10 19:20:00,73147.4,73162.3,72984.5,73052.8,15.81640765
2026-04-10 19:25:00,73052.8,73054.8,72992.4,72996.6,9.27966799
2026-04-10 19:30:00,72996.6,73021.0,72925.8,73020.9,16.0473393
2026-04-10 19:35:00,73020.9,73021.0,72932.9,72957.6,9.34456254
2026-04-10 19:40:00,72957.6,72965.3,72906.6,72954.8,16.6220315
2026-04-10 19:45:00,72954.8,73018.9,72906.8,73018.5,15.53277058
2026-04-10 19:50:00,73017.2,73127.2,73017.2,73097.7,20.92314931
2026-04-10 19:55:00,73097.7,73264.6,73091.4,73243.0,17.33989379
2026-04-10 20:00:00,73243.0,73275.5,73171.9,73260.0,48.34210931
2026-04-10 20:05:00,73259.9,73276.6,73134.3,73252.1,17.91646269
2026-04-10 20:10:00,73252.1,73258.9,73173.3,73247.1,13.74883516
2026-04-10 20:15:00,73247.0,73286.1,73165.7,73271.0,26.40354405
2026-04-10 20:20:00,73271.0,73271.1,73127.0,73155.5,16.69729122
2026-04-10 20:25:00,73155.6,73260.0,73155.6,73252.6,13.18031256
2026-04-10 20:30:00,73252.6,73444.5,73200.1,73234.7,79.53076665
2026-04-10 20:35:00,73234.8,73287.4,73048.5,73079.5,18.84222745
2026-04-10 20:40:00,73079.6,73263.3,73068.9,73244.4,17.07560321
2026-04-10 20:45:00,73244.4,73270.3,73153.4,73239.2,6.11518097
2026-04-10 20:50:00,73239.2,73285.7,73216.0,73278.5,2.84138885
2026-04-10 20:55:00,73278.5,73426.2,73278.5,73360.8,15.35441096
2026-04-10 21:00:00,73360.8,73360.8,73299.7,73329.6,7.12650381
2026-04-10 21:05:00,73329.5,73329.5,73161.2,73197.8,15.64127939
2026-04-10 21:10:00,73197.9,73197.9,73026.7,73078.6,17.53506987
2026-04-10 21:15:00,73078.5,73095.9,73056.0,73095.1,3.82579395
2026-04-10 21:20:00,73089.8,73179.7,73062.1,73138.4,14.22010284
2026-04-10 21:25:00,73138.4,73138.4,73091.6,73097.7,3.8093795
2026-04-10 21:30:00,73097.5,73097.5,73015.8,73026.7,8.27800676
2026-04-10 21:35:00,73026.7,73102.9,73018.0,73044.9,9.36032779
2026-04-10 21:40:00,73043.9,73088.1,72941.1,73055.4,24.08922083
2026-04-10 21:45:00,73056.9,73138.5,73037.5,73096.9,5.73150457
2026-04-10 21:50:00,73097.0,73184.6,73091.8,73150.8,4.77912763
2026-04-10 21:55:00,73150.8,73210.2,73136.1,73194.7,3.33982451
2026-04-10 22:00:00,73194.7,73215.9,73096.4,73204.0,13.57896439
2026-04-10 22:05:00,73204.0,73249.9,73135.4,73139.1,4.27565486
2026-04-10 22:10:00,73139.1,73178.7,73137.9,73153.6,3.02551972
2026-04-10 22:15:00,73153.5,73203.1,73020.3,73045.3,27.28531155
2026-04-10 22:20:00,73045.3,73066.9,73000.0,73020.3,9.43002849
2026-04-10 22:25:00,73020.3,73060.4,73009.4,73012.9,4.79553429
2026-04-10 22:30:00,73012.9,73023.2,72956.8,72963.2,4.26774574
2026-04-10 22:35:00,72963.3,72986.0,72864.0,72892.4,16.22027275
2026-04-10 22:40:00,72892.4,72892.4,72727.7,72859.7,41.2777205
2026-04-10 22:45:00,72859.8,72879.1,72830.1,72841.7,11.91132757
2026-04-10 22:50:00,72841.8,72896.3,72841.7,72881.9,11.27472473
2026-04-10 22:55:00,72882.0,72900.0,72860.4,72866.3,3.95234303
2026-04-10 23:00:00,72868.5,72869.9,72778.0,72849.2,14.23178372
2026-04-10 23:05:00,72849.2,72897.3,72826.7,72837.4,7.53058053
2026-04-10 23:10:00,72837.5,72889.0,72800.0,72880.4,6.3356932
2026-04-10 23:15:00,72880.4,72880.9,72812.1,72812.2,4.49672197
2026-04-10 23:20:00,72812.1,72936.4,72812.1,72870.2,19.7276519
2026-04-10 23:25:00,72870.2,72923.9,72866.1,72896.2,3.65864872
2026-04-10 23:30:00,72896.1,72904.3,72837.4,72899.6,4.75580718
2026-04-10 23:35:00,72900.9,72931.5,72899.7,72912.8,4.55156643
2026-04-10 23:40:00,72912.8,72933.5,72895.2,72911.4,4.9647027
2026-04-10 23:45:00,72911.5,72954.7,72911.5,72941.1,2.89358353
2026-04-10 23:50:00,72941.2,72946.4,72911.7,72911.7,1.46313952
2026-04-10 23:55:00,72911.7,72970.2,72907.8,72957.4,3.38425368
2026-04-11 00:00:00,72959.1,72970.2,72842.3,72842.3,8.36445211
2026-04-11 00:05:00,72842.3,72880.4,72817.1,72847.7,13.18866824
2026-04-11 00:10:00,72847.8,72884.8,72831.3,72870.1,4.07623865
2026-04-11 00:15:00,72870.2,72883.1,72846.0,72869.8,12.64658281
2026-04-11 00:20:00,72869.8,72908.2,72819.7,72873.2,12.31552039
2026-04-11 00:25:00,72873.2,72915.1,72871.8,72908.1,2.56151649
2026-04-11 00:30:00,72908.2,72908.2,72847.2,72868.9,3.07211948
2026-04-11 00:35:00,72868.1,72932.3,72842.1,72932.3,4.59800723
2026-04-11 00:40:00,72932.3,72940.1,72844.5,72862.7,8.61516443
2026-04-11 00:45:00,72862.8,72862.8,72795.8,72844.5,19.67953895
2026-04-11 00:50:00,72844.6,72845.9,72810.3,72844.1,5.42870688
2026-04-11 00:55:00,72844.0,72844.0,72814.0,72832.6,0.72842652
2026-04-11 01:00:00,72832.6,72840.5,72770.6,72787.2,3.10421162
2026-04-11 01:05:00,72787.1,72853.5,72787.1,72842.3,3.03636053
2026-04-11 01:10:00,72842.3,72842.4,72803.7,72811.9,6.83545367
2026-04-11 01:15:00,72809.3,72821.9,72673.9,72738.3,45.67016003
2026-04-11 01:20:00,72738.3,72756.4,72705.7,72735.1,2.9786735
2026-04-11 01:25:00,72735.0,72842.3,72715.7,72839.2,12.12547144
2026-04-11 01:30:00,72837.5,72942.1,72828.8,72908.5,9.13685158
2026-04-11 01:35:00,72908.4,72908.4,72827.4,72867.7,3.33609166
2026-04-11 01:40:00,72867.7,72885.1,72851.2,72856.8,1.8232172
2026-04-11 01:45:00,72857.3,72989.6,72857.3,72978.7,4.85578261
2026-04-11 01:50:00,72978.5,73000.0,72943.1,72948.8,4.83689664
2026-04-11 01:55:00,72948.8,72959.7,72914.9,72959.7,7.36956865
2026-04-11 02:00:00,72959.7,73008.1,72907.9,72948.7,20.55224109
2026-04-11 02:05:00,72950.1,73005.5,72913.7,72934.2,9.67927358
2026-04-11 02:10:00,72934.2,72988.7,72920.2,72962.8,10.04709926
2026-04-11 02:15:00,72962.7,73045.4,72962.7,73031.0,22.00926433
2026-04-11 02:20:00,73031.0,73031.0,72977.8,72977.9,1.56089059
2026-04-11 02:25:00,72977.8,73019.6,72970.6,72993.2,4.35076103
2026-04-11 02:30:00,72993.3,73099.9,72993.2,73046.5,33.66912326
2026-04-11 02:35:00,73046.4,73049.9,73002.2,73039.4,12.78372405
2026-04-11 02:40:00,73039.3,73050.0,72973.8,72999.8,6.71342046
2026-04-11 02:45:00,72999.8,72999.8,72927.9,72935.5,12.16556687
2026-04-11 02:50:00,72935.5,72960.6,72922.1,72922.3,7.24514226
2026-04-11 02:55:00,72922.3,72969.1,72922.3,72969.1,2.16735507
2026-04-11 03:00:00,72969.2,73000.0,72969.1,72988.3,13.77125423
2026-04-11 03:05:00,72988.2,72998.2,72968.0,72998.1,4.77049179
2026-04-11 03:10:00,72998.1,73077.0,72998.1,73042.5,13.2234729
2026-04-11 03:15:00,73042.5,73050.0,73025.7,73037.3,7.55227264
2026-04-11 03:20:00,73035.8,73053.2,73000.0,73000.0,8.27582896
2026-04-11 03:25:00,73000.0,73031.9,73000.0,73000.1,3.07800159
2026-04-11 03:30:00,73000.1,73012.2,72959.4,72960.4,3.25869262
2026-04-11 03:35:00,72960.4,72969.7,72928.1,72967.7,10.0304181
2026-04-11 03:40:00,72967.7,73023.8,72960.0,72979.3,3.02390539
2026-04-11 03:45:00,72977.0,72988.6,72952.1,72988.4,6.69427385
2026-04-11 03:50:00,72988.4,72988.4,72907.0,72914.0,6.47311308
2026-04-11 03:55:00,72918.3,72918.7,72825.7,72872.4,16.80123938
2026-04-11 04:00:00,72872.5,72892.2,72806.4,72859.3,14.0422977
2026-04-11 04:05:00,72859.2,72950.0,72859.2,72929.8,11.58926972
2026-04-11 04:10:00,72929.8,72939.6,72830.1,72839.8,11.15119298
2026-04-11 04:15:00,72839.9,72856.0,72733.0,72734.9,31.98545594
2026-04-11 04:20:00,72734.9,72762.5,72734.8,72735.0,10.0983821
2026-04-11 04:25:00,72735.0,72754.0,72678.1,72725.9,20.77073114
2026-04-11 04:30:00,72728.0,72829.2,72728.0,72784.5,4.99727285
2026-04-11 04:35:00,72784.5,72809.6,72753.3,72800.5,3.96033558
2026-04-11 04:40:00,72799.7,72806.9,72775.0,72806.9,5.14691736
2026-04-11 04:45:00,72806.8,72814.4,72760.6,72798.3,15.42819736
2026-04-11 04:50:00,72798.3,72835.2,72795.2,72811.6,1.04246225
2026-04-11 04:55:00,72811.7,72811.7,72801.5,72811.6,0.45831774
2026-04-11 05:00:00,72811.7,72831.1,72793.7,72793.7,4.9913752
2026-04-11 05:05:00,72793.7,72810.2,72770.0,72770.0,5.13252056
2026-04-11 05:10:00,72770.0,72770.1,72698.8,72710.5,5.22003056
2026-04-11 05:15:00,72710.6,72762.9,72678.0,72701.0,17.50354728
2026-04-11 05:20:00,72701.0,72786.5,72700.9,72769.3,6.40981201
2026-04-11 05:25:00,72769.3,72814.0,72766.0,72814.0,3.85637945
2026-04-11 05:30:00,72814.0,72843.1,72806.0,72806.1,3.53198655
2026-04-11 05:35:00,72806.0,72830.0,72806.0,72826.4,3.77042692
2026-04-11 05:40:00,72826.4,72830.0,72797.2,72797.2,10.14935471
2026-04-11 05:45:00,72795.3,72802.6,72765.5,72787.7,1.70931866
2026-04-11 05:50:00,72787.7,72787.8,72751.9,72779.0,4.31883943
2026-04-11 05:55:00,72779.1,72779.1,72702.2,72725.8,7.19543654
2026-04-11 06:00:00,72723.2,72723.2,72617.9,72688.5,11.89022027
2026-04-11 06:05:00,72688.5,72713.4,72641.1,72661.6,5.92731545
2026-04-11 06:10:00,72661.6,72715.4,72658.6,72678.1,5.60704567
2026-04-11 06:15:00,72678.0,72728.1,72678.0,72708.1,11.31885694
2026-04-11 06:20:00,72708.0,72738.5,72688.0,72688.1,8.33030264
2026-04-11 06:25:00,72688.1,72709.1,72639.7,72698.5,9.82344245
2026-04-11 06:30:00,72698.6,72730.2,72694.5,72694.5,3.8497291
2026-04-11 06:35:00,72694.5,72759.7,72694.5,72736.4,2.7873609
2026-04-11 06:40:00,72736.3,72739.2,72722.4,72734.0,0.82791245
2026-04-11 06:45:00,72734.0,72740.1,72716.4,72740.0,3.67021704
2026-04-11 06:50:00,72740.1,72776.3,72740.0,72775.2,2.50054892
2026-04-11 06:55:00,72775.3,72781.8,72759.2,72771.9,10.67841205
2026-04-11 07:00:00,72771.9,72781.2,72747.0,72781.1,5.98869344
2026-04-11 07:05:00,72779.4,72779.5,72759.0,72759.1,1.60090476
2026-04-11 07:10:00,72759.0,72768.7,72750.0,72752.3,4.75397638
2026-04-11 07:15:00,72752.2,72788.5,72752.2,72759.5,3.04964708
2026-04-11 07:20:00,72759.0,72830.0,72759.0,72829.9,6.11583653
2026-04-11 07:25:00,72829.9,72829.9,72798.2,72805.3,30.28893455
2026-04-11 07:30:00,72805.2,72821.3,72774.3,72821.3,24.91486132
2026-04-11 07:35:00,72819.5,72819.5,72757.1,72800.0,25.11131275
2026-04-11 07:40:00,72800.0,72805.0,72730.2,72730.2,22.27206634
2026-04-11 07:45:00,72730.2,72730.2,72686.5,72693.1,22.7227455
2026-04-11 07:50:00,72693.1,72709.4,72661.3,72689.5,29.33856914
2026-04-11 07:55:00,72689.5,72745.0,72689.5,72745.0,20.55277045
2026-04-11 08:00:00,72745.0,72747.5,72714.0,72722.7,4.90370728
2026-04-11 08:05:00,72722.8,72747.5,72716.7,72747.4,6.77560856
2026-04-11 08:10:00,72747.5,72794.4,72747.4,72775.2,13.97876247
2026-04-11 08:15:00,72775.1,72775.4,72761.1,72766.7,4.14215961
2026-04-11 08:20:00,72766.7,72808.2,72747.6,72751.2,6.43760788
2026-04-11 08:25:00,72751.1,72760.4,72747.4,72747.4,0.87158741
2026-04-11 08:30:00,72747.5,72764.8,72730.0,72730.1,2.51844618
2026-04-11 08:35:00,72730.1,72736.5,72694.3,72735.9,3.81851328
2026-04-11 08:40:00,72735.8,72753.5,72715.9,72743.6,3.32393688
2026-04-11 08:45:00,72743.7,72753.8,72727.0,72727.1,2.40873407
2026-04-11 08:50:00,72727.0,72727.1,72637.3,72680.5,27.69929556
2026-04-11 08:55:00,72680.5,72697.8,72665.7,72665.7,3.36687461
2026-04-11 09:00:00,72665.7,72687.6,72661.2,72675.0,3.47277969
2026-04-11 09:05:00,72674.9,72674.9,72625.1,72647.4,7.19574134
2026-04-11 09:10:00,72647.3,72681.3,72638.5,72681.2,5.31308147
2026-04-11 09:15:00,72681.3,72849.9,72681.3,72804.2,28.36977543
2026-04-11 09:20:00,72806.0,72899.0,72800.2,72857.1,19.70109912
2026-04-11 09:25:00,72857.0,72896.5,72856.1,72866.7,6.39100208
2026-04-11 09:30:00,72866.7,72866.7,72762.4,72768.9,2.40032434
2026-04-11 09:35:00,72766.3,72854.7,72765.1,72851.3,12.24918884
2026-04-11 09:40:00,72851.2,72861.7,72832.4,72832.4,6.23174603
2026-04-11 09:45:00,72832.5,72865.2,72832.4,72837.3,1.22547574
2026-04-11 09:50:00,72837.3,72855.7,72835.9,72855.6,2.69229237
2026-04-11 09:55:00,72855.6,72915.3,72855.6,72908.4,14.06190905
2026-04-11 10:00:00,72908.5,72917.1,72864.9,72884.1,2.88320754
2026-04-11 10:05:00,72884.0,72909.2,72858.4,72898.1,4.91878332
2026-04-11 10:10:00,72898.1,72898.1,72788.7,72820.2,10.48311739
2026-04-11 10:15:00,72820.2,72824.1,72771.5,72811.9,3.97728467
2026-04-11 10:20:00,72811.9,72853.3,72811.9,72853.3,1.28213116
2026-04-11 10:25:00,72853.4,72886.6,72844.2,72874.0,1.48226902
2026-04-11 10:30:00,72874.0,72874.0,72863.6,72869.6,1.82543145
2026-04-11 10:35:00,72868.5,72868.5,72811.1,72818.2,3.94565719
2026-04-11 10:40:00,72818.2,72818.3,72779.7,72792.1,53.26890009
2026-04-11 10:45:00,72792.0,72794.9,72780.1,72794.0,13.73019132
2026-04-11 10:50:00,72794.0,72837.9,72794.0,72837.8,6.26558716
2026-04-11 10:55:00,72837.9,72856.7,72827.6,72851.3,13.50361689
2026-04-11 11:00:00,72851.4,72862.3,72835.8,72853.6,12.24837714
2026-04-11 11:05:00,72855.2,72899.8,72851.3,72888.1,5.1412041
2026-04-11 11:10:00,72888.0,72889.4,72869.7,72877.1,3.73260759
2026-04-11 11:15:00,72877.1,72887.0,72835.9,72853.7,8.11483716
2026-04-11 11:20:00,72853.7,72879.3,72853.6,72873.6,5.61710367
2026-04-11 11:25:00,72873.5,72878.7,72839.3,72839.8,10.73422297
2026-04-11 11:30:00,72839.8,72850.0,72835.2,72849.9,15.34782427
2026-04-11 11:35:00,72850.0,72879.2,72849.9,72858.1,11.29051594
2026-04-11 11:40:00,72858.1,72876.1,72839.8,72864.4,9.66942441
2026-04-11 11:45:00,72864.4,72880.1,72846.2,72858.7,5.06681679
2026-04-11 11:50:00,72858.8,72918.0,72858.8,72918.0,6.75656086
2026-04-11 11:55:00,72917.9,72919.0,72893.9,72919.0,5.67369619
2026-04-11 12:00:00,72919.0,72937.5,72905.5,72930.7,9.43137062
2026-04-11 12:05:00,72930.6,72950.0,72919.0,72919.1,3.42271658
2026-04-11 12:10:00,72919.0,72923.9,72890.1,72923.8,1.53037889
2026-04-11 12:15:00,72923.9,72950.0,72899.8,72899.8,2.3621419
2026-04-11 12:20:00,72899.8,72900.1,72826.2,72826.2,9.38919763
2026-04-11 12:25:00,72826.3,72877.3,72826.2,72870.6,2.77293189
2026-04-11 12:30:00,72870.7,72906.2,72855.3,72906.2,1.7052131
2026-04-11 12:35:00,72906.2,72925.2,72885.7,72885.7,3.59955174
2026-04-11 12:40:00,72885.7,72969.9,72885.6,72963.2,10.39977429
2026-04-11 12:45:00,72963.7,72990.4,72947.6,72957.9,7.66266765
2026-04-11 12:50:00,72957.9,72979.9,72927.7,72927.8,5.69282105
2026-04-11 12:55:00,72928.7,72943.3,72915.7,72935.4,14.23437302
2026-04-11 13:00:00,72938.6,72938.6,72775.2,72810.5,15.34038755
2026-04-11 13:05:00,72809.5,72837.8,72751.0,72758.3,17.48348359
2026-04-11 13:10:00,72758.3,72758.3,72527.8,72610.1,87.27943532
2026-04-11 13:15:00,72610.1,72787.0,72610.0,72765.9,6.02490621
2026-04-11 13:20:00,72769.8,72770.6,72669.8,72669.8,15.10544301
2026-04-11 13:25:00,72669.2,72748.1,72616.0,72616.1,15.66031284
2026-04-11 13:30:00,72616.1,72660.6,72589.1,72607.1,15.63556505
2026-04-11 13:35:00,72610.8,72649.9,72604.0,72641.7,7.15824413
2026-04-11 13:40:00,72641.7,72721.1,72634.1,72673.2,5.94650339
2026-04-11 13:45:00,72673.2,72704.1,72642.3,72702.3,8.43010077
2026-04-11 13:50:00,72702.3,72715.1,72657.7,72674.3,4.06916917
2026-04-11 13:55:00,72674.2,72705.2,72662.6,72662.6,6.55517425
2026-04-11 14:00:00,72662.9,72700.0,72621.0,72672.8,3.77933818
2026-04-11 14:05:00,72670.4,72726.0,72650.0,72724.2,6.55557908
2026-04-11 14:10:00,72724.3,72733.5,72704.1,72709.5,2.62011042
2026-04-11 14:15:00,72707.1,72743.7,72701.7,72730.6,11.73683837
2026-04-11 14:20:00,72730.6,72772.4,72717.9,72744.9,9.64955231
2026-04-11 14:25:00,72745.0,72746.2,72709.7,72714.6,5.24088478
2026-04-11 14:30:00,72714.5,72716.3,72670.4,72708.8,5.01070032
2026-04-11 14:35:00,72708.9,72726.0,72639.0,72639.2,7.64174005
2026-04-11 14:40:00,72639.0,72654.7,72614.6,72654.7,6.56385348
2026-04-11 14:45:00,72654.6,72676.6,72644.1,72644.2,5.09450476
2026-04-11 14:50:00,72644.1,72740.0,72644.1,72721.3,1.80354409
2026-04-11 14:55:00,72723.9,72740.0,72707.8,72707.8,1.049922
2026-04-11 15:00:00,72709.1,72740.0,72681.9,72724.5,2.29191523
2026-04-11 15:05:00,72724.8,72724.9,72693.4,72693.5,1.7086839
2026-04-11 15:10:00,72693.4,72715.8,72693.4,72708.0,1.00648871
2026-04-11 15:15:00,72708.3,72904.2,72691.0,72795.1,50.99772686
2026-04-11 15:20:00,72802.5,72804.5,72750.3,72771.2,17.794956
2026-04-11 15:25:00,72771.2,72799.2,72707.2,72749.5,17.52063604
2026-04-11 15:30:00,72749.5,72813.2,72749.5,72782.7,4.59862918
2026-04-11 15:35:00,72784.3,72794.8,72765.1,72794.4,4.34412574
2026-04-11 15:40:00,72790.3,72790.4,72764.8,72772.9,18.51394532
2026-04-11 15:45:00,72773.4,72846.6,72760.3,72760.3,9.04800051
2026-04-11 15:50:00,72760.3,72843.9,72749.5,72831.3,4.9089737
2026-04-11 15:55:00,72831.3,72875.0,72827.4,72863.0,11.27747337
2026-04-11 16:00:00,72863.0,72874.9,72823.1,72873.2,2.79967895
2026-04-11 16:05:00,72874.9,72879.0,72829.2,72851.9,1.62210073
2026-04-11 16:10:00,72851.9,72905.0,72851.3,72885.8,38.67716181
2026-04-11 16:15:00,72885.9,72932.8,72865.9,72915.3,20.48942854
2026-04-11 16:20:00,72915.2,72922.0,72861.6,72861.6,11.34966839
2026-04-11 16:25:00,72861.6,72900.9,72861.6,72885.5,3.37699057
2026-04-11 16:30:00,72885.6,72921.9,72871.7,72871.8,6.14699077
2026-04-11 16:35:00,72871.7,72964.9,72857.4,72931.9,9.48784416
2026-04-11 16:40:00,72932.0,73228.0,72932.0,73123.7,95.31805335
2026-04-11 16:45:00,73123.6,73216.1,73070.9,73168.4,15.63497396
2026-04-11 16:50:00,73168.3,73213.5,73080.1,73085.7,7.27074164
2026-04-11 16:55:00,73085.6,73119.6,73040.3,73043.1,5.31744686
2026-04-11 17:00:00,73043.2,73078.9,73003.8,73040.7,7.72019623
2026-04-11 17:05:00,73039.6,73039.7,73004.2,73015.8,6.55719382
2026-04-11 17:10:00,73013.1,73051.4,73003.1,73011.7,3.78225217
2026-04-11 17:15:00,73009.8,73009.8,72954.2,72990.2,7.88087809
2026-04-11 17:20:00,72990.3,73119.3,72978.6,73110.9,5.8702992
2026-04-11 17:25:00,73108.1,73108.1,73055.2,73087.9,5.38065647
2026-04-11 17:30:00,73088.0,73171.6,73088.0,73166.3,9.22107109
2026-04-11 17:35:00,73166.3,73179.6,73116.0,73137.6,7.68297732
2026-04-11 17:40:00,73137.7,73170.1,73129.3,73164.8,8.27219545
2026-04-11 17:45:00,73164.9,73179.0,73091.4,73105.5,5.58351914
2026-04-11 17:50:00,73105.6,73128.9,73089.3,73089.3,2.76120352
2026-04-11 17:55:00,73087.5,73107.5,73069.9,73102.4,5.32534107
2026-04-11 18:00:00,73102.4,73112.9,73040.6,73049.7,3.36105314
2026-04-11 18:05:00,73048.1,73104.4,73047.0,73104.3,2.35967585
2026-04-11 18:10:00,73104.4,73120.3,73063.4,73120.3,5.38242051
2026-04-11 18:15:00,73120.4,73189.0,73120.3,73186.1,6.97171705
2026-04-11 18:20:00,73186.9,73264.1,73186.9,73203.6,16.97658402
2026-04-11 18:25:00,73203.5,73244.1,73194.8,73200.7,4.29244379
2026-04-11 18:30:00,73200.8,73341.4,73198.2,73296.9,23.26177732
2026-04-11 18:35:00,73296.9,73750.0,73296.9,73597.6,168.88471486
2026-04-11 18:40:00,73597.7,73620.1,73446.8,73467.6,24.09491031
2026-04-11 18:45:00,73475.6,73643.0,73441.9,73559.6,14.26876717
2026-04-11 18:50:00,73556.6,73571.4,73509.6,73520.0,7.20935279
2026-04-11 18:55:00,73520.1,73561.2,73500.0,73561.2,17.10168348
2026-04-11 19:00:00,73561.3,73629.6,73490.4,73542.3,13.79149403
2026-04-11 19:05:00,73544.7,73805.8,73544.7,73713.2,50.07474926
2026-04-11 19:10:00,73713.4,73725.6,73562.2,73576.5,12.11068851
2026-04-11 19:15:00,73576.5,73666.0,73483.5,73543.7,23.52343783
2026-04-11 19:20:00,73542.8,73542.8,73465.7,73531.0,5.54833804
2026-04-11 19:25:00,73531.0,73666.0,73531.0,73626.2,11.09291191
2026-04-11 19:30:00,73627.9,73807.2,73627.9,73706.2,54.37793923
2026-04-11 19:35:00,73707.4,73717.7,73638.4,73671.7,6.25054937
2026-04-11 19:40:00,73671.8,73700.0,73659.8,73699.9,8.02134285
2026-04-11 19:45:00,73699.9,73700.0,73628.9,73656.8,3.90911988
2026-04-11 19:50:00,73656.9,73667.1,73613.0,73661.0,9.25809093
2026-04-11 19:55:00,73661.9,73693.2,73650.0,73691.2,4.3174042
2026-04-11 20:00:00,73691.3,73700.0,73535.2,73543.7,8.29290831
2026-04-11 20:05:00,73543.0,73612.6,73525.1,73579.6,7.92737428
2026-04-11 20:10:00,73576.7,73576.7,73500.0,73500.0,9.1819725
2026-04-11 20:15:00,73500.0,73528.7,73463.7,73465.6,12.99406267
2026-04-11 20:20:00,73465.1,73465.1,73420.0,73423.2,13.94603978
2026-04-11 20:25:00,73423.3,73465.1,73420.0,73425.4,6.51821592
2026-04-11 20:30:00,73425.4,73425.4,73250.0,73260.2,27.5074714
2026-04-11 20:35:00,73260.1,73373.4,73232.7,73315.2,7.68535591
2026-04-11 20:40:00,73315.1,73373.6,73304.9,73364.0,6.82646469
2026-04-11 20:45:00,73363.8,73422.3,73333.3,73418.0,8.47767193
2026-04-11 20:50:00,73417.9,73449.2,73369.3,73385.3,4.27280333
2026-04-11 20:55:00,73384.1,73384.1,73294.3,73294.3,3.83853961
2026-04-11 21:00:00,73294.4,73353.2,73207.0,73299.7,5.5106137
2026-04-11 21:05:00,73299.6,73412.6,73299.6,73412.6,4.59584345
2026-04-11 21:10:00,73412.5,73442.6,73380.9,73424.2,18.00378748
2026-04-11 21:15:00,73423.0,73450.0,73398.0,73404.5,8.852185
2026-04-11 21:20:00,73404.5,73421.6,73333.7,73349.7,13.73670162
2026-04-11 21:25:00,73349.6,73377.2,73319.1,73349.3,3.3016024
2026-04-11 21:30:00,73349.3,73446.2,73321.4,73418.7,4.039337
2026-04-11 21:35:00,73418.8,73472.4,73397.0,73430.1,3.11121797
2026-04-11 21:40:00,73430.2,73483.1,73414.1,73451.9,5.26926386
2026-04-11 21:45:00,73451.9,73510.3,73419.1,73421.2,24.7216617
2026-04-11 21:50:00,73421.1,73550.8,73421.1,73502.9,10.68127655
2026-04-11 21:55:00,73502.9,73503.0,73412.9,73432.5,27.30480504
2026-04-11 22:00:00,73432.4,73487.4,73375.1,73487.4,5.61894117
2026-04-11 22:05:00,73487.7,73549.9,73487.7,73538.6,6.20163523
2026-04-11 22:10:00,73538.6,73550.8,73492.6,73506.3,5.930322
2026-04-11 22:15:00,73506.3,73570.3,73474.2,73506.8,6.80681288
2026-04-11 22:20:00,73506.8,73506.8,73432.7,73460.2,1.85787113
2026-04-11 22:25:00,73460.2,73497.8,73410.0,73453.3,9.75761246
2026-04-11 22:30:00,73453.2,73467.4,73288.4,73322.2,32.71503508
2026-04-11 22:35:00,73322.3,73365.7,73242.8,73297.3,7.91830952
2026-04-11 22:40:00,73294.3,73375.0,73273.1,73338.0,4.77937163
2026-04-11 22:45:00,73338.1,73361.6,73313.5,73355.9,7.91918042
2026-04-11 22:50:00,73356.0,73356.0,73265.9,73273.0,5.7408829
2026-04-11 22:55:00,73274.9,73398.2,73270.2,73379.7,9.11870095
2026-04-11 23:00:00,73379.7,73379.7,73102.5,73117.6,24.21750465
2026-04-11 23:05:00,73117.6,73125.4,72958.2,73001.6,26.60320566
2026-04-11 23:10:00,72993.6,73055.5,72914.3,73055.5,7.2183721
2026-04-11 23:15:00,73055.6,73132.8,73033.7,73128.9,7.42715366
2026-04-11 23:20:00,73128.8,73214.2,73126.1,73200.6,4.28878133
2026-04-11 23:25:00,73205.5,73218.2,73136.9,73136.9,5.23620118
2026-04-11 23:30:00,73134.7,73139.6,73085.2,73120.7,3.34266168
2026-04-11 23:35:00,73120.8,73186.7,73097.7,73139.9,8.31034262
2026-04-11 23:40:00,73141.2,73141.2,73073.2,73073.2,1.69258139
2026-04-11 23:45:00,73076.8,73123.0,73068.1,73074.9,4.03505825
2026-04-11 23:50:00,73074.8,73074.9,73013.0,73017.5,3.51823224
2026-04-11 23:55:00,73015.0,73067.2,73012.0,73054.3,8.11009098
2026-04-12 00:00:00,73054.3,73054.3,72875.0,72900.7,19.62286908
2026-04-12 00:05:00,72900.8,73037.7,72900.8,73010.6,28.93624015
2026-04-12 00:10:00,73007.9,73086.1,72967.6,73007.8,9.86495587
2026-04-12 00:15:00,73007.8,73007.8,72946.3,72983.2,8.65851283
2026-04-12 00:20:00,72983.2,73116.0,72983.2,73088.1,12.92688602
2026-04-12 00:25:00,73088.0,73088.2,73050.7,73083.4,2.48853905
2026-04-12 00:30:00,73083.3,73095.7,73050.1,73087.4,3.99617338
2026-04-12 00:35:00,73087.3,73122.2,73029.1,73029.2,7.01720968
2026-04-12 00:40:00,73029.1,73053.1,72990.8,73026.2,6.10287081
2026-04-12 00:45:00,73027.8,73057.8,73013.3,73020.8,8.31872742
2026-04-12 00:50:00,73020.8,73095.8,73019.6,73050.9,2.60455155
2026-04-12 00:55:00,73050.9,73090.5,73020.9,73090.5,2.62825437
2026-04-12 01:00:00,73090.5,73138.2,73048.5,73048.5,5.3566869
2026-04-12 01:05:00,73048.6,73085.0,72986.6,73083.1,6.8611967
2026-04-12 01:10:00,73073.1,73129.9,73045.8,73085.4,9.40483006
2026-04-12 01:15:00,73085.4,73093.6,73012.8,73068.6,2.88670431
2026-04-12 01:20:00,73070.7,73073.4,73041.1,73050.0,28.55024111
2026-04-12 01:25:00,73050.0,73066.3,72988.0,73017.4,45.55250356
2026-04-12 01:30:00,73017.5,73017.5,72614.0,72614.0,49.04697466
2026-04-12 01:35:00,72614.0,72616.8,71971.3,72239.7,189.82470905
2026-04-12 01:40:00,72236.0,72246.0,71557.2,71730.6,147.64650047
2026-04-12 01:45:00,71730.6,71730.6,71353.1,71410.1,149.72658103
2026-04-12 01:50:00,71408.8,71683.2,71313.1,71683.2,91.22801763
2026-04-12 01:55:00,71683.2,71684.2,71505.2,71648.5,60.23761502
2026-04-12 02:00:00,71648.5,71766.3,71429.1,71429.1,65.05929241
2026-04-12 02:05:00,71431.8,71621.2,71350.1,71616.0,26.8008068
2026-04-12 02:10:00,71616.1,71859.5,71591.0,71781.1,64.94908286
2026-04-12 02:15:00,71781.1,71982.4,71770.1,71848.9,64.77086212
2026-04-12 02:20:00,71848.9,71902.3,71711.2,71762.5,38.86967019
2026-04-12 02:25:00,71762.1,71828.1,71686.8,71778.4,22.79263659
2026-04-12 02:30:00,71778.3,71907.1,71775.3,71897.8,25.9718048
2026-04-12 02:35:00,71897.8,71918.0,71837.8,71837.8,13.71836681
2026-04-12 02:40:00,71837.8,71936.2,71817.5,71888.8,6.84413784
2026-04-12 02:45:00,71888.8,71903.0,71800.1,71821.0,16.75692434
2026-04-12 02:50:00,71822.0,71862.5,71780.2,71786.4,11.9896492
2026-04-12 02:55:00,71785.9,71823.0,71759.8,71761.7,11.30723791
2026-04-12 03:00:00,71761.7,71871.0,71741.5,71834.4,15.48981637
2026-04-12 03:05:00,71834.4,71860.5,71727.3,71735.9,7.31600869
2026-04-12 03:10:00,71735.9,71804.0,71636.0,71744.0,20.05741955
2026-04-12 03:15:00,71743.2,71784.3,71673.0,71673.0,19.7221015
2026-04-12 03:20:00,71673.0,71694.0,71626.1,71639.6,6.09754605
2026-04-12 03:25:00,71636.7,71752.5,71635.2,71729.1,16.8251685
2026-04-12 03:30:00,71729.2,71751.6,71601.1,71666.9,36.70992795
2026-04-12 03:35:00,71667.0,71712.5,71613.1,71669.7,82.15005693
2026-04-12 03:40:00,71669.6,71716.0,71658.3,71670.9,76.57468798
2026-04-12 03:45:00,71671.0,71692.0,71622.1,71652.8,20.22851599
2026-04-12 03:50:00,71652.9,71719.4,71652.8,71659.1,36.0108783
2026-04-12 03:55:00,71658.0,71658.0,71596.6,71596.8,9.37663573
2026-04-12 04:00:00,71596.8,71663.0,71587.8,71633.4,33.28519534
2026-04-12 04:05:00,71633.5,71681.7,71566.3,71576.8,11.10238966
2026-04-12 04:10:00,71576.8,71596.5,71523.0,71596.5,7.18005968
2026-04-12 04:15:00,71598.4,71645.7,71493.0,71517.5,34.17884258
2026-04-12 04:20:00,71513.9,71586.1,71513.9,71535.7,22.20729921
2026-04-12 04:25:00,71535.7,71574.0,71521.1,71524.4,10.32151416
2026-04-12 04:30:00,71524.4,71562.7,71497.0,71562.7,7.5181743
2026-04-12 04:35:00,71563.0,71563.0,71528.1,71555.1,8.69569326
2026-04-12 04:40:00,71555.2,71592.6,71551.4,71561.4,8.63691827
2026-04-12 04:45:00,71561.4,71566.3,71509.1,71564.6,12.19271187
2026-04-12 04:50:00,71564.6,71579.4,71446.1,71489.4,47.95818249
2026-04-12 04:55:00,71489.4,71498.9,71451.4,71470.5,6.0701999
2026-04-12 05:00:00,71470.5,71533.0,71419.4,71501.2,16.54253958
2026-04-12 05:05:00,71501.3,71582.8,71486.1,71570.7,17.66505862
2026-04-12 05:10:00,71571.3,71571.3,71510.5,71512.2,4.55427495
2026-04-12 05:15:00,71512.3,71552.3,71492.0,71527.4,4.70305455
2026-04-12 05:20:00,71527.4,71657.7,71527.4,71650.8,19.00403637
2026-04-12 05:25:00,71650.8,71677.7,71630.9,71672.5,4.40876031
2026-04-12 05:30:00,71672.5,71728.4,71655.7,71656.5,59.99203999
2026-04-12 05:35:00,71656.5,71664.8,71619.5,71664.8,8.15408391
2026-04-12 05:40:00,71664.8,71665.5,71647.3,71652.7,4.00715163
2026-04-12 05:45:00,71652.7,71759.1,71650.0,71759.0,48.73629214
2026-04-12 05:50:00,71759.0,71789.9,71667.0,71692.0,293.69900293
2026-04-12 05:55:00,71692.0,71742.7,71685.0,71702.8,36.45780686
2026-04-12 06:00:00,71702.9,71722.3,71688.2,71709.9,5.50688191
2026-04-12 06:05:00,71713.8,71722.3,71693.9,71709.6,4.16873465
2026-04-12 06:10:00,71709.7,71758.8,71683.4,71742.7,30.01820299
2026-04-12 06:15:00,71742.6,71742.6,71672.0,71694.1,8.5050354
2026-04-12 06:20:00,71694.1,71710.7,71644.4,71710.7,9.68236382
2026-04-12 06:25:00,71710.8,71758.4,71678.8,71709.9,23.99627952
2026-04-12 06:30:00,71709.9,71709.9,71650.3,71655.1,3.56137957
2026-04-12 06:35:00,71655.1,71675.7,71650.0,71657.0,3.29586182
2026-04-12 06:40:00,71656.9,71668.2,71650.0,71659.9,4.76658765
2026-04-12 06:45:00,71659.8,71664.7,71635.4,71655.9,1.95913782
2026-04-12 06:50:00,71655.9,71687.9,71653.6,71659.5,4.0495119
2026-04-12 06:55:00,71659.5,71663.8,71637.5,71651.1,5.97786331
2026-04-12 07:00:00,71651.1,71651.1,71596.8,71596.9,7.46678758
2026-04-12 07:05:00,71598.7,71632.9,71581.1,71632.8,4.94695456
2026-04-12 07:10:00,71632.9,71679.3,71623.6,71623.7,4.37738135
2026-04-12 07:15:00,71623.7,71630.0,71611.0,71629.0,1.94742475
2026-04-12 07:20:00,71629.0,71650.8,71614.9,71614.9,4.75015362
2026-04-12 07:25:00,71615.0,71625.7,71600.0,71625.7,1.68358561
2026-04-12 07:30:00,71625.7,71650.9,71621.6,71650.1,15.72927161
2026-04-12 07:35:00,71650.1,71733.5,71650.0,71722.7,21.45344037
2026-04-12 07:40:00,71722.7,71754.5,71709.5,71750.4,20.37758652
2026-04-12 07:45:00,71750.4,71760.8,71688.5,71700.9,31.5113901
2026-04-12 07:50:00,71701.0,71751.6,71691.9,71742.5,29.02423248
2026-04-12 07:55:00,71742.5,71742.5,71671.0,71671.1,26.6068281
2026-04-12 08:00:00,71671.1,71708.8,71650.0,71656.0,26.04067081
2026-04-12 08:05:00,71655.9,71695.1,71650.0,71663.7,1.91125474
2026-04-12 08:10:00,71658.4,71668.9,71639.5,71649.5,6.72631475
2026-04-12 08:15:00,71649.6,71694.5,71639.6,71639.6,8.59180854
2026-04-12 08:20:00,71639.6,71722.2,71639.6,71719.2,73.51230739
2026-04-12 08:25:00,71719.1,71730.0,71698.4,71709.3,50.37154428
2026-04-12 08:30:00,71709.2,71726.5,71696.5,71700.1,2.25504044
2026-04-12 08:35:00,71700.0,71760.8,71685.0,71754.0,33.58453872
2026-04-12 08:40:00,71754.0,71796.1,71744.6,71744.6,144.87002389
2026-04-12 08:45:00,71744.7,71744.7,71608.7,71615.2,188.4230141
2026-04-12 08:50:00,71615.2,71624.1,71588.1,71604.1,4.77373408
2026-04-12 08:55:00,71604.0,71638.8,71604.0,71626.1,3.089356
2026-04-12 09:00:00,71626.0,71629.2,71521.0,71554.5,89.2019529
2026-04-12 09:05:00,71554.5,71579.7,71539.5,71565.8,21.95735901
2026-04-12 09:10:00,71565.8,71594.8,71555.3,71594.7,5.04190965
2026-04-12 09:15:00,71594.7,71609.2,71586.6,71601.6,4.18524509
2026-04-12 09:20:00,71601.5,71616.9,71585.6,71616.8,1.58988253
2026-04-12 09:25:00,71618.0,71625.6,71590.2,71590.2,5.9629833
2026-04-12 09:30:00,71590.2,71632.6,71590.2,71632.6,2.63943277
2026-04-12 09:35:00,71632.8,71632.9,71592.3,71629.0,2.71027105
2026-04-12 09:40:00,71628.9,71633.9,71561.9,71577.4,4.56237981
2026-04-12 09:45:00,71577.4,71585.9,71512.6,71533.3,9.52782158
2026-04-12 09:50:00,71533.4,71550.9,71533.3,71546.1,5.18473575
2026-04-12 09:55:00,71546.0,71552.8,71524.3,71534.7,4.82498311
2026-04-12 10:00:00,71534.8,71539.8,71510.0,71535.7,1.32137786
2026-04-12 10:05:00,71535.6,71684.5,71535.6,71681.6,13.39760718
2026-04-12 10:10:00,71681.6,71681.6,71619.7,71624.8,1.55233808
2026-04-12 10:15:00,71624.9,71658.0,71624.9,71640.9,1.62912725
2026-04-12 10:20:00,71640.8,71655.6,71640.0,71652.5,4.02107778
2026-04-12 10:25:00,71654.0,71654.0,71603.6,71603.6,17.2375737
2026-04-12 10:30:00,71603.5,71609.8,71587.1,71589.5,5.15189807
2026-04-12 10:35:00,71589.6,71589.6,71535.7,71535.8,4.59540339
2026-04-12 10:40:00,71535.7,71540.1,71509.5,71521.5,4.64349624
2026-04-12 10:45:00,71521.5,71521.7,71488.1,71493.4,7.39202823
2026-04-12 10:50:00,71493.5,71519.0,71360.2,71383.0,20.19491338
2026-04-12 10:55:00,71383.0,71458.1,71355.1,71451.4,22.14625801
2026-04-12 11:00:00,71451.5,71499.5,71431.0,71437.7,7.14397834
2026-04-12 11:05:00,71435.3,71478.1,71426.4,71433.0,5.43192466
2026-04-12 11:10:00,71434.5,71538.1,71423.8,71513.0,5.26825538
2026-04-12 11:15:00,71511.0,71522.5,71494.2,71514.2,1.90446342
2026-04-12 11:20:00,71514.3,71537.5,71478.2,71478.3,3.52739091
2026-04-12 11:25:00,71478.3,71518.3,71478.3,71518.0,4.73984559
2026-04-12 11:30:00,71518.0,71526.0,71416.5,71417.0,8.03270917
2026-04-12 11:35:00,71417.0,71441.3,71414.1,71436.7,1.95888208
2026-04-12 11:40:00,71436.7,71489.4,71436.7,71446.9,4.18558686
2026-04-12 11:45:00,71446.9,71464.7,71430.9,71443.1,2.220915
2026-04-12 11:50:00,71443.2,71477.2,71443.2,71477.1,1.58886204
2026-04-12 11:55:00,71477.2,71477.2,71471.3,71471.3,0.89990978
2026-04-12 12:00:00,71471.3,71471.3,71376.8,71394.0,19.43465517
2026-04-12 12:05:00,71393.9,71395.6,71368.7,71368.8,8.31312958
2026-04-12 12:10:00,71368.9,71417.7,71340.0,71401.0,26.7751629
2026-04-12 12:15:00,71401.0,71432.1,71382.0,71432.1,4.08414213
2026-04-12 12:20:00,71432.2,71449.9,71401.0,71416.8,2.23287493
2026-04-12 12:25:00,71416.8,71431.2,71406.2,71411.0,6.56820916
2026-04-12 12:30:00,71411.0,71422.1,71338.3,71354.5,10.49855774
2026-04-12 12:35:00,71354.5,71488.8,71354.5,71476.7,8.05326102
2026-04-12 12:40:00,71476.7,71499.0,71465.6,71485.4,3.14483004
2026-04-12 12:45:00,71485.4,71488.7,71409.7,71421.3,2.15367492
2026-04-12 12:50:00,71421.3,71429.8,71087.7,71157.4,115.2352554
2026-04-12 12:55:00,71157.4,71219.8,71071.4,71081.0,41.61656125
2026-04-12 13:00:00,71080.9,71127.5,70800.0,71010.5,382.85487747
2026-04-12 13:05:00,71008.2,71138.2,70993.1,71119.3,55.30346873
2026-04-12 13:10:00,71119.2,71129.7,70989.2,70989.5,33.19775261
2026-04-12 13:15:00,70989.4,71098.3,70989.4,71050.7,23.57533678
2026-04-12 13:20:00,71051.9,71102.8,71030.0,71099.4,3.76496787
2026-04-12 13:25:00,71099.5,71110.8,71050.0,71050.0,6.9177264
2026-04-12 13:30:00,71050.1,71068.9,70962.0,71066.5,8.80616343
2026-04-12 13:35:00,71066.5,71092.5,70956.5,70964.4,5.7243468
2026-04-12 13:40:00,70964.4,70994.0,70935.8,70979.9,7.54825398
2026-04-12 13:45:00,70980.0,70991.2,70882.9,70991.1,18.17225853
2026-04-12 13:50:00,70985.5,71006.6,70887.8,70906.0,13.67158412
2026-04-12 13:55:00,70906.0,70958.2,70863.3,70884.9,19.32101983
2026-04-12 14:00:00,70884.9,70956.5,70861.1,70931.7,18.45819312
2026-04-12 14:05:00,70931.7,71005.2,70930.5,70997.3,9.58460228
2026-04-12 14:10:00,70997.3,71021.3,70960.0,70984.3,7.26700745
2026-04-12 14:15:00,70984.4,71064.6,70984.4,71028.5,7.6515382
2026-04-12 14:20:00,71028.4,71092.7,70987.2,71076.1,13.78379468
2026-04-12 14:25:00,71076.1,71091.8,71030.7,71072.7,4.49095211
2026-04-12 14:30:00,71073.0,71089.0,71000.0,71037.8,24.59079243
2026-04-12 14:35:00,71037.8,71049.5,70910.0,70910.0,11.41090644
2026-04-12 14:40:00,70909.9,70960.2,70763.1,70848.8,40.0119544
2026-04-12 14:45:00,70848.8,70881.5,70764.5,70764.6,25.9737262
2026-04-12 14:50:00,70764.5,70817.2,70712.9,70720.5,27.09371648
2026-04-12 14:55:00,70720.4,70825.0,70700.0,70745.2,21.40645633
2026-04-12 15:00:00,70745.3,70823.4,70742.0,70787.0,13.82926762
2026-04-12 15:05:00,70787.0,70787.0,70740.8,70770.2,5.07269531
2026-04-12 15:10:00,70770.2,70850.0,70752.3,70837.8,10.07782609
2026-04-12 15:15:00,70837.8,70871.1,70740.8,70795.0,25.15989336
2026-04-12 15:20:00,70794.9,70812.5,70729.9,70757.9,4.01026066
2026-04-12 15:25:00,70757.9,70779.6,70713.3,70713.4,4.87909051
2026-04-12 15:30:00,70713.4,70799.2,70610.8,70794.8,34.96669584
2026-04-12 15:35:00,70794.8,70832.7,70791.5,70832.6,6.66816615
2026-04-12 15:40:00,70832.7,70901.7,70799.3,70874.0,21.14935175
2026-04-12 15:45:00,70874.6,70903.0,70857.4,70886.4,3.22518309
2026-04-12 15:50:00,70886.4,70939.3,70880.0,70917.8,3.53896729
2026-04-12 15:55:00,70915.1,70915.1,70881.6,70887.0,3.30005157
2026-04-12 16:00:00,70887.0,70950.0,70858.5,70946.0,14.78519352
2026-04-12 16:05:00,70946.0,70946.1,70843.5,70853.9,4.29617524
2026-04-12 16:10:00,70853.9,70945.1,70853.9,70930.7,4.25610652
2026-04-12 16:15:00,70932.7,70938.8,70877.0,70877.0,4.49405164
2026-04-12 16:20:00,70877.0,70949.7,70819.9,70940.9,7.00834187
2026-04-12 16:25:00,70940.9,70949.7,70911.1,70928.9,2.36383144
2026-04-12 16:30:00,70928.9,70946.3,70928.8,70937.1,2.34243538
2026-04-12 16:35:00,70937.2,70937.2,70883.5,70890.1,2.71550239
2026-04-12 16:40:00,70890.0,70895.1,70836.7,70883.0,5.23423203
2026-04-12 16:45:00,70883.1,70901.2,70818.6,70854.8,2.32094828
2026-04-12 16:50:00,70854.9,70895.0,70849.9,70883.1,3.19414911
2026-04-12 16:55:00,70883.2,70941.7,70865.1,70933.0,6.09636225
2026-04-12 17:00:00,70931.0,71007.0,70931.0,70962.6,9.2015168
2026-04-12 17:05:00,70962.5,70987.5,70962.5,70968.3,3.23298002
2026-04-12 17:10:00,70967.2,70967.2,70897.5,70897.5,5.16458686
2026-04-12 17:15:00,70896.6,70950.0,70896.6,70942.8,2.67350877
2026-04-12 17:20:00,70942.7,70980.0,70942.7,70963.0,6.75149239
2026-04-12 17:25:00,70963.0,71005.3,70952.9,70996.1,12.49620072
2026-04-12 17:30:00,70996.0,71016.5,70984.5,70987.9,16.31423061
2026-04-12 17:35:00,70987.9,71015.9,70952.7,71003.0,8.11522461
2026-04-12 17:40:00,71003.9,71019.8,70974.4,71019.8,14.63315914
2026-04-12 17:45:00,71018.5,71025.6,70933.4,71025.6,15.28889706
2026-04-12 17:50:00,71026.0,71201.9,71009.1,71124.2,24.61680126
2026-04-12 17:55:00,71124.2,71157.6,71095.9,71148.8,30.74636963
2026-04-12 18:00:00,71148.8,71174.9,71056.1,71162.0,16.71893709
2026-04-12 18:05:00,71162.1,71185.4,71094.0,71160.4,6.13542448
2026-04-12 18:10:00,71160.5,71180.9,71131.6,71180.8,30.62194126
2026-04-12 18:15:00,71180.9,71220.0,71100.6,71105.1,4.17176055
2026-04-12 18:20:00,71102.3,71112.3,71070.0,71112.0,9.49898377
2026-04-12 18:25:00,71112.0,71112.0,71081.7,71094.0,5.31306911
2026-04-12 18:30:00,71094.0,71175.8,71094.0,71151.0,5.40109761
2026-04-12 18:35:00,71150.9,71202.0,71144.9,71200.0,3.55738134
2026-04-12 18:40:00,71199.9,71200.0,71119.4,71119.5,3.44553208
2026-04-12 18:45:00,71119.5,71142.5,71110.4,71128.0,3.62804673
2026-04-12 18:50:00,71124.2,71161.8,71124.1,71139.8,1.03910297
2026-04-12 18:55:00,71139.8,71164.9,71124.6,71137.0,2.03361654
2026-04-12 19:00:00,71137.0,71154.5,71135.2,71154.4,2.25756235
2026-04-12 19:05:00,71154.4,71174.5,71154.4,71154.6,3.94047251
2026-04-12 19:10:00,71154.7,71224.4,71139.8,71139.9,24.24184719
2026-04-12 19:15:00,71139.8,71149.5,71125.6,71139.2,2.45921485
2026-04-12 19:20:00,71146.4,71175.3,71146.4,71161.9,1.93856972
2026-04-12 19:25:00,71161.9,71172.4,71150.5,71168.6,2.27951983
2026-04-12 19:30:00,71168.6,71169.4,71146.4,71169.4,3.00583948
2026-04-12 19:35:00,71169.5,71169.5,71085.1,71118.5,5.31438578
2026-04-12 19:40:00,71118.6,71129.8,71102.1,71108.5,3.71160002
2026-04-12 19:45:00,71108.6,71122.1,71087.4,71120.6,4.87537523
2026-04-12 19:50:00,71120.6,71126.7,71081.8,71126.6,5.76287109
2026-04-12 19:55:00,71126.6,71126.6,71083.5,71091.0,5.88845028
2026-04-12 20:00:00,71091.1,71111.0,71073.9,71079.1,2.65879123
2026-04-12 20:05:00,71079.0,71079.1,71008.5,71008.6,8.27940584
2026-04-12 20:10:00,71008.6,71031.1,70995.1,71017.3,5.54579745
2026-04-12 20:15:00,71017.3,71020.9,70958.9,71020.9,3.28550337
2026-04-12 20:20:00,71020.9,71056.7,71004.5,71056.7,3.96616264
2026-04-12 20:25:00,71056.6,71073.6,71055.0,71055.1,1.99486733
2026-04-12 20:30:00,71055.0,71155.0,71055.0,71155.0,4.42334808
2026-04-12 20:35:00,71155.0,71181.8,71128.7,71155.7,3.9683955
2026-04-12 20:40:00,71155.7,71440.2,71155.7,71322.9,30.64521082
2026-04-12 20:45:00,71323.0,71377.5,71227.0,71244.4,5.8665537
2026-04-12 20:50:00,71244.5,71355.6,71241.2,71319.9,9.27159492
2026-04-12 20:55:00,71320.0,71353.0,71289.5,71342.1,2.07837034
2026-04-12 21:00:00,71342.0,71457.6,71331.2,71414.0,6.50274612
2026-04-12 21:05:00,71414.1,71424.0,71314.3,71314.3,5.86830624
2026-04-12 21:10:00,71314.4,71314.4,71157.0,71208.7,36.04763934
2026-04-12 21:15:00,71208.8,71325.7,71208.8,71303.9,3.4394648
2026-04-12 21:20:00,71305.2,71321.3,71287.4,71321.2,2.5093414
2026-04-12 21:25:00,71319.0,71319.0,71285.8,71306.4,3.11327769
2026-04-12 21:30:00,71306.4,71306.4,71224.3,71239.6,6.92600418
2026-04-12 21:35:00,71237.9,71333.3,71226.3,71322.8,6.32672193
2026-04-12 21:40:00,71322.8,71363.5,71289.7,71313.0,2.78235495
2026-04-12 21:45:00,71313.3,71329.5,71214.7,71221.7,2.59572971
2026-04-12 21:50:00,71220.2,71269.3,71213.0,71222.1,5.42772774
2026-04-12 21:55:00,71222.1,71369.7,71211.8,71369.7,9.0353877
2026-04-12 22:00:00,71369.7,71381.8,70700.1,70748.8,104.69937035
2026-04-12 22:05:00,70749.6,70996.0,70730.0,70925.5,27.82785846
2026-04-12 22:10:00,70925.5,70943.2,70750.0,70943.2,26.20497383
2026-04-12 22:15:00,70943.9,70959.9,70686.7,70720.7,16.74772147
2026-04-12 22:20:00,70725.1,70865.3,70708.4,70756.2,11.28132947
2026-04-12 22:25:00,70759.7,70811.5,70517.6,70667.8,60.18926976
2026-04-12 22:30:00,70666.8,70769.2,70505.9,70753.1,76.00042018
2026-04-12 22:35:00,70751.6,70925.9,70737.6,70864.6,22.14883154
2026-04-12 22:40:00,70864.5,70926.0,70780.2,70819.8,6.90172972
2026-04-12 22:45:00,70818.7,70898.4,70780.3,70780.3,7.33187678
2026-04-12 22:50:00,70783.1,70877.9,70783.0,70844.8,7.99540787
2026-04-12 22:55:00,70844.9,70927.5,70821.7,70908.7,3.40418304
2026-04-12 23:00:00,70908.6,70908.8,70719.5,70787.0,17.93720843
2026-04-12 23:05:00,70787.0,70829.9,70734.0,70755.1,9.38672198
2026-04-12 23:10:00,70755.1,70787.0,70626.9,70626.9,15.20162665
2026-04-12 23:15:00,70626.9,70710.5,70599.4,70703.6,8.32134846
2026-04-12 23:20:00,70700.4,70700.4,70615.2,70623.3,2.99927124
2026-04-12 23:25:00,70626.8,70766.4,70626.8,70717.6,5.83190151
2026-04-12 23:30:00,70717.7,70717.7,70575.0,70584.9,18.70307258
2026-04-12 23:35:00,70586.0,70668.4,70586.0,70633.4,9.41796495
2026-04-12 23:40:00,70635.2,70730.4,70596.4,70730.3,4.5741895
2026-04-12 23:45:00,70730.4,70740.3,70591.3,70602.3,5.73971842
2026-04-12 23:50:00,70602.4,70782.6,70602.4,70732.5,18.15763503
2026-04-12 23:55:00,70732.4,70794.5,70694.2,70742.7,8.60269815
2026-04-13 00:00:00,70746.6,70750.6,70609.8,70686.0,22.67565221
2026-04-13 00:05:00,70686.1,70884.5,70686.0,70884.5,14.22420099
2026-04-13 00:10:00,70884.6,70914.3,70813.9,70913.7,14.07369786
2026-04-13 00:15:00,70913.7,70924.5,70838.9,70853.3,10.02445283
2026-04-13 00:20:00,70853.4,70926.5,70831.7,70917.4,13.28954774
2026-04-13 00:25:00,70917.4,71090.0,70895.2,70979.5,33.12178627
2026-04-13 00:30:00,70979.5,71082.9,70945.1,71074.8,18.12054092
2026-04-13 00:35:00,71074.7,71116.3,71038.5,71038.5,11.61556006
2026-04-13 00:40:00,71036.0,71125.0,71001.9,71057.0,4.22349613
2026-04-13 00:45:00,71061.8,71149.3,71017.2,71128.1,7.18045822
2026-04-13 00:50:00,71125.2,71266.3,71107.8,71197.2,13.2765022
2026-04-13 00:55:00,71197.1,71200.9,71123.8,71173.5,12.97497764
2026-04-13 01:00:00,71173.4,71205.0,71101.6,71168.9,6.36782678
2026-04-13 01:05:00,71170.5,71184.2,71107.5,71128.3,3.59673675
2026-04-13 01:10:00,71130.0,71228.9,71097.9,71132.0,16.45553701
2026-04-13 01:15:00,71131.9,71145.2,71067.6,71102.7,8.72538317
2026-04-13 01:20:00,71100.0,71136.7,71064.0,71081.2,6.17536477
2026-04-13 01:25:00,71081.3,71170.2,71063.3,71104.6,25.88069295
2026-04-13 01:30:00,71104.5,71159.8,71031.5,71149.1,6.97481578
2026-04-13 01:35:00,71149.6,71202.2,71110.4,71110.4,6.96666443
2026-04-13 01:40:00,71112.0,71170.2,71079.8,71144.8,4.01120476
2026-04-13 01:45:00,71144.9,71179.3,71119.8,71140.8,0.6677834
2026-04-13 01:50:00,71142.3,71198.0,71121.6,71121.7,4.5343327
2026-04-13 01:55:00,71124.0,71227.3,71114.4,71194.0,9.01485971
2026-04-13 02:00:00,71194.1,71266.5,71164.4,71170.3,7.48372267
2026-04-13 02:05:00,71170.1,71180.6,71114.0,71130.3,14.40555431
2026-04-13 02:10:00,71130.3,71147.2,70988.3,71004.1,5.70670578
2026-04-13 02:15:00,71004.1,71082.8,71004.0,71060.1,1.88757614
2026-04-13 02:20:00,71060.2,71126.1,71060.1,71126.1,4.6266319
2026-04-13 02:25:00,71126.6,71266.5,71126.6,71226.2,5.22446326
2026-04-13 02:30:00,71226.2,71277.9,71174.8,71194.1,4.60350837
2026-04-13 02:35:00,71197.1,71223.4,71034.4,71063.3,8.45295291
2026-04-13 02:40:00,71064.1,71090.4,71040.6,71040.6,3.43087593
2026-04-13 02:45:00,71040.3,71092.5,71020.8,71059.8,2.70859129
2026-04-13 02:50:00,71061.0,71079.2,71000.1,71079.2,1.60794721
2026-04-13 02:55:00,71079.8,71092.9,71053.2,71089.1,11.59889234
2026-04-13 03:00:00,71089.1,71130.9,71000.0,71113.1,7.21285185
2026-04-13 03:05:00,71111.4,71114.8,71038.6,71038.6,2.89878709
2026-04-13 03:10:00,71045.7,71082.5,71035.0,71072.5,8.91939741
2026-04-13 03:15:00,71072.5,71166.4,71035.2,71145.6,6.68684384
2026-04-13 03:20:00,71145.5,71155.5,71005.3,71028.6,6.94819582
2026-04-13 03:25:00,71028.7,71087.3,71006.1,71035.5,4.69645788
2026-04-13 03:30:00,71033.6,71066.3,71010.4,71033.1,3.66791496
2026-04-13 03:35:00,71034.1,71049.6,70920.9,70958.9,29.11272445
2026-04-13 03:40:00,70962.1,70999.9,70960.7,70982.2,2.19099352
2026-04-13 03:45:00,70982.2,70982.3,70925.7,70966.7,2.60649128
2026-04-13 03:50:00,70966.7,70990.0,70956.9,70989.9,1.6464898
2026-04-13 03:55:00,70989.9,71004.3,70981.9,70981.9,3.41639109
2026-04-13 04:00:00,70982.0,71009.6,70963.4,70999.4,3.34440531
2026-04-13 04:05:00,70998.6,70998.6,70925.4,70948.9,2.65922103
2026-04-13 04:10:00,70948.9,70964.5,70909.0,70959.3,3.55904457
2026-04-13 04:15:00,70960.4,70978.9,70916.2,70971.8,1.21334321
2026-04-13 04:20:00,70971.7,71001.3,70962.7,70972.5,2.67094256
2026-04-13 04:25:00,70972.4,71049.9,70972.4,71038.9,1.72761341
2026-04-13 04:30:00,71038.9,71107.0,71038.9,71107.0,2.02005372
2026-04-13 04:35:00,71107.0,71144.9,71065.6,71124.4,24.29380495
2026-04-13 04:40:00,71124.4,71150.6,71024.5,71028.0,8.75401897
2026-04-13 04:45:00,71027.5,71027.6,70961.4,70968.2,3.30507789
2026-04-13 04:50:00,70968.2,70968.3,70859.9,70925.5,17.48711988
2026-04-13 04:55:00,70926.6,70971.9,70895.6,70899.9,5.11389286
2026-04-13 05:00:00,70899.8,70931.6,70883.0,70895.4,7.8944514
2026-04-13 05:05:00,70900.9,70906.1,70824.1,70826.0,16.04156273
2026-04-13 05:10:00,70826.1,70858.9,70760.5,70828.3,19.94932513
2026-04-13 05:15:00,70829.2,70879.3,70828.3,70833.7,9.01047589
2026-04-13 05:20:00,70833.7,70851.8,70767.4,70846.1,2.83914369
2026-04-13 05:25:00,70846.1,70871.6,70829.1,70866.1,1.82743681
2026-04-13 05:30:00,70865.2,70865.3,70761.0,70802.9,8.24745513
2026-04-13 05:35:00,70802.9,70820.6,70678.9,70715.2,11.32284282
2026-04-13 05:40:00,70715.1,70784.7,70715.1,70752.9,5.15718493
2026-04-13 05:45:00,70754.5,70880.0,70754.5,70828.9,19.45845849
2026-04-13 05:50:00,70829.0,70852.3,70827.0,70847.9,2.20450931
2026-04-13 05:55:00,70847.8,70893.5,70845.4,70888.9,13.38164146
2026-04-13 06:00:00,70888.9,70985.8,70887.0,70979.6,4.93931052
2026-04-13 06:05:00,70982.8,71014.1,70977.7,70995.8,4.35560294
2026-04-13 06:10:00,70994.0,71015.5,70981.1,71012.8,2.9717331
2026-04-13 06:15:00,71015.5,71057.5,70980.1,71050.0,4.98507829
2026-04-13 06:20:00,71050.0,71076.5,71041.6,71072.0,7.32194487
2026-04-13 06:25:00,71072.8,71092.0,71011.0,71032.6,7.51837334
2026-04-13 06:30:00,71032.5,71044.0,71003.6,71023.3,11.86744937
2026-04-13 06:35:00,71023.3,71061.1,71001.8,71056.6,5.61486173
2026-04-13 06:40:00,71056.6,71056.6,71002.2,71049.9,8.85930664
2026-04-13 06:45:00,71049.9,71103.0,71021.1,71053.8,16.8111883
2026-04-13 06:50:00,71053.8,71079.4,71019.5,71036.1,16.77488214
2026-04-13 06:55:00,71036.1,71059.9,71022.0,71028.1,8.48926945
2026-04-13 07:00:00,71028.2,71071.2,70980.1,71009.9,14.005032
2026-04-13 07:05:00,71010.0,71010.5,70921.4,70926.6,7.47229892
2026-04-13 07:10:00,70926.7,70947.8,70891.4,70900.6,4.81753171
2026-04-13 07:15:00,70900.7,70911.5,70814.1,70854.5,28.5308783
2026-04-13 07:20:00,70854.5,70854.5,70685.6,70714.4,69.17015778
2026-04-13 07:25:00,70714.3,70752.8,70685.9,70715.8,45.33114245
2026-04-13 07:30:00,70715.9,70759.3,70690.1,70719.1,48.86314225
2026-04-13 07:35:00,70719.1,70807.0,70694.5,70791.8,26.8460239
2026-04-13 07:40:00,70791.7,70810.6,70754.7,70778.1,47.76684217
2026-04-13 07:45:00,70778.1,70831.9,70762.8,70780.0,51.09072949
2026-04-13 07:50:00,70780.1,70824.8,70780.0,70782.6,30.3234176
2026-04-13 07:55:00,70782.7,70850.0,70782.6,70824.6,23.67599164
2026-04-13 08:00:00,70824.6,70866.8,70734.8,70850.5,24.35205298
2026-04-13 08:05:00,70850.4,70860.9,70734.9,70737.3,11.55364556
2026-04-13 08:10:00,70737.3,70780.0,70702.9,70725.1,8.09690254
2026-04-13 08:15:00,70729.0,70773.8,70650.0,70676.0,43.02845328
2026-04-13 08:20:00,70676.0,70755.1,70663.7,70755.1,12.21506702
2026-04-13 08:25:00,70757.0,70829.8,70745.0,70763.5,19.904699
2026-04-13 08:30:00,70763.5,70767.1,70713.6,70745.9,17.25063288
2026-04-13 08:35:00,70743.3,70746.8,70688.0,70691.3,8.5307247
2026-04-13 08:40:00,70691.2,70697.9,70591.0,70601.5,96.29980569
2026-04-13 08:45:00,70601.5,70649.9,70574.3,70628.0,16.93265053
2026-04-13 08:50:00,70628.1,70650.0,70586.1,70650.0,10.90304717
2026-04-13 08:55:00,70650.0,70693.0,70650.0,70686.8,16.07893366
2026-04-13 09:00:00,70686.8,70909.2,70686.8,70829.1,46.45263155
2026-04-13 09:05:00,70829.1,70860.2,70698.9,70705.7,33.62844954
2026-04-13 09:10:00,70705.7,70731.5,70696.5,70711.1,11.01532879
2026-04-13 09:15:00,70711.1,70728.0,70676.7,70694.7,14.50613856
2026-04-13 09:20:00,70694.8,70752.0,70694.7,70744.2,9.15325692
2026-04-13 09:25:00,70744.2,70817.5,70744.1,70792.1,13.73976418
2026-04-13 09:30:00,70792.0,70826.2,70781.3,70812.0,9.23191981
2026-04-13 09:35:00,70812.1,70830.5,70772.0,70803.9,5.88350299
2026-04-13 09:40:00,70804.0,70816.2,70751.5,70787.3,3.75824354
2026-04-13 09:45:00,70787.2,70787.2,70750.5,70767.2,3.20611719
2026-04-13 09:50:00,70767.2,70791.3,70750.0,70766.2,5.19409316
2026-04-13 09:55:00,70766.2,70803.5,70766.1,70795.0,3.9216177
2026-04-13 10:00:00,70795.1,70804.2,70760.2,70781.1,14.16686452
2026-04-13 10:05:00,70788.2,70847.3,70788.2,70807.2,13.48303993
2026-04-13 10:10:00,70807.1,70839.9,70786.5,70815.4,6.2615172
2026-04-13 10:15:00,70815.4,70815.4,70718.1,70772.2,13.92756514
2026-04-13 10:20:00,70772.2,70799.9,70742.3,70742.5,5.4971578
2026-04-13 10:25:00,70742.5,70788.1,70742.5,70758.3,3.87177658
2026-04-13 10:30:00,70758.3,70792.4,70742.4,70743.5,6.10955913
2026-04-13 10:35:00,70743.4,70843.2,70687.1,70843.1,11.60174294
2026-04-13 10:40:00,70843.1,70843.1,70752.3,70771.2,10.41215843
2026-04-13 10:45:00,70771.2,70799.9,70745.4,70766.6,8.52446087
2026-04-13 10:50:00,70766.6,70800.0,70708.6,70726.7,12.23271087
2026-04-13 10:55:00,70726.8,70779.7,70715.6,70757.0,5.45572248
2026-04-13 11:00:00,70757.1,70860.2,70741.4,70834.2,33.8074355
2026-04-13 11:05:00,70839.1,70869.9,70832.6,70852.2,7.76234034
2026-04-13 11:10:00,70852.2,70878.5,70851.3,70877.1,11.27335598
2026-04-13 11:15:00,70877.1,70906.7,70850.0,70864.7,7.75984146
2026-04-13 11:20:00,70864.7,70906.9,70851.3,70862.0,3.9086701
2026-04-13 11:25:00,70862.5,70889.2,70850.0,70871.0,8.6447981
2026-04-13 11:30:00,70870.9,70900.0,70841.3,70841.3,4.80090055
2026-04-13 11:35:00,70841.3,70885.6,70805.9,70849.4,13.79515241
2026-04-13 11:40:00,70854.8,70954.4,70852.3,70940.3,1.79419395
2026-04-13 11:45:00,70940.3,70995.5,70910.4,70927.2,14.87604869
2026-04-13 11:50:00,70927.3,70968.0,70906.3,70958.6,5.64842107
2026-04-13 11:55:00,70958.7,70958.7,70920.5,70928.8,2.5904026
2026-04-13 12:00:00,70928.9,70928.9,70839.7,70851.3,17.43867386
2026-04-13 12:05:00,70850.0,71079.1,70840.6,71019.0,30.68810842
2026-04-13 12:10:00,71019.0,71048.2,70963.3,70965.3,7.19861537
2026-04-13 12:15:00,70965.2,70987.3,70931.3,70937.8,3.8886876
2026-04-13 12:20:00,70936.0,70951.2,70897.7,70897.7,2.68930047
2026-04-13 12:25:00,70903.0,70909.4,70859.0,70859.0,4.76231679
2026-04-13 12:30:00,70859.1,70914.7,70786.2,70854.8,30.59591019
2026-04-13 12:35:00,70854.8,70854.8,70787.2,70809.6,6.39399424
2026-04-13 12:40:00,70809.5,70843.0,70761.5,70842.3,8.51918472
2026-04-13 12:45:00,70842.4,70930.9,70842.4,70897.3,4.03550639
2026-04-13 12:50:00,70897.3,71214.2,70893.9,71202.5,32.01582202
2026-04-13 12:55:00,71201.3,71224.6,71074.6,71074.6,14.8787506
2026-04-13 13:00:00,71075.8,71187.5,71075.8,71168.4,13.31902941
2026-04-13 13:05:00,71168.4,71168.5,71074.3,71094.8,20.90215338
2026-04-13 13:10:00,71094.8,71203.3,71094.8,71203.2,10.70144081
2026-04-13 13:15:00,71203.2,71203.2,71107.9,71193.7,12.02112756
2026-04-13 13:20:00,71193.7,71235.5,71151.3,71222.8,40.39501249
2026-04-13 13:25:00,71222.7,71268.1,71130.6,71176.4,24.84996942
2026-04-13 13:30:00,71182.1,71226.2,71035.7,71099.1,29.55426862
2026-04-13 13:35:00,71099.1,71099.9,70824.1,70850.1,21.29260637
2026-04-13 13:40:00,70847.4,71142.3,70825.9,71034.4,80.47713485
2026-04-13 13:45:00,71034.4,71606.2,70948.6,71601.1,107.42282334
2026-04-13 13:50:00,71601.3,71700.0,71321.7,71474.2,73.45507924
2026-04-13 13:55:00,71474.3,71664.1,71438.0,71656.8,32.01547397
2026-04-13 14:00:00,71656.0,71760.6,71460.9,71524.1,41.20083131
2026-04-13 14:05:00,71527.7,71616.9,71458.4,71479.4,13.80350153
2026-04-13 14:10:00,71474.2,71628.6,71451.8,71622.5,22.0662037
2026-04-13 14:15:00,71622.5,71726.9,71437.9,71504.7,44.5439082
2026-04-13 14:20:00,71504.0,71640.0,71375.8,71635.4,31.91256661
2026-04-13 14:25:00,71639.6,71692.3,71566.9,71636.5,25.62854145
2026-04-13 14:30:00,71639.4,71813.7,71601.2,71773.8,38.28553409
2026-04-13 14:35:00,71771.4,71809.2,71742.5,71792.1,29.01493056
2026-04-13 14:40:00,71792.1,71998.0,71738.3,71987.0,70.90914182
2026-04-13 14:45:00,71983.5,72180.0,71935.4,71953.3,124.68103501
2026-04-13 14:50:00,71953.2,72040.2,71878.1,72040.2,29.0760212
2026-04-13 14:55:00,72040.2,72402.7,71999.9,72394.6,81.12021463
2026-04-13 15:00:00,72392.5,72458.7,72055.0,72065.7,115.47569133
2026-04-13 15:05:00,72067.6,72166.7,71906.6,71982.9,38.01399624
2026-04-13 15:10:00,71982.9,71998.9,71911.2,71945.8,27.20375843
2026-04-13 15:15:00,71945.8,71965.0,71851.9,71862.9,27.91278982
2026-04-13 15:20:00,71863.0,71960.8,71863.0,71905.2,21.4975888
2026-04-13 15:25:00,71905.2,72019.5,71850.8,71954.1,16.93263752
2026-04-13 15:30:00,71954.1,71954.1,71704.5,71739.7,35.11816544
2026-04-13 15:35:00,71741.4,71791.1,71650.0,71741.4,31.3106143
2026-04-13 15:40:00,71747.1,71851.3,71726.5,71837.2,8.20908362
2026-04-13 15:45:00,71837.2,71930.0,71790.9,71834.0,18.09445097
2026-04-13 15:50:00,71834.1,71852.6,71730.1,71736.3,18.96086345
2026-04-13 15:55:00,71736.3,71870.8,71736.3,71868.1,8.55823006
2026-04-13 16:00:00,71868.0,71917.8,71801.5,71805.8,10.71066003
2026-04-13 16:05:00,71801.9,71984.0,71675.8,71983.4,34.96344845
2026-04-13 16:10:00,71984.5,72045.2,71941.2,72037.1,9.16936643
2026-04-13 16:15:00,72037.0,72139.5,71918.9,72114.3,20.79382214
2026-04-13 16:20:00,72114.3,72229.1,72042.3,72229.1,27.75188117
2026-04-13 16:25:00,72229.2,72269.7,72119.8,72239.9,32.75536215
2026-04-13 16:30:00,72246.7,72354.9,72183.0,72231.6,70.59949223
2026-04-13 16:35:00,72231.1,72313.6,72174.6,72286.2,23.8924562
2026-04-13 16:40:00,72285.9,72362.2,72196.5,72303.4,43.19340216
2026-04-13 16:45:00,72303.4,72439.6,72275.9,72313.3,54.17009236
2026-04-13 16:50:00,72314.8,72419.6,72068.9,72080.5,45.98915752
2026-04-13 16:55:00,72080.6,72230.5,72063.2,72204.0,7.20872049
2026-04-13 17:00:00,72204.1,72254.0,72129.9,72254.0,30.22337583
2026-04-13 17:05:00,72253.9,72271.4,72141.2,72271.4,53.29589726
2026-04-13 17:10:00,72272.0,72439.0,72272.0,72296.2,58.43727197
2026-04-13 17:15:00,72293.2,72393.4,72278.7,72389.1,13.00106283
2026-04-13 17:20:00,72389.1,72389.1,72272.2,72283.3,8.58940435
2026-04-13 17:25:00,72283.3,72441.6,72279.3,72441.6,26.21063071
2026-04-13 17:30:00,72441.8,72598.0,72441.8,72479.4,76.90284469
2026-04-13 17:35:00,72479.3,72487.1,72372.6,72427.3,41.0984371
2026-04-13 17:40:00,72427.3,72458.3,72406.4,72445.0,17.87083442
2026-04-13 17:45:00,72445.0,72499.8,72400.0,72407.9,34.52654527
2026-04-13 17:50:00,72411.8,72424.6,72130.0,72162.8,88.98887562
2026-04-13 17:55:00,72162.7,72162.7,72058.9,72146.8,12.87589497
2026-04-13 18:00:00,72146.8,72165.6,72080.2,72161.8,10.80722019
2026-04-13 18:05:00,72161.9,72219.5,72093.3,72166.7,16.7988265
2026-04-13 18:10:00,72173.0,72191.9,72128.1,72189.8,7.22669123
2026-04-13 18:15:00,72189.8,72223.1,72153.7,72219.6,6.53125092
2026-04-13 18:20:00,72217.9,72275.3,72080.0,72080.8,32.27789684
2026-04-13 18:25:00,72080.8,72172.4,72053.1,72172.4,30.40534483
2026-04-13 18:30:00,72172.3,72348.6,72169.3,72336.9,26.32028773
2026-04-13 18:35:00,72336.9,72347.2,72261.2,72292.6,9.85340008
2026-04-13 18:40:00,72295.4,72421.8,72283.1,72337.2,14.06911362
2026-04-13 18:45:00,72337.1,72399.6,72316.9,72321.8,9.41668572
2026-04-13 18:50:00,72321.8,72389.0,72308.2,72389.0,10.83439372
2026-04-13 18:55:00,72387.3,72456.5,72384.3,72426.7,11.62108756
2026-04-13 19:00:00,72426.7,72445.1,72327.3,72352.3,16.55373075
2026-04-13 19:05:00,72352.6,72385.7,72316.4,72319.8,111.72318542
2026-04-13 19:10:00,72319.7,72356.7,72290.5,72324.0,22.60681698
2026-04-13 19:15:00,72324.0,72578.9,72324.0,72543.8,69.80375509
2026-04-13 19:20:00,72543.8,72841.1,72518.6,72780.0,149.08599019
2026-04-13 19:25:00,72780.0,72909.6,72696.9,72855.1,102.8428924
2026-04-13 19:30:00,72855.1,73151.1,72827.5,73102.2,117.08442346
2026-04-13 19:35:00,73105.1,73200.0,72967.1,73138.0,163.35600899
2026-04-13 19:40:00,73138.0,73138.0,72966.6,73015.1,21.60993774
2026-04-13 19:45:00,73012.6,73305.6,73012.6,73245.0,56.55099049
2026-04-13 19:50:00,73245.0,73468.3,73245.0,73441.0,69.20817629
2026-04-13 19:55:00,73441.1,73478.2,73315.3,73320.3,27.970193
2026-04-13 20:00:00,73320.3,73399.0,73265.2,73278.6,58.78870184
2026-04-13 20:05:00,73278.7,73344.3,73195.9,73255.8,32.4397012
2026-04-13 20:10:00,73254.4,73261.8,73045.8,73062.0,58.40687184
2026-04-13 20:15:00,73062.8,73159.6,73041.0,73058.7,21.20154432
2026-04-13 20:20:00,73055.0,73117.3,73008.0,73019.5,20.37479027
2026-04-13 20:25:00,73019.6,73132.4,73019.5,73106.7,20.50959284
2026-04-13 20:30:00,73106.7,73218.2,73066.6,73218.2,22.29823117
2026-04-13 20:35:00,73218.2,73277.6,73132.5,73138.0,23.16200972
2026-04-13 20:40:00,73138.0,73235.9,73128.2,73226.4,21.72772773
2026-04-13 20:45:00,73221.4,73251.7,73180.6,73189.8,18.59271127
2026-04-13 20:50:00,73189.8,73206.0,73087.5,73099.8,18.17670943
2026-04-13 20:55:00,73099.7,73189.3,73079.6,73151.2,10.69042191
2026-04-13 21:00:00,73151.2,73169.6,73104.0,73104.1,9.71673132
2026-04-13 21:05:00,73104.0,73215.4,73084.7,73215.3,16.10075798
2026-04-13 21:10:00,73215.4,73315.8,73215.3,73227.9,28.42565982
2026-04-13 21:15:00,73227.8,73288.2,73144.6,73152.1,8.61131412
2026-04-13 21:20:00,73152.0,73187.3,73133.8,73164.5,5.71111588
2026-04-13 21:25:00,73164.5,73164.5,73115.5,73125.0,6.87458378
2026-04-13 21:30:00,73125.1,73238.1,73102.9,73202.4,19.73811407
2026-04-13 21:35:00,73202.4,73277.7,73177.5,73270.0,10.24657686
2026-04-13 21:40:00,73270.0,73370.8,73234.4,73269.0,25.95129698
2026-04-13 21:45:00,73269.0,73289.3,73196.3,73265.1,7.35744274
2026-04-13 21:50:00,73265.0,73265.0,73225.1,73233.5,2.06511672
2026-04-13 21:55:00,73233.5,73237.0,73179.2,73179.2,5.64764256
2026-04-13 22:00:00,73179.3,73348.4,73172.6,73292.4,20.26253372
2026-04-13 22:05:00,73292.5,73576.5,73292.5,73328.8,79.74860993
2026-04-13 22:10:00,73328.8,73899.9,73319.6,73750.1,140.89541704
2026-04-13 22:15:00,73750.0,74466.6,73750.0,74187.4,423.46400407
2026-04-13 22:20:00,74187.3,74363.2,74040.0,74230.9,85.91533656
2026-04-13 22:25:00,74226.1,74272.9,74085.2,74134.5,24.50247635
2026-04-13 22:30:00,74134.5,74349.9,74134.5,74284.2,64.6483706
2026-04-13 22:35:00,74280.9,74306.4,74056.7,74104.7,45.89124724
2026-04-13 22:40:00,74104.7,74268.6,74100.9,74248.8,23.89237619
2026-04-13 22:45:00,74248.9,74468.7,74150.0,74332.8,71.22020882
2026-04-13 22:50:00,74331.5,74703.7,74274.5,74641.3,222.85257146
2026-04-13 22:55:00,74642.1,74746.7,74581.8,74631.2,691.26370124
2026-04-13 23:00:00,74631.3,74678.6,74450.0,74649.2,69.76573488
2026-04-13 23:05:00,74649.1,74795.1,74556.2,74757.3,58.98291829
2026-04-13 23:10:00,74752.1,74904.2,74616.6,74659.8,105.75577036
2026-04-13 23:15:00,74659.7,74735.9,74530.1,74620.3,27.16934669
2026-04-13 23:20:00,74620.3,74800.0,74603.5,74617.6,43.39306638
2026-04-13 23:25:00,74617.6,74815.5,74607.4,74727.7,42.3037883
2026-04-13 23:30:00,74725.7,74883.5,74596.7,74782.8,49.50380019
2026-04-13 23:35:00,74782.8,74817.9,74700.0,74700.1,25.94544584
2026-04-13 23:40:00,74700.0,74700.0,74546.3,74563.9,20.66071371
2026-04-13 23:45:00,74563.8,74597.6,74458.8,74491.6,41.03507229
2026-04-13 23:50:00,74491.6,74587.5,74451.0,74564.8,21.2684135
2026-04-13 23:55:00,74564.7,74578.5,74405.4,74418.2,41.1949984
2026-04-14 00:00:00,74418.2,74520.0,74415.0,74443.3,19.16717389
2026-04-14 00:05:00,74443.3,74450.0,74324.7,74326.8,15.05816893
2026-04-14 00:10:00,74326.8,74339.2,74230.9,74321.4,50.98899072
2026-04-14 00:15:00,74321.4,74460.0,74300.0,74396.8,18.86441284
2026-04-14 00:20:00,74396.7,74396.8,74264.2,74297.6,12.9362684
2026-04-14 00:25:00,74297.6,74297.6,74221.0,74264.5,10.54854859
2026-04-14 00:30:00,74264.5,74300.0,74162.7,74228.1,20.25440155
2026-04-14 00:35:00,74228.1,74442.0,74219.0,74383.0,18.30983409
2026-04-14 00:40:00,74383.0,74422.1,74354.3,74422.1,4.39076157
2026-04-14 00:45:00,74422.0,74422.1,74255.5,74279.7,15.4817221
2026-04-14 00:50:00,74279.7,74321.0,74125.1,74150.3,33.56358691
2026-04-14 00:55:00,74150.3,74200.0,74103.4,74153.4,19.74094156
2026-04-14 01:00:00,74153.5,74174.9,73974.7,74166.6,43.03992558
2026-04-14 01:05:00,74166.5,74266.6,74162.1,74266.6,24.68247014
2026-04-14 01:10:00,74266.6,74300.0,74198.5,74297.0,10.1138727
2026-04-14 01:15:00,74297.0,74320.2,74216.0,74307.4,19.25030712
2026-04-14 01:20:00,74307.3,74400.0,74281.1,74307.7,23.60024101
2026-04-14 01:25:00,74301.0,74336.2,74250.9,74290.0,15.00391045
2026-04-14 01:30:00,74290.0,74297.5,74229.3,74244.5,11.55368806
2026-04-14 01:35:00,74244.4,74327.4,74233.3,74262.5,17.46107564
2026-04-14 01:40:00,74265.0,74327.3,74258.5,74316.0,5.01099633
2026-04-14 01:45:00,74318.8,74381.4,74318.8,74348.5,4.53834982
2026-04-14 01:50:00,74348.4,74430.4,74343.3,74400.1,6.09862605
2026-04-14 01:55:00,74400.0,74415.1,74340.7,74379.7,5.18910259
2026-04-14 02:00:00,74379.8,74422.7,74356.2,74383.9,3.12625303
2026-04-14 02:05:00,74384.0,74482.7,74384.0,74453.1,13.25341749
2026-04-14 02:10:00,74453.2,74488.0,74416.6,74485.5,11.35035427
2026-04-14 02:15:00,74488.0,74576.2,74400.9,74513.2,53.31389073
2026-04-14 02:20:00,74513.2,74544.7,74460.4,74464.1,8.22590143
2026-04-14 02:25:00,74470.0,74486.7,74386.7,74386.7,4.42004255
2026-04-14 02:30:00,74388.3,74395.4,74285.8,74316.8,9.01615911
2026-04-14 02:35:00,74316.7,74408.0,74285.8,74405.3,6.48694399
2026-04-14 02:40:00,74405.3,74460.4,74392.9,74436.7,7.81779695
2026-04-14 02:45:00,74436.8,74436.8,74383.3,74429.2,13.40796516
2026-04-14 02:50:00,74429.1,74429.1,74301.1,74327.2,7.38169515
2026-04-14 02:55:00,74327.3,74364.6,74314.5,74331.7,3.86578639
2026-04-14 03:00:00,74331.7,74331.7,74295.0,74321.4,8.20256881
2026-04-14 03:05:00,74321.4,74413.5,74321.4,74413.5,9.88208007
2026-04-14 03:10:00,74410.9,74410.9,74321.5,74348.0,6.0108744
2026-04-14 03:15:00,74348.0,74366.8,74291.8,74366.8,2.11954828
2026-04-14 03:20:00,74366.8,74366.8,74261.6,74283.9,7.70820416
2026-04-14 03:25:00,74284.0,74300.0,74251.7,74294.7,11.68570634
2026-04-14 03:30:00,74294.7,74403.9,74277.0,74349.7,6.9045222
2026-04-14 03:35:00,74349.7,74403.3,74310.8,74383.9,4.70661376
2026-04-14 03:40:00,74383.4,74501.0,74381.3,74471.9,133.70139712
2026-04-14 03:45:00,74471.9,74471.9,74420.9,74439.5,21.71439349
2026-04-14 03:50:00,74439.5,74465.7,74391.5,74432.3,10.75028088
2026-04-14 03:55:00,74432.2,74486.2,74412.1,74441.5,8.42908671
2026-04-14 04:00:00,74441.6,74450.0,74381.0,74430.1,1.71468847
2026-04-14 04:05:00,74430.1,74500.0,74430.1,74453.8,2.93383366
2026-04-14 04:10:00,74453.7,74463.8,74408.1,74463.7,3.12138906
2026-04-14 04:15:00,74463.7,74495.0,74434.7,74479.7,15.58179076
2026-04-14 04:20:00,74479.7,74500.4,74449.2,74449.4,4.86607867
2026-04-14 04:25:00,74449.2,74500.0,74438.2,74495.3,10.43696798
2026-04-14 04:30:00,74495.3,74508.7,74421.0,74422.7,11.61141669
2026-04-14 04:35:00,74422.7,74448.9,74400.0,74448.8,15.68542793
2026-04-14 04:40:00,74448.8,74448.9,74362.6,74388.1,11.71334467
2026-04-14 04:45:00,74388.8,74446.6,74352.8,74415.8,11.36658164
2026-04-14 04:50:00,74415.9,74423.7,74396.8,74396.9,10.13790595
2026-04-14 04:55:00,74396.8,74411.5,74372.7,74396.9,19.59832035
2026-04-14 05:00:00,74397.0,74397.0,74336.0,74342.8,4.58532649
2026-04-14 05:05:00,74342.8,74365.3,74313.8,74337.9,10.12461786
2026-04-14 05:10:00,74336.6,74368.4,74329.6,74342.9,8.50885155
2026-04-14 05:15:00,74342.8,74393.2,74311.9,74361.2,15.51984081
2026-04-14 05:20:00,74361.2,74441.4,74332.8,74352.6,15.25269614
2026-04-14 05:25:00,74352.7,74362.6,74321.5,74349.6,5.93908541
2026-04-14 05:30:00,74347.9,74360.0,74308.0,74310.4,6.61176579
2026-04-14 05:35:00,74310.3,74368.7,74300.1,74312.5,16.80799436
2026-04-14 05:40:00,74311.8,74322.3,74282.7,74298.6,18.28063043
2026-04-14 05:45:00,74298.6,74298.6,74272.7,74272.7,6.24874889
2026-04-14 05:50:00,74272.7,74272.7,74226.4,74226.5,8.05703044
2026-04-14 05:55:00,74226.5,74226.5,74156.9,74214.0,25.56049014
2026-04-14 06:00:00,74215.4,74316.2,74215.4,74273.4,13.82669339
2026-04-14 06:05:00,74273.5,74354.0,74273.5,74337.9,12.92989223
2026-04-14 06:10:00,74337.9,74354.0,74315.9,74334.3,9.38391935
2026-04-14 06:15:00,74334.2,74413.0,74317.6,74407.1,11.00188275
2026-04-14 06:20:00,74407.0,74445.5,74394.8,74439.0,3.39019441
2026-04-14 06:25:00,74439.0,74447.6,74387.2,74391.2,8.13672424
2026-04-14 06:30:00,74391.1,74402.0,74363.9,74402.0,16.57128691
2026-04-14 06:35:00,74401.9,74457.8,74380.7,74432.2,7.23056567
2026-04-14 06:40:00,74432.1,74432.1,74390.0,74390.1,9.01498174
2026-04-14 06:45:00,74390.1,74449.2,74378.9,74442.5,23.20917911
2026-04-14 06:50:00,74442.5,74510.0,74430.0,74508.6,11.76103422
2026-04-14 06:55:00,74508.6,74555.0,74508.6,74527.7,13.78494651
2026-04-14 07:00:00,74527.7,74621.1,74434.4,74585.5,37.87304108
2026-04-14 07:05:00,74585.5,74930.0,74565.1,74919.8,88.72099092
2026-04-14 07:10:00,74919.9,74922.5,74703.8,74781.8,45.35297508
2026-04-14 07:15:00,74780.1,74793.3,74677.7,74677.8,14.90077158
2026-04-14 07:20:00,74677.7,74738.0,74612.2,74624.4,13.04250766
2026-04-14 07:25:00,74624.4,74704.8,74620.6,74680.9,10.00011379
2026-04-14 07:30:00,74677.4,74693.2,74562.2,74562.2,41.92514878
2026-04-14 07:35:00,74562.2,74588.8,74500.0,74563.9,83.61009484
2026-04-14 07:40:00,74563.9,74601.4,74483.8,74489.6,62.21954541
2026-04-14 07:45:00,74489.5,74503.8,74468.7,74479.7,54.97229751
2026-04-14 07:50:00,74479.7,74542.2,74461.9,74528.2,50.88266476
2026-04-14 07:55:00,74528.2,74559.3,74497.6,74552.8,58.94076213
2026-04-14 08:00:00,74552.8,74556.0,74456.9,74535.3,11.67348289
2026-04-14 08:05:00,74535.3,74602.9,74535.3,74553.0,14.29333199
2026-04-14 08:10:00,74552.0,74596.6,74505.0,74540.3,9.73699643
2026-04-14 08:15:00,74540.4,74584.8,74510.9,74542.1,6.2441206
2026-04-14 08:20:00,74539.7,74560.0,74500.0,74522.2,16.96612325
2026-04-14 08:25:00,74522.2,74642.7,74506.4,74639.6,23.74557706
2026-04-14 08:30:00,74639.6,74840.3,74639.6,74808.6,65.64485305
2026-04-14 08:35:00,74808.5,74906.0,74766.5,74787.7,31.79193198
2026-04-14 08:40:00,74787.7,74787.7,74625.0,74652.6,16.79549975
2026-04-14 08:45:00,74652.5,74743.2,74610.1,74737.6,33.00720368
2026-04-14 08:50:00,74737.7,74860.4,74670.9,74704.1,43.01003363
2026-04-14 08:55:00,74704.1,74752.3,74685.4,74752.2,5.11754173
2026-04-14 09:00:00,74752.3,74787.9,74680.9,74698.6,14.03067761
2026-04-14 09:05:00,74698.6,74757.8,74654.1,74751.5,7.47444892
2026-04-14 09:10:00,74751.5,74796.9,74709.8,74796.0,10.25429265
2026-04-14 09:15:00,74796.1,74830.9,74761.0,74773.3,8.94457338
2026-04-14 09:20:00,74773.4,74773.4,74671.2,74684.2,16.88537077
2026-04-14 09:25:00,74682.9,74693.5,74626.4,74671.9,12.80209257
2026-04-14 09:30:00,74671.9,74671.9,74616.0,74646.1,10.71038361
2026-04-14 09:35:00,74646.2,74682.1,74600.0,74665.9,22.28877774
2026-04-14 09:40:00,74665.9,74702.6,74500.1,74509.0,51.92884886
2026-04-14 09:45:00,74508.9,74542.6,74425.2,74450.0,19.58028894
2026-04-14 09:50:00,74450.0,74493.9,74450.0,74462.6,7.17600096
2026-04-14 09:55:00,74462.6,74535.5,74453.7,74507.6,13.1487557
2026-04-14 10:00:00,74507.7,74507.7,74456.8,74472.9,18.24305396
2026-04-14 10:05:00,74472.9,74560.8,74472.9,74508.1,24.67684213
2026-04-14 10:10:00,74508.2,74548.3,74497.1,74548.3,7.58456705
2026-04-14 10:15:00,74548.2,74548.2,74500.0,74540.5,6.20406386
2026-04-14 10:20:00,74540.5,74595.5,74523.8,74570.6,14.02439434
2026-04-14 10:25:00,74570.5,74595.5,74549.1,74561.7,12.48924267
2026-04-14 10:30:00,74561.6,74615.1,74543.0,74585.0,13.65321703
2026-04-14 10:35:00,74585.0,74606.1,74400.0,74400.1,34.7575624
2026-04-14 10:40:00,74400.1,74438.8,74363.6,74365.4,13.20758049
2026-04-14 10:45:00,74365.4,74404.6,74340.0,74396.8,9.88742206
2026-04-14 10:50:00,74396.8,74439.6,74362.7,74364.0,11.03136141
2026-04-14 10:55:00,74364.0,74435.7,74348.4,74348.5,4.86754267
2026-04-14 11:00:00,74348.5,74415.0,74323.7,74401.5,5.77401309
2026-04-14 11:05:00,74401.6,74440.2,74382.6,74431.8,6.68282749
2026-04-14 11:10:00,74431.8,74441.8,74399.5,74400.9,3.20493612
2026-04-14 11:15:00,74401.0,74441.8,74400.0,74428.0,4.15569897
2026-04-14 11:20:00,74427.5,74459.4,74380.0,74398.6,9.67259635
2026-04-14 11:25:00,74398.7,74451.9,74360.5,74360.5,5.73948633
2026-04-14 11:30:00,74360.6,74363.4,74324.2,74354.3,6.94965425
2026-04-14 11:35:00,74354.4,74404.6,74350.0,74400.0,5.16355951
2026-04-14 11:40:00,74395.9,74396.0,74320.3,74320.3,15.77035046
2026-04-14 11:45:00,74320.3,74446.8,74309.7,74420.7,13.45984067
2026-04-14 11:50:00,74425.0,74437.5,74321.2,74370.4,6.27281087
2026-04-14 11:55:00,74370.3,74457.1,74318.6,74377.7,22.78170784
2026-04-14 12:00:00,74377.8,74439.0,74310.0,74430.7,27.1558113
2026-04-14 12:05:00,74430.8,74430.8,74398.0,74416.2,5.71120583
2026-04-14 12:10:00,74416.1,74429.3,74299.5,74307.5,9.59521533
2026-04-14 12:15:00,74307.6,74416.1,74307.0,74380.9,4.03041305
2026-04-14 12:20:00,74380.9,74380.9,74289.9,74303.4,23.52482291
2026-04-14 12:25:00,74303.5,74351.2,74281.5,74287.8,13.48843527
2026-04-14 12:30:00,74299.2,74403.7,74292.9,74354.2,11.09343197
2026-04-14 12:35:00,74354.2,74391.6,74305.8,74342.1,11.94535627
2026-04-14 12:40:00,74342.1,74403.7,74305.2,74311.0,14.55151489
2026-04-14 12:45:00,74311.1,74394.1,74307.8,74388.5,17.28357705
2026-04-14 12:50:00,74388.4,74425.2,74341.3,74399.5,11.63391169
2026-04-14 12:55:00,74399.5,74492.0,74399.4,74462.5,17.26118142
2026-04-14 13:00:00,74462.6,74600.0,74413.8,74599.3,21.16441451
2026-04-14 13:05:00,74599.4,74614.9,74543.2,74588.8,14.7178818
2026-04-14 13:10:00,74584.7,74584.7,74529.8,74579.4,4.88583921
2026-04-14 13:15:00,74576.5,74677.7,74548.0,74628.9,23.6617576
2026-04-14 13:20:00,74628.9,74740.8,74628.9,74716.1,21.19596544
2026-04-14 13:25:00,74716.0,74732.5,74484.2,74499.3,25.28701885
2026-04-14 13:30:00,74499.4,74894.7,74499.4,74751.5,116.96479564
2026-04-14 13:35:00,74751.5,74924.9,74729.3,74867.0,50.61648822
2026-04-14 13:40:00,74866.9,75235.2,74866.9,75183.4,227.04181112
2026-04-14 13:45:00,75187.1,75399.2,75061.1,75126.7,154.98433784
2026-04-14 13:50:00,75126.8,75398.9,75113.7,75359.5,59.14127109
2026-04-14 13:55:00,75359.5,75527.8,75319.9,75522.9,103.03570914
2026-04-14 14:00:00,75522.9,75593.2,75368.2,75403.7,142.63523077
2026-04-14 14:05:00,75403.8,75622.7,75330.2,75551.1,69.81790022
2026-04-14 14:10:00,75551.2,75600.0,75431.2,75564.6,49.05232546
2026-04-14 14:15:00,75561.7,75673.0,75497.1,75548.6,49.46526557
2026-04-14 14:20:00,75548.6,75735.5,75548.6,75595.8,70.36489513
2026-04-14 14:25:00,75597.8,75854.4,75597.8,75844.2,330.09833307
2026-04-14 14:30:00,75844.3,76048.1,75597.0,75637.4,273.93736481
2026-04-14 14:35:00,75639.3,75740.3,75250.0,75413.8,113.72706726
2026-04-14 14:40:00,75413.1,75494.6,75228.7,75375.0,97.91582026
2026-04-14 14:45:00,75371.4,75399.0,75165.6,75176.2,78.10272425
2026-04-14 14:50:00,75176.2,75253.8,75111.0,75245.5,66.70528196
2026-04-14 14:55:00,75245.5,75277.3,75015.4,75015.4,49.21006268
2026-04-14 15:00:00,75015.5,75121.5,74920.3,75017.0,43.73325855
2026-04-14 15:05:00,75008.8,75008.8,74560.0,74689.5,79.33971178
2026-04-14 15:10:00,74689.6,74862.4,74583.4,74760.5,64.02406826
2026-04-14 15:15:00,74760.5,74815.8,74684.5,74799.0,36.3440063
2026-04-14 15:20:00,74799.0,74923.7,74753.9,74902.0,53.32682248
2026-04-14 15:25:00,74901.9,74943.0,74805.9,74805.9,30.02337054
2026-04-14 15:30:00,74806.0,75117.4,74791.8,75088.3,48.1749878
2026-04-14 15:35:00,75088.5,75249.7,75048.5,75167.9,33.78883896
2026-04-14 15:40:00,75167.9,75329.9,75167.9,75284.3,34.92572867
2026-04-14 15:45:00,75283.1,75312.1,75169.3,75251.7,28.48370757
2026-04-14 15:50:00,75251.8,75444.2,75245.3,75430.2,32.2808948
2026-04-14 15:55:00,75427.6,75445.1,75292.1,75328.2,55.3964475
2026-04-14 16:00:00,75327.1,75500.0,75307.0,75472.9,49.34385954
2026-04-14 16:05:00,75475.4,75693.5,75431.1,75651.2,110.73368805
2026-04-14 16:10:00,75651.2,75651.2,75438.9,75490.4,42.04848293
2026-04-14 16:15:00,75490.4,75510.6,75278.1,75323.9,31.16922951
2026-04-14 16:20:00,75323.9,75350.0,75184.9,75219.1,27.03975355
2026-04-14 16:25:00,75219.1,75366.7,75219.1,75252.0,20.32727605
2026-04-14 16:30:00,75250.2,75259.4,75144.4,75179.0,12.79899417
2026-04-14 16:35:00,75178.9,75289.3,75097.9,75236.3,31.76751888
2026-04-14 16:40:00,75236.3,75282.0,75199.4,75205.6,24.85641323
2026-04-14 16:45:00,75209.5,75231.2,75088.9,75095.5,88.90575828
2026-04-14 16:50:00,75095.5,75108.9,74754.1,74773.4,78.3594964
2026-04-14 16:55:00,74773.5,74794.7,74512.3,74645.2,72.81686149
2026-04-14 17:00:00,74639.9,74750.0,74575.8,74669.6,33.2996059
2026-04-14 17:05:00,74668.0,74748.2,74654.0,74735.8,31.841228
2026-04-14 17:10:00,74735.8,74812.4,74692.2,74793.8,25.51377467
2026-04-14 17:15:00,74793.7,74875.0,74755.2,74863.5,7.9122174
2026-04-14 17:20:00,74863.6,74949.8,74841.3,74848.8,16.60211834
2026-04-14 17:25:00,74848.9,74874.2,74633.0,74633.0,18.93007952
2026-04-14 17:30:00,74632.2,74687.7,74302.7,74347.9,46.79494464
2026-04-14 17:35:00,74351.1,74429.4,74252.5,74377.5,44.04793248
2026-04-14 17:40:00,74377.6,74597.4,74377.6,74549.6,14.30428592
2026-04-14 17:45:00,74549.6,74670.0,74525.0,74666.2,14.63137358
2026-04-14 17:50:00,74666.2,74705.6,74639.1,74677.0,12.37306832
2026-04-14 17:55:00,74677.9,74761.5,74675.0,74742.2,19.37284309
2026-04-14 18:00:00,74742.2,74807.6,74728.6,74768.4,25.37629919
2026-04-14 18:05:00,74768.0,74799.2,74722.2,74784.1,19.92550871
2026-04-14 18:10:00,74784.3,74803.3,74605.9,74668.7,7.63521763
2026-04-14 18:15:00,74671.1,74736.5,74631.3,74709.3,7.33925104
2026-04-14 18:20:00,74709.4,74742.3,74437.7,74488.3,28.27629543
2026-04-14 18:25:00,74488.3,74609.6,74452.2,74517.1,22.90180568
2026-04-14 18:30:00,74517.0,74568.1,74411.8,74411.8,11.25175697
2026-04-14 18:35:00,74411.8,74463.5,74140.0,74182.0,128.01072662
2026-04-14 18:40:00,74182.6,74300.0,74182.6,74292.7,26.73401241
2026-04-14 18:45:00,74292.8,74344.2,73843.6,73856.9,113.45380241
2026-04-14 18:50:00,73856.9,74131.2,73838.0,74093.4,60.78823977
2026-04-14 18:55:00,74093.3,74130.7,74038.8,74094.2,11.60180906
2026-04-14 19:00:00,74094.1,74249.8,74049.7,74199.6,37.41173589
2026-04-14 19:05:00,74199.5,74337.2,74199.5,74334.4,45.91309462
2026-04-14 19:10:00,74334.4,74393.5,74256.1,74258.1,21.04799342
2026-04-14 19:15:00,74258.1,74352.1,74250.0,74319.5,17.85832678
2026-04-14 19:20:00,74319.5,74367.2,74011.8,74011.8,33.71427885
2026-04-14 19:25:00,74011.7,74188.3,73866.2,74162.8,41.70035007
2026-04-14 19:30:00,74162.8,74276.6,74095.8,74104.1,38.34252401
2026-04-14 19:35:00,74104.0,74181.3,74035.0,74165.2,35.83105376
2026-04-14 19:40:00,74165.3,74250.0,74076.8,74117.1,29.90430862
2026-04-14 19:45:00,74117.1,74170.5,74083.4,74156.2,26.65715925
2026-04-14 19:50:00,74156.3,74270.6,74115.1,74228.8,47.19611412
2026-04-14 19:55:00,74228.9,74255.3,74172.0,74219.4,49.6540971
2026-04-14 20:00:00,74226.6,74419.4,74211.3,74295.3,60.07294188
2026-04-14 20:05:00,74295.2,74370.8,74237.4,74370.8,15.69763477
2026-04-14 20:10:00,74370.7,74433.2,74316.0,74411.9,14.8453495
2026-04-14 20:15:00,74411.8,74433.0,74283.1,74310.6,11.90215008
2026-04-14 20:20:00,74310.7,74319.5,74117.6,74198.2,21.13435245
2026-04-14 20:25:00,74197.9,74218.5,74170.0,74188.2,10.05098695
2026-04-14 20:30:00,74188.3,74284.1,74188.3,74192.4,13.93642163
2026-04-14 20:35:00,74192.4,74219.5,74126.9,74167.0,23.01784791
2026-04-14 20:40:00,74167.1,74255.2,74143.3,74255.2,13.59136903
2026-04-14 20:45:00,74255.2,74298.8,74171.0,74227.2,22.63383729
2026-04-14 20:50:00,74227.2,74242.3,74117.7,74140.0,15.43308142
2026-04-14 20:55:00,74139.9,74156.6,74008.2,74100.5,23.40151871
2026-04-14 21:00:00,74101.9,74296.9,74095.7,74283.7,23.00890566
2026-04-14 21:05:00,74283.7,74283.7,74177.4,74225.6,8.57193036
2026-04-14 21:10:00,74225.6,74250.8,74200.0,74200.1,18.80194348
2026-04-14 21:15:00,74200.1,74200.1,74132.7,74164.4,12.40938197
2026-04-14 21:20:00,74164.4,74180.5,74044.5,74050.1,11.69729711
2026-04-14 21:25:00,74050.1,74124.5,74050.1,74124.4,16.07242489
2026-04-14 21:30:00,74124.4,74142.5,74049.2,74049.2,6.08236853
2026-04-14 21:35:00,74049.2,74086.6,74018.0,74040.9,7.00912146
2026-04-14 21:40:00,74040.9,74054.0,73949.7,74016.3,18.37846708
2026-04-14 21:45:00,74018.4,74038.6,73980.7,74007.8,2.77796807
2026-04-14 21:50:00,74007.9,74228.5,74007.8,74210.6,10.65460947
2026-04-14 21:55:00,74210.6,74319.9,74188.7,74274.8,13.2400997
2026-04-14 22:00:00,74274.8,74274.8,74125.3,74156.3,14.78359103
2026-04-14 22:05:00,74156.5,74328.1,74145.6,74310.0,22.78100303
2026-04-14 22:10:00,74310.1,74366.6,74242.9,74309.0,20.5903877
2026-04-14 22:15:00,74309.0,74309.0,74108.9,74109.5,16.70020364
2026-04-14 22:20:00,74112.0,74121.7,74014.0,74073.0,13.85809025
2026-04-14 22:25:00,74072.9,74072.9,73910.3,73914.5,18.84671708
2026-04-14 22:30:00,73915.2,74084.7,73803.2,74010.1,39.00004532
2026-04-14 22:35:00,74010.1,74027.0,73903.5,73978.0,9.48911817
2026-04-14 22:40:00,73978.0,74041.2,73964.8,73979.3,5.06862809
2026-04-14 22:45:00,73979.3,74084.7,73964.9,74015.1,9.50747899
2026-04-14 22:50:00,74015.1,74099.4,74003.4,74072.0,3.92025063
2026-04-14 22:55:00,74072.0,74126.9,74023.8,74023.9,13.55545559
2026-04-14 23:00:00,74023.9,74116.1,74002.2,74116.0,5.00041004
2026-04-14 23:05:00,74116.1,74157.2,74051.3,74051.3,9.15964665
2026-04-14 23:10:00,74051.3,74110.5,74036.5,74097.9,6.16064298
2026-04-14 23:15:00,74098.0,74218.9,74098.0,74149.8,20.924917
2026-04-14 23:20:00,74149.8,74195.1,74114.1,74114.1,4.84431534
2026-04-14 23:25:00,74114.1,74122.4,74055.5,74111.8,4.82275968
2026-04-14 23:30:00,74111.9,74189.7,74075.9,74149.5,10.95883458
2026-04-14 23:35:00,74149.5,74178.5,74041.5,74162.5,9.90966448
2026-04-14 23:40:00,74164.5,74205.4,74129.5,74139.1,23.2770732
2026-04-14 23:45:00,74139.1,74236.6,74139.1,74210.4,12.41325023
2026-04-14 23:50:00,74210.3,74230.2,74035.3,74070.1,37.19141985
2026-04-14 23:55:00,74070.1,74183.6,74060.1,74148.8,10.22763274
2026-04-15 00:00:00,74148.8,74595.0,74127.0,74554.1,72.78500445
2026-04-15 00:05:00,74548.5,74683.2,74478.8,74625.2,29.6861779
2026-04-15 00:10:00,74625.2,74625.2,74483.8,74548.9,27.66336964
2026-04-15 00:15:00,74554.7,74554.7,74394.0,74401.4,12.71181056
2026-04-15 00:20:00,74401.5,74639.0,74401.5,74581.1,28.54764279
2026-04-15 00:25:00,74581.1,74613.4,74536.7,74591.2,13.23271282
2026-04-15 00:30:00,74591.1,74607.4,74448.3,74511.6,15.93175649
2026-04-15 00:35:00,74511.7,74589.4,74500.0,74537.2,12.59799609
2026-04-15 00:40:00,74537.2,74566.9,74509.1,74551.1,8.85102359
2026-04-15 00:45:00,74551.0,74597.8,74438.3,74452.6,13.25535559
2026-04-15 00:50:00,74450.8,74547.0,74440.3,74445.2,13.44099799
2026-04-15 00:55:00,74445.3,74597.3,74445.3,74569.9,12.14231905
2026-04-15 01:00:00,74569.8,74670.0,74510.3,74643.9,23.69109055
2026-04-15 01:05:00,74643.9,74742.3,74643.9,74716.9,18.73268527
2026-04-15 01:10:00,74716.8,74755.9,74655.1,74749.3,11.07589899
2026-04-15 01:15:00,74749.3,74790.5,74672.4,74710.7,27.82469541
2026-04-15 01:20:00,74698.5,74708.7,74590.8,74603.1,6.39143443
2026-04-15 01:25:00,74603.2,74691.4,74595.3,74676.6,7.16263635
2026-04-15 01:30:00,74676.7,74710.3,74621.3,74640.5,2.46604125
2026-04-15 01:35:00,74640.6,74641.8,74492.1,74575.2,22.81556571
2026-04-15 01:40:00,74575.1,74660.8,74561.8,74638.5,8.60494173
2026-04-15 01:45:00,74636.4,74657.7,74572.6,74647.7,9.23265528
2026-04-15 01:50:00,74647.7,74740.6,74585.2,74618.4,15.24906982
2026-04-15 01:55:00,74618.4,74652.7,74610.8,74610.9,10.4786494
2026-04-15 02:00:00,74610.9,74700.8,74600.3,74645.9,13.35127189
2026-04-15 02:05:00,74645.9,74645.9,74605.0,74605.1,1.74895999
