timestamp,open,high,low,close,volume
2026-03-16 02:10:00,0.09785,0.09787,0.09777,0.09783,1417683.495802
2026-03-16 02:15:00,0.09784,0.09789,0.09758,0.0976,7399088.962654
2026-03-16 02:20:00,0.09759,0.0976,0.09728,0.09739,2482038.37819
2026-03-16 02:25:00,0.09739,0.0974,0.09705,0.09724,4669662.675031
2026-03-16 02:30:00,0.09723,0.09735,0.09711,0.09713,1893736.826398
2026-03-16 02:35:00,0.09715,0.09731,0.09705,0.09721,2048471.472145
2026-03-16 02:40:00,0.09721,0.0974,0.09708,0.09738,2673700.732171
2026-03-16 02:45:00,0.09739,0.09775,0.09739,0.09749,4890274.999306
2026-03-16 02:50:00,0.0975,0.09799,0.0975,0.09791,1693063.431865
2026-03-16 02:55:00,0.0979,0.09847,0.0979,0.09813,9729208.417702
2026-03-16 03:00:00,0.09814,0.09837,0.09781,0.09836,3424671.933039
2026-03-16 03:05:00,0.09836,0.09836,0.09795,0.09826,18661651.90136
2026-03-16 03:10:00,0.09825,0.09862,0.09823,0.09854,5327057.125988
2026-03-16 03:15:00,0.09855,0.09887,0.09836,0.09874,7509524.400145
2026-03-16 03:20:00,0.09873,0.09966,0.09862,0.09954,16880569.674593
2026-03-16 03:25:00,0.09955,0.09959,0.09907,0.09936,7164238.988901
2026-03-16 03:30:00,0.09937,0.1014,0.09936,0.10115,54874685.102323
2026-03-16 03:35:00,0.10113,0.10127,0.10063,0.10102,26512660.954288
2026-03-16 03:40:00,0.10102,0.1013,0.10022,0.10037,17028320.014113
2026-03-16 03:45:00,0.10038,0.10059,0.09986,0.09997,10341942.843449
2026-03-16 03:50:00,0.09998,0.10018,0.09989,0.10013,5634372.742905
2026-03-16 03:55:00,0.10013,0.10014,0.0999,0.09998,2064265.013444
2026-03-16 04:00:00,0.09998,0.10039,0.09998,0.1002,4375104.943481
2026-03-16 04:05:00,0.10019,0.10062,0.10019,0.10036,3233603.308945
2026-03-16 04:10:00,0.10035,0.1004,0.10026,0.10037,2281590.299395
2026-03-16 04:15:00,0.10036,0.10066,0.10022,0.10024,2944272.502191
2026-03-16 04:20:00,0.10022,0.1005,0.10003,0.10015,5222566.061414
2026-03-16 04:25:00,0.10015,0.10015,0.09991,0.10003,6775790.38853
2026-03-16 04:30:00,0.10001,0.10025,0.09981,0.10006,5051109.384387
2026-03-16 04:35:00,0.10004,0.10049,0.09993,0.10028,5889117.9856
2026-03-16 04:40:00,0.10026,0.10026,0.1,0.10017,3661107.741633
2026-03-16 04:45:00,0.10019,0.10053,0.10014,0.10048,4533619.954808
2026-03-16 04:50:00,0.10048,0.10094,0.10036,0.10086,5330124.198268
2026-03-16 04:55:00,0.10088,0.10113,0.10055,0.10069,7186705.097773
2026-03-16 05:00:00,0.10069,0.1008,0.10049,0.10062,3131186.106938
2026-03-16 05:05:00,0.10061,0.10077,0.10055,0.10073,6374620.923457
2026-03-16 05:10:00,0.10074,0.1012,0.10069,0.10097,4763555.266195
2026-03-16 05:15:00,0.10097,0.10111,0.10084,0.10105,3432385.603312
2026-03-16 05:20:00,0.10105,0.10125,0.10078,0.10094,7837320.494553
2026-03-16 05:25:00,0.10093,0.10122,0.10092,0.10116,3039811.132614
2026-03-16 05:30:00,0.10116,0.10116,0.1007,0.10103,3331057.695845
2026-03-16 05:35:00,0.10103,0.10137,0.10093,0.10133,3361426.692015
2026-03-16 05:40:00,0.10133,0.10167,0.10122,0.10157,5203699.188169
2026-03-16 05:45:00,0.10157,0.10177,0.10151,0.10161,6122050.538527
2026-03-16 05:50:00,0.1016,0.10165,0.10142,0.10151,3065756.57174
2026-03-16 05:55:00,0.1015,0.10179,0.10141,0.10157,6229359.402358
2026-03-16 06:00:00,0.10157,0.10172,0.1013,0.10146,4406893.925198
2026-03-16 06:05:00,0.10147,0.10162,0.10121,0.10132,5993278.646819
2026-03-16 06:10:00,0.10131,0.10155,0.1012,0.10155,4677287.77105
2026-03-16 06:15:00,0.10154,0.10255,0.10152,0.10241,19999760.76205
2026-03-16 06:20:00,0.1024,0.10254,0.10188,0.1019,7714813.223376
2026-03-16 06:25:00,0.10191,0.10191,0.1015,0.10166,5502786.144328
2026-03-16 06:30:00,0.10163,0.10197,0.10155,0.10174,4538490.538912
2026-03-16 06:35:00,0.10173,0.10206,0.10165,0.10203,3274563.540055
2026-03-16 06:40:00,0.10201,0.10201,0.10178,0.10179,3379625.527538
2026-03-16 06:45:00,0.10178,0.10189,0.10157,0.10159,2842321.197106
2026-03-16 06:50:00,0.10159,0.1019,0.10157,0.10187,3587213.007195
2026-03-16 06:55:00,0.10188,0.10195,0.10162,0.10166,1594596.042269
2026-03-16 07:00:00,0.10166,0.10232,0.10162,0.1022,5985461.86599
2026-03-16 07:05:00,0.10219,0.10236,0.10206,0.10226,2088266.372992
2026-03-16 07:10:00,0.10225,0.10239,0.10218,0.10224,2447742.555425
2026-03-16 07:15:00,0.10225,0.10265,0.10216,0.10251,6530975.976483
2026-03-16 07:20:00,0.1025,0.10258,0.10216,0.10224,5942297.242124
2026-03-16 07:25:00,0.10225,0.1023,0.10202,0.10214,4629176.656001
2026-03-16 07:30:00,0.10213,0.1023,0.10205,0.10213,2856092.5204
2026-03-16 07:35:00,0.10213,0.10244,0.10201,0.10209,6231298.884367
2026-03-16 07:40:00,0.10209,0.10242,0.10201,0.10237,3160833.291459
2026-03-16 07:45:00,0.10236,0.10248,0.10207,0.10212,2916086.973691
2026-03-16 07:50:00,0.10212,0.10229,0.10207,0.10224,5058230.464995
2026-03-16 07:55:00,0.10225,0.10238,0.10196,0.10199,4328408.831441
2026-03-16 08:00:00,0.102,0.10251,0.102,0.10237,6685707.20307
2026-03-16 08:05:00,0.10236,0.10294,0.10231,0.1027,5217979.951032
2026-03-16 08:10:00,0.10269,0.1029,0.10216,0.10229,3767173.754252
2026-03-16 08:15:00,0.10227,0.10231,0.10147,0.10193,10599218.777379
2026-03-16 08:20:00,0.10193,0.10199,0.10156,0.10185,4100781.181982
2026-03-16 08:25:00,0.10184,0.10184,0.10135,0.10136,4657653.645021
2026-03-16 08:30:00,0.10134,0.10141,0.10063,0.10075,13752269.951133
2026-03-16 08:35:00,0.10076,0.10105,0.10074,0.1008,8806373.052442
2026-03-16 08:40:00,0.10081,0.10116,0.1006,0.1006,5252539.720001
2026-03-16 08:45:00,0.10061,0.10099,0.1006,0.10082,3990406.31503
2026-03-16 08:50:00,0.10083,0.10091,0.10031,0.10077,7847102.299691
2026-03-16 08:55:00,0.10077,0.10077,0.1002,0.10036,6232994.860816
2026-03-16 09:00:00,0.10036,0.10048,0.10023,0.10037,4756549.903832
2026-03-16 09:05:00,0.10036,0.10038,0.09988,0.10028,14745815.776525
2026-03-16 09:10:00,0.10029,0.10054,0.10012,0.10038,4323687.700803
2026-03-16 09:15:00,0.10039,0.10082,0.10038,0.10072,3278485.317259
2026-03-16 09:20:00,0.10072,0.10092,0.10046,0.10081,4628966.361667
2026-03-16 09:25:00,0.1008,0.10091,0.1007,0.1008,2746519.186534
2026-03-16 09:30:00,0.10079,0.10084,0.1006,0.10065,1209154.060488
2026-03-16 09:35:00,0.10065,0.10081,0.10058,0.1006,453918.661826
2026-03-16 09:40:00,0.10064,0.10076,0.10059,0.10069,919068.824235
2026-03-16 09:45:00,0.10071,0.10129,0.10071,0.10127,3665636.612401
2026-03-16 09:50:00,0.10125,0.10138,0.10117,0.10129,1367748.703716
2026-03-16 09:55:00,0.10129,0.10135,0.10108,0.10109,845689.714179
2026-03-16 10:00:00,0.10109,0.10131,0.10104,0.1011,6921652.486889
2026-03-16 10:05:00,0.1011,0.10121,0.10087,0.10108,3299529.266094
2026-03-16 10:10:00,0.10108,0.10117,0.10095,0.10097,1507015.121661
2026-03-16 10:15:00,0.10097,0.10099,0.10082,0.10082,1707678.364952
2026-03-16 10:20:00,0.10083,0.10101,0.10071,0.10074,1286262.893883
2026-03-16 10:25:00,0.10072,0.10086,0.10068,0.10075,2593322.059246
2026-03-16 10:30:00,0.10074,0.10074,0.10046,0.10055,4684398.908017
2026-03-16 10:35:00,0.10055,0.10055,0.10022,0.10023,1634037.305004
2026-03-16 10:40:00,0.10022,0.10038,0.10022,0.10022,1446298.211651
2026-03-16 10:45:00,0.10024,0.10036,0.10011,0.10021,1979281.275565
2026-03-16 10:50:00,0.1002,0.10032,0.10013,0.10024,2682324.456558
2026-03-16 10:55:00,0.10024,0.1007,0.10024,0.10068,3565740.720325
2026-03-16 11:00:00,0.10067,0.1007,0.1003,0.10046,2245380.972011
2026-03-16 11:05:00,0.10047,0.10058,0.10023,0.10024,1532664.698671
2026-03-16 11:10:00,0.10024,0.10041,0.1,0.10009,3408622.624533
2026-03-16 11:15:00,0.10009,0.10016,0.09985,0.10007,3016793.411513
2026-03-16 11:20:00,0.10006,0.10012,0.0996,0.09966,5210972.154716
2026-03-16 11:25:00,0.09967,0.09973,0.09945,0.09945,3292868.460282
2026-03-16 11:30:00,0.09945,0.09976,0.09939,0.09973,2730437.496645
2026-03-16 11:35:00,0.09972,0.09978,0.09965,0.09976,876905.723357
2026-03-16 11:40:00,0.09975,0.09985,0.09967,0.09979,1493390.328299
2026-03-16 11:45:00,0.09979,0.10016,0.09979,0.10009,6844703.485132
2026-03-16 11:50:00,0.10008,0.1002,0.09986,0.0999,1379799.177049
2026-03-16 11:55:00,0.0999,0.10001,0.09988,0.09996,693498.850786
2026-03-16 12:00:00,0.09997,0.10051,0.09993,0.10012,4113679.122045
2026-03-16 12:05:00,0.10013,0.10029,0.1,0.10008,1817833.114871
2026-03-16 12:10:00,0.10007,0.10028,0.09987,0.1002,1977498.313543
2026-03-16 12:15:00,0.10019,0.10025,0.09997,0.10011,1261510.039042
2026-03-16 12:20:00,0.10013,0.10027,0.09974,0.10003,2143873.45498
2026-03-16 12:25:00,0.10002,0.10034,0.09993,0.10023,6382997.409092
2026-03-16 12:30:00,0.10023,0.10037,0.10002,0.10018,4565536.896524
2026-03-16 12:35:00,0.1002,0.10025,0.09993,0.1002,1981352.64234
2026-03-16 12:40:00,0.1002,0.10032,0.10004,0.1001,2656827.40766
2026-03-16 12:45:00,0.10009,0.10025,0.09998,0.10007,1125088.055038
2026-03-16 12:50:00,0.10008,0.10014,0.09985,0.09992,606151.125205
2026-03-16 12:55:00,0.09991,0.10013,0.09991,0.10009,450761.076746
2026-03-16 13:00:00,0.1001,0.10023,0.10002,0.10008,2358161.711333
2026-03-16 13:05:00,0.10009,0.1002,0.09998,0.10013,1089871.734235
2026-03-16 13:10:00,0.10014,0.10054,0.10011,0.10047,2143718.511541
2026-03-16 13:15:00,0.10048,0.10064,0.10028,0.10041,1933287.203737
2026-03-16 13:20:00,0.10041,0.10076,0.10038,0.10066,2684891.626091
2026-03-16 13:25:00,0.10067,0.10068,0.10037,0.10037,2335576.813463
2026-03-16 13:30:00,0.10037,0.10122,0.1002,0.10116,6202317.896662
2026-03-16 13:35:00,0.10114,0.10153,0.10101,0.10147,10479019.303528
2026-03-16 13:40:00,0.10145,0.10169,0.10059,0.10076,8251387.912382
2026-03-16 13:45:00,0.10076,0.10125,0.10071,0.1009,13164208.181492
2026-03-16 13:50:00,0.10091,0.10108,0.10009,0.10009,9053736.623942
2026-03-16 13:55:00,0.10011,0.10054,0.09996,0.10054,5055416.52004
2026-03-16 14:00:00,0.10054,0.10107,0.10037,0.10079,3258041.414333
2026-03-16 14:05:00,0.1008,0.10145,0.1007,0.10129,4448045.862222
2026-03-16 14:10:00,0.10128,0.10154,0.10103,0.10125,2753685.016122
2026-03-16 14:15:00,0.10124,0.10146,0.10107,0.10107,2575188.962736
2026-03-16 14:20:00,0.10109,0.10192,0.10105,0.10166,9332493.748705
2026-03-16 14:25:00,0.10166,0.10166,0.10062,0.10062,7315451.761649
2026-03-16 14:30:00,0.10064,0.10116,0.09995,0.10116,12366751.707665
2026-03-16 14:35:00,0.10115,0.10147,0.10055,0.10065,11602716.668179
2026-03-16 14:40:00,0.10064,0.10096,0.10048,0.10089,6535636.091351
2026-03-16 14:45:00,0.1009,0.10148,0.10076,0.1012,3928263.454242
2026-03-16 14:50:00,0.10119,0.10221,0.10108,0.10211,5341462.224115
2026-03-16 14:55:00,0.1021,0.10355,0.10201,0.10312,32826920.589882
2026-03-16 15:00:00,0.10312,0.10333,0.10238,0.10242,9857555.029115
2026-03-16 15:05:00,0.10243,0.10248,0.1019,0.10217,9622431.101301
2026-03-16 15:10:00,0.10216,0.10225,0.10182,0.10182,5954378.443552
2026-03-16 15:15:00,0.10182,0.10221,0.10123,0.10218,7731951.252524
2026-03-16 15:20:00,0.10216,0.10218,0.10179,0.10186,9043393.743152
2026-03-16 15:25:00,0.10187,0.10189,0.10148,0.10163,2546627.448406
2026-03-16 15:30:00,0.10164,0.10181,0.10112,0.10128,3860236.300758
2026-03-16 15:35:00,0.10127,0.10142,0.10077,0.10098,6171611.924821
2026-03-16 15:40:00,0.10096,0.10101,0.10057,0.10057,3605231.631538
2026-03-16 15:45:00,0.10058,0.10082,0.10043,0.10052,3111289.251481
2026-03-16 15:50:00,0.1005,0.10055,0.10004,0.10018,4631743.652623
2026-03-16 15:55:00,0.10016,0.10023,0.09995,0.10005,2793829.676129
2026-03-16 16:00:00,0.10007,0.10025,0.09991,0.10007,7960449.70606
2026-03-16 16:05:00,0.10007,0.10066,0.10007,0.10033,6065142.848622
2026-03-16 16:10:00,0.10034,0.10051,0.0999,0.09999,4234108.645276
2026-03-16 16:15:00,0.1,0.10037,0.1,0.10009,3741429.315665
2026-03-16 16:20:00,0.10012,0.10035,0.10004,0.10022,2255581.20011
2026-03-16 16:25:00,0.10021,0.10055,0.10013,0.10049,2889653.785532
2026-03-16 16:30:00,0.10049,0.10063,0.1002,0.1004,2370808.381791
2026-03-16 16:35:00,0.10041,0.10069,0.10026,0.10056,2639996.11163
2026-03-16 16:40:00,0.10056,0.101,0.10055,0.10086,3742827.571809
2026-03-16 16:45:00,0.10083,0.10106,0.10059,0.10083,1812923.779166
2026-03-16 16:50:00,0.10082,0.10128,0.10074,0.10117,3579246.489479
2026-03-16 16:55:00,0.10119,0.10138,0.10106,0.10115,4588077.756661
2026-03-16 17:00:00,0.10116,0.10147,0.10097,0.10115,2345983.630656
2026-03-16 17:05:00,0.10115,0.10152,0.10107,0.10115,3423481.289673
2026-03-16 17:10:00,0.10116,0.10142,0.10115,0.10122,2648119.949607
2026-03-16 17:15:00,0.10124,0.1013,0.10103,0.10125,1301407.97525
2026-03-16 17:20:00,0.10127,0.10145,0.10121,0.10129,2747625.301399
2026-03-16 17:25:00,0.10128,0.10131,0.10091,0.10095,3861803.374996
2026-03-16 17:30:00,0.10095,0.10138,0.10095,0.1011,3178780.968748
2026-03-16 17:35:00,0.1011,0.10154,0.1011,0.10149,1753180.110341
2026-03-16 17:40:00,0.10148,0.10162,0.10134,0.10145,1459053.198106
2026-03-16 17:45:00,0.10144,0.10171,0.10133,0.10139,3110784.868974
2026-03-16 17:50:00,0.10137,0.10161,0.10116,0.10144,2870102.724351
2026-03-16 17:55:00,0.10141,0.10146,0.10133,0.10143,705673.980544
2026-03-16 18:00:00,0.10143,0.10152,0.10126,0.10136,3592747.692637
2026-03-16 18:05:00,0.10135,0.10202,0.10131,0.10197,4102972.010076
2026-03-16 18:10:00,0.10196,0.10199,0.10158,0.10163,1935073.822312
2026-03-16 18:15:00,0.10164,0.10214,0.10161,0.10198,3566960.292873
2026-03-16 18:20:00,0.10197,0.10229,0.10181,0.10226,2504861.7293
2026-03-16 18:25:00,0.10225,0.10242,0.10202,0.10204,2479724.567802
2026-03-16 18:30:00,0.10204,0.10211,0.10197,0.10203,2322415.545268
2026-03-16 18:35:00,0.10206,0.10212,0.10164,0.10173,2678334.181432
2026-03-16 18:40:00,0.10173,0.10207,0.10173,0.10198,1626182.17263
2026-03-16 18:45:00,0.10197,0.10197,0.10167,0.10191,726374.74964
2026-03-16 18:50:00,0.10193,0.10194,0.10174,0.10179,788353.65485
2026-03-16 18:55:00,0.1018,0.10188,0.10167,0.10176,1010786.324368
2026-03-16 19:00:00,0.10177,0.10191,0.10147,0.1017,1592460.167334
2026-03-16 19:05:00,0.1017,0.10275,0.10167,0.10275,6160817.238169
2026-03-16 19:10:00,0.10274,0.10297,0.10227,0.10263,2851678.120849
2026-03-16 19:15:00,0.10263,0.10283,0.10214,0.10224,2085852.52108
2026-03-16 19:20:00,0.10223,0.10236,0.10214,0.10236,1220241.046046
2026-03-16 19:25:00,0.10237,0.10245,0.10215,0.10236,1237698.289379
2026-03-16 19:30:00,0.10237,0.10257,0.10233,0.10234,907228.39398
2026-03-16 19:35:00,0.10235,0.10236,0.102,0.10215,1985214.714448
2026-03-16 19:40:00,0.10212,0.10224,0.10201,0.10206,725497.882041
2026-03-16 19:45:00,0.10206,0.1021,0.10175,0.10191,1868704.356148
2026-03-16 19:50:00,0.1019,0.10198,0.10174,0.1018,3081721.348473
2026-03-16 19:55:00,0.10184,0.10205,0.10181,0.10198,1691901.026992
2026-03-16 20:00:00,0.10199,0.10206,0.10171,0.10203,617036.144407
2026-03-16 20:05:00,0.10201,0.10208,0.10191,0.10199,673531.258369
2026-03-16 20:10:00,0.102,0.10204,0.10188,0.10191,676154.684036
2026-03-16 20:15:00,0.10192,0.102,0.1017,0.10171,642664.639801
2026-03-16 20:20:00,0.10169,0.10181,0.10161,0.10161,448595.491089
2026-03-16 20:25:00,0.1016,0.10183,0.10148,0.10176,1176205.522539
2026-03-16 20:30:00,0.10173,0.10188,0.10166,0.10188,689849.768382
2026-03-16 20:35:00,0.10186,0.10206,0.10183,0.10193,1315674.657807
2026-03-16 20:40:00,0.10192,0.10193,0.10153,0.10153,605004.051115
2026-03-16 20:45:00,0.10154,0.10176,0.10152,0.10176,998234.958865
2026-03-16 20:50:00,0.10175,0.10188,0.10172,0.10175,1433898.935333
2026-03-16 20:55:00,0.10175,0.10175,0.10153,0.10154,635431.674137
2026-03-16 21:00:00,0.10154,0.10173,0.10122,0.10164,5924439.789351
2026-03-16 21:05:00,0.10167,0.10173,0.10128,0.10129,1496192.580337
2026-03-16 21:10:00,0.1013,0.10181,0.1013,0.10163,2899292.730126
2026-03-16 21:15:00,0.10161,0.1017,0.10152,0.10156,1155004.643686
2026-03-16 21:20:00,0.10158,0.10177,0.10142,0.10169,3435114.542271
2026-03-16 21:25:00,0.10169,0.10175,0.10145,0.10159,1020212.738539
2026-03-16 21:30:00,0.10159,0.10205,0.10146,0.10201,1379410.117128
2026-03-16 21:35:00,0.10202,0.10267,0.10197,0.10238,4317159.621239
2026-03-16 21:40:00,0.10239,0.10245,0.10207,0.10222,2265358.887636
2026-03-16 21:45:00,0.10223,0.1023,0.10205,0.10223,1000947.451823
2026-03-16 21:50:00,0.10223,0.10248,0.10219,0.1024,2492940.557354
2026-03-16 21:55:00,0.10238,0.10238,0.10187,0.102,2102461.766373
2026-03-16 22:00:00,0.10201,0.10261,0.102,0.10252,2253819.56601
2026-03-16 22:05:00,0.10253,0.10323,0.10253,0.10309,8626667.751299
2026-03-16 22:10:00,0.10309,0.10318,0.1027,0.10295,15807329.156768
2026-03-16 22:15:00,0.10294,0.10312,0.10265,0.10311,3581879.886614
2026-03-16 22:20:00,0.10311,0.10311,0.10264,0.1028,2136434.609265
2026-03-16 22:25:00,0.10278,0.10297,0.10269,0.10281,1780741.131948
2026-03-16 22:30:00,0.1028,0.10315,0.10279,0.10304,2358590.40797
2026-03-16 22:35:00,0.10302,0.10311,0.10287,0.10308,1207685.04339
2026-03-16 22:40:00,0.10308,0.10343,0.10287,0.10323,8082820.130311
2026-03-16 22:45:00,0.10322,0.10322,0.10297,0.10303,2457766.521683
2026-03-16 22:50:00,0.10304,0.10312,0.103,0.10309,1276619.310139
2026-03-16 22:55:00,0.10309,0.10336,0.10305,0.10326,3387051.500629
2026-03-16 23:00:00,0.10326,0.10326,0.10254,0.10257,5102726.345164
2026-03-16 23:05:00,0.10257,0.10274,0.10225,0.10232,3897180.131833
2026-03-16 23:10:00,0.10233,0.10269,0.10229,0.10264,1546470.95341
2026-03-16 23:15:00,0.10265,0.10281,0.10252,0.10254,2830344.002372
2026-03-16 23:20:00,0.10251,0.10267,0.10244,0.10244,1638606.901924
2026-03-16 23:25:00,0.10245,0.10286,0.10245,0.10285,1542913.617727
2026-03-16 23:30:00,0.10285,0.10331,0.10276,0.10282,3641620.391845
2026-03-16 23:35:00,0.10281,0.10303,0.10274,0.1029,2818971.139858
2026-03-16 23:40:00,0.10291,0.10325,0.10282,0.10324,2458888.847893
2026-03-16 23:45:00,0.10325,0.10373,0.10324,0.1037,11585757.203854
2026-03-16 23:50:00,0.1037,0.1037,0.10311,0.10322,2656696.618113
2026-03-16 23:55:00,0.10322,0.10325,0.10303,0.10303,1682260.61241
2026-03-17 00:00:00,0.10303,0.10307,0.10256,0.10281,3253923.818844
2026-03-17 00:05:00,0.10283,0.10328,0.10281,0.10325,7876525.699033
2026-03-17 00:10:00,0.10326,0.10404,0.10322,0.10384,15357561.536847
2026-03-17 00:15:00,0.10383,0.10398,0.10317,0.10323,9838538.375297
2026-03-17 00:20:00,0.10323,0.10334,0.10286,0.10292,4492471.541128
2026-03-17 00:25:00,0.10291,0.10311,0.10261,0.1031,2554070.842898
2026-03-17 00:30:00,0.10311,0.1035,0.10303,0.10332,3838704.905375
2026-03-17 00:35:00,0.10332,0.10349,0.10309,0.10312,2054782.946565
2026-03-17 00:40:00,0.10312,0.10321,0.10295,0.10301,2387861.281539
2026-03-17 00:45:00,0.10301,0.10318,0.10287,0.1029,1952883.127373
2026-03-17 00:50:00,0.10289,0.1029,0.10257,0.10277,1791355.464745
2026-03-17 00:55:00,0.10278,0.10321,0.1027,0.10321,1714231.043292
2026-03-17 01:00:00,0.10322,0.10336,0.10282,0.10288,3909781.364903
2026-03-17 01:05:00,0.10288,0.1036,0.10259,0.10342,7448615.124893
2026-03-17 01:10:00,0.10341,0.1039,0.10329,0.10343,7273577.33559
2026-03-17 01:15:00,0.10339,0.10348,0.10307,0.10342,4150286.731715
2026-03-17 01:20:00,0.10344,0.10347,0.10307,0.10323,2849788.939409
2026-03-17 01:25:00,0.10323,0.10367,0.10322,0.1036,3487287.3355
2026-03-17 01:30:00,0.10362,0.10365,0.1033,0.10362,4008722.262435
2026-03-17 01:35:00,0.1036,0.10384,0.10332,0.10343,3764927.560844
2026-03-17 01:40:00,0.10344,0.1035,0.1029,0.10326,4338728.116033
2026-03-17 01:45:00,0.10325,0.10332,0.10303,0.10309,1373644.886972
2026-03-17 01:50:00,0.1031,0.10322,0.10273,0.10281,1868734.572535
2026-03-17 01:55:00,0.10283,0.10331,0.10283,0.10325,2304949.973681
2026-03-17 02:00:00,0.10323,0.10326,0.10288,0.10309,1488041.169484
2026-03-17 02:05:00,0.10308,0.10308,0.1023,0.10235,5732262.485616
2026-03-17 02:10:00,0.10237,0.10247,0.10222,0.10244,1911913.845248
2026-03-17 02:15:00,0.10246,0.1027,0.10244,0.10252,5965940.811508
2026-03-17 02:20:00,0.10253,0.10256,0.10225,0.10244,1894868.33659
2026-03-17 02:25:00,0.10246,0.10256,0.10241,0.10249,1289175.937055
2026-03-17 02:30:00,0.1025,0.10312,0.10248,0.10311,3832802.191771
2026-03-17 02:35:00,0.1031,0.10389,0.10309,0.10379,7561607.002141
2026-03-17 02:40:00,0.10379,0.10449,0.10379,0.10421,20778836.270254
2026-03-17 02:45:00,0.1042,0.10448,0.10369,0.10377,7084058.872274
2026-03-17 02:50:00,0.10379,0.10402,0.1037,0.10378,2082872.431752
2026-03-17 02:55:00,0.10377,0.1038,0.10352,0.10352,2002100.164475
2026-03-17 03:00:00,0.10352,0.10359,0.10314,0.10314,3427765.19294
2026-03-17 03:05:00,0.10314,0.10314,0.10285,0.10289,4778815.055359
2026-03-17 03:10:00,0.10288,0.10288,0.10255,0.10274,4344109.382602
2026-03-17 03:15:00,0.10275,0.10281,0.10242,0.1027,9858313.251526
2026-03-17 03:20:00,0.10269,0.10277,0.10225,0.10257,5710477.546801
2026-03-17 03:25:00,0.10258,0.10281,0.10254,0.10266,2833041.160007
2026-03-17 03:30:00,0.10265,0.10265,0.10179,0.10189,9551048.43849
2026-03-17 03:35:00,0.10189,0.10198,0.10147,0.10189,10309841.823501
2026-03-17 03:40:00,0.10189,0.10189,0.10116,0.10123,10922503.434946
2026-03-17 03:45:00,0.10122,0.10125,0.10067,0.1009,22072055.834552
2026-03-17 03:50:00,0.1009,0.10133,0.10088,0.10107,5720193.296391
2026-03-17 03:55:00,0.10108,0.10133,0.10093,0.10127,4420203.763116
2026-03-17 04:00:00,0.10127,0.10153,0.10112,0.10123,4337275.786114
2026-03-17 04:05:00,0.10123,0.10166,0.10121,0.10157,5507239.621855
2026-03-17 04:10:00,0.10158,0.10167,0.10146,0.10159,3276812.295347
2026-03-17 04:15:00,0.1016,0.10164,0.10106,0.1012,4117408.539528
2026-03-17 04:20:00,0.10124,0.10127,0.1008,0.10112,4076776.255221
2026-03-17 04:25:00,0.10115,0.10137,0.10104,0.10115,3456873.739942
2026-03-17 04:30:00,0.10116,0.10129,0.10055,0.10073,7557136.848648
2026-03-17 04:35:00,0.10072,0.10085,0.10021,0.10025,9470007.70255
2026-03-17 04:40:00,0.10025,0.10058,0.09988,0.10033,12431123.834192
2026-03-17 04:45:00,0.10031,0.10069,0.10026,0.1005,5724010.230525
2026-03-17 04:50:00,0.1005,0.10063,0.10044,0.10054,2133341.536015
2026-03-17 04:55:00,0.10055,0.10067,0.10051,0.10053,2049865.307762
2026-03-17 05:00:00,0.10054,0.10056,0.10018,0.10046,2577483.128335
2026-03-17 05:05:00,0.10047,0.1007,0.10043,0.10045,1733172.259964
2026-03-17 05:10:00,0.10043,0.10066,0.10038,0.10046,3450160.201318
2026-03-17 05:15:00,0.10047,0.10073,0.10039,0.10059,1619468.495414
2026-03-17 05:20:00,0.10057,0.10057,0.10041,0.10054,1108865.895779
2026-03-17 05:25:00,0.10054,0.10072,0.10052,0.10052,1413489.179061
2026-03-17 05:30:00,0.10052,0.10055,0.10034,0.10036,1415417.097422
2026-03-17 05:35:00,0.10037,0.1004,0.09996,0.09999,4723456.982586
2026-03-17 05:40:00,0.09999,0.10021,0.09953,0.09953,8438495.91351
2026-03-17 05:45:00,0.09955,0.09977,0.09945,0.09977,4713877.888292
2026-03-17 05:50:00,0.09978,0.10027,0.09977,0.1002,3497665.921281
2026-03-17 05:55:00,0.10019,0.1002,0.09985,0.09999,6010202.082771
2026-03-17 06:00:00,0.1,0.10004,0.09971,0.09983,3273769.649791
2026-03-17 06:05:00,0.09983,0.09994,0.09961,0.09991,3714830.213377
2026-03-17 06:10:00,0.0999,0.1004,0.09985,0.10036,4279061.765184
2026-03-17 06:15:00,0.10036,0.10044,0.10014,0.10019,2449370.211838
2026-03-17 06:20:00,0.10017,0.10065,0.10015,0.10033,3686969.09904
2026-03-17 06:25:00,0.10034,0.10034,0.10009,0.10017,1248049.068409
2026-03-17 06:30:00,0.10018,0.10032,0.09999,0.10014,834525.244525
2026-03-17 06:35:00,0.10014,0.10021,0.10007,0.10021,1345809.46506
2026-03-17 06:40:00,0.10016,0.10017,0.09982,0.09985,2323150.147783
2026-03-17 06:45:00,0.09984,0.10005,0.09984,0.09993,2068224.841551
2026-03-17 06:50:00,0.09996,0.10016,0.09996,0.10003,629730.813498
2026-03-17 06:55:00,0.10003,0.10013,0.10002,0.10008,523962.083381
2026-03-17 07:00:00,0.10009,0.10025,0.10002,0.10018,1115292.927686
2026-03-17 07:05:00,0.10021,0.1004,0.10021,0.10039,622534.887692
2026-03-17 07:10:00,0.1004,0.10059,0.1004,0.10056,1737186.022868
2026-03-17 07:15:00,0.10056,0.10107,0.10053,0.10103,6989670.36135
2026-03-17 07:20:00,0.10105,0.10113,0.1009,0.10096,4224281.598117
2026-03-17 07:25:00,0.10094,0.10094,0.10075,0.10079,1377589.519458
2026-03-17 07:30:00,0.10079,0.10088,0.10067,0.10071,2019798.06583
2026-03-17 07:35:00,0.10072,0.10084,0.10062,0.10076,1677833.949574
2026-03-17 07:40:00,0.10077,0.10081,0.10056,0.1007,1852045.571224
2026-03-17 07:45:00,0.10069,0.10075,0.10066,0.10066,320236.47545
2026-03-17 07:50:00,0.10065,0.10065,0.1005,0.10054,1725791.517404
2026-03-17 07:55:00,0.10053,0.10064,0.10051,0.10055,879247.954311
2026-03-17 08:00:00,0.10055,0.10082,0.10053,0.10073,1604247.054505
2026-03-17 08:05:00,0.10074,0.10088,0.10057,0.10066,2176796.085507
2026-03-17 08:10:00,0.10066,0.10077,0.10046,0.10071,1951162.74127
2026-03-17 08:15:00,0.1007,0.10099,0.1005,0.10092,1326689.51174
2026-03-17 08:20:00,0.10091,0.10099,0.10076,0.1008,599925.304231
2026-03-17 08:25:00,0.10085,0.101,0.10083,0.10096,1688913.201661
2026-03-17 08:30:00,0.101,0.1013,0.10098,0.10126,2963753.129541
2026-03-17 08:35:00,0.10127,0.10127,0.10112,0.10118,1039251.283382
2026-03-17 08:40:00,0.10118,0.10137,0.10111,0.10129,1970518.123717
2026-03-17 08:45:00,0.10128,0.10139,0.10123,0.10125,1072118.877857
2026-03-17 08:50:00,0.10126,0.10143,0.10115,0.10119,2824195.741277
2026-03-17 08:55:00,0.10119,0.10127,0.10075,0.10087,2376367.521252
2026-03-17 09:00:00,0.10087,0.10098,0.10057,0.10059,3614261.213508
2026-03-17 09:05:00,0.1006,0.1007,0.10036,0.10042,1360383.082158
2026-03-17 09:10:00,0.10043,0.10063,0.10041,0.10051,1282373.77136
2026-03-17 09:15:00,0.1005,0.10089,0.10038,0.10089,2824742.11948
2026-03-17 09:20:00,0.10086,0.10087,0.1007,0.10079,2090129.160457
2026-03-17 09:25:00,0.1008,0.10129,0.1008,0.10107,3031567.435954
2026-03-17 09:30:00,0.10106,0.10116,0.10083,0.10088,2040441.392923
2026-03-17 09:35:00,0.10087,0.10102,0.10086,0.10093,1581081.601732
2026-03-17 09:40:00,0.10091,0.10096,0.10073,0.1009,1913077.749913
2026-03-17 09:45:00,0.1009,0.10102,0.10081,0.10092,516622.246561
2026-03-17 09:50:00,0.10093,0.10095,0.10066,0.10073,1629078.932732
2026-03-17 09:55:00,0.10072,0.10078,0.10053,0.10073,1361466.661611
2026-03-17 10:00:00,0.10076,0.10078,0.10044,0.10045,918595.299586
2026-03-17 10:05:00,0.10047,0.10047,0.10013,0.10028,5369536.504699
2026-03-17 10:10:00,0.10029,0.10044,0.10027,0.10033,1477483.374202
2026-03-17 10:15:00,0.10034,0.10038,0.09998,0.1003,4148832.124274
2026-03-17 10:20:00,0.1003,0.1005,0.10029,0.10044,1072902.732365
2026-03-17 10:25:00,0.10041,0.10054,0.10038,0.10039,469859.378359
2026-03-17 10:30:00,0.10039,0.10039,0.10023,0.10039,597210.77645
2026-03-17 10:35:00,0.1004,0.1004,0.10008,0.10033,1050470.845866
2026-03-17 10:40:00,0.10033,0.10042,0.10009,0.10029,3788184.29365
2026-03-17 10:45:00,0.10028,0.1003,0.1002,0.1002,547995.141628
2026-03-17 10:50:00,0.1002,0.10028,0.10009,0.10021,1532463.106867
2026-03-17 10:55:00,0.1002,0.10026,0.10015,0.10019,438930.167296
2026-03-17 11:00:00,0.1002,0.10031,0.1001,0.10029,1228193.874889
2026-03-17 11:05:00,0.1003,0.10043,0.1003,0.10036,1499994.100717
2026-03-17 11:10:00,0.10035,0.10044,0.10028,0.10034,830324.118692
2026-03-17 11:15:00,0.10036,0.10045,0.10023,0.10041,3212720.722964
2026-03-17 11:20:00,0.10042,0.10046,0.10034,0.10046,1018349.505583
2026-03-17 11:25:00,0.10045,0.10053,0.10032,0.10037,1756970.235695
2026-03-17 11:30:00,0.10038,0.10038,0.10011,0.10025,1397072.702539
2026-03-17 11:35:00,0.1002,0.10041,0.10015,0.10027,1288929.505044
2026-03-17 11:40:00,0.10027,0.10028,0.10022,0.10024,584285.703207
2026-03-17 11:45:00,0.10024,0.10037,0.10022,0.10031,704177.708632
2026-03-17 11:50:00,0.10031,0.10037,0.10019,0.10019,1699676.259145
2026-03-17 11:55:00,0.10018,0.10025,0.09997,0.10016,3289390.495051
2026-03-17 12:00:00,0.10015,0.1002,0.09996,0.10004,1723584.569982
2026-03-17 12:05:00,0.10003,0.10011,0.09998,0.1001,1617212.451391
2026-03-17 12:10:00,0.1001,0.1002,0.09988,0.1,2773337.970029
2026-03-17 12:15:00,0.10003,0.10021,0.09979,0.10021,2231133.665887
2026-03-17 12:20:00,0.1002,0.10025,0.09969,0.0997,3361122.220582
2026-03-17 12:25:00,0.09971,0.09976,0.09919,0.0994,10195269.257048
2026-03-17 12:30:00,0.0994,0.0994,0.09919,0.09923,2500318.670719
2026-03-17 12:35:00,0.09921,0.09924,0.09873,0.09918,9908937.417089
2026-03-17 12:40:00,0.09916,0.09919,0.09901,0.09919,2419182.338099
2026-03-17 12:45:00,0.09917,0.09917,0.09901,0.09908,3224016.370503
2026-03-17 12:50:00,0.09907,0.09909,0.09886,0.09903,3059771.937995
2026-03-17 12:55:00,0.09901,0.09906,0.09871,0.09882,4561226.04417
2026-03-17 13:00:00,0.09881,0.09909,0.09878,0.09909,1895821.49765
2026-03-17 13:05:00,0.09909,0.09909,0.09885,0.09893,5893282.020267
2026-03-17 13:10:00,0.09892,0.09903,0.09888,0.09898,2371391.644406
2026-03-17 13:15:00,0.09897,0.09903,0.09882,0.09895,1321648.060205
2026-03-17 13:20:00,0.09895,0.09897,0.0986,0.09887,4037733.435491
2026-03-17 13:25:00,0.09886,0.0989,0.09871,0.09882,2575370.032328
2026-03-17 13:30:00,0.09882,0.09961,0.09877,0.09936,10760066.049909
2026-03-17 13:35:00,0.09936,0.09965,0.09927,0.09965,7626298.720194
2026-03-17 13:40:00,0.09965,0.09972,0.09896,0.09904,6544931.596554
2026-03-17 13:45:00,0.09904,0.0992,0.09866,0.09886,5337426.784038
2026-03-17 13:50:00,0.09886,0.0989,0.09847,0.0989,7601222.672208
2026-03-17 13:55:00,0.09889,0.09906,0.09877,0.09894,6910817.42253
2026-03-17 14:00:00,0.09897,0.09898,0.09833,0.09861,8564101.213398
2026-03-17 14:05:00,0.09863,0.09899,0.09855,0.09893,4666847.598003
2026-03-17 14:10:00,0.09895,0.09909,0.09871,0.09892,5827122.910612
2026-03-17 14:15:00,0.09892,0.09905,0.09863,0.09889,3496757.747
2026-03-17 14:20:00,0.09889,0.09909,0.09884,0.09896,3856638.103488
2026-03-17 14:25:00,0.09895,0.09923,0.09879,0.09916,5797917.853957
2026-03-17 14:30:00,0.09916,0.09955,0.09916,0.09949,9675023.981155
2026-03-17 14:35:00,0.09949,0.09981,0.09937,0.09942,9720870.732717
2026-03-17 14:40:00,0.09943,0.09952,0.09925,0.09938,5140218.85619
2026-03-17 14:45:00,0.09938,0.09974,0.09932,0.09948,10967698.497517
2026-03-17 14:50:00,0.09949,0.09959,0.09927,0.09952,6134214.690687
2026-03-17 14:55:00,0.09951,0.09983,0.09948,0.09972,8529815.277083
2026-03-17 15:00:00,0.09973,0.10053,0.09968,0.10029,18350227.770373
2026-03-17 15:05:00,0.10028,0.10032,0.09968,0.09971,9957498.601789
2026-03-17 15:10:00,0.0997,0.0997,0.09937,0.09947,7088448.715168
2026-03-17 15:15:00,0.09945,0.09966,0.09939,0.09966,1949355.573304
2026-03-17 15:20:00,0.09964,0.09979,0.09928,0.0993,3022324.995587
2026-03-17 15:25:00,0.0993,0.09935,0.09913,0.09925,2273457.63206
2026-03-17 15:30:00,0.09923,0.09949,0.09913,0.09933,1115073.004653
2026-03-17 15:35:00,0.09935,0.09941,0.09881,0.0992,4385297.003359
2026-03-17 15:40:00,0.09921,0.09927,0.099,0.09916,1352546.712839
2026-03-17 15:45:00,0.09914,0.09925,0.09906,0.09922,2642114.103603
2026-03-17 15:50:00,0.09924,0.09979,0.09924,0.09971,2128964.244835
2026-03-17 15:55:00,0.09972,0.09978,0.09959,0.09968,254862.976956
2026-03-17 16:00:00,0.09967,0.09979,0.09952,0.09957,1447071.805343
2026-03-17 16:05:00,0.09954,0.09973,0.09942,0.09972,1840164.461379
2026-03-17 16:10:00,0.09972,0.09979,0.09945,0.09949,4205846.344534
2026-03-17 16:15:00,0.09951,0.1001,0.09947,0.1001,3193508.979551
2026-03-17 16:20:00,0.10005,0.10026,0.09994,0.10022,2622155.091298
2026-03-17 16:25:00,0.10019,0.10037,0.1001,0.10014,2417029.608946
2026-03-17 16:30:00,0.1002,0.10021,0.09964,0.0998,5155100.462196
2026-03-17 16:35:00,0.09982,0.09985,0.09965,0.09975,1130449.742563
2026-03-17 16:40:00,0.09977,0.0999,0.09967,0.09982,285859.40234
2026-03-17 16:45:00,0.0998,0.09989,0.09964,0.09981,1346458.301086
2026-03-17 16:50:00,0.09982,0.10009,0.09982,0.1,1462422.755964
2026-03-17 16:55:00,0.10001,0.10003,0.09982,0.09989,361506.629385
2026-03-17 17:00:00,0.09991,0.10025,0.09991,0.10011,970293.263808
2026-03-17 17:05:00,0.1001,0.1001,0.1,0.1,1332386.649102
2026-03-17 17:10:00,0.09999,0.09999,0.09961,0.09989,4069397.375087
2026-03-17 17:15:00,0.0999,0.09996,0.09977,0.09996,1582466.238085
2026-03-17 17:20:00,0.09996,0.10024,0.09996,0.10016,1433385.938208
2026-03-17 17:25:00,0.10016,0.10016,0.09991,0.1,687915.082585
2026-03-17 17:30:00,0.09999,0.10019,0.09985,0.09991,1066072.715873
2026-03-17 17:35:00,0.09989,0.10007,0.09989,0.10005,259138.248162
2026-03-17 17:40:00,0.10005,0.10031,0.10005,0.10024,2711416.432465
2026-03-17 17:45:00,0.10025,0.10051,0.10019,0.10051,2191378.19064
2026-03-17 17:50:00,0.10051,0.10067,0.10046,0.10055,745496.169502
2026-03-17 17:55:00,0.10055,0.10064,0.10044,0.10063,321487.968733
2026-03-17 18:00:00,0.10064,0.1008,0.10051,0.1007,1509113.199716
2026-03-17 18:05:00,0.1007,0.10087,0.10055,0.10086,3293145.452276
2026-03-17 18:10:00,0.10086,0.10096,0.10076,0.10076,557464.520984
2026-03-17 18:15:00,0.10075,0.10084,0.10059,0.10074,510754.226426
2026-03-17 18:20:00,0.10073,0.10084,0.10052,0.10054,471817.270352
2026-03-17 18:25:00,0.10056,0.10059,0.10035,0.10041,2424058.181878
2026-03-17 18:30:00,0.1004,0.1008,0.1004,0.10069,2957931.755013
2026-03-17 18:35:00,0.10068,0.10096,0.10064,0.1009,1086808.411682
2026-03-17 18:40:00,0.10091,0.10103,0.10089,0.10094,1129658.697698
2026-03-17 18:45:00,0.10096,0.10111,0.10095,0.10106,1392743.840953
2026-03-17 18:50:00,0.10106,0.10112,0.10097,0.10104,1094407.711716
2026-03-17 18:55:00,0.10101,0.10102,0.10076,0.10098,1265592.138865
2026-03-17 19:00:00,0.10099,0.1011,0.1009,0.10091,671998.112981
2026-03-17 19:05:00,0.1009,0.10104,0.10088,0.10095,475277.179309
2026-03-17 19:10:00,0.10095,0.1011,0.10095,0.10098,556271.676634
2026-03-17 19:15:00,0.10101,0.1011,0.10096,0.10099,1000486.146407
2026-03-17 19:20:00,0.101,0.1011,0.10086,0.10096,852622.152066
2026-03-17 19:25:00,0.10099,0.10101,0.10068,0.10078,643994.746251
2026-03-17 19:30:00,0.10078,0.10078,0.10056,0.10057,263652.2097
2026-03-17 19:35:00,0.10058,0.10092,0.10058,0.1008,1623401.250779
2026-03-17 19:40:00,0.1008,0.1008,0.10055,0.10058,553192.54134
2026-03-17 19:45:00,0.1006,0.1006,0.10028,0.10051,1211555.309573
2026-03-17 19:50:00,0.10044,0.10045,0.10022,0.10037,690470.580019
2026-03-17 19:55:00,0.10037,0.10037,0.10018,0.10025,569753.956871
2026-03-17 20:00:00,0.10026,0.10027,0.10004,0.10008,497456.972772
2026-03-17 20:05:00,0.10006,0.1001,0.09995,0.10008,1790372.121351
2026-03-17 20:10:00,0.10009,0.10028,0.10007,0.10007,284274.419629
2026-03-17 20:15:00,0.10008,0.10027,0.10008,0.1002,1398961.351761
2026-03-17 20:20:00,0.10022,0.10053,0.10022,0.10053,523827.116312
2026-03-17 20:25:00,0.10052,0.10065,0.10049,0.10056,1346684.263506
2026-03-17 20:30:00,0.10057,0.10058,0.10035,0.10036,932156.236523
2026-03-17 20:35:00,0.10037,0.1004,0.10027,0.10039,3727918.662696
2026-03-17 20:40:00,0.10038,0.1004,0.1003,0.10037,462705.294531
2026-03-17 20:45:00,0.10036,0.10041,0.10029,0.10041,1991691.844176
2026-03-17 20:50:00,0.10041,0.10047,0.10039,0.10041,499698.351944
2026-03-17 20:55:00,0.10041,0.10058,0.10041,0.10056,775187.339884
2026-03-17 21:00:00,0.10056,0.1006,0.10045,0.10045,846091.643444
2026-03-17 21:05:00,0.10045,0.10055,0.10039,0.10054,589350.410765
2026-03-17 21:10:00,0.10055,0.10122,0.10055,0.10105,3921346.041083
2026-03-17 21:15:00,0.10104,0.10104,0.10083,0.10089,1053531.323742
2026-03-17 21:20:00,0.10088,0.10096,0.10084,0.10092,606836.90171
2026-03-17 21:25:00,0.10092,0.10097,0.1008,0.10085,140716.215934
2026-03-17 21:30:00,0.10086,0.10094,0.10076,0.10088,544649.376236
2026-03-17 21:35:00,0.10089,0.10117,0.10088,0.10112,892693.033729
2026-03-17 21:40:00,0.10112,0.10128,0.10105,0.10124,748318.516153
2026-03-17 21:45:00,0.10125,0.10129,0.10107,0.10107,563609.178188
2026-03-17 21:50:00,0.10107,0.10109,0.10095,0.10107,473140.146396
2026-03-17 21:55:00,0.10106,0.10122,0.10099,0.10119,336387.453004
2026-03-17 22:00:00,0.10119,0.10173,0.10101,0.10153,7800968.437808
2026-03-17 22:05:00,0.10156,0.10167,0.10123,0.10133,1771906.211608
2026-03-17 22:10:00,0.10133,0.10137,0.10112,0.1012,550522.874784
2026-03-17 22:15:00,0.10117,0.10123,0.10108,0.10108,827894.083209
2026-03-17 22:20:00,0.1011,0.10123,0.1011,0.10116,434447.847276
2026-03-17 22:25:00,0.10116,0.10121,0.10104,0.10106,520069.986275
2026-03-17 22:30:00,0.10106,0.1011,0.10072,0.10085,1378787.009653
2026-03-17 22:35:00,0.10087,0.10089,0.10035,0.10043,1234306.320989
2026-03-17 22:40:00,0.10044,0.10067,0.10036,0.10061,1667301.49487
2026-03-17 22:45:00,0.10059,0.10099,0.10058,0.10093,1110394.917563
2026-03-17 22:50:00,0.10092,0.10095,0.10082,0.10089,578917.052356
2026-03-17 22:55:00,0.10089,0.10095,0.10073,0.10087,2251293.775784
2026-03-17 23:00:00,0.10088,0.10093,0.10079,0.10084,704916.499401
2026-03-17 23:05:00,0.10086,0.10098,0.10079,0.10094,566885.060379
2026-03-17 23:10:00,0.10098,0.10115,0.10097,0.10097,1223379.635356
2026-03-17 23:15:00,0.10098,0.10098,0.10082,0.10094,1089763.534927
2026-03-17 23:20:00,0.10093,0.10097,0.10045,0.10058,1253093.798827
2026-03-17 23:25:00,0.10058,0.10061,0.10048,0.10059,192827.653505
2026-03-17 23:30:00,0.10057,0.10057,0.1003,0.1004,929343.633949
2026-03-17 23:35:00,0.10037,0.10039,0.10016,0.10021,3203198.209341
2026-03-17 23:40:00,0.10021,0.10022,0.10003,0.1001,2314647.093873
2026-03-17 23:45:00,0.10011,0.10034,0.10011,0.10033,5305162.694765
2026-03-17 23:50:00,0.10033,0.10033,0.1001,0.10011,891569.580459
2026-03-17 23:55:00,0.10012,0.10019,0.10006,0.10014,911441.53102
2026-03-18 00:00:00,0.10015,0.10041,0.10013,0.10026,1421001.778132
2026-03-18 00:05:00,0.10027,0.10035,0.10017,0.10024,706152.461485
2026-03-18 00:10:00,0.10027,0.10033,0.10011,0.10011,1312619.092806
2026-03-18 00:15:00,0.10012,0.10021,0.09975,0.10002,4566400.388991
2026-03-18 00:20:00,0.10003,0.10008,0.09967,0.09972,2859049.870815
2026-03-18 00:25:00,0.09971,0.09999,0.0997,0.09994,1485594.972737
2026-03-18 00:30:00,0.09992,0.09992,0.09969,0.09979,1120847.189603
2026-03-18 00:35:00,0.0998,0.09984,0.09967,0.09971,1919727.734577
2026-03-18 00:40:00,0.09972,0.09992,0.0997,0.09992,1428682.132432
2026-03-18 00:45:00,0.09993,0.10024,0.09993,0.1001,2425309.43038
2026-03-18 00:50:00,0.10009,0.10017,0.10001,0.10003,959094.154986
2026-03-18 00:55:00,0.10005,0.10014,0.1,0.1001,1131244.499165
2026-03-18 01:00:00,0.10012,0.10061,0.1001,0.10045,1909226.433584
2026-03-18 01:05:00,0.10044,0.10051,0.1003,0.10041,1333940.671102
2026-03-18 01:10:00,0.10042,0.10045,0.10015,0.10037,304913.821341
2026-03-18 01:15:00,0.10038,0.10043,0.10024,0.10037,305358.565166
2026-03-18 01:20:00,0.10036,0.10051,0.10031,0.1004,744382.443133
2026-03-18 01:25:00,0.10041,0.10051,0.1004,0.10046,464580.895429
2026-03-18 01:30:00,0.10045,0.10076,0.1004,0.10069,1422984.426406
2026-03-18 01:35:00,0.10068,0.10068,0.10045,0.10056,661810.851614
2026-03-18 01:40:00,0.10057,0.10086,0.10057,0.10077,1042570.019023
2026-03-18 01:45:00,0.10076,0.10087,0.1007,0.10075,1020072.482575
2026-03-18 01:50:00,0.10077,0.10077,0.10043,0.1005,842203.328791
2026-03-18 01:55:00,0.10051,0.10061,0.10029,0.10032,2463940.997724
2026-03-18 02:00:00,0.10032,0.10048,0.10029,0.10035,573674.753585
2026-03-18 02:05:00,0.10034,0.10076,0.10034,0.10071,456112.683933
2026-03-18 02:10:00,0.10072,0.10104,0.10066,0.10103,1894802.76002
2026-03-18 02:15:00,0.10104,0.10116,0.10093,0.10113,3298092.419917
2026-03-18 02:20:00,0.10113,0.10116,0.10088,0.10098,1465822.623329
2026-03-18 02:25:00,0.10098,0.10098,0.10079,0.10084,438472.729956
2026-03-18 02:30:00,0.10085,0.10138,0.10084,0.10126,2466464.721621
2026-03-18 02:35:00,0.10125,0.10131,0.10104,0.1012,1205946.13222
2026-03-18 02:40:00,0.10118,0.10118,0.10099,0.10103,828140.459373
2026-03-18 02:45:00,0.10105,0.10113,0.10089,0.10096,781309.113021
2026-03-18 02:50:00,0.10096,0.10107,0.10089,0.10089,866141.68524
2026-03-18 02:55:00,0.10089,0.101,0.10087,0.10088,875011.342908
2026-03-18 03:00:00,0.10089,0.10102,0.1008,0.10095,628498.386879
2026-03-18 03:05:00,0.10095,0.10101,0.10067,0.10074,1924394.411556
2026-03-18 03:10:00,0.10076,0.10085,0.10073,0.10077,1907758.409934
2026-03-18 03:15:00,0.10079,0.10094,0.10076,0.1008,1606470.718812
2026-03-18 03:20:00,0.10081,0.10138,0.10078,0.1013,3851671.285345
2026-03-18 03:25:00,0.10128,0.1017,0.10126,0.1017,5353298.867333
2026-03-18 03:30:00,0.1017,0.10185,0.10155,0.10166,8607876.162471
2026-03-18 03:35:00,0.10166,0.1018,0.10134,0.10136,2853848.575116
2026-03-18 03:40:00,0.10135,0.10137,0.10119,0.10125,1655751.577374
2026-03-18 03:45:00,0.10125,0.10131,0.10094,0.10099,3663297.606387
2026-03-18 03:50:00,0.10098,0.10107,0.10092,0.10106,949988.881366
2026-03-18 03:55:00,0.10107,0.1012,0.10103,0.10117,1609457.924453
2026-03-18 04:00:00,0.10117,0.10125,0.10099,0.10111,1048792.236226
2026-03-18 04:05:00,0.10111,0.10111,0.1009,0.10091,803276.36161
2026-03-18 04:10:00,0.10093,0.10099,0.10088,0.10088,1314075.829574
2026-03-18 04:15:00,0.10088,0.10088,0.10048,0.10057,3024723.187587
2026-03-18 04:20:00,0.10057,0.10067,0.10047,0.10052,1376854.583875
2026-03-18 04:25:00,0.10051,0.10052,0.10032,0.10035,2116309.514186
2026-03-18 04:30:00,0.10035,0.10036,0.09973,0.09999,13543904.47169
2026-03-18 04:35:00,0.09999,0.10006,0.09989,0.09998,3526184.895361
2026-03-18 04:40:00,0.09998,0.1001,0.09998,0.10007,2023857.473607
2026-03-18 04:45:00,0.10006,0.10021,0.1,0.1001,1844836.277712
2026-03-18 04:50:00,0.1001,0.10019,0.10007,0.10009,1619979.665281
2026-03-18 04:55:00,0.1001,0.10023,0.1001,0.10022,1056688.34485
2026-03-18 05:00:00,0.10022,0.10048,0.10016,0.10037,2184961.558016
2026-03-18 05:05:00,0.10037,0.1007,0.10037,0.10067,2450423.626417
2026-03-18 05:10:00,0.10068,0.10115,0.10068,0.10093,3365160.558555
2026-03-18 05:15:00,0.10093,0.10099,0.1008,0.10087,1480208.321846
2026-03-18 05:20:00,0.10088,0.10089,0.10068,0.10073,1921261.818919
2026-03-18 05:25:00,0.10074,0.10074,0.10057,0.10057,1469262.732795
2026-03-18 05:30:00,0.10056,0.10079,0.10056,0.10057,2317179.858877
2026-03-18 05:35:00,0.10057,0.10064,0.10047,0.10061,1915895.20022
2026-03-18 05:40:00,0.1006,0.1006,0.10048,0.10052,425993.548541
2026-03-18 05:45:00,0.10052,0.10071,0.10049,0.10049,1346430.026372
2026-03-18 05:50:00,0.10049,0.10053,0.10021,0.10021,4601282.013001
2026-03-18 05:55:00,0.10023,0.10032,0.10008,0.10026,2488161.887198
2026-03-18 06:00:00,0.10026,0.10062,0.10025,0.10056,2813453.592582
2026-03-18 06:05:00,0.10055,0.10063,0.10047,0.10063,724939.753651
2026-03-18 06:10:00,0.10064,0.10065,0.10052,0.10058,525037.709776
2026-03-18 06:15:00,0.10059,0.1007,0.10043,0.10067,1220835.465408
2026-03-18 06:20:00,0.10068,0.10093,0.10051,0.10085,1461363.051473
2026-03-18 06:25:00,0.10087,0.10095,0.10075,0.10077,1838837.675897
2026-03-18 06:30:00,0.10079,0.10088,0.10071,0.10071,1052216.281221
2026-03-18 06:35:00,0.10071,0.10071,0.10042,0.10045,1443210.343061
2026-03-18 06:40:00,0.10044,0.10053,0.10037,0.10053,1433962.606167
2026-03-18 06:45:00,0.10053,0.10063,0.10049,0.10051,1384154.987936
2026-03-18 06:50:00,0.1005,0.10053,0.10039,0.10043,901477.870743
2026-03-18 06:55:00,0.10043,0.10044,0.10015,0.10016,2108814.257215
2026-03-18 07:00:00,0.10017,0.10018,0.10001,0.10006,6411074.643946
2026-03-18 07:05:00,0.10006,0.10011,0.09951,0.09958,12071855.717534
2026-03-18 07:10:00,0.09957,0.09981,0.09957,0.09978,4310140.842371
2026-03-18 07:15:00,0.09979,0.09982,0.09958,0.09959,3384716.990653
2026-03-18 07:20:00,0.09958,0.09958,0.09935,0.09949,7131237.847865
2026-03-18 07:25:00,0.09948,0.09955,0.09922,0.09933,4817409.062293
2026-03-18 07:30:00,0.09933,0.09939,0.09926,0.09934,1630635.250359
2026-03-18 07:35:00,0.09934,0.09951,0.09925,0.09929,2641060.362746
2026-03-18 07:40:00,0.09928,0.09953,0.09924,0.09933,1847258.776736
2026-03-18 07:45:00,0.09933,0.09947,0.09926,0.09943,2594873.399254
2026-03-18 07:50:00,0.09942,0.09956,0.0994,0.0995,1588071.598897
2026-03-18 07:55:00,0.09949,0.09962,0.09947,0.09959,2386745.588716
2026-03-18 08:00:00,0.0996,0.09989,0.09952,0.09989,4900440.986889
2026-03-18 08:05:00,0.09989,0.10009,0.09985,0.09985,2000655.237966
2026-03-18 08:10:00,0.09984,0.09997,0.09975,0.09985,1025139.828666
2026-03-18 08:15:00,0.09984,0.09997,0.09976,0.09982,1432490.071102
2026-03-18 08:20:00,0.09984,0.09993,0.09981,0.09986,1405658.347031
2026-03-18 08:25:00,0.09987,0.09991,0.09977,0.09985,1535306.274196
2026-03-18 08:30:00,0.09985,0.09998,0.0997,0.09993,970588.830327
2026-03-18 08:35:00,0.09994,0.09995,0.09965,0.09992,1874728.954661
2026-03-18 08:40:00,0.09993,0.09993,0.09978,0.09989,832197.27148
2026-03-18 08:45:00,0.09989,0.09991,0.09976,0.0998,934869.43491
2026-03-18 08:50:00,0.09979,0.0999,0.09969,0.0997,983760.786922
2026-03-18 08:55:00,0.0997,0.09981,0.09966,0.09981,1110566.708
2026-03-18 09:00:00,0.09981,0.09986,0.09968,0.09982,980776.797237
2026-03-18 09:05:00,0.09983,0.09991,0.09976,0.09981,3084318.557418
2026-03-18 09:10:00,0.0998,0.09991,0.09974,0.09975,966086.696397
2026-03-18 09:15:00,0.09976,0.09992,0.09973,0.09983,1588792.071212
2026-03-18 09:20:00,0.09982,0.09989,0.09973,0.09982,1480057.349788
2026-03-18 09:25:00,0.09982,0.09984,0.09976,0.09979,843830.106267
2026-03-18 09:30:00,0.0998,0.09994,0.0998,0.09988,1993745.081842
2026-03-18 09:35:00,0.09988,0.10011,0.09987,0.1,1583228.295146
2026-03-18 09:40:00,0.10003,0.10006,0.09997,0.10001,1085629.972176
2026-03-18 09:45:00,0.10001,0.10003,0.09995,0.09996,749776.348875
2026-03-18 09:50:00,0.09996,0.09996,0.09971,0.09979,1625079.705699
2026-03-18 09:55:00,0.0998,0.09992,0.0997,0.09991,1454120.911636
2026-03-18 10:00:00,0.0999,0.10004,0.09967,0.09968,2358239.129033
2026-03-18 10:05:00,0.09967,0.09968,0.09955,0.09966,934335.014932
2026-03-18 10:10:00,0.09967,0.09989,0.09967,0.09977,1140761.830412
2026-03-18 10:15:00,0.09976,0.09977,0.09963,0.09963,639481.477621
2026-03-18 10:20:00,0.09963,0.09978,0.09961,0.09978,311947.641998
2026-03-18 10:25:00,0.09979,0.09986,0.09977,0.09977,458146.575498
2026-03-18 10:30:00,0.09977,0.09985,0.09971,0.09972,212464.591363
2026-03-18 10:35:00,0.0997,0.0997,0.09936,0.09941,5121493.41583
2026-03-18 10:40:00,0.09941,0.09945,0.09904,0.09907,2742470.58337
2026-03-18 10:45:00,0.09907,0.09912,0.09884,0.09905,6448955.868307
2026-03-18 10:50:00,0.09904,0.09916,0.099,0.09911,1939177.524278
2026-03-18 10:55:00,0.09911,0.0993,0.09909,0.09919,715402.978665
2026-03-18 11:00:00,0.09918,0.09921,0.09886,0.09895,1486637.553438
2026-03-18 11:05:00,0.09895,0.09904,0.09868,0.09904,5541743.488292
2026-03-18 11:10:00,0.09905,0.09942,0.09905,0.09924,2633053.129976
2026-03-18 11:15:00,0.09923,0.09935,0.09919,0.09926,530936.505203
2026-03-18 11:20:00,0.09925,0.09928,0.09913,0.09913,811428.568328
2026-03-18 11:25:00,0.09913,0.09913,0.09844,0.09847,8591488.713098
2026-03-18 11:30:00,0.09848,0.09851,0.09725,0.09743,32473781.356154
2026-03-18 11:35:00,0.09742,0.09751,0.09667,0.09684,25671951.80668
2026-03-18 11:40:00,0.09684,0.09724,0.0967,0.09711,10057818.177245
2026-03-18 11:45:00,0.09713,0.09717,0.0968,0.09688,12623643.034577
2026-03-18 11:50:00,0.09687,0.09702,0.09662,0.09677,8736602.439097
2026-03-18 11:55:00,0.09678,0.09713,0.09676,0.09711,5661797.250432
2026-03-18 12:00:00,0.0971,0.09711,0.09675,0.09692,2709837.410382
2026-03-18 12:05:00,0.09691,0.09695,0.09662,0.09674,3162267.375218
2026-03-18 12:10:00,0.09673,0.09704,0.09666,0.09695,1845288.810891
2026-03-18 12:15:00,0.09695,0.09706,0.09677,0.09682,3405770.549126
2026-03-18 12:20:00,0.09682,0.09705,0.09671,0.09681,2030333.278814
2026-03-18 12:25:00,0.09681,0.09692,0.09674,0.09678,4143817.790119
2026-03-18 12:30:00,0.09676,0.09677,0.09572,0.09603,35943825.316978
2026-03-18 12:35:00,0.09604,0.09617,0.09594,0.09606,4337127.96218
2026-03-18 12:40:00,0.09603,0.09617,0.09589,0.09602,3464511.636849
2026-03-18 12:45:00,0.09602,0.09605,0.09571,0.09589,5895640.422914
2026-03-18 12:50:00,0.09588,0.09611,0.09569,0.0961,3061434.890116
2026-03-18 12:55:00,0.0961,0.09618,0.09595,0.09595,2340901.775144
2026-03-18 13:00:00,0.09597,0.0961,0.09542,0.09596,7299367.607598
2026-03-18 13:05:00,0.09595,0.09622,0.09594,0.09604,12587516.629643
2026-03-18 13:10:00,0.09602,0.09618,0.09599,0.09612,1936894.892005
2026-03-18 13:15:00,0.09612,0.09615,0.09587,0.09597,801725.390637
2026-03-18 13:20:00,0.09595,0.09625,0.09592,0.09608,4865084.198864
2026-03-18 13:25:00,0.09607,0.09615,0.09583,0.09595,3460908.402306
2026-03-18 13:30:00,0.09595,0.096,0.09561,0.0958,6898964.903871
2026-03-18 13:35:00,0.09585,0.09631,0.09579,0.09605,6054786.700835
2026-03-18 13:40:00,0.09605,0.09612,0.09579,0.09584,2262490.83105
2026-03-18 13:45:00,0.09583,0.09606,0.09569,0.09579,1677124.094091
2026-03-18 13:50:00,0.0958,0.09595,0.09569,0.0958,2256080.010169
2026-03-18 13:55:00,0.09582,0.09587,0.09561,0.0958,9202221.154975
2026-03-18 14:00:00,0.09581,0.09585,0.09535,0.0956,3488030.041801
2026-03-18 14:05:00,0.09557,0.09577,0.09542,0.09568,1776516.340614
2026-03-18 14:10:00,0.09566,0.09566,0.09516,0.0952,3774931.041981
2026-03-18 14:15:00,0.0952,0.09538,0.09512,0.09522,2928491.520378
2026-03-18 14:20:00,0.09525,0.0954,0.09512,0.09529,1216206.274653
2026-03-18 14:25:00,0.0953,0.09533,0.0946,0.09474,18020641.208711
2026-03-18 14:30:00,0.09473,0.09497,0.09454,0.09475,17001452.609962
2026-03-18 14:35:00,0.09474,0.09494,0.09462,0.09465,3086911.726482
2026-03-18 14:40:00,0.09465,0.09479,0.09432,0.09442,7729959.996055
2026-03-18 14:45:00,0.09442,0.09476,0.09441,0.09476,3464495.326968
2026-03-18 14:50:00,0.09477,0.0948,0.09431,0.09449,2476197.158084
2026-03-18 14:55:00,0.09446,0.0947,0.09436,0.09452,5239929.474446
2026-03-18 15:00:00,0.09451,0.09472,0.09398,0.09462,13870556.381942
2026-03-18 15:05:00,0.09459,0.09482,0.09446,0.09469,6938868.769546
2026-03-18 15:10:00,0.09469,0.09469,0.0943,0.09441,3475181.418391
2026-03-18 15:15:00,0.09443,0.09449,0.09433,0.09441,3153491.979193
2026-03-18 15:20:00,0.09442,0.09457,0.09437,0.09446,3843215.63104
2026-03-18 15:25:00,0.09446,0.09455,0.09438,0.09448,1644134.601848
2026-03-18 15:30:00,0.09447,0.09465,0.09441,0.09451,1946752.808972
2026-03-18 15:35:00,0.0945,0.09453,0.09429,0.09436,1368342.534321
2026-03-18 15:40:00,0.09435,0.09441,0.09427,0.09435,1142414.063577
2026-03-18 15:45:00,0.09434,0.09438,0.09417,0.09428,1529530.68875
2026-03-18 15:50:00,0.09428,0.0944,0.09426,0.09438,1312385.431985
2026-03-18 15:55:00,0.09439,0.09455,0.09436,0.0944,1262437.721408
2026-03-18 16:00:00,0.09438,0.09438,0.09413,0.09424,3873459.424584
2026-03-18 16:05:00,0.09426,0.09427,0.09402,0.09412,3299932.751396
2026-03-18 16:10:00,0.09414,0.09424,0.09403,0.09407,1490830.695668
2026-03-18 16:15:00,0.09408,0.0941,0.09382,0.0939,6499892.613425
2026-03-18 16:20:00,0.09391,0.09391,0.09353,0.0936,8414544.734009
2026-03-18 16:25:00,0.0936,0.09374,0.09351,0.09365,3305576.583993
2026-03-18 16:30:00,0.09363,0.094,0.0936,0.09372,5814780.173471
2026-03-18 16:35:00,0.09368,0.0939,0.09354,0.09387,1563124.72678
2026-03-18 16:40:00,0.09388,0.09391,0.09382,0.09387,1570885.146825
2026-03-18 16:45:00,0.09388,0.09389,0.09367,0.09383,7455123.765362
2026-03-18 16:50:00,0.09383,0.09418,0.09377,0.0941,7662221.559615
2026-03-18 16:55:00,0.09409,0.09409,0.09383,0.09385,2188916.000024
2026-03-18 17:00:00,0.09386,0.09389,0.09345,0.09359,3879334.455779
2026-03-18 17:05:00,0.09361,0.09362,0.0933,0.09341,3403748.735521
2026-03-18 17:10:00,0.09341,0.09357,0.09341,0.09345,2074343.407459
2026-03-18 17:15:00,0.09347,0.09366,0.09338,0.09366,2363541.86759
2026-03-18 17:20:00,0.09367,0.09404,0.09366,0.09404,3413101.226159
2026-03-18 17:25:00,0.09404,0.09415,0.09388,0.09413,1989179.373037
2026-03-18 17:30:00,0.09414,0.09427,0.09399,0.09426,10505558.138681
2026-03-18 17:35:00,0.09425,0.09482,0.09425,0.09475,8718679.508923
2026-03-18 17:40:00,0.09475,0.09477,0.09436,0.09445,6774485.765374
2026-03-18 17:45:00,0.09445,0.09456,0.0944,0.09449,2690832.340716
2026-03-18 17:50:00,0.09449,0.0945,0.09434,0.09434,2725844.1644
2026-03-18 17:55:00,0.09434,0.09445,0.09427,0.09439,7190589.96398
2026-03-18 18:00:00,0.0944,0.09543,0.09437,0.09532,15498387.154046
2026-03-18 18:05:00,0.09532,0.09556,0.09519,0.09541,5306134.418694
2026-03-18 18:10:00,0.09541,0.09552,0.09517,0.09529,3855542.592155
2026-03-18 18:15:00,0.09525,0.09526,0.09455,0.09468,5247376.336847
2026-03-18 18:20:00,0.09469,0.09483,0.09464,0.09474,1866288.386719
2026-03-18 18:25:00,0.09473,0.09497,0.09464,0.09497,1581760.060902
2026-03-18 18:30:00,0.09496,0.09535,0.09477,0.09479,2934324.596183
2026-03-18 18:35:00,0.09479,0.09517,0.09475,0.09492,2849719.069397
2026-03-18 18:40:00,0.09492,0.09517,0.09487,0.09505,2305081.447804
2026-03-18 18:45:00,0.09503,0.09504,0.09475,0.09484,2144970.038553
2026-03-18 18:50:00,0.09484,0.09493,0.09436,0.09436,3579017.168609
2026-03-18 18:55:00,0.09437,0.09458,0.09422,0.09452,2516406.64671
2026-03-18 19:00:00,0.0945,0.09509,0.09449,0.09509,1453358.141429
2026-03-18 19:05:00,0.0951,0.09523,0.09501,0.09522,809761.857834
2026-03-18 19:10:00,0.0952,0.09528,0.09498,0.0951,1215047.088326
2026-03-18 19:15:00,0.0951,0.09538,0.09509,0.09534,1222275.166648
2026-03-18 19:20:00,0.09532,0.09534,0.09493,0.09493,1030894.933132
2026-03-18 19:25:00,0.09492,0.09507,0.09484,0.09498,828521.587025
2026-03-18 19:30:00,0.09501,0.09514,0.09496,0.09507,720663.231087
2026-03-18 19:35:00,0.09505,0.09509,0.0949,0.095,1945713.139577
2026-03-18 19:40:00,0.09502,0.09504,0.09471,0.09476,4296623.619613
2026-03-18 19:45:00,0.09475,0.09476,0.09452,0.09464,2339681.388588
2026-03-18 19:50:00,0.09465,0.09472,0.09449,0.0947,713962.930847
2026-03-18 19:55:00,0.09468,0.0947,0.0946,0.09464,1272569.338013
2026-03-18 20:00:00,0.09466,0.09471,0.09456,0.09464,1515994.573334
2026-03-18 20:05:00,0.0946,0.0946,0.09407,0.09409,3298842.34324
2026-03-18 20:10:00,0.09412,0.09459,0.09393,0.09448,3487625.718992
2026-03-18 20:15:00,0.09446,0.0946,0.0944,0.0944,1692785.691903
2026-03-18 20:20:00,0.09441,0.09451,0.09437,0.0945,478745.400279
2026-03-18 20:25:00,0.09448,0.09464,0.09447,0.09456,250277.945709
2026-03-18 20:30:00,0.09455,0.09473,0.09453,0.0947,1060352.095698
2026-03-18 20:35:00,0.09469,0.09479,0.0946,0.09479,944443.115691
2026-03-18 20:40:00,0.09479,0.09486,0.09473,0.09475,991800.919065
2026-03-18 20:45:00,0.09475,0.09511,0.09469,0.09508,1992299.191478
2026-03-18 20:50:00,0.09507,0.09518,0.09505,0.09517,1420273.936523
2026-03-18 20:55:00,0.09517,0.09526,0.09516,0.09516,727535.193239
2026-03-18 21:00:00,0.09517,0.09517,0.09501,0.09505,620787.24374
2026-03-18 21:05:00,0.09502,0.0951,0.09502,0.09507,844584.735867
2026-03-18 21:10:00,0.09507,0.09539,0.09505,0.09519,1974611.599404
2026-03-18 21:15:00,0.09518,0.09525,0.09511,0.09525,1026423.58905
2026-03-18 21:20:00,0.09526,0.09545,0.09526,0.09539,1736586.172989
2026-03-18 21:25:00,0.09538,0.09548,0.09536,0.09536,534604.911907
2026-03-18 21:30:00,0.09537,0.09542,0.09531,0.09531,758990.09667
2026-03-18 21:35:00,0.0953,0.09558,0.09526,0.09558,2465138.663199
2026-03-18 21:40:00,0.09557,0.09561,0.09546,0.09546,1883188.749398
2026-03-18 21:45:00,0.09545,0.09546,0.09533,0.09537,239892.617193
2026-03-18 21:50:00,0.09539,0.09541,0.09532,0.09536,256632.7082
2026-03-18 21:55:00,0.09536,0.09548,0.09536,0.09536,119247.453834
2026-03-18 22:00:00,0.09536,0.09536,0.09507,0.09513,1343823.913253
2026-03-18 22:05:00,0.09514,0.09514,0.09496,0.09506,1369287.73204
2026-03-18 22:10:00,0.09505,0.09509,0.0949,0.095,434279.781608
2026-03-18 22:15:00,0.095,0.0951,0.09496,0.09506,1271420.070495
2026-03-18 22:20:00,0.09506,0.09523,0.09502,0.09513,495607.310676
2026-03-18 22:25:00,0.09513,0.09519,0.09507,0.09519,881199.314393
2026-03-18 22:30:00,0.0952,0.09522,0.09511,0.09519,399005.251202
2026-03-18 22:35:00,0.09517,0.09523,0.09516,0.09523,200754.546085
2026-03-18 22:40:00,0.09522,0.09523,0.09498,0.09507,544803.797508
2026-03-18 22:45:00,0.09508,0.09508,0.09501,0.09501,312123.241016
2026-03-18 22:50:00,0.09501,0.09504,0.09493,0.09498,804312.380385
2026-03-18 22:55:00,0.09498,0.09502,0.09492,0.095,799831.872526
2026-03-18 23:00:00,0.09499,0.09516,0.09491,0.09495,606806.865531
2026-03-18 23:05:00,0.09496,0.09514,0.09492,0.09512,169932.868904
2026-03-18 23:10:00,0.09512,0.09512,0.09491,0.09492,307455.977587
2026-03-18 23:15:00,0.0949,0.09498,0.09485,0.09488,484135.189279
2026-03-18 23:20:00,0.09486,0.09491,0.09479,0.09487,388718.370762
2026-03-18 23:25:00,0.09487,0.09506,0.09484,0.09505,249028.081541
2026-03-18 23:30:00,0.09501,0.09526,0.095,0.09517,4266022.941173
2026-03-18 23:35:00,0.09515,0.09521,0.0951,0.09517,293537.230746
2026-03-18 23:40:00,0.09516,0.09518,0.09503,0.09506,741923.617784
2026-03-18 23:45:00,0.09508,0.09517,0.09496,0.09517,1206335.080327
2026-03-18 23:50:00,0.09518,0.09521,0.0951,0.09521,356426.911786
2026-03-18 23:55:00,0.09521,0.09528,0.0952,0.09526,872370.29555
2026-03-19 00:00:00,0.09527,0.09536,0.0951,0.09528,1526357.955737
2026-03-19 00:05:00,0.09529,0.09537,0.09523,0.09529,1071048.81517
2026-03-19 00:10:00,0.09527,0.09534,0.09509,0.09534,6717320.109303
2026-03-19 00:15:00,0.09535,0.09545,0.09523,0.0953,1884183.144541
2026-03-19 00:20:00,0.09529,0.09534,0.0952,0.09528,280700.40093
2026-03-19 00:25:00,0.09528,0.09549,0.09528,0.09548,765568.347021
2026-03-19 00:30:00,0.09547,0.09548,0.09518,0.09518,742974.376171
2026-03-19 00:35:00,0.09519,0.09523,0.09511,0.09514,792875.580461
2026-03-19 00:40:00,0.09513,0.09519,0.09502,0.09502,368428.930431
2026-03-19 00:45:00,0.09502,0.09516,0.095,0.09507,802398.064161
2026-03-19 00:50:00,0.09507,0.09513,0.09501,0.0951,380360.692667
2026-03-19 00:55:00,0.09511,0.09511,0.09503,0.09507,379792.170023
2026-03-19 01:00:00,0.09508,0.09526,0.09505,0.09506,595658.882459
2026-03-19 01:05:00,0.09505,0.09519,0.09494,0.09506,476008.395951
2026-03-19 01:10:00,0.09506,0.0951,0.09499,0.09507,669455.126095
2026-03-19 01:15:00,0.09508,0.09511,0.09495,0.09497,925131.627684
2026-03-19 01:20:00,0.09496,0.09503,0.09487,0.09492,1544595.397159
2026-03-19 01:25:00,0.09493,0.09504,0.09487,0.09502,359147.189219
2026-03-19 01:30:00,0.09503,0.0951,0.09492,0.09509,912772.906556
2026-03-19 01:35:00,0.0951,0.09519,0.09508,0.09518,210827.336408
2026-03-19 01:40:00,0.09517,0.09518,0.09503,0.09513,383925.721497
2026-03-19 01:45:00,0.09512,0.09514,0.095,0.09506,480483.920379
2026-03-19 01:50:00,0.09507,0.09507,0.09495,0.09503,442461.919886
2026-03-19 01:55:00,0.09503,0.09507,0.09489,0.09489,829962.875818
2026-03-19 02:00:00,0.09489,0.09489,0.09445,0.09472,4372251.877361
2026-03-19 02:05:00,0.09469,0.09483,0.09459,0.09473,611104.663321
2026-03-19 02:10:00,0.09473,0.09484,0.09473,0.09484,411794.39303
2026-03-19 02:15:00,0.0948,0.09494,0.0948,0.09484,614059.782219
2026-03-19 02:20:00,0.09488,0.09497,0.09476,0.09476,417512.604327
2026-03-19 02:25:00,0.09475,0.09476,0.09467,0.09475,541787.157963
2026-03-19 02:30:00,0.09476,0.09485,0.0947,0.09479,756590.343526
2026-03-19 02:35:00,0.09479,0.09483,0.09473,0.09476,251231.492874
2026-03-19 02:40:00,0.09477,0.0949,0.09476,0.09485,163619.254648
2026-03-19 02:45:00,0.09483,0.09484,0.09463,0.09463,498966.192417
2026-03-19 02:50:00,0.09463,0.09473,0.09458,0.09459,511418.3536
2026-03-19 02:55:00,0.09459,0.0946,0.09452,0.09456,755662.077684
2026-03-19 03:00:00,0.09457,0.09473,0.09456,0.0947,1466956.817118
2026-03-19 03:05:00,0.0947,0.0949,0.09461,0.0949,442987.942663
2026-03-19 03:10:00,0.09491,0.09501,0.09491,0.09499,271240.657819
2026-03-19 03:15:00,0.09498,0.09576,0.09498,0.09562,2814031.113833
2026-03-19 03:20:00,0.09564,0.09588,0.09545,0.0958,5597295.962662
2026-03-19 03:25:00,0.09579,0.09607,0.09567,0.09592,4852076.674545
2026-03-19 03:30:00,0.09593,0.09598,0.09562,0.09564,2354089.230241
2026-03-19 03:35:00,0.09564,0.09564,0.09539,0.09547,1763508.478455
2026-03-19 03:40:00,0.09549,0.0955,0.09531,0.09541,1167711.224699
2026-03-19 03:45:00,0.09541,0.09554,0.09533,0.09553,2463100.777051
2026-03-19 03:50:00,0.09552,0.09554,0.09543,0.09552,385759.378559
2026-03-19 03:55:00,0.0955,0.09553,0.09542,0.09545,809457.172588
2026-03-19 04:00:00,0.09546,0.09551,0.09527,0.09547,801209.172403
2026-03-19 04:05:00,0.09544,0.09546,0.09504,0.09526,2432803.968476
2026-03-19 04:10:00,0.09525,0.09528,0.09515,0.09523,911943.21745
2026-03-19 04:15:00,0.09524,0.09528,0.09513,0.09517,1400881.409834
2026-03-19 04:20:00,0.09518,0.09518,0.09489,0.09489,1470609.190285
2026-03-19 04:25:00,0.09488,0.09488,0.09473,0.09478,1040246.308056
2026-03-19 04:30:00,0.09478,0.09495,0.09477,0.09493,724695.173721
2026-03-19 04:35:00,0.09494,0.095,0.09489,0.09499,1615683.546062
2026-03-19 04:40:00,0.09495,0.09495,0.09473,0.09491,1038236.310208
2026-03-19 04:45:00,0.09491,0.09491,0.09478,0.09482,229148.936196
2026-03-19 04:50:00,0.09481,0.09491,0.09481,0.09486,586923.44252
2026-03-19 04:55:00,0.09486,0.09497,0.09479,0.09479,1705738.216796
2026-03-19 05:00:00,0.0948,0.09492,0.09476,0.09488,963841.949814
2026-03-19 05:05:00,0.09485,0.09497,0.09483,0.09485,1393369.068018
2026-03-19 05:10:00,0.09483,0.09484,0.0947,0.09477,463705.639525
2026-03-19 05:15:00,0.09478,0.09488,0.09478,0.09488,194076.743467
2026-03-19 05:20:00,0.09488,0.09491,0.09476,0.09483,195435.326379
2026-03-19 05:25:00,0.09481,0.09483,0.09434,0.09445,7003401.985638
2026-03-19 05:30:00,0.09443,0.09449,0.09428,0.0943,1470300.741408
2026-03-19 05:35:00,0.09432,0.09448,0.09427,0.09446,914390.514615
2026-03-19 05:40:00,0.09446,0.0946,0.09444,0.09448,268803.481443
2026-03-19 05:45:00,0.09448,0.09454,0.09437,0.09452,141750.663061
2026-03-19 05:50:00,0.09451,0.09455,0.09442,0.09455,589036.795579
2026-03-19 05:55:00,0.09456,0.09457,0.09451,0.09454,212969.103458
2026-03-19 06:00:00,0.09453,0.09461,0.09443,0.0945,682365.587098
2026-03-19 06:05:00,0.09449,0.09479,0.09441,0.0946,842027.995546
2026-03-19 06:10:00,0.09459,0.09475,0.09458,0.0947,994022.507085
2026-03-19 06:15:00,0.09469,0.0949,0.09468,0.09475,1411670.373435
2026-03-19 06:20:00,0.09474,0.09483,0.09456,0.09457,198994.93598
2026-03-19 06:25:00,0.09458,0.0947,0.09452,0.09452,359728.594548
2026-03-19 06:30:00,0.09452,0.09452,0.09429,0.0943,713200.97479
2026-03-19 06:35:00,0.09431,0.09456,0.09421,0.09454,3350167.318009
2026-03-19 06:40:00,0.09456,0.09466,0.0945,0.09466,337032.769894
2026-03-19 06:45:00,0.09466,0.09478,0.09466,0.0947,1078176.728705
2026-03-19 06:50:00,0.09468,0.09468,0.09452,0.09456,1171797.693961
2026-03-19 06:55:00,0.09456,0.09466,0.09453,0.0946,701783.708748
2026-03-19 07:00:00,0.09459,0.09472,0.09442,0.09469,3079083.117795
2026-03-19 07:05:00,0.09468,0.09475,0.09446,0.09456,2929083.439294
2026-03-19 07:10:00,0.09456,0.09462,0.09417,0.09429,7335372.536676
2026-03-19 07:15:00,0.09431,0.09438,0.09385,0.09392,8102072.887134
2026-03-19 07:20:00,0.09391,0.09391,0.09319,0.09358,10713676.689402
2026-03-19 07:25:00,0.09356,0.09423,0.09352,0.09396,4392933.694937
2026-03-19 07:30:00,0.09394,0.0942,0.09388,0.09416,1938235.297182
2026-03-19 07:35:00,0.09418,0.09475,0.09418,0.09473,4019288.163948
2026-03-19 07:40:00,0.09473,0.09485,0.09439,0.09443,1985884.508994
2026-03-19 07:45:00,0.09444,0.09454,0.09423,0.09432,2864754.579678
2026-03-19 07:50:00,0.09431,0.0946,0.09427,0.09451,671397.76937
2026-03-19 07:55:00,0.09449,0.09465,0.09431,0.09441,608562.9719
2026-03-19 08:00:00,0.09439,0.09465,0.09438,0.0944,1075011.238285
2026-03-19 08:05:00,0.09444,0.09465,0.09441,0.09446,212782.752906
2026-03-19 08:10:00,0.09446,0.09457,0.09436,0.09442,570248.500862
2026-03-19 08:15:00,0.09441,0.09451,0.09434,0.09442,813026.080749
2026-03-19 08:20:00,0.09444,0.09455,0.09424,0.09449,766433.559869
2026-03-19 08:25:00,0.09447,0.09447,0.09422,0.09423,737114.456864
2026-03-19 08:30:00,0.09423,0.09435,0.09414,0.09415,958456.165245
2026-03-19 08:35:00,0.09414,0.09436,0.09413,0.0942,850182.245319
2026-03-19 08:40:00,0.0942,0.09462,0.09419,0.09437,2783769.317904
2026-03-19 08:45:00,0.09436,0.09444,0.0943,0.09442,708179.297028
2026-03-19 08:50:00,0.09444,0.09449,0.09425,0.09432,6562938.928817
2026-03-19 08:55:00,0.09431,0.09431,0.09415,0.0942,190415.724132
2026-03-19 09:00:00,0.09424,0.09442,0.09421,0.09436,481304.246969
2026-03-19 09:05:00,0.09438,0.09445,0.09434,0.09442,492823.51772
2026-03-19 09:10:00,0.09444,0.09448,0.09427,0.09445,1094370.922781
2026-03-19 09:15:00,0.09443,0.09461,0.09439,0.09461,300245.657027
2026-03-19 09:20:00,0.09462,0.09539,0.09459,0.09509,6220385.129326
2026-03-19 09:25:00,0.09509,0.09526,0.09485,0.09496,2584689.922728
2026-03-19 09:30:00,0.09496,0.09513,0.09487,0.09493,1974435.580143
2026-03-19 09:35:00,0.09494,0.09509,0.09486,0.09498,205147.611195
2026-03-19 09:40:00,0.09497,0.0951,0.09492,0.09497,1940709.559888
2026-03-19 09:45:00,0.09498,0.09511,0.09495,0.09511,520949.667869
2026-03-19 09:50:00,0.09512,0.09521,0.095,0.09506,829341.389104
2026-03-19 09:55:00,0.09505,0.09524,0.09502,0.09508,787294.011658
2026-03-19 10:00:00,0.09509,0.09516,0.09493,0.09495,858078.38766
2026-03-19 10:05:00,0.09496,0.09499,0.09482,0.09483,352773.669276
2026-03-19 10:10:00,0.09485,0.0949,0.09481,0.09488,678762.832687
2026-03-19 10:15:00,0.09488,0.09499,0.09488,0.09493,801638.731666
2026-03-19 10:20:00,0.09493,0.09496,0.0948,0.09486,317183.262847
2026-03-19 10:25:00,0.09485,0.09495,0.09481,0.09482,169013.13121
2026-03-19 10:30:00,0.09481,0.09482,0.09471,0.09473,538928.681987
2026-03-19 10:35:00,0.09473,0.09475,0.09443,0.0945,5575633.662129
2026-03-19 10:40:00,0.0945,0.09451,0.09429,0.09435,1012458.395651
2026-03-19 10:45:00,0.09434,0.09437,0.09425,0.09426,514589.290315
2026-03-19 10:50:00,0.09426,0.0943,0.09418,0.09427,416510.251394
2026-03-19 10:55:00,0.09428,0.09431,0.09414,0.0942,1334367.654286
2026-03-19 11:00:00,0.09421,0.09424,0.09403,0.09405,1620284.503986
2026-03-19 11:05:00,0.09406,0.09411,0.09395,0.09396,2987110.497921
2026-03-19 11:10:00,0.09396,0.09411,0.09395,0.09401,879828.604824
2026-03-19 11:15:00,0.09401,0.09407,0.09393,0.09407,776006.359275
2026-03-19 11:20:00,0.09408,0.09428,0.09408,0.09413,3111562.329716
2026-03-19 11:25:00,0.09414,0.09422,0.09407,0.09419,1012214.753662
2026-03-19 11:30:00,0.09419,0.09427,0.09408,0.09411,441423.588192
2026-03-19 11:35:00,0.09411,0.09411,0.09371,0.09389,6667654.514329
2026-03-19 11:40:00,0.0939,0.09395,0.09388,0.09394,358725.426169
2026-03-19 11:45:00,0.09394,0.09402,0.09391,0.09398,694366.240065
2026-03-19 11:50:00,0.09398,0.09405,0.09398,0.09401,248714.742987
2026-03-19 11:55:00,0.094,0.09403,0.09394,0.09401,658866.42988
2026-03-19 12:00:00,0.09402,0.09402,0.09381,0.0939,2457143.964682
2026-03-19 12:05:00,0.0939,0.09393,0.09374,0.09382,2710233.553289
2026-03-19 12:10:00,0.09384,0.09398,0.09382,0.0939,3283415.301549
2026-03-19 12:15:00,0.0939,0.09392,0.09376,0.09377,847881.309949
2026-03-19 12:20:00,0.09378,0.09382,0.09365,0.09371,811014.635695
2026-03-19 12:25:00,0.09373,0.09373,0.09349,0.09362,1764926.028561
2026-03-19 12:30:00,0.09362,0.09369,0.09347,0.09349,2621098.803337
2026-03-19 12:35:00,0.09351,0.09361,0.09341,0.09348,2262208.613551
2026-03-19 12:40:00,0.09349,0.0936,0.09346,0.09351,2065961.803039
2026-03-19 12:45:00,0.09352,0.09352,0.09331,0.09334,1560128.777417
2026-03-19 12:50:00,0.09335,0.09335,0.0926,0.09282,13810670.110707
2026-03-19 12:55:00,0.09283,0.09299,0.09251,0.09253,3356249.268535
2026-03-19 13:00:00,0.09255,0.0928,0.09226,0.0928,6170495.222626
2026-03-19 13:05:00,0.0928,0.09281,0.0926,0.09273,2234582.929867
2026-03-19 13:10:00,0.09272,0.09272,0.09215,0.09225,12746386.915767
2026-03-19 13:15:00,0.09226,0.09271,0.09223,0.09266,5998992.941573
2026-03-19 13:20:00,0.09265,0.093,0.09259,0.09266,6846263.143233
2026-03-19 13:25:00,0.09266,0.09276,0.09263,0.09271,1797643.170939
2026-03-19 13:30:00,0.0927,0.09286,0.09258,0.09273,2690605.576178
2026-03-19 13:35:00,0.09276,0.0928,0.09244,0.0925,2351933.678379
2026-03-19 13:40:00,0.09247,0.09367,0.09243,0.09356,13610459.001478
2026-03-19 13:45:00,0.09356,0.09358,0.09317,0.09358,5137052.513618
2026-03-19 13:50:00,0.09356,0.09366,0.0933,0.09357,2542057.985557
2026-03-19 13:55:00,0.09359,0.0936,0.0933,0.09337,476764.694411
2026-03-19 14:00:00,0.09338,0.09378,0.09317,0.09321,3838039.330266
2026-03-19 14:05:00,0.09323,0.09335,0.09303,0.09305,1136760.403931
2026-03-19 14:10:00,0.09306,0.09338,0.09303,0.09308,2295575.251383
2026-03-19 14:15:00,0.09308,0.09316,0.09283,0.09289,1110298.239745
2026-03-19 14:20:00,0.09289,0.09298,0.09274,0.09294,1717198.247651
2026-03-19 14:25:00,0.09295,0.09301,0.09255,0.09259,1652846.158961
2026-03-19 14:30:00,0.0926,0.09295,0.09256,0.09292,2308829.072369
2026-03-19 14:35:00,0.09295,0.09302,0.09267,0.09282,2124956.035029
2026-03-19 14:40:00,0.09281,0.09315,0.09278,0.09302,1698174.201415
2026-03-19 14:45:00,0.09302,0.09318,0.093,0.09312,774534.688884
2026-03-19 14:50:00,0.09315,0.09343,0.09305,0.09325,808504.738428
2026-03-19 14:55:00,0.09325,0.09325,0.09308,0.09308,817418.827481
2026-03-19 15:00:00,0.09308,0.09327,0.09294,0.09327,2177415.468857
2026-03-19 15:05:00,0.09326,0.09349,0.09308,0.09313,1698588.019786
2026-03-19 15:10:00,0.09314,0.09323,0.09306,0.09314,456041.379479
2026-03-19 15:15:00,0.09312,0.09328,0.09258,0.09262,2697875.574382
2026-03-19 15:20:00,0.09263,0.09269,0.09241,0.09243,1985272.099989
2026-03-19 15:25:00,0.09243,0.09251,0.09235,0.0924,1224101.427922
2026-03-19 15:30:00,0.09239,0.09256,0.09238,0.09239,1812029.080328
2026-03-19 15:35:00,0.09238,0.09266,0.09236,0.09256,2025418.300425
2026-03-19 15:40:00,0.09257,0.09259,0.0924,0.09246,1762679.06055
2026-03-19 15:45:00,0.09246,0.09293,0.09232,0.09279,2940636.55445
2026-03-19 15:50:00,0.0928,0.09295,0.0927,0.09286,2277004.303542
2026-03-19 15:55:00,0.09287,0.09304,0.09277,0.09288,1538700.80433
2026-03-19 16:00:00,0.09289,0.0929,0.0926,0.09265,970639.516727
2026-03-19 16:05:00,0.09266,0.09274,0.09257,0.09263,682345.891896
2026-03-19 16:10:00,0.09265,0.09266,0.0924,0.09249,5743837.792499
2026-03-19 16:15:00,0.09249,0.09256,0.09235,0.09236,2433848.851489
2026-03-19 16:20:00,0.09236,0.09246,0.09219,0.09231,12476166.977955
2026-03-19 16:25:00,0.09231,0.0925,0.09226,0.09233,2563139.050882
2026-03-19 16:30:00,0.09233,0.09238,0.09208,0.09236,1614982.283122
2026-03-19 16:35:00,0.09236,0.09249,0.0922,0.09249,1377812.349767
2026-03-19 16:40:00,0.0925,0.09267,0.09245,0.09249,1215643.372153
2026-03-19 16:45:00,0.09251,0.09255,0.09227,0.09234,346097.766517
2026-03-19 16:50:00,0.09233,0.09235,0.09218,0.09235,973323.909467
2026-03-19 16:55:00,0.09236,0.09249,0.09233,0.09238,169979.64515
2026-03-19 17:00:00,0.09239,0.09239,0.09218,0.09218,4633397.717053
2026-03-19 17:05:00,0.09218,0.09219,0.09176,0.09185,7641937.740936
2026-03-19 17:10:00,0.09185,0.0921,0.09183,0.09195,1705175.704174
2026-03-19 17:15:00,0.09194,0.09234,0.09186,0.09234,2974803.227125
2026-03-19 17:20:00,0.09233,0.09274,0.09223,0.09259,3227196.318598
2026-03-19 17:25:00,0.09259,0.09278,0.09257,0.09262,1357860.103459
2026-03-19 17:30:00,0.09264,0.0927,0.09244,0.09252,827452.225501
2026-03-19 17:35:00,0.09251,0.09252,0.09231,0.09236,854684.902511
2026-03-19 17:40:00,0.09234,0.09245,0.09234,0.09241,215751.709921
2026-03-19 17:45:00,0.0924,0.0926,0.09237,0.09258,795455.442297
2026-03-19 17:50:00,0.09259,0.09301,0.09255,0.09285,1365746.258303
2026-03-19 17:55:00,0.09285,0.09298,0.09281,0.09292,486245.107403
2026-03-19 18:00:00,0.09291,0.09298,0.09287,0.09292,209507.751076
2026-03-19 18:05:00,0.09293,0.09297,0.09286,0.09289,485213.997243
2026-03-19 18:10:00,0.09293,0.09308,0.09287,0.093,647060.004309
2026-03-19 18:15:00,0.093,0.093,0.09266,0.09274,3390919.0844
2026-03-19 18:20:00,0.09275,0.09282,0.09272,0.09276,511731.811528
2026-03-19 18:25:00,0.09275,0.09275,0.09261,0.09264,1012532.769212
2026-03-19 18:30:00,0.09262,0.09265,0.09253,0.09257,386589.071841
2026-03-19 18:35:00,0.09258,0.09268,0.09252,0.09256,599383.291374
2026-03-19 18:40:00,0.09257,0.09257,0.0925,0.09255,87709.702746
2026-03-19 18:45:00,0.09254,0.09261,0.09253,0.09253,264060.866009
2026-03-19 18:50:00,0.09254,0.09261,0.0925,0.09255,235183.175309
2026-03-19 18:55:00,0.09257,0.09286,0.09257,0.09278,253354.636415
2026-03-19 19:00:00,0.09278,0.09335,0.09276,0.09321,1291212.293308
2026-03-19 19:05:00,0.09322,0.09373,0.09322,0.09348,9339314.904233
2026-03-19 19:10:00,0.09347,0.0939,0.0934,0.09361,2520172.078891
2026-03-19 19:15:00,0.09358,0.09395,0.0935,0.09391,2361161.473365
2026-03-19 19:20:00,0.09391,0.09391,0.09373,0.09381,2088667.644734
2026-03-19 19:25:00,0.0938,0.09381,0.09344,0.09354,1020930.669845
2026-03-19 19:30:00,0.09352,0.09354,0.09335,0.09337,943156.162504
2026-03-19 19:35:00,0.09336,0.09353,0.09326,0.09347,866557.840424
2026-03-19 19:40:00,0.0935,0.0936,0.09345,0.09355,796207.276786
2026-03-19 19:45:00,0.09355,0.09369,0.09352,0.09355,202662.27455
2026-03-19 19:50:00,0.09355,0.09355,0.0933,0.09341,375031.699042
2026-03-19 19:55:00,0.09341,0.09345,0.09334,0.09336,823211.057661
2026-03-19 20:00:00,0.09336,0.09343,0.09329,0.09341,709211.825464
2026-03-19 20:05:00,0.09338,0.09348,0.09337,0.09344,596446.710397
2026-03-19 20:10:00,0.09343,0.09343,0.09328,0.09341,597615.649176
2026-03-19 20:15:00,0.09342,0.09359,0.09336,0.0935,775943.532549
2026-03-19 20:20:00,0.09351,0.09358,0.09344,0.09344,1145485.419264
2026-03-19 20:25:00,0.09345,0.09352,0.09339,0.09339,79557.956832
2026-03-19 20:30:00,0.09342,0.09347,0.09337,0.09343,44454.813534
2026-03-19 20:35:00,0.09343,0.09367,0.09343,0.09367,548982.999942
2026-03-19 20:40:00,0.09368,0.09381,0.0935,0.09358,473903.004622
2026-03-19 20:45:00,0.09358,0.09367,0.09352,0.09363,207400.90388
2026-03-19 20:50:00,0.09359,0.09362,0.09357,0.09359,339879.11343
2026-03-19 20:55:00,0.09359,0.09362,0.09353,0.09359,925248.250571
2026-03-19 21:00:00,0.09359,0.0937,0.09358,0.09368,274845.154024
2026-03-19 21:05:00,0.09369,0.09381,0.09368,0.09381,625883.150945
2026-03-19 21:10:00,0.09381,0.09381,0.09363,0.0938,799680.552376
2026-03-19 21:15:00,0.0938,0.0938,0.09372,0.09372,791995.46382
2026-03-19 21:20:00,0.09373,0.09379,0.09362,0.09366,1179993.473002
2026-03-19 21:25:00,0.09367,0.09368,0.0936,0.09363,608755.077694
2026-03-19 21:30:00,0.09363,0.0937,0.09351,0.09352,522849.571933
2026-03-19 21:35:00,0.0935,0.09359,0.0935,0.09357,117896.170072
2026-03-19 21:40:00,0.09356,0.09365,0.0935,0.09365,753034.492153
2026-03-19 21:45:00,0.09365,0.09365,0.09354,0.09358,161130.808313
2026-03-19 21:50:00,0.09356,0.09367,0.09354,0.09358,513122.02716
2026-03-19 21:55:00,0.0936,0.09375,0.0936,0.09365,510788.704883
2026-03-19 22:00:00,0.09364,0.0937,0.09341,0.09346,1712002.959572
2026-03-19 22:05:00,0.09344,0.0936,0.09339,0.09353,279937.473396
2026-03-19 22:10:00,0.09352,0.09356,0.09346,0.09348,287163.104449
2026-03-19 22:15:00,0.09346,0.09357,0.09337,0.09356,140786.462611
2026-03-19 22:20:00,0.09354,0.09358,0.09348,0.09357,406471.163757
2026-03-19 22:25:00,0.09357,0.09359,0.09353,0.09356,655266.425395
2026-03-19 22:30:00,0.09355,0.09356,0.09312,0.09326,1460118.616865
2026-03-19 22:35:00,0.09328,0.09329,0.09301,0.09315,3506675.825229
2026-03-19 22:40:00,0.09314,0.09315,0.09303,0.0931,330623.814295
2026-03-19 22:45:00,0.0931,0.09321,0.09308,0.09321,558019.459236
2026-03-19 22:50:00,0.09323,0.09329,0.09318,0.09326,315453.808082
2026-03-19 22:55:00,0.09325,0.09331,0.09318,0.09331,913557.902398
2026-03-19 23:00:00,0.09331,0.09363,0.09331,0.09358,1067607.372862
2026-03-19 23:05:00,0.09356,0.0937,0.09355,0.09365,1089512.256744
2026-03-19 23:10:00,0.09365,0.09371,0.09363,0.09371,246377.073482
2026-03-19 23:15:00,0.0937,0.0937,0.09346,0.09348,697510.923233
2026-03-19 23:20:00,0.0935,0.09353,0.09337,0.09345,655487.89678
2026-03-19 23:25:00,0.09347,0.09366,0.09347,0.09365,358371.758148
2026-03-19 23:30:00,0.09365,0.09371,0.09344,0.09344,776894.851675
2026-03-19 23:35:00,0.09343,0.0935,0.09326,0.09326,1458559.275459
2026-03-19 23:40:00,0.09325,0.0934,0.09321,0.09335,661954.387824
2026-03-19 23:45:00,0.09336,0.09344,0.09333,0.09341,917049.503598
2026-03-19 23:50:00,0.09341,0.09354,0.0934,0.09354,1087190.639629
2026-03-19 23:55:00,0.09354,0.09361,0.0935,0.09355,256702.598622
2026-03-20 00:00:00,0.09354,0.09359,0.09351,0.09354,289391.594266
2026-03-20 00:05:00,0.09356,0.09377,0.09356,0.09371,284585.733109
2026-03-20 00:10:00,0.09372,0.09383,0.09372,0.09378,960915.698574
2026-03-20 00:15:00,0.09379,0.09394,0.09374,0.0938,1207436.875278
2026-03-20 00:20:00,0.09379,0.09385,0.09355,0.09362,2597977.33971
2026-03-20 00:25:00,0.09364,0.09375,0.09362,0.09372,166083.889312
2026-03-20 00:30:00,0.09371,0.0938,0.09367,0.09373,237486.653243
2026-03-20 00:35:00,0.09375,0.09394,0.0937,0.09393,861875.213946
2026-03-20 00:40:00,0.09395,0.09395,0.09386,0.09387,1708646.155981
2026-03-20 00:45:00,0.09386,0.09397,0.09386,0.09392,1210337.386912
2026-03-20 00:50:00,0.09391,0.09399,0.09383,0.09386,468416.259759
2026-03-20 00:55:00,0.09386,0.09396,0.09386,0.09393,934768.252748
2026-03-20 01:00:00,0.09395,0.09446,0.09395,0.0943,4391253.644491
2026-03-20 01:05:00,0.0943,0.09435,0.0942,0.09427,974293.316905
2026-03-20 01:10:00,0.09428,0.09432,0.09416,0.09427,1194261.426317
2026-03-20 01:15:00,0.09427,0.09434,0.09417,0.09422,729321.6172
2026-03-20 01:20:00,0.09422,0.09429,0.09414,0.09425,728744.334528
2026-03-20 01:25:00,0.09424,0.09427,0.09408,0.09416,1187577.859232
2026-03-20 01:30:00,0.09418,0.09437,0.09418,0.09433,891939.134784
2026-03-20 01:35:00,0.0943,0.09462,0.09428,0.09456,4016671.244629
2026-03-20 01:40:00,0.09455,0.09467,0.09446,0.09447,2757277.981011
2026-03-20 01:45:00,0.09446,0.09451,0.09439,0.09439,1727120.422683
2026-03-20 01:50:00,0.09443,0.09454,0.0944,0.09443,735177.020647
2026-03-20 01:55:00,0.09446,0.09447,0.09424,0.09427,741689.134858
2026-03-20 02:00:00,0.09427,0.09435,0.09415,0.09426,1212755.417104
2026-03-20 02:05:00,0.09424,0.09432,0.09419,0.09419,1725935.967615
2026-03-20 02:10:00,0.09418,0.09422,0.0941,0.0941,1101434.664526
2026-03-20 02:15:00,0.0941,0.0941,0.09385,0.09397,4813682.807085
2026-03-20 02:20:00,0.09396,0.09404,0.09385,0.09387,586856.455678
2026-03-20 02:25:00,0.09387,0.0939,0.09374,0.09383,1983354.73333
2026-03-20 02:30:00,0.09382,0.09387,0.09356,0.0936,3349301.910669
2026-03-20 02:35:00,0.09362,0.09371,0.09357,0.09368,856697.557439
2026-03-20 02:40:00,0.09369,0.09402,0.09369,0.09399,1549874.817373
2026-03-20 02:45:00,0.09399,0.09403,0.09386,0.09399,2120338.243152
2026-03-20 02:50:00,0.09401,0.0941,0.09394,0.0941,973413.791807
2026-03-20 02:55:00,0.09408,0.09414,0.09398,0.09402,860366.668106
2026-03-20 03:00:00,0.09402,0.09402,0.09383,0.09385,736372.00486
2026-03-20 03:05:00,0.09388,0.09403,0.09388,0.09401,844609.850007
2026-03-20 03:10:00,0.094,0.09406,0.09397,0.094,874593.606277
2026-03-20 03:15:00,0.09399,0.09429,0.09397,0.09429,1274760.493143
2026-03-20 03:20:00,0.09427,0.09434,0.09416,0.09426,2596099.054891
2026-03-20 03:25:00,0.09425,0.09437,0.09418,0.09437,1257850.252673
2026-03-20 03:30:00,0.09438,0.09454,0.09434,0.09434,1042826.481767
2026-03-20 03:35:00,0.09433,0.09436,0.09413,0.09415,1347901.357743
2026-03-20 03:40:00,0.09416,0.09417,0.09406,0.09409,1600668.437353
2026-03-20 03:45:00,0.0941,0.09418,0.09402,0.0941,1057338.986723
2026-03-20 03:50:00,0.09409,0.09421,0.09405,0.09414,3796419.544829
2026-03-20 03:55:00,0.09415,0.09419,0.09409,0.0941,2022362.10628
2026-03-20 04:00:00,0.0941,0.09425,0.09405,0.09416,4094950.348485
2026-03-20 04:05:00,0.09416,0.09424,0.09412,0.09419,3064892.114602
2026-03-20 04:10:00,0.09418,0.09428,0.09411,0.0942,11103717.264994
2026-03-20 04:15:00,0.09418,0.09425,0.09414,0.09421,855683.142799
2026-03-20 04:20:00,0.0942,0.09422,0.09414,0.0942,550452.094584
2026-03-20 04:25:00,0.09421,0.09432,0.09417,0.09428,319053.892235
2026-03-20 04:30:00,0.09428,0.09429,0.09388,0.0939,2364256.522649
2026-03-20 04:35:00,0.0939,0.09396,0.09379,0.09394,2705027.051526
2026-03-20 04:40:00,0.09392,0.09393,0.09383,0.09385,1475571.302287
2026-03-20 04:45:00,0.09384,0.09409,0.09381,0.09408,328771.883214
2026-03-20 04:50:00,0.09406,0.09438,0.09404,0.09437,1259293.239987
2026-03-20 04:55:00,0.09438,0.09467,0.09438,0.09461,2465267.430598
2026-03-20 05:00:00,0.09461,0.09489,0.09452,0.09468,2616149.132932
2026-03-20 05:05:00,0.09468,0.09484,0.09463,0.09484,870042.956414
2026-03-20 05:10:00,0.09484,0.09498,0.09476,0.09498,732113.108502
2026-03-20 05:15:00,0.09498,0.09516,0.09494,0.09513,6374775.867676
2026-03-20 05:20:00,0.09513,0.0954,0.09513,0.09518,6792552.811196
2026-03-20 05:25:00,0.09517,0.09525,0.09476,0.09479,4299312.128679
2026-03-20 05:30:00,0.09478,0.0949,0.09467,0.09482,3114596.321434
2026-03-20 05:35:00,0.09482,0.09506,0.0947,0.09495,1125331.580298
2026-03-20 05:40:00,0.09496,0.09522,0.09492,0.09509,2048629.377576
2026-03-20 05:45:00,0.09508,0.09515,0.09492,0.09499,829871.450759
2026-03-20 05:50:00,0.095,0.095,0.09484,0.09484,2486173.913653
2026-03-20 05:55:00,0.09484,0.09484,0.0947,0.09475,1705855.706263
2026-03-20 06:00:00,0.09475,0.09478,0.09465,0.0947,2949416.449505
2026-03-20 06:05:00,0.09472,0.0948,0.09465,0.09467,762483.539236
2026-03-20 06:10:00,0.09466,0.09485,0.0946,0.09484,2465628.117822
2026-03-20 06:15:00,0.09485,0.09486,0.09467,0.0947,521326.049472
2026-03-20 06:20:00,0.0947,0.09473,0.09461,0.09462,2335682.021355
2026-03-20 06:25:00,0.09461,0.09474,0.0946,0.09469,1154086.962657
2026-03-20 06:30:00,0.0947,0.09475,0.09452,0.09464,879199.184642
2026-03-20 06:35:00,0.09462,0.09464,0.0945,0.0945,506852.354
2026-03-20 06:40:00,0.0945,0.09459,0.09436,0.09457,2332826.546106
2026-03-20 06:45:00,0.09456,0.09462,0.0945,0.09453,564391.144556
2026-03-20 06:50:00,0.09455,0.0946,0.09442,0.09442,486799.479299
2026-03-20 06:55:00,0.09444,0.09445,0.09432,0.0944,1183259.499114
2026-03-20 07:00:00,0.09439,0.09439,0.09365,0.09393,5084497.019272
2026-03-20 07:05:00,0.09393,0.09408,0.09381,0.09401,1541988.920273
2026-03-20 07:10:00,0.094,0.094,0.09375,0.0938,834382.119468
2026-03-20 07:15:00,0.09379,0.09396,0.09373,0.09394,503135.705842
2026-03-20 07:20:00,0.09393,0.09416,0.09391,0.09405,1320990.65309
2026-03-20 07:25:00,0.09404,0.09404,0.09388,0.0939,554741.153207
2026-03-20 07:30:00,0.09387,0.0944,0.09379,0.09422,2698196.862679
2026-03-20 07:35:00,0.0942,0.09431,0.09417,0.09421,892993.437881
2026-03-20 07:40:00,0.09422,0.09435,0.09419,0.09432,1130266.671814
2026-03-20 07:45:00,0.09432,0.09437,0.09407,0.09408,2103277.502512
2026-03-20 07:50:00,0.09408,0.09414,0.094,0.09404,1611776.318069
2026-03-20 07:55:00,0.09402,0.09414,0.09402,0.09408,369791.727007
2026-03-20 08:00:00,0.09409,0.09417,0.09408,0.09411,217739.789725
2026-03-20 08:05:00,0.09412,0.09475,0.0941,0.09475,2414257.910797
2026-03-20 08:10:00,0.09474,0.0951,0.0947,0.09484,4309473.779648
2026-03-20 08:15:00,0.09483,0.09487,0.09473,0.09483,1562912.292805
2026-03-20 08:20:00,0.09484,0.09484,0.0946,0.09474,1028676.043977
2026-03-20 08:25:00,0.09474,0.0948,0.09459,0.09459,372998.588055
2026-03-20 08:30:00,0.09458,0.09469,0.0944,0.09467,1335231.369864
2026-03-20 08:35:00,0.09467,0.09467,0.09444,0.09458,378478.800543
2026-03-20 08:40:00,0.09457,0.09466,0.0945,0.0945,422415.934905
2026-03-20 08:45:00,0.0945,0.09454,0.09444,0.0945,200139.097228
2026-03-20 08:50:00,0.09449,0.09459,0.09448,0.09455,897316.550568
2026-03-20 08:55:00,0.09455,0.09463,0.0945,0.0945,602590.491409
2026-03-20 09:00:00,0.09452,0.09452,0.09417,0.0943,892152.484847
2026-03-20 09:05:00,0.09429,0.09429,0.09414,0.09423,926982.934666
2026-03-20 09:10:00,0.09425,0.09428,0.09412,0.09412,305684.50808
2026-03-20 09:15:00,0.09411,0.09412,0.09385,0.09393,1402678.773235
2026-03-20 09:20:00,0.09393,0.09396,0.09372,0.09374,3679367.63645
2026-03-20 09:25:00,0.09374,0.09394,0.0937,0.09389,1415926.803765
2026-03-20 09:30:00,0.0939,0.0941,0.09387,0.09401,1028956.119747
2026-03-20 09:35:00,0.09403,0.09413,0.09402,0.09413,486338.631568
2026-03-20 09:40:00,0.09414,0.09419,0.09402,0.09414,1457550.426214
2026-03-20 09:45:00,0.09413,0.09415,0.09394,0.09396,5901521.241345
2026-03-20 09:50:00,0.09395,0.09399,0.09379,0.09382,1312680.431734
2026-03-20 09:55:00,0.09383,0.094,0.09383,0.09392,325693.120801
2026-03-20 10:00:00,0.09392,0.09393,0.09372,0.09384,819195.975129
2026-03-20 10:05:00,0.09383,0.09389,0.09366,0.09376,1166479.087728
2026-03-20 10:10:00,0.09376,0.09376,0.0936,0.09364,2126535.694842
2026-03-20 10:15:00,0.09363,0.09383,0.09352,0.09374,672088.781553
2026-03-20 10:20:00,0.09373,0.09383,0.09359,0.09381,3061434.664444
2026-03-20 10:25:00,0.09382,0.09388,0.09379,0.09381,723902.222033
2026-03-20 10:30:00,0.09381,0.09402,0.0938,0.09402,808852.800791
2026-03-20 10:35:00,0.09402,0.0942,0.09397,0.0942,712104.559788
2026-03-20 10:40:00,0.0942,0.09447,0.09418,0.09433,2339778.14519
2026-03-20 10:45:00,0.09433,0.09446,0.09432,0.09439,542602.969841
2026-03-20 10:50:00,0.09439,0.09447,0.09433,0.0944,915023.92495
2026-03-20 10:55:00,0.09439,0.09441,0.09436,0.0944,509394.48853
2026-03-20 11:00:00,0.09439,0.09458,0.09436,0.09452,604743.886966
2026-03-20 11:05:00,0.09451,0.09462,0.09442,0.09448,345243.247435
2026-03-20 11:10:00,0.09449,0.09477,0.09444,0.09472,5172427.027559
2026-03-20 11:15:00,0.09472,0.09477,0.09443,0.09447,4903937.490183
2026-03-20 11:20:00,0.09446,0.09448,0.09435,0.09441,1124478.612699
2026-03-20 11:25:00,0.0944,0.09442,0.09428,0.09429,665207.956017
2026-03-20 11:30:00,0.09428,0.09432,0.09421,0.09429,433144.819358
2026-03-20 11:35:00,0.09429,0.09429,0.09389,0.09395,1324351.450779
2026-03-20 11:40:00,0.09396,0.094,0.09392,0.09398,606190.671711
2026-03-20 11:45:00,0.09398,0.094,0.09387,0.09394,754690.604008
2026-03-20 11:50:00,0.09392,0.09395,0.09387,0.09394,331109.149061
2026-03-20 11:55:00,0.09392,0.09415,0.09391,0.09411,1764522.859408
2026-03-20 12:00:00,0.09409,0.0944,0.09409,0.09421,4170170.825047
2026-03-20 12:05:00,0.09424,0.09443,0.09424,0.09441,1582022.978568
2026-03-20 12:10:00,0.09444,0.09444,0.09429,0.09431,341991.038267
2026-03-20 12:15:00,0.09432,0.09432,0.09416,0.09421,308999.736765
2026-03-20 12:20:00,0.0942,0.09426,0.09412,0.09412,356907.672278
2026-03-20 12:25:00,0.09412,0.09413,0.09392,0.09397,1856187.70037
2026-03-20 12:30:00,0.09396,0.09397,0.09381,0.09387,2153105.770673
2026-03-20 12:35:00,0.09386,0.09402,0.09384,0.09384,2492495.087818
2026-03-20 12:40:00,0.09384,0.09388,0.09369,0.09385,1381184.921263
2026-03-20 12:45:00,0.09386,0.09389,0.09373,0.09388,2419394.19371
2026-03-20 12:50:00,0.09384,0.09388,0.09375,0.09381,301396.644844
2026-03-20 12:55:00,0.0938,0.09387,0.09378,0.09385,107779.874571
2026-03-20 13:00:00,0.09386,0.094,0.09382,0.09394,342810.876836
2026-03-20 13:05:00,0.09395,0.09407,0.09392,0.09392,437311.533275
2026-03-20 13:10:00,0.09391,0.09392,0.09368,0.09384,599998.566772
2026-03-20 13:15:00,0.09384,0.0939,0.09378,0.09383,205061.513313
2026-03-20 13:20:00,0.09384,0.09401,0.09384,0.09399,457177.091643
2026-03-20 13:25:00,0.09399,0.09424,0.09396,0.09403,858567.344511
2026-03-20 13:30:00,0.09402,0.09403,0.09329,0.09353,8086132.198189
2026-03-20 13:35:00,0.09354,0.09384,0.09328,0.09354,2218521.925713
2026-03-20 13:40:00,0.09354,0.0941,0.09343,0.09395,2460424.330055
2026-03-20 13:45:00,0.09395,0.09403,0.09369,0.09395,2200060.830589
2026-03-20 13:50:00,0.09394,0.09397,0.09347,0.09356,2115954.992164
2026-03-20 13:55:00,0.09357,0.09363,0.09331,0.09343,889942.855242
2026-03-20 14:00:00,0.09343,0.09368,0.09309,0.0936,4419775.797867
2026-03-20 14:05:00,0.09362,0.09377,0.0934,0.09371,1932898.013705
2026-03-20 14:10:00,0.0937,0.09394,0.09353,0.09354,2091739.90895
2026-03-20 14:15:00,0.09353,0.09365,0.09327,0.09345,1874473.1962
2026-03-20 14:20:00,0.09345,0.0937,0.09326,0.09365,3690914.032477
2026-03-20 14:25:00,0.09365,0.09396,0.09354,0.0938,3414831.603683
2026-03-20 14:30:00,0.09378,0.09427,0.09378,0.09419,4745600.585553
2026-03-20 14:35:00,0.0942,0.09422,0.09394,0.0941,2462254.565842
2026-03-20 14:40:00,0.09409,0.09414,0.09399,0.09402,1032043.981281
2026-03-20 14:45:00,0.09401,0.09416,0.09396,0.09399,507200.047727
2026-03-20 14:50:00,0.09398,0.09398,0.09358,0.0936,989232.000913
2026-03-20 14:55:00,0.09362,0.09386,0.09362,0.09373,1313447.409125
2026-03-20 15:00:00,0.09373,0.09399,0.09357,0.09365,859619.857237
2026-03-20 15:05:00,0.09365,0.09375,0.09353,0.09369,844571.915941
2026-03-20 15:10:00,0.09367,0.09405,0.09366,0.09403,1280608.658343
2026-03-20 15:15:00,0.09402,0.09405,0.09367,0.09368,694543.399796
2026-03-20 15:20:00,0.09369,0.09434,0.09369,0.09403,4055872.520833
2026-03-20 15:25:00,0.09404,0.09406,0.09383,0.09392,355626.861662
2026-03-20 15:30:00,0.09388,0.09419,0.09388,0.0941,399351.122835
2026-03-20 15:35:00,0.0941,0.09418,0.09401,0.09405,528765.834617
2026-03-20 15:40:00,0.09406,0.09419,0.09402,0.09405,681752.448325
2026-03-20 15:45:00,0.09404,0.09425,0.09399,0.09413,978040.608689
2026-03-20 15:50:00,0.09411,0.09426,0.09405,0.09417,348175.038253
2026-03-20 15:55:00,0.09416,0.09424,0.09404,0.09422,245160.103342
2026-03-20 16:00:00,0.09421,0.09445,0.09415,0.09425,3391690.611256
2026-03-20 16:05:00,0.09424,0.09424,0.09382,0.09399,2882615.675202
2026-03-20 16:10:00,0.094,0.09408,0.09388,0.0939,302626.102158
2026-03-20 16:15:00,0.09389,0.094,0.09373,0.09399,1119557.03906
2026-03-20 16:20:00,0.09402,0.09409,0.09389,0.09403,286409.637415
2026-03-20 16:25:00,0.09402,0.09404,0.09392,0.09395,134319.843253
2026-03-20 16:30:00,0.09395,0.09395,0.09361,0.09379,3807517.625907
2026-03-20 16:35:00,0.09381,0.09384,0.09359,0.09374,404769.831704
2026-03-20 16:40:00,0.09372,0.09377,0.09369,0.09374,69145.455015
2026-03-20 16:45:00,0.09375,0.0939,0.09373,0.09387,562221.535854
2026-03-20 16:50:00,0.09384,0.09385,0.0936,0.09381,638054.666091
2026-03-20 16:55:00,0.09381,0.09405,0.09381,0.09395,174717.952125
2026-03-20 17:00:00,0.09395,0.09409,0.09393,0.09408,573701.186503
2026-03-20 17:05:00,0.09408,0.0941,0.09371,0.09397,636537.576559
2026-03-20 17:10:00,0.09398,0.09404,0.09388,0.09398,302428.25202
2026-03-20 17:15:00,0.09399,0.09411,0.09387,0.09397,248750.466717
2026-03-20 17:20:00,0.09396,0.09396,0.0938,0.09385,508901.671426
2026-03-20 17:25:00,0.09384,0.09384,0.09373,0.09373,615013.238344
2026-03-20 17:30:00,0.09373,0.0938,0.09356,0.09361,907472.830264
2026-03-20 17:35:00,0.09362,0.09382,0.09346,0.09376,3548547.91376
2026-03-20 17:40:00,0.09374,0.09381,0.0936,0.09364,176179.941796
2026-03-20 17:45:00,0.09364,0.09375,0.0936,0.09368,823488.556901
2026-03-20 17:50:00,0.09365,0.09381,0.09365,0.09381,512952.869026
2026-03-20 17:55:00,0.09382,0.09414,0.09382,0.09403,872305.500408
2026-03-20 18:00:00,0.09404,0.0942,0.09401,0.09409,962663.94492
2026-03-20 18:05:00,0.09408,0.09424,0.09405,0.09411,900462.735612
2026-03-20 18:10:00,0.09413,0.09418,0.09403,0.09415,648460.993441
2026-03-20 18:15:00,0.09416,0.09417,0.09402,0.09405,72358.748557
2026-03-20 18:20:00,0.09407,0.09412,0.09375,0.09379,380410.344732
2026-03-20 18:25:00,0.09381,0.09387,0.09367,0.09368,825349.998104
2026-03-20 18:30:00,0.09368,0.09368,0.09346,0.09357,1247268.119561
2026-03-20 18:35:00,0.09355,0.09357,0.09323,0.09344,1588175.401609
2026-03-20 18:40:00,0.09344,0.0936,0.09342,0.09347,335462.721204
2026-03-20 18:45:00,0.09349,0.09371,0.09347,0.0936,331895.830719
2026-03-20 18:50:00,0.09354,0.09388,0.09352,0.0937,6708765.710332
2026-03-20 18:55:00,0.0937,0.09375,0.09348,0.09357,643049.984112
2026-03-20 19:00:00,0.09359,0.09372,0.09359,0.09364,454934.455221
2026-03-20 19:05:00,0.09366,0.09371,0.09347,0.09358,918822.330134
2026-03-20 19:10:00,0.09359,0.09362,0.09345,0.09359,233937.914667
2026-03-20 19:15:00,0.09356,0.09362,0.09347,0.0936,337418.293542
2026-03-20 19:20:00,0.09362,0.09366,0.09336,0.09337,260744.46612
2026-03-20 19:25:00,0.09339,0.09357,0.09339,0.09353,1064695.119264
2026-03-20 19:30:00,0.09354,0.0937,0.09328,0.09328,797425.012832
2026-03-20 19:35:00,0.0933,0.09334,0.0929,0.09306,6545703.505456
2026-03-20 19:40:00,0.09307,0.09351,0.09307,0.09351,728622.760497
2026-03-20 19:45:00,0.0935,0.09356,0.0934,0.09341,205959.873571
2026-03-20 19:50:00,0.09343,0.09376,0.09341,0.09373,1362203.555598
2026-03-20 19:55:00,0.09373,0.09378,0.09367,0.09373,1089418.042802
2026-03-20 20:00:00,0.09373,0.0938,0.09364,0.09365,894250.467689
2026-03-20 20:05:00,0.09364,0.09369,0.09359,0.09368,163264.381635
2026-03-20 20:10:00,0.09364,0.09372,0.09363,0.09366,178962.642864
2026-03-20 20:15:00,0.09364,0.09368,0.09347,0.09354,495250.89342
2026-03-20 20:20:00,0.09351,0.09353,0.09333,0.09347,953279.243917
2026-03-20 20:25:00,0.09344,0.09349,0.09337,0.09349,158068.114762
2026-03-20 20:30:00,0.0935,0.09351,0.09326,0.09326,273424.36926
2026-03-20 20:35:00,0.09325,0.09349,0.09322,0.09342,374970.139043
2026-03-20 20:40:00,0.09341,0.09342,0.09335,0.09339,153827.369419
2026-03-20 20:45:00,0.0934,0.09357,0.09335,0.09356,282174.750769
2026-03-20 20:50:00,0.09357,0.09371,0.09357,0.09367,353911.367726
2026-03-20 20:55:00,0.09367,0.09374,0.09365,0.09374,278308.073687
2026-03-20 21:00:00,0.09375,0.09376,0.0936,0.09365,327387.829179
2026-03-20 21:05:00,0.09364,0.09367,0.09353,0.09353,205427.294116
2026-03-20 21:10:00,0.09353,0.09369,0.09346,0.09363,1770002.514101
2026-03-20 21:15:00,0.09364,0.09431,0.09362,0.09425,3491883.361971
2026-03-20 21:20:00,0.09428,0.09434,0.09408,0.09416,1315112.560583
2026-03-20 21:25:00,0.09417,0.09436,0.09416,0.09428,708712.850275
2026-03-20 21:30:00,0.09428,0.09436,0.0942,0.09435,570900.059378
2026-03-20 21:35:00,0.09436,0.09448,0.09423,0.09423,1403370.53978
2026-03-20 21:40:00,0.09422,0.09425,0.094,0.09402,581125.505918
2026-03-20 21:45:00,0.09406,0.0942,0.09406,0.09417,106906.636991
2026-03-20 21:50:00,0.09416,0.09425,0.09412,0.09414,208479.68416
2026-03-20 21:55:00,0.09416,0.09424,0.09414,0.09422,1436859.571158
2026-03-20 22:00:00,0.09423,0.09497,0.09423,0.09485,4125599.841972
2026-03-20 22:05:00,0.09484,0.09487,0.09466,0.09467,625576.343517
2026-03-20 22:10:00,0.09468,0.09491,0.09458,0.0947,1753588.851877
2026-03-20 22:15:00,0.09469,0.09475,0.09463,0.09466,261518.234094
2026-03-20 22:20:00,0.09464,0.09467,0.0945,0.09452,1937779.77673
2026-03-20 22:25:00,0.09453,0.09458,0.09451,0.09453,327538.96871
2026-03-20 22:30:00,0.09452,0.09452,0.09438,0.09438,730893.381676
2026-03-20 22:35:00,0.09438,0.09453,0.09434,0.09453,471394.925
2026-03-20 22:40:00,0.09451,0.09451,0.09433,0.09439,468500.025117
2026-03-20 22:45:00,0.09439,0.09447,0.0943,0.09447,132161.262754
2026-03-20 22:50:00,0.09448,0.09455,0.09438,0.09441,614887.231706
2026-03-20 22:55:00,0.09443,0.09446,0.09436,0.09436,330815.16757
2026-03-20 23:00:00,0.09437,0.09437,0.09421,0.09423,361432.121902
2026-03-20 23:05:00,0.09422,0.09422,0.09399,0.09403,449141.210666
2026-03-20 23:10:00,0.09404,0.0941,0.09399,0.09402,530850.738763
2026-03-20 23:15:00,0.094,0.09411,0.09391,0.09411,235351.511479
2026-03-20 23:20:00,0.09414,0.09417,0.09411,0.09411,171829.399277
2026-03-20 23:25:00,0.09411,0.09412,0.09402,0.09402,753311.998913
2026-03-20 23:30:00,0.09403,0.09413,0.09399,0.09407,970771.593619
2026-03-20 23:35:00,0.09405,0.09414,0.09405,0.0941,368174.621696
2026-03-20 23:40:00,0.09409,0.09415,0.09408,0.09411,114094.96924
2026-03-20 23:45:00,0.09412,0.09425,0.09411,0.09424,179305.967898
2026-03-20 23:50:00,0.09425,0.09426,0.09416,0.09416,422348.245869
2026-03-20 23:55:00,0.09416,0.09419,0.09413,0.09418,206551.392177
2026-03-21 00:00:00,0.09418,0.09422,0.09412,0.09414,256995.987724
2026-03-21 00:05:00,0.09414,0.09417,0.09409,0.09409,241010.267406
2026-03-21 00:10:00,0.0941,0.09412,0.09406,0.09409,119144.533761
2026-03-21 00:15:00,0.0941,0.09426,0.09405,0.09426,1216326.32979
2026-03-21 00:20:00,0.09425,0.09438,0.09422,0.0943,596893.267506
2026-03-21 00:25:00,0.0943,0.09435,0.09428,0.0943,712428.740017
2026-03-21 00:30:00,0.09429,0.09435,0.0942,0.09426,113568.979726
2026-03-21 00:35:00,0.09426,0.0944,0.09425,0.09433,235853.579412
2026-03-21 00:40:00,0.09432,0.09432,0.09419,0.09424,165953.030884
2026-03-21 00:45:00,0.09424,0.09429,0.0942,0.09429,31213.652444
2026-03-21 00:50:00,0.09429,0.09439,0.09428,0.0943,150539.396834
2026-03-21 00:55:00,0.09431,0.09437,0.09431,0.09434,187787.137657
2026-03-21 01:00:00,0.09434,0.09443,0.09432,0.09437,479773.884203
2026-03-21 01:05:00,0.09438,0.09458,0.09438,0.09442,889109.076084
2026-03-21 01:10:00,0.09443,0.09453,0.09431,0.09432,1095007.161138
2026-03-21 01:15:00,0.09432,0.09433,0.09418,0.09422,560840.457073
2026-03-21 01:20:00,0.09424,0.09427,0.09418,0.09418,172781.959169
2026-03-21 01:25:00,0.09417,0.09424,0.09417,0.09417,212583.233619
2026-03-21 01:30:00,0.09417,0.09421,0.09404,0.0941,325287.216523
2026-03-21 01:35:00,0.0941,0.0942,0.0941,0.09419,114241.607992
2026-03-21 01:40:00,0.09418,0.09418,0.094,0.09401,378796.420795
2026-03-21 01:45:00,0.09401,0.09411,0.09393,0.09404,454834.766216
2026-03-21 01:50:00,0.09405,0.09408,0.094,0.094,111824.862203
2026-03-21 01:55:00,0.09401,0.09408,0.094,0.094,215706.174092
2026-03-21 02:00:00,0.09401,0.09422,0.09398,0.09419,1407729.123597
2026-03-21 02:05:00,0.09422,0.09438,0.09419,0.09427,1083951.896913
2026-03-21 02:10:00,0.09428,0.09433,0.09423,0.09433,521214.450793
2026-03-21 02:15:00,0.09436,0.09447,0.09435,0.09443,579710.030557
2026-03-21 02:20:00,0.09444,0.09452,0.09439,0.09446,471346.198295
2026-03-21 02:25:00,0.09447,0.09457,0.09447,0.09452,422956.430707
2026-03-21 02:30:00,0.09451,0.09456,0.09446,0.09449,474074.878322
2026-03-21 02:35:00,0.09449,0.09452,0.09447,0.09452,440767.327632
2026-03-21 02:40:00,0.09452,0.0948,0.09452,0.0947,4156211.370018
2026-03-21 02:45:00,0.09472,0.09478,0.09466,0.09475,715979.781816
2026-03-21 02:50:00,0.09475,0.09483,0.09469,0.09469,2167232.318838
2026-03-21 02:55:00,0.09469,0.09476,0.09466,0.09473,592711.673718
2026-03-21 03:00:00,0.09473,0.09478,0.09461,0.09466,1035925.165496
2026-03-21 03:05:00,0.09466,0.09484,0.09466,0.09484,283374.87003
2026-03-21 03:10:00,0.09484,0.09499,0.09481,0.09485,877524.6205
2026-03-21 03:15:00,0.09485,0.09487,0.09467,0.09467,822277.66774
2026-03-21 03:20:00,0.09467,0.09476,0.09467,0.09475,37953.273831
2026-03-21 03:25:00,0.09474,0.09488,0.09474,0.09481,718323.911474
2026-03-21 03:30:00,0.0948,0.0948,0.09471,0.09477,481711.051067
2026-03-21 03:35:00,0.09477,0.09487,0.09474,0.09482,289314.028722
2026-03-21 03:40:00,0.09482,0.09486,0.09478,0.09478,51854.570876
2026-03-21 03:45:00,0.09478,0.09483,0.09476,0.0948,453272.158888
2026-03-21 03:50:00,0.09479,0.09484,0.09471,0.09474,323024.111388
2026-03-21 03:55:00,0.09474,0.09475,0.0947,0.09471,516705.452451
2026-03-21 04:00:00,0.09472,0.09481,0.09469,0.09471,437485.344731
2026-03-21 04:05:00,0.09471,0.09477,0.09464,0.09465,543299.445615
2026-03-21 04:10:00,0.09466,0.09466,0.09458,0.0946,561631.796795
2026-03-21 04:15:00,0.09459,0.09471,0.09458,0.09459,133922.241833
2026-03-21 04:20:00,0.09458,0.09479,0.09458,0.09476,256467.268943
2026-03-21 04:25:00,0.09476,0.09488,0.09476,0.09482,327387.009406
2026-03-21 04:30:00,0.09481,0.09481,0.09461,0.09462,216447.079531
2026-03-21 04:35:00,0.0946,0.09464,0.09457,0.0946,318360.413056
2026-03-21 04:40:00,0.09462,0.09467,0.09457,0.09459,317452.320769
2026-03-21 04:45:00,0.09458,0.0946,0.09454,0.09458,316694.824868
2026-03-21 04:50:00,0.09459,0.09464,0.09459,0.09464,140105.128978
2026-03-21 04:55:00,0.09464,0.09467,0.09459,0.09459,1083817.195274
2026-03-21 05:00:00,0.0946,0.09486,0.0946,0.09484,1390421.177034
2026-03-21 05:05:00,0.09485,0.09492,0.09483,0.09488,211676.453481
2026-03-21 05:10:00,0.09488,0.09488,0.09481,0.09483,768959.296619
2026-03-21 05:15:00,0.09483,0.09493,0.09483,0.09486,515646.886691
2026-03-21 05:20:00,0.09483,0.09488,0.0948,0.0948,719662.804862
2026-03-21 05:25:00,0.09481,0.09483,0.09475,0.09479,822132.7127
2026-03-21 05:30:00,0.0948,0.09492,0.0948,0.09487,350992.282743
2026-03-21 05:35:00,0.09487,0.09492,0.09481,0.09481,620501.676771
2026-03-21 05:40:00,0.09481,0.09483,0.09476,0.09478,255915.319059
2026-03-21 05:45:00,0.09475,0.09481,0.09475,0.09478,425335.139454
2026-03-21 05:50:00,0.09477,0.09477,0.09471,0.09474,60378.653384
2026-03-21 05:55:00,0.09475,0.09477,0.09471,0.09471,167178.347219
2026-03-21 06:00:00,0.09472,0.09487,0.09471,0.09486,480132.040238
2026-03-21 06:05:00,0.09488,0.09492,0.09484,0.09485,120081.436229
2026-03-21 06:10:00,0.09483,0.09487,0.0948,0.0948,297736.112649
2026-03-21 06:15:00,0.0948,0.0949,0.0948,0.09484,528355.391064
2026-03-21 06:20:00,0.09484,0.09484,0.09479,0.09482,209070.732621
2026-03-21 06:25:00,0.09483,0.09488,0.09482,0.09488,142834.210283
2026-03-21 06:30:00,0.0949,0.09492,0.09481,0.09484,416484.040671
2026-03-21 06:35:00,0.09486,0.09487,0.09479,0.09479,191552.806224
2026-03-21 06:40:00,0.0948,0.09493,0.09477,0.09477,4500900.26776
2026-03-21 06:45:00,0.09476,0.09482,0.0945,0.09462,6709822.73343
2026-03-21 06:50:00,0.09463,0.09463,0.09453,0.09455,1421993.32346
2026-03-21 06:55:00,0.09455,0.09463,0.09454,0.09461,819283.364437
2026-03-21 07:00:00,0.09461,0.09471,0.09457,0.09465,2100288.900318
2026-03-21 07:05:00,0.09466,0.09468,0.09452,0.09455,1097449.270552
2026-03-21 07:10:00,0.09455,0.09455,0.09447,0.0945,730209.769477
2026-03-21 07:15:00,0.09449,0.09468,0.09448,0.09464,1400627.603207
2026-03-21 07:20:00,0.09465,0.09465,0.09453,0.09456,459024.684088
2026-03-21 07:25:00,0.09456,0.09464,0.09456,0.09462,540836.706944
2026-03-21 07:30:00,0.09463,0.09466,0.09456,0.0946,2151928.838246
2026-03-21 07:35:00,0.09459,0.09459,0.09443,0.09446,507265.98924
2026-03-21 07:40:00,0.09447,0.09454,0.09443,0.09446,890987.916995
2026-03-21 07:45:00,0.09446,0.09446,0.09429,0.0944,1053438.24306
2026-03-21 07:50:00,0.0944,0.0944,0.09432,0.09439,230088.85049
2026-03-21 07:55:00,0.09439,0.09441,0.09434,0.09436,108480.180321
2026-03-21 08:00:00,0.09438,0.09443,0.09433,0.0944,700712.242373
2026-03-21 08:05:00,0.09441,0.09444,0.09436,0.09437,512638.750757
2026-03-21 08:10:00,0.09439,0.09444,0.09437,0.09437,510484.921181
2026-03-21 08:15:00,0.0944,0.09444,0.09431,0.09431,1502441.673114
2026-03-21 08:20:00,0.09434,0.09436,0.09428,0.0943,737152.482049
2026-03-21 08:25:00,0.09429,0.09432,0.09424,0.09424,980308.563475
2026-03-21 08:30:00,0.09424,0.09432,0.09422,0.09432,425895.57325
2026-03-21 08:35:00,0.09432,0.09435,0.09429,0.09434,392416.704607
2026-03-21 08:40:00,0.09434,0.09437,0.0943,0.09437,133351.474865
2026-03-21 08:45:00,0.09436,0.09442,0.0943,0.09436,322409.084594
2026-03-21 08:50:00,0.09437,0.09439,0.0943,0.09431,705617.717543
2026-03-21 08:55:00,0.09431,0.09439,0.09431,0.09437,140130.62817
2026-03-21 09:00:00,0.09437,0.09444,0.09436,0.09444,782958.931536
2026-03-21 09:05:00,0.09442,0.0945,0.09441,0.09441,457039.708361
2026-03-21 09:10:00,0.0944,0.09446,0.09437,0.09446,609299.355243
2026-03-21 09:15:00,0.09445,0.0945,0.09437,0.09438,599673.193185
2026-03-21 09:20:00,0.09437,0.0944,0.09437,0.0944,135416.058516
2026-03-21 09:25:00,0.0944,0.09441,0.09436,0.09437,44314.239555
2026-03-21 09:30:00,0.09437,0.09437,0.0943,0.09437,234028.89099
2026-03-21 09:35:00,0.09438,0.09445,0.09435,0.0944,110617.028415
2026-03-21 09:40:00,0.09439,0.09439,0.09431,0.09433,353165.038488
2026-03-21 09:45:00,0.09434,0.09436,0.0943,0.09432,1649793.636684
2026-03-21 09:50:00,0.0943,0.09433,0.09424,0.09431,740175.943356
2026-03-21 09:55:00,0.09429,0.09433,0.09428,0.09432,239860.789477
2026-03-21 10:00:00,0.09431,0.09434,0.09427,0.09432,434023.898834
2026-03-21 10:05:00,0.09431,0.09431,0.09412,0.09415,392375.748237
2026-03-21 10:10:00,0.09416,0.09417,0.09401,0.09406,1215654.858439
2026-03-21 10:15:00,0.09405,0.09407,0.09397,0.09398,1511393.375489
2026-03-21 10:20:00,0.09398,0.09402,0.09395,0.09402,953861.255707
2026-03-21 10:25:00,0.09402,0.09402,0.09397,0.09401,621938.449494
2026-03-21 10:30:00,0.09402,0.09408,0.094,0.094,342819.705954
2026-03-21 10:35:00,0.094,0.09408,0.094,0.09407,353496.59927
2026-03-21 10:40:00,0.09407,0.09409,0.09402,0.09407,408175.374029
2026-03-21 10:45:00,0.09404,0.09404,0.09392,0.09393,643287.740727
2026-03-21 10:50:00,0.09393,0.09396,0.09392,0.09393,250546.591124
2026-03-21 10:55:00,0.09392,0.09399,0.09391,0.09399,483719.19489
2026-03-21 11:00:00,0.09399,0.09399,0.09396,0.09399,187786.835606
2026-03-21 11:05:00,0.094,0.09402,0.09397,0.09398,453272.421082
2026-03-21 11:10:00,0.09397,0.09398,0.09396,0.09397,360651.170487
2026-03-21 11:15:00,0.09396,0.09401,0.09395,0.094,966987.9478
2026-03-21 11:20:00,0.09401,0.09401,0.09396,0.09401,465813.614826
2026-03-21 11:25:00,0.09401,0.09405,0.09398,0.094,361494.232345
2026-03-21 11:30:00,0.09401,0.09401,0.09382,0.09389,474360.842033
2026-03-21 11:35:00,0.09389,0.09395,0.09385,0.09392,3619021.200835
2026-03-21 11:40:00,0.09391,0.09405,0.09391,0.09405,655439.703777
2026-03-21 11:45:00,0.09405,0.09407,0.09402,0.09403,398682.274029
2026-03-21 11:50:00,0.09403,0.09403,0.09395,0.09396,323606.449284
2026-03-21 11:55:00,0.09396,0.09404,0.09395,0.09401,414572.158485
2026-03-21 12:00:00,0.09401,0.09403,0.09396,0.09403,1025024.941732
2026-03-21 12:05:00,0.09403,0.09403,0.09391,0.09398,927476.134716
2026-03-21 12:10:00,0.09398,0.09407,0.09398,0.09404,335413.460304
2026-03-21 12:15:00,0.09405,0.09406,0.094,0.09401,280218.145575
2026-03-21 12:20:00,0.09402,0.09415,0.09402,0.09407,385072.851316
2026-03-21 12:25:00,0.09407,0.09411,0.09406,0.09408,361577.911861
2026-03-21 12:30:00,0.09407,0.09407,0.09392,0.094,808898.28669
2026-03-21 12:35:00,0.094,0.09408,0.094,0.09407,375860.414734
2026-03-21 12:40:00,0.09406,0.09407,0.09403,0.09403,367429.753167
2026-03-21 12:45:00,0.09403,0.09407,0.09398,0.09398,614121.529854
2026-03-21 12:50:00,0.09397,0.094,0.09394,0.09395,306046.897525
2026-03-21 12:55:00,0.09395,0.09399,0.09395,0.09397,367041.660116
2026-03-21 13:00:00,0.09398,0.094,0.09392,0.09392,128945.33798
2026-03-21 13:05:00,0.09392,0.09395,0.09389,0.09392,329543.970887
2026-03-21 13:10:00,0.09392,0.09394,0.0939,0.09391,216693.854585
2026-03-21 13:15:00,0.0939,0.094,0.0939,0.09396,3047366.817724
2026-03-21 13:20:00,0.09396,0.09396,0.09384,0.09389,1262899.883601
2026-03-21 13:25:00,0.09389,0.09391,0.09369,0.0937,2941954.330744
2026-03-21 13:30:00,0.0937,0.09378,0.09368,0.0937,785878.227698
2026-03-21 13:35:00,0.0937,0.0937,0.09354,0.09357,588404.143426
2026-03-21 13:40:00,0.09357,0.09366,0.09354,0.09364,702360.94907
2026-03-21 13:45:00,0.09364,0.0937,0.0936,0.09369,1491057.850293
2026-03-21 13:50:00,0.09369,0.09374,0.09367,0.09368,401397.214071
2026-03-21 13:55:00,0.09368,0.09375,0.09367,0.09369,692857.373211
2026-03-21 14:00:00,0.0937,0.09376,0.0937,0.09374,453362.794459
2026-03-21 14:05:00,0.09373,0.09377,0.09373,0.09375,202940.937136
2026-03-21 14:10:00,0.09377,0.09426,0.09377,0.09415,2429830.09345
2026-03-21 14:15:00,0.09416,0.09423,0.09399,0.09416,2193609.329457
2026-03-21 14:20:00,0.09416,0.09416,0.09406,0.09406,1399279.535429
2026-03-21 14:25:00,0.09406,0.09406,0.09395,0.09397,516019.931815
2026-03-21 14:30:00,0.09397,0.09407,0.09396,0.09405,479107.832024
2026-03-21 14:35:00,0.09408,0.09413,0.09382,0.09384,1337518.482378
2026-03-21 14:40:00,0.09383,0.09395,0.09383,0.09391,139750.948936
2026-03-21 14:45:00,0.09392,0.09394,0.09376,0.09382,1646373.490394
2026-03-21 14:50:00,0.09382,0.09382,0.09362,0.0938,680206.885668
2026-03-21 14:55:00,0.0938,0.0938,0.09369,0.09371,473003.719838
2026-03-21 15:00:00,0.0937,0.09382,0.09365,0.09382,445582.473399
2026-03-21 15:05:00,0.09382,0.09386,0.09376,0.09385,411365.748874
2026-03-21 15:10:00,0.09384,0.09384,0.09377,0.09381,134972.622262
2026-03-21 15:15:00,0.09381,0.09382,0.09367,0.09378,752017.753689
2026-03-21 15:20:00,0.0938,0.09392,0.0938,0.09391,278395.412885
2026-03-21 15:25:00,0.0939,0.09398,0.09389,0.09398,264689.007084
2026-03-21 15:30:00,0.09399,0.09428,0.09397,0.09428,819141.712218
2026-03-21 15:35:00,0.09427,0.09427,0.0941,0.09411,955686.351631
2026-03-21 15:40:00,0.09411,0.0942,0.09411,0.09418,405364.824801
2026-03-21 15:45:00,0.09419,0.0943,0.09419,0.09429,516690.053069
2026-03-21 15:50:00,0.0943,0.0945,0.09427,0.09446,7074386.185905
2026-03-21 15:55:00,0.09444,0.09465,0.09439,0.09465,1976809.145776
2026-03-21 16:00:00,0.09466,0.09468,0.09456,0.09462,2840684.997587
2026-03-21 16:05:00,0.0946,0.0946,0.09446,0.09451,1253944.348324
2026-03-21 16:10:00,0.09451,0.09457,0.09447,0.09451,975526.539995
2026-03-21 16:15:00,0.09452,0.09453,0.09432,0.09433,1481853.11561
2026-03-21 16:20:00,0.09434,0.09439,0.09434,0.09437,461227.706576
2026-03-21 16:25:00,0.09437,0.09442,0.09425,0.0943,1615534.51351
2026-03-21 16:30:00,0.0943,0.09442,0.0943,0.09439,259071.874581
2026-03-21 16:35:00,0.0944,0.09453,0.09438,0.09443,731688.878777
2026-03-21 16:40:00,0.09443,0.09445,0.09431,0.09445,534221.047115
2026-03-21 16:45:00,0.09444,0.09451,0.0944,0.09442,565913.469017
2026-03-21 16:50:00,0.09442,0.09442,0.09433,0.09434,76697.814739
2026-03-21 16:55:00,0.09435,0.0944,0.09424,0.09432,829707.330544
2026-03-21 17:00:00,0.09432,0.09437,0.0942,0.09424,2497469.045739
2026-03-21 17:05:00,0.09424,0.09424,0.09398,0.09401,740732.206165
2026-03-21 17:10:00,0.09401,0.09402,0.09395,0.09397,1763860.54239
2026-03-21 17:15:00,0.09396,0.09402,0.09393,0.094,351589.628699
2026-03-21 17:20:00,0.094,0.09413,0.09399,0.09409,76467.58962
2026-03-21 17:25:00,0.09409,0.09413,0.09409,0.0941,664699.21789
2026-03-21 17:30:00,0.09409,0.09416,0.09408,0.09413,990491.20846
2026-03-21 17:35:00,0.09413,0.09417,0.09412,0.09417,27801.06974
2026-03-21 17:40:00,0.09417,0.09425,0.09417,0.09421,395917.170793
2026-03-21 17:45:00,0.0942,0.0942,0.09413,0.09414,87411.418432
2026-03-21 17:50:00,0.09413,0.09414,0.09402,0.0941,320693.372069
2026-03-21 17:55:00,0.09411,0.09416,0.09406,0.09406,64753.012966
2026-03-21 18:00:00,0.09406,0.09408,0.09403,0.09403,40226.645612
2026-03-21 18:05:00,0.09402,0.09404,0.09394,0.09403,421844.770204
2026-03-21 18:10:00,0.09405,0.09405,0.09396,0.09403,382458.559021
2026-03-21 18:15:00,0.09401,0.09406,0.09399,0.09404,78999.315995
2026-03-21 18:20:00,0.09405,0.09416,0.09404,0.09411,85971.185463
2026-03-21 18:25:00,0.09411,0.09411,0.09405,0.09407,395155.830888
2026-03-21 18:30:00,0.09408,0.0942,0.09407,0.09415,42284.171507
2026-03-21 18:35:00,0.09416,0.09422,0.09412,0.09419,258237.398941
2026-03-21 18:40:00,0.09418,0.09426,0.09417,0.09421,90540.115441
2026-03-21 18:45:00,0.09422,0.09422,0.09416,0.09418,384184.028721
2026-03-21 18:50:00,0.09419,0.09419,0.09407,0.0941,81399.227444
2026-03-21 18:55:00,0.09412,0.09412,0.09406,0.09408,22201.685649
2026-03-21 19:00:00,0.09406,0.0941,0.09403,0.09406,119689.873028
2026-03-21 19:05:00,0.09404,0.09405,0.094,0.09402,461419.341781
2026-03-21 19:10:00,0.09401,0.09403,0.094,0.09402,178131.880282
2026-03-21 19:15:00,0.09401,0.09403,0.09397,0.09401,521045.429835
2026-03-21 19:20:00,0.09401,0.09404,0.09398,0.09403,819580.962931
2026-03-21 19:25:00,0.09403,0.09406,0.09401,0.09404,247597.199004
2026-03-21 19:30:00,0.09401,0.09403,0.09389,0.09395,250344.37832
2026-03-21 19:35:00,0.09396,0.09399,0.09392,0.09392,137069.099795
2026-03-21 19:40:00,0.09392,0.09398,0.09391,0.09398,167920.818117
2026-03-21 19:45:00,0.09397,0.09404,0.09397,0.09397,91614.16974
2026-03-21 19:50:00,0.09397,0.09409,0.09397,0.09409,17038.083323
2026-03-21 19:55:00,0.09409,0.09414,0.09406,0.09408,266410.405788
2026-03-21 20:00:00,0.09408,0.09412,0.09404,0.09407,553604.820239
2026-03-21 20:05:00,0.09406,0.09407,0.09401,0.09407,194619.361326
2026-03-21 20:10:00,0.09408,0.09416,0.09406,0.09411,377262.229021
2026-03-21 20:15:00,0.09411,0.09411,0.094,0.0941,202091.192241
2026-03-21 20:20:00,0.0941,0.09426,0.0941,0.09422,124441.289946
2026-03-21 20:25:00,0.09423,0.0944,0.09423,0.09438,186474.967994
2026-03-21 20:30:00,0.09439,0.09441,0.09432,0.09434,755955.399821
2026-03-21 20:35:00,0.09433,0.09439,0.09428,0.09432,728798.452474
2026-03-21 20:40:00,0.09432,0.09436,0.09428,0.0943,118727.186297
2026-03-21 20:45:00,0.0943,0.09436,0.0943,0.09433,67273.031408
2026-03-21 20:50:00,0.09433,0.09434,0.0943,0.09434,121626.988779
2026-03-21 20:55:00,0.09433,0.09435,0.09432,0.09433,39660.151756
2026-03-21 21:00:00,0.09434,0.09437,0.09424,0.09426,138359.124397
2026-03-21 21:05:00,0.09424,0.09426,0.0942,0.09423,432974.49998
2026-03-21 21:10:00,0.09422,0.09423,0.09406,0.09411,2790171.431074
2026-03-21 21:15:00,0.09411,0.09412,0.09406,0.09408,72037.613558
2026-03-21 21:20:00,0.09409,0.09418,0.09408,0.09417,169950.669397
2026-03-21 21:25:00,0.09415,0.09422,0.09414,0.09417,23815.752407
2026-03-21 21:30:00,0.09418,0.09426,0.09416,0.09426,107214.405545
2026-03-21 21:35:00,0.09425,0.09433,0.09424,0.09432,190502.40225
2026-03-21 21:40:00,0.09432,0.09432,0.0942,0.09425,1263684.955631
2026-03-21 21:45:00,0.09424,0.09429,0.09414,0.09425,373999.700057
2026-03-21 21:50:00,0.09424,0.09424,0.09409,0.09417,633073.523594
2026-03-21 21:55:00,0.09417,0.09418,0.09411,0.09415,119437.861653
2026-03-21 22:00:00,0.09416,0.09416,0.09396,0.09399,763242.532191
2026-03-21 22:05:00,0.094,0.09402,0.09393,0.09396,239397.914493
2026-03-21 22:10:00,0.09395,0.09403,0.09395,0.09403,81778.894615
2026-03-21 22:15:00,0.09402,0.09407,0.094,0.09407,79767.004685
2026-03-21 22:20:00,0.09405,0.09406,0.09403,0.09404,197343.530853
2026-03-21 22:25:00,0.09405,0.09406,0.09403,0.09406,64077.662786
2026-03-21 22:30:00,0.09405,0.09419,0.09404,0.09417,139631.261403
2026-03-21 22:35:00,0.09419,0.09421,0.09411,0.09413,125899.824004
2026-03-21 22:40:00,0.09413,0.09416,0.09407,0.09409,36923.451272
2026-03-21 22:45:00,0.09409,0.09411,0.09403,0.09408,296798.63159
2026-03-21 22:50:00,0.09407,0.09407,0.09398,0.09404,153076.720314
2026-03-21 22:55:00,0.09401,0.09404,0.09401,0.09401,21377.957037
2026-03-21 23:00:00,0.09401,0.09401,0.09383,0.09389,406964.848231
2026-03-21 23:05:00,0.0939,0.09391,0.09382,0.09384,52684.845349
2026-03-21 23:10:00,0.09383,0.09387,0.09378,0.09384,349198.850841
2026-03-21 23:15:00,0.09384,0.09387,0.09378,0.09383,797676.429309
2026-03-21 23:20:00,0.09385,0.0939,0.09379,0.09379,447317.739649
2026-03-21 23:25:00,0.09377,0.0938,0.09375,0.09377,81265.562072
2026-03-21 23:30:00,0.09376,0.09376,0.09366,0.09375,3219787.200764
2026-03-21 23:35:00,0.09374,0.09377,0.09373,0.09374,144992.932199
2026-03-21 23:40:00,0.09374,0.09381,0.09372,0.09378,91848.837101
2026-03-21 23:45:00,0.09378,0.0938,0.09305,0.09306,9898057.494332
2026-03-21 23:50:00,0.09306,0.0931,0.09056,0.09164,63295050.575317
2026-03-21 23:55:00,0.09162,0.09174,0.09068,0.09135,21191508.256463
2026-03-22 00:00:00,0.09133,0.09134,0.09,0.09053,33852709.752038
2026-03-22 00:05:00,0.09053,0.09153,0.09035,0.09133,7876361.946772
2026-03-22 00:10:00,0.09131,0.09147,0.09091,0.09106,5884066.71129
2026-03-22 00:15:00,0.09106,0.0917,0.09101,0.09151,8456120.97529
2026-03-22 00:20:00,0.0915,0.09156,0.09123,0.0915,8006642.916035
2026-03-22 00:25:00,0.09149,0.09166,0.09129,0.09165,2199445.91839
2026-03-22 00:30:00,0.09165,0.09195,0.09165,0.09189,4566721.493695
2026-03-22 00:35:00,0.09189,0.09202,0.09162,0.09162,4516159.04259
2026-03-22 00:40:00,0.09161,0.09187,0.09151,0.09172,2037089.43858
2026-03-22 00:45:00,0.09173,0.09189,0.09163,0.09171,1390169.922055
2026-03-22 00:50:00,0.09168,0.09168,0.09131,0.09136,3805822.469044
2026-03-22 00:55:00,0.09135,0.09152,0.09127,0.09148,1205516.988504
2026-03-22 01:00:00,0.09148,0.09188,0.09148,0.09169,4667873.237279
2026-03-22 01:05:00,0.09168,0.09173,0.09142,0.09142,2875096.498945
2026-03-22 01:10:00,0.09141,0.09146,0.09124,0.09142,5259213.416861
2026-03-22 01:15:00,0.0914,0.0916,0.09129,0.09152,4247106.38891
2026-03-22 01:20:00,0.09152,0.09161,0.09139,0.09139,3441100.547604
2026-03-22 01:25:00,0.0914,0.09143,0.09129,0.09136,717856.138906
2026-03-22 01:30:00,0.09136,0.09153,0.09129,0.09143,1867771.947757
2026-03-22 01:35:00,0.09143,0.09146,0.09108,0.09117,6260535.940852
2026-03-22 01:40:00,0.09118,0.09133,0.09114,0.09117,1242704.479495
2026-03-22 01:45:00,0.09117,0.09136,0.09117,0.09134,2575389.885368
2026-03-22 01:50:00,0.09134,0.09144,0.09126,0.09142,1470423.096588
2026-03-22 01:55:00,0.09142,0.09155,0.09136,0.0915,3365937.617343
2026-03-22 02:00:00,0.0915,0.09172,0.0915,0.09167,1509080.492807
2026-03-22 02:05:00,0.09166,0.09171,0.09153,0.09155,840546.629105
2026-03-22 02:10:00,0.09155,0.09169,0.09154,0.09167,688682.636765
2026-03-22 02:15:00,0.09167,0.09175,0.09162,0.09164,855166.274132
2026-03-22 02:20:00,0.09167,0.09179,0.09154,0.09177,798972.679269
2026-03-22 02:25:00,0.09177,0.0924,0.09172,0.09225,2546135.681491
2026-03-22 02:30:00,0.09226,0.09229,0.09192,0.09203,3316159.939218
2026-03-22 02:35:00,0.09203,0.09206,0.09193,0.09196,1216165.85515
2026-03-22 02:40:00,0.09197,0.09205,0.09194,0.09198,765720.326571
2026-03-22 02:45:00,0.09199,0.09216,0.09197,0.09206,1031319.358147
2026-03-22 02:50:00,0.09208,0.0921,0.09197,0.0921,1103004.30571
2026-03-22 02:55:00,0.09211,0.09214,0.09203,0.09206,605662.243602
2026-03-22 03:00:00,0.09207,0.09207,0.09177,0.09184,2181324.667918
2026-03-22 03:05:00,0.09183,0.09194,0.09181,0.09189,474192.015804
2026-03-22 03:10:00,0.09189,0.09209,0.09189,0.09199,324390.549233
2026-03-22 03:15:00,0.092,0.09217,0.092,0.09217,182437.131872
2026-03-22 03:20:00,0.09217,0.09223,0.09207,0.0921,611877.079453
2026-03-22 03:25:00,0.0921,0.0928,0.09207,0.09263,9413113.26819
2026-03-22 03:30:00,0.09263,0.09268,0.09242,0.09257,3238758.346289
2026-03-22 03:35:00,0.09255,0.09288,0.09251,0.09259,3300204.172937
2026-03-22 03:40:00,0.09256,0.09256,0.09244,0.09254,785679.6375
2026-03-22 03:45:00,0.09251,0.09252,0.09238,0.09242,2295555.707009
2026-03-22 03:50:00,0.09242,0.09242,0.09235,0.09237,1319234.928272
2026-03-22 03:55:00,0.09237,0.09239,0.09235,0.09235,124024.659553
2026-03-22 04:00:00,0.09235,0.09248,0.0923,0.09243,2903295.895983
2026-03-22 04:05:00,0.09239,0.09252,0.09238,0.09244,617294.533021
2026-03-22 04:10:00,0.09244,0.09244,0.09231,0.09243,661189.81218
2026-03-22 04:15:00,0.09244,0.09268,0.09244,0.09244,1301765.161459
2026-03-22 04:20:00,0.09243,0.09243,0.09219,0.09234,1443572.525663
2026-03-22 04:25:00,0.09235,0.09239,0.09228,0.0923,3421621.799151
2026-03-22 04:30:00,0.09231,0.09265,0.09227,0.09264,2040284.980227
2026-03-22 04:35:00,0.09264,0.09278,0.09262,0.09271,5605794.361528
2026-03-22 04:40:00,0.0927,0.0927,0.09258,0.09262,372974.027919
2026-03-22 04:45:00,0.09264,0.09284,0.09264,0.09274,3744585.605913
2026-03-22 04:50:00,0.09274,0.09282,0.09271,0.09273,1332612.017547
2026-03-22 04:55:00,0.09273,0.09275,0.09261,0.09268,1217176.583755
2026-03-22 05:00:00,0.09267,0.09269,0.09246,0.09258,9096663.764887
2026-03-22 05:05:00,0.09256,0.09263,0.09248,0.09258,821908.321166
2026-03-22 05:10:00,0.09253,0.09266,0.09251,0.09261,984493.71179
2026-03-22 05:15:00,0.09261,0.09266,0.0925,0.09259,829078.135003
2026-03-22 05:20:00,0.09259,0.09261,0.09248,0.09253,1575392.472269
2026-03-22 05:25:00,0.09253,0.09256,0.09232,0.09234,734770.50835
2026-03-22 05:30:00,0.09234,0.09245,0.09231,0.09231,1623081.2826
2026-03-22 05:35:00,0.09231,0.09235,0.09226,0.09228,1235243.624687
2026-03-22 05:40:00,0.09229,0.09238,0.09222,0.09225,3096626.972002
2026-03-22 05:45:00,0.09224,0.09234,0.09221,0.09223,522377.658663
2026-03-22 05:50:00,0.09222,0.09222,0.09216,0.09218,354513.0375
2026-03-22 05:55:00,0.09219,0.09221,0.09216,0.09218,418933.413204
2026-03-22 06:00:00,0.09219,0.09219,0.09201,0.09206,700151.015113
2026-03-22 06:05:00,0.09207,0.09207,0.09188,0.09196,1516494.903006
2026-03-22 06:10:00,0.09194,0.09194,0.09181,0.09181,727903.603616
2026-03-22 06:15:00,0.0918,0.09189,0.09177,0.09186,2374144.501904
2026-03-22 06:20:00,0.09187,0.09191,0.09176,0.09187,2330169.499588
2026-03-22 06:25:00,0.09188,0.09201,0.09183,0.092,2673959.360877
2026-03-22 06:30:00,0.09201,0.09205,0.09183,0.0919,702928.457536
2026-03-22 06:35:00,0.0919,0.09195,0.09185,0.0919,421783.765355
2026-03-22 06:40:00,0.09187,0.0919,0.09186,0.09187,261444.885076
2026-03-22 06:45:00,0.09187,0.09191,0.09181,0.09184,702553.140064
2026-03-22 06:50:00,0.09185,0.09199,0.09185,0.09192,1022400.090784
2026-03-22 06:55:00,0.09191,0.09191,0.09187,0.0919,157065.456146
2026-03-22 07:00:00,0.0919,0.09196,0.09183,0.09191,232687.059896
2026-03-22 07:05:00,0.09192,0.09205,0.09184,0.09184,466260.453595
2026-03-22 07:10:00,0.09185,0.09192,0.09178,0.09186,744378.017316
2026-03-22 07:15:00,0.09185,0.09198,0.09185,0.09194,584551.251226
2026-03-22 07:20:00,0.09193,0.09194,0.09187,0.09189,620814.29263
2026-03-22 07:25:00,0.0919,0.09197,0.09189,0.09189,641096.974311
2026-03-22 07:30:00,0.09188,0.0919,0.09168,0.09178,1743931.727427
2026-03-22 07:35:00,0.09179,0.09187,0.09168,0.0917,1933102.529319
2026-03-22 07:40:00,0.09171,0.09177,0.09159,0.09168,769587.686809
2026-03-22 07:45:00,0.09167,0.09168,0.0915,0.09167,3352220.703325
2026-03-22 07:50:00,0.09168,0.09172,0.0915,0.0915,1731210.459907
2026-03-22 07:55:00,0.09151,0.09154,0.09133,0.09135,2570928.476892
2026-03-22 08:00:00,0.09136,0.09142,0.09099,0.09121,9477361.6088
2026-03-22 08:05:00,0.09122,0.09136,0.09107,0.09107,3401970.121214
2026-03-22 08:10:00,0.09106,0.09119,0.09103,0.09118,1511204.965947
2026-03-22 08:15:00,0.09119,0.0912,0.09096,0.09099,1915071.129906
2026-03-22 08:20:00,0.091,0.09112,0.09079,0.09112,4457937.067973
2026-03-22 08:25:00,0.09112,0.09127,0.09076,0.09092,5643162.391275
2026-03-22 08:30:00,0.09091,0.09109,0.09081,0.09096,2335757.521306
2026-03-22 08:35:00,0.09096,0.09108,0.0909,0.09101,1683130.016507
2026-03-22 08:40:00,0.09101,0.09123,0.09101,0.09101,2302447.370923
2026-03-22 08:45:00,0.09102,0.09112,0.09101,0.09109,1025968.141773
2026-03-22 08:50:00,0.09109,0.09119,0.09098,0.09116,919026.387197
2026-03-22 08:55:00,0.09115,0.09127,0.0911,0.0912,823135.380864
2026-03-22 09:00:00,0.09119,0.09137,0.09114,0.09132,1263652.587926
2026-03-22 09:05:00,0.09132,0.09154,0.09129,0.0915,1705138.407956
2026-03-22 09:10:00,0.0915,0.09155,0.09141,0.09151,418134.357375
2026-03-22 09:15:00,0.0915,0.09164,0.09126,0.09132,2473916.5268
2026-03-22 09:20:00,0.09132,0.09146,0.09118,0.0912,1011855.481325
2026-03-22 09:25:00,0.09121,0.09121,0.09104,0.0911,692021.853164
2026-03-22 09:30:00,0.0911,0.09117,0.09107,0.09116,523547.250008
2026-03-22 09:35:00,0.09115,0.09132,0.09113,0.09128,851899.952856
2026-03-22 09:40:00,0.09128,0.09137,0.09128,0.09132,573292.023571
2026-03-22 09:45:00,0.09129,0.09133,0.09123,0.09127,507375.038678
2026-03-22 09:50:00,0.09126,0.09128,0.09121,0.09127,437383.427585
2026-03-22 09:55:00,0.09126,0.09131,0.09123,0.09125,263405.778042
2026-03-22 10:00:00,0.09123,0.09123,0.09114,0.09121,529920.425418
2026-03-22 10:05:00,0.09119,0.09121,0.091,0.09108,566728.338925
2026-03-22 10:10:00,0.09107,0.09114,0.09106,0.09113,163350.636371
2026-03-22 10:15:00,0.09113,0.09121,0.091,0.09109,1631575.086705
2026-03-22 10:20:00,0.09108,0.09115,0.09104,0.09114,322126.746968
2026-03-22 10:25:00,0.09113,0.09116,0.09109,0.09111,175314.303679
2026-03-22 10:30:00,0.09112,0.09117,0.09105,0.09109,545726.865264
2026-03-22 10:35:00,0.09107,0.09107,0.09097,0.09101,639059.877541
2026-03-22 10:40:00,0.09101,0.09103,0.09094,0.09102,1216744.829558
2026-03-22 10:45:00,0.09103,0.09104,0.09095,0.09097,419635.181469
2026-03-22 10:50:00,0.09096,0.09108,0.09094,0.09099,482574.953245
2026-03-22 10:55:00,0.09099,0.09106,0.09098,0.09102,375834.658812
2026-03-22 11:00:00,0.09102,0.09105,0.09094,0.09103,186218.753896
2026-03-22 11:05:00,0.09101,0.09118,0.09101,0.09118,222169.309228
2026-03-22 11:10:00,0.09116,0.09116,0.0911,0.09111,224238.418814
2026-03-22 11:15:00,0.0911,0.09115,0.09107,0.09109,459802.269059
2026-03-22 11:20:00,0.0911,0.09128,0.0911,0.09116,420577.039304
2026-03-22 11:25:00,0.09115,0.09115,0.0909,0.09104,1436163.352796
2026-03-22 11:30:00,0.09101,0.09125,0.091,0.09113,834759.424572
2026-03-22 11:35:00,0.09112,0.09125,0.09112,0.09125,644598.327124
2026-03-22 11:40:00,0.09123,0.09125,0.09091,0.09114,2875441.218442
2026-03-22 11:45:00,0.09113,0.09118,0.09103,0.09114,305188.388029
2026-03-22 11:50:00,0.09115,0.09117,0.09095,0.09113,1305134.660654
2026-03-22 11:55:00,0.09111,0.09114,0.09104,0.09111,465019.756673
2026-03-22 12:00:00,0.09112,0.0912,0.09111,0.09116,405301.394283
2026-03-22 12:05:00,0.09116,0.0914,0.09116,0.09139,1021587.966831
2026-03-22 12:10:00,0.09138,0.09138,0.09126,0.09127,691678.212444
2026-03-22 12:15:00,0.09127,0.09141,0.09125,0.0914,1013935.379168
2026-03-22 12:20:00,0.0914,0.09164,0.09139,0.0916,931478.657346
2026-03-22 12:25:00,0.09161,0.09198,0.0916,0.09185,3278082.651819
2026-03-22 12:30:00,0.09185,0.09185,0.09167,0.09167,975860.167209
2026-03-22 12:35:00,0.09167,0.0918,0.09165,0.09167,2255682.066048
2026-03-22 12:40:00,0.09169,0.09172,0.09161,0.09161,975899.644966
2026-03-22 12:45:00,0.09161,0.09166,0.09143,0.09143,600118.337766
2026-03-22 12:50:00,0.09144,0.09155,0.09129,0.0915,1591362.834624
2026-03-22 12:55:00,0.09151,0.09156,0.09149,0.09151,272454.834568
2026-03-22 13:00:00,0.09153,0.09195,0.09151,0.09169,4551247.437444
2026-03-22 13:05:00,0.09166,0.09172,0.09162,0.09171,669050.621332
2026-03-22 13:10:00,0.09173,0.09175,0.09161,0.09166,128380.29733
2026-03-22 13:15:00,0.09165,0.09166,0.09157,0.09158,196917.864881
2026-03-22 13:20:00,0.09159,0.09161,0.09145,0.09147,984089.299094
2026-03-22 13:25:00,0.09146,0.09152,0.09142,0.0915,656866.11718
2026-03-22 13:30:00,0.09151,0.09162,0.09141,0.09141,793573.233785
2026-03-22 13:35:00,0.09141,0.09143,0.09129,0.09131,396758.172274
2026-03-22 13:40:00,0.09131,0.09136,0.09115,0.0913,1498115.410151
2026-03-22 13:45:00,0.09129,0.09133,0.0912,0.09127,510132.718277
2026-03-22 13:50:00,0.09127,0.09138,0.09122,0.09138,192710.318348
2026-03-22 13:55:00,0.09138,0.09143,0.09137,0.09138,112702.804485
2026-03-22 14:00:00,0.09137,0.09145,0.09114,0.09123,1612075.9424
2026-03-22 14:05:00,0.09124,0.09135,0.0912,0.09135,49950.012589
2026-03-22 14:10:00,0.09136,0.09149,0.09136,0.09145,465451.096167
2026-03-22 14:15:00,0.09145,0.09149,0.09141,0.09144,483740.873793
2026-03-22 14:20:00,0.09144,0.09172,0.09141,0.09165,562160.366741
2026-03-22 14:25:00,0.09168,0.09169,0.09157,0.09158,1116767.184336
2026-03-22 14:30:00,0.09162,0.09163,0.09152,0.09156,1567686.862166
2026-03-22 14:35:00,0.09156,0.09182,0.09154,0.09174,957227.825142
2026-03-22 14:40:00,0.09172,0.09172,0.09158,0.09164,3864025.222477
2026-03-22 14:45:00,0.09165,0.09165,0.09142,0.09146,852709.086176
2026-03-22 14:50:00,0.09146,0.0915,0.09142,0.09142,52320.822884
2026-03-22 14:55:00,0.09142,0.09144,0.09137,0.09141,417468.286791
2026-03-22 15:00:00,0.09142,0.09157,0.09142,0.09148,226447.791586
2026-03-22 15:05:00,0.09148,0.09167,0.09148,0.09156,3544799.89225
2026-03-22 15:10:00,0.09158,0.09167,0.09156,0.09162,506077.746628
2026-03-22 15:15:00,0.0916,0.09169,0.09147,0.09154,422772.8575
2026-03-22 15:20:00,0.09156,0.09159,0.09145,0.0915,544505.64688
2026-03-22 15:25:00,0.09151,0.09153,0.09146,0.0915,289219.317503
2026-03-22 15:30:00,0.09149,0.09153,0.09143,0.09149,475467.920141
2026-03-22 15:35:00,0.09149,0.0915,0.0913,0.09138,863205.78812
2026-03-22 15:40:00,0.09137,0.09141,0.09134,0.0914,204581.180035
2026-03-22 15:45:00,0.09141,0.09152,0.09138,0.09152,304850.178706
2026-03-22 15:50:00,0.09153,0.09162,0.09152,0.09158,804477.447459
2026-03-22 15:55:00,0.09157,0.09165,0.09155,0.09163,895795.373799
2026-03-22 16:00:00,0.09163,0.09164,0.09148,0.09148,744291.475366
2026-03-22 16:05:00,0.09152,0.09154,0.09145,0.09145,833165.606747
2026-03-22 16:10:00,0.09146,0.09153,0.09145,0.09148,401736.320034
2026-03-22 16:15:00,0.0915,0.09156,0.09143,0.09148,1127635.673255
2026-03-22 16:20:00,0.09149,0.09151,0.09142,0.09148,343718.528786
2026-03-22 16:25:00,0.09147,0.09147,0.0914,0.09144,99965.520974
2026-03-22 16:30:00,0.09144,0.09151,0.0914,0.09145,1740207.54323
2026-03-22 16:35:00,0.09145,0.09156,0.09143,0.09147,106549.979208
2026-03-22 16:40:00,0.09147,0.09156,0.09142,0.09156,404050.063203
2026-03-22 16:45:00,0.09156,0.09177,0.09156,0.09161,1127276.373967
2026-03-22 16:50:00,0.09162,0.09173,0.09162,0.09168,197454.461927
2026-03-22 16:55:00,0.09168,0.09169,0.09161,0.09162,98125.237455
2026-03-22 17:00:00,0.09162,0.09162,0.09143,0.09156,2973641.440362
2026-03-22 17:05:00,0.09156,0.09161,0.09153,0.09159,304346.39735
2026-03-22 17:10:00,0.09159,0.09159,0.0915,0.09156,1138333.330361
2026-03-22 17:15:00,0.0916,0.0916,0.09151,0.09154,361053.155759
2026-03-22 17:20:00,0.09157,0.09163,0.09149,0.09149,823427.169269
2026-03-22 17:25:00,0.09146,0.09154,0.09145,0.09151,34505.326705
2026-03-22 17:30:00,0.09154,0.09158,0.09147,0.09154,141617.949432
2026-03-22 17:35:00,0.09153,0.09154,0.09145,0.09146,1900601.034619
2026-03-22 17:40:00,0.09145,0.09148,0.0914,0.09147,197796.421454
2026-03-22 17:45:00,0.09147,0.09153,0.0914,0.09141,129630.206438
2026-03-22 17:50:00,0.09142,0.09155,0.09142,0.09151,719456.085555
2026-03-22 17:55:00,0.09152,0.09155,0.09147,0.09147,84671.888022
2026-03-22 18:00:00,0.09146,0.09146,0.09122,0.09126,1659726.437276
2026-03-22 18:05:00,0.09127,0.09134,0.09126,0.09131,40447.70293
2026-03-22 18:10:00,0.09131,0.09134,0.0913,0.09133,104985.987564
2026-03-22 18:15:00,0.09132,0.09132,0.09119,0.0912,851165.238849
2026-03-22 18:20:00,0.09122,0.09124,0.0911,0.09116,1497803.549779
2026-03-22 18:25:00,0.09115,0.09123,0.09112,0.09118,203294.299178
2026-03-22 18:30:00,0.09118,0.09133,0.09079,0.09081,2452279.035682
2026-03-22 18:35:00,0.09081,0.09082,0.09026,0.09057,14274284.811387
2026-03-22 18:40:00,0.09056,0.09069,0.09051,0.0906,1196671.425622
2026-03-22 18:45:00,0.0906,0.09077,0.09052,0.09074,742527.868438
2026-03-22 18:50:00,0.09074,0.09079,0.09065,0.09073,737569.707727
2026-03-22 18:55:00,0.09072,0.0908,0.0907,0.09079,366143.130738
2026-03-22 19:00:00,0.09079,0.09079,0.09036,0.09047,717941.340306
2026-03-22 19:05:00,0.09048,0.09064,0.09047,0.09064,941415.784845
2026-03-22 19:10:00,0.09064,0.09068,0.09038,0.09045,2199778.194512
2026-03-22 19:15:00,0.09044,0.09048,0.09037,0.09041,589864.851019
2026-03-22 19:20:00,0.0904,0.09047,0.09027,0.09036,855123.041639
2026-03-22 19:25:00,0.09034,0.09037,0.09024,0.09024,744292.502662
2026-03-22 19:30:00,0.09024,0.09043,0.09011,0.09043,2479605.070141
2026-03-22 19:35:00,0.09044,0.09066,0.09044,0.09064,619063.06856
2026-03-22 19:40:00,0.09065,0.09067,0.09057,0.09061,301584.110385
2026-03-22 19:45:00,0.0906,0.09064,0.09038,0.09039,1867788.750618
2026-03-22 19:50:00,0.09041,0.09053,0.09039,0.09047,674525.243437
2026-03-22 19:55:00,0.09048,0.09054,0.09046,0.09051,1540111.938158
2026-03-22 20:00:00,0.09051,0.09079,0.09051,0.09069,969645.512068
2026-03-22 20:05:00,0.0907,0.0907,0.09055,0.09063,398230.90507
2026-03-22 20:10:00,0.09062,0.09062,0.09054,0.09059,613025.213833
2026-03-22 20:15:00,0.09057,0.09067,0.09055,0.09064,694746.427073
2026-03-22 20:20:00,0.09063,0.09078,0.09063,0.09064,375251.80296
2026-03-22 20:25:00,0.09063,0.09063,0.09051,0.09057,3192241.585775
2026-03-22 20:30:00,0.09059,0.09061,0.0905,0.09052,372876.875979
2026-03-22 20:35:00,0.09052,0.09052,0.09033,0.09034,1940562.873424
2026-03-22 20:40:00,0.09034,0.09048,0.09034,0.09035,978012.188774
2026-03-22 20:45:00,0.09034,0.09034,0.09024,0.09025,868806.452761
2026-03-22 20:50:00,0.09025,0.09029,0.09012,0.09029,2019085.431142
2026-03-22 20:55:00,0.0903,0.09034,0.09023,0.09023,629992.337666
2026-03-22 21:00:00,0.09024,0.09032,0.09008,0.09013,1169709.16036
2026-03-22 21:05:00,0.09013,0.09013,0.08917,0.08994,33699993.568653
2026-03-22 21:10:00,0.08995,0.08996,0.08957,0.08965,3833616.688406
2026-03-22 21:15:00,0.08966,0.08968,0.08928,0.08934,3275105.731575
2026-03-22 21:20:00,0.08933,0.08966,0.08919,0.08966,2895949.785113
2026-03-22 21:25:00,0.08966,0.08993,0.08961,0.08985,2443412.636195
2026-03-22 21:30:00,0.08984,0.08988,0.08975,0.08977,1899392.13296
2026-03-22 21:35:00,0.08976,0.09007,0.08967,0.09007,1367015.820845
2026-03-22 21:40:00,0.09007,0.09016,0.08994,0.08997,786198.367763
2026-03-22 21:45:00,0.09,0.09005,0.08973,0.08991,497128.0829
2026-03-22 21:50:00,0.08992,0.09,0.08989,0.08994,523275.271258
2026-03-22 21:55:00,0.08994,0.08994,0.08979,0.08994,340337.794486
2026-03-22 22:00:00,0.08995,0.08995,0.08933,0.08978,6941306.89272
2026-03-22 22:05:00,0.08979,0.09009,0.08963,0.09004,1212836.79697
2026-03-22 22:10:00,0.09003,0.09007,0.08964,0.0897,529480.137321
2026-03-22 22:15:00,0.08971,0.09021,0.08965,0.09,3199106.516151
2026-03-22 22:20:00,0.09001,0.09034,0.08998,0.09034,8723185.074116
2026-03-22 22:25:00,0.09034,0.09065,0.0903,0.09047,3506551.4762
2026-03-22 22:30:00,0.09047,0.09059,0.09029,0.09031,1424177.418572
2026-03-22 22:35:00,0.09033,0.09043,0.09028,0.09032,473858.048187
2026-03-22 22:40:00,0.09031,0.09039,0.09025,0.0903,766090.669783
2026-03-22 22:45:00,0.0903,0.09053,0.0903,0.09053,201168.91874
2026-03-22 22:50:00,0.09053,0.09061,0.09046,0.09047,609804.142624
2026-03-22 22:55:00,0.09047,0.09057,0.09046,0.09055,186931.469691
2026-03-22 23:00:00,0.09055,0.09068,0.09047,0.09057,587301.073091
2026-03-22 23:05:00,0.09057,0.0906,0.09036,0.09046,682580.043665
2026-03-22 23:10:00,0.09047,0.0908,0.09046,0.09061,1339244.389548
2026-03-22 23:15:00,0.09061,0.09068,0.09054,0.09059,1240143.4286
2026-03-22 23:20:00,0.09057,0.09061,0.09051,0.0906,590477.917269
2026-03-22 23:25:00,0.09059,0.09059,0.09047,0.09048,2065509.237884
2026-03-22 23:30:00,0.09049,0.09056,0.09036,0.09038,1330457.348934
2026-03-22 23:35:00,0.09039,0.09046,0.09037,0.09041,376135.287798
2026-03-22 23:40:00,0.0904,0.09047,0.09037,0.09045,171943.435094
2026-03-22 23:45:00,0.09045,0.09045,0.09026,0.09026,1046327.636415
2026-03-22 23:50:00,0.09025,0.09027,0.09007,0.09011,4601752.194826
2026-03-22 23:55:00,0.09012,0.09017,0.09008,0.09017,509521.476976
2026-03-23 00:00:00,0.09017,0.09045,0.09017,0.09029,1988279.887024
2026-03-23 00:05:00,0.09027,0.09049,0.09017,0.09037,4691141.179492
2026-03-23 00:10:00,0.09037,0.09058,0.09036,0.09038,757745.856238
2026-03-23 00:15:00,0.0904,0.09047,0.09025,0.0904,669627.961239
2026-03-23 00:20:00,0.09038,0.09052,0.09029,0.09051,5938322.322429
2026-03-23 00:25:00,0.09052,0.09061,0.0904,0.09041,628268.304562
2026-03-23 00:30:00,0.09043,0.09048,0.09018,0.0902,1069878.404512
2026-03-23 00:35:00,0.09021,0.09025,0.08989,0.08995,2342711.064902
2026-03-23 00:40:00,0.08994,0.09032,0.0898,0.09029,1471974.262441
2026-03-23 00:45:00,0.0903,0.09044,0.0903,0.09042,861734.630456
2026-03-23 00:50:00,0.09042,0.09055,0.09029,0.09029,749176.236731
2026-03-23 00:55:00,0.09029,0.09043,0.09021,0.09034,425847.345093
2026-03-23 01:00:00,0.09035,0.09046,0.09018,0.09036,407457.550943
2026-03-23 01:05:00,0.09035,0.09068,0.09031,0.09061,2963363.004541
2026-03-23 01:10:00,0.09061,0.09061,0.09041,0.09049,532291.080241
2026-03-23 01:15:00,0.09052,0.09079,0.09052,0.09073,940492.52731
2026-03-23 01:20:00,0.09073,0.09095,0.09064,0.09087,1248821.621328
2026-03-23 01:25:00,0.09087,0.09087,0.09074,0.09078,499143.112851
2026-03-23 01:30:00,0.0908,0.09087,0.09064,0.09069,1350177.564606
2026-03-23 01:35:00,0.0907,0.09095,0.09069,0.09087,664152.798893
2026-03-23 01:40:00,0.09088,0.09089,0.09069,0.0908,417865.771479
2026-03-23 01:45:00,0.09081,0.09088,0.0906,0.09065,849137.135743
2026-03-23 01:50:00,0.09064,0.09076,0.09057,0.0906,656848.146112
2026-03-23 01:55:00,0.09062,0.09068,0.09051,0.09052,223424.14045
2026-03-23 02:00:00,0.09052,0.09056,0.09045,0.09051,773108.576434
2026-03-23 02:05:00,0.09052,0.09073,0.0905,0.0907,429290.770104
2026-03-23 02:10:00,0.09068,0.09074,0.09037,0.09042,621820.964412
2026-03-23 02:15:00,0.09041,0.09059,0.09036,0.09057,2406230.369601
2026-03-23 02:20:00,0.09058,0.09079,0.09055,0.09075,3119699.025037
2026-03-23 02:25:00,0.09075,0.09131,0.09073,0.09121,6694986.912462
2026-03-23 02:30:00,0.09122,0.09124,0.09105,0.09117,1921613.540794
2026-03-23 02:35:00,0.09117,0.0912,0.091,0.091,980453.196899
2026-03-23 02:40:00,0.091,0.09125,0.09098,0.09098,768668.054244
2026-03-23 02:45:00,0.09097,0.09101,0.09093,0.09098,941057.524875
2026-03-23 02:50:00,0.09099,0.09105,0.09085,0.09089,1618052.121624
2026-03-23 02:55:00,0.09089,0.09106,0.09084,0.09101,2206235.809297
2026-03-23 03:00:00,0.09101,0.09147,0.09101,0.09126,2853914.263894
2026-03-23 03:05:00,0.09126,0.09132,0.09114,0.09116,987292.119495
2026-03-23 03:10:00,0.09115,0.09118,0.09087,0.09087,994543.850403
2026-03-23 03:15:00,0.09088,0.09092,0.09074,0.09078,1107698.453255
2026-03-23 03:20:00,0.09076,0.09089,0.09072,0.09079,971605.467559
2026-03-23 03:25:00,0.0908,0.09082,0.09075,0.0908,195081.822851
2026-03-23 03:30:00,0.09081,0.09082,0.09069,0.09082,329592.925078
2026-03-23 03:35:00,0.09079,0.09079,0.09066,0.09072,2664358.098784
2026-03-23 03:40:00,0.09073,0.09075,0.09067,0.09073,625892.450778
2026-03-23 03:45:00,0.09073,0.09074,0.09062,0.09074,467957.695285
2026-03-23 03:50:00,0.09075,0.0908,0.09062,0.09063,651725.562652
2026-03-23 03:55:00,0.09063,0.09069,0.09063,0.09064,277135.199967
2026-03-23 04:00:00,0.09064,0.09074,0.09062,0.09072,487525.896207
2026-03-23 04:05:00,0.09073,0.0908,0.09068,0.09076,334963.082021
2026-03-23 04:10:00,0.09076,0.09083,0.09074,0.09074,351733.493143
2026-03-23 04:15:00,0.09074,0.09077,0.09066,0.09074,350248.201112
2026-03-23 04:20:00,0.09075,0.09084,0.09074,0.0908,146979.039089
2026-03-23 04:25:00,0.09078,0.09083,0.09073,0.09083,123631.869981
2026-03-23 04:30:00,0.09084,0.09087,0.09077,0.09082,518027.65851
2026-03-23 04:35:00,0.09083,0.09094,0.09083,0.09092,344342.302739
2026-03-23 04:40:00,0.09092,0.09094,0.0908,0.0908,313626.248509
2026-03-23 04:45:00,0.0908,0.09093,0.0908,0.09089,660348.397903
2026-03-23 04:50:00,0.09088,0.09108,0.09084,0.09108,581725.769589
2026-03-23 04:55:00,0.09108,0.09115,0.09099,0.09103,2442339.147862
2026-03-23 05:00:00,0.09104,0.09123,0.09104,0.09112,619738.072976
2026-03-23 05:05:00,0.09112,0.09121,0.091,0.09103,918639.160568
2026-03-23 05:10:00,0.09102,0.09116,0.09097,0.09109,340364.345443
2026-03-23 05:15:00,0.09109,0.09115,0.09089,0.09106,3356533.833229
2026-03-23 05:20:00,0.09104,0.09104,0.09089,0.09094,639489.774088
2026-03-23 05:25:00,0.09093,0.09096,0.09088,0.09089,304290.085005
2026-03-23 05:30:00,0.09089,0.09091,0.09063,0.0907,1479282.263161
2026-03-23 05:35:00,0.09071,0.09092,0.09071,0.09073,1181236.239689
2026-03-23 05:40:00,0.09074,0.09081,0.0907,0.0907,593057.830929
2026-03-23 05:45:00,0.09071,0.09077,0.09069,0.09071,438345.516452
2026-03-23 05:50:00,0.0907,0.09085,0.09066,0.09085,1357783.298923
2026-03-23 05:55:00,0.09085,0.09107,0.09084,0.09097,738996.547782
2026-03-23 06:00:00,0.09095,0.09095,0.09066,0.09067,1088881.00438
2026-03-23 06:05:00,0.09067,0.09073,0.09059,0.09069,872706.837158
2026-03-23 06:10:00,0.09068,0.09073,0.09051,0.09062,512935.210736
2026-03-23 06:15:00,0.09063,0.09091,0.09063,0.09085,6254624.258571
2026-03-23 06:20:00,0.09084,0.09084,0.0907,0.0908,740022.862606
2026-03-23 06:25:00,0.09078,0.09092,0.09076,0.09083,530940.076825
2026-03-23 06:30:00,0.09083,0.09088,0.09074,0.09082,418349.206938
2026-03-23 06:35:00,0.09081,0.09081,0.09031,0.09043,1217011.495717
2026-03-23 06:40:00,0.09043,0.09068,0.09021,0.09026,2364671.100225
2026-03-23 06:45:00,0.09026,0.0904,0.09008,0.09025,2291476.701459
2026-03-23 06:50:00,0.09021,0.09043,0.09012,0.09035,1417636.657714
2026-03-23 06:55:00,0.09037,0.09042,0.09027,0.0904,1730100.08425
2026-03-23 07:00:00,0.0904,0.0904,0.09011,0.09012,1762503.149029
2026-03-23 07:05:00,0.09011,0.09029,0.08981,0.09019,6475970.301348
2026-03-23 07:10:00,0.09021,0.09029,0.09015,0.09019,967473.241271
2026-03-23 07:15:00,0.09018,0.09026,0.09009,0.09024,477450.420899
2026-03-23 07:20:00,0.09023,0.09023,0.08977,0.08997,2307958.383546
2026-03-23 07:25:00,0.08996,0.09005,0.08986,0.08999,950233.894953
2026-03-23 07:30:00,0.08999,0.09033,0.08992,0.09021,1342629.784202
2026-03-23 07:35:00,0.09024,0.09068,0.09022,0.09057,3283501.013141
2026-03-23 07:40:00,0.09057,0.09068,0.09053,0.09067,903317.583052
2026-03-23 07:45:00,0.09066,0.09072,0.09054,0.09056,1622518.928516
2026-03-23 07:50:00,0.09055,0.0906,0.09044,0.0905,3395258.116079
2026-03-23 07:55:00,0.09049,0.09055,0.0904,0.09044,930751.970851
2026-03-23 08:00:00,0.09045,0.09063,0.0904,0.09059,824070.657514
2026-03-23 08:05:00,0.0906,0.09079,0.09054,0.09071,400224.44865
2026-03-23 08:10:00,0.0907,0.09082,0.09061,0.09073,831502.57631
2026-03-23 08:15:00,0.09075,0.09081,0.09058,0.09065,591272.848506
2026-03-23 08:20:00,0.09066,0.09069,0.09052,0.09061,627155.726051
2026-03-23 08:25:00,0.09062,0.09068,0.09061,0.09068,593274.534227
2026-03-23 08:30:00,0.09064,0.09075,0.09052,0.09056,1018968.14074
2026-03-23 08:35:00,0.09058,0.09058,0.0904,0.09041,831561.187475
2026-03-23 08:40:00,0.09041,0.09043,0.09022,0.09029,1272197.247661
2026-03-23 08:45:00,0.09028,0.0903,0.09005,0.09008,3406309.788828
2026-03-23 08:50:00,0.09006,0.09015,0.09002,0.09002,572167.071394
2026-03-23 08:55:00,0.09001,0.09001,0.08985,0.08988,1566324.415642
2026-03-23 09:00:00,0.0899,0.0899,0.08968,0.08968,1850597.052161
2026-03-23 09:05:00,0.08968,0.08968,0.08942,0.08964,4611366.743459
2026-03-23 09:10:00,0.08965,0.08968,0.08958,0.08962,1726310.153026
2026-03-23 09:15:00,0.08963,0.08979,0.0896,0.08969,3295787.744976
2026-03-23 09:20:00,0.08969,0.08994,0.08964,0.08964,3359662.773412
2026-03-23 09:25:00,0.08963,0.08986,0.0896,0.08985,339211.762111
2026-03-23 09:30:00,0.08985,0.08985,0.08944,0.08948,1718192.505487
2026-03-23 09:35:00,0.08944,0.08965,0.08926,0.08958,1931321.222227
2026-03-23 09:40:00,0.08958,0.08971,0.08951,0.0896,2956611.528458
2026-03-23 09:45:00,0.08962,0.08976,0.08962,0.08966,269174.700408
2026-03-23 09:50:00,0.08966,0.08976,0.08962,0.08974,2058168.276391
2026-03-23 09:55:00,0.08974,0.09003,0.08974,0.09003,707999.306798
2026-03-23 10:00:00,0.09003,0.09008,0.08989,0.09008,695682.482067
2026-03-23 10:05:00,0.09008,0.09041,0.09006,0.09033,1082813.501775
2026-03-23 10:10:00,0.09033,0.09039,0.09023,0.09023,2368265.128562
2026-03-23 10:15:00,0.09024,0.09028,0.09009,0.09012,2765012.158026
2026-03-23 10:20:00,0.0901,0.0901,0.08993,0.08999,1959781.073618
2026-03-23 10:25:00,0.09003,0.09004,0.08986,0.08997,2970760.314293
2026-03-23 10:30:00,0.08992,0.08997,0.0899,0.0899,287574.865812
2026-03-23 10:35:00,0.0899,0.08997,0.08978,0.08982,617260.37252
2026-03-23 10:40:00,0.08982,0.08992,0.0898,0.0899,207496.452409
2026-03-23 10:45:00,0.0899,0.08991,0.08978,0.08981,299686.397442
2026-03-23 10:50:00,0.0898,0.09012,0.0898,0.08998,1392258.475779
2026-03-23 10:55:00,0.08997,0.09005,0.08996,0.08999,804226.221831
2026-03-23 11:00:00,0.08999,0.09019,0.08999,0.09006,762865.897839
2026-03-23 11:05:00,0.09007,0.0948,0.09007,0.09426,159891527.412816
2026-03-23 11:10:00,0.09428,0.09539,0.09404,0.0942,53256299.2273
2026-03-23 11:15:00,0.09421,0.09501,0.09403,0.09406,32500261.891947
2026-03-23 11:20:00,0.09407,0.0943,0.09269,0.09312,35811653.470551
2026-03-23 11:25:00,0.09315,0.09379,0.09314,0.09361,12729597.512263
2026-03-23 11:30:00,0.09362,0.0942,0.09362,0.09399,6487861.246384
2026-03-23 11:35:00,0.094,0.094,0.09305,0.0932,10251345.584065
2026-03-23 11:40:00,0.09317,0.09345,0.09314,0.09328,1986841.88063
2026-03-23 11:45:00,0.0933,0.09334,0.09243,0.09303,11021921.719205
2026-03-23 11:50:00,0.09302,0.09321,0.09264,0.09311,3026404.643663
2026-03-23 11:55:00,0.0931,0.09312,0.09242,0.09253,5632787.22029
2026-03-23 12:00:00,0.09256,0.09281,0.09187,0.09245,14216071.223281
2026-03-23 12:05:00,0.0925,0.09302,0.09225,0.09296,5145774.28186
2026-03-23 12:10:00,0.09295,0.093,0.09266,0.09266,5327707.615003
2026-03-23 12:15:00,0.09266,0.0928,0.09245,0.09273,5099949.499396
2026-03-23 12:20:00,0.09271,0.09301,0.09254,0.09261,3709954.74513
2026-03-23 12:25:00,0.09256,0.09275,0.09249,0.09256,2819495.391574
2026-03-23 12:30:00,0.09256,0.09269,0.0923,0.09261,4000955.676802
2026-03-23 12:35:00,0.09263,0.0929,0.09263,0.09268,3982485.74716
2026-03-23 12:40:00,0.09269,0.09329,0.09254,0.09318,6607500.372384
2026-03-23 12:45:00,0.0932,0.09345,0.09309,0.09319,4967800.6697
2026-03-23 12:50:00,0.09322,0.09334,0.09304,0.09306,1940094.333425
2026-03-23 12:55:00,0.09307,0.09334,0.09304,0.09332,2130240.257596
2026-03-23 13:00:00,0.09332,0.0936,0.09317,0.09321,2901179.257375
2026-03-23 13:05:00,0.09319,0.09321,0.09293,0.09296,1831566.958276
2026-03-23 13:10:00,0.09295,0.09309,0.09292,0.09298,736571.314311
2026-03-23 13:15:00,0.093,0.0932,0.093,0.09311,3042068.365338
2026-03-23 13:20:00,0.0931,0.09324,0.09307,0.09324,1258128.107212
2026-03-23 13:25:00,0.09323,0.09326,0.09309,0.0932,1835995.109889
2026-03-23 13:30:00,0.0932,0.09326,0.09296,0.0932,5083701.650634
2026-03-23 13:35:00,0.09321,0.09375,0.09312,0.09359,2994573.910533
2026-03-23 13:40:00,0.09359,0.09404,0.0935,0.09379,11341936.187965
2026-03-23 13:45:00,0.09377,0.094,0.09368,0.09393,2768429.123601
2026-03-23 13:50:00,0.09393,0.09448,0.0939,0.09413,5431678.444361
2026-03-23 13:55:00,0.09412,0.09427,0.0939,0.09425,1424841.336625
2026-03-23 14:00:00,0.09426,0.09452,0.09412,0.09417,8988976.674927
2026-03-23 14:05:00,0.09415,0.09456,0.09403,0.09456,2914341.774542
2026-03-23 14:10:00,0.09456,0.09472,0.09408,0.09416,5206166.989098
2026-03-23 14:15:00,0.09415,0.09444,0.09415,0.09421,4410405.635587
2026-03-23 14:20:00,0.09421,0.09448,0.09409,0.09438,1702077.351764
2026-03-23 14:25:00,0.09437,0.09446,0.09397,0.0941,6301475.027504
2026-03-23 14:30:00,0.0941,0.09423,0.09399,0.094,1186553.140048
2026-03-23 14:35:00,0.09404,0.0945,0.09403,0.0944,1557947.863096
2026-03-23 14:40:00,0.09438,0.09438,0.09417,0.09427,1569071.29571
2026-03-23 14:45:00,0.09425,0.09445,0.09404,0.09423,2467995.114941
2026-03-23 14:50:00,0.09421,0.09452,0.09416,0.09441,2584960.028307
2026-03-23 14:55:00,0.09444,0.095,0.09444,0.09492,2851947.584658
2026-03-23 15:00:00,0.09493,0.09575,0.09485,0.09543,14306673.662825
2026-03-23 15:05:00,0.09546,0.09578,0.09534,0.09548,6531854.331359
2026-03-23 15:10:00,0.09549,0.09552,0.0952,0.09527,3639615.403576
2026-03-23 15:15:00,0.09526,0.09526,0.09495,0.09507,14007636.782479
2026-03-23 15:20:00,0.09505,0.0952,0.09483,0.09495,8059831.889903
2026-03-23 15:25:00,0.09495,0.09505,0.0948,0.09495,3539387.182794
2026-03-23 15:30:00,0.09495,0.09498,0.09455,0.09462,3175024.932998
2026-03-23 15:35:00,0.09463,0.09487,0.09434,0.0945,3398105.520721
2026-03-23 15:40:00,0.09449,0.09457,0.09411,0.09429,3062158.377139
2026-03-23 15:45:00,0.09425,0.09457,0.09405,0.09446,3823941.688474
2026-03-23 15:50:00,0.09446,0.0946,0.0937,0.09398,8178432.712694
2026-03-23 15:55:00,0.09396,0.09398,0.09371,0.09381,6364866.399266
2026-03-23 16:00:00,0.09381,0.09421,0.09381,0.0941,3395294.934253
2026-03-23 16:05:00,0.09409,0.0943,0.09393,0.09407,2057369.881289
2026-03-23 16:10:00,0.09406,0.09418,0.09393,0.09416,1713800.351996
2026-03-23 16:15:00,0.09415,0.09423,0.09396,0.09397,1290388.333482
2026-03-23 16:20:00,0.09399,0.09401,0.09357,0.09367,2954968.94308
2026-03-23 16:25:00,0.09367,0.09367,0.09317,0.09328,4287480.73812
2026-03-23 16:30:00,0.09325,0.09345,0.09302,0.09337,8481354.743022
2026-03-23 16:35:00,0.09338,0.09363,0.09337,0.09345,9561610.441686
2026-03-23 16:40:00,0.09345,0.09356,0.0934,0.09349,644021.457679
2026-03-23 16:45:00,0.09348,0.09391,0.09342,0.09391,2357167.718701
2026-03-23 16:50:00,0.09392,0.094,0.09377,0.09382,4301714.672996
2026-03-23 16:55:00,0.09383,0.09406,0.09383,0.09396,4162298.116035
2026-03-23 17:00:00,0.09399,0.09434,0.09398,0.0943,6465733.330706
2026-03-23 17:05:00,0.0943,0.09455,0.09426,0.09442,1529574.858674
2026-03-23 17:10:00,0.0944,0.09442,0.09414,0.09416,940406.422808
2026-03-23 17:15:00,0.09416,0.0943,0.09389,0.09393,3117888.973639
2026-03-23 17:20:00,0.09393,0.09406,0.09378,0.09401,1706308.991174
2026-03-23 17:25:00,0.094,0.09427,0.09395,0.09408,831495.818816
2026-03-23 17:30:00,0.09407,0.0945,0.09399,0.0945,3536712.366847
2026-03-23 17:35:00,0.0945,0.09509,0.09445,0.09479,4545886.502379
2026-03-23 17:40:00,0.09478,0.09484,0.09464,0.09478,1890655.024385
2026-03-23 17:45:00,0.09477,0.09485,0.09468,0.09483,807161.64124
2026-03-23 17:50:00,0.09482,0.09505,0.09481,0.09498,1811372.501501
2026-03-23 17:55:00,0.09497,0.095,0.09491,0.09499,636161.867303
2026-03-23 18:00:00,0.09499,0.09523,0.09499,0.09516,2442473.780874
2026-03-23 18:05:00,0.09518,0.09518,0.09469,0.09488,1828638.760658
2026-03-23 18:10:00,0.09488,0.095,0.09487,0.09488,837172.566709
2026-03-23 18:15:00,0.09489,0.09499,0.09479,0.0949,536300.167648
2026-03-23 18:20:00,0.0949,0.09503,0.0949,0.09499,589849.527748
2026-03-23 18:25:00,0.09501,0.09507,0.09486,0.09487,342774.536051
2026-03-23 18:30:00,0.09488,0.09509,0.09488,0.09505,1054259.131708
2026-03-23 18:35:00,0.09506,0.09524,0.09489,0.09502,2197097.94139
2026-03-23 18:40:00,0.09502,0.0951,0.09497,0.09502,765422.937375
2026-03-23 18:45:00,0.09503,0.09545,0.09502,0.09528,3360114.848128
2026-03-23 18:50:00,0.09526,0.09544,0.09512,0.09544,2270714.272616
2026-03-23 18:55:00,0.09545,0.09563,0.09535,0.09546,10716932.467714
2026-03-23 19:00:00,0.09546,0.0956,0.09545,0.09556,3010380.840742
2026-03-23 19:05:00,0.09558,0.09579,0.09507,0.09531,7465838.26563
2026-03-23 19:10:00,0.09533,0.09535,0.0952,0.09532,1400724.434811
2026-03-23 19:15:00,0.09533,0.0954,0.09516,0.09516,1568491.470892
2026-03-23 19:20:00,0.09515,0.09515,0.09495,0.09515,2714658.214786
2026-03-23 19:25:00,0.09509,0.09509,0.09495,0.09497,274253.303568
2026-03-23 19:30:00,0.09495,0.095,0.09489,0.09489,875890.359897
2026-03-23 19:35:00,0.09489,0.09501,0.09487,0.09489,1216666.390268
2026-03-23 19:40:00,0.09489,0.09497,0.09489,0.09497,998911.129647
2026-03-23 19:45:00,0.09498,0.09507,0.0949,0.0949,938349.49337
2026-03-23 19:50:00,0.09489,0.09495,0.09484,0.09491,1154214.788922
2026-03-23 19:55:00,0.09491,0.09493,0.0948,0.09489,1180821.47032
2026-03-23 20:00:00,0.09489,0.09496,0.09479,0.09487,1258493.152596
2026-03-23 20:05:00,0.0949,0.09515,0.0949,0.09514,990698.893723
2026-03-23 20:10:00,0.09514,0.09547,0.09514,0.09544,1139448.411006
2026-03-23 20:15:00,0.09545,0.09548,0.09535,0.09544,1021142.85181
2026-03-23 20:20:00,0.09543,0.09547,0.09533,0.09533,963430.997003
2026-03-23 20:25:00,0.09533,0.09535,0.09525,0.09528,511059.037308
2026-03-23 20:30:00,0.09525,0.09525,0.09514,0.09523,914875.301934
2026-03-23 20:35:00,0.09522,0.09534,0.09518,0.0952,265069.064163
2026-03-23 20:40:00,0.09519,0.09528,0.09516,0.09522,208891.52966
2026-03-23 20:45:00,0.09521,0.09521,0.09512,0.09512,138407.139665
2026-03-23 20:50:00,0.09512,0.09512,0.09496,0.09502,481753.710521
2026-03-23 20:55:00,0.09501,0.09508,0.09499,0.09502,778700.360255
2026-03-23 21:00:00,0.09502,0.09529,0.09502,0.0951,2708083.964173
2026-03-23 21:05:00,0.09512,0.09515,0.09508,0.09508,485783.385246
2026-03-23 21:10:00,0.09508,0.09513,0.09497,0.0951,2072417.963196
2026-03-23 21:15:00,0.09511,0.09518,0.09502,0.09512,456975.268169
2026-03-23 21:20:00,0.09511,0.09519,0.09505,0.09516,935984.315243
2026-03-23 21:25:00,0.09516,0.09518,0.09507,0.09508,990728.184943
2026-03-23 21:30:00,0.09508,0.09519,0.09507,0.09515,1500422.479915
2026-03-23 21:35:00,0.09514,0.0952,0.095,0.0952,446324.848197
2026-03-23 21:40:00,0.09519,0.09519,0.09502,0.09503,639189.601995
2026-03-23 21:45:00,0.09503,0.09506,0.09497,0.09497,270685.650939
2026-03-23 21:50:00,0.09497,0.09513,0.09497,0.09503,683907.515599
2026-03-23 21:55:00,0.09503,0.09507,0.09484,0.09498,821399.478655
2026-03-23 22:00:00,0.095,0.09508,0.09449,0.09459,2176714.231422
2026-03-23 22:05:00,0.09456,0.09471,0.09454,0.09463,1095195.016454
2026-03-23 22:10:00,0.09461,0.09475,0.09458,0.09468,408602.716548
2026-03-23 22:15:00,0.09465,0.09465,0.0945,0.09464,634021.00331
2026-03-23 22:20:00,0.09462,0.09466,0.09445,0.09448,2213692.940014
2026-03-23 22:25:00,0.09449,0.0945,0.09439,0.09442,387743.869038
2026-03-23 22:30:00,0.09441,0.09441,0.09413,0.09429,1759545.874732
2026-03-23 22:35:00,0.0943,0.09442,0.09429,0.09432,222421.891453
2026-03-23 22:40:00,0.0943,0.0943,0.0942,0.09424,296297.691411
2026-03-23 22:45:00,0.09425,0.0943,0.09419,0.09428,1060483.166272
2026-03-23 22:50:00,0.09429,0.09444,0.09428,0.09436,123491.126801
2026-03-23 22:55:00,0.09435,0.09436,0.09429,0.09431,137988.1714
2026-03-23 23:00:00,0.0943,0.0943,0.0936,0.09382,9538212.236098
2026-03-23 23:05:00,0.09381,0.09387,0.09365,0.09365,1077029.686751
2026-03-23 23:10:00,0.09366,0.09373,0.0936,0.09373,2609394.421781
2026-03-23 23:15:00,0.09374,0.09375,0.09362,0.09365,905547.134118
2026-03-23 23:20:00,0.09366,0.09373,0.09354,0.09371,1140854.539088
2026-03-23 23:25:00,0.09371,0.09412,0.0937,0.09407,1724800.27136
2026-03-23 23:30:00,0.09406,0.09406,0.09389,0.09389,549507.70068
2026-03-23 23:35:00,0.09389,0.094,0.09387,0.09397,144918.42135
2026-03-23 23:40:00,0.09397,0.09408,0.09397,0.09402,333721.298089
2026-03-23 23:45:00,0.09401,0.09407,0.09394,0.09406,1193586.660521
2026-03-23 23:50:00,0.09405,0.09415,0.09398,0.09415,706836.821582
2026-03-23 23:55:00,0.09415,0.09439,0.09415,0.09416,2073097.866669
2026-03-24 00:00:00,0.09417,0.0944,0.09415,0.09418,2534404.959663
2026-03-24 00:05:00,0.09418,0.09427,0.09414,0.09414,690611.336872
2026-03-24 00:10:00,0.09414,0.09428,0.09409,0.09412,610306.493335
2026-03-24 00:15:00,0.09411,0.09415,0.09389,0.0941,1069313.002841
2026-03-24 00:20:00,0.0941,0.09412,0.09393,0.09404,524043.814473
2026-03-24 00:25:00,0.094,0.09409,0.09382,0.09387,706333.662501
2026-03-24 00:30:00,0.09387,0.09388,0.09355,0.09365,2451467.53716
2026-03-24 00:35:00,0.09364,0.09374,0.09315,0.09347,4005693.328088
2026-03-24 00:40:00,0.09347,0.09367,0.09338,0.09349,1710773.204485
2026-03-24 00:45:00,0.09346,0.0937,0.09345,0.09361,1313395.278259
2026-03-24 00:50:00,0.09363,0.09391,0.09361,0.09388,5008245.00155
2026-03-24 00:55:00,0.09388,0.09388,0.09366,0.09366,1010775.257636
2026-03-24 01:00:00,0.09367,0.09368,0.0935,0.09353,516103.08801
2026-03-24 01:05:00,0.09352,0.09361,0.09344,0.09349,1920982.694433
2026-03-24 01:10:00,0.09348,0.09364,0.09334,0.09337,3140792.117926
2026-03-24 01:15:00,0.09336,0.09338,0.09329,0.09332,1252696.47956
2026-03-24 01:20:00,0.09333,0.09358,0.09333,0.09344,835318.936483
2026-03-24 01:25:00,0.09343,0.0936,0.09339,0.09354,542028.653866
2026-03-24 01:30:00,0.0935,0.09353,0.09322,0.09342,1894024.553248
2026-03-24 01:35:00,0.09342,0.09345,0.09272,0.09282,7576390.462202
2026-03-24 01:40:00,0.09284,0.09297,0.09271,0.09289,1902051.567986
2026-03-24 01:45:00,0.0929,0.09302,0.09281,0.09292,1780168.645875
2026-03-24 01:50:00,0.09294,0.09329,0.09294,0.09328,779873.58647
2026-03-24 01:55:00,0.09328,0.0933,0.09315,0.0932,321853.981716
2026-03-24 02:00:00,0.09321,0.09389,0.09307,0.09369,3006707.433621
2026-03-24 02:05:00,0.09368,0.0937,0.09359,0.0937,1360674.715247
2026-03-24 02:10:00,0.09367,0.09367,0.09337,0.09345,534638.803158
2026-03-24 02:15:00,0.09344,0.09358,0.09339,0.09347,244057.49352
2026-03-24 02:20:00,0.09347,0.09359,0.09341,0.09347,449299.830173
2026-03-24 02:25:00,0.09345,0.09355,0.09332,0.09349,1374332.384419
2026-03-24 02:30:00,0.09347,0.09364,0.09347,0.09362,518342.583514
2026-03-24 02:35:00,0.09362,0.09373,0.09333,0.09333,810093.147613
2026-03-24 02:40:00,0.09333,0.0934,0.09311,0.09334,2608725.503843
2026-03-24 02:45:00,0.09333,0.09335,0.09316,0.0933,738541.603443
2026-03-24 02:50:00,0.09328,0.09328,0.09313,0.09316,255736.59712
2026-03-24 02:55:00,0.09317,0.09319,0.0931,0.09316,355687.561381
2026-03-24 03:00:00,0.09314,0.09319,0.0931,0.09319,302774.014412
2026-03-24 03:05:00,0.0932,0.0933,0.09314,0.09316,247256.222506
2026-03-24 03:10:00,0.09316,0.09326,0.09316,0.09322,431488.122999
2026-03-24 03:15:00,0.0932,0.09328,0.09319,0.0932,236517.847605
2026-03-24 03:20:00,0.0932,0.09342,0.09319,0.09333,853459.489455
2026-03-24 03:25:00,0.09333,0.09356,0.09332,0.09351,954526.784695
2026-03-24 03:30:00,0.09352,0.09355,0.09336,0.09338,297613.278951
2026-03-24 03:35:00,0.09341,0.0935,0.09338,0.09347,421349.921273
2026-03-24 03:40:00,0.09347,0.09365,0.09347,0.09361,876535.240439
2026-03-24 03:45:00,0.09362,0.09368,0.09359,0.09365,522264.446633
2026-03-24 03:50:00,0.09365,0.09386,0.09357,0.09386,896403.659047
2026-03-24 03:55:00,0.09387,0.09389,0.09376,0.0938,1298927.530435
2026-03-24 04:00:00,0.0938,0.09384,0.09366,0.09369,1271286.987422
2026-03-24 04:05:00,0.09368,0.09395,0.09358,0.09358,1363789.380202
2026-03-24 04:10:00,0.09359,0.0936,0.0935,0.09358,1122248.49028
2026-03-24 04:15:00,0.09359,0.09365,0.09352,0.09356,591272.293078
2026-03-24 04:20:00,0.09357,0.09376,0.09356,0.09374,505447.600984
2026-03-24 04:25:00,0.09374,0.09374,0.09365,0.09369,580168.992699
2026-03-24 04:30:00,0.09368,0.09368,0.09333,0.09353,1311397.728688
2026-03-24 04:35:00,0.09353,0.09359,0.09346,0.09352,973604.489137
2026-03-24 04:40:00,0.09354,0.0936,0.0935,0.09355,602078.588522
2026-03-24 04:45:00,0.09357,0.09361,0.09355,0.09358,547089.800022
2026-03-24 04:50:00,0.09357,0.09372,0.09346,0.09371,3318677.786155
2026-03-24 04:55:00,0.09371,0.09371,0.09362,0.09363,553456.484193
2026-03-24 05:00:00,0.09363,0.09363,0.09329,0.09334,996719.8573
2026-03-24 05:05:00,0.09334,0.09334,0.0932,0.09322,1423736.228532
2026-03-24 05:10:00,0.09323,0.09336,0.09321,0.09333,651792.027213
2026-03-24 05:15:00,0.09336,0.09384,0.09336,0.09358,2178573.531955
2026-03-24 05:20:00,0.09359,0.09367,0.09356,0.09363,1009532.873092
2026-03-24 05:25:00,0.09364,0.09376,0.09356,0.09357,567784.793022
2026-03-24 05:30:00,0.09354,0.09367,0.09347,0.09353,764209.555521
2026-03-24 05:35:00,0.09354,0.09368,0.09354,0.09362,270910.717164
2026-03-24 05:40:00,0.09362,0.09374,0.09361,0.09367,365647.012114
2026-03-24 05:45:00,0.09366,0.09377,0.0936,0.0936,389689.93577
2026-03-24 05:50:00,0.09358,0.09365,0.09357,0.09363,71696.361986
2026-03-24 05:55:00,0.09361,0.09363,0.09358,0.09359,66699.085959
2026-03-24 06:00:00,0.0936,0.0936,0.09345,0.09345,381790.629705
2026-03-24 06:05:00,0.09345,0.09352,0.09345,0.09349,1101250.148668
2026-03-24 06:10:00,0.09349,0.09355,0.09345,0.09355,135510.87594
2026-03-24 06:15:00,0.09353,0.09353,0.09334,0.09334,715045.391758
2026-03-24 06:20:00,0.09334,0.09367,0.09333,0.09343,599830.185705
2026-03-24 06:25:00,0.09341,0.09352,0.09339,0.09352,474038.35344
2026-03-24 06:30:00,0.09353,0.09379,0.09353,0.09367,834050.601935
2026-03-24 06:35:00,0.09367,0.09372,0.09362,0.09364,846474.112106
2026-03-24 06:40:00,0.09363,0.09371,0.09359,0.09361,680682.79487
2026-03-24 06:45:00,0.09362,0.0937,0.09362,0.09366,800276.631463
2026-03-24 06:50:00,0.09365,0.09372,0.09354,0.09367,706184.153963
2026-03-24 06:55:00,0.09367,0.09386,0.09367,0.09377,563105.273744
2026-03-24 07:00:00,0.09377,0.09385,0.09365,0.09385,603704.578719
2026-03-24 07:05:00,0.09386,0.09446,0.09386,0.09432,6929495.31088
2026-03-24 07:10:00,0.09432,0.09482,0.09429,0.09458,4502114.090023
2026-03-24 07:15:00,0.0946,0.09473,0.09446,0.0945,1387299.723393
2026-03-24 07:20:00,0.09455,0.09474,0.0945,0.09462,1648138.468197
2026-03-24 07:25:00,0.0946,0.09466,0.09455,0.09456,453131.725679
2026-03-24 07:30:00,0.09457,0.09493,0.09453,0.09484,2418749.584039
2026-03-24 07:35:00,0.09484,0.09484,0.09467,0.09477,1286920.025669
2026-03-24 07:40:00,0.09478,0.09483,0.09465,0.09469,1513210.318953
2026-03-24 07:45:00,0.09469,0.09485,0.09464,0.09481,978608.180947
2026-03-24 07:50:00,0.0948,0.09505,0.09476,0.09497,2081366.640806
2026-03-24 07:55:00,0.09498,0.09544,0.09498,0.09525,6892153.992489
2026-03-24 08:00:00,0.09525,0.09544,0.09509,0.09541,1600009.66924
2026-03-24 08:05:00,0.09542,0.0956,0.09531,0.09542,2590575.249176
2026-03-24 08:10:00,0.09545,0.09558,0.09543,0.09547,5335674.644864
2026-03-24 08:15:00,0.09548,0.0955,0.09515,0.09518,3513938.674796
2026-03-24 08:20:00,0.09518,0.09525,0.09503,0.09523,3689850.953038
2026-03-24 08:25:00,0.09524,0.09531,0.09503,0.09509,5493262.806411
2026-03-24 08:30:00,0.09508,0.09512,0.09495,0.09501,5769838.027961
2026-03-24 08:35:00,0.095,0.09532,0.09498,0.09531,5727330.401415
2026-03-24 08:40:00,0.0953,0.09533,0.09507,0.09532,5106758.601876
2026-03-24 08:45:00,0.09532,0.09547,0.09521,0.09522,729732.369517
2026-03-24 08:50:00,0.09523,0.09535,0.09508,0.0952,2467705.630709
2026-03-24 08:55:00,0.09518,0.0952,0.09507,0.0951,1685490.947197
2026-03-24 09:00:00,0.0951,0.09513,0.09495,0.09504,824197.42429
2026-03-24 09:05:00,0.09504,0.09506,0.09494,0.09496,721374.465611
2026-03-24 09:10:00,0.09496,0.09497,0.09467,0.09471,2906946.189132
2026-03-24 09:15:00,0.09471,0.0949,0.09468,0.09488,891877.021319
2026-03-24 09:20:00,0.09488,0.09488,0.09474,0.09482,957993.923227
2026-03-24 09:25:00,0.09482,0.09498,0.09482,0.09486,1414992.130085
2026-03-24 09:30:00,0.09485,0.09524,0.09471,0.09493,10072200.734337
2026-03-24 09:35:00,0.09494,0.09515,0.09493,0.09513,1480892.608684
2026-03-24 09:40:00,0.09513,0.09528,0.09513,0.09525,1069093.053876
2026-03-24 09:45:00,0.09525,0.09525,0.09504,0.09509,569197.271577
2026-03-24 09:50:00,0.09509,0.09513,0.09492,0.09504,1815629.533839
2026-03-24 09:55:00,0.09506,0.09513,0.09499,0.09506,1376614.5606
2026-03-24 10:00:00,0.09506,0.09506,0.09458,0.09458,8768981.976952
2026-03-24 10:05:00,0.09457,0.09459,0.09446,0.09455,1827206.859129
2026-03-24 10:10:00,0.09454,0.0946,0.09443,0.09454,1773998.610334
2026-03-24 10:15:00,0.09453,0.09456,0.09441,0.09446,794647.186539
2026-03-24 10:20:00,0.09445,0.09446,0.09415,0.09419,2226759.709018
2026-03-24 10:25:00,0.09419,0.09419,0.09406,0.09408,2517903.740679
2026-03-24 10:30:00,0.09407,0.09411,0.09397,0.09399,3994584.654801
2026-03-24 10:35:00,0.09399,0.09415,0.09389,0.0941,869850.962886
2026-03-24 10:40:00,0.09411,0.09419,0.09399,0.09415,7177049.803868
2026-03-24 10:45:00,0.09411,0.09411,0.094,0.09409,560506.88459
2026-03-24 10:50:00,0.0941,0.09413,0.09401,0.09408,1261062.307511
2026-03-24 10:55:00,0.09408,0.09425,0.09407,0.09421,2746161.102545
2026-03-24 11:00:00,0.09421,0.0943,0.09372,0.09379,2129478.529362
2026-03-24 11:05:00,0.0938,0.09416,0.09379,0.09415,1380016.833973
2026-03-24 11:10:00,0.09413,0.09438,0.09384,0.09392,8142596.950402
2026-03-24 11:15:00,0.09391,0.09391,0.09361,0.09377,4242167.652832
2026-03-24 11:20:00,0.09378,0.09395,0.09378,0.0939,2479774.742401
2026-03-24 11:25:00,0.0939,0.0941,0.09389,0.09405,323241.044335
2026-03-24 11:30:00,0.09404,0.09426,0.09402,0.09426,510113.273605
2026-03-24 11:35:00,0.09427,0.09446,0.09418,0.0944,1111607.945455
2026-03-24 11:40:00,0.09439,0.09449,0.09434,0.0944,1602914.249186
2026-03-24 11:45:00,0.0944,0.09447,0.0942,0.09422,4018718.032137
2026-03-24 11:50:00,0.09421,0.0943,0.09392,0.09412,1350303.873258
2026-03-24 11:55:00,0.09413,0.09444,0.0941,0.09427,7882663.336686
2026-03-24 12:00:00,0.09427,0.0943,0.09405,0.0941,900233.539836
2026-03-24 12:05:00,0.0941,0.09427,0.09406,0.09427,231428.992177
2026-03-24 12:10:00,0.09428,0.09432,0.09411,0.09421,481236.370399
2026-03-24 12:15:00,0.0942,0.09434,0.09413,0.09426,435683.526558
2026-03-24 12:20:00,0.09425,0.09436,0.09423,0.09432,410632.582187
2026-03-24 12:25:00,0.09433,0.09436,0.09424,0.09434,2162560.162449
2026-03-24 12:30:00,0.09433,0.09436,0.09419,0.09428,796624.72457
2026-03-24 12:35:00,0.0943,0.09433,0.0942,0.09433,554981.936843
2026-03-24 12:40:00,0.09434,0.09459,0.09434,0.09451,947949.644086
2026-03-24 12:45:00,0.09448,0.09451,0.09436,0.09438,279636.970963
2026-03-24 12:50:00,0.09437,0.09453,0.09434,0.09447,766389.368608
2026-03-24 12:55:00,0.09446,0.09447,0.09436,0.09437,777587.818634
2026-03-24 13:00:00,0.09436,0.09449,0.09427,0.09427,688200.925553
2026-03-24 13:05:00,0.09428,0.09443,0.09401,0.09406,2177390.982738
2026-03-24 13:10:00,0.09408,0.0943,0.09407,0.09428,1366920.306536
2026-03-24 13:15:00,0.09429,0.09433,0.09411,0.09411,668622.320494
2026-03-24 13:20:00,0.09412,0.09439,0.09412,0.09433,1084579.857105
2026-03-24 13:25:00,0.09433,0.09457,0.0943,0.09454,8907319.540643
2026-03-24 13:30:00,0.09455,0.09469,0.09444,0.09458,2389587.92334
2026-03-24 13:35:00,0.0946,0.09463,0.09412,0.09418,2417390.607626
2026-03-24 13:40:00,0.09418,0.09427,0.09375,0.09384,5039205.047363
2026-03-24 13:45:00,0.09384,0.09403,0.09375,0.09392,3866176.791902
2026-03-24 13:50:00,0.09392,0.09406,0.09357,0.09381,5508338.427779
2026-03-24 13:55:00,0.09378,0.09383,0.09349,0.09363,4795497.621061
2026-03-24 14:00:00,0.09366,0.09388,0.09362,0.09388,1187793.172821
2026-03-24 14:05:00,0.0939,0.09428,0.09382,0.09418,5840049.499858
2026-03-24 14:10:00,0.09418,0.09418,0.09333,0.09356,3407644.777288
2026-03-24 14:15:00,0.09353,0.09359,0.09332,0.09353,1440578.413774
2026-03-24 14:20:00,0.09353,0.09362,0.09327,0.09337,2079833.593882
2026-03-24 14:25:00,0.09337,0.09364,0.09323,0.09345,1512596.677194
2026-03-24 14:30:00,0.09345,0.09358,0.09329,0.09352,732107.473714
2026-03-24 14:35:00,0.09352,0.09354,0.09315,0.09318,1269270.54614
2026-03-24 14:40:00,0.09315,0.09321,0.09308,0.09321,1039864.813342
2026-03-24 14:45:00,0.0932,0.09326,0.09293,0.09299,6180562.481924
2026-03-24 14:50:00,0.09296,0.09367,0.09268,0.09356,13561118.062063
2026-03-24 14:55:00,0.09356,0.09369,0.09323,0.09348,2260122.85575
2026-03-24 15:00:00,0.09349,0.09371,0.0933,0.09343,3277941.588267
2026-03-24 15:05:00,0.09342,0.09351,0.09333,0.09343,398130.540581
2026-03-24 15:10:00,0.09341,0.09368,0.09338,0.09351,1328133.479704
2026-03-24 15:15:00,0.09354,0.09362,0.09344,0.09357,968636.064757
2026-03-24 15:20:00,0.09356,0.09389,0.09349,0.09382,4589999.587285
2026-03-24 15:25:00,0.09379,0.0939,0.0936,0.0936,1806283.870349
2026-03-24 15:30:00,0.09363,0.09369,0.09341,0.09352,767734.597215
2026-03-24 15:35:00,0.09351,0.09395,0.09351,0.0938,1608501.788958
2026-03-24 15:40:00,0.0938,0.09387,0.09363,0.09365,689069.454744
2026-03-24 15:45:00,0.09364,0.09364,0.09347,0.09357,707280.360009
2026-03-24 15:50:00,0.09359,0.09364,0.0935,0.09352,700859.099617
2026-03-24 15:55:00,0.09348,0.09348,0.09333,0.09338,1144591.654773
2026-03-24 16:00:00,0.09336,0.0934,0.0933,0.0934,1060370.043255
2026-03-24 16:05:00,0.09341,0.09364,0.0934,0.0936,379463.5222
2026-03-24 16:10:00,0.09356,0.09361,0.09351,0.09361,314313.7734
2026-03-24 16:15:00,0.09359,0.09376,0.09352,0.09373,251087.438253
2026-03-24 16:20:00,0.0937,0.09374,0.0936,0.09361,563119.911515
2026-03-24 16:25:00,0.09359,0.09359,0.09335,0.0935,883725.728463
2026-03-24 16:30:00,0.09352,0.09359,0.09346,0.09352,676714.265942
2026-03-24 16:35:00,0.09352,0.09353,0.09311,0.09317,1479027.244375
2026-03-24 16:40:00,0.09316,0.09347,0.09311,0.09347,820943.720678
2026-03-24 16:45:00,0.09348,0.09357,0.09335,0.09338,396824.244084
2026-03-24 16:50:00,0.09337,0.09351,0.09337,0.09337,1289915.853346
2026-03-24 16:55:00,0.09338,0.09339,0.09326,0.0933,695448.837845
2026-03-24 17:00:00,0.0933,0.09338,0.09316,0.09321,477135.743765
2026-03-24 17:05:00,0.09319,0.09324,0.09293,0.09313,3301310.245446
2026-03-24 17:10:00,0.09313,0.09331,0.09309,0.0933,432282.433639
2026-03-24 17:15:00,0.09329,0.09338,0.09326,0.0933,166178.618993
2026-03-24 17:20:00,0.0933,0.09335,0.09323,0.09323,704966.701561
2026-03-24 17:25:00,0.09322,0.09322,0.09301,0.09304,654503.858602
2026-03-24 17:30:00,0.09303,0.09312,0.09281,0.09292,2615971.055266
2026-03-24 17:35:00,0.09292,0.09315,0.09284,0.09304,713844.419997
2026-03-24 17:40:00,0.093,0.09306,0.09245,0.09252,8726995.836495
2026-03-24 17:45:00,0.09252,0.09261,0.09248,0.09259,600297.978283
2026-03-24 17:50:00,0.09259,0.0927,0.09249,0.09261,429859.671578
2026-03-24 17:55:00,0.09255,0.09277,0.09249,0.09262,1375523.72744
2026-03-24 18:00:00,0.09264,0.09276,0.09259,0.09273,969728.07181
2026-03-24 18:05:00,0.09271,0.09286,0.09265,0.09279,1247013.261809
2026-03-24 18:10:00,0.09277,0.09278,0.09269,0.0927,416541.394764
2026-03-24 18:15:00,0.0927,0.09281,0.09254,0.09278,995268.892528
2026-03-24 18:20:00,0.09277,0.09281,0.09268,0.09272,460049.355609
2026-03-24 18:25:00,0.09269,0.09276,0.09266,0.09272,343129.976092
2026-03-24 18:30:00,0.09274,0.09298,0.09272,0.09294,413463.011504
2026-03-24 18:35:00,0.09295,0.09328,0.09295,0.09324,568265.908032
2026-03-24 18:40:00,0.09322,0.09326,0.09292,0.093,1433883.295924
2026-03-24 18:45:00,0.09297,0.09301,0.09289,0.09294,257046.783535
2026-03-24 18:50:00,0.09298,0.09303,0.09294,0.09297,72001.469538
2026-03-24 18:55:00,0.09297,0.09299,0.09289,0.09295,196412.146457
2026-03-24 19:00:00,0.09296,0.09315,0.09296,0.09311,418241.842205
2026-03-24 19:05:00,0.09309,0.09328,0.09307,0.09326,624014.834873
2026-03-24 19:10:00,0.09325,0.09331,0.09322,0.09331,452651.059212
2026-03-24 19:15:00,0.09329,0.0934,0.09328,0.09335,674840.485955
2026-03-24 19:20:00,0.09333,0.09333,0.09315,0.09322,737423.184979
2026-03-24 19:25:00,0.09323,0.09325,0.09317,0.09318,381621.170128
2026-03-24 19:30:00,0.09315,0.09321,0.09304,0.09306,301214.009557
2026-03-24 19:35:00,0.09307,0.09314,0.09307,0.09311,251583.377957
2026-03-24 19:40:00,0.09312,0.09316,0.09308,0.09313,432939.396747
2026-03-24 19:45:00,0.09311,0.09312,0.09297,0.09301,965007.357395
2026-03-24 19:50:00,0.09303,0.0931,0.09302,0.09308,158013.813707
2026-03-24 19:55:00,0.0931,0.09315,0.09309,0.09312,588622.427047
2026-03-24 20:00:00,0.09312,0.09317,0.09306,0.09316,176098.18298
2026-03-24 20:05:00,0.09315,0.09326,0.09315,0.09322,130999.843141
2026-03-24 20:10:00,0.09323,0.09332,0.0932,0.09332,56413.037552
2026-03-24 20:15:00,0.09333,0.09339,0.09326,0.09335,198079.935345
2026-03-24 20:20:00,0.09336,0.09444,0.09336,0.09441,5167741.751255
2026-03-24 20:25:00,0.0944,0.09492,0.09432,0.09439,4743371.950792
2026-03-24 20:30:00,0.09443,0.09469,0.09439,0.09443,2293787.994381
2026-03-24 20:35:00,0.09444,0.09487,0.09437,0.09473,3075062.659804
2026-03-24 20:40:00,0.09475,0.09475,0.09451,0.09459,355823.435406
2026-03-24 20:45:00,0.09461,0.09465,0.09439,0.09462,908030.017772
2026-03-24 20:50:00,0.0946,0.09481,0.09459,0.09461,906127.160991
2026-03-24 20:55:00,0.09462,0.09469,0.09459,0.09459,698908.556363
2026-03-24 21:00:00,0.0946,0.09481,0.0946,0.09472,281086.104906
2026-03-24 21:05:00,0.09472,0.09473,0.09434,0.09438,808493.052155
2026-03-24 21:10:00,0.0944,0.09446,0.09435,0.09435,235933.933666
2026-03-24 21:15:00,0.09437,0.09439,0.09412,0.0942,870037.442839
2026-03-24 21:20:00,0.0942,0.09421,0.0941,0.0941,527284.178016
2026-03-24 21:25:00,0.0941,0.09439,0.0941,0.09439,1022698.667836
2026-03-24 21:30:00,0.0944,0.09446,0.09429,0.09432,1066428.927836
2026-03-24 21:35:00,0.09433,0.0945,0.09431,0.09444,1059810.811384
2026-03-24 21:40:00,0.09446,0.09468,0.09446,0.09454,1920935.363006
2026-03-24 21:45:00,0.09454,0.09469,0.09451,0.0946,732029.33947
2026-03-24 21:50:00,0.09457,0.09457,0.09439,0.09446,244866.647278
2026-03-24 21:55:00,0.09448,0.0946,0.09444,0.09457,436901.62947
2026-03-24 22:00:00,0.09459,0.09463,0.09441,0.09446,804310.085535
2026-03-24 22:05:00,0.09446,0.09484,0.09445,0.09468,881121.886677
2026-03-24 22:10:00,0.09472,0.09483,0.09468,0.09472,1361511.465265
2026-03-24 22:15:00,0.09472,0.09472,0.09463,0.09466,518124.519434
2026-03-24 22:20:00,0.09466,0.09481,0.09465,0.09476,609142.134246
2026-03-24 22:25:00,0.09476,0.09491,0.09462,0.09464,1327028.145448
2026-03-24 22:30:00,0.09464,0.09473,0.09442,0.09457,1384193.354728
2026-03-24 22:35:00,0.09457,0.09465,0.09453,0.09458,231033.273866
2026-03-24 22:40:00,0.09455,0.09457,0.0945,0.09451,482467.147115
2026-03-24 22:45:00,0.09451,0.09467,0.09449,0.09465,493923.074675
2026-03-24 22:50:00,0.09466,0.09467,0.09453,0.09461,623668.324311
2026-03-24 22:55:00,0.09462,0.09478,0.09461,0.0947,920287.71391
2026-03-24 23:00:00,0.09473,0.09482,0.09471,0.09476,655572.586888
2026-03-24 23:05:00,0.09477,0.09494,0.09467,0.09491,2198055.025456
2026-03-24 23:10:00,0.09489,0.09497,0.09483,0.09494,799081.838637
2026-03-24 23:15:00,0.09496,0.0952,0.09494,0.09511,2917184.867488
2026-03-24 23:20:00,0.09509,0.09542,0.09508,0.09525,3608836.530967
2026-03-24 23:25:00,0.09525,0.09537,0.09523,0.09527,1144502.05357
2026-03-24 23:30:00,0.09529,0.09533,0.09509,0.09511,1166414.872463
2026-03-24 23:35:00,0.09511,0.09524,0.09511,0.09514,886196.483933
2026-03-24 23:40:00,0.09515,0.09515,0.09503,0.09503,842802.379762
2026-03-24 23:45:00,0.09506,0.09519,0.09505,0.09513,883100.689296
2026-03-24 23:50:00,0.09516,0.09523,0.09514,0.0952,373261.985077
2026-03-24 23:55:00,0.09519,0.09519,0.09509,0.09509,511224.060452
2026-03-25 00:00:00,0.0951,0.09529,0.09505,0.09506,3343110.941791
2026-03-25 00:05:00,0.09507,0.09518,0.09505,0.09517,488435.470465
2026-03-25 00:10:00,0.0952,0.09547,0.0952,0.09533,3053404.180017
2026-03-25 00:15:00,0.09533,0.09534,0.09505,0.09516,1855920.392353
2026-03-25 00:20:00,0.09518,0.0952,0.09505,0.09505,490299.396345
2026-03-25 00:25:00,0.09505,0.09515,0.09496,0.09501,1369976.607937
2026-03-25 00:30:00,0.09501,0.09512,0.09461,0.09504,6626451.193485
2026-03-25 00:35:00,0.09504,0.09518,0.09499,0.09516,894453.280758
2026-03-25 00:40:00,0.09517,0.0954,0.09517,0.09528,1557400.334295
2026-03-25 00:45:00,0.09532,0.09549,0.09518,0.09518,2103417.50107
2026-03-25 00:50:00,0.09518,0.09519,0.0951,0.09512,712229.482728
2026-03-25 00:55:00,0.09517,0.09517,0.09501,0.09501,776413.81075
2026-03-25 01:00:00,0.095,0.09515,0.09498,0.09504,1194341.918795
2026-03-25 01:05:00,0.09505,0.0951,0.09492,0.0951,865604.619726
2026-03-25 01:10:00,0.09509,0.09522,0.09496,0.09498,1214109.731597
2026-03-25 01:15:00,0.09498,0.09499,0.09485,0.09488,577299.521824
2026-03-25 01:20:00,0.09489,0.09502,0.09489,0.09496,1043164.531722
2026-03-25 01:25:00,0.09494,0.09499,0.0949,0.09499,317447.664714
2026-03-25 01:30:00,0.09495,0.095,0.09481,0.09486,1092211.696215
2026-03-25 01:35:00,0.09488,0.09498,0.09483,0.09489,345408.933216
2026-03-25 01:40:00,0.09492,0.09537,0.0949,0.09523,1301465.019366
2026-03-25 01:45:00,0.09524,0.09524,0.09509,0.09514,579083.35991
2026-03-25 01:50:00,0.09515,0.09527,0.09515,0.09525,586280.289665
2026-03-25 01:55:00,0.09525,0.09528,0.09512,0.09512,598344.832035
2026-03-25 02:00:00,0.09515,0.09523,0.09496,0.09519,835225.490141
2026-03-25 02:05:00,0.09519,0.09521,0.0951,0.0951,478885.159736
2026-03-25 02:10:00,0.09513,0.09518,0.09501,0.09505,1184692.876771
2026-03-25 02:15:00,0.09506,0.09513,0.095,0.09504,257865.892298
2026-03-25 02:20:00,0.09501,0.09511,0.09497,0.09498,3732588.300839
2026-03-25 02:25:00,0.09498,0.09499,0.09489,0.09489,570010.396366
2026-03-25 02:30:00,0.0949,0.09491,0.09475,0.09483,1135896.882079
2026-03-25 02:35:00,0.09483,0.09493,0.09478,0.09483,297181.889639
2026-03-25 02:40:00,0.09486,0.0949,0.09479,0.0949,336037.152689
2026-03-25 02:45:00,0.09492,0.095,0.09476,0.09479,631266.791569
2026-03-25 02:50:00,0.0948,0.09481,0.09474,0.09479,195582.432404
2026-03-25 02:55:00,0.0948,0.0948,0.09471,0.09472,266147.080713
2026-03-25 03:00:00,0.09475,0.09475,0.0946,0.09471,498680.031141
2026-03-25 03:05:00,0.09472,0.09473,0.09458,0.09462,696121.438157
2026-03-25 03:10:00,0.0946,0.0946,0.0944,0.09452,1912740.512502
2026-03-25 03:15:00,0.09452,0.09461,0.09443,0.09458,538406.774241
2026-03-25 03:20:00,0.09457,0.09466,0.09453,0.09466,488199.716573
2026-03-25 03:25:00,0.09466,0.09491,0.09465,0.0949,1095350.184334
2026-03-25 03:30:00,0.09492,0.09521,0.09492,0.09509,1191233.696672
2026-03-25 03:35:00,0.09511,0.09532,0.0951,0.09513,3093003.385708
2026-03-25 03:40:00,0.09514,0.09519,0.09509,0.0951,487350.350508
2026-03-25 03:45:00,0.0951,0.09519,0.09507,0.09509,671365.743576
2026-03-25 03:50:00,0.09511,0.09526,0.09511,0.09526,722375.465482
2026-03-25 03:55:00,0.09527,0.09531,0.09516,0.09521,484029.101984
2026-03-25 04:00:00,0.0952,0.09523,0.09511,0.09522,416597.279809
2026-03-25 04:05:00,0.09522,0.09531,0.09518,0.09531,612665.85531
2026-03-25 04:10:00,0.0953,0.0953,0.09524,0.09524,465440.116088
2026-03-25 04:15:00,0.09524,0.09524,0.09513,0.09518,544352.029443
2026-03-25 04:20:00,0.09518,0.09518,0.09508,0.09517,503631.877443
2026-03-25 04:25:00,0.09517,0.0952,0.09512,0.09513,417725.356547
2026-03-25 04:30:00,0.09513,0.09514,0.09506,0.09507,258813.459845
2026-03-25 04:35:00,0.09506,0.09509,0.09499,0.095,468376.845377
2026-03-25 04:40:00,0.09502,0.09505,0.09502,0.09504,492020.970174
2026-03-25 04:45:00,0.09505,0.09512,0.09504,0.09512,675494.114304
2026-03-25 04:50:00,0.09511,0.09531,0.0951,0.09529,586193.310813
2026-03-25 04:55:00,0.0953,0.0957,0.09524,0.09554,2374226.842313
2026-03-25 05:00:00,0.09555,0.09594,0.09554,0.0958,4011600.494765
2026-03-25 05:05:00,0.09581,0.09658,0.09581,0.0964,15645103.342619
2026-03-25 05:10:00,0.09639,0.0969,0.09635,0.09657,8256130.022639
2026-03-25 05:15:00,0.09658,0.09659,0.09618,0.09621,4149873.038971
2026-03-25 05:20:00,0.09621,0.09629,0.09592,0.09599,4901215.870552
2026-03-25 05:25:00,0.09598,0.09621,0.09592,0.09621,3058996.030214
2026-03-25 05:30:00,0.09622,0.09649,0.09622,0.09629,1576431.685902
2026-03-25 05:35:00,0.09631,0.0964,0.09628,0.0963,769404.240147
2026-03-25 05:40:00,0.0963,0.09637,0.09622,0.09637,651181.8213
2026-03-25 05:45:00,0.09636,0.09639,0.09629,0.09635,174897.457687
2026-03-25 05:50:00,0.09634,0.09636,0.09627,0.09628,673778.489726
2026-03-25 05:55:00,0.09627,0.09629,0.09621,0.09623,1097150.183527
2026-03-25 06:00:00,0.09623,0.0965,0.09622,0.09635,3258537.463939
2026-03-25 06:05:00,0.09634,0.09638,0.0962,0.09633,1590278.777439
2026-03-25 06:10:00,0.09633,0.09638,0.09632,0.09638,703795.142379
2026-03-25 06:15:00,0.09638,0.09665,0.09638,0.09657,1447408.78766
2026-03-25 06:20:00,0.09657,0.09731,0.09657,0.09706,11227912.90815
2026-03-25 06:25:00,0.09707,0.09761,0.09703,0.0974,6849876.407541
2026-03-25 06:30:00,0.09741,0.09768,0.09727,0.09765,5324675.94112
2026-03-25 06:35:00,0.09766,0.09769,0.09729,0.09731,2921981.255433
2026-03-25 06:40:00,0.09732,0.09735,0.09715,0.09724,2422529.123992
2026-03-25 06:45:00,0.09724,0.09742,0.09724,0.09727,3702560.115662
2026-03-25 06:50:00,0.09725,0.09732,0.09714,0.09722,1376082.142654
2026-03-25 06:55:00,0.09722,0.09732,0.09695,0.09695,4202942.76191
2026-03-25 07:00:00,0.09696,0.09724,0.09679,0.0971,7635347.744041
2026-03-25 07:05:00,0.0971,0.09716,0.09701,0.09711,1066968.342825
2026-03-25 07:10:00,0.09711,0.09737,0.0971,0.09731,2204790.421298
2026-03-25 07:15:00,0.09732,0.0975,0.09726,0.0973,2405057.733906
2026-03-25 07:20:00,0.09729,0.09729,0.09714,0.09715,1645008.141762
2026-03-25 07:25:00,0.09714,0.09716,0.09702,0.09705,1512130.654842
2026-03-25 07:30:00,0.09707,0.09744,0.09707,0.09736,1143983.972876
2026-03-25 07:35:00,0.09737,0.09759,0.09732,0.09736,1506844.715025
2026-03-25 07:40:00,0.09737,0.09752,0.09706,0.09709,2306892.201302
2026-03-25 07:45:00,0.09709,0.0971,0.09652,0.09677,6990612.374912
2026-03-25 07:50:00,0.09678,0.0969,0.09676,0.09682,1516250.115727
2026-03-25 07:55:00,0.0968,0.09684,0.09674,0.09679,441677.933026
2026-03-25 08:00:00,0.0968,0.09728,0.0968,0.09727,3121257.56855
2026-03-25 08:05:00,0.09725,0.09734,0.09712,0.09715,1507768.954379
2026-03-25 08:10:00,0.09715,0.09718,0.0971,0.09711,1422029.16906
2026-03-25 08:15:00,0.09711,0.09738,0.09711,0.09728,2353465.647548
2026-03-25 08:20:00,0.09727,0.09729,0.097,0.09708,506988.793712
2026-03-25 08:25:00,0.09708,0.09737,0.09694,0.09715,2705888.547667
2026-03-25 08:30:00,0.09714,0.09747,0.09714,0.09735,2677141.502219
2026-03-25 08:35:00,0.09734,0.09734,0.09704,0.09718,2406042.430818
2026-03-25 08:40:00,0.09718,0.0973,0.09714,0.09728,1057730.615179
2026-03-25 08:45:00,0.09727,0.09729,0.09717,0.09718,917316.5336
2026-03-25 08:50:00,0.09719,0.09729,0.09713,0.09714,549120.211712
2026-03-25 08:55:00,0.09714,0.09718,0.09697,0.09698,1665255.848025
2026-03-25 09:00:00,0.09699,0.09699,0.09677,0.09681,1271754.528733
2026-03-25 09:05:00,0.09677,0.09685,0.09671,0.09681,517710.401516
2026-03-25 09:10:00,0.09681,0.09681,0.0967,0.09672,1618594.845249
2026-03-25 09:15:00,0.0967,0.09676,0.09666,0.09674,987043.439418
2026-03-25 09:20:00,0.09674,0.0969,0.09666,0.09676,1548038.601492
2026-03-25 09:25:00,0.09675,0.09689,0.09675,0.09684,2179935.151159
2026-03-25 09:30:00,0.09682,0.09684,0.09657,0.09657,928861.410927
2026-03-25 09:35:00,0.09658,0.09674,0.09656,0.09664,2175135.843424
2026-03-25 09:40:00,0.09661,0.0967,0.0966,0.09666,733159.977958
2026-03-25 09:45:00,0.09667,0.09667,0.09644,0.09657,913300.538195
2026-03-25 09:50:00,0.09658,0.09671,0.09658,0.09671,119236.537218
2026-03-25 09:55:00,0.09671,0.09691,0.09671,0.09686,1089299.807348
2026-03-25 10:00:00,0.09685,0.09708,0.09681,0.09689,1730127.264758
2026-03-25 10:05:00,0.09688,0.09706,0.09688,0.09703,438428.108704
2026-03-25 10:10:00,0.097,0.0971,0.09698,0.09704,284505.766151
2026-03-25 10:15:00,0.09701,0.09701,0.0969,0.09693,215607.520663
2026-03-25 10:20:00,0.09695,0.09706,0.0969,0.09693,236780.939134
2026-03-25 10:25:00,0.09695,0.09711,0.09695,0.09709,173406.597222
2026-03-25 10:30:00,0.09709,0.09714,0.09705,0.09708,358813.636605
2026-03-25 10:35:00,0.0971,0.0971,0.09693,0.09695,1141278.220996
2026-03-25 10:40:00,0.09695,0.097,0.0969,0.09692,222570.439495
2026-03-25 10:45:00,0.09693,0.0971,0.09693,0.09697,395550.015739
2026-03-25 10:50:00,0.09697,0.09706,0.09695,0.09701,552302.413567
2026-03-25 10:55:00,0.097,0.09707,0.09698,0.097,253958.102117
2026-03-25 11:00:00,0.09701,0.09709,0.09695,0.09695,247639.486476
2026-03-25 11:05:00,0.09693,0.09697,0.09678,0.0969,988729.227665
2026-03-25 11:10:00,0.0969,0.09696,0.09685,0.09694,275615.276832
2026-03-25 11:15:00,0.09695,0.09717,0.09695,0.09717,1675754.458065
2026-03-25 11:20:00,0.09716,0.09724,0.09709,0.0971,2207784.662296
2026-03-25 11:25:00,0.0971,0.09726,0.09703,0.09722,1770202.603943
2026-03-25 11:30:00,0.09724,0.09746,0.09724,0.09731,2694381.577186
2026-03-25 11:35:00,0.09729,0.09746,0.09715,0.0972,1784851.661227
2026-03-25 11:40:00,0.09722,0.09725,0.09708,0.09718,1167764.746124
2026-03-25 11:45:00,0.0972,0.09726,0.09682,0.09689,1663561.538915
2026-03-25 11:50:00,0.0969,0.09706,0.09687,0.09699,918624.396226
2026-03-25 11:55:00,0.097,0.09701,0.09689,0.09697,1300117.529833
2026-03-25 12:00:00,0.09699,0.09712,0.09699,0.0971,2118584.823111
2026-03-25 12:05:00,0.09709,0.09735,0.09707,0.09728,5100097.274965
2026-03-25 12:10:00,0.09727,0.09727,0.09718,0.09719,495242.036365
2026-03-25 12:15:00,0.09719,0.09719,0.09672,0.09692,2590911.056679
2026-03-25 12:20:00,0.09691,0.09695,0.0965,0.09675,2621372.916848
2026-03-25 12:25:00,0.09673,0.09687,0.09662,0.0968,1845247.247568
2026-03-25 12:30:00,0.09679,0.09696,0.09657,0.09693,1083521.064061
2026-03-25 12:35:00,0.09694,0.09704,0.09693,0.097,713919.792284
2026-03-25 12:40:00,0.09698,0.09725,0.0969,0.09708,2224492.976851
2026-03-25 12:45:00,0.09707,0.09729,0.09701,0.09729,865940.515689
2026-03-25 12:50:00,0.09729,0.09732,0.09706,0.09722,583867.81531
2026-03-25 12:55:00,0.09723,0.09794,0.09719,0.09774,9332248.715259
2026-03-25 13:00:00,0.09775,0.09785,0.09747,0.0976,3069365.933232
2026-03-25 13:05:00,0.09764,0.09782,0.09753,0.09756,1770150.046699
2026-03-25 13:10:00,0.09759,0.09779,0.09759,0.09766,2340300.970668
2026-03-25 13:15:00,0.09766,0.09773,0.09747,0.09773,1554909.030419
2026-03-25 13:20:00,0.09774,0.09787,0.09758,0.09758,2968273.025163
2026-03-25 13:25:00,0.09758,0.09758,0.09737,0.09737,960843.199325
2026-03-25 13:30:00,0.09736,0.09768,0.09736,0.09744,2691016.362749
2026-03-25 13:35:00,0.09745,0.09779,0.09745,0.09753,795000.053782
2026-03-25 13:40:00,0.09755,0.09764,0.0973,0.09735,2185404.54222
2026-03-25 13:45:00,0.09735,0.09751,0.09731,0.09738,625579.006921
2026-03-25 13:50:00,0.09737,0.09752,0.09719,0.09728,1093551.93355
2026-03-25 13:55:00,0.0973,0.09746,0.09728,0.09739,1082670.980119
2026-03-25 14:00:00,0.0974,0.09763,0.09708,0.09745,4425228.211614
2026-03-25 14:05:00,0.09745,0.0976,0.09725,0.09751,1535882.64503
2026-03-25 14:10:00,0.09751,0.09752,0.09733,0.09743,1572275.413928
2026-03-25 14:15:00,0.09746,0.09758,0.0974,0.09742,1226187.597723
2026-03-25 14:20:00,0.09743,0.09781,0.09742,0.09745,2906125.139618
2026-03-25 14:25:00,0.09748,0.09774,0.09745,0.09753,6173398.172116
2026-03-25 14:30:00,0.09754,0.09763,0.09743,0.09756,1332550.371371
2026-03-25 14:35:00,0.09758,0.0976,0.09724,0.09728,985352.406636
2026-03-25 14:40:00,0.09729,0.09731,0.0972,0.09726,1606834.665505
2026-03-25 14:45:00,0.09727,0.09727,0.09714,0.09722,1328176.413584
2026-03-25 14:50:00,0.09723,0.0973,0.09702,0.09704,669141.224495
2026-03-25 14:55:00,0.09704,0.09704,0.09684,0.09692,6066048.196919
2026-03-25 15:00:00,0.09693,0.09697,0.09675,0.09681,5444785.114644
2026-03-25 15:05:00,0.09681,0.09684,0.09624,0.09628,6251779.456811
2026-03-25 15:10:00,0.0963,0.09646,0.09586,0.09597,11314934.437745
2026-03-25 15:15:00,0.09597,0.09604,0.09558,0.09589,13500081.663383
2026-03-25 15:20:00,0.0959,0.09619,0.0959,0.0961,5645445.161455
2026-03-25 15:25:00,0.0961,0.09614,0.09585,0.09602,1082424.874671
2026-03-25 15:30:00,0.09603,0.09613,0.09589,0.09598,2142103.145707
2026-03-25 15:35:00,0.096,0.09602,0.09576,0.09587,2047273.408263
2026-03-25 15:40:00,0.09587,0.09594,0.09567,0.09588,753690.426765
2026-03-25 15:45:00,0.09587,0.09604,0.09585,0.09604,2774729.037377
2026-03-25 15:50:00,0.09605,0.09614,0.09597,0.09604,511965.377435
2026-03-25 15:55:00,0.09605,0.09618,0.09593,0.09597,1225525.960508
2026-03-25 16:00:00,0.09599,0.0961,0.09592,0.09605,1578209.564463
2026-03-25 16:05:00,0.09604,0.09618,0.09582,0.09617,1954254.130696
2026-03-25 16:10:00,0.09616,0.09619,0.09606,0.09612,776443.775944
2026-03-25 16:15:00,0.09613,0.09618,0.096,0.09618,551351.772665
2026-03-25 16:20:00,0.09618,0.09639,0.09611,0.09639,1021773.738556
2026-03-25 16:25:00,0.09637,0.09707,0.09633,0.09683,9960801.879343
2026-03-25 16:30:00,0.09684,0.09699,0.09672,0.0968,1879787.422771
2026-03-25 16:35:00,0.09678,0.09691,0.0967,0.09691,1346460.407303
2026-03-25 16:40:00,0.0969,0.09697,0.09685,0.09689,902980.712766
2026-03-25 16:45:00,0.09688,0.0969,0.09663,0.09664,1213644.2606
2026-03-25 16:50:00,0.09663,0.09679,0.09653,0.09673,1400964.299719
2026-03-25 16:55:00,0.09673,0.09677,0.09655,0.09659,443257.025235
2026-03-25 17:00:00,0.09659,0.0968,0.09659,0.09667,747030.997281
2026-03-25 17:05:00,0.09666,0.09669,0.0966,0.09662,488662.94389
2026-03-25 17:10:00,0.09662,0.09663,0.09651,0.09659,681739.082662
2026-03-25 17:15:00,0.09659,0.09659,0.09628,0.09638,739883.678521
2026-03-25 17:20:00,0.09636,0.09652,0.0963,0.09639,1408663.366238
2026-03-25 17:25:00,0.0964,0.09662,0.09636,0.09643,483953.983642
2026-03-25 17:30:00,0.09642,0.09643,0.09632,0.09643,865280.370185
2026-03-25 17:35:00,0.09644,0.09652,0.09626,0.0964,1227512.856829
2026-03-25 17:40:00,0.09644,0.09652,0.09632,0.09648,1165098.483428
2026-03-25 17:45:00,0.09649,0.0966,0.09646,0.09656,1613941.276287
2026-03-25 17:50:00,0.09654,0.09655,0.09618,0.09618,2479284.105409
2026-03-25 17:55:00,0.09618,0.09627,0.0961,0.09621,1902539.098273
2026-03-25 18:00:00,0.0962,0.09622,0.096,0.09614,2061586.592142
2026-03-25 18:05:00,0.09613,0.09626,0.09606,0.09607,1232820.775591
2026-03-25 18:10:00,0.09608,0.09621,0.09608,0.09615,653579.998989
2026-03-25 18:15:00,0.09615,0.09634,0.09615,0.09625,1052567.459024
2026-03-25 18:20:00,0.09628,0.09661,0.09628,0.09654,713872.968521
2026-03-25 18:25:00,0.09654,0.09657,0.09635,0.0964,417278.205616
2026-03-25 18:30:00,0.09642,0.09649,0.09633,0.0964,406292.810241
2026-03-25 18:35:00,0.09642,0.09646,0.09629,0.0963,857584.274329
2026-03-25 18:40:00,0.0963,0.09631,0.09618,0.09625,488265.567329
2026-03-25 18:45:00,0.0963,0.09634,0.09624,0.0963,226130.185306
2026-03-25 18:50:00,0.09632,0.09641,0.09626,0.09641,152788.482337
2026-03-25 18:55:00,0.09639,0.09639,0.09601,0.09617,1064967.083186
2026-03-25 19:00:00,0.09619,0.09632,0.09602,0.09632,530814.955172
2026-03-25 19:05:00,0.09633,0.09633,0.09619,0.09621,93398.994501
2026-03-25 19:10:00,0.09622,0.09638,0.09611,0.09634,1061572.929973
2026-03-25 19:15:00,0.09636,0.09637,0.09629,0.09629,99233.759783
2026-03-25 19:20:00,0.09628,0.09645,0.09628,0.09639,195479.952355
2026-03-25 19:25:00,0.0964,0.09641,0.09631,0.09635,82810.545877
2026-03-25 19:30:00,0.09635,0.09642,0.09623,0.09642,920831.032507
2026-03-25 19:35:00,0.09641,0.09646,0.09626,0.09644,807779.678972
2026-03-25 19:40:00,0.09642,0.09652,0.09635,0.09635,1142638.501632
2026-03-25 19:45:00,0.09636,0.09643,0.09632,0.09642,466594.570458
2026-03-25 19:50:00,0.09642,0.09652,0.09638,0.09638,80503.869659
2026-03-25 19:55:00,0.09639,0.09644,0.09626,0.09644,754341.493872
2026-03-25 20:00:00,0.09646,0.09648,0.0962,0.09622,1353608.135537
2026-03-25 20:05:00,0.09621,0.0963,0.09618,0.09622,1156645.157286
2026-03-25 20:10:00,0.09623,0.09623,0.09613,0.09616,908509.243831
2026-03-25 20:15:00,0.09617,0.09625,0.09613,0.09625,2500065.076221
2026-03-25 20:20:00,0.09625,0.09625,0.09594,0.09596,705727.321672
2026-03-25 20:25:00,0.09597,0.09598,0.09577,0.09583,2094202.843563
2026-03-25 20:30:00,0.09584,0.09588,0.09576,0.09578,385129.977833
2026-03-25 20:35:00,0.09576,0.09594,0.09576,0.09594,1486278.435412
2026-03-25 20:40:00,0.0959,0.09611,0.09587,0.09611,510019.302315
2026-03-25 20:45:00,0.09609,0.09614,0.09604,0.09613,578128.905254
2026-03-25 20:50:00,0.09614,0.09624,0.09613,0.09623,180530.160828
2026-03-25 20:55:00,0.09623,0.09624,0.09617,0.09621,366940.03866
2026-03-25 21:00:00,0.09623,0.09624,0.09611,0.09614,309163.148078
2026-03-25 21:05:00,0.09614,0.09626,0.09608,0.09626,217813.929243
2026-03-25 21:10:00,0.09627,0.09652,0.09627,0.09639,837017.501347
2026-03-25 21:15:00,0.09642,0.09644,0.09628,0.09631,476843.94693
2026-03-25 21:20:00,0.09634,0.09636,0.09623,0.09624,199036.148195
2026-03-25 21:25:00,0.09624,0.09625,0.0961,0.09617,408183.514521
2026-03-25 21:30:00,0.09617,0.0962,0.09606,0.09613,296178.723081
2026-03-25 21:35:00,0.09614,0.09624,0.0961,0.09624,401676.539554
2026-03-25 21:40:00,0.09625,0.09634,0.0962,0.09625,474234.11395
2026-03-25 21:45:00,0.09625,0.09625,0.09612,0.09612,62129.527228
2026-03-25 21:50:00,0.09612,0.0962,0.09611,0.09613,60444.889131
2026-03-25 21:55:00,0.09614,0.09624,0.09611,0.09616,286480.673544
2026-03-25 22:00:00,0.09616,0.09635,0.09615,0.09629,306715.15662
2026-03-25 22:05:00,0.09628,0.09628,0.09607,0.09609,745087.950986
2026-03-25 22:10:00,0.09608,0.09624,0.09605,0.09616,2349525.338084
2026-03-25 22:15:00,0.09614,0.09617,0.09608,0.09614,66481.761115
2026-03-25 22:20:00,0.09615,0.09615,0.09606,0.09606,73093.288951
2026-03-25 22:25:00,0.09606,0.09608,0.09595,0.09599,793295.490124
2026-03-25 22:30:00,0.096,0.09645,0.09599,0.09643,4204216.822727
2026-03-25 22:35:00,0.09643,0.09657,0.09638,0.09641,754522.687262
2026-03-25 22:40:00,0.09641,0.0968,0.09633,0.09641,2997626.994648
2026-03-25 22:45:00,0.09644,0.0965,0.09632,0.09648,640990.04409
2026-03-25 22:50:00,0.09648,0.09649,0.09642,0.09645,120002.373936
2026-03-25 22:55:00,0.09644,0.09648,0.09636,0.09641,338273.52591
2026-03-25 23:00:00,0.09641,0.09644,0.09628,0.09633,716121.93758
2026-03-25 23:05:00,0.09636,0.09637,0.09628,0.09628,1393215.783685
2026-03-25 23:10:00,0.09629,0.09631,0.09618,0.09619,564821.254486
2026-03-25 23:15:00,0.09618,0.09618,0.09608,0.0961,380050.797178
2026-03-25 23:20:00,0.0961,0.09619,0.09606,0.09618,121845.914378
2026-03-25 23:25:00,0.09618,0.09626,0.09614,0.09615,362719.429304
2026-03-25 23:30:00,0.09617,0.09617,0.09605,0.09605,714902.060035
2026-03-25 23:35:00,0.09604,0.0961,0.09602,0.09607,199881.079568
2026-03-25 23:40:00,0.09607,0.09609,0.09596,0.09602,1083243.103138
2026-03-25 23:45:00,0.09601,0.09601,0.09589,0.09599,1092590.988838
2026-03-25 23:50:00,0.096,0.09618,0.096,0.09618,742041.765743
2026-03-25 23:55:00,0.09615,0.09619,0.09615,0.09619,347838.998206
2026-03-26 00:00:00,0.09618,0.09628,0.09616,0.09616,1357770.855615
2026-03-26 00:05:00,0.09617,0.09619,0.09602,0.09602,233949.638278
2026-03-26 00:10:00,0.09602,0.09605,0.09597,0.09605,446797.95686
2026-03-26 00:15:00,0.09609,0.09623,0.09607,0.09607,960954.796763
2026-03-26 00:20:00,0.09607,0.09615,0.09604,0.09614,69702.459126
2026-03-26 00:25:00,0.09614,0.09614,0.09604,0.09612,62761.768299
2026-03-26 00:30:00,0.09611,0.09617,0.09604,0.09604,629882.146553
2026-03-26 00:35:00,0.09603,0.09612,0.09603,0.09605,155188.227838
2026-03-26 00:40:00,0.09605,0.0961,0.09595,0.09608,618206.426262
2026-03-26 00:45:00,0.09608,0.09616,0.09602,0.09605,626444.616212
2026-03-26 00:50:00,0.09607,0.09607,0.0958,0.09588,579202.825615
2026-03-26 00:55:00,0.09589,0.09596,0.09578,0.09591,488398.844151
2026-03-26 01:00:00,0.09591,0.09601,0.09585,0.09588,442246.923067
2026-03-26 01:05:00,0.09589,0.09589,0.0958,0.09584,200856.010843
2026-03-26 01:10:00,0.09585,0.09586,0.09567,0.09575,844202.807702
2026-03-26 01:15:00,0.09575,0.09575,0.09552,0.0956,1267956.446237
2026-03-26 01:20:00,0.09561,0.09576,0.09561,0.09576,309798.987154
2026-03-26 01:25:00,0.09574,0.09594,0.09574,0.09592,240469.034003
2026-03-26 01:30:00,0.0959,0.09606,0.0959,0.09595,461752.085297
2026-03-26 01:35:00,0.09597,0.09601,0.09596,0.096,218553.91651
2026-03-26 01:40:00,0.09601,0.09603,0.0958,0.09582,482043.788897
2026-03-26 01:45:00,0.09581,0.09589,0.09574,0.09576,160290.124794
2026-03-26 01:50:00,0.09577,0.0958,0.09561,0.09567,558567.410142
2026-03-26 01:55:00,0.09567,0.09576,0.09563,0.09571,338125.676263
2026-03-26 02:00:00,0.0957,0.09573,0.09562,0.09564,189821.035721
2026-03-26 02:05:00,0.09566,0.09567,0.0954,0.09546,1989601.591254
2026-03-26 02:10:00,0.09547,0.09553,0.09538,0.0954,892392.528929
2026-03-26 02:15:00,0.0954,0.09541,0.09509,0.09509,3833546.152065
2026-03-26 02:20:00,0.09509,0.09519,0.09496,0.09497,6803473.668996
2026-03-26 02:25:00,0.09499,0.09512,0.09499,0.09499,4303375.100683
2026-03-26 02:30:00,0.09497,0.09497,0.09461,0.09484,8165525.133641
2026-03-26 02:35:00,0.09485,0.09486,0.09455,0.09464,3292952.761123
2026-03-26 02:40:00,0.09465,0.09478,0.09462,0.09474,2757111.724202
2026-03-26 02:45:00,0.09473,0.09499,0.09473,0.09494,4070369.461002
2026-03-26 02:50:00,0.09493,0.09494,0.09471,0.09478,1258033.053149
2026-03-26 02:55:00,0.09478,0.09488,0.09478,0.09486,503959.183841
2026-03-26 03:00:00,0.09485,0.09485,0.09459,0.09463,724470.497164
2026-03-26 03:05:00,0.09463,0.09473,0.09459,0.09473,396316.412779
2026-03-26 03:10:00,0.09472,0.09488,0.09468,0.09487,494116.705227
2026-03-26 03:15:00,0.09485,0.09486,0.09468,0.09474,1115871.484331
2026-03-26 03:20:00,0.09474,0.09477,0.09441,0.09447,2672283.032943
2026-03-26 03:25:00,0.09446,0.09452,0.09415,0.09429,6792900.58623
2026-03-26 03:30:00,0.0943,0.09442,0.09429,0.09435,1329141.745996
2026-03-26 03:35:00,0.09437,0.0945,0.09435,0.09449,1237567.337188
2026-03-26 03:40:00,0.09448,0.09453,0.09446,0.09451,691327.705047
2026-03-26 03:45:00,0.09449,0.09462,0.09449,0.09456,756789.122954
2026-03-26 03:50:00,0.09452,0.09469,0.0945,0.09466,765695.194213
2026-03-26 03:55:00,0.09463,0.09469,0.0946,0.0946,451780.433173
2026-03-26 04:00:00,0.0946,0.0946,0.09442,0.09447,806809.933037
2026-03-26 04:05:00,0.09446,0.09453,0.09442,0.0945,764160.436925
2026-03-26 04:10:00,0.09452,0.09455,0.09435,0.09435,1136370.137505
2026-03-26 04:15:00,0.09434,0.09443,0.09432,0.09437,1116795.306404
2026-03-26 04:20:00,0.09438,0.09448,0.09438,0.09443,219213.646618
2026-03-26 04:25:00,0.09443,0.09458,0.09443,0.09458,665609.220053
2026-03-26 04:30:00,0.09459,0.09463,0.09444,0.09447,797734.260657
2026-03-26 04:35:00,0.09447,0.09454,0.09446,0.09452,335166.283192
2026-03-26 04:40:00,0.09451,0.09452,0.09439,0.09444,2563963.954115
2026-03-26 04:45:00,0.09445,0.09453,0.09444,0.09453,888586.701036
2026-03-26 04:50:00,0.09454,0.09454,0.09431,0.09432,743064.415897
2026-03-26 04:55:00,0.0943,0.09433,0.09421,0.0943,778603.548826
2026-03-26 05:00:00,0.0943,0.09431,0.09423,0.09429,374300.820295
2026-03-26 05:05:00,0.09428,0.09428,0.09386,0.09402,4472916.497726
2026-03-26 05:10:00,0.09401,0.09404,0.09385,0.09388,2122251.606383
2026-03-26 05:15:00,0.09388,0.09393,0.09385,0.09391,1118018.362563
2026-03-26 05:20:00,0.09391,0.09399,0.09387,0.09394,903634.409821
2026-03-26 05:25:00,0.09393,0.09393,0.0937,0.09386,1299206.107059
2026-03-26 05:30:00,0.09385,0.09398,0.09382,0.09392,643247.173127
2026-03-26 05:35:00,0.09392,0.09397,0.09374,0.09376,1403932.509403
2026-03-26 05:40:00,0.09375,0.09381,0.09314,0.09322,13198368.097042
2026-03-26 05:45:00,0.09323,0.09328,0.09292,0.09308,7779352.201347
2026-03-26 05:50:00,0.09307,0.0931,0.09271,0.09278,6423288.337771
2026-03-26 05:55:00,0.09276,0.09287,0.09268,0.09277,4598243.018944
2026-03-26 06:00:00,0.09276,0.09283,0.09253,0.0927,6981754.641239
2026-03-26 06:05:00,0.09271,0.09279,0.0926,0.09277,3535676.047426
2026-03-26 06:10:00,0.09277,0.09279,0.09268,0.09279,2043734.436275
2026-03-26 06:15:00,0.0928,0.09287,0.0927,0.09283,3804675.561644
2026-03-26 06:20:00,0.09283,0.09294,0.0926,0.09261,3987567.084263
2026-03-26 06:25:00,0.0926,0.0926,0.09224,0.09252,10339789.265026
2026-03-26 06:30:00,0.09253,0.09261,0.09245,0.09252,2092368.4956
2026-03-26 06:35:00,0.09251,0.09251,0.09238,0.09246,4982194.526616
2026-03-26 06:40:00,0.09247,0.0926,0.09245,0.09251,1399695.844725
2026-03-26 06:45:00,0.0925,0.09253,0.09238,0.0925,1352447.401261
2026-03-26 06:50:00,0.09249,0.0928,0.09243,0.09264,7860249.760133
2026-03-26 06:55:00,0.09266,0.09277,0.09266,0.09267,1443294.853635
2026-03-26 07:00:00,0.09266,0.0929,0.09259,0.09274,2398839.82324
2026-03-26 07:05:00,0.09272,0.09274,0.09258,0.09273,1048854.233716
2026-03-26 07:10:00,0.09274,0.09274,0.09249,0.09256,5984380.755278
2026-03-26 07:15:00,0.09258,0.09266,0.0925,0.09256,416888.774879
2026-03-26 07:20:00,0.09255,0.09274,0.09233,0.09261,2702358.221134
2026-03-26 07:25:00,0.09261,0.09268,0.09251,0.09253,988934.183471
2026-03-26 07:30:00,0.09254,0.09259,0.09242,0.09256,1481458.416222
2026-03-26 07:35:00,0.09254,0.0927,0.09252,0.09269,517026.622578
2026-03-26 07:40:00,0.09269,0.09274,0.0926,0.09263,732003.809656
2026-03-26 07:45:00,0.09264,0.0928,0.09263,0.09277,1162528.567628
2026-03-26 07:50:00,0.09278,0.09289,0.09277,0.09287,2048992.750407
2026-03-26 07:55:00,0.09286,0.09286,0.09272,0.09276,778393.632399
2026-03-26 08:00:00,0.09276,0.09278,0.09263,0.09267,1014225.956284
2026-03-26 08:05:00,0.09268,0.09278,0.09257,0.09257,602490.135113
2026-03-26 08:10:00,0.09258,0.0926,0.09245,0.09246,1118980.923241
2026-03-26 08:15:00,0.09246,0.09261,0.09229,0.09234,4150808.746519
2026-03-26 08:20:00,0.09235,0.09243,0.09229,0.09237,787905.983595
2026-03-26 08:25:00,0.09238,0.09239,0.09213,0.09218,5295701.572377
2026-03-26 08:30:00,0.09218,0.09231,0.09217,0.09231,1875442.251286
2026-03-26 08:35:00,0.09232,0.0924,0.09223,0.09226,2385591.147505
2026-03-26 08:40:00,0.09225,0.09229,0.09215,0.09219,2800751.510537
2026-03-26 08:45:00,0.0922,0.09241,0.09216,0.09232,3866299.339313
2026-03-26 08:50:00,0.0923,0.09238,0.09225,0.0923,611344.256741
2026-03-26 08:55:00,0.09229,0.09237,0.09229,0.09232,508901.780328
2026-03-26 09:00:00,0.09232,0.09233,0.09216,0.09223,1101178.964082
2026-03-26 09:05:00,0.09222,0.09235,0.09217,0.09229,1232671.367551
2026-03-26 09:10:00,0.09228,0.09239,0.09217,0.09218,1578103.516125
2026-03-26 09:15:00,0.09218,0.09218,0.09181,0.09189,10057667.858317
2026-03-26 09:20:00,0.09189,0.09204,0.09185,0.09201,5278437.834992
2026-03-26 09:25:00,0.092,0.0921,0.09195,0.09203,2298067.553645
2026-03-26 09:30:00,0.09202,0.09203,0.09114,0.09132,25754061.40923
2026-03-26 09:35:00,0.09133,0.09169,0.09125,0.09151,6237740.566052
2026-03-26 09:40:00,0.09152,0.09171,0.09152,0.09166,1544299.264231
2026-03-26 09:45:00,0.09164,0.09166,0.09148,0.09157,907558.14276
2026-03-26 09:50:00,0.09159,0.09165,0.09154,0.09163,2779583.297497
2026-03-26 09:55:00,0.09163,0.09168,0.09159,0.09166,1343095.578166
2026-03-26 10:00:00,0.09166,0.09168,0.09153,0.0916,2484233.213956
2026-03-26 10:05:00,0.0916,0.09163,0.09145,0.09149,1157484.941279
2026-03-26 10:10:00,0.0915,0.09159,0.09141,0.09143,1299344.255577
2026-03-26 10:15:00,0.09145,0.09172,0.09145,0.09168,6020146.041211
2026-03-26 10:20:00,0.09166,0.09173,0.09161,0.09165,764505.601268
2026-03-26 10:25:00,0.09165,0.09169,0.09163,0.09164,1184661.819349
2026-03-26 10:30:00,0.09164,0.09172,0.09159,0.09165,2795569.112232
2026-03-26 10:35:00,0.09164,0.09168,0.09154,0.0916,1086779.37978
2026-03-26 10:40:00,0.09159,0.09171,0.09157,0.09168,531814.751556
2026-03-26 10:45:00,0.09168,0.09182,0.09167,0.09175,975965.898858
2026-03-26 10:50:00,0.09177,0.09182,0.09175,0.09178,978679.895692
2026-03-26 10:55:00,0.09178,0.09182,0.09178,0.0918,1445376.143501
2026-03-26 11:00:00,0.0918,0.09181,0.09166,0.09177,1775282.362342
2026-03-26 11:05:00,0.09176,0.09179,0.0916,0.09177,1029852.98128
2026-03-26 11:10:00,0.09177,0.09177,0.09145,0.0917,5111673.763997
2026-03-26 11:15:00,0.09168,0.09177,0.09166,0.09167,461514.059024
2026-03-26 11:20:00,0.09168,0.09169,0.09142,0.09145,1729583.348713
2026-03-26 11:25:00,0.09145,0.0915,0.09135,0.09145,2922269.389115
2026-03-26 11:30:00,0.09145,0.09155,0.09136,0.09136,1595417.627407
2026-03-26 11:35:00,0.09137,0.09142,0.0913,0.09142,577963.996148
2026-03-26 11:40:00,0.09142,0.09144,0.09137,0.09139,258603.179453
2026-03-26 11:45:00,0.09138,0.09143,0.09135,0.09137,7665795.170509
2026-03-26 11:50:00,0.09136,0.09147,0.09135,0.09142,1432618.732883
2026-03-26 11:55:00,0.09141,0.09141,0.09132,0.09134,778646.109687
2026-03-26 12:00:00,0.09135,0.09135,0.09117,0.09121,2118816.977435
2026-03-26 12:05:00,0.09122,0.09136,0.09115,0.09132,2610863.800381
2026-03-26 12:10:00,0.09131,0.0914,0.09131,0.09134,1886100.988275
2026-03-26 12:15:00,0.09134,0.09136,0.09128,0.09135,1135531.897794
2026-03-26 12:20:00,0.09134,0.09147,0.09134,0.09142,1110400.345889
2026-03-26 12:25:00,0.09142,0.09149,0.09141,0.09146,1830639.470662
2026-03-26 12:30:00,0.09146,0.09158,0.09136,0.09136,3519583.086333
2026-03-26 12:35:00,0.09137,0.09158,0.09134,0.09153,6449855.886158
2026-03-26 12:40:00,0.09153,0.09159,0.09146,0.09153,1891682.820957
2026-03-26 12:45:00,0.09152,0.09163,0.09149,0.09153,1297824.675036
2026-03-26 12:50:00,0.09153,0.0916,0.09151,0.0916,967542.8414
2026-03-26 12:55:00,0.0916,0.09164,0.09157,0.09162,514659.693411
2026-03-26 13:00:00,0.09162,0.09169,0.09158,0.09167,1282420.346004
2026-03-26 13:05:00,0.09167,0.09186,0.09167,0.09178,2767069.174684
2026-03-26 13:10:00,0.09179,0.09187,0.09174,0.0918,2482706.236631
2026-03-26 13:15:00,0.09179,0.09191,0.09177,0.09186,2125715.498907
2026-03-26 13:20:00,0.09185,0.0919,0.09155,0.09161,5084996.225807
2026-03-26 13:25:00,0.09161,0.09161,0.09145,0.09148,1108165.907426
2026-03-26 13:30:00,0.09148,0.09161,0.09139,0.0914,2168530.685297
2026-03-26 13:35:00,0.0914,0.09162,0.09132,0.09146,2294066.089588
2026-03-26 13:40:00,0.09145,0.0918,0.09138,0.0918,1276095.322724
2026-03-26 13:45:00,0.09181,0.09221,0.09179,0.09185,10471703.313149
2026-03-26 13:50:00,0.09185,0.09211,0.09181,0.09189,4159116.132091
2026-03-26 13:55:00,0.09187,0.09188,0.09157,0.09176,4133357.410859
2026-03-26 14:00:00,0.09176,0.09182,0.09167,0.09177,1403033.318311
2026-03-26 14:05:00,0.09175,0.09193,0.09161,0.09165,1586203.276327
2026-03-26 14:10:00,0.09167,0.09169,0.09154,0.09168,1867995.944671
2026-03-26 14:15:00,0.09167,0.09179,0.09162,0.09162,2352400.279295
2026-03-26 14:20:00,0.09161,0.09165,0.09151,0.09161,2336052.414428
2026-03-26 14:25:00,0.09159,0.09173,0.09155,0.09158,1407795.760053
2026-03-26 14:30:00,0.09158,0.09191,0.09157,0.09188,1175253.482612
2026-03-26 14:35:00,0.09185,0.09185,0.09168,0.09173,383940.166714
2026-03-26 14:40:00,0.09174,0.09194,0.09158,0.0916,1610253.808155
2026-03-26 14:45:00,0.0916,0.09171,0.09155,0.0916,719058.316594
2026-03-26 14:50:00,0.0916,0.09164,0.09131,0.09143,2190321.524793
2026-03-26 14:55:00,0.09141,0.09173,0.09134,0.09162,1386838.393833
2026-03-26 15:00:00,0.09161,0.09161,0.09148,0.09148,422369.824205
2026-03-26 15:05:00,0.09148,0.0916,0.09094,0.09114,11368186.475754
2026-03-26 15:10:00,0.09114,0.09128,0.0908,0.09088,5412855.802205
2026-03-26 15:15:00,0.09088,0.09106,0.09055,0.09097,9206997.612895
2026-03-26 15:20:00,0.09097,0.0911,0.09095,0.09109,1511595.841602
2026-03-26 15:25:00,0.09109,0.09118,0.09106,0.09109,1773861.249039
2026-03-26 15:30:00,0.09107,0.09107,0.0909,0.09096,3694049.165859
2026-03-26 15:35:00,0.09096,0.09102,0.09089,0.09102,3912964.244264
2026-03-26 15:40:00,0.09101,0.0911,0.09098,0.09104,1590876.168857
2026-03-26 15:45:00,0.09105,0.09122,0.09104,0.09112,1277713.573872
2026-03-26 15:50:00,0.09111,0.09121,0.09105,0.09117,1047542.703359
2026-03-26 15:55:00,0.09116,0.09116,0.09093,0.09098,706363.783985
2026-03-26 16:00:00,0.09098,0.09099,0.09086,0.09097,2563597.892713
2026-03-26 16:05:00,0.09098,0.09119,0.09098,0.09119,1788354.591385
2026-03-26 16:10:00,0.09115,0.0912,0.0911,0.09117,952416.125555
2026-03-26 16:15:00,0.09118,0.0914,0.09099,0.09139,3226975.165337
2026-03-26 16:20:00,0.09139,0.09139,0.0912,0.09135,633638.719513
2026-03-26 16:25:00,0.09133,0.09133,0.09117,0.09124,664542.868498
2026-03-26 16:30:00,0.09123,0.09132,0.09116,0.09132,3859175.88576
2026-03-26 16:35:00,0.09132,0.09134,0.09116,0.09119,1182441.030557
2026-03-26 16:40:00,0.0912,0.09126,0.09113,0.09126,454181.212616
2026-03-26 16:45:00,0.09125,0.09128,0.09104,0.09113,885836.708914
2026-03-26 16:50:00,0.09114,0.09114,0.09095,0.09111,3901685.244253
2026-03-26 16:55:00,0.0911,0.0911,0.09102,0.09106,481320.364331
2026-03-26 17:00:00,0.09107,0.09128,0.09102,0.09128,851405.503178
2026-03-26 17:05:00,0.09129,0.09137,0.09123,0.09137,288590.455983
2026-03-26 17:10:00,0.09135,0.09141,0.09125,0.09136,149152.313067
2026-03-26 17:15:00,0.09134,0.09148,0.09134,0.09144,246982.523821
2026-03-26 17:20:00,0.09145,0.09146,0.09129,0.0914,2131342.046222
2026-03-26 17:25:00,0.0914,0.09142,0.09137,0.09139,276986.238716
2026-03-26 17:30:00,0.09143,0.09155,0.09141,0.09155,378032.911175
2026-03-26 17:35:00,0.09155,0.09157,0.09143,0.09147,436683.642562
2026-03-26 17:40:00,0.09147,0.09147,0.09134,0.09136,2248602.0556
2026-03-26 17:45:00,0.09134,0.09138,0.09118,0.09122,1323237.641268
2026-03-26 17:50:00,0.09122,0.09132,0.09117,0.09126,356886.290515
2026-03-26 17:55:00,0.09125,0.09125,0.09079,0.09095,6225570.27623
2026-03-26 18:00:00,0.09095,0.09113,0.09085,0.09094,1037262.582812
2026-03-26 18:05:00,0.09093,0.09115,0.09079,0.09101,2111937.867734
2026-03-26 18:10:00,0.09101,0.09102,0.09091,0.091,646973.647996
2026-03-26 18:15:00,0.091,0.09101,0.09086,0.09086,959377.902072
2026-03-26 18:20:00,0.09086,0.09096,0.09068,0.09091,2154768.01027
2026-03-26 18:25:00,0.0909,0.0909,0.0906,0.09069,1171134.617863
2026-03-26 18:30:00,0.09067,0.09081,0.09067,0.09076,436675.043303
2026-03-26 18:35:00,0.09075,0.09088,0.09075,0.09087,385127.281984
2026-03-26 18:40:00,0.09086,0.0909,0.09082,0.09089,151802.303065
2026-03-26 18:45:00,0.09088,0.09098,0.09086,0.09093,816122.346035
2026-03-26 18:50:00,0.09093,0.09109,0.09093,0.09107,757573.345893
2026-03-26 18:55:00,0.09107,0.09109,0.09103,0.09104,569370.499172
2026-03-26 19:00:00,0.09106,0.09107,0.09094,0.091,582625.21411
2026-03-26 19:05:00,0.09099,0.09105,0.0909,0.09105,1160187.755154
2026-03-26 19:10:00,0.09105,0.0911,0.09101,0.09108,340377.554682
2026-03-26 19:15:00,0.09109,0.09116,0.09109,0.09115,142039.234759
2026-03-26 19:20:00,0.09116,0.09117,0.09106,0.09108,305060.91626
2026-03-26 19:25:00,0.09107,0.09107,0.09095,0.091,273830.130547
2026-03-26 19:30:00,0.09101,0.09105,0.09097,0.091,513980.304929
2026-03-26 19:35:00,0.09099,0.09121,0.09099,0.0912,219772.326576
2026-03-26 19:40:00,0.09121,0.09129,0.09121,0.09123,814957.842514
2026-03-26 19:45:00,0.09122,0.09123,0.09113,0.09119,213429.385926
2026-03-26 19:50:00,0.09118,0.09122,0.09114,0.09121,942753.670778
2026-03-26 19:55:00,0.09123,0.09128,0.09108,0.0911,584852.341827
2026-03-26 20:00:00,0.09111,0.09113,0.09098,0.09102,1039435.253865
2026-03-26 20:05:00,0.09102,0.09108,0.09097,0.09107,118003.242861
2026-03-26 20:10:00,0.09109,0.09266,0.09108,0.092,23296196.555465
2026-03-26 20:15:00,0.09201,0.09215,0.09189,0.09198,1557246.082826
2026-03-26 20:20:00,0.09198,0.09241,0.09194,0.09231,9250214.405092
2026-03-26 20:25:00,0.09232,0.09233,0.09201,0.09212,988200.367946
2026-03-26 20:30:00,0.09212,0.09232,0.09205,0.09206,1020378.700429
2026-03-26 20:35:00,0.09207,0.09219,0.09207,0.09218,203496.100634
2026-03-26 20:40:00,0.09219,0.09219,0.09205,0.09211,72842.154619
2026-03-26 20:45:00,0.09211,0.09212,0.09188,0.09191,1087222.893574
2026-03-26 20:50:00,0.09189,0.0919,0.09169,0.09176,666953.770348
2026-03-26 20:55:00,0.09174,0.09178,0.09172,0.09176,495925.306491
2026-03-26 21:00:00,0.09177,0.09177,0.09169,0.09172,234400.226811
2026-03-26 21:05:00,0.09171,0.09177,0.0917,0.09174,448125.291434
2026-03-26 21:10:00,0.09175,0.09214,0.09174,0.0921,1382019.152834
2026-03-26 21:15:00,0.09212,0.09219,0.09201,0.09219,297287.090049
2026-03-26 21:20:00,0.09219,0.09252,0.09219,0.09249,1815065.364374
2026-03-26 21:25:00,0.09249,0.09252,0.0924,0.09252,1041613.675862
2026-03-26 21:30:00,0.09252,0.09254,0.09235,0.09247,1172856.86401
2026-03-26 21:35:00,0.09248,0.09265,0.09248,0.09257,987414.671797
2026-03-26 21:40:00,0.09257,0.09276,0.09253,0.09256,2288519.366469
2026-03-26 21:45:00,0.09259,0.0926,0.09252,0.09256,462358.786286
2026-03-26 21:50:00,0.09256,0.09256,0.09236,0.09246,586362.288185
2026-03-26 21:55:00,0.09247,0.0925,0.09232,0.09232,203705.914231
2026-03-26 22:00:00,0.09232,0.0924,0.09218,0.09231,496440.153655
2026-03-26 22:05:00,0.09232,0.09243,0.09221,0.09227,167973.671412
2026-03-26 22:10:00,0.09229,0.09249,0.09229,0.09239,278532.40615
2026-03-26 22:15:00,0.0924,0.09241,0.09228,0.0923,98684.006611
2026-03-26 22:20:00,0.0923,0.09236,0.09197,0.09209,786976.74726
2026-03-26 22:25:00,0.09206,0.0923,0.0919,0.0922,1202688.272554
2026-03-26 22:30:00,0.0922,0.09223,0.09214,0.09216,492737.786088
2026-03-26 22:35:00,0.09215,0.09216,0.09205,0.09208,225318.179459
2026-03-26 22:40:00,0.09209,0.0921,0.09205,0.09206,520713.890574
2026-03-26 22:45:00,0.09205,0.09209,0.09197,0.092,423874.517406
2026-03-26 22:50:00,0.09201,0.09208,0.09196,0.09206,424376.800317
2026-03-26 22:55:00,0.09206,0.09216,0.09202,0.09216,401829.339049
2026-03-26 23:00:00,0.09217,0.09229,0.0921,0.09222,4914995.917349
2026-03-26 23:05:00,0.09219,0.09219,0.09195,0.09195,297051.301477
2026-03-26 23:10:00,0.09195,0.09198,0.09192,0.09193,551475.182699
2026-03-26 23:15:00,0.09192,0.09205,0.09188,0.09204,407543.514378
2026-03-26 23:20:00,0.09205,0.09206,0.09189,0.09193,748305.654798
2026-03-26 23:25:00,0.09192,0.09199,0.09188,0.09199,501536.286061
2026-03-26 23:30:00,0.09201,0.09201,0.09191,0.09196,340027.742061
2026-03-26 23:35:00,0.09197,0.092,0.09184,0.09184,492176.082863
2026-03-26 23:40:00,0.09187,0.09193,0.09186,0.09193,295402.367158
2026-03-26 23:45:00,0.09196,0.09205,0.09194,0.09205,78407.091307
2026-03-26 23:50:00,0.09205,0.09212,0.09202,0.09211,243877.270769
2026-03-26 23:55:00,0.0921,0.0921,0.09204,0.09204,146559.346605
2026-03-27 00:00:00,0.09204,0.09206,0.09186,0.09206,1456838.253939
2026-03-27 00:05:00,0.09206,0.09223,0.09205,0.09216,1366400.150523
2026-03-27 00:10:00,0.09218,0.09218,0.09206,0.09209,392686.709543
2026-03-27 00:15:00,0.09211,0.09215,0.09201,0.09204,1057252.5976
2026-03-27 00:20:00,0.09206,0.0921,0.09188,0.09201,261034.407234
2026-03-27 00:25:00,0.09201,0.09201,0.0919,0.0919,112621.32117
2026-03-27 00:30:00,0.09192,0.09202,0.0919,0.09199,422346.92272
2026-03-27 00:35:00,0.092,0.09201,0.09186,0.09196,447479.528071
2026-03-27 00:40:00,0.09196,0.09216,0.09189,0.09191,481110.787714
2026-03-27 00:45:00,0.0919,0.0919,0.09177,0.09185,674448.295269
2026-03-27 00:50:00,0.09185,0.09202,0.09185,0.09195,413447.328896
2026-03-27 00:55:00,0.09195,0.09209,0.09195,0.09204,334796.259472
2026-03-27 01:00:00,0.09204,0.09221,0.09204,0.09209,252179.586192
2026-03-27 01:05:00,0.09208,0.09211,0.09197,0.09211,241989.408055
2026-03-27 01:10:00,0.0921,0.09226,0.0921,0.09221,848848.404057
2026-03-27 01:15:00,0.0922,0.09232,0.09214,0.0923,1606608.405567
2026-03-27 01:20:00,0.09229,0.09234,0.09223,0.09224,314540.204584
2026-03-27 01:25:00,0.09223,0.09228,0.09221,0.09221,103392.749554
2026-03-27 01:30:00,0.09222,0.09231,0.09222,0.09223,644613.355052
2026-03-27 01:35:00,0.09224,0.09228,0.0921,0.09213,650922.384765
2026-03-27 01:40:00,0.09212,0.09221,0.09212,0.09218,724386.528593
2026-03-27 01:45:00,0.09219,0.09229,0.09217,0.09229,5439096.603151
2026-03-27 01:50:00,0.09227,0.09234,0.09218,0.09234,357239.485126
2026-03-27 01:55:00,0.09235,0.09251,0.09235,0.09246,1834667.379453
2026-03-27 02:00:00,0.0925,0.09258,0.09241,0.0925,1938082.002777
2026-03-27 02:05:00,0.09248,0.09248,0.09241,0.09247,414409.485211
2026-03-27 02:10:00,0.09248,0.0925,0.09237,0.09239,1369964.737862
2026-03-27 02:15:00,0.09238,0.09238,0.09224,0.09226,1029492.382743
2026-03-27 02:20:00,0.09226,0.09237,0.09223,0.09235,550925.382344
2026-03-27 02:25:00,0.09236,0.09251,0.09235,0.09251,386891.436661
2026-03-27 02:30:00,0.09251,0.0927,0.09248,0.09251,1526425.821201
2026-03-27 02:35:00,0.09251,0.09255,0.09242,0.09242,310992.492378
2026-03-27 02:40:00,0.09241,0.09244,0.09234,0.09242,331489.625126
2026-03-27 02:45:00,0.09243,0.09248,0.09239,0.0924,347143.821028
2026-03-27 02:50:00,0.09243,0.09247,0.09243,0.09245,142258.768267
2026-03-27 02:55:00,0.09245,0.0925,0.09234,0.09236,1428951.88588
2026-03-27 03:00:00,0.09237,0.09243,0.09229,0.09229,657496.899266
2026-03-27 03:05:00,0.09229,0.0923,0.09206,0.09212,1265476.741494
2026-03-27 03:10:00,0.09213,0.09224,0.09205,0.09215,371793.632926
2026-03-27 03:15:00,0.09216,0.09224,0.09213,0.09222,251000.336206
2026-03-27 03:20:00,0.09222,0.09227,0.09211,0.09215,306748.167485
2026-03-27 03:25:00,0.09216,0.09224,0.09216,0.0922,179780.967667
2026-03-27 03:30:00,0.09221,0.09224,0.0921,0.09214,189075.173528
2026-03-27 03:35:00,0.09215,0.09222,0.09208,0.09219,243171.656959
2026-03-27 03:40:00,0.09217,0.0922,0.0921,0.09212,61554.778382
2026-03-27 03:45:00,0.09211,0.09212,0.09206,0.09208,312417.477839
2026-03-27 03:50:00,0.09206,0.09208,0.092,0.09202,774890.199602
2026-03-27 03:55:00,0.092,0.09201,0.09192,0.09196,350316.789615
2026-03-27 04:00:00,0.09195,0.09199,0.0914,0.09164,7167164.296926
2026-03-27 04:05:00,0.09165,0.09177,0.09147,0.09158,3131376.015867
2026-03-27 04:10:00,0.09159,0.09169,0.09157,0.09165,773791.987718
2026-03-27 04:15:00,0.09165,0.09198,0.09163,0.09196,1134842.654574
2026-03-27 04:20:00,0.09196,0.09206,0.09192,0.092,865525.387383
2026-03-27 04:25:00,0.09201,0.09205,0.09198,0.09202,545531.872122
2026-03-27 04:30:00,0.09202,0.09205,0.0919,0.09204,536594.772061
2026-03-27 04:35:00,0.09204,0.09207,0.09188,0.09199,403656.806365
2026-03-27 04:40:00,0.092,0.09211,0.092,0.09208,474352.687444
2026-03-27 04:45:00,0.09208,0.09213,0.09196,0.09196,264626.999103
2026-03-27 04:50:00,0.09196,0.09197,0.0919,0.09193,437239.131973
2026-03-27 04:55:00,0.09192,0.09197,0.09191,0.09195,150059.991214
2026-03-27 05:00:00,0.09195,0.09196,0.09188,0.0919,258859.559148
2026-03-27 05:05:00,0.09191,0.09218,0.09188,0.09213,713487.781306
2026-03-27 05:10:00,0.09213,0.09229,0.09213,0.09222,508439.165669
2026-03-27 05:15:00,0.09222,0.09235,0.09222,0.09225,1120938.057843
2026-03-27 05:20:00,0.09224,0.09224,0.09207,0.09207,306880.732022
2026-03-27 05:25:00,0.09207,0.09207,0.09188,0.09197,647975.842333
2026-03-27 05:30:00,0.09198,0.092,0.09187,0.09193,217831.471142
2026-03-27 05:35:00,0.09194,0.09206,0.09193,0.09193,444444.384809
2026-03-27 05:40:00,0.09191,0.09195,0.09188,0.09189,208145.206761
2026-03-27 05:45:00,0.09188,0.09191,0.09182,0.09185,657963.639409
2026-03-27 05:50:00,0.09186,0.09192,0.09184,0.0919,350118.815687
2026-03-27 05:55:00,0.0919,0.09195,0.09189,0.09193,49773.944107
2026-03-27 06:00:00,0.09194,0.09202,0.09193,0.092,101609.608693
2026-03-27 06:05:00,0.09199,0.09217,0.09192,0.09202,4161298.925313
2026-03-27 06:10:00,0.092,0.092,0.0919,0.09199,383297.142045
2026-03-27 06:15:00,0.09196,0.09201,0.09187,0.09188,91139.530104
2026-03-27 06:20:00,0.0919,0.09198,0.09183,0.09198,55420.677651
2026-03-27 06:25:00,0.09197,0.09208,0.09191,0.09199,310638.801397
2026-03-27 06:30:00,0.09198,0.09206,0.09198,0.09206,248101.854632
2026-03-27 06:35:00,0.09207,0.09209,0.09203,0.09205,77081.215892
2026-03-27 06:40:00,0.09206,0.09208,0.092,0.09205,830184.281188
2026-03-27 06:45:00,0.09205,0.09205,0.09193,0.09198,349284.13619
2026-03-27 06:50:00,0.09201,0.09202,0.09198,0.092,487468.821556
2026-03-27 06:55:00,0.09198,0.09198,0.0919,0.09194,269114.324707
2026-03-27 07:00:00,0.09194,0.09197,0.0919,0.09191,154521.880364
2026-03-27 07:05:00,0.09192,0.09193,0.09185,0.09186,566352.318171
2026-03-27 07:10:00,0.09188,0.09224,0.09188,0.09211,754461.182007
2026-03-27 07:15:00,0.0921,0.09221,0.09204,0.09217,631916.862267
2026-03-27 07:20:00,0.09217,0.09231,0.09217,0.09219,508208.678101
2026-03-27 07:25:00,0.09218,0.09227,0.09216,0.09224,866194.596503
2026-03-27 07:30:00,0.09226,0.09227,0.09205,0.09208,330915.470109
2026-03-27 07:35:00,0.09205,0.09215,0.09205,0.09213,138382.622858
2026-03-27 07:40:00,0.09208,0.09217,0.09198,0.09209,425954.302578
2026-03-27 07:45:00,0.09209,0.0922,0.09207,0.09218,175417.971564
2026-03-27 07:50:00,0.09219,0.09224,0.09215,0.09221,212225.24419
2026-03-27 07:55:00,0.0922,0.09224,0.09213,0.09223,516809.506284
2026-03-27 08:00:00,0.09222,0.09241,0.09218,0.09231,855180.201198
2026-03-27 08:05:00,0.09229,0.09232,0.09222,0.09226,175925.042298
2026-03-27 08:10:00,0.09227,0.09231,0.09226,0.09227,220483.161433
2026-03-27 08:15:00,0.09229,0.09233,0.09215,0.09216,1200194.90064
2026-03-27 08:20:00,0.09215,0.09218,0.09206,0.09218,642587.786094
2026-03-27 08:25:00,0.09218,0.09223,0.09208,0.09208,674158.988713
2026-03-27 08:30:00,0.09207,0.0922,0.09206,0.09215,498484.049021
2026-03-27 08:35:00,0.09215,0.09215,0.09113,0.09122,11397302.674008
2026-03-27 08:40:00,0.09121,0.09154,0.09114,0.09152,7343290.633659
2026-03-27 08:45:00,0.09154,0.09165,0.09149,0.09163,855733.906064
2026-03-27 08:50:00,0.09162,0.09205,0.0916,0.09189,2044602.904192
2026-03-27 08:55:00,0.09187,0.092,0.09181,0.09185,915842.263146
2026-03-27 09:00:00,0.09185,0.09185,0.09159,0.09161,885664.711015
2026-03-27 09:05:00,0.0916,0.0916,0.09125,0.09128,2411923.774799
2026-03-27 09:10:00,0.09126,0.09132,0.091,0.09128,5247823.324592
2026-03-27 09:15:00,0.09125,0.09153,0.09125,0.09139,742352.402284
2026-03-27 09:20:00,0.09134,0.09142,0.0913,0.09138,6585780.404125
2026-03-27 09:25:00,0.0914,0.0915,0.0914,0.09145,591469.890784
2026-03-27 09:30:00,0.09141,0.09142,0.09115,0.09117,900167.231068
2026-03-27 09:35:00,0.09114,0.0912,0.09108,0.09114,291746.516978
2026-03-27 09:40:00,0.09114,0.09116,0.09107,0.0911,566399.970693
2026-03-27 09:45:00,0.09111,0.09119,0.09109,0.09112,564720.39905
2026-03-27 09:50:00,0.09113,0.09117,0.09109,0.09113,514864.908279
2026-03-27 09:55:00,0.09113,0.09116,0.09105,0.09105,391317.441515
2026-03-27 10:00:00,0.09107,0.09107,0.09073,0.09094,4257483.8136
2026-03-27 10:05:00,0.09096,0.09101,0.09088,0.09092,467396.324999
2026-03-27 10:10:00,0.09093,0.09094,0.0908,0.09088,1205055.947593
2026-03-27 10:15:00,0.0909,0.09099,0.09086,0.09088,676711.983979
2026-03-27 10:20:00,0.09088,0.09112,0.09088,0.09105,535663.615775
2026-03-27 10:25:00,0.09105,0.09113,0.09101,0.09111,612477.108905
2026-03-27 10:30:00,0.09111,0.09111,0.09103,0.0911,393063.447368
2026-03-27 10:35:00,0.0911,0.0911,0.08931,0.08984,50252173.188746
2026-03-27 10:40:00,0.08985,0.09033,0.08983,0.09016,4285542.843099
2026-03-27 10:45:00,0.09014,0.09024,0.08995,0.09021,2390121.621552
2026-03-27 10:50:00,0.0902,0.09025,0.08944,0.08968,9163117.565812
2026-03-27 10:55:00,0.08969,0.08969,0.08936,0.08963,6631515.542442
2026-03-27 11:00:00,0.08964,0.08982,0.08929,0.08962,3767095.709362
2026-03-27 11:05:00,0.08964,0.08986,0.08962,0.08977,1831878.598837
2026-03-27 11:10:00,0.08978,0.09001,0.08972,0.09,2524686.748943
2026-03-27 11:15:00,0.09,0.09014,0.08999,0.09003,1934393.768268
2026-03-27 11:20:00,0.09003,0.09003,0.08994,0.08996,889837.25124
2026-03-27 11:25:00,0.08997,0.09009,0.08995,0.09002,5381490.874437
2026-03-27 11:30:00,0.09002,0.09018,0.08996,0.09013,4848690.890197
2026-03-27 11:35:00,0.09015,0.09016,0.09003,0.0901,2071051.601243
2026-03-27 11:40:00,0.09009,0.09018,0.09007,0.09018,296354.137557
2026-03-27 11:45:00,0.09016,0.09029,0.09011,0.09011,1518532.721011
2026-03-27 11:50:00,0.09011,0.0902,0.09001,0.09012,708642.755001
2026-03-27 11:55:00,0.09014,0.09016,0.09003,0.09011,1692313.111501
2026-03-27 12:00:00,0.09013,0.09013,0.0899,0.08992,2021859.319075
2026-03-27 12:05:00,0.08991,0.09005,0.08988,0.08988,683767.104068
2026-03-27 12:10:00,0.08988,0.09005,0.08982,0.08995,1104286.603373
2026-03-27 12:15:00,0.08995,0.09,0.08984,0.08994,2001869.900114
2026-03-27 12:20:00,0.08992,0.09008,0.08991,0.09002,716780.390563
2026-03-27 12:25:00,0.09002,0.09004,0.08995,0.09003,863130.641229
2026-03-27 12:30:00,0.09003,0.09007,0.08993,0.08993,697065.979375
2026-03-27 12:35:00,0.08993,0.09025,0.08988,0.09021,1587141.617655
2026-03-27 12:40:00,0.09021,0.09034,0.09016,0.09032,1427555.724194
2026-03-27 12:45:00,0.09032,0.09039,0.09,0.09003,2761659.300837
2026-03-27 12:50:00,0.09003,0.09016,0.09002,0.09015,487453.39716
2026-03-27 12:55:00,0.09014,0.09021,0.09013,0.09015,700275.730272
2026-03-27 13:00:00,0.09018,0.09023,0.09007,0.0901,1158419.096538
2026-03-27 13:05:00,0.0901,0.0901,0.08996,0.09004,1238730.810624
2026-03-27 13:10:00,0.09003,0.09007,0.08997,0.09003,558223.50043
2026-03-27 13:15:00,0.09004,0.09017,0.09,0.09015,688148.734567
2026-03-27 13:20:00,0.09015,0.09034,0.09015,0.09031,627739.977403
2026-03-27 13:25:00,0.0903,0.0904,0.09028,0.09031,1019991.396305
2026-03-27 13:30:00,0.09028,0.09037,0.08993,0.09,2658724.398946
2026-03-27 13:35:00,0.08999,0.09022,0.08958,0.09014,7105453.653589
2026-03-27 13:40:00,0.09015,0.09036,0.09006,0.09025,1263186.452225
2026-03-27 13:45:00,0.09023,0.09036,0.09013,0.09014,2878171.801026
2026-03-27 13:50:00,0.09013,0.09013,0.08997,0.09001,1865807.022393
2026-03-27 13:55:00,0.09001,0.09001,0.08966,0.08987,2081342.420992
2026-03-27 14:00:00,0.08987,0.09009,0.08979,0.09004,2545198.779868
2026-03-27 14:05:00,0.09004,0.09017,0.09003,0.09009,783510.662274
2026-03-27 14:10:00,0.09007,0.09017,0.08997,0.0901,899686.464187
2026-03-27 14:15:00,0.09009,0.09011,0.08977,0.08977,1053754.081399
2026-03-27 14:20:00,0.0898,0.08981,0.08943,0.08955,3996709.056215
2026-03-27 14:25:00,0.08955,0.08958,0.08933,0.08934,4796775.698391
2026-03-27 14:30:00,0.08934,0.08964,0.08927,0.08951,5514764.578358
2026-03-27 14:35:00,0.08954,0.08974,0.0895,0.08969,5520391.709071
2026-03-27 14:40:00,0.08969,0.08975,0.08962,0.08972,1860599.519546
2026-03-27 14:45:00,0.08972,0.08983,0.0896,0.08983,2887082.970204
2026-03-27 14:50:00,0.08984,0.09,0.08975,0.08979,1679387.33674
2026-03-27 14:55:00,0.0898,0.08999,0.0898,0.08997,1672325.1166
2026-03-27 15:00:00,0.08997,0.09004,0.08989,0.08997,2275439.425867
2026-03-27 15:05:00,0.08997,0.09016,0.08992,0.08999,1249331.755147
2026-03-27 15:10:00,0.09004,0.09007,0.0899,0.08992,1395299.583131
2026-03-27 15:15:00,0.08993,0.08995,0.08976,0.08983,2891749.971921
2026-03-27 15:20:00,0.08982,0.09054,0.08968,0.09009,6645045.043432
2026-03-27 15:25:00,0.09012,0.09026,0.09001,0.09024,1153636.072241
2026-03-27 15:30:00,0.09024,0.09063,0.09022,0.0906,1808672.792313
2026-03-27 15:35:00,0.09061,0.09094,0.09054,0.09059,3838431.356711
2026-03-27 15:40:00,0.09058,0.0907,0.09047,0.09065,3283849.505564
2026-03-27 15:45:00,0.09066,0.09077,0.09054,0.09064,1033081.615043
2026-03-27 15:50:00,0.09064,0.0907,0.09045,0.09051,1668017.098385
2026-03-27 15:55:00,0.0905,0.09052,0.09027,0.09036,2413917.262262
2026-03-27 16:00:00,0.09036,0.0904,0.09011,0.09016,914348.212828
2026-03-27 16:05:00,0.09015,0.09017,0.08998,0.09003,3326900.268925
2026-03-27 16:10:00,0.09003,0.09016,0.09002,0.09015,627264.69684
2026-03-27 16:15:00,0.09015,0.0902,0.09001,0.09014,990904.321961
2026-03-27 16:20:00,0.09015,0.09022,0.08989,0.08993,1532991.330556
2026-03-27 16:25:00,0.08993,0.09002,0.08988,0.08998,1883531.124837
2026-03-27 16:30:00,0.08998,0.0901,0.08996,0.09003,645018.399587
2026-03-27 16:35:00,0.09003,0.09012,0.08994,0.09001,689339.628984
2026-03-27 16:40:00,0.08999,0.09036,0.08997,0.09032,886018.608754
2026-03-27 16:45:00,0.0903,0.0905,0.09025,0.09032,1467116.951051
2026-03-27 16:50:00,0.09031,0.09031,0.09009,0.09018,435289.574535
2026-03-27 16:55:00,0.09016,0.0902,0.09008,0.09009,141450.40396
2026-03-27 17:00:00,0.0901,0.09013,0.09001,0.09009,297407.204256
2026-03-27 17:05:00,0.09008,0.09051,0.09002,0.09028,1599684.689332
2026-03-27 17:10:00,0.09026,0.0903,0.09021,0.09029,220609.820777
2026-03-27 17:15:00,0.09029,0.09034,0.09008,0.09013,736515.906722
2026-03-27 17:20:00,0.09012,0.09012,0.08996,0.09007,1437763.437398
2026-03-27 17:25:00,0.09005,0.09008,0.08995,0.08995,320181.542043
2026-03-27 17:30:00,0.08995,0.09006,0.08994,0.09003,374683.224417
2026-03-27 17:35:00,0.08999,0.09006,0.08996,0.08998,216205.803812
2026-03-27 17:40:00,0.08998,0.09005,0.08983,0.08984,2032683.96306
2026-03-27 17:45:00,0.08983,0.08993,0.08976,0.08987,1319199.363154
2026-03-27 17:50:00,0.08984,0.08996,0.08984,0.08984,362996.290628
2026-03-27 17:55:00,0.08985,0.08991,0.08979,0.08979,471996.986889
2026-03-27 18:00:00,0.08979,0.08987,0.08974,0.08982,373488.078333
2026-03-27 18:05:00,0.08982,0.0899,0.08982,0.08985,231276.659471
2026-03-27 18:10:00,0.08984,0.08993,0.08978,0.0898,246938.038179
2026-03-27 18:15:00,0.08979,0.08997,0.08976,0.08996,294023.778429
2026-03-27 18:20:00,0.08991,0.09002,0.0895,0.08953,6315595.623718
2026-03-27 18:25:00,0.08954,0.08974,0.08948,0.0897,2111495.642771
2026-03-27 18:30:00,0.08969,0.08983,0.08962,0.08982,898790.720715
2026-03-27 18:35:00,0.08983,0.08998,0.0898,0.08989,2182205.613635
2026-03-27 18:40:00,0.08989,0.08999,0.08979,0.08987,2243841.286528
2026-03-27 18:45:00,0.08987,0.09004,0.08987,0.09002,377325.870982
2026-03-27 18:50:00,0.09002,0.09009,0.08999,0.09002,355673.360644
2026-03-27 18:55:00,0.09003,0.0901,0.09001,0.09002,137920.290581
2026-03-27 19:00:00,0.09001,0.09002,0.08986,0.08992,1348745.741612
2026-03-27 19:05:00,0.08994,0.08995,0.08979,0.08995,419458.621478
2026-03-27 19:10:00,0.08992,0.08995,0.08989,0.08994,72131.457932
2026-03-27 19:15:00,0.08996,0.09018,0.08995,0.09018,259617.383425
2026-03-27 19:20:00,0.09018,0.09032,0.09012,0.0902,530231.172867
2026-03-27 19:25:00,0.0902,0.09027,0.09014,0.09025,236339.573529
2026-03-27 19:30:00,0.09025,0.09037,0.09021,0.0903,3123142.935514
2026-03-27 19:35:00,0.09031,0.09035,0.09028,0.09031,314503.274558
2026-03-27 19:40:00,0.09031,0.09031,0.09015,0.09017,237411.750648
2026-03-27 19:45:00,0.09017,0.09019,0.09008,0.09013,73568.663454
2026-03-27 19:50:00,0.09013,0.09013,0.09,0.09002,261544.542226
2026-03-27 19:55:00,0.09003,0.09018,0.09003,0.09008,805258.851043
2026-03-27 20:00:00,0.09008,0.09026,0.09007,0.09017,465869.188541
2026-03-27 20:05:00,0.09017,0.0902,0.09008,0.09012,269499.462824
2026-03-27 20:10:00,0.09012,0.09013,0.09003,0.09009,469717.544594
2026-03-27 20:15:00,0.09012,0.09016,0.08996,0.09004,950224.867937
2026-03-27 20:20:00,0.09007,0.09007,0.08992,0.08996,293221.002215
2026-03-27 20:25:00,0.08994,0.08994,0.08965,0.08978,942043.570431
2026-03-27 20:30:00,0.08978,0.08982,0.08969,0.08973,324364.087006
2026-03-27 20:35:00,0.08973,0.08978,0.08969,0.08978,515709.131998
2026-03-27 20:40:00,0.08977,0.0899,0.08975,0.08982,139957.86146
2026-03-27 20:45:00,0.08981,0.09,0.0898,0.09,116916.081553
2026-03-27 20:50:00,0.09,0.09009,0.08997,0.09009,141925.59675
2026-03-27 20:55:00,0.0901,0.09013,0.09006,0.09007,96453.724965
2026-03-27 21:00:00,0.09008,0.09024,0.09006,0.09024,331040.168347
2026-03-27 21:05:00,0.09024,0.09028,0.09021,0.09028,436257.601826
2026-03-27 21:10:00,0.09028,0.09034,0.09027,0.09031,1270287.883899
2026-03-27 21:15:00,0.09029,0.09038,0.09019,0.09027,4507945.746699
2026-03-27 21:20:00,0.09027,0.09028,0.09016,0.09017,226636.585247
2026-03-27 21:25:00,0.09018,0.09024,0.09018,0.09019,198868.063711
2026-03-27 21:30:00,0.09025,0.09028,0.09021,0.09025,244998.944794
2026-03-27 21:35:00,0.09024,0.09024,0.09011,0.09016,345649.579724
2026-03-27 21:40:00,0.09017,0.09027,0.09012,0.09024,1120121.241306
2026-03-27 21:45:00,0.09023,0.09023,0.09012,0.09016,157128.342013
2026-03-27 21:50:00,0.09015,0.09015,0.09006,0.09009,312255.948182
2026-03-27 21:55:00,0.09007,0.09007,0.0899,0.08997,548071.701004
2026-03-27 22:00:00,0.08997,0.09006,0.08994,0.08995,396453.547796
2026-03-27 22:05:00,0.08997,0.08997,0.08986,0.08995,201142.044141
2026-03-27 22:10:00,0.08995,0.08997,0.08988,0.08991,155165.457697
2026-03-27 22:15:00,0.08992,0.08995,0.08989,0.0899,2865683.982154
2026-03-27 22:20:00,0.08991,0.08992,0.08985,0.08992,82256.913507
2026-03-27 22:25:00,0.08992,0.08993,0.08978,0.08989,177955.773162
2026-03-27 22:30:00,0.0899,0.08997,0.0899,0.08992,442718.731145
2026-03-27 22:35:00,0.08992,0.08992,0.08981,0.08986,111242.940883
2026-03-27 22:40:00,0.08987,0.08997,0.08987,0.08997,97095.299689
2026-03-27 22:45:00,0.08997,0.09004,0.08997,0.09003,573192.69001
2026-03-27 22:50:00,0.09004,0.09009,0.09001,0.09002,172729.897138
2026-03-27 22:55:00,0.09004,0.09008,0.09001,0.09002,250159.389883
2026-03-27 23:00:00,0.09002,0.09002,0.08983,0.08986,130383.007999
2026-03-27 23:05:00,0.08986,0.08986,0.08971,0.08976,757828.69672
2026-03-27 23:10:00,0.08977,0.08988,0.08977,0.08986,614429.035226
2026-03-27 23:15:00,0.08986,0.08986,0.08979,0.08985,243126.387217
2026-03-27 23:20:00,0.08983,0.09001,0.0898,0.09,436247.229657
2026-03-27 23:25:00,0.08998,0.09,0.08995,0.08999,126277.693003
2026-03-27 23:30:00,0.09001,0.09003,0.08998,0.09002,647520.722308
2026-03-27 23:35:00,0.08999,0.09002,0.08993,0.08998,281181.950505
2026-03-27 23:40:00,0.08999,0.09008,0.08995,0.09008,186389.820924
2026-03-27 23:45:00,0.09008,0.09023,0.09008,0.09018,290392.777499
2026-03-27 23:50:00,0.09016,0.09016,0.09004,0.0901,2038800.698283
2026-03-27 23:55:00,0.0901,0.09014,0.09006,0.09011,257698.541623
2026-03-28 00:00:00,0.09012,0.09017,0.09008,0.09017,568369.45008
2026-03-28 00:05:00,0.09018,0.0902,0.09011,0.09011,436873.047711
2026-03-28 00:10:00,0.09011,0.09014,0.09008,0.09008,238614.495537
2026-03-28 00:15:00,0.09009,0.09017,0.09008,0.09011,228091.064856
2026-03-28 00:20:00,0.09011,0.09017,0.0901,0.09017,494229.722124
2026-03-28 00:25:00,0.09014,0.09021,0.09014,0.09021,403658.950311
2026-03-28 00:30:00,0.09022,0.09032,0.09022,0.09028,657768.471208
2026-03-28 00:35:00,0.09028,0.09032,0.09027,0.09029,489088.140243
2026-03-28 00:40:00,0.09029,0.09032,0.09017,0.09028,2125094.409927
2026-03-28 00:45:00,0.09027,0.09028,0.09022,0.09022,311968.756315
2026-03-28 00:50:00,0.09022,0.09027,0.0902,0.09025,246244.037444
2026-03-28 00:55:00,0.09028,0.09031,0.09026,0.09029,152279.158457
2026-03-28 01:00:00,0.09029,0.09029,0.09018,0.09028,425941.731681
2026-03-28 01:05:00,0.09028,0.09032,0.09019,0.0902,536778.544039
2026-03-28 01:10:00,0.0902,0.0902,0.0899,0.08999,1437993.365757
2026-03-28 01:15:00,0.09,0.09014,0.09,0.09013,193325.391166
2026-03-28 01:20:00,0.09013,0.0902,0.09011,0.0902,508287.83433
2026-03-28 01:25:00,0.0902,0.0903,0.09019,0.0902,3188841.336509
2026-03-28 01:30:00,0.0902,0.09027,0.09019,0.09019,4596908.442346
2026-03-28 01:35:00,0.09018,0.09018,0.08997,0.0901,1142222.639744
2026-03-28 01:40:00,0.0901,0.09021,0.09008,0.09017,315213.95947
2026-03-28 01:45:00,0.09018,0.09044,0.09018,0.09038,1511068.935197
2026-03-28 01:50:00,0.09038,0.09048,0.09036,0.09045,510901.78888
2026-03-28 01:55:00,0.09045,0.09045,0.09036,0.0904,873368.83629
2026-03-28 02:00:00,0.09042,0.09066,0.09039,0.09065,2064948.605323
2026-03-28 02:05:00,0.09066,0.09068,0.09049,0.0905,357050.373977
2026-03-28 02:10:00,0.09051,0.09053,0.09041,0.09041,976157.855347
2026-03-28 02:15:00,0.09042,0.09045,0.0902,0.0903,1819152.169669
2026-03-28 02:20:00,0.09031,0.09036,0.09028,0.09034,388535.035798
2026-03-28 02:25:00,0.09034,0.09034,0.09021,0.09028,20296.034506
2026-03-28 02:30:00,0.0903,0.0903,0.09015,0.09017,703247.977052
2026-03-28 02:35:00,0.09018,0.0902,0.0901,0.09014,203414.520299
2026-03-28 02:40:00,0.09012,0.09022,0.09012,0.09021,420985.854247
2026-03-28 02:45:00,0.09021,0.09025,0.09013,0.09019,2931901.554995
2026-03-28 02:50:00,0.0902,0.09024,0.09017,0.09022,276983.620379
2026-03-28 02:55:00,0.09023,0.09026,0.09019,0.09024,622382.507198
2026-03-28 03:00:00,0.09024,0.09026,0.09011,0.09013,276779.562611
2026-03-28 03:05:00,0.09013,0.09018,0.09005,0.09006,641722.37916
2026-03-28 03:10:00,0.09006,0.09007,0.09002,0.09003,411318.85352
2026-03-28 03:15:00,0.09003,0.09009,0.09,0.09007,383608.923833
2026-03-28 03:20:00,0.09007,0.09012,0.09007,0.0901,286018.331119
2026-03-28 03:25:00,0.0901,0.0901,0.09006,0.09007,237564.970957
2026-03-28 03:30:00,0.09007,0.09009,0.09003,0.09009,138968.850794
2026-03-28 03:35:00,0.0901,0.09011,0.09,0.09,169207.133571
2026-03-28 03:40:00,0.09,0.09001,0.08996,0.08997,808336.706815
2026-03-28 03:45:00,0.08997,0.08997,0.08985,0.0899,458625.910713
2026-03-28 03:50:00,0.0899,0.08996,0.08985,0.08989,542934.920255
2026-03-28 03:55:00,0.08989,0.08991,0.08984,0.0899,2140511.70984
2026-03-28 04:00:00,0.08991,0.08993,0.08978,0.08989,377702.549656
2026-03-28 04:05:00,0.08988,0.08988,0.0897,0.08974,493163.799248
2026-03-28 04:10:00,0.08974,0.08977,0.08971,0.08973,404927.581534
2026-03-28 04:15:00,0.08973,0.09002,0.08973,0.08999,800907.730408
2026-03-28 04:20:00,0.08998,0.0901,0.08998,0.09006,763188.198323
2026-03-28 04:25:00,0.09006,0.09007,0.09002,0.09007,299077.25754
2026-03-28 04:30:00,0.09003,0.09005,0.09,0.09001,310038.709956
2026-03-28 04:35:00,0.09,0.09002,0.08996,0.08997,470928.771118
2026-03-28 04:40:00,0.08997,0.09001,0.08995,0.09001,176541.231643
2026-03-28 04:45:00,0.09002,0.09007,0.09002,0.09006,34151.619052
2026-03-28 04:50:00,0.09007,0.0901,0.09003,0.09006,259528.02421
2026-03-28 04:55:00,0.09006,0.09008,0.09,0.09004,545978.63137
2026-03-28 05:00:00,0.09005,0.09006,0.08981,0.08984,1456245.489472
2026-03-28 05:05:00,0.08984,0.0899,0.08982,0.08987,211538.234827
2026-03-28 05:10:00,0.08985,0.08989,0.08981,0.08989,332449.964236
2026-03-28 05:15:00,0.0899,0.08991,0.08984,0.08984,80307.098794
2026-03-28 05:20:00,0.08984,0.09017,0.08983,0.09012,785026.885366
2026-03-28 05:25:00,0.09011,0.09015,0.09009,0.09015,345205.453447
2026-03-28 05:30:00,0.09014,0.09016,0.0901,0.09016,67365.253725
2026-03-28 05:35:00,0.09014,0.09016,0.09013,0.09015,131587.507782
2026-03-28 05:40:00,0.09015,0.09023,0.09014,0.09023,261725.205891
2026-03-28 05:45:00,0.09023,0.09028,0.09021,0.09025,557338.339725
2026-03-28 05:50:00,0.09026,0.09032,0.09024,0.09032,792926.200155
2026-03-28 05:55:00,0.09031,0.09034,0.09025,0.09034,916190.856563
2026-03-28 06:00:00,0.09034,0.09041,0.09024,0.09024,1303372.324302
2026-03-28 06:05:00,0.09025,0.09039,0.09025,0.0903,1356535.42192
2026-03-28 06:10:00,0.0903,0.09038,0.09028,0.09038,205757.459827
2026-03-28 06:15:00,0.09038,0.09073,0.09035,0.09067,1834665.735966
2026-03-28 06:20:00,0.09066,0.09066,0.09052,0.09062,597483.459945
2026-03-28 06:25:00,0.09063,0.09063,0.09048,0.09051,1042121.93608
2026-03-28 06:30:00,0.09052,0.09058,0.0905,0.09052,241659.599564
2026-03-28 06:35:00,0.09052,0.09052,0.09047,0.0905,233839.897389
2026-03-28 06:40:00,0.09046,0.09047,0.09035,0.09035,473650.896024
2026-03-28 06:45:00,0.09035,0.09048,0.09035,0.09037,720338.065848
2026-03-28 06:50:00,0.09038,0.0904,0.09031,0.09037,4660410.046954
2026-03-28 06:55:00,0.09036,0.0904,0.09034,0.09035,215432.386452
2026-03-28 07:00:00,0.09035,0.09039,0.09032,0.09034,65044.547787
2026-03-28 07:05:00,0.09035,0.09043,0.09035,0.09043,174393.320271
2026-03-28 07:10:00,0.0904,0.09045,0.09038,0.09043,99206.07585
2026-03-28 07:15:00,0.09044,0.09057,0.09043,0.09053,239422.993689
2026-03-28 07:20:00,0.09053,0.09067,0.09052,0.09064,3761334.767851
2026-03-28 07:25:00,0.09064,0.09069,0.09056,0.0906,1035347.255107
2026-03-28 07:30:00,0.0906,0.09065,0.09058,0.09064,387216.845145
2026-03-28 07:35:00,0.09064,0.0907,0.0906,0.09068,265581.122199
2026-03-28 07:40:00,0.09069,0.09091,0.09068,0.09091,646575.701832
2026-03-28 07:45:00,0.0909,0.09091,0.09081,0.09084,962238.34884
2026-03-28 07:50:00,0.09086,0.09098,0.09083,0.09098,356858.517322
2026-03-28 07:55:00,0.09098,0.09129,0.09098,0.0912,2939289.252241
2026-03-28 08:00:00,0.09122,0.09133,0.0911,0.09132,1136623.757072
2026-03-28 08:05:00,0.09129,0.09142,0.0912,0.09122,1001350.854951
2026-03-28 08:10:00,0.09122,0.09127,0.09104,0.09107,576201.498264
2026-03-28 08:15:00,0.09107,0.0912,0.09104,0.09117,465496.237107
2026-03-28 08:20:00,0.09117,0.09123,0.09112,0.09121,716759.29552
2026-03-28 08:25:00,0.09122,0.09133,0.09121,0.09125,663492.156884
2026-03-28 08:30:00,0.09124,0.09127,0.09117,0.09118,304156.30335
2026-03-28 08:35:00,0.09119,0.0913,0.09118,0.09119,402681.889304
2026-03-28 08:40:00,0.0912,0.09127,0.09117,0.09117,1013744.259759
2026-03-28 08:45:00,0.09117,0.09121,0.09116,0.09121,402365.520206
2026-03-28 08:50:00,0.0912,0.0912,0.091,0.09105,694777.373767
2026-03-28 08:55:00,0.09104,0.09104,0.09092,0.091,857326.90979
2026-03-28 09:00:00,0.091,0.091,0.09089,0.09092,894513.311538
2026-03-28 09:05:00,0.09093,0.09094,0.09083,0.09091,276544.555551
2026-03-28 09:10:00,0.09092,0.09096,0.09088,0.09092,481692.964216
2026-03-28 09:15:00,0.09091,0.09103,0.0909,0.09101,317665.594697
2026-03-28 09:20:00,0.09102,0.09113,0.09102,0.09103,733464.038929
2026-03-28 09:25:00,0.09102,0.09109,0.09102,0.09105,221564.482401
2026-03-28 09:30:00,0.09104,0.09108,0.09095,0.09095,317440.541805
2026-03-28 09:35:00,0.09096,0.091,0.09092,0.09092,153358.889988
2026-03-28 09:40:00,0.09091,0.09096,0.0909,0.0909,281588.852602
2026-03-28 09:45:00,0.09091,0.09096,0.0909,0.09093,378586.896859
2026-03-28 09:50:00,0.09092,0.091,0.0909,0.09098,49057.959248
2026-03-28 09:55:00,0.091,0.09104,0.09099,0.09101,308713.641602
2026-03-28 10:00:00,0.09102,0.09184,0.09099,0.09177,5879244.66126
2026-03-28 10:05:00,0.09178,0.09219,0.09168,0.09171,6791100.291614
2026-03-28 10:10:00,0.09171,0.09182,0.09168,0.09174,1984789.053626
2026-03-28 10:15:00,0.09175,0.09178,0.09161,0.09161,903165.738233
2026-03-28 10:20:00,0.0916,0.09168,0.09148,0.09162,1624627.085694
2026-03-28 10:25:00,0.09162,0.09162,0.09137,0.09145,541732.112814
2026-03-28 10:30:00,0.09145,0.0916,0.09145,0.09149,1525314.293003
2026-03-28 10:35:00,0.0915,0.09152,0.09123,0.09129,1767022.683187
2026-03-28 10:40:00,0.09129,0.09136,0.09116,0.09121,611405.197721
2026-03-28 10:45:00,0.09122,0.09125,0.09112,0.09113,342708.744459
2026-03-28 10:50:00,0.09114,0.09114,0.09108,0.09112,162912.968748
2026-03-28 10:55:00,0.09111,0.09118,0.09104,0.09113,951530.967172
2026-03-28 11:00:00,0.09113,0.09132,0.09113,0.09129,476367.205079
2026-03-28 11:05:00,0.0913,0.09145,0.09125,0.09129,2083037.923325
2026-03-28 11:10:00,0.09128,0.0913,0.09118,0.09128,518190.930022
2026-03-28 11:15:00,0.09126,0.0913,0.0912,0.09123,245929.753755
2026-03-28 11:20:00,0.09121,0.09121,0.09103,0.09109,1904669.942115
2026-03-28 11:25:00,0.09108,0.09116,0.09108,0.09115,126622.93327
2026-03-28 11:30:00,0.09117,0.09117,0.09108,0.09116,190774.599574
2026-03-28 11:35:00,0.09116,0.09124,0.09113,0.09124,296628.888836
2026-03-28 11:40:00,0.09122,0.09125,0.09118,0.09122,83480.490136
2026-03-28 11:45:00,0.09122,0.09138,0.09121,0.09132,331955.901995
2026-03-28 11:50:00,0.09138,0.0915,0.09138,0.09148,410719.705501
2026-03-28 11:55:00,0.09148,0.09148,0.09134,0.09135,687537.983523
2026-03-28 12:00:00,0.09137,0.09138,0.09128,0.09129,364132.910043
2026-03-28 12:05:00,0.09128,0.09134,0.09115,0.09134,1166423.553533
2026-03-28 12:10:00,0.09133,0.09157,0.0913,0.09149,783355.527829
2026-03-28 12:15:00,0.09144,0.09173,0.09144,0.0917,891223.483603
2026-03-28 12:20:00,0.0917,0.09172,0.09155,0.09155,504923.513488
2026-03-28 12:25:00,0.09154,0.09159,0.09152,0.09153,307631.693874
2026-03-28 12:30:00,0.09153,0.09157,0.09124,0.09137,1396599.688128
2026-03-28 12:35:00,0.09138,0.09145,0.09119,0.0913,378539.109401
2026-03-28 12:40:00,0.09129,0.09138,0.09127,0.09135,298275.360967
2026-03-28 12:45:00,0.09137,0.09144,0.09136,0.09138,300326.672354
2026-03-28 12:50:00,0.09137,0.0915,0.09137,0.09138,367757.364347
2026-03-28 12:55:00,0.0914,0.09149,0.09136,0.09136,227476.527931
2026-03-28 13:00:00,0.09136,0.09142,0.09129,0.09131,155152.303718
2026-03-28 13:05:00,0.09131,0.09131,0.09125,0.09128,270255.982301
2026-03-28 13:10:00,0.0913,0.09134,0.09127,0.09131,180011.690539
2026-03-28 13:15:00,0.09132,0.09135,0.09121,0.09122,1265139.137179
2026-03-28 13:20:00,0.09123,0.09132,0.09122,0.09128,534941.392544
2026-03-28 13:25:00,0.09128,0.09138,0.0912,0.09135,345041.478039
2026-03-28 13:30:00,0.09137,0.09174,0.09137,0.09165,1866600.895327
2026-03-28 13:35:00,0.09165,0.0918,0.09158,0.09169,1076807.802981
2026-03-28 13:40:00,0.09171,0.0929,0.09171,0.0925,23152707.37995
2026-03-28 13:45:00,0.09249,0.09279,0.09238,0.09249,3950930.330272
2026-03-28 13:50:00,0.09249,0.09272,0.09226,0.09264,4857458.322138
2026-03-28 13:55:00,0.09265,0.09275,0.09259,0.0927,1998486.203298
2026-03-28 14:00:00,0.09269,0.09283,0.09255,0.0927,2559648.936769
2026-03-28 14:05:00,0.09268,0.093,0.09268,0.09283,4340028.533138
2026-03-28 14:10:00,0.09284,0.09321,0.09281,0.09302,14151447.493266
2026-03-28 14:15:00,0.09303,0.09304,0.09276,0.09304,4486958.680921
2026-03-28 14:20:00,0.09304,0.09334,0.09304,0.09306,1497215.25853
2026-03-28 14:25:00,0.09307,0.09341,0.09292,0.09318,2415607.54462
2026-03-28 14:30:00,0.0932,0.09333,0.09318,0.09325,1387994.577923
2026-03-28 14:35:00,0.0933,0.09344,0.09318,0.09339,2603810.37731
2026-03-28 14:40:00,0.09339,0.09394,0.09338,0.09377,8388635.378269
2026-03-28 14:45:00,0.09378,0.09408,0.09376,0.094,7965536.967312
2026-03-28 14:50:00,0.094,0.09402,0.09342,0.09346,5576585.684694
2026-03-28 14:55:00,0.09347,0.0937,0.09332,0.0936,2453148.229197
2026-03-28 15:00:00,0.09363,0.09389,0.09353,0.09353,3207418.279828
2026-03-28 15:05:00,0.09352,0.09397,0.09351,0.09372,3084904.652463
2026-03-28 15:10:00,0.09371,0.09405,0.0937,0.09396,3540452.203712
2026-03-28 15:15:00,0.09394,0.09499,0.0939,0.09485,12180848.729846
2026-03-28 15:20:00,0.09486,0.09535,0.0947,0.09477,25611485.317068
2026-03-28 15:25:00,0.09478,0.09482,0.09431,0.09444,5647856.513478
2026-03-28 15:30:00,0.09446,0.09478,0.09444,0.09476,6312048.297519
2026-03-28 15:35:00,0.09477,0.09479,0.09443,0.09448,2979321.740752
2026-03-28 15:40:00,0.09449,0.09452,0.09414,0.0943,7056176.859691
2026-03-28 15:45:00,0.09429,0.09429,0.09407,0.09417,1980220.062134
2026-03-28 15:50:00,0.09417,0.09428,0.09409,0.09415,4285953.288056
2026-03-28 15:55:00,0.09415,0.09418,0.09384,0.09404,3821063.781112
2026-03-28 16:00:00,0.09404,0.0943,0.09397,0.094,4407151.796211
2026-03-28 16:05:00,0.09399,0.09405,0.0938,0.09384,2230460.8927
2026-03-28 16:10:00,0.09383,0.09385,0.09362,0.09375,5949563.416019
2026-03-28 16:15:00,0.09375,0.09394,0.09368,0.09385,1793895.093415
2026-03-28 16:20:00,0.09385,0.09387,0.09362,0.09367,3177732.276321
2026-03-28 16:25:00,0.09368,0.09379,0.09363,0.09373,1028056.858699
2026-03-28 16:30:00,0.09374,0.09384,0.09366,0.09378,1060414.643642
2026-03-28 16:35:00,0.09378,0.09378,0.09311,0.09323,9159557.703838
2026-03-28 16:40:00,0.09321,0.09332,0.09312,0.09313,3590033.619956
2026-03-28 16:45:00,0.09314,0.09324,0.093,0.09317,8114794.864857
2026-03-28 16:50:00,0.09315,0.09316,0.09283,0.09293,4827766.534979
2026-03-28 16:55:00,0.09293,0.09304,0.09286,0.09286,3085351.503731
2026-03-28 17:00:00,0.09286,0.09324,0.09285,0.09322,2385591.985667
2026-03-28 17:05:00,0.09322,0.09325,0.09311,0.09311,1087451.638961
2026-03-28 17:10:00,0.0931,0.09317,0.09305,0.09315,661058.852199
2026-03-28 17:15:00,0.09315,0.09315,0.09288,0.09305,1654084.741887
2026-03-28 17:20:00,0.09306,0.09307,0.09283,0.0929,1757045.826815
2026-03-28 17:25:00,0.09291,0.09297,0.09272,0.09275,1617076.625029
2026-03-28 17:30:00,0.09274,0.09284,0.0926,0.09274,2398472.056065
2026-03-28 17:35:00,0.09274,0.09282,0.09262,0.09262,1583832.805451
2026-03-28 17:40:00,0.09263,0.09267,0.09252,0.09255,856478.357419
2026-03-28 17:45:00,0.09254,0.09255,0.09238,0.09239,978675.960818
2026-03-28 17:50:00,0.09238,0.09251,0.09232,0.09246,3142276.581361
2026-03-28 17:55:00,0.09245,0.09268,0.09244,0.09255,755720.913388
2026-03-28 18:00:00,0.09255,0.09275,0.09237,0.09275,5520257.445611
2026-03-28 18:05:00,0.09274,0.09274,0.09266,0.09273,459378.79141
2026-03-28 18:10:00,0.09274,0.0928,0.09273,0.09279,266775.060755
2026-03-28 18:15:00,0.09278,0.09279,0.09264,0.09266,605616.803094
2026-03-28 18:20:00,0.09267,0.09267,0.09248,0.09259,1240156.190162
2026-03-28 18:25:00,0.09258,0.09271,0.09252,0.09264,6232477.685462
2026-03-28 18:30:00,0.09265,0.0927,0.0926,0.09267,633377.046302
2026-03-28 18:35:00,0.09267,0.09274,0.09258,0.09264,800574.949807
2026-03-28 18:40:00,0.09261,0.09264,0.09257,0.09264,242809.074019
2026-03-28 18:45:00,0.09264,0.09266,0.0925,0.09261,681840.680588
2026-03-28 18:50:00,0.0926,0.09266,0.09258,0.09261,112819.656757
2026-03-28 18:55:00,0.09261,0.09267,0.09259,0.09259,151721.248719
2026-03-28 19:00:00,0.0926,0.09272,0.09259,0.09266,377721.777343
2026-03-28 19:05:00,0.09265,0.09265,0.09255,0.09257,424663.334924
2026-03-28 19:10:00,0.09256,0.09256,0.092,0.09206,10483206.667937
2026-03-28 19:15:00,0.09204,0.09222,0.09199,0.09218,1909533.49546
2026-03-28 19:20:00,0.09217,0.09221,0.09214,0.09214,342932.330075
2026-03-28 19:25:00,0.09215,0.09215,0.09208,0.09209,674299.439167
2026-03-28 19:30:00,0.0921,0.09226,0.0921,0.09224,782737.928569
2026-03-28 19:35:00,0.09224,0.09231,0.09223,0.09228,970825.112119
2026-03-28 19:40:00,0.09229,0.09232,0.09225,0.09227,710381.941839
2026-03-28 19:45:00,0.0923,0.09232,0.09216,0.09216,407836.457951
2026-03-28 19:50:00,0.09216,0.0922,0.09214,0.0922,556027.273384
2026-03-28 19:55:00,0.09221,0.09228,0.09217,0.09228,258604.017633
2026-03-28 20:00:00,0.09228,0.09246,0.09225,0.09235,930556.392307
2026-03-28 20:05:00,0.09235,0.09239,0.0923,0.09234,295532.216176
2026-03-28 20:10:00,0.09236,0.09241,0.09228,0.09235,156907.051474
2026-03-28 20:15:00,0.09237,0.0924,0.09221,0.09221,535072.339842
2026-03-28 20:20:00,0.09221,0.09236,0.09216,0.09216,1447548.919428
2026-03-28 20:25:00,0.09216,0.09223,0.09216,0.09222,198358.88054
2026-03-28 20:30:00,0.09223,0.09227,0.09214,0.09214,983513.301302
2026-03-28 20:35:00,0.09213,0.09216,0.09207,0.09212,908269.468581
2026-03-28 20:40:00,0.0921,0.09213,0.09202,0.09205,607409.362233
2026-03-28 20:45:00,0.09206,0.09218,0.09206,0.09216,1365976.01817
2026-03-28 20:50:00,0.09216,0.09227,0.09216,0.09225,163352.114545
2026-03-28 20:55:00,0.09225,0.09228,0.09224,0.09227,189467.590175
2026-03-28 21:00:00,0.09227,0.09229,0.09226,0.09229,24869.036312
2026-03-28 21:05:00,0.0923,0.09233,0.0922,0.0922,750543.699628
2026-03-28 21:10:00,0.0922,0.09225,0.09211,0.09215,4007768.777769
2026-03-28 21:15:00,0.09215,0.09222,0.09205,0.09212,393689.966591
2026-03-28 21:20:00,0.09212,0.09212,0.09194,0.09204,969124.089653
2026-03-28 21:25:00,0.09204,0.09209,0.09202,0.09209,101100.933997
2026-03-28 21:30:00,0.09211,0.09211,0.09191,0.09194,663785.635122
2026-03-28 21:35:00,0.09194,0.09212,0.09188,0.09209,732982.668965
2026-03-28 21:40:00,0.0921,0.09218,0.09207,0.09217,374981.313287
2026-03-28 21:45:00,0.09216,0.09218,0.0921,0.0921,1337535.418684
2026-03-28 21:50:00,0.09209,0.09212,0.0916,0.09184,1824092.704001
2026-03-28 21:55:00,0.09184,0.0919,0.09172,0.09181,521763.268955
2026-03-28 22:00:00,0.0918,0.09185,0.09167,0.09175,635619.603257
2026-03-28 22:05:00,0.09176,0.09183,0.09164,0.09164,768642.169519
2026-03-28 22:10:00,0.09164,0.09171,0.09159,0.09159,508838.568946
2026-03-28 22:15:00,0.09159,0.09175,0.09143,0.09171,1904269.381679
2026-03-28 22:20:00,0.09171,0.09187,0.09171,0.09183,262204.782231
2026-03-28 22:25:00,0.09182,0.09185,0.09179,0.09183,651088.081124
2026-03-28 22:30:00,0.09183,0.09183,0.09172,0.09173,363279.488372
2026-03-28 22:35:00,0.09172,0.09174,0.09165,0.09171,1211633.571863
2026-03-28 22:40:00,0.09165,0.09167,0.09157,0.09157,274038.685063
2026-03-28 22:45:00,0.09157,0.09169,0.09157,0.09167,397356.827101
2026-03-28 22:50:00,0.09164,0.09173,0.09164,0.09173,170824.529385
2026-03-28 22:55:00,0.09171,0.09172,0.09162,0.09169,907952.284138
2026-03-28 23:00:00,0.09169,0.09169,0.09154,0.09157,246889.928259
2026-03-28 23:05:00,0.09156,0.09157,0.0908,0.09104,8659344.979233
2026-03-28 23:10:00,0.09101,0.09105,0.0904,0.09078,12965500.77695
2026-03-28 23:15:00,0.09079,0.09086,0.09067,0.09075,1265128.405555
2026-03-28 23:20:00,0.09073,0.09105,0.09073,0.09101,749736.776556
2026-03-28 23:25:00,0.09101,0.09106,0.09096,0.09097,290835.161155
2026-03-28 23:30:00,0.09096,0.09104,0.09093,0.091,1124967.65455
2026-03-28 23:35:00,0.09101,0.09101,0.09088,0.09088,645359.601028
2026-03-28 23:40:00,0.09094,0.09103,0.09081,0.09083,968147.514545
2026-03-28 23:45:00,0.09082,0.0909,0.09075,0.09085,1536677.946281
2026-03-28 23:50:00,0.09086,0.09098,0.09086,0.09092,243904.750034
2026-03-28 23:55:00,0.09092,0.09102,0.09091,0.09099,369274.060494
2026-03-29 00:00:00,0.09099,0.09104,0.0909,0.0909,1072871.963037
2026-03-29 00:05:00,0.09092,0.09095,0.09077,0.09077,951542.973394
2026-03-29 00:10:00,0.09078,0.09094,0.09077,0.0908,332804.637538
2026-03-29 00:15:00,0.0908,0.09087,0.09077,0.09083,2009602.774057
2026-03-29 00:20:00,0.09083,0.09085,0.09056,0.09065,3988775.929319
2026-03-29 00:25:00,0.09067,0.09072,0.0906,0.09069,1318333.456295
2026-03-29 00:30:00,0.09069,0.09088,0.09064,0.09078,718067.24207
2026-03-29 00:35:00,0.09078,0.0908,0.09064,0.09069,753648.050474
2026-03-29 00:40:00,0.09069,0.09077,0.09065,0.09075,898137.658961
2026-03-29 00:45:00,0.09077,0.09083,0.09076,0.09082,248191.653194
2026-03-29 00:50:00,0.09083,0.09096,0.09076,0.09076,433679.698889
2026-03-29 00:55:00,0.09077,0.09093,0.09077,0.09093,596228.823494
2026-03-29 01:00:00,0.09092,0.09095,0.09076,0.09092,2333422.420008
2026-03-29 01:05:00,0.09093,0.09116,0.09093,0.09095,2803817.903841
2026-03-29 01:10:00,0.09096,0.09108,0.09096,0.09105,1625079.613624
2026-03-29 01:15:00,0.09105,0.09117,0.091,0.09104,1821266.35546
2026-03-29 01:20:00,0.09104,0.09128,0.09104,0.09117,1310175.206162
2026-03-29 01:25:00,0.09116,0.09126,0.09116,0.09126,316059.778595
2026-03-29 01:30:00,0.09126,0.09128,0.09109,0.09111,503116.935668
2026-03-29 01:35:00,0.09111,0.09112,0.09087,0.09091,893007.25934
2026-03-29 01:40:00,0.0909,0.09108,0.09089,0.09107,1186020.756845
2026-03-29 01:45:00,0.09107,0.09114,0.09095,0.09114,322473.652621
2026-03-29 01:50:00,0.09114,0.0912,0.09108,0.09108,849750.462432
2026-03-29 01:55:00,0.09107,0.09111,0.09105,0.09111,655833.97182
2026-03-29 02:00:00,0.09112,0.09112,0.09095,0.091,714364.164523
2026-03-29 02:05:00,0.091,0.09109,0.091,0.09105,373913.44948
2026-03-29 02:10:00,0.09105,0.0911,0.09103,0.09109,819547.715519
2026-03-29 02:15:00,0.09109,0.09114,0.09099,0.09103,394485.232896
2026-03-29 02:20:00,0.09103,0.09113,0.091,0.09105,1094787.643949
2026-03-29 02:25:00,0.09107,0.09116,0.09107,0.09115,288601.314169
2026-03-29 02:30:00,0.09115,0.09115,0.09102,0.09112,523710.649906
2026-03-29 02:35:00,0.09111,0.09132,0.0911,0.09125,1184323.668007
2026-03-29 02:40:00,0.09124,0.09128,0.09122,0.09126,564747.116295
2026-03-29 02:45:00,0.09126,0.09128,0.09117,0.09128,214767.747558
2026-03-29 02:50:00,0.09129,0.09141,0.09129,0.09138,1378343.13325
2026-03-29 02:55:00,0.09136,0.09136,0.09121,0.09122,894887.831405
2026-03-29 03:00:00,0.09123,0.09124,0.09113,0.09118,1512356.914893
2026-03-29 03:05:00,0.09117,0.09118,0.09108,0.09112,1157324.742634
2026-03-29 03:10:00,0.09112,0.09118,0.09108,0.0911,1417298.512974
2026-03-29 03:15:00,0.09108,0.09167,0.09107,0.09152,3375630.72247
2026-03-29 03:20:00,0.09152,0.0916,0.09143,0.09151,1679770.966422
2026-03-29 03:25:00,0.0915,0.09157,0.0915,0.09154,1427290.758133
2026-03-29 03:30:00,0.09153,0.09157,0.0914,0.0914,1141127.735405
2026-03-29 03:35:00,0.0914,0.09147,0.09137,0.09143,422058.405299
2026-03-29 03:40:00,0.09145,0.09146,0.09135,0.09138,203961.298755
2026-03-29 03:45:00,0.09139,0.09142,0.09133,0.09142,425168.067674
2026-03-29 03:50:00,0.09143,0.09149,0.0914,0.09146,664108.064627
2026-03-29 03:55:00,0.09146,0.09148,0.09141,0.09144,402437.787331
2026-03-29 04:00:00,0.09145,0.09145,0.09127,0.09133,275454.938924
2026-03-29 04:05:00,0.09132,0.09133,0.09125,0.09126,195630.853704
2026-03-29 04:10:00,0.09127,0.09128,0.09124,0.09127,697583.801051
2026-03-29 04:15:00,0.09126,0.09126,0.09115,0.09115,616916.921421
2026-03-29 04:20:00,0.09117,0.09127,0.09103,0.0912,673369.108735
2026-03-29 04:25:00,0.0912,0.09123,0.09116,0.0912,136419.652942
2026-03-29 04:30:00,0.09121,0.09125,0.09114,0.09123,249878.856678
2026-03-29 04:35:00,0.09122,0.09125,0.09118,0.09119,156454.338601
2026-03-29 04:40:00,0.09119,0.09126,0.09119,0.09123,460711.345424
2026-03-29 04:45:00,0.09123,0.09125,0.09115,0.09119,363038.762201
2026-03-29 04:50:00,0.09119,0.09121,0.09112,0.09121,347662.499527
2026-03-29 04:55:00,0.09119,0.0912,0.09107,0.09108,1546360.421209
2026-03-29 05:00:00,0.09108,0.09109,0.09101,0.09102,955966.003044
2026-03-29 05:05:00,0.09102,0.09102,0.0909,0.09094,1211561.334333
2026-03-29 05:10:00,0.09095,0.09098,0.09089,0.0909,642056.044193
2026-03-29 05:15:00,0.0909,0.09102,0.09071,0.09102,1753878.55037
2026-03-29 05:20:00,0.09102,0.09102,0.09082,0.09091,513359.963147
2026-03-29 05:25:00,0.09091,0.09106,0.09085,0.091,2531239.542312
2026-03-29 05:30:00,0.09099,0.09107,0.09097,0.091,642542.871751
2026-03-29 05:35:00,0.091,0.09103,0.09094,0.09099,240233.446036
2026-03-29 05:40:00,0.09097,0.09101,0.09096,0.09099,210262.70992
2026-03-29 05:45:00,0.091,0.09102,0.09096,0.09097,219433.184538
2026-03-29 05:50:00,0.09099,0.09114,0.09099,0.09108,519210.857229
2026-03-29 05:55:00,0.09108,0.0911,0.09106,0.09107,494830.445036
2026-03-29 06:00:00,0.09105,0.09116,0.09095,0.09108,724223.066005
2026-03-29 06:05:00,0.09111,0.09112,0.09102,0.09106,169605.885098
2026-03-29 06:10:00,0.09105,0.09115,0.09102,0.09114,1363795.019966
2026-03-29 06:15:00,0.09112,0.09118,0.09109,0.09113,116353.085803
2026-03-29 06:20:00,0.09112,0.09113,0.09103,0.09103,145442.214218
2026-03-29 06:25:00,0.09102,0.09104,0.09098,0.09104,416247.682815
2026-03-29 06:30:00,0.09105,0.0911,0.09102,0.09109,79817.38729
2026-03-29 06:35:00,0.09108,0.09114,0.09107,0.09109,181751.818032
2026-03-29 06:40:00,0.09109,0.09119,0.09109,0.09118,49651.281598
2026-03-29 06:45:00,0.09118,0.09149,0.09118,0.0914,1777148.419408
2026-03-29 06:50:00,0.09141,0.09147,0.09135,0.09146,492274.483213
2026-03-29 06:55:00,0.09146,0.09146,0.09134,0.09139,702166.98979
2026-03-29 07:00:00,0.09137,0.09137,0.09113,0.0912,392353.94354
2026-03-29 07:05:00,0.09122,0.09122,0.09101,0.09104,673979.207837
2026-03-29 07:10:00,0.09104,0.09111,0.09103,0.09104,254681.117678
2026-03-29 07:15:00,0.09103,0.09117,0.09101,0.09116,297394.337987
2026-03-29 07:20:00,0.09116,0.09116,0.0911,0.0911,224393.136907
2026-03-29 07:25:00,0.0911,0.09118,0.09109,0.09118,233214.678877
2026-03-29 07:30:00,0.09119,0.09124,0.09118,0.09118,85716.010614
2026-03-29 07:35:00,0.09119,0.09124,0.09118,0.09118,172455.950626
2026-03-29 07:40:00,0.09118,0.09119,0.09114,0.09119,583665.81708
2026-03-29 07:45:00,0.09118,0.09119,0.09107,0.09119,89043.302522
2026-03-29 07:50:00,0.0912,0.09134,0.0912,0.09124,1275152.856978
2026-03-29 07:55:00,0.09122,0.09127,0.0912,0.0912,147353.72082
2026-03-29 08:00:00,0.0912,0.09123,0.09112,0.09123,127916.508996
2026-03-29 08:05:00,0.09123,0.09129,0.09118,0.0912,1081708.941139
2026-03-29 08:10:00,0.0912,0.09124,0.09107,0.09119,871773.081398
2026-03-29 08:15:00,0.09118,0.09122,0.09112,0.09117,159000.263406
2026-03-29 08:20:00,0.09116,0.09121,0.09113,0.0912,137329.440311
2026-03-29 08:25:00,0.09121,0.09128,0.09121,0.09126,99490.430911
2026-03-29 08:30:00,0.09127,0.09137,0.09127,0.09129,223804.709785
2026-03-29 08:35:00,0.09129,0.09133,0.09129,0.09131,31024.763636
2026-03-29 08:40:00,0.09129,0.09129,0.09123,0.09124,159736.451977
2026-03-29 08:45:00,0.09124,0.09127,0.09118,0.09124,394567.902388
2026-03-29 08:50:00,0.09126,0.09126,0.0911,0.09116,770134.236969
2026-03-29 08:55:00,0.09116,0.09117,0.09114,0.09115,197085.910903
2026-03-29 09:00:00,0.09115,0.09115,0.09107,0.09107,325583.294624
2026-03-29 09:05:00,0.09106,0.09109,0.09092,0.09106,1677351.484337
2026-03-29 09:10:00,0.09105,0.09106,0.09102,0.09102,85170.690149
2026-03-29 09:15:00,0.09106,0.09115,0.09105,0.0911,436901.388121
2026-03-29 09:20:00,0.09108,0.09108,0.09103,0.09104,187443.620584
2026-03-29 09:25:00,0.09106,0.09109,0.09105,0.09109,41030.031229
2026-03-29 09:30:00,0.09108,0.09114,0.09081,0.0909,3015437.645433
2026-03-29 09:35:00,0.09089,0.091,0.09088,0.09092,586839.191458
2026-03-29 09:40:00,0.0909,0.09091,0.09083,0.09086,729192.890112
2026-03-29 09:45:00,0.09086,0.09094,0.09086,0.09091,846104.530538
2026-03-29 09:50:00,0.09091,0.09097,0.09089,0.09096,639319.46158
2026-03-29 09:55:00,0.09097,0.09099,0.09092,0.09095,189761.673647
2026-03-29 10:00:00,0.09093,0.09093,0.09079,0.0908,529847.200603
2026-03-29 10:05:00,0.09082,0.09086,0.09077,0.09084,341479.021211
2026-03-29 10:10:00,0.09084,0.09087,0.09076,0.09078,553167.192369
2026-03-29 10:15:00,0.09078,0.09079,0.09056,0.09062,5977725.018591
2026-03-29 10:20:00,0.09064,0.09068,0.09055,0.09059,942623.146724
2026-03-29 10:25:00,0.09059,0.09066,0.0905,0.09051,976782.784218
2026-03-29 10:30:00,0.09051,0.09062,0.09042,0.09042,1663705.83279
2026-03-29 10:35:00,0.09043,0.09067,0.09041,0.09064,994097.629393
2026-03-29 10:40:00,0.09063,0.09067,0.0906,0.09062,495790.153738
2026-03-29 10:45:00,0.0906,0.09065,0.09058,0.09063,844086.266177
2026-03-29 10:50:00,0.09062,0.09066,0.09061,0.09063,241162.875647
2026-03-29 10:55:00,0.09062,0.09068,0.09062,0.09065,554188.256519
2026-03-29 11:00:00,0.09065,0.09103,0.09063,0.09103,2031887.822675
2026-03-29 11:05:00,0.09103,0.09128,0.09095,0.09106,678765.428266
2026-03-29 11:10:00,0.09107,0.09113,0.09101,0.09102,486768.050608
2026-03-29 11:15:00,0.09102,0.09105,0.09091,0.09105,319660.623277
2026-03-29 11:20:00,0.09106,0.09111,0.09096,0.09099,85387.786049
2026-03-29 11:25:00,0.09099,0.09113,0.09099,0.09105,3659674.377662
2026-03-29 11:30:00,0.09106,0.09116,0.09103,0.09109,517033.480354
2026-03-29 11:35:00,0.0911,0.0912,0.0911,0.09113,267156.731022
2026-03-29 11:40:00,0.09112,0.09115,0.09109,0.09112,246105.93794
2026-03-29 11:45:00,0.09112,0.09123,0.09102,0.09102,849484.298524
2026-03-29 11:50:00,0.09104,0.0911,0.09102,0.09102,226196.391213
2026-03-29 11:55:00,0.09101,0.09102,0.09096,0.09096,315067.561454
2026-03-29 12:00:00,0.09097,0.09097,0.09087,0.09089,943751.514184
2026-03-29 12:05:00,0.09087,0.09093,0.09085,0.09085,165006.129966
2026-03-29 12:10:00,0.09086,0.0909,0.0908,0.0908,998145.124945
2026-03-29 12:15:00,0.0908,0.0909,0.09075,0.09086,718369.251386
2026-03-29 12:20:00,0.09087,0.09087,0.09081,0.09084,687670.344335
2026-03-29 12:25:00,0.09084,0.09087,0.09081,0.09082,440519.137662
2026-03-29 12:30:00,0.09081,0.09087,0.09064,0.09065,912181.206888
2026-03-29 12:35:00,0.09066,0.09078,0.09066,0.09072,159895.721898
2026-03-29 12:40:00,0.09072,0.09077,0.09067,0.09068,289318.841826
2026-03-29 12:45:00,0.09068,0.09082,0.09065,0.09082,132028.024611
2026-03-29 12:50:00,0.09083,0.09096,0.09083,0.09094,422334.660218
2026-03-29 12:55:00,0.09095,0.09095,0.09092,0.09094,153139.656388
2026-03-29 13:00:00,0.09094,0.09094,0.09085,0.09088,495166.212745
2026-03-29 13:05:00,0.09085,0.09086,0.09021,0.0903,6451140.078567
2026-03-29 13:10:00,0.0903,0.09043,0.09028,0.09039,1789870.918015
2026-03-29 13:15:00,0.09038,0.09048,0.09028,0.09047,1693234.767586
2026-03-29 13:20:00,0.09046,0.09059,0.09043,0.09052,1228715.133344
2026-03-29 13:25:00,0.09055,0.09059,0.09048,0.09052,368824.537855
2026-03-29 13:30:00,0.09052,0.0906,0.0905,0.09054,277165.413094
2026-03-29 13:35:00,0.09051,0.09055,0.09044,0.09055,496530.632524
2026-03-29 13:40:00,0.09055,0.09056,0.09047,0.0905,2125230.833335
2026-03-29 13:45:00,0.0905,0.09054,0.09035,0.09049,2677498.057209
2026-03-29 13:50:00,0.09049,0.0905,0.09043,0.09044,171052.949242
2026-03-29 13:55:00,0.09044,0.09047,0.09029,0.09034,1216013.214125
2026-03-29 14:00:00,0.09036,0.09037,0.09015,0.09026,1711191.633634
2026-03-29 14:05:00,0.09026,0.09026,0.09014,0.0902,868480.465909
2026-03-29 14:10:00,0.0902,0.0908,0.0902,0.09055,3615119.551849
2026-03-29 14:15:00,0.09055,0.09062,0.09055,0.09055,1527987.960737
2026-03-29 14:20:00,0.09054,0.09059,0.09037,0.0904,810160.445176
2026-03-29 14:25:00,0.09039,0.09039,0.09028,0.09034,1009936.229854
2026-03-29 14:30:00,0.0903,0.09047,0.0903,0.09046,376127.002166
2026-03-29 14:35:00,0.09045,0.09051,0.09042,0.09043,385953.281688
2026-03-29 14:40:00,0.09044,0.0905,0.09041,0.0905,596380.19543
2026-03-29 14:45:00,0.09049,0.0905,0.09031,0.09041,1257504.584052
2026-03-29 14:50:00,0.09042,0.09043,0.09033,0.09035,808777.750429
2026-03-29 14:55:00,0.09035,0.09046,0.09035,0.09044,5574923.362028
2026-03-29 15:00:00,0.09044,0.09063,0.09044,0.09053,2473785.424071
2026-03-29 15:05:00,0.09052,0.09067,0.09052,0.09055,2014440.825004
2026-03-29 15:10:00,0.09053,0.09061,0.09041,0.09061,4526525.825539
2026-03-29 15:15:00,0.09062,0.09077,0.09051,0.09055,1997027.433326
2026-03-29 15:20:00,0.09052,0.09062,0.09035,0.09046,6867049.925861
2026-03-29 15:25:00,0.09046,0.09046,0.09004,0.0902,9276499.440088
2026-03-29 15:30:00,0.0902,0.0903,0.0901,0.09023,2903284.793257
2026-03-29 15:35:00,0.09021,0.09025,0.09012,0.09017,2664297.208747
2026-03-29 15:40:00,0.09016,0.09025,0.09014,0.09022,1346325.851444
2026-03-29 15:45:00,0.09022,0.09029,0.09022,0.09023,783906.075318
2026-03-29 15:50:00,0.09024,0.09026,0.09012,0.09025,995517.595292
2026-03-29 15:55:00,0.09022,0.09022,0.09017,0.09018,337032.212843
2026-03-29 16:00:00,0.09019,0.09021,0.09012,0.09016,1487423.134857
2026-03-29 16:05:00,0.09015,0.0903,0.09012,0.0903,1436918.357275
2026-03-29 16:10:00,0.09031,0.09034,0.09018,0.09018,544454.723036
2026-03-29 16:15:00,0.09019,0.09048,0.09016,0.09043,2939382.554958
2026-03-29 16:20:00,0.09044,0.0905,0.09036,0.09036,1631385.220173
2026-03-29 16:25:00,0.09037,0.09043,0.09035,0.09035,991735.7025
2026-03-29 16:30:00,0.09036,0.09036,0.09021,0.09026,1549017.393459
2026-03-29 16:35:00,0.09026,0.09026,0.09016,0.09021,1799438.9199
2026-03-29 16:40:00,0.09022,0.09024,0.09018,0.09021,1221071.036044
2026-03-29 16:45:00,0.0902,0.09024,0.09015,0.09022,742787.56908
2026-03-29 16:50:00,0.09023,0.09028,0.09016,0.09018,566932.755104
2026-03-29 16:55:00,0.09019,0.09024,0.09019,0.09019,497662.427129
2026-03-29 17:00:00,0.09021,0.09029,0.09017,0.09029,404179.261363
2026-03-29 17:05:00,0.0903,0.09044,0.0903,0.09043,2618651.507008
2026-03-29 17:10:00,0.09043,0.09043,0.09023,0.09025,1740977.204017
2026-03-29 17:15:00,0.09025,0.09026,0.09015,0.0902,633686.495557
2026-03-29 17:20:00,0.09021,0.09021,0.08992,0.09011,9449472.15703
2026-03-29 17:25:00,0.09011,0.09019,0.0901,0.09012,1922558.028866
2026-03-29 17:30:00,0.09013,0.09019,0.09011,0.09018,523603.929141
2026-03-29 17:35:00,0.09016,0.0902,0.09014,0.09016,333228.437551
2026-03-29 17:40:00,0.09016,0.09037,0.09015,0.09034,996087.401451
2026-03-29 17:45:00,0.09035,0.09036,0.09031,0.09033,835004.121081
2026-03-29 17:50:00,0.09034,0.09043,0.09033,0.09038,269090.33682
2026-03-29 17:55:00,0.09037,0.09041,0.09037,0.09041,145074.035048
2026-03-29 18:00:00,0.09042,0.09042,0.09025,0.09026,690965.370199
2026-03-29 18:05:00,0.09025,0.09031,0.09021,0.09031,165645.89528
2026-03-29 18:10:00,0.09031,0.09044,0.09031,0.09044,273753.025533
2026-03-29 18:15:00,0.09043,0.09055,0.09041,0.09047,1974950.024712
2026-03-29 18:20:00,0.09045,0.09051,0.09037,0.09047,554123.894066
2026-03-29 18:25:00,0.09048,0.09054,0.09048,0.09051,159476.312547
2026-03-29 18:30:00,0.09052,0.09056,0.0905,0.09051,189704.024173
2026-03-29 18:35:00,0.09052,0.09085,0.09052,0.09074,906440.162468
2026-03-29 18:40:00,0.09073,0.09075,0.09066,0.09069,396641.394087
2026-03-29 18:45:00,0.09068,0.09068,0.09058,0.09059,515320.229473
2026-03-29 18:50:00,0.09059,0.09063,0.09059,0.09063,340932.907217
2026-03-29 18:55:00,0.09064,0.09067,0.09058,0.0906,280542.732729
2026-03-29 19:00:00,0.09061,0.09063,0.09046,0.09052,396371.461885
2026-03-29 19:05:00,0.09052,0.09057,0.09049,0.09049,297965.402994
2026-03-29 19:10:00,0.0905,0.09051,0.09046,0.09048,94494.8041
2026-03-29 19:15:00,0.09046,0.09056,0.09044,0.09056,244507.494452
2026-03-29 19:20:00,0.09056,0.09065,0.09055,0.09059,558806.991567
2026-03-29 19:25:00,0.09057,0.09059,0.0905,0.09051,103452.418238
2026-03-29 19:30:00,0.09052,0.09069,0.09052,0.09065,2968295.258688
2026-03-29 19:35:00,0.09065,0.09065,0.0905,0.09064,1400565.425266
2026-03-29 19:40:00,0.09064,0.09065,0.09055,0.09064,274332.832832
2026-03-29 19:45:00,0.09065,0.09072,0.09061,0.09065,1281197.709061
2026-03-29 19:50:00,0.09064,0.09064,0.09056,0.0906,212420.728818
2026-03-29 19:55:00,0.0906,0.09065,0.09059,0.09065,266315.216901
2026-03-29 20:00:00,0.09065,0.09084,0.09064,0.09083,205352.622838
2026-03-29 20:05:00,0.09082,0.0909,0.09082,0.09082,546479.066173
2026-03-29 20:10:00,0.09082,0.09084,0.0908,0.09082,194424.273525
2026-03-29 20:15:00,0.09083,0.09094,0.09082,0.09087,621141.035113
2026-03-29 20:20:00,0.09088,0.09149,0.09087,0.09126,2079506.400305
2026-03-29 20:25:00,0.09125,0.09129,0.09122,0.09124,343507.626469
2026-03-29 20:30:00,0.09126,0.09127,0.09112,0.09113,247241.760761
2026-03-29 20:35:00,0.09113,0.09115,0.09107,0.09115,325770.907006
2026-03-29 20:40:00,0.09116,0.09118,0.09108,0.09108,152693.284559
2026-03-29 20:45:00,0.09107,0.09112,0.09103,0.09105,275060.86586
2026-03-29 20:50:00,0.09104,0.09104,0.09097,0.09098,209107.194563
2026-03-29 20:55:00,0.09098,0.09106,0.09097,0.09104,281602.05409
2026-03-29 21:00:00,0.09105,0.09124,0.09105,0.09113,1043239.773719
2026-03-29 21:05:00,0.09112,0.09112,0.09106,0.09107,116099.053721
2026-03-29 21:10:00,0.09107,0.09124,0.09107,0.09116,1855065.951346
2026-03-29 21:15:00,0.09116,0.09124,0.09116,0.09121,168074.678549
2026-03-29 21:20:00,0.09122,0.09144,0.09122,0.09143,137288.169538
2026-03-29 21:25:00,0.0914,0.0914,0.09136,0.09137,649211.781337
2026-03-29 21:30:00,0.09136,0.09148,0.09134,0.09144,913993.676502
2026-03-29 21:35:00,0.09144,0.09155,0.09137,0.09137,898839.926586
2026-03-29 21:40:00,0.09136,0.09142,0.09132,0.09142,409430.350161
2026-03-29 21:45:00,0.09143,0.0915,0.09134,0.09143,301597.090633
2026-03-29 21:50:00,0.09144,0.09149,0.09139,0.09149,172289.03723
2026-03-29 21:55:00,0.09149,0.09153,0.09134,0.09134,488794.634734
2026-03-29 22:00:00,0.09135,0.09135,0.09078,0.09088,2782363.043261
2026-03-29 22:05:00,0.09088,0.09088,0.09061,0.09083,1432066.627796
2026-03-29 22:10:00,0.09082,0.0909,0.09054,0.09069,1380486.436141
2026-03-29 22:15:00,0.09066,0.09079,0.09063,0.09076,416224.248287
2026-03-29 22:20:00,0.09075,0.09107,0.09073,0.09086,673028.775176
2026-03-29 22:25:00,0.09084,0.09084,0.09073,0.0908,684376.75255
2026-03-29 22:30:00,0.09079,0.0908,0.09068,0.0907,332592.1984
2026-03-29 22:35:00,0.0907,0.09071,0.09046,0.09053,1817733.842855
2026-03-29 22:40:00,0.09053,0.09053,0.08946,0.08965,14110173.211914
2026-03-29 22:45:00,0.08964,0.0897,0.08789,0.08829,58199832.623153
2026-03-29 22:50:00,0.08828,0.08942,0.08811,0.08938,9323652.88655
2026-03-29 22:55:00,0.08938,0.09021,0.08932,0.08991,4850870.464898
2026-03-29 23:00:00,0.08996,0.09061,0.08985,0.09012,16749314.225604
2026-03-29 23:05:00,0.09012,0.09034,0.09005,0.09027,1921969.871185
2026-03-29 23:10:00,0.09026,0.09039,0.0902,0.09032,1668287.274503
2026-03-29 23:15:00,0.09032,0.09054,0.09026,0.0903,1349137.18643
2026-03-29 23:20:00,0.0903,0.09071,0.0903,0.09047,1344237.480052
2026-03-29 23:25:00,0.09047,0.09052,0.09032,0.09042,3309673.089383
2026-03-29 23:30:00,0.0904,0.09052,0.09018,0.09023,2329828.999776
2026-03-29 23:35:00,0.09024,0.09033,0.09013,0.09031,1528503.370809
2026-03-29 23:40:00,0.0903,0.09046,0.0903,0.0904,1102280.113907
2026-03-29 23:45:00,0.09042,0.09077,0.09042,0.09045,3642629.405251
2026-03-29 23:50:00,0.09046,0.0905,0.09023,0.09049,2881116.203926
2026-03-29 23:55:00,0.09048,0.09049,0.09041,0.09044,1275207.698807
2026-03-30 00:00:00,0.09046,0.0906,0.09032,0.09032,703303.235367
2026-03-30 00:05:00,0.09031,0.09058,0.09027,0.09046,1429472.48022
2026-03-30 00:10:00,0.09045,0.09057,0.09042,0.09045,2402166.636395
2026-03-30 00:15:00,0.09045,0.09201,0.09039,0.09194,14374056.423357
2026-03-30 00:20:00,0.09194,0.09221,0.09141,0.09144,5177538.091381
2026-03-30 00:25:00,0.09144,0.09179,0.09138,0.09143,3839343.85241
2026-03-30 00:30:00,0.09142,0.09164,0.09121,0.09128,1624674.97414
2026-03-30 00:35:00,0.09124,0.09132,0.09092,0.09096,1470225.880104
2026-03-30 00:40:00,0.09097,0.09105,0.09084,0.09103,2654479.956859
2026-03-30 00:45:00,0.09103,0.09122,0.09099,0.09118,1753058.583175
2026-03-30 00:50:00,0.09118,0.09118,0.09096,0.0911,481212.137529
2026-03-30 00:55:00,0.0911,0.09139,0.0911,0.09128,723991.989992
2026-03-30 01:00:00,0.09129,0.09192,0.09128,0.0917,1044592.625443
2026-03-30 01:05:00,0.09171,0.09187,0.09158,0.09163,1856489.122629
2026-03-30 01:10:00,0.09163,0.09174,0.09154,0.09163,3126289.939152
2026-03-30 01:15:00,0.09166,0.09183,0.09156,0.09166,1775521.575612
2026-03-30 01:20:00,0.09169,0.09169,0.0914,0.09142,349656.385151
2026-03-30 01:25:00,0.09141,0.09168,0.0914,0.09154,543492.599318
2026-03-30 01:30:00,0.09154,0.09179,0.09148,0.09174,736169.057687
2026-03-30 01:35:00,0.09172,0.09174,0.0915,0.09156,1812278.010276
2026-03-30 01:40:00,0.09156,0.09157,0.09139,0.09156,349460.85782
2026-03-30 01:45:00,0.09158,0.09182,0.09155,0.0917,1244215.40434
2026-03-30 01:50:00,0.0917,0.0917,0.09152,0.09156,433022.080774
2026-03-30 01:55:00,0.09155,0.09168,0.09154,0.09157,204876.459913
2026-03-30 02:00:00,0.09158,0.09185,0.09158,0.09162,1752928.514762
2026-03-30 02:05:00,0.09163,0.09196,0.09153,0.09172,2006420.208177
2026-03-30 02:10:00,0.09173,0.092,0.09171,0.09198,641809.810066
2026-03-30 02:15:00,0.092,0.09208,0.09181,0.09187,1735519.70442
2026-03-30 02:20:00,0.09187,0.09187,0.09168,0.09174,1523586.483012
2026-03-30 02:25:00,0.09173,0.09175,0.09164,0.09169,350990.311419
2026-03-30 02:30:00,0.0917,0.09176,0.09161,0.09165,118970.387352
2026-03-30 02:35:00,0.09166,0.09167,0.09152,0.09158,300058.791148
2026-03-30 02:40:00,0.09159,0.09204,0.09154,0.09202,2369633.72986
2026-03-30 02:45:00,0.09202,0.09289,0.09194,0.09284,17884182.483431
2026-03-30 02:50:00,0.09283,0.09283,0.09242,0.09242,3287043.256523
2026-03-30 02:55:00,0.09243,0.09255,0.09234,0.09251,3624942.253152
2026-03-30 03:00:00,0.09251,0.0926,0.09238,0.09241,3751371.445515
2026-03-30 03:05:00,0.09243,0.09243,0.09218,0.09223,747634.226965
2026-03-30 03:10:00,0.09221,0.0923,0.09212,0.09216,1340342.225344
2026-03-30 03:15:00,0.09214,0.09222,0.09206,0.09219,4863193.255044
2026-03-30 03:20:00,0.09219,0.09239,0.09215,0.09234,946901.769491
2026-03-30 03:25:00,0.09232,0.09237,0.09227,0.09237,711462.73468
2026-03-30 03:30:00,0.09238,0.09242,0.09226,0.09235,644491.231226
2026-03-30 03:35:00,0.09236,0.09238,0.09223,0.09227,989036.069049
2026-03-30 03:40:00,0.09227,0.09232,0.09221,0.09221,2166371.85921
2026-03-30 03:45:00,0.09223,0.09238,0.09217,0.09235,2199144.826238
2026-03-30 03:50:00,0.09236,0.09263,0.09233,0.09245,1825940.1704
2026-03-30 03:55:00,0.09243,0.09252,0.09235,0.09247,3371500.814858
2026-03-30 04:00:00,0.09249,0.09275,0.09249,0.0927,1551575.059315
2026-03-30 04:05:00,0.09269,0.09298,0.09267,0.09287,3102098.522038
2026-03-30 04:10:00,0.09286,0.09288,0.09272,0.09278,1026035.984952
2026-03-30 04:15:00,0.09279,0.09291,0.09275,0.09291,1432820.771657
2026-03-30 04:20:00,0.0929,0.0929,0.09259,0.0926,4388587.302064
2026-03-30 04:25:00,0.09262,0.093,0.09262,0.09281,3390384.87907
2026-03-30 04:30:00,0.09281,0.09301,0.09277,0.09279,1945143.129843
2026-03-30 04:35:00,0.09278,0.09282,0.09257,0.09279,3686231.633958
2026-03-30 04:40:00,0.09279,0.09279,0.09271,0.09274,705198.149958
2026-03-30 04:45:00,0.09276,0.09292,0.09274,0.09289,503170.33425
2026-03-30 04:50:00,0.09289,0.0931,0.09281,0.0931,1971556.982105
2026-03-30 04:55:00,0.0931,0.09311,0.09286,0.09295,4594534.462458
2026-03-30 05:00:00,0.09293,0.09327,0.09293,0.0932,5023492.224724
2026-03-30 05:05:00,0.0932,0.09337,0.09304,0.09327,5642776.121402
2026-03-30 05:10:00,0.09327,0.0933,0.09307,0.09316,2050408.955154
2026-03-30 05:15:00,0.09318,0.09333,0.09312,0.09318,1346590.445578
2026-03-30 05:20:00,0.09319,0.09327,0.09316,0.09326,624739.007411
2026-03-30 05:25:00,0.09326,0.09351,0.09323,0.09349,2338666.428835
2026-03-30 05:30:00,0.09349,0.09366,0.09342,0.09348,1835567.765155
2026-03-30 05:35:00,0.09349,0.09355,0.09336,0.09337,1701035.760034
2026-03-30 05:40:00,0.09337,0.09338,0.09316,0.09329,2118228.051978
2026-03-30 05:45:00,0.09329,0.09337,0.09307,0.09325,2707346.707855
2026-03-30 05:50:00,0.09324,0.0933,0.09319,0.09322,656209.152389
2026-03-30 05:55:00,0.09322,0.09332,0.09299,0.09303,6707403.941123
2026-03-30 06:00:00,0.09303,0.09343,0.09303,0.09341,3480451.258507
2026-03-30 06:05:00,0.09342,0.09344,0.09322,0.09322,1267453.754632
2026-03-30 06:10:00,0.09322,0.09322,0.09278,0.09292,8790234.244219
2026-03-30 06:15:00,0.09291,0.093,0.09273,0.09283,4885695.621136
2026-03-30 06:20:00,0.09283,0.09309,0.09283,0.09303,2870201.370847
2026-03-30 06:25:00,0.09303,0.09309,0.0929,0.093,4206579.942445
2026-03-30 06:30:00,0.093,0.09309,0.09283,0.09289,2550780.101966
2026-03-30 06:35:00,0.09291,0.09295,0.09273,0.09273,1921007.012716
2026-03-30 06:40:00,0.09276,0.09284,0.09268,0.09271,1937633.388314
2026-03-30 06:45:00,0.09271,0.09278,0.0926,0.09263,1822884.242994
2026-03-30 06:50:00,0.09263,0.09269,0.09259,0.09265,1565529.705686
2026-03-30 06:55:00,0.09266,0.09271,0.09258,0.09258,1863763.857725
2026-03-30 07:00:00,0.09259,0.09267,0.09253,0.09256,2134441.248881
2026-03-30 07:05:00,0.09258,0.09283,0.09257,0.09283,1729616.728951
2026-03-30 07:10:00,0.09283,0.09293,0.09274,0.09277,1203811.73461
2026-03-30 07:15:00,0.09275,0.09285,0.09272,0.09275,435107.727789
2026-03-30 07:20:00,0.09275,0.09287,0.09275,0.09279,762906.694552
2026-03-30 07:25:00,0.09279,0.09289,0.09279,0.09285,694353.470727
2026-03-30 07:30:00,0.09287,0.09298,0.09266,0.09273,404774.970782
2026-03-30 07:35:00,0.09274,0.09282,0.09263,0.09264,344441.474662
2026-03-30 07:40:00,0.09264,0.09271,0.09264,0.0927,410587.164631
2026-03-30 07:45:00,0.09272,0.09326,0.09269,0.09323,3471015.005264
2026-03-30 07:50:00,0.09323,0.09361,0.09317,0.09336,9055964.922741
2026-03-30 07:55:00,0.09336,0.09345,0.09326,0.09335,2205069.08982
2026-03-30 08:00:00,0.09334,0.09341,0.09321,0.09328,2560023.086878
2026-03-30 08:05:00,0.09326,0.09345,0.0931,0.09328,2738873.518133
2026-03-30 08:10:00,0.0933,0.09346,0.09329,0.09344,1510719.132388
2026-03-30 08:15:00,0.09347,0.09349,0.09331,0.09341,1160371.790992
2026-03-30 08:20:00,0.09345,0.09347,0.09335,0.0934,432762.098722
2026-03-30 08:25:00,0.09341,0.0935,0.0934,0.09342,326933.580979
2026-03-30 08:30:00,0.09345,0.09352,0.09343,0.09346,527507.576837
2026-03-30 08:35:00,0.09349,0.09391,0.09349,0.09368,3281368.802547
2026-03-30 08:40:00,0.09369,0.09374,0.09345,0.09348,1375940.145181
2026-03-30 08:45:00,0.09348,0.09348,0.09325,0.09337,2241996.204271
2026-03-30 08:50:00,0.09337,0.09342,0.09332,0.09334,847714.414181
2026-03-30 08:55:00,0.09335,0.09336,0.09316,0.09319,2045475.338091
2026-03-30 09:00:00,0.09319,0.09322,0.09308,0.09311,1816833.51233
2026-03-30 09:05:00,0.09311,0.09312,0.09296,0.09297,1703309.948459
2026-03-30 09:10:00,0.09298,0.09299,0.09288,0.09293,566747.344427
2026-03-30 09:15:00,0.09291,0.09301,0.09282,0.09294,1677734.113337
2026-03-30 09:20:00,0.09295,0.09296,0.09278,0.09279,652537.733874
2026-03-30 09:25:00,0.09279,0.09279,0.09273,0.09274,607062.039912
2026-03-30 09:30:00,0.09274,0.0928,0.09269,0.0928,1690834.276666
2026-03-30 09:35:00,0.09279,0.0928,0.09271,0.09274,1225051.509371
2026-03-30 09:40:00,0.09274,0.09274,0.09259,0.09265,1588114.9662
2026-03-30 09:45:00,0.09265,0.09273,0.09265,0.09267,1018723.69402
2026-03-30 09:50:00,0.09267,0.0927,0.09266,0.09269,1453869.596791
2026-03-30 09:55:00,0.09269,0.09291,0.09267,0.09277,7765496.462242
2026-03-30 10:00:00,0.09277,0.09283,0.09262,0.09283,2563685.869358
2026-03-30 10:05:00,0.09284,0.09285,0.09277,0.09282,489742.155143
2026-03-30 10:10:00,0.09281,0.09286,0.09276,0.09282,201546.682372
2026-03-30 10:15:00,0.09282,0.09294,0.09281,0.09291,496257.971996
2026-03-30 10:20:00,0.09294,0.09295,0.09279,0.09279,1367279.346292
2026-03-30 10:25:00,0.09279,0.0928,0.09274,0.09274,190896.8346
2026-03-30 10:30:00,0.09274,0.09275,0.09265,0.09265,893422.762835
2026-03-30 10:35:00,0.09267,0.09267,0.09206,0.09238,13906324.509852
2026-03-30 10:40:00,0.09239,0.09243,0.09234,0.09239,2095557.726381
2026-03-30 10:45:00,0.09239,0.09247,0.09233,0.09247,8624471.24206
2026-03-30 10:50:00,0.09246,0.09285,0.09245,0.09272,8025163.566929
2026-03-30 10:55:00,0.09271,0.09278,0.0927,0.09274,2403337.437135
2026-03-30 11:00:00,0.09275,0.0928,0.09269,0.09271,1059886.86393
2026-03-30 11:05:00,0.09273,0.09289,0.09272,0.09281,747757.714214
2026-03-30 11:10:00,0.0928,0.09292,0.09279,0.09292,479941.978218
2026-03-30 11:15:00,0.09291,0.09293,0.09284,0.09289,902736.169438
2026-03-30 11:20:00,0.09289,0.09298,0.09287,0.09293,489158.537033
2026-03-30 11:25:00,0.09295,0.09359,0.09283,0.09301,12965670.85293
2026-03-30 11:30:00,0.09301,0.09317,0.09293,0.09301,762080.050965
2026-03-30 11:35:00,0.09303,0.09326,0.09301,0.09309,1527845.585127
2026-03-30 11:40:00,0.09309,0.09316,0.09306,0.0931,735167.277618
2026-03-30 11:45:00,0.09312,0.09316,0.09306,0.09313,433840.374891
2026-03-30 11:50:00,0.09312,0.09314,0.09284,0.09286,2979163.773227
2026-03-30 11:55:00,0.09286,0.09292,0.0928,0.09289,2601619.679614
2026-03-30 12:00:00,0.0929,0.09302,0.0929,0.093,460940.41419
2026-03-30 12:05:00,0.09299,0.09313,0.09297,0.09298,2431600.188879
2026-03-30 12:10:00,0.09298,0.09305,0.09297,0.093,776515.862638
2026-03-30 12:15:00,0.093,0.09302,0.09289,0.093,3860086.894664
2026-03-30 12:20:00,0.09299,0.09303,0.09289,0.0929,2218711.79015
2026-03-30 12:25:00,0.0929,0.0929,0.09271,0.09286,2477409.17421
2026-03-30 12:30:00,0.09286,0.09308,0.09285,0.09297,1451245.329383
2026-03-30 12:35:00,0.09297,0.09316,0.09297,0.09308,1567533.229541
2026-03-30 12:40:00,0.09308,0.09308,0.09283,0.09294,3283292.277239
2026-03-30 12:45:00,0.09293,0.09298,0.09292,0.09297,194409.37633
2026-03-30 12:50:00,0.09298,0.09307,0.09296,0.09299,482913.279821
2026-03-30 12:55:00,0.09299,0.09301,0.09283,0.0929,1274373.798809
2026-03-30 13:00:00,0.0929,0.09297,0.09283,0.09296,437059.800196
2026-03-30 13:05:00,0.09296,0.09306,0.09289,0.09299,792275.637987
2026-03-30 13:10:00,0.093,0.09312,0.09298,0.09299,893788.467285
2026-03-30 13:15:00,0.09299,0.09304,0.09294,0.09303,319715.193005
2026-03-30 13:20:00,0.09303,0.09334,0.09303,0.09313,3373429.741115
2026-03-30 13:25:00,0.09311,0.09311,0.09294,0.09299,1342599.404651
2026-03-30 13:30:00,0.09298,0.09317,0.09286,0.09305,2872920.522849
2026-03-30 13:35:00,0.09302,0.09322,0.093,0.09302,1739955.488728
2026-03-30 13:40:00,0.09301,0.09303,0.09281,0.09285,1244634.370229
2026-03-30 13:45:00,0.09286,0.09299,0.09276,0.09276,1317077.380456
2026-03-30 13:50:00,0.09277,0.09299,0.09275,0.09283,1977908.501152
2026-03-30 13:55:00,0.09281,0.09286,0.0927,0.09286,2961055.488725
2026-03-30 14:00:00,0.09286,0.09318,0.09273,0.09308,5152735.986132
2026-03-30 14:05:00,0.09308,0.09314,0.09293,0.09308,1124654.227062
2026-03-30 14:10:00,0.09308,0.09329,0.09297,0.09314,1984678.850747
2026-03-30 14:15:00,0.09314,0.09316,0.09271,0.09277,3596669.164252
2026-03-30 14:20:00,0.09282,0.09293,0.09275,0.09291,982288.328468
2026-03-30 14:25:00,0.09291,0.09293,0.09274,0.09288,2273909.699731
2026-03-30 14:30:00,0.09288,0.09293,0.09277,0.09283,1893237.87368
2026-03-30 14:35:00,0.09284,0.09285,0.09232,0.0926,8401703.444762
2026-03-30 14:40:00,0.0926,0.09268,0.09241,0.09242,1095487.775116
2026-03-30 14:45:00,0.09243,0.09263,0.09228,0.09245,3140712.084908
2026-03-30 14:50:00,0.09246,0.09292,0.09243,0.09283,3072467.726905
2026-03-30 14:55:00,0.09282,0.0933,0.0928,0.093,6848773.019584
2026-03-30 15:00:00,0.093,0.0931,0.09281,0.09285,1470917.787296
2026-03-30 15:05:00,0.09291,0.09305,0.09261,0.09264,2140589.162834
2026-03-30 15:10:00,0.09266,0.09273,0.09259,0.09259,1050191.014604
2026-03-30 15:15:00,0.09259,0.09268,0.09246,0.0926,837422.56045
2026-03-30 15:20:00,0.0926,0.0927,0.09259,0.09266,1068067.098499
2026-03-30 15:25:00,0.09269,0.09289,0.09268,0.09283,594131.528134
2026-03-30 15:30:00,0.09282,0.09312,0.09277,0.0931,3454625.73907
2026-03-30 15:35:00,0.09311,0.09322,0.09306,0.09309,2141137.975587
2026-03-30 15:40:00,0.09308,0.09321,0.09303,0.0932,3160833.009487
2026-03-30 15:45:00,0.0932,0.09321,0.09303,0.09304,1394457.089959
2026-03-30 15:50:00,0.09303,0.09313,0.09301,0.09301,952460.592814
2026-03-30 15:55:00,0.093,0.093,0.09285,0.09288,1001436.421795
2026-03-30 16:00:00,0.09288,0.09295,0.09274,0.09275,1500937.053808
2026-03-30 16:05:00,0.09275,0.09289,0.09268,0.09284,1249946.916301
2026-03-30 16:10:00,0.09285,0.09303,0.09284,0.09295,1452605.858822
2026-03-30 16:15:00,0.09296,0.09298,0.09283,0.09289,843903.374948
2026-03-30 16:20:00,0.09289,0.09292,0.0928,0.09286,1076086.026015
2026-03-30 16:25:00,0.09285,0.09292,0.0927,0.09271,1611910.755392
2026-03-30 16:30:00,0.0927,0.09286,0.09266,0.09278,556518.034343
2026-03-30 16:35:00,0.0928,0.09288,0.09277,0.09279,482629.005257
2026-03-30 16:40:00,0.09279,0.09279,0.09267,0.09267,795607.02534
2026-03-30 16:45:00,0.09266,0.09276,0.09259,0.09267,647153.181166
2026-03-30 16:50:00,0.09266,0.09273,0.09251,0.09251,1475525.670145
2026-03-30 16:55:00,0.09252,0.09272,0.09248,0.09271,2990293.777432
2026-03-30 17:00:00,0.09272,0.09286,0.09252,0.09256,1224569.798381
2026-03-30 17:05:00,0.09254,0.09267,0.09251,0.09257,122013.590793
2026-03-30 17:10:00,0.09258,0.09258,0.09243,0.09247,564496.639652
2026-03-30 17:15:00,0.09246,0.09248,0.09221,0.09236,3210851.108652
2026-03-30 17:20:00,0.09236,0.0924,0.09181,0.09186,4818983.69435
2026-03-30 17:25:00,0.09186,0.09186,0.09152,0.09182,3064869.573296
2026-03-30 17:30:00,0.09183,0.09196,0.09161,0.09184,9395422.001865
2026-03-30 17:35:00,0.09182,0.09188,0.09172,0.09179,1257607.993135
2026-03-30 17:40:00,0.09178,0.09182,0.09169,0.09182,1414406.819603
2026-03-30 17:45:00,0.09182,0.09188,0.09164,0.09171,2690314.828376
2026-03-30 17:50:00,0.09169,0.09173,0.0916,0.09166,1541550.799918
2026-03-30 17:55:00,0.09166,0.0917,0.09157,0.09163,267381.357854
2026-03-30 18:00:00,0.09163,0.09177,0.09159,0.09169,1393740.685886
2026-03-30 18:05:00,0.09169,0.09172,0.09127,0.09129,6987391.942764
2026-03-30 18:10:00,0.09128,0.09142,0.09118,0.09138,1462976.257196
2026-03-30 18:15:00,0.0914,0.09144,0.09121,0.09121,1623443.585713
2026-03-30 18:20:00,0.09121,0.09131,0.09102,0.09116,3003547.125364
2026-03-30 18:25:00,0.09117,0.09118,0.091,0.09117,2106918.332769
2026-03-30 18:30:00,0.09118,0.09132,0.09104,0.09129,1949077.118856
2026-03-30 18:35:00,0.0913,0.09135,0.09116,0.09116,270786.39274
2026-03-30 18:40:00,0.09115,0.09124,0.09114,0.09121,408069.610652
2026-03-30 18:45:00,0.09121,0.09121,0.09102,0.09102,1165500.466688
2026-03-30 18:50:00,0.09101,0.09101,0.09082,0.09096,1230900.42481
2026-03-30 18:55:00,0.09096,0.09106,0.09091,0.09102,356187.212534
2026-03-30 19:00:00,0.09102,0.09107,0.09096,0.09105,576633.730356
2026-03-30 19:05:00,0.09106,0.09108,0.09084,0.09102,4921173.49429
2026-03-30 19:10:00,0.09101,0.09104,0.09073,0.09095,7019837.85984
2026-03-30 19:15:00,0.09095,0.09097,0.09074,0.09079,4161010.981074
2026-03-30 19:20:00,0.0908,0.09083,0.09066,0.09067,6754549.310795
2026-03-30 19:25:00,0.09067,0.0908,0.09061,0.09065,2474693.868603
2026-03-30 19:30:00,0.09068,0.0907,0.09047,0.09061,3426454.279378
2026-03-30 19:35:00,0.09062,0.09066,0.09053,0.0906,246932.499334
2026-03-30 19:40:00,0.09064,0.09075,0.09063,0.0907,735562.876633
2026-03-30 19:45:00,0.09069,0.09097,0.09063,0.09091,477883.285397
2026-03-30 19:50:00,0.09092,0.091,0.09084,0.09099,1309036.720476
2026-03-30 19:55:00,0.091,0.09103,0.09094,0.09094,1479975.132154
2026-03-30 20:00:00,0.09093,0.09099,0.09085,0.09089,3080985.762716
2026-03-30 20:05:00,0.09092,0.09103,0.09092,0.09097,1863706.295324
2026-03-30 20:10:00,0.09097,0.09107,0.09097,0.09107,610509.715059
2026-03-30 20:15:00,0.09107,0.09107,0.09093,0.09098,541674.73506
2026-03-30 20:20:00,0.09098,0.09113,0.09098,0.09109,396211.514475
2026-03-30 20:25:00,0.09108,0.09108,0.09101,0.09107,556187.567573
2026-03-30 20:30:00,0.09106,0.09109,0.09094,0.09103,3198257.593137
2026-03-30 20:35:00,0.09102,0.09105,0.09096,0.09105,443561.167302
2026-03-30 20:40:00,0.09106,0.09111,0.09106,0.09109,159538.289934
2026-03-30 20:45:00,0.0911,0.0911,0.09096,0.09096,474827.62883
2026-03-30 20:50:00,0.09095,0.09097,0.09087,0.09097,1095846.488928
2026-03-30 20:55:00,0.09098,0.09103,0.09085,0.09086,475581.441774
2026-03-30 21:00:00,0.09086,0.09086,0.09067,0.09073,1055313.757863
2026-03-30 21:05:00,0.09073,0.09094,0.09066,0.09091,884495.866676
2026-03-30 21:10:00,0.09092,0.09114,0.09092,0.09105,3335476.253673
2026-03-30 21:15:00,0.09104,0.09114,0.09101,0.09108,1105620.230537
2026-03-30 21:20:00,0.0911,0.09151,0.0911,0.09147,2447697.083949
2026-03-30 21:25:00,0.09145,0.09146,0.09119,0.09137,893861.606313
2026-03-30 21:30:00,0.09137,0.09143,0.09128,0.0914,1067407.65517
2026-03-30 21:35:00,0.0914,0.09154,0.09137,0.09148,1615173.278382
2026-03-30 21:40:00,0.09147,0.09152,0.09134,0.09147,1849536.822183
2026-03-30 21:45:00,0.09148,0.0915,0.0914,0.09146,97762.866216
2026-03-30 21:50:00,0.09142,0.0915,0.09141,0.09141,198109.438242
2026-03-30 21:55:00,0.09139,0.09141,0.09127,0.09128,654560.54592
2026-03-30 22:00:00,0.09129,0.09147,0.09122,0.09146,837642.991469
2026-03-30 22:05:00,0.09145,0.09146,0.09095,0.091,1438920.950618
2026-03-30 22:10:00,0.09099,0.0911,0.0909,0.09105,441828.030136
2026-03-30 22:15:00,0.09105,0.09116,0.09099,0.09114,497754.158366
2026-03-30 22:20:00,0.09112,0.09127,0.09112,0.09127,209723.697195
2026-03-30 22:25:00,0.09128,0.09139,0.09116,0.09125,525656.336902
2026-03-30 22:30:00,0.09125,0.09125,0.09115,0.09122,446291.155082
2026-03-30 22:35:00,0.0912,0.09124,0.09112,0.09117,74280.115235
2026-03-30 22:40:00,0.09118,0.09124,0.09117,0.09117,30500.470905
2026-03-30 22:45:00,0.09118,0.09121,0.09095,0.09103,989874.936141
2026-03-30 22:50:00,0.09104,0.09108,0.09101,0.09108,378756.829324
2026-03-30 22:55:00,0.09108,0.09112,0.09108,0.09108,54326.384889
2026-03-30 23:00:00,0.09106,0.09106,0.09036,0.09061,7923443.198493
2026-03-30 23:05:00,0.0906,0.09066,0.09041,0.09051,2710012.398694
2026-03-30 23:10:00,0.09052,0.09074,0.09052,0.09072,953222.139003
2026-03-30 23:15:00,0.09071,0.0908,0.09065,0.09079,468842.7444
2026-03-30 23:20:00,0.09077,0.09084,0.09073,0.0908,622424.191442
2026-03-30 23:25:00,0.0908,0.09086,0.09074,0.09085,760843.240066
2026-03-30 23:30:00,0.09084,0.09091,0.09075,0.0909,786105.753335
2026-03-30 23:35:00,0.0909,0.09092,0.09078,0.09079,810456.430853
2026-03-30 23:40:00,0.09079,0.09091,0.09079,0.09086,483474.936115
2026-03-30 23:45:00,0.09086,0.09086,0.09066,0.09076,1300259.303496
2026-03-30 23:50:00,0.09077,0.09082,0.09074,0.09076,597118.37502
2026-03-30 23:55:00,0.09077,0.09084,0.09071,0.09084,435633.458292
2026-03-31 00:00:00,0.09085,0.09088,0.09071,0.09085,882315.533791
2026-03-31 00:05:00,0.09085,0.09087,0.09074,0.09087,1006341.095923
2026-03-31 00:10:00,0.09088,0.09088,0.09066,0.09079,1659703.816855
2026-03-31 00:15:00,0.09079,0.09083,0.09054,0.09073,5011761.523482
2026-03-31 00:20:00,0.09074,0.09079,0.09056,0.09076,983430.631753
2026-03-31 00:25:00,0.09075,0.09094,0.09075,0.09093,882382.274803
2026-03-31 00:30:00,0.09094,0.09095,0.09078,0.09082,269985.640066
2026-03-31 00:35:00,0.09084,0.091,0.09078,0.09094,681298.370088
2026-03-31 00:40:00,0.09093,0.09098,0.09076,0.09098,272448.58405
2026-03-31 00:45:00,0.09099,0.09138,0.09098,0.09124,7830562.765634
2026-03-31 00:50:00,0.09122,0.09123,0.09093,0.09108,3757960.088856
2026-03-31 00:55:00,0.09112,0.09116,0.09106,0.09113,431611.033312
2026-03-31 01:00:00,0.09114,0.09132,0.09108,0.09111,777659.322739
2026-03-31 01:05:00,0.09113,0.09117,0.09101,0.09116,1320441.271566
2026-03-31 01:10:00,0.09116,0.09138,0.09116,0.09134,1258657.097181
2026-03-31 01:15:00,0.09136,0.09145,0.09127,0.09138,870892.013061
2026-03-31 01:20:00,0.09138,0.09201,0.09136,0.09198,9587200.388216
2026-03-31 01:25:00,0.092,0.09207,0.09169,0.09195,2855289.314115
2026-03-31 01:30:00,0.09196,0.09279,0.09186,0.09269,9306784.845706
2026-03-31 01:35:00,0.09264,0.09273,0.0923,0.09251,10310263.478723
2026-03-31 01:40:00,0.09251,0.09256,0.09204,0.0922,3461781.773031
2026-03-31 01:45:00,0.09219,0.09232,0.09203,0.09218,3014547.469892
2026-03-31 01:50:00,0.09217,0.09229,0.09207,0.09223,1161610.808692
2026-03-31 01:55:00,0.09225,0.09232,0.09224,0.09225,650693.603338
2026-03-31 02:00:00,0.09225,0.09228,0.09188,0.09196,2361960.083134
2026-03-31 02:05:00,0.09196,0.09205,0.09187,0.09187,721953.448136
2026-03-31 02:10:00,0.09187,0.09197,0.09187,0.09194,2012982.699486
2026-03-31 02:15:00,0.09194,0.09231,0.09194,0.09226,848631.893801
2026-03-31 02:20:00,0.09226,0.0923,0.09213,0.09229,1317043.643119
2026-03-31 02:25:00,0.0923,0.0923,0.09215,0.09224,1864819.311241
2026-03-31 02:30:00,0.09225,0.09231,0.09214,0.09224,2767229.385241
2026-03-31 02:35:00,0.09226,0.09237,0.09218,0.09222,1561545.680933
2026-03-31 02:40:00,0.09222,0.09225,0.09217,0.09222,214603.971804
2026-03-31 02:45:00,0.09222,0.09225,0.09208,0.09215,677557.00473
2026-03-31 02:50:00,0.09216,0.09235,0.09216,0.09227,1558567.795046
2026-03-31 02:55:00,0.09227,0.09227,0.09216,0.09217,863430.767732
2026-03-31 03:00:00,0.09216,0.09216,0.09193,0.09197,876731.49532
2026-03-31 03:05:00,0.09197,0.09211,0.09192,0.092,915140.56161
2026-03-31 03:10:00,0.09199,0.09199,0.09187,0.0919,497097.834606
2026-03-31 03:15:00,0.09189,0.09195,0.09172,0.09173,1145807.328331
2026-03-31 03:20:00,0.09172,0.09172,0.09154,0.09161,981709.276682
2026-03-31 03:25:00,0.09161,0.09178,0.09161,0.09174,2285257.75309
2026-03-31 03:30:00,0.09174,0.0918,0.09168,0.09178,1042128.409908
2026-03-31 03:35:00,0.09178,0.09178,0.09151,0.09155,3460416.055123
2026-03-31 03:40:00,0.09154,0.09161,0.0915,0.09158,335507.179344
2026-03-31 03:45:00,0.0916,0.09165,0.09155,0.09157,830636.508546
2026-03-31 03:50:00,0.09158,0.09176,0.09158,0.09168,644180.85484
2026-03-31 03:55:00,0.09167,0.09171,0.09165,0.09168,987226.152387
2026-03-31 04:00:00,0.09169,0.09177,0.09158,0.09163,1989050.208439
2026-03-31 04:05:00,0.09162,0.0918,0.09157,0.09168,1417015.13955
2026-03-31 04:10:00,0.09168,0.09171,0.09158,0.09169,1743026.545863
2026-03-31 04:15:00,0.09169,0.09183,0.09169,0.0918,2549961.933616
2026-03-31 04:20:00,0.09179,0.09196,0.09177,0.09184,2494573.070098
2026-03-31 04:25:00,0.09184,0.09184,0.09145,0.09153,2333851.890356
2026-03-31 04:30:00,0.09153,0.09162,0.09149,0.09158,949614.752016
2026-03-31 04:35:00,0.09156,0.0916,0.09145,0.09159,3366515.219301
2026-03-31 04:40:00,0.09158,0.09162,0.09155,0.09159,1171659.176235
2026-03-31 04:45:00,0.09159,0.09167,0.09156,0.09157,1416040.939152
2026-03-31 04:50:00,0.09157,0.09171,0.09155,0.0916,1091162.518734
2026-03-31 04:55:00,0.09159,0.09159,0.0914,0.09141,1165362.632485
2026-03-31 05:00:00,0.09141,0.09142,0.09118,0.09138,4105421.333583
2026-03-31 05:05:00,0.0914,0.09142,0.09135,0.09136,648216.478863
2026-03-31 05:10:00,0.09135,0.09137,0.09119,0.09124,1171415.005913
2026-03-31 05:15:00,0.09121,0.09139,0.09117,0.09135,686720.670249
2026-03-31 05:20:00,0.09134,0.09143,0.09128,0.09143,1563354.127206
2026-03-31 05:25:00,0.09143,0.09149,0.0914,0.09144,997372.125036
2026-03-31 05:30:00,0.09144,0.09152,0.09137,0.09142,2135242.040261
2026-03-31 05:35:00,0.09144,0.09144,0.09135,0.09141,732270.877714
2026-03-31 05:40:00,0.09141,0.09141,0.09121,0.09129,563936.181534
2026-03-31 05:45:00,0.09128,0.09146,0.09127,0.09144,769537.460221
2026-03-31 05:50:00,0.09143,0.09151,0.09141,0.09147,497395.065805
2026-03-31 05:55:00,0.09143,0.09148,0.09141,0.09141,349691.937885
2026-03-31 06:00:00,0.09142,0.09144,0.0912,0.09138,638861.78498
2026-03-31 06:05:00,0.09137,0.09137,0.09114,0.09129,2685235.309786
2026-03-31 06:10:00,0.09124,0.09127,0.09121,0.09124,416249.909311
2026-03-31 06:15:00,0.09125,0.09131,0.09119,0.09122,482928.698887
2026-03-31 06:20:00,0.09123,0.09123,0.09109,0.09116,1523379.992265
2026-03-31 06:25:00,0.09117,0.09123,0.09102,0.0912,1463465.498094
2026-03-31 06:30:00,0.09119,0.09126,0.09115,0.09121,272268.189292
2026-03-31 06:35:00,0.09121,0.09136,0.09112,0.09133,458980.24548
2026-03-31 06:40:00,0.09135,0.09144,0.09134,0.09141,1489680.132831
2026-03-31 06:45:00,0.09141,0.09151,0.09141,0.0915,433433.323928
2026-03-31 06:50:00,0.09151,0.09167,0.09151,0.09167,2253088.096383
2026-03-31 06:55:00,0.09168,0.09178,0.09168,0.09171,1087314.445926
2026-03-31 07:00:00,0.09174,0.09179,0.09167,0.09169,696311.110706
2026-03-31 07:05:00,0.09169,0.09169,0.09144,0.09145,581238.355052
2026-03-31 07:10:00,0.09144,0.09147,0.09119,0.09134,2034811.057275
2026-03-31 07:15:00,0.09136,0.09136,0.09104,0.09114,1346899.814279
2026-03-31 07:20:00,0.09115,0.09133,0.09113,0.09113,2181858.740029
2026-03-31 07:25:00,0.09116,0.09145,0.09111,0.09135,1250418.794715
2026-03-31 07:30:00,0.09134,0.09147,0.09131,0.09141,258103.664745
2026-03-31 07:35:00,0.09141,0.09147,0.09131,0.09141,791842.426577
2026-03-31 07:40:00,0.09144,0.09145,0.09139,0.09144,156011.344432
2026-03-31 07:45:00,0.09144,0.09156,0.09144,0.09146,443456.545951
2026-03-31 07:50:00,0.09146,0.09146,0.09137,0.0914,819191.673247
2026-03-31 07:55:00,0.09136,0.09138,0.09125,0.09126,172189.830562
2026-03-31 08:00:00,0.09129,0.09134,0.09106,0.09132,815303.630593
2026-03-31 08:05:00,0.09132,0.09138,0.09125,0.09131,706286.333847
2026-03-31 08:10:00,0.09131,0.09132,0.09114,0.09119,447383.056432
2026-03-31 08:15:00,0.09121,0.09143,0.09116,0.09136,1238860.832785
2026-03-31 08:20:00,0.09137,0.0915,0.09137,0.09144,692057.718162
2026-03-31 08:25:00,0.09144,0.09144,0.09136,0.09141,71626.734914
2026-03-31 08:30:00,0.0914,0.09141,0.09121,0.09122,359355.726941
2026-03-31 08:35:00,0.09123,0.09137,0.09119,0.09119,224997.697743
2026-03-31 08:40:00,0.09119,0.09124,0.09088,0.09098,2687248.307589
2026-03-31 08:45:00,0.09099,0.09109,0.09076,0.09102,1412667.920091
2026-03-31 08:50:00,0.09102,0.09102,0.09067,0.09085,1887223.562939
2026-03-31 08:55:00,0.09085,0.09088,0.09075,0.09078,695171.617598
2026-03-31 09:00:00,0.0908,0.09089,0.09066,0.09087,2753225.748255
2026-03-31 09:05:00,0.09088,0.09098,0.09078,0.09088,1265498.640554
2026-03-31 09:10:00,0.09087,0.09089,0.0906,0.09073,4734269.145022
2026-03-31 09:15:00,0.09071,0.09074,0.09034,0.09044,4192450.036326
2026-03-31 09:20:00,0.09045,0.09054,0.09028,0.09048,9158093.376533
2026-03-31 09:25:00,0.09048,0.09051,0.08983,0.09012,24042642.926041
2026-03-31 09:30:00,0.09012,0.09013,0.08994,0.09002,2883623.809452
2026-03-31 09:35:00,0.09001,0.09013,0.08992,0.09001,2262650.791601
2026-03-31 09:40:00,0.09003,0.0901,0.08996,0.09004,1775037.149567
2026-03-31 09:45:00,0.09004,0.09011,0.09001,0.0901,837173.491051
2026-03-31 09:50:00,0.09009,0.0901,0.0898,0.08993,4390717.154206
2026-03-31 09:55:00,0.08993,0.08993,0.08935,0.0897,11396029.474988
2026-03-31 10:00:00,0.08972,0.0899,0.08964,0.0898,6534983.352975
2026-03-31 10:05:00,0.08979,0.09003,0.08974,0.09003,1209723.339206
2026-03-31 10:10:00,0.09003,0.09022,0.09,0.09017,3862182.400943
2026-03-31 10:15:00,0.09019,0.09031,0.09014,0.09014,1153444.634507
2026-03-31 10:20:00,0.09013,0.09023,0.09002,0.09015,2849977.683536
2026-03-31 10:25:00,0.09015,0.09015,0.09006,0.09013,680744.280154
2026-03-31 10:30:00,0.09013,0.09018,0.09007,0.0901,525579.926074
2026-03-31 10:35:00,0.09012,0.09019,0.08997,0.09006,1981882.132456
2026-03-31 10:40:00,0.09006,0.09016,0.09003,0.09014,447839.749832
2026-03-31 10:45:00,0.09012,0.09017,0.09008,0.09015,284315.957204
2026-03-31 10:50:00,0.09015,0.09023,0.09002,0.0901,3538196.308939
2026-03-31 10:55:00,0.09007,0.09007,0.09,0.09005,725713.668901
2026-03-31 11:00:00,0.09007,0.09018,0.08997,0.09017,1052195.458837
2026-03-31 11:05:00,0.09017,0.09017,0.08995,0.08995,1000475.14502
2026-03-31 11:10:00,0.08997,0.09053,0.08997,0.09031,6157846.554113
2026-03-31 11:15:00,0.09032,0.09062,0.09024,0.09048,6563277.674762
2026-03-31 11:20:00,0.09049,0.09051,0.09035,0.09042,1687172.096509
2026-03-31 11:25:00,0.09043,0.0905,0.09035,0.09037,1308916.277125
2026-03-31 11:30:00,0.0904,0.09046,0.09036,0.09043,471238.13078
2026-03-31 11:35:00,0.09043,0.09056,0.09039,0.09054,577341.449881
2026-03-31 11:40:00,0.09052,0.09058,0.09038,0.09056,745362.17901
2026-03-31 11:45:00,0.09057,0.09057,0.09038,0.09044,1493871.69202
2026-03-31 11:50:00,0.09042,0.09044,0.09026,0.0903,1037820.994764
2026-03-31 11:55:00,0.0903,0.09037,0.0903,0.09036,141952.440716
2026-03-31 12:00:00,0.09036,0.09058,0.09036,0.0905,1284941.521054
2026-03-31 12:05:00,0.09048,0.09061,0.09043,0.09054,248595.17168
2026-03-31 12:10:00,0.09053,0.09053,0.09027,0.09031,1606439.417915
2026-03-31 12:15:00,0.09031,0.0907,0.09028,0.09062,1026472.058854
2026-03-31 12:20:00,0.09062,0.09062,0.09043,0.0905,992713.715063
2026-03-31 12:25:00,0.09051,0.09068,0.09046,0.09064,2212181.357471
2026-03-31 12:30:00,0.09062,0.09073,0.09056,0.09059,554664.73714
2026-03-31 12:35:00,0.0906,0.09067,0.09055,0.0906,731117.559008
2026-03-31 12:40:00,0.09059,0.09061,0.0905,0.09058,315219.910483
2026-03-31 12:45:00,0.09058,0.0906,0.09034,0.09043,1010843.91429
2026-03-31 12:50:00,0.09042,0.09042,0.09032,0.09035,682982.98802
2026-03-31 12:55:00,0.09037,0.0904,0.09032,0.09034,464026.600895
2026-03-31 13:00:00,0.09033,0.09042,0.09032,0.09042,748026.547121
2026-03-31 13:05:00,0.09043,0.09066,0.09041,0.09065,343220.444779
2026-03-31 13:10:00,0.09066,0.09081,0.09066,0.09071,472901.85242
2026-03-31 13:15:00,0.09072,0.09087,0.09069,0.0907,1448349.466566
2026-03-31 13:20:00,0.09069,0.09072,0.0906,0.09072,554487.796078
2026-03-31 13:25:00,0.09071,0.09082,0.09071,0.09081,307952.442803
2026-03-31 13:30:00,0.0908,0.09114,0.09078,0.09106,1552582.929927
2026-03-31 13:35:00,0.09107,0.09119,0.0909,0.09117,1046026.390838
2026-03-31 13:40:00,0.09117,0.09133,0.09097,0.09101,2400454.093092
2026-03-31 13:45:00,0.091,0.09142,0.091,0.09142,3682043.573307
2026-03-31 13:50:00,0.09143,0.09159,0.0913,0.09148,3814439.750666
2026-03-31 13:55:00,0.09148,0.09154,0.09118,0.09121,1966081.723544
2026-03-31 14:00:00,0.09121,0.0916,0.09114,0.09129,3073770.833582
2026-03-31 14:05:00,0.09128,0.09128,0.09109,0.0911,695388.706496
2026-03-31 14:10:00,0.09109,0.09141,0.09109,0.09136,384160.441298
2026-03-31 14:15:00,0.09136,0.09191,0.09136,0.09184,6259354.534063
2026-03-31 14:20:00,0.09183,0.09183,0.09166,0.09175,1921986.349573
2026-03-31 14:25:00,0.0917,0.09181,0.09157,0.09181,1677020.678547
2026-03-31 14:30:00,0.09182,0.0919,0.09151,0.09153,1856034.192059
2026-03-31 14:35:00,0.09153,0.09158,0.09115,0.09125,1457004.130699
2026-03-31 14:40:00,0.09125,0.09128,0.09106,0.09123,882667.50845
2026-03-31 14:45:00,0.09121,0.09123,0.09064,0.09073,3517573.611651
2026-03-31 14:50:00,0.09072,0.09076,0.09014,0.0904,10498197.051159
2026-03-31 14:55:00,0.09039,0.09054,0.09019,0.09046,682729.001364
2026-03-31 15:00:00,0.09045,0.09071,0.09042,0.0906,1374385.797352
2026-03-31 15:05:00,0.09059,0.09103,0.09059,0.09089,5146081.071157
2026-03-31 15:10:00,0.0909,0.09141,0.09089,0.09131,1332663.334798
2026-03-31 15:15:00,0.09132,0.09137,0.09113,0.09115,566807.948969
2026-03-31 15:20:00,0.09117,0.09122,0.09102,0.09115,455252.847447
2026-03-31 15:25:00,0.09113,0.09115,0.09074,0.09086,1087039.47876
2026-03-31 15:30:00,0.09084,0.09099,0.09073,0.09075,1089205.042786
2026-03-31 15:35:00,0.09081,0.09091,0.09073,0.09073,1773781.336229
2026-03-31 15:40:00,0.09074,0.09079,0.0906,0.09066,668681.135391
2026-03-31 15:45:00,0.09063,0.09065,0.09048,0.09057,1017415.443222
2026-03-31 15:50:00,0.09056,0.09078,0.09055,0.09071,469652.181327
2026-03-31 15:55:00,0.09072,0.09073,0.0904,0.09042,881284.361117
2026-03-31 16:00:00,0.09043,0.09064,0.09035,0.09049,1156966.772377
2026-03-31 16:05:00,0.09051,0.09074,0.09047,0.09069,813224.167005
2026-03-31 16:10:00,0.09068,0.09069,0.0904,0.09062,1585628.314815
2026-03-31 16:15:00,0.09061,0.0908,0.0906,0.09068,962549.605887
2026-03-31 16:20:00,0.09069,0.09082,0.0906,0.09082,424451.941154
2026-03-31 16:25:00,0.09083,0.09088,0.09075,0.09082,1113056.591118
2026-03-31 16:30:00,0.09082,0.09083,0.09044,0.09044,7276756.93815
2026-03-31 16:35:00,0.09043,0.09108,0.09031,0.09108,2824343.045488
2026-03-31 16:40:00,0.09107,0.09215,0.09107,0.09162,20067793.672967
2026-03-31 16:45:00,0.09162,0.0918,0.09122,0.09166,4324128.847983
2026-03-31 16:50:00,0.09164,0.09176,0.09137,0.09162,2250024.916715
2026-03-31 16:55:00,0.09162,0.09162,0.09139,0.09151,1527741.69314
2026-03-31 17:00:00,0.09152,0.09186,0.09152,0.09176,4484400.849952
2026-03-31 17:05:00,0.09173,0.09174,0.09145,0.09152,1374603.917191
2026-03-31 17:10:00,0.09156,0.09242,0.09156,0.09239,6519865.740255
2026-03-31 17:15:00,0.09238,0.09253,0.09207,0.09236,6249897.016157
2026-03-31 17:20:00,0.09235,0.09264,0.09223,0.09252,6324362.178084
2026-03-31 17:25:00,0.09253,0.09256,0.09212,0.09218,1860703.447284
2026-03-31 17:30:00,0.09218,0.09228,0.092,0.09211,2482543.861925
2026-03-31 17:35:00,0.0921,0.09213,0.09159,0.09169,3345253.526566
2026-03-31 17:40:00,0.09169,0.09169,0.09138,0.09153,2752907.50167
2026-03-31 17:45:00,0.09153,0.09159,0.09133,0.09155,2079821.29811
2026-03-31 17:50:00,0.09155,0.09158,0.09136,0.0915,1368220.054521
2026-03-31 17:55:00,0.09151,0.09154,0.0913,0.09154,2697106.842614
2026-03-31 18:00:00,0.09154,0.09181,0.09154,0.09181,1281566.268659
2026-03-31 18:05:00,0.09181,0.09208,0.09177,0.092,1271126.259561
2026-03-31 18:10:00,0.092,0.092,0.09191,0.09195,473390.245035
2026-03-31 18:15:00,0.09196,0.09223,0.09191,0.09192,2012516.394431
2026-03-31 18:20:00,0.09193,0.09199,0.09186,0.09186,448305.978667
2026-03-31 18:25:00,0.09185,0.09203,0.09173,0.09196,603074.902647
2026-03-31 18:30:00,0.09193,0.09199,0.09187,0.09199,133331.777944
2026-03-31 18:35:00,0.09199,0.09221,0.09196,0.09214,789581.666557
2026-03-31 18:40:00,0.09212,0.09212,0.09197,0.09207,655221.162156
2026-03-31 18:45:00,0.09206,0.0922,0.09199,0.09204,841829.28399
2026-03-31 18:50:00,0.09206,0.09213,0.09196,0.09198,454532.970423
2026-03-31 18:55:00,0.09202,0.09233,0.09202,0.0923,2117979.256466
2026-03-31 19:00:00,0.09231,0.09251,0.09231,0.09243,5370177.733805
2026-03-31 19:05:00,0.09242,0.09246,0.09226,0.09229,2170868.890369
2026-03-31 19:10:00,0.09228,0.09239,0.09226,0.09226,712782.44957
2026-03-31 19:15:00,0.09225,0.0923,0.09213,0.09219,829992.471625
2026-03-31 19:20:00,0.09219,0.09219,0.09208,0.09211,569488.263412
2026-03-31 19:25:00,0.09211,0.09211,0.09194,0.092,402102.078263
2026-03-31 19:30:00,0.092,0.09207,0.09187,0.09202,1820675.413972
2026-03-31 19:35:00,0.09202,0.09209,0.09198,0.092,316202.21553
2026-03-31 19:40:00,0.09199,0.09208,0.09192,0.09205,3390298.472166
2026-03-31 19:45:00,0.09205,0.09215,0.09201,0.09212,229402.869087
2026-03-31 19:50:00,0.09212,0.09218,0.09202,0.09211,466205.995676
2026-03-31 19:55:00,0.09209,0.09216,0.09199,0.09213,347306.263667
2026-03-31 20:00:00,0.09212,0.09234,0.09212,0.09226,848244.856869
2026-03-31 20:05:00,0.09225,0.09229,0.09217,0.09222,677902.220482
2026-03-31 20:10:00,0.09222,0.09244,0.0922,0.09237,885626.441925
2026-03-31 20:15:00,0.09236,0.09242,0.0923,0.09234,569213.145884
2026-03-31 20:20:00,0.09235,0.09238,0.09225,0.09232,398437.107035
2026-03-31 20:25:00,0.09233,0.09233,0.09223,0.09233,260116.022537
2026-03-31 20:30:00,0.09232,0.0924,0.09219,0.0922,329740.716849
2026-03-31 20:35:00,0.09219,0.09243,0.09219,0.09232,858896.309797
2026-03-31 20:40:00,0.0923,0.09233,0.09219,0.09221,627107.549588
2026-03-31 20:45:00,0.09222,0.09252,0.09213,0.09248,9491085.723212
2026-03-31 20:50:00,0.09247,0.0925,0.09241,0.09248,273103.25407
2026-03-31 20:55:00,0.09248,0.09269,0.09244,0.09268,2480535.619456
2026-03-31 21:00:00,0.09269,0.09283,0.09239,0.09245,2558600.058491
2026-03-31 21:05:00,0.09244,0.09251,0.09227,0.09227,819701.39589
2026-03-31 21:10:00,0.09228,0.0923,0.09214,0.09223,6289241.931333
2026-03-31 21:15:00,0.09224,0.0923,0.09221,0.09225,701034.834609
2026-03-31 21:20:00,0.09225,0.09232,0.09221,0.09232,429437.003527
2026-03-31 21:25:00,0.09233,0.09242,0.09232,0.09236,442160.786612
2026-03-31 21:30:00,0.09237,0.09245,0.09232,0.09237,334253.003178
2026-03-31 21:35:00,0.09236,0.0924,0.09233,0.09233,301471.547904
2026-03-31 21:40:00,0.09232,0.09242,0.0923,0.09237,574834.930635
2026-03-31 21:45:00,0.09236,0.09239,0.09229,0.09236,219251.51907
2026-03-31 21:50:00,0.09236,0.09262,0.09236,0.09259,427068.725302
2026-03-31 21:55:00,0.09259,0.09266,0.09235,0.09242,1379341.721736
2026-03-31 22:00:00,0.09241,0.09246,0.09223,0.09234,628276.304414
2026-03-31 22:05:00,0.09232,0.09234,0.09186,0.09194,8356541.647021
2026-03-31 22:10:00,0.09194,0.0921,0.0919,0.09199,1498253.452225
2026-03-31 22:15:00,0.09199,0.0921,0.09195,0.09196,814278.34374
2026-03-31 22:20:00,0.09197,0.09203,0.09186,0.09188,800066.302688
2026-03-31 22:25:00,0.09189,0.09189,0.09178,0.09178,717529.416188
2026-03-31 22:30:00,0.09177,0.09177,0.09136,0.09154,2959581.45649
2026-03-31 22:35:00,0.09154,0.09161,0.09152,0.09158,154226.921252
2026-03-31 22:40:00,0.09158,0.09184,0.09157,0.09178,2463044.710968
2026-03-31 22:45:00,0.09177,0.09178,0.09154,0.09175,1280057.859027
2026-03-31 22:50:00,0.09174,0.0918,0.09171,0.09175,549498.452442
2026-03-31 22:55:00,0.09174,0.09183,0.09172,0.09178,387439.790703
2026-03-31 23:00:00,0.09179,0.09184,0.09172,0.09184,345680.00809
2026-03-31 23:05:00,0.09183,0.0921,0.09183,0.09205,553079.504921
2026-03-31 23:10:00,0.09205,0.09211,0.09192,0.09192,2895143.877219
2026-03-31 23:15:00,0.09191,0.0922,0.09185,0.09216,1264664.756962
2026-03-31 23:20:00,0.09218,0.09218,0.09204,0.09206,620162.175639
2026-03-31 23:25:00,0.09207,0.09218,0.09204,0.09211,457792.044151
2026-03-31 23:30:00,0.09211,0.09216,0.09208,0.09209,609238.559326
2026-03-31 23:35:00,0.09208,0.09225,0.09205,0.09225,1643138.914667
2026-03-31 23:40:00,0.09225,0.09227,0.09214,0.09215,894130.193485
2026-03-31 23:45:00,0.09213,0.0922,0.09206,0.09217,288157.194774
2026-03-31 23:50:00,0.09219,0.0924,0.09218,0.09228,793051.339293
2026-03-31 23:55:00,0.09228,0.09238,0.09222,0.09232,428029.229448
2026-04-01 00:00:00,0.09232,0.09238,0.09215,0.09226,980704.29729
2026-04-01 00:05:00,0.09226,0.09227,0.09217,0.09219,1014174.793938
2026-04-01 00:10:00,0.09219,0.09227,0.09219,0.09219,981295.768784
2026-04-01 00:15:00,0.09218,0.09231,0.09216,0.09218,619993.949913
2026-04-01 00:20:00,0.09218,0.09226,0.09205,0.09207,1377417.370398
2026-04-01 00:25:00,0.09207,0.0922,0.09206,0.09217,1027338.637625
2026-04-01 00:30:00,0.09219,0.09223,0.09202,0.09211,821403.015489
2026-04-01 00:35:00,0.09211,0.09213,0.09205,0.09208,929217.978394
2026-04-01 00:40:00,0.09207,0.09221,0.09206,0.09221,265027.064425
2026-04-01 00:45:00,0.09221,0.09238,0.09215,0.09237,516176.475188
2026-04-01 00:50:00,0.09237,0.09277,0.09237,0.09258,3235772.228317
2026-04-01 00:55:00,0.09261,0.09267,0.09254,0.09257,525739.176014
2026-04-01 01:00:00,0.09258,0.09265,0.09251,0.09262,2455956.58264
2026-04-01 01:05:00,0.09259,0.09261,0.09243,0.09258,1053385.314233
2026-04-01 01:10:00,0.09261,0.09265,0.09248,0.09255,2104571.555208
2026-04-01 01:15:00,0.09254,0.09254,0.09227,0.09234,1383231.319778
2026-04-01 01:20:00,0.09235,0.09235,0.09219,0.09221,1217480.958012
2026-04-01 01:25:00,0.09223,0.09223,0.09211,0.09211,477330.549973
2026-04-01 01:30:00,0.09211,0.09216,0.09179,0.09187,1306509.987233
2026-04-01 01:35:00,0.09188,0.09203,0.09173,0.09183,2327454.172571
2026-04-01 01:40:00,0.09184,0.09194,0.09181,0.09194,941991.285723
2026-04-01 01:45:00,0.09194,0.09194,0.09184,0.09184,587967.923394
2026-04-01 01:50:00,0.09184,0.09202,0.09184,0.09195,298623.846386
2026-04-01 01:55:00,0.09196,0.09202,0.09183,0.09185,874838.264678
2026-04-01 02:00:00,0.09184,0.092,0.09181,0.092,1192926.987187
2026-04-01 02:05:00,0.092,0.09211,0.09195,0.09206,802639.892776
2026-04-01 02:10:00,0.09207,0.09207,0.09187,0.09203,1082652.04179
2026-04-01 02:15:00,0.09201,0.09214,0.09191,0.09207,754037.021733
2026-04-01 02:20:00,0.09206,0.0921,0.09193,0.09198,467434.547423
2026-04-01 02:25:00,0.09198,0.09198,0.09164,0.0917,2737881.392279
2026-04-01 02:30:00,0.09169,0.09184,0.09165,0.09165,918338.03392
2026-04-01 02:35:00,0.09167,0.09184,0.09167,0.09179,398700.588181
2026-04-01 02:40:00,0.09179,0.09186,0.09178,0.09182,492803.445775
2026-04-01 02:45:00,0.0918,0.09189,0.09179,0.09184,286517.61129
2026-04-01 02:50:00,0.09182,0.09187,0.09182,0.09186,224608.459169
2026-04-01 02:55:00,0.09185,0.09185,0.09176,0.09179,2019970.814712
2026-04-01 03:00:00,0.09179,0.092,0.09179,0.092,1813683.792212
2026-04-01 03:05:00,0.09199,0.09261,0.09199,0.09258,4955541.204999
2026-04-01 03:10:00,0.09255,0.09255,0.09235,0.09236,1286733.095576
2026-04-01 03:15:00,0.09236,0.09236,0.09222,0.09224,879406.633395
2026-04-01 03:20:00,0.09224,0.0923,0.09222,0.09225,758065.600213
2026-04-01 03:25:00,0.09224,0.09225,0.09216,0.0922,461039.873372
2026-04-01 03:30:00,0.09221,0.09232,0.09215,0.09215,1482849.682636
2026-04-01 03:35:00,0.09215,0.09219,0.09211,0.09216,3032881.603967
2026-04-01 03:40:00,0.09217,0.09231,0.09215,0.0923,222362.331418
2026-04-01 03:45:00,0.0923,0.09255,0.0923,0.09245,2682064.720856
2026-04-01 03:50:00,0.09246,0.09248,0.09233,0.0924,1476899.448304
2026-04-01 03:55:00,0.09239,0.0925,0.09239,0.09248,2447479.765506
2026-04-01 04:00:00,0.09248,0.09262,0.09246,0.09248,1295462.218688
2026-04-01 04:05:00,0.09248,0.09251,0.09236,0.09236,115939.52692
2026-04-01 04:10:00,0.09237,0.09238,0.09228,0.09231,1664836.681215
2026-04-01 04:15:00,0.09231,0.09236,0.09226,0.09231,792092.614021
2026-04-01 04:20:00,0.09234,0.09247,0.09232,0.09238,847159.670353
2026-04-01 04:25:00,0.09239,0.09241,0.09233,0.09235,206835.749819
2026-04-01 04:30:00,0.09234,0.09245,0.09231,0.09245,257105.774722
2026-04-01 04:35:00,0.09249,0.09256,0.09241,0.09242,797471.078074
2026-04-01 04:40:00,0.09241,0.09254,0.09238,0.0924,405674.760244
2026-04-01 04:45:00,0.0924,0.09252,0.09233,0.09245,585456.581875
2026-04-01 04:50:00,0.09246,0.0926,0.09244,0.09245,772986.946518
2026-04-01 04:55:00,0.09243,0.09243,0.0923,0.09239,660429.31223
2026-04-01 05:00:00,0.09241,0.09241,0.09217,0.09218,2477503.630994
2026-04-01 05:05:00,0.09218,0.09231,0.09218,0.0923,600635.564198
2026-04-01 05:10:00,0.09229,0.09253,0.09223,0.0925,431377.476521
2026-04-01 05:15:00,0.09249,0.09274,0.09238,0.09258,3182100.104147
2026-04-01 05:20:00,0.0926,0.09295,0.09258,0.09285,3856437.378491
2026-04-01 05:25:00,0.09286,0.09331,0.09285,0.09303,11977999.99142
2026-04-01 05:30:00,0.09306,0.09319,0.09291,0.09296,1916861.96178
2026-04-01 05:35:00,0.09295,0.09297,0.09276,0.09289,4536404.38757
2026-04-01 05:40:00,0.0929,0.09309,0.09286,0.09299,992608.640644
2026-04-01 05:45:00,0.093,0.09311,0.093,0.09308,1296638.651353
2026-04-01 05:50:00,0.09308,0.09325,0.09308,0.09319,2090542.970944
2026-04-01 05:55:00,0.09319,0.09328,0.09312,0.09319,994393.753436
2026-04-01 06:00:00,0.0932,0.09335,0.09319,0.09323,2240731.762004
2026-04-01 06:05:00,0.09327,0.09409,0.09325,0.09384,11556112.022243
2026-04-01 06:10:00,0.09387,0.09423,0.09387,0.09396,7417548.134848
2026-04-01 06:15:00,0.09396,0.0941,0.09391,0.09405,3985154.608302
2026-04-01 06:20:00,0.09405,0.0941,0.09378,0.09383,3930023.293737
2026-04-01 06:25:00,0.09385,0.09405,0.09385,0.094,3095869.352616
2026-04-01 06:30:00,0.09398,0.0943,0.09386,0.09421,6624835.885185
2026-04-01 06:35:00,0.0942,0.0943,0.09409,0.09409,3722028.253124
2026-04-01 06:40:00,0.0941,0.09441,0.09404,0.09433,2820052.690666
2026-04-01 06:45:00,0.09431,0.09441,0.09397,0.094,5791575.589448
2026-04-01 06:50:00,0.094,0.09411,0.094,0.09409,3161518.842346
2026-04-01 06:55:00,0.0941,0.09433,0.09407,0.09427,6552899.356485
2026-04-01 07:00:00,0.09428,0.09444,0.09428,0.09428,2186679.128841
2026-04-01 07:05:00,0.09428,0.09446,0.09428,0.09439,1882404.377377
2026-04-01 07:10:00,0.0944,0.09451,0.09423,0.09443,3585621.193739
2026-04-01 07:15:00,0.09444,0.09446,0.09405,0.09411,6055250.070433
2026-04-01 07:20:00,0.0941,0.09411,0.09388,0.09406,6326862.951271
2026-04-01 07:25:00,0.09405,0.09413,0.09397,0.09398,5614597.225216
2026-04-01 07:30:00,0.09399,0.09414,0.09385,0.09387,4689205.562791
2026-04-01 07:35:00,0.09388,0.09389,0.09372,0.09373,4106869.076473
2026-04-01 07:40:00,0.09374,0.09378,0.09342,0.0935,6301242.49015
2026-04-01 07:45:00,0.09349,0.09355,0.09332,0.0934,6822844.055822
2026-04-01 07:50:00,0.09342,0.09344,0.09326,0.09328,1950303.228019
2026-04-01 07:55:00,0.09328,0.09333,0.09321,0.09324,2088930.570781
2026-04-01 08:00:00,0.09325,0.09341,0.09308,0.09331,3608160.481579
2026-04-01 08:05:00,0.09332,0.09332,0.09288,0.09288,3979914.384952
2026-04-01 08:10:00,0.0929,0.09291,0.09273,0.09275,2992254.959046
2026-04-01 08:15:00,0.09275,0.09285,0.09269,0.09279,1762306.020634
2026-04-01 08:20:00,0.0928,0.09288,0.0928,0.09287,727825.644963
2026-04-01 08:25:00,0.09287,0.09297,0.09286,0.09289,1488068.813083
2026-04-01 08:30:00,0.0929,0.09291,0.09276,0.09279,1822187.292584
2026-04-01 08:35:00,0.09281,0.09302,0.09279,0.09299,1445892.435188
2026-04-01 08:40:00,0.09299,0.09307,0.0929,0.09295,2550486.595279
2026-04-01 08:45:00,0.09295,0.09299,0.09278,0.09283,864558.795791
2026-04-01 08:50:00,0.0928,0.09288,0.09244,0.09246,3644266.590729
2026-04-01 08:55:00,0.09248,0.09257,0.09231,0.09247,2266979.590622
2026-04-01 09:00:00,0.09247,0.09261,0.09241,0.09253,871742.238669
2026-04-01 09:05:00,0.09254,0.0926,0.09221,0.09226,2996577.166046
2026-04-01 09:10:00,0.09225,0.0923,0.09219,0.09228,1090994.352135
2026-04-01 09:15:00,0.09229,0.0923,0.09211,0.09221,1198357.651833
2026-04-01 09:20:00,0.09222,0.09229,0.09215,0.0922,1122375.685639
2026-04-01 09:25:00,0.09218,0.0923,0.09217,0.0923,244628.066619
2026-04-01 09:30:00,0.0923,0.09243,0.09218,0.09223,3960134.120643
2026-04-01 09:35:00,0.09224,0.09233,0.09204,0.09206,1632797.850212
2026-04-01 09:40:00,0.09206,0.09215,0.09188,0.09211,1319597.993504
2026-04-01 09:45:00,0.09213,0.09235,0.09213,0.09233,1086478.12774
2026-04-01 09:50:00,0.09236,0.0926,0.09236,0.09249,6861435.790702
2026-04-01 09:55:00,0.09249,0.09249,0.09237,0.09241,524605.575005
2026-04-01 10:00:00,0.09242,0.09251,0.09236,0.09236,2210401.255328
2026-04-01 10:05:00,0.0924,0.09243,0.09235,0.09237,204763.298547
2026-04-01 10:10:00,0.09237,0.09253,0.09237,0.09244,1159996.605749
2026-04-01 10:15:00,0.09243,0.09244,0.09229,0.09232,1076411.782114
2026-04-01 10:20:00,0.09232,0.09248,0.09232,0.09234,422869.542909
2026-04-01 10:25:00,0.09233,0.09237,0.09228,0.0923,420036.844569
2026-04-01 10:30:00,0.09231,0.09232,0.09206,0.09206,3320333.230081
2026-04-01 10:35:00,0.09205,0.09227,0.09201,0.09226,1768635.284199
2026-04-01 10:40:00,0.09227,0.09239,0.09227,0.09233,529361.457917
2026-04-01 10:45:00,0.09233,0.09266,0.09233,0.09263,1696730.992977
2026-04-01 10:50:00,0.09265,0.09268,0.09249,0.09251,608290.402762
2026-04-01 10:55:00,0.09246,0.09248,0.0923,0.09248,588026.947687
2026-04-01 11:00:00,0.09248,0.09249,0.09239,0.09242,1103438.55888
2026-04-01 11:05:00,0.0924,0.09241,0.09229,0.0923,336528.301255
2026-04-01 11:10:00,0.0923,0.09247,0.09227,0.09241,769412.88356
2026-04-01 11:15:00,0.0924,0.09243,0.09233,0.09243,1213158.8076
2026-04-01 11:20:00,0.09243,0.09244,0.09231,0.09241,212542.541392
2026-04-01 11:25:00,0.09245,0.09254,0.09245,0.09246,261042.120658
2026-04-01 11:30:00,0.09247,0.09256,0.09244,0.09249,603222.697063
2026-04-01 11:35:00,0.0925,0.09255,0.09245,0.09252,283411.212959
2026-04-01 11:40:00,0.09252,0.09255,0.09246,0.09252,293730.585364
2026-04-01 11:45:00,0.09252,0.09259,0.09252,0.09259,240125.886269
2026-04-01 11:50:00,0.09259,0.0928,0.09254,0.09267,1611608.932837
2026-04-01 11:55:00,0.09266,0.09267,0.0925,0.09252,1092362.871338
2026-04-01 12:00:00,0.09252,0.09255,0.09231,0.09235,2032662.655532
2026-04-01 12:05:00,0.09233,0.0925,0.09233,0.09249,868736.397231
2026-04-01 12:10:00,0.09249,0.09259,0.09239,0.09243,763818.8627
2026-04-01 12:15:00,0.09244,0.09255,0.09242,0.09252,379453.404801
2026-04-01 12:20:00,0.09251,0.09255,0.09247,0.09255,549338.591008
2026-04-01 12:25:00,0.09256,0.09266,0.09249,0.09263,433148.076169
2026-04-01 12:30:00,0.09263,0.09285,0.09252,0.09252,1228014.324405
2026-04-01 12:35:00,0.09253,0.09255,0.0923,0.09238,1733821.954659
2026-04-01 12:40:00,0.09238,0.09314,0.09238,0.09308,7109552.140498
2026-04-01 12:45:00,0.09307,0.09325,0.09272,0.0929,6644094.908627
2026-04-01 12:50:00,0.09284,0.09299,0.09267,0.09271,1116358.279297
2026-04-01 12:55:00,0.09272,0.09279,0.0925,0.09256,2605414.685854
2026-04-01 13:00:00,0.09259,0.09275,0.09229,0.09247,6609271.708921
2026-04-01 13:05:00,0.09247,0.09247,0.09228,0.09245,3428717.454664
2026-04-01 13:10:00,0.09246,0.09283,0.09246,0.09274,846332.33301
2026-04-01 13:15:00,0.09273,0.09293,0.09273,0.09292,699982.743979
2026-04-01 13:20:00,0.09291,0.09295,0.09279,0.09279,662832.213168
2026-04-01 13:25:00,0.0928,0.09291,0.09275,0.09282,910110.945988
2026-04-01 13:30:00,0.09281,0.09282,0.09251,0.09262,1489434.230289
2026-04-01 13:35:00,0.09264,0.09281,0.09251,0.09259,605083.672826
2026-04-01 13:40:00,0.09258,0.09258,0.09212,0.09241,5019988.300216
2026-04-01 13:45:00,0.09241,0.09245,0.09217,0.09224,2357532.712305
2026-04-01 13:50:00,0.09224,0.09259,0.09216,0.09244,1042038.531231
2026-04-01 13:55:00,0.0924,0.09247,0.09234,0.09243,1572245.076501
2026-04-01 14:00:00,0.09243,0.09254,0.09237,0.09242,2531238.485928
2026-04-01 14:05:00,0.09243,0.09266,0.09233,0.09259,720664.252552
2026-04-01 14:10:00,0.0926,0.09277,0.09252,0.09277,1576649.185503
2026-04-01 14:15:00,0.09277,0.09288,0.09258,0.09272,377059.788614
2026-04-01 14:20:00,0.09274,0.09297,0.09266,0.0928,1201734.28326
2026-04-01 14:25:00,0.0928,0.09292,0.09276,0.09287,908082.968641
2026-04-01 14:30:00,0.09287,0.09298,0.09247,0.09247,2653547.549503
2026-04-01 14:35:00,0.09249,0.09296,0.09245,0.09283,1200818.593845
2026-04-01 14:40:00,0.09282,0.09283,0.09263,0.09271,620391.499164
2026-04-01 14:45:00,0.09272,0.09294,0.09266,0.0929,1728663.191231
2026-04-01 14:50:00,0.0929,0.09305,0.09283,0.09297,942490.347143
2026-04-01 14:55:00,0.09296,0.09296,0.09275,0.09284,4759441.145051
2026-04-01 15:00:00,0.09285,0.0929,0.09273,0.09273,749089.095134
2026-04-01 15:05:00,0.09274,0.09289,0.09274,0.09275,387926.217692
2026-04-01 15:10:00,0.09277,0.09277,0.09261,0.09264,725128.54333
2026-04-01 15:15:00,0.09264,0.09269,0.09255,0.09269,783380.121149
2026-04-01 15:20:00,0.09269,0.09303,0.09262,0.09303,3319810.818413
2026-04-01 15:25:00,0.09304,0.09322,0.09295,0.09303,3996623.575935
2026-04-01 15:30:00,0.09303,0.09315,0.09292,0.09295,551351.410102
2026-04-01 15:35:00,0.09298,0.09314,0.09291,0.09292,1900551.674183
2026-04-01 15:40:00,0.09291,0.09303,0.09289,0.09299,322125.523896
2026-04-01 15:45:00,0.09299,0.09309,0.09291,0.09295,639876.954278
2026-04-01 15:50:00,0.09293,0.09307,0.09292,0.09296,373732.658323
2026-04-01 15:55:00,0.09298,0.09315,0.09296,0.09306,2277527.160935
2026-04-01 16:00:00,0.09307,0.0931,0.09275,0.09276,2400485.869123
2026-04-01 16:05:00,0.09276,0.09286,0.09266,0.09285,1429920.221502
2026-04-01 16:10:00,0.09284,0.09292,0.09257,0.09264,1372596.494302
2026-04-01 16:15:00,0.09264,0.09301,0.09262,0.09294,1308174.961085
2026-04-01 16:20:00,0.09296,0.09319,0.09296,0.09314,1167148.473461
2026-04-01 16:25:00,0.09318,0.0934,0.09314,0.09328,2870884.097212
2026-04-01 16:30:00,0.09329,0.09347,0.09321,0.09329,2125239.705542
2026-04-01 16:35:00,0.09333,0.0936,0.0933,0.09349,3300670.607798
2026-04-01 16:40:00,0.09347,0.09367,0.09339,0.09356,2086658.473946
2026-04-01 16:45:00,0.09356,0.09359,0.09336,0.09345,865425.203353
2026-04-01 16:50:00,0.09344,0.0936,0.09343,0.09346,628052.520282
2026-04-01 16:55:00,0.09345,0.09347,0.09336,0.09342,695084.546552
2026-04-01 17:00:00,0.09341,0.09428,0.09339,0.09425,8203234.909932
2026-04-01 17:05:00,0.09423,0.09424,0.09371,0.09377,2951515.707599
2026-04-01 17:10:00,0.09377,0.09384,0.0935,0.09351,5595867.09868
2026-04-01 17:15:00,0.09351,0.09374,0.09351,0.09362,2417507.186409
2026-04-01 17:20:00,0.09361,0.09361,0.0933,0.0934,2117023.403892
2026-04-01 17:25:00,0.09339,0.09339,0.09301,0.09306,1667549.500846
2026-04-01 17:30:00,0.09308,0.09324,0.093,0.09311,1626836.515142
2026-04-01 17:35:00,0.0931,0.09332,0.09292,0.09324,1127519.421387
2026-04-01 17:40:00,0.09323,0.09323,0.09311,0.09312,501353.091135
2026-04-01 17:45:00,0.09314,0.09316,0.09287,0.09292,708398.186546
2026-04-01 17:50:00,0.09294,0.09297,0.09276,0.09287,4945545.943947
2026-04-01 17:55:00,0.09282,0.09287,0.09278,0.09282,417265.341007
2026-04-01 18:00:00,0.09282,0.09287,0.09238,0.09264,2024093.473173
2026-04-01 18:05:00,0.09261,0.0928,0.09259,0.09279,955083.214576
2026-04-01 18:10:00,0.09277,0.09286,0.09277,0.09278,1347214.445408
2026-04-01 18:15:00,0.09276,0.0928,0.09262,0.09272,214804.38663
2026-04-01 18:20:00,0.09273,0.09283,0.09259,0.09262,457063.917231
2026-04-01 18:25:00,0.09264,0.09273,0.09258,0.09261,252028.206628
2026-04-01 18:30:00,0.0926,0.09273,0.09251,0.09273,2440469.921965
2026-04-01 18:35:00,0.09267,0.09282,0.09262,0.09277,2769831.057269
2026-04-01 18:40:00,0.09276,0.09288,0.09273,0.09274,729875.881546
2026-04-01 18:45:00,0.09275,0.09275,0.09251,0.09251,1087321.395477
2026-04-01 18:50:00,0.09251,0.09258,0.09246,0.09253,1070681.841668
2026-04-01 18:55:00,0.09253,0.09255,0.09241,0.09251,695564.134077
2026-04-01 19:00:00,0.09252,0.09263,0.0925,0.09263,859783.079148
2026-04-01 19:05:00,0.09262,0.09274,0.09257,0.09261,2700882.962583
2026-04-01 19:10:00,0.0926,0.09262,0.09251,0.09255,976680.718184
2026-04-01 19:15:00,0.09251,0.09263,0.0925,0.09263,1626282.84111
2026-04-01 19:20:00,0.09263,0.09266,0.0926,0.09266,127393.364612
2026-04-01 19:25:00,0.09268,0.0929,0.09268,0.09287,2759823.240446
2026-04-01 19:30:00,0.0929,0.09297,0.09278,0.09284,706317.916768
2026-04-01 19:35:00,0.09284,0.09286,0.0928,0.09284,115543.946136
2026-04-01 19:40:00,0.09281,0.09282,0.09265,0.09268,176343.707187
2026-04-01 19:45:00,0.09266,0.09295,0.09264,0.09294,272127.02301
2026-04-01 19:50:00,0.09295,0.09296,0.09276,0.09288,520199.700695
2026-04-01 19:55:00,0.09288,0.0929,0.0928,0.09283,1071977.959783
2026-04-01 20:00:00,0.09285,0.09289,0.09249,0.09257,702613.378041
2026-04-01 20:05:00,0.09258,0.09262,0.09246,0.09248,557550.187651
2026-04-01 20:10:00,0.09251,0.0926,0.0925,0.09253,618692.035778
2026-04-01 20:15:00,0.09251,0.09258,0.09249,0.09254,204151.690775
2026-04-01 20:20:00,0.09254,0.09256,0.09245,0.09255,262103.497108
2026-04-01 20:25:00,0.09252,0.09254,0.09238,0.09239,208517.117595
2026-04-01 20:30:00,0.09238,0.09247,0.09223,0.09247,5471914.767206
2026-04-01 20:35:00,0.09247,0.09268,0.09245,0.09262,1041230.876025
2026-04-01 20:40:00,0.0926,0.09271,0.09258,0.0927,187702.585472
2026-04-01 20:45:00,0.09268,0.09277,0.09266,0.0927,214326.352561
2026-04-01 20:50:00,0.0927,0.09282,0.0927,0.09279,1294297.619786
2026-04-01 20:55:00,0.0928,0.09281,0.0926,0.09261,667802.120946
2026-04-01 21:00:00,0.09262,0.09273,0.09258,0.09269,620516.001245
2026-04-01 21:05:00,0.09269,0.0931,0.09269,0.0931,801192.693496
2026-04-01 21:10:00,0.09311,0.09317,0.09288,0.093,1485267.381498
2026-04-01 21:15:00,0.09299,0.09302,0.09296,0.09301,332865.998577
2026-04-01 21:20:00,0.09302,0.09309,0.09301,0.09304,580983.448369
2026-04-01 21:25:00,0.09304,0.09325,0.09299,0.09302,490647.345203
2026-04-01 21:30:00,0.09303,0.09312,0.09298,0.09312,199773.914565
2026-04-01 21:35:00,0.09311,0.09315,0.09304,0.09306,286632.349785
2026-04-01 21:40:00,0.09306,0.09309,0.09299,0.09308,565305.440307
2026-04-01 21:45:00,0.09306,0.09308,0.09301,0.09301,151946.622801
2026-04-01 21:50:00,0.09301,0.09303,0.09282,0.09296,826746.038409
2026-04-01 21:55:00,0.09295,0.09332,0.09295,0.09312,695846.603573
2026-04-01 22:00:00,0.09311,0.0932,0.09294,0.09299,806729.036922
2026-04-01 22:05:00,0.09297,0.09297,0.09281,0.09296,795430.062445
2026-04-01 22:10:00,0.09297,0.09298,0.09286,0.09294,1479440.435187
2026-04-01 22:15:00,0.09294,0.09294,0.09255,0.09255,1672603.351784
2026-04-01 22:20:00,0.09255,0.09269,0.09255,0.09263,4029562.648425
2026-04-01 22:25:00,0.09263,0.09265,0.09251,0.09251,489345.058672
2026-04-01 22:30:00,0.09251,0.09258,0.09239,0.09258,1131699.683867
2026-04-01 22:35:00,0.09256,0.09256,0.0924,0.0925,446717.301329
2026-04-01 22:40:00,0.0925,0.09267,0.09249,0.09255,852427.642896
2026-04-01 22:45:00,0.09256,0.09266,0.09249,0.09252,164965.195729
2026-04-01 22:50:00,0.09254,0.09254,0.0924,0.09244,407223.056363
2026-04-01 22:55:00,0.09243,0.09249,0.09239,0.09242,232015.341503
2026-04-01 23:00:00,0.09243,0.09259,0.09237,0.09257,441982.511512
2026-04-01 23:05:00,0.09256,0.09264,0.09254,0.09263,405557.459155
2026-04-01 23:10:00,0.09258,0.09262,0.09252,0.09259,435943.199788
2026-04-01 23:15:00,0.09257,0.09261,0.09242,0.09248,502845.77297
2026-04-01 23:20:00,0.0925,0.09253,0.09248,0.09251,97755.104053
2026-04-01 23:25:00,0.09248,0.09251,0.09245,0.09248,485670.237741
2026-04-01 23:30:00,0.09248,0.09256,0.09231,0.09256,922870.572669
2026-04-01 23:35:00,0.09255,0.09258,0.09246,0.09251,641969.475158
2026-04-01 23:40:00,0.09251,0.09254,0.09244,0.09245,71695.69565
2026-04-01 23:45:00,0.09245,0.09246,0.09225,0.09238,3349518.263763
2026-04-01 23:50:00,0.09239,0.09241,0.09219,0.09225,838250.690749
2026-04-01 23:55:00,0.09227,0.09227,0.09207,0.09221,1175617.586972
2026-04-02 00:00:00,0.09219,0.09225,0.09202,0.09222,1217459.039313
2026-04-02 00:05:00,0.0922,0.09232,0.09218,0.09226,2335136.535485
2026-04-02 00:10:00,0.09225,0.09231,0.09217,0.09227,1271949.854972
2026-04-02 00:15:00,0.09226,0.09238,0.09212,0.09228,1026175.209742
2026-04-02 00:20:00,0.09228,0.09233,0.09215,0.09221,312679.395257
2026-04-02 00:25:00,0.0922,0.09223,0.09215,0.09215,495852.631336
2026-04-02 00:30:00,0.09214,0.09231,0.09211,0.09226,282188.778322
2026-04-02 00:35:00,0.09227,0.0924,0.09218,0.0924,1065308.431449
2026-04-02 00:40:00,0.09239,0.09265,0.09233,0.09265,4629731.629113
2026-04-02 00:45:00,0.09265,0.09271,0.09246,0.09258,1381676.785259
2026-04-02 00:50:00,0.09259,0.09269,0.09243,0.09269,410849.785959
2026-04-02 00:55:00,0.09267,0.09268,0.09251,0.09252,1142789.698036
2026-04-02 01:00:00,0.09251,0.09255,0.09144,0.09166,18441413.389763
2026-04-02 01:05:00,0.09164,0.09203,0.09093,0.09195,21132244.759537
2026-04-02 01:10:00,0.09196,0.09229,0.09169,0.09171,4920724.942579
2026-04-02 01:15:00,0.0917,0.0917,0.0907,0.09098,15548540.904273
2026-04-02 01:20:00,0.09097,0.09127,0.0905,0.09095,12385663.681814
2026-04-02 01:25:00,0.09094,0.091,0.0905,0.09085,4189700.415687
2026-04-02 01:30:00,0.09085,0.09085,0.09012,0.09046,16624398.302661
2026-04-02 01:35:00,0.09044,0.09059,0.09018,0.09033,4745267.153227
2026-04-02 01:40:00,0.09033,0.0904,0.09015,0.09019,6763409.864572
2026-04-02 01:45:00,0.09019,0.09065,0.09008,0.09053,14566746.720358
2026-04-02 01:50:00,0.09054,0.09076,0.09048,0.09067,5885791.127731
2026-04-02 01:55:00,0.09065,0.09087,0.09055,0.09059,3696447.021394
2026-04-02 02:00:00,0.09058,0.09059,0.09028,0.09032,8657573.279519
2026-04-02 02:05:00,0.09033,0.0906,0.09015,0.09025,3432005.137396
2026-04-02 02:10:00,0.09024,0.09034,0.09,0.09008,6498653.440932
2026-04-02 02:15:00,0.09008,0.09025,0.08998,0.09014,15640133.58664
2026-04-02 02:20:00,0.09014,0.09017,0.08989,0.09006,10348786.967526
2026-04-02 02:25:00,0.09005,0.09015,0.08996,0.09008,4280469.512121
2026-04-02 02:30:00,0.09009,0.09035,0.09006,0.09025,4409994.984708
2026-04-02 02:35:00,0.09025,0.09026,0.09006,0.09012,1932996.373322
2026-04-02 02:40:00,0.09012,0.09025,0.08985,0.08985,8574583.603195
2026-04-02 02:45:00,0.08985,0.09013,0.0898,0.09001,5162551.216001
2026-04-02 02:50:00,0.09001,0.0902,0.09001,0.09015,4187054.963988
2026-04-02 02:55:00,0.09016,0.09021,0.09012,0.09015,2181374.549808
2026-04-02 03:00:00,0.09016,0.09016,0.09,0.09004,3120507.321731
2026-04-02 03:05:00,0.09003,0.09024,0.09002,0.09022,3520354.909375
2026-04-02 03:10:00,0.09021,0.09021,0.09,0.09008,4496190.829287
2026-04-02 03:15:00,0.09007,0.09013,0.09001,0.09003,1872606.500288
2026-04-02 03:20:00,0.09004,0.09035,0.0899,0.09034,4291325.47313
2026-04-02 03:25:00,0.09034,0.09045,0.09032,0.09034,1755673.279156
2026-04-02 03:30:00,0.09035,0.09048,0.09031,0.09031,1959302.777771
2026-04-02 03:35:00,0.09031,0.09043,0.09023,0.09025,1050801.144234
2026-04-02 03:40:00,0.09025,0.09025,0.08953,0.08978,14385836.685833
2026-04-02 03:45:00,0.08976,0.08979,0.0896,0.08979,5342573.761866
2026-04-02 03:50:00,0.08979,0.08992,0.08975,0.08986,2963327.239312
2026-04-02 03:55:00,0.08986,0.09017,0.08981,0.09013,3122252.573777
2026-04-02 04:00:00,0.09013,0.09013,0.08998,0.09002,2985472.850976
2026-04-02 04:05:00,0.09003,0.09007,0.08998,0.09,1068688.242171
2026-04-02 04:10:00,0.09001,0.09005,0.08987,0.08992,983397.117159
2026-04-02 04:15:00,0.08993,0.09011,0.08993,0.09002,672271.602842
2026-04-02 04:20:00,0.09002,0.09008,0.08988,0.08998,1648746.447043
2026-04-02 04:25:00,0.08998,0.09002,0.08989,0.08998,1266638.268218
2026-04-02 04:30:00,0.08998,0.09001,0.08991,0.09001,797929.615865
2026-04-02 04:35:00,0.09,0.09005,0.08981,0.08985,1255782.901068
2026-04-02 04:40:00,0.08984,0.08987,0.08975,0.08977,920245.71915
2026-04-02 04:45:00,0.08977,0.08986,0.08972,0.08976,2386748.851832
2026-04-02 04:50:00,0.08976,0.08978,0.08967,0.0897,1195750.426857
2026-04-02 04:55:00,0.0897,0.0898,0.08965,0.08976,2206397.710076
2026-04-02 05:00:00,0.08976,0.08983,0.08967,0.08971,3510682.269748
2026-04-02 05:05:00,0.08971,0.08972,0.08924,0.08945,11188783.059045
2026-04-02 05:10:00,0.08944,0.08955,0.08938,0.08952,3701849.177283
2026-04-02 05:15:00,0.08953,0.08971,0.08942,0.08943,1758071.881162
2026-04-02 05:20:00,0.08943,0.08961,0.08934,0.0896,2883356.786242
2026-04-02 05:25:00,0.0896,0.0896,0.08946,0.08955,1924146.505812
2026-04-02 05:30:00,0.08957,0.08965,0.08952,0.08961,873233.254943
2026-04-02 05:35:00,0.08962,0.08986,0.08961,0.08986,1154118.886807
2026-04-02 05:40:00,0.08985,0.09001,0.0898,0.08998,1827126.272878
2026-04-02 05:45:00,0.08998,0.09003,0.08992,0.08997,1398257.019785
2026-04-02 05:50:00,0.08997,0.09011,0.08992,0.09004,645594.980783
2026-04-02 05:55:00,0.09006,0.0902,0.09006,0.09011,2418247.688722
2026-04-02 06:00:00,0.09012,0.09014,0.08998,0.09,1755292.771023
2026-04-02 06:05:00,0.09,0.09006,0.08996,0.08998,938635.605628
2026-04-02 06:10:00,0.08999,0.09004,0.08995,0.09003,624320.083954
2026-04-02 06:15:00,0.09001,0.09037,0.09001,0.09031,1734571.861186
2026-04-02 06:20:00,0.09031,0.09034,0.09019,0.09027,5187073.72372
2026-04-02 06:25:00,0.09025,0.09026,0.09013,0.09014,1426608.671789
2026-04-02 06:30:00,0.09012,0.09012,0.08997,0.09002,1946804.655005
2026-04-02 06:35:00,0.09002,0.09002,0.08992,0.08998,1804392.131583
2026-04-02 06:40:00,0.08998,0.09004,0.08995,0.09001,639745.859245
2026-04-02 06:45:00,0.09002,0.09015,0.09002,0.09011,654621.519578
2026-04-02 06:50:00,0.09011,0.09014,0.09005,0.09005,853843.025437
2026-04-02 06:55:00,0.09005,0.09011,0.09004,0.09009,337324.5076
2026-04-02 07:00:00,0.09009,0.09009,0.08999,0.09002,525656.99504
2026-04-02 07:05:00,0.09002,0.09014,0.09001,0.09004,479326.749079
2026-04-02 07:10:00,0.09003,0.09005,0.0899,0.08999,4948666.552753
2026-04-02 07:15:00,0.08998,0.09026,0.08998,0.09018,2859226.946581
2026-04-02 07:20:00,0.09019,0.09022,0.09009,0.09017,1163262.788945
2026-04-02 07:25:00,0.09017,0.09017,0.09012,0.09012,563174.436408
2026-04-02 07:30:00,0.0901,0.09021,0.09004,0.09011,922538.662556
2026-04-02 07:35:00,0.09011,0.0902,0.09009,0.09013,1212684.793444
2026-04-02 07:40:00,0.09013,0.09022,0.09013,0.0902,1354705.709204
2026-04-02 07:45:00,0.0902,0.09029,0.0902,0.09022,2173238.553057
2026-04-02 07:50:00,0.09022,0.09039,0.09014,0.09032,7468135.734548
2026-04-02 07:55:00,0.09032,0.09035,0.09027,0.09027,780347.669851
2026-04-02 08:00:00,0.09027,0.09027,0.0901,0.09019,1716764.874618
2026-04-02 08:05:00,0.09019,0.09024,0.09013,0.09016,724870.152387
2026-04-02 08:10:00,0.09017,0.09021,0.09014,0.09016,503871.834857
2026-04-02 08:15:00,0.09017,0.0902,0.09013,0.09018,1561388.997375
2026-04-02 08:20:00,0.09018,0.0902,0.09008,0.09015,559853.163619
2026-04-02 08:25:00,0.09013,0.09023,0.09013,0.09023,496172.627156
2026-04-02 08:30:00,0.09022,0.09031,0.09022,0.0903,309998.024943
2026-04-02 08:35:00,0.09029,0.09029,0.09012,0.09013,545846.444628
2026-04-02 08:40:00,0.09011,0.09011,0.09003,0.09007,400269.515081
2026-04-02 08:45:00,0.09008,0.09016,0.09008,0.09014,456052.669606
2026-04-02 08:50:00,0.09013,0.09017,0.09013,0.09014,314832.780183
2026-04-02 08:55:00,0.09014,0.09015,0.09008,0.09009,623144.234852
2026-04-02 09:00:00,0.0901,0.09012,0.08997,0.0901,1549171.952526
2026-04-02 09:05:00,0.09011,0.09016,0.08985,0.08985,1910666.326117
2026-04-02 09:10:00,0.08985,0.09016,0.08982,0.09012,1267498.71921
2026-04-02 09:15:00,0.09012,0.0902,0.08996,0.08996,1912384.204509
2026-04-02 09:20:00,0.08996,0.09008,0.08996,0.08999,837495.946553
2026-04-02 09:25:00,0.08999,0.09041,0.08999,0.09038,4022538.415846
2026-04-02 09:30:00,0.09037,0.09052,0.09032,0.09038,2205337.033491
2026-04-02 09:35:00,0.09039,0.09054,0.09039,0.09041,3876625.194912
2026-04-02 09:40:00,0.09041,0.09048,0.09038,0.09044,606847.929471
2026-04-02 09:45:00,0.09045,0.09048,0.09039,0.09044,719903.195746
2026-04-02 09:50:00,0.09045,0.09047,0.09038,0.09041,232678.894211
2026-04-02 09:55:00,0.09039,0.09041,0.09025,0.09025,940461.172424
2026-04-02 10:00:00,0.09024,0.09024,0.09003,0.09004,2064362.756117
2026-04-02 10:05:00,0.09003,0.09014,0.08995,0.09001,4374964.037471
2026-04-02 10:10:00,0.09001,0.09003,0.08976,0.08991,2639494.266947
2026-04-02 10:15:00,0.08991,0.09001,0.08987,0.08998,736521.919108
2026-04-02 10:20:00,0.08998,0.09009,0.08996,0.09006,1720947.427716
2026-04-02 10:25:00,0.09007,0.0901,0.09005,0.09005,906187.810576
2026-04-02 10:30:00,0.09004,0.09011,0.08997,0.09003,382912.535949
2026-04-02 10:35:00,0.09002,0.09003,0.08982,0.08983,586781.852389
2026-04-02 10:40:00,0.08984,0.09012,0.08984,0.09004,1334865.543853
2026-04-02 10:45:00,0.09003,0.09005,0.08995,0.08996,1282836.265014
2026-04-02 10:50:00,0.08994,0.09003,0.08992,0.08999,850807.760457
2026-04-02 10:55:00,0.09,0.09005,0.0899,0.08991,1031475.909159
2026-04-02 11:00:00,0.08992,0.08997,0.08988,0.08996,750058.094977
2026-04-02 11:05:00,0.08996,0.08998,0.08987,0.08987,861047.252645
2026-04-02 11:10:00,0.0899,0.08993,0.08967,0.08973,1576698.154533
2026-04-02 11:15:00,0.08974,0.08996,0.08953,0.08985,5098889.377945
2026-04-02 11:20:00,0.08986,0.09004,0.08984,0.08999,849312.809978
2026-04-02 11:25:00,0.08998,0.09006,0.08995,0.09,669847.68363
2026-04-02 11:30:00,0.08998,0.09002,0.08997,0.08999,133060.567332
2026-04-02 11:35:00,0.08999,0.09,0.08986,0.08992,398835.465123
2026-04-02 11:40:00,0.0899,0.08997,0.08986,0.08997,506808.945978
2026-04-02 11:45:00,0.08997,0.09001,0.08993,0.09001,338311.041101
2026-04-02 11:50:00,0.09002,0.09009,0.09,0.09005,480081.874269
2026-04-02 11:55:00,0.09004,0.09004,0.08994,0.08999,92743.511327
2026-04-02 12:00:00,0.08999,0.08999,0.08977,0.08984,694835.308507
2026-04-02 12:05:00,0.08988,0.08996,0.08972,0.08984,674534.788956
2026-04-02 12:10:00,0.08984,0.08992,0.08978,0.08992,812636.265151
2026-04-02 12:15:00,0.08992,0.08993,0.08977,0.08977,741591.864644
2026-04-02 12:20:00,0.08977,0.09002,0.08974,0.08997,2047550.615611
2026-04-02 12:25:00,0.08996,0.08999,0.08989,0.08994,648774.746012
2026-04-02 12:30:00,0.08993,0.08993,0.08979,0.08981,1857840.506541
2026-04-02 12:35:00,0.08982,0.08987,0.08975,0.08983,1823657.179227
2026-04-02 12:40:00,0.08982,0.08988,0.08979,0.08984,529756.798955
2026-04-02 12:45:00,0.08983,0.0899,0.08946,0.08952,3066058.091283
2026-04-02 12:50:00,0.08953,0.08959,0.08942,0.08948,4042640.713797
2026-04-02 12:55:00,0.08948,0.0895,0.08934,0.08941,6520596.756084
2026-04-02 13:00:00,0.0894,0.08951,0.08928,0.08947,1663144.520258
2026-04-02 13:05:00,0.08945,0.08956,0.08929,0.08941,3697445.24121
2026-04-02 13:10:00,0.0894,0.08941,0.0892,0.08924,7762596.872172
2026-04-02 13:15:00,0.08923,0.08938,0.08918,0.08931,1671050.214971
2026-04-02 13:20:00,0.08931,0.08944,0.0893,0.08944,2039714.903903
2026-04-02 13:25:00,0.08944,0.08964,0.08943,0.08957,1986812.658653
2026-04-02 13:30:00,0.08956,0.08969,0.08937,0.08942,2140950.606506
2026-04-02 13:35:00,0.08942,0.08942,0.08904,0.08909,15345653.228566
2026-04-02 13:40:00,0.08908,0.08932,0.08899,0.08929,12257647.330181
2026-04-02 13:45:00,0.08928,0.08954,0.08925,0.08948,1765228.487305
2026-04-02 13:50:00,0.08946,0.08968,0.08945,0.08957,2166196.099187
2026-04-02 13:55:00,0.08955,0.08984,0.08954,0.08978,2358629.329667
2026-04-02 14:00:00,0.08979,0.08986,0.0896,0.08974,1847430.040644
2026-04-02 14:05:00,0.08977,0.08998,0.08969,0.08975,4822930.761174
2026-04-02 14:10:00,0.08977,0.08998,0.08971,0.08992,2177512.229148
2026-04-02 14:15:00,0.0899,0.08993,0.08958,0.08973,8332985.955012
2026-04-02 14:20:00,0.08971,0.09008,0.08966,0.09,3802763.409159
2026-04-02 14:25:00,0.08998,0.08998,0.0897,0.08972,804516.247234
2026-04-02 14:30:00,0.08972,0.09027,0.0897,0.09018,2217834.459986
2026-04-02 14:35:00,0.09022,0.09118,0.0902,0.09073,19925495.751473
2026-04-02 14:40:00,0.09071,0.09098,0.09055,0.09096,3313056.108944
2026-04-02 14:45:00,0.09097,0.09101,0.09038,0.09043,4995729.907528
2026-04-02 14:50:00,0.09043,0.09062,0.09032,0.09062,1244562.938856
2026-04-02 14:55:00,0.09059,0.09084,0.09057,0.09061,1744468.676408
2026-04-02 15:00:00,0.09061,0.09074,0.09051,0.09073,1623283.419579
2026-04-02 15:05:00,0.09064,0.09065,0.09051,0.09056,642751.086659
2026-04-02 15:10:00,0.09059,0.09071,0.09048,0.09054,2332667.7809
2026-04-02 15:15:00,0.09053,0.09053,0.09037,0.0904,1047313.034978
2026-04-02 15:20:00,0.09038,0.09038,0.09006,0.09019,6287930.164309
2026-04-02 15:25:00,0.09018,0.09028,0.0901,0.09025,566267.512089
2026-04-02 15:30:00,0.09029,0.0903,0.09022,0.09028,636946.561393
2026-04-02 15:35:00,0.09029,0.09059,0.09029,0.09048,902741.238767
2026-04-02 15:40:00,0.09048,0.09052,0.09029,0.09049,1463742.211401
2026-04-02 15:45:00,0.09053,0.09053,0.09033,0.09035,536286.700159
2026-04-02 15:50:00,0.09034,0.09034,0.09025,0.09034,336799.654567
2026-04-02 15:55:00,0.09035,0.09038,0.09025,0.09034,1759470.019751
2026-04-02 16:00:00,0.09034,0.09035,0.09014,0.09016,441213.477442
2026-04-02 16:05:00,0.09017,0.09048,0.09017,0.09047,595200.209423
2026-04-02 16:10:00,0.09047,0.09048,0.09027,0.09029,1248754.048415
2026-04-02 16:15:00,0.09029,0.09031,0.0902,0.09021,450529.141836
2026-04-02 16:20:00,0.0902,0.0902,0.09004,0.09013,550587.751945
2026-04-02 16:25:00,0.09009,0.09023,0.09006,0.09017,1684650.598557
2026-04-02 16:30:00,0.09016,0.09044,0.09011,0.09044,670364.712485
2026-04-02 16:35:00,0.09043,0.09059,0.09035,0.0905,455770.66798
2026-04-02 16:40:00,0.09051,0.09085,0.09051,0.09058,1836593.237139
2026-04-02 16:45:00,0.09057,0.09059,0.09036,0.09036,1136981.035818
2026-04-02 16:50:00,0.09036,0.09039,0.09018,0.0903,3776622.956788
2026-04-02 16:55:00,0.0903,0.0903,0.09015,0.09015,712722.065756
2026-04-02 17:00:00,0.09014,0.09016,0.09003,0.09016,1827857.21463
2026-04-02 17:05:00,0.09009,0.09035,0.09006,0.09035,1030403.667429
2026-04-02 17:10:00,0.09033,0.09055,0.0903,0.09051,1377437.59143
2026-04-02 17:15:00,0.09054,0.0908,0.09042,0.09064,2382910.846393
2026-04-02 17:20:00,0.09067,0.09075,0.09062,0.09072,666550.997141
2026-04-02 17:25:00,0.0907,0.0907,0.09063,0.09064,1634451.830726
2026-04-02 17:30:00,0.09063,0.09063,0.09032,0.09032,1103388.537208
2026-04-02 17:35:00,0.09031,0.09043,0.09024,0.09028,644195.268835
2026-04-02 17:40:00,0.09028,0.09036,0.09022,0.09035,2084650.386214
2026-04-02 17:45:00,0.09034,0.09035,0.09003,0.09008,1606052.054873
2026-04-02 17:50:00,0.09009,0.09013,0.08983,0.08988,3682122.462174
2026-04-02 17:55:00,0.08987,0.08993,0.08971,0.08978,3409020.496247
2026-04-02 18:00:00,0.08978,0.08989,0.08977,0.08988,728506.746591
2026-04-02 18:05:00,0.08987,0.08992,0.08966,0.08971,1506994.629851
2026-04-02 18:10:00,0.0897,0.08989,0.08969,0.08978,1595148.188413
2026-04-02 18:15:00,0.08981,0.08985,0.08969,0.08984,468303.6762
2026-04-02 18:20:00,0.08983,0.0899,0.08982,0.08982,543076.662414
2026-04-02 18:25:00,0.0898,0.08981,0.08971,0.08973,1691988.633576
2026-04-02 18:30:00,0.08974,0.08978,0.08973,0.08975,38307.959422
2026-04-02 18:35:00,0.08976,0.08988,0.08974,0.08985,502289.396028
2026-04-02 18:40:00,0.08983,0.09001,0.08983,0.08999,222520.811624
2026-04-02 18:45:00,0.09001,0.09018,0.09,0.09008,433728.884218
2026-04-02 18:50:00,0.09008,0.09035,0.09008,0.09027,736270.821208
2026-04-02 18:55:00,0.09027,0.09027,0.09017,0.09018,246094.925347
2026-04-02 19:00:00,0.09018,0.0902,0.09001,0.09002,721754.149125
2026-04-02 19:05:00,0.09002,0.09006,0.08997,0.09,731678.192033
2026-04-02 19:10:00,0.09,0.09011,0.09,0.09005,126926.089607
2026-04-02 19:15:00,0.09005,0.0901,0.08999,0.0901,315538.834488
2026-04-02 19:20:00,0.0901,0.09016,0.08997,0.09015,267259.054817
2026-04-02 19:25:00,0.09013,0.09019,0.09013,0.09015,529985.845532
2026-04-02 19:30:00,0.09016,0.09017,0.08996,0.09006,88378.112953
2026-04-02 19:35:00,0.09007,0.09014,0.09004,0.09014,323954.246242
2026-04-02 19:40:00,0.09012,0.09022,0.0901,0.09012,135577.271262
2026-04-02 19:45:00,0.09012,0.09024,0.0901,0.09021,371884.767141
2026-04-02 19:50:00,0.09023,0.09029,0.09019,0.09025,568055.790836
2026-04-02 19:55:00,0.09025,0.09031,0.09025,0.09029,297821.188276
2026-04-02 20:00:00,0.0903,0.09031,0.09012,0.09018,399010.280614
2026-04-02 20:05:00,0.09019,0.09043,0.09019,0.09034,769866.710222
2026-04-02 20:10:00,0.09037,0.09043,0.09023,0.09023,864117.630158
2026-04-02 20:15:00,0.09021,0.09044,0.0902,0.09044,624504.516372
2026-04-02 20:20:00,0.09042,0.09042,0.09022,0.09024,299257.284052
2026-04-02 20:25:00,0.09025,0.09048,0.09024,0.09047,333595.920327
2026-04-02 20:30:00,0.09048,0.09049,0.0904,0.09049,101637.79505
2026-04-02 20:35:00,0.09049,0.09068,0.09046,0.09068,398144.017086
2026-04-02 20:40:00,0.09069,0.09071,0.0906,0.09064,885594.470881
2026-04-02 20:45:00,0.09065,0.09065,0.09058,0.0906,80281.12999
2026-04-02 20:50:00,0.0906,0.09064,0.0906,0.09061,442012.650088
2026-04-02 20:55:00,0.0906,0.09064,0.09057,0.09062,749498.114275
2026-04-02 21:00:00,0.09062,0.09067,0.09045,0.09049,387039.049259
2026-04-02 21:05:00,0.09049,0.09055,0.09046,0.09049,1396288.76874
2026-04-02 21:10:00,0.09049,0.09049,0.09026,0.0904,1485664.988829
2026-04-02 21:15:00,0.09041,0.09052,0.09036,0.09051,215109.916166
2026-04-02 21:20:00,0.09049,0.09054,0.09037,0.09037,531442.167869
2026-04-02 21:25:00,0.09043,0.09051,0.0904,0.09042,344736.011618
2026-04-02 21:30:00,0.09042,0.0905,0.09042,0.09043,29857.422359
2026-04-02 21:35:00,0.09042,0.0905,0.09041,0.09047,190576.494668
2026-04-02 21:40:00,0.09044,0.09045,0.09028,0.09032,853633.181274
2026-04-02 21:45:00,0.09034,0.0904,0.09033,0.09034,82829.08813
2026-04-02 21:50:00,0.09036,0.09055,0.09034,0.0905,276950.715258
2026-04-02 21:55:00,0.09049,0.09055,0.09047,0.09049,75826.769708
2026-04-02 22:00:00,0.0905,0.09061,0.09039,0.09057,917217.608785
2026-04-02 22:05:00,0.09055,0.09059,0.09047,0.09052,662982.991428
2026-04-02 22:10:00,0.0905,0.09051,0.09039,0.09043,206924.735175
2026-04-02 22:15:00,0.09043,0.09052,0.09043,0.09045,173495.631317
2026-04-02 22:20:00,0.09044,0.0905,0.09038,0.09039,593775.823354
2026-04-02 22:25:00,0.09039,0.09039,0.09021,0.09033,854462.45707
2026-04-02 22:30:00,0.09034,0.09048,0.09034,0.09044,134435.301513
2026-04-02 22:35:00,0.09043,0.09049,0.09041,0.09047,169877.950741
2026-04-02 22:40:00,0.09049,0.09052,0.09045,0.09051,248728.95607
2026-04-02 22:45:00,0.09051,0.09051,0.09043,0.09045,712504.412153
2026-04-02 22:50:00,0.09046,0.09053,0.09046,0.09049,278898.781626
2026-04-02 22:55:00,0.09049,0.09052,0.09044,0.09044,239501.455376
2026-04-02 23:00:00,0.09044,0.09045,0.09037,0.09043,479630.485206
2026-04-02 23:05:00,0.09044,0.09047,0.09029,0.09036,358979.332915
2026-04-02 23:10:00,0.09036,0.09036,0.09021,0.09028,607949.568247
2026-04-02 23:15:00,0.09029,0.0904,0.09027,0.09031,244270.4317
2026-04-02 23:20:00,0.09032,0.09046,0.09031,0.09044,323204.76102
2026-04-02 23:25:00,0.09042,0.09042,0.09031,0.09031,723965.815454
2026-04-02 23:30:00,0.09031,0.09041,0.09027,0.09041,367696.394229
2026-04-02 23:35:00,0.09041,0.09041,0.09032,0.09035,176888.082763
2026-04-02 23:40:00,0.09035,0.09045,0.09035,0.09042,542443.260322
2026-04-02 23:45:00,0.0904,0.0904,0.09031,0.09037,485572.593073
2026-04-02 23:50:00,0.09037,0.09039,0.09033,0.09039,479137.105964
2026-04-02 23:55:00,0.0904,0.09043,0.0904,0.09041,59887.214753
2026-04-03 00:00:00,0.09042,0.09053,0.09042,0.09052,327918.584505
2026-04-03 00:05:00,0.09052,0.09052,0.0904,0.09049,495300.690965
2026-04-03 00:10:00,0.09048,0.09052,0.09043,0.09052,707188.458208
2026-04-03 00:15:00,0.09052,0.09052,0.09041,0.09047,704201.315685
2026-04-03 00:20:00,0.09047,0.09054,0.09043,0.09052,369180.880967
2026-04-03 00:25:00,0.0905,0.0905,0.09034,0.09035,359934.674765
2026-04-03 00:30:00,0.09035,0.09036,0.0903,0.09036,175973.149028
2026-04-03 00:35:00,0.09037,0.09046,0.09036,0.09036,393502.144453
2026-04-03 00:40:00,0.09036,0.09038,0.09021,0.09034,1002406.92607
2026-04-03 00:45:00,0.09033,0.09033,0.09023,0.09028,359743.527421
2026-04-03 00:50:00,0.09029,0.09032,0.0902,0.09022,501492.7163
2026-04-03 00:55:00,0.09022,0.09029,0.09021,0.09028,523326.878169
2026-04-03 01:00:00,0.09028,0.09036,0.09025,0.09031,1228481.154047
2026-04-03 01:05:00,0.09032,0.09037,0.09027,0.09034,407614.352787
2026-04-03 01:10:00,0.09033,0.09038,0.09026,0.09038,247296.56492
2026-04-03 01:15:00,0.09037,0.09038,0.09027,0.09029,1719386.81869
2026-04-03 01:20:00,0.09027,0.09048,0.09026,0.09048,349945.791669
2026-04-03 01:25:00,0.09048,0.09064,0.09048,0.09059,3058259.59301
2026-04-03 01:30:00,0.0906,0.09076,0.09058,0.09059,3583922.724496
2026-04-03 01:35:00,0.0906,0.09061,0.09023,0.09027,5221186.487156
2026-04-03 01:40:00,0.0903,0.09044,0.0903,0.09037,3480195.575504
2026-04-03 01:45:00,0.09037,0.0904,0.09012,0.09027,6259992.666251
2026-04-03 01:50:00,0.0903,0.09035,0.09024,0.0903,738426.476843
2026-04-03 01:55:00,0.09031,0.09033,0.09026,0.09029,291489.690552
2026-04-03 02:00:00,0.0903,0.0903,0.09005,0.09006,671464.009877
2026-04-03 02:05:00,0.09006,0.09009,0.09001,0.09001,765615.805485
2026-04-03 02:10:00,0.09001,0.09025,0.08992,0.09018,1876995.468068
2026-04-03 02:15:00,0.0902,0.09068,0.0902,0.09068,3295811.658799
2026-04-03 02:20:00,0.09066,0.09067,0.09036,0.09048,715457.454062
2026-04-03 02:25:00,0.09046,0.09049,0.09027,0.09027,321050.254962
2026-04-03 02:30:00,0.09029,0.09031,0.09008,0.09025,832250.945435
2026-04-03 02:35:00,0.09026,0.09032,0.09005,0.09007,1238843.758062
2026-04-03 02:40:00,0.09006,0.09014,0.09,0.09006,619636.32487
2026-04-03 02:45:00,0.09005,0.09015,0.09005,0.09009,1743036.644474
2026-04-03 02:50:00,0.09009,0.09035,0.09008,0.09026,1625009.335906
2026-04-03 02:55:00,0.09026,0.09039,0.09021,0.09039,1104505.175437
2026-04-03 03:00:00,0.09037,0.0904,0.09019,0.09019,1417316.857851
2026-04-03 03:05:00,0.0902,0.09035,0.09015,0.09029,863383.39312
2026-04-03 03:10:00,0.09027,0.09035,0.09021,0.09032,995397.361973
2026-04-03 03:15:00,0.09033,0.09038,0.09027,0.09029,503675.715057
2026-04-03 03:20:00,0.09029,0.0905,0.09029,0.09049,506461.399099
2026-04-03 03:25:00,0.0905,0.09054,0.09033,0.09035,261754.834192
2026-04-03 03:30:00,0.09038,0.09056,0.09034,0.09056,1047717.917498
2026-04-03 03:35:00,0.09056,0.09056,0.09044,0.09052,444706.096169
2026-04-03 03:40:00,0.09053,0.09054,0.0904,0.09053,800449.197235
2026-04-03 03:45:00,0.09052,0.09055,0.0905,0.09054,532160.954834
2026-04-03 03:50:00,0.09054,0.09066,0.09054,0.09056,2080705.806814
2026-04-03 03:55:00,0.09057,0.09064,0.09053,0.09059,661356.278518
2026-04-03 04:00:00,0.09059,0.09071,0.09059,0.09064,1268523.107751
2026-04-03 04:05:00,0.09063,0.09064,0.09051,0.09051,1000283.847181
2026-04-03 04:10:00,0.0905,0.09063,0.09048,0.09057,754531.762856
2026-04-03 04:15:00,0.09062,0.09071,0.09055,0.09055,2624899.66492
2026-04-03 04:20:00,0.09058,0.09059,0.09045,0.09046,522145.298214
2026-04-03 04:25:00,0.09045,0.09047,0.09039,0.09039,69085.380022
2026-04-03 04:30:00,0.09039,0.09047,0.09031,0.09035,1318165.221423
2026-04-03 04:35:00,0.09035,0.09042,0.09033,0.09034,543215.75458
2026-04-03 04:40:00,0.09036,0.09048,0.09036,0.09048,317714.372369
2026-04-03 04:45:00,0.0905,0.09071,0.09049,0.09068,1606798.944273
2026-04-03 04:50:00,0.09068,0.0907,0.09065,0.0907,471047.770766
2026-04-03 04:55:00,0.09069,0.09069,0.09065,0.09065,120265.171057
2026-04-03 05:00:00,0.09066,0.09074,0.09053,0.09069,4717106.148816
2026-04-03 05:05:00,0.09067,0.09073,0.09061,0.09068,434155.380204
2026-04-03 05:10:00,0.09069,0.09069,0.09062,0.09064,159384.287029
2026-04-03 05:15:00,0.09063,0.09063,0.09039,0.09056,1982185.407271
2026-04-03 05:20:00,0.09056,0.09062,0.09053,0.09061,637285.786944
2026-04-03 05:25:00,0.09062,0.09088,0.09062,0.09087,3102887.074351
2026-04-03 05:30:00,0.09087,0.0914,0.09087,0.09132,10086339.943471
2026-04-03 05:35:00,0.09133,0.09153,0.09133,0.0914,3531169.76604
2026-04-03 05:40:00,0.09142,0.09144,0.09128,0.09136,2041307.831693
2026-04-03 05:45:00,0.09136,0.09143,0.09132,0.09134,2087386.268685
2026-04-03 05:50:00,0.09134,0.09137,0.09126,0.09132,762335.826654
2026-04-03 05:55:00,0.09132,0.09132,0.09113,0.09113,1767765.653956
2026-04-03 06:00:00,0.09113,0.09137,0.09113,0.09119,932342.040067
2026-04-03 06:05:00,0.0912,0.09126,0.09108,0.09114,974837.542174
2026-04-03 06:10:00,0.09114,0.0913,0.09114,0.09119,963820.225027
2026-04-03 06:15:00,0.09117,0.09118,0.091,0.09108,1140227.825872
2026-04-03 06:20:00,0.09107,0.09111,0.09092,0.09104,1847153.965454
2026-04-03 06:25:00,0.09105,0.0911,0.09094,0.09094,1143234.120924
2026-04-03 06:30:00,0.09096,0.091,0.09078,0.09095,3427608.650392
2026-04-03 06:35:00,0.09095,0.09136,0.09095,0.09118,1959485.706573
2026-04-03 06:40:00,0.0912,0.09134,0.09117,0.09131,318431.642169
2026-04-03 06:45:00,0.09132,0.09134,0.0912,0.09124,1239681.117009
2026-04-03 06:50:00,0.09124,0.09129,0.09112,0.09114,1011820.943676
2026-04-03 06:55:00,0.09115,0.09122,0.09113,0.09117,632379.261701
2026-04-03 07:00:00,0.09117,0.09121,0.09111,0.09112,760094.484656
2026-04-03 07:05:00,0.0911,0.09119,0.0911,0.09118,443166.689794
2026-04-03 07:10:00,0.09118,0.09118,0.09105,0.09105,972628.092298
2026-04-03 07:15:00,0.09105,0.09108,0.09093,0.09101,2927856.007696
2026-04-03 07:20:00,0.09102,0.09107,0.09098,0.09098,532625.950583
2026-04-03 07:25:00,0.09098,0.09112,0.09098,0.0911,3241166.681346
2026-04-03 07:30:00,0.0911,0.09113,0.09102,0.09112,942743.04399
2026-04-03 07:35:00,0.09112,0.09145,0.09112,0.09121,3803192.317526
2026-04-03 07:40:00,0.09123,0.09125,0.09118,0.09118,400063.955187
2026-04-03 07:45:00,0.09119,0.09119,0.09112,0.09114,539950.627936
2026-04-03 07:50:00,0.09115,0.09122,0.09108,0.09117,1631733.951122
2026-04-03 07:55:00,0.09118,0.09122,0.09111,0.09117,303126.253839
2026-04-03 08:00:00,0.09118,0.09128,0.09118,0.09127,988882.160403
2026-04-03 08:05:00,0.09128,0.09136,0.09124,0.09136,1637220.453665
2026-04-03 08:10:00,0.09133,0.09148,0.09127,0.09129,6150721.265682
2026-04-03 08:15:00,0.09129,0.09135,0.09121,0.09123,636100.922987
2026-04-03 08:20:00,0.09122,0.09131,0.09117,0.09128,1361114.416868
2026-04-03 08:25:00,0.09129,0.09134,0.09125,0.09131,883166.464614
2026-04-03 08:30:00,0.09131,0.09157,0.09126,0.09154,4720353.377332
2026-04-03 08:35:00,0.09155,0.09158,0.0914,0.09144,2270998.570178
2026-04-03 08:40:00,0.09146,0.09152,0.09138,0.09139,645145.129041
2026-04-03 08:45:00,0.09139,0.09148,0.09132,0.09146,1581617.839794
2026-04-03 08:50:00,0.09147,0.09148,0.09132,0.09132,344152.527829
2026-04-03 08:55:00,0.09133,0.0915,0.09131,0.09143,629257.094884
2026-04-03 09:00:00,0.09143,0.09146,0.09136,0.09136,556820.480735
2026-04-03 09:05:00,0.09137,0.09139,0.0913,0.09136,1255522.764868
2026-04-03 09:10:00,0.09136,0.09142,0.09132,0.09142,806137.18508
2026-04-03 09:15:00,0.09141,0.09147,0.09138,0.0914,588964.568119
2026-04-03 09:20:00,0.0914,0.0914,0.09111,0.09112,1279288.097988
2026-04-03 09:25:00,0.09112,0.09112,0.091,0.09112,3178939.271133
2026-04-03 09:30:00,0.09111,0.09132,0.09109,0.09125,11253952.964494
2026-04-03 09:35:00,0.09126,0.09128,0.09122,0.09124,1036599.226657
2026-04-03 09:40:00,0.09123,0.09147,0.09123,0.09145,553556.047584
2026-04-03 09:45:00,0.09145,0.09149,0.09133,0.09139,1634341.197288
2026-04-03 09:50:00,0.0914,0.09148,0.09137,0.09143,545342.403117
2026-04-03 09:55:00,0.09143,0.09147,0.09139,0.09143,262013.815577
2026-04-03 10:00:00,0.09144,0.09167,0.09142,0.09159,2059773.285236
2026-04-03 10:05:00,0.09159,0.09159,0.09137,0.09141,493285.114799
2026-04-03 10:10:00,0.09141,0.09146,0.09136,0.09137,689304.250448
2026-04-03 10:15:00,0.09136,0.09138,0.09127,0.09128,564024.54271
2026-04-03 10:20:00,0.09128,0.09132,0.09123,0.09126,536340.668704
2026-04-03 10:25:00,0.09127,0.09135,0.09123,0.09123,758096.843595
2026-04-03 10:30:00,0.09122,0.09132,0.09113,0.09127,571318.401741
2026-04-03 10:35:00,0.09125,0.09139,0.09125,0.09131,587715.778848
2026-04-03 10:40:00,0.09131,0.0915,0.09131,0.09147,504927.633809
2026-04-03 10:45:00,0.09148,0.09162,0.09147,0.09149,1642185.680544
2026-04-03 10:50:00,0.09148,0.09155,0.09144,0.09144,513980.520246
2026-04-03 10:55:00,0.09143,0.09147,0.09139,0.09147,1535304.608766
2026-04-03 11:00:00,0.09146,0.09153,0.09142,0.09147,336225.765157
2026-04-03 11:05:00,0.09149,0.09149,0.0914,0.0914,245991.152097
2026-04-03 11:10:00,0.09141,0.09149,0.09141,0.09145,596025.244301
2026-04-03 11:15:00,0.09145,0.09153,0.0914,0.09144,1161186.593556
2026-04-03 11:20:00,0.09143,0.09154,0.09142,0.09151,339509.709664
2026-04-03 11:25:00,0.0915,0.09151,0.09142,0.09143,824566.380242
2026-04-03 11:30:00,0.09142,0.09148,0.09134,0.09139,469469.136145
2026-04-03 11:35:00,0.0914,0.09147,0.0914,0.09144,1276278.667653
2026-04-03 11:40:00,0.09144,0.09148,0.09142,0.09146,945510.423646
2026-04-03 11:45:00,0.09145,0.09147,0.09138,0.09138,244245.634475
2026-04-03 11:50:00,0.09136,0.09147,0.09136,0.09145,334315.740138
2026-04-03 11:55:00,0.09145,0.0915,0.09143,0.09146,647807.687027
2026-04-03 12:00:00,0.09146,0.09152,0.09141,0.09141,245119.83916
2026-04-03 12:05:00,0.09141,0.09144,0.09133,0.09135,396715.796763
2026-04-03 12:10:00,0.09134,0.09137,0.09125,0.09137,914844.316246
2026-04-03 12:15:00,0.09136,0.09137,0.0912,0.0913,1246598.915137
2026-04-03 12:20:00,0.09131,0.09138,0.09128,0.09133,415094.610446
2026-04-03 12:25:00,0.09133,0.09163,0.09133,0.09151,6406076.182961
2026-04-03 12:30:00,0.09153,0.0922,0.09114,0.09133,15870111.074437
2026-04-03 12:35:00,0.09132,0.0914,0.09125,0.09138,1450361.666515
2026-04-03 12:40:00,0.09138,0.09147,0.09131,0.09137,1013449.888423
2026-04-03 12:45:00,0.09138,0.09149,0.09133,0.09133,590516.143166
2026-04-03 12:50:00,0.09132,0.0914,0.09117,0.09129,1402332.13422
2026-04-03 12:55:00,0.0913,0.09146,0.09125,0.09125,2098228.837791
2026-04-03 13:00:00,0.09125,0.09129,0.09109,0.09113,2727302.535072
2026-04-03 13:05:00,0.09113,0.09119,0.09101,0.09108,4582325.054069
2026-04-03 13:10:00,0.09107,0.09107,0.09082,0.09099,4625354.972787
2026-04-03 13:15:00,0.09097,0.09101,0.09091,0.09098,897426.03512
2026-04-03 13:20:00,0.09096,0.09113,0.09096,0.09112,713889.00796
2026-04-03 13:25:00,0.09112,0.09118,0.09109,0.09111,880343.636536
2026-04-03 13:30:00,0.09112,0.09123,0.09101,0.09119,7547169.193272
2026-04-03 13:35:00,0.09119,0.09123,0.09107,0.09108,589013.233047
2026-04-03 13:40:00,0.09109,0.09117,0.09108,0.09113,562506.104554
2026-04-03 13:45:00,0.09113,0.09118,0.09103,0.09105,377172.115752
2026-04-03 13:50:00,0.09104,0.0914,0.09104,0.09136,2114737.318271
2026-04-03 13:55:00,0.09136,0.09143,0.09133,0.09142,732098.985965
2026-04-03 14:00:00,0.0914,0.09145,0.0912,0.09134,1002457.828206
2026-04-03 14:05:00,0.09135,0.09146,0.09135,0.09139,699472.996179
2026-04-03 14:10:00,0.09137,0.0914,0.09131,0.09137,1086342.765108
2026-04-03 14:15:00,0.09136,0.09137,0.09125,0.09129,498013.274659
2026-04-03 14:20:00,0.0913,0.09144,0.09128,0.09141,1022834.936554
2026-04-03 14:25:00,0.09141,0.09155,0.09141,0.09147,2721416.266475
2026-04-03 14:30:00,0.09146,0.09151,0.09138,0.09138,880679.834228
2026-04-03 14:35:00,0.09138,0.09142,0.09126,0.09139,638749.413429
2026-04-03 14:40:00,0.09139,0.09145,0.09135,0.09139,1878507.72757
2026-04-03 14:45:00,0.0914,0.09146,0.09135,0.09146,383864.500632
2026-04-03 14:50:00,0.09147,0.09165,0.09147,0.09164,1088468.956582
2026-04-03 14:55:00,0.09164,0.09176,0.09145,0.09147,4051168.657079
2026-04-03 15:00:00,0.09147,0.09168,0.0914,0.09164,776560.018938
2026-04-03 15:05:00,0.09164,0.09166,0.09152,0.09165,1648006.131482
2026-04-03 15:10:00,0.09166,0.09197,0.09166,0.09184,6728225.305592
2026-04-03 15:15:00,0.09183,0.09184,0.09169,0.0917,1320817.712574
2026-04-03 15:20:00,0.09169,0.09171,0.09161,0.09171,782657.453349
2026-04-03 15:25:00,0.09171,0.09201,0.09171,0.09192,12265743.922387
2026-04-03 15:30:00,0.09192,0.09194,0.09178,0.09178,4650341.220349
2026-04-03 15:35:00,0.09177,0.0918,0.0917,0.09175,1177391.392649
2026-04-03 15:40:00,0.09177,0.09178,0.09153,0.09155,1559932.304379
2026-04-03 15:45:00,0.09153,0.09158,0.09143,0.09143,2149876.905841
2026-04-03 15:50:00,0.09143,0.09156,0.09143,0.09152,878549.456436
2026-04-03 15:55:00,0.09153,0.0916,0.09145,0.09151,1627928.648614
2026-04-03 16:00:00,0.09152,0.09172,0.09151,0.09165,954333.876057
2026-04-03 16:05:00,0.09165,0.09166,0.09154,0.0916,1505230.130384
2026-04-03 16:10:00,0.0916,0.09173,0.0916,0.09168,7620534.332614
2026-04-03 16:15:00,0.09167,0.09176,0.09165,0.09176,1113894.718244
2026-04-03 16:20:00,0.09177,0.0918,0.09166,0.09168,897307.91574
2026-04-03 16:25:00,0.0917,0.0919,0.0917,0.09187,1201882.64376
2026-04-03 16:30:00,0.09187,0.09187,0.09177,0.09177,369409.668004
2026-04-03 16:35:00,0.0918,0.0919,0.09175,0.09183,1383096.108686
2026-04-03 16:40:00,0.09183,0.09184,0.09177,0.09182,282037.129399
2026-04-03 16:45:00,0.09182,0.09186,0.09167,0.09183,1170689.416963
2026-04-03 16:50:00,0.09183,0.09196,0.09183,0.09196,1118736.539586
2026-04-03 16:55:00,0.09194,0.09203,0.09191,0.09199,2051134.028162
2026-04-03 17:00:00,0.092,0.09203,0.09194,0.09198,596712.988714
2026-04-03 17:05:00,0.09198,0.09204,0.09195,0.09202,366495.041546
2026-04-03 17:10:00,0.09203,0.09218,0.09202,0.09213,2196782.702652
2026-04-03 17:15:00,0.09213,0.09218,0.09191,0.09207,3818901.975078
2026-04-03 17:20:00,0.09205,0.09244,0.09204,0.09243,6753971.000503
2026-04-03 17:25:00,0.09243,0.09246,0.09225,0.09225,2626963.394296
2026-04-03 17:30:00,0.09224,0.09258,0.09223,0.09234,5026254.123191
2026-04-03 17:35:00,0.09233,0.09237,0.09209,0.09213,2991153.625923
2026-04-03 17:40:00,0.09213,0.09218,0.09208,0.09218,1136004.442073
2026-04-03 17:45:00,0.09221,0.09222,0.0919,0.092,4858899.725831
2026-04-03 17:50:00,0.09199,0.09208,0.09193,0.09206,1270387.035491
2026-04-03 17:55:00,0.09207,0.09214,0.09202,0.09208,463018.436152
2026-04-03 18:00:00,0.09206,0.09216,0.09206,0.09212,368952.262138
2026-04-03 18:05:00,0.09211,0.09226,0.09209,0.09217,2563462.971628
2026-04-03 18:10:00,0.09216,0.09219,0.09209,0.09219,736071.28355
2026-04-03 18:15:00,0.0922,0.09244,0.09216,0.09239,631724.681471
2026-04-03 18:20:00,0.09239,0.0924,0.09219,0.09221,1335753.736948
2026-04-03 18:25:00,0.09221,0.09221,0.09208,0.09208,203822.135183
2026-04-03 18:30:00,0.09208,0.09214,0.09199,0.09203,2758942.247857
2026-04-03 18:35:00,0.09203,0.09208,0.09196,0.09196,594466.578165
2026-04-03 18:40:00,0.09195,0.09198,0.0919,0.0919,602065.869042
2026-04-03 18:45:00,0.09189,0.09192,0.09184,0.09186,416893.034483
2026-04-03 18:50:00,0.09185,0.09191,0.09184,0.09187,588062.802354
2026-04-03 18:55:00,0.09187,0.09187,0.09178,0.09179,997689.437292
2026-04-03 19:00:00,0.09179,0.09181,0.09135,0.09153,7223375.169872
2026-04-03 19:05:00,0.09151,0.09151,0.09122,0.09131,8074297.013138
2026-04-03 19:10:00,0.09131,0.09147,0.09131,0.09139,3144433.427701
2026-04-03 19:15:00,0.09139,0.09155,0.09139,0.09151,738134.792004
2026-04-03 19:20:00,0.0915,0.09154,0.09145,0.09153,238989.049994
2026-04-03 19:25:00,0.09151,0.09152,0.09148,0.0915,122936.194359
2026-04-03 19:30:00,0.0915,0.09155,0.09148,0.09152,205099.467484
2026-04-03 19:35:00,0.09152,0.09155,0.09151,0.09155,321004.433996
2026-04-03 19:40:00,0.09155,0.09166,0.09155,0.09164,225378.807211
2026-04-03 19:45:00,0.09165,0.09183,0.09165,0.09183,727497.624721
2026-04-03 19:50:00,0.09184,0.09185,0.09182,0.09185,242876.334563
2026-04-03 19:55:00,0.09184,0.09184,0.09177,0.09177,63860.241187
2026-04-03 20:00:00,0.09178,0.09183,0.09172,0.09183,120440.735793
2026-04-03 20:05:00,0.09183,0.09192,0.09183,0.0919,82036.078547
2026-04-03 20:10:00,0.09193,0.09199,0.09192,0.09195,162587.060157
2026-04-03 20:15:00,0.09196,0.09197,0.09183,0.09191,635580.170547
2026-04-03 20:20:00,0.09191,0.09194,0.09182,0.09183,348256.828233
2026-04-03 20:25:00,0.09182,0.09183,0.09178,0.09179,136808.422183
2026-04-03 20:30:00,0.0918,0.09197,0.09179,0.09192,346394.179303
2026-04-03 20:35:00,0.09191,0.09198,0.09185,0.09198,189951.718024
2026-04-03 20:40:00,0.09199,0.09204,0.09195,0.09195,1801831.572987
2026-04-03 20:45:00,0.09194,0.09205,0.0919,0.09203,427895.655612
2026-04-03 20:50:00,0.09203,0.09203,0.09195,0.092,992815.697365
2026-04-03 20:55:00,0.092,0.09201,0.09194,0.09194,287421.061
2026-04-03 21:00:00,0.09195,0.09203,0.09195,0.09196,364275.946226
2026-04-03 21:05:00,0.09195,0.09207,0.09194,0.09207,337554.697176
2026-04-03 21:10:00,0.09207,0.09239,0.09207,0.0923,6174896.932534
2026-04-03 21:15:00,0.09231,0.09235,0.0922,0.0922,541535.00744
2026-04-03 21:20:00,0.09221,0.09226,0.09219,0.09224,447764.981246
2026-04-03 21:25:00,0.09222,0.09228,0.09221,0.09224,432822.4599
2026-04-03 21:30:00,0.09223,0.09227,0.09219,0.09226,395599.54203
2026-04-03 21:35:00,0.09226,0.09237,0.0921,0.0921,989170.146236
2026-04-03 21:40:00,0.09209,0.09222,0.09208,0.09216,489419.484843
2026-04-03 21:45:00,0.09216,0.09222,0.09207,0.09216,378131.762321
2026-04-03 21:50:00,0.09216,0.09219,0.09207,0.09212,138003.510468
2026-04-03 21:55:00,0.09213,0.09215,0.09211,0.09212,43429.905134
2026-04-03 22:00:00,0.09213,0.09218,0.09198,0.09207,958241.499311
2026-04-03 22:05:00,0.09207,0.09207,0.09188,0.09188,237422.076671
2026-04-03 22:10:00,0.09188,0.09193,0.09186,0.09187,136614.591764
2026-04-03 22:15:00,0.09187,0.09192,0.09186,0.09189,300357.825402
2026-04-03 22:20:00,0.09188,0.09192,0.09187,0.09188,158207.211506
2026-04-03 22:25:00,0.09188,0.0919,0.09175,0.09181,362032.404651
2026-04-03 22:30:00,0.0918,0.09184,0.09173,0.09176,247129.759448
2026-04-03 22:35:00,0.09178,0.09179,0.09174,0.09175,474600.172373
2026-04-03 22:40:00,0.09174,0.09175,0.09172,0.09175,85758.36304
2026-04-03 22:45:00,0.09174,0.09174,0.09153,0.0916,1260128.908645
2026-04-03 22:50:00,0.09161,0.09168,0.09161,0.09165,502689.879157
2026-04-03 22:55:00,0.09166,0.09169,0.09162,0.09163,82181.362469
2026-04-03 23:00:00,0.09162,0.09162,0.09149,0.0915,766221.593572
2026-04-03 23:05:00,0.09149,0.09151,0.09145,0.09146,482865.778653
2026-04-03 23:10:00,0.09144,0.09146,0.0914,0.09146,400948.41115
2026-04-03 23:15:00,0.09147,0.09149,0.09141,0.09142,801580.914555
2026-04-03 23:20:00,0.09142,0.09142,0.09131,0.09133,332883.888034
2026-04-03 23:25:00,0.09133,0.09135,0.09126,0.09134,452322.909538
2026-04-03 23:30:00,0.09134,0.09146,0.09131,0.09137,1568832.377963
2026-04-03 23:35:00,0.09136,0.09136,0.0913,0.09133,346276.58568
2026-04-03 23:40:00,0.09135,0.0914,0.09132,0.09139,804509.054469
2026-04-03 23:45:00,0.09139,0.09154,0.09139,0.09154,964132.419007
2026-04-03 23:50:00,0.09155,0.0916,0.09153,0.09154,479813.51849
2026-04-03 23:55:00,0.09153,0.09156,0.09152,0.09154,144273.291852
2026-04-04 00:00:00,0.09155,0.09155,0.09142,0.09144,253868.70622
2026-04-04 00:05:00,0.09143,0.09153,0.09142,0.09147,1889459.8826
2026-04-04 00:10:00,0.09146,0.09147,0.09143,0.09144,751346.005864
2026-04-04 00:15:00,0.09143,0.09143,0.09134,0.09134,369500.455743
2026-04-04 00:20:00,0.09134,0.09141,0.0913,0.09139,310857.932735
2026-04-04 00:25:00,0.09138,0.09138,0.09131,0.09131,292307.333705
2026-04-04 00:30:00,0.0913,0.09146,0.0913,0.09142,134632.874967
2026-04-04 00:35:00,0.09142,0.0915,0.0914,0.09147,125291.720219
2026-04-04 00:40:00,0.09148,0.09149,0.09144,0.09149,193322.373835
2026-04-04 00:45:00,0.09147,0.09147,0.09141,0.09145,329680.822908
2026-04-04 00:50:00,0.09145,0.09148,0.09141,0.09141,148100.426705
2026-04-04 00:55:00,0.09142,0.09144,0.09138,0.09139,415320.274081
2026-04-04 01:00:00,0.09138,0.09138,0.09119,0.09125,1066338.245116
2026-04-04 01:05:00,0.09126,0.09133,0.09126,0.09132,287377.183571
2026-04-04 01:10:00,0.09132,0.09133,0.09121,0.09122,1268521.771348
2026-04-04 01:15:00,0.09123,0.09123,0.09111,0.0912,2706870.965682
2026-04-04 01:20:00,0.0912,0.09121,0.09116,0.09121,206903.428483
2026-04-04 01:25:00,0.09121,0.09122,0.09115,0.09118,339751.760309
2026-04-04 01:30:00,0.09116,0.09126,0.09115,0.09122,210697.240473
2026-04-04 01:35:00,0.09122,0.09128,0.09121,0.09128,507541.333772
2026-04-04 01:40:00,0.09128,0.09132,0.09119,0.09124,1475736.170586
2026-04-04 01:45:00,0.09123,0.09123,0.09118,0.09121,173922.906428
2026-04-04 01:50:00,0.09122,0.09125,0.09121,0.09121,33449.234979
2026-04-04 01:55:00,0.0912,0.09123,0.09118,0.09123,153701.552792
2026-04-04 02:00:00,0.09122,0.09128,0.09113,0.09121,1742502.1517
2026-04-04 02:05:00,0.09122,0.09123,0.09103,0.09107,853718.806077
2026-04-04 02:10:00,0.09107,0.09111,0.09098,0.09101,796312.509746
2026-04-04 02:15:00,0.091,0.09104,0.09093,0.09104,1017728.317527
2026-04-04 02:20:00,0.09104,0.09111,0.09104,0.09104,600786.994532
2026-04-04 02:25:00,0.09105,0.09111,0.09105,0.09107,207422.213482
2026-04-04 02:30:00,0.09108,0.09113,0.09106,0.09112,642700.643098
2026-04-04 02:35:00,0.09111,0.09111,0.09108,0.09109,147181.367528
2026-04-04 02:40:00,0.09109,0.09112,0.09102,0.09107,231960.915428
2026-04-04 02:45:00,0.09106,0.09107,0.09096,0.09103,378094.738831
2026-04-04 02:50:00,0.09104,0.09105,0.09099,0.09099,30734.746219
2026-04-04 02:55:00,0.09099,0.09107,0.09099,0.09107,257419.335241
2026-04-04 03:00:00,0.09109,0.09117,0.09109,0.09116,904708.200932
2026-04-04 03:05:00,0.09116,0.09128,0.09116,0.09127,386238.020691
2026-04-04 03:10:00,0.09127,0.0913,0.09126,0.09127,701206.919133
2026-04-04 03:15:00,0.09129,0.0913,0.09124,0.09124,330696.577165
2026-04-04 03:20:00,0.09125,0.09126,0.09122,0.09125,338441.807601
2026-04-04 03:25:00,0.09124,0.09124,0.09119,0.0912,38252.428039
2026-04-04 03:30:00,0.09121,0.09129,0.09117,0.09122,2078306.626196
2026-04-04 03:35:00,0.09122,0.09127,0.09122,0.09125,280763.376117
2026-04-04 03:40:00,0.09124,0.09132,0.09124,0.0913,85218.804948
2026-04-04 03:45:00,0.09129,0.0913,0.09124,0.09128,711725.777568
2026-04-04 03:50:00,0.09127,0.09128,0.09124,0.09127,204093.157355
2026-04-04 03:55:00,0.09127,0.09127,0.09123,0.09124,70689.034599
2026-04-04 04:00:00,0.09124,0.09124,0.09115,0.0912,450639.744554
2026-04-04 04:05:00,0.09121,0.0913,0.09121,0.09127,138456.609554
2026-04-04 04:10:00,0.09129,0.09129,0.09123,0.09124,216032.588824
2026-04-04 04:15:00,0.09124,0.09128,0.09119,0.0912,97659.892294
2026-04-04 04:20:00,0.09119,0.09126,0.09119,0.09123,64708.841323
2026-04-04 04:25:00,0.09123,0.09132,0.09122,0.09132,330921.389039
2026-04-04 04:30:00,0.09133,0.09135,0.09129,0.09134,264940.816081
2026-04-04 04:35:00,0.09133,0.09147,0.09133,0.09144,491078.14296
2026-04-04 04:40:00,0.09143,0.0915,0.09143,0.09144,328334.635357
2026-04-04 04:45:00,0.09142,0.09145,0.09136,0.09138,387734.69068
2026-04-04 04:50:00,0.09137,0.09138,0.09132,0.09136,442084.760746
2026-04-04 04:55:00,0.09138,0.09138,0.09132,0.09132,179918.201992
2026-04-04 05:00:00,0.09132,0.09132,0.09121,0.09126,132706.25312
2026-04-04 05:05:00,0.09126,0.09126,0.09118,0.09119,475197.784541
2026-04-04 05:10:00,0.09117,0.09119,0.0911,0.09113,184112.495628
2026-04-04 05:15:00,0.09113,0.09117,0.09112,0.09114,176930.699988
2026-04-04 05:20:00,0.09115,0.09126,0.09115,0.09119,91913.462145
2026-04-04 05:25:00,0.09118,0.09118,0.09112,0.09115,199821.031721
2026-04-04 05:30:00,0.09117,0.0913,0.09117,0.09127,276061.784232
2026-04-04 05:35:00,0.09126,0.09126,0.09115,0.09116,215760.439642
2026-04-04 05:40:00,0.09114,0.09119,0.0911,0.0911,39389.941402
2026-04-04 05:45:00,0.09111,0.09117,0.0911,0.09112,42235.499501
2026-04-04 05:50:00,0.09112,0.09116,0.0911,0.09113,67382.731498
2026-04-04 05:55:00,0.09113,0.09116,0.09112,0.09115,203330.478886
2026-04-04 06:00:00,0.09114,0.0912,0.09113,0.09114,62228.201441
2026-04-04 06:05:00,0.09115,0.09115,0.0911,0.09112,94171.382708
2026-04-04 06:10:00,0.09114,0.09124,0.09106,0.09107,975102.449657
2026-04-04 06:15:00,0.09108,0.09118,0.09108,0.09118,220746.374486
2026-04-04 06:20:00,0.09119,0.0912,0.09101,0.09101,368565.934582
2026-04-04 06:25:00,0.09102,0.09117,0.09102,0.09117,551105.859923
2026-04-04 06:30:00,0.09118,0.09122,0.09116,0.09122,85368.372671
2026-04-04 06:35:00,0.09122,0.09124,0.09116,0.09121,546236.316486
2026-04-04 06:40:00,0.09121,0.09128,0.0912,0.09128,257210.581643
2026-04-04 06:45:00,0.09128,0.09139,0.09128,0.09139,292821.615893
2026-04-04 06:50:00,0.0914,0.09149,0.09138,0.09148,1139176.570539
2026-04-04 06:55:00,0.09148,0.09148,0.09141,0.09143,393794.803319
2026-04-04 07:00:00,0.09144,0.09146,0.09133,0.09134,809093.55866
2026-04-04 07:05:00,0.09134,0.09135,0.09129,0.09129,115462.468827
2026-04-04 07:10:00,0.09131,0.09135,0.09131,0.09135,297659.181156
2026-04-04 07:15:00,0.09135,0.09135,0.09121,0.09121,456348.186795
2026-04-04 07:20:00,0.09121,0.09124,0.09116,0.09123,55931.680912
2026-04-04 07:25:00,0.09123,0.09126,0.09121,0.09121,354242.617796
2026-04-04 07:30:00,0.09121,0.09132,0.09117,0.09132,585505.776053
2026-04-04 07:35:00,0.09132,0.09133,0.09129,0.0913,283289.504411
2026-04-04 07:40:00,0.0913,0.09134,0.0913,0.0913,406521.595457
2026-04-04 07:45:00,0.0913,0.09139,0.09125,0.09135,1286432.874826
2026-04-04 07:50:00,0.09134,0.09135,0.09131,0.09135,71541.455651
2026-04-04 07:55:00,0.09134,0.09138,0.09133,0.09134,71951.751132
2026-04-04 08:00:00,0.09136,0.09137,0.09127,0.09127,398613.934681
2026-04-04 08:05:00,0.09127,0.09132,0.09124,0.09124,154023.562695
2026-04-04 08:10:00,0.09123,0.09125,0.0912,0.09123,115323.925018
2026-04-04 08:15:00,0.09123,0.09125,0.09121,0.09121,141238.542643
2026-04-04 08:20:00,0.09121,0.09125,0.0912,0.09121,69805.807772
2026-04-04 08:25:00,0.09121,0.09125,0.0912,0.09124,21551.934075
2026-04-04 08:30:00,0.09123,0.09126,0.09112,0.09112,226456.843452
2026-04-04 08:35:00,0.09112,0.09119,0.09109,0.09113,2155071.743417
2026-04-04 08:40:00,0.09111,0.09114,0.09108,0.09111,174711.236882
2026-04-04 08:45:00,0.09111,0.09112,0.09108,0.09111,263454.77939
2026-04-04 08:50:00,0.09111,0.09111,0.09104,0.09104,523183.011232
2026-04-04 08:55:00,0.09105,0.0911,0.09102,0.0911,348590.740574
2026-04-04 09:00:00,0.0911,0.09111,0.09108,0.09109,280517.618797
2026-04-04 09:05:00,0.09109,0.09112,0.09108,0.09112,18243.005772
2026-04-04 09:10:00,0.09112,0.09114,0.09108,0.09108,355077.180733
2026-04-04 09:15:00,0.09109,0.09109,0.091,0.09104,558679.372026
2026-04-04 09:20:00,0.09102,0.09108,0.091,0.09107,29863.451766
2026-04-04 09:25:00,0.0911,0.09113,0.09107,0.09112,304981.438613
2026-04-04 09:30:00,0.09109,0.0911,0.09102,0.09105,324323.327216
2026-04-04 09:35:00,0.09104,0.09106,0.09095,0.09095,653488.758819
2026-04-04 09:40:00,0.09095,0.09096,0.09092,0.09092,518943.591974
2026-04-04 09:45:00,0.09093,0.09101,0.09093,0.09095,372801.90362
2026-04-04 09:50:00,0.09095,0.09097,0.09093,0.09097,969330.674871
2026-04-04 09:55:00,0.09097,0.09097,0.09094,0.09095,246651.985866
2026-04-04 10:00:00,0.09095,0.09096,0.0909,0.09093,602235.409622
2026-04-04 10:05:00,0.09092,0.09093,0.09088,0.09089,656654.786392
2026-04-04 10:10:00,0.09089,0.09089,0.09083,0.09083,1315285.288479
2026-04-04 10:15:00,0.09083,0.09087,0.09082,0.09084,873350.21093
2026-04-04 10:20:00,0.09084,0.09086,0.09081,0.09083,327058.885395
2026-04-04 10:25:00,0.09081,0.09087,0.09075,0.09084,690848.292943
2026-04-04 10:30:00,0.09082,0.09088,0.09079,0.09083,453200.476872
2026-04-04 10:35:00,0.09084,0.09103,0.09084,0.09098,333642.841012
2026-04-04 10:40:00,0.09099,0.09109,0.09099,0.09101,461172.277694
2026-04-04 10:45:00,0.09102,0.09108,0.09097,0.09103,709614.356806
2026-04-04 10:50:00,0.09105,0.09106,0.09101,0.09103,367354.63567
2026-04-04 10:55:00,0.09104,0.09107,0.09101,0.09107,225477.845691
2026-04-04 11:00:00,0.09107,0.09108,0.09099,0.09102,752680.565528
2026-04-04 11:05:00,0.09101,0.09106,0.091,0.09106,1188624.82296
2026-04-04 11:10:00,0.09108,0.0912,0.09105,0.09116,5613432.508221
2026-04-04 11:15:00,0.09116,0.09121,0.09108,0.09117,1830429.611704
2026-04-04 11:20:00,0.09116,0.09122,0.09113,0.09113,422765.720252
2026-04-04 11:25:00,0.09113,0.09114,0.0911,0.09111,666211.181592
2026-04-04 11:30:00,0.09111,0.09113,0.0911,0.09113,238715.729309
2026-04-04 11:35:00,0.09113,0.09113,0.09111,0.09112,215175.284539
2026-04-04 11:40:00,0.09112,0.09125,0.09111,0.09122,1682430.359503
2026-04-04 11:45:00,0.09122,0.09128,0.09122,0.09123,891147.653356
2026-04-04 11:50:00,0.09122,0.09123,0.09116,0.09118,364746.787424
2026-04-04 11:55:00,0.09119,0.09119,0.09114,0.09116,261734.711387
2026-04-04 12:00:00,0.09116,0.09116,0.09111,0.09111,245589.10537
2026-04-04 12:05:00,0.09111,0.09111,0.09103,0.09103,544309.711717
2026-04-04 12:10:00,0.09103,0.09106,0.091,0.091,606232.430884
2026-04-04 12:15:00,0.091,0.09104,0.09091,0.09103,1919255.774447
2026-04-04 12:20:00,0.09104,0.09119,0.09104,0.09118,1775426.126475
2026-04-04 12:25:00,0.09117,0.09117,0.09101,0.09101,193213.085545
2026-04-04 12:30:00,0.09102,0.09109,0.09101,0.09107,180990.863298
2026-04-04 12:35:00,0.09107,0.09108,0.09098,0.09098,278177.039043
2026-04-04 12:40:00,0.09097,0.09097,0.09088,0.0909,557386.351725
2026-04-04 12:45:00,0.0909,0.09097,0.09089,0.09095,244278.506282
2026-04-04 12:50:00,0.09094,0.09098,0.09092,0.09098,134359.811158
2026-04-04 12:55:00,0.09098,0.09099,0.09095,0.09098,57152.438978
2026-04-04 13:00:00,0.09098,0.09101,0.09091,0.09095,501149.223917
2026-04-04 13:05:00,0.09095,0.09095,0.0909,0.09091,206632.78488
2026-04-04 13:10:00,0.09091,0.09098,0.0909,0.09098,224766.344957
2026-04-04 13:15:00,0.09099,0.09103,0.09095,0.09102,239470.434749
2026-04-04 13:20:00,0.09102,0.09109,0.09093,0.09094,262811.988907
2026-04-04 13:25:00,0.09094,0.09096,0.09092,0.09092,135143.707108
2026-04-04 13:30:00,0.09092,0.09092,0.09087,0.09089,186483.030302
2026-04-04 13:35:00,0.0909,0.09115,0.09088,0.09107,399653.501115
2026-04-04 13:40:00,0.09108,0.09111,0.09105,0.09107,142787.423331
2026-04-04 13:45:00,0.09108,0.09108,0.09092,0.09093,159783.446824
2026-04-04 13:50:00,0.09094,0.09098,0.09088,0.09088,307655.261284
2026-04-04 13:55:00,0.09091,0.09116,0.09091,0.09103,4261452.654307
2026-04-04 14:00:00,0.09103,0.09111,0.09102,0.09103,116889.457772
2026-04-04 14:05:00,0.09103,0.09105,0.09102,0.09103,189884.731479
2026-04-04 14:10:00,0.09103,0.09103,0.09098,0.09098,1801653.135555
2026-04-04 14:15:00,0.09098,0.09103,0.09095,0.09103,426341.67763
2026-04-04 14:20:00,0.09104,0.09104,0.09098,0.091,226707.719298
2026-04-04 14:25:00,0.09101,0.09107,0.09101,0.09101,177456.611736
2026-04-04 14:30:00,0.09101,0.09101,0.09097,0.09099,370389.851206
2026-04-04 14:35:00,0.09098,0.09101,0.09083,0.09085,781430.749272
2026-04-04 14:40:00,0.09085,0.09106,0.09076,0.09105,3718794.40836
2026-04-04 14:45:00,0.09105,0.09116,0.09105,0.09112,577486.56475
2026-04-04 14:50:00,0.09111,0.09112,0.09105,0.0911,296492.958201
2026-04-04 14:55:00,0.09111,0.09113,0.09106,0.09112,490011.330115
2026-04-04 15:00:00,0.09113,0.09124,0.0911,0.09123,840282.241956
2026-04-04 15:05:00,0.09124,0.09149,0.09124,0.09143,3640513.246851
2026-04-04 15:10:00,0.09141,0.09169,0.09135,0.09148,3977192.253552
2026-04-04 15:15:00,0.09149,0.09169,0.09146,0.09159,4370561.988599
2026-04-04 15:20:00,0.09159,0.092,0.09159,0.09163,18685109.081523
2026-04-04 15:25:00,0.09163,0.0918,0.09147,0.09152,11708330.797846
2026-04-04 15:30:00,0.09153,0.09166,0.09153,0.09164,1067278.915132
2026-04-04 15:35:00,0.09164,0.09173,0.09159,0.09162,1651602.306582
2026-04-04 15:40:00,0.09163,0.09181,0.09151,0.09164,18740728.156174
2026-04-04 15:45:00,0.09164,0.09173,0.0916,0.09172,1341465.113071
2026-04-04 15:50:00,0.09172,0.09172,0.09168,0.0917,497594.628752
2026-04-04 15:55:00,0.0917,0.09179,0.09166,0.09178,875141.87113
2026-04-04 16:00:00,0.09179,0.09183,0.09165,0.09165,970781.518565
2026-04-04 16:05:00,0.09166,0.09168,0.09161,0.09161,1248522.029245
2026-04-04 16:10:00,0.0916,0.09162,0.09157,0.0916,624786.326799
2026-04-04 16:15:00,0.0916,0.09164,0.09156,0.09164,926647.670941
2026-04-04 16:20:00,0.09163,0.0918,0.09162,0.0918,579231.364356
2026-04-04 16:25:00,0.0918,0.09201,0.0918,0.09192,3689613.781443
2026-04-04 16:30:00,0.09193,0.092,0.09181,0.0919,4012286.208546
2026-04-04 16:35:00,0.09192,0.09199,0.0919,0.09195,1990765.618145
2026-04-04 16:40:00,0.09195,0.09202,0.09191,0.09196,2021273.349374
2026-04-04 16:45:00,0.09198,0.09206,0.09188,0.09205,2287485.005709
2026-04-04 16:50:00,0.09205,0.09215,0.09189,0.09189,1469305.10948
2026-04-04 16:55:00,0.09189,0.09194,0.09182,0.09184,1081349.401935
2026-04-04 17:00:00,0.09186,0.09187,0.09168,0.09185,4874971.457858
2026-04-04 17:05:00,0.09184,0.09187,0.09168,0.09171,1209892.761125
2026-04-04 17:10:00,0.0917,0.092,0.0917,0.09199,970513.701093
2026-04-04 17:15:00,0.092,0.09232,0.092,0.09223,4138464.876323
2026-04-04 17:20:00,0.09224,0.09234,0.09211,0.09229,2893345.489969
2026-04-04 17:25:00,0.09232,0.09247,0.09232,0.09239,3835455.990038
2026-04-04 17:30:00,0.09239,0.09249,0.09234,0.09241,1742708.351466
2026-04-04 17:35:00,0.09239,0.09239,0.09223,0.0923,474706.308632
2026-04-04 17:40:00,0.0923,0.09242,0.0923,0.09233,868627.735129
2026-04-04 17:45:00,0.09233,0.09233,0.09219,0.09219,732338.833339
2026-04-04 17:50:00,0.09218,0.09233,0.09217,0.09226,363729.43838
2026-04-04 17:55:00,0.09225,0.09229,0.09219,0.09224,577311.601324
2026-04-04 18:00:00,0.09223,0.09244,0.09223,0.09236,1076668.620773
2026-04-04 18:05:00,0.09236,0.09241,0.0923,0.09239,1050474.604248
2026-04-04 18:10:00,0.09238,0.09248,0.09227,0.09227,1023797.074359
2026-04-04 18:15:00,0.09226,0.09236,0.09226,0.09236,263583.122256
2026-04-04 18:20:00,0.09237,0.09243,0.09234,0.09241,926538.46908
2026-04-04 18:25:00,0.0924,0.09241,0.0923,0.09234,583863.45346
2026-04-04 18:30:00,0.09234,0.09234,0.09219,0.09224,1097968.945823
2026-04-04 18:35:00,0.09224,0.09232,0.09224,0.0923,411877.27225
2026-04-04 18:40:00,0.0923,0.09231,0.0922,0.09225,547875.15131
2026-04-04 18:45:00,0.09225,0.09226,0.09218,0.09225,339391.853448
2026-04-04 18:50:00,0.09225,0.09228,0.09219,0.09224,530056.923632
2026-04-04 18:55:00,0.09224,0.09229,0.09223,0.09224,186900.872423
2026-04-04 19:00:00,0.09226,0.09275,0.09226,0.09273,8650269.972442
2026-04-04 19:05:00,0.09273,0.09285,0.09245,0.09271,6759703.957176
2026-04-04 19:10:00,0.09271,0.09306,0.09269,0.09306,6044041.06838
2026-04-04 19:15:00,0.09306,0.09313,0.09272,0.09286,2465961.835077
2026-04-04 19:20:00,0.09286,0.09286,0.09253,0.09255,1057808.895956
2026-04-04 19:25:00,0.09257,0.09263,0.09233,0.09239,2462531.83681
2026-04-04 19:30:00,0.09239,0.09245,0.09234,0.09236,1140159.796894
2026-04-04 19:35:00,0.09235,0.09241,0.09231,0.09231,748104.844525
2026-04-04 19:40:00,0.0923,0.0923,0.09216,0.09226,1392084.77161
2026-04-04 19:45:00,0.09226,0.09233,0.09223,0.09231,151357.052507
2026-04-04 19:50:00,0.09231,0.09239,0.0923,0.09237,261217.821575
2026-04-04 19:55:00,0.09236,0.09236,0.09226,0.09228,209838.003738
2026-04-04 20:00:00,0.09229,0.0924,0.09211,0.09218,920532.716129
2026-04-04 20:05:00,0.09217,0.09223,0.09215,0.09221,704430.980138
2026-04-04 20:10:00,0.0922,0.09223,0.09217,0.09222,636574.485144
2026-04-04 20:15:00,0.09221,0.09226,0.0922,0.09226,19815.597375
2026-04-04 20:20:00,0.09226,0.09226,0.09216,0.09217,495203.4741
2026-04-04 20:25:00,0.09221,0.09224,0.09211,0.09215,1886819.608286
2026-04-04 20:30:00,0.09214,0.09217,0.0921,0.09211,356433.718152
2026-04-04 20:35:00,0.09212,0.09216,0.09209,0.09216,768989.255267
2026-04-04 20:40:00,0.09217,0.09219,0.09215,0.09216,42947.092773
2026-04-04 20:45:00,0.09215,0.09219,0.0921,0.09216,110271.471037
2026-04-04 20:50:00,0.09218,0.09218,0.09209,0.0921,179212.979844
2026-04-04 20:55:00,0.09209,0.0921,0.092,0.09203,175323.420701
2026-04-04 21:00:00,0.09204,0.09212,0.092,0.09204,1449778.590933
2026-04-04 21:05:00,0.09204,0.09208,0.092,0.09207,611564.452546
2026-04-04 21:10:00,0.09207,0.09207,0.09197,0.09202,286684.686461
2026-04-04 21:15:00,0.09202,0.09209,0.09202,0.09208,259797.461941
2026-04-04 21:20:00,0.09209,0.09222,0.09209,0.09212,353455.641478
2026-04-04 21:25:00,0.09212,0.09225,0.09209,0.09221,88365.610369
2026-04-04 21:30:00,0.0922,0.09226,0.09219,0.09226,300817.575062
2026-04-04 21:35:00,0.09225,0.09233,0.09217,0.09226,2526372.907251
2026-04-04 21:40:00,0.09225,0.0923,0.09225,0.09229,646607.662289
2026-04-04 21:45:00,0.09231,0.09238,0.09223,0.09233,1934240.5776
2026-04-04 21:50:00,0.09233,0.09242,0.09231,0.09231,3726539.986334
2026-04-04 21:55:00,0.09231,0.09236,0.09201,0.09212,3618280.837901
2026-04-04 22:00:00,0.09212,0.09221,0.09201,0.09214,662646.703376
2026-04-04 22:05:00,0.09213,0.09216,0.09204,0.09211,1040585.441894
2026-04-04 22:10:00,0.09208,0.09214,0.09203,0.09214,315112.488069
2026-04-04 22:15:00,0.09214,0.09215,0.09208,0.09215,73218.2636
2026-04-04 22:20:00,0.09214,0.09215,0.09203,0.09207,444985.884564
2026-04-04 22:25:00,0.09208,0.09208,0.09205,0.09207,195259.784502
2026-04-04 22:30:00,0.09206,0.09208,0.09202,0.09208,969464.229711
2026-04-04 22:35:00,0.09208,0.09209,0.09204,0.09205,398037.363221
2026-04-04 22:40:00,0.09205,0.09216,0.09203,0.09216,130791.11079
2026-04-04 22:45:00,0.09216,0.09216,0.09206,0.09206,116814.911442
2026-04-04 22:50:00,0.09207,0.09211,0.09206,0.09209,796598.515839
2026-04-04 22:55:00,0.0921,0.0921,0.09205,0.09206,72621.114552
2026-04-04 23:00:00,0.09206,0.09206,0.09198,0.09199,420705.293097
2026-04-04 23:05:00,0.09199,0.09204,0.09188,0.09204,186440.373645
2026-04-04 23:10:00,0.09203,0.09203,0.09195,0.09198,175328.10654
2026-04-04 23:15:00,0.09197,0.09197,0.0919,0.09196,496510.625553
2026-04-04 23:20:00,0.09198,0.092,0.09197,0.092,80917.169623
2026-04-04 23:25:00,0.09198,0.09198,0.09189,0.09189,133572.063376
2026-04-04 23:30:00,0.09189,0.09192,0.09188,0.09191,143149.626949
2026-04-04 23:35:00,0.09191,0.09192,0.09189,0.09189,215603.900778
2026-04-04 23:40:00,0.09188,0.09191,0.09182,0.09191,241023.493771
2026-04-04 23:45:00,0.09192,0.09197,0.09189,0.09193,831695.311841
2026-04-04 23:50:00,0.09192,0.09204,0.09192,0.09201,579519.688987
2026-04-04 23:55:00,0.09201,0.09204,0.09198,0.09204,1654823.869195
2026-04-05 00:00:00,0.09204,0.09214,0.09202,0.09203,375415.572268
2026-04-05 00:05:00,0.09203,0.09206,0.092,0.09202,241546.903048
2026-04-05 00:10:00,0.09201,0.09203,0.09198,0.09198,139428.987762
2026-04-05 00:15:00,0.09198,0.092,0.09195,0.09195,80822.241695
2026-04-05 00:20:00,0.09194,0.09195,0.0919,0.09192,501130.021543
2026-04-05 00:25:00,0.09193,0.09194,0.09186,0.0919,348520.506617
2026-04-05 00:30:00,0.09189,0.0919,0.0918,0.0918,329325.293409
2026-04-05 00:35:00,0.09181,0.0919,0.0918,0.09185,153351.622524
2026-04-05 00:40:00,0.09186,0.09189,0.09183,0.09187,123607.060841
2026-04-05 00:45:00,0.09187,0.09187,0.09179,0.09185,1287798.605665
2026-04-05 00:50:00,0.09186,0.09186,0.0918,0.09183,125191.611608
2026-04-05 00:55:00,0.09183,0.09183,0.09171,0.09177,405839.235629
2026-04-05 01:00:00,0.09178,0.09181,0.09153,0.09156,5353969.530155
2026-04-05 01:05:00,0.09156,0.09161,0.09144,0.09155,2152638.066569
2026-04-05 01:10:00,0.09155,0.09177,0.09155,0.09173,688638.210071
2026-04-05 01:15:00,0.09172,0.09173,0.09165,0.09166,995766.428176
2026-04-05 01:20:00,0.09167,0.09172,0.09159,0.0916,185207.625149
2026-04-05 01:25:00,0.09159,0.09159,0.09152,0.09156,2055083.571724
2026-04-05 01:30:00,0.09156,0.09156,0.09152,0.09153,253781.707785
2026-04-05 01:35:00,0.09154,0.09156,0.09151,0.09152,240031.163295
2026-04-05 01:40:00,0.09151,0.09156,0.0915,0.09154,532714.736594
2026-04-05 01:45:00,0.09154,0.09157,0.09154,0.09157,172175.271775
2026-04-05 01:50:00,0.09158,0.09158,0.09154,0.09154,83433.276165
2026-04-05 01:55:00,0.09154,0.09157,0.09154,0.09154,159902.113248
2026-04-05 02:00:00,0.09154,0.09154,0.09131,0.09148,734044.399312
2026-04-05 02:05:00,0.09149,0.0915,0.09141,0.09143,460173.059974
2026-04-05 02:10:00,0.09143,0.09147,0.09143,0.09145,1124200.597499
2026-04-05 02:15:00,0.09143,0.09149,0.09142,0.09147,237718.332709
2026-04-05 02:20:00,0.09147,0.09152,0.09136,0.09145,2695810.356844
2026-04-05 02:25:00,0.09145,0.09148,0.09142,0.09142,439109.748349
2026-04-05 02:30:00,0.0914,0.09147,0.09138,0.09146,506318.549851
2026-04-05 02:35:00,0.09146,0.0915,0.09144,0.09148,264209.874654
2026-04-05 02:40:00,0.09148,0.09148,0.09144,0.09146,127887.491371
2026-04-05 02:45:00,0.09146,0.09147,0.09141,0.09147,496849.507643
2026-04-05 02:50:00,0.09148,0.09151,0.09147,0.09151,270738.971766
2026-04-05 02:55:00,0.09151,0.09154,0.09151,0.09153,498244.446889
2026-04-05 03:00:00,0.09154,0.09155,0.09152,0.09153,120334.145647
2026-04-05 03:05:00,0.09152,0.09154,0.09152,0.09153,104937.658795
2026-04-05 03:10:00,0.09152,0.09155,0.09152,0.09155,90240.199797
2026-04-05 03:15:00,0.09155,0.09155,0.09144,0.09144,137020.224731
2026-04-05 03:20:00,0.09144,0.09149,0.09142,0.09147,259798.883477
2026-04-05 03:25:00,0.09144,0.09149,0.09143,0.09143,523852.578659
2026-04-05 03:30:00,0.09143,0.09143,0.09135,0.09136,2268023.971095
2026-04-05 03:35:00,0.09134,0.09143,0.09132,0.09139,802976.525961
2026-04-05 03:40:00,0.0914,0.09148,0.09139,0.09146,229450.69113
2026-04-05 03:45:00,0.09146,0.09149,0.09146,0.09149,105462.553821
2026-04-05 03:50:00,0.09147,0.09147,0.09142,0.09142,1079837.362132
2026-04-05 03:55:00,0.09142,0.09142,0.09139,0.09139,422974.99608
2026-04-05 04:00:00,0.09139,0.09139,0.09132,0.09134,264581.246776
2026-04-05 04:05:00,0.09135,0.09135,0.09125,0.09125,608233.871108
2026-04-05 04:10:00,0.09126,0.09127,0.09115,0.09119,2309524.49576
2026-04-05 04:15:00,0.0912,0.0912,0.09107,0.09114,1094814.066692
2026-04-05 04:20:00,0.09114,0.09114,0.09107,0.09107,655265.194631
2026-04-05 04:25:00,0.09106,0.09114,0.09106,0.09114,731888.529169
2026-04-05 04:30:00,0.09115,0.09115,0.09112,0.09112,200847.126543
2026-04-05 04:35:00,0.09112,0.09113,0.09107,0.09113,256434.855408
2026-04-05 04:40:00,0.09112,0.09112,0.09106,0.09107,331326.593047
2026-04-05 04:45:00,0.09107,0.09111,0.09103,0.09103,799150.742526
2026-04-05 04:50:00,0.09104,0.09115,0.09104,0.09111,914442.485083
2026-04-05 04:55:00,0.09111,0.09118,0.09108,0.09111,579515.309478
2026-04-05 05:00:00,0.09111,0.09116,0.09106,0.09114,308323.524851
2026-04-05 05:05:00,0.09113,0.09113,0.09105,0.09109,223462.760121
2026-04-05 05:10:00,0.09108,0.09108,0.091,0.09101,1145289.347107
2026-04-05 05:15:00,0.091,0.09104,0.091,0.09103,292187.36807
2026-04-05 05:20:00,0.09103,0.09104,0.09093,0.09104,1312139.229344
2026-04-05 05:25:00,0.09104,0.09107,0.09098,0.09098,388420.519288
2026-04-05 05:30:00,0.09098,0.09104,0.09097,0.09103,796983.540968
2026-04-05 05:35:00,0.09102,0.09103,0.091,0.09103,143677.478494
2026-04-05 05:40:00,0.09102,0.09102,0.09095,0.09099,757919.261882
2026-04-05 05:45:00,0.091,0.09104,0.09099,0.09102,346843.201465
2026-04-05 05:50:00,0.09102,0.09102,0.09055,0.09071,6561566.93476
2026-04-05 05:55:00,0.09072,0.09072,0.09059,0.09071,1739840.303731
2026-04-05 06:00:00,0.09073,0.09075,0.09063,0.09071,2275901.293236
2026-04-05 06:05:00,0.0907,0.09071,0.09025,0.09028,6965683.19316
2026-04-05 06:10:00,0.0903,0.09032,0.08999,0.09009,14279747.424097
2026-04-05 06:15:00,0.09009,0.09009,0.08991,0.09004,5449367.306243
2026-04-05 06:20:00,0.09004,0.09021,0.09003,0.09016,2174979.685195
2026-04-05 06:25:00,0.09015,0.09021,0.09011,0.09017,1458849.258347
2026-04-05 06:30:00,0.09015,0.09041,0.09012,0.09031,5560899.467637
2026-04-05 06:35:00,0.09031,0.09038,0.09022,0.09034,1138342.483849
2026-04-05 06:40:00,0.09031,0.09036,0.09031,0.09036,927612.963836
2026-04-05 06:45:00,0.09036,0.09038,0.09035,0.09036,203969.526226
2026-04-05 06:50:00,0.09035,0.0904,0.09034,0.09035,1061699.99973
2026-04-05 06:55:00,0.09035,0.09039,0.09032,0.09032,631135.355469
2026-04-05 07:00:00,0.09032,0.09041,0.09029,0.09036,1632324.009064
2026-04-05 07:05:00,0.09035,0.09039,0.09032,0.09032,623824.174507
2026-04-05 07:10:00,0.09033,0.09037,0.09033,0.09035,607070.045258
2026-04-05 07:15:00,0.09035,0.09037,0.09022,0.09034,1399379.06153
2026-04-05 07:20:00,0.09033,0.09035,0.09028,0.09028,528630.976522
2026-04-05 07:25:00,0.09027,0.09031,0.09027,0.09028,293473.448163
2026-04-05 07:30:00,0.09027,0.09027,0.09011,0.09014,1401376.010137
2026-04-05 07:35:00,0.09014,0.09014,0.09008,0.09012,1245326.199356
2026-04-05 07:40:00,0.09012,0.09015,0.09011,0.09015,909844.617899
2026-04-05 07:45:00,0.09014,0.09025,0.09003,0.09004,5262725.090773
2026-04-05 07:50:00,0.09003,0.09012,0.09001,0.09012,1356097.199144
2026-04-05 07:55:00,0.09011,0.09013,0.09008,0.0901,645561.060176
2026-04-05 08:00:00,0.0901,0.09013,0.09001,0.09012,2038219.289431
2026-04-05 08:05:00,0.09012,0.09018,0.09009,0.09018,896955.531361
2026-04-05 08:10:00,0.09018,0.09032,0.09014,0.09025,4188372.66774
2026-04-05 08:15:00,0.09025,0.09026,0.09021,0.09024,1066433.51528
2026-04-05 08:20:00,0.09025,0.09036,0.09024,0.09029,945753.036579
2026-04-05 08:25:00,0.09029,0.09029,0.09022,0.09024,470814.813907
2026-04-05 08:30:00,0.09024,0.09028,0.09023,0.09028,427671.540667
2026-04-05 08:35:00,0.09027,0.09032,0.09024,0.09025,2872689.373433
2026-04-05 08:40:00,0.09026,0.09026,0.09017,0.09017,338612.361802
2026-04-05 08:45:00,0.09017,0.09018,0.09015,0.09016,345905.627711
2026-04-05 08:50:00,0.09017,0.09017,0.09013,0.09013,588112.336357
2026-04-05 08:55:00,0.09012,0.09031,0.09012,0.09028,2831531.388123
2026-04-05 09:00:00,0.09028,0.09038,0.09026,0.09037,2809886.419368
2026-04-05 09:05:00,0.09037,0.09042,0.09028,0.09035,1649809.52892
2026-04-05 09:10:00,0.09035,0.09035,0.09025,0.09026,642505.598715
2026-04-05 09:15:00,0.09025,0.09027,0.09018,0.09024,1161163.543719
2026-04-05 09:20:00,0.09024,0.09036,0.09024,0.09035,272887.738137
2026-04-05 09:25:00,0.09033,0.09039,0.09033,0.09036,908097.857281
2026-04-05 09:30:00,0.09036,0.09036,0.09032,0.09036,342442.134874
2026-04-05 09:35:00,0.09036,0.09045,0.09032,0.09035,4214172.841772
2026-04-05 09:40:00,0.09035,0.09046,0.09035,0.09042,639865.421838
2026-04-05 09:45:00,0.09042,0.09044,0.0904,0.09042,624006.142126
2026-04-05 09:50:00,0.09044,0.09044,0.09041,0.09042,155194.3974
2026-04-05 09:55:00,0.09042,0.09042,0.09037,0.09037,647426.538111
2026-04-05 10:00:00,0.09037,0.09037,0.09028,0.09028,738953.196239
2026-04-05 10:05:00,0.09028,0.09031,0.09027,0.09027,790016.275165
2026-04-05 10:10:00,0.09026,0.09029,0.09025,0.09027,499069.427161
2026-04-05 10:15:00,0.09026,0.09031,0.09026,0.09028,999787.585463
2026-04-05 10:20:00,0.09028,0.09031,0.09027,0.09029,322342.028067
2026-04-05 10:25:00,0.09029,0.09034,0.09029,0.09034,428496.591613
2026-04-05 10:30:00,0.09035,0.09038,0.09032,0.09038,468629.541047
2026-04-05 10:35:00,0.09038,0.09064,0.09038,0.09052,1551877.344827
2026-04-05 10:40:00,0.09052,0.09054,0.09042,0.09045,954454.21626
2026-04-05 10:45:00,0.09044,0.09044,0.09031,0.09031,606970.004166
2026-04-05 10:50:00,0.09031,0.09033,0.09028,0.09029,273543.990483
2026-04-05 10:55:00,0.09031,0.09031,0.09026,0.09028,362125.765048
2026-04-05 11:00:00,0.09027,0.09031,0.09021,0.09025,1071844.213023
2026-04-05 11:05:00,0.09025,0.09028,0.09023,0.09024,366675.675608
2026-04-05 11:10:00,0.09025,0.09031,0.09025,0.09028,408910.255684
2026-04-05 11:15:00,0.09027,0.0904,0.09027,0.09033,970432.059835
2026-04-05 11:20:00,0.09033,0.09039,0.09033,0.09035,589543.985723
2026-04-05 11:25:00,0.09035,0.09035,0.09026,0.09031,503502.770853
2026-04-05 11:30:00,0.09032,0.09038,0.09032,0.09038,354214.187676
2026-04-05 11:35:00,0.09037,0.09039,0.09032,0.09038,562323.425643
2026-04-05 11:40:00,0.09038,0.09041,0.09036,0.09036,144988.280563
2026-04-05 11:45:00,0.09036,0.09038,0.09036,0.09037,275781.297217
2026-04-05 11:50:00,0.09038,0.0904,0.09037,0.09038,283125.836152
2026-04-05 11:55:00,0.0904,0.0904,0.09034,0.09035,168117.129443
2026-04-05 12:00:00,0.09035,0.09035,0.09017,0.09018,725512.926029
2026-04-05 12:05:00,0.09017,0.09026,0.09017,0.09025,808212.383319
2026-04-05 12:10:00,0.09023,0.09023,0.09017,0.09018,288794.399235
2026-04-05 12:15:00,0.09018,0.09022,0.09014,0.09016,643443.183492
2026-04-05 12:20:00,0.09015,0.09019,0.09013,0.09017,408926.47174
2026-04-05 12:25:00,0.09016,0.09019,0.0901,0.0901,413117.127991
2026-04-05 12:30:00,0.0901,0.09015,0.08995,0.08999,4797859.839975
2026-04-05 12:35:00,0.08999,0.09007,0.08982,0.08995,7773947.973396
2026-04-05 12:40:00,0.08996,0.09,0.08989,0.08994,2905758.943175
2026-04-05 12:45:00,0.08993,0.08995,0.08973,0.08975,4573673.222981
2026-04-05 12:50:00,0.08975,0.08999,0.08975,0.08999,1907995.114076
2026-04-05 12:55:00,0.08999,0.09006,0.08999,0.09002,470381.295909
2026-04-05 13:00:00,0.09002,0.09008,0.08996,0.09008,875426.201125
2026-04-05 13:05:00,0.09007,0.09007,0.09001,0.09001,638506.775443
2026-04-05 13:10:00,0.09002,0.09007,0.08988,0.0899,1705967.276439
2026-04-05 13:15:00,0.0899,0.08999,0.08982,0.08997,905314.160494
2026-04-05 13:20:00,0.08998,0.09008,0.08997,0.09004,438780.724414
2026-04-05 13:25:00,0.09003,0.09006,0.08974,0.08976,1567222.450036
2026-04-05 13:30:00,0.08975,0.09002,0.08971,0.09001,2714898.260351
2026-04-05 13:35:00,0.09,0.09011,0.09,0.09011,894441.909264
2026-04-05 13:40:00,0.09012,0.09013,0.09004,0.09012,538717.15898
2026-04-05 13:45:00,0.09012,0.09021,0.09012,0.09021,605195.684178
2026-04-05 13:50:00,0.09021,0.09028,0.09014,0.09017,727138.100889
2026-04-05 13:55:00,0.09016,0.0903,0.09014,0.09029,552248.501214
2026-04-05 14:00:00,0.09031,0.09057,0.09029,0.09052,1971444.943452
2026-04-05 14:05:00,0.09052,0.09052,0.09038,0.09045,1062184.410801
2026-04-05 14:10:00,0.09044,0.09044,0.09022,0.09023,477813.558897
2026-04-05 14:15:00,0.09022,0.09026,0.09017,0.09022,945047.773362
2026-04-05 14:20:00,0.09022,0.0903,0.09021,0.09029,338666.718347
2026-04-05 14:25:00,0.09029,0.0904,0.09029,0.09034,126192.73027
2026-04-05 14:30:00,0.0903,0.09034,0.09025,0.09026,514152.951641
2026-04-05 14:35:00,0.09026,0.09036,0.09026,0.09032,468380.717719
2026-04-05 14:40:00,0.09032,0.0904,0.09029,0.09032,265543.487201
2026-04-05 14:45:00,0.09031,0.09031,0.09022,0.09022,524116.36661
2026-04-05 14:50:00,0.09022,0.09025,0.09022,0.09023,360141.411328
2026-04-05 14:55:00,0.09021,0.09031,0.0902,0.09028,1108615.305144
2026-04-05 15:00:00,0.09028,0.09028,0.09008,0.09012,2921630.093116
2026-04-05 15:05:00,0.0901,0.09021,0.09002,0.09021,1000028.125427
2026-04-05 15:10:00,0.09022,0.0903,0.09021,0.09022,343192.222418
2026-04-05 15:15:00,0.09021,0.0903,0.09017,0.09022,455148.454551
2026-04-05 15:20:00,0.09023,0.09025,0.09019,0.09025,118522.143829
2026-04-05 15:25:00,0.09024,0.0911,0.09024,0.09098,11569993.213915
2026-04-05 15:30:00,0.09098,0.09147,0.09082,0.091,7051204.092616
2026-04-05 15:35:00,0.091,0.09106,0.09085,0.09085,2199566.743936
2026-04-05 15:40:00,0.09086,0.09096,0.09073,0.0909,2167599.6216
2026-04-05 15:45:00,0.09095,0.09095,0.09072,0.09077,1357397.192342
2026-04-05 15:50:00,0.09078,0.09087,0.09067,0.09071,2186894.162
2026-04-05 15:55:00,0.09071,0.09071,0.09061,0.09067,916489.015741
2026-04-05 16:00:00,0.09068,0.0908,0.09066,0.09076,820847.359206
2026-04-05 16:05:00,0.09075,0.09075,0.09057,0.09066,1427175.018045
2026-04-05 16:10:00,0.09067,0.09078,0.09067,0.0907,1246357.740632
2026-04-05 16:15:00,0.09069,0.09079,0.09069,0.09079,580496.152249
2026-04-05 16:20:00,0.09076,0.09083,0.09076,0.09078,264469.386175
2026-04-05 16:25:00,0.09079,0.09081,0.09065,0.09065,513080.351781
2026-04-05 16:30:00,0.09065,0.09079,0.09062,0.09068,733188.509332
2026-04-05 16:35:00,0.09066,0.09067,0.09057,0.09057,306015.780821
2026-04-05 16:40:00,0.09056,0.09058,0.09042,0.09056,1269443.749898
2026-04-05 16:45:00,0.09055,0.09055,0.09042,0.09043,1661872.594153
2026-04-05 16:50:00,0.09044,0.09045,0.0903,0.09035,919341.416833
2026-04-05 16:55:00,0.09033,0.0904,0.09029,0.09039,806295.70451
2026-04-05 17:00:00,0.09041,0.09046,0.09028,0.09033,979781.28405
2026-04-05 17:05:00,0.09033,0.09045,0.09033,0.09042,1314165.888878
2026-04-05 17:10:00,0.09042,0.09051,0.09042,0.09044,669849.847799
2026-04-05 17:15:00,0.09044,0.09046,0.09025,0.09029,325309.136372
2026-04-05 17:20:00,0.09027,0.0903,0.09022,0.0903,1034434.206067
2026-04-05 17:25:00,0.0903,0.09046,0.09029,0.09044,822431.006814
2026-04-05 17:30:00,0.09045,0.09048,0.09032,0.09037,771868.344296
2026-04-05 17:35:00,0.09037,0.09045,0.09035,0.09044,400299.117209
2026-04-05 17:40:00,0.09044,0.09062,0.09043,0.09061,2401377.511517
2026-04-05 17:45:00,0.09061,0.09068,0.09052,0.0906,843723.713453
2026-04-05 17:50:00,0.0906,0.09066,0.09054,0.09059,787425.750519
2026-04-05 17:55:00,0.09059,0.09061,0.09055,0.0906,319208.59123
2026-04-05 18:00:00,0.09059,0.09059,0.09046,0.09049,824787.39922
2026-04-05 18:05:00,0.0905,0.09055,0.09046,0.09049,302254.909064
2026-04-05 18:10:00,0.09049,0.09052,0.0904,0.09041,798964.008533
2026-04-05 18:15:00,0.09041,0.09042,0.09029,0.09032,862764.81967
2026-04-05 18:20:00,0.09032,0.09039,0.0903,0.09039,385473.444112
2026-04-05 18:25:00,0.09039,0.09041,0.09034,0.09035,176584.297989
2026-04-05 18:30:00,0.09036,0.09064,0.09036,0.09058,1011029.496088
2026-04-05 18:35:00,0.09058,0.09063,0.09054,0.09061,701277.291476
2026-04-05 18:40:00,0.09062,0.09067,0.09057,0.09059,1458289.985906
2026-04-05 18:45:00,0.09058,0.09066,0.09056,0.09064,746603.479604
2026-04-05 18:50:00,0.09061,0.09066,0.09058,0.09062,417686.979321
2026-04-05 18:55:00,0.09061,0.09063,0.09056,0.09063,303132.415753
2026-04-05 19:00:00,0.09062,0.09065,0.09058,0.09058,412098.163992
2026-04-05 19:05:00,0.09057,0.09063,0.09056,0.09062,519062.430267
2026-04-05 19:10:00,0.09061,0.09063,0.09057,0.09058,109533.653358
2026-04-05 19:15:00,0.09056,0.09078,0.09052,0.09078,824137.285912
2026-04-05 19:20:00,0.09078,0.09087,0.09075,0.09082,931198.020735
2026-04-05 19:25:00,0.09083,0.09086,0.09075,0.09075,394802.363633
2026-04-05 19:30:00,0.09074,0.09075,0.09069,0.09073,252495.785079
2026-04-05 19:35:00,0.09074,0.09074,0.09043,0.09044,1784725.626809
2026-04-05 19:40:00,0.09045,0.09047,0.0903,0.09034,734690.457411
2026-04-05 19:45:00,0.09034,0.0904,0.09032,0.09039,552314.236627
2026-04-05 19:50:00,0.09035,0.09044,0.09035,0.09042,450905.346306
2026-04-05 19:55:00,0.09042,0.09055,0.09042,0.09055,210443.59135
2026-04-05 20:00:00,0.09054,0.09066,0.0905,0.09053,1552211.299776
2026-04-05 20:05:00,0.09051,0.09062,0.09049,0.09054,405991.892831
2026-04-05 20:10:00,0.09054,0.09055,0.09047,0.09052,168680.166675
2026-04-05 20:15:00,0.09053,0.09053,0.09051,0.09052,176096.115016
2026-04-05 20:20:00,0.09052,0.09068,0.09049,0.09063,427353.500816
2026-04-05 20:25:00,0.09064,0.09069,0.09059,0.09063,388945.058842
2026-04-05 20:30:00,0.09059,0.09064,0.09059,0.09063,225346.795792
2026-04-05 20:35:00,0.09063,0.09089,0.09058,0.09076,4798122.008505
2026-04-05 20:40:00,0.09076,0.09078,0.09056,0.09056,328655.875104
2026-04-05 20:45:00,0.09055,0.09069,0.09054,0.09069,445438.00223
2026-04-05 20:50:00,0.09069,0.09074,0.09065,0.09068,429073.673486
2026-04-05 20:55:00,0.09069,0.09072,0.09063,0.09069,294120.996696
2026-04-05 21:00:00,0.0907,0.09071,0.09058,0.09068,844284.090233
2026-04-05 21:05:00,0.09067,0.09073,0.09066,0.09068,646079.005629
2026-04-05 21:10:00,0.09069,0.09072,0.09039,0.09049,2865811.056256
2026-04-05 21:15:00,0.09049,0.09051,0.0904,0.0904,569193.727235
2026-04-05 21:20:00,0.0904,0.09044,0.09037,0.09039,1301707.732191
2026-04-05 21:25:00,0.0904,0.09044,0.09035,0.09044,973914.102833
2026-04-05 21:30:00,0.09043,0.09044,0.0904,0.0904,154598.193802
2026-04-05 21:35:00,0.09039,0.09043,0.09039,0.09042,300342.352543
2026-04-05 21:40:00,0.09043,0.09048,0.09035,0.09042,1484613.387151
2026-04-05 21:45:00,0.09043,0.09057,0.09043,0.09055,239436.781775
2026-04-05 21:50:00,0.09056,0.0907,0.09056,0.09068,429501.563435
2026-04-05 21:55:00,0.09068,0.09074,0.09055,0.09058,380088.9601
2026-04-05 22:00:00,0.09057,0.0909,0.0905,0.09085,1777817.752004
2026-04-05 22:05:00,0.09085,0.09089,0.09066,0.09079,843879.281212
2026-04-05 22:10:00,0.0908,0.0908,0.09043,0.09058,1508251.422947
2026-04-05 22:15:00,0.09059,0.09064,0.09047,0.0905,1131832.217192
2026-04-05 22:20:00,0.0905,0.09051,0.09034,0.09037,854768.832801
2026-04-05 22:25:00,0.09036,0.09042,0.09026,0.09039,918938.988788
2026-04-05 22:30:00,0.09037,0.09074,0.09037,0.09053,508004.022266
2026-04-05 22:35:00,0.09052,0.09065,0.09043,0.09064,181074.622192
2026-04-05 22:40:00,0.09065,0.09111,0.0906,0.09099,3480487.286333
2026-04-05 22:45:00,0.09099,0.09134,0.09099,0.09121,3195962.511818
2026-04-05 22:50:00,0.09122,0.09138,0.09116,0.09116,1464162.188987
2026-04-05 22:55:00,0.09116,0.09155,0.09116,0.09143,3677587.6687
2026-04-05 23:00:00,0.09143,0.09156,0.09129,0.09142,3936700.943233
2026-04-05 23:05:00,0.09143,0.09191,0.09141,0.09163,4725371.712141
2026-04-05 23:10:00,0.09162,0.09186,0.09156,0.09185,2356387.934266
2026-04-05 23:15:00,0.09187,0.09244,0.09187,0.09235,10546655.541521
2026-04-05 23:20:00,0.09235,0.09245,0.09195,0.09202,4131074.083398
2026-04-05 23:25:00,0.09203,0.09211,0.09194,0.09198,1528563.742631
2026-04-05 23:30:00,0.092,0.09241,0.092,0.09228,3984917.68453
2026-04-05 23:35:00,0.0923,0.09238,0.09214,0.09221,3480925.376212
2026-04-05 23:40:00,0.09222,0.09225,0.092,0.09206,2451151.891409
2026-04-05 23:45:00,0.09207,0.09229,0.09207,0.0922,1024669.708962
2026-04-05 23:50:00,0.0922,0.09244,0.09217,0.0923,3050166.956188
2026-04-05 23:55:00,0.0923,0.09242,0.09225,0.09238,1680634.384899
2026-04-06 00:00:00,0.09238,0.093,0.09238,0.09274,12087482.556958
2026-04-06 00:05:00,0.09275,0.09303,0.09275,0.0928,8551681.676149
2026-04-06 00:10:00,0.0928,0.09295,0.09263,0.09295,2392463.360295
2026-04-06 00:15:00,0.09295,0.0933,0.09295,0.09299,9499281.199202
2026-04-06 00:20:00,0.09298,0.09333,0.09279,0.09332,11298609.088691
2026-04-06 00:25:00,0.09333,0.09339,0.09311,0.09316,3489677.021406
2026-04-06 00:30:00,0.09315,0.09348,0.09314,0.09319,4341345.443305
2026-04-06 00:35:00,0.09319,0.09329,0.09302,0.09318,2668634.237959
2026-04-06 00:40:00,0.09317,0.09355,0.09315,0.09328,4774909.201774
2026-04-06 00:45:00,0.09329,0.0934,0.0928,0.09281,4456600.820908
2026-04-06 00:50:00,0.09281,0.09293,0.09267,0.09292,7773913.352377
2026-04-06 00:55:00,0.09292,0.09297,0.09266,0.09277,1756244.867339
2026-04-06 01:00:00,0.09278,0.09298,0.09272,0.0928,2441787.797924
2026-04-06 01:05:00,0.09278,0.09285,0.09213,0.09235,15677711.970401
2026-04-06 01:10:00,0.09235,0.09248,0.09193,0.09193,5651330.521123
2026-04-06 01:15:00,0.09194,0.09202,0.09176,0.0919,3676777.787679
2026-04-06 01:20:00,0.0919,0.09203,0.09148,0.09197,4144180.38407
2026-04-06 01:25:00,0.09198,0.09223,0.09198,0.09221,2109403.739319
2026-04-06 01:30:00,0.0922,0.0923,0.09209,0.09223,2185298.346284
2026-04-06 01:35:00,0.09224,0.09233,0.09212,0.09224,1881298.364538
2026-04-06 01:40:00,0.09222,0.09226,0.09209,0.0922,721980.549668
2026-04-06 01:45:00,0.09222,0.09237,0.09219,0.09221,1173727.03403
2026-04-06 01:50:00,0.09222,0.09232,0.0922,0.09221,779600.424274
2026-04-06 01:55:00,0.09222,0.09237,0.09222,0.09226,1373438.893656
2026-04-06 02:00:00,0.0923,0.09271,0.09225,0.0927,2152543.862299
2026-04-06 02:05:00,0.0927,0.09274,0.09247,0.09272,4065629.355211
2026-04-06 02:10:00,0.09271,0.09364,0.09266,0.09313,15521295.317058
2026-04-06 02:15:00,0.09311,0.09341,0.09301,0.09324,3960544.471003
2026-04-06 02:20:00,0.09327,0.09333,0.09293,0.09295,3683093.333212
2026-04-06 02:25:00,0.09295,0.09311,0.0928,0.09306,1839961.181641
2026-04-06 02:30:00,0.09308,0.09335,0.09308,0.09315,4195417.841027
2026-04-06 02:35:00,0.09315,0.09316,0.0929,0.09302,1872236.727681
2026-04-06 02:40:00,0.09302,0.09302,0.09284,0.09291,873102.271997
2026-04-06 02:45:00,0.09292,0.0931,0.0929,0.09294,6263485.507476
2026-04-06 02:50:00,0.09293,0.09301,0.09288,0.09297,795976.259545
2026-04-06 02:55:00,0.09297,0.093,0.09277,0.09285,12894434.265768
2026-04-06 03:00:00,0.09285,0.09305,0.09285,0.09301,2448116.892524
2026-04-06 03:05:00,0.093,0.09312,0.0929,0.09298,3222914.721513
2026-04-06 03:10:00,0.09297,0.09309,0.0928,0.09281,2066202.839838
2026-04-06 03:15:00,0.09282,0.09289,0.09261,0.09266,3623484.174227
2026-04-06 03:20:00,0.09264,0.09284,0.09263,0.09274,2235992.802619
2026-04-06 03:25:00,0.09273,0.09276,0.09256,0.09263,4643336.009199
2026-04-06 03:30:00,0.09264,0.09269,0.09258,0.09264,870838.010384
2026-04-06 03:35:00,0.09263,0.09272,0.09259,0.09259,2843569.499306
2026-04-06 03:40:00,0.09259,0.09259,0.09241,0.09245,3766174.553557
2026-04-06 03:45:00,0.09245,0.09249,0.0923,0.09232,1986177.275176
2026-04-06 03:50:00,0.09232,0.09232,0.09216,0.09221,3868533.129666
2026-04-06 03:55:00,0.0922,0.09232,0.0922,0.09232,4202053.174543
2026-04-06 04:00:00,0.09232,0.09268,0.09232,0.09266,2633739.435471
2026-04-06 04:05:00,0.09266,0.09266,0.09233,0.09236,1510555.436414
2026-04-06 04:10:00,0.09235,0.09244,0.09226,0.09239,3949829.212929
2026-04-06 04:15:00,0.09238,0.09255,0.0923,0.09244,6569192.724253
2026-04-06 04:20:00,0.09244,0.09247,0.09237,0.09243,873109.645254
2026-04-06 04:25:00,0.09243,0.09247,0.0924,0.09243,741269.202735
2026-04-06 04:30:00,0.09244,0.09258,0.09241,0.09258,2169571.676535
2026-04-06 04:35:00,0.09259,0.0929,0.09259,0.09279,5554797.031454
2026-04-06 04:40:00,0.09279,0.09285,0.09275,0.0928,1652257.410858
2026-04-06 04:45:00,0.0928,0.09282,0.09273,0.09273,655478.749655
2026-04-06 04:50:00,0.09271,0.09271,0.09263,0.0927,756665.307031
2026-04-06 04:55:00,0.0927,0.09271,0.09252,0.09258,15139103.786048
2026-04-06 05:00:00,0.09258,0.09273,0.09256,0.09271,776195.830627
2026-04-06 05:05:00,0.09271,0.09275,0.0926,0.09273,463575.334092
2026-04-06 05:10:00,0.09272,0.09272,0.09262,0.09268,937332.516066
2026-04-06 05:15:00,0.09268,0.09277,0.09267,0.0927,531580.024438
2026-04-06 05:20:00,0.0927,0.09272,0.09253,0.09253,490108.499357
2026-04-06 05:25:00,0.09253,0.09253,0.09229,0.0924,2360516.409567
2026-04-06 05:30:00,0.09241,0.09251,0.09237,0.09249,515781.609353
2026-04-06 05:35:00,0.09247,0.09264,0.09247,0.09253,1802410.693825
2026-04-06 05:40:00,0.09252,0.09253,0.09241,0.0925,964147.067552
2026-04-06 05:45:00,0.0925,0.09252,0.09233,0.09234,1081679.786458
2026-04-06 05:50:00,0.09235,0.09249,0.09235,0.09247,638492.751092
2026-04-06 05:55:00,0.09245,0.09248,0.09242,0.09243,377183.352784
2026-04-06 06:00:00,0.09243,0.09249,0.09227,0.0923,1215179.216199
2026-04-06 06:05:00,0.0923,0.09256,0.0923,0.09246,714481.652683
2026-04-06 06:10:00,0.09245,0.0927,0.09245,0.09268,1991692.376368
2026-04-06 06:15:00,0.09268,0.09268,0.09247,0.09247,759026.821992
2026-04-06 06:20:00,0.09248,0.09248,0.09209,0.09222,2314039.207887
2026-04-06 06:25:00,0.09224,0.09226,0.09204,0.09209,1895392.115746
2026-04-06 06:30:00,0.09209,0.09218,0.09193,0.09208,1964453.754802
2026-04-06 06:35:00,0.09207,0.09212,0.09206,0.09209,449966.731936
2026-04-06 06:40:00,0.0921,0.09226,0.09205,0.09219,1439560.994567
2026-04-06 06:45:00,0.09218,0.09225,0.09214,0.0922,133804.440741
2026-04-06 06:50:00,0.0922,0.09246,0.09218,0.09225,3945155.15504
2026-04-06 06:55:00,0.09224,0.09225,0.09214,0.09216,288722.503343
2026-04-06 07:00:00,0.09218,0.09218,0.092,0.09201,588963.10159
2026-04-06 07:05:00,0.09199,0.09202,0.09194,0.09194,1131283.127382
2026-04-06 07:10:00,0.09194,0.09201,0.09192,0.09199,2195417.020573
2026-04-06 07:15:00,0.09197,0.09215,0.09196,0.09213,1000890.434986
2026-04-06 07:20:00,0.09213,0.09224,0.09206,0.09216,194903.804585
2026-04-06 07:25:00,0.09219,0.0922,0.09201,0.09201,946600.477147
2026-04-06 07:30:00,0.09201,0.09201,0.0918,0.09184,1275156.782966
2026-04-06 07:35:00,0.09185,0.09198,0.09182,0.09184,848265.016176
2026-04-06 07:40:00,0.09182,0.09184,0.09177,0.09181,1029579.863463
2026-04-06 07:45:00,0.09182,0.0919,0.09175,0.0919,1719610.610967
2026-04-06 07:50:00,0.0919,0.09219,0.09189,0.09218,1031315.862098
2026-04-06 07:55:00,0.09217,0.09219,0.09208,0.0921,139145.414463
2026-04-06 08:00:00,0.09211,0.09219,0.09206,0.09206,747038.434583
2026-04-06 08:05:00,0.09205,0.09217,0.09195,0.09216,506829.0922
2026-04-06 08:10:00,0.09216,0.0922,0.0921,0.09218,123155.882809
2026-04-06 08:15:00,0.09218,0.09224,0.09214,0.09216,1846392.080532
2026-04-06 08:20:00,0.09216,0.09234,0.09212,0.09231,1182276.335476
2026-04-06 08:25:00,0.0923,0.09236,0.09223,0.09224,769948.477902
2026-04-06 08:30:00,0.09225,0.09235,0.0922,0.09232,132518.147914
2026-04-06 08:35:00,0.09231,0.0926,0.09226,0.09235,6655049.175914
2026-04-06 08:40:00,0.09235,0.09239,0.09231,0.09237,526754.626391
2026-04-06 08:45:00,0.09236,0.0924,0.09227,0.09229,886630.654506
2026-04-06 08:50:00,0.09231,0.09231,0.09221,0.09224,260318.222326
2026-04-06 08:55:00,0.09224,0.09226,0.09215,0.09215,1796229.973503
2026-04-06 09:00:00,0.09216,0.09233,0.09216,0.09228,1806554.836748
2026-04-06 09:05:00,0.09229,0.09236,0.09228,0.09236,858426.946704
2026-04-06 09:10:00,0.09237,0.09276,0.09237,0.09255,3376456.338815
2026-04-06 09:15:00,0.09255,0.09305,0.09255,0.09296,15682062.12667
2026-04-06 09:20:00,0.09295,0.09347,0.09292,0.09312,16180398.771117
2026-04-06 09:25:00,0.09313,0.09313,0.09291,0.09303,5562879.95751
2026-04-06 09:30:00,0.09304,0.09324,0.09299,0.09303,4782247.481405
2026-04-06 09:35:00,0.09303,0.09312,0.09293,0.09297,1936050.720465
2026-04-06 09:40:00,0.09295,0.09309,0.0928,0.09301,3839695.878892
2026-04-06 09:45:00,0.09301,0.09312,0.09301,0.09304,1539090.55949
2026-04-06 09:50:00,0.09305,0.09314,0.0929,0.09301,4098917.348667
2026-04-06 09:55:00,0.09302,0.09304,0.09292,0.09293,616884.561645
2026-04-06 10:00:00,0.09293,0.09325,0.09292,0.09324,1499256.888971
2026-04-06 10:05:00,0.09323,0.09325,0.09317,0.09318,2836531.568327
2026-04-06 10:10:00,0.09317,0.09322,0.09312,0.09313,1423031.821878
2026-04-06 10:15:00,0.09314,0.09325,0.09309,0.09309,1275510.076018
2026-04-06 10:20:00,0.09309,0.09323,0.09306,0.09322,1044362.115599
2026-04-06 10:25:00,0.09322,0.09322,0.09298,0.09313,1835715.90709
2026-04-06 10:30:00,0.09313,0.09335,0.09312,0.09329,1867353.196708
2026-04-06 10:35:00,0.09329,0.09341,0.09321,0.09329,2298592.604816
2026-04-06 10:40:00,0.09328,0.09332,0.09324,0.09328,144874.051419
2026-04-06 10:45:00,0.09328,0.09329,0.09297,0.09318,5687079.03674
2026-04-06 10:50:00,0.09318,0.0932,0.09305,0.09307,1391174.400963
2026-04-06 10:55:00,0.09308,0.09312,0.09298,0.09308,1003634.459365
2026-04-06 11:00:00,0.09306,0.09313,0.09296,0.09296,2015732.119776
2026-04-06 11:05:00,0.09296,0.09299,0.09286,0.09295,3489319.497746
2026-04-06 11:10:00,0.09295,0.09296,0.09282,0.09288,1923547.779044
2026-04-06 11:15:00,0.09289,0.09296,0.09287,0.09292,206947.753561
2026-04-06 11:20:00,0.09294,0.09298,0.09286,0.09297,505542.356901
2026-04-06 11:25:00,0.09297,0.09297,0.09288,0.09289,459645.687023
2026-04-06 11:30:00,0.09289,0.093,0.09288,0.09295,530575.19251
2026-04-06 11:35:00,0.09294,0.09299,0.09289,0.09296,949645.109443
2026-04-06 11:40:00,0.09297,0.093,0.09296,0.093,583104.319245
2026-04-06 11:45:00,0.093,0.09303,0.09291,0.09299,686226.628064
2026-04-06 11:50:00,0.09299,0.09305,0.09299,0.09303,281104.251838
2026-04-06 11:55:00,0.09303,0.09304,0.09296,0.09304,276401.994977
2026-04-06 12:00:00,0.09304,0.0931,0.09304,0.09306,673127.493572
2026-04-06 12:05:00,0.09306,0.09312,0.09304,0.09308,1323154.129223
2026-04-06 12:10:00,0.09306,0.09308,0.09297,0.09297,647019.541554
2026-04-06 12:15:00,0.09296,0.09302,0.09291,0.09295,1216541.274406
2026-04-06 12:20:00,0.09297,0.09299,0.09294,0.09294,882978.528664
2026-04-06 12:25:00,0.09294,0.09309,0.09287,0.09287,6439348.069823
2026-04-06 12:30:00,0.09287,0.09288,0.09273,0.09282,2839292.972896
2026-04-06 12:35:00,0.0928,0.0928,0.09267,0.09272,1011588.236661
2026-04-06 12:40:00,0.09272,0.09273,0.09257,0.09258,2567509.18294
2026-04-06 12:45:00,0.09258,0.09271,0.09232,0.09239,5131637.821564
2026-04-06 12:50:00,0.0924,0.0925,0.09237,0.09247,2234004.803239
2026-04-06 12:55:00,0.09248,0.0925,0.09235,0.09244,1613099.3989
2026-04-06 13:00:00,0.09246,0.09259,0.09243,0.09258,729280.837464
2026-04-06 13:05:00,0.09258,0.09262,0.0925,0.09252,1943452.311394
2026-04-06 13:10:00,0.09254,0.09265,0.09253,0.09261,4289070.485744
2026-04-06 13:15:00,0.09258,0.09262,0.09247,0.09252,5941839.268905
2026-04-06 13:20:00,0.09252,0.09262,0.09249,0.09251,1178913.899682
2026-04-06 13:25:00,0.09252,0.09257,0.0925,0.09254,667461.720743
2026-04-06 13:30:00,0.09256,0.09274,0.09253,0.0927,1254259.190279
2026-04-06 13:35:00,0.09271,0.09276,0.09226,0.09242,1541907.734394
2026-04-06 13:40:00,0.09239,0.09251,0.09233,0.09236,1566009.050771
2026-04-06 13:45:00,0.09236,0.09242,0.09226,0.09229,9845426.760977
2026-04-06 13:50:00,0.0923,0.0925,0.09229,0.09235,1024514.900203
2026-04-06 13:55:00,0.09237,0.09239,0.09224,0.09235,591601.584773
2026-04-06 14:00:00,0.09236,0.0927,0.0921,0.09217,4643898.135751
2026-04-06 14:05:00,0.09213,0.09237,0.09213,0.09237,1177996.820424
2026-04-06 14:10:00,0.09238,0.09247,0.09227,0.09247,487816.352425
2026-04-06 14:15:00,0.09248,0.09259,0.09244,0.09256,430962.340332
2026-04-06 14:20:00,0.09256,0.09291,0.09254,0.09272,4418842.046535
2026-04-06 14:25:00,0.09273,0.09281,0.0927,0.09272,772153.966469
2026-04-06 14:30:00,0.09271,0.09287,0.09267,0.09277,761890.458436
2026-04-06 14:35:00,0.09279,0.09294,0.09235,0.09237,6130279.369277
2026-04-06 14:40:00,0.09236,0.09257,0.09235,0.09251,927783.821622
2026-04-06 14:45:00,0.0925,0.0925,0.09237,0.09239,408451.869437
2026-04-06 14:50:00,0.09239,0.09273,0.09238,0.09266,1848383.758338
2026-04-06 14:55:00,0.09267,0.09282,0.09265,0.0928,999064.139641
2026-04-06 15:00:00,0.09279,0.09299,0.09269,0.09272,1590867.911321
2026-04-06 15:05:00,0.0927,0.0927,0.09253,0.09265,1245372.073568
2026-04-06 15:10:00,0.09265,0.09279,0.09254,0.09267,1073013.734537
2026-04-06 15:15:00,0.09267,0.09271,0.09253,0.09253,1537881.841687
2026-04-06 15:20:00,0.09252,0.09268,0.09251,0.0926,644296.216345
2026-04-06 15:25:00,0.09259,0.09268,0.09251,0.09267,495689.262909
2026-04-06 15:30:00,0.09268,0.0928,0.09264,0.09265,1623746.59247
2026-04-06 15:35:00,0.09265,0.09268,0.09255,0.09268,259877.38141
2026-04-06 15:40:00,0.09268,0.09272,0.09261,0.09272,495656.089041
2026-04-06 15:45:00,0.09273,0.09293,0.09273,0.09286,1119816.90212
2026-04-06 15:50:00,0.09284,0.0929,0.09281,0.09282,1581272.258574
2026-04-06 15:55:00,0.09282,0.09284,0.09278,0.0928,3205591.160805
2026-04-06 16:00:00,0.09283,0.09285,0.09271,0.09272,5095867.914325
2026-04-06 16:05:00,0.09271,0.09272,0.09256,0.09261,2419951.640731
2026-04-06 16:10:00,0.09261,0.0928,0.09258,0.0928,771823.034707
2026-04-06 16:15:00,0.09281,0.09283,0.09261,0.09272,1352153.307707
2026-04-06 16:20:00,0.09271,0.09274,0.09264,0.09266,642144.051527
2026-04-06 16:25:00,0.09265,0.09268,0.09256,0.09256,1164718.758483
2026-04-06 16:30:00,0.09254,0.09259,0.09252,0.09258,252949.204725
2026-04-06 16:35:00,0.0926,0.09261,0.09253,0.09253,2553718.320003
2026-04-06 16:40:00,0.09253,0.0926,0.09253,0.09259,120974.706758
2026-04-06 16:45:00,0.09261,0.09289,0.09254,0.09275,1355536.144297
2026-04-06 16:50:00,0.09275,0.0928,0.09245,0.09245,1266536.947531
2026-04-06 16:55:00,0.0925,0.0925,0.09222,0.09233,2442315.324673
2026-04-06 17:00:00,0.09234,0.09234,0.09172,0.09197,4414382.938857
2026-04-06 17:05:00,0.09194,0.09217,0.09189,0.09214,2976532.762012
2026-04-06 17:10:00,0.09213,0.09214,0.09173,0.09179,1550540.767675
2026-04-06 17:15:00,0.09178,0.09193,0.0916,0.09182,2528396.443239
2026-04-06 17:20:00,0.09185,0.09193,0.09177,0.09192,4412177.247512
2026-04-06 17:25:00,0.09194,0.092,0.09188,0.09195,1695177.020734
2026-04-06 17:30:00,0.09196,0.09208,0.09189,0.09192,616584.449128
2026-04-06 17:35:00,0.09191,0.09202,0.09185,0.09189,544600.297263
2026-04-06 17:40:00,0.09188,0.09188,0.0918,0.09183,227084.275605
2026-04-06 17:45:00,0.09184,0.09191,0.09178,0.09191,66686.431992
2026-04-06 17:50:00,0.09193,0.09198,0.09189,0.09191,254913.439586
2026-04-06 17:55:00,0.09193,0.092,0.09193,0.09196,105688.483804
2026-04-06 18:00:00,0.09197,0.09197,0.09185,0.09185,104737.85307
2026-04-06 18:05:00,0.09184,0.09194,0.09184,0.09188,198856.427094
2026-04-06 18:10:00,0.09192,0.09222,0.09192,0.09207,1202502.508101
2026-04-06 18:15:00,0.09205,0.09211,0.09202,0.09211,237210.901394
2026-04-06 18:20:00,0.0921,0.0921,0.09189,0.09194,239371.45745
2026-04-06 18:25:00,0.09193,0.09209,0.0919,0.09207,153961.290612
2026-04-06 18:30:00,0.09208,0.09215,0.09206,0.09209,270468.256094
2026-04-06 18:35:00,0.09211,0.09215,0.09209,0.09209,390431.878697
2026-04-06 18:40:00,0.09208,0.09209,0.09202,0.09207,33168.323578
2026-04-06 18:45:00,0.09207,0.09211,0.09201,0.09208,188029.753972
2026-04-06 18:50:00,0.09208,0.09219,0.09202,0.09219,230855.192301
2026-04-06 18:55:00,0.09219,0.09219,0.09216,0.09218,7990.464219
2026-04-06 19:00:00,0.09218,0.09218,0.09202,0.09203,149722.098058
2026-04-06 19:05:00,0.09201,0.09201,0.09181,0.09185,349310.168823
2026-04-06 19:10:00,0.09187,0.09191,0.09173,0.09191,782645.854791
2026-04-06 19:15:00,0.09189,0.09192,0.09185,0.09187,93457.078543
2026-04-06 19:20:00,0.09186,0.09197,0.09184,0.09184,788204.202212
2026-04-06 19:25:00,0.09185,0.09186,0.0918,0.09181,107055.548245
2026-04-06 19:30:00,0.0918,0.09182,0.09173,0.09174,158376.115473
2026-04-06 19:35:00,0.09175,0.09179,0.09171,0.09176,96884.484566
2026-04-06 19:40:00,0.09174,0.09177,0.09166,0.09175,246949.51291
2026-04-06 19:45:00,0.09176,0.09177,0.09173,0.09176,395582.893301
2026-04-06 19:50:00,0.09177,0.09191,0.09174,0.0919,467914.558385
2026-04-06 19:55:00,0.09191,0.09198,0.09185,0.09194,351457.18162
2026-04-06 20:00:00,0.09194,0.09198,0.09182,0.09187,416630.282319
2026-04-06 20:05:00,0.09189,0.0919,0.09181,0.09183,64930.766342
2026-04-06 20:10:00,0.09185,0.09185,0.09174,0.09178,100317.415101
2026-04-06 20:15:00,0.09181,0.09183,0.09174,0.09177,210993.515328
2026-04-06 20:20:00,0.09181,0.09187,0.0918,0.09183,20548.544002
2026-04-06 20:25:00,0.09184,0.09195,0.09183,0.09187,606708.763946
2026-04-06 20:30:00,0.09186,0.09191,0.09185,0.0919,800505.335761
2026-04-06 20:35:00,0.0919,0.09197,0.0919,0.09195,221092.725252
2026-04-06 20:40:00,0.09194,0.09195,0.09193,0.09194,41394.394971
2026-04-06 20:45:00,0.09194,0.09195,0.0919,0.09194,94474.147422
2026-04-06 20:50:00,0.09194,0.09194,0.09186,0.09188,313994.016428
2026-04-06 20:55:00,0.09187,0.09189,0.09184,0.09186,475886.799213
2026-04-06 21:00:00,0.09185,0.09185,0.09167,0.0917,602795.534111
2026-04-06 21:05:00,0.0917,0.09172,0.09163,0.09163,273174.71555
2026-04-06 21:10:00,0.09164,0.09165,0.09145,0.09161,4824979.881623
2026-04-06 21:15:00,0.0916,0.0916,0.0915,0.09155,381199.693468
2026-04-06 21:20:00,0.09155,0.09163,0.09155,0.09157,268784.471783
2026-04-06 21:25:00,0.09156,0.09158,0.09153,0.09157,204985.947635
2026-04-06 21:30:00,0.09157,0.09159,0.09154,0.09158,333125.237177
2026-04-06 21:35:00,0.09159,0.09159,0.09139,0.09155,941468.614036
2026-04-06 21:40:00,0.09156,0.09156,0.0914,0.09143,1745780.381154
2026-04-06 21:45:00,0.09144,0.09152,0.0914,0.09152,191394.237676
2026-04-06 21:50:00,0.09152,0.09153,0.09144,0.09145,248206.035554
2026-04-06 21:55:00,0.09144,0.09147,0.0914,0.09146,386864.243082
2026-04-06 22:00:00,0.09144,0.09144,0.09122,0.09134,2566258.675771
2026-04-06 22:05:00,0.09134,0.0914,0.09127,0.09129,253518.050483
2026-04-06 22:10:00,0.09129,0.09137,0.09129,0.09137,302944.38417
2026-04-06 22:15:00,0.09136,0.09137,0.09124,0.09124,435566.20643
2026-04-06 22:20:00,0.09125,0.09125,0.09098,0.09098,7192168.349839
2026-04-06 22:25:00,0.09098,0.09109,0.09098,0.09102,2939318.84216
2026-04-06 22:30:00,0.09102,0.09102,0.0907,0.09083,5030332.343577
2026-04-06 22:35:00,0.09083,0.0909,0.09076,0.09076,1277248.892521
2026-04-06 22:40:00,0.09076,0.09082,0.09071,0.09072,1061665.781437
2026-04-06 22:45:00,0.09072,0.09072,0.0906,0.09064,3457460.231686
2026-04-06 22:50:00,0.09063,0.09084,0.0905,0.09074,19304278.75263
2026-04-06 22:55:00,0.09074,0.09089,0.09041,0.09041,8667070.943594
2026-04-06 23:00:00,0.09041,0.09043,0.09,0.09023,20409930.688078
2026-04-06 23:05:00,0.09023,0.09039,0.08992,0.09039,19652455.337526
2026-04-06 23:10:00,0.09039,0.0905,0.09029,0.0903,3785339.730351
2026-04-06 23:15:00,0.0903,0.0903,0.0901,0.09024,4620550.737205
2026-04-06 23:20:00,0.09024,0.09044,0.09016,0.09035,1752112.824843
2026-04-06 23:25:00,0.09034,0.09039,0.09024,0.09029,1346238.061503
2026-04-06 23:30:00,0.09027,0.09037,0.09017,0.09027,2295383.402113
2026-04-06 23:35:00,0.09028,0.09049,0.09025,0.09048,939968.892696
2026-04-06 23:40:00,0.09048,0.09065,0.09046,0.0906,2932595.093501
2026-04-06 23:45:00,0.0906,0.09066,0.09049,0.09049,1697766.385786
2026-04-06 23:50:00,0.09048,0.09062,0.09048,0.09062,1286772.08921
2026-04-06 23:55:00,0.09063,0.09065,0.09057,0.09061,2747829.879978
2026-04-07 00:00:00,0.09058,0.09061,0.09047,0.09061,2262205.256319
2026-04-07 00:05:00,0.09062,0.09093,0.09062,0.0908,6394038.546669
2026-04-07 00:10:00,0.09078,0.09079,0.09063,0.09065,533527.046095
2026-04-07 00:15:00,0.09067,0.09076,0.09061,0.09067,1613254.352993
2026-04-07 00:20:00,0.09065,0.09072,0.09053,0.09067,1259911.42766
2026-04-07 00:25:00,0.09068,0.09073,0.0906,0.09066,844347.539588
2026-04-07 00:30:00,0.09068,0.0908,0.09058,0.09062,685482.475418
2026-04-07 00:35:00,0.09062,0.09066,0.0905,0.09052,800889.452722
2026-04-07 00:40:00,0.09054,0.09068,0.09051,0.09066,730654.893532
2026-04-07 00:45:00,0.09067,0.09073,0.0906,0.09073,622277.805332
2026-04-07 00:50:00,0.09074,0.09083,0.0907,0.09076,480044.707967
2026-04-07 00:55:00,0.09078,0.09078,0.09071,0.09071,1573970.377256
2026-04-07 01:00:00,0.09072,0.09074,0.09061,0.09072,2721191.503558
2026-04-07 01:05:00,0.0907,0.09075,0.09061,0.09067,1023042.014645
2026-04-07 01:10:00,0.09068,0.09075,0.09061,0.0907,685200.530836
2026-04-07 01:15:00,0.09071,0.09087,0.0907,0.09086,699986.297479
2026-04-07 01:20:00,0.09086,0.09098,0.09068,0.0907,939246.593945
2026-04-07 01:25:00,0.09071,0.09076,0.09068,0.09071,716060.402316
2026-04-07 01:30:00,0.0907,0.09082,0.09068,0.09076,1799723.197559
2026-04-07 01:35:00,0.09076,0.09077,0.09059,0.09059,713949.120796
2026-04-07 01:40:00,0.09061,0.09073,0.09061,0.09072,416587.028079
2026-04-07 01:45:00,0.09072,0.09073,0.09062,0.09063,270469.659515
2026-04-07 01:50:00,0.09062,0.09064,0.09038,0.09053,1931391.068604
2026-04-07 01:55:00,0.09052,0.09057,0.09039,0.09044,435388.918594
2026-04-07 02:00:00,0.09043,0.09049,0.09039,0.09044,1056335.957602
2026-04-07 02:05:00,0.09044,0.09059,0.09025,0.09057,711040.729178
2026-04-07 02:10:00,0.09057,0.09061,0.09045,0.09047,268524.593781
2026-04-07 02:15:00,0.09046,0.09068,0.09045,0.09068,470867.810948
2026-04-07 02:20:00,0.09069,0.09072,0.09057,0.09071,398441.623479
2026-04-07 02:25:00,0.0907,0.09073,0.09064,0.09072,301765.877806
2026-04-07 02:30:00,0.09072,0.09074,0.09054,0.09055,313195.532702
2026-04-07 02:35:00,0.09055,0.0907,0.09055,0.09064,267251.137693
2026-04-07 02:40:00,0.09064,0.09064,0.0905,0.09051,617677.967465
2026-04-07 02:45:00,0.09052,0.09056,0.09047,0.09048,1044696.463068
2026-04-07 02:50:00,0.09048,0.09055,0.09041,0.09049,867405.577151
2026-04-07 02:55:00,0.09048,0.09056,0.09044,0.09055,545115.05581
2026-04-07 03:00:00,0.09055,0.09062,0.09053,0.09059,278166.877348
2026-04-07 03:05:00,0.09059,0.09061,0.09056,0.0906,294269.11804
2026-04-07 03:10:00,0.0906,0.09063,0.09055,0.09055,232689.67489
2026-04-07 03:15:00,0.09057,0.09061,0.09053,0.09054,365131.382738
2026-04-07 03:20:00,0.09052,0.09062,0.0905,0.09058,65942.77444
2026-04-07 03:25:00,0.09058,0.0906,0.09055,0.0906,448362.345222
2026-04-07 03:30:00,0.0906,0.09062,0.09055,0.09057,397726.345907
2026-04-07 03:35:00,0.09057,0.09058,0.09046,0.09047,953529.427233
2026-04-07 03:40:00,0.09047,0.09049,0.09044,0.09049,545540.786679
2026-04-07 03:45:00,0.09046,0.09051,0.09046,0.09047,319485.861411
2026-04-07 03:50:00,0.09046,0.09056,0.09046,0.09056,527740.646063
2026-04-07 03:55:00,0.09057,0.09058,0.09054,0.09054,378945.988646
2026-04-07 04:00:00,0.09054,0.09054,0.0904,0.0904,885689.527341
2026-04-07 04:05:00,0.0904,0.09046,0.09038,0.09042,791987.984202
2026-04-07 04:10:00,0.09044,0.09045,0.0904,0.09043,532152.829237
2026-04-07 04:15:00,0.09042,0.09048,0.09033,0.09033,4387250.167753
2026-04-07 04:20:00,0.09033,0.0904,0.09031,0.09037,816835.049828
2026-04-07 04:25:00,0.09039,0.09045,0.09036,0.09036,314226.119297
2026-04-07 04:30:00,0.09036,0.09056,0.09036,0.09052,889941.711635
2026-04-07 04:35:00,0.09052,0.09066,0.09052,0.09063,1510564.360521
2026-04-07 04:40:00,0.09063,0.09066,0.09062,0.09064,341421.84445
2026-04-07 04:45:00,0.09063,0.0908,0.09062,0.09079,1466043.721045
2026-04-07 04:50:00,0.09079,0.09079,0.09074,0.09077,566268.05497
2026-04-07 04:55:00,0.09078,0.0908,0.09074,0.09075,613919.013727
2026-04-07 05:00:00,0.09075,0.09075,0.09056,0.09057,293469.935795
2026-04-07 05:05:00,0.09058,0.09058,0.0905,0.09052,568217.224712
2026-04-07 05:10:00,0.09053,0.09054,0.09046,0.09046,184635.002477
2026-04-07 05:15:00,0.09046,0.09055,0.09042,0.09049,1897748.939401
2026-04-07 05:20:00,0.09049,0.09059,0.09048,0.09051,1041476.759091
2026-04-07 05:25:00,0.09053,0.09054,0.09046,0.0905,223246.367557
2026-04-07 05:30:00,0.09048,0.09052,0.09041,0.09049,494230.483386
2026-04-07 05:35:00,0.09049,0.09061,0.09046,0.09059,973183.680962
2026-04-07 05:40:00,0.0906,0.0906,0.09049,0.0905,386862.455606
2026-04-07 05:45:00,0.0905,0.09051,0.09047,0.09047,489404.965467
2026-04-07 05:50:00,0.09047,0.09052,0.09047,0.09051,674814.12608
2026-04-07 05:55:00,0.09052,0.09056,0.09046,0.09056,1728950.01966
2026-04-07 06:00:00,0.09056,0.09056,0.09046,0.09049,315874.468678
2026-04-07 06:05:00,0.09048,0.09052,0.09037,0.09039,1091690.815066
2026-04-07 06:10:00,0.09039,0.09052,0.09035,0.09036,1252016.96532
2026-04-07 06:15:00,0.09035,0.09036,0.0903,0.09033,1856143.826041
2026-04-07 06:20:00,0.09033,0.09043,0.09026,0.09041,1695693.85365
2026-04-07 06:25:00,0.09044,0.09047,0.09043,0.09047,192019.707107
2026-04-07 06:30:00,0.09047,0.09048,0.0904,0.0904,49495.871064
2026-04-07 06:35:00,0.0904,0.09051,0.0904,0.09049,653213.341747
2026-04-07 06:40:00,0.09043,0.09066,0.0904,0.09061,7288642.429302
2026-04-07 06:45:00,0.0906,0.09066,0.09055,0.09064,1320622.703253
2026-04-07 06:50:00,0.09064,0.09076,0.09063,0.09073,2414357.07996
2026-04-07 06:55:00,0.09074,0.09074,0.09065,0.09069,1258365.57034
2026-04-07 07:00:00,0.09072,0.09072,0.09061,0.09068,317879.415342
2026-04-07 07:05:00,0.09067,0.09074,0.09066,0.09072,1588753.352293
2026-04-07 07:10:00,0.09072,0.09073,0.0906,0.0907,1584181.126729
2026-04-07 07:15:00,0.09069,0.09073,0.09066,0.09068,551862.502422
2026-04-07 07:20:00,0.09069,0.09075,0.09064,0.09074,262115.590166
2026-04-07 07:25:00,0.09075,0.09077,0.0906,0.0906,544743.841172
2026-04-07 07:30:00,0.09061,0.0908,0.0906,0.09073,790418.436644
2026-04-07 07:35:00,0.09072,0.09073,0.09063,0.09064,152966.94471
2026-04-07 07:40:00,0.09064,0.09068,0.09063,0.09065,128865.940874
2026-04-07 07:45:00,0.09065,0.09065,0.09059,0.09062,1025990.780891
2026-04-07 07:50:00,0.09062,0.09069,0.09061,0.09067,546693.605511
2026-04-07 07:55:00,0.09068,0.09073,0.09061,0.09063,2138727.534099
2026-04-07 08:00:00,0.09063,0.09098,0.09061,0.0907,1424481.865635
2026-04-07 08:05:00,0.0907,0.09074,0.09066,0.09073,38452.150281
2026-04-07 08:10:00,0.09073,0.09086,0.09073,0.09076,594297.434857
2026-04-07 08:15:00,0.09075,0.09076,0.09066,0.09076,263248.922335
2026-04-07 08:20:00,0.09077,0.09079,0.09073,0.09077,134511.553345
2026-04-07 08:25:00,0.09077,0.09077,0.09066,0.09068,694176.271256
2026-04-07 08:30:00,0.09068,0.0908,0.09068,0.0908,192924.16833
2026-04-07 08:35:00,0.09077,0.0908,0.09076,0.09077,217146.443639
2026-04-07 08:40:00,0.09077,0.09085,0.09074,0.09082,173356.035706
2026-04-07 08:45:00,0.09082,0.09088,0.09081,0.09082,195935.437837
2026-04-07 08:50:00,0.09081,0.0909,0.09078,0.09089,640454.497166
2026-04-07 08:55:00,0.09089,0.09104,0.09089,0.091,1388187.942696
2026-04-07 09:00:00,0.091,0.09113,0.09099,0.09107,2010616.875019
2026-04-07 09:05:00,0.09104,0.09147,0.09096,0.0914,5806680.86559
2026-04-07 09:10:00,0.0914,0.09145,0.09126,0.09127,1084943.113317
2026-04-07 09:15:00,0.09124,0.09125,0.09107,0.09117,701421.366555
2026-04-07 09:20:00,0.09118,0.0912,0.0911,0.09118,680646.669459
2026-04-07 09:25:00,0.09119,0.09123,0.09105,0.09116,646092.892097
2026-04-07 09:30:00,0.09114,0.09127,0.09113,0.09127,351649.652865
2026-04-07 09:35:00,0.09126,0.09131,0.09121,0.0913,416348.578242
2026-04-07 09:40:00,0.0913,0.09144,0.0913,0.09137,745358.634268
2026-04-07 09:45:00,0.09134,0.09139,0.09127,0.09135,323503.614206
2026-04-07 09:50:00,0.09135,0.09141,0.09134,0.09137,624683.336995
2026-04-07 09:55:00,0.09137,0.09137,0.09128,0.09128,237444.388749
2026-04-07 10:00:00,0.09129,0.09139,0.09118,0.09118,983331.965191
2026-04-07 10:05:00,0.09118,0.09121,0.09076,0.091,5139718.075229
2026-04-07 10:10:00,0.091,0.09102,0.09084,0.09089,1174251.661488
2026-04-07 10:15:00,0.09088,0.09099,0.09088,0.09093,199395.849468
2026-04-07 10:20:00,0.09094,0.09104,0.09083,0.09088,825111.002316
2026-04-07 10:25:00,0.09087,0.09087,0.09036,0.09064,6884717.572645
2026-04-07 10:30:00,0.09064,0.09072,0.09062,0.09069,829701.60582
2026-04-07 10:35:00,0.0907,0.09074,0.09061,0.0907,1517247.319813
2026-04-07 10:40:00,0.09071,0.09082,0.09067,0.09076,704913.917486
2026-04-07 10:45:00,0.09077,0.09093,0.09068,0.0909,1305525.021199
2026-04-07 10:50:00,0.09091,0.09096,0.0904,0.09061,12110950.547068
2026-04-07 10:55:00,0.09062,0.09072,0.09047,0.09056,3289240.068178
2026-04-07 11:00:00,0.09057,0.09059,0.09043,0.09056,750025.582802
2026-04-07 11:05:00,0.09058,0.09066,0.09057,0.09061,302351.902684
2026-04-07 11:10:00,0.09058,0.09082,0.09058,0.09072,1384729.64937
2026-04-07 11:15:00,0.09072,0.09079,0.09061,0.09061,1027274.887437
2026-04-07 11:20:00,0.0906,0.09062,0.09044,0.09051,614618.299897
2026-04-07 11:25:00,0.09051,0.0906,0.0905,0.09052,260323.126411
2026-04-07 11:30:00,0.09053,0.09053,0.09033,0.09039,2870841.049243
2026-04-07 11:35:00,0.09039,0.0906,0.09037,0.09058,501062.627256
2026-04-07 11:40:00,0.09057,0.09063,0.09054,0.09059,390375.533769
2026-04-07 11:45:00,0.09059,0.09059,0.09051,0.09055,283244.94716
2026-04-07 11:50:00,0.09053,0.09054,0.09044,0.09047,254459.682666
2026-04-07 11:55:00,0.09046,0.09055,0.09046,0.09053,174504.888949
2026-04-07 12:00:00,0.09054,0.0906,0.09048,0.09058,99823.502944
2026-04-07 12:05:00,0.09059,0.09069,0.09012,0.09033,8794375.964621
2026-04-07 12:10:00,0.09033,0.09045,0.09031,0.09036,430815.535209
2026-04-07 12:15:00,0.09037,0.09046,0.09023,0.09034,807779.897719
2026-04-07 12:20:00,0.09035,0.09048,0.09027,0.09039,461469.156383
2026-04-07 12:25:00,0.09041,0.09045,0.09038,0.09039,231473.857476
2026-04-07 12:30:00,0.09039,0.09044,0.0903,0.09038,884905.098317
2026-04-07 12:35:00,0.09037,0.09045,0.09037,0.09041,567102.419267
2026-04-07 12:40:00,0.09042,0.09046,0.09033,0.09039,561320.588616
2026-04-07 12:45:00,0.09039,0.09049,0.09033,0.09035,813233.569718
2026-04-07 12:50:00,0.09037,0.09047,0.09035,0.09045,814813.751753
2026-04-07 12:55:00,0.09045,0.09089,0.09043,0.09067,3346625.10792
2026-04-07 13:00:00,0.09067,0.09071,0.09062,0.09066,1050381.747617
2026-04-07 13:05:00,0.09066,0.09084,0.09066,0.09075,2959891.263806
2026-04-07 13:10:00,0.09075,0.09075,0.09059,0.09072,1017083.156344
2026-04-07 13:15:00,0.09071,0.09072,0.09058,0.0906,134315.312069
2026-04-07 13:20:00,0.09059,0.09067,0.09055,0.09055,655729.805586
2026-04-07 13:25:00,0.09054,0.09061,0.09052,0.09061,166143.568581
2026-04-07 13:30:00,0.09061,0.0908,0.0906,0.09069,530952.039954
2026-04-07 13:35:00,0.09064,0.09075,0.09063,0.09064,430658.973913
2026-04-07 13:40:00,0.09064,0.09072,0.09055,0.09058,390472.8995
2026-04-07 13:45:00,0.09057,0.09057,0.09039,0.0905,835101.888103
2026-04-07 13:50:00,0.0905,0.09064,0.09049,0.09064,234973.683231
2026-04-07 13:55:00,0.09065,0.09067,0.09046,0.09047,1078719.720116
2026-04-07 14:00:00,0.09048,0.09049,0.09032,0.09035,2910457.111268
2026-04-07 14:05:00,0.09035,0.09036,0.09007,0.09017,4636997.567356
2026-04-07 14:10:00,0.09018,0.09036,0.09018,0.09024,3274519.903183
2026-04-07 14:15:00,0.09024,0.09034,0.09015,0.09031,1557096.388423
2026-04-07 14:20:00,0.09031,0.09058,0.09031,0.09056,1397627.226315
2026-04-07 14:25:00,0.09058,0.09059,0.09044,0.09054,845037.890598
2026-04-07 14:30:00,0.09052,0.09064,0.0904,0.09051,889902.593204
2026-04-07 14:35:00,0.09051,0.09051,0.09034,0.09037,497441.090644
2026-04-07 14:40:00,0.09038,0.09041,0.09033,0.09035,389876.43023
2026-04-07 14:45:00,0.09036,0.09062,0.09035,0.09051,531095.492921
2026-04-07 14:50:00,0.09051,0.09051,0.0904,0.0904,170064.480669
2026-04-07 14:55:00,0.0904,0.0904,0.0902,0.09021,1240210.017409
2026-04-07 15:00:00,0.09022,0.09022,0.09011,0.09018,1196225.231812
2026-04-07 15:05:00,0.09017,0.09022,0.09009,0.09021,1288122.888995
2026-04-07 15:10:00,0.09025,0.0904,0.09025,0.09034,2106597.738822
2026-04-07 15:15:00,0.09035,0.0907,0.09035,0.09052,1558870.604553
2026-04-07 15:20:00,0.09049,0.09055,0.09048,0.09053,1244497.64675
2026-04-07 15:25:00,0.09051,0.09066,0.09051,0.09058,853742.018695
2026-04-07 15:30:00,0.09058,0.0906,0.09049,0.09052,1245854.082931
2026-04-07 15:35:00,0.09051,0.09054,0.09042,0.09048,1326588.415679
2026-04-07 15:40:00,0.09048,0.0905,0.09043,0.09047,171519.894995
2026-04-07 15:45:00,0.09046,0.09047,0.09041,0.09041,131205.266969
2026-04-07 15:50:00,0.09041,0.09042,0.09036,0.09042,159828.957648
2026-04-07 15:55:00,0.09042,0.09057,0.09036,0.09041,2538174.801973
2026-04-07 16:00:00,0.09041,0.09082,0.09039,0.09063,1147429.181508
2026-04-07 16:05:00,0.09062,0.09069,0.09055,0.09055,817439.65867
2026-04-07 16:10:00,0.09054,0.09057,0.09051,0.09056,397561.046049
2026-04-07 16:15:00,0.09056,0.09057,0.09041,0.09042,1036835.743059
2026-04-07 16:20:00,0.09041,0.0907,0.09038,0.09068,1363007.816175
2026-04-07 16:25:00,0.09069,0.09072,0.09059,0.09069,1010741.231417
2026-04-07 16:30:00,0.09069,0.09079,0.09066,0.09078,1374300.266044
2026-04-07 16:35:00,0.09078,0.0908,0.09075,0.09077,276635.156544
2026-04-07 16:40:00,0.09077,0.09083,0.09071,0.09073,883282.212517
2026-04-07 16:45:00,0.09073,0.09074,0.09067,0.09068,281054.429047
2026-04-07 16:50:00,0.09066,0.09074,0.0906,0.09061,101659.919677
2026-04-07 16:55:00,0.0906,0.09064,0.0906,0.09062,276683.955461
2026-04-07 17:00:00,0.09064,0.0908,0.09063,0.09077,581933.288265
2026-04-07 17:05:00,0.09077,0.0908,0.09071,0.09072,615543.578809
2026-04-07 17:10:00,0.09072,0.09073,0.09062,0.09065,466284.530535
2026-04-07 17:15:00,0.09065,0.09068,0.09058,0.09063,294471.847635
2026-04-07 17:20:00,0.09066,0.09099,0.09066,0.09094,4296901.5946
2026-04-07 17:25:00,0.09095,0.09099,0.09094,0.09099,1078782.506117
2026-04-07 17:30:00,0.09099,0.09121,0.09099,0.09119,1205609.843758
2026-04-07 17:35:00,0.0912,0.09208,0.09116,0.09166,9716657.492369
2026-04-07 17:40:00,0.09167,0.09174,0.0915,0.09153,2040016.310775
2026-04-07 17:45:00,0.09152,0.09186,0.09151,0.09181,1750840.472726
2026-04-07 17:50:00,0.09183,0.09195,0.09177,0.09185,2378746.76431
2026-04-07 17:55:00,0.09185,0.09185,0.09172,0.09173,782332.363902
2026-04-07 18:00:00,0.09174,0.09188,0.09156,0.09161,4183310.209213
2026-04-07 18:05:00,0.09161,0.09172,0.09158,0.09168,2755224.725515
2026-04-07 18:10:00,0.09168,0.09169,0.09159,0.09167,662568.900264
2026-04-07 18:15:00,0.09167,0.0918,0.09167,0.09177,653381.524289
2026-04-07 18:20:00,0.09178,0.09185,0.09176,0.09181,398711.073951
2026-04-07 18:25:00,0.09181,0.09187,0.09173,0.0918,2999301.95518
2026-04-07 18:30:00,0.0918,0.09188,0.09178,0.09179,578799.123602
2026-04-07 18:35:00,0.09179,0.0918,0.09169,0.09175,503484.610771
2026-04-07 18:40:00,0.09175,0.09175,0.09147,0.09151,1095794.59379
2026-04-07 18:45:00,0.09149,0.09151,0.09106,0.09123,5401103.538322
2026-04-07 18:50:00,0.09122,0.09122,0.09094,0.09118,1678906.765586
2026-04-07 18:55:00,0.09116,0.09121,0.09102,0.09117,979841.14769
2026-04-07 19:00:00,0.09116,0.09116,0.09104,0.09113,996734.557684
2026-04-07 19:05:00,0.09114,0.09141,0.09112,0.09124,1080323.878375
2026-04-07 19:10:00,0.09126,0.09129,0.09123,0.09129,265908.173296
2026-04-07 19:15:00,0.09135,0.09162,0.09134,0.09162,1432397.868879
2026-04-07 19:20:00,0.09159,0.09181,0.09146,0.09156,1278707.335082
2026-04-07 19:25:00,0.09158,0.09167,0.09155,0.09163,424652.610738
2026-04-07 19:30:00,0.09162,0.09167,0.09148,0.0915,1534181.898401
2026-04-07 19:35:00,0.0915,0.09161,0.09148,0.09154,152141.258253
2026-04-07 19:40:00,0.09154,0.09168,0.09154,0.09163,288324.612873
2026-04-07 19:45:00,0.09164,0.09233,0.09163,0.09206,8782975.560313
2026-04-07 19:50:00,0.09208,0.09221,0.09204,0.09216,2623299.705606
2026-04-07 19:55:00,0.09217,0.09228,0.09207,0.09227,1443161.127365
2026-04-07 20:00:00,0.09228,0.09273,0.09227,0.09238,14760534.479569
2026-04-07 20:05:00,0.09237,0.09259,0.09236,0.09248,1386280.180309
2026-04-07 20:10:00,0.09249,0.09252,0.0923,0.09235,1933243.250562
2026-04-07 20:15:00,0.09236,0.09245,0.09216,0.09237,1670142.520615
2026-04-07 20:20:00,0.09236,0.09236,0.09223,0.09224,1123523.755914
2026-04-07 20:25:00,0.09225,0.09233,0.0922,0.09229,564577.441147
2026-04-07 20:30:00,0.09229,0.09237,0.09222,0.09228,2854476.33651
2026-04-07 20:35:00,0.09229,0.09231,0.09213,0.09222,2057620.805155
2026-04-07 20:40:00,0.09223,0.09239,0.0922,0.09223,959195.83492
2026-04-07 20:45:00,0.09223,0.09226,0.09215,0.09216,364017.879744
2026-04-07 20:50:00,0.09215,0.09219,0.09207,0.09212,605989.157538
2026-04-07 20:55:00,0.09211,0.09218,0.09206,0.0921,451069.662145
2026-04-07 21:00:00,0.0921,0.09215,0.09201,0.09212,1514660.216091
2026-04-07 21:05:00,0.09212,0.0928,0.09212,0.0926,7297131.753705
2026-04-07 21:10:00,0.0926,0.09294,0.09248,0.09265,12490441.659735
2026-04-07 21:15:00,0.09266,0.09281,0.09244,0.09258,4058391.732407
2026-04-07 21:20:00,0.09258,0.09263,0.09244,0.0925,1228078.443469
2026-04-07 21:25:00,0.09248,0.09254,0.09235,0.09245,2088995.180303
2026-04-07 21:30:00,0.09246,0.0926,0.09246,0.09252,817944.807919
2026-04-07 21:35:00,0.09254,0.0928,0.09252,0.0928,4222059.080394
2026-04-07 21:40:00,0.09279,0.0928,0.09256,0.09274,5657373.551019
2026-04-07 21:45:00,0.09274,0.09299,0.09274,0.09287,8489895.790052
2026-04-07 21:50:00,0.0929,0.093,0.09285,0.09288,4071489.018774
2026-04-07 21:55:00,0.09287,0.09288,0.09272,0.09285,2383363.873832
2026-04-07 22:00:00,0.09287,0.09308,0.09286,0.09293,9672173.530985
2026-04-07 22:05:00,0.09293,0.0934,0.09288,0.09289,9512615.137442
2026-04-07 22:10:00,0.09289,0.09345,0.09287,0.09337,6416229.082758
2026-04-07 22:15:00,0.09338,0.09357,0.09303,0.09304,7955846.414694
2026-04-07 22:20:00,0.09304,0.09323,0.09282,0.09301,7193858.23158
2026-04-07 22:25:00,0.093,0.09312,0.09297,0.09306,4760760.443963
2026-04-07 22:30:00,0.09305,0.09381,0.09303,0.09355,23599060.230333
2026-04-07 22:35:00,0.09359,0.0943,0.09352,0.09408,18990716.354058
2026-04-07 22:40:00,0.09405,0.09425,0.09352,0.09376,7473067.241354
2026-04-07 22:45:00,0.09376,0.09426,0.09362,0.09425,6438937.568566
2026-04-07 22:50:00,0.09426,0.09486,0.09415,0.09444,30336024.129827
2026-04-07 22:55:00,0.09454,0.09506,0.09454,0.09499,11835147.470013
2026-04-07 23:00:00,0.095,0.0956,0.09498,0.095,16633191.761981
2026-04-07 23:05:00,0.095,0.09519,0.09475,0.09506,6650309.152342
2026-04-07 23:10:00,0.09504,0.09528,0.0949,0.09503,8202206.704213
2026-04-07 23:15:00,0.09504,0.09523,0.09481,0.09514,10781832.185888
2026-04-07 23:20:00,0.09515,0.09579,0.09514,0.09562,12327757.510394
2026-04-07 23:25:00,0.09562,0.09605,0.09554,0.09603,13288101.056238
2026-04-07 23:30:00,0.09602,0.09603,0.09554,0.09559,13345756.013253
2026-04-07 23:35:00,0.09559,0.09574,0.09546,0.09552,10041916.836616
2026-04-07 23:40:00,0.09551,0.09559,0.09507,0.0953,9745192.067702
2026-04-07 23:45:00,0.09529,0.09573,0.09521,0.0955,16616394.648305
2026-04-07 23:50:00,0.0955,0.09553,0.09488,0.09498,8864517.23793
2026-04-07 23:55:00,0.09498,0.0951,0.09488,0.09493,8820104.056437
2026-04-08 00:00:00,0.09491,0.09524,0.09461,0.09476,9237917.482315
2026-04-08 00:05:00,0.09476,0.09485,0.0945,0.09461,8793689.635414
2026-04-08 00:10:00,0.0946,0.09513,0.0946,0.09493,9349000.905362
2026-04-08 00:15:00,0.09494,0.09498,0.09473,0.09485,2990463.146916
2026-04-08 00:20:00,0.09484,0.09484,0.09454,0.09459,8018134.592683
2026-04-08 00:25:00,0.09458,0.09467,0.0943,0.09437,8234900.044346
2026-04-08 00:30:00,0.09436,0.09436,0.09401,0.09416,6036338.349887
2026-04-08 00:35:00,0.09416,0.0943,0.09413,0.09426,3692638.092645
2026-04-08 00:40:00,0.09427,0.09434,0.09394,0.09403,4053168.863751
2026-04-08 00:45:00,0.09405,0.09407,0.09373,0.09386,8100233.655518
2026-04-08 00:50:00,0.09387,0.09414,0.09386,0.09389,3941418.234289
2026-04-08 00:55:00,0.09389,0.09427,0.09385,0.09422,5106430.541333
2026-04-08 01:00:00,0.09423,0.09428,0.09404,0.09407,3137266.661922
2026-04-08 01:05:00,0.09408,0.09453,0.09405,0.09452,4824867.730394
2026-04-08 01:10:00,0.09452,0.09452,0.09433,0.09444,2376237.294482
2026-04-08 01:15:00,0.09443,0.09445,0.09424,0.09427,1221420.327668
2026-04-08 01:20:00,0.09427,0.09434,0.09418,0.0942,974315.238997
2026-04-08 01:25:00,0.09423,0.09423,0.09415,0.0942,1277688.369446
2026-04-08 01:30:00,0.09419,0.09419,0.0941,0.09414,1535909.545437
2026-04-08 01:35:00,0.09413,0.09438,0.09413,0.09425,1335273.501912
2026-04-08 01:40:00,0.09425,0.09437,0.09425,0.0943,1030068.208581
2026-04-08 01:45:00,0.09431,0.09452,0.09427,0.09436,1835159.927502
2026-04-08 01:50:00,0.09436,0.09463,0.09433,0.09445,1370819.013759
2026-04-08 01:55:00,0.09446,0.09448,0.09438,0.09444,1355003.110467
2026-04-08 02:00:00,0.09445,0.09461,0.09442,0.09458,839879.202712
2026-04-08 02:05:00,0.09459,0.09488,0.09456,0.09484,2478701.006264
2026-04-08 02:10:00,0.09484,0.09499,0.09478,0.09484,3154114.485236
2026-04-08 02:15:00,0.09483,0.09483,0.09457,0.09457,3379381.498341
2026-04-08 02:20:00,0.09457,0.0946,0.09439,0.09459,2815998.637311
2026-04-08 02:25:00,0.09458,0.09462,0.0945,0.0946,524313.550816
2026-04-08 02:30:00,0.0946,0.09461,0.09443,0.09446,2877588.120069
2026-04-08 02:35:00,0.09447,0.09457,0.09433,0.09446,1068193.782589
2026-04-08 02:40:00,0.09446,0.09448,0.09431,0.0944,3417349.389712
2026-04-08 02:45:00,0.09441,0.0945,0.09429,0.0945,2558010.971062
2026-04-08 02:50:00,0.0945,0.09464,0.09448,0.09459,654992.875501
2026-04-08 02:55:00,0.09458,0.09464,0.09449,0.09464,898554.998973
2026-04-08 03:00:00,0.09464,0.09483,0.0946,0.09482,1438634.870123
2026-04-08 03:05:00,0.09482,0.09482,0.09467,0.09468,1211673.271635
2026-04-08 03:10:00,0.09467,0.09476,0.09466,0.09474,450548.562368
2026-04-08 03:15:00,0.09473,0.09474,0.0945,0.0945,1764144.322752
2026-04-08 03:20:00,0.0945,0.09462,0.09449,0.09455,1168796.729622
2026-04-08 03:25:00,0.09457,0.09471,0.09452,0.09471,753405.51724
2026-04-08 03:30:00,0.09468,0.09471,0.09461,0.09464,897411.448939
2026-04-08 03:35:00,0.09466,0.09468,0.09454,0.09456,306685.621215
2026-04-08 03:40:00,0.09457,0.09469,0.09456,0.09463,1232647.831523
2026-04-08 03:45:00,0.09463,0.09463,0.09447,0.09447,555325.837143
2026-04-08 03:50:00,0.09447,0.09458,0.09445,0.09457,467958.788221
2026-04-08 03:55:00,0.09457,0.09463,0.09455,0.09458,270974.750814
2026-04-08 04:00:00,0.09458,0.09477,0.09458,0.09467,1103023.139962
2026-04-08 04:05:00,0.0947,0.09506,0.0947,0.09492,6562036.180449
2026-04-08 04:10:00,0.09491,0.09496,0.09484,0.09489,1787258.897345
2026-04-08 04:15:00,0.09489,0.095,0.09488,0.09496,789137.76033
2026-04-08 04:20:00,0.09495,0.09505,0.09489,0.09493,1770780.152525
2026-04-08 04:25:00,0.09492,0.09494,0.09487,0.09487,1020622.94004
2026-04-08 04:30:00,0.09485,0.09488,0.09476,0.09479,1949906.708011
2026-04-08 04:35:00,0.0948,0.09499,0.09478,0.09488,1022914.430754
2026-04-08 04:40:00,0.09488,0.0949,0.09484,0.09484,693334.029916
2026-04-08 04:45:00,0.09484,0.09486,0.09474,0.09475,1542478.459147
2026-04-08 04:50:00,0.09474,0.0948,0.09465,0.09465,699257.644977
2026-04-08 04:55:00,0.09465,0.09469,0.09453,0.09453,1503660.295242
2026-04-08 05:00:00,0.09454,0.09461,0.09447,0.09454,649667.646096
2026-04-08 05:05:00,0.09454,0.0946,0.09451,0.09452,623632.840225
2026-04-08 05:10:00,0.09452,0.0946,0.09449,0.0946,1667275.700373
2026-04-08 05:15:00,0.0946,0.0948,0.0946,0.09474,1135421.310854
2026-04-08 05:20:00,0.09475,0.09496,0.09475,0.09496,1257602.255544
2026-04-08 05:25:00,0.09495,0.09496,0.09483,0.09487,992420.768463
2026-04-08 05:30:00,0.09488,0.09494,0.09477,0.09477,606548.631904
2026-04-08 05:35:00,0.09476,0.09484,0.09475,0.09478,684243.541139
2026-04-08 05:40:00,0.09478,0.09485,0.09471,0.09473,1977426.183234
2026-04-08 05:45:00,0.09473,0.09478,0.09467,0.09477,672770.852876
2026-04-08 05:50:00,0.09476,0.09495,0.09476,0.09488,2040746.945951
2026-04-08 05:55:00,0.09488,0.09495,0.09487,0.09494,1810541.733115
2026-04-08 06:00:00,0.09495,0.09497,0.09467,0.09477,12846524.029378
2026-04-08 06:05:00,0.09478,0.09486,0.09472,0.09475,1506515.726223
2026-04-08 06:10:00,0.09475,0.09497,0.09475,0.09492,1253439.281901
2026-04-08 06:15:00,0.09492,0.09494,0.09476,0.09486,340391.482626
2026-04-08 06:20:00,0.09485,0.09494,0.09483,0.09493,1069631.386262
2026-04-08 06:25:00,0.09491,0.09497,0.09485,0.09487,2335607.363611
2026-04-08 06:30:00,0.09485,0.09485,0.09468,0.09468,606423.266575
2026-04-08 06:35:00,0.09469,0.0947,0.09461,0.09461,1230732.520695
2026-04-08 06:40:00,0.0946,0.09467,0.09454,0.09456,6092549.736275
2026-04-08 06:45:00,0.09456,0.09463,0.09455,0.09456,1153578.792409
2026-04-08 06:50:00,0.09456,0.09463,0.09454,0.09463,427171.284542
2026-04-08 06:55:00,0.09463,0.09466,0.09457,0.0946,2090718.400275
2026-04-08 07:00:00,0.09461,0.09463,0.09436,0.09446,1497519.334296
2026-04-08 07:05:00,0.09447,0.09452,0.09439,0.09451,779249.751012
2026-04-08 07:10:00,0.09451,0.09468,0.09448,0.09462,1716111.461356
2026-04-08 07:15:00,0.09462,0.09462,0.09453,0.0946,427332.568229
2026-04-08 07:20:00,0.09461,0.09484,0.09461,0.09477,2396589.735762
2026-04-08 07:25:00,0.09476,0.09482,0.0947,0.0947,1121777.456945
2026-04-08 07:30:00,0.0947,0.0947,0.0944,0.09443,2723137.645051
2026-04-08 07:35:00,0.09441,0.09447,0.09439,0.09444,1258616.597684
2026-04-08 07:40:00,0.09443,0.09454,0.09443,0.09453,539945.075306
2026-04-08 07:45:00,0.09452,0.09456,0.09447,0.0945,267531.639054
2026-04-08 07:50:00,0.0945,0.09455,0.09449,0.09453,121442.101294
2026-04-08 07:55:00,0.09452,0.09458,0.0945,0.09458,396585.040491
2026-04-08 08:00:00,0.09459,0.0947,0.09455,0.09462,700663.001431
2026-04-08 08:05:00,0.09464,0.09472,0.09464,0.09468,768375.265891
2026-04-08 08:10:00,0.09468,0.09468,0.09456,0.09464,301758.996442
2026-04-08 08:15:00,0.09463,0.09463,0.09452,0.09456,737458.52678
2026-04-08 08:20:00,0.09456,0.09456,0.09448,0.0945,1096422.130678
2026-04-08 08:25:00,0.0945,0.09453,0.09446,0.09453,559651.774564
2026-04-08 08:30:00,0.09452,0.09473,0.09449,0.09471,326727.424553
2026-04-08 08:35:00,0.09471,0.09476,0.09456,0.09464,1362541.854446
2026-04-08 08:40:00,0.09463,0.09464,0.09434,0.09444,1698739.768458
2026-04-08 08:45:00,0.09444,0.09446,0.09436,0.09438,2263147.564077
2026-04-08 08:50:00,0.0944,0.0948,0.0944,0.09476,6320151.019333
2026-04-08 08:55:00,0.09476,0.09489,0.09476,0.09488,3029958.657451
2026-04-08 09:00:00,0.09488,0.09491,0.09478,0.09485,1616239.369618
2026-04-08 09:05:00,0.09486,0.09494,0.09475,0.09477,1130039.906363
2026-04-08 09:10:00,0.09478,0.09486,0.09477,0.09477,680161.646532
2026-04-08 09:15:00,0.09476,0.09482,0.0947,0.09478,1076181.808255
2026-04-08 09:20:00,0.09477,0.09478,0.0947,0.09471,577057.490291
2026-04-08 09:25:00,0.0947,0.0947,0.0945,0.09455,6448218.995362
2026-04-08 09:30:00,0.09456,0.09482,0.09447,0.09479,9250061.561682
2026-04-08 09:35:00,0.0948,0.09481,0.09469,0.09471,608922.470395
2026-04-08 09:40:00,0.09469,0.09469,0.09452,0.09452,997246.093256
2026-04-08 09:45:00,0.09452,0.09464,0.09452,0.0946,1624102.350563
2026-04-08 09:50:00,0.09461,0.09475,0.09461,0.09474,616200.309783
2026-04-08 09:55:00,0.09474,0.09484,0.09473,0.09477,1628077.095021
2026-04-08 10:00:00,0.09478,0.09506,0.09477,0.095,2650401.199999
2026-04-08 10:05:00,0.095,0.09559,0.09494,0.09518,22826626.192891
2026-04-08 10:10:00,0.09517,0.09518,0.09495,0.09511,1028276.618077
2026-04-08 10:15:00,0.09511,0.0952,0.09503,0.09518,2136549.220169
2026-04-08 10:20:00,0.0952,0.09523,0.09512,0.09519,983272.335256
2026-04-08 10:25:00,0.0952,0.09522,0.09505,0.09505,1852508.441929
2026-04-08 10:30:00,0.09506,0.09506,0.0947,0.09474,1909545.657281
2026-04-08 10:35:00,0.09475,0.09475,0.0946,0.09472,2960373.10545
2026-04-08 10:40:00,0.09473,0.0948,0.09463,0.09473,1632134.817888
2026-04-08 10:45:00,0.09473,0.09482,0.0947,0.0947,849232.81303
2026-04-08 10:50:00,0.09469,0.09473,0.0946,0.09464,2544298.485718
2026-04-08 10:55:00,0.09463,0.09463,0.09438,0.09438,1933373.385984
2026-04-08 11:00:00,0.09437,0.09448,0.09409,0.09442,13183082.731262
2026-04-08 11:05:00,0.09442,0.09464,0.09438,0.09458,2484077.260351
2026-04-08 11:10:00,0.09458,0.09465,0.0945,0.09454,850099.999358
2026-04-08 11:15:00,0.09455,0.09456,0.09452,0.09454,308413.498728
2026-04-08 11:20:00,0.09454,0.09455,0.09436,0.09449,921228.750786
2026-04-08 11:25:00,0.09452,0.09458,0.09446,0.09453,1342772.11463
2026-04-08 11:30:00,0.09453,0.09453,0.09426,0.09429,804533.982146
2026-04-08 11:35:00,0.09427,0.09427,0.09372,0.09395,10436779.154183
2026-04-08 11:40:00,0.09395,0.09403,0.09392,0.09399,1082815.641886
2026-04-08 11:45:00,0.094,0.09414,0.09395,0.09414,1717369.230557
2026-04-08 11:50:00,0.09415,0.09433,0.09415,0.09431,730177.71695
2026-04-08 11:55:00,0.0943,0.09433,0.09416,0.09423,1796133.969981
2026-04-08 12:00:00,0.09424,0.09429,0.09418,0.09418,1847761.589782
2026-04-08 12:05:00,0.09419,0.09423,0.09407,0.09409,5043373.741022
2026-04-08 12:10:00,0.09409,0.09417,0.09408,0.09413,2086783.179927
2026-04-08 12:15:00,0.09413,0.09418,0.09403,0.09408,2084383.802607
2026-04-08 12:20:00,0.09407,0.09412,0.09383,0.09401,4286251.597856
2026-04-08 12:25:00,0.09401,0.09416,0.09401,0.0941,2224556.306767
2026-04-08 12:30:00,0.0941,0.0942,0.09408,0.09418,790687.12706
2026-04-08 12:35:00,0.09418,0.09428,0.09418,0.09426,1347834.603906
2026-04-08 12:40:00,0.09426,0.09428,0.09416,0.09426,807541.516431
2026-04-08 12:45:00,0.09425,0.09435,0.09421,0.09434,627665.933021
2026-04-08 12:50:00,0.09435,0.09441,0.09431,0.09433,252258.662851
2026-04-08 12:55:00,0.09434,0.0945,0.09432,0.09445,1294508.843332
2026-04-08 13:00:00,0.09447,0.09457,0.09442,0.09449,2791197.954721
2026-04-08 13:05:00,0.0945,0.0951,0.09448,0.09492,9970452.158014
2026-04-08 13:10:00,0.09489,0.095,0.09462,0.0949,5861274.573524
2026-04-08 13:15:00,0.0949,0.09505,0.09478,0.0948,3336931.613992
2026-04-08 13:20:00,0.0948,0.0948,0.09469,0.09477,1530869.494506
2026-04-08 13:25:00,0.09478,0.09483,0.09476,0.09476,833246.524878
2026-04-08 13:30:00,0.09477,0.095,0.09454,0.09471,2732413.833266
2026-04-08 13:35:00,0.0947,0.09479,0.09447,0.09451,1649175.206645
2026-04-08 13:40:00,0.09452,0.09461,0.09439,0.09443,1531104.61653
2026-04-08 13:45:00,0.09442,0.09482,0.09441,0.09474,2684267.9882
2026-04-08 13:50:00,0.09474,0.09482,0.09452,0.09453,1889443.452835
2026-04-08 13:55:00,0.09452,0.09465,0.09444,0.09452,1270264.48167
2026-04-08 14:00:00,0.0945,0.09459,0.09444,0.09444,479566.263034
2026-04-08 14:05:00,0.09442,0.09457,0.09403,0.09415,2365811.710219
2026-04-08 14:10:00,0.09416,0.0945,0.09413,0.09436,2644372.304454
2026-04-08 14:15:00,0.09437,0.0944,0.09391,0.09393,3198829.060926
2026-04-08 14:20:00,0.09394,0.09405,0.09381,0.09392,1340040.970248
2026-04-08 14:25:00,0.09392,0.09402,0.0939,0.0939,1244438.032932
2026-04-08 14:30:00,0.09392,0.09397,0.09325,0.09325,9880414.403703
2026-04-08 14:35:00,0.09325,0.09352,0.09313,0.09342,5826463.418931
2026-04-08 14:40:00,0.09343,0.09348,0.09322,0.09329,849617.241485
2026-04-08 14:45:00,0.0933,0.09337,0.09287,0.09317,8981474.845998
2026-04-08 14:50:00,0.09321,0.09321,0.0927,0.09287,4435872.64606
2026-04-08 14:55:00,0.09285,0.09292,0.09264,0.09292,2470015.003207
2026-04-08 15:00:00,0.09292,0.09309,0.09286,0.093,2468997.425797
2026-04-08 15:05:00,0.093,0.09306,0.09275,0.09275,1716707.586959
2026-04-08 15:10:00,0.09277,0.09309,0.09272,0.09305,1597677.748729
2026-04-08 15:15:00,0.09305,0.09325,0.09299,0.09324,1023311.481377
2026-04-08 15:20:00,0.09324,0.09329,0.09316,0.09318,754794.228409
2026-04-08 15:25:00,0.09318,0.0932,0.09301,0.09307,442244.987929
2026-04-08 15:30:00,0.09308,0.09314,0.09301,0.09305,2264683.130436
2026-04-08 15:35:00,0.09311,0.09329,0.09307,0.09327,2031895.736564
2026-04-08 15:40:00,0.09326,0.09329,0.09319,0.09327,591370.796618
2026-04-08 15:45:00,0.09329,0.09345,0.09329,0.09344,1904172.860046
2026-04-08 15:50:00,0.09341,0.09347,0.09338,0.09346,1848850.664756
2026-04-08 15:55:00,0.09346,0.0935,0.09341,0.09341,1375702.302722
2026-04-08 16:00:00,0.09342,0.09343,0.09327,0.09336,5356789.708887
2026-04-08 16:05:00,0.09337,0.09345,0.09332,0.09338,473072.006739
2026-04-08 16:10:00,0.09339,0.09341,0.09324,0.09339,2716319.610297
2026-04-08 16:15:00,0.09338,0.09349,0.0933,0.09346,140029.386427
2026-04-08 16:20:00,0.09347,0.09349,0.09336,0.09346,497677.130241
2026-04-08 16:25:00,0.09343,0.09343,0.0933,0.09339,796271.246474
2026-04-08 16:30:00,0.09338,0.09338,0.09324,0.09338,1719432.547917
2026-04-08 16:35:00,0.09338,0.09352,0.09338,0.09349,1080337.610518
2026-04-08 16:40:00,0.09349,0.09359,0.09349,0.09355,2554884.831675
2026-04-08 16:45:00,0.09355,0.0936,0.09346,0.09359,425417.765965
2026-04-08 16:50:00,0.09359,0.0936,0.09344,0.09348,544125.009293
2026-04-08 16:55:00,0.09349,0.09359,0.09348,0.09352,1118037.821854
2026-04-08 17:00:00,0.09351,0.09373,0.09351,0.09361,512462.286954
2026-04-08 17:05:00,0.0936,0.09363,0.09352,0.09358,186286.727253
2026-04-08 17:10:00,0.0936,0.09374,0.0936,0.09362,1066387.439848
2026-04-08 17:15:00,0.09362,0.09362,0.09348,0.09356,1960401.160018
2026-04-08 17:20:00,0.09355,0.09358,0.09339,0.09339,769375.145989
2026-04-08 17:25:00,0.0934,0.09342,0.09327,0.09339,428928.396278
2026-04-08 17:30:00,0.0934,0.09361,0.0934,0.09355,386498.4161
2026-04-08 17:35:00,0.09355,0.09412,0.09355,0.094,5309963.146577
2026-04-08 17:40:00,0.09401,0.09406,0.09388,0.09406,1314294.836255
2026-04-08 17:45:00,0.09405,0.09413,0.09397,0.09397,1005136.596203
2026-04-08 17:50:00,0.09399,0.09404,0.09392,0.09395,93928.38213
2026-04-08 17:55:00,0.09395,0.09405,0.09392,0.09403,208205.660273
2026-04-08 18:00:00,0.09404,0.09408,0.09389,0.09392,864529.515606
2026-04-08 18:05:00,0.09395,0.094,0.09389,0.09389,150119.001168
2026-04-08 18:10:00,0.09391,0.09391,0.09381,0.09384,971711.295642
2026-04-08 18:15:00,0.09386,0.09394,0.09358,0.09364,3584935.002122
2026-04-08 18:20:00,0.09363,0.09375,0.09353,0.09358,1443238.420629
2026-04-08 18:25:00,0.09358,0.09363,0.0935,0.09355,1209447.824195
2026-04-08 18:30:00,0.09355,0.09378,0.09355,0.09376,641677.204596
2026-04-08 18:35:00,0.09374,0.09376,0.09359,0.09359,389388.368697
2026-04-08 18:40:00,0.09357,0.09357,0.09334,0.09336,2275141.029981
2026-04-08 18:45:00,0.09335,0.0934,0.09322,0.09332,2872461.829941
2026-04-08 18:50:00,0.0933,0.09337,0.09319,0.09321,1218601.145583
2026-04-08 18:55:00,0.0932,0.09321,0.09306,0.09312,811497.891695
2026-04-08 19:00:00,0.09311,0.09314,0.09297,0.09307,1170955.700188
2026-04-08 19:05:00,0.09305,0.09313,0.09297,0.09303,1412125.517495
2026-04-08 19:10:00,0.09303,0.09319,0.09303,0.09311,1264543.400596
2026-04-08 19:15:00,0.09311,0.09315,0.09305,0.0931,1256738.458377
2026-04-08 19:20:00,0.09309,0.09309,0.09281,0.09293,1614988.817912
2026-04-08 19:25:00,0.09295,0.09303,0.0928,0.0928,386974.288163
2026-04-08 19:30:00,0.09281,0.09292,0.09276,0.09278,726147.758238
2026-04-08 19:35:00,0.09278,0.09302,0.09278,0.09299,915583.237454
2026-04-08 19:40:00,0.09296,0.093,0.09285,0.093,390348.742532
2026-04-08 19:45:00,0.093,0.09308,0.09299,0.09299,642468.011174
2026-04-08 19:50:00,0.09299,0.09306,0.09293,0.09293,281941.924398
2026-04-08 19:55:00,0.09294,0.09314,0.0929,0.0931,861575.886812
2026-04-08 20:00:00,0.0931,0.09327,0.09306,0.0932,681884.464287
2026-04-08 20:05:00,0.0932,0.09323,0.09315,0.0932,386254.134668
2026-04-08 20:10:00,0.09319,0.09325,0.09316,0.09322,190352.100348
2026-04-08 20:15:00,0.09321,0.09327,0.09316,0.09323,100210.045919
2026-04-08 20:20:00,0.0932,0.0932,0.09312,0.09313,106500.45659
2026-04-08 20:25:00,0.09314,0.09316,0.0931,0.09314,155108.213154
2026-04-08 20:30:00,0.09313,0.0932,0.09307,0.09315,72042.141999
2026-04-08 20:35:00,0.09314,0.09314,0.09288,0.09302,618884.500798
2026-04-08 20:40:00,0.09303,0.09304,0.09294,0.09298,95770.092858
2026-04-08 20:45:00,0.093,0.09303,0.09292,0.093,247297.421849
2026-04-08 20:50:00,0.093,0.09308,0.09298,0.09306,515732.537549
2026-04-08 20:55:00,0.09306,0.09313,0.09303,0.09313,2318152.780424
2026-04-08 21:00:00,0.09314,0.09315,0.093,0.093,304207.350254
2026-04-08 21:05:00,0.09301,0.09316,0.09301,0.0931,264610.750689
2026-04-08 21:10:00,0.0931,0.0935,0.09309,0.09337,1357008.706131
2026-04-08 21:15:00,0.09337,0.09344,0.09336,0.09338,740175.386615
2026-04-08 21:20:00,0.09337,0.09363,0.09337,0.0935,3630567.76834
2026-04-08 21:25:00,0.09349,0.0937,0.09348,0.09353,673021.582797
2026-04-08 21:30:00,0.09355,0.09368,0.0935,0.09352,935267.509864
2026-04-08 21:35:00,0.09354,0.09377,0.09354,0.09371,537459.548665
2026-04-08 21:40:00,0.09368,0.09375,0.0936,0.09361,1964042.051199
2026-04-08 21:45:00,0.09362,0.09372,0.09361,0.09365,926197.630454
2026-04-08 21:50:00,0.09364,0.09369,0.09363,0.09363,364533.862379
2026-04-08 21:55:00,0.09363,0.09365,0.09355,0.09359,146622.642223
2026-04-08 22:00:00,0.09359,0.09364,0.09336,0.09337,794008.780559
2026-04-08 22:05:00,0.09337,0.09348,0.09331,0.09334,803725.368586
2026-04-08 22:10:00,0.09334,0.09336,0.09323,0.09326,236107.839217
2026-04-08 22:15:00,0.09326,0.09332,0.09309,0.09311,755383.931027
2026-04-08 22:20:00,0.09311,0.09318,0.09289,0.0931,4356830.357905
2026-04-08 22:25:00,0.0931,0.09313,0.09283,0.09287,899865.708919
2026-04-08 22:30:00,0.09289,0.09319,0.09275,0.09319,1067875.833625
2026-04-08 22:35:00,0.09317,0.09328,0.09311,0.09319,800103.427545
2026-04-08 22:40:00,0.09317,0.09317,0.09304,0.09304,1169052.458333
2026-04-08 22:45:00,0.09304,0.09309,0.093,0.09304,180204.21778
2026-04-08 22:50:00,0.09304,0.09308,0.09301,0.09303,699157.279715
2026-04-08 22:55:00,0.09302,0.09302,0.09278,0.09281,1577227.192117
2026-04-08 23:00:00,0.09281,0.09281,0.09227,0.09235,9633182.95301
2026-04-08 23:05:00,0.09235,0.09254,0.09234,0.0924,1065074.908333
2026-04-08 23:10:00,0.0924,0.09267,0.0924,0.09265,680263.378198
2026-04-08 23:15:00,0.09263,0.09275,0.0925,0.09254,1383363.162547
2026-04-08 23:20:00,0.09253,0.09256,0.09212,0.09236,822246.885296
2026-04-08 23:25:00,0.09236,0.09238,0.0923,0.09232,787246.125291
2026-04-08 23:30:00,0.09231,0.09241,0.0922,0.09235,959866.421166
2026-04-08 23:35:00,0.09236,0.09249,0.09229,0.09239,617463.034377
2026-04-08 23:40:00,0.0924,0.09241,0.09226,0.09228,1104819.477186
2026-04-08 23:45:00,0.09225,0.09245,0.09223,0.09245,248157.406616
2026-04-08 23:50:00,0.09243,0.0925,0.09232,0.09235,2963886.13463
2026-04-08 23:55:00,0.09235,0.09244,0.09235,0.09242,107797.58977
2026-04-09 00:00:00,0.09241,0.09242,0.09226,0.0923,903155.966335
2026-04-09 00:05:00,0.09231,0.0924,0.09226,0.09238,281490.328903
2026-04-09 00:10:00,0.09235,0.09241,0.09232,0.09241,185004.014736
2026-04-09 00:15:00,0.09241,0.09245,0.09226,0.09231,300132.400981
2026-04-09 00:20:00,0.09231,0.09235,0.09214,0.09217,500161.124275
2026-04-09 00:25:00,0.09218,0.09225,0.09194,0.09194,1800126.842853
2026-04-09 00:30:00,0.09194,0.09207,0.09181,0.09188,3527953.299022
2026-04-09 00:35:00,0.09187,0.092,0.09177,0.0918,2694247.406089
2026-04-09 00:40:00,0.09179,0.09186,0.0917,0.09184,1952244.402027
2026-04-09 00:45:00,0.09185,0.09202,0.09174,0.09192,1771406.628036
2026-04-09 00:50:00,0.09191,0.09193,0.09182,0.0919,2214232.250125
2026-04-09 00:55:00,0.09189,0.09215,0.09189,0.09207,2272536.008077
2026-04-09 01:00:00,0.09205,0.09216,0.09194,0.09206,2323769.475597
2026-04-09 01:05:00,0.09204,0.09212,0.09139,0.09158,25991799.189527
2026-04-09 01:10:00,0.09156,0.09168,0.09153,0.09156,1733723.978801
2026-04-09 01:15:00,0.09158,0.09165,0.09142,0.0915,1250782.989707
2026-04-09 01:20:00,0.0915,0.09157,0.09113,0.09131,6748739.176636
2026-04-09 01:25:00,0.09132,0.09142,0.09125,0.09128,2892942.95553
2026-04-09 01:30:00,0.09128,0.09162,0.09116,0.09151,3465846.04507
2026-04-09 01:35:00,0.09151,0.09151,0.09129,0.0914,1732023.974194
2026-04-09 01:40:00,0.09139,0.09157,0.0913,0.09141,5491083.350585
2026-04-09 01:45:00,0.09141,0.09147,0.0913,0.09146,1027020.349695
2026-04-09 01:50:00,0.09147,0.09159,0.09146,0.09157,2295093.027998
2026-04-09 01:55:00,0.09157,0.09162,0.09154,0.09162,1790551.307077
2026-04-09 02:00:00,0.09162,0.09168,0.09149,0.09156,3521146.334238
2026-04-09 02:05:00,0.09158,0.09166,0.09157,0.09164,1477239.941618
2026-04-09 02:10:00,0.09163,0.09164,0.09152,0.09153,1495258.355466
2026-04-09 02:15:00,0.09154,0.09184,0.09152,0.09184,993737.970016
2026-04-09 02:20:00,0.09184,0.09186,0.09172,0.09184,3335321.958999
2026-04-09 02:25:00,0.09183,0.09187,0.09177,0.09182,1990211.281375
2026-04-09 02:30:00,0.09182,0.09192,0.0918,0.09185,2112756.111077
2026-04-09 02:35:00,0.09185,0.09186,0.0917,0.09179,3058408.197387
2026-04-09 02:40:00,0.09179,0.09181,0.09166,0.0918,1392430.552611
2026-04-09 02:45:00,0.09179,0.09187,0.0917,0.09176,1283754.579663
2026-04-09 02:50:00,0.09176,0.0918,0.09173,0.09177,896510.279478
2026-04-09 02:55:00,0.09178,0.09178,0.09163,0.09166,848495.999825
2026-04-09 03:00:00,0.09168,0.09168,0.0916,0.09164,356478.41592
2026-04-09 03:05:00,0.09165,0.09169,0.09158,0.09163,1846191.788142
2026-04-09 03:10:00,0.09161,0.09171,0.0916,0.09171,303396.175221
2026-04-09 03:15:00,0.09167,0.09178,0.09166,0.09178,653035.216089
2026-04-09 03:20:00,0.09178,0.09179,0.09167,0.0917,1381699.355347
2026-04-09 03:25:00,0.09171,0.09172,0.09152,0.09156,516004.420337
2026-04-09 03:30:00,0.09156,0.09166,0.09156,0.09166,126207.707313
2026-04-09 03:35:00,0.09167,0.09169,0.09161,0.09164,204998.298434
2026-04-09 03:40:00,0.09165,0.09165,0.09157,0.09159,411542.262496
2026-04-09 03:45:00,0.0916,0.09161,0.09149,0.09161,734328.856946
2026-04-09 03:50:00,0.09163,0.09171,0.09157,0.0916,572493.507972
2026-04-09 03:55:00,0.0916,0.09161,0.09155,0.09155,189440.864248
2026-04-09 04:00:00,0.09154,0.09154,0.09139,0.09151,3850885.152199
2026-04-09 04:05:00,0.0915,0.0915,0.09144,0.09146,609383.803032
2026-04-09 04:10:00,0.09146,0.09151,0.09146,0.09149,390526.599478
2026-04-09 04:15:00,0.09149,0.09149,0.09137,0.09137,4243120.855873
2026-04-09 04:20:00,0.09136,0.09143,0.09133,0.09142,2011268.769149
2026-04-09 04:25:00,0.09142,0.09142,0.09135,0.09138,253113.940721
2026-04-09 04:30:00,0.09139,0.09145,0.09136,0.09144,191397.184626
2026-04-09 04:35:00,0.09145,0.09147,0.09141,0.09146,947733.867265
2026-04-09 04:40:00,0.09147,0.09151,0.09146,0.09147,239674.717109
2026-04-09 04:45:00,0.09146,0.09147,0.09133,0.09133,526877.872862
2026-04-09 04:50:00,0.09135,0.09136,0.09126,0.09129,1207677.535935
2026-04-09 04:55:00,0.09129,0.09132,0.09122,0.09124,722229.937485
2026-04-09 05:00:00,0.09124,0.09124,0.09109,0.0912,5624674.618423
2026-04-09 05:05:00,0.09118,0.09124,0.09112,0.09116,5098242.825321
2026-04-09 05:10:00,0.09115,0.09124,0.09101,0.09124,2915914.748958
2026-04-09 05:15:00,0.09124,0.09136,0.09093,0.09129,17262577.401342
2026-04-09 05:20:00,0.09129,0.09132,0.0911,0.09118,3707857.51958
2026-04-09 05:25:00,0.0912,0.09131,0.0912,0.09127,2146830.781138
2026-04-09 05:30:00,0.09127,0.0914,0.09125,0.09137,4291207.795151
2026-04-09 05:35:00,0.09138,0.09191,0.09135,0.09166,12387811.257632
2026-04-09 05:40:00,0.09166,0.0917,0.09156,0.09165,1659348.8431
2026-04-09 05:45:00,0.09164,0.09166,0.09142,0.09143,1755818.824921
2026-04-09 05:50:00,0.09142,0.09145,0.09127,0.09134,1950528.229512
2026-04-09 05:55:00,0.09134,0.09145,0.09128,0.09145,1639690.353841
2026-04-09 06:00:00,0.09145,0.09162,0.09144,0.09153,861743.737478
2026-04-09 06:05:00,0.09153,0.0916,0.09151,0.09156,422920.137548
2026-04-09 06:10:00,0.09156,0.09161,0.09146,0.0915,3180310.950587
2026-04-09 06:15:00,0.09149,0.0915,0.09137,0.09138,366994.114403
2026-04-09 06:20:00,0.09137,0.09139,0.09134,0.09138,149713.069883
2026-04-09 06:25:00,0.09137,0.09139,0.09131,0.09131,1712103.311555
2026-04-09 06:30:00,0.0913,0.09139,0.09124,0.09132,3083944.807801
2026-04-09 06:35:00,0.09132,0.09145,0.09132,0.09139,1071470.784414
2026-04-09 06:40:00,0.0914,0.09145,0.09137,0.09142,377010.871508
2026-04-09 06:45:00,0.09141,0.09144,0.09139,0.09141,279565.810458
2026-04-09 06:50:00,0.09141,0.0915,0.09138,0.09148,224236.154276
2026-04-09 06:55:00,0.09147,0.09153,0.09147,0.09152,384370.543215
2026-04-09 07:00:00,0.09153,0.09165,0.09153,0.0916,699135.158503
2026-04-09 07:05:00,0.0916,0.09162,0.09156,0.0916,653040.291556
2026-04-09 07:10:00,0.0916,0.0916,0.09149,0.0916,300474.28273
2026-04-09 07:15:00,0.0916,0.0916,0.09143,0.09147,202371.295102
2026-04-09 07:20:00,0.09148,0.09148,0.09137,0.0914,1111150.846327
2026-04-09 07:25:00,0.09139,0.09142,0.09139,0.09141,189131.850062
2026-04-09 07:30:00,0.0914,0.09154,0.09139,0.09154,495239.303408
2026-04-09 07:35:00,0.09153,0.09155,0.09145,0.09145,564508.7398
2026-04-09 07:40:00,0.09143,0.09145,0.09139,0.09145,620099.040166
2026-04-09 07:45:00,0.09145,0.09147,0.09139,0.09141,451029.522304
2026-04-09 07:50:00,0.09141,0.09145,0.0914,0.09142,165232.261902
2026-04-09 07:55:00,0.09142,0.09144,0.09141,0.09141,226248.896695
2026-04-09 08:00:00,0.09141,0.09143,0.09124,0.09141,1359106.411129
2026-04-09 08:05:00,0.09141,0.09144,0.09136,0.09137,247555.654999
2026-04-09 08:10:00,0.09136,0.09136,0.09127,0.0913,455827.169513
2026-04-09 08:15:00,0.09128,0.09131,0.09122,0.09128,1271250.964532
2026-04-09 08:20:00,0.09129,0.09134,0.09123,0.09134,1571932.860363
2026-04-09 08:25:00,0.09135,0.09136,0.09131,0.09133,245115.605246
2026-04-09 08:30:00,0.09134,0.09152,0.09134,0.09146,1878136.091957
2026-04-09 08:35:00,0.09145,0.09151,0.09145,0.09148,928367.186553
2026-04-09 08:40:00,0.09148,0.09157,0.09146,0.09155,2971623.773707
2026-04-09 08:45:00,0.09152,0.09161,0.09145,0.09151,9674577.746234
2026-04-09 08:50:00,0.09151,0.09156,0.0914,0.09147,2686660.050196
2026-04-09 08:55:00,0.09148,0.09154,0.09148,0.09149,876147.590351
2026-04-09 09:00:00,0.0915,0.0915,0.0913,0.09141,2483550.667538
2026-04-09 09:05:00,0.0914,0.09143,0.09136,0.09143,921575.278363
2026-04-09 09:10:00,0.09143,0.09176,0.09143,0.09154,7330723.429829
2026-04-09 09:15:00,0.09155,0.09171,0.09153,0.09164,2911227.554754
2026-04-09 09:20:00,0.09163,0.09164,0.09156,0.0916,1003423.08992
2026-04-09 09:25:00,0.0916,0.09164,0.09157,0.09164,551044.675161
2026-04-09 09:30:00,0.09164,0.0917,0.0916,0.0916,553573.919944
2026-04-09 09:35:00,0.09161,0.09164,0.09157,0.09162,439544.348848
2026-04-09 09:40:00,0.09162,0.09162,0.0916,0.0916,611141.340227
2026-04-09 09:45:00,0.0916,0.09174,0.09158,0.09171,1866250.625423
2026-04-09 09:50:00,0.09171,0.09188,0.09169,0.09188,852395.250853
2026-04-09 09:55:00,0.09187,0.09207,0.09187,0.09196,3042974.536315
2026-04-09 10:00:00,0.09197,0.092,0.09187,0.09198,1483816.354548
2026-04-09 10:05:00,0.09198,0.09198,0.09178,0.09178,978686.21783
2026-04-09 10:10:00,0.09178,0.09179,0.0917,0.09172,486510.086208
2026-04-09 10:15:00,0.09173,0.09183,0.09172,0.09178,765759.730586
2026-04-09 10:20:00,0.09179,0.09189,0.09179,0.09188,1290800.290844
2026-04-09 10:25:00,0.09188,0.09193,0.09186,0.0919,650644.065126
2026-04-09 10:30:00,0.09189,0.09193,0.09181,0.09187,5087147.037506
2026-04-09 10:35:00,0.09185,0.09192,0.09181,0.09191,1555289.950497
2026-04-09 10:40:00,0.09192,0.09199,0.09188,0.09189,1638275.880512
2026-04-09 10:45:00,0.09189,0.09193,0.09183,0.09188,576711.87516
2026-04-09 10:50:00,0.09187,0.09187,0.09171,0.09184,2109092.150858
2026-04-09 10:55:00,0.09182,0.09186,0.09174,0.09175,563257.777728
2026-04-09 11:00:00,0.09173,0.09185,0.0917,0.09182,1412882.457124
2026-04-09 11:05:00,0.09182,0.09185,0.0918,0.09183,809582.749813
2026-04-09 11:10:00,0.09182,0.09182,0.0917,0.0917,344596.58353
2026-04-09 11:15:00,0.0917,0.0917,0.09155,0.09164,1102205.329261
2026-04-09 11:20:00,0.09165,0.09177,0.09163,0.09177,201819.512114
2026-04-09 11:25:00,0.09177,0.09179,0.09165,0.09176,1828488.256124
2026-04-09 11:30:00,0.09173,0.09182,0.09167,0.09168,816715.907512
2026-04-09 11:35:00,0.09169,0.09172,0.09166,0.09172,206559.894733
2026-04-09 11:40:00,0.09172,0.09177,0.09167,0.09171,151316.24681
2026-04-09 11:45:00,0.09171,0.09174,0.09167,0.0917,484157.00144
2026-04-09 11:50:00,0.0917,0.09171,0.09168,0.09168,744762.561017
2026-04-09 11:55:00,0.09168,0.09171,0.09167,0.0917,315848.419739
2026-04-09 12:00:00,0.0917,0.09172,0.09166,0.09167,242930.158649
2026-04-09 12:05:00,0.09168,0.09175,0.09167,0.09173,393191.180002
2026-04-09 12:10:00,0.09174,0.0918,0.09169,0.09169,2976337.879927
2026-04-09 12:15:00,0.09169,0.0917,0.09161,0.09162,514664.923584
2026-04-09 12:20:00,0.09161,0.09161,0.09148,0.09152,3675151.072063
2026-04-09 12:25:00,0.09154,0.09171,0.09152,0.09158,7380770.252005
2026-04-09 12:30:00,0.09156,0.0916,0.09144,0.09151,3651770.349499
2026-04-09 12:35:00,0.09151,0.09159,0.0915,0.09157,1480458.907163
2026-04-09 12:40:00,0.09156,0.0918,0.09154,0.09162,948217.823056
2026-04-09 12:45:00,0.09162,0.09166,0.09149,0.09158,479350.807901
2026-04-09 12:50:00,0.09157,0.09161,0.09155,0.09156,557160.91106
2026-04-09 12:55:00,0.09156,0.09161,0.09155,0.09158,358770.012711
2026-04-09 13:00:00,0.09159,0.09169,0.09153,0.09155,245990.71739
2026-04-09 13:05:00,0.09156,0.09159,0.09152,0.09153,894978.102514
2026-04-09 13:10:00,0.09152,0.09152,0.0914,0.0914,1550014.325579
2026-04-09 13:15:00,0.0914,0.09142,0.09134,0.09138,1104155.701188
2026-04-09 13:20:00,0.09138,0.09141,0.09134,0.09141,585966.752487
2026-04-09 13:25:00,0.09142,0.09148,0.09139,0.09146,537459.408031
2026-04-09 13:30:00,0.09148,0.09157,0.09128,0.09135,1383426.488429
2026-04-09 13:35:00,0.09135,0.09146,0.09117,0.09134,2038716.430017
2026-04-09 13:40:00,0.09134,0.09139,0.09123,0.09132,1201790.496409
2026-04-09 13:45:00,0.09132,0.09133,0.09113,0.09129,464679.661428
2026-04-09 13:50:00,0.09127,0.09129,0.09115,0.09121,2669437.493357
2026-04-09 13:55:00,0.0912,0.09129,0.09106,0.09129,1547129.868729
2026-04-09 14:00:00,0.0913,0.0913,0.09113,0.09127,1777938.365292
2026-04-09 14:05:00,0.09123,0.09134,0.09123,0.09131,180065.059588
2026-04-09 14:10:00,0.0913,0.09147,0.09125,0.09138,1206335.526692
2026-04-09 14:15:00,0.09138,0.09141,0.09118,0.09119,500136.764988
2026-04-09 14:20:00,0.0912,0.09128,0.09119,0.09125,534308.736388
2026-04-09 14:25:00,0.09125,0.09126,0.09098,0.09115,6337596.454494
2026-04-09 14:30:00,0.09115,0.09118,0.09106,0.09117,1033799.938779
2026-04-09 14:35:00,0.09118,0.09128,0.09109,0.09126,872221.822632
2026-04-09 14:40:00,0.09125,0.09137,0.09125,0.09135,498883.982676
2026-04-09 14:45:00,0.09134,0.09145,0.09133,0.09143,878758.781878
2026-04-09 14:50:00,0.09142,0.09158,0.09141,0.09149,788455.770189
2026-04-09 14:55:00,0.09149,0.09159,0.09141,0.09145,899081.159115
2026-04-09 15:00:00,0.09145,0.09149,0.0913,0.09137,3588916.117959
2026-04-09 15:05:00,0.09139,0.09149,0.09134,0.09134,2487690.090804
2026-04-09 15:10:00,0.09133,0.09188,0.09133,0.09187,3573779.558903
2026-04-09 15:15:00,0.09185,0.09204,0.09182,0.09184,5280728.268801
2026-04-09 15:20:00,0.09185,0.09207,0.0918,0.09185,2281048.736125
2026-04-09 15:25:00,0.09184,0.09187,0.09167,0.09168,2866115.807631
2026-04-09 15:30:00,0.09166,0.09285,0.09162,0.09285,8754586.929777
2026-04-09 15:35:00,0.09285,0.09302,0.09258,0.09263,7878444.424199
2026-04-09 15:40:00,0.09262,0.09302,0.09261,0.09283,3008529.714203
2026-04-09 15:45:00,0.09283,0.09326,0.09274,0.09281,6842978.4049
2026-04-09 15:50:00,0.0928,0.09301,0.09276,0.09299,1786014.677082
2026-04-09 15:55:00,0.09299,0.09309,0.09285,0.09287,3474889.6068
2026-04-09 16:00:00,0.09289,0.0934,0.09289,0.09323,7215991.164088
2026-04-09 16:05:00,0.09322,0.09323,0.09283,0.09293,4724356.920995
2026-04-09 16:10:00,0.09294,0.09306,0.09287,0.09295,1912614.834661
2026-04-09 16:15:00,0.09295,0.09319,0.09291,0.09302,1563304.089431
2026-04-09 16:20:00,0.09302,0.09302,0.0926,0.09265,2313445.499162
2026-04-09 16:25:00,0.09265,0.09274,0.09257,0.09261,1809881.443716
2026-04-09 16:30:00,0.09261,0.09269,0.09247,0.09255,2744508.229477
2026-04-09 16:35:00,0.09254,0.0926,0.0922,0.09231,2466149.014212
2026-04-09 16:40:00,0.09231,0.0925,0.09231,0.0925,1299778.927768
2026-04-09 16:45:00,0.0925,0.09253,0.09209,0.09217,3046097.782345
2026-04-09 16:50:00,0.09217,0.09237,0.09215,0.09232,1096081.718668
2026-04-09 16:55:00,0.09233,0.09261,0.0923,0.09247,3799591.583237
2026-04-09 17:00:00,0.09248,0.09307,0.09247,0.09298,2558655.504236
2026-04-09 17:05:00,0.09299,0.09302,0.09292,0.09292,1613119.520105
2026-04-09 17:10:00,0.09292,0.09305,0.0929,0.09303,1209847.507491
2026-04-09 17:15:00,0.09303,0.09319,0.09298,0.09308,7137588.620178
2026-04-09 17:20:00,0.09308,0.09312,0.09285,0.09289,2929156.493475
2026-04-09 17:25:00,0.09288,0.09295,0.09268,0.09282,2181838.981705
2026-04-09 17:30:00,0.09281,0.09286,0.09264,0.09278,877279.694161
2026-04-09 17:35:00,0.09279,0.09328,0.09279,0.09323,2096894.323562
2026-04-09 17:40:00,0.09322,0.0935,0.09317,0.09335,3241556.306402
2026-04-09 17:45:00,0.09335,0.09349,0.09335,0.09345,1521908.684542
2026-04-09 17:50:00,0.09345,0.0935,0.09327,0.0934,811305.93633
2026-04-09 17:55:00,0.0934,0.09351,0.09339,0.09342,1063569.917416
2026-04-09 18:00:00,0.09343,0.0935,0.0929,0.09311,3357077.977748
2026-04-09 18:05:00,0.09313,0.0934,0.09313,0.09336,701199.572934
2026-04-09 18:10:00,0.09338,0.0934,0.09307,0.0931,912390.146154
2026-04-09 18:15:00,0.09309,0.0933,0.09309,0.0932,2085162.671705
2026-04-09 18:20:00,0.0932,0.0932,0.09298,0.09313,1410497.755157
2026-04-09 18:25:00,0.09312,0.09345,0.09306,0.09344,979642.455831
2026-04-09 18:30:00,0.09343,0.09357,0.09317,0.09334,935465.285111
2026-04-09 18:35:00,0.09336,0.0934,0.09331,0.09336,510961.890208
2026-04-09 18:40:00,0.09335,0.09343,0.09321,0.09327,524582.30547
2026-04-09 18:45:00,0.09326,0.09338,0.09319,0.09331,474089.363212
2026-04-09 18:50:00,0.09335,0.09335,0.09325,0.09332,140580.65564
2026-04-09 18:55:00,0.09336,0.09338,0.09328,0.09328,240162.472898
2026-04-09 19:00:00,0.09328,0.09346,0.09307,0.09341,4810225.562408
2026-04-09 19:05:00,0.09345,0.0936,0.09339,0.09353,2405956.973241
2026-04-09 19:10:00,0.09351,0.09365,0.09351,0.09358,1001536.512314
2026-04-09 19:15:00,0.09357,0.09361,0.09332,0.09333,768247.769648
2026-04-09 19:20:00,0.09333,0.09336,0.09308,0.09308,535060.834507
2026-04-09 19:25:00,0.09308,0.09317,0.09308,0.09313,212889.374376
2026-04-09 19:30:00,0.09314,0.09339,0.09314,0.09323,3583351.702456
2026-04-09 19:35:00,0.09323,0.09334,0.09317,0.09331,310095.512828
2026-04-09 19:40:00,0.09331,0.0935,0.09327,0.09345,1642652.499667
2026-04-09 19:45:00,0.09347,0.09373,0.09347,0.09373,1158498.389003
2026-04-09 19:50:00,0.09373,0.09384,0.0937,0.09375,1649964.765521
2026-04-09 19:55:00,0.09373,0.09387,0.09366,0.09381,1963057.374247
2026-04-09 20:00:00,0.09381,0.09397,0.0938,0.09385,1137078.431921
2026-04-09 20:05:00,0.09382,0.09387,0.09377,0.09386,343101.816076
2026-04-09 20:10:00,0.09385,0.09388,0.0938,0.09387,499385.976467
2026-04-09 20:15:00,0.09387,0.09396,0.09384,0.09393,186392.303326
2026-04-09 20:20:00,0.09391,0.09398,0.0939,0.09398,428040.879563
2026-04-09 20:25:00,0.09396,0.09433,0.09396,0.09424,2313838.603283
2026-04-09 20:30:00,0.09424,0.09433,0.09412,0.09424,870155.722282
2026-04-09 20:35:00,0.09424,0.0943,0.09418,0.09418,735774.514569
2026-04-09 20:40:00,0.09418,0.09418,0.09401,0.09402,695638.293706
2026-04-09 20:45:00,0.09401,0.09407,0.09396,0.09396,621012.188886
2026-04-09 20:50:00,0.09397,0.09405,0.0939,0.09404,213397.48212
2026-04-09 20:55:00,0.09405,0.09412,0.09392,0.09396,522838.482793
2026-04-09 21:00:00,0.09398,0.09402,0.09382,0.09399,2421869.794993
2026-04-09 21:05:00,0.09398,0.09434,0.09382,0.09385,4134377.484864
2026-04-09 21:10:00,0.09383,0.09412,0.09383,0.09411,1426146.935551
2026-04-09 21:15:00,0.09412,0.09413,0.094,0.094,434306.489536
2026-04-09 21:20:00,0.09401,0.09401,0.09384,0.09392,883774.145659
2026-04-09 21:25:00,0.09392,0.09395,0.09383,0.09383,424337.142394
2026-04-09 21:30:00,0.09382,0.09382,0.09368,0.09378,812325.998768
2026-04-09 21:35:00,0.09377,0.09383,0.09372,0.09383,2733548.036648
2026-04-09 21:40:00,0.09383,0.09407,0.09383,0.09404,1188389.41702
2026-04-09 21:45:00,0.09404,0.09415,0.09404,0.09413,785994.645508
2026-04-09 21:50:00,0.09414,0.09416,0.09391,0.09392,724849.221683
2026-04-09 21:55:00,0.09392,0.09394,0.09382,0.09384,518648.533347
2026-04-09 22:00:00,0.09385,0.09409,0.09381,0.094,706358.31253
2026-04-09 22:05:00,0.09402,0.09402,0.09392,0.09402,310728.774028
2026-04-09 22:10:00,0.09402,0.0941,0.09396,0.09409,306123.286956
2026-04-09 22:15:00,0.0941,0.095,0.0941,0.09469,7594739.827839
2026-04-09 22:20:00,0.09469,0.09469,0.09436,0.09447,1991010.214255
2026-04-09 22:25:00,0.09449,0.0945,0.09412,0.09422,3793475.009432
2026-04-09 22:30:00,0.09421,0.09431,0.0941,0.09425,988653.648352
2026-04-09 22:35:00,0.09423,0.09429,0.09401,0.09401,755316.240878
2026-04-09 22:40:00,0.09401,0.0941,0.0939,0.09393,520197.672769
2026-04-09 22:45:00,0.09392,0.09394,0.09369,0.09384,2336202.588591
2026-04-09 22:50:00,0.09382,0.09382,0.09327,0.09334,4696945.856833
2026-04-09 22:55:00,0.09333,0.09361,0.09324,0.0934,4668372.996665
2026-04-09 23:00:00,0.09339,0.09347,0.0931,0.09316,1720237.177167
2026-04-09 23:05:00,0.09317,0.09333,0.09315,0.0933,856389.034962
2026-04-09 23:10:00,0.09329,0.09333,0.09293,0.09301,1865699.312852
2026-04-09 23:15:00,0.09304,0.09314,0.09273,0.09302,1739168.548168
2026-04-09 23:20:00,0.09303,0.09308,0.09288,0.09292,694544.36537
2026-04-09 23:25:00,0.09292,0.09295,0.09279,0.09279,1587840.495913
2026-04-09 23:30:00,0.09278,0.09278,0.09246,0.09259,1922463.30138
2026-04-09 23:35:00,0.09257,0.09264,0.09244,0.09263,777398.780252
2026-04-09 23:40:00,0.09262,0.09265,0.09254,0.09256,436023.666108
2026-04-09 23:45:00,0.09253,0.09253,0.09234,0.09245,1123909.357005
2026-04-09 23:50:00,0.09245,0.09257,0.09244,0.09255,1351561.409291
2026-04-09 23:55:00,0.09254,0.09268,0.09248,0.0926,2094991.845712
2026-04-10 00:00:00,0.09261,0.09268,0.0925,0.09251,723784.996579
2026-04-10 00:05:00,0.09251,0.09256,0.09235,0.09251,748837.044931
2026-04-10 00:10:00,0.0925,0.09259,0.0924,0.09253,300552.418648
2026-04-10 00:15:00,0.09248,0.09254,0.09219,0.09222,3074852.138254
2026-04-10 00:20:00,0.09222,0.09232,0.09217,0.09218,597853.958275
2026-04-10 00:25:00,0.0922,0.09237,0.09207,0.09237,1346713.182846
2026-04-10 00:30:00,0.09232,0.09259,0.09223,0.09242,804380.885079
2026-04-10 00:35:00,0.09242,0.09251,0.09223,0.09232,824682.743263
2026-04-10 00:40:00,0.0923,0.09241,0.09225,0.09241,630353.156585
2026-04-10 00:45:00,0.09241,0.09253,0.09231,0.09242,1912519.959804
2026-04-10 00:50:00,0.09241,0.09253,0.09236,0.0924,3403225.456357
2026-04-10 00:55:00,0.0924,0.09249,0.09237,0.09246,349867.417738
2026-04-10 01:00:00,0.09246,0.09246,0.09225,0.09233,397903.726167
2026-04-10 01:05:00,0.09234,0.09242,0.09224,0.09238,711084.226867
2026-04-10 01:10:00,0.09239,0.09255,0.09235,0.09245,520400.577584
2026-04-10 01:15:00,0.09245,0.09262,0.09241,0.09243,809198.071498
2026-04-10 01:20:00,0.09244,0.09247,0.09194,0.09232,3755201.508613
2026-04-10 01:25:00,0.09232,0.09235,0.09219,0.09228,612996.876392
2026-04-10 01:30:00,0.09224,0.09257,0.09219,0.09257,859403.944846
2026-04-10 01:35:00,0.09257,0.09283,0.09252,0.09276,1653943.656201
2026-04-10 01:40:00,0.09275,0.09275,0.09249,0.09251,3440957.023614
2026-04-10 01:45:00,0.09249,0.09256,0.09244,0.09251,672491.295304
2026-04-10 01:50:00,0.09251,0.09265,0.09249,0.0925,1066729.810424
2026-04-10 01:55:00,0.09251,0.09261,0.09233,0.09235,430842.537291
2026-04-10 02:00:00,0.09236,0.09247,0.0922,0.0923,6188335.826487
2026-04-10 02:05:00,0.09231,0.09271,0.09229,0.09266,5646043.384142
2026-04-10 02:10:00,0.09265,0.09272,0.09256,0.09266,766844.69537
2026-04-10 02:15:00,0.09267,0.09272,0.09262,0.09268,865848.448482
2026-04-10 02:20:00,0.09267,0.09283,0.09266,0.09278,758324.950024
2026-04-10 02:25:00,0.09277,0.09278,0.09265,0.09268,2040193.171845
2026-04-10 02:30:00,0.0927,0.09279,0.09264,0.09273,714171.526675
2026-04-10 02:35:00,0.09274,0.09279,0.09269,0.09276,233708.335595
2026-04-10 02:40:00,0.09276,0.0928,0.09269,0.09272,1065290.602433
2026-04-10 02:45:00,0.0927,0.09271,0.09256,0.09256,420231.639541
2026-04-10 02:50:00,0.09256,0.09259,0.09247,0.09256,1398385.916439
2026-04-10 02:55:00,0.09255,0.09259,0.09247,0.09252,418061.605256
2026-04-10 03:00:00,0.09253,0.09275,0.09249,0.09269,788773.255451
2026-04-10 03:05:00,0.09267,0.09271,0.09257,0.09258,510562.214099
2026-04-10 03:10:00,0.09257,0.09258,0.09245,0.09245,567777.8045
2026-04-10 03:15:00,0.09247,0.09251,0.09237,0.09243,1409380.077084
2026-04-10 03:20:00,0.09243,0.09245,0.0922,0.09222,696020.221641
2026-04-10 03:25:00,0.09221,0.09225,0.09215,0.09215,3141392.502829
2026-04-10 03:30:00,0.09214,0.09227,0.09212,0.0922,703940.949545
2026-04-10 03:35:00,0.09222,0.09235,0.09221,0.09229,748753.609374
2026-04-10 03:40:00,0.09228,0.09236,0.09228,0.09233,233934.410734
2026-04-10 03:45:00,0.09233,0.09245,0.09231,0.09233,464650.043892
2026-04-10 03:50:00,0.09233,0.09238,0.09228,0.09232,471495.155951
2026-04-10 03:55:00,0.09232,0.09233,0.09218,0.09221,387580.741593
2026-04-10 04:00:00,0.09221,0.09227,0.0922,0.09225,506675.077852
2026-04-10 04:05:00,0.09226,0.09231,0.09223,0.09231,439620.738129
2026-04-10 04:10:00,0.0923,0.09236,0.0923,0.09234,268777.557604
2026-04-10 04:15:00,0.09234,0.09244,0.09232,0.09243,769852.92619
2026-04-10 04:20:00,0.09245,0.09258,0.09245,0.09245,641309.510659
2026-04-10 04:25:00,0.09245,0.09255,0.09243,0.09248,1207421.199989
2026-04-10 04:30:00,0.09247,0.09253,0.09238,0.09253,956098.991246
2026-04-10 04:35:00,0.09254,0.09258,0.09249,0.09249,379235.742936
2026-04-10 04:40:00,0.09251,0.09251,0.09243,0.09247,326344.049852
2026-04-10 04:45:00,0.09246,0.09251,0.09245,0.0925,324147.484137
2026-04-10 04:50:00,0.0925,0.09294,0.09245,0.09277,2326927.69996
2026-04-10 04:55:00,0.09277,0.09278,0.09266,0.09275,1528421.495089
2026-04-10 05:00:00,0.09279,0.09282,0.09265,0.09279,902447.917711
2026-04-10 05:05:00,0.0928,0.09285,0.09259,0.09268,589827.021803
2026-04-10 05:10:00,0.09269,0.0927,0.09259,0.0927,459169.306361
2026-04-10 05:15:00,0.0927,0.09275,0.09265,0.09274,314965.302402
2026-04-10 05:20:00,0.09274,0.09299,0.09274,0.09298,1417469.523792
2026-04-10 05:25:00,0.09299,0.09315,0.09299,0.09313,1187132.59142
2026-04-10 05:30:00,0.09313,0.09319,0.09303,0.09303,650077.034834
2026-04-10 05:35:00,0.09301,0.09311,0.09292,0.09311,831664.502995
2026-04-10 05:40:00,0.09311,0.09312,0.09291,0.09291,424403.326147
2026-04-10 05:45:00,0.09292,0.09298,0.09291,0.09294,384616.451486
2026-04-10 05:50:00,0.09293,0.09298,0.09285,0.09285,1454622.860578
2026-04-10 05:55:00,0.09284,0.09284,0.09271,0.09276,1991756.757134
2026-04-10 06:00:00,0.09276,0.093,0.09267,0.09299,703595.872463
2026-04-10 06:05:00,0.093,0.09306,0.09282,0.09285,524941.668727
2026-04-10 06:10:00,0.09284,0.09289,0.09276,0.09289,403318.33638
2026-04-10 06:15:00,0.09289,0.0929,0.09267,0.09274,851686.390864
2026-04-10 06:20:00,0.09271,0.09284,0.09269,0.09283,316964.316443
2026-04-10 06:25:00,0.09281,0.09281,0.09275,0.09277,262843.065868
2026-04-10 06:30:00,0.09274,0.09274,0.09266,0.09266,379520.81662
2026-04-10 06:35:00,0.09267,0.09269,0.09246,0.09267,1366727.047247
2026-04-10 06:40:00,0.09265,0.09265,0.09248,0.09249,1190125.873413
2026-04-10 06:45:00,0.09248,0.09258,0.09245,0.09247,471169.352036
2026-04-10 06:50:00,0.09247,0.09254,0.09242,0.09254,635714.497801
2026-04-10 06:55:00,0.09254,0.09266,0.09252,0.09266,679533.439545
2026-04-10 07:00:00,0.09266,0.09278,0.09266,0.09273,940708.335412
2026-04-10 07:05:00,0.09273,0.09284,0.09269,0.09277,1911324.409025
2026-04-10 07:10:00,0.09277,0.09277,0.09242,0.09242,4560091.985615
2026-04-10 07:15:00,0.09241,0.0925,0.0924,0.09243,536005.835667
2026-04-10 07:20:00,0.09245,0.09245,0.09232,0.09239,1355934.341458
2026-04-10 07:25:00,0.09239,0.09245,0.09234,0.09241,212175.066272
2026-04-10 07:30:00,0.09242,0.0925,0.09235,0.09245,603855.459081
2026-04-10 07:35:00,0.09244,0.09249,0.0924,0.09241,697595.174158
2026-04-10 07:40:00,0.09241,0.09245,0.09234,0.09243,458189.10274
2026-04-10 07:45:00,0.09243,0.09245,0.0923,0.09233,594645.05111
2026-04-10 07:50:00,0.09234,0.09238,0.09213,0.09215,2350570.879515
2026-04-10 07:55:00,0.09215,0.0923,0.09215,0.0923,476799.254792
2026-04-10 08:00:00,0.0923,0.09231,0.09208,0.0921,5184847.72153
2026-04-10 08:05:00,0.0921,0.09219,0.09203,0.09216,998878.861221
2026-04-10 08:10:00,0.09216,0.09222,0.09205,0.09209,1149886.097101
2026-04-10 08:15:00,0.09209,0.09219,0.09199,0.09219,1596498.335543
2026-04-10 08:20:00,0.09218,0.09221,0.09208,0.09218,778443.170554
2026-04-10 08:25:00,0.09218,0.09226,0.09215,0.09215,522778.530969
2026-04-10 08:30:00,0.09215,0.09221,0.09213,0.09219,371508.355006
2026-04-10 08:35:00,0.09218,0.09253,0.09216,0.09248,7906408.528795
2026-04-10 08:40:00,0.09248,0.09248,0.09232,0.09232,740265.930971
2026-04-10 08:45:00,0.09232,0.09232,0.09211,0.09214,834915.242271
2026-04-10 08:50:00,0.09214,0.0922,0.09206,0.09216,1145744.077453
2026-04-10 08:55:00,0.09218,0.09219,0.09211,0.09213,532330.355848
2026-04-10 09:00:00,0.09212,0.09228,0.09211,0.09228,554693.552917
2026-04-10 09:05:00,0.09227,0.09234,0.09221,0.09221,701424.303643
2026-04-10 09:10:00,0.0922,0.09223,0.09214,0.09222,228517.592539
2026-04-10 09:15:00,0.09222,0.09254,0.09219,0.09245,1545876.573035
2026-04-10 09:20:00,0.09244,0.09251,0.09241,0.09245,624005.27019
2026-04-10 09:25:00,0.09242,0.09247,0.09237,0.09243,624530.995326
2026-04-10 09:30:00,0.09243,0.09246,0.09233,0.09243,464042.836388
2026-04-10 09:35:00,0.09243,0.09243,0.09234,0.09234,302082.555963
2026-04-10 09:40:00,0.09233,0.09236,0.09231,0.09236,231925.270368
2026-04-10 09:45:00,0.09236,0.09237,0.09229,0.0923,222673.872221
2026-04-10 09:50:00,0.09229,0.09237,0.09224,0.09235,643793.793405
2026-04-10 09:55:00,0.09235,0.09242,0.09233,0.09237,316202.044872
2026-04-10 10:00:00,0.09237,0.09238,0.0923,0.09238,677682.281448
2026-04-10 10:05:00,0.09236,0.09236,0.09222,0.09228,520778.189628
2026-04-10 10:10:00,0.09228,0.09234,0.09226,0.0923,434190.652356
2026-04-10 10:15:00,0.09229,0.09236,0.09228,0.09236,254371.361333
2026-04-10 10:20:00,0.09235,0.09235,0.09226,0.09227,732777.724732
2026-04-10 10:25:00,0.09228,0.09234,0.09225,0.09227,476474.925163
2026-04-10 10:30:00,0.09227,0.09229,0.09223,0.09225,363360.416385
2026-04-10 10:35:00,0.09223,0.09225,0.09216,0.09224,526093.412274
2026-04-10 10:40:00,0.09224,0.09228,0.09208,0.09216,1810042.419294
2026-04-10 10:45:00,0.09216,0.09221,0.09211,0.09215,757773.741259
2026-04-10 10:50:00,0.09215,0.09223,0.09215,0.0922,1103533.790848
2026-04-10 10:55:00,0.0922,0.09227,0.09219,0.09223,546683.5666
2026-04-10 11:00:00,0.09223,0.09237,0.09217,0.09233,358504.64661
2026-04-10 11:05:00,0.09233,0.09254,0.0923,0.09253,530097.851075
2026-04-10 11:10:00,0.09255,0.09255,0.09244,0.09251,1426581.683955
2026-04-10 11:15:00,0.09251,0.09257,0.09243,0.09247,2375746.152075
2026-04-10 11:20:00,0.09246,0.09253,0.09244,0.09253,916414.356015
2026-04-10 11:25:00,0.09252,0.09264,0.09248,0.09262,1292255.734767
2026-04-10 11:30:00,0.09263,0.0927,0.09249,0.09261,1532441.816448
2026-04-10 11:35:00,0.0926,0.09266,0.09258,0.09265,993313.872918
2026-04-10 11:40:00,0.09265,0.0927,0.09245,0.09252,4258583.984235
2026-04-10 11:45:00,0.09252,0.09268,0.09244,0.09262,1037509.930353
2026-04-10 11:50:00,0.09261,0.09262,0.09253,0.09255,545485.478413
2026-04-10 11:55:00,0.09254,0.09256,0.09246,0.0925,270882.396906
2026-04-10 12:00:00,0.0925,0.09264,0.09248,0.09263,598859.151514
2026-04-10 12:05:00,0.09263,0.09266,0.09255,0.09258,1787718.903339
2026-04-10 12:10:00,0.09256,0.09259,0.09255,0.09257,924022.252801
2026-04-10 12:15:00,0.09258,0.09267,0.09247,0.0926,503579.973588
2026-04-10 12:20:00,0.0926,0.09275,0.09249,0.09255,1003067.175263
2026-04-10 12:25:00,0.09254,0.09288,0.09238,0.09278,7152365.782369
2026-04-10 12:30:00,0.09277,0.09306,0.09255,0.09291,11197066.111901
2026-04-10 12:35:00,0.0929,0.09301,0.0928,0.09296,1158300.227959
2026-04-10 12:40:00,0.09296,0.09313,0.09296,0.09302,3528131.025742
2026-04-10 12:45:00,0.09304,0.09312,0.09295,0.09311,1945293.068617
2026-04-10 12:50:00,0.09309,0.0931,0.09276,0.09276,1095129.795554
2026-04-10 12:55:00,0.09278,0.09288,0.09274,0.09288,1535264.177984
2026-04-10 13:00:00,0.09287,0.09307,0.09285,0.09307,888244.089544
2026-04-10 13:05:00,0.09307,0.09313,0.09298,0.093,1247558.813544
2026-04-10 13:10:00,0.093,0.09306,0.09296,0.09298,224817.01547
2026-04-10 13:15:00,0.09299,0.09299,0.09289,0.09297,532927.175446
2026-04-10 13:20:00,0.09298,0.09313,0.09294,0.093,1620088.538935
2026-04-10 13:25:00,0.09299,0.09299,0.09292,0.09292,850076.53935
2026-04-10 13:30:00,0.09293,0.093,0.09258,0.09261,3375980.427652
2026-04-10 13:35:00,0.09261,0.09263,0.09233,0.09248,3375739.700303
2026-04-10 13:40:00,0.09248,0.09263,0.09244,0.09263,608263.390468
2026-04-10 13:45:00,0.09263,0.09295,0.09263,0.09291,1119953.511045
2026-04-10 13:50:00,0.09289,0.09296,0.09273,0.09293,1542701.884044
2026-04-10 13:55:00,0.09292,0.09298,0.09286,0.09292,985596.281443
2026-04-10 14:00:00,0.09291,0.093,0.09284,0.09297,2300321.327526
2026-04-10 14:05:00,0.09297,0.09315,0.09282,0.09284,10684741.760136
2026-04-10 14:10:00,0.09285,0.09332,0.09282,0.09322,2963130.911768
2026-04-10 14:15:00,0.09322,0.09359,0.09319,0.09353,9261541.304227
2026-04-10 14:20:00,0.09354,0.09408,0.09354,0.09408,8099999.159657
2026-04-10 14:25:00,0.09407,0.09415,0.09377,0.09385,3739465.948215
2026-04-10 14:30:00,0.09387,0.09412,0.09385,0.09412,5076090.193195
2026-04-10 14:35:00,0.09411,0.0942,0.0939,0.09414,6476022.507239
2026-04-10 14:40:00,0.09414,0.0942,0.09365,0.09392,7581489.234655
2026-04-10 14:45:00,0.0939,0.09396,0.09372,0.09373,2055422.355479
2026-04-10 14:50:00,0.09375,0.09399,0.09375,0.09387,1974331.961424
2026-04-10 14:55:00,0.09389,0.09405,0.09372,0.09399,3043091.012758
2026-04-10 15:00:00,0.09398,0.0944,0.09397,0.09411,7189169.705282
2026-04-10 15:05:00,0.09411,0.0945,0.094,0.09443,4413244.463391
2026-04-10 15:10:00,0.09442,0.09458,0.09421,0.09421,2753683.110795
2026-04-10 15:15:00,0.09421,0.09425,0.09387,0.09411,4649149.822066
2026-04-10 15:20:00,0.09411,0.09439,0.09404,0.09432,1634582.771672
2026-04-10 15:25:00,0.09431,0.09432,0.09379,0.09381,2043857.744819
2026-04-10 15:30:00,0.09384,0.09391,0.0936,0.0937,6375269.551423
2026-04-10 15:35:00,0.09369,0.09372,0.0936,0.09367,3449889.074389
2026-04-10 15:40:00,0.09366,0.09366,0.09328,0.09359,14443366.406358
2026-04-10 15:45:00,0.09354,0.09359,0.0933,0.09339,962682.607696
2026-04-10 15:50:00,0.09338,0.09349,0.09334,0.09334,657948.887985
2026-04-10 15:55:00,0.09334,0.09337,0.09309,0.09333,1690901.430472
2026-04-10 16:00:00,0.09334,0.09364,0.09334,0.0935,2646167.497465
2026-04-10 16:05:00,0.09349,0.09362,0.09348,0.09356,1008162.821352
2026-04-10 16:10:00,0.09356,0.09392,0.09356,0.09384,1079286.725429
2026-04-10 16:15:00,0.09383,0.09406,0.0938,0.09401,1261688.838644
2026-04-10 16:20:00,0.09402,0.09403,0.09366,0.09385,1913037.153782
2026-04-10 16:25:00,0.09386,0.0939,0.09374,0.09379,357553.502896
2026-04-10 16:30:00,0.0938,0.09383,0.09358,0.0938,868267.331038
2026-04-10 16:35:00,0.09381,0.09384,0.09374,0.09376,124633.632029
2026-04-10 16:40:00,0.09377,0.09377,0.09358,0.09362,1581575.848155
2026-04-10 16:45:00,0.0936,0.09374,0.0936,0.09371,298792.234658
2026-04-10 16:50:00,0.09371,0.09395,0.09371,0.09385,2335789.024803
2026-04-10 16:55:00,0.09383,0.09399,0.09383,0.09392,701239.78144
2026-04-10 17:00:00,0.09392,0.09395,0.09382,0.09393,220343.445797
2026-04-10 17:05:00,0.09393,0.09394,0.09384,0.09394,141137.280618
2026-04-10 17:10:00,0.09393,0.09393,0.09378,0.09382,521935.536124
2026-04-10 17:15:00,0.09383,0.09392,0.09379,0.09384,342399.077906
2026-04-10 17:20:00,0.09384,0.09384,0.09372,0.09376,95070.643189
2026-04-10 17:25:00,0.09374,0.0938,0.0937,0.09372,72419.800633
2026-04-10 17:30:00,0.0937,0.09373,0.09363,0.09364,277352.625849
2026-04-10 17:35:00,0.09365,0.09365,0.09344,0.09353,676147.156441
2026-04-10 17:40:00,0.09354,0.09368,0.09345,0.09366,196143.587257
2026-04-10 17:45:00,0.09367,0.09368,0.09362,0.09364,243771.285447
2026-04-10 17:50:00,0.09364,0.09379,0.09364,0.09369,824349.796744
2026-04-10 17:55:00,0.09368,0.09376,0.09367,0.09367,290361.194956
2026-04-10 18:00:00,0.09368,0.09375,0.09361,0.09363,513070.647325
2026-04-10 18:05:00,0.09363,0.0937,0.09358,0.09368,260602.395692
2026-04-10 18:10:00,0.09366,0.09386,0.09364,0.09386,265354.444914
2026-04-10 18:15:00,0.09386,0.09401,0.09383,0.09396,1574551.593793
2026-04-10 18:20:00,0.09395,0.09404,0.0939,0.0939,930028.753816
2026-04-10 18:25:00,0.09388,0.09394,0.09377,0.09394,328252.355336
2026-04-10 18:30:00,0.09394,0.09399,0.09388,0.09388,168947.24094
2026-04-10 18:35:00,0.09387,0.09398,0.09384,0.09393,359614.139051
2026-04-10 18:40:00,0.09392,0.09394,0.09384,0.09388,168287.943228
2026-04-10 18:45:00,0.09389,0.09401,0.09387,0.09399,379638.114283
2026-04-10 18:50:00,0.09399,0.09416,0.09397,0.09416,311835.152948
2026-04-10 18:55:00,0.09416,0.09422,0.0941,0.09415,548197.433184
2026-04-10 19:00:00,0.09415,0.09432,0.09412,0.09426,3741901.600973
2026-04-10 19:05:00,0.09427,0.09509,0.09427,0.09476,19530650.488744
2026-04-10 19:10:00,0.09475,0.09519,0.09474,0.09519,4895226.104613
2026-04-10 19:15:00,0.09519,0.09526,0.09502,0.09507,7782366.879134
2026-04-10 19:20:00,0.09507,0.09508,0.09486,0.09502,3215150.902603
2026-04-10 19:25:00,0.09502,0.09508,0.09494,0.09494,2027806.052354
2026-04-10 19:30:00,0.09495,0.09507,0.09489,0.09503,2630160.673651
2026-04-10 19:35:00,0.09503,0.09504,0.09477,0.09489,1720056.347098
2026-04-10 19:40:00,0.09488,0.09502,0.09482,0.09496,1772948.634028
2026-04-10 19:45:00,0.09497,0.095,0.09463,0.0947,1833581.801516
2026-04-10 19:50:00,0.0947,0.09482,0.09463,0.09482,2348566.668926
2026-04-10 19:55:00,0.09482,0.0951,0.0948,0.09502,1014139.6755
2026-04-10 20:00:00,0.09502,0.0952,0.09497,0.09502,3747286.23323
2026-04-10 20:05:00,0.09502,0.09503,0.0948,0.095,916520.567902
2026-04-10 20:10:00,0.095,0.095,0.09487,0.09494,977933.446468
2026-04-10 20:15:00,0.09493,0.09501,0.09486,0.09499,815419.703654
2026-04-10 20:20:00,0.09498,0.09498,0.0947,0.09471,459452.334048
2026-04-10 20:25:00,0.09472,0.0948,0.09467,0.09468,409955.52487
2026-04-10 20:30:00,0.09467,0.09483,0.09456,0.09462,1598184.627594
2026-04-10 20:35:00,0.09462,0.09469,0.09427,0.0943,2193703.520332
2026-04-10 20:40:00,0.0943,0.09434,0.09419,0.09429,1313099.707893
2026-04-10 20:45:00,0.0943,0.09443,0.09419,0.09439,1065726.095661
2026-04-10 20:50:00,0.0944,0.09452,0.0944,0.09441,1504699.425229
2026-04-10 20:55:00,0.09441,0.09471,0.09441,0.09458,2337376.871943
2026-04-10 21:00:00,0.09458,0.09464,0.09454,0.0946,1646248.873488
2026-04-10 21:05:00,0.0946,0.0946,0.09424,0.09432,1587119.525966
2026-04-10 21:10:00,0.09431,0.09432,0.09403,0.09423,2428114.490857
2026-04-10 21:15:00,0.09421,0.09423,0.09411,0.09418,637323.655463
2026-04-10 21:20:00,0.09419,0.09428,0.0941,0.09415,2812808.185132
2026-04-10 21:25:00,0.09416,0.09428,0.09411,0.09426,265903.107827
2026-04-10 21:30:00,0.09424,0.09425,0.09417,0.09417,159933.220979
2026-04-10 21:35:00,0.09418,0.09432,0.09418,0.09423,301225.051256
2026-04-10 21:40:00,0.09424,0.09425,0.09406,0.09413,707732.916804
2026-04-10 21:45:00,0.09412,0.09417,0.09402,0.09417,469379.422224
2026-04-10 21:50:00,0.09413,0.09429,0.09413,0.09425,104260.228273
2026-04-10 21:55:00,0.09425,0.09436,0.09425,0.09431,864919.349207
2026-04-10 22:00:00,0.09432,0.09436,0.0942,0.09428,486508.295949
2026-04-10 22:05:00,0.09426,0.09431,0.09412,0.09415,589749.372505
2026-04-10 22:10:00,0.09416,0.09423,0.09414,0.09415,146299.837066
2026-04-10 22:15:00,0.09412,0.09418,0.09406,0.09414,817592.422041
2026-04-10 22:20:00,0.09414,0.09416,0.09407,0.09408,405724.017774
2026-04-10 22:25:00,0.09407,0.09413,0.09406,0.09407,363867.101165
2026-04-10 22:30:00,0.09405,0.09407,0.09395,0.09395,2176359.462185
2026-04-10 22:35:00,0.09394,0.09402,0.09369,0.09378,1812895.487818
2026-04-10 22:40:00,0.09379,0.09386,0.09368,0.09383,657529.41603
2026-04-10 22:45:00,0.09385,0.09392,0.09382,0.09382,767945.997091
2026-04-10 22:50:00,0.09382,0.09389,0.09382,0.09387,132990.714805
2026-04-10 22:55:00,0.09389,0.09392,0.09386,0.09389,177516.216495
2026-04-10 23:00:00,0.0939,0.09392,0.09378,0.09378,641064.323802
2026-04-10 23:05:00,0.09377,0.0938,0.0937,0.09371,512234.769604
2026-04-10 23:10:00,0.09373,0.09374,0.09357,0.09369,2628416.754872
2026-04-10 23:15:00,0.09368,0.09372,0.09362,0.09363,379855.772488
2026-04-10 23:20:00,0.09362,0.0938,0.09362,0.09368,840258.446735
2026-04-10 23:25:00,0.09366,0.09371,0.09366,0.0937,117615.436476
2026-04-10 23:30:00,0.0937,0.0937,0.09358,0.09361,264365.722891
2026-04-10 23:35:00,0.0936,0.09363,0.09356,0.0936,438929.439669
2026-04-10 23:40:00,0.09357,0.09364,0.09357,0.09362,712072.501711
2026-04-10 23:45:00,0.09363,0.09365,0.09358,0.09364,288279.188604
2026-04-10 23:50:00,0.09365,0.09373,0.09364,0.09369,1469810.707234
2026-04-10 23:55:00,0.09368,0.09373,0.09367,0.09368,127751.540618
2026-04-11 00:00:00,0.09369,0.0938,0.09364,0.09364,805223.667128
2026-04-11 00:05:00,0.09363,0.09371,0.09359,0.09368,1104905.908618
2026-04-11 00:10:00,0.09368,0.09372,0.09366,0.09372,194924.954171
2026-04-11 00:15:00,0.09372,0.09374,0.09367,0.09373,343439.349279
2026-04-11 00:20:00,0.09373,0.09378,0.09362,0.09371,2293161.854332
2026-04-11 00:25:00,0.0937,0.09372,0.09367,0.0937,583641.481638
2026-04-11 00:30:00,0.0937,0.0937,0.09351,0.09359,1228920.766348
2026-04-11 00:35:00,0.0936,0.09363,0.09359,0.09361,515318.397147
2026-04-11 00:40:00,0.09361,0.09361,0.09341,0.09348,931262.94519
2026-04-11 00:45:00,0.09348,0.09351,0.09343,0.09351,362116.841302
2026-04-11 00:50:00,0.0935,0.0936,0.09348,0.09357,273297.756237
2026-04-11 00:55:00,0.09357,0.09362,0.09357,0.09359,227198.065635
2026-04-11 01:00:00,0.09358,0.09358,0.0934,0.09343,1213147.92451
2026-04-11 01:05:00,0.09343,0.09374,0.09343,0.09366,430968.114678
2026-04-11 01:10:00,0.09365,0.09365,0.09346,0.09348,331568.963017
2026-04-11 01:15:00,0.09349,0.09349,0.09326,0.09332,1921006.064869
2026-04-11 01:20:00,0.09331,0.09334,0.09326,0.09332,536416.987655
2026-04-11 01:25:00,0.09331,0.0936,0.0933,0.09347,3822892.701042
2026-04-11 01:30:00,0.09347,0.09363,0.09342,0.09356,1424184.001312
2026-04-11 01:35:00,0.09357,0.09358,0.09346,0.0935,234305.53475
2026-04-11 01:40:00,0.0935,0.09353,0.09341,0.09341,481527.758148
2026-04-11 01:45:00,0.09342,0.09357,0.09342,0.09354,700141.523309
2026-04-11 01:50:00,0.09354,0.09375,0.09354,0.09363,4494778.71738
2026-04-11 01:55:00,0.09363,0.09368,0.09356,0.09361,1395335.399219
2026-04-11 02:00:00,0.09362,0.09362,0.09349,0.09358,1633931.841626
2026-04-11 02:05:00,0.09359,0.09368,0.09352,0.09359,480274.596812
2026-04-11 02:10:00,0.09359,0.09369,0.09357,0.09367,690148.800451
2026-04-11 02:15:00,0.09368,0.09382,0.09366,0.0938,378079.3517
2026-04-11 02:20:00,0.0938,0.09384,0.0937,0.0937,4725455.76483
2026-04-11 02:25:00,0.0937,0.09388,0.0937,0.09387,1752968.860762
2026-04-11 02:30:00,0.09386,0.09401,0.09385,0.09388,1818789.136162
2026-04-11 02:35:00,0.09389,0.09391,0.09377,0.09381,1013943.99935
2026-04-11 02:40:00,0.0938,0.09382,0.09372,0.09373,518106.889806
2026-04-11 02:45:00,0.09372,0.09372,0.09362,0.09362,773312.708404
2026-04-11 02:50:00,0.09362,0.0937,0.0936,0.09366,525346.73368
2026-04-11 02:55:00,0.09366,0.09369,0.09364,0.09366,441188.172581
2026-04-11 03:00:00,0.09368,0.09371,0.09365,0.0937,250863.059973
2026-04-11 03:05:00,0.09371,0.09376,0.09367,0.09376,293486.869381
2026-04-11 03:10:00,0.09377,0.09392,0.09377,0.09389,279810.784037
2026-04-11 03:15:00,0.09388,0.09392,0.09382,0.09388,724431.213686
2026-04-11 03:20:00,0.0939,0.09392,0.09388,0.09389,404661.443859
2026-04-11 03:25:00,0.09389,0.09399,0.09389,0.09392,313963.221963
2026-04-11 03:30:00,0.09392,0.09397,0.09379,0.0938,5306749.66699
2026-04-11 03:35:00,0.09379,0.09391,0.09378,0.09389,360601.633985
2026-04-11 03:40:00,0.09389,0.0941,0.09387,0.09401,844790.371105
2026-04-11 03:45:00,0.094,0.094,0.09388,0.09396,175115.982072
2026-04-11 03:50:00,0.09396,0.09396,0.09383,0.09385,350758.004004
2026-04-11 03:55:00,0.09385,0.09387,0.09363,0.09366,1388820.477296
2026-04-11 04:00:00,0.09367,0.09368,0.09355,0.09364,2317546.12571
2026-04-11 04:05:00,0.09368,0.09385,0.09368,0.09377,798890.691205
2026-04-11 04:10:00,0.09376,0.09379,0.09362,0.09364,461237.889409
2026-04-11 04:15:00,0.09365,0.09365,0.09351,0.09354,562503.069148
2026-04-11 04:20:00,0.09353,0.09353,0.09347,0.09347,1504262.349246
2026-04-11 04:25:00,0.09347,0.09353,0.09341,0.0935,697992.154659
2026-04-11 04:30:00,0.0935,0.09361,0.0935,0.09356,314872.180122
2026-04-11 04:35:00,0.09355,0.09363,0.09351,0.09362,1035139.297969
2026-04-11 04:40:00,0.09362,0.09362,0.09353,0.09359,333842.523344
2026-04-11 04:45:00,0.09358,0.0936,0.0935,0.09352,137465.849931
2026-04-11 04:50:00,0.09352,0.09356,0.09351,0.09356,143707.478813
2026-04-11 04:55:00,0.09357,0.09361,0.09357,0.09358,105420.194318
2026-04-11 05:00:00,0.09359,0.0936,0.09343,0.09343,588231.60249
2026-04-11 05:05:00,0.09342,0.09346,0.0934,0.0934,801757.204691
2026-04-11 05:10:00,0.09341,0.09343,0.09322,0.09322,1252158.082174
2026-04-11 05:15:00,0.09322,0.09322,0.09293,0.09314,5102404.29232
2026-04-11 05:20:00,0.09314,0.09333,0.09314,0.09319,2311333.88319
2026-04-11 05:25:00,0.09319,0.09336,0.09318,0.09336,286618.948048
2026-04-11 05:30:00,0.09337,0.09347,0.09335,0.0934,821028.177758
2026-04-11 05:35:00,0.09339,0.09341,0.09335,0.09336,135523.842563
2026-04-11 05:40:00,0.09335,0.09348,0.09334,0.09341,1135543.022413
2026-04-11 05:45:00,0.09341,0.09345,0.09337,0.09338,245781.19833
2026-04-11 05:50:00,0.09339,0.09339,0.09309,0.09317,2532247.239235
2026-04-11 05:55:00,0.09316,0.09316,0.09283,0.09295,6359692.608946
2026-04-11 06:00:00,0.09295,0.09295,0.09275,0.09287,1232094.361222
2026-04-11 06:05:00,0.09286,0.09288,0.09272,0.09275,1189534.13389
2026-04-11 06:10:00,0.09274,0.09286,0.09271,0.09276,741431.270048
2026-04-11 06:15:00,0.09276,0.09287,0.09276,0.09284,998941.242969
2026-04-11 06:20:00,0.09285,0.09287,0.09276,0.09276,1280433.77895
2026-04-11 06:25:00,0.09276,0.0928,0.09263,0.09274,6047145.831499
2026-04-11 06:30:00,0.09274,0.09285,0.09274,0.09277,4225758.656055
2026-04-11 06:35:00,0.09277,0.09282,0.09276,0.09278,341479.961998
2026-04-11 06:40:00,0.09277,0.09284,0.09274,0.09281,248673.092553
2026-04-11 06:45:00,0.0928,0.09286,0.09276,0.09277,489657.09802
2026-04-11 06:50:00,0.09277,0.0928,0.09277,0.09279,292039.310838
2026-04-11 06:55:00,0.09279,0.0928,0.09276,0.09279,201671.446354
2026-04-11 07:00:00,0.09279,0.09279,0.09274,0.09279,261251.878919
2026-04-11 07:05:00,0.0928,0.09285,0.09277,0.0928,532036.1352
2026-04-11 07:10:00,0.0928,0.09284,0.09276,0.09282,238101.330448
2026-04-11 07:15:00,0.09283,0.09285,0.09277,0.09282,375646.132733
2026-04-11 07:20:00,0.09282,0.09292,0.09282,0.09289,248086.587218
2026-04-11 07:25:00,0.09289,0.09295,0.09286,0.09291,2811529.438748
2026-04-11 07:30:00,0.0929,0.093,0.09286,0.09295,1138170.345148
2026-04-11 07:35:00,0.09293,0.09293,0.09281,0.0929,954832.681497
2026-04-11 07:40:00,0.09289,0.0929,0.09281,0.09281,319072.841704
2026-04-11 07:45:00,0.09281,0.09282,0.0928,0.09281,227818.529504
2026-04-11 07:50:00,0.0928,0.09282,0.09278,0.09282,261621.228956
2026-04-11 07:55:00,0.0928,0.0929,0.09279,0.09289,690325.20542
2026-04-11 08:00:00,0.0929,0.0929,0.09278,0.0928,443215.724854
2026-04-11 08:05:00,0.09282,0.09295,0.09281,0.09292,364231.308549
2026-04-11 08:10:00,0.09293,0.093,0.09292,0.09292,455094.412959
2026-04-11 08:15:00,0.09294,0.09297,0.09292,0.09292,220280.997156
2026-04-11 08:20:00,0.09294,0.09302,0.09293,0.09297,3373383.473838
2026-04-11 08:25:00,0.09296,0.09296,0.09283,0.09287,1055468.572496
2026-04-11 08:30:00,0.09288,0.09294,0.09285,0.09291,880739.510914
2026-04-11 08:35:00,0.0929,0.09291,0.09286,0.0929,271011.829225
2026-04-11 08:40:00,0.0929,0.09294,0.09285,0.0929,322549.85992
2026-04-11 08:45:00,0.0929,0.09295,0.0929,0.0929,261061.15193
2026-04-11 08:50:00,0.09289,0.0929,0.09282,0.09289,770481.156635
2026-04-11 08:55:00,0.09289,0.09292,0.09283,0.09286,361567.591415
2026-04-11 09:00:00,0.09285,0.09285,0.0928,0.09281,592110.021333
2026-04-11 09:05:00,0.0928,0.09281,0.0927,0.09271,618779.720731
2026-04-11 09:10:00,0.09271,0.09274,0.09262,0.09274,2443445.700519
2026-04-11 09:15:00,0.09275,0.09305,0.09275,0.09294,7311796.734962
2026-04-11 09:20:00,0.09295,0.09307,0.09292,0.09292,1231732.81577
2026-04-11 09:25:00,0.09294,0.09298,0.09291,0.09292,496110.779832
2026-04-11 09:30:00,0.09292,0.09292,0.09266,0.09269,1537365.776393
2026-04-11 09:35:00,0.09268,0.09286,0.09262,0.09281,1781935.972732
2026-04-11 09:40:00,0.0928,0.09285,0.09276,0.0928,1218965.65514
2026-04-11 09:45:00,0.09281,0.09296,0.0928,0.09282,1307330.887136
2026-04-11 09:50:00,0.09282,0.09287,0.0928,0.09286,1930100.589848
2026-04-11 09:55:00,0.09286,0.09301,0.09286,0.09298,1063534.214408
2026-04-11 10:00:00,0.09298,0.09299,0.09292,0.09293,296144.078927
2026-04-11 10:05:00,0.09295,0.09299,0.09292,0.09297,239100.199201
2026-04-11 10:10:00,0.09297,0.09297,0.09282,0.09284,243604.015538
2026-04-11 10:15:00,0.09285,0.09287,0.09272,0.0928,801492.689198
2026-04-11 10:20:00,0.09282,0.09291,0.09282,0.0929,216233.879306
2026-04-11 10:25:00,0.09289,0.09293,0.09288,0.09288,105162.634186
2026-04-11 10:30:00,0.09287,0.09292,0.09287,0.09292,220125.624664
2026-04-11 10:35:00,0.09291,0.09292,0.09286,0.09287,360493.196476
2026-04-11 10:40:00,0.09287,0.0929,0.09284,0.09286,300005.119963
2026-04-11 10:45:00,0.09285,0.09286,0.09279,0.09285,362758.292068
2026-04-11 10:50:00,0.09285,0.09288,0.09285,0.09287,192326.497662
2026-04-11 10:55:00,0.09287,0.0929,0.09287,0.09289,248600.277908
2026-04-11 11:00:00,0.09288,0.09289,0.09278,0.09287,465614.069148
2026-04-11 11:05:00,0.09288,0.09295,0.09288,0.0929,361629.251066
2026-04-11 11:10:00,0.09289,0.09289,0.09285,0.09286,290125.117544
2026-04-11 11:15:00,0.09285,0.09287,0.09281,0.09283,291874.355262
2026-04-11 11:20:00,0.09283,0.0929,0.09283,0.0929,926014.551076
2026-04-11 11:25:00,0.09289,0.09292,0.09284,0.09284,999962.28586
2026-04-11 11:30:00,0.09284,0.09284,0.0928,0.09282,89619.465613
2026-04-11 11:35:00,0.09282,0.09287,0.09282,0.09286,66650.40159
2026-04-11 11:40:00,0.09285,0.09288,0.09285,0.09288,220688.06676
2026-04-11 11:45:00,0.09286,0.09292,0.09283,0.09288,638750.2353
2026-04-11 11:50:00,0.09288,0.09299,0.09288,0.09298,384420.777927
2026-04-11 11:55:00,0.09298,0.09299,0.09294,0.09295,533033.511107
2026-04-11 12:00:00,0.09295,0.09295,0.09285,0.09293,678755.177551
2026-04-11 12:05:00,0.09293,0.09299,0.09292,0.09297,413641.523416
2026-04-11 12:10:00,0.09298,0.09299,0.09287,0.09292,355260.037758
2026-04-11 12:15:00,0.09293,0.09294,0.09286,0.09286,180681.627893
2026-04-11 12:20:00,0.09285,0.0929,0.09285,0.09286,131203.546874
2026-04-11 12:25:00,0.09285,0.0929,0.0928,0.0929,187906.113163
2026-04-11 12:30:00,0.09289,0.093,0.09288,0.093,247253.137738
2026-04-11 12:35:00,0.093,0.09304,0.093,0.09301,534273.960146
2026-04-11 12:40:00,0.09301,0.09307,0.09299,0.09304,724583.582748
2026-04-11 12:45:00,0.09305,0.09309,0.09297,0.09297,2247266.427913
2026-04-11 12:50:00,0.09298,0.093,0.09295,0.09298,291831.909292
2026-04-11 12:55:00,0.09299,0.09299,0.09297,0.09298,122466.959492
2026-04-11 13:00:00,0.09298,0.09298,0.0928,0.0929,1280480.527177
2026-04-11 13:05:00,0.09289,0.09291,0.09281,0.09281,253250.842893
2026-04-11 13:10:00,0.0928,0.09281,0.09251,0.09262,5946651.672093
2026-04-11 13:15:00,0.09262,0.0928,0.09258,0.0928,1049294.227594
2026-04-11 13:20:00,0.09279,0.09279,0.09245,0.09245,1728655.079125
2026-04-11 13:25:00,0.09245,0.0926,0.09245,0.09247,1282825.815956
2026-04-11 13:30:00,0.09246,0.09247,0.09228,0.09243,2816702.961988
2026-04-11 13:35:00,0.09242,0.09247,0.09235,0.09241,487825.751701
2026-04-11 13:40:00,0.09241,0.09255,0.0924,0.09252,1005862.622252
2026-04-11 13:45:00,0.09252,0.09262,0.09251,0.09258,619304.509839
2026-04-11 13:50:00,0.09258,0.0926,0.09254,0.0926,514166.772965
2026-04-11 13:55:00,0.09261,0.09263,0.0926,0.0926,86984.170827
2026-04-11 14:00:00,0.09262,0.09264,0.09254,0.09259,237885.692416
2026-04-11 14:05:00,0.09259,0.09275,0.09259,0.09274,1278164.690194
2026-04-11 14:10:00,0.09275,0.09276,0.09272,0.09272,973276.109703
2026-04-11 14:15:00,0.09271,0.09274,0.09266,0.0927,551950.575447
2026-04-11 14:20:00,0.0927,0.09277,0.09268,0.09273,3575145.589854
2026-04-11 14:25:00,0.09272,0.09278,0.09269,0.09269,1088265.757604
2026-04-11 14:30:00,0.09268,0.09268,0.0925,0.0926,1777691.020902
2026-04-11 14:35:00,0.09259,0.09272,0.09257,0.09259,1435531.899912
2026-04-11 14:40:00,0.09258,0.09258,0.09249,0.09257,331302.373118
2026-04-11 14:45:00,0.09257,0.09264,0.09257,0.09262,102763.124243
2026-04-11 14:50:00,0.09263,0.09271,0.09263,0.09269,571535.146446
2026-04-11 14:55:00,0.09269,0.0927,0.09263,0.09266,309196.172054
2026-04-11 15:00:00,0.09266,0.0927,0.09264,0.0927,3173670.911366
2026-04-11 15:05:00,0.09271,0.09272,0.09266,0.09268,205975.602459
2026-04-11 15:10:00,0.09268,0.09271,0.09266,0.0927,117305.004909
2026-04-11 15:15:00,0.0927,0.09307,0.09268,0.09284,2218895.040539
2026-04-11 15:20:00,0.09284,0.09285,0.09278,0.0928,380101.382041
2026-04-11 15:25:00,0.09278,0.09291,0.09276,0.09284,491201.313577
2026-04-11 15:30:00,0.09284,0.09295,0.09281,0.09288,1516444.919987
2026-04-11 15:35:00,0.09289,0.09292,0.09282,0.09287,304700.476279
2026-04-11 15:40:00,0.09284,0.09286,0.09279,0.09282,602041.651346
2026-04-11 15:45:00,0.09283,0.0929,0.0928,0.0928,363380.433738
2026-04-11 15:50:00,0.09279,0.09286,0.09277,0.09279,584627.811685
2026-04-11 15:55:00,0.09279,0.09282,0.09276,0.09277,160509.353442
2026-04-11 16:00:00,0.09278,0.09278,0.09273,0.09278,556297.764616
2026-04-11 16:05:00,0.09279,0.09281,0.09276,0.09279,836552.055365
2026-04-11 16:10:00,0.09279,0.09294,0.09279,0.09294,75045.820251
2026-04-11 16:15:00,0.09295,0.09301,0.0929,0.09293,996060.281796
2026-04-11 16:20:00,0.09293,0.09294,0.09284,0.09285,116188.647387
2026-04-11 16:25:00,0.09286,0.09292,0.09286,0.0929,284271.527918
2026-04-11 16:30:00,0.0929,0.09291,0.09288,0.09288,149415.139947
2026-04-11 16:35:00,0.09288,0.09315,0.09288,0.09311,1290031.378684
2026-04-11 16:40:00,0.09311,0.09375,0.09311,0.09347,5526008.543736
2026-04-11 16:45:00,0.09348,0.09358,0.09338,0.09353,2305635.0223
2026-04-11 16:50:00,0.09351,0.09351,0.09339,0.09344,504786.982359
2026-04-11 16:55:00,0.09344,0.09354,0.09337,0.09339,1050260.577389
2026-04-11 17:00:00,0.09338,0.09341,0.09329,0.09334,1252278.089399
2026-04-11 17:05:00,0.09331,0.09331,0.09314,0.09314,762612.40045
2026-04-11 17:10:00,0.09313,0.09325,0.09312,0.09317,921996.099124
2026-04-11 17:15:00,0.09315,0.09319,0.09304,0.09314,822715.794502
2026-04-11 17:20:00,0.09315,0.09321,0.09305,0.09318,871022.480033
2026-04-11 17:25:00,0.09318,0.0932,0.09307,0.09308,570547.281611
2026-04-11 17:30:00,0.09309,0.09331,0.09309,0.09329,514497.310565
2026-04-11 17:35:00,0.0933,0.09332,0.09324,0.0933,1282382.348002
2026-04-11 17:40:00,0.09332,0.09332,0.09325,0.09327,1366385.733846
2026-04-11 17:45:00,0.09325,0.09327,0.09312,0.09316,288284.227101
2026-04-11 17:50:00,0.09317,0.0932,0.0931,0.0931,184922.286396
2026-04-11 17:55:00,0.0931,0.09311,0.09304,0.09305,254285.470572
2026-04-11 18:00:00,0.09306,0.09308,0.09279,0.09279,1738604.015533
2026-04-11 18:05:00,0.09278,0.09304,0.09275,0.09304,3811943.02752
2026-04-11 18:10:00,0.09305,0.09305,0.09297,0.09299,365109.74577
2026-04-11 18:15:00,0.093,0.09312,0.093,0.09312,478070.53461
2026-04-11 18:20:00,0.09313,0.09324,0.09313,0.0932,278312.15331
2026-04-11 18:25:00,0.09321,0.09324,0.09319,0.09323,228482.237193
2026-04-11 18:30:00,0.09325,0.0936,0.09325,0.09353,2301087.598437
2026-04-11 18:35:00,0.09354,0.09414,0.09353,0.09385,15705460.224288
2026-04-11 18:40:00,0.09384,0.09394,0.09372,0.09388,2957468.572986
2026-04-11 18:45:00,0.09389,0.09416,0.09389,0.09409,1643493.268464
2026-04-11 18:50:00,0.09409,0.09412,0.0939,0.09391,551576.866079
2026-04-11 18:55:00,0.09391,0.09395,0.09386,0.09395,603471.192989
2026-04-11 19:00:00,0.09395,0.09417,0.09394,0.09407,2118112.500257
2026-04-11 19:05:00,0.09408,0.09445,0.09408,0.09433,6660878.195027
2026-04-11 19:10:00,0.09434,0.09437,0.09421,0.09426,826607.602458
2026-04-11 19:15:00,0.09427,0.09447,0.09419,0.09423,2136092.842876
2026-04-11 19:20:00,0.09422,0.09425,0.09411,0.09425,1163247.427883
2026-04-11 19:25:00,0.09426,0.09448,0.09425,0.09441,1139505.407272
2026-04-11 19:30:00,0.09441,0.09477,0.09441,0.09457,4952916.522951
2026-04-11 19:35:00,0.0946,0.09461,0.09454,0.09457,331037.127251
2026-04-11 19:40:00,0.09458,0.09459,0.0945,0.09455,957635.422565
2026-04-11 19:45:00,0.09454,0.09456,0.09442,0.09451,1418876.673006
2026-04-11 19:50:00,0.09451,0.09458,0.09442,0.09455,2199383.5148
2026-04-11 19:55:00,0.09455,0.0947,0.09445,0.09469,2109709.775217
2026-04-11 20:00:00,0.09469,0.09481,0.09443,0.09458,3604039.284718
2026-04-11 20:05:00,0.09458,0.09487,0.09443,0.09482,4204572.028616
2026-04-11 20:10:00,0.09482,0.0949,0.09467,0.09471,1486681.31247
2026-04-11 20:15:00,0.0947,0.09482,0.09453,0.09455,1094248.583467
2026-04-11 20:20:00,0.09454,0.09454,0.09424,0.09428,2050026.597051
2026-04-11 20:25:00,0.0943,0.09431,0.09407,0.09415,1633886.751632
2026-04-11 20:30:00,0.09415,0.09415,0.09368,0.09368,2208829.307963
2026-04-11 20:35:00,0.09367,0.09383,0.09357,0.09371,1312160.679203
2026-04-11 20:40:00,0.09371,0.09377,0.09362,0.09376,1206769.089419
2026-04-11 20:45:00,0.09377,0.09397,0.09371,0.09392,536903.547875
2026-04-11 20:50:00,0.09391,0.09401,0.09388,0.09401,933773.400409
2026-04-11 20:55:00,0.09402,0.09402,0.09379,0.09387,2566175.010396
2026-04-11 21:00:00,0.09387,0.09392,0.09361,0.09387,815650.399392
2026-04-11 21:05:00,0.09389,0.09392,0.09385,0.0939,1234282.517629
2026-04-11 21:10:00,0.0939,0.09398,0.0938,0.09398,1835835.689968
2026-04-11 21:15:00,0.09395,0.09408,0.09391,0.09402,448292.347516
2026-04-11 21:20:00,0.09405,0.09405,0.09377,0.09381,1230975.235322
2026-04-11 21:25:00,0.09383,0.09389,0.09375,0.09378,375843.2843
2026-04-11 21:30:00,0.09377,0.09383,0.09371,0.09382,629258.97782
2026-04-11 21:35:00,0.0938,0.0939,0.09376,0.09384,889797.726278
2026-04-11 21:40:00,0.09387,0.0939,0.09381,0.09384,683283.420868
2026-04-11 21:45:00,0.09386,0.094,0.09384,0.09395,1848133.56839
2026-04-11 21:50:00,0.09396,0.09422,0.09394,0.09417,977856.054367
2026-04-11 21:55:00,0.09417,0.09418,0.09384,0.0939,814866.714235
2026-04-11 22:00:00,0.09391,0.09402,0.09382,0.09396,1173741.543301
2026-04-11 22:05:00,0.09395,0.09406,0.09394,0.09402,390420.780815
2026-04-11 22:10:00,0.094,0.09408,0.094,0.09408,249134.848446
2026-04-11 22:15:00,0.0941,0.09431,0.09407,0.09416,1694501.783712
2026-04-11 22:20:00,0.09418,0.09421,0.09406,0.09407,881962.974825
2026-04-11 22:25:00,0.09405,0.09405,0.0939,0.09396,1225114.501072
2026-04-11 22:30:00,0.09394,0.09394,0.0937,0.09376,708228.508294
2026-04-11 22:35:00,0.09375,0.09382,0.09344,0.09352,1199803.950614
2026-04-11 22:40:00,0.0935,0.09367,0.09349,0.09359,901199.439913
2026-04-11 22:45:00,0.09361,0.09363,0.09354,0.09363,444960.248916
2026-04-11 22:50:00,0.09362,0.09362,0.09343,0.09345,502537.381108
2026-04-11 22:55:00,0.09346,0.09371,0.09345,0.09368,883776.992883
2026-04-11 23:00:00,0.09368,0.09368,0.09323,0.09325,1243396.079062
2026-04-11 23:05:00,0.09326,0.09329,0.09281,0.09291,4387609.152291
2026-04-11 23:10:00,0.09286,0.0931,0.09281,0.09304,1584178.550842
2026-04-11 23:15:00,0.09304,0.09312,0.09304,0.09307,405790.079451
2026-04-11 23:20:00,0.09307,0.09321,0.09307,0.09321,1167067.754305
2026-04-11 23:25:00,0.09322,0.09323,0.09311,0.09311,484256.352869
2026-04-11 23:30:00,0.0931,0.09315,0.09303,0.09313,335389.465676
2026-04-11 23:35:00,0.09313,0.09321,0.09309,0.09317,356840.319854
2026-04-11 23:40:00,0.09316,0.09316,0.09306,0.09309,300525.285539
2026-04-11 23:45:00,0.09308,0.09316,0.09305,0.09311,505804.348898
2026-04-11 23:50:00,0.09309,0.09311,0.09305,0.09306,555055.537912
2026-04-11 23:55:00,0.09307,0.09311,0.09306,0.09308,269141.354072
2026-04-12 00:00:00,0.09309,0.09311,0.09265,0.09279,2887428.227265
2026-04-12 00:05:00,0.09279,0.09295,0.09279,0.0929,524971.707391
2026-04-12 00:10:00,0.09289,0.093,0.09283,0.09288,1027616.662983
2026-04-12 00:15:00,0.09288,0.09294,0.09283,0.09292,469340.782543
2026-04-12 00:20:00,0.09295,0.09303,0.09294,0.09299,721303.494366
2026-04-12 00:25:00,0.093,0.09307,0.09295,0.09299,754330.566897
2026-04-12 00:30:00,0.09298,0.09308,0.09298,0.09305,280118.837987
2026-04-12 00:35:00,0.09304,0.09313,0.09292,0.09294,1923189.494392
2026-04-12 00:40:00,0.09291,0.09303,0.09288,0.09302,210757.472685
2026-04-12 00:45:00,0.09302,0.09309,0.09302,0.09306,560484.996202
2026-04-12 00:50:00,0.09304,0.09307,0.093,0.09302,1005370.471949
2026-04-12 00:55:00,0.09303,0.09309,0.09302,0.09305,568356.698336
2026-04-12 01:00:00,0.09306,0.09324,0.09305,0.09315,582707.841451
2026-04-12 01:05:00,0.09315,0.09319,0.09305,0.09319,1288410.995831
2026-04-12 01:10:00,0.09316,0.09322,0.09309,0.09311,273809.911497
2026-04-12 01:15:00,0.0931,0.09314,0.09304,0.09312,374299.750212
2026-04-12 01:20:00,0.09313,0.09318,0.09311,0.09315,304561.808188
2026-04-12 01:25:00,0.09311,0.09314,0.09303,0.09305,258564.07321
2026-04-12 01:30:00,0.09304,0.09305,0.09247,0.09252,7898565.206679
2026-04-12 01:35:00,0.09252,0.09252,0.09137,0.09192,34320616.656605
2026-04-12 01:40:00,0.0919,0.09195,0.09064,0.09118,30846810.02051
2026-04-12 01:45:00,0.09118,0.09125,0.09064,0.0909,13344472.273588
2026-04-12 01:50:00,0.09089,0.09135,0.09077,0.0912,15151965.399285
2026-04-12 01:55:00,0.09117,0.09117,0.09092,0.09111,5658716.466341
2026-04-12 02:00:00,0.0911,0.09129,0.09087,0.09089,8620206.284096
2026-04-12 02:05:00,0.0909,0.09127,0.09084,0.09124,2666548.505182
2026-04-12 02:10:00,0.09125,0.09146,0.0912,0.09136,4761139.368984
2026-04-12 02:15:00,0.09136,0.09161,0.09133,0.09146,9451852.269374
2026-04-12 02:20:00,0.09147,0.09147,0.09118,0.09133,4048581.05464
2026-04-12 02:25:00,0.09133,0.09139,0.09123,0.09132,2811175.916413
2026-04-12 02:30:00,0.0913,0.0915,0.0913,0.09147,794687.051246
2026-04-12 02:35:00,0.09146,0.09151,0.09139,0.09139,825777.778543
2026-04-12 02:40:00,0.09139,0.09149,0.09138,0.09144,582322.847185
2026-04-12 02:45:00,0.09145,0.09148,0.09135,0.09145,1135234.765012
2026-04-12 02:50:00,0.09146,0.09154,0.09143,0.09144,1930664.222008
2026-04-12 02:55:00,0.09145,0.09169,0.09145,0.09156,3993887.36547
2026-04-12 03:00:00,0.09154,0.09167,0.09147,0.0915,1484505.552657
2026-04-12 03:05:00,0.09151,0.09155,0.09139,0.09142,1470730.631804
2026-04-12 03:10:00,0.09144,0.09154,0.09137,0.0915,1092114.22287
2026-04-12 03:15:00,0.09151,0.09152,0.09143,0.09143,520548.372802
2026-04-12 03:20:00,0.09145,0.09147,0.09125,0.09128,1024869.369225
2026-04-12 03:25:00,0.09128,0.09139,0.09125,0.09139,953334.9216
2026-04-12 03:30:00,0.09139,0.09143,0.0912,0.09138,510582.063271
2026-04-12 03:35:00,0.09139,0.09143,0.0912,0.09123,953880.211352
2026-04-12 03:40:00,0.09123,0.09131,0.09122,0.09125,1833365.308527
2026-04-12 03:45:00,0.09125,0.09133,0.0912,0.09121,2300064.70141
2026-04-12 03:50:00,0.09122,0.09129,0.09122,0.09127,1063300.286714
2026-04-12 03:55:00,0.09127,0.09129,0.09117,0.09118,1035004.928175
2026-04-12 04:00:00,0.09118,0.09126,0.09113,0.09122,3498338.332034
2026-04-12 04:05:00,0.09123,0.09128,0.09115,0.09116,1159050.389518
2026-04-12 04:10:00,0.09116,0.09119,0.09111,0.09119,579303.324888
2026-04-12 04:15:00,0.09119,0.09126,0.09102,0.09117,1397283.649438
2026-04-12 04:20:00,0.09117,0.09124,0.09111,0.09113,879593.078968
2026-04-12 04:25:00,0.09114,0.09121,0.09113,0.09116,455202.645049
2026-04-12 04:30:00,0.09115,0.09116,0.09111,0.09116,656353.580041
2026-04-12 04:35:00,0.09116,0.0912,0.09112,0.09115,1725336.005608
2026-04-12 04:40:00,0.09116,0.09118,0.09111,0.09116,616862.656342
2026-04-12 04:45:00,0.09117,0.09119,0.09111,0.09115,382070.029233
2026-04-12 04:50:00,0.09115,0.09117,0.09108,0.09113,1292686.216344
2026-04-12 04:55:00,0.09113,0.09119,0.09112,0.09119,308443.218925
2026-04-12 05:00:00,0.09119,0.09126,0.09113,0.09119,2719422.340565
2026-04-12 05:05:00,0.0912,0.09123,0.09113,0.09117,999077.210679
2026-04-12 05:10:00,0.09117,0.09117,0.09111,0.09111,452163.246871
2026-04-12 05:15:00,0.09111,0.09118,0.09107,0.09117,899104.176696
2026-04-12 05:20:00,0.09116,0.09136,0.09116,0.09136,1095587.841525
2026-04-12 05:25:00,0.09136,0.0914,0.09133,0.09135,1038144.784359
2026-04-12 05:30:00,0.09135,0.09142,0.09135,0.09135,716698.726879
2026-04-12 05:35:00,0.09135,0.09135,0.09127,0.09132,316960.917037
2026-04-12 05:40:00,0.09132,0.09133,0.0913,0.09131,261273.047422
2026-04-12 05:45:00,0.09131,0.09138,0.0913,0.09136,603061.070536
2026-04-12 05:50:00,0.09136,0.09147,0.09133,0.09144,1223855.886036
2026-04-12 05:55:00,0.09144,0.09148,0.09144,0.09144,704138.55806
2026-04-12 06:00:00,0.09144,0.09149,0.09142,0.09149,928391.681189
2026-04-12 06:05:00,0.09149,0.09154,0.09147,0.09154,936764.611893
2026-04-12 06:10:00,0.09154,0.09155,0.0915,0.09152,308601.225058
2026-04-12 06:15:00,0.09152,0.09152,0.09143,0.0915,359977.249118
2026-04-12 06:20:00,0.0915,0.09155,0.09143,0.09155,1307703.895662
2026-04-12 06:25:00,0.09154,0.09155,0.09146,0.09148,634884.065245
2026-04-12 06:30:00,0.09145,0.09146,0.09142,0.09144,424558.039284
2026-04-12 06:35:00,0.09143,0.09146,0.09142,0.09145,387390.827237
2026-04-12 06:40:00,0.09143,0.09147,0.09143,0.09145,391516.724404
2026-04-12 06:45:00,0.09145,0.09152,0.09145,0.09152,1143246.326809
2026-04-12 06:50:00,0.09153,0.09162,0.09149,0.09155,4170677.298636
2026-04-12 06:55:00,0.09154,0.09154,0.09133,0.09141,6873610.115194
2026-04-12 07:00:00,0.09139,0.0914,0.09132,0.09138,1328316.117021
2026-04-12 07:05:00,0.09138,0.0914,0.09137,0.0914,188568.881863
2026-04-12 07:10:00,0.09139,0.09145,0.09136,0.09136,237833.993427
2026-04-12 07:15:00,0.09136,0.09138,0.09132,0.09135,261412.442356
2026-04-12 07:20:00,0.09135,0.09144,0.09135,0.0914,204028.283761
2026-04-12 07:25:00,0.0914,0.0914,0.09134,0.09136,159507.411778
2026-04-12 07:30:00,0.09135,0.09141,0.0913,0.09139,1759793.620769
2026-04-12 07:35:00,0.09139,0.0915,0.09139,0.09147,230677.261537
2026-04-12 07:40:00,0.09147,0.09147,0.09144,0.09145,248732.219684
2026-04-12 07:45:00,0.09147,0.09148,0.0914,0.09141,766128.553104
2026-04-12 07:50:00,0.09142,0.09146,0.09141,0.09145,254891.232614
2026-04-12 07:55:00,0.09146,0.09147,0.0914,0.0914,493753.978296
2026-04-12 08:00:00,0.09139,0.09141,0.09135,0.09135,511658.669454
2026-04-12 08:05:00,0.09136,0.09139,0.09135,0.09136,45263.660179
2026-04-12 08:10:00,0.09136,0.09137,0.09133,0.09135,373130.724351
2026-04-12 08:15:00,0.09135,0.09139,0.09134,0.09135,350940.293343
2026-04-12 08:20:00,0.09136,0.09143,0.09135,0.09141,470606.102508
2026-04-12 08:25:00,0.09142,0.09144,0.09139,0.0914,416307.935467
2026-04-12 08:30:00,0.09139,0.0914,0.09133,0.09135,325049.916129
2026-04-12 08:35:00,0.09135,0.09137,0.09134,0.09137,173952.203743
2026-04-12 08:40:00,0.09137,0.0914,0.09136,0.09137,184167.366494
2026-04-12 08:45:00,0.09137,0.09137,0.09126,0.09128,702723.556252
2026-04-12 08:50:00,0.09128,0.09132,0.09125,0.09128,1790352.633528
2026-04-12 08:55:00,0.09128,0.09131,0.09125,0.09131,772202.883213
2026-04-12 09:00:00,0.09131,0.09131,0.09123,0.09125,341856.746182
2026-04-12 09:05:00,0.09123,0.09128,0.09121,0.09123,664008.691675
2026-04-12 09:10:00,0.09123,0.09124,0.0912,0.09122,797869.918435
2026-04-12 09:15:00,0.09123,0.09124,0.09121,0.09122,261991.833558
2026-04-12 09:20:00,0.09122,0.09126,0.09121,0.09124,763792.286479
2026-04-12 09:25:00,0.09125,0.09127,0.09124,0.09125,164603.382409
2026-04-12 09:30:00,0.09124,0.09129,0.09124,0.09129,151221.066947
2026-04-12 09:35:00,0.09127,0.09127,0.09121,0.09125,663763.864152
2026-04-12 09:40:00,0.09127,0.09128,0.09122,0.09124,440197.413226
2026-04-12 09:45:00,0.09124,0.09126,0.09117,0.09117,537623.821228
2026-04-12 09:50:00,0.09118,0.09121,0.09117,0.09121,354481.147485
2026-04-12 09:55:00,0.09121,0.09124,0.0912,0.09123,348347.553765
2026-04-12 10:00:00,0.09123,0.09125,0.09115,0.09116,748779.112034
2026-04-12 10:05:00,0.09116,0.09126,0.09114,0.09125,874478.12709
2026-04-12 10:10:00,0.09123,0.09123,0.09114,0.09116,694213.980382
2026-04-12 10:15:00,0.09116,0.09118,0.09114,0.09115,192747.085151
2026-04-12 10:20:00,0.09114,0.0912,0.09114,0.09118,362394.237949
2026-04-12 10:25:00,0.09119,0.09119,0.09115,0.09117,297890.526456
2026-04-12 10:30:00,0.09117,0.09117,0.09116,0.09116,93447.626742
2026-04-12 10:35:00,0.09117,0.09119,0.09115,0.09116,143906.048599
2026-04-12 10:40:00,0.09115,0.09119,0.09115,0.09116,432385.937514
2026-04-12 10:45:00,0.09117,0.09119,0.09116,0.09118,219759.190908
2026-04-12 10:50:00,0.09118,0.09119,0.09094,0.09104,4953512.535097
2026-04-12 10:55:00,0.09104,0.09113,0.091,0.0911,2005046.527861
2026-04-12 11:00:00,0.0911,0.09115,0.09104,0.09107,398960.394523
2026-04-12 11:05:00,0.09107,0.09118,0.09104,0.09115,499046.930109
2026-04-12 11:10:00,0.09115,0.09138,0.09115,0.09129,1261372.680506
2026-04-12 11:15:00,0.09129,0.0913,0.09123,0.09123,258846.114985
2026-04-12 11:20:00,0.09124,0.09128,0.09124,0.09126,323765.841669
2026-04-12 11:25:00,0.09125,0.09132,0.09125,0.09132,139178.052438
2026-04-12 11:30:00,0.09132,0.09133,0.09129,0.09129,292258.257848
2026-04-12 11:35:00,0.09129,0.09129,0.09127,0.09127,58792.965222
2026-04-12 11:40:00,0.09127,0.09135,0.09127,0.09134,342567.755861
2026-04-12 11:45:00,0.09133,0.09137,0.09133,0.09133,221522.728597
2026-04-12 11:50:00,0.09134,0.09136,0.09134,0.09136,119419.619762
2026-04-12 11:55:00,0.09136,0.09137,0.09133,0.09133,165103.761604
2026-04-12 12:00:00,0.09133,0.09135,0.09124,0.09126,324168.148173
2026-04-12 12:05:00,0.09126,0.09127,0.09123,0.09126,180842.394326
2026-04-12 12:10:00,0.09127,0.09129,0.09123,0.09125,382191.950333
2026-04-12 12:15:00,0.09125,0.09126,0.09122,0.09124,196988.415904
2026-04-12 12:20:00,0.09124,0.09131,0.09124,0.09129,465095.959365
2026-04-12 12:25:00,0.09129,0.09133,0.09127,0.09133,255159.35105
2026-04-12 12:30:00,0.09133,0.09133,0.09116,0.09122,1199195.791827
2026-04-12 12:35:00,0.0912,0.09134,0.0912,0.09134,146329.708829
2026-04-12 12:40:00,0.09132,0.09145,0.09132,0.09137,1012245.676656
2026-04-12 12:45:00,0.09138,0.09142,0.09136,0.09136,570300.380924
2026-04-12 12:50:00,0.09136,0.09139,0.09096,0.09118,4410701.071942
2026-04-12 12:55:00,0.09119,0.09122,0.09105,0.09105,952637.91228
2026-04-12 13:00:00,0.09105,0.09108,0.09088,0.09106,10157426.165094
2026-04-12 13:05:00,0.09105,0.09122,0.09103,0.09117,1073845.06202
2026-04-12 13:10:00,0.09116,0.09116,0.09099,0.09104,850302.176871
2026-04-12 13:15:00,0.09104,0.09116,0.09103,0.09112,1001886.37117
2026-04-12 13:20:00,0.09112,0.09118,0.09112,0.09118,325983.377078
2026-04-12 13:25:00,0.09119,0.0912,0.09114,0.09114,299604.120618
2026-04-12 13:30:00,0.09113,0.09116,0.09102,0.09115,826141.107444
2026-04-12 13:35:00,0.09115,0.09117,0.09096,0.091,1055656.069875
2026-04-12 13:40:00,0.091,0.09104,0.09096,0.09101,567618.359242
2026-04-12 13:45:00,0.091,0.09101,0.09085,0.09099,2918451.411367
2026-04-12 13:50:00,0.09099,0.09099,0.09071,0.09074,2747272.82535
2026-04-12 13:55:00,0.09074,0.09083,0.09072,0.09074,2972778.051214
2026-04-12 14:00:00,0.09075,0.09082,0.09068,0.09078,4550856.83726
2026-04-12 14:05:00,0.09078,0.09086,0.09078,0.09085,869302.661234
2026-04-12 14:10:00,0.09084,0.09084,0.09078,0.09079,991426.289285
2026-04-12 14:15:00,0.09079,0.09084,0.09078,0.09082,901443.565561
2026-04-12 14:20:00,0.09081,0.09094,0.0908,0.09093,2231354.049636
2026-04-12 14:25:00,0.09093,0.09093,0.09086,0.0909,595085.096998
2026-04-12 14:30:00,0.0909,0.09093,0.09083,0.09089,544777.830553
2026-04-12 14:35:00,0.09088,0.09092,0.09079,0.09079,527845.477324
2026-04-12 14:40:00,0.09079,0.09083,0.09043,0.0906,7263590.520395
2026-04-12 14:45:00,0.09059,0.09059,0.09041,0.09054,3521108.747373
2026-04-12 14:50:00,0.09054,0.09066,0.09052,0.09055,824205.201549
2026-04-12 14:55:00,0.09055,0.09064,0.09052,0.09052,2642994.768188
2026-04-12 15:00:00,0.09053,0.09056,0.09042,0.09052,1217906.335571
2026-04-12 15:05:00,0.09051,0.09062,0.0905,0.09057,1313298.769067
2026-04-12 15:10:00,0.09056,0.09062,0.09056,0.09057,741284.996065
2026-04-12 15:15:00,0.09057,0.09058,0.09039,0.09051,1746626.615063
2026-04-12 15:20:00,0.09052,0.09057,0.0905,0.09052,688302.675339
2026-04-12 15:25:00,0.09053,0.09054,0.09043,0.09043,964335.112588
2026-04-12 15:30:00,0.09041,0.09057,0.09029,0.0905,5567345.794068
2026-04-12 15:35:00,0.0905,0.09058,0.0905,0.09057,773145.58331
2026-04-12 15:40:00,0.09058,0.09066,0.09058,0.09063,973890.729842
2026-04-12 15:45:00,0.09063,0.09068,0.09062,0.09067,248858.656507
2026-04-12 15:50:00,0.09067,0.09074,0.09066,0.0907,1186259.151245
2026-04-12 15:55:00,0.0907,0.0907,0.09066,0.09067,393514.36363
2026-04-12 16:00:00,0.09066,0.09075,0.09061,0.09072,609849.227155
2026-04-12 16:05:00,0.09072,0.09075,0.09058,0.0906,2268181.009965
2026-04-12 16:10:00,0.0906,0.09078,0.09059,0.09074,980833.77549
2026-04-12 16:15:00,0.09074,0.09075,0.09065,0.09065,932742.308858
2026-04-12 16:20:00,0.09065,0.09077,0.09058,0.09077,745955.967189
2026-04-12 16:25:00,0.09078,0.09085,0.09073,0.09077,2433316.753396
2026-04-12 16:30:00,0.09078,0.09083,0.09077,0.09081,453372.826222
2026-04-12 16:35:00,0.09081,0.09081,0.09073,0.09075,1255384.253773
2026-04-12 16:40:00,0.09074,0.09079,0.09074,0.09074,1270991.037507
2026-04-12 16:45:00,0.09075,0.09076,0.09067,0.09068,659877.998378
2026-04-12 16:50:00,0.09069,0.0908,0.09069,0.09078,847329.645387
2026-04-12 16:55:00,0.09078,0.09079,0.09061,0.09073,1080587.005192
2026-04-12 17:00:00,0.09074,0.09085,0.09072,0.0908,2111499.339118
2026-04-12 17:05:00,0.09079,0.09085,0.09079,0.0908,749621.77057
2026-04-12 17:10:00,0.0908,0.0908,0.09066,0.09068,468867.033647
2026-04-12 17:15:00,0.09068,0.09078,0.09068,0.09074,684999.892596
2026-04-12 17:20:00,0.09075,0.09086,0.09075,0.09083,550150.403507
2026-04-12 17:25:00,0.09084,0.09086,0.09079,0.0908,373750.212026
2026-04-12 17:30:00,0.0908,0.09084,0.09078,0.09082,378073.022901
2026-04-12 17:35:00,0.09082,0.09085,0.09078,0.09085,263279.888192
2026-04-12 17:40:00,0.09085,0.09094,0.09085,0.09091,603849.141692
2026-04-12 17:45:00,0.09089,0.0909,0.09082,0.0909,505565.017038
2026-04-12 17:50:00,0.09091,0.09121,0.09091,0.09107,1030225.942969
2026-04-12 17:55:00,0.09109,0.09118,0.09106,0.09112,713504.475173
2026-04-12 18:00:00,0.09113,0.09122,0.09107,0.09122,1500889.425109
2026-04-12 18:05:00,0.09119,0.09123,0.0911,0.09113,745977.56526
2026-04-12 18:10:00,0.09113,0.09121,0.09111,0.09119,1026644.03805
2026-04-12 18:15:00,0.09118,0.09126,0.0911,0.0911,616206.965085
2026-04-12 18:20:00,0.0911,0.09113,0.0911,0.09112,3455131.104022
2026-04-12 18:25:00,0.09112,0.09112,0.09105,0.09105,749328.46136
2026-04-12 18:30:00,0.09105,0.09114,0.09103,0.09113,603878.794282
2026-04-12 18:35:00,0.09113,0.09133,0.09113,0.09126,5956301.204403
2026-04-12 18:40:00,0.09126,0.09128,0.09116,0.09123,379743.821377
2026-04-12 18:45:00,0.09123,0.09124,0.09117,0.09118,206289.610561
2026-04-12 18:50:00,0.09117,0.09118,0.09113,0.09114,381718.246555
2026-04-12 18:55:00,0.09114,0.09115,0.0911,0.09112,311320.628896
2026-04-12 19:00:00,0.09112,0.09118,0.09111,0.09118,380900.504449
2026-04-12 19:05:00,0.09119,0.09126,0.09119,0.09123,163076.035729
2026-04-12 19:10:00,0.09123,0.09131,0.09122,0.09123,1576785.247397
2026-04-12 19:15:00,0.09123,0.09125,0.09116,0.09119,423039.910617
2026-04-12 19:20:00,0.0912,0.09121,0.09115,0.09119,258675.39695
2026-04-12 19:25:00,0.09119,0.0912,0.09115,0.09118,65508.804313
2026-04-12 19:30:00,0.09117,0.09121,0.09113,0.0912,228018.958285
2026-04-12 19:35:00,0.0912,0.0912,0.09106,0.09111,481119.844581
2026-04-12 19:40:00,0.09111,0.09113,0.09109,0.0911,816567.60688
2026-04-12 19:45:00,0.09109,0.0911,0.091,0.09104,357754.888239
2026-04-12 19:50:00,0.09102,0.09102,0.0909,0.091,1830878.75353
2026-04-12 19:55:00,0.09101,0.09101,0.09092,0.09093,181901.725055
2026-04-12 20:00:00,0.09093,0.09102,0.09093,0.09098,767708.447783
2026-04-12 20:05:00,0.09098,0.09099,0.09089,0.09089,463295.33977
2026-04-12 20:10:00,0.09089,0.09098,0.09088,0.09096,138506.851633
2026-04-12 20:15:00,0.09093,0.09097,0.09087,0.09097,153876.124673
2026-04-12 20:20:00,0.09098,0.09099,0.09087,0.09095,610238.63196
2026-04-12 20:25:00,0.09095,0.09096,0.09091,0.09091,321484.839208
2026-04-12 20:30:00,0.09092,0.09107,0.09091,0.09106,168424.265078
2026-04-12 20:35:00,0.09107,0.09121,0.09106,0.09121,991968.52073
2026-04-12 20:40:00,0.09121,0.0917,0.09121,0.09155,2104968.228819
2026-04-12 20:45:00,0.09156,0.09164,0.09138,0.09141,917248.787177
2026-04-12 20:50:00,0.0914,0.09153,0.0914,0.09144,156170.70344
2026-04-12 20:55:00,0.09143,0.09156,0.09141,0.09153,580227.952766
2026-04-12 21:00:00,0.09154,0.09174,0.09154,0.09158,873492.171957
2026-04-12 21:05:00,0.09157,0.09157,0.0914,0.0914,548398.767252
2026-04-12 21:10:00,0.09139,0.09142,0.09121,0.09133,2289781.790498
2026-04-12 21:15:00,0.09132,0.09143,0.09132,0.09139,128823.176741
2026-04-12 21:20:00,0.09139,0.09143,0.09137,0.09139,193778.110353
2026-04-12 21:25:00,0.09138,0.09142,0.09134,0.0914,1528821.240762
2026-04-12 21:30:00,0.0914,0.09146,0.09131,0.09131,656572.236128
2026-04-12 21:35:00,0.0913,0.09146,0.09129,0.09145,398995.788714
2026-04-12 21:40:00,0.09145,0.09149,0.09141,0.09142,544834.820173
2026-04-12 21:45:00,0.09142,0.09145,0.09133,0.09133,194456.93719
2026-04-12 21:50:00,0.09131,0.09134,0.0913,0.09132,150715.535036
2026-04-12 21:55:00,0.0913,0.09139,0.09127,0.09137,242963.684071
2026-04-12 22:00:00,0.09136,0.09136,0.09075,0.09088,2958941.510815
2026-04-12 22:05:00,0.09087,0.09124,0.09087,0.09118,1093630.369529
2026-04-12 22:10:00,0.09118,0.09118,0.09092,0.09112,690689.505589
2026-04-12 22:15:00,0.09113,0.09113,0.09075,0.09083,3979426.717789
2026-04-12 22:20:00,0.09085,0.09105,0.09082,0.09096,2383629.142503
2026-04-12 22:25:00,0.09095,0.09098,0.09067,0.09081,1760258.473537
2026-04-12 22:30:00,0.09082,0.09082,0.09057,0.09078,1988872.869002
2026-04-12 22:35:00,0.09078,0.09099,0.09077,0.09096,403493.587502
2026-04-12 22:40:00,0.09094,0.09104,0.09086,0.0909,253881.210067
2026-04-12 22:45:00,0.09091,0.09098,0.09084,0.09084,434932.852216
2026-04-12 22:50:00,0.09085,0.09094,0.09084,0.09088,318464.487344
2026-04-12 22:55:00,0.09089,0.09106,0.09088,0.09104,2549375.197964
2026-04-12 23:00:00,0.09102,0.09102,0.09074,0.09091,1787682.540931
2026-04-12 23:05:00,0.09092,0.09095,0.09079,0.09082,1447358.52774
2026-04-12 23:10:00,0.09082,0.09087,0.09068,0.09068,465361.867796
2026-04-12 23:15:00,0.09068,0.09069,0.09052,0.09069,1566754.86359
2026-04-12 23:20:00,0.0907,0.0907,0.09053,0.09054,459535.036582
2026-04-12 23:25:00,0.09054,0.09071,0.09054,0.09066,187068.62214
2026-04-12 23:30:00,0.09065,0.09078,0.09056,0.09063,2353562.727977
2026-04-12 23:35:00,0.09064,0.09071,0.09061,0.09065,322128.477926
2026-04-12 23:40:00,0.09065,0.09073,0.09054,0.09073,527700.26115
2026-04-12 23:45:00,0.09074,0.09075,0.09066,0.09067,377466.276909
2026-04-12 23:50:00,0.09069,0.09093,0.09069,0.09079,366218.240973
2026-04-12 23:55:00,0.09079,0.09088,0.09079,0.09085,834959.880217
2026-04-13 00:00:00,0.09085,0.09098,0.09078,0.09098,486719.486067
2026-04-13 00:05:00,0.09099,0.09112,0.09095,0.09112,2375685.045918
2026-04-13 00:10:00,0.09113,0.09115,0.09105,0.09109,188522.997991
2026-04-13 00:15:00,0.0911,0.09111,0.091,0.09101,605038.612155
2026-04-13 00:20:00,0.09101,0.09108,0.09101,0.09108,299449.968155
2026-04-13 00:25:00,0.09108,0.09134,0.09106,0.09118,858506.463248
2026-04-13 00:30:00,0.09118,0.09135,0.09114,0.09132,196470.362084
2026-04-13 00:35:00,0.09132,0.09132,0.09119,0.09119,902649.974747
2026-04-13 00:40:00,0.09121,0.09128,0.09121,0.09125,87943.571002
2026-04-13 00:45:00,0.09125,0.09128,0.09117,0.09123,246669.026785
2026-04-13 00:50:00,0.09124,0.0915,0.09123,0.09139,797959.616068
2026-04-13 00:55:00,0.09138,0.09139,0.0913,0.09134,434895.457013
2026-04-13 01:00:00,0.09134,0.09138,0.0913,0.09133,263672.861764
2026-04-13 01:05:00,0.09133,0.09134,0.09125,0.0913,229224.524951
2026-04-13 01:10:00,0.0913,0.0915,0.0913,0.09133,1136721.885225
2026-04-13 01:15:00,0.09133,0.09134,0.09128,0.09133,515204.989752
2026-04-13 01:20:00,0.09133,0.09139,0.09129,0.0913,326721.013247
2026-04-13 01:25:00,0.09129,0.09134,0.09124,0.09129,1119741.683164
2026-04-13 01:30:00,0.0913,0.0914,0.09119,0.0914,1326381.368438
2026-04-13 01:35:00,0.09139,0.09147,0.09117,0.09117,1674454.140698
2026-04-13 01:40:00,0.09117,0.09122,0.09107,0.0911,2158374.69682
2026-04-13 01:45:00,0.09109,0.09141,0.09106,0.09137,4931855.303328
2026-04-13 01:50:00,0.09137,0.09145,0.09137,0.09139,812479.38004
2026-04-13 01:55:00,0.09138,0.09147,0.09138,0.09144,638416.858795
2026-04-13 02:00:00,0.09143,0.09149,0.09137,0.09147,658087.653836
2026-04-13 02:05:00,0.09146,0.09146,0.09137,0.09141,194264.318618
2026-04-13 02:10:00,0.09141,0.09141,0.09117,0.0912,200345.226674
2026-04-13 02:15:00,0.09121,0.0913,0.0912,0.09127,269773.280826
2026-04-13 02:20:00,0.09126,0.09132,0.09125,0.09132,166176.257617
2026-04-13 02:25:00,0.09133,0.09154,0.0913,0.09132,431814.975975
2026-04-13 02:30:00,0.09135,0.0914,0.09127,0.09128,366619.737957
2026-04-13 02:35:00,0.09128,0.09131,0.09104,0.09108,403946.401436
2026-04-13 02:40:00,0.09109,0.0911,0.09105,0.09107,257001.575221
2026-04-13 02:45:00,0.09107,0.09112,0.09106,0.09112,558940.629757
2026-04-13 02:50:00,0.09111,0.09111,0.09107,0.09108,244505.966662
2026-04-13 02:55:00,0.09109,0.09118,0.09108,0.09112,1256275.585939
2026-04-13 03:00:00,0.09113,0.09133,0.09107,0.09133,354930.515148
2026-04-13 03:05:00,0.09131,0.09132,0.09112,0.09112,1095759.882676
2026-04-13 03:10:00,0.09113,0.09123,0.09112,0.09121,242570.692148
2026-04-13 03:15:00,0.0912,0.0913,0.09116,0.09125,50660.584047
2026-04-13 03:20:00,0.09126,0.09127,0.09112,0.09112,136604.848964
2026-04-13 03:25:00,0.09111,0.09118,0.09111,0.09112,132332.245097
2026-04-13 03:30:00,0.0911,0.09122,0.0911,0.09117,154789.686184
2026-04-13 03:35:00,0.09118,0.0912,0.09106,0.09113,88851.265734
2026-04-13 03:40:00,0.09113,0.09126,0.09113,0.09126,230858.023265
2026-04-13 03:45:00,0.09125,0.09126,0.09114,0.09121,971157.329078
2026-04-13 03:50:00,0.09122,0.09123,0.09119,0.0912,145713.491563
2026-04-13 03:55:00,0.09119,0.09123,0.09119,0.0912,137557.89445
2026-04-13 04:00:00,0.0912,0.09127,0.09117,0.0912,146876.248153
2026-04-13 04:05:00,0.09119,0.0912,0.09111,0.09114,300615.705752
2026-04-13 04:10:00,0.09114,0.0912,0.0911,0.09119,358997.65999
2026-04-13 04:15:00,0.0912,0.0912,0.09109,0.09113,333863.794285
2026-04-13 04:20:00,0.09112,0.09113,0.09109,0.09112,49567.948013
2026-04-13 04:25:00,0.09113,0.0912,0.09113,0.09117,281610.77776
2026-04-13 04:30:00,0.09116,0.09122,0.09114,0.09119,180852.618484
2026-04-13 04:35:00,0.0912,0.09124,0.09116,0.09122,162414.082984
2026-04-13 04:40:00,0.09123,0.09126,0.09116,0.09116,165275.27011
2026-04-13 04:45:00,0.09117,0.09119,0.09112,0.09112,67504.453603
2026-04-13 04:50:00,0.09111,0.09111,0.09092,0.09099,878151.969986
2026-04-13 04:55:00,0.091,0.09108,0.09092,0.09096,577237.261739
2026-04-13 05:00:00,0.09096,0.09097,0.09091,0.09097,171596.380796
2026-04-13 05:05:00,0.09098,0.09104,0.09095,0.09098,198704.13172
2026-04-13 05:10:00,0.09098,0.09104,0.09092,0.09104,568328.659654
2026-04-13 05:15:00,0.09104,0.09109,0.091,0.09102,311643.805881
2026-04-13 05:20:00,0.09103,0.09104,0.09096,0.09102,239939.670354
2026-04-13 05:25:00,0.09102,0.09106,0.09099,0.09102,171446.99223
2026-04-13 05:30:00,0.09102,0.09102,0.09088,0.09098,178014.86464
2026-04-13 05:35:00,0.09097,0.09097,0.09083,0.09087,1573470.675821
2026-04-13 05:40:00,0.09088,0.09101,0.09088,0.09096,1050133.738566
2026-04-13 05:45:00,0.09096,0.09117,0.09095,0.09112,1071505.209924
2026-04-13 05:50:00,0.09113,0.09124,0.09113,0.09124,314988.93174
2026-04-13 05:55:00,0.09125,0.0913,0.09118,0.09126,524346.289603
2026-04-13 06:00:00,0.09127,0.09143,0.09126,0.09143,1381199.59298
2026-04-13 06:05:00,0.09144,0.0915,0.0914,0.0914,826887.182495
2026-04-13 06:10:00,0.09139,0.09145,0.09136,0.09142,1207568.742025
2026-04-13 06:15:00,0.09143,0.09153,0.09137,0.09149,421846.981473
2026-04-13 06:20:00,0.09149,0.09152,0.09142,0.09144,445405.384336
2026-04-13 06:25:00,0.09143,0.09143,0.09136,0.09138,154966.832551
2026-04-13 06:30:00,0.09137,0.09137,0.0913,0.09134,254124.973674
2026-04-13 06:35:00,0.09135,0.09141,0.0913,0.09141,879639.670522
2026-04-13 06:40:00,0.0914,0.09149,0.09132,0.09148,380554.556597
2026-04-13 06:45:00,0.09148,0.09152,0.09143,0.09147,735972.936823
2026-04-13 06:50:00,0.09147,0.0915,0.0914,0.09144,590492.147828
2026-04-13 06:55:00,0.09145,0.09149,0.09145,0.09146,199936.336167
2026-04-13 07:00:00,0.09147,0.09151,0.09138,0.0914,204017.043042
2026-04-13 07:05:00,0.09141,0.09141,0.09129,0.0913,124968.474733
2026-04-13 07:10:00,0.09131,0.09133,0.09129,0.09129,290038.063392
2026-04-13 07:15:00,0.09129,0.09129,0.09116,0.0912,664572.365893
2026-04-13 07:20:00,0.0912,0.09122,0.09103,0.09116,1069779.018554
2026-04-13 07:25:00,0.09117,0.09122,0.09111,0.09119,219336.907454
2026-04-13 07:30:00,0.09118,0.09124,0.09105,0.09109,1091596.940469
2026-04-13 07:35:00,0.09108,0.09116,0.09105,0.09112,123457.101375
2026-04-13 07:40:00,0.09111,0.09112,0.09105,0.0911,497187.864208
2026-04-13 07:45:00,0.09108,0.09116,0.09106,0.09113,356936.610704
2026-04-13 07:50:00,0.09114,0.09116,0.09109,0.0911,185594.485294
2026-04-13 07:55:00,0.0911,0.09114,0.09085,0.09089,6448862.727377
2026-04-13 08:00:00,0.0909,0.09102,0.09072,0.09101,2908502.421804
2026-04-13 08:05:00,0.09101,0.09103,0.09089,0.09093,733833.135714
2026-04-13 08:10:00,0.09094,0.09101,0.09093,0.09094,343306.937645
2026-04-13 08:15:00,0.09092,0.09093,0.0908,0.09082,1510931.829326
2026-04-13 08:20:00,0.0908,0.09087,0.0908,0.09081,150491.601547
2026-04-13 08:25:00,0.09082,0.0909,0.09082,0.09083,229874.576864
2026-04-13 08:30:00,0.09082,0.09084,0.09078,0.09082,351272.230416
2026-04-13 08:35:00,0.09082,0.09089,0.0908,0.0908,480557.915839
2026-04-13 08:40:00,0.0908,0.09084,0.09073,0.09077,1093380.436035
2026-04-13 08:45:00,0.09078,0.09087,0.09075,0.09086,621278.643433
2026-04-13 08:50:00,0.09085,0.09087,0.0908,0.09087,317674.831708
2026-04-13 08:55:00,0.09088,0.09094,0.09088,0.09093,514476.423634
2026-04-13 09:00:00,0.09093,0.0913,0.09093,0.09118,2432265.736086
2026-04-13 09:05:00,0.09116,0.09118,0.09105,0.09105,421440.007117
2026-04-13 09:10:00,0.09104,0.09113,0.09104,0.09107,287044.775218
2026-04-13 09:15:00,0.09107,0.09118,0.09104,0.09108,732591.247133
2026-04-13 09:20:00,0.09108,0.09111,0.09104,0.09107,277583.551039
2026-04-13 09:25:00,0.09106,0.09113,0.09104,0.09105,449029.517658
2026-04-13 09:30:00,0.09105,0.09105,0.09096,0.09096,857511.768122
2026-04-13 09:35:00,0.09097,0.09101,0.09092,0.091,433967.111759
2026-04-13 09:40:00,0.09101,0.09103,0.09098,0.09099,555971.579707
2026-04-13 09:45:00,0.091,0.09101,0.09097,0.09101,199647.385937
2026-04-13 09:50:00,0.091,0.09104,0.09098,0.09101,211433.924565
2026-04-13 09:55:00,0.09101,0.09104,0.091,0.09101,423460.661736
2026-04-13 10:00:00,0.09101,0.09101,0.09096,0.09099,308997.761543
2026-04-13 10:05:00,0.09098,0.09098,0.09091,0.09091,165228.025307
2026-04-13 10:10:00,0.0909,0.09097,0.0909,0.09096,489439.087167
2026-04-13 10:15:00,0.09097,0.09097,0.09085,0.09093,6504780.188635
2026-04-13 10:20:00,0.09093,0.09097,0.09088,0.09089,224531.837821
2026-04-13 10:25:00,0.0909,0.09096,0.09089,0.09089,442073.978274
2026-04-13 10:30:00,0.09089,0.09092,0.09087,0.09087,243110.46169
2026-04-13 10:35:00,0.09087,0.09102,0.09083,0.09102,533668.473897
2026-04-13 10:40:00,0.09101,0.09102,0.09099,0.09099,161621.596949
2026-04-13 10:45:00,0.09099,0.09105,0.09096,0.09096,138004.806331
2026-04-13 10:50:00,0.09096,0.09097,0.09087,0.09088,152147.968619
2026-04-13 10:55:00,0.09088,0.09091,0.09083,0.09091,631075.057589
2026-04-13 11:00:00,0.09091,0.09104,0.09084,0.09087,796087.788175
2026-04-13 11:05:00,0.09088,0.09093,0.09086,0.09086,714593.380098
2026-04-13 11:10:00,0.09088,0.09094,0.09087,0.0909,214418.555649
2026-04-13 11:15:00,0.09091,0.09092,0.09088,0.09092,175719.58799
2026-04-13 11:20:00,0.09092,0.091,0.09091,0.09093,292797.517162
2026-04-13 11:25:00,0.09095,0.091,0.09092,0.09098,323622.154466
2026-04-13 11:30:00,0.091,0.091,0.09086,0.09091,667169.044073
2026-04-13 11:35:00,0.0909,0.09096,0.0909,0.09093,112527.954283
2026-04-13 11:40:00,0.09093,0.09098,0.09091,0.09096,221995.706558
2026-04-13 11:45:00,0.09097,0.09099,0.09094,0.09096,39364.391477
2026-04-13 11:50:00,0.09097,0.09097,0.09093,0.09095,547147.659806
2026-04-13 11:55:00,0.09096,0.09098,0.09093,0.09094,216451.186818
2026-04-13 12:00:00,0.09094,0.09101,0.09086,0.09093,487623.356328
2026-04-13 12:05:00,0.09094,0.09106,0.09094,0.091,510409.578722
2026-04-13 12:10:00,0.091,0.09107,0.09099,0.091,94688.579879
2026-04-13 12:15:00,0.091,0.09108,0.09098,0.09105,517625.101534
2026-04-13 12:20:00,0.09104,0.09111,0.09103,0.09107,2003323.041944
2026-04-13 12:25:00,0.09106,0.09107,0.09103,0.09104,883920.958505
2026-04-13 12:30:00,0.09103,0.09121,0.091,0.0912,2686234.85161
2026-04-13 12:35:00,0.0912,0.09121,0.09116,0.09119,605612.36292
2026-04-13 12:40:00,0.09118,0.09122,0.09112,0.09121,590662.318851
2026-04-13 12:45:00,0.09122,0.09153,0.09122,0.09147,2489697.074276
2026-04-13 12:50:00,0.09148,0.092,0.09148,0.09174,21647721.690807
2026-04-13 12:55:00,0.09172,0.09172,0.09158,0.09164,3190831.031232
2026-04-13 13:00:00,0.09164,0.09172,0.09151,0.0916,2290116.295945
2026-04-13 13:05:00,0.09158,0.0916,0.09141,0.09143,992367.729366
2026-04-13 13:10:00,0.09144,0.09159,0.09143,0.09153,450244.59354
2026-04-13 13:15:00,0.09152,0.09152,0.09129,0.0914,4733916.618908
2026-04-13 13:20:00,0.0914,0.0914,0.09114,0.09124,2234378.04313
2026-04-13 13:25:00,0.09123,0.09138,0.09081,0.09125,31101008.358395
2026-04-13 13:30:00,0.09126,0.09135,0.09099,0.09113,1649086.111023
2026-04-13 13:35:00,0.09112,0.09113,0.09092,0.091,1348377.132324
2026-04-13 13:40:00,0.091,0.09128,0.091,0.09115,1248978.913045
2026-04-13 13:45:00,0.09113,0.09175,0.09102,0.09171,6171046.790595
2026-04-13 13:50:00,0.09172,0.09186,0.09136,0.0916,6770385.826046
2026-04-13 13:55:00,0.09163,0.09183,0.09154,0.09181,2969468.930955
2026-04-13 14:00:00,0.09184,0.09194,0.09164,0.09188,3034585.047387
2026-04-13 14:05:00,0.09186,0.09192,0.09162,0.09165,2844123.96327
2026-04-13 14:10:00,0.09164,0.09182,0.09161,0.09175,2234348.91102
2026-04-13 14:15:00,0.09176,0.09182,0.09151,0.09177,2632555.561555
2026-04-13 14:20:00,0.09178,0.09184,0.09149,0.09183,8446399.851893
2026-04-13 14:25:00,0.09182,0.09185,0.09176,0.09181,2466838.264229
2026-04-13 14:30:00,0.09181,0.09203,0.09178,0.09198,2859601.79678
2026-04-13 14:35:00,0.09198,0.09207,0.09191,0.09202,4690253.784384
2026-04-13 14:40:00,0.09203,0.09213,0.09186,0.09205,1244839.870354
2026-04-13 14:45:00,0.09205,0.09222,0.09195,0.09198,5421566.523156
2026-04-13 14:50:00,0.09197,0.09207,0.09187,0.09207,2547514.403675
2026-04-13 14:55:00,0.09207,0.09263,0.09207,0.09251,14471665.132522
2026-04-13 15:00:00,0.0925,0.09256,0.09214,0.09217,4376644.584733
2026-04-13 15:05:00,0.09217,0.09232,0.09211,0.09229,1977044.212485
2026-04-13 15:10:00,0.09229,0.09232,0.09213,0.09218,1108653.261465
2026-04-13 15:15:00,0.09219,0.09225,0.09207,0.09207,2261794.932032
2026-04-13 15:20:00,0.09208,0.09217,0.09196,0.09197,2943820.518003
2026-04-13 15:25:00,0.09196,0.09204,0.09187,0.09196,1743635.347686
2026-04-13 15:30:00,0.09193,0.09193,0.09167,0.09176,2561988.380112
2026-04-13 15:35:00,0.09177,0.0918,0.09158,0.09172,2609045.754965
2026-04-13 15:40:00,0.09173,0.09176,0.09168,0.09172,247828.819783
2026-04-13 15:45:00,0.09171,0.09171,0.09158,0.09161,1576884.273391
2026-04-13 15:50:00,0.09162,0.09168,0.09155,0.09162,1192143.589593
2026-04-13 15:55:00,0.09163,0.09176,0.09163,0.09173,1550026.542947
2026-04-13 16:00:00,0.09172,0.0918,0.09155,0.09155,1984412.933466
2026-04-13 16:05:00,0.09154,0.09168,0.09137,0.09165,1453017.132278
2026-04-13 16:10:00,0.09166,0.09176,0.09165,0.09176,392880.518899
2026-04-13 16:15:00,0.09177,0.09183,0.09164,0.09174,234471.437975
2026-04-13 16:20:00,0.09176,0.09191,0.09171,0.09183,3465106.132633
2026-04-13 16:25:00,0.09185,0.09201,0.09177,0.09197,651746.973949
2026-04-13 16:30:00,0.09198,0.09211,0.09192,0.09199,2249398.153369
2026-04-13 16:35:00,0.09198,0.09214,0.09191,0.09202,1261538.252266
2026-04-13 16:40:00,0.092,0.09211,0.09187,0.09203,682967.944642
2026-04-13 16:45:00,0.09199,0.09214,0.09192,0.09192,866598.184885
2026-04-13 16:50:00,0.09194,0.09206,0.09189,0.09192,957752.129129
2026-04-13 16:55:00,0.09192,0.092,0.09189,0.09198,780455.342763
2026-04-13 17:00:00,0.09197,0.09203,0.09178,0.0918,3447633.576138
2026-04-13 17:05:00,0.09178,0.09179,0.09167,0.09179,822136.643597
2026-04-13 17:10:00,0.0918,0.09189,0.09178,0.09178,652887.144324
2026-04-13 17:15:00,0.09178,0.09195,0.09176,0.09195,423651.260336
2026-04-13 17:20:00,0.09194,0.09194,0.09181,0.09186,2964272.652781
2026-04-13 17:25:00,0.09187,0.09201,0.09187,0.09201,360423.430934
2026-04-13 17:30:00,0.09201,0.0923,0.09201,0.09207,2170021.794041
2026-04-13 17:35:00,0.09209,0.09209,0.09194,0.09202,468815.736455
2026-04-13 17:40:00,0.09203,0.09203,0.09196,0.092,835796.730127
2026-04-13 17:45:00,0.09201,0.09209,0.0919,0.09192,1122002.601157
2026-04-13 17:50:00,0.09193,0.09193,0.0914,0.09168,9186762.840876
2026-04-13 17:55:00,0.09166,0.09168,0.09141,0.09156,3903723.876124
2026-04-13 18:00:00,0.09157,0.09163,0.09149,0.09157,786967.80614
2026-04-13 18:05:00,0.09158,0.09165,0.0915,0.0916,886319.353014
2026-04-13 18:10:00,0.0916,0.09164,0.09152,0.09164,277349.864204
2026-04-13 18:15:00,0.09164,0.09173,0.09162,0.09173,158131.859033
2026-04-13 18:20:00,0.09174,0.09176,0.09142,0.09143,857353.514479
2026-04-13 18:25:00,0.09143,0.0915,0.09138,0.09148,947061.024855
2026-04-13 18:30:00,0.09148,0.09168,0.09147,0.09168,631911.718828
2026-04-13 18:35:00,0.09169,0.09169,0.09161,0.09165,109276.603755
2026-04-13 18:40:00,0.09164,0.09174,0.09162,0.09168,218979.760309
2026-04-13 18:45:00,0.09168,0.09177,0.09167,0.09167,465508.761499
2026-04-13 18:50:00,0.09166,0.09173,0.09161,0.09173,305526.955149
2026-04-13 18:55:00,0.09172,0.09179,0.09171,0.09179,150174.551296
2026-04-13 19:00:00,0.0918,0.09184,0.09173,0.09181,816347.643053
2026-04-13 19:05:00,0.09181,0.09186,0.09179,0.0918,221278.121204
2026-04-13 19:10:00,0.0918,0.09186,0.0918,0.09181,74953.604541
2026-04-13 19:15:00,0.0918,0.09208,0.0918,0.09201,3856837.047862
2026-04-13 19:20:00,0.09201,0.09228,0.09198,0.09218,4231208.771413
2026-04-13 19:25:00,0.09221,0.09249,0.09221,0.09231,8483238.73605
2026-04-13 19:30:00,0.0923,0.09261,0.09229,0.09258,3186048.285751
2026-04-13 19:35:00,0.09255,0.09259,0.09241,0.09259,4617334.233982
2026-04-13 19:40:00,0.09257,0.09259,0.0925,0.09252,1001966.387473
2026-04-13 19:45:00,0.09252,0.093,0.09252,0.09296,10208484.881486
2026-04-13 19:50:00,0.09298,0.09309,0.09291,0.09301,4497352.527135
2026-04-13 19:55:00,0.09303,0.09328,0.09302,0.09309,3956937.754314
2026-04-13 20:00:00,0.09309,0.09322,0.09291,0.093,9430060.439042
2026-04-13 20:05:00,0.093,0.0932,0.09295,0.093,4305674.501122
2026-04-13 20:10:00,0.09299,0.09299,0.09281,0.09282,2065136.968781
2026-04-13 20:15:00,0.09281,0.09287,0.09252,0.09277,14645336.1978
2026-04-13 20:20:00,0.09278,0.09283,0.09261,0.09263,1525348.639586
2026-04-13 20:25:00,0.09262,0.09281,0.09262,0.09279,1978152.152225
2026-04-13 20:30:00,0.09278,0.09288,0.09266,0.09285,829905.124519
2026-04-13 20:35:00,0.09287,0.09299,0.09282,0.09282,1521249.981222
2026-04-13 20:40:00,0.0928,0.09287,0.09278,0.0928,297128.63513
2026-04-13 20:45:00,0.09277,0.09278,0.09266,0.09266,1079690.635517
2026-04-13 20:50:00,0.09266,0.09266,0.09246,0.09248,861423.123954
2026-04-13 20:55:00,0.09247,0.09256,0.09244,0.09253,2163662.9684
2026-04-13 21:00:00,0.09253,0.09256,0.09246,0.0925,1163371.576048
2026-04-13 21:05:00,0.09251,0.09266,0.0925,0.09262,616106.427497
2026-04-13 21:10:00,0.09262,0.09281,0.09261,0.09273,1871020.784599
2026-04-13 21:15:00,0.09273,0.09281,0.09266,0.09271,2006672.16447
2026-04-13 21:20:00,0.09271,0.09271,0.09261,0.09266,776332.361896
2026-04-13 21:25:00,0.09267,0.09267,0.09253,0.09254,459064.235786
2026-04-13 21:30:00,0.09255,0.09271,0.09255,0.09269,515206.989175
2026-04-13 21:35:00,0.09269,0.09273,0.09259,0.09272,1038026.529102
2026-04-13 21:40:00,0.09273,0.09294,0.09264,0.09276,7422039.063722
2026-04-13 21:45:00,0.09275,0.09276,0.0926,0.09274,1121612.434246
2026-04-13 21:50:00,0.09272,0.09278,0.0927,0.09271,709281.62193
2026-04-13 21:55:00,0.09272,0.09281,0.09269,0.09273,394508.913256
2026-04-13 22:00:00,0.09273,0.09294,0.09272,0.09285,1492440.951922
2026-04-13 22:05:00,0.09286,0.09319,0.09284,0.09296,2952407.983399
2026-04-13 22:10:00,0.09295,0.09361,0.09295,0.09342,7239021.984491
2026-04-13 22:15:00,0.09341,0.09415,0.09339,0.09412,22604684.977829
2026-04-13 22:20:00,0.09411,0.09434,0.09398,0.09401,10145819.093512
2026-04-13 22:25:00,0.094,0.09412,0.09388,0.09394,7558285.06916
2026-04-13 22:30:00,0.09395,0.09433,0.09395,0.09405,7280391.84243
2026-04-13 22:35:00,0.09404,0.09409,0.09341,0.09369,10856566.606796
2026-04-13 22:40:00,0.0937,0.09386,0.09361,0.09386,12067754.663602
2026-04-13 22:45:00,0.09386,0.09397,0.09376,0.09378,4725908.928972
2026-04-13 22:50:00,0.09378,0.09416,0.09377,0.0941,3039314.577083
2026-04-13 22:55:00,0.0941,0.09425,0.09401,0.09405,5214310.049493
2026-04-13 23:00:00,0.09404,0.09409,0.0937,0.09399,4244202.628658
2026-04-13 23:05:00,0.09398,0.09406,0.09388,0.09403,1528948.543435
2026-04-13 23:10:00,0.09403,0.09414,0.09388,0.09401,4394910.15359
2026-04-13 23:15:00,0.09399,0.09412,0.09385,0.094,3905400.034033
2026-04-13 23:20:00,0.094,0.0942,0.09395,0.09397,7615564.371167
2026-04-13 23:25:00,0.09397,0.0943,0.09393,0.09421,10327683.451135
2026-04-13 23:30:00,0.09421,0.09432,0.09409,0.09424,4945616.475242
2026-04-13 23:35:00,0.09422,0.0943,0.09417,0.09417,1851984.56949
2026-04-13 23:40:00,0.09418,0.09418,0.09397,0.094,3582289.92568
2026-04-13 23:45:00,0.09401,0.0941,0.09398,0.09398,2529763.638538
2026-04-13 23:50:00,0.094,0.09416,0.09396,0.09406,2900483.810207
2026-04-13 23:55:00,0.09406,0.09418,0.094,0.09412,1503979.604796
2026-04-14 00:00:00,0.09411,0.09427,0.09397,0.09397,2014398.163618
2026-04-14 00:05:00,0.09398,0.09405,0.0938,0.0938,7449718.241901
2026-04-14 00:10:00,0.09379,0.09379,0.09358,0.09378,7201847.519805
2026-04-14 00:15:00,0.09379,0.09384,0.0935,0.09351,4320507.77828
2026-04-14 00:20:00,0.09351,0.09356,0.0934,0.09353,8183319.43604
2026-04-14 00:25:00,0.09352,0.09355,0.09341,0.09355,1190658.323377
2026-04-14 00:30:00,0.09355,0.09362,0.09344,0.09352,1137402.982334
2026-04-14 00:35:00,0.09352,0.09403,0.09352,0.09396,4411141.194322
2026-04-14 00:40:00,0.09396,0.09407,0.09387,0.09401,6863612.891307
2026-04-14 00:45:00,0.09401,0.09402,0.09376,0.09397,1971727.449482
2026-04-14 00:50:00,0.09396,0.09404,0.09367,0.09373,14838346.532314
2026-04-14 00:55:00,0.09372,0.09372,0.0935,0.09352,3785729.544367
2026-04-14 01:00:00,0.09353,0.09353,0.0932,0.09335,4587286.545565
2026-04-14 01:05:00,0.09335,0.09343,0.09309,0.09322,3875425.840469
2026-04-14 01:10:00,0.09323,0.09327,0.09309,0.09324,1668394.543859
2026-04-14 01:15:00,0.09323,0.09343,0.09306,0.0934,8500480.532568
2026-04-14 01:20:00,0.09338,0.09349,0.09332,0.09337,1469268.217764
2026-04-14 01:25:00,0.09336,0.0934,0.0933,0.09334,743045.352734
2026-04-14 01:30:00,0.09333,0.09334,0.09328,0.09332,722964.930184
2026-04-14 01:35:00,0.09333,0.09346,0.09329,0.09346,3524965.07776
2026-04-14 01:40:00,0.09346,0.09364,0.09346,0.09361,1413595.224175
2026-04-14 01:45:00,0.09361,0.09365,0.09357,0.09363,1243419.82234
2026-04-14 01:50:00,0.09363,0.09366,0.09357,0.09362,399500.80614
2026-04-14 01:55:00,0.09362,0.09363,0.09351,0.09356,1605430.614479
2026-04-14 02:00:00,0.09355,0.09374,0.0935,0.09371,1653975.192491
2026-04-14 02:05:00,0.09373,0.09396,0.09362,0.09364,13927234.812861
2026-04-14 02:10:00,0.09366,0.09374,0.0936,0.09367,1682094.740965
2026-04-14 02:15:00,0.09368,0.09374,0.09357,0.09371,1537888.905045
2026-04-14 02:20:00,0.09372,0.09374,0.09364,0.09364,179802.185942
2026-04-14 02:25:00,0.09365,0.0937,0.09364,0.09364,647958.989118
2026-04-14 02:30:00,0.09363,0.09363,0.0934,0.0935,1148233.024698
2026-04-14 02:35:00,0.09349,0.09357,0.09342,0.09356,2776057.3286
2026-04-14 02:40:00,0.09356,0.09366,0.09356,0.0936,1060826.405392
2026-04-14 02:45:00,0.09359,0.09361,0.09354,0.09361,652254.81146
2026-04-14 02:50:00,0.0936,0.09361,0.0935,0.0935,2584050.568176
2026-04-14 02:55:00,0.0935,0.09355,0.09343,0.0935,2192179.650774
2026-04-14 03:00:00,0.0935,0.0935,0.09339,0.09345,934028.020722
2026-04-14 03:05:00,0.09344,0.09354,0.09343,0.09353,405759.700225
2026-04-14 03:10:00,0.09353,0.09353,0.09342,0.09343,214784.598864
2026-04-14 03:15:00,0.09344,0.09349,0.0934,0.09349,566039.053945
2026-04-14 03:20:00,0.0935,0.09355,0.09349,0.09355,180599.708861
2026-04-14 03:25:00,0.09354,0.09354,0.09346,0.09349,186034.402963
2026-04-14 03:30:00,0.09349,0.09362,0.09349,0.09356,2139684.652249
2026-04-14 03:35:00,0.09355,0.09362,0.09343,0.09361,406433.637044
2026-04-14 03:40:00,0.09361,0.09379,0.0936,0.09371,1426553.69475
2026-04-14 03:45:00,0.0937,0.09374,0.09365,0.09367,770903.167967
2026-04-14 03:50:00,0.09367,0.09367,0.09357,0.09365,816256.099683
2026-04-14 03:55:00,0.09365,0.09369,0.09353,0.09354,669382.03322
2026-04-14 04:00:00,0.09355,0.09359,0.09346,0.09353,404462.282579
2026-04-14 04:05:00,0.09352,0.09358,0.09351,0.09353,362867.671827
2026-04-14 04:10:00,0.09352,0.09352,0.09343,0.09346,503312.157599
2026-04-14 04:15:00,0.09344,0.09354,0.09341,0.09354,564343.537873
2026-04-14 04:20:00,0.09355,0.09373,0.09353,0.09367,3052461.664155
2026-04-14 04:25:00,0.09365,0.0937,0.09357,0.09365,1509785.80476
2026-04-14 04:30:00,0.09363,0.09366,0.09355,0.09358,1355428.852035
2026-04-14 04:35:00,0.09355,0.09359,0.09352,0.09359,2270011.943091
2026-04-14 04:40:00,0.09359,0.09359,0.09345,0.09348,425277.343521
2026-04-14 04:45:00,0.09346,0.09347,0.09334,0.09339,1242520.553261
2026-04-14 04:50:00,0.0934,0.0934,0.09334,0.09334,587743.992397
2026-04-14 04:55:00,0.09333,0.09337,0.09324,0.09336,3557623.481435
2026-04-14 05:00:00,0.09336,0.09336,0.09322,0.0933,1039711.966167
2026-04-14 05:05:00,0.09331,0.09332,0.09321,0.09322,218787.39385
2026-04-14 05:10:00,0.09322,0.09325,0.09301,0.09303,1952356.217932
2026-04-14 05:15:00,0.09302,0.09305,0.09284,0.09297,8329862.664009
2026-04-14 05:20:00,0.09295,0.09316,0.09293,0.09295,8439568.78905
2026-04-14 05:25:00,0.09296,0.09296,0.0929,0.09295,641875.030937
2026-04-14 05:30:00,0.09295,0.09295,0.09285,0.09291,1924600.465928
2026-04-14 05:35:00,0.09292,0.0931,0.09292,0.09303,871822.273574
2026-04-14 05:40:00,0.09304,0.09306,0.09297,0.09298,792623.533211
2026-04-14 05:45:00,0.09298,0.09305,0.09289,0.09289,420014.168399
2026-04-14 05:50:00,0.09287,0.09287,0.09278,0.09279,870642.538102
2026-04-14 05:55:00,0.0928,0.0928,0.09271,0.09279,1180113.252603
2026-04-14 06:00:00,0.0928,0.093,0.09279,0.09289,997331.004914
2026-04-14 06:05:00,0.0929,0.09304,0.0929,0.09304,376007.289759
2026-04-14 06:10:00,0.09305,0.09307,0.09298,0.09299,957204.321608
2026-04-14 06:15:00,0.093,0.09323,0.09299,0.09321,1318770.491193
2026-04-14 06:20:00,0.09322,0.09332,0.09321,0.09327,2323063.073258
2026-04-14 06:25:00,0.09328,0.09336,0.09321,0.09321,2692910.309616
2026-04-14 06:30:00,0.09321,0.09323,0.09313,0.09318,1114943.200385
2026-04-14 06:35:00,0.09318,0.09333,0.09317,0.09317,728520.314606
2026-04-14 06:40:00,0.09316,0.09319,0.09311,0.09311,875650.348594
2026-04-14 06:45:00,0.0931,0.09317,0.09307,0.09315,589261.359283
2026-04-14 06:50:00,0.09314,0.0932,0.09307,0.0932,451112.35001
2026-04-14 06:55:00,0.09321,0.09329,0.09318,0.09323,606257.79673
2026-04-14 07:00:00,0.09323,0.0934,0.09321,0.09337,851128.302397
2026-04-14 07:05:00,0.09337,0.09367,0.09333,0.09365,6146679.644421
2026-04-14 07:10:00,0.09364,0.09364,0.09345,0.09361,2255822.429511
2026-04-14 07:15:00,0.09364,0.09366,0.09349,0.09351,3199608.825209
2026-04-14 07:20:00,0.09349,0.09357,0.09341,0.09344,1423733.357483
2026-04-14 07:25:00,0.09346,0.09359,0.09346,0.09354,736506.108574
2026-04-14 07:30:00,0.09353,0.09358,0.09348,0.09351,623843.314349
2026-04-14 07:35:00,0.09351,0.09351,0.09339,0.09348,766606.667743
2026-04-14 07:40:00,0.0935,0.0935,0.09337,0.09337,242740.891223
2026-04-14 07:45:00,0.09336,0.09343,0.09332,0.09339,394277.467182
2026-04-14 07:50:00,0.09338,0.09359,0.09338,0.09355,1025388.4233
2026-04-14 07:55:00,0.09354,0.0936,0.09351,0.0936,830726.357173
2026-04-14 08:00:00,0.09361,0.09363,0.09341,0.09353,1247621.957819
2026-04-14 08:05:00,0.09352,0.09359,0.09347,0.09352,4345221.283664
2026-04-14 08:10:00,0.09351,0.09359,0.09346,0.09358,1071517.828612
2026-04-14 08:15:00,0.09358,0.09362,0.09351,0.09357,1494239.07049
2026-04-14 08:20:00,0.09356,0.09376,0.09355,0.09376,2557865.022272
2026-04-14 08:25:00,0.09375,0.09379,0.09371,0.09379,616244.109794
2026-04-14 08:30:00,0.09377,0.09426,0.09377,0.09425,10207310.317687
2026-04-14 08:35:00,0.09424,0.09465,0.09424,0.09445,10009374.868253
2026-04-14 08:40:00,0.09447,0.09449,0.09415,0.09436,4992510.312486
2026-04-14 08:45:00,0.09436,0.09439,0.09419,0.0943,1909439.293016
2026-04-14 08:50:00,0.09428,0.09458,0.09425,0.09437,5909784.286954
2026-04-14 08:55:00,0.09436,0.09448,0.09434,0.09438,3013341.595526
2026-04-14 09:00:00,0.09438,0.09464,0.09437,0.0946,9829672.071154
2026-04-14 09:05:00,0.09459,0.09481,0.09441,0.09477,18728483.39432
2026-04-14 09:10:00,0.09476,0.09476,0.09459,0.09469,1533340.950684
2026-04-14 09:15:00,0.0947,0.0947,0.09452,0.0946,1897173.110159
2026-04-14 09:20:00,0.09459,0.09465,0.09448,0.09459,2325159.16749
2026-04-14 09:25:00,0.09459,0.09459,0.09436,0.09442,1826471.827623
2026-04-14 09:30:00,0.0944,0.09453,0.09436,0.09445,5057712.01448
2026-04-14 09:35:00,0.09446,0.09451,0.09433,0.09446,1925493.956988
2026-04-14 09:40:00,0.09446,0.09451,0.09426,0.09434,1275919.43068
2026-04-14 09:45:00,0.09433,0.09437,0.09423,0.09426,2236738.862579
2026-04-14 09:50:00,0.09427,0.09435,0.09426,0.09433,1050983.254183
2026-04-14 09:55:00,0.09433,0.09472,0.09433,0.09449,4843466.011401
2026-04-14 10:00:00,0.09449,0.09457,0.09435,0.09447,3370845.131199
2026-04-14 10:05:00,0.09446,0.0945,0.09435,0.09435,1492482.515723
2026-04-14 10:10:00,0.09436,0.09439,0.09422,0.09423,2040911.832779
2026-04-14 10:15:00,0.09422,0.09424,0.09398,0.09398,3394373.310884
2026-04-14 10:20:00,0.09398,0.09403,0.0939,0.09392,1942806.682969
2026-04-14 10:25:00,0.09393,0.0942,0.09379,0.09407,10224497.906136
2026-04-14 10:30:00,0.09406,0.09435,0.09406,0.09434,2256003.630088
2026-04-14 10:35:00,0.09435,0.09446,0.09433,0.09434,1114664.044276
2026-04-14 10:40:00,0.09435,0.09442,0.09428,0.09435,938203.024436
2026-04-14 10:45:00,0.09437,0.09446,0.09426,0.09446,918095.76613
2026-04-14 10:50:00,0.09446,0.0946,0.09444,0.09453,5587524.661539
2026-04-14 10:55:00,0.09452,0.09454,0.09441,0.09441,1174171.970237
2026-04-14 11:00:00,0.0944,0.09444,0.09425,0.09437,1815856.978151
2026-04-14 11:05:00,0.09434,0.09456,0.09428,0.09449,2480246.201529
2026-04-14 11:10:00,0.09449,0.09575,0.09446,0.09521,39227790.189687
2026-04-14 11:15:00,0.09522,0.09526,0.09488,0.09492,4663564.605852
2026-04-14 11:20:00,0.09492,0.095,0.0945,0.09457,3798438.695661
2026-04-14 11:25:00,0.09458,0.09469,0.09411,0.09411,6499524.892591
2026-04-14 11:30:00,0.09411,0.09447,0.09383,0.09446,18316942.196459
2026-04-14 11:35:00,0.09445,0.09461,0.09443,0.09459,1985012.509252
2026-04-14 11:40:00,0.09458,0.09458,0.09442,0.09452,1873249.539405
2026-04-14 11:45:00,0.09453,0.09459,0.09432,0.09433,2291813.740094
2026-04-14 11:50:00,0.09432,0.09438,0.0943,0.09435,923165.57886
2026-04-14 11:55:00,0.09436,0.09441,0.09416,0.0943,2351376.555741
2026-04-14 12:00:00,0.09431,0.09439,0.09422,0.0943,1536544.903856
2026-04-14 12:05:00,0.09428,0.09429,0.09414,0.09415,1006575.354101
2026-04-14 12:10:00,0.09414,0.09418,0.09401,0.09404,1267357.262368
2026-04-14 12:15:00,0.09403,0.09422,0.09401,0.09414,766690.334169
2026-04-14 12:20:00,0.09415,0.09417,0.09402,0.09407,1038974.147149
2026-04-14 12:25:00,0.09405,0.09411,0.09393,0.09393,1371348.400651
2026-04-14 12:30:00,0.09394,0.09414,0.09394,0.09397,1191540.905397
2026-04-14 12:35:00,0.09397,0.094,0.09386,0.09397,2767371.082104
2026-04-14 12:40:00,0.09398,0.09402,0.09369,0.09383,5331576.520926
2026-04-14 12:45:00,0.09385,0.09394,0.09383,0.09391,1944886.489413
2026-04-14 12:50:00,0.09391,0.0941,0.09391,0.0941,1753506.71608
2026-04-14 12:55:00,0.0941,0.0942,0.0941,0.09413,1801480.920925
2026-04-14 13:00:00,0.09412,0.09439,0.09405,0.09425,3488471.239782
2026-04-14 13:05:00,0.09425,0.09434,0.09422,0.09429,1275129.626246
2026-04-14 13:10:00,0.09428,0.09443,0.09428,0.09442,843385.347352
2026-04-14 13:15:00,0.0944,0.09445,0.09421,0.09441,1105359.157143
2026-04-14 13:20:00,0.09442,0.09456,0.09441,0.09456,464130.153636
2026-04-14 13:25:00,0.09455,0.09466,0.09451,0.09451,1239676.994054
2026-04-14 13:30:00,0.09451,0.09489,0.09451,0.09473,1993911.059323
2026-04-14 13:35:00,0.09472,0.0951,0.09471,0.09496,4350797.291056
2026-04-14 13:40:00,0.09497,0.09554,0.09491,0.09542,8750685.883419
2026-04-14 13:45:00,0.09541,0.09561,0.0951,0.09526,7498481.861282
2026-04-14 13:50:00,0.09527,0.09674,0.09526,0.09666,29018818.108962
2026-04-14 13:55:00,0.09667,0.09722,0.09644,0.09704,32704191.125813
2026-04-14 14:00:00,0.09705,0.098,0.09694,0.09716,32489868.259326
2026-04-14 14:05:00,0.09715,0.09748,0.09657,0.09667,16535157.989784
2026-04-14 14:10:00,0.09666,0.09727,0.09648,0.09725,10799368.899166
2026-04-14 14:15:00,0.09724,0.09728,0.09662,0.09688,9002497.424969
2026-04-14 14:20:00,0.0969,0.09695,0.09644,0.09665,7628212.272951
2026-04-14 14:25:00,0.09665,0.09694,0.09637,0.09666,8316462.129572
2026-04-14 14:30:00,0.09667,0.09733,0.09646,0.09653,10965313.757267
2026-04-14 14:35:00,0.09656,0.09694,0.09605,0.09624,10740391.338404
2026-04-14 14:40:00,0.09621,0.09626,0.09581,0.09609,13514201.302002
2026-04-14 14:45:00,0.09612,0.0964,0.09577,0.09599,7950161.360446
2026-04-14 14:50:00,0.09601,0.09647,0.09587,0.09646,5750409.747986
2026-04-14 14:55:00,0.09644,0.09644,0.09605,0.09606,5276107.39703
2026-04-14 15:00:00,0.09605,0.09639,0.0958,0.09627,10535553.550104
2026-04-14 15:05:00,0.09626,0.09626,0.09543,0.09562,10442293.29946
2026-04-14 15:10:00,0.09564,0.09584,0.0955,0.09558,6968079.749251
2026-04-14 15:15:00,0.09558,0.09581,0.09543,0.09565,3990267.547342
2026-04-14 15:20:00,0.09564,0.09575,0.09556,0.09566,3200432.459383
2026-04-14 15:25:00,0.09565,0.09576,0.09524,0.09535,5811355.578046
2026-04-14 15:30:00,0.09534,0.09587,0.09525,0.09586,5258492.79082
2026-04-14 15:35:00,0.09582,0.09614,0.09575,0.09597,4641128.387065
2026-04-14 15:40:00,0.09596,0.09603,0.09583,0.09589,1807702.996237
2026-04-14 15:45:00,0.09591,0.09598,0.09571,0.09579,1952068.014343
2026-04-14 15:50:00,0.09579,0.09611,0.09579,0.09588,1901102.893779
2026-04-14 15:55:00,0.09587,0.09587,0.09538,0.09541,8202042.635744
2026-04-14 16:00:00,0.0954,0.09589,0.09538,0.09584,4666890.226749
2026-04-14 16:05:00,0.09585,0.09602,0.09572,0.09595,5292807.819141
2026-04-14 16:10:00,0.09595,0.09599,0.09564,0.09579,2367741.194385
2026-04-14 16:15:00,0.09581,0.09584,0.09534,0.09544,5363871.230053
2026-04-14 16:20:00,0.09545,0.09555,0.09525,0.09545,2944994.508992
2026-04-14 16:25:00,0.09547,0.09577,0.09546,0.0956,5504759.105481
2026-04-14 16:30:00,0.0956,0.09575,0.09551,0.09568,4288726.244851
2026-04-14 16:35:00,0.09567,0.09568,0.09544,0.09563,743500.942681
2026-04-14 16:40:00,0.09562,0.09572,0.09553,0.09572,725947.027547
2026-04-14 16:45:00,0.09571,0.09574,0.09558,0.09561,1547289.270941
2026-04-14 16:50:00,0.09561,0.09562,0.09476,0.09492,6811638.016156
2026-04-14 16:55:00,0.09492,0.09515,0.0948,0.09515,2977696.692614
2026-04-14 17:00:00,0.09512,0.09524,0.09496,0.0951,2490987.931711
2026-04-14 17:05:00,0.09508,0.09513,0.09506,0.09513,707705.729889
2026-04-14 17:10:00,0.09515,0.09531,0.0951,0.09516,1260711.904762
2026-04-14 17:15:00,0.09517,0.09527,0.09511,0.0952,529379.322681
2026-04-14 17:20:00,0.0952,0.09525,0.09514,0.09521,227749.253685
2026-04-14 17:25:00,0.09523,0.0953,0.09491,0.09493,1540618.959057
2026-04-14 17:30:00,0.09492,0.09499,0.09441,0.09449,4591474.346913
2026-04-14 17:35:00,0.09448,0.09448,0.09421,0.09434,4829799.093758
2026-04-14 17:40:00,0.09435,0.09449,0.09429,0.09443,3332942.647782
2026-04-14 17:45:00,0.09442,0.09455,0.09432,0.09454,4612463.341807
2026-04-14 17:50:00,0.09453,0.09464,0.09448,0.09459,713736.069434
2026-04-14 17:55:00,0.09461,0.09474,0.09461,0.09465,782767.102364
2026-04-14 18:00:00,0.09466,0.0949,0.09459,0.09488,2183465.86077
2026-04-14 18:05:00,0.09489,0.09493,0.09473,0.09484,1516267.64409
2026-04-14 18:10:00,0.09486,0.09486,0.0945,0.09461,1006036.960612
2026-04-14 18:15:00,0.09461,0.09461,0.09441,0.09449,625518.449889
2026-04-14 18:20:00,0.09449,0.09454,0.09387,0.09394,5193557.624016
2026-04-14 18:25:00,0.09392,0.09413,0.09387,0.09399,1315970.012975
2026-04-14 18:30:00,0.09397,0.0942,0.09394,0.094,602596.62508
2026-04-14 18:35:00,0.09399,0.09404,0.09374,0.09381,6303710.374768
2026-04-14 18:40:00,0.09382,0.09391,0.09379,0.09387,475298.202556
2026-04-14 18:45:00,0.09388,0.09393,0.09291,0.09292,25494789.200832
2026-04-14 18:50:00,0.09292,0.09342,0.0929,0.09328,4422091.835787
2026-04-14 18:55:00,0.0933,0.0933,0.09306,0.09312,911800.107803
2026-04-14 19:00:00,0.09311,0.09323,0.09303,0.09318,1045532.451984
2026-04-14 19:05:00,0.0932,0.09334,0.09313,0.09318,1820441.157308
2026-04-14 19:10:00,0.09317,0.09335,0.09313,0.09314,1201629.358906
2026-04-14 19:15:00,0.09315,0.09322,0.09314,0.09319,802121.525713
2026-04-14 19:20:00,0.09318,0.09322,0.09271,0.09273,2188457.169701
2026-04-14 19:25:00,0.09273,0.09296,0.09236,0.0929,7984225.410408
2026-04-14 19:30:00,0.09291,0.093,0.09268,0.09268,1758629.296726
2026-04-14 19:35:00,0.09267,0.0928,0.09253,0.0928,1603304.419296
2026-04-14 19:40:00,0.09276,0.09285,0.0927,0.09274,2060142.554053
2026-04-14 19:45:00,0.09274,0.09283,0.09265,0.09273,1262398.938804
2026-04-14 19:50:00,0.09274,0.09283,0.09264,0.0927,1698024.509914
2026-04-14 19:55:00,0.09269,0.09286,0.09265,0.09286,2490805.723312
2026-04-14 20:00:00,0.09287,0.09289,0.09272,0.09272,5213742.918222
2026-04-14 20:05:00,0.09272,0.09283,0.0926,0.09283,972265.891685
2026-04-14 20:10:00,0.09282,0.09297,0.09274,0.09295,1311809.079565
2026-04-14 20:15:00,0.09296,0.09298,0.09278,0.09278,2034323.47501
2026-04-14 20:20:00,0.09279,0.09281,0.09242,0.09259,2290286.664806
2026-04-14 20:25:00,0.09258,0.09272,0.09252,0.0926,4623408.314312
2026-04-14 20:30:00,0.0926,0.09275,0.09258,0.09262,1259460.874665
2026-04-14 20:35:00,0.09263,0.09265,0.09247,0.09262,1339822.11101
2026-04-14 20:40:00,0.09263,0.09272,0.09251,0.09268,462190.41257
2026-04-14 20:45:00,0.09268,0.09269,0.09255,0.09261,1181440.978532
2026-04-14 20:50:00,0.09259,0.09269,0.09258,0.0926,300562.727251
2026-04-14 20:55:00,0.09259,0.09267,0.09251,0.09267,442633.085592
2026-04-14 21:00:00,0.09268,0.09307,0.09268,0.09307,1561258.144581
2026-04-14 21:05:00,0.09306,0.09306,0.09294,0.09303,2164150.826722
2026-04-14 21:10:00,0.09303,0.09303,0.09278,0.09291,3987904.767313
2026-04-14 21:15:00,0.09292,0.09299,0.09286,0.09299,1801322.204783
2026-04-14 21:20:00,0.093,0.09304,0.09292,0.09299,567342.382652
2026-04-14 21:25:00,0.093,0.09316,0.093,0.09316,1104948.923391
2026-04-14 21:30:00,0.09316,0.09322,0.09316,0.09317,283171.637442
2026-04-14 21:35:00,0.09317,0.09325,0.09313,0.09318,1618573.56428
2026-04-14 21:40:00,0.09319,0.09327,0.09308,0.09323,1440447.186325
2026-04-14 21:45:00,0.09323,0.09324,0.09311,0.09316,793122.523508
2026-04-14 21:50:00,0.09316,0.0933,0.09313,0.09328,503883.345465
2026-04-14 21:55:00,0.09328,0.09333,0.09322,0.09326,1546560.816844
2026-04-14 22:00:00,0.09326,0.09326,0.09292,0.09303,1934533.030498
2026-04-14 22:05:00,0.09306,0.09338,0.09306,0.09336,1692381.994642
2026-04-14 22:10:00,0.09335,0.09335,0.09311,0.09318,1382157.652364
2026-04-14 22:15:00,0.09317,0.0932,0.09303,0.09303,1447280.828771
2026-04-14 22:20:00,0.09303,0.09307,0.09294,0.093,839804.803833
2026-04-14 22:25:00,0.09301,0.09301,0.09273,0.09278,1550325.202435
2026-04-14 22:30:00,0.09276,0.09299,0.09266,0.09289,1992113.349633
2026-04-14 22:35:00,0.0929,0.09291,0.09267,0.09275,1806204.217503
2026-04-14 22:40:00,0.09275,0.09282,0.09261,0.0927,3187478.045542
2026-04-14 22:45:00,0.0927,0.09286,0.0927,0.09273,2175964.700973
2026-04-14 22:50:00,0.09274,0.09285,0.09272,0.09285,1030716.426447
2026-04-14 22:55:00,0.09285,0.09295,0.09277,0.09292,1463630.47249
2026-04-14 23:00:00,0.09292,0.09299,0.09287,0.09294,1319441.49496
2026-04-14 23:05:00,0.09294,0.09298,0.09279,0.09279,583086.131898
2026-04-14 23:10:00,0.0928,0.09286,0.09275,0.09286,1331276.613207
2026-04-14 23:15:00,0.09286,0.0931,0.09279,0.09305,1403100.160034
2026-04-14 23:20:00,0.09306,0.09311,0.09296,0.09298,2148079.693988
2026-04-14 23:25:00,0.09298,0.09306,0.09297,0.09305,859835.928238
2026-04-14 23:30:00,0.09306,0.09312,0.09298,0.09309,1016634.037
2026-04-14 23:35:00,0.09307,0.0932,0.09297,0.09317,1451162.024948
2026-04-14 23:40:00,0.09318,0.0932,0.09308,0.09312,1338611.203491
2026-04-14 23:45:00,0.09311,0.09314,0.09303,0.09309,1553763.484431
2026-04-14 23:50:00,0.09311,0.09311,0.09292,0.093,1023050.979773
2026-04-14 23:55:00,0.093,0.09301,0.09296,0.09297,347053.679427
2026-04-15 00:00:00,0.09298,0.09348,0.09296,0.09342,1533245.241551
2026-04-15 00:05:00,0.09341,0.09356,0.09331,0.09343,3476528.89743
2026-04-15 00:10:00,0.09344,0.09349,0.09335,0.09349,797001.166564
2026-04-15 00:15:00,0.09348,0.09348,0.09324,0.09327,1193980.184246
2026-04-15 00:20:00,0.09328,0.09353,0.09328,0.09335,1685924.78109
2026-04-15 00:25:00,0.09334,0.09337,0.09327,0.09332,599932.402195
2026-04-15 00:30:00,0.09332,0.09335,0.09305,0.09324,1741701.873773
2026-04-15 00:35:00,0.09324,0.09343,0.09319,0.09337,3556353.691265
2026-04-15 00:40:00,0.09336,0.0935,0.09332,0.09347,745052.375343
2026-04-15 00:45:00,0.09347,0.09354,0.09325,0.09328,3052142.363279
2026-04-15 00:50:00,0.09328,0.0934,0.09322,0.09323,1066972.870008
2026-04-15 00:55:00,0.09323,0.09337,0.09321,0.0933,1049573.150059
2026-04-15 01:00:00,0.09331,0.09342,0.09321,0.09339,498940.83171
2026-04-15 01:05:00,0.09339,0.09353,0.09338,0.09353,1164486.396591
2026-04-15 01:10:00,0.09353,0.09355,0.09338,0.09354,1385861.547071
2026-04-15 01:15:00,0.09354,0.09363,0.09346,0.09359,1857369.420632
2026-04-15 01:20:00,0.09358,0.09359,0.09339,0.09343,511817.709816
2026-04-15 01:25:00,0.09343,0.09352,0.09343,0.09348,1794761.346301
2026-04-15 01:30:00,0.09348,0.09351,0.09328,0.09332,3637896.250495
2026-04-15 01:35:00,0.09331,0.09344,0.09319,0.09342,1934524.017209
2026-04-15 01:40:00,0.0934,0.0935,0.09338,0.0935,949924.834369
2026-04-15 01:45:00,0.09348,0.09351,0.09341,0.0935,804239.363194
2026-04-15 01:50:00,0.09352,0.09362,0.09337,0.09339,1247323.806311
2026-04-15 01:55:00,0.09341,0.09346,0.09338,0.09346,470444.156135
2026-04-15 02:00:00,0.09347,0.09362,0.09339,0.0935,735914.265828
2026-04-15 02:05:00,0.09349,0.0935,0.09342,0.09343,239724.226092
2026-04-15 02:10:00,0.09341,0.09344,0.0934,0.09343,51291.073418
