timestamp,open,high,low,close,volume
2026-03-16 02:10:00,2184.41,2184.45,2178.2,2179.59,404.846444
2026-03-16 02:15:00,2179.65,2181.46,2176.6,2177.36,327.298321
2026-03-16 02:20:00,2177.37,2178.71,2176.24,2177.84,280.543181
2026-03-16 02:25:00,2177.84,2177.9,2170.01,2173.59,991.183541
2026-03-16 02:30:00,2173.5,2173.5,2170.72,2172.71,381.013993
2026-03-16 02:35:00,2172.71,2177.3,2172.1,2175.79,156.634084
2026-03-16 02:40:00,2175.88,2177.95,2175.05,2176.29,339.935609
2026-03-16 02:45:00,2176.37,2178.23,2173.8,2174.9,97.931026
2026-03-16 02:50:00,2175.01,2180.5,2175.01,2180.34,251.028967
2026-03-16 02:55:00,2180.34,2183.34,2180.34,2180.67,385.372343
2026-03-16 03:00:00,2180.65,2182.77,2177.45,2182.77,372.492974
2026-03-16 03:05:00,2182.79,2184.08,2178.89,2183.74,324.339944
2026-03-16 03:10:00,2183.74,2183.74,2180.62,2181.66,153.553359
2026-03-16 03:15:00,2181.65,2186.4,2179.78,2185.71,419.682342
2026-03-16 03:20:00,2185.7,2208.58,2184.86,2206.75,3922.668158
2026-03-16 03:25:00,2206.75,2209.59,2198.82,2200.9,1319.34
2026-03-16 03:30:00,2200.9,2247.05,2200.9,2244.16,12737.580239
2026-03-16 03:35:00,2244.15,2250.0,2233.48,2244.66,5989.058814
2026-03-16 03:40:00,2244.66,2253.75,2234.36,2238.53,3357.627078
2026-03-16 03:45:00,2238.53,2243.78,2230.0,2233.44,2178.260085
2026-03-16 03:50:00,2233.45,2240.0,2232.36,2238.61,978.540872
2026-03-16 03:55:00,2238.7,2239.0,2234.42,2235.64,556.449098
2026-03-16 04:00:00,2235.64,2242.49,2235.64,2239.75,1066.949642
2026-03-16 04:05:00,2239.62,2244.96,2238.0,2241.6,897.241783
2026-03-16 04:10:00,2241.61,2244.75,2239.4,2244.74,549.616474
2026-03-16 04:15:00,2244.74,2249.38,2242.77,2246.03,1045.845816
2026-03-16 04:20:00,2246.02,2266.23,2244.06,2253.61,5036.582637
2026-03-16 04:25:00,2253.62,2253.62,2245.01,2248.93,1348.773888
2026-03-16 04:30:00,2248.93,2258.98,2248.67,2255.42,1730.366636
2026-03-16 04:35:00,2255.42,2268.92,2253.69,2265.31,3948.180498
2026-03-16 04:40:00,2265.3,2269.0,2260.34,2260.8,2584.705646
2026-03-16 04:45:00,2260.82,2268.39,2257.7,2267.64,2437.441287
2026-03-16 04:50:00,2267.64,2270.0,2260.23,2268.56,1787.744836
2026-03-16 04:55:00,2268.56,2278.22,2261.93,2263.04,3346.337913
2026-03-16 05:00:00,2263.03,2264.7,2260.0,2260.9,1504.995347
2026-03-16 05:05:00,2260.69,2262.38,2256.84,2261.6,1618.937393
2026-03-16 05:10:00,2261.61,2269.14,2261.61,2263.01,858.523068
2026-03-16 05:15:00,2263.0,2264.13,2258.98,2263.13,1214.184764
2026-03-16 05:20:00,2263.12,2269.59,2262.68,2268.92,745.569358
2026-03-16 05:25:00,2268.92,2270.13,2266.49,2268.78,569.287691
2026-03-16 05:30:00,2268.77,2268.77,2260.12,2260.19,858.346361
2026-03-16 05:35:00,2260.19,2267.33,2259.52,2265.98,389.071339
2026-03-16 05:40:00,2266.27,2272.16,2265.4,2270.31,990.594744
2026-03-16 05:45:00,2270.3,2277.0,2267.67,2274.35,2662.117912
2026-03-16 05:50:00,2274.36,2276.33,2268.83,2274.5,1787.129719
2026-03-16 05:55:00,2274.49,2288.46,2273.52,2280.03,5264.850581
2026-03-16 06:00:00,2280.03,2281.1,2267.52,2267.79,1295.858325
2026-03-16 06:05:00,2267.79,2268.63,2261.78,2261.88,1451.137729
2026-03-16 06:10:00,2261.97,2265.23,2260.15,2263.04,726.174481
2026-03-16 06:15:00,2263.05,2270.45,2262.01,2268.53,603.539128
2026-03-16 06:20:00,2268.52,2270.7,2265.53,2267.36,448.065759
2026-03-16 06:25:00,2267.51,2268.87,2264.07,2265.49,331.921549
2026-03-16 06:30:00,2265.49,2269.48,2263.71,2263.75,222.541451
2026-03-16 06:35:00,2263.75,2267.33,2263.57,2266.64,175.901296
2026-03-16 06:40:00,2266.64,2270.15,2265.6,2266.59,380.651738
2026-03-16 06:45:00,2266.58,2267.1,2262.49,2263.31,288.032091
2026-03-16 06:50:00,2263.32,2264.48,2261.43,2262.48,445.827884
2026-03-16 06:55:00,2262.48,2263.68,2260.62,2261.19,186.510111
2026-03-16 07:00:00,2261.23,2269.46,2260.07,2267.32,1155.757677
2026-03-16 07:05:00,2267.33,2267.86,2265.01,2266.71,707.340772
2026-03-16 07:10:00,2266.71,2268.43,2264.98,2265.69,728.496144
2026-03-16 07:15:00,2265.68,2268.57,2260.0,2267.92,1480.442979
2026-03-16 07:20:00,2267.92,2268.42,2265.15,2265.15,476.165334
2026-03-16 07:25:00,2265.15,2267.14,2262.91,2266.39,1035.910121
2026-03-16 07:30:00,2266.38,2267.05,2260.33,2260.41,675.769346
2026-03-16 07:35:00,2260.4,2261.4,2250.97,2252.32,1950.570971
2026-03-16 07:40:00,2252.33,2254.98,2251.58,2253.07,998.296368
2026-03-16 07:45:00,2253.07,2253.96,2248.95,2251.29,997.531354
2026-03-16 07:50:00,2251.29,2251.77,2244.57,2247.94,1639.886162
2026-03-16 07:55:00,2247.93,2250.95,2247.8,2248.5,970.730199
2026-03-16 08:00:00,2248.51,2256.85,2248.51,2254.73,869.313285
2026-03-16 08:05:00,2254.73,2258.66,2253.82,2257.43,387.240776
2026-03-16 08:10:00,2257.42,2258.66,2250.0,2250.25,323.832656
2026-03-16 08:15:00,2250.22,2253.87,2245.33,2253.24,567.780074
2026-03-16 08:20:00,2253.14,2257.47,2250.73,2255.8,518.411042
2026-03-16 08:25:00,2255.75,2255.75,2250.44,2250.66,503.20132
2026-03-16 08:30:00,2250.66,2253.07,2245.0,2246.93,631.63671
2026-03-16 08:35:00,2246.93,2250.57,2240.13,2241.28,1199.093788
2026-03-16 08:40:00,2241.27,2245.0,2236.36,2237.19,1273.56732
2026-03-16 08:45:00,2237.26,2243.72,2234.41,2242.68,971.965391
2026-03-16 08:50:00,2242.77,2246.4,2236.96,2245.6,675.999055
2026-03-16 08:55:00,2245.6,2245.85,2242.76,2243.2,183.194074
2026-03-16 09:00:00,2243.23,2245.06,2241.3,2242.02,152.241354
2026-03-16 09:05:00,2242.02,2245.27,2239.77,2245.27,379.343936
2026-03-16 09:10:00,2245.32,2248.65,2244.81,2245.8,445.451561
2026-03-16 09:15:00,2245.85,2250.12,2245.85,2248.55,981.607979
2026-03-16 09:20:00,2248.55,2251.29,2246.31,2249.38,455.793518
2026-03-16 09:25:00,2249.38,2256.5,2249.38,2255.15,1117.747331
2026-03-16 09:30:00,2255.11,2256.45,2251.69,2251.91,282.994937
2026-03-16 09:35:00,2251.81,2256.6,2251.81,2253.75,554.6475
2026-03-16 09:40:00,2253.78,2256.17,2253.49,2253.49,195.678434
2026-03-16 09:45:00,2253.5,2265.99,2253.12,2263.91,1406.676368
2026-03-16 09:50:00,2263.91,2265.18,2259.83,2260.08,337.825035
2026-03-16 09:55:00,2260.09,2261.05,2259.58,2260.46,132.478235
2026-03-16 10:00:00,2260.41,2269.0,2260.28,2265.92,849.749125
2026-03-16 10:05:00,2265.93,2269.91,2264.0,2267.84,979.058926
2026-03-16 10:10:00,2267.84,2268.88,2265.16,2266.22,459.343416
2026-03-16 10:15:00,2266.19,2269.02,2265.24,2265.97,467.160648
2026-03-16 10:20:00,2266.08,2272.78,2263.67,2268.54,625.258953
2026-03-16 10:25:00,2268.55,2268.69,2265.46,2265.54,236.374811
2026-03-16 10:30:00,2265.55,2265.55,2259.18,2259.74,875.864472
2026-03-16 10:35:00,2259.74,2259.74,2256.02,2257.47,1196.544007
2026-03-16 10:40:00,2257.25,2260.55,2257.1,2259.49,1100.166434
2026-03-16 10:45:00,2259.49,2267.79,2258.46,2267.75,1397.705486
2026-03-16 10:50:00,2267.39,2270.89,2266.12,2269.1,1152.695781
2026-03-16 10:55:00,2269.11,2278.84,2269.11,2277.99,2016.871519
2026-03-16 11:00:00,2278.0,2279.71,2274.3,2274.86,1821.75202
2026-03-16 11:05:00,2274.86,2277.23,2274.61,2274.72,980.206273
2026-03-16 11:10:00,2274.72,2278.11,2272.88,2274.42,1144.027671
2026-03-16 11:15:00,2274.33,2280.34,2273.57,2277.25,1781.611541
2026-03-16 11:20:00,2277.25,2277.75,2268.28,2269.57,1281.159424
2026-03-16 11:25:00,2269.57,2272.64,2266.08,2267.75,1061.242235
2026-03-16 11:30:00,2267.75,2269.71,2266.0,2269.54,242.795644
2026-03-16 11:35:00,2269.54,2270.53,2267.56,2269.59,231.048778
2026-03-16 11:40:00,2269.59,2272.78,2268.35,2271.13,508.929
2026-03-16 11:45:00,2271.12,2276.0,2270.9,2271.78,207.009393
2026-03-16 11:50:00,2271.95,2273.46,2270.54,2271.55,128.024639
2026-03-16 11:55:00,2271.54,2271.55,2269.51,2269.9,163.353546
2026-03-16 12:00:00,2269.91,2293.8,2269.79,2279.04,3032.701625
2026-03-16 12:05:00,2279.03,2281.58,2273.94,2276.33,1108.436413
2026-03-16 12:10:00,2276.33,2282.99,2271.81,2281.25,783.011774
2026-03-16 12:15:00,2281.18,2288.03,2277.24,2288.02,998.01707
2026-03-16 12:20:00,2288.02,2297.0,2284.0,2286.81,2711.457324
2026-03-16 12:25:00,2286.8,2305.0,2282.06,2299.49,5938.401921
2026-03-16 12:30:00,2299.5,2302.54,2291.66,2293.4,1813.842842
2026-03-16 12:35:00,2293.4,2294.59,2283.69,2287.94,1722.794836
2026-03-16 12:40:00,2287.93,2288.7,2280.0,2282.42,1080.816265
2026-03-16 12:45:00,2282.41,2284.03,2276.8,2279.48,1312.530176
2026-03-16 12:50:00,2279.48,2281.44,2277.0,2277.62,1023.033369
2026-03-16 12:55:00,2277.61,2280.85,2277.04,2279.3,883.350846
2026-03-16 13:00:00,2279.31,2282.07,2277.36,2279.27,1295.381748
2026-03-16 13:05:00,2279.3,2282.07,2273.72,2274.94,1442.893732
2026-03-16 13:10:00,2274.94,2279.23,2273.52,2279.16,611.011205
2026-03-16 13:15:00,2279.23,2280.51,2272.22,2273.73,508.524773
2026-03-16 13:20:00,2273.73,2282.04,2273.41,2280.46,701.9929
2026-03-16 13:25:00,2280.45,2281.82,2278.36,2280.54,161.46379
2026-03-16 13:30:00,2280.53,2298.3,2277.05,2296.44,2713.675396
2026-03-16 13:35:00,2296.44,2302.91,2288.01,2297.65,3343.676166
2026-03-16 13:40:00,2297.74,2308.0,2286.7,2291.11,4065.614622
2026-03-16 13:45:00,2291.1,2302.31,2290.16,2290.94,2656.181683
2026-03-16 13:50:00,2291.1,2292.84,2276.79,2277.3,2406.743564
2026-03-16 13:55:00,2277.31,2289.0,2277.16,2288.6,761.138978
2026-03-16 14:00:00,2288.34,2299.69,2283.35,2294.57,1947.419313
2026-03-16 14:05:00,2294.55,2303.47,2290.42,2299.62,2167.824148
2026-03-16 14:10:00,2299.55,2304.17,2294.14,2297.47,1085.140783
2026-03-16 14:15:00,2297.35,2301.77,2293.7,2294.12,1192.873247
2026-03-16 14:20:00,2294.12,2302.14,2293.84,2295.62,1063.210751
2026-03-16 14:25:00,2295.6,2296.61,2280.03,2280.68,982.380048
2026-03-16 14:30:00,2280.71,2281.28,2260.0,2267.95,10950.555791
2026-03-16 14:35:00,2267.95,2275.19,2257.87,2260.38,2732.25566
2026-03-16 14:40:00,2260.32,2267.34,2255.0,2263.7,3002.560997
2026-03-16 14:45:00,2263.75,2266.66,2260.79,2261.16,889.075885
2026-03-16 14:50:00,2261.15,2272.54,2256.62,2271.55,1130.217324
2026-03-16 14:55:00,2271.56,2290.61,2270.22,2288.29,2195.07313
2026-03-16 15:00:00,2288.29,2292.0,2279.36,2283.7,1022.195794
2026-03-16 15:05:00,2283.71,2287.49,2277.52,2287.49,762.452782
2026-03-16 15:10:00,2287.49,2293.92,2282.45,2287.38,1019.601076
2026-03-16 15:15:00,2287.21,2292.99,2282.03,2292.78,2052.144042
2026-03-16 15:20:00,2292.95,2293.23,2284.86,2290.83,1596.599305
2026-03-16 15:25:00,2290.84,2291.93,2287.7,2291.37,1021.57273
2026-03-16 15:30:00,2291.38,2299.0,2286.4,2288.38,937.068289
2026-03-16 15:35:00,2288.65,2293.1,2283.43,2285.62,890.650182
2026-03-16 15:40:00,2285.57,2286.58,2281.9,2283.8,647.162295
2026-03-16 15:45:00,2283.72,2287.39,2281.89,2284.0,541.960764
2026-03-16 15:50:00,2283.99,2284.08,2274.39,2276.19,1111.02441
2026-03-16 15:55:00,2276.19,2276.19,2269.52,2273.37,665.517182
2026-03-16 16:00:00,2273.37,2277.12,2269.54,2273.6,811.078177
2026-03-16 16:05:00,2273.6,2285.97,2273.11,2279.25,640.179666
2026-03-16 16:10:00,2279.18,2281.44,2275.69,2277.55,290.60376
2026-03-16 16:15:00,2277.54,2287.99,2277.2,2284.9,1595.308247
2026-03-16 16:20:00,2284.95,2285.96,2279.06,2279.18,410.479917
2026-03-16 16:25:00,2279.17,2283.95,2276.78,2282.81,1203.480238
2026-03-16 16:30:00,2282.82,2285.99,2278.16,2280.59,605.475567
2026-03-16 16:35:00,2280.37,2285.32,2280.36,2284.35,300.954766
2026-03-16 16:40:00,2284.36,2292.56,2282.98,2291.09,5232.192183
2026-03-16 16:45:00,2291.08,2294.84,2287.51,2289.14,573.752298
2026-03-16 16:50:00,2289.14,2298.23,2288.51,2294.67,998.091776
2026-03-16 16:55:00,2294.72,2300.0,2292.34,2296.95,1298.623481
2026-03-16 17:00:00,2296.96,2303.69,2293.29,2299.93,1089.518342
2026-03-16 17:05:00,2299.94,2306.91,2299.01,2301.05,964.761061
2026-03-16 17:10:00,2301.08,2308.0,2300.89,2304.65,681.789895
2026-03-16 17:15:00,2304.67,2305.56,2300.49,2303.54,505.330626
2026-03-16 17:20:00,2303.64,2306.48,2300.6,2302.71,508.817598
2026-03-16 17:25:00,2302.71,2304.57,2298.13,2300.33,588.043726
2026-03-16 17:30:00,2300.34,2316.42,2300.34,2304.8,2387.906075
2026-03-16 17:35:00,2304.8,2312.32,2304.8,2312.0,478.353789
2026-03-16 17:40:00,2312.03,2315.74,2310.35,2312.47,757.970549
2026-03-16 17:45:00,2312.46,2323.18,2312.19,2316.72,1694.129731
2026-03-16 17:50:00,2316.57,2316.57,2308.73,2312.66,1089.119321
2026-03-16 17:55:00,2312.65,2316.18,2311.12,2314.41,564.064179
2026-03-16 18:00:00,2314.41,2318.68,2313.71,2317.78,546.736354
2026-03-16 18:05:00,2317.78,2337.15,2316.26,2335.34,3041.971927
2026-03-16 18:10:00,2335.33,2342.0,2329.87,2334.8,6019.295579
2026-03-16 18:15:00,2334.97,2340.2,2332.8,2333.94,929.499072
2026-03-16 18:20:00,2334.24,2340.83,2330.45,2339.85,742.409101
2026-03-16 18:25:00,2339.82,2346.9,2334.36,2337.75,1819.223879
2026-03-16 18:30:00,2337.77,2344.39,2334.01,2343.44,623.479008
2026-03-16 18:35:00,2343.45,2345.66,2333.86,2335.67,1493.255297
2026-03-16 18:40:00,2335.75,2342.34,2333.9,2340.01,1186.760667
2026-03-16 18:45:00,2340.0,2340.09,2334.23,2334.57,876.915783
2026-03-16 18:50:00,2334.75,2335.69,2324.65,2324.84,1655.16405
2026-03-16 18:55:00,2324.84,2325.15,2319.48,2321.41,989.506773
2026-03-16 19:00:00,2321.5,2327.79,2318.34,2321.79,685.452801
2026-03-16 19:05:00,2321.79,2344.53,2321.06,2343.95,1246.909767
2026-03-16 19:10:00,2343.94,2348.18,2333.33,2338.33,2087.920462
2026-03-16 19:15:00,2338.3,2341.56,2330.46,2330.55,920.153285
2026-03-16 19:20:00,2330.46,2335.71,2328.84,2334.61,506.19546
2026-03-16 19:25:00,2334.61,2334.61,2324.35,2332.46,692.714181
2026-03-16 19:30:00,2332.46,2338.11,2332.16,2334.0,319.482437
2026-03-16 19:35:00,2334.01,2336.62,2329.51,2335.91,486.950843
2026-03-16 19:40:00,2335.9,2338.12,2334.07,2334.45,381.891343
2026-03-16 19:45:00,2334.36,2335.29,2324.28,2328.37,624.976023
2026-03-16 19:50:00,2328.38,2331.6,2326.0,2329.04,383.232204
2026-03-16 19:55:00,2329.16,2335.95,2329.16,2331.08,508.187971
2026-03-16 20:00:00,2330.85,2332.44,2324.77,2325.11,341.184526
2026-03-16 20:05:00,2325.31,2327.5,2323.74,2325.96,322.922645
2026-03-16 20:10:00,2325.98,2327.3,2324.62,2326.92,110.904677
2026-03-16 20:15:00,2326.91,2330.32,2325.09,2325.76,177.458306
2026-03-16 20:20:00,2325.75,2331.42,2325.07,2329.82,135.772685
2026-03-16 20:25:00,2329.82,2333.12,2328.29,2331.13,221.252813
2026-03-16 20:30:00,2331.14,2336.61,2330.61,2336.2,338.438017
2026-03-16 20:35:00,2336.25,2342.45,2334.47,2342.15,585.6503
2026-03-16 20:40:00,2342.15,2342.15,2336.62,2336.87,97.547678
2026-03-16 20:45:00,2336.94,2341.74,2336.94,2341.74,380.915691
2026-03-16 20:50:00,2341.78,2347.17,2340.88,2342.66,570.219744
2026-03-16 20:55:00,2342.65,2347.63,2342.16,2345.26,205.418588
2026-03-16 21:00:00,2345.29,2358.0,2343.85,2355.05,2750.891913
2026-03-16 21:05:00,2355.11,2355.99,2343.76,2347.0,1187.942173
2026-03-16 21:10:00,2347.0,2353.5,2346.83,2350.85,1433.298317
2026-03-16 21:15:00,2350.84,2353.24,2347.05,2350.44,931.851327
2026-03-16 21:20:00,2350.45,2353.32,2344.85,2350.02,653.63481
2026-03-16 21:25:00,2350.0,2350.38,2345.01,2347.04,380.174447
2026-03-16 21:30:00,2347.0,2358.84,2346.22,2356.66,372.658067
2026-03-16 21:35:00,2356.66,2377.0,2354.75,2363.02,5007.82134
2026-03-16 21:40:00,2363.03,2364.79,2354.75,2359.13,1449.613454
2026-03-16 21:45:00,2359.22,2366.24,2357.34,2365.71,522.799509
2026-03-16 21:50:00,2365.81,2370.83,2360.68,2364.13,431.840962
2026-03-16 21:55:00,2364.14,2364.17,2357.8,2360.96,414.791208
2026-03-16 22:00:00,2360.73,2373.46,2359.66,2372.54,1020.334371
2026-03-16 22:05:00,2372.53,2387.23,2372.53,2381.21,2564.649119
2026-03-16 22:10:00,2381.2,2382.54,2374.31,2376.7,434.253113
2026-03-16 22:15:00,2376.63,2377.0,2369.17,2373.77,593.423138
2026-03-16 22:20:00,2373.77,2373.77,2358.7,2358.99,1405.664591
2026-03-16 22:25:00,2358.69,2361.58,2355.01,2359.37,646.883205
2026-03-16 22:30:00,2359.36,2364.08,2357.96,2360.01,693.456269
2026-03-16 22:35:00,2360.01,2365.91,2360.01,2365.38,256.852284
2026-03-16 22:40:00,2365.21,2366.55,2362.14,2365.9,270.23671
2026-03-16 22:45:00,2365.9,2368.8,2365.05,2366.26,665.584662
2026-03-16 22:50:00,2366.25,2366.62,2358.64,2359.54,941.975649
2026-03-16 22:55:00,2359.41,2360.05,2356.42,2357.95,646.040961
2026-03-16 23:00:00,2358.1,2358.1,2343.26,2343.94,1953.864699
2026-03-16 23:05:00,2343.93,2347.6,2330.46,2332.69,2277.750635
2026-03-16 23:10:00,2332.6,2341.0,2332.22,2339.76,818.422663
2026-03-16 23:15:00,2339.76,2344.04,2337.79,2341.82,528.240995
2026-03-16 23:20:00,2341.81,2344.18,2337.5,2343.62,506.578032
2026-03-16 23:25:00,2343.62,2351.66,2343.62,2351.41,777.094535
2026-03-16 23:30:00,2351.4,2358.68,2350.01,2355.49,1316.639191
2026-03-16 23:35:00,2355.49,2357.53,2353.7,2355.07,284.624385
2026-03-16 23:40:00,2355.07,2359.33,2354.84,2357.95,386.41984
2026-03-16 23:45:00,2358.01,2363.8,2353.0,2354.64,1336.052251
2026-03-16 23:50:00,2354.63,2356.41,2346.89,2350.6,513.836982
2026-03-16 23:55:00,2350.61,2352.68,2349.71,2352.68,263.532018
2026-03-17 00:00:00,2352.68,2352.68,2340.61,2343.0,1024.613929
2026-03-17 00:05:00,2343.06,2353.41,2342.77,2348.99,1000.054936
2026-03-17 00:10:00,2348.98,2374.44,2348.98,2367.37,4749.751105
2026-03-17 00:15:00,2367.02,2377.0,2360.27,2363.7,3122.133076
2026-03-17 00:20:00,2363.47,2363.47,2346.22,2346.82,1408.360608
2026-03-17 00:25:00,2346.82,2353.96,2342.19,2353.8,776.732617
2026-03-17 00:30:00,2353.88,2368.35,2353.88,2363.24,2729.382795
2026-03-17 00:35:00,2363.27,2365.61,2351.09,2352.58,1196.074155
2026-03-17 00:40:00,2352.4,2356.56,2348.67,2353.33,915.143453
2026-03-17 00:45:00,2353.33,2356.9,2350.53,2350.54,328.21771
2026-03-17 00:50:00,2350.53,2351.19,2346.65,2350.68,561.941175
2026-03-17 00:55:00,2350.76,2357.69,2347.14,2357.69,726.979971
2026-03-17 01:00:00,2357.71,2359.17,2347.69,2349.14,638.146478
2026-03-17 01:05:00,2349.15,2362.32,2346.89,2359.43,854.266883
2026-03-17 01:10:00,2359.33,2374.35,2357.46,2364.89,2887.669138
2026-03-17 01:15:00,2364.95,2368.49,2359.1,2366.72,765.391522
2026-03-17 01:20:00,2366.89,2367.87,2357.88,2361.62,545.428275
2026-03-17 01:25:00,2361.63,2365.96,2360.35,2364.63,771.749814
2026-03-17 01:30:00,2364.64,2369.73,2358.94,2369.73,908.6571
2026-03-17 01:35:00,2369.79,2374.94,2364.51,2365.91,2565.467195
2026-03-17 01:40:00,2366.13,2368.64,2351.13,2360.37,2017.666805
2026-03-17 01:45:00,2360.23,2366.5,2357.96,2360.58,1890.283263
2026-03-17 01:50:00,2360.64,2362.5,2351.39,2353.69,1312.243133
2026-03-17 01:55:00,2354.0,2361.74,2354.0,2360.93,798.378227
2026-03-17 02:00:00,2360.91,2361.85,2357.65,2358.3,352.016632
2026-03-17 02:05:00,2358.3,2358.3,2347.99,2349.61,1231.01011
2026-03-17 02:10:00,2349.61,2350.32,2345.01,2349.21,873.945176
2026-03-17 02:15:00,2349.29,2350.0,2344.95,2345.77,794.265196
2026-03-17 02:20:00,2345.78,2349.3,2344.61,2346.35,292.550403
2026-03-17 02:25:00,2346.34,2348.54,2344.8,2347.93,393.012824
2026-03-17 02:30:00,2347.92,2355.1,2346.15,2353.31,485.384537
2026-03-17 02:35:00,2353.29,2360.13,2352.76,2360.13,540.41708
2026-03-17 02:40:00,2360.14,2361.52,2357.16,2358.2,626.271006
2026-03-17 02:45:00,2358.15,2361.52,2355.07,2357.56,551.953779
2026-03-17 02:50:00,2357.62,2359.07,2355.86,2356.93,373.608099
2026-03-17 02:55:00,2356.95,2357.14,2350.09,2351.09,583.491662
2026-03-17 03:00:00,2351.1,2355.89,2350.69,2353.83,400.56818
2026-03-17 03:05:00,2353.8,2353.8,2349.51,2349.51,458.850359
2026-03-17 03:10:00,2349.5,2349.5,2341.67,2342.45,809.77936
2026-03-17 03:15:00,2342.5,2344.42,2340.0,2344.19,472.994182
2026-03-17 03:20:00,2344.27,2344.45,2335.0,2336.18,2209.911998
2026-03-17 03:25:00,2336.16,2339.55,2333.68,2336.75,807.621153
2026-03-17 03:30:00,2336.78,2336.78,2322.39,2324.55,2554.546759
2026-03-17 03:35:00,2324.45,2326.24,2317.75,2323.99,1212.699296
2026-03-17 03:40:00,2323.95,2323.95,2314.04,2316.44,1465.539665
2026-03-17 03:45:00,2316.45,2316.45,2308.94,2310.9,1937.908404
2026-03-17 03:50:00,2310.91,2318.71,2308.11,2313.02,2068.475913
2026-03-17 03:55:00,2313.03,2321.62,2311.15,2320.16,1022.879492
2026-03-17 04:00:00,2320.17,2326.49,2318.96,2323.7,3362.551019
2026-03-17 04:05:00,2323.7,2328.02,2322.61,2327.91,730.133228
2026-03-17 04:10:00,2327.9,2330.53,2324.04,2328.33,480.74346
2026-03-17 04:15:00,2328.33,2328.48,2318.11,2320.04,997.625335
2026-03-17 04:20:00,2320.05,2321.09,2309.18,2311.59,1695.544696
2026-03-17 04:25:00,2311.6,2316.11,2309.99,2313.0,971.736279
2026-03-17 04:30:00,2313.01,2316.63,2305.0,2310.23,1395.53403
2026-03-17 04:35:00,2309.96,2314.56,2302.17,2304.21,1879.776841
2026-03-17 04:40:00,2304.22,2309.09,2296.32,2305.11,2439.801629
2026-03-17 04:45:00,2305.08,2310.55,2304.71,2310.55,395.892962
2026-03-17 04:50:00,2310.54,2313.5,2309.76,2311.37,413.225632
2026-03-17 04:55:00,2311.31,2313.58,2310.22,2311.5,369.530507
2026-03-17 05:00:00,2311.51,2312.01,2305.81,2311.61,446.774695
2026-03-17 05:05:00,2311.98,2316.6,2310.98,2311.65,543.663708
2026-03-17 05:10:00,2311.66,2315.45,2311.06,2312.9,661.324213
2026-03-17 05:15:00,2312.8,2319.83,2312.75,2314.11,798.602524
2026-03-17 05:20:00,2314.1,2315.3,2310.52,2315.11,218.95052
2026-03-17 05:25:00,2315.12,2318.22,2315.04,2316.11,166.977309
2026-03-17 05:30:00,2316.1,2318.15,2313.21,2313.98,315.851024
2026-03-17 05:35:00,2313.98,2314.6,2306.46,2308.1,545.416699
2026-03-17 05:40:00,2308.11,2309.0,2302.17,2302.41,718.124091
2026-03-17 05:45:00,2302.83,2304.94,2298.13,2300.63,1223.405091
2026-03-17 05:50:00,2300.6,2308.94,2300.6,2308.35,604.863577
2026-03-17 05:55:00,2308.35,2310.52,2305.51,2307.41,336.610472
2026-03-17 06:00:00,2307.54,2309.05,2296.75,2302.05,927.075803
2026-03-17 06:05:00,2302.03,2305.29,2298.01,2304.55,613.350623
2026-03-17 06:10:00,2304.55,2317.68,2302.35,2315.63,1476.969404
2026-03-17 06:15:00,2315.6,2318.11,2313.37,2314.44,399.272063
2026-03-17 06:20:00,2314.41,2324.23,2314.14,2320.62,863.340834
2026-03-17 06:25:00,2320.6,2322.47,2318.2,2321.65,338.712329
2026-03-17 06:30:00,2321.46,2324.54,2316.01,2319.82,333.169748
2026-03-17 06:35:00,2319.82,2321.84,2319.35,2321.84,129.955204
2026-03-17 06:40:00,2321.83,2321.84,2310.01,2310.67,900.79635
2026-03-17 06:45:00,2310.67,2314.31,2308.14,2310.01,648.783289
2026-03-17 06:50:00,2310.01,2315.34,2310.01,2313.07,167.715557
2026-03-17 06:55:00,2313.01,2315.74,2313.01,2315.29,100.999759
2026-03-17 07:00:00,2315.3,2321.0,2315.13,2319.76,491.986127
2026-03-17 07:05:00,2319.76,2320.99,2317.72,2319.59,199.072827
2026-03-17 07:10:00,2319.62,2325.48,2319.62,2324.79,688.339261
2026-03-17 07:15:00,2324.79,2337.6,2324.78,2336.3,1654.831321
2026-03-17 07:20:00,2336.29,2339.83,2333.75,2336.48,626.893535
2026-03-17 07:25:00,2336.5,2337.39,2334.55,2335.49,415.764132
2026-03-17 07:30:00,2335.49,2336.31,2330.78,2331.72,454.303077
2026-03-17 07:35:00,2331.87,2332.87,2328.43,2330.72,356.916865
2026-03-17 07:40:00,2330.71,2333.79,2328.79,2331.07,442.420936
2026-03-17 07:45:00,2331.06,2332.7,2329.15,2329.23,238.737726
2026-03-17 07:50:00,2329.23,2329.23,2325.3,2325.35,182.084935
2026-03-17 07:55:00,2325.35,2328.42,2325.15,2327.94,310.387562
2026-03-17 08:00:00,2327.87,2335.47,2327.64,2330.7,541.990833
2026-03-17 08:05:00,2330.77,2332.7,2326.88,2327.56,501.016044
2026-03-17 08:10:00,2327.33,2328.58,2317.0,2322.41,1031.496668
2026-03-17 08:15:00,2322.4,2328.72,2318.65,2327.87,292.980825
2026-03-17 08:20:00,2327.86,2331.12,2324.4,2325.69,180.825643
2026-03-17 08:25:00,2325.74,2328.71,2324.7,2326.62,195.462985
2026-03-17 08:30:00,2326.67,2328.55,2322.07,2322.57,128.317041
2026-03-17 08:35:00,2322.89,2323.24,2320.49,2322.61,214.858218
2026-03-17 08:40:00,2322.61,2333.03,2322.6,2331.69,567.525078
2026-03-17 08:45:00,2331.69,2333.0,2330.74,2331.35,240.217251
2026-03-17 08:50:00,2331.34,2331.9,2327.8,2328.51,182.644357
2026-03-17 08:55:00,2328.47,2329.34,2316.17,2320.78,1451.733311
2026-03-17 09:00:00,2320.77,2325.16,2314.15,2315.76,966.005101
2026-03-17 09:05:00,2315.88,2317.06,2310.71,2311.08,583.407562
2026-03-17 09:10:00,2311.08,2313.47,2308.0,2310.63,614.501029
2026-03-17 09:15:00,2310.62,2319.42,2306.64,2319.17,702.778279
2026-03-17 09:20:00,2319.17,2319.17,2314.52,2318.26,379.246247
2026-03-17 09:25:00,2318.25,2329.55,2318.07,2325.23,1733.060616
2026-03-17 09:30:00,2325.22,2326.45,2318.44,2320.68,714.494695
2026-03-17 09:35:00,2320.68,2325.69,2319.54,2323.71,626.803356
2026-03-17 09:40:00,2323.7,2325.0,2320.43,2323.52,128.94912
2026-03-17 09:45:00,2323.52,2323.61,2320.95,2321.34,216.723851
2026-03-17 09:50:00,2321.34,2322.65,2313.51,2315.26,401.565106
2026-03-17 09:55:00,2315.27,2316.79,2311.32,2315.99,505.641631
2026-03-17 10:00:00,2315.99,2317.14,2313.53,2313.76,128.984628
2026-03-17 10:05:00,2313.7,2313.91,2307.41,2312.36,874.967033
2026-03-17 10:10:00,2312.37,2316.07,2310.07,2313.19,556.394429
2026-03-17 10:15:00,2313.18,2314.04,2303.7,2311.06,1031.850328
2026-03-17 10:20:00,2311.04,2311.99,2308.31,2311.52,295.279754
2026-03-17 10:25:00,2311.52,2314.69,2310.2,2313.95,1444.16795
2026-03-17 10:30:00,2313.95,2314.73,2310.55,2314.73,1489.489386
2026-03-17 10:35:00,2314.74,2317.0,2310.0,2314.5,530.940479
2026-03-17 10:40:00,2314.49,2314.49,2309.5,2310.25,346.614272
2026-03-17 10:45:00,2310.24,2311.28,2308.59,2308.59,127.112802
2026-03-17 10:50:00,2308.53,2315.37,2307.0,2312.74,750.00182
2026-03-17 10:55:00,2312.65,2313.88,2312.13,2313.2,113.141938
2026-03-17 11:00:00,2313.21,2316.9,2312.01,2316.9,238.450096
2026-03-17 11:05:00,2316.73,2321.96,2316.32,2321.94,510.604105
2026-03-17 11:10:00,2321.96,2323.62,2320.64,2323.62,255.705137
2026-03-17 11:15:00,2323.62,2332.26,2323.62,2330.95,1342.992675
2026-03-17 11:20:00,2330.93,2331.94,2327.82,2330.27,254.282827
2026-03-17 11:25:00,2330.26,2332.87,2327.13,2328.86,278.745538
2026-03-17 11:30:00,2328.86,2329.6,2325.7,2327.85,309.550492
2026-03-17 11:35:00,2327.85,2331.37,2326.43,2329.2,166.956298
2026-03-17 11:40:00,2329.21,2330.89,2328.88,2330.18,103.941246
2026-03-17 11:45:00,2330.18,2332.92,2328.58,2330.95,334.993511
2026-03-17 11:50:00,2330.95,2333.3,2325.46,2326.06,397.987545
2026-03-17 11:55:00,2326.07,2329.22,2325.24,2326.86,263.234549
2026-03-17 12:00:00,2326.84,2329.07,2326.27,2328.56,161.069231
2026-03-17 12:05:00,2328.47,2331.1,2328.0,2330.78,883.059627
2026-03-17 12:10:00,2330.77,2332.78,2325.75,2326.64,222.93292
2026-03-17 12:15:00,2326.64,2334.76,2322.0,2333.8,641.416269
2026-03-17 12:20:00,2334.01,2335.12,2324.18,2324.61,440.389077
2026-03-17 12:25:00,2324.61,2325.49,2317.0,2320.68,648.325519
2026-03-17 12:30:00,2320.67,2324.3,2319.18,2321.85,166.67639
2026-03-17 12:35:00,2321.62,2322.64,2313.0,2321.78,469.469367
2026-03-17 12:40:00,2321.77,2322.65,2319.47,2321.04,516.847268
2026-03-17 12:45:00,2321.05,2321.05,2316.37,2317.36,179.375446
2026-03-17 12:50:00,2317.32,2317.8,2313.18,2316.0,522.412878
2026-03-17 12:55:00,2315.99,2318.12,2312.95,2315.62,567.741729
2026-03-17 13:00:00,2315.65,2319.44,2313.47,2319.44,207.263573
2026-03-17 13:05:00,2319.15,2319.81,2317.64,2318.78,168.010223
2026-03-17 13:10:00,2318.78,2320.4,2317.42,2319.17,237.052733
2026-03-17 13:15:00,2319.16,2321.5,2316.13,2319.83,528.49588
2026-03-17 13:20:00,2319.82,2323.37,2317.8,2319.95,711.727347
2026-03-17 13:25:00,2319.95,2321.76,2317.32,2320.81,496.012917
2026-03-17 13:30:00,2320.81,2344.12,2318.85,2336.03,3923.46444
2026-03-17 13:35:00,2336.03,2343.98,2333.64,2343.47,2586.998864
2026-03-17 13:40:00,2343.64,2346.66,2332.8,2333.08,1978.859573
2026-03-17 13:45:00,2332.97,2334.62,2322.22,2331.45,2918.091079
2026-03-17 13:50:00,2331.45,2332.53,2317.2,2326.85,2603.735798
2026-03-17 13:55:00,2326.94,2331.24,2325.66,2328.93,1052.680557
2026-03-17 14:00:00,2328.95,2330.65,2319.24,2323.37,1673.148707
2026-03-17 14:05:00,2323.43,2334.65,2322.67,2333.76,1062.586687
2026-03-17 14:10:00,2333.76,2335.8,2327.21,2332.05,523.795639
2026-03-17 14:15:00,2332.25,2333.1,2323.07,2330.05,522.812596
2026-03-17 14:20:00,2329.99,2334.23,2327.62,2331.79,408.279801
2026-03-17 14:25:00,2331.79,2337.22,2328.17,2333.95,562.891267
2026-03-17 14:30:00,2334.12,2346.34,2334.12,2343.92,1290.856727
2026-03-17 14:35:00,2343.81,2348.85,2339.48,2341.48,1514.63581
2026-03-17 14:40:00,2341.48,2346.51,2339.0,2342.95,981.722962
2026-03-17 14:45:00,2342.95,2347.4,2340.26,2341.37,1055.396799
2026-03-17 14:50:00,2341.4,2342.86,2337.0,2341.05,498.212189
2026-03-17 14:55:00,2341.15,2345.0,2339.31,2343.44,701.509487
2026-03-17 15:00:00,2343.44,2357.74,2343.44,2351.18,2515.765081
2026-03-17 15:05:00,2351.25,2352.41,2336.67,2336.91,1266.985312
2026-03-17 15:10:00,2336.99,2336.99,2328.41,2329.09,978.075535
2026-03-17 15:15:00,2329.0,2335.11,2328.01,2332.57,590.236615
2026-03-17 15:20:00,2332.58,2334.79,2323.2,2325.03,586.399258
2026-03-17 15:25:00,2324.93,2327.29,2320.11,2323.49,627.791358
2026-03-17 15:30:00,2323.43,2327.32,2317.5,2318.05,632.733108
2026-03-17 15:35:00,2318.01,2319.81,2304.55,2309.95,3365.0875
2026-03-17 15:40:00,2309.95,2314.52,2304.68,2313.22,804.123585
2026-03-17 15:45:00,2313.16,2313.45,2307.15,2308.95,598.794131
2026-03-17 15:50:00,2309.11,2321.28,2309.11,2318.87,434.828406
2026-03-17 15:55:00,2318.88,2319.3,2315.0,2316.24,134.090181
2026-03-17 16:00:00,2316.19,2318.92,2312.53,2317.12,253.510063
2026-03-17 16:05:00,2317.02,2322.89,2315.71,2321.47,338.260505
2026-03-17 16:10:00,2321.27,2325.74,2317.5,2317.71,490.7177
2026-03-17 16:15:00,2317.88,2328.49,2316.53,2327.88,404.227932
2026-03-17 16:20:00,2327.98,2335.92,2325.41,2334.7,550.755984
2026-03-17 16:25:00,2334.7,2337.79,2330.0,2331.3,760.052549
2026-03-17 16:30:00,2331.29,2333.21,2322.85,2326.82,632.146556
2026-03-17 16:35:00,2326.82,2327.28,2320.81,2323.67,149.003781
2026-03-17 16:40:00,2323.69,2327.02,2321.8,2326.27,129.673381
2026-03-17 16:45:00,2326.27,2328.73,2322.0,2325.93,488.056463
2026-03-17 16:50:00,2325.92,2331.47,2325.59,2327.63,269.37725
2026-03-17 16:55:00,2327.63,2329.22,2323.78,2327.07,168.947361
2026-03-17 17:00:00,2327.06,2334.27,2326.53,2331.32,197.519052
2026-03-17 17:05:00,2331.26,2332.03,2327.25,2327.94,248.722518
2026-03-17 17:10:00,2327.95,2328.32,2320.49,2326.87,141.971255
2026-03-17 17:15:00,2326.87,2329.74,2324.11,2329.66,82.795201
2026-03-17 17:20:00,2329.47,2335.62,2328.61,2332.82,401.64548
2026-03-17 17:25:00,2332.85,2332.99,2328.59,2329.53,152.654521
2026-03-17 17:30:00,2329.53,2332.65,2326.21,2326.48,422.143798
2026-03-17 17:35:00,2326.45,2332.07,2326.45,2332.07,96.671692
2026-03-17 17:40:00,2332.09,2335.82,2332.08,2333.65,179.643803
2026-03-17 17:45:00,2333.69,2338.92,2332.55,2338.35,534.858984
2026-03-17 17:50:00,2338.34,2343.26,2337.74,2338.62,818.918818
2026-03-17 17:55:00,2338.81,2340.65,2337.42,2340.18,226.073524
2026-03-17 18:00:00,2340.2,2340.97,2336.63,2338.9,419.524937
2026-03-17 18:05:00,2338.84,2342.48,2336.63,2342.48,373.027601
2026-03-17 18:10:00,2342.5,2342.83,2338.54,2338.62,352.373263
2026-03-17 18:15:00,2338.62,2341.24,2337.03,2339.09,204.771218
2026-03-17 18:20:00,2339.08,2340.0,2334.17,2334.58,276.380882
2026-03-17 18:25:00,2334.59,2336.04,2332.01,2333.17,240.247166
2026-03-17 18:30:00,2333.14,2340.38,2332.57,2338.3,361.633027
2026-03-17 18:35:00,2338.29,2341.74,2336.65,2339.63,283.349253
2026-03-17 18:40:00,2339.74,2340.81,2336.83,2337.22,160.910616
2026-03-17 18:45:00,2337.32,2339.88,2336.76,2337.56,128.631683
2026-03-17 18:50:00,2337.57,2337.9,2334.52,2336.12,158.371122
2026-03-17 18:55:00,2336.12,2336.12,2328.0,2333.47,344.598073
2026-03-17 19:00:00,2333.31,2335.98,2331.57,2333.26,332.564999
2026-03-17 19:05:00,2333.25,2336.47,2332.53,2335.57,301.792707
2026-03-17 19:10:00,2335.56,2340.48,2334.73,2337.47,544.5836
2026-03-17 19:15:00,2337.54,2340.26,2337.54,2338.54,308.137762
2026-03-17 19:20:00,2338.61,2339.21,2334.45,2336.49,163.25537
2026-03-17 19:25:00,2336.49,2337.94,2332.0,2335.12,378.855972
2026-03-17 19:30:00,2335.11,2335.66,2329.47,2329.85,252.703348
2026-03-17 19:35:00,2329.85,2335.66,2329.85,2333.29,114.435608
2026-03-17 19:40:00,2333.31,2333.9,2325.13,2325.88,373.298477
2026-03-17 19:45:00,2325.88,2326.38,2320.08,2324.82,642.759142
2026-03-17 19:50:00,2324.77,2324.77,2318.11,2321.19,285.612349
2026-03-17 19:55:00,2321.18,2321.66,2317.01,2320.44,246.008457
2026-03-17 20:00:00,2320.43,2324.22,2320.32,2321.33,228.126465
2026-03-17 20:05:00,2321.34,2322.37,2317.83,2320.21,441.041782
2026-03-17 20:10:00,2320.22,2323.05,2318.45,2318.45,198.528391
2026-03-17 20:15:00,2318.44,2322.49,2318.27,2321.75,76.575009
2026-03-17 20:20:00,2321.75,2328.43,2321.15,2328.1,130.418729
2026-03-17 20:25:00,2328.11,2330.98,2327.52,2329.41,348.720136
2026-03-17 20:30:00,2329.34,2329.63,2325.79,2326.31,124.475272
2026-03-17 20:35:00,2326.22,2329.43,2326.22,2328.95,148.941278
2026-03-17 20:40:00,2328.85,2328.85,2325.84,2326.78,152.411332
2026-03-17 20:45:00,2326.82,2327.74,2324.53,2327.71,169.472273
2026-03-17 20:50:00,2327.71,2328.19,2326.61,2327.5,95.155193
2026-03-17 20:55:00,2327.5,2329.43,2327.48,2328.06,165.802631
2026-03-17 21:00:00,2328.04,2331.24,2327.87,2329.89,149.066077
2026-03-17 21:05:00,2329.89,2332.98,2329.24,2332.55,282.71392
2026-03-17 21:10:00,2332.55,2345.15,2332.11,2339.38,1124.387108
2026-03-17 21:15:00,2339.35,2339.5,2337.0,2337.68,383.393194
2026-03-17 21:20:00,2337.69,2339.81,2337.01,2338.99,269.379273
2026-03-17 21:25:00,2338.99,2339.28,2337.0,2337.0,369.160596
2026-03-17 21:30:00,2337.01,2337.21,2333.16,2336.25,2015.04121
2026-03-17 21:35:00,2336.25,2341.0,2336.25,2338.86,395.036742
2026-03-17 21:40:00,2338.86,2341.28,2337.72,2339.36,305.423447
2026-03-17 21:45:00,2339.35,2341.65,2336.53,2338.6,806.446648
2026-03-17 21:50:00,2338.58,2340.29,2337.52,2338.87,110.327942
2026-03-17 21:55:00,2338.87,2339.21,2337.53,2338.43,93.945296
2026-03-17 22:00:00,2338.43,2341.98,2334.5,2341.22,344.043213
2026-03-17 22:05:00,2341.22,2342.29,2333.97,2336.04,174.2611
2026-03-17 22:10:00,2336.04,2336.45,2331.69,2333.41,446.505703
2026-03-17 22:15:00,2333.41,2334.86,2332.23,2332.57,105.445743
2026-03-17 22:20:00,2332.56,2334.21,2331.86,2332.33,169.668873
2026-03-17 22:25:00,2332.34,2332.34,2328.67,2328.68,120.33143
2026-03-17 22:30:00,2328.68,2329.49,2325.33,2326.06,141.484234
2026-03-17 22:35:00,2326.06,2327.51,2318.32,2320.74,384.286949
2026-03-17 22:40:00,2320.81,2326.37,2319.01,2324.79,243.576467
2026-03-17 22:45:00,2324.79,2326.01,2323.17,2325.18,222.305502
2026-03-17 22:50:00,2325.18,2328.45,2324.52,2328.45,151.76149
2026-03-17 22:55:00,2328.47,2330.33,2327.39,2329.68,197.285656
2026-03-17 23:00:00,2329.67,2330.71,2326.9,2329.19,90.677619
2026-03-17 23:05:00,2329.26,2330.88,2327.34,2330.8,144.866906
2026-03-17 23:10:00,2330.8,2332.99,2330.18,2330.64,109.088704
2026-03-17 23:15:00,2330.64,2333.0,2329.26,2332.45,140.431762
2026-03-17 23:20:00,2332.46,2333.15,2324.28,2329.95,621.487791
2026-03-17 23:25:00,2329.94,2329.94,2326.42,2327.8,140.099478
2026-03-17 23:30:00,2327.73,2327.73,2323.22,2324.31,83.234021
2026-03-17 23:35:00,2324.31,2325.88,2322.18,2323.46,107.229298
2026-03-17 23:40:00,2323.46,2323.49,2318.0,2318.98,856.792278
2026-03-17 23:45:00,2319.21,2322.39,2318.79,2321.81,254.063178
2026-03-17 23:50:00,2321.71,2321.71,2317.83,2319.07,129.345099
2026-03-17 23:55:00,2319.11,2319.96,2316.4,2317.54,148.694147
2026-03-18 00:00:00,2317.55,2321.77,2315.0,2319.07,424.955656
2026-03-18 00:05:00,2319.07,2323.54,2319.07,2321.26,244.191405
2026-03-18 00:10:00,2321.22,2322.95,2321.0,2321.21,114.811043
2026-03-18 00:15:00,2321.29,2322.02,2313.0,2316.49,392.459482
2026-03-18 00:20:00,2316.61,2319.93,2309.28,2311.21,434.096004
2026-03-18 00:25:00,2311.31,2314.97,2310.06,2314.1,197.245526
2026-03-18 00:30:00,2314.09,2314.82,2310.01,2312.13,177.205695
2026-03-18 00:35:00,2312.18,2312.92,2307.53,2309.18,310.294377
2026-03-18 00:40:00,2309.19,2314.53,2307.15,2314.53,621.693858
2026-03-18 00:45:00,2314.53,2321.69,2314.46,2320.78,356.259702
2026-03-18 00:50:00,2320.77,2322.68,2320.26,2321.36,309.316086
2026-03-18 00:55:00,2321.42,2325.75,2320.81,2324.2,554.184919
2026-03-18 01:00:00,2324.23,2329.46,2323.45,2328.1,591.318246
2026-03-18 01:05:00,2328.1,2330.48,2326.24,2328.91,443.99374
2026-03-18 01:10:00,2328.92,2329.47,2323.5,2325.46,130.798986
2026-03-18 01:15:00,2325.46,2327.15,2323.55,2325.62,234.286511
2026-03-18 01:20:00,2325.61,2329.4,2325.58,2328.35,644.032747
2026-03-18 01:25:00,2328.36,2330.83,2327.46,2330.22,220.208358
2026-03-18 01:30:00,2330.22,2335.41,2329.47,2331.52,535.882313
2026-03-18 01:35:00,2331.52,2332.36,2328.01,2330.03,62.051047
2026-03-18 01:40:00,2330.05,2332.02,2329.82,2330.37,125.414133
2026-03-18 01:45:00,2330.36,2332.65,2328.62,2329.79,254.626626
2026-03-18 01:50:00,2329.8,2330.0,2323.19,2324.0,226.24313
2026-03-18 01:55:00,2324.01,2325.85,2324.0,2325.0,49.810843
2026-03-18 02:00:00,2325.01,2327.95,2324.28,2326.65,148.03803
2026-03-18 02:05:00,2326.65,2334.63,2326.65,2334.63,278.309047
2026-03-18 02:10:00,2334.63,2335.0,2331.85,2334.32,264.368734
2026-03-18 02:15:00,2334.32,2334.98,2332.48,2333.15,80.240052
2026-03-18 02:20:00,2333.28,2333.44,2329.82,2331.77,107.493899
2026-03-18 02:25:00,2331.77,2331.77,2329.89,2331.11,142.597807
2026-03-18 02:30:00,2331.1,2341.17,2330.03,2337.57,1619.393073
2026-03-18 02:35:00,2337.57,2337.95,2335.19,2336.68,205.468582
2026-03-18 02:40:00,2336.68,2337.54,2335.39,2336.42,74.897321
2026-03-18 02:45:00,2336.42,2337.74,2334.13,2334.5,130.620917
2026-03-18 02:50:00,2334.5,2335.37,2332.07,2333.03,259.587126
2026-03-18 02:55:00,2333.06,2333.58,2330.37,2331.28,237.56034
2026-03-18 03:00:00,2331.28,2333.66,2330.18,2332.05,147.587484
2026-03-18 03:05:00,2332.06,2332.99,2328.21,2329.86,179.053599
2026-03-18 03:10:00,2329.86,2332.28,2329.13,2330.77,166.804876
2026-03-18 03:15:00,2330.84,2331.28,2329.9,2330.64,265.396885
2026-03-18 03:20:00,2330.65,2339.38,2330.0,2338.83,304.911862
2026-03-18 03:25:00,2338.7,2342.35,2338.3,2339.64,716.902949
2026-03-18 03:30:00,2339.68,2347.5,2339.46,2344.87,842.925911
2026-03-18 03:35:00,2344.84,2350.0,2341.41,2341.91,335.267059
2026-03-18 03:40:00,2341.9,2343.62,2340.65,2341.83,248.344637
2026-03-18 03:45:00,2341.55,2342.75,2339.69,2341.63,220.019763
2026-03-18 03:50:00,2341.71,2341.91,2339.28,2341.37,163.617449
2026-03-18 03:55:00,2341.36,2341.92,2339.8,2340.73,317.868102
2026-03-18 04:00:00,2340.74,2342.2,2339.51,2341.22,194.771602
2026-03-18 04:05:00,2341.27,2341.27,2338.35,2339.04,198.368731
2026-03-18 04:10:00,2339.05,2339.64,2338.22,2339.14,43.951515
2026-03-18 04:15:00,2339.13,2339.13,2335.19,2336.29,237.07254
2026-03-18 04:20:00,2336.3,2338.65,2335.19,2335.19,122.139105
2026-03-18 04:25:00,2335.18,2335.18,2332.31,2332.6,148.984028
2026-03-18 04:30:00,2332.61,2332.76,2328.08,2330.91,597.411072
2026-03-18 04:35:00,2330.91,2330.91,2328.06,2330.4,179.598372
2026-03-18 04:40:00,2330.4,2330.52,2329.29,2329.92,88.35605
2026-03-18 04:45:00,2329.9,2331.75,2328.03,2328.18,250.7881
2026-03-18 04:50:00,2328.11,2329.32,2326.66,2327.03,139.65457
2026-03-18 04:55:00,2327.02,2327.95,2326.35,2327.45,313.248886
2026-03-18 05:00:00,2327.38,2330.54,2326.63,2327.9,407.515549
2026-03-18 05:05:00,2327.97,2329.82,2325.93,2329.29,166.190819
2026-03-18 05:10:00,2329.39,2330.89,2328.41,2329.7,213.750171
2026-03-18 05:15:00,2329.7,2330.49,2328.81,2329.76,119.408737
2026-03-18 05:20:00,2329.76,2329.76,2325.74,2328.44,165.555917
2026-03-18 05:25:00,2328.4,2328.4,2325.07,2326.36,69.053029
2026-03-18 05:30:00,2326.36,2328.65,2323.88,2323.88,212.761503
2026-03-18 05:35:00,2323.93,2325.49,2323.28,2324.2,109.352266
2026-03-18 05:40:00,2324.2,2324.47,2322.16,2322.17,218.367291
2026-03-18 05:45:00,2322.17,2324.45,2320.74,2322.3,364.933556
2026-03-18 05:50:00,2322.3,2323.63,2314.42,2314.73,1533.849803
2026-03-18 05:55:00,2314.73,2319.1,2314.23,2318.53,342.402072
2026-03-18 06:00:00,2318.53,2320.56,2318.21,2320.55,165.542013
2026-03-18 06:05:00,2320.56,2322.19,2319.36,2322.19,184.906738
2026-03-18 06:10:00,2322.19,2324.17,2320.8,2323.98,265.642952
2026-03-18 06:15:00,2324.17,2324.8,2322.37,2322.85,127.385025
2026-03-18 06:20:00,2322.85,2329.47,2322.54,2328.35,247.303065
2026-03-18 06:25:00,2328.23,2331.24,2327.17,2328.95,338.071777
2026-03-18 06:30:00,2328.96,2330.94,2328.06,2329.05,253.405049
2026-03-18 06:35:00,2329.02,2329.19,2323.75,2324.93,182.786442
2026-03-18 06:40:00,2324.94,2324.94,2322.99,2324.53,296.952077
2026-03-18 06:45:00,2324.53,2326.34,2324.28,2324.47,209.346001
2026-03-18 06:50:00,2324.67,2327.77,2324.67,2327.77,63.381362
2026-03-18 06:55:00,2327.8,2327.86,2322.62,2322.83,258.16743
2026-03-18 07:00:00,2322.84,2323.54,2321.02,2321.03,110.506557
2026-03-18 07:05:00,2321.03,2321.53,2316.9,2316.9,129.765068
2026-03-18 07:10:00,2316.89,2321.76,2316.89,2321.65,273.530435
2026-03-18 07:15:00,2321.64,2321.96,2318.09,2318.17,161.390143
2026-03-18 07:20:00,2318.15,2319.59,2316.91,2319.58,140.744285
2026-03-18 07:25:00,2319.57,2319.57,2316.0,2317.77,148.982748
2026-03-18 07:30:00,2317.74,2317.74,2315.01,2315.46,224.459393
2026-03-18 07:35:00,2315.44,2317.18,2313.11,2313.27,419.862205
2026-03-18 07:40:00,2313.27,2316.27,2312.07,2313.7,357.57222
2026-03-18 07:45:00,2313.69,2317.15,2312.87,2316.69,334.989752
2026-03-18 07:50:00,2316.68,2319.21,2316.68,2318.99,261.371803
2026-03-18 07:55:00,2318.98,2319.22,2317.61,2317.65,185.837996
2026-03-18 08:00:00,2317.64,2322.26,2317.34,2321.75,170.339412
2026-03-18 08:05:00,2321.75,2325.08,2320.0,2320.0,210.516499
2026-03-18 08:10:00,2319.99,2322.73,2318.81,2322.14,109.554047
2026-03-18 08:15:00,2322.13,2323.4,2320.09,2321.28,162.362394
2026-03-18 08:20:00,2321.33,2323.72,2320.81,2322.0,307.315557
2026-03-18 08:25:00,2322.0,2322.66,2319.51,2321.7,109.313507
2026-03-18 08:30:00,2321.61,2322.84,2319.0,2321.73,142.730403
2026-03-18 08:35:00,2321.73,2323.05,2318.64,2322.51,143.212204
2026-03-18 08:40:00,2322.42,2322.42,2319.24,2321.96,230.00063
2026-03-18 08:45:00,2321.98,2323.8,2320.02,2323.34,81.17366
2026-03-18 08:50:00,2323.47,2325.67,2322.51,2322.89,183.301336
2026-03-18 08:55:00,2322.89,2323.83,2321.42,2322.76,54.46495
2026-03-18 09:00:00,2322.96,2324.79,2321.73,2323.7,122.053908
2026-03-18 09:05:00,2323.7,2328.59,2323.55,2327.79,240.649082
2026-03-18 09:10:00,2327.8,2329.84,2326.85,2328.28,80.919945
2026-03-18 09:15:00,2328.28,2331.0,2327.94,2330.75,271.690163
2026-03-18 09:20:00,2330.75,2331.96,2329.17,2329.89,339.325358
2026-03-18 09:25:00,2329.89,2330.53,2328.58,2328.59,89.048763
2026-03-18 09:30:00,2328.7,2330.99,2328.44,2330.01,87.155766
2026-03-18 09:35:00,2330.01,2333.45,2329.26,2331.62,204.912668
2026-03-18 09:40:00,2331.66,2332.99,2331.21,2331.49,51.458562
2026-03-18 09:45:00,2331.47,2332.71,2330.0,2330.76,229.197383
2026-03-18 09:50:00,2330.76,2331.0,2327.0,2327.26,207.709722
2026-03-18 09:55:00,2327.43,2329.67,2327.43,2329.2,24.002468
2026-03-18 10:00:00,2329.2,2330.0,2325.93,2325.93,137.041277
2026-03-18 10:05:00,2325.92,2326.76,2324.18,2326.76,177.142176
2026-03-18 10:10:00,2326.76,2331.29,2326.76,2330.69,317.615793
2026-03-18 10:15:00,2330.68,2330.68,2329.18,2329.61,166.524961
2026-03-18 10:20:00,2329.61,2329.61,2327.41,2328.49,289.107256
2026-03-18 10:25:00,2328.48,2331.3,2328.2,2330.74,303.228401
2026-03-18 10:30:00,2330.73,2331.99,2327.62,2328.06,160.358154
2026-03-18 10:35:00,2328.07,2328.53,2322.11,2322.63,296.624242
2026-03-18 10:40:00,2322.62,2322.99,2313.04,2314.64,1397.110897
2026-03-18 10:45:00,2314.64,2314.86,2308.88,2313.12,1300.004169
2026-03-18 10:50:00,2313.11,2313.11,2309.5,2310.45,713.105355
2026-03-18 10:55:00,2310.45,2313.22,2308.0,2312.96,781.084849
2026-03-18 11:00:00,2312.96,2312.97,2304.69,2307.25,1224.152806
2026-03-18 11:05:00,2307.25,2311.73,2304.16,2311.73,547.563924
2026-03-18 11:10:00,2311.76,2319.36,2311.76,2315.14,728.475591
2026-03-18 11:15:00,2315.15,2317.39,2314.5,2315.78,504.179236
2026-03-18 11:20:00,2315.63,2315.78,2311.32,2311.9,266.258641
2026-03-18 11:25:00,2311.9,2311.93,2292.45,2295.27,3604.330389
2026-03-18 11:30:00,2295.29,2298.0,2273.61,2276.03,8181.273521
2026-03-18 11:35:00,2276.03,2276.69,2263.33,2264.76,4069.085906
2026-03-18 11:40:00,2264.79,2276.4,2263.33,2276.35,4347.744896
2026-03-18 11:45:00,2276.4,2276.7,2270.23,2271.91,706.489549
2026-03-18 11:50:00,2271.91,2276.92,2267.4,2269.05,1029.021708
2026-03-18 11:55:00,2269.14,2271.91,2265.73,2269.19,844.018053
2026-03-18 12:00:00,2269.18,2270.5,2262.5,2266.35,1322.389598
2026-03-18 12:05:00,2266.39,2266.66,2256.0,2259.22,1630.475884
2026-03-18 12:10:00,2259.36,2260.85,2254.0,2260.15,1040.926793
2026-03-18 12:15:00,2260.16,2262.76,2256.46,2259.1,991.437551
2026-03-18 12:20:00,2259.09,2262.42,2256.0,2259.36,456.762219
2026-03-18 12:25:00,2259.35,2264.13,2258.51,2263.61,1116.735927
2026-03-18 12:30:00,2263.6,2263.6,2240.5,2243.23,3595.037899
2026-03-18 12:35:00,2243.24,2247.46,2240.9,2242.94,1621.697882
2026-03-18 12:40:00,2243.08,2245.2,2237.19,2241.71,2119.80195
2026-03-18 12:45:00,2241.72,2242.52,2235.66,2239.12,1583.848215
2026-03-18 12:50:00,2239.12,2246.42,2236.01,2244.68,988.383015
2026-03-18 12:55:00,2244.67,2246.0,2237.51,2237.51,714.403922
2026-03-18 13:00:00,2237.75,2238.48,2223.67,2234.25,2943.328023
2026-03-18 13:05:00,2234.26,2240.57,2234.25,2237.27,839.70096
2026-03-18 13:10:00,2237.3,2239.88,2235.02,2237.77,615.036038
2026-03-18 13:15:00,2237.78,2237.92,2230.28,2233.57,589.884101
2026-03-18 13:20:00,2233.35,2241.99,2232.35,2240.32,610.237521
2026-03-18 13:25:00,2240.32,2241.41,2237.4,2239.12,377.40382
2026-03-18 13:30:00,2239.07,2239.13,2231.36,2233.61,1056.912559
2026-03-18 13:35:00,2233.61,2243.11,2232.43,2241.29,1548.752942
2026-03-18 13:40:00,2241.3,2244.74,2236.53,2237.97,1165.926092
2026-03-18 13:45:00,2237.97,2241.33,2233.43,2236.38,589.900276
2026-03-18 13:50:00,2236.81,2238.56,2233.33,2235.16,478.850072
2026-03-18 13:55:00,2235.11,2236.5,2229.63,2235.74,788.16478
2026-03-18 14:00:00,2235.75,2237.25,2226.47,2230.37,756.821459
2026-03-18 14:05:00,2230.37,2233.98,2226.67,2231.02,688.723161
2026-03-18 14:10:00,2230.99,2230.99,2221.73,2222.69,952.3899
2026-03-18 14:15:00,2222.82,2226.66,2220.0,2223.19,1162.16815
2026-03-18 14:20:00,2223.16,2228.22,2221.92,2225.83,910.526568
2026-03-18 14:25:00,2225.7,2226.96,2212.46,2215.34,2317.3378
2026-03-18 14:30:00,2215.58,2223.0,2213.42,2220.16,1495.643234
2026-03-18 14:35:00,2220.15,2224.48,2219.09,2219.51,642.99033
2026-03-18 14:40:00,2219.63,2220.18,2203.0,2204.33,2513.497938
2026-03-18 14:45:00,2204.32,2211.01,2204.13,2211.0,961.229019
2026-03-18 14:50:00,2211.02,2212.22,2194.84,2197.22,2378.824493
2026-03-18 14:55:00,2197.15,2199.0,2187.02,2190.54,2746.01728
2026-03-18 15:00:00,2190.31,2192.9,2170.0,2187.9,5791.143156
2026-03-18 15:05:00,2187.8,2197.06,2185.48,2194.43,1900.199806
2026-03-18 15:10:00,2194.43,2194.43,2177.27,2181.26,1834.976693
2026-03-18 15:15:00,2181.2,2186.81,2177.99,2183.38,1760.881386
2026-03-18 15:20:00,2183.29,2184.44,2175.0,2178.64,1155.402122
2026-03-18 15:25:00,2178.6,2184.04,2176.23,2182.95,764.351224
2026-03-18 15:30:00,2182.78,2192.21,2180.0,2190.56,916.855541
2026-03-18 15:35:00,2190.55,2191.0,2183.86,2186.32,3524.477626
2026-03-18 15:40:00,2186.32,2186.32,2179.65,2183.35,550.136789
2026-03-18 15:45:00,2183.35,2184.25,2177.4,2181.21,482.53035
2026-03-18 15:50:00,2181.2,2185.0,2180.18,2185.0,461.652578
2026-03-18 15:55:00,2185.0,2189.78,2182.91,2187.77,780.661102
2026-03-18 16:00:00,2187.76,2191.25,2184.0,2184.93,1617.192978
2026-03-18 16:05:00,2184.95,2185.9,2178.88,2181.39,569.304872
2026-03-18 16:10:00,2181.5,2183.55,2175.45,2177.2,1357.497073
2026-03-18 16:15:00,2177.19,2180.59,2174.53,2175.24,727.568629
2026-03-18 16:20:00,2175.29,2177.9,2171.59,2173.21,756.029158
2026-03-18 16:25:00,2173.21,2177.2,2166.38,2174.6,1524.558383
2026-03-18 16:30:00,2174.46,2178.53,2171.88,2172.28,409.205979
2026-03-18 16:35:00,2172.25,2179.26,2168.88,2178.32,748.446325
2026-03-18 16:40:00,2178.34,2180.65,2174.76,2180.02,370.116297
2026-03-18 16:45:00,2180.04,2181.89,2178.65,2180.57,517.62142
2026-03-18 16:50:00,2180.57,2186.88,2178.21,2185.41,544.857611
2026-03-18 16:55:00,2185.41,2185.41,2180.2,2181.39,356.716674
2026-03-18 17:00:00,2181.41,2183.42,2177.33,2183.41,481.955618
2026-03-18 17:05:00,2183.41,2184.22,2179.5,2180.46,295.828069
2026-03-18 17:10:00,2180.4,2184.61,2180.4,2182.4,336.51935
2026-03-18 17:15:00,2182.4,2186.0,2180.07,2186.0,310.854687
2026-03-18 17:20:00,2186.0,2195.48,2185.5,2195.18,725.327641
2026-03-18 17:25:00,2195.19,2203.42,2191.45,2198.68,1463.837394
2026-03-18 17:30:00,2198.79,2198.85,2192.21,2196.07,726.641185
2026-03-18 17:35:00,2196.36,2211.88,2196.36,2210.47,2101.929259
2026-03-18 17:40:00,2210.46,2210.47,2200.42,2204.55,1502.614873
2026-03-18 17:45:00,2204.55,2210.79,2203.93,2206.8,421.368282
2026-03-18 17:50:00,2206.83,2206.83,2201.62,2204.0,398.078622
2026-03-18 17:55:00,2204.0,2205.35,2201.91,2204.15,571.001292
2026-03-18 18:00:00,2204.16,2219.84,2203.68,2218.0,2745.13059
2026-03-18 18:05:00,2217.72,2220.45,2212.71,2213.38,942.790752
2026-03-18 18:10:00,2213.38,2216.88,2211.68,2215.26,482.863087
2026-03-18 18:15:00,2215.26,2215.26,2192.01,2195.36,1755.388311
2026-03-18 18:20:00,2195.21,2199.71,2192.06,2197.04,639.197813
2026-03-18 18:25:00,2197.05,2198.58,2193.88,2198.24,225.316079
2026-03-18 18:30:00,2198.25,2209.59,2194.62,2194.76,1183.84742
2026-03-18 18:35:00,2194.63,2208.06,2194.45,2199.73,683.480298
2026-03-18 18:40:00,2199.58,2205.26,2198.27,2200.48,600.256777
2026-03-18 18:45:00,2200.36,2200.36,2193.34,2193.34,478.205207
2026-03-18 18:50:00,2193.33,2193.86,2176.74,2178.81,2144.781813
2026-03-18 18:55:00,2178.81,2184.42,2176.01,2181.12,1339.504097
2026-03-18 19:00:00,2181.08,2193.41,2179.34,2193.41,858.321291
2026-03-18 19:05:00,2193.41,2193.63,2188.01,2192.7,377.638582
2026-03-18 19:10:00,2192.59,2192.59,2187.57,2189.11,144.918974
2026-03-18 19:15:00,2189.11,2196.87,2187.58,2195.48,405.84423
2026-03-18 19:20:00,2195.43,2196.01,2190.89,2191.03,219.985312
2026-03-18 19:25:00,2191.02,2194.14,2189.33,2193.43,132.079128
2026-03-18 19:30:00,2193.51,2196.5,2190.58,2194.51,408.970053
2026-03-18 19:35:00,2194.5,2194.5,2190.84,2191.02,150.685834
2026-03-18 19:40:00,2191.25,2192.83,2189.02,2191.76,259.632285
2026-03-18 19:45:00,2191.76,2192.83,2185.27,2185.91,184.62655
2026-03-18 19:50:00,2185.8,2186.32,2178.56,2185.39,738.71223
2026-03-18 19:55:00,2185.34,2186.66,2182.87,2186.04,662.190964
2026-03-18 20:00:00,2185.87,2188.86,2181.69,2184.53,529.313652
2026-03-18 20:05:00,2184.53,2184.53,2161.47,2165.46,3044.754072
2026-03-18 20:10:00,2165.64,2173.98,2152.58,2171.55,3515.744111
2026-03-18 20:15:00,2171.55,2176.19,2169.17,2171.24,808.795608
2026-03-18 20:20:00,2171.28,2174.44,2170.65,2173.18,151.534338
2026-03-18 20:25:00,2173.17,2178.9,2172.39,2176.65,368.096083
2026-03-18 20:30:00,2176.82,2183.84,2176.12,2183.56,761.038045
2026-03-18 20:35:00,2183.5,2186.14,2181.14,2184.88,146.176738
2026-03-18 20:40:00,2184.88,2185.88,2181.34,2181.34,166.359619
2026-03-18 20:45:00,2181.34,2195.24,2178.46,2191.07,1243.719719
2026-03-18 20:50:00,2191.07,2192.42,2187.22,2188.51,425.242643
2026-03-18 20:55:00,2188.51,2190.18,2187.4,2187.4,303.170214
2026-03-18 21:00:00,2187.4,2192.85,2185.61,2191.54,467.220117
2026-03-18 21:05:00,2191.54,2195.0,2191.51,2193.04,193.841077
2026-03-18 21:10:00,2193.04,2194.66,2189.01,2189.01,902.283621
2026-03-18 21:15:00,2189.02,2195.96,2188.24,2193.74,386.073133
2026-03-18 21:20:00,2193.83,2199.95,2193.83,2197.22,360.600796
2026-03-18 21:25:00,2197.22,2198.74,2195.15,2197.43,399.455929
2026-03-18 21:30:00,2197.43,2198.74,2191.82,2193.24,175.315593
2026-03-18 21:35:00,2193.24,2203.12,2191.64,2202.05,473.733609
2026-03-18 21:40:00,2202.02,2204.43,2200.61,2201.65,308.322377
2026-03-18 21:45:00,2201.65,2204.0,2198.48,2202.17,256.847255
2026-03-18 21:50:00,2202.17,2204.02,2201.28,2203.3,135.738537
2026-03-18 21:55:00,2203.31,2207.12,2202.57,2202.57,493.324101
2026-03-18 22:00:00,2202.74,2203.92,2195.52,2196.62,355.373864
2026-03-18 22:05:00,2196.62,2197.66,2191.35,2193.45,428.817381
2026-03-18 22:10:00,2193.46,2194.12,2187.5,2190.26,518.719376
2026-03-18 22:15:00,2190.26,2195.74,2188.76,2195.02,150.406688
2026-03-18 22:20:00,2195.05,2196.31,2189.69,2194.06,229.716777
2026-03-18 22:25:00,2194.06,2195.07,2191.9,2193.95,145.596243
2026-03-18 22:30:00,2193.96,2194.81,2187.51,2190.2,366.126055
2026-03-18 22:35:00,2190.52,2192.79,2189.89,2190.95,223.936446
2026-03-18 22:40:00,2191.0,2191.94,2188.0,2191.82,200.633623
2026-03-18 22:45:00,2191.64,2193.53,2189.49,2192.11,173.240921
2026-03-18 22:50:00,2192.1,2192.81,2190.3,2191.91,187.304443
2026-03-18 22:55:00,2191.81,2194.47,2191.78,2194.47,150.894218
2026-03-18 23:00:00,2194.47,2200.09,2191.21,2192.01,467.530773
2026-03-18 23:05:00,2192.01,2195.77,2190.82,2195.32,300.892419
2026-03-18 23:10:00,2195.31,2195.96,2193.0,2193.52,258.745753
2026-03-18 23:15:00,2193.52,2194.19,2188.39,2191.27,283.993402
2026-03-18 23:20:00,2191.26,2192.05,2189.71,2192.0,200.178955
2026-03-18 23:25:00,2192.05,2195.25,2190.9,2194.85,173.449279
2026-03-18 23:30:00,2194.85,2202.57,2194.84,2201.84,366.412829
2026-03-18 23:35:00,2201.73,2203.7,2200.0,2203.61,287.971
2026-03-18 23:40:00,2203.62,2204.83,2201.71,2202.19,284.417941
2026-03-18 23:45:00,2202.13,2207.08,2200.04,2205.93,596.89078
2026-03-18 23:50:00,2205.93,2206.03,2201.6,2204.32,254.159663
2026-03-18 23:55:00,2204.44,2205.9,2202.83,2203.42,157.841525
2026-03-19 00:00:00,2203.43,2208.88,2201.59,2205.61,410.742231
2026-03-19 00:05:00,2205.72,2207.74,2201.23,2201.42,589.211276
2026-03-19 00:10:00,2201.42,2201.42,2194.25,2201.37,360.596281
2026-03-19 00:15:00,2201.38,2202.11,2198.53,2199.46,162.707736
2026-03-19 00:20:00,2199.46,2200.66,2196.47,2197.02,132.077776
2026-03-19 00:25:00,2197.01,2204.1,2196.5,2203.51,132.465983
2026-03-19 00:30:00,2203.51,2204.44,2193.75,2194.25,300.76521
2026-03-19 00:35:00,2194.27,2197.86,2191.21,2195.15,261.904713
2026-03-19 00:40:00,2195.14,2196.08,2191.59,2192.78,121.353382
2026-03-19 00:45:00,2192.77,2195.87,2192.0,2192.76,217.774049
2026-03-19 00:50:00,2192.7,2195.65,2190.74,2194.42,359.107265
2026-03-19 00:55:00,2194.48,2194.48,2191.54,2193.06,83.862113
2026-03-19 01:00:00,2193.06,2197.0,2190.76,2191.67,135.5141
2026-03-19 01:05:00,2191.62,2195.38,2189.01,2191.03,237.059968
2026-03-19 01:10:00,2191.19,2192.53,2190.0,2191.19,211.401057
2026-03-19 01:15:00,2191.21,2194.23,2190.26,2190.71,146.455017
2026-03-19 01:20:00,2190.53,2192.57,2187.4,2189.14,298.641642
2026-03-19 01:25:00,2189.16,2193.46,2188.87,2192.92,141.281229
2026-03-19 01:30:00,2192.92,2195.96,2190.93,2195.89,119.252696
2026-03-19 01:35:00,2195.95,2198.81,2194.94,2198.06,152.987393
2026-03-19 01:40:00,2197.99,2201.31,2196.85,2199.72,302.36045
2026-03-19 01:45:00,2199.73,2202.16,2198.78,2200.9,447.125627
2026-03-19 01:50:00,2200.99,2201.0,2197.12,2200.39,237.760758
2026-03-19 01:55:00,2200.4,2201.64,2196.83,2196.87,161.48412
2026-03-19 02:00:00,2196.94,2197.4,2189.19,2194.33,172.283012
2026-03-19 02:05:00,2194.3,2200.63,2191.79,2197.17,426.822976
2026-03-19 02:10:00,2197.28,2201.42,2197.28,2200.03,235.160047
2026-03-19 02:15:00,2199.88,2202.49,2198.87,2200.17,123.30877
2026-03-19 02:20:00,2200.18,2203.76,2199.81,2200.71,94.325331
2026-03-19 02:25:00,2200.66,2201.9,2199.55,2201.9,68.557327
2026-03-19 02:30:00,2201.92,2203.83,2199.53,2203.11,134.667618
2026-03-19 02:35:00,2203.1,2204.26,2202.99,2203.55,139.286736
2026-03-19 02:40:00,2203.55,2205.0,2203.39,2204.09,162.168318
2026-03-19 02:45:00,2204.27,2204.47,2199.0,2199.16,243.843214
2026-03-19 02:50:00,2199.14,2200.41,2195.55,2198.38,653.076764
2026-03-19 02:55:00,2198.34,2198.8,2195.91,2196.6,68.721994
2026-03-19 03:00:00,2196.84,2201.78,2196.71,2200.65,718.633242
2026-03-19 03:05:00,2200.65,2204.6,2199.53,2204.32,219.111199
2026-03-19 03:10:00,2204.41,2206.9,2204.41,2205.49,332.448679
2026-03-19 03:15:00,2205.49,2226.8,2204.89,2224.19,2288.592145
2026-03-19 03:20:00,2224.25,2232.44,2220.65,2228.91,1446.860306
2026-03-19 03:25:00,2228.71,2234.08,2226.28,2228.31,1696.872599
2026-03-19 03:30:00,2228.46,2229.76,2220.14,2220.14,1403.079133
2026-03-19 03:35:00,2220.14,2220.83,2212.43,2214.38,1903.44182
2026-03-19 03:40:00,2214.41,2215.26,2209.45,2210.04,585.696514
2026-03-19 03:45:00,2210.04,2214.9,2206.67,2214.9,839.235883
2026-03-19 03:50:00,2214.89,2214.99,2212.27,2214.65,361.751642
2026-03-19 03:55:00,2214.64,2214.64,2211.2,2212.08,234.968497
2026-03-19 04:00:00,2212.08,2213.14,2208.49,2210.26,219.09349
2026-03-19 04:05:00,2210.25,2210.39,2197.75,2202.87,1065.782471
2026-03-19 04:10:00,2202.86,2203.09,2199.8,2200.94,550.060501
2026-03-19 04:15:00,2200.94,2202.78,2198.4,2199.44,610.377698
2026-03-19 04:20:00,2199.31,2199.88,2195.44,2197.35,562.450172
2026-03-19 04:25:00,2197.36,2197.36,2192.5,2194.72,735.474525
2026-03-19 04:30:00,2194.71,2197.97,2193.33,2197.62,278.111972
2026-03-19 04:35:00,2197.63,2198.71,2194.88,2195.04,191.698165
2026-03-19 04:40:00,2195.35,2195.4,2190.67,2194.39,344.754423
2026-03-19 04:45:00,2194.38,2194.38,2191.01,2192.74,163.244669
2026-03-19 04:50:00,2192.73,2195.51,2192.61,2194.96,124.776139
2026-03-19 04:55:00,2194.95,2197.45,2193.4,2193.42,212.387801
2026-03-19 05:00:00,2193.43,2195.52,2192.66,2194.39,205.652493
2026-03-19 05:05:00,2194.38,2196.24,2190.9,2194.11,270.532727
2026-03-19 05:10:00,2194.08,2194.63,2191.27,2193.2,91.565787
2026-03-19 05:15:00,2193.24,2198.65,2192.9,2197.36,127.054519
2026-03-19 05:20:00,2197.37,2198.29,2194.21,2195.23,154.730372
2026-03-19 05:25:00,2195.22,2195.98,2188.97,2190.88,205.499892
2026-03-19 05:30:00,2190.69,2190.72,2186.85,2186.86,470.748224
2026-03-19 05:35:00,2186.86,2190.23,2186.46,2189.82,173.226224
2026-03-19 05:40:00,2189.89,2194.59,2189.89,2190.67,191.577748
2026-03-19 05:45:00,2190.66,2192.28,2187.4,2191.03,168.464206
2026-03-19 05:50:00,2191.03,2191.24,2189.0,2191.06,84.799316
2026-03-19 05:55:00,2191.02,2191.16,2188.73,2189.25,69.705362
2026-03-19 06:00:00,2189.25,2190.62,2183.09,2185.29,780.14617
2026-03-19 06:05:00,2185.28,2191.9,2182.39,2188.3,622.012196
2026-03-19 06:10:00,2188.23,2193.47,2187.71,2191.44,270.220763
2026-03-19 06:15:00,2191.43,2195.61,2191.08,2192.46,292.58046
2026-03-19 06:20:00,2192.46,2193.94,2189.28,2190.48,108.752473
2026-03-19 06:25:00,2190.63,2193.54,2187.17,2187.17,144.88656
2026-03-19 06:30:00,2187.15,2188.89,2182.95,2183.44,572.831775
2026-03-19 06:35:00,2183.44,2186.64,2177.74,2185.67,1055.196122
2026-03-19 06:40:00,2185.7,2187.13,2184.56,2186.77,492.895369
2026-03-19 06:45:00,2186.77,2188.08,2183.41,2183.5,732.561997
2026-03-19 06:50:00,2183.84,2184.36,2178.98,2179.17,410.674266
2026-03-19 06:55:00,2179.17,2181.09,2177.85,2180.69,224.742242
2026-03-19 07:00:00,2180.69,2181.25,2172.87,2179.74,1228.383934
2026-03-19 07:05:00,2179.73,2181.88,2169.75,2173.54,1437.851701
2026-03-19 07:10:00,2173.72,2174.24,2159.99,2160.77,2257.145689
2026-03-19 07:15:00,2160.9,2163.56,2154.65,2159.3,1727.629014
2026-03-19 07:20:00,2159.29,2159.29,2142.85,2146.7,3313.360242
2026-03-19 07:25:00,2146.7,2157.99,2145.01,2155.16,966.210763
2026-03-19 07:30:00,2155.18,2162.99,2153.78,2162.15,1426.477519
2026-03-19 07:35:00,2162.15,2173.3,2161.2,2171.92,2293.581182
2026-03-19 07:40:00,2171.92,2175.5,2167.72,2168.11,1417.779958
2026-03-19 07:45:00,2168.12,2169.13,2164.39,2165.77,1456.024852
2026-03-19 07:50:00,2165.78,2173.9,2164.65,2171.12,1233.316628
2026-03-19 07:55:00,2171.13,2173.49,2165.0,2166.68,1451.372279
2026-03-19 08:00:00,2166.68,2171.22,2162.12,2162.89,1061.169866
2026-03-19 08:05:00,2162.89,2167.39,2160.94,2164.97,1016.187771
2026-03-19 08:10:00,2164.96,2169.55,2163.37,2165.87,226.006589
2026-03-19 08:15:00,2165.7,2168.99,2164.36,2166.44,210.096306
2026-03-19 08:20:00,2166.45,2169.0,2161.59,2166.69,256.59951
2026-03-19 08:25:00,2166.66,2166.66,2158.47,2159.45,404.597994
2026-03-19 08:30:00,2159.45,2164.53,2158.6,2159.18,390.255166
2026-03-19 08:35:00,2159.18,2162.26,2158.31,2158.32,469.385059
2026-03-19 08:40:00,2158.32,2166.95,2158.12,2160.94,600.11429
2026-03-19 08:45:00,2160.92,2165.22,2159.94,2164.0,291.84828
2026-03-19 08:50:00,2164.0,2164.15,2158.88,2162.19,228.967944
2026-03-19 08:55:00,2162.19,2162.9,2158.65,2160.63,210.864015
2026-03-19 09:00:00,2160.64,2167.25,2160.64,2165.32,473.367948
2026-03-19 09:05:00,2165.0,2167.99,2164.02,2166.14,297.038565
2026-03-19 09:10:00,2166.11,2167.73,2160.63,2164.08,367.056654
2026-03-19 09:15:00,2163.84,2167.95,2162.9,2167.28,220.091127
2026-03-19 09:20:00,2167.27,2188.57,2166.81,2179.82,2325.984044
2026-03-19 09:25:00,2179.74,2182.83,2174.58,2179.98,1735.928219
2026-03-19 09:30:00,2179.76,2181.41,2176.27,2177.3,398.573908
2026-03-19 09:35:00,2177.3,2184.66,2176.93,2182.27,554.937509
2026-03-19 09:40:00,2182.26,2186.64,2181.69,2183.0,514.191857
2026-03-19 09:45:00,2183.01,2186.09,2181.27,2186.09,403.596025
2026-03-19 09:50:00,2185.83,2188.79,2183.1,2185.05,369.965222
2026-03-19 09:55:00,2185.04,2190.89,2184.48,2189.54,490.780004
2026-03-19 10:00:00,2189.36,2192.69,2184.48,2185.69,424.810058
2026-03-19 10:05:00,2185.7,2188.11,2184.54,2184.54,353.611564
2026-03-19 10:10:00,2184.48,2185.83,2182.66,2184.34,416.853442
2026-03-19 10:15:00,2184.34,2187.01,2184.18,2184.72,328.773472
2026-03-19 10:20:00,2184.72,2186.69,2182.12,2183.75,271.554913
2026-03-19 10:25:00,2183.63,2185.31,2181.7,2182.0,111.286784
2026-03-19 10:30:00,2182.12,2182.54,2178.83,2178.97,268.294883
2026-03-19 10:35:00,2179.03,2180.27,2176.47,2178.07,225.003916
2026-03-19 10:40:00,2178.07,2178.92,2176.28,2178.0,233.879281
2026-03-19 10:45:00,2178.11,2178.6,2176.58,2177.61,111.450277
2026-03-19 10:50:00,2177.73,2177.73,2173.34,2175.74,341.782263
2026-03-19 10:55:00,2175.68,2175.68,2172.72,2172.73,126.318406
2026-03-19 11:00:00,2172.82,2176.6,2172.0,2172.89,228.322634
2026-03-19 11:05:00,2172.89,2173.5,2168.78,2170.69,338.031726
2026-03-19 11:10:00,2170.68,2173.24,2167.34,2170.5,223.771267
2026-03-19 11:15:00,2170.5,2173.49,2168.89,2173.12,286.552735
2026-03-19 11:20:00,2173.2,2175.82,2172.54,2173.61,137.387138
2026-03-19 11:25:00,2173.67,2175.18,2173.26,2174.98,59.439804
2026-03-19 11:30:00,2174.98,2177.56,2170.83,2171.05,220.015815
2026-03-19 11:35:00,2170.94,2170.94,2166.83,2167.03,363.14357
2026-03-19 11:40:00,2167.01,2168.03,2165.72,2167.47,240.840559
2026-03-19 11:45:00,2167.47,2169.93,2167.35,2168.16,65.561082
2026-03-19 11:50:00,2168.18,2169.93,2167.41,2167.79,37.729522
2026-03-19 11:55:00,2167.84,2167.84,2165.63,2166.94,117.487567
2026-03-19 12:00:00,2166.97,2167.37,2161.69,2162.25,527.251977
2026-03-19 12:05:00,2162.24,2162.24,2155.88,2159.45,1142.032673
2026-03-19 12:10:00,2159.47,2163.57,2159.18,2162.15,461.966012
2026-03-19 12:15:00,2162.15,2162.7,2156.29,2158.3,487.818223
2026-03-19 12:20:00,2158.31,2161.31,2158.31,2159.62,218.171313
2026-03-19 12:25:00,2159.66,2160.36,2153.48,2155.88,496.235247
2026-03-19 12:30:00,2155.68,2156.26,2153.0,2154.28,446.606821
2026-03-19 12:35:00,2154.24,2158.66,2154.24,2156.13,298.079445
2026-03-19 12:40:00,2156.12,2158.02,2153.12,2154.27,265.534768
2026-03-19 12:45:00,2154.27,2154.27,2147.08,2147.55,971.187798
2026-03-19 12:50:00,2147.55,2148.15,2130.0,2133.76,3721.15601
2026-03-19 12:55:00,2133.94,2137.47,2130.26,2132.45,1218.624588
2026-03-19 13:00:00,2132.45,2135.83,2119.0,2134.82,3679.874656
2026-03-19 13:05:00,2134.76,2135.86,2129.3,2132.26,857.242033
2026-03-19 13:10:00,2132.13,2132.13,2117.49,2119.35,1627.16297
2026-03-19 13:15:00,2119.37,2127.77,2117.75,2127.45,2954.718126
2026-03-19 13:20:00,2127.45,2137.19,2126.86,2128.78,1224.30616
2026-03-19 13:25:00,2128.77,2131.2,2126.9,2130.17,721.519645
2026-03-19 13:30:00,2129.94,2129.94,2119.48,2123.09,1577.929858
2026-03-19 13:35:00,2123.23,2124.03,2114.0,2114.67,1384.925302
2026-03-19 13:40:00,2114.74,2142.32,2111.4,2138.05,2562.024251
2026-03-19 13:45:00,2138.03,2140.21,2128.31,2140.05,878.849988
2026-03-19 13:50:00,2140.05,2143.79,2134.37,2142.78,1109.315689
2026-03-19 13:55:00,2142.93,2143.12,2136.06,2137.73,444.055404
2026-03-19 14:00:00,2137.73,2147.76,2133.78,2135.09,1044.505691
2026-03-19 14:05:00,2135.09,2138.93,2127.94,2129.12,466.931961
2026-03-19 14:10:00,2129.24,2134.65,2125.21,2127.46,483.72849
2026-03-19 14:15:00,2127.47,2129.29,2120.54,2123.45,608.394695
2026-03-19 14:20:00,2123.46,2125.81,2117.97,2121.91,622.854808
2026-03-19 14:25:00,2121.99,2123.98,2108.64,2109.93,1551.343987
2026-03-19 14:30:00,2109.81,2114.9,2107.69,2114.19,1423.330575
2026-03-19 14:35:00,2114.17,2116.12,2102.46,2108.0,2607.755962
2026-03-19 14:40:00,2108.0,2117.67,2106.76,2114.74,842.392551
2026-03-19 14:45:00,2114.74,2117.31,2111.24,2117.31,1428.294415
2026-03-19 14:50:00,2117.34,2131.6,2116.36,2124.78,1820.499235
2026-03-19 14:55:00,2124.79,2127.09,2120.01,2121.76,746.767789
2026-03-19 15:00:00,2121.76,2131.37,2120.26,2130.68,740.806808
2026-03-19 15:05:00,2130.68,2137.0,2125.38,2127.34,1228.669873
2026-03-19 15:10:00,2127.24,2129.99,2124.03,2128.56,302.110765
2026-03-19 15:15:00,2128.56,2135.49,2116.67,2117.74,1591.99049
2026-03-19 15:20:00,2117.75,2119.95,2110.77,2112.06,1327.448696
2026-03-19 15:25:00,2112.15,2116.57,2111.36,2112.23,786.567834
2026-03-19 15:30:00,2112.22,2115.87,2111.6,2112.35,1026.800811
2026-03-19 15:35:00,2112.33,2116.65,2109.51,2114.01,916.616992
2026-03-19 15:40:00,2114.01,2115.41,2105.06,2105.06,1259.07332
2026-03-19 15:45:00,2105.21,2120.0,2099.27,2118.69,3249.003299
2026-03-19 15:50:00,2118.78,2123.87,2114.93,2122.39,732.907987
2026-03-19 15:55:00,2122.47,2126.91,2118.76,2118.88,794.439987
2026-03-19 16:00:00,2118.89,2121.99,2113.34,2114.55,609.592236
2026-03-19 16:05:00,2114.67,2119.42,2113.01,2118.27,845.499619
2026-03-19 16:10:00,2118.36,2119.85,2113.22,2115.76,1010.961375
2026-03-19 16:15:00,2115.57,2117.09,2106.81,2108.28,1557.623427
2026-03-19 16:20:00,2108.27,2114.01,2106.57,2110.25,1251.731312
2026-03-19 16:25:00,2110.42,2115.53,2110.05,2112.97,899.249431
2026-03-19 16:30:00,2112.95,2115.34,2107.2,2110.03,405.389705
2026-03-19 16:35:00,2110.03,2116.02,2107.17,2116.02,307.754417
2026-03-19 16:40:00,2116.02,2122.26,2115.88,2117.19,568.895414
2026-03-19 16:45:00,2117.2,2118.21,2113.05,2114.43,438.454696
2026-03-19 16:50:00,2114.33,2114.7,2108.62,2113.81,294.337831
2026-03-19 16:55:00,2113.83,2116.9,2112.6,2115.54,336.216215
2026-03-19 17:00:00,2115.32,2116.87,2110.42,2111.55,326.905604
2026-03-19 17:05:00,2111.66,2112.38,2105.0,2106.53,469.150178
2026-03-19 17:10:00,2106.39,2114.15,2106.07,2109.63,330.162772
2026-03-19 17:15:00,2109.42,2118.8,2107.33,2118.39,442.149692
2026-03-19 17:20:00,2118.39,2127.28,2115.97,2125.42,923.752772
2026-03-19 17:25:00,2125.43,2127.75,2123.7,2125.63,422.123692
2026-03-19 17:30:00,2125.62,2129.06,2120.11,2121.39,430.314846
2026-03-19 17:35:00,2121.38,2121.38,2114.51,2117.94,474.167621
2026-03-19 17:40:00,2117.94,2119.59,2116.38,2117.7,157.092396
2026-03-19 17:45:00,2117.71,2122.29,2116.68,2121.76,200.158878
2026-03-19 17:50:00,2121.84,2131.91,2121.47,2128.26,395.524517
2026-03-19 17:55:00,2128.26,2129.18,2126.2,2127.4,220.690574
2026-03-19 18:00:00,2127.39,2127.97,2123.15,2123.19,179.929141
2026-03-19 18:05:00,2123.19,2126.14,2122.3,2124.14,160.320716
2026-03-19 18:10:00,2124.21,2129.59,2124.01,2125.83,170.33754
2026-03-19 18:15:00,2125.84,2127.47,2122.45,2123.62,262.329332
2026-03-19 18:20:00,2123.62,2125.29,2121.88,2121.9,61.477707
2026-03-19 18:25:00,2121.87,2121.87,2118.09,2119.03,221.295583
2026-03-19 18:30:00,2119.02,2120.52,2115.26,2116.49,459.081717
2026-03-19 18:35:00,2116.49,2120.36,2115.08,2117.44,344.066695
2026-03-19 18:40:00,2117.43,2117.51,2114.49,2116.92,296.391932
2026-03-19 18:45:00,2117.0,2118.01,2115.3,2115.96,212.003488
2026-03-19 18:50:00,2116.04,2121.01,2114.56,2119.99,569.074248
2026-03-19 18:55:00,2120.01,2126.25,2119.15,2125.41,354.356308
2026-03-19 19:00:00,2125.33,2136.5,2125.07,2136.5,1237.896187
2026-03-19 19:05:00,2136.5,2147.64,2136.5,2140.16,1456.367509
2026-03-19 19:10:00,2139.98,2152.28,2138.76,2141.93,1486.484853
2026-03-19 19:15:00,2141.9,2156.04,2139.01,2154.09,971.562386
2026-03-19 19:20:00,2154.0,2157.01,2149.17,2152.28,974.658728
2026-03-19 19:25:00,2152.14,2152.2,2140.31,2145.28,545.80856
2026-03-19 19:30:00,2145.36,2146.32,2140.35,2141.89,418.576166
2026-03-19 19:35:00,2141.78,2145.81,2138.17,2145.69,354.750336
2026-03-19 19:40:00,2145.68,2147.91,2144.05,2145.71,613.129238
2026-03-19 19:45:00,2145.68,2148.36,2143.77,2145.09,228.721358
2026-03-19 19:50:00,2145.09,2145.11,2137.97,2141.91,392.068494
2026-03-19 19:55:00,2141.78,2144.22,2139.78,2141.45,182.632682
2026-03-19 20:00:00,2141.29,2143.27,2139.49,2142.28,154.975431
2026-03-19 20:05:00,2142.27,2144.89,2140.3,2143.64,49.442939
2026-03-19 20:10:00,2143.66,2144.39,2140.18,2144.39,146.872831
2026-03-19 20:15:00,2144.39,2149.34,2142.67,2147.0,418.645635
2026-03-19 20:20:00,2146.98,2147.95,2142.2,2142.64,217.771968
2026-03-19 20:25:00,2142.65,2144.82,2139.57,2140.9,123.372768
2026-03-19 20:30:00,2140.99,2143.76,2139.83,2143.23,62.405081
2026-03-19 20:35:00,2143.22,2149.75,2142.79,2149.75,158.14298
2026-03-19 20:40:00,2149.76,2152.9,2146.1,2147.73,390.806279
2026-03-19 20:45:00,2147.55,2149.06,2143.11,2146.07,294.605202
2026-03-19 20:50:00,2146.06,2146.74,2143.99,2146.74,168.907967
2026-03-19 20:55:00,2146.74,2147.86,2144.7,2146.31,175.333256
2026-03-19 21:00:00,2146.3,2149.97,2145.71,2147.4,115.311661
2026-03-19 21:05:00,2147.49,2151.94,2146.35,2151.94,120.108341
2026-03-19 21:10:00,2151.94,2155.8,2151.58,2153.99,942.161831
2026-03-19 21:15:00,2153.99,2153.99,2150.15,2150.18,227.331104
2026-03-19 21:20:00,2150.17,2150.97,2145.69,2146.91,507.779981
2026-03-19 21:25:00,2146.92,2149.23,2146.92,2148.73,101.179207
2026-03-19 21:30:00,2148.73,2150.59,2146.28,2147.7,164.61784
2026-03-19 21:35:00,2147.7,2150.47,2147.7,2149.09,81.054448
2026-03-19 21:40:00,2149.09,2151.18,2147.65,2148.91,134.534812
2026-03-19 21:45:00,2148.85,2150.19,2146.7,2147.72,74.64526
2026-03-19 21:50:00,2147.71,2149.34,2145.12,2147.28,268.262648
2026-03-19 21:55:00,2147.28,2153.33,2147.28,2150.18,167.267961
2026-03-19 22:00:00,2150.17,2151.32,2146.7,2146.7,124.565609
2026-03-19 22:05:00,2146.7,2150.69,2143.66,2149.45,178.594695
2026-03-19 22:10:00,2149.59,2151.99,2148.56,2150.37,116.163409
2026-03-19 22:15:00,2150.37,2152.43,2147.19,2151.75,51.075777
2026-03-19 22:20:00,2151.75,2152.38,2147.82,2150.51,145.855322
2026-03-19 22:25:00,2150.52,2152.1,2149.81,2149.81,139.813563
2026-03-19 22:30:00,2149.8,2150.75,2139.45,2142.79,632.27923
2026-03-19 22:35:00,2142.79,2143.04,2132.74,2137.6,562.118287
2026-03-19 22:40:00,2137.45,2139.71,2134.53,2138.85,145.129338
2026-03-19 22:45:00,2138.8,2139.92,2135.13,2139.22,376.582935
2026-03-19 22:50:00,2139.33,2142.07,2139.15,2140.82,78.320734
2026-03-19 22:55:00,2140.81,2141.08,2137.23,2139.87,312.058087
2026-03-19 23:00:00,2140.03,2147.28,2140.03,2146.09,199.044289
2026-03-19 23:05:00,2146.09,2147.48,2145.59,2146.01,267.300107
2026-03-19 23:10:00,2146.01,2147.44,2144.52,2146.2,109.725882
2026-03-19 23:15:00,2146.19,2146.2,2139.77,2140.32,481.267408
2026-03-19 23:20:00,2140.33,2140.99,2136.69,2138.47,165.890187
2026-03-19 23:25:00,2138.49,2143.15,2138.49,2142.55,59.111665
2026-03-19 23:30:00,2142.55,2144.36,2136.01,2136.01,123.682854
2026-03-19 23:35:00,2136.0,2136.99,2131.75,2131.75,490.920397
2026-03-19 23:40:00,2131.74,2135.95,2130.54,2134.37,392.300922
2026-03-19 23:45:00,2134.3,2137.31,2133.35,2136.15,170.849745
2026-03-19 23:50:00,2136.08,2138.0,2135.28,2137.73,85.562437
2026-03-19 23:55:00,2137.63,2139.65,2136.82,2137.87,168.339531
2026-03-20 00:00:00,2137.82,2140.29,2135.0,2135.76,137.900973
2026-03-20 00:05:00,2135.87,2144.31,2135.65,2143.1,164.028996
2026-03-20 00:10:00,2143.1,2146.18,2143.08,2144.47,329.006274
2026-03-20 00:15:00,2144.48,2148.32,2143.73,2145.82,151.845229
2026-03-20 00:20:00,2145.81,2146.24,2138.55,2140.67,194.34633
2026-03-20 00:25:00,2140.58,2143.96,2139.69,2143.32,222.613384
2026-03-20 00:30:00,2143.23,2145.71,2141.61,2144.86,64.729432
2026-03-20 00:35:00,2144.77,2148.76,2142.44,2148.5,375.368572
2026-03-20 00:40:00,2148.5,2149.09,2145.63,2146.02,292.881701
2026-03-20 00:45:00,2146.02,2148.0,2145.88,2146.01,116.353537
2026-03-20 00:50:00,2146.0,2149.51,2143.38,2144.1,264.647619
2026-03-20 00:55:00,2144.08,2146.15,2142.9,2145.79,205.007147
2026-03-20 01:00:00,2145.8,2154.42,2145.09,2150.52,550.796248
2026-03-20 01:05:00,2150.52,2153.53,2150.2,2152.41,278.649981
2026-03-20 01:10:00,2152.41,2153.24,2149.83,2152.35,296.203837
2026-03-20 01:15:00,2152.35,2153.21,2149.02,2151.23,194.39294
2026-03-20 01:20:00,2151.35,2152.52,2147.33,2149.65,293.413535
2026-03-20 01:25:00,2149.62,2152.37,2149.0,2149.82,566.699088
2026-03-20 01:30:00,2149.81,2155.99,2149.81,2153.31,399.691587
2026-03-20 01:35:00,2153.27,2159.99,2151.67,2159.13,711.461489
2026-03-20 01:40:00,2159.13,2160.75,2158.13,2159.15,362.934883
2026-03-20 01:45:00,2159.14,2160.69,2156.05,2158.48,324.570802
2026-03-20 01:50:00,2158.47,2158.48,2155.01,2155.32,193.47997
2026-03-20 01:55:00,2155.32,2156.28,2150.85,2150.96,165.342509
2026-03-20 02:00:00,2150.96,2151.83,2146.63,2148.83,246.809745
2026-03-20 02:05:00,2148.82,2150.66,2146.46,2146.85,174.023392
2026-03-20 02:10:00,2146.98,2147.35,2145.62,2145.7,137.212174
2026-03-20 02:15:00,2145.78,2146.02,2141.65,2141.65,316.905277
2026-03-20 02:20:00,2141.65,2143.2,2137.38,2139.2,342.937642
2026-03-20 02:25:00,2139.21,2139.9,2137.34,2139.18,149.444735
2026-03-20 02:30:00,2139.33,2140.67,2133.82,2133.93,282.719764
2026-03-20 02:35:00,2133.93,2137.64,2131.23,2136.71,317.569283
2026-03-20 02:40:00,2136.8,2144.23,2136.8,2143.24,192.334103
2026-03-20 02:45:00,2143.24,2144.97,2140.01,2144.97,382.087284
2026-03-20 02:50:00,2145.0,2147.96,2144.01,2147.96,291.385924
2026-03-20 02:55:00,2147.95,2149.88,2144.64,2144.64,140.942502
2026-03-20 03:00:00,2144.62,2147.81,2143.64,2144.65,73.041805
2026-03-20 03:05:00,2144.64,2148.91,2144.29,2145.62,190.18679
2026-03-20 03:10:00,2145.61,2147.61,2145.61,2145.79,27.279765
2026-03-20 03:15:00,2145.76,2150.89,2145.07,2150.81,128.851521
2026-03-20 03:20:00,2150.81,2151.98,2148.37,2150.18,231.840741
2026-03-20 03:25:00,2150.17,2153.03,2148.48,2153.03,300.454996
2026-03-20 03:30:00,2153.03,2157.31,2153.03,2154.49,520.925462
2026-03-20 03:35:00,2154.49,2154.98,2148.9,2149.38,274.201048
2026-03-20 03:40:00,2149.58,2151.08,2148.24,2149.06,190.191842
2026-03-20 03:45:00,2149.06,2153.36,2147.44,2150.59,182.144538
2026-03-20 03:50:00,2150.53,2154.71,2150.01,2152.39,374.959895
2026-03-20 03:55:00,2152.39,2153.4,2150.96,2151.57,233.170115
2026-03-20 04:00:00,2151.57,2154.78,2149.85,2152.85,172.483647
2026-03-20 04:05:00,2152.65,2159.3,2152.4,2157.83,512.720203
2026-03-20 04:10:00,2157.79,2159.25,2155.88,2157.27,341.212256
2026-03-20 04:15:00,2157.27,2157.27,2153.5,2154.35,277.366302
2026-03-20 04:20:00,2154.35,2155.69,2151.79,2154.0,228.628417
2026-03-20 04:25:00,2154.0,2155.04,2153.24,2154.58,113.418788
2026-03-20 04:30:00,2154.59,2155.12,2142.42,2143.88,1041.098976
2026-03-20 04:35:00,2143.95,2145.04,2141.47,2141.47,136.48932
2026-03-20 04:40:00,2141.47,2142.43,2139.44,2140.45,274.16123
2026-03-20 04:45:00,2140.46,2145.14,2140.0,2144.98,202.78676
2026-03-20 04:50:00,2145.07,2147.08,2143.6,2145.9,274.092001
2026-03-20 04:55:00,2145.91,2149.04,2145.91,2148.48,172.716415
2026-03-20 05:00:00,2148.47,2152.06,2145.45,2147.42,363.810699
2026-03-20 05:05:00,2147.42,2151.11,2145.78,2151.04,321.941436
2026-03-20 05:10:00,2151.0,2151.21,2149.0,2151.0,58.63682
2026-03-20 05:15:00,2150.99,2151.61,2148.36,2149.68,195.833177
2026-03-20 05:20:00,2149.69,2150.91,2147.29,2147.86,98.839938
2026-03-20 05:25:00,2147.86,2147.86,2142.77,2143.49,126.47102
2026-03-20 05:30:00,2143.44,2143.44,2138.5,2138.5,322.297849
2026-03-20 05:35:00,2138.5,2145.0,2137.39,2142.98,316.976702
2026-03-20 05:40:00,2142.97,2145.8,2142.28,2144.68,121.648946
2026-03-20 05:45:00,2144.67,2145.9,2143.05,2143.23,74.302499
2026-03-20 05:50:00,2143.22,2145.08,2140.24,2141.23,82.433591
2026-03-20 05:55:00,2141.23,2141.23,2138.55,2140.27,111.884068
2026-03-20 06:00:00,2140.31,2141.78,2137.04,2139.95,319.600152
2026-03-20 06:05:00,2139.95,2140.85,2137.05,2138.28,210.128772
2026-03-20 06:10:00,2138.27,2139.14,2136.56,2139.03,85.231846
2026-03-20 06:15:00,2139.02,2139.02,2134.48,2134.52,302.030397
2026-03-20 06:20:00,2134.53,2138.17,2133.33,2136.34,206.941455
2026-03-20 06:25:00,2136.35,2138.34,2135.0,2138.34,224.025003
2026-03-20 06:30:00,2138.35,2140.51,2136.33,2138.97,176.488678
2026-03-20 06:35:00,2138.97,2139.43,2137.01,2137.07,165.520229
2026-03-20 06:40:00,2137.07,2137.68,2132.19,2136.97,298.242339
2026-03-20 06:45:00,2136.98,2140.13,2135.91,2137.27,122.279438
2026-03-20 06:50:00,2137.27,2139.19,2136.64,2137.6,59.084586
2026-03-20 06:55:00,2137.61,2137.9,2135.82,2136.73,81.732396
2026-03-20 07:00:00,2136.73,2136.73,2121.44,2127.4,1253.470752
2026-03-20 07:05:00,2127.57,2133.78,2126.31,2130.66,446.523041
2026-03-20 07:10:00,2130.66,2131.06,2126.86,2128.71,791.307252
2026-03-20 07:15:00,2128.71,2132.77,2128.17,2132.0,100.116721
2026-03-20 07:20:00,2132.0,2142.41,2131.99,2139.89,396.241969
2026-03-20 07:25:00,2139.89,2141.08,2138.3,2138.57,88.142249
2026-03-20 07:30:00,2138.57,2148.62,2136.58,2146.89,1151.316336
2026-03-20 07:35:00,2146.77,2150.0,2145.8,2148.38,604.146408
2026-03-20 07:40:00,2148.47,2152.98,2148.47,2152.71,830.5146
2026-03-20 07:45:00,2152.75,2153.43,2148.97,2150.22,1249.844539
2026-03-20 07:50:00,2150.23,2151.75,2149.25,2151.01,602.91639
2026-03-20 07:55:00,2151.01,2152.51,2150.69,2150.69,535.503808
2026-03-20 08:00:00,2150.69,2151.05,2146.21,2146.41,535.92403
2026-03-20 08:05:00,2146.62,2167.06,2146.62,2166.18,2893.997189
2026-03-20 08:10:00,2165.77,2176.57,2164.36,2170.73,2101.027381
2026-03-20 08:15:00,2170.63,2171.07,2167.14,2168.02,703.176029
2026-03-20 08:20:00,2168.01,2168.89,2162.61,2167.14,716.737685
2026-03-20 08:25:00,2167.2,2168.89,2165.04,2165.19,304.339718
2026-03-20 08:30:00,2165.19,2167.63,2160.87,2166.27,458.315022
2026-03-20 08:35:00,2166.01,2166.28,2163.21,2165.27,162.483165
2026-03-20 08:40:00,2165.24,2166.43,2163.7,2164.31,230.745807
2026-03-20 08:45:00,2164.24,2164.24,2160.86,2163.38,285.087145
2026-03-20 08:50:00,2163.4,2166.4,2162.99,2163.69,462.710222
2026-03-20 08:55:00,2163.53,2165.73,2162.89,2164.09,261.199589
2026-03-20 09:00:00,2164.02,2164.03,2156.36,2159.73,628.771924
2026-03-20 09:05:00,2159.72,2160.2,2154.65,2159.78,465.919971
2026-03-20 09:10:00,2159.82,2160.31,2154.7,2154.95,163.696417
2026-03-20 09:15:00,2154.95,2155.85,2147.92,2149.6,400.438751
2026-03-20 09:20:00,2149.42,2149.42,2139.6,2140.02,1179.017533
2026-03-20 09:25:00,2140.17,2144.61,2139.34,2142.33,357.116082
2026-03-20 09:30:00,2142.38,2148.17,2142.38,2145.74,305.326804
2026-03-20 09:35:00,2145.75,2148.84,2145.75,2145.8,142.933987
2026-03-20 09:40:00,2145.8,2146.69,2143.27,2146.02,147.188502
2026-03-20 09:45:00,2145.81,2146.33,2140.87,2141.67,449.447223
2026-03-20 09:50:00,2141.76,2143.22,2135.0,2137.03,397.28163
2026-03-20 09:55:00,2137.11,2141.66,2136.97,2141.66,332.016388
2026-03-20 10:00:00,2141.66,2141.76,2134.11,2137.05,197.731229
2026-03-20 10:05:00,2137.05,2139.67,2133.76,2136.07,313.520864
2026-03-20 10:10:00,2136.0,2136.53,2132.51,2135.33,252.520328
2026-03-20 10:15:00,2135.42,2138.87,2132.66,2136.32,160.546335
2026-03-20 10:20:00,2136.31,2136.31,2131.39,2135.76,373.050519
2026-03-20 10:25:00,2135.93,2136.9,2134.76,2135.98,197.2554
2026-03-20 10:30:00,2135.98,2141.95,2135.57,2140.98,240.648051
2026-03-20 10:35:00,2140.98,2145.48,2139.2,2145.28,506.933897
2026-03-20 10:40:00,2145.27,2151.54,2144.21,2148.11,902.827863
2026-03-20 10:45:00,2148.12,2150.53,2147.71,2149.2,294.318033
2026-03-20 10:50:00,2149.19,2150.83,2147.49,2147.95,181.779067
2026-03-20 10:55:00,2147.95,2148.86,2146.86,2148.25,26.25794
2026-03-20 11:00:00,2148.37,2151.13,2146.83,2149.47,71.670375
2026-03-20 11:05:00,2149.47,2152.96,2149.3,2151.91,87.858366
2026-03-20 11:10:00,2151.91,2158.68,2150.31,2158.01,938.240365
2026-03-20 11:15:00,2158.04,2158.04,2150.24,2152.6,215.509298
2026-03-20 11:20:00,2152.59,2153.25,2149.79,2151.55,94.24141
2026-03-20 11:25:00,2151.58,2152.42,2148.77,2150.04,128.119586
2026-03-20 11:30:00,2150.04,2150.32,2147.6,2148.14,137.896415
2026-03-20 11:35:00,2148.14,2148.14,2134.85,2137.82,877.003882
2026-03-20 11:40:00,2137.83,2140.26,2137.09,2139.46,133.492413
2026-03-20 11:45:00,2139.4,2139.9,2136.8,2139.79,143.082305
2026-03-20 11:50:00,2139.8,2140.05,2137.16,2139.12,97.464798
2026-03-20 11:55:00,2139.12,2142.75,2138.78,2141.56,145.093955
2026-03-20 12:00:00,2141.54,2145.5,2140.46,2142.01,146.934469
2026-03-20 12:05:00,2142.34,2152.9,2142.31,2151.02,747.382944
2026-03-20 12:10:00,2151.18,2152.24,2144.73,2146.07,143.575934
2026-03-20 12:15:00,2145.96,2147.38,2143.0,2145.94,95.652515
2026-03-20 12:20:00,2145.94,2148.85,2144.71,2147.06,40.446532
2026-03-20 12:25:00,2147.06,2147.52,2140.03,2142.51,139.163807
2026-03-20 12:30:00,2142.6,2142.83,2136.86,2138.26,212.130923
2026-03-20 12:35:00,2138.25,2142.67,2138.1,2139.82,144.155375
2026-03-20 12:40:00,2139.79,2140.47,2135.01,2139.17,166.421661
2026-03-20 12:45:00,2139.19,2141.57,2136.69,2140.78,43.510755
2026-03-20 12:50:00,2140.73,2142.79,2138.86,2140.29,128.233182
2026-03-20 12:55:00,2140.28,2141.34,2139.36,2141.16,23.324437
2026-03-20 13:00:00,2141.17,2142.7,2140.01,2140.93,93.064515
2026-03-20 13:05:00,2140.94,2145.49,2139.57,2142.88,183.809379
2026-03-20 13:10:00,2142.8,2143.11,2135.65,2139.17,106.484439
2026-03-20 13:15:00,2139.04,2142.71,2137.85,2141.58,82.899816
2026-03-20 13:20:00,2141.62,2146.27,2141.62,2145.27,112.532424
2026-03-20 13:25:00,2145.23,2152.77,2145.23,2147.24,511.958834
2026-03-20 13:30:00,2147.23,2147.23,2127.08,2132.85,1315.363601
2026-03-20 13:35:00,2132.92,2138.44,2123.33,2130.37,1288.558354
2026-03-20 13:40:00,2130.23,2145.15,2127.5,2141.12,797.138571
2026-03-20 13:45:00,2141.09,2143.34,2134.37,2140.57,383.318994
2026-03-20 13:50:00,2140.56,2140.93,2128.23,2131.81,475.858177
2026-03-20 13:55:00,2131.93,2133.67,2124.81,2127.5,707.596756
2026-03-20 14:00:00,2127.5,2131.06,2116.89,2128.85,2163.41506
2026-03-20 14:05:00,2129.03,2135.97,2122.23,2128.52,846.661864
2026-03-20 14:10:00,2128.51,2135.1,2123.61,2124.99,1051.813506
2026-03-20 14:15:00,2125.0,2129.08,2121.17,2123.98,1006.958194
2026-03-20 14:20:00,2123.94,2133.18,2119.67,2132.36,1741.397049
2026-03-20 14:25:00,2132.35,2141.36,2128.19,2135.65,1240.11095
2026-03-20 14:30:00,2135.51,2147.58,2135.51,2144.9,1063.022081
2026-03-20 14:35:00,2144.91,2147.75,2137.34,2141.99,441.134948
2026-03-20 14:40:00,2141.63,2144.3,2135.9,2135.98,182.33655
2026-03-20 14:45:00,2136.15,2139.89,2134.37,2136.1,405.06355
2026-03-20 14:50:00,2135.97,2135.97,2126.02,2126.45,502.86758
2026-03-20 14:55:00,2126.61,2132.54,2126.3,2129.4,247.304978
2026-03-20 15:00:00,2129.18,2135.0,2123.58,2126.78,490.345565
2026-03-20 15:05:00,2126.54,2127.75,2120.38,2121.98,891.949561
2026-03-20 15:10:00,2122.02,2131.35,2121.67,2130.14,436.551388
2026-03-20 15:15:00,2130.09,2132.17,2122.22,2123.72,448.953703
2026-03-20 15:20:00,2123.71,2138.8,2123.37,2131.27,1042.644614
2026-03-20 15:25:00,2131.49,2132.28,2127.78,2130.05,230.375442
2026-03-20 15:30:00,2130.01,2134.9,2127.01,2133.17,401.333429
2026-03-20 15:35:00,2132.89,2135.69,2128.33,2132.44,343.444017
2026-03-20 15:40:00,2132.48,2135.0,2130.87,2132.56,154.718086
2026-03-20 15:45:00,2132.46,2136.77,2129.31,2134.17,222.371721
2026-03-20 15:50:00,2134.16,2137.39,2132.01,2134.01,216.150964
2026-03-20 15:55:00,2133.97,2134.96,2131.51,2134.01,94.225607
2026-03-20 16:00:00,2134.02,2139.66,2133.67,2139.65,221.772618
2026-03-20 16:05:00,2139.64,2139.64,2133.71,2137.27,280.91948
2026-03-20 16:10:00,2137.11,2142.48,2136.94,2139.34,412.264541
2026-03-20 16:15:00,2139.52,2144.31,2135.86,2143.34,333.326172
2026-03-20 16:20:00,2143.37,2144.64,2139.16,2139.2,320.627118
2026-03-20 16:25:00,2139.47,2140.82,2137.23,2140.45,127.172949
2026-03-20 16:30:00,2140.47,2140.61,2130.35,2135.83,180.940568
2026-03-20 16:35:00,2135.76,2137.33,2132.06,2134.65,88.902658
2026-03-20 16:40:00,2134.65,2136.28,2133.76,2135.14,112.212791
2026-03-20 16:45:00,2134.95,2137.92,2134.08,2134.21,62.663241
2026-03-20 16:50:00,2134.2,2135.91,2130.61,2135.52,195.240434
2026-03-20 16:55:00,2135.27,2140.55,2135.01,2137.41,109.046909
2026-03-20 17:00:00,2137.46,2140.74,2137.46,2140.3,371.968834
2026-03-20 17:05:00,2140.28,2141.32,2131.66,2136.51,422.752439
2026-03-20 17:10:00,2136.52,2137.72,2131.97,2133.16,266.201255
2026-03-20 17:15:00,2133.2,2135.9,2131.04,2133.24,61.943158
2026-03-20 17:20:00,2133.24,2135.64,2131.63,2132.67,262.319679
2026-03-20 17:25:00,2132.67,2133.03,2130.57,2130.98,118.910408
2026-03-20 17:30:00,2130.89,2132.35,2124.26,2125.63,353.126659
2026-03-20 17:35:00,2125.64,2130.39,2119.37,2128.64,1081.010426
2026-03-20 17:40:00,2128.93,2130.15,2124.29,2125.09,198.293091
2026-03-20 17:45:00,2125.09,2127.85,2123.87,2126.55,89.393968
2026-03-20 17:50:00,2126.63,2131.43,2125.34,2131.01,83.248067
2026-03-20 17:55:00,2131.2,2139.99,2130.89,2136.68,542.522668
2026-03-20 18:00:00,2136.82,2137.71,2133.4,2133.4,610.184424
2026-03-20 18:05:00,2133.43,2137.38,2133.33,2135.63,272.530757
2026-03-20 18:10:00,2135.43,2136.69,2132.75,2135.2,50.873676
2026-03-20 18:15:00,2135.2,2136.11,2132.28,2134.28,48.318974
2026-03-20 18:20:00,2134.3,2136.23,2125.01,2125.89,248.154844
2026-03-20 18:25:00,2125.9,2129.33,2124.05,2125.76,371.397578
2026-03-20 18:30:00,2125.58,2126.32,2120.18,2123.03,387.173092
2026-03-20 18:35:00,2123.01,2123.53,2117.51,2122.2,639.460197
2026-03-20 18:40:00,2122.2,2127.63,2121.97,2123.9,723.176698
2026-03-20 18:45:00,2124.04,2129.52,2122.73,2124.39,490.778158
2026-03-20 18:50:00,2123.94,2127.24,2122.57,2125.46,180.89616
2026-03-20 18:55:00,2125.57,2127.35,2120.27,2123.5,207.043337
2026-03-20 19:00:00,2123.66,2128.3,2123.66,2125.62,119.062704
2026-03-20 19:05:00,2125.74,2127.9,2120.27,2123.35,411.569305
2026-03-20 19:10:00,2123.34,2126.56,2121.06,2125.83,106.530782
2026-03-20 19:15:00,2125.84,2127.48,2123.0,2127.23,146.936954
2026-03-20 19:20:00,2127.13,2128.29,2122.01,2122.82,149.723771
2026-03-20 19:25:00,2122.96,2127.02,2122.88,2125.09,74.906481
2026-03-20 19:30:00,2125.41,2128.89,2121.45,2122.23,309.740445
2026-03-20 19:35:00,2122.23,2122.59,2117.53,2119.98,324.006149
2026-03-20 19:40:00,2120.0,2129.93,2120.0,2129.47,316.152391
2026-03-20 19:45:00,2129.46,2130.76,2124.08,2124.22,145.798953
2026-03-20 19:50:00,2124.16,2132.64,2124.16,2132.02,152.453447
2026-03-20 19:55:00,2131.97,2135.01,2131.52,2133.32,206.538635
2026-03-20 20:00:00,2133.21,2135.72,2131.4,2132.67,236.901843
2026-03-20 20:05:00,2132.71,2134.96,2131.59,2134.51,74.532731
2026-03-20 20:10:00,2134.3,2137.25,2133.73,2135.26,197.780456
2026-03-20 20:15:00,2135.26,2135.26,2129.64,2131.61,93.770421
2026-03-20 20:20:00,2131.63,2132.02,2129.68,2131.22,47.082749
2026-03-20 20:25:00,2131.21,2131.77,2129.63,2131.11,165.977605
2026-03-20 20:30:00,2131.12,2131.41,2124.03,2125.47,105.130604
2026-03-20 20:35:00,2125.48,2130.04,2124.44,2128.8,272.589242
2026-03-20 20:40:00,2128.8,2129.46,2127.55,2128.85,49.719632
2026-03-20 20:45:00,2128.84,2133.43,2127.38,2133.14,116.287185
2026-03-20 20:50:00,2133.15,2135.73,2132.6,2133.14,83.489278
2026-03-20 20:55:00,2133.02,2134.28,2132.55,2133.41,24.292258
2026-03-20 21:00:00,2133.35,2134.4,2131.69,2134.0,47.600731
2026-03-20 21:05:00,2134.0,2134.09,2133.07,2133.49,44.268814
2026-03-20 21:10:00,2133.49,2134.99,2130.79,2134.37,285.819756
2026-03-20 21:15:00,2134.22,2150.27,2134.15,2148.05,1135.371081
2026-03-20 21:20:00,2148.06,2150.17,2146.63,2148.31,225.972034
2026-03-20 21:25:00,2148.38,2154.45,2148.09,2152.08,426.923652
2026-03-20 21:30:00,2152.27,2154.37,2149.23,2152.15,262.881935
2026-03-20 21:35:00,2152.15,2157.73,2150.76,2151.44,250.498867
2026-03-20 21:40:00,2151.43,2151.43,2142.96,2144.96,233.555313
2026-03-20 21:45:00,2144.99,2148.59,2144.32,2147.64,73.637173
2026-03-20 21:50:00,2147.64,2149.78,2146.49,2147.67,73.044295
2026-03-20 21:55:00,2147.67,2148.75,2146.98,2147.77,124.591098
2026-03-20 22:00:00,2147.78,2168.0,2147.78,2165.24,977.453895
2026-03-20 22:05:00,2165.24,2167.62,2161.04,2162.08,430.058933
2026-03-20 22:10:00,2162.08,2164.92,2158.46,2160.77,268.540713
2026-03-20 22:15:00,2160.56,2163.4,2159.5,2160.78,199.633323
2026-03-20 22:20:00,2160.78,2161.04,2156.34,2156.37,101.798297
2026-03-20 22:25:00,2156.36,2157.9,2156.09,2156.59,109.571857
2026-03-20 22:30:00,2156.58,2157.54,2155.46,2155.8,106.807599
2026-03-20 22:35:00,2155.8,2158.02,2153.87,2156.96,342.120623
2026-03-20 22:40:00,2156.8,2157.1,2153.48,2154.51,133.239142
2026-03-20 22:45:00,2154.51,2157.76,2152.51,2157.17,355.020024
2026-03-20 22:50:00,2157.18,2159.51,2155.29,2156.05,108.182292
2026-03-20 22:55:00,2156.05,2157.38,2154.79,2154.79,38.862886
2026-03-20 23:00:00,2154.79,2155.69,2151.48,2152.21,123.045633
2026-03-20 23:05:00,2152.16,2152.16,2146.87,2147.74,197.642582
2026-03-20 23:10:00,2147.74,2148.99,2144.95,2145.05,202.336093
2026-03-20 23:15:00,2145.05,2147.87,2143.26,2147.43,164.549641
2026-03-20 23:20:00,2147.42,2149.03,2146.57,2148.0,67.082683
2026-03-20 23:25:00,2148.16,2148.67,2145.87,2147.05,187.310873
2026-03-20 23:30:00,2147.05,2148.52,2145.59,2146.74,81.37786
2026-03-20 23:35:00,2146.74,2148.53,2146.29,2146.42,35.567081
2026-03-20 23:40:00,2146.19,2147.29,2146.04,2146.32,32.106554
2026-03-20 23:45:00,2146.41,2147.59,2145.0,2147.59,25.893883
2026-03-20 23:50:00,2147.6,2148.47,2145.01,2145.91,55.695003
2026-03-20 23:55:00,2145.91,2147.09,2145.91,2146.28,16.573417
2026-03-21 00:00:00,2146.05,2148.53,2145.92,2148.23,67.983639
2026-03-21 00:05:00,2148.23,2149.52,2145.93,2146.02,50.720601
2026-03-21 00:10:00,2146.03,2146.79,2144.19,2146.67,59.244892
2026-03-21 00:15:00,2146.6,2154.78,2145.87,2154.11,385.97593
2026-03-21 00:20:00,2154.11,2156.54,2151.1,2151.49,127.746509
2026-03-21 00:25:00,2151.39,2153.2,2150.72,2150.87,49.065519
2026-03-21 00:30:00,2150.87,2152.2,2149.15,2151.6,47.279106
2026-03-21 00:35:00,2151.6,2153.84,2150.83,2152.62,129.147439
2026-03-21 00:40:00,2152.63,2152.63,2148.72,2150.41,100.632587
2026-03-21 00:45:00,2150.42,2151.3,2149.44,2150.87,77.391718
2026-03-21 00:50:00,2150.87,2153.3,2150.42,2153.01,146.768853
2026-03-21 00:55:00,2153.03,2153.83,2152.21,2153.43,60.554438
2026-03-21 01:00:00,2153.43,2154.99,2151.3,2152.2,206.11126
2026-03-21 01:05:00,2152.18,2155.75,2152.1,2155.59,69.374407
2026-03-21 01:10:00,2155.64,2159.73,2155.14,2155.41,241.390462
2026-03-21 01:15:00,2155.41,2156.07,2151.37,2152.87,124.758898
2026-03-21 01:20:00,2152.88,2155.45,2152.79,2153.78,77.337504
2026-03-21 01:25:00,2154.01,2155.39,2153.55,2153.56,55.015935
2026-03-21 01:30:00,2153.57,2153.57,2149.26,2151.54,390.363154
2026-03-21 01:35:00,2151.55,2153.37,2151.55,2152.02,56.907934
2026-03-21 01:40:00,2151.92,2151.93,2149.29,2149.29,46.444222
2026-03-21 01:45:00,2149.5,2151.04,2147.84,2149.61,81.590157
2026-03-21 01:50:00,2149.61,2150.34,2147.72,2147.72,48.348628
2026-03-21 01:55:00,2147.74,2148.66,2147.2,2147.52,76.102424
2026-03-21 02:00:00,2147.59,2148.32,2145.96,2147.06,131.341254
2026-03-21 02:05:00,2147.13,2150.1,2146.76,2148.62,108.169543
2026-03-21 02:10:00,2148.61,2148.61,2147.5,2148.3,54.757033
2026-03-21 02:15:00,2148.3,2150.49,2148.3,2150.22,79.337367
2026-03-21 02:20:00,2150.23,2151.5,2150.22,2151.47,63.318018
2026-03-21 02:25:00,2151.47,2153.19,2151.3,2152.04,36.704761
2026-03-21 02:30:00,2152.03,2152.15,2150.11,2151.77,46.176624
2026-03-21 02:35:00,2151.86,2151.86,2149.62,2151.61,52.229118
2026-03-21 02:40:00,2151.7,2154.41,2151.7,2154.02,68.024273
2026-03-21 02:45:00,2154.02,2154.55,2152.76,2154.48,75.483227
2026-03-21 02:50:00,2154.49,2156.34,2153.81,2155.6,76.133083
2026-03-21 02:55:00,2155.53,2155.57,2153.49,2155.13,81.988158
2026-03-21 03:00:00,2155.13,2155.64,2152.58,2152.58,53.649872
2026-03-21 03:05:00,2152.58,2154.99,2152.58,2154.62,50.446875
2026-03-21 03:10:00,2154.6,2155.92,2152.83,2153.89,85.349157
2026-03-21 03:15:00,2153.89,2153.99,2152.45,2152.46,113.71544
2026-03-21 03:20:00,2152.45,2153.51,2152.3,2152.73,52.974401
2026-03-21 03:25:00,2152.61,2154.24,2152.18,2153.39,52.428836
2026-03-21 03:30:00,2153.29,2153.3,2152.06,2152.06,30.446639
2026-03-21 03:35:00,2152.06,2152.39,2150.86,2151.88,44.698179
2026-03-21 03:40:00,2151.87,2152.86,2151.87,2152.42,165.746075
2026-03-21 03:45:00,2152.42,2153.68,2151.97,2152.87,19.161888
2026-03-21 03:50:00,2152.84,2154.6,2152.4,2152.81,26.582287
2026-03-21 03:55:00,2152.81,2154.33,2152.8,2153.6,21.79699
2026-03-21 04:00:00,2153.48,2155.99,2153.37,2155.99,114.015982
2026-03-21 04:05:00,2155.99,2158.36,2155.79,2156.29,158.928457
2026-03-21 04:10:00,2156.23,2157.0,2155.0,2155.47,268.459024
2026-03-21 04:15:00,2155.46,2157.17,2155.12,2155.73,78.017972
2026-03-21 04:20:00,2155.72,2156.61,2154.59,2156.21,53.164852
2026-03-21 04:25:00,2156.22,2158.0,2156.22,2156.5,56.779517
2026-03-21 04:30:00,2156.37,2156.37,2150.46,2151.44,222.174366
2026-03-21 04:35:00,2151.57,2153.18,2151.23,2152.04,136.370032
2026-03-21 04:40:00,2152.21,2152.21,2151.34,2152.09,72.54034
2026-03-21 04:45:00,2152.08,2152.99,2151.84,2152.19,77.597703
2026-03-21 04:50:00,2152.19,2152.84,2151.73,2151.99,29.467706
2026-03-21 04:55:00,2152.12,2152.4,2151.58,2151.84,14.495509
2026-03-21 05:00:00,2151.84,2155.43,2151.84,2153.2,526.801645
2026-03-21 05:05:00,2153.2,2153.99,2152.86,2153.58,44.340712
2026-03-21 05:10:00,2153.57,2153.57,2153.08,2153.42,12.88428
2026-03-21 05:15:00,2153.44,2156.0,2153.31,2155.3,76.198313
2026-03-21 05:20:00,2155.31,2156.52,2154.85,2154.85,99.935471
2026-03-21 05:25:00,2154.93,2156.26,2154.93,2156.1,59.296126
2026-03-21 05:30:00,2156.1,2157.94,2155.04,2155.41,55.401285
2026-03-21 05:35:00,2155.64,2156.55,2153.86,2154.1,38.263739
2026-03-21 05:40:00,2154.11,2155.3,2154.11,2155.29,18.526744
2026-03-21 05:45:00,2155.3,2155.42,2154.15,2154.16,89.225614
2026-03-21 05:50:00,2154.15,2154.15,2152.28,2153.84,49.546883
2026-03-21 05:55:00,2153.83,2153.84,2153.13,2153.32,17.013274
2026-03-21 06:00:00,2153.28,2154.3,2152.52,2153.41,37.233303
2026-03-21 06:05:00,2153.41,2154.39,2152.38,2152.84,41.199248
2026-03-21 06:10:00,2152.56,2153.2,2152.4,2152.4,60.577778
2026-03-21 06:15:00,2152.41,2155.18,2152.26,2154.33,70.178687
2026-03-21 06:20:00,2154.47,2154.59,2152.56,2154.36,61.848903
2026-03-21 06:25:00,2154.36,2155.11,2153.63,2155.01,135.729146
2026-03-21 06:30:00,2155.01,2156.16,2154.42,2154.59,105.503753
2026-03-21 06:35:00,2154.59,2155.66,2154.14,2154.64,18.382916
2026-03-21 06:40:00,2154.65,2156.46,2154.65,2155.61,39.786113
2026-03-21 06:45:00,2155.61,2155.99,2154.22,2155.32,45.194309
2026-03-21 06:50:00,2155.32,2155.6,2154.64,2154.99,74.250745
2026-03-21 06:55:00,2154.99,2155.75,2154.79,2155.75,15.835346
2026-03-21 07:00:00,2155.76,2156.0,2154.87,2156.0,28.657953
2026-03-21 07:05:00,2155.99,2156.04,2155.29,2156.04,25.707239
2026-03-21 07:10:00,2156.03,2156.5,2155.81,2156.04,23.825274
2026-03-21 07:15:00,2156.04,2159.31,2155.58,2158.85,156.610598
2026-03-21 07:20:00,2158.85,2159.33,2157.5,2158.79,101.500732
2026-03-21 07:25:00,2158.78,2161.77,2158.4,2160.18,317.978352
2026-03-21 07:30:00,2160.16,2160.27,2157.05,2157.75,128.442827
2026-03-21 07:35:00,2157.74,2158.81,2157.39,2157.6,233.074967
2026-03-21 07:40:00,2157.59,2158.75,2157.52,2157.77,120.113693
2026-03-21 07:45:00,2157.76,2157.77,2153.47,2156.76,216.441208
2026-03-21 07:50:00,2156.76,2156.77,2155.0,2155.27,117.88694
2026-03-21 07:55:00,2155.27,2155.98,2155.12,2155.59,93.10461
2026-03-21 08:00:00,2155.58,2156.06,2154.62,2155.3,57.082508
2026-03-21 08:05:00,2155.29,2156.95,2154.85,2155.47,336.829879
2026-03-21 08:10:00,2155.56,2157.34,2155.56,2156.17,87.548104
2026-03-21 08:15:00,2156.17,2156.41,2153.01,2153.11,74.204542
2026-03-21 08:20:00,2153.12,2154.66,2152.51,2153.45,146.072023
2026-03-21 08:25:00,2153.45,2153.68,2150.42,2150.42,140.916373
2026-03-21 08:30:00,2150.43,2153.53,2148.82,2153.05,200.68914
2026-03-21 08:35:00,2153.05,2153.71,2152.24,2153.25,43.421756
2026-03-21 08:40:00,2153.26,2154.3,2152.67,2153.68,27.59269
2026-03-21 08:45:00,2153.69,2154.13,2152.5,2153.42,18.212491
2026-03-21 08:50:00,2153.43,2154.17,2153.2,2154.02,15.458826
2026-03-21 08:55:00,2154.01,2154.9,2154.01,2154.04,19.286558
2026-03-21 09:00:00,2154.04,2157.4,2153.63,2156.87,136.455403
2026-03-21 09:05:00,2156.87,2158.38,2156.46,2157.12,275.8341
2026-03-21 09:10:00,2157.11,2157.94,2156.05,2157.63,29.15786
2026-03-21 09:15:00,2157.64,2157.64,2155.32,2156.03,86.644427
2026-03-21 09:20:00,2156.07,2156.3,2155.44,2155.8,148.186606
2026-03-21 09:25:00,2155.8,2156.29,2155.01,2155.22,273.916921
2026-03-21 09:30:00,2155.23,2156.75,2155.08,2156.74,48.327208
2026-03-21 09:35:00,2156.74,2159.05,2156.07,2158.59,71.1481
2026-03-21 09:40:00,2158.59,2159.1,2157.61,2158.15,226.98496
2026-03-21 09:45:00,2158.15,2159.0,2157.31,2158.68,54.621951
2026-03-21 09:50:00,2158.67,2159.09,2157.63,2158.46,22.508577
2026-03-21 09:55:00,2158.43,2159.05,2158.04,2158.79,58.598438
2026-03-21 10:00:00,2158.79,2159.57,2156.87,2157.41,149.683004
2026-03-21 10:05:00,2157.41,2158.0,2156.06,2158.0,99.120576
2026-03-21 10:10:00,2158.0,2158.0,2155.85,2156.28,37.880614
2026-03-21 10:15:00,2156.28,2156.28,2154.29,2154.91,103.23485
2026-03-21 10:20:00,2154.92,2154.99,2153.86,2154.4,63.795771
2026-03-21 10:25:00,2154.4,2156.07,2154.15,2155.18,126.485273
2026-03-21 10:30:00,2155.19,2156.15,2155.19,2155.77,20.075145
2026-03-21 10:35:00,2155.78,2157.15,2155.78,2156.46,25.36145
2026-03-21 10:40:00,2156.46,2156.47,2154.72,2155.35,79.377057
2026-03-21 10:45:00,2155.35,2155.35,2153.1,2153.48,28.834082
2026-03-21 10:50:00,2153.48,2153.98,2153.25,2153.85,59.274276
2026-03-21 10:55:00,2153.86,2154.39,2153.85,2154.36,43.86446
2026-03-21 11:00:00,2154.38,2154.61,2154.01,2154.38,52.637743
2026-03-21 11:05:00,2154.38,2154.61,2153.22,2153.84,27.125916
2026-03-21 11:10:00,2153.67,2153.88,2153.01,2153.01,57.291427
2026-03-21 11:15:00,2153.02,2155.38,2153.02,2155.07,92.169522
2026-03-21 11:20:00,2155.07,2156.02,2154.78,2155.4,50.383067
2026-03-21 11:25:00,2155.39,2156.27,2155.39,2155.46,50.881791
2026-03-21 11:30:00,2155.46,2155.65,2154.03,2155.64,30.668032
2026-03-21 11:35:00,2155.65,2156.51,2155.36,2156.51,56.651304
2026-03-21 11:40:00,2156.52,2157.25,2156.09,2156.93,18.952489
2026-03-21 11:45:00,2156.92,2157.13,2155.88,2156.62,121.910109
2026-03-21 11:50:00,2156.62,2157.13,2156.0,2156.01,48.801538
2026-03-21 11:55:00,2156.0,2158.0,2156.0,2157.41,31.596578
2026-03-21 12:00:00,2157.41,2159.33,2157.41,2159.32,75.235699
2026-03-21 12:05:00,2159.32,2159.33,2157.66,2159.3,43.38587
2026-03-21 12:10:00,2159.33,2159.61,2158.66,2158.66,42.917331
2026-03-21 12:15:00,2158.65,2158.96,2157.54,2158.06,50.99455
2026-03-21 12:20:00,2158.05,2160.86,2157.77,2159.27,377.936465
2026-03-21 12:25:00,2159.27,2160.0,2158.48,2159.49,59.177621
2026-03-21 12:30:00,2159.5,2159.5,2157.2,2157.41,49.838724
2026-03-21 12:35:00,2157.41,2158.88,2157.14,2158.8,38.759439
2026-03-21 12:40:00,2158.8,2158.8,2158.4,2158.43,40.615881
2026-03-21 12:45:00,2158.42,2158.88,2157.09,2157.92,33.897033
2026-03-21 12:50:00,2157.92,2157.95,2156.77,2156.9,45.151305
2026-03-21 12:55:00,2156.9,2157.98,2156.9,2157.91,18.347419
2026-03-21 13:00:00,2157.91,2158.3,2156.33,2156.69,66.08574
2026-03-21 13:05:00,2156.7,2157.98,2156.7,2157.78,20.358866
2026-03-21 13:10:00,2157.78,2157.96,2157.13,2157.54,33.615477
2026-03-21 13:15:00,2157.55,2159.79,2157.54,2159.09,131.1113
2026-03-21 13:20:00,2159.08,2159.08,2155.55,2156.35,51.767746
2026-03-21 13:25:00,2156.37,2157.59,2155.8,2155.8,26.310891
2026-03-21 13:30:00,2155.81,2157.68,2155.81,2157.34,40.731393
2026-03-21 13:35:00,2157.35,2157.35,2155.35,2155.35,32.218313
2026-03-21 13:40:00,2155.35,2156.43,2155.0,2155.16,118.486044
2026-03-21 13:45:00,2155.15,2156.26,2155.0,2156.05,95.295414
2026-03-21 13:50:00,2156.05,2156.43,2155.78,2155.78,31.026909
2026-03-21 13:55:00,2155.78,2156.06,2155.02,2155.86,18.464261
2026-03-21 14:00:00,2155.87,2156.61,2155.37,2156.08,31.238445
2026-03-21 14:05:00,2156.08,2157.55,2156.07,2157.55,56.960753
2026-03-21 14:10:00,2157.54,2168.5,2157.54,2164.99,897.098005
2026-03-21 14:15:00,2164.99,2166.79,2161.27,2164.14,435.7129
2026-03-21 14:20:00,2164.25,2164.34,2162.08,2162.41,122.502448
2026-03-21 14:25:00,2162.41,2162.97,2161.08,2162.01,141.915087
2026-03-21 14:30:00,2162.0,2164.49,2160.66,2164.49,159.784583
2026-03-21 14:35:00,2164.5,2165.58,2160.92,2160.92,90.028536
2026-03-21 14:40:00,2160.93,2161.92,2160.71,2161.44,53.154117
2026-03-21 14:45:00,2161.39,2161.39,2155.68,2156.97,256.611085
2026-03-21 14:50:00,2157.05,2157.39,2152.4,2154.62,422.627496
2026-03-21 14:55:00,2154.63,2154.63,2150.61,2152.39,239.056674
2026-03-21 15:00:00,2152.4,2154.42,2151.03,2153.91,211.140697
2026-03-21 15:05:00,2154.12,2154.24,2151.73,2153.22,123.694341
2026-03-21 15:10:00,2153.22,2153.97,2152.45,2153.97,42.307425
2026-03-21 15:15:00,2153.97,2154.4,2146.74,2147.86,833.002782
2026-03-21 15:20:00,2147.86,2152.54,2147.86,2152.07,152.682365
2026-03-21 15:25:00,2152.07,2153.08,2151.08,2153.05,84.262176
2026-03-21 15:30:00,2153.06,2157.8,2152.37,2157.71,123.199151
2026-03-21 15:35:00,2157.72,2157.72,2153.11,2153.34,77.355548
2026-03-21 15:40:00,2153.35,2155.19,2152.38,2154.24,59.910021
2026-03-21 15:45:00,2154.24,2155.69,2154.0,2155.23,59.268935
2026-03-21 15:50:00,2155.22,2156.2,2154.0,2155.12,56.011185
2026-03-21 15:55:00,2155.11,2156.18,2154.79,2155.48,39.63467
2026-03-21 16:00:00,2155.49,2155.49,2152.43,2154.24,379.133104
2026-03-21 16:05:00,2154.24,2155.85,2153.2,2153.9,342.625873
2026-03-21 16:10:00,2153.87,2154.03,2151.66,2152.32,118.787266
2026-03-21 16:15:00,2152.32,2154.54,2150.21,2150.59,304.9005
2026-03-21 16:20:00,2150.56,2151.96,2150.2,2150.85,94.129176
2026-03-21 16:25:00,2150.86,2152.12,2147.02,2148.88,653.322335
2026-03-21 16:30:00,2148.83,2150.88,2147.76,2150.81,117.287866
2026-03-21 16:35:00,2150.62,2151.38,2149.15,2149.43,98.402202
2026-03-21 16:40:00,2149.42,2149.69,2147.21,2148.71,169.905448
2026-03-21 16:45:00,2148.72,2150.98,2148.02,2150.21,120.97901
2026-03-21 16:50:00,2150.2,2150.32,2148.42,2148.51,47.401815
2026-03-21 16:55:00,2148.5,2148.63,2144.79,2146.94,151.077896
2026-03-21 17:00:00,2146.93,2148.81,2146.46,2148.81,73.218961
2026-03-21 17:05:00,2148.92,2148.92,2142.02,2144.44,189.198766
2026-03-21 17:10:00,2144.44,2145.03,2142.85,2144.91,262.929629
2026-03-21 17:15:00,2144.91,2146.67,2143.99,2145.53,65.459495
2026-03-21 17:20:00,2145.54,2148.59,2145.53,2147.72,40.861704
2026-03-21 17:25:00,2147.98,2148.89,2147.36,2147.94,44.337672
2026-03-21 17:30:00,2147.94,2149.99,2147.8,2148.71,42.520667
2026-03-21 17:35:00,2148.66,2149.98,2148.41,2149.46,38.312584
2026-03-21 17:40:00,2149.51,2150.62,2148.97,2149.75,76.239695
2026-03-21 17:45:00,2149.66,2150.85,2149.16,2149.36,162.280167
2026-03-21 17:50:00,2149.36,2149.36,2147.25,2148.82,123.22347
2026-03-21 17:55:00,2148.82,2149.63,2148.17,2148.28,72.629514
2026-03-21 18:00:00,2148.29,2149.88,2148.22,2148.49,43.021031
2026-03-21 18:05:00,2148.49,2149.62,2147.66,2149.36,140.260838
2026-03-21 18:10:00,2149.43,2150.44,2148.49,2150.11,63.144817
2026-03-21 18:15:00,2150.09,2151.72,2149.46,2150.39,99.206417
2026-03-21 18:20:00,2150.39,2153.47,2150.39,2152.06,197.300419
2026-03-21 18:25:00,2152.05,2153.0,2151.01,2151.53,36.594518
2026-03-21 18:30:00,2151.58,2154.16,2151.58,2152.55,33.731786
2026-03-21 18:35:00,2152.54,2154.59,2152.54,2154.52,69.968018
2026-03-21 18:40:00,2154.51,2155.91,2153.65,2155.13,195.382244
2026-03-21 18:45:00,2155.17,2155.17,2153.58,2154.19,93.186123
2026-03-21 18:50:00,2154.19,2154.19,2150.35,2151.38,59.752228
2026-03-21 18:55:00,2151.38,2152.23,2151.38,2151.39,13.906369
2026-03-21 19:00:00,2151.4,2153.02,2151.36,2152.85,87.180475
2026-03-21 19:05:00,2152.85,2153.09,2151.68,2151.83,61.881643
2026-03-21 19:10:00,2151.83,2152.39,2151.68,2152.22,22.277354
2026-03-21 19:15:00,2152.23,2152.27,2151.15,2152.22,33.16181
2026-03-21 19:20:00,2152.22,2152.88,2152.01,2152.64,22.142186
2026-03-21 19:25:00,2152.46,2153.4,2152.41,2152.7,13.573977
2026-03-21 19:30:00,2152.7,2152.7,2150.02,2150.34,39.030441
2026-03-21 19:35:00,2150.36,2151.21,2149.26,2149.31,54.081455
2026-03-21 19:40:00,2149.3,2150.5,2149.3,2150.49,17.381457
2026-03-21 19:45:00,2150.5,2151.93,2150.41,2151.01,48.900658
2026-03-21 19:50:00,2151.0,2151.47,2150.41,2151.47,35.470379
2026-03-21 19:55:00,2151.48,2153.33,2150.68,2152.41,235.640565
2026-03-21 20:00:00,2152.42,2153.5,2152.0,2152.0,33.535325
2026-03-21 20:05:00,2152.0,2152.39,2150.77,2152.39,88.079343
2026-03-21 20:10:00,2152.39,2153.67,2151.85,2152.68,35.47002
2026-03-21 20:15:00,2152.68,2152.77,2149.87,2152.0,380.127181
2026-03-21 20:20:00,2152.01,2155.18,2152.01,2154.16,83.696767
2026-03-21 20:25:00,2154.16,2154.56,2153.59,2154.0,76.094076
2026-03-21 20:30:00,2154.0,2155.92,2154.0,2154.32,184.555871
2026-03-21 20:35:00,2154.32,2156.5,2153.73,2155.19,434.579777
2026-03-21 20:40:00,2155.18,2156.66,2154.99,2155.53,142.658783
2026-03-21 20:45:00,2155.47,2156.97,2155.26,2155.64,124.216814
2026-03-21 20:50:00,2155.64,2156.05,2154.77,2155.97,114.442325
2026-03-21 20:55:00,2156.02,2156.61,2155.56,2155.61,30.024646
2026-03-21 21:00:00,2155.61,2156.58,2152.79,2155.17,201.15136
2026-03-21 21:05:00,2155.1,2157.0,2154.74,2156.25,15.393233
2026-03-21 21:10:00,2156.26,2156.26,2153.33,2154.58,312.849209
2026-03-21 21:15:00,2154.58,2155.13,2153.5,2154.31,34.131243
2026-03-21 21:20:00,2154.32,2155.08,2154.01,2154.54,20.324779
2026-03-21 21:25:00,2154.53,2155.09,2153.8,2154.16,53.56717
2026-03-21 21:30:00,2154.16,2155.05,2153.56,2154.85,34.959929
2026-03-21 21:35:00,2154.85,2155.84,2154.47,2155.4,52.725408
2026-03-21 21:40:00,2155.4,2156.64,2154.93,2154.93,54.122401
2026-03-21 21:45:00,2154.93,2156.66,2154.08,2155.67,45.424399
2026-03-21 21:50:00,2155.67,2155.68,2152.12,2153.96,66.159986
2026-03-21 21:55:00,2153.96,2154.36,2152.94,2153.65,69.81241
2026-03-21 22:00:00,2153.64,2154.04,2150.0,2151.19,159.628577
2026-03-21 22:05:00,2151.19,2152.84,2150.76,2151.05,49.439222
2026-03-21 22:10:00,2151.04,2152.45,2151.04,2152.44,26.519808
2026-03-21 22:15:00,2152.45,2152.83,2151.26,2151.64,47.819128
2026-03-21 22:20:00,2151.64,2151.94,2150.85,2151.02,11.682045
2026-03-21 22:25:00,2151.0,2151.75,2150.32,2150.71,16.93121
2026-03-21 22:30:00,2150.68,2152.82,2150.3,2152.25,21.150376
2026-03-21 22:35:00,2152.25,2153.0,2152.21,2152.22,113.577312
2026-03-21 22:40:00,2152.22,2153.49,2151.7,2151.71,59.450269
2026-03-21 22:45:00,2151.7,2151.7,2150.36,2151.23,50.952464
2026-03-21 22:50:00,2151.21,2151.21,2149.51,2150.03,99.78561
2026-03-21 22:55:00,2150.02,2150.8,2150.01,2150.09,46.409529
2026-03-21 23:00:00,2150.02,2150.15,2147.46,2148.11,115.199844
2026-03-21 23:05:00,2148.12,2148.81,2147.07,2147.16,21.180555
2026-03-21 23:10:00,2147.16,2147.16,2145.11,2146.54,41.623111
2026-03-21 23:15:00,2146.54,2148.03,2145.11,2146.55,114.296307
2026-03-21 23:20:00,2146.7,2148.3,2145.65,2145.68,158.129986
2026-03-21 23:25:00,2145.77,2145.77,2144.2,2144.36,147.044407
2026-03-21 23:30:00,2144.37,2145.6,2144.08,2145.1,21.866234
2026-03-21 23:35:00,2145.1,2146.46,2145.01,2145.91,47.309946
2026-03-21 23:40:00,2145.92,2147.74,2145.46,2146.99,72.778072
2026-03-21 23:45:00,2146.81,2146.81,2121.4,2122.95,2921.951015
2026-03-21 23:50:00,2123.06,2124.45,2087.0,2090.01,11500.55458
2026-03-21 23:55:00,2090.0,2092.19,2070.09,2084.7,6993.136146
2026-03-22 00:00:00,2084.69,2084.82,2049.38,2058.65,11879.064565
2026-03-22 00:05:00,2058.73,2079.91,2056.13,2075.91,3000.498888
2026-03-22 00:10:00,2075.91,2080.25,2064.94,2071.86,2400.423065
2026-03-22 00:15:00,2071.84,2083.86,2070.46,2078.71,1617.21672
2026-03-22 00:20:00,2078.7,2080.4,2070.2,2079.16,1475.24465
2026-03-22 00:25:00,2079.15,2086.54,2075.79,2085.87,1641.277952
2026-03-22 00:30:00,2085.88,2091.29,2085.88,2090.64,1419.800318
2026-03-22 00:35:00,2090.63,2095.87,2087.17,2087.29,1561.567257
2026-03-22 00:40:00,2087.45,2092.52,2087.12,2090.71,732.265814
2026-03-22 00:45:00,2090.78,2094.9,2088.61,2091.15,787.920672
2026-03-22 00:50:00,2091.14,2091.14,2080.43,2083.9,1998.959574
2026-03-22 00:55:00,2083.91,2088.0,2082.45,2087.55,703.639167
2026-03-22 01:00:00,2087.56,2094.67,2086.67,2088.89,817.776126
2026-03-22 01:05:00,2088.89,2091.22,2084.69,2084.69,751.11461
2026-03-22 01:10:00,2084.69,2088.98,2083.33,2088.5,236.937959
2026-03-22 01:15:00,2088.49,2093.51,2086.0,2091.4,266.40943
2026-03-22 01:20:00,2091.4,2093.0,2089.55,2090.76,299.546058
2026-03-22 01:25:00,2090.76,2091.71,2089.74,2090.4,178.45393
2026-03-22 01:30:00,2090.4,2092.19,2087.95,2090.1,996.353581
2026-03-22 01:35:00,2090.14,2090.55,2081.86,2084.53,786.370839
2026-03-22 01:40:00,2084.53,2087.26,2083.79,2084.5,191.378185
2026-03-22 01:45:00,2084.5,2089.0,2084.5,2087.75,72.858466
2026-03-22 01:50:00,2087.74,2090.74,2087.06,2088.31,135.563974
2026-03-22 01:55:00,2088.35,2092.39,2088.35,2091.52,626.991814
2026-03-22 02:00:00,2091.52,2093.11,2090.16,2091.23,322.765808
2026-03-22 02:05:00,2091.21,2093.05,2088.01,2088.26,194.947427
2026-03-22 02:10:00,2088.28,2092.15,2088.0,2091.59,209.261664
2026-03-22 02:15:00,2091.6,2093.74,2090.46,2092.0,283.575631
2026-03-22 02:20:00,2092.15,2094.3,2089.29,2093.59,254.631216
2026-03-22 02:25:00,2093.6,2109.38,2093.27,2105.75,2093.956989
2026-03-22 02:30:00,2105.8,2107.13,2099.48,2101.95,639.380483
2026-03-22 02:35:00,2101.94,2104.35,2100.9,2101.35,295.856686
2026-03-22 02:40:00,2101.35,2102.25,2100.05,2100.5,294.15159
2026-03-22 02:45:00,2100.58,2104.95,2098.16,2103.33,381.69677
2026-03-22 02:50:00,2103.33,2105.0,2100.66,2104.99,185.625245
2026-03-22 02:55:00,2105.0,2106.21,2102.01,2102.3,268.818612
2026-03-22 03:00:00,2102.3,2102.3,2098.31,2098.86,338.260432
2026-03-22 03:05:00,2098.86,2102.4,2098.15,2102.31,125.923056
2026-03-22 03:10:00,2102.31,2105.8,2102.31,2104.15,313.945041
2026-03-22 03:15:00,2104.16,2105.95,2102.81,2105.61,134.206159
2026-03-22 03:20:00,2105.65,2106.64,2103.85,2105.46,188.500032
2026-03-22 03:25:00,2105.46,2119.0,2105.1,2114.0,1089.367311
2026-03-22 03:30:00,2114.2,2118.89,2112.8,2116.59,981.840963
2026-03-22 03:35:00,2116.58,2126.88,2115.77,2119.86,1881.443804
2026-03-22 03:40:00,2119.86,2119.86,2116.8,2118.15,217.146042
2026-03-22 03:45:00,2118.15,2118.81,2114.17,2115.72,360.693299
2026-03-22 03:50:00,2115.72,2115.72,2112.58,2113.73,330.285597
2026-03-22 03:55:00,2113.74,2115.1,2113.26,2113.84,75.32751
2026-03-22 04:00:00,2113.85,2118.23,2113.46,2117.3,514.712896
2026-03-22 04:05:00,2117.49,2122.81,2117.15,2118.55,439.613777
2026-03-22 04:10:00,2118.54,2118.54,2115.1,2116.53,82.08112
2026-03-22 04:15:00,2116.54,2123.07,2116.27,2116.27,653.834304
2026-03-22 04:20:00,2116.27,2116.28,2105.96,2111.68,1120.796793
2026-03-22 04:25:00,2111.8,2112.94,2110.3,2112.8,222.556043
2026-03-22 04:30:00,2112.79,2118.74,2110.01,2118.05,633.666848
2026-03-22 04:35:00,2118.04,2119.43,2115.93,2117.47,394.852415
2026-03-22 04:40:00,2117.47,2117.48,2116.1,2116.87,59.279519
2026-03-22 04:45:00,2116.88,2121.94,2116.88,2118.86,555.276156
2026-03-22 04:50:00,2118.86,2120.72,2118.55,2119.19,227.918536
2026-03-22 04:55:00,2119.25,2119.99,2118.25,2119.24,251.769445
2026-03-22 05:00:00,2119.15,2119.65,2116.12,2119.25,221.820889
2026-03-22 05:05:00,2119.25,2120.71,2116.85,2117.53,160.606277
2026-03-22 05:10:00,2117.5,2119.67,2116.96,2118.17,106.020041
2026-03-22 05:15:00,2118.17,2119.46,2116.18,2117.61,126.694804
2026-03-22 05:20:00,2117.66,2118.22,2116.0,2116.71,259.480147
2026-03-22 05:25:00,2116.75,2118.94,2114.72,2116.0,223.499823
2026-03-22 05:30:00,2116.1,2118.09,2116.04,2116.04,181.909892
2026-03-22 05:35:00,2115.96,2115.96,2114.0,2114.9,223.984887
2026-03-22 05:40:00,2114.9,2115.96,2114.25,2114.25,137.570969
2026-03-22 05:45:00,2114.26,2117.34,2113.86,2115.52,166.853595
2026-03-22 05:50:00,2115.52,2115.87,2113.8,2113.8,114.855356
2026-03-22 05:55:00,2113.8,2113.95,2112.21,2112.74,196.879658
2026-03-22 06:00:00,2112.75,2112.75,2108.63,2111.45,336.04275
2026-03-22 06:05:00,2111.44,2111.54,2107.39,2110.35,303.916686
2026-03-22 06:10:00,2110.35,2112.05,2109.81,2109.87,180.061083
2026-03-22 06:15:00,2109.84,2110.79,2107.75,2110.64,98.940402
2026-03-22 06:20:00,2110.69,2111.99,2109.6,2110.61,176.564421
2026-03-22 06:25:00,2110.65,2112.0,2108.29,2112.0,217.611521
2026-03-22 06:30:00,2112.0,2113.34,2109.35,2109.81,119.435589
2026-03-22 06:35:00,2109.81,2111.88,2108.71,2111.83,169.348323
2026-03-22 06:40:00,2111.88,2111.88,2110.83,2111.56,24.540902
2026-03-22 06:45:00,2111.56,2111.56,2108.12,2108.95,149.246721
2026-03-22 06:50:00,2108.94,2110.55,2108.11,2108.88,86.607008
2026-03-22 06:55:00,2108.74,2108.8,2107.4,2108.58,29.345583
2026-03-22 07:00:00,2108.51,2110.87,2107.57,2110.54,149.587712
2026-03-22 07:05:00,2110.53,2111.99,2108.37,2108.37,253.476198
2026-03-22 07:10:00,2108.35,2110.4,2107.41,2109.21,89.064466
2026-03-22 07:15:00,2109.21,2111.69,2109.21,2110.66,37.264769
2026-03-22 07:20:00,2110.65,2111.76,2109.9,2110.97,51.896042
2026-03-22 07:25:00,2110.96,2111.99,2110.85,2110.86,59.817145
2026-03-22 07:30:00,2110.85,2110.85,2104.48,2106.4,224.120625
2026-03-22 07:35:00,2106.49,2106.85,2098.76,2099.4,892.751892
2026-03-22 07:40:00,2099.39,2102.03,2097.43,2098.79,659.914074
2026-03-22 07:45:00,2098.65,2103.64,2095.03,2103.64,485.879499
2026-03-22 07:50:00,2103.64,2104.27,2101.8,2101.86,160.538544
2026-03-22 07:55:00,2101.87,2102.49,2092.41,2093.33,931.227774
2026-03-22 08:00:00,2093.54,2095.75,2083.33,2088.74,1605.043415
2026-03-22 08:05:00,2088.6,2092.69,2085.85,2088.31,838.279
2026-03-22 08:10:00,2088.28,2092.32,2087.46,2092.32,208.110047
2026-03-22 08:15:00,2092.32,2092.46,2084.5,2084.5,540.150494
2026-03-22 08:20:00,2084.5,2086.72,2078.83,2085.99,858.158947
2026-03-22 08:25:00,2086.0,2088.55,2074.21,2077.37,1285.569013
2026-03-22 08:30:00,2077.27,2083.02,2076.49,2077.93,399.265564
2026-03-22 08:35:00,2077.9,2081.47,2076.66,2080.54,309.521173
2026-03-22 08:40:00,2080.55,2085.38,2080.35,2083.41,375.115123
2026-03-22 08:45:00,2083.4,2086.84,2082.23,2086.2,365.485829
2026-03-22 08:50:00,2086.19,2087.31,2083.1,2085.56,322.98767
2026-03-22 08:55:00,2085.55,2088.46,2083.39,2086.61,196.212204
2026-03-22 09:00:00,2086.61,2088.13,2085.51,2085.73,178.233928
2026-03-22 09:05:00,2085.67,2092.17,2085.5,2091.0,149.467375
2026-03-22 09:10:00,2091.0,2092.8,2089.0,2092.59,185.085657
2026-03-22 09:15:00,2092.58,2096.72,2080.71,2082.43,1154.563363
2026-03-22 09:20:00,2082.44,2085.5,2081.01,2082.89,137.429899
2026-03-22 09:25:00,2082.89,2083.28,2079.13,2081.84,253.261789
2026-03-22 09:30:00,2081.85,2084.0,2081.61,2083.71,284.523418
2026-03-22 09:35:00,2083.7,2087.1,2083.13,2085.8,212.315316
2026-03-22 09:40:00,2085.8,2087.09,2084.47,2085.2,141.205815
2026-03-22 09:45:00,2085.19,2086.07,2083.5,2084.01,140.112469
2026-03-22 09:50:00,2084.01,2086.06,2082.22,2085.4,635.022373
2026-03-22 09:55:00,2085.37,2087.25,2084.54,2085.16,92.522966
2026-03-22 10:00:00,2085.16,2086.59,2084.02,2086.36,41.552681
2026-03-22 10:05:00,2086.36,2087.1,2080.7,2082.51,124.050021
2026-03-22 10:10:00,2082.6,2083.87,2081.9,2083.5,24.913203
2026-03-22 10:15:00,2083.49,2084.71,2080.46,2083.11,177.920328
2026-03-22 10:20:00,2083.11,2083.97,2082.4,2083.97,45.439995
2026-03-22 10:25:00,2084.02,2084.28,2082.68,2083.35,119.100761
2026-03-22 10:30:00,2083.35,2085.23,2081.38,2081.5,207.638318
2026-03-22 10:35:00,2081.5,2081.69,2077.42,2080.18,225.886497
2026-03-22 10:40:00,2080.22,2080.47,2078.28,2080.21,55.51724
2026-03-22 10:45:00,2080.21,2081.95,2079.46,2079.8,177.963179
2026-03-22 10:50:00,2079.8,2082.95,2079.36,2081.42,94.500684
2026-03-22 10:55:00,2081.41,2083.45,2081.31,2081.5,40.341202
2026-03-22 11:00:00,2081.4,2082.18,2078.9,2082.18,136.144701
2026-03-22 11:05:00,2082.18,2083.28,2081.36,2082.61,215.221328
2026-03-22 11:10:00,2082.59,2083.79,2081.46,2081.91,64.613885
2026-03-22 11:15:00,2081.9,2083.4,2080.5,2080.5,98.642527
2026-03-22 11:20:00,2080.5,2083.75,2080.23,2081.16,120.512048
2026-03-22 11:25:00,2081.1,2081.1,2075.27,2076.56,402.802617
2026-03-22 11:30:00,2076.56,2081.26,2075.78,2079.35,65.666079
2026-03-22 11:35:00,2079.3,2081.3,2078.82,2081.25,54.534314
2026-03-22 11:40:00,2081.25,2081.25,2066.7,2075.04,1498.951718
2026-03-22 11:45:00,2075.08,2076.0,2070.2,2071.29,415.003461
2026-03-22 11:50:00,2071.3,2072.59,2066.58,2071.5,552.731406
2026-03-22 11:55:00,2071.51,2071.51,2069.07,2069.84,260.394262
2026-03-22 12:00:00,2069.87,2072.44,2068.2,2069.93,300.867316
2026-03-22 12:05:00,2069.93,2074.49,2069.91,2073.86,440.721798
2026-03-22 12:10:00,2073.86,2074.53,2072.11,2073.8,288.212903
2026-03-22 12:15:00,2073.8,2077.74,2072.59,2077.54,278.548441
2026-03-22 12:20:00,2077.53,2081.85,2076.28,2080.87,301.473963
2026-03-22 12:25:00,2080.88,2088.42,2080.46,2084.79,397.093147
2026-03-22 12:30:00,2084.79,2085.15,2082.31,2082.91,64.184226
2026-03-22 12:35:00,2082.99,2083.05,2081.15,2081.45,93.423497
2026-03-22 12:40:00,2081.41,2083.85,2080.67,2082.15,109.528306
2026-03-22 12:45:00,2082.18,2085.29,2078.33,2078.65,292.630353
2026-03-22 12:50:00,2078.56,2081.69,2078.35,2081.35,170.60841
2026-03-22 12:55:00,2081.35,2083.1,2081.35,2082.54,115.580456
2026-03-22 13:00:00,2082.55,2092.6,2082.35,2088.26,1043.00117
2026-03-22 13:05:00,2088.25,2089.51,2086.16,2087.38,236.428478
2026-03-22 13:10:00,2087.36,2090.0,2085.23,2086.56,192.315905
2026-03-22 13:15:00,2086.55,2087.19,2085.22,2087.05,132.518496
2026-03-22 13:20:00,2087.09,2089.86,2084.0,2085.5,192.692349
2026-03-22 13:25:00,2085.5,2087.06,2084.65,2085.9,91.080896
2026-03-22 13:30:00,2085.95,2087.7,2081.64,2081.76,107.968001
2026-03-22 13:35:00,2081.75,2082.91,2077.57,2078.94,362.023385
2026-03-22 13:40:00,2078.95,2079.84,2072.55,2076.25,578.945641
2026-03-22 13:45:00,2076.24,2078.73,2075.02,2077.74,121.619635
2026-03-22 13:50:00,2077.69,2080.77,2077.01,2080.77,256.649894
2026-03-22 13:55:00,2080.51,2080.81,2078.57,2078.57,83.649853
2026-03-22 14:00:00,2078.57,2080.81,2071.9,2074.6,372.462334
2026-03-22 14:05:00,2074.64,2076.97,2073.75,2076.91,81.390975
2026-03-22 14:10:00,2076.99,2080.49,2076.99,2078.96,81.769791
2026-03-22 14:15:00,2078.96,2079.74,2077.61,2078.19,75.986201
2026-03-22 14:20:00,2078.19,2085.34,2077.42,2083.3,256.370359
2026-03-22 14:25:00,2083.34,2083.59,2077.42,2080.99,228.452333
2026-03-22 14:30:00,2081.0,2081.92,2078.21,2079.66,198.384381
2026-03-22 14:35:00,2079.72,2084.97,2079.31,2083.29,508.893282
2026-03-22 14:40:00,2083.28,2083.3,2079.92,2081.72,336.802253
2026-03-22 14:45:00,2081.63,2081.63,2077.42,2078.61,143.887456
2026-03-22 14:50:00,2078.61,2079.7,2076.45,2077.78,110.767217
2026-03-22 14:55:00,2077.79,2078.75,2075.81,2078.13,145.634017
2026-03-22 15:00:00,2078.11,2081.84,2078.1,2080.16,120.062477
2026-03-22 15:05:00,2080.15,2083.69,2080.01,2081.0,253.478111
2026-03-22 15:10:00,2080.99,2083.45,2080.79,2082.58,92.270144
2026-03-22 15:15:00,2082.5,2084.71,2079.21,2081.2,134.2168
2026-03-22 15:20:00,2081.38,2082.89,2077.42,2078.95,166.473148
2026-03-22 15:25:00,2079.12,2080.9,2078.1,2080.01,200.987902
2026-03-22 15:30:00,2080.01,2080.58,2078.85,2079.4,189.084509
2026-03-22 15:35:00,2079.4,2080.0,2075.78,2077.48,239.28353
2026-03-22 15:40:00,2077.45,2080.99,2076.11,2080.75,269.156446
2026-03-22 15:45:00,2080.71,2081.76,2078.85,2081.46,216.90989
2026-03-22 15:50:00,2081.68,2083.83,2080.21,2081.86,363.63744
2026-03-22 15:55:00,2081.85,2083.35,2081.31,2083.2,144.410747
2026-03-22 16:00:00,2083.2,2084.61,2080.45,2082.81,188.904181
2026-03-22 16:05:00,2082.81,2084.26,2080.96,2081.0,186.940771
2026-03-22 16:10:00,2081.01,2083.38,2080.95,2081.73,93.670719
2026-03-22 16:15:00,2081.95,2083.75,2080.2,2082.31,100.064796
2026-03-22 16:20:00,2082.4,2082.64,2080.15,2080.91,35.173349
2026-03-22 16:25:00,2080.91,2080.91,2078.69,2079.25,114.785027
2026-03-22 16:30:00,2079.24,2081.99,2078.22,2080.6,121.009567
2026-03-22 16:35:00,2080.56,2082.59,2080.26,2080.36,50.825494
2026-03-22 16:40:00,2080.37,2080.79,2078.0,2080.19,345.456022
2026-03-22 16:45:00,2080.48,2082.55,2080.05,2082.55,106.668335
2026-03-22 16:50:00,2082.54,2083.38,2081.81,2082.46,53.20897
2026-03-22 16:55:00,2082.46,2083.74,2082.18,2082.21,50.345885
2026-03-22 17:00:00,2082.21,2082.99,2080.01,2082.04,150.610893
2026-03-22 17:05:00,2082.04,2083.0,2081.21,2082.92,21.726324
2026-03-22 17:10:00,2082.94,2083.52,2081.95,2083.1,59.009154
2026-03-22 17:15:00,2083.11,2083.3,2081.1,2082.63,92.335531
2026-03-22 17:20:00,2082.66,2084.6,2081.66,2081.82,181.020068
2026-03-22 17:25:00,2081.81,2083.9,2080.65,2082.48,70.472612
2026-03-22 17:30:00,2082.53,2083.72,2081.26,2082.51,73.557362
2026-03-22 17:35:00,2082.64,2082.64,2078.68,2078.68,237.869744
2026-03-22 17:40:00,2078.71,2079.4,2077.42,2078.7,50.221691
2026-03-22 17:45:00,2078.7,2080.9,2078.7,2078.95,90.151907
2026-03-22 17:50:00,2078.95,2081.25,2078.91,2080.71,155.341999
2026-03-22 17:55:00,2080.71,2081.71,2079.72,2079.72,74.807162
2026-03-22 18:00:00,2079.71,2079.71,2075.53,2077.05,120.723302
2026-03-22 18:05:00,2077.05,2079.65,2077.05,2079.56,27.35024
2026-03-22 18:10:00,2079.55,2080.59,2079.55,2080.14,32.797772
2026-03-22 18:15:00,2080.15,2080.15,2078.21,2078.96,100.516921
2026-03-22 18:20:00,2078.95,2079.99,2077.35,2077.87,250.849899
2026-03-22 18:25:00,2077.85,2078.9,2077.0,2078.55,78.463693
2026-03-22 18:30:00,2078.54,2080.15,2068.8,2069.27,561.601423
2026-03-22 18:35:00,2069.27,2071.47,2056.84,2064.93,2526.091516
2026-03-22 18:40:00,2064.9,2067.25,2064.0,2065.31,281.503193
2026-03-22 18:45:00,2065.25,2069.78,2064.66,2069.78,165.763158
2026-03-22 18:50:00,2069.79,2071.7,2068.26,2069.6,207.167036
2026-03-22 18:55:00,2069.6,2072.59,2068.36,2072.11,223.576257
2026-03-22 19:00:00,2072.11,2072.69,2061.27,2063.93,334.003846
2026-03-22 19:05:00,2063.92,2067.0,2063.58,2066.11,158.414541
2026-03-22 19:10:00,2066.11,2067.01,2059.45,2061.14,540.185293
2026-03-22 19:15:00,2061.21,2063.58,2059.16,2061.65,183.135663
2026-03-22 19:20:00,2061.66,2063.35,2059.19,2062.2,263.393184
2026-03-22 19:25:00,2062.2,2062.76,2059.49,2059.87,80.58667
2026-03-22 19:30:00,2059.81,2060.39,2054.18,2060.3,785.343371
2026-03-22 19:35:00,2060.3,2066.14,2060.3,2066.14,295.724551
2026-03-22 19:40:00,2066.14,2067.49,2064.84,2065.49,88.993965
2026-03-22 19:45:00,2065.55,2066.65,2059.2,2059.49,497.089499
2026-03-22 19:50:00,2059.5,2064.17,2059.5,2062.75,104.788258
2026-03-22 19:55:00,2062.78,2063.6,2061.82,2063.11,59.71569
2026-03-22 20:00:00,2063.11,2068.75,2063.01,2067.21,213.345505
2026-03-22 20:05:00,2067.21,2067.64,2065.26,2067.18,88.757057
2026-03-22 20:10:00,2067.15,2067.93,2065.39,2067.26,132.943617
2026-03-22 20:15:00,2067.25,2068.45,2066.81,2068.41,56.105171
2026-03-22 20:20:00,2068.4,2072.07,2067.23,2067.65,230.912341
2026-03-22 20:25:00,2067.56,2067.56,2062.81,2064.69,167.133799
2026-03-22 20:30:00,2064.72,2065.64,2063.9,2063.9,77.775543
2026-03-22 20:35:00,2063.9,2063.9,2059.74,2060.8,287.947296
2026-03-22 20:40:00,2060.8,2066.65,2060.8,2065.83,70.09133
2026-03-22 20:45:00,2065.83,2065.83,2063.28,2064.15,121.3671
2026-03-22 20:50:00,2064.15,2064.44,2056.26,2059.85,983.614779
2026-03-22 20:55:00,2059.7,2060.39,2058.16,2058.55,68.335913
2026-03-22 21:00:00,2058.55,2060.47,2052.49,2054.15,367.443231
2026-03-22 21:05:00,2054.15,2057.57,2029.22,2047.01,9904.546319
2026-03-22 21:10:00,2047.01,2047.74,2035.7,2039.83,1896.052821
2026-03-22 21:15:00,2039.85,2040.99,2026.07,2028.6,1539.850406
2026-03-22 21:20:00,2028.56,2037.55,2025.75,2037.2,1367.971173
2026-03-22 21:25:00,2037.2,2043.55,2033.85,2041.9,766.900808
2026-03-22 21:30:00,2041.8,2044.39,2039.65,2040.91,175.294944
2026-03-22 21:35:00,2040.9,2048.7,2037.13,2047.97,470.198111
2026-03-22 21:40:00,2048.14,2048.75,2043.51,2045.27,304.674478
2026-03-22 21:45:00,2045.23,2045.92,2039.44,2043.53,168.277673
2026-03-22 21:50:00,2043.58,2047.37,2043.07,2044.92,210.249511
2026-03-22 21:55:00,2044.9,2045.97,2041.39,2045.97,91.099514
2026-03-22 22:00:00,2045.96,2047.54,2032.57,2045.18,715.367235
2026-03-22 22:05:00,2045.12,2050.88,2042.16,2050.86,446.605443
2026-03-22 22:10:00,2050.47,2053.29,2040.13,2043.1,560.768817
2026-03-22 22:15:00,2043.07,2048.97,2041.28,2045.81,2236.812828
2026-03-22 22:20:00,2045.8,2052.99,2044.1,2052.52,1038.74596
2026-03-22 22:25:00,2052.58,2065.27,2051.22,2059.66,3722.447882
2026-03-22 22:30:00,2059.91,2063.31,2057.59,2058.91,623.090861
2026-03-22 22:35:00,2059.1,2063.06,2057.05,2059.01,393.508619
2026-03-22 22:40:00,2059.09,2059.1,2053.96,2054.97,1123.647063
2026-03-22 22:45:00,2054.96,2060.95,2054.96,2060.62,197.263864
2026-03-22 22:50:00,2060.56,2065.81,2059.62,2060.13,203.809152
2026-03-22 22:55:00,2060.28,2062.76,2060.28,2062.74,98.671166
2026-03-22 23:00:00,2062.76,2067.86,2060.63,2065.35,504.642821
2026-03-22 23:05:00,2065.35,2067.34,2062.13,2064.45,309.446587
2026-03-22 23:10:00,2064.52,2074.72,2064.23,2069.4,983.721754
2026-03-22 23:15:00,2069.4,2069.68,2062.8,2063.98,334.525115
2026-03-22 23:20:00,2063.89,2065.19,2060.27,2064.59,222.382901
2026-03-22 23:25:00,2064.5,2064.7,2062.0,2062.35,102.487079
2026-03-22 23:30:00,2062.35,2065.13,2057.41,2059.05,679.00682
2026-03-22 23:35:00,2059.05,2061.58,2058.82,2060.42,271.38107
2026-03-22 23:40:00,2060.35,2062.35,2059.01,2060.86,116.227429
2026-03-22 23:45:00,2060.89,2061.1,2054.21,2054.51,558.252463
2026-03-22 23:50:00,2054.51,2055.9,2051.0,2052.22,463.237563
2026-03-22 23:55:00,2052.24,2054.6,2051.96,2053.9,108.438341
2026-03-23 00:00:00,2053.91,2059.78,2052.0,2054.09,508.176643
2026-03-23 00:05:00,2054.09,2059.6,2048.3,2057.0,321.060231
2026-03-23 00:10:00,2056.99,2063.27,2056.25,2057.1,185.064389
2026-03-23 00:15:00,2057.15,2058.03,2051.99,2054.24,346.603789
2026-03-23 00:20:00,2054.24,2059.23,2052.93,2059.2,275.409211
2026-03-23 00:25:00,2059.11,2060.31,2053.6,2054.12,115.914949
2026-03-23 00:30:00,2054.12,2054.74,2045.29,2046.51,219.083671
2026-03-23 00:35:00,2046.46,2047.01,2036.76,2040.64,953.699984
2026-03-23 00:40:00,2040.79,2047.89,2035.71,2046.11,620.578913
2026-03-23 00:45:00,2046.07,2049.31,2045.65,2048.6,228.669018
2026-03-23 00:50:00,2048.46,2053.37,2044.26,2045.55,289.495658
2026-03-23 00:55:00,2045.44,2046.14,2041.75,2043.42,149.204619
2026-03-23 01:00:00,2043.51,2047.35,2039.24,2045.0,362.554179
2026-03-23 01:05:00,2045.0,2055.51,2042.86,2051.64,464.302867
2026-03-23 01:10:00,2051.37,2051.46,2048.72,2050.55,224.316141
2026-03-23 01:15:00,2050.7,2059.01,2050.5,2058.81,359.465977
2026-03-23 01:20:00,2058.81,2062.85,2056.15,2061.74,439.326286
2026-03-23 01:25:00,2061.72,2062.03,2059.2,2059.21,255.017448
2026-03-23 01:30:00,2059.52,2061.92,2055.39,2056.34,302.169123
2026-03-23 01:35:00,2056.12,2059.99,2054.8,2057.31,145.734404
2026-03-23 01:40:00,2057.3,2057.51,2051.82,2054.99,309.716587
2026-03-23 01:45:00,2055.0,2059.56,2049.4,2050.58,384.832541
2026-03-23 01:50:00,2050.55,2053.64,2048.55,2049.62,244.00756
2026-03-23 01:55:00,2049.63,2052.36,2047.24,2047.68,365.524442
2026-03-23 02:00:00,2047.69,2050.17,2046.8,2048.39,173.154861
2026-03-23 02:05:00,2048.39,2056.12,2046.89,2055.04,679.870108
2026-03-23 02:10:00,2054.73,2058.58,2048.15,2049.13,827.478414
2026-03-23 02:15:00,2049.1,2052.22,2047.63,2051.73,129.159587
2026-03-23 02:20:00,2051.75,2059.82,2051.1,2057.87,744.83206
2026-03-23 02:25:00,2057.81,2070.26,2057.0,2067.9,1316.353505
2026-03-23 02:30:00,2067.95,2068.58,2063.86,2065.37,414.832171
2026-03-23 02:35:00,2065.36,2066.92,2061.31,2061.64,126.060128
2026-03-23 02:40:00,2061.58,2067.7,2060.39,2060.39,151.410885
2026-03-23 02:45:00,2060.38,2061.7,2059.24,2060.07,203.213409
2026-03-23 02:50:00,2060.06,2061.1,2057.25,2058.98,142.574975
2026-03-23 02:55:00,2058.98,2063.81,2057.25,2063.36,165.885364
2026-03-23 03:00:00,2063.36,2072.37,2063.36,2069.01,409.183781
2026-03-23 03:05:00,2068.99,2069.7,2065.65,2065.65,77.447109
2026-03-23 03:10:00,2065.63,2066.34,2059.13,2059.26,165.267182
2026-03-23 03:15:00,2059.31,2060.69,2056.85,2057.0,94.563457
2026-03-23 03:20:00,2056.96,2059.8,2056.23,2057.2,86.348305
2026-03-23 03:25:00,2057.05,2058.8,2055.76,2056.58,179.604143
2026-03-23 03:30:00,2056.51,2057.9,2054.55,2057.18,104.190523
2026-03-23 03:35:00,2057.08,2057.08,2052.9,2054.62,267.927953
2026-03-23 03:40:00,2054.62,2055.99,2052.26,2055.97,161.682957
2026-03-23 03:45:00,2055.9,2057.52,2054.16,2056.19,267.073978
2026-03-23 03:50:00,2056.15,2057.5,2052.31,2052.46,158.550917
2026-03-23 03:55:00,2052.5,2053.17,2052.08,2052.7,78.423735
2026-03-23 04:00:00,2052.7,2054.73,2050.9,2053.34,147.356877
2026-03-23 04:05:00,2053.33,2055.58,2051.2,2052.74,241.376039
2026-03-23 04:10:00,2052.73,2054.35,2052.26,2052.74,42.815906
2026-03-23 04:15:00,2052.74,2055.07,2051.67,2054.45,48.607587
2026-03-23 04:20:00,2054.45,2057.3,2054.0,2055.4,147.743985
2026-03-23 04:25:00,2055.41,2056.88,2054.22,2055.87,204.568133
2026-03-23 04:30:00,2055.95,2057.99,2055.45,2057.36,167.154699
2026-03-23 04:35:00,2057.36,2061.57,2057.36,2059.84,210.451807
2026-03-23 04:40:00,2059.84,2060.5,2056.11,2056.26,347.967676
2026-03-23 04:45:00,2056.35,2058.84,2056.16,2057.9,75.130192
2026-03-23 04:50:00,2057.89,2063.19,2056.41,2062.92,170.127203
2026-03-23 04:55:00,2062.75,2066.87,2062.41,2065.63,362.213775
2026-03-23 05:00:00,2065.63,2070.44,2065.63,2066.97,457.220907
2026-03-23 05:05:00,2066.96,2070.5,2066.41,2067.14,300.997776
2026-03-23 05:10:00,2067.14,2070.39,2066.1,2070.39,117.057511
2026-03-23 05:15:00,2070.34,2072.02,2066.79,2069.94,220.333399
2026-03-23 05:20:00,2069.94,2069.94,2065.37,2065.37,64.025246
2026-03-23 05:25:00,2065.36,2066.74,2064.01,2065.51,301.518619
2026-03-23 05:30:00,2065.57,2065.59,2061.82,2064.62,141.119279
2026-03-23 05:35:00,2064.62,2070.16,2064.16,2064.91,269.133838
2026-03-23 05:40:00,2064.91,2065.1,2062.74,2063.31,93.064514
2026-03-23 05:45:00,2063.41,2064.45,2061.83,2062.03,162.730644
2026-03-23 05:50:00,2062.02,2065.29,2060.78,2064.66,467.669359
2026-03-23 05:55:00,2064.7,2069.79,2064.47,2069.47,197.372718
2026-03-23 06:00:00,2069.28,2069.28,2062.49,2062.89,189.982834
2026-03-23 06:05:00,2062.8,2062.81,2059.41,2060.86,318.476402
2026-03-23 06:10:00,2060.81,2063.53,2057.33,2058.81,523.489924
2026-03-23 06:15:00,2058.81,2061.64,2057.57,2058.91,73.426345
2026-03-23 06:20:00,2058.9,2058.9,2055.21,2057.38,151.136619
2026-03-23 06:25:00,2057.39,2060.05,2056.46,2059.24,145.199562
2026-03-23 06:30:00,2059.22,2059.22,2052.55,2052.7,476.763025
2026-03-23 06:35:00,2052.7,2052.98,2035.05,2039.19,2097.474124
2026-03-23 06:40:00,2039.35,2043.85,2028.12,2033.55,1788.686192
2026-03-23 06:45:00,2033.54,2038.22,2028.37,2032.48,973.215364
2026-03-23 06:50:00,2032.47,2038.84,2029.53,2036.74,854.490982
2026-03-23 06:55:00,2036.75,2038.09,2033.54,2037.49,295.98214
2026-03-23 07:00:00,2037.49,2037.78,2029.76,2029.77,594.551666
2026-03-23 07:05:00,2029.77,2037.38,2022.21,2033.28,1684.277023
2026-03-23 07:10:00,2033.29,2039.35,2032.26,2037.25,325.373808
2026-03-23 07:15:00,2037.25,2039.39,2034.83,2038.78,188.205694
2026-03-23 07:20:00,2038.85,2038.85,2026.42,2030.28,447.063326
2026-03-23 07:25:00,2030.25,2033.35,2028.21,2032.98,256.063789
2026-03-23 07:30:00,2032.75,2039.53,2031.02,2036.66,436.45766
2026-03-23 07:35:00,2036.66,2049.93,2036.49,2045.85,1031.763822
2026-03-23 07:40:00,2045.75,2049.57,2044.59,2047.85,397.025216
2026-03-23 07:45:00,2047.77,2049.95,2046.18,2047.06,471.541792
2026-03-23 07:50:00,2047.13,2048.2,2045.15,2046.45,313.946815
2026-03-23 07:55:00,2046.44,2047.5,2043.59,2044.73,470.416207
2026-03-23 08:00:00,2044.79,2049.84,2044.76,2048.59,265.416885
2026-03-23 08:05:00,2048.58,2053.88,2047.11,2052.6,462.345422
2026-03-23 08:10:00,2052.6,2056.73,2050.0,2056.72,451.590816
2026-03-23 08:15:00,2056.74,2059.09,2052.18,2054.1,380.382585
2026-03-23 08:20:00,2054.26,2057.59,2052.01,2055.56,298.462831
2026-03-23 08:25:00,2055.55,2055.94,2053.26,2053.26,117.794585
2026-03-23 08:30:00,2053.25,2057.63,2051.4,2056.03,195.69856
2026-03-23 08:35:00,2056.05,2056.49,2052.06,2053.08,139.090383
2026-03-23 08:40:00,2053.08,2055.59,2049.41,2051.39,281.665441
2026-03-23 08:45:00,2051.4,2054.06,2049.49,2049.49,433.122402
2026-03-23 08:50:00,2049.49,2052.44,2048.15,2049.25,206.906381
2026-03-23 08:55:00,2049.29,2049.5,2043.8,2047.91,405.315092
2026-03-23 09:00:00,2047.91,2049.22,2040.1,2040.76,469.21874
2026-03-23 09:05:00,2040.77,2042.94,2037.7,2042.23,273.277327
2026-03-23 09:10:00,2042.21,2043.12,2040.59,2042.77,104.525714
2026-03-23 09:15:00,2042.76,2045.12,2041.18,2042.94,549.343968
2026-03-23 09:20:00,2042.95,2046.66,2040.74,2041.26,172.811758
2026-03-23 09:25:00,2041.07,2043.79,2039.13,2043.7,181.125317
2026-03-23 09:30:00,2043.61,2043.61,2034.0,2034.46,583.2624
2026-03-23 09:35:00,2034.45,2039.26,2028.84,2037.25,854.070501
2026-03-23 09:40:00,2037.06,2040.34,2035.72,2038.56,234.298593
2026-03-23 09:45:00,2038.36,2041.88,2038.2,2039.62,274.666075
2026-03-23 09:50:00,2039.62,2040.9,2038.66,2039.22,56.781099
2026-03-23 09:55:00,2039.25,2043.75,2039.25,2043.74,81.890131
2026-03-23 10:00:00,2043.75,2047.3,2042.11,2046.95,242.941468
2026-03-23 10:05:00,2046.91,2053.59,2045.97,2051.06,597.954723
2026-03-23 10:10:00,2051.1,2054.0,2049.1,2049.95,246.295028
2026-03-23 10:15:00,2050.05,2050.1,2046.23,2046.34,316.379378
2026-03-23 10:20:00,2046.35,2046.44,2042.36,2044.45,560.998749
2026-03-23 10:25:00,2044.52,2046.51,2043.21,2045.19,120.721354
2026-03-23 10:30:00,2045.19,2046.1,2043.54,2043.81,99.847241
2026-03-23 10:35:00,2043.81,2045.84,2040.74,2041.35,135.259755
2026-03-23 10:40:00,2041.35,2045.26,2040.47,2044.59,208.54989
2026-03-23 10:45:00,2044.59,2044.72,2041.17,2042.44,132.91829
2026-03-23 10:50:00,2042.45,2049.99,2042.45,2048.06,315.99088
2026-03-23 10:55:00,2048.01,2050.2,2047.56,2049.01,86.417733
2026-03-23 11:00:00,2049.01,2053.31,2049.01,2050.2,287.845158
2026-03-23 11:05:00,2050.2,2165.0,2050.2,2158.78,35844.581531
2026-03-23 11:10:00,2159.04,2198.34,2152.27,2168.52,22660.409516
2026-03-23 11:15:00,2168.69,2189.99,2166.0,2170.99,7431.299627
2026-03-23 11:20:00,2171.15,2178.34,2146.72,2156.59,4586.740135
2026-03-23 11:25:00,2156.56,2174.39,2156.11,2167.68,3625.094798
2026-03-23 11:30:00,2167.68,2179.84,2167.68,2173.15,2020.566869
2026-03-23 11:35:00,2173.15,2173.15,2155.66,2158.04,2981.115877
2026-03-23 11:40:00,2158.03,2161.47,2154.01,2155.01,1258.772108
2026-03-23 11:45:00,2155.09,2156.69,2133.33,2147.95,2888.323714
2026-03-23 11:50:00,2147.92,2157.69,2140.32,2153.01,1296.302587
2026-03-23 11:55:00,2153.0,2153.09,2133.12,2134.92,2101.128357
2026-03-23 12:00:00,2134.8,2140.45,2108.11,2120.64,5821.506946
2026-03-23 12:05:00,2120.77,2127.53,2113.46,2126.64,1756.958756
2026-03-23 12:10:00,2126.57,2126.95,2117.51,2117.51,1342.564234
2026-03-23 12:15:00,2117.5,2125.83,2116.74,2123.5,1533.769159
2026-03-23 12:20:00,2123.38,2134.6,2121.92,2125.39,1388.376958
2026-03-23 12:25:00,2125.36,2128.77,2119.84,2125.57,1057.659472
2026-03-23 12:30:00,2125.54,2129.64,2121.06,2128.26,558.822481
2026-03-23 12:35:00,2128.25,2137.99,2126.02,2127.8,990.141612
2026-03-23 12:40:00,2127.78,2147.33,2125.15,2145.85,1788.748706
2026-03-23 12:45:00,2145.71,2148.26,2141.66,2144.75,746.256101
2026-03-23 12:50:00,2144.76,2147.85,2139.95,2141.22,603.222801
2026-03-23 12:55:00,2141.23,2144.69,2140.31,2144.39,261.580725
2026-03-23 13:00:00,2144.4,2154.26,2143.4,2144.24,1206.08017
2026-03-23 13:05:00,2144.21,2145.87,2140.26,2144.76,424.99246
2026-03-23 13:10:00,2144.67,2150.15,2143.97,2146.31,247.098763
2026-03-23 13:15:00,2146.3,2149.99,2146.0,2146.41,438.241549
2026-03-23 13:20:00,2146.21,2153.84,2146.06,2153.33,638.49617
2026-03-23 13:25:00,2153.39,2153.39,2149.0,2150.33,388.14661
2026-03-23 13:30:00,2150.11,2152.72,2143.03,2147.12,957.196107
2026-03-23 13:35:00,2147.05,2163.82,2144.65,2160.32,1423.224668
2026-03-23 13:40:00,2160.01,2177.75,2156.04,2169.37,2530.270015
2026-03-23 13:45:00,2169.34,2172.63,2163.93,2172.07,2031.157445
2026-03-23 13:50:00,2172.3,2188.91,2171.7,2179.01,3549.99271
2026-03-23 13:55:00,2179.0,2185.75,2173.65,2185.75,1664.874158
2026-03-23 14:00:00,2185.75,2192.0,2181.86,2185.06,2310.239346
2026-03-23 14:05:00,2184.72,2190.34,2179.23,2189.22,1505.007297
2026-03-23 14:10:00,2189.23,2192.22,2178.67,2181.18,1938.892413
2026-03-23 14:15:00,2181.2,2187.21,2180.52,2181.2,1098.319228
2026-03-23 14:20:00,2181.33,2186.0,2175.3,2183.0,1036.194052
2026-03-23 14:25:00,2182.94,2187.22,2176.86,2180.04,1059.618863
2026-03-23 14:30:00,2179.89,2180.09,2171.89,2172.63,1393.843357
2026-03-23 14:35:00,2172.84,2183.08,2172.57,2181.06,719.604275
2026-03-23 14:40:00,2181.05,2181.05,2175.01,2175.21,315.245806
2026-03-23 14:45:00,2175.01,2178.54,2169.2,2172.28,1464.15742
2026-03-23 14:50:00,2172.38,2176.3,2170.0,2173.77,805.28636
2026-03-23 14:55:00,2173.8,2183.73,2173.46,2181.0,513.082562
2026-03-23 15:00:00,2181.12,2187.99,2180.07,2183.91,992.633363
2026-03-23 15:05:00,2183.91,2185.35,2180.07,2181.4,568.639044
2026-03-23 15:10:00,2181.4,2182.75,2178.75,2178.85,398.990246
2026-03-23 15:15:00,2178.82,2179.8,2170.83,2171.24,961.349281
2026-03-23 15:20:00,2171.19,2172.62,2165.03,2168.82,1020.234295
2026-03-23 15:25:00,2168.8,2169.18,2163.02,2164.29,606.892414
2026-03-23 15:30:00,2164.34,2166.86,2157.51,2159.08,1091.877354
2026-03-23 15:35:00,2159.08,2164.92,2155.41,2157.87,864.390207
2026-03-23 15:40:00,2157.86,2158.94,2147.11,2149.99,1609.341776
2026-03-23 15:45:00,2149.94,2157.0,2141.51,2155.45,1739.802382
2026-03-23 15:50:00,2155.4,2157.79,2130.99,2134.5,3272.283314
2026-03-23 15:55:00,2134.06,2135.48,2124.7,2128.6,2787.701324
2026-03-23 16:00:00,2128.55,2137.49,2128.11,2132.81,1919.876467
2026-03-23 16:05:00,2132.71,2139.77,2128.01,2137.41,860.639774
2026-03-23 16:10:00,2137.04,2139.76,2133.96,2138.77,486.685039
2026-03-23 16:15:00,2138.69,2140.77,2126.37,2127.22,738.847868
2026-03-23 16:20:00,2127.17,2129.18,2120.04,2127.64,2150.981903
2026-03-23 16:25:00,2127.62,2127.62,2118.0,2120.52,1258.002425
2026-03-23 16:30:00,2120.51,2130.82,2118.0,2130.26,683.174298
2026-03-23 16:35:00,2130.26,2133.98,2127.09,2128.24,603.757196
2026-03-23 16:40:00,2128.01,2132.33,2126.51,2131.75,192.13844
2026-03-23 16:45:00,2131.56,2143.39,2130.76,2141.75,991.907634
2026-03-23 16:50:00,2142.03,2142.39,2132.49,2134.05,654.722991
2026-03-23 16:55:00,2134.09,2136.34,2131.7,2135.94,248.201685
2026-03-23 17:00:00,2135.94,2140.07,2134.11,2137.0,513.794983
2026-03-23 17:05:00,2137.01,2140.28,2131.86,2135.42,462.846441
2026-03-23 17:10:00,2135.55,2138.62,2134.22,2135.84,235.698027
2026-03-23 17:15:00,2135.85,2137.56,2129.75,2131.55,335.417844
2026-03-23 17:20:00,2131.4,2131.45,2124.6,2129.49,331.403148
2026-03-23 17:25:00,2129.5,2135.99,2128.78,2131.64,205.728957
2026-03-23 17:30:00,2131.54,2148.7,2130.95,2148.7,1405.363027
2026-03-23 17:35:00,2148.71,2159.01,2147.65,2152.79,1722.665324
2026-03-23 17:40:00,2152.6,2153.52,2145.48,2147.55,517.731178
2026-03-23 17:45:00,2147.47,2151.12,2146.42,2149.95,700.978155
2026-03-23 17:50:00,2149.68,2153.64,2148.51,2152.86,298.676698
2026-03-23 17:55:00,2152.86,2154.24,2151.52,2152.85,270.691257
2026-03-23 18:00:00,2152.9,2156.11,2151.63,2156.1,348.737248
2026-03-23 18:05:00,2156.09,2156.62,2146.22,2149.89,835.391679
2026-03-23 18:10:00,2149.89,2153.86,2149.89,2150.76,192.484967
2026-03-23 18:15:00,2150.83,2152.74,2149.9,2150.85,112.612039
2026-03-23 18:20:00,2150.85,2151.6,2148.25,2150.75,163.001153
2026-03-23 18:25:00,2150.76,2152.25,2145.8,2146.44,222.126552
2026-03-23 18:30:00,2146.45,2154.98,2146.45,2154.66,394.917586
2026-03-23 18:35:00,2154.66,2158.16,2150.91,2154.15,455.565279
2026-03-23 18:40:00,2154.1,2157.42,2153.59,2156.1,225.185557
2026-03-23 18:45:00,2156.13,2168.37,2155.77,2165.03,1647.656831
2026-03-23 18:50:00,2164.91,2167.67,2158.39,2165.68,1148.095203
2026-03-23 18:55:00,2165.71,2172.12,2163.48,2168.88,1012.794629
2026-03-23 19:00:00,2168.85,2172.79,2164.54,2171.87,896.2035
2026-03-23 19:05:00,2171.88,2178.85,2160.83,2165.12,2608.862807
2026-03-23 19:10:00,2165.09,2166.52,2162.6,2164.66,250.068757
2026-03-23 19:15:00,2164.6,2165.59,2160.51,2164.35,244.911406
2026-03-23 19:20:00,2164.35,2167.53,2161.85,2166.87,121.19087
2026-03-23 19:25:00,2166.85,2168.24,2164.16,2165.47,105.369522
2026-03-23 19:30:00,2165.57,2167.17,2163.46,2163.61,95.725363
2026-03-23 19:35:00,2163.61,2164.6,2161.75,2162.04,85.95067
2026-03-23 19:40:00,2162.04,2162.73,2159.33,2160.9,248.342242
2026-03-23 19:45:00,2160.92,2163.42,2157.83,2158.45,269.791015
2026-03-23 19:50:00,2158.35,2158.35,2154.6,2155.93,180.051199
2026-03-23 19:55:00,2156.0,2156.36,2149.66,2154.31,731.05632
2026-03-23 20:00:00,2154.32,2155.8,2150.24,2153.45,192.016019
2026-03-23 20:05:00,2153.45,2155.21,2152.77,2155.21,50.284003
2026-03-23 20:10:00,2155.22,2160.31,2155.22,2159.75,225.612587
2026-03-23 20:15:00,2159.93,2160.95,2159.9,2160.07,57.705153
2026-03-23 20:20:00,2160.07,2162.1,2159.75,2159.86,81.936814
2026-03-23 20:25:00,2159.78,2160.65,2157.95,2160.3,69.860465
2026-03-23 20:30:00,2160.3,2162.16,2159.35,2161.89,414.774875
2026-03-23 20:35:00,2161.9,2166.88,2161.56,2163.61,273.307469
2026-03-23 20:40:00,2163.54,2164.51,2162.31,2164.51,71.455575
2026-03-23 20:45:00,2164.5,2164.51,2161.3,2161.53,31.63385
2026-03-23 20:50:00,2161.54,2162.58,2160.43,2162.49,82.418854
2026-03-23 20:55:00,2162.49,2162.81,2161.11,2161.61,55.424053
2026-03-23 21:00:00,2161.61,2164.03,2158.01,2158.01,113.823213
2026-03-23 21:05:00,2158.01,2160.1,2157.95,2158.03,131.122765
2026-03-23 21:10:00,2158.0,2158.32,2154.5,2154.5,438.097272
2026-03-23 21:15:00,2154.48,2157.3,2154.37,2155.66,197.517859
2026-03-23 21:20:00,2155.65,2158.19,2154.55,2157.27,87.201604
2026-03-23 21:25:00,2157.29,2157.9,2155.95,2156.35,109.313392
2026-03-23 21:30:00,2156.35,2162.27,2155.96,2160.95,234.122364
2026-03-23 21:35:00,2160.9,2162.07,2159.28,2162.07,106.624561
2026-03-23 21:40:00,2162.07,2162.07,2159.54,2161.0,85.611694
2026-03-23 21:45:00,2160.92,2160.92,2157.74,2158.56,113.351107
2026-03-23 21:50:00,2158.58,2163.81,2158.58,2160.11,156.89058
2026-03-23 21:55:00,2160.11,2161.37,2156.99,2158.0,152.329344
2026-03-23 22:00:00,2158.06,2159.5,2146.19,2149.3,396.024965
2026-03-23 22:05:00,2149.3,2151.62,2147.56,2150.26,146.733115
2026-03-23 22:10:00,2150.2,2151.7,2149.21,2151.02,67.191316
2026-03-23 22:15:00,2151.01,2151.34,2147.09,2151.08,100.608268
2026-03-23 22:20:00,2151.09,2151.43,2148.48,2150.18,63.339656
2026-03-23 22:25:00,2150.19,2150.98,2148.99,2149.36,52.127142
2026-03-23 22:30:00,2149.35,2149.54,2143.76,2148.43,255.165315
2026-03-23 22:35:00,2148.44,2153.89,2148.44,2151.05,209.681101
2026-03-23 22:40:00,2151.05,2151.82,2149.31,2151.82,61.626383
2026-03-23 22:45:00,2151.82,2154.24,2150.03,2150.86,156.191596
2026-03-23 22:50:00,2150.86,2154.25,2150.01,2153.15,87.651299
2026-03-23 22:55:00,2153.16,2154.22,2151.34,2152.93,153.167694
2026-03-23 23:00:00,2152.92,2154.13,2149.54,2150.79,117.318146
2026-03-23 23:05:00,2150.79,2152.31,2145.56,2145.6,133.414392
2026-03-23 23:10:00,2145.58,2146.99,2143.77,2146.38,220.778988
2026-03-23 23:15:00,2146.38,2146.92,2142.87,2142.87,172.261064
2026-03-23 23:20:00,2142.87,2145.41,2140.32,2145.0,267.973298
2026-03-23 23:25:00,2144.99,2150.43,2144.25,2149.21,363.976015
2026-03-23 23:30:00,2149.2,2149.2,2145.0,2146.16,90.455449
2026-03-23 23:35:00,2146.16,2148.97,2145.8,2148.72,29.472649
2026-03-23 23:40:00,2148.8,2151.8,2148.16,2150.31,118.706199
2026-03-23 23:45:00,2150.31,2150.58,2145.41,2147.85,261.964722
2026-03-23 23:50:00,2147.68,2149.7,2146.36,2148.95,53.361834
2026-03-23 23:55:00,2148.7,2155.42,2148.7,2152.04,340.61849
2026-03-24 00:00:00,2152.05,2156.34,2149.63,2150.08,1127.948663
2026-03-24 00:05:00,2149.96,2150.98,2146.62,2147.23,282.218732
2026-03-24 00:10:00,2147.19,2150.15,2145.42,2147.1,274.900005
2026-03-24 00:15:00,2147.09,2147.71,2139.17,2144.88,500.272988
2026-03-24 00:20:00,2144.89,2145.25,2138.31,2142.23,475.451544
2026-03-24 00:25:00,2142.19,2145.0,2140.74,2142.57,139.547179
2026-03-24 00:30:00,2142.57,2143.75,2136.87,2141.52,530.22795
2026-03-24 00:35:00,2141.52,2144.48,2130.12,2137.22,1180.290251
2026-03-24 00:40:00,2137.27,2144.31,2135.66,2140.94,470.906169
2026-03-24 00:45:00,2140.88,2144.95,2140.76,2141.88,151.150719
2026-03-24 00:50:00,2141.88,2148.49,2141.88,2146.13,383.836273
2026-03-24 00:55:00,2145.98,2146.99,2143.11,2143.12,123.598173
2026-03-24 01:00:00,2143.12,2143.8,2139.83,2139.83,178.383305
2026-03-24 01:05:00,2139.83,2143.38,2139.24,2141.72,195.088536
2026-03-24 01:10:00,2141.79,2145.7,2138.89,2140.78,359.016521
2026-03-24 01:15:00,2140.75,2141.21,2137.55,2141.06,88.997284
2026-03-24 01:20:00,2141.21,2148.94,2141.21,2145.97,103.314444
2026-03-24 01:25:00,2145.9,2149.95,2144.25,2147.75,93.029641
2026-03-24 01:30:00,2147.74,2148.63,2141.83,2145.35,307.970308
2026-03-24 01:35:00,2145.29,2145.29,2131.43,2132.16,540.358613
2026-03-24 01:40:00,2132.17,2133.99,2124.46,2131.16,1117.786083
2026-03-24 01:45:00,2131.08,2133.04,2129.05,2131.1,198.687017
2026-03-24 01:50:00,2131.11,2140.96,2131.11,2139.28,567.956997
2026-03-24 01:55:00,2139.07,2139.64,2136.34,2137.71,148.727435
2026-03-24 02:00:00,2137.71,2145.99,2135.01,2141.4,384.143931
2026-03-24 02:05:00,2141.35,2141.35,2137.55,2139.77,292.697618
2026-03-24 02:10:00,2139.64,2139.64,2134.12,2135.84,228.50119
2026-03-24 02:15:00,2135.88,2137.99,2134.29,2136.32,266.306177
2026-03-24 02:20:00,2136.32,2142.57,2135.82,2139.77,156.497338
2026-03-24 02:25:00,2139.67,2140.77,2135.62,2139.32,114.758416
2026-03-24 02:30:00,2139.35,2140.99,2137.66,2140.61,256.204974
2026-03-24 02:35:00,2140.62,2143.28,2136.0,2136.0,258.413867
2026-03-24 02:40:00,2136.0,2139.64,2132.6,2139.12,216.537863
2026-03-24 02:45:00,2139.12,2141.11,2137.36,2138.5,118.823481
2026-03-24 02:50:00,2138.44,2139.06,2137.0,2137.91,108.698237
2026-03-24 02:55:00,2138.0,2138.35,2135.26,2136.0,74.519294
2026-03-24 03:00:00,2136.0,2136.64,2134.0,2135.78,340.728599
2026-03-24 03:05:00,2135.78,2138.1,2132.18,2133.35,215.515313
2026-03-24 03:10:00,2133.35,2135.64,2130.6,2134.5,265.184939
2026-03-24 03:15:00,2134.51,2136.66,2134.51,2135.36,58.576792
2026-03-24 03:20:00,2135.47,2139.44,2134.53,2137.47,131.042169
2026-03-24 03:25:00,2137.5,2139.99,2136.85,2139.57,191.542911
2026-03-24 03:30:00,2139.57,2140.29,2135.84,2135.94,63.247542
2026-03-24 03:35:00,2136.12,2138.8,2135.29,2136.7,70.271138
2026-03-24 03:40:00,2136.86,2140.37,2136.66,2138.95,405.65303
2026-03-24 03:45:00,2138.81,2140.57,2137.97,2140.39,111.702513
2026-03-24 03:50:00,2140.34,2142.41,2138.01,2142.4,247.003312
2026-03-24 03:55:00,2142.41,2143.52,2140.56,2141.81,181.891727
2026-03-24 04:00:00,2141.75,2144.67,2141.37,2143.99,165.77013
2026-03-24 04:05:00,2143.99,2152.79,2143.56,2146.65,1282.325692
2026-03-24 04:10:00,2146.75,2148.11,2145.13,2146.07,297.388005
2026-03-24 04:15:00,2146.08,2146.24,2142.89,2143.88,99.2358
2026-03-24 04:20:00,2143.96,2144.61,2142.45,2143.3,57.499566
2026-03-24 04:25:00,2143.3,2143.33,2140.04,2140.48,119.062796
2026-03-24 04:30:00,2140.49,2140.49,2132.45,2136.44,288.727002
2026-03-24 04:35:00,2136.41,2136.41,2133.19,2135.23,193.89318
2026-03-24 04:40:00,2135.24,2136.11,2134.0,2135.42,174.81642
2026-03-24 04:45:00,2135.43,2137.21,2133.18,2133.23,69.44583
2026-03-24 04:50:00,2133.23,2139.45,2131.25,2138.85,210.837014
2026-03-24 04:55:00,2138.69,2138.95,2136.01,2136.38,107.312433
2026-03-24 05:00:00,2136.39,2136.5,2130.76,2130.79,332.195872
2026-03-24 05:05:00,2130.78,2132.17,2129.09,2129.4,391.375688
2026-03-24 05:10:00,2129.41,2133.57,2129.04,2130.48,658.326774
2026-03-24 05:15:00,2130.45,2138.81,2130.45,2133.62,458.220366
2026-03-24 05:20:00,2133.62,2134.33,2129.64,2130.96,338.937965
2026-03-24 05:25:00,2130.97,2133.09,2129.53,2129.93,204.913868
2026-03-24 05:30:00,2129.87,2133.02,2129.61,2131.97,141.59925
2026-03-24 05:35:00,2131.97,2135.21,2131.88,2133.94,162.772655
2026-03-24 05:40:00,2133.91,2138.21,2133.66,2136.08,149.135643
2026-03-24 05:45:00,2135.96,2138.65,2135.28,2135.32,131.590896
2026-03-24 05:50:00,2135.28,2136.28,2134.18,2135.17,68.86206
2026-03-24 05:55:00,2135.15,2135.15,2132.93,2134.1,88.912572
2026-03-24 06:00:00,2133.9,2136.87,2132.06,2135.3,151.288494
2026-03-24 06:05:00,2135.29,2137.99,2134.68,2137.31,328.838712
2026-03-24 06:10:00,2137.31,2138.0,2134.39,2138.0,205.784799
2026-03-24 06:15:00,2138.0,2139.15,2135.71,2135.71,130.934598
2026-03-24 06:20:00,2135.71,2140.85,2135.33,2137.41,123.323484
2026-03-24 06:25:00,2137.38,2139.58,2136.13,2137.68,183.752006
2026-03-24 06:30:00,2137.68,2143.81,2137.68,2141.43,366.403466
2026-03-24 06:35:00,2141.44,2143.38,2141.0,2141.45,88.45089
2026-03-24 06:40:00,2141.46,2144.5,2141.01,2143.09,242.402985
2026-03-24 06:45:00,2142.95,2144.41,2141.69,2142.87,126.069644
2026-03-24 06:50:00,2142.89,2144.15,2140.74,2143.49,198.855432
2026-03-24 06:55:00,2143.57,2146.66,2143.15,2145.47,212.406361
2026-03-24 07:00:00,2145.48,2148.66,2144.18,2148.66,376.013065
2026-03-24 07:05:00,2148.67,2159.72,2148.36,2157.3,1462.510349
2026-03-24 07:10:00,2157.29,2166.65,2157.01,2160.94,1319.270512
2026-03-24 07:15:00,2160.9,2165.43,2158.49,2161.88,555.054805
2026-03-24 07:20:00,2161.89,2165.42,2159.6,2162.69,1256.682114
2026-03-24 07:25:00,2162.72,2162.96,2158.09,2160.82,928.350652
2026-03-24 07:30:00,2160.82,2161.99,2157.15,2158.83,903.69259
2026-03-24 07:35:00,2158.82,2158.92,2152.53,2154.63,1672.7558
2026-03-24 07:40:00,2154.64,2156.0,2153.93,2155.48,460.297718
2026-03-24 07:45:00,2155.48,2158.62,2152.17,2156.94,456.227115
2026-03-24 07:50:00,2157.02,2161.78,2155.92,2157.86,842.360464
2026-03-24 07:55:00,2157.77,2170.73,2157.77,2165.44,1516.754896
2026-03-24 08:00:00,2165.43,2167.52,2161.14,2164.56,742.390151
2026-03-24 08:05:00,2164.56,2167.63,2162.64,2165.05,520.349987
2026-03-24 08:10:00,2165.06,2167.44,2162.74,2164.0,1590.5278
2026-03-24 08:15:00,2164.11,2164.12,2156.0,2156.01,498.952107
2026-03-24 08:20:00,2156.2,2157.37,2152.21,2155.94,494.249704
2026-03-24 08:25:00,2155.94,2156.18,2154.1,2155.22,160.178739
2026-03-24 08:30:00,2155.15,2157.67,2153.26,2156.35,197.598074
2026-03-24 08:35:00,2156.35,2163.3,2155.86,2162.16,527.52553
2026-03-24 08:40:00,2162.22,2162.22,2158.68,2160.7,212.485243
2026-03-24 08:45:00,2160.71,2161.35,2156.26,2156.43,289.19547
2026-03-24 08:50:00,2156.43,2159.56,2154.43,2156.32,290.427284
2026-03-24 08:55:00,2156.12,2156.27,2153.34,2155.0,154.363496
2026-03-24 09:00:00,2154.99,2158.23,2154.78,2158.23,134.497187
2026-03-24 09:05:00,2158.25,2158.25,2153.01,2154.66,174.464073
2026-03-24 09:10:00,2154.66,2156.09,2145.86,2148.24,954.208438
2026-03-24 09:15:00,2148.3,2152.02,2147.33,2152.02,216.855035
2026-03-24 09:20:00,2152.05,2152.71,2148.53,2150.52,286.876364
2026-03-24 09:25:00,2150.53,2154.24,2150.53,2153.04,80.948712
2026-03-24 09:30:00,2153.0,2156.33,2151.48,2154.21,132.846821
2026-03-24 09:35:00,2154.13,2157.26,2154.13,2157.26,116.617464
2026-03-24 09:40:00,2157.26,2162.99,2157.26,2162.82,395.932263
2026-03-24 09:45:00,2162.82,2162.82,2160.64,2161.02,174.255652
2026-03-24 09:50:00,2161.1,2166.32,2158.85,2165.53,667.70457
2026-03-24 09:55:00,2165.53,2167.79,2163.6,2165.03,600.190701
2026-03-24 10:00:00,2165.03,2165.18,2161.11,2162.68,191.850227
2026-03-24 10:05:00,2162.66,2164.95,2161.8,2162.95,247.260864
2026-03-24 10:10:00,2162.99,2163.69,2160.56,2160.9,198.722579
2026-03-24 10:15:00,2160.89,2161.92,2157.76,2159.96,359.539329
2026-03-24 10:20:00,2159.95,2161.52,2158.25,2159.16,248.484232
2026-03-24 10:25:00,2159.17,2159.31,2156.01,2156.46,135.806257
2026-03-24 10:30:00,2156.41,2159.32,2155.55,2157.17,118.210439
2026-03-24 10:35:00,2157.16,2161.87,2156.88,2161.27,262.45972
2026-03-24 10:40:00,2161.24,2162.8,2158.72,2160.93,365.092755
2026-03-24 10:45:00,2160.88,2161.2,2157.87,2158.82,130.634957
2026-03-24 10:50:00,2158.83,2160.48,2158.44,2160.02,52.560674
2026-03-24 10:55:00,2160.02,2162.03,2159.51,2161.53,56.004382
2026-03-24 11:00:00,2161.49,2162.0,2152.16,2153.98,552.201922
2026-03-24 11:05:00,2153.79,2161.25,2153.53,2161.24,273.479837
2026-03-24 11:10:00,2161.23,2163.65,2157.9,2159.58,470.767929
2026-03-24 11:15:00,2159.52,2159.84,2154.49,2157.19,129.129497
2026-03-24 11:20:00,2157.2,2159.29,2155.53,2159.29,481.536337
2026-03-24 11:25:00,2159.29,2161.84,2157.37,2161.17,328.805449
2026-03-24 11:30:00,2161.23,2167.46,2160.31,2167.46,893.959511
2026-03-24 11:35:00,2167.47,2173.85,2164.38,2172.7,1892.736614
2026-03-24 11:40:00,2172.78,2176.04,2171.1,2172.04,2599.645075
2026-03-24 11:45:00,2172.03,2173.51,2169.63,2170.23,381.425679
2026-03-24 11:50:00,2170.13,2170.13,2160.21,2164.16,826.056874
2026-03-24 11:55:00,2164.15,2166.0,2163.14,2165.97,146.612257
2026-03-24 12:00:00,2166.0,2167.05,2163.38,2163.78,259.084472
2026-03-24 12:05:00,2163.78,2164.99,2162.51,2164.81,100.47863
2026-03-24 12:10:00,2164.9,2170.49,2162.01,2167.28,385.455013
2026-03-24 12:15:00,2167.28,2167.7,2164.89,2166.38,69.210386
2026-03-24 12:20:00,2166.33,2167.8,2164.25,2166.62,68.731108
2026-03-24 12:25:00,2166.6,2168.82,2165.38,2167.41,83.852382
2026-03-24 12:30:00,2167.32,2167.32,2158.99,2161.11,210.704388
2026-03-24 12:35:00,2161.11,2163.59,2159.4,2161.62,191.962926
2026-03-24 12:40:00,2161.63,2164.75,2161.63,2161.69,203.702277
2026-03-24 12:45:00,2161.68,2163.37,2160.3,2160.82,141.331187
2026-03-24 12:50:00,2160.75,2165.35,2160.64,2163.81,191.194663
2026-03-24 12:55:00,2164.0,2164.18,2161.6,2162.67,180.897663
2026-03-24 13:00:00,2162.67,2165.99,2161.35,2161.87,86.06029
2026-03-24 13:05:00,2161.75,2163.38,2151.56,2152.21,969.61647
2026-03-24 13:10:00,2152.15,2159.15,2152.09,2157.35,239.79168
2026-03-24 13:15:00,2157.36,2159.55,2149.13,2149.53,629.824913
2026-03-24 13:20:00,2149.47,2153.12,2149.12,2151.57,491.415868
2026-03-24 13:25:00,2151.57,2154.15,2149.62,2150.6,171.434897
2026-03-24 13:30:00,2150.61,2161.36,2149.31,2158.85,1054.806092
2026-03-24 13:35:00,2158.95,2159.8,2142.51,2144.53,1048.992173
2026-03-24 13:40:00,2144.3,2146.1,2135.37,2138.37,2050.216787
2026-03-24 13:45:00,2138.37,2144.61,2133.77,2136.98,882.737191
2026-03-24 13:50:00,2136.56,2140.46,2130.4,2137.52,1432.232964
2026-03-24 13:55:00,2137.55,2142.32,2134.92,2138.52,359.121218
2026-03-24 14:00:00,2138.37,2143.67,2137.91,2143.15,826.594482
2026-03-24 14:05:00,2143.15,2148.57,2140.01,2144.78,491.365155
2026-03-24 14:10:00,2144.9,2145.54,2126.07,2130.94,1215.297804
2026-03-24 14:15:00,2130.93,2134.69,2125.09,2132.61,1129.445258
2026-03-24 14:20:00,2132.61,2135.16,2127.77,2129.99,560.688622
2026-03-24 14:25:00,2129.9,2136.96,2127.0,2133.94,484.46164
2026-03-24 14:30:00,2133.93,2139.14,2132.74,2139.14,267.126121
2026-03-24 14:35:00,2139.14,2140.78,2130.32,2130.51,357.115011
2026-03-24 14:40:00,2130.5,2133.96,2129.35,2133.96,641.690405
2026-03-24 14:45:00,2133.96,2134.11,2124.23,2127.61,1262.271963
2026-03-24 14:50:00,2127.47,2143.0,2120.09,2138.08,3852.000146
2026-03-24 14:55:00,2138.09,2140.63,2128.32,2134.54,880.870339
2026-03-24 15:00:00,2134.57,2141.05,2134.57,2137.1,603.557913
2026-03-24 15:05:00,2137.11,2138.64,2133.39,2135.27,412.762059
2026-03-24 15:10:00,2135.27,2138.55,2132.44,2136.82,486.387371
2026-03-24 15:15:00,2136.83,2139.73,2136.21,2137.71,517.966902
2026-03-24 15:20:00,2137.7,2147.5,2136.56,2145.28,1234.154514
2026-03-24 15:25:00,2145.17,2146.0,2138.32,2139.09,373.636677
2026-03-24 15:30:00,2139.08,2140.61,2131.64,2136.59,479.346196
2026-03-24 15:35:00,2136.6,2145.31,2135.95,2142.04,294.347221
2026-03-24 15:40:00,2141.97,2144.4,2138.22,2139.75,364.500132
2026-03-24 15:45:00,2139.75,2140.09,2136.25,2139.43,111.142302
2026-03-24 15:50:00,2139.33,2142.5,2139.01,2139.31,111.292768
2026-03-24 15:55:00,2139.34,2139.34,2133.08,2135.17,628.847766
2026-03-24 16:00:00,2135.12,2137.46,2132.93,2135.64,679.915664
2026-03-24 16:05:00,2135.67,2138.8,2133.73,2137.56,344.215786
2026-03-24 16:10:00,2137.61,2139.34,2135.54,2138.06,326.644665
2026-03-24 16:15:00,2138.13,2140.79,2135.74,2139.37,234.213997
2026-03-24 16:20:00,2139.36,2140.64,2136.4,2137.45,343.307344
2026-03-24 16:25:00,2137.55,2137.98,2132.14,2135.51,348.993578
2026-03-24 16:30:00,2135.55,2136.62,2129.41,2131.59,430.376129
2026-03-24 16:35:00,2131.72,2131.73,2120.27,2122.71,1231.973678
2026-03-24 16:40:00,2122.57,2130.72,2121.13,2130.72,503.905242
2026-03-24 16:45:00,2130.73,2132.19,2125.84,2126.5,202.469792
2026-03-24 16:50:00,2126.49,2130.96,2126.22,2127.56,126.675855
2026-03-24 16:55:00,2127.56,2128.73,2124.54,2127.64,176.620143
2026-03-24 17:00:00,2127.64,2128.98,2120.21,2121.47,258.740319
2026-03-24 17:05:00,2121.28,2121.28,2113.06,2114.46,2755.486597
2026-03-24 17:10:00,2114.45,2119.31,2113.17,2117.51,740.564138
2026-03-24 17:15:00,2117.5,2119.63,2112.07,2113.86,456.940346
2026-03-24 17:20:00,2113.88,2117.81,2113.77,2116.46,188.338306
2026-03-24 17:25:00,2116.45,2116.48,2112.67,2113.84,113.587731
2026-03-24 17:30:00,2113.84,2115.83,2106.66,2110.58,1645.369638
2026-03-24 17:35:00,2110.33,2116.45,2107.46,2114.63,483.554544
2026-03-24 17:40:00,2114.63,2115.7,2102.86,2104.49,1069.817337
2026-03-24 17:45:00,2104.49,2108.87,2103.49,2108.16,986.663867
2026-03-24 17:50:00,2108.2,2113.25,2106.28,2107.83,643.194183
2026-03-24 17:55:00,2107.77,2113.67,2104.41,2109.58,1125.423027
2026-03-24 18:00:00,2109.49,2112.8,2105.12,2108.47,1012.867642
2026-03-24 18:05:00,2108.47,2111.96,2106.85,2110.36,399.140504
2026-03-24 18:10:00,2110.35,2111.98,2108.01,2111.48,230.126971
2026-03-24 18:15:00,2111.48,2114.89,2109.4,2113.8,412.961692
2026-03-24 18:20:00,2113.72,2116.5,2112.59,2115.76,362.732841
2026-03-24 18:25:00,2115.73,2119.37,2115.47,2117.46,255.753804
2026-03-24 18:30:00,2117.46,2122.22,2116.37,2120.16,476.417259
2026-03-24 18:35:00,2120.08,2128.0,2119.88,2126.98,499.927389
2026-03-24 18:40:00,2127.17,2127.17,2118.96,2120.38,357.34736
2026-03-24 18:45:00,2120.32,2122.4,2118.3,2119.13,207.289327
2026-03-24 18:50:00,2119.15,2122.59,2119.02,2121.12,110.753574
2026-03-24 18:55:00,2120.82,2121.21,2118.34,2119.27,102.219903
2026-03-24 19:00:00,2119.27,2124.03,2119.27,2123.2,207.819883
2026-03-24 19:05:00,2123.29,2126.46,2122.4,2125.49,147.503343
2026-03-24 19:10:00,2125.49,2127.79,2124.56,2125.89,327.705948
2026-03-24 19:15:00,2125.9,2128.26,2124.45,2126.14,153.347164
2026-03-24 19:20:00,2126.21,2126.21,2122.84,2123.95,121.220795
2026-03-24 19:25:00,2123.98,2124.21,2119.73,2120.53,192.097324
2026-03-24 19:30:00,2120.52,2121.5,2116.67,2117.6,173.636048
2026-03-24 19:35:00,2117.61,2120.15,2116.07,2118.89,183.622882
2026-03-24 19:40:00,2118.87,2121.29,2118.45,2120.49,122.674875
2026-03-24 19:45:00,2120.27,2120.27,2115.04,2116.03,370.557545
2026-03-24 19:50:00,2116.07,2116.82,2114.43,2116.7,285.723159
2026-03-24 19:55:00,2116.7,2117.98,2114.97,2116.68,210.816487
2026-03-24 20:00:00,2116.99,2119.81,2115.42,2117.31,136.602943
2026-03-24 20:05:00,2117.24,2118.06,2115.74,2117.31,108.886334
2026-03-24 20:10:00,2117.31,2120.66,2116.99,2120.64,104.38531
2026-03-24 20:15:00,2120.69,2123.87,2119.67,2123.87,270.52867
2026-03-24 20:20:00,2123.95,2145.64,2123.95,2145.12,2896.984846
2026-03-24 20:25:00,2144.95,2154.88,2139.22,2141.74,2156.884618
2026-03-24 20:30:00,2141.77,2151.23,2141.77,2144.63,707.114774
2026-03-24 20:35:00,2144.79,2152.69,2144.28,2151.67,1228.052334
2026-03-24 20:40:00,2151.66,2152.09,2146.73,2149.3,600.628367
2026-03-24 20:45:00,2149.31,2151.85,2143.08,2150.38,968.938804
2026-03-24 20:50:00,2150.38,2154.54,2148.44,2149.64,741.580109
2026-03-24 20:55:00,2149.63,2151.9,2148.41,2148.82,464.794374
2026-03-24 21:00:00,2148.85,2151.15,2148.84,2150.35,239.030678
2026-03-24 21:05:00,2150.4,2151.01,2143.56,2145.08,447.319209
2026-03-24 21:10:00,2145.08,2147.28,2143.0,2144.39,309.229256
2026-03-24 21:15:00,2144.4,2145.55,2140.68,2141.79,381.398329
2026-03-24 21:20:00,2141.8,2142.95,2140.87,2141.3,175.003071
2026-03-24 21:25:00,2141.31,2146.3,2141.31,2144.8,335.949843
2026-03-24 21:30:00,2144.8,2147.42,2144.02,2144.79,180.664045
2026-03-24 21:35:00,2144.79,2148.99,2143.4,2147.11,314.669032
2026-03-24 21:40:00,2147.11,2152.16,2146.33,2148.15,373.11351
2026-03-24 21:45:00,2148.16,2150.22,2146.78,2148.78,218.104148
2026-03-24 21:50:00,2148.77,2148.77,2145.01,2147.29,305.673047
2026-03-24 21:55:00,2147.3,2149.34,2145.0,2149.01,189.455315
2026-03-24 22:00:00,2149.01,2150.43,2145.24,2148.17,368.782458
2026-03-24 22:05:00,2148.21,2154.94,2147.45,2153.88,419.892513
2026-03-24 22:10:00,2153.89,2156.27,2152.58,2154.84,607.69174
2026-03-24 22:15:00,2154.84,2154.84,2150.62,2152.0,182.263967
2026-03-24 22:20:00,2151.99,2152.31,2149.53,2149.53,211.197835
2026-03-24 22:25:00,2149.53,2151.02,2145.68,2146.86,647.573533
2026-03-24 22:30:00,2146.85,2147.91,2140.85,2143.45,872.12176
2026-03-24 22:35:00,2143.45,2145.81,2142.5,2144.41,123.443326
2026-03-24 22:40:00,2144.41,2145.85,2143.68,2144.31,57.022482
2026-03-24 22:45:00,2144.31,2146.68,2143.61,2146.07,212.237105
2026-03-24 22:50:00,2146.01,2147.49,2144.45,2145.59,176.660844
2026-03-24 22:55:00,2145.64,2147.94,2145.36,2145.58,183.667215
2026-03-24 23:00:00,2145.58,2147.35,2143.25,2146.46,275.780054
2026-03-24 23:05:00,2146.46,2152.83,2145.22,2152.24,478.567957
2026-03-24 23:10:00,2152.25,2152.29,2150.0,2150.75,131.493801
2026-03-24 23:15:00,2150.86,2152.6,2149.88,2151.43,152.209312
2026-03-24 23:20:00,2151.42,2156.55,2150.17,2155.93,805.538109
2026-03-24 23:25:00,2155.93,2160.76,2155.79,2159.64,621.734356
2026-03-24 23:30:00,2159.65,2166.03,2159.65,2162.72,1271.567462
2026-03-24 23:35:00,2162.73,2164.05,2160.88,2163.45,429.85504
2026-03-24 23:40:00,2163.45,2164.0,2160.19,2161.03,186.031379
2026-03-24 23:45:00,2161.02,2161.19,2157.09,2158.95,301.255636
2026-03-24 23:50:00,2158.95,2161.94,2157.73,2158.16,175.438549
2026-03-24 23:55:00,2158.23,2158.65,2156.32,2156.33,114.16046
2026-03-25 00:00:00,2156.33,2157.85,2155.05,2157.64,358.490849
2026-03-25 00:05:00,2157.64,2160.4,2156.05,2159.64,529.247587
2026-03-25 00:10:00,2159.65,2161.62,2157.94,2160.45,710.145714
2026-03-25 00:15:00,2160.45,2160.91,2154.21,2155.48,377.717884
2026-03-25 00:20:00,2155.47,2156.45,2153.62,2154.75,263.186436
2026-03-25 00:25:00,2154.75,2157.91,2154.75,2155.63,166.258052
2026-03-25 00:30:00,2155.63,2162.47,2145.8,2160.49,1829.680765
2026-03-25 00:35:00,2160.49,2166.65,2159.98,2165.35,712.024043
2026-03-25 00:40:00,2165.47,2169.17,2164.31,2165.49,973.40909
2026-03-25 00:45:00,2165.5,2169.05,2162.62,2162.63,791.878864
2026-03-25 00:50:00,2162.63,2163.92,2160.33,2163.1,648.146429
2026-03-25 00:55:00,2163.11,2163.76,2161.53,2161.64,284.032672
2026-03-25 01:00:00,2161.66,2162.96,2157.74,2162.66,910.744238
2026-03-25 01:05:00,2162.67,2164.01,2159.2,2163.99,302.557162
2026-03-25 01:10:00,2164.0,2167.32,2162.36,2162.6,404.926998
2026-03-25 01:15:00,2162.61,2163.31,2158.47,2158.91,338.172949
2026-03-25 01:20:00,2158.92,2163.24,2158.92,2160.03,186.639953
2026-03-25 01:25:00,2160.02,2161.89,2159.1,2161.15,217.490772
2026-03-25 01:30:00,2161.16,2162.28,2157.34,2159.55,599.805594
2026-03-25 01:35:00,2159.56,2161.94,2158.68,2160.44,468.178303
2026-03-25 01:40:00,2160.45,2165.46,2158.62,2161.84,1053.577571
2026-03-25 01:45:00,2161.83,2162.88,2160.29,2160.65,304.552818
2026-03-25 01:50:00,2160.65,2162.96,2160.39,2161.51,353.794757
2026-03-25 01:55:00,2161.5,2161.76,2156.8,2157.04,383.771367
2026-03-25 02:00:00,2157.05,2158.09,2154.37,2156.4,650.339455
2026-03-25 02:05:00,2156.4,2158.44,2154.97,2155.44,664.795221
2026-03-25 02:10:00,2155.39,2157.65,2154.09,2154.71,372.152344
2026-03-25 02:15:00,2154.87,2157.41,2153.8,2155.98,343.138833
2026-03-25 02:20:00,2155.98,2157.33,2154.68,2155.01,164.915613
2026-03-25 02:25:00,2155.01,2158.85,2154.67,2156.49,378.346955
2026-03-25 02:30:00,2156.46,2159.3,2155.28,2157.92,165.620416
2026-03-25 02:35:00,2157.93,2161.53,2157.31,2159.62,320.705214
2026-03-25 02:40:00,2159.61,2161.18,2158.16,2160.43,553.814159
2026-03-25 02:45:00,2160.52,2161.81,2157.18,2157.26,142.68969
2026-03-25 02:50:00,2157.26,2158.86,2156.92,2157.1,213.206318
2026-03-25 02:55:00,2157.1,2157.49,2154.49,2155.95,585.197126
2026-03-25 03:00:00,2155.96,2157.58,2155.17,2156.26,273.597722
2026-03-25 03:05:00,2156.26,2156.27,2151.98,2152.95,609.923876
2026-03-25 03:10:00,2152.93,2154.18,2148.0,2151.68,863.02319
2026-03-25 03:15:00,2151.65,2152.2,2146.6,2151.06,811.149167
2026-03-25 03:20:00,2150.91,2151.17,2149.18,2150.76,270.112609
2026-03-25 03:25:00,2150.76,2153.33,2150.29,2152.81,212.353666
2026-03-25 03:30:00,2152.9,2156.71,2152.9,2155.85,619.994218
2026-03-25 03:35:00,2155.98,2159.98,2155.98,2158.33,361.657724
2026-03-25 03:40:00,2158.34,2158.71,2157.53,2157.86,157.018026
2026-03-25 03:45:00,2157.95,2159.77,2157.54,2157.72,451.747359
2026-03-25 03:50:00,2157.72,2160.07,2156.98,2159.04,446.041613
2026-03-25 03:55:00,2159.04,2161.19,2158.46,2158.6,200.863766
2026-03-25 04:00:00,2158.61,2159.96,2156.65,2159.36,419.444715
2026-03-25 04:05:00,2159.36,2164.22,2159.35,2163.99,405.395206
2026-03-25 04:10:00,2163.99,2164.16,2162.41,2162.91,393.220314
2026-03-25 04:15:00,2162.9,2163.07,2159.66,2161.85,581.195915
2026-03-25 04:20:00,2161.85,2162.65,2160.74,2162.65,303.732861
2026-03-25 04:25:00,2162.64,2164.84,2161.74,2163.72,356.550502
2026-03-25 04:30:00,2163.72,2164.95,2161.88,2161.9,369.362409
2026-03-25 04:35:00,2161.91,2162.68,2160.31,2161.31,594.805564
2026-03-25 04:40:00,2161.31,2162.84,2160.45,2160.92,268.10566
2026-03-25 04:45:00,2161.02,2161.64,2160.03,2160.1,374.03064
2026-03-25 04:50:00,2160.29,2162.7,2160.07,2161.75,299.500781
2026-03-25 04:55:00,2161.75,2167.99,2160.91,2166.6,931.698853
2026-03-25 05:00:00,2166.6,2166.6,2164.5,2165.39,421.971431
2026-03-25 05:05:00,2165.4,2180.0,2165.4,2174.89,3621.500972
2026-03-25 05:10:00,2174.89,2176.62,2173.23,2174.8,1201.737812
2026-03-25 05:15:00,2174.68,2174.68,2170.41,2170.89,527.792508
2026-03-25 05:20:00,2170.9,2172.49,2170.24,2170.24,474.880618
2026-03-25 05:25:00,2170.96,2172.4,2169.38,2172.15,223.527662
2026-03-25 05:30:00,2172.15,2173.42,2169.79,2170.26,432.598411
2026-03-25 05:35:00,2170.26,2173.79,2170.06,2171.46,431.985185
2026-03-25 05:40:00,2171.46,2173.7,2171.46,2173.1,160.751265
2026-03-25 05:45:00,2173.12,2173.42,2170.14,2170.97,227.835408
2026-03-25 05:50:00,2170.96,2171.0,2169.59,2170.16,236.014063
2026-03-25 05:55:00,2170.16,2170.16,2168.0,2168.98,262.489087
2026-03-25 06:00:00,2168.98,2170.33,2166.51,2167.21,400.454583
2026-03-25 06:05:00,2167.21,2167.21,2163.57,2164.43,730.14757
2026-03-25 06:10:00,2164.43,2165.6,2164.43,2165.5,128.298942
2026-03-25 06:15:00,2165.54,2168.93,2164.53,2167.93,202.083445
2026-03-25 06:20:00,2168.0,2172.39,2168.0,2170.99,358.22087
2026-03-25 06:25:00,2171.06,2172.27,2170.56,2172.27,266.0729
2026-03-25 06:30:00,2172.26,2172.55,2169.48,2172.55,831.733901
2026-03-25 06:35:00,2172.55,2172.67,2169.96,2170.07,384.426379
2026-03-25 06:40:00,2170.07,2171.94,2169.91,2170.78,324.501948
2026-03-25 06:45:00,2170.81,2172.8,2170.71,2172.0,253.749165
2026-03-25 06:50:00,2171.99,2173.0,2170.27,2171.0,304.4885
2026-03-25 06:55:00,2171.05,2171.06,2163.19,2163.56,1248.353302
2026-03-25 07:00:00,2163.57,2167.58,2162.9,2165.54,428.266363
2026-03-25 07:05:00,2165.58,2167.48,2165.28,2167.33,122.605946
2026-03-25 07:10:00,2167.33,2172.49,2167.33,2172.11,467.725287
2026-03-25 07:15:00,2172.12,2172.12,2170.31,2170.65,264.005964
2026-03-25 07:20:00,2170.66,2171.17,2167.96,2169.2,355.082286
2026-03-25 07:25:00,2169.2,2170.0,2167.78,2167.99,275.779725
2026-03-25 07:30:00,2168.0,2172.24,2168.0,2171.76,393.851493
2026-03-25 07:35:00,2171.76,2174.75,2170.66,2173.84,459.735855
2026-03-25 07:40:00,2173.84,2177.45,2169.67,2170.16,740.170525
2026-03-25 07:45:00,2170.26,2170.79,2159.57,2166.46,1723.578145
2026-03-25 07:50:00,2166.46,2167.8,2164.64,2165.35,337.795693
2026-03-25 07:55:00,2165.36,2167.21,2163.64,2164.93,513.603996
2026-03-25 08:00:00,2164.93,2168.99,2164.93,2168.57,969.057469
2026-03-25 08:05:00,2168.58,2170.91,2165.07,2166.03,559.365753
2026-03-25 08:10:00,2166.05,2166.98,2164.48,2164.79,356.786233
2026-03-25 08:15:00,2164.82,2172.55,2164.82,2172.52,309.825324
2026-03-25 08:20:00,2172.35,2173.68,2170.01,2170.98,395.379322
2026-03-25 08:25:00,2170.98,2185.0,2170.01,2179.53,2428.4247
2026-03-25 08:30:00,2179.54,2190.82,2179.2,2188.2,2275.094199
2026-03-25 08:35:00,2188.09,2188.09,2179.18,2181.76,1313.179014
2026-03-25 08:40:00,2181.75,2184.75,2181.75,2183.56,533.509554
2026-03-25 08:45:00,2183.57,2183.57,2178.5,2178.75,556.096183
2026-03-25 08:50:00,2178.75,2179.28,2176.64,2176.64,258.486405
2026-03-25 08:55:00,2176.64,2177.68,2175.02,2176.63,295.638354
2026-03-25 09:00:00,2176.62,2178.93,2175.1,2178.31,249.970363
2026-03-25 09:05:00,2178.3,2180.42,2177.35,2180.42,274.280522
2026-03-25 09:10:00,2180.32,2181.19,2178.79,2179.68,405.747313
2026-03-25 09:15:00,2179.68,2181.31,2178.53,2179.98,164.518656
2026-03-25 09:20:00,2179.97,2184.23,2177.48,2179.11,665.502239
2026-03-25 09:25:00,2179.11,2184.25,2179.11,2180.7,589.797385
2026-03-25 09:30:00,2180.73,2182.83,2180.55,2181.88,371.427927
2026-03-25 09:35:00,2182.03,2183.61,2181.62,2182.58,274.642877
2026-03-25 09:40:00,2182.58,2183.0,2180.51,2180.96,255.645123
2026-03-25 09:45:00,2180.97,2181.29,2175.51,2178.81,314.408971
2026-03-25 09:50:00,2178.81,2181.19,2178.81,2181.1,300.676206
2026-03-25 09:55:00,2181.14,2189.0,2181.14,2186.42,990.597744
2026-03-25 10:00:00,2186.42,2188.8,2182.93,2183.95,741.517121
2026-03-25 10:05:00,2183.96,2187.79,2183.75,2187.04,344.616555
2026-03-25 10:10:00,2187.03,2188.56,2185.92,2186.21,329.728538
2026-03-25 10:15:00,2186.12,2187.87,2185.14,2185.78,202.664652
2026-03-25 10:20:00,2185.78,2187.55,2183.97,2184.29,223.406183
2026-03-25 10:25:00,2184.3,2187.44,2183.99,2184.42,476.499656
2026-03-25 10:30:00,2184.45,2185.92,2182.74,2183.6,615.802306
2026-03-25 10:35:00,2183.6,2184.87,2182.28,2182.6,350.19137
2026-03-25 10:40:00,2182.6,2182.99,2181.11,2182.57,207.896138
2026-03-25 10:45:00,2182.57,2187.84,2182.57,2185.54,387.895371
2026-03-25 10:50:00,2185.58,2187.58,2184.93,2186.85,209.08421
2026-03-25 10:55:00,2186.93,2187.11,2184.9,2185.25,171.123823
2026-03-25 11:00:00,2185.24,2186.61,2184.31,2184.73,338.599717
2026-03-25 11:05:00,2184.59,2186.12,2183.33,2185.38,315.028785
2026-03-25 11:10:00,2185.53,2187.17,2184.54,2186.93,354.90597
2026-03-25 11:15:00,2186.94,2189.9,2186.93,2189.58,505.754616
2026-03-25 11:20:00,2189.55,2196.65,2188.71,2190.19,2019.868142
2026-03-25 11:25:00,2190.38,2194.99,2189.85,2192.96,731.099885
2026-03-25 11:30:00,2192.96,2199.62,2192.21,2197.8,1867.133374
2026-03-25 11:35:00,2197.8,2199.3,2193.74,2196.54,628.740568
2026-03-25 11:40:00,2196.54,2196.92,2190.07,2191.11,449.418984
2026-03-25 11:45:00,2191.12,2191.35,2180.0,2183.51,1708.411518
2026-03-25 11:50:00,2183.51,2187.19,2182.58,2185.95,919.862783
2026-03-25 11:55:00,2185.99,2186.83,2184.62,2186.54,237.786166
2026-03-25 12:00:00,2186.35,2191.95,2186.34,2191.22,679.07002
2026-03-25 12:05:00,2191.21,2193.74,2189.09,2192.9,385.167838
2026-03-25 12:10:00,2192.9,2193.88,2190.01,2190.72,310.012302
2026-03-25 12:15:00,2190.74,2191.83,2176.13,2177.86,1557.522313
2026-03-25 12:20:00,2177.86,2178.05,2166.85,2172.57,2072.229115
2026-03-25 12:25:00,2172.49,2174.72,2168.16,2172.18,2385.64593
2026-03-25 12:30:00,2172.17,2174.32,2165.01,2173.21,885.810007
2026-03-25 12:35:00,2173.33,2174.9,2171.21,2174.58,340.964979
2026-03-25 12:40:00,2174.64,2178.9,2172.06,2172.31,654.547424
2026-03-25 12:45:00,2172.31,2173.67,2171.01,2171.95,463.536858
2026-03-25 12:50:00,2171.96,2176.57,2170.24,2176.03,342.336666
2026-03-25 12:55:00,2176.09,2195.09,2175.47,2183.48,2723.261821
2026-03-25 13:00:00,2183.69,2189.21,2179.65,2184.97,677.895504
2026-03-25 13:05:00,2184.98,2186.19,2181.97,2182.08,250.122781
2026-03-25 13:10:00,2182.08,2184.85,2181.53,2184.85,214.192761
2026-03-25 13:15:00,2184.84,2184.84,2181.04,2182.55,201.152883
2026-03-25 13:20:00,2182.5,2186.55,2182.5,2182.86,257.186133
2026-03-25 13:25:00,2182.86,2183.41,2181.31,2182.66,104.97823
2026-03-25 13:30:00,2182.65,2195.27,2182.35,2188.61,1337.512921
2026-03-25 13:35:00,2188.76,2198.22,2188.76,2192.64,806.63107
2026-03-25 13:40:00,2192.88,2197.01,2186.91,2188.94,755.827919
2026-03-25 13:45:00,2189.0,2193.25,2186.46,2186.9,360.133732
2026-03-25 13:50:00,2186.68,2190.9,2182.14,2186.18,536.30921
2026-03-25 13:55:00,2186.01,2190.0,2182.95,2184.32,330.752293
2026-03-25 14:00:00,2184.29,2188.17,2177.86,2181.78,823.128983
2026-03-25 14:05:00,2181.78,2182.81,2176.28,2182.34,493.527509
2026-03-25 14:10:00,2182.17,2182.41,2176.85,2179.05,589.943028
2026-03-25 14:15:00,2179.05,2184.39,2177.18,2178.14,326.811284
2026-03-25 14:20:00,2178.22,2184.04,2175.48,2176.4,356.699922
2026-03-25 14:25:00,2176.43,2183.65,2175.94,2179.98,306.281467
2026-03-25 14:30:00,2180.0,2184.99,2177.97,2184.36,140.221555
2026-03-25 14:35:00,2184.23,2186.15,2178.0,2179.23,274.757428
2026-03-25 14:40:00,2179.36,2180.99,2178.14,2178.68,101.365899
2026-03-25 14:45:00,2178.68,2180.72,2174.38,2179.48,676.328518
2026-03-25 14:50:00,2179.27,2180.49,2176.27,2176.53,64.228096
2026-03-25 14:55:00,2176.26,2177.39,2173.33,2174.25,157.364846
2026-03-25 15:00:00,2174.26,2176.92,2173.69,2175.08,153.239703
2026-03-25 15:05:00,2175.18,2176.1,2162.0,2163.03,1165.305814
2026-03-25 15:10:00,2163.18,2167.17,2158.03,2161.08,840.511433
2026-03-25 15:15:00,2161.02,2163.94,2148.0,2152.82,1607.137515
2026-03-25 15:20:00,2152.82,2164.23,2152.82,2163.52,778.986945
2026-03-25 15:25:00,2163.52,2167.35,2161.78,2166.0,355.218779
2026-03-25 15:30:00,2166.0,2167.99,2162.53,2162.94,380.89238
2026-03-25 15:35:00,2162.95,2163.66,2158.0,2159.06,319.251334
2026-03-25 15:40:00,2158.94,2162.71,2158.0,2162.27,299.960438
2026-03-25 15:45:00,2162.28,2164.25,2159.27,2163.44,582.592329
2026-03-25 15:50:00,2163.45,2165.21,2162.01,2163.97,152.185011
2026-03-25 15:55:00,2163.86,2165.88,2161.8,2162.53,143.114133
2026-03-25 16:00:00,2162.5,2163.4,2159.75,2160.39,448.53959
2026-03-25 16:05:00,2160.38,2163.99,2156.19,2163.36,331.823077
2026-03-25 16:10:00,2163.42,2163.55,2158.79,2160.11,143.875598
2026-03-25 16:15:00,2160.11,2161.88,2158.3,2161.88,127.415661
2026-03-25 16:20:00,2161.88,2167.49,2161.04,2167.49,279.372185
2026-03-25 16:25:00,2167.49,2186.5,2167.14,2175.73,3292.994222
2026-03-25 16:30:00,2175.79,2181.53,2172.15,2177.02,1276.824235
2026-03-25 16:35:00,2177.08,2182.5,2175.78,2182.17,371.416044
2026-03-25 16:40:00,2182.03,2182.22,2177.89,2178.02,277.922359
2026-03-25 16:45:00,2178.01,2178.58,2172.84,2174.34,476.656655
2026-03-25 16:50:00,2174.34,2176.85,2171.56,2176.34,219.692211
2026-03-25 16:55:00,2176.36,2177.16,2173.45,2173.81,76.340402
2026-03-25 17:00:00,2173.81,2176.44,2171.89,2173.33,324.675381
2026-03-25 17:05:00,2173.41,2173.41,2170.1,2170.1,219.711824
2026-03-25 17:10:00,2170.08,2171.43,2168.37,2170.92,268.901477
2026-03-25 17:15:00,2170.76,2171.08,2165.14,2167.24,255.209052
2026-03-25 17:20:00,2167.2,2171.03,2166.13,2168.96,178.502283
2026-03-25 17:25:00,2168.97,2174.36,2168.49,2168.79,223.971653
2026-03-25 17:30:00,2168.8,2169.01,2165.57,2167.14,92.778445
2026-03-25 17:35:00,2167.14,2169.44,2162.5,2164.12,236.978189
2026-03-25 17:40:00,2164.04,2169.05,2163.5,2164.99,172.375997
2026-03-25 17:45:00,2165.29,2167.69,2164.25,2164.93,62.607781
2026-03-25 17:50:00,2165.05,2166.67,2161.25,2161.71,226.543521
2026-03-25 17:55:00,2161.68,2166.58,2160.24,2164.14,363.339955
2026-03-25 18:00:00,2164.14,2166.25,2163.11,2166.0,126.957427
2026-03-25 18:05:00,2166.04,2169.53,2165.62,2166.26,171.734936
2026-03-25 18:10:00,2166.27,2170.39,2166.02,2168.89,676.365013
2026-03-25 18:15:00,2168.89,2172.29,2168.66,2169.9,165.186663
2026-03-25 18:20:00,2169.9,2173.74,2169.9,2172.1,191.431548
2026-03-25 18:25:00,2172.1,2173.18,2168.49,2169.54,177.972836
2026-03-25 18:30:00,2169.55,2170.98,2167.7,2168.29,65.139105
2026-03-25 18:35:00,2168.29,2169.31,2165.77,2166.77,73.635241
2026-03-25 18:40:00,2166.67,2166.75,2163.29,2164.32,64.431654
2026-03-25 18:45:00,2164.32,2166.01,2164.0,2165.34,88.031603
2026-03-25 18:50:00,2165.43,2168.01,2165.16,2168.01,65.53825
2026-03-25 18:55:00,2168.02,2168.02,2157.72,2162.33,454.894747
2026-03-25 19:00:00,2162.38,2169.55,2159.43,2169.01,699.748551
2026-03-25 19:05:00,2169.02,2169.55,2165.44,2166.25,79.214926
2026-03-25 19:10:00,2166.26,2169.34,2163.77,2169.34,297.618492
2026-03-25 19:15:00,2169.35,2170.83,2168.71,2170.51,92.111048
2026-03-25 19:20:00,2170.5,2173.45,2169.69,2171.47,229.947592
2026-03-25 19:25:00,2171.47,2172.63,2168.75,2170.92,169.591771
2026-03-25 19:30:00,2170.94,2171.94,2169.64,2171.48,89.173537
2026-03-25 19:35:00,2171.54,2175.19,2169.22,2174.8,173.430552
2026-03-25 19:40:00,2174.79,2176.71,2171.4,2171.94,122.717491
2026-03-25 19:45:00,2171.84,2172.69,2170.0,2172.01,66.131545
2026-03-25 19:50:00,2172.04,2175.1,2171.31,2172.21,128.411932
2026-03-25 19:55:00,2172.22,2172.98,2168.01,2172.98,172.172211
2026-03-25 20:00:00,2172.98,2173.39,2167.17,2167.17,212.68265
2026-03-25 20:05:00,2167.17,2167.72,2165.68,2165.92,132.518316
2026-03-25 20:10:00,2165.92,2166.89,2165.31,2166.04,86.398016
2026-03-25 20:15:00,2166.04,2168.59,2166.04,2167.95,193.540452
2026-03-25 20:20:00,2167.95,2167.95,2163.3,2163.5,133.298955
2026-03-25 20:25:00,2163.59,2163.59,2159.39,2161.56,687.096656
2026-03-25 20:30:00,2161.47,2162.57,2160.59,2161.38,46.930866
2026-03-25 20:35:00,2161.38,2163.98,2160.97,2163.63,82.923233
2026-03-25 20:40:00,2163.63,2166.0,2162.64,2166.0,68.753631
2026-03-25 20:45:00,2166.0,2166.94,2164.62,2166.57,71.024835
2026-03-25 20:50:00,2166.56,2167.68,2166.47,2167.51,172.413909
2026-03-25 20:55:00,2167.6,2167.6,2166.29,2166.78,27.987393
2026-03-25 21:00:00,2166.79,2166.79,2164.37,2166.51,92.717789
2026-03-25 21:05:00,2166.49,2168.14,2164.73,2167.37,47.356204
2026-03-25 21:10:00,2167.37,2169.18,2167.17,2169.18,421.697767
2026-03-25 21:15:00,2169.18,2169.55,2166.77,2168.7,263.378431
2026-03-25 21:20:00,2168.69,2168.69,2166.05,2166.19,20.987014
2026-03-25 21:25:00,2166.2,2166.62,2162.07,2164.15,179.963308
2026-03-25 21:30:00,2164.15,2164.95,2162.58,2163.84,19.667585
2026-03-25 21:35:00,2163.84,2165.04,2163.29,2165.04,28.305963
2026-03-25 21:40:00,2165.04,2165.86,2163.59,2163.79,34.568718
2026-03-25 21:45:00,2163.78,2165.25,2162.17,2162.17,63.001756
2026-03-25 21:50:00,2162.17,2163.94,2162.07,2163.32,90.072265
2026-03-25 21:55:00,2163.32,2164.16,2162.61,2163.9,50.765639
2026-03-25 22:00:00,2163.9,2167.67,2163.9,2167.03,197.857453
2026-03-25 22:05:00,2167.03,2167.19,2161.88,2161.88,32.701503
2026-03-25 22:10:00,2161.85,2164.75,2161.44,2163.5,91.214094
2026-03-25 22:15:00,2163.4,2164.09,2161.72,2164.0,86.367169
2026-03-25 22:20:00,2163.99,2165.54,2163.36,2164.61,67.847687
2026-03-25 22:25:00,2164.61,2166.25,2163.42,2163.8,61.748529
2026-03-25 22:30:00,2164.01,2178.57,2163.37,2175.18,1627.778787
2026-03-25 22:35:00,2175.12,2178.54,2172.73,2172.77,319.194415
2026-03-25 22:40:00,2172.78,2183.88,2172.53,2175.45,987.399957
2026-03-25 22:45:00,2175.45,2177.93,2175.03,2175.18,239.680745
2026-03-25 22:50:00,2175.18,2176.12,2173.15,2173.95,90.033639
2026-03-25 22:55:00,2173.95,2175.66,2172.73,2174.59,297.795481
2026-03-25 23:00:00,2174.56,2177.22,2173.37,2176.62,209.742234
2026-03-25 23:05:00,2176.63,2178.94,2174.78,2176.12,357.533061
2026-03-25 23:10:00,2176.11,2177.61,2173.48,2173.48,126.170077
2026-03-25 23:15:00,2173.48,2173.48,2170.19,2171.12,126.321146
2026-03-25 23:20:00,2171.06,2173.5,2170.22,2173.19,83.83445
2026-03-25 23:25:00,2173.15,2175.03,2172.67,2173.45,74.439075
2026-03-25 23:30:00,2173.45,2173.61,2170.46,2171.28,343.791456
2026-03-25 23:35:00,2171.28,2172.76,2167.87,2167.87,321.32668
2026-03-25 23:40:00,2167.88,2168.88,2165.0,2166.03,309.547757
2026-03-25 23:45:00,2166.02,2168.5,2164.71,2166.52,211.936692
2026-03-25 23:50:00,2166.53,2169.91,2166.16,2169.52,212.507557
2026-03-25 23:55:00,2169.52,2170.3,2168.67,2169.26,81.47286
2026-03-26 00:00:00,2169.28,2170.43,2167.48,2167.5,174.338243
2026-03-26 00:05:00,2167.5,2169.02,2166.47,2166.52,228.804148
2026-03-26 00:10:00,2166.47,2167.02,2165.02,2166.98,61.838621
2026-03-26 00:15:00,2167.0,2171.18,2165.06,2165.06,297.166499
2026-03-26 00:20:00,2165.01,2167.09,2164.64,2166.55,126.370986
2026-03-26 00:25:00,2166.51,2166.51,2164.37,2166.0,39.840124
2026-03-26 00:30:00,2166.01,2169.06,2165.11,2166.6,110.326446
2026-03-26 00:35:00,2166.6,2169.46,2166.6,2167.04,30.868588
2026-03-26 00:40:00,2167.13,2168.18,2166.49,2167.99,33.651711
2026-03-26 00:45:00,2167.8,2172.3,2167.51,2171.39,135.926346
2026-03-26 00:50:00,2171.57,2171.64,2163.93,2164.16,132.191582
2026-03-26 00:55:00,2164.29,2166.85,2162.52,2166.51,123.71414
2026-03-26 01:00:00,2166.51,2169.4,2166.51,2167.49,53.986822
2026-03-26 01:05:00,2167.45,2167.81,2162.41,2163.35,156.17126
2026-03-26 01:10:00,2163.35,2164.8,2162.37,2163.8,157.736516
2026-03-26 01:15:00,2163.8,2163.8,2160.29,2162.72,596.49846
2026-03-26 01:20:00,2162.7,2165.6,2162.7,2165.31,62.277976
2026-03-26 01:25:00,2165.27,2168.62,2164.85,2167.02,147.197712
2026-03-26 01:30:00,2167.1,2169.71,2166.35,2167.65,389.313686
2026-03-26 01:35:00,2167.66,2170.0,2165.71,2166.99,325.008406
2026-03-26 01:40:00,2167.09,2167.34,2164.48,2164.65,99.984005
2026-03-26 01:45:00,2164.65,2166.08,2163.85,2163.86,254.556666
2026-03-26 01:50:00,2163.86,2165.59,2162.65,2164.37,230.859694
2026-03-26 01:55:00,2164.48,2166.67,2163.91,2165.04,49.272454
2026-03-26 02:00:00,2165.04,2165.9,2164.25,2165.37,53.379965
2026-03-26 02:05:00,2165.37,2165.37,2159.05,2160.85,515.13612
2026-03-26 02:10:00,2160.84,2161.95,2158.17,2160.0,482.433198
2026-03-26 02:15:00,2160.01,2160.34,2154.09,2154.68,500.018072
2026-03-26 02:20:00,2154.65,2156.5,2152.38,2153.71,368.555049
2026-03-26 02:25:00,2153.71,2156.0,2153.71,2154.19,200.449027
2026-03-26 02:30:00,2154.15,2154.51,2143.73,2148.36,1210.619838
2026-03-26 02:35:00,2148.36,2149.22,2144.71,2146.0,355.751612
2026-03-26 02:40:00,2146.0,2149.63,2145.91,2149.32,240.032088
2026-03-26 02:45:00,2149.32,2150.85,2148.76,2150.59,397.01011
2026-03-26 02:50:00,2150.59,2150.85,2147.28,2148.1,204.880244
2026-03-26 02:55:00,2148.1,2150.5,2148.01,2150.2,236.911413
2026-03-26 03:00:00,2150.01,2150.01,2145.16,2146.28,326.315238
2026-03-26 03:05:00,2146.15,2149.65,2144.72,2149.65,158.974107
2026-03-26 03:10:00,2149.71,2155.77,2149.71,2155.76,336.825088
2026-03-26 03:15:00,2155.76,2155.76,2151.28,2152.0,294.853605
2026-03-26 03:20:00,2152.0,2152.24,2145.83,2148.4,658.378107
2026-03-26 03:25:00,2148.4,2149.94,2146.8,2147.97,473.020298
2026-03-26 03:30:00,2148.0,2150.99,2147.85,2150.99,407.205408
2026-03-26 03:35:00,2150.99,2152.74,2150.35,2152.74,115.964726
2026-03-26 03:40:00,2152.74,2153.69,2152.26,2152.35,267.696925
2026-03-26 03:45:00,2152.3,2152.8,2150.91,2151.26,157.109695
2026-03-26 03:50:00,2151.26,2153.77,2150.4,2153.77,136.364289
2026-03-26 03:55:00,2153.77,2154.37,2153.16,2153.35,181.099424
2026-03-26 04:00:00,2153.36,2153.93,2151.56,2151.56,172.169974
2026-03-26 04:05:00,2151.56,2153.03,2150.7,2151.55,186.658714
2026-03-26 04:10:00,2151.55,2151.7,2148.15,2148.71,227.071248
2026-03-26 04:15:00,2148.71,2149.36,2148.02,2148.38,154.640836
2026-03-26 04:20:00,2148.59,2151.54,2148.59,2150.38,217.591705
2026-03-26 04:25:00,2150.38,2153.21,2150.38,2152.76,120.168022
2026-03-26 04:30:00,2152.75,2153.87,2151.5,2152.36,152.747353
2026-03-26 04:35:00,2152.36,2154.25,2152.35,2153.62,217.820379
2026-03-26 04:40:00,2153.62,2154.39,2151.56,2152.45,564.96474
2026-03-26 04:45:00,2152.45,2154.55,2152.14,2154.05,165.731898
2026-03-26 04:50:00,2154.05,2154.05,2150.86,2150.86,333.152015
2026-03-26 04:55:00,2150.86,2150.86,2148.75,2149.65,165.939781
2026-03-26 05:00:00,2149.66,2151.37,2148.48,2149.34,237.079653
2026-03-26 05:05:00,2149.19,2149.29,2137.91,2141.25,1423.021502
2026-03-26 05:10:00,2141.24,2141.97,2138.31,2141.06,715.155105
2026-03-26 05:15:00,2141.05,2141.7,2139.73,2141.14,639.448695
2026-03-26 05:20:00,2141.12,2143.6,2141.12,2142.6,535.646404
2026-03-26 05:25:00,2142.69,2143.16,2137.75,2142.6,504.635135
2026-03-26 05:30:00,2142.61,2143.9,2141.46,2143.39,323.361243
2026-03-26 05:35:00,2143.39,2145.36,2142.3,2143.19,569.92701
2026-03-26 05:40:00,2143.19,2143.19,2128.0,2130.55,2557.864035
2026-03-26 05:45:00,2130.55,2131.24,2122.69,2128.44,1814.644521
2026-03-26 05:50:00,2128.45,2128.45,2117.69,2118.31,2075.716623
2026-03-26 05:55:00,2118.3,2120.28,2113.8,2120.1,1732.753708
2026-03-26 06:00:00,2120.01,2120.01,2112.5,2117.7,1256.775806
2026-03-26 06:05:00,2117.7,2121.65,2115.11,2121.1,787.152527
2026-03-26 06:10:00,2121.11,2121.28,2117.59,2121.28,480.799191
2026-03-26 06:15:00,2121.36,2124.98,2119.87,2124.98,656.874702
2026-03-26 06:20:00,2124.95,2125.09,2120.0,2120.15,763.841441
2026-03-26 06:25:00,2120.14,2123.1,2117.75,2123.09,414.115272
2026-03-26 06:30:00,2123.09,2124.79,2122.01,2122.75,364.592684
2026-03-26 06:35:00,2122.75,2123.05,2120.21,2121.83,298.56139
2026-03-26 06:40:00,2121.84,2122.64,2120.05,2120.05,215.155678
2026-03-26 06:45:00,2120.06,2122.01,2118.5,2121.99,308.758501
2026-03-26 06:50:00,2121.99,2123.51,2121.5,2122.09,195.013121
2026-03-26 06:55:00,2122.1,2123.8,2121.62,2122.35,353.112286
2026-03-26 07:00:00,2122.36,2125.09,2120.02,2122.96,734.424788
2026-03-26 07:05:00,2122.95,2123.1,2120.08,2122.95,385.882749
2026-03-26 07:10:00,2122.95,2123.26,2120.01,2120.29,272.947609
2026-03-26 07:15:00,2120.3,2121.71,2120.01,2120.25,367.224872
2026-03-26 07:20:00,2120.21,2122.95,2115.16,2120.16,1565.620585
2026-03-26 07:25:00,2120.15,2120.48,2117.51,2117.99,275.696018
2026-03-26 07:30:00,2117.99,2118.28,2113.18,2118.11,1317.600162
2026-03-26 07:35:00,2118.1,2121.7,2117.73,2121.5,521.009579
2026-03-26 07:40:00,2121.5,2123.09,2120.01,2120.92,596.321801
2026-03-26 07:45:00,2120.93,2122.25,2120.61,2122.13,300.077019
2026-03-26 07:50:00,2122.12,2124.81,2122.12,2124.59,455.950988
2026-03-26 07:55:00,2124.69,2124.69,2123.15,2123.91,681.341045
2026-03-26 08:00:00,2123.9,2124.99,2122.5,2123.85,395.878225
2026-03-26 08:05:00,2123.85,2127.27,2122.86,2123.35,560.968484
2026-03-26 08:10:00,2123.31,2123.31,2117.0,2117.47,260.918862
2026-03-26 08:15:00,2117.66,2120.97,2116.22,2117.11,411.869465
2026-03-26 08:20:00,2117.11,2118.49,2113.84,2117.09,497.037961
2026-03-26 08:25:00,2117.09,2119.0,2116.01,2116.01,351.805729
2026-03-26 08:30:00,2115.97,2117.08,2114.57,2116.61,450.42074
2026-03-26 08:35:00,2116.61,2119.14,2116.0,2116.07,125.021693
2026-03-26 08:40:00,2116.07,2118.14,2114.61,2116.54,421.311844
2026-03-26 08:45:00,2116.55,2121.88,2115.86,2118.68,441.711222
2026-03-26 08:50:00,2118.9,2121.2,2117.86,2119.46,276.967213
2026-03-26 08:55:00,2119.45,2121.09,2118.91,2119.98,152.980489
2026-03-26 09:00:00,2119.85,2120.02,2116.41,2118.21,142.096631
2026-03-26 09:05:00,2118.2,2122.67,2117.36,2120.21,577.443949
2026-03-26 09:10:00,2120.41,2122.14,2118.35,2119.0,107.133765
2026-03-26 09:15:00,2119.06,2119.06,2115.02,2117.28,460.181624
2026-03-26 09:20:00,2117.29,2118.29,2116.5,2116.69,190.493598
2026-03-26 09:25:00,2116.69,2118.58,2115.8,2117.26,220.309496
2026-03-26 09:30:00,2117.17,2117.17,2075.0,2079.09,11560.723959
2026-03-26 09:35:00,2079.1,2086.85,2077.67,2080.58,1217.199109
2026-03-26 09:40:00,2080.55,2085.15,2080.05,2084.24,991.434647
2026-03-26 09:45:00,2084.23,2084.31,2077.45,2078.12,869.592833
2026-03-26 09:50:00,2078.19,2083.72,2078.1,2083.01,484.570684
2026-03-26 09:55:00,2083.28,2084.88,2082.45,2082.81,434.436558
2026-03-26 10:00:00,2082.82,2083.02,2076.85,2078.34,1091.779506
2026-03-26 10:05:00,2078.34,2082.2,2075.77,2076.46,497.770249
2026-03-26 10:10:00,2076.59,2078.25,2073.06,2077.42,709.297593
2026-03-26 10:15:00,2077.47,2081.87,2077.36,2080.86,503.799527
2026-03-26 10:20:00,2080.86,2083.2,2080.33,2082.11,212.488154
2026-03-26 10:25:00,2082.11,2083.89,2081.96,2083.06,293.228513
2026-03-26 10:30:00,2083.06,2083.58,2080.0,2080.67,657.440721
2026-03-26 10:35:00,2080.69,2080.74,2075.01,2075.79,575.362109
2026-03-26 10:40:00,2075.78,2078.52,2075.0,2077.22,235.66283
2026-03-26 10:45:00,2077.21,2078.79,2076.55,2077.96,213.803243
2026-03-26 10:50:00,2078.06,2078.87,2077.6,2078.06,124.500086
2026-03-26 10:55:00,2078.06,2078.88,2077.76,2078.84,231.714065
2026-03-26 11:00:00,2078.84,2081.55,2077.65,2080.21,269.816707
2026-03-26 11:05:00,2080.21,2081.04,2074.48,2078.07,522.566447
2026-03-26 11:10:00,2078.12,2078.31,2063.08,2071.59,2459.501037
2026-03-26 11:15:00,2071.6,2073.29,2070.0,2072.92,218.275086
2026-03-26 11:20:00,2072.81,2073.6,2067.61,2068.02,466.696759
2026-03-26 11:25:00,2068.02,2069.61,2064.86,2068.42,618.84437
2026-03-26 11:30:00,2068.43,2071.39,2068.0,2070.41,300.285419
2026-03-26 11:35:00,2070.36,2073.75,2070.25,2073.44,454.639952
2026-03-26 11:40:00,2073.41,2074.19,2071.35,2071.44,307.439392
2026-03-26 11:45:00,2071.44,2073.77,2069.55,2069.95,249.330721
2026-03-26 11:50:00,2069.95,2072.0,2069.0,2071.54,172.685686
2026-03-26 11:55:00,2071.53,2071.53,2067.8,2068.75,393.413823
2026-03-26 12:00:00,2068.76,2072.3,2067.01,2070.45,672.897169
2026-03-26 12:05:00,2070.46,2071.8,2066.01,2071.01,460.058156
2026-03-26 12:10:00,2071.01,2073.14,2070.9,2071.9,347.690322
2026-03-26 12:15:00,2071.95,2073.55,2070.52,2071.82,532.797004
2026-03-26 12:20:00,2071.97,2073.0,2071.38,2071.59,171.893795
2026-03-26 12:25:00,2071.58,2072.97,2070.59,2071.8,307.922183
2026-03-26 12:30:00,2071.79,2074.67,2069.0,2069.0,624.588482
2026-03-26 12:35:00,2069.0,2073.0,2067.0,2072.4,290.291853
2026-03-26 12:40:00,2072.15,2073.94,2070.89,2072.25,323.757731
2026-03-26 12:45:00,2072.26,2075.76,2072.26,2074.02,501.934597
2026-03-26 12:50:00,2073.9,2074.56,2071.56,2072.83,162.141434
2026-03-26 12:55:00,2072.83,2074.5,2072.25,2073.67,142.541284
2026-03-26 13:00:00,2073.65,2075.57,2072.72,2073.39,498.337268
2026-03-26 13:05:00,2073.48,2079.83,2073.43,2078.05,509.395919
2026-03-26 13:10:00,2078.0,2079.74,2075.7,2079.24,319.90253
2026-03-26 13:15:00,2079.25,2080.77,2077.82,2079.32,449.606988
2026-03-26 13:20:00,2079.2,2080.16,2078.0,2078.5,225.84579
2026-03-26 13:25:00,2078.51,2079.15,2076.11,2076.81,266.42822
2026-03-26 13:30:00,2076.8,2079.65,2072.08,2072.32,574.86621
2026-03-26 13:35:00,2072.32,2080.78,2070.07,2072.1,813.910924
2026-03-26 13:40:00,2072.06,2083.85,2071.2,2083.85,735.021526
2026-03-26 13:45:00,2083.85,2094.0,2082.54,2084.59,2986.309729
2026-03-26 13:50:00,2084.56,2092.92,2083.61,2088.85,1632.4726
2026-03-26 13:55:00,2088.85,2089.21,2077.52,2081.33,1232.521287
2026-03-26 14:00:00,2081.21,2082.46,2076.78,2080.85,604.819676
2026-03-26 14:05:00,2080.82,2085.98,2078.0,2080.29,590.607015
2026-03-26 14:10:00,2080.31,2080.97,2076.55,2079.94,262.442648
2026-03-26 14:15:00,2079.94,2082.13,2075.7,2075.96,215.103153
2026-03-26 14:20:00,2075.7,2076.04,2072.36,2074.25,1045.47756
2026-03-26 14:25:00,2074.13,2080.85,2072.57,2076.06,284.366905
2026-03-26 14:30:00,2076.05,2085.6,2076.0,2084.22,506.658665
2026-03-26 14:35:00,2084.24,2084.33,2077.34,2079.21,258.031358
2026-03-26 14:40:00,2079.11,2085.23,2076.46,2077.33,390.405549
2026-03-26 14:45:00,2077.18,2078.62,2073.6,2075.38,246.174078
2026-03-26 14:50:00,2075.38,2077.16,2067.21,2070.65,755.509555
2026-03-26 14:55:00,2070.63,2078.91,2068.47,2076.3,697.691803
2026-03-26 15:00:00,2076.25,2077.34,2072.45,2072.47,199.269989
2026-03-26 15:05:00,2072.46,2076.0,2064.98,2069.55,858.535929
2026-03-26 15:10:00,2069.55,2070.32,2058.71,2059.4,1926.246533
2026-03-26 15:15:00,2059.41,2063.99,2051.71,2062.73,2355.927884
2026-03-26 15:20:00,2062.72,2066.66,2062.01,2066.62,431.945231
2026-03-26 15:25:00,2066.66,2068.45,2065.51,2065.85,259.871693
2026-03-26 15:30:00,2065.87,2067.82,2062.68,2064.63,588.647552
2026-03-26 15:35:00,2064.63,2066.01,2063.0,2065.59,536.114934
2026-03-26 15:40:00,2065.57,2067.44,2062.75,2064.34,236.60545
2026-03-26 15:45:00,2064.35,2070.6,2063.31,2068.81,446.653477
2026-03-26 15:50:00,2068.81,2076.06,2067.91,2072.85,1060.395704
2026-03-26 15:55:00,2072.95,2073.07,2069.8,2070.46,600.466523
2026-03-26 16:00:00,2070.44,2070.99,2067.06,2068.66,272.256886
2026-03-26 16:05:00,2068.65,2071.14,2067.33,2069.26,184.921156
2026-03-26 16:10:00,2069.3,2070.79,2066.44,2070.06,218.101026
2026-03-26 16:15:00,2070.05,2070.4,2063.79,2069.39,358.661529
2026-03-26 16:20:00,2069.4,2069.77,2065.12,2069.33,175.52755
2026-03-26 16:25:00,2069.23,2069.23,2064.55,2064.85,303.283005
2026-03-26 16:30:00,2064.81,2067.52,2063.28,2067.45,254.570209
2026-03-26 16:35:00,2067.53,2068.51,2063.81,2064.69,111.188225
2026-03-26 16:40:00,2064.69,2065.93,2063.18,2065.93,275.228461
2026-03-26 16:45:00,2065.81,2066.5,2061.62,2064.29,233.344718
2026-03-26 16:50:00,2064.19,2064.19,2061.5,2063.09,167.183599
2026-03-26 16:55:00,2063.13,2063.3,2060.0,2060.95,239.635434
2026-03-26 17:00:00,2060.95,2066.21,2060.15,2064.66,280.065961
2026-03-26 17:05:00,2064.72,2067.26,2063.45,2065.81,235.597502
2026-03-26 17:10:00,2065.8,2065.8,2062.72,2063.29,751.66291
2026-03-26 17:15:00,2063.16,2067.25,2063.01,2067.0,455.997243
2026-03-26 17:20:00,2066.99,2067.81,2065.06,2066.68,392.822515
2026-03-26 17:25:00,2066.68,2068.57,2065.19,2068.57,354.806599
2026-03-26 17:30:00,2068.58,2070.44,2068.05,2069.38,624.072549
2026-03-26 17:35:00,2069.42,2070.95,2067.54,2067.63,1074.18525
2026-03-26 17:40:00,2067.85,2068.61,2066.35,2067.26,410.813347
2026-03-26 17:45:00,2067.22,2067.51,2061.04,2062.04,937.633076
2026-03-26 17:50:00,2062.47,2062.47,2056.82,2060.04,1361.438873
2026-03-26 17:55:00,2060.04,2060.04,2045.0,2049.45,5129.69734
2026-03-26 18:00:00,2049.27,2055.86,2047.22,2047.77,1198.173218
2026-03-26 18:05:00,2047.66,2050.5,2043.78,2049.51,1238.073644
2026-03-26 18:10:00,2049.48,2051.12,2046.62,2050.74,355.571948
2026-03-26 18:15:00,2050.74,2050.74,2045.02,2045.41,1048.825776
2026-03-26 18:20:00,2045.23,2045.23,2037.63,2041.73,2157.074206
2026-03-26 18:25:00,2041.88,2042.62,2034.2,2037.4,1426.591238
2026-03-26 18:30:00,2037.4,2042.49,2036.71,2041.34,680.216278
2026-03-26 18:35:00,2041.37,2041.99,2039.73,2041.82,135.60319
2026-03-26 18:40:00,2041.81,2043.26,2041.21,2042.27,94.553656
2026-03-26 18:45:00,2042.17,2045.33,2041.08,2044.54,218.731028
2026-03-26 18:50:00,2044.57,2047.05,2043.15,2046.68,129.12448
2026-03-26 18:55:00,2046.8,2047.12,2044.2,2047.07,469.665545
2026-03-26 19:00:00,2046.99,2047.17,2043.33,2045.81,96.655674
2026-03-26 19:05:00,2045.77,2045.77,2040.25,2045.17,562.493716
2026-03-26 19:10:00,2045.08,2045.28,2042.91,2043.35,110.179337
2026-03-26 19:15:00,2043.41,2045.82,2043.23,2045.38,58.550367
2026-03-26 19:20:00,2045.38,2047.61,2044.9,2046.73,313.760994
2026-03-26 19:25:00,2046.76,2046.76,2040.22,2042.06,289.366813
2026-03-26 19:30:00,2042.06,2043.05,2039.04,2041.75,294.214123
2026-03-26 19:35:00,2041.85,2051.32,2041.85,2049.79,603.315643
2026-03-26 19:40:00,2049.79,2052.45,2049.53,2051.62,77.304434
2026-03-26 19:45:00,2051.62,2054.13,2050.73,2053.0,240.364344
2026-03-26 19:50:00,2052.9,2053.62,2048.18,2050.5,657.164233
2026-03-26 19:55:00,2050.5,2051.41,2046.89,2048.74,369.056812
2026-03-26 20:00:00,2048.74,2049.65,2046.84,2048.25,123.716081
2026-03-26 20:05:00,2048.24,2050.0,2046.34,2049.85,187.418195
2026-03-26 20:10:00,2050.0,2080.58,2050.0,2072.09,9239.705729
2026-03-26 20:15:00,2072.09,2075.58,2068.59,2072.67,610.516347
2026-03-26 20:20:00,2072.59,2078.4,2069.83,2074.14,742.830706
2026-03-26 20:25:00,2074.13,2074.81,2066.24,2068.7,732.856956
2026-03-26 20:30:00,2068.88,2073.25,2068.7,2069.17,188.552414
2026-03-26 20:35:00,2069.19,2072.11,2069.19,2071.58,47.287703
2026-03-26 20:40:00,2071.57,2071.57,2068.8,2071.47,124.386267
2026-03-26 20:45:00,2071.48,2071.53,2069.31,2069.88,135.88573
2026-03-26 20:50:00,2069.87,2069.88,2062.56,2063.85,216.936556
2026-03-26 20:55:00,2063.83,2065.11,2063.08,2065.1,140.39586
2026-03-26 21:00:00,2064.82,2064.83,2060.25,2062.25,396.531377
2026-03-26 21:05:00,2062.19,2065.03,2061.58,2063.66,101.060865
2026-03-26 21:10:00,2063.66,2066.6,2062.62,2065.65,313.244553
2026-03-26 21:15:00,2065.65,2067.98,2064.48,2067.97,109.494603
2026-03-26 21:20:00,2067.98,2077.04,2067.98,2074.96,576.322777
2026-03-26 21:25:00,2074.4,2074.7,2070.85,2073.49,406.736817
2026-03-26 21:30:00,2073.49,2075.1,2070.16,2072.08,172.087981
2026-03-26 21:35:00,2072.08,2073.06,2069.66,2069.98,118.765084
2026-03-26 21:40:00,2069.98,2072.95,2069.48,2070.87,143.780973
2026-03-26 21:45:00,2070.87,2071.44,2068.67,2071.01,156.886312
2026-03-26 21:50:00,2071.01,2071.24,2068.38,2069.18,146.017582
2026-03-26 21:55:00,2069.18,2071.12,2068.4,2068.4,97.815998
2026-03-26 22:00:00,2068.4,2071.53,2067.02,2068.51,133.789642
2026-03-26 22:05:00,2068.7,2071.7,2066.67,2068.2,68.642234
2026-03-26 22:10:00,2068.2,2073.13,2066.96,2069.29,365.706596
2026-03-26 22:15:00,2069.3,2069.89,2067.41,2068.65,44.186066
2026-03-26 22:20:00,2068.64,2069.78,2058.06,2062.15,884.412246
2026-03-26 22:25:00,2062.19,2065.22,2054.15,2062.59,455.428615
2026-03-26 22:30:00,2062.59,2064.24,2058.78,2063.45,390.770023
2026-03-26 22:35:00,2063.45,2064.2,2061.67,2063.36,81.135263
2026-03-26 22:40:00,2063.37,2065.3,2063.1,2064.74,46.741088
2026-03-26 22:45:00,2064.75,2065.67,2063.07,2064.3,59.908518
2026-03-26 22:50:00,2064.3,2065.39,2062.34,2064.81,217.623722
2026-03-26 22:55:00,2064.84,2065.68,2063.84,2065.68,41.051761
2026-03-26 23:00:00,2065.68,2069.64,2065.68,2069.27,121.577664
2026-03-26 23:05:00,2069.15,2069.51,2064.15,2064.16,146.491473
2026-03-26 23:10:00,2064.15,2064.79,2062.01,2063.2,162.756441
2026-03-26 23:15:00,2063.3,2065.8,2062.16,2065.8,62.554798
2026-03-26 23:20:00,2065.8,2066.08,2058.76,2059.74,379.736988
2026-03-26 23:25:00,2059.74,2061.84,2058.6,2061.84,306.427145
2026-03-26 23:30:00,2061.84,2062.14,2058.33,2059.4,394.264191
2026-03-26 23:35:00,2059.4,2061.79,2055.94,2056.45,798.3365
2026-03-26 23:40:00,2056.5,2059.4,2056.5,2059.4,83.073291
2026-03-26 23:45:00,2059.39,2060.5,2058.37,2060.5,88.411169
2026-03-26 23:50:00,2060.49,2061.98,2060.0,2060.53,216.498343
2026-03-26 23:55:00,2060.43,2061.07,2060.01,2060.16,72.377542
2026-03-27 00:00:00,2060.16,2062.14,2058.06,2061.06,260.668683
2026-03-27 00:05:00,2061.06,2067.26,2061.06,2066.84,397.466006
2026-03-27 00:10:00,2066.65,2067.55,2065.85,2066.65,152.094557
2026-03-27 00:15:00,2066.65,2067.88,2064.56,2065.51,113.840513
2026-03-27 00:20:00,2065.6,2066.31,2059.4,2062.47,149.214217
2026-03-27 00:25:00,2062.4,2063.0,2059.36,2060.36,88.96798
2026-03-27 00:30:00,2060.36,2062.72,2059.58,2062.0,118.667402
2026-03-27 00:35:00,2061.99,2062.83,2056.75,2059.62,191.189434
2026-03-27 00:40:00,2059.72,2066.32,2059.28,2062.39,236.711877
2026-03-27 00:45:00,2062.35,2062.35,2059.71,2061.59,160.128966
2026-03-27 00:50:00,2061.6,2066.63,2061.35,2065.35,150.431932
2026-03-27 00:55:00,2065.34,2066.64,2064.42,2065.21,41.611112
2026-03-27 01:00:00,2065.21,2068.32,2065.2,2066.16,223.606843
2026-03-27 01:05:00,2066.16,2067.69,2063.45,2066.82,121.92024
2026-03-27 01:10:00,2067.13,2070.78,2067.13,2069.25,87.397088
2026-03-27 01:15:00,2069.25,2071.42,2067.72,2069.73,360.256172
2026-03-27 01:20:00,2069.75,2073.2,2067.64,2071.46,192.480104
2026-03-27 01:25:00,2071.51,2072.76,2071.26,2071.75,91.337528
2026-03-27 01:30:00,2071.63,2073.52,2069.48,2069.8,306.701187
2026-03-27 01:35:00,2069.8,2070.74,2068.19,2069.55,49.298452
2026-03-27 01:40:00,2069.72,2071.69,2069.25,2070.83,37.790881
2026-03-27 01:45:00,2070.83,2072.89,2069.7,2072.63,64.660645
2026-03-27 01:50:00,2072.62,2072.62,2069.02,2071.43,619.173325
2026-03-27 01:55:00,2071.39,2074.69,2071.39,2074.26,231.330446
2026-03-27 02:00:00,2074.3,2076.96,2073.94,2075.6,409.874632
2026-03-27 02:05:00,2075.37,2076.01,2074.0,2076.01,124.756005
2026-03-27 02:10:00,2076.0,2077.39,2073.04,2073.25,174.638045
2026-03-27 02:15:00,2073.25,2073.35,2070.68,2071.51,63.561997
2026-03-27 02:20:00,2071.5,2072.51,2070.32,2071.67,524.317926
2026-03-27 02:25:00,2071.61,2073.04,2070.41,2072.98,45.294522
2026-03-27 02:30:00,2072.9,2075.99,2072.59,2073.15,163.949637
2026-03-27 02:35:00,2073.13,2073.53,2070.27,2070.44,109.89563
2026-03-27 02:40:00,2070.44,2070.82,2067.83,2069.56,211.606782
2026-03-27 02:45:00,2069.56,2070.57,2068.11,2068.92,85.58319
2026-03-27 02:50:00,2069.03,2070.66,2069.02,2070.08,41.626142
2026-03-27 02:55:00,2070.05,2070.59,2067.13,2068.02,81.671837
2026-03-27 03:00:00,2068.02,2069.09,2067.05,2067.76,49.060184
2026-03-27 03:05:00,2067.76,2067.77,2059.45,2061.85,640.021899
2026-03-27 03:10:00,2061.98,2063.43,2060.5,2061.84,172.014898
2026-03-27 03:15:00,2061.85,2063.5,2061.44,2063.37,43.724692
2026-03-27 03:20:00,2063.4,2064.34,2059.76,2060.49,107.800989
2026-03-27 03:25:00,2060.46,2063.88,2060.46,2063.37,33.657639
2026-03-27 03:30:00,2063.38,2064.29,2062.2,2063.29,29.914503
2026-03-27 03:35:00,2063.29,2065.44,2059.35,2063.95,405.692085
2026-03-27 03:40:00,2063.95,2064.99,2063.12,2063.16,41.131072
2026-03-27 03:45:00,2063.16,2063.17,2061.63,2062.68,28.117297
2026-03-27 03:50:00,2062.61,2063.74,2061.7,2062.84,293.983476
2026-03-27 03:55:00,2062.83,2062.83,2060.5,2061.56,117.711047
2026-03-27 04:00:00,2061.6,2062.1,2042.2,2049.9,3424.214651
2026-03-27 04:05:00,2049.9,2051.2,2044.26,2045.24,444.239582
2026-03-27 04:10:00,2045.24,2047.54,2043.73,2046.71,195.674464
2026-03-27 04:15:00,2046.71,2049.98,2045.01,2049.77,392.610199
2026-03-27 04:20:00,2049.78,2052.97,2049.78,2051.01,219.284091
2026-03-27 04:25:00,2051.01,2052.42,2050.54,2051.56,107.93083
2026-03-27 04:30:00,2051.56,2053.33,2050.03,2053.33,90.163126
2026-03-27 04:35:00,2053.33,2054.14,2052.25,2052.9,57.94296
2026-03-27 04:40:00,2052.9,2053.95,2051.44,2052.46,218.399829
2026-03-27 04:45:00,2052.46,2054.48,2052.45,2053.55,73.972433
2026-03-27 04:50:00,2053.55,2054.62,2052.2,2052.48,194.212339
2026-03-27 04:55:00,2052.48,2054.0,2052.26,2052.95,87.035669
2026-03-27 05:00:00,2053.05,2053.9,2051.92,2052.7,188.297722
2026-03-27 05:05:00,2052.7,2059.63,2052.27,2058.76,347.99034
2026-03-27 05:10:00,2058.75,2063.74,2058.0,2062.99,559.671797
2026-03-27 05:15:00,2063.0,2067.07,2063.0,2063.5,269.592481
2026-03-27 05:20:00,2063.49,2063.49,2059.5,2059.74,131.898754
2026-03-27 05:25:00,2059.66,2059.66,2056.91,2058.93,290.801189
2026-03-27 05:30:00,2058.93,2060.34,2056.44,2058.68,147.533551
2026-03-27 05:35:00,2058.68,2062.85,2058.68,2059.56,153.800216
2026-03-27 05:40:00,2059.51,2060.19,2057.11,2058.76,116.204171
2026-03-27 05:45:00,2058.76,2059.74,2058.21,2058.72,53.80098
2026-03-27 05:50:00,2058.66,2060.19,2057.71,2059.69,44.743768
2026-03-27 05:55:00,2059.7,2061.6,2059.7,2061.3,70.298188
2026-03-27 06:00:00,2061.31,2061.5,2059.81,2060.06,90.992718
2026-03-27 06:05:00,2060.05,2062.3,2058.51,2062.25,72.392281
2026-03-27 06:10:00,2062.24,2063.8,2060.66,2063.8,56.41024
2026-03-27 06:15:00,2063.8,2064.65,2063.15,2063.86,40.927675
2026-03-27 06:20:00,2063.86,2066.12,2062.71,2066.12,87.97466
2026-03-27 06:25:00,2066.12,2067.71,2063.52,2064.82,366.612442
2026-03-27 06:30:00,2064.82,2068.0,2064.1,2065.49,151.791201
2026-03-27 06:35:00,2065.49,2066.46,2063.75,2063.76,128.678519
2026-03-27 06:40:00,2063.76,2065.61,2063.3,2064.78,183.40573
2026-03-27 06:45:00,2064.78,2064.78,2061.32,2063.24,102.311279
2026-03-27 06:50:00,2063.24,2064.54,2062.82,2063.09,127.505333
2026-03-27 06:55:00,2063.31,2064.4,2062.02,2062.71,106.233549
2026-03-27 07:00:00,2062.71,2063.83,2062.16,2063.06,120.395419
2026-03-27 07:05:00,2063.05,2063.59,2060.06,2060.15,94.126814
2026-03-27 07:10:00,2060.15,2069.93,2058.99,2067.94,605.348027
2026-03-27 07:15:00,2067.99,2073.5,2066.32,2070.18,438.124378
2026-03-27 07:20:00,2070.0,2071.95,2068.52,2068.61,178.090952
2026-03-27 07:25:00,2068.6,2070.55,2068.12,2070.41,312.068572
2026-03-27 07:30:00,2070.49,2071.73,2066.69,2067.29,684.67787
2026-03-27 07:35:00,2067.2,2068.35,2065.54,2065.8,594.005786
2026-03-27 07:40:00,2065.79,2068.05,2062.5,2067.53,1254.737978
2026-03-27 07:45:00,2067.59,2069.9,2067.15,2069.44,573.799981
2026-03-27 07:50:00,2069.39,2070.79,2068.5,2070.16,364.750445
2026-03-27 07:55:00,2070.16,2070.17,2064.3,2065.97,610.490686
2026-03-27 08:00:00,2065.86,2069.65,2063.35,2065.35,480.992344
2026-03-27 08:05:00,2065.34,2066.19,2063.0,2063.44,338.152967
2026-03-27 08:10:00,2063.4,2064.2,2061.42,2063.09,236.948695
2026-03-27 08:15:00,2063.0,2064.29,2059.35,2059.41,773.46358
2026-03-27 08:20:00,2059.4,2060.5,2057.47,2059.27,449.571566
2026-03-27 08:25:00,2059.26,2059.55,2054.2,2054.22,879.708192
2026-03-27 08:30:00,2054.22,2057.5,2054.2,2056.49,309.820366
2026-03-27 08:35:00,2056.49,2056.91,2035.01,2037.39,4899.037775
2026-03-27 08:40:00,2037.3,2043.75,2033.57,2043.0,796.337824
2026-03-27 08:45:00,2042.89,2046.01,2042.57,2045.24,1007.330036
2026-03-27 08:50:00,2045.34,2053.48,2045.2,2049.01,802.21995
2026-03-27 08:55:00,2049.01,2050.0,2047.31,2047.6,178.484166
2026-03-27 09:00:00,2047.79,2049.51,2046.29,2046.96,453.443961
2026-03-27 09:05:00,2046.74,2047.0,2043.23,2043.24,192.294723
2026-03-27 09:10:00,2043.22,2043.84,2035.68,2041.5,642.893563
2026-03-27 09:15:00,2041.67,2048.0,2041.27,2045.51,598.565492
2026-03-27 09:20:00,2045.45,2046.8,2044.55,2045.95,618.121613
2026-03-27 09:25:00,2045.85,2051.62,2045.85,2050.38,187.748819
2026-03-27 09:30:00,2050.36,2050.36,2044.96,2045.86,409.325529
2026-03-27 09:35:00,2045.89,2047.46,2044.59,2046.03,120.569741
2026-03-27 09:40:00,2046.09,2046.66,2043.47,2044.27,140.611328
2026-03-27 09:45:00,2044.28,2046.98,2043.56,2045.86,626.680463
2026-03-27 09:50:00,2045.2,2047.01,2044.52,2045.16,93.81449
2026-03-27 09:55:00,2045.11,2045.29,2040.55,2040.96,326.555249
2026-03-27 10:00:00,2041.02,2043.87,2037.33,2040.88,238.697128
2026-03-27 10:05:00,2040.95,2043.03,2040.01,2041.21,126.250103
2026-03-27 10:10:00,2041.1,2041.65,2039.21,2039.9,147.596107
2026-03-27 10:15:00,2039.85,2042.42,2039.4,2039.78,90.117327
2026-03-27 10:20:00,2039.84,2043.41,2039.37,2041.86,222.158541
2026-03-27 10:25:00,2041.86,2044.58,2041.3,2043.15,116.793508
2026-03-27 10:30:00,2043.11,2044.23,2041.41,2042.24,181.159308
2026-03-27 10:35:00,2042.24,2042.24,2004.07,2010.81,11011.812963
2026-03-27 10:40:00,2010.64,2015.11,2006.34,2011.11,1327.450843
2026-03-27 10:45:00,2011.1,2013.18,2006.44,2010.07,1175.073448
2026-03-27 10:50:00,2010.0,2013.16,1980.25,1993.49,11257.769384
2026-03-27 10:55:00,1993.38,1993.97,1986.0,1991.27,3442.324868
2026-03-27 11:00:00,1991.2,1993.22,1981.99,1990.75,2193.204161
2026-03-27 11:05:00,1990.74,1995.71,1990.3,1990.3,1019.10563
2026-03-27 11:10:00,1990.25,1995.79,1990.25,1994.4,777.675626
2026-03-27 11:15:00,1994.41,1996.76,1991.26,1994.52,1467.708798
2026-03-27 11:20:00,1994.51,1996.2,1992.86,1993.9,428.335393
2026-03-27 11:25:00,1993.9,1997.94,1993.2,1997.0,432.740973
2026-03-27 11:30:00,1997.0,1998.25,1994.0,1995.66,820.34868
2026-03-27 11:35:00,1995.66,1996.39,1994.15,1995.29,372.559087
2026-03-27 11:40:00,1995.29,1996.37,1993.6,1994.85,397.006018
2026-03-27 11:45:00,1994.78,1997.0,1992.05,1994.51,896.900421
2026-03-27 11:50:00,1994.5,1995.98,1989.58,1992.68,923.869135
2026-03-27 11:55:00,1992.68,1993.54,1990.47,1991.53,452.351499
2026-03-27 12:00:00,1991.58,1992.13,1989.01,1990.17,435.122659
2026-03-27 12:05:00,1990.16,1993.43,1989.25,1990.85,1188.392216
2026-03-27 12:10:00,1990.85,1993.52,1989.27,1990.56,1548.757736
2026-03-27 12:15:00,1990.56,1992.14,1988.85,1991.05,327.967207
2026-03-27 12:20:00,1990.94,1991.36,1988.0,1988.97,559.831405
2026-03-27 12:25:00,1988.96,1989.6,1986.42,1987.42,727.50953
2026-03-27 12:30:00,1987.41,1988.66,1983.29,1983.64,737.495396
2026-03-27 12:35:00,1983.64,1989.49,1981.51,1987.93,291.090105
2026-03-27 12:40:00,1987.92,1988.16,1985.0,1988.08,291.955101
2026-03-27 12:45:00,1988.16,1991.09,1984.71,1985.06,794.311978
2026-03-27 12:50:00,1985.07,1988.6,1983.86,1988.01,416.856592
2026-03-27 12:55:00,1988.14,1989.85,1987.88,1989.16,251.509227
2026-03-27 13:00:00,1989.17,1993.05,1989.17,1991.98,770.510931
2026-03-27 13:05:00,1991.98,1991.98,1988.06,1988.51,467.957838
2026-03-27 13:10:00,1988.61,1990.94,1986.92,1990.08,211.882776
2026-03-27 13:15:00,1990.01,1992.84,1989.5,1992.24,262.623665
2026-03-27 13:20:00,1992.25,1997.0,1992.25,1995.72,536.122431
2026-03-27 13:25:00,1995.72,1996.82,1994.6,1995.57,878.380952
2026-03-27 13:30:00,1995.56,1997.14,1983.7,1984.6,3305.886125
2026-03-27 13:35:00,1984.65,1986.35,1966.88,1984.51,8281.472012
2026-03-27 13:40:00,1984.5,1989.52,1983.88,1987.11,1162.151942
2026-03-27 13:45:00,1986.99,1989.99,1983.9,1984.69,1006.778929
2026-03-27 13:50:00,1984.49,1984.5,1978.75,1980.01,1307.795388
2026-03-27 13:55:00,1980.01,1980.09,1973.79,1978.9,1267.339462
2026-03-27 14:00:00,1978.91,1984.56,1977.04,1984.32,1127.519617
2026-03-27 14:05:00,1984.35,1987.9,1984.0,1986.01,856.335875
2026-03-27 14:10:00,1986.0,1988.81,1982.35,1986.6,399.110167
2026-03-27 14:15:00,1986.52,1987.42,1980.12,1980.74,457.730967
2026-03-27 14:20:00,1980.76,1981.23,1972.61,1977.0,1873.975895
2026-03-27 14:25:00,1977.11,1978.73,1971.75,1973.65,631.420728
2026-03-27 14:30:00,1973.58,1977.9,1973.04,1977.24,709.009095
2026-03-27 14:35:00,1977.21,1981.77,1976.71,1978.16,1202.54408
2026-03-27 14:40:00,1978.17,1980.59,1977.4,1978.89,704.253791
2026-03-27 14:45:00,1978.9,1983.56,1976.0,1983.56,520.195318
2026-03-27 14:50:00,1983.56,1987.79,1983.12,1984.0,858.59991
2026-03-27 14:55:00,1984.0,1989.64,1984.0,1989.43,362.81213
2026-03-27 15:00:00,1989.32,1993.18,1989.23,1992.06,1002.982943
2026-03-27 15:05:00,1992.05,1994.49,1988.62,1992.33,498.791833
2026-03-27 15:10:00,1992.34,1993.78,1989.46,1989.7,412.61845
2026-03-27 15:15:00,1989.71,1991.82,1985.45,1985.6,742.780535
2026-03-27 15:20:00,1985.63,2000.73,1983.16,1994.05,2556.60619
2026-03-27 15:25:00,1994.02,1996.05,1991.36,1995.16,460.288627
2026-03-27 15:30:00,1995.2,2006.0,1994.0,2005.99,1795.473079
2026-03-27 15:35:00,2005.88,2009.99,2002.81,2003.98,3018.841901
2026-03-27 15:40:00,2003.98,2003.99,1998.44,2000.05,699.103361
2026-03-27 15:45:00,1999.67,2002.43,1995.71,1995.75,724.259117
2026-03-27 15:50:00,1995.75,1996.71,1989.04,1990.86,986.101775
2026-03-27 15:55:00,1990.9,1991.9,1988.83,1990.98,691.883679
2026-03-27 16:00:00,1990.88,1991.05,1984.66,1985.78,508.415943
2026-03-27 16:05:00,1985.79,1986.81,1981.73,1983.37,797.49821
2026-03-27 16:10:00,1983.37,1988.63,1983.3,1986.96,352.2627
2026-03-27 16:15:00,1986.96,1987.36,1983.46,1986.31,315.648542
2026-03-27 16:20:00,1986.31,1989.52,1982.37,1983.0,373.220318
2026-03-27 16:25:00,1983.0,1986.44,1981.33,1985.31,494.440321
2026-03-27 16:30:00,1985.34,1986.19,1983.12,1984.95,350.447474
2026-03-27 16:35:00,1984.99,1987.82,1980.05,1982.24,780.165083
2026-03-27 16:40:00,1982.25,1989.36,1980.2,1987.0,507.459875
2026-03-27 16:45:00,1987.0,1992.27,1986.55,1990.0,555.27189
2026-03-27 16:50:00,1989.95,1989.95,1984.46,1987.21,165.99189
2026-03-27 16:55:00,1987.2,1988.58,1985.85,1986.71,96.269569
2026-03-27 17:00:00,1986.71,1989.05,1984.8,1988.2,220.400699
2026-03-27 17:05:00,1988.2,1998.25,1987.9,1993.54,693.496632
2026-03-27 17:10:00,1993.54,1994.64,1991.69,1993.68,111.721272
2026-03-27 17:15:00,1993.64,1995.27,1988.24,1988.61,328.191099
2026-03-27 17:20:00,1988.6,1988.6,1982.4,1984.81,799.23946
2026-03-27 17:25:00,1984.81,1985.18,1982.56,1983.28,265.383955
2026-03-27 17:30:00,1983.42,1984.4,1980.18,1983.84,767.836345
2026-03-27 17:35:00,1983.8,1984.99,1981.95,1983.74,314.775897
2026-03-27 17:40:00,1983.74,1984.91,1976.03,1976.66,1169.265764
2026-03-27 17:45:00,1976.65,1980.37,1976.3,1977.74,494.086767
2026-03-27 17:50:00,1977.58,1979.04,1975.51,1977.3,282.588005
2026-03-27 17:55:00,1977.32,1978.46,1974.69,1977.16,288.176146
2026-03-27 18:00:00,1977.16,1980.49,1977.16,1978.7,155.548308
2026-03-27 18:05:00,1978.71,1982.95,1978.71,1980.44,186.532943
2026-03-27 18:10:00,1980.44,1981.71,1977.51,1978.85,200.090491
2026-03-27 18:15:00,1978.9,1985.13,1978.45,1983.85,354.807503
2026-03-27 18:20:00,1983.81,1985.65,1975.17,1976.34,401.616216
2026-03-27 18:25:00,1976.31,1980.75,1974.48,1980.21,1217.662901
2026-03-27 18:30:00,1980.21,1983.61,1979.1,1983.45,742.652402
2026-03-27 18:35:00,1983.53,1984.95,1981.86,1983.1,102.282071
2026-03-27 18:40:00,1983.06,1985.2,1979.18,1982.15,352.562058
2026-03-27 18:45:00,1982.15,1984.99,1981.76,1984.36,203.781761
2026-03-27 18:50:00,1984.31,1986.33,1983.11,1984.81,185.993754
2026-03-27 18:55:00,1984.76,1986.21,1983.66,1984.31,79.83654
2026-03-27 19:00:00,1984.31,1985.26,1980.81,1981.11,229.453346
2026-03-27 19:05:00,1981.3,1983.0,1978.93,1983.0,331.018411
2026-03-27 19:10:00,1982.99,1982.99,1980.9,1982.0,88.305529
2026-03-27 19:15:00,1981.99,1987.84,1981.39,1987.25,291.917062
2026-03-27 19:20:00,1987.4,1990.67,1986.06,1988.36,421.367285
2026-03-27 19:25:00,1988.3,1990.64,1986.72,1990.01,184.371424
2026-03-27 19:30:00,1990.1,1997.58,1990.1,1994.66,1419.205615
2026-03-27 19:35:00,1994.66,1995.75,1993.05,1993.63,168.015929
2026-03-27 19:40:00,1993.51,1993.76,1988.51,1989.4,395.792205
2026-03-27 19:45:00,1989.39,1991.03,1987.56,1991.03,127.888111
2026-03-27 19:50:00,1991.04,1991.85,1987.81,1990.69,212.084207
2026-03-27 19:55:00,1990.69,1995.82,1990.69,1991.36,531.030538
2026-03-27 20:00:00,1991.56,1994.33,1990.55,1994.0,190.351642
2026-03-27 20:05:00,1994.09,1996.0,1993.11,1993.68,175.033364
2026-03-27 20:10:00,1993.61,1994.49,1992.6,1993.19,72.216914
2026-03-27 20:15:00,1993.01,1994.3,1990.41,1992.36,215.722183
2026-03-27 20:20:00,1992.35,1992.36,1989.23,1989.71,136.201214
2026-03-27 20:25:00,1989.65,1989.95,1979.98,1983.4,2372.208259
2026-03-27 20:30:00,1983.5,1983.64,1981.26,1982.01,123.808396
2026-03-27 20:35:00,1982.01,1984.19,1981.56,1983.86,147.531971
2026-03-27 20:40:00,1984.04,1984.77,1981.91,1982.35,123.635365
2026-03-27 20:45:00,1982.34,1984.7,1981.35,1984.14,89.332691
2026-03-27 20:50:00,1984.1,1988.03,1983.82,1988.03,85.683649
2026-03-27 20:55:00,1988.05,1988.55,1985.22,1985.87,169.255047
2026-03-27 21:00:00,1986.0,1990.42,1985.8,1990.42,66.312631
2026-03-27 21:05:00,1990.43,1991.22,1989.56,1990.13,130.642044
2026-03-27 21:10:00,1990.14,1991.18,1988.34,1990.09,274.703714
2026-03-27 21:15:00,1990.09,1990.89,1987.1,1988.79,126.338417
2026-03-27 21:20:00,1988.79,1989.44,1987.86,1988.59,16.953337
2026-03-27 21:25:00,1988.62,1989.75,1988.62,1989.0,40.977926
2026-03-27 21:30:00,1989.03,1990.14,1988.9,1989.01,11.618891
2026-03-27 21:35:00,1989.04,1989.04,1985.29,1986.38,65.254586
2026-03-27 21:40:00,1986.38,1988.24,1984.41,1987.32,105.948621
2026-03-27 21:45:00,1987.32,1988.01,1985.92,1985.92,50.67335
2026-03-27 21:50:00,1985.92,1987.02,1985.0,1986.08,41.275679
2026-03-27 21:55:00,1986.16,1986.68,1984.42,1985.87,116.247632
2026-03-27 22:00:00,1985.87,1986.82,1984.42,1984.72,112.280468
2026-03-27 22:05:00,1984.74,1984.74,1981.81,1984.21,149.298459
2026-03-27 22:10:00,1984.3,1985.48,1983.66,1984.83,203.627668
2026-03-27 22:15:00,1985.25,1987.09,1984.68,1986.51,186.78993
2026-03-27 22:20:00,1986.51,1987.24,1985.85,1986.86,61.361778
2026-03-27 22:25:00,1986.86,1987.1,1984.01,1985.08,55.227625
2026-03-27 22:30:00,1984.95,1986.4,1984.55,1985.06,86.047575
2026-03-27 22:35:00,1985.29,1985.29,1982.05,1983.55,106.530664
2026-03-27 22:40:00,1983.56,1986.0,1983.56,1985.81,115.125236
2026-03-27 22:45:00,1985.8,1986.59,1985.16,1986.0,43.534237
2026-03-27 22:50:00,1986.01,1986.55,1985.01,1985.35,68.314703
2026-03-27 22:55:00,1985.34,1986.67,1985.34,1985.61,57.118067
2026-03-27 23:00:00,1985.6,1985.86,1983.8,1984.86,24.787633
2026-03-27 23:05:00,1984.9,1986.55,1980.54,1981.81,462.104588
2026-03-27 23:10:00,1981.84,1986.22,1981.84,1985.8,66.993355
2026-03-27 23:15:00,1985.75,1986.03,1984.65,1984.79,283.294676
2026-03-27 23:20:00,1984.8,1989.26,1984.43,1989.0,82.889884
2026-03-27 23:25:00,1989.03,1989.03,1987.41,1988.27,81.345369
2026-03-27 23:30:00,1988.35,1989.44,1988.19,1988.72,70.641546
2026-03-27 23:35:00,1988.7,1990.99,1988.19,1990.99,269.189731
2026-03-27 23:40:00,1990.98,1991.47,1989.0,1991.2,172.318599
2026-03-27 23:45:00,1991.2,1994.19,1991.2,1993.95,238.009867
2026-03-27 23:50:00,1993.95,1994.0,1992.53,1993.89,194.391478
2026-03-27 23:55:00,1993.89,1993.89,1992.01,1992.95,182.344987
2026-03-28 00:00:00,1992.81,1993.55,1991.23,1993.55,121.946243
2026-03-28 00:05:00,1993.6,1993.74,1991.0,1991.01,275.219818
2026-03-28 00:10:00,1991.0,1991.16,1989.61,1989.71,98.022944
2026-03-28 00:15:00,1989.8,1992.75,1989.8,1990.65,182.220044
2026-03-28 00:20:00,1990.65,1992.11,1990.65,1991.81,31.708697
2026-03-28 00:25:00,1991.81,1992.24,1991.1,1992.24,77.578865
2026-03-28 00:30:00,1992.25,1994.58,1992.16,1992.56,72.825655
2026-03-28 00:35:00,1992.37,1995.45,1992.36,1994.75,140.347877
2026-03-28 00:40:00,1994.75,1994.94,1991.43,1994.1,177.856915
2026-03-28 00:45:00,1994.09,1994.09,1992.05,1992.05,102.996622
2026-03-28 00:50:00,1992.06,1992.85,1991.55,1992.45,165.11025
2026-03-28 00:55:00,1992.69,1994.52,1992.26,1992.75,163.3509
2026-03-28 01:00:00,1992.75,1993.0,1990.06,1991.8,157.738548
2026-03-28 01:05:00,1991.8,1992.1,1988.2,1989.11,153.712349
2026-03-28 01:10:00,1989.1,1989.5,1985.41,1987.15,245.410272
2026-03-28 01:15:00,1987.16,1989.34,1987.16,1989.08,51.736061
2026-03-28 01:20:00,1989.09,1989.69,1988.43,1989.59,40.684688
2026-03-28 01:25:00,1989.58,1989.6,1987.86,1988.3,28.105386
2026-03-28 01:30:00,1988.31,1991.0,1988.11,1989.46,203.122479
2026-03-28 01:35:00,1989.46,1989.46,1984.81,1986.85,260.794897
2026-03-28 01:40:00,1986.86,1989.0,1986.35,1988.15,54.683458
2026-03-28 01:45:00,1988.16,1990.55,1988.16,1989.87,58.315707
2026-03-28 01:50:00,1989.96,1990.96,1989.11,1990.62,141.05043
2026-03-28 01:55:00,1990.62,1990.94,1988.81,1990.42,619.191985
2026-03-28 02:00:00,1990.43,1993.83,1990.13,1993.35,183.075651
2026-03-28 02:05:00,1993.35,1993.55,1990.13,1991.43,132.758842
2026-03-28 02:10:00,1991.43,1992.0,1990.54,1990.54,41.403855
2026-03-28 02:15:00,1990.48,1991.54,1985.77,1986.27,152.719017
2026-03-28 02:20:00,1986.35,1986.75,1985.55,1986.64,141.79691
2026-03-28 02:25:00,1986.64,1986.64,1985.0,1985.49,98.489775
2026-03-28 02:30:00,1985.5,1986.25,1982.6,1984.54,220.97926
2026-03-28 02:35:00,1984.5,1985.91,1983.9,1985.17,71.819651
2026-03-28 02:40:00,1985.18,1986.82,1984.86,1986.53,341.820468
2026-03-28 02:45:00,1986.53,1987.17,1985.01,1986.68,89.141192
2026-03-28 02:50:00,1986.64,1987.42,1986.51,1986.59,32.277576
2026-03-28 02:55:00,1986.57,1987.36,1986.5,1987.24,28.15088
2026-03-28 03:00:00,1987.26,1988.72,1987.0,1987.26,51.186689
2026-03-28 03:05:00,1987.25,1989.15,1987.25,1988.05,176.299109
2026-03-28 03:10:00,1988.05,1988.47,1987.48,1987.79,22.054952
2026-03-28 03:15:00,1987.8,1989.8,1987.8,1989.45,43.238614
2026-03-28 03:20:00,1989.45,1990.0,1989.15,1989.78,40.704772
2026-03-28 03:25:00,1989.79,1990.48,1989.01,1990.35,95.745065
2026-03-28 03:30:00,1990.35,1990.89,1988.67,1989.15,119.006634
2026-03-28 03:35:00,1989.2,1991.15,1989.1,1989.1,120.946756
2026-03-28 03:40:00,1989.1,1991.05,1989.01,1990.71,87.159376
2026-03-28 03:45:00,1990.7,1990.7,1988.28,1989.45,112.135769
2026-03-28 03:50:00,1989.44,1989.79,1988.26,1988.82,55.918573
2026-03-28 03:55:00,1988.82,1989.28,1988.72,1989.09,47.855797
2026-03-28 04:00:00,1989.1,1990.08,1987.74,1990.01,93.5693
2026-03-28 04:05:00,1990.0,1990.02,1987.09,1988.03,63.51337
2026-03-28 04:10:00,1988.05,1988.7,1987.7,1988.34,34.687797
2026-03-28 04:15:00,1988.34,1992.49,1988.2,1991.27,171.831248
2026-03-28 04:20:00,1991.27,1992.05,1991.03,1991.28,44.541565
2026-03-28 04:25:00,1991.29,1991.49,1990.25,1991.16,54.352817
2026-03-28 04:30:00,1991.17,1991.2,1990.24,1991.05,92.967786
2026-03-28 04:35:00,1991.05,1991.75,1990.6,1991.24,18.865831
2026-03-28 04:40:00,1991.24,1991.3,1989.73,1990.92,144.605679
2026-03-28 04:45:00,1990.95,1991.1,1990.56,1990.81,9.520005
2026-03-28 04:50:00,1990.8,1991.51,1990.8,1990.86,22.940518
2026-03-28 04:55:00,1990.82,1990.82,1989.46,1990.64,60.278382
2026-03-28 05:00:00,1990.64,1991.12,1989.3,1989.31,52.83118
2026-03-28 05:05:00,1989.3,1990.19,1988.65,1989.31,194.05903
2026-03-28 05:10:00,1989.3,1989.79,1988.15,1989.74,135.732845
2026-03-28 05:15:00,1989.75,1990.1,1989.23,1989.23,82.995516
2026-03-28 05:20:00,1989.17,1993.75,1989.17,1992.76,827.355692
2026-03-28 05:25:00,1992.76,1993.1,1992.24,1992.44,57.369763
2026-03-28 05:30:00,1992.45,1993.24,1991.98,1993.12,60.982525
2026-03-28 05:35:00,1993.15,1993.59,1992.7,1993.26,143.183504
2026-03-28 05:40:00,1993.26,1993.35,1991.8,1993.2,587.013736
2026-03-28 05:45:00,1993.28,1994.38,1993.11,1993.71,1100.818545
2026-03-28 05:50:00,1993.9,1994.44,1993.3,1994.0,133.382792
2026-03-28 05:55:00,1994.01,1994.89,1993.91,1994.14,92.467311
2026-03-28 06:00:00,1994.16,1995.6,1993.11,1993.79,210.382297
2026-03-28 06:05:00,1993.81,1997.64,1993.81,1995.83,127.319496
2026-03-28 06:10:00,1995.83,1996.55,1994.92,1996.55,72.536657
2026-03-28 06:15:00,1996.54,2006.91,1996.49,2005.78,2025.641004
2026-03-28 06:20:00,2005.8,2005.94,2002.4,2003.57,332.394324
2026-03-28 06:25:00,2003.6,2004.05,2001.93,2003.42,216.23863
2026-03-28 06:30:00,2003.45,2005.2,2003.0,2003.0,274.548175
2026-03-28 06:35:00,2003.0,2003.3,2001.92,2002.54,89.478582
2026-03-28 06:40:00,2002.59,2002.85,2001.43,2001.43,141.081404
2026-03-28 06:45:00,2001.42,2003.05,2000.08,2000.91,183.856594
2026-03-28 06:50:00,2000.9,2001.25,1999.85,2000.84,358.946414
2026-03-28 06:55:00,2000.85,2001.64,1999.78,2000.91,297.07369
2026-03-28 07:00:00,2000.91,2002.49,2000.55,2001.59,73.604589
2026-03-28 07:05:00,2001.64,2003.32,2001.0,2003.32,44.521453
2026-03-28 07:10:00,2003.34,2004.89,2003.0,2004.4,121.116767
2026-03-28 07:15:00,2004.39,2007.29,2004.3,2006.0,102.070251
2026-03-28 07:20:00,2006.0,2006.18,2004.7,2004.86,91.802276
2026-03-28 07:25:00,2004.86,2005.75,2004.5,2005.16,223.461725
2026-03-28 07:30:00,2005.15,2005.6,2004.45,2005.05,335.00379
2026-03-28 07:35:00,2005.05,2005.2,2004.25,2005.2,294.744595
2026-03-28 07:40:00,2005.2,2005.77,2004.25,2004.65,301.745053
2026-03-28 07:45:00,2004.65,2005.2,2004.21,2005.1,307.516477
2026-03-28 07:50:00,2005.1,2005.9,2004.13,2005.71,337.752963
2026-03-28 07:55:00,2005.71,2008.45,2005.55,2007.2,630.994919
2026-03-28 08:00:00,2007.21,2008.15,2005.76,2007.83,199.615688
2026-03-28 08:05:00,2007.84,2008.45,2005.65,2006.26,271.677936
2026-03-28 08:10:00,2006.25,2007.3,2005.6,2005.9,75.478936
2026-03-28 08:15:00,2005.9,2005.97,2004.7,2004.84,81.404322
2026-03-28 08:20:00,2004.85,2006.54,2004.85,2006.46,106.1044
2026-03-28 08:25:00,2006.46,2007.54,2004.11,2004.4,258.792361
2026-03-28 08:30:00,2004.4,2004.75,2002.61,2002.84,210.621516
2026-03-28 08:35:00,2002.9,2003.1,2000.4,2000.56,240.174976
2026-03-28 08:40:00,2000.56,2001.95,2000.49,2001.21,130.337657
2026-03-28 08:45:00,2001.21,2002.8,2000.82,2002.79,126.16232
2026-03-28 08:50:00,2002.61,2002.61,1998.2,1999.15,502.231044
2026-03-28 08:55:00,1999.15,1999.32,1998.59,1999.3,50.10174
2026-03-28 09:00:00,1999.3,1999.3,1997.37,1997.99,122.641111
2026-03-28 09:05:00,1997.98,1998.05,1995.06,1997.06,170.267601
2026-03-28 09:10:00,1997.09,1997.56,1996.3,1997.0,121.150612
2026-03-28 09:15:00,1996.87,1997.54,1995.6,1997.36,123.729367
2026-03-28 09:20:00,1997.38,1998.5,1997.38,1998.03,156.814407
2026-03-28 09:25:00,1998.03,1999.36,1997.42,1999.05,58.368951
2026-03-28 09:30:00,1999.05,1999.53,1997.15,1997.15,52.961659
2026-03-28 09:35:00,1997.1,1998.36,1996.75,1996.76,68.352204
2026-03-28 09:40:00,1996.75,1998.35,1996.75,1997.13,20.220552
2026-03-28 09:45:00,1997.13,1998.84,1997.13,1998.05,40.182516
2026-03-28 09:50:00,1997.8,1999.34,1997.58,1999.26,73.022325
2026-03-28 09:55:00,1999.26,1999.95,1999.1,1999.5,25.554699
2026-03-28 10:00:00,1999.5,2003.65,1999.43,2003.57,109.2631
2026-03-28 10:05:00,2003.51,2004.76,2003.5,2003.84,115.914459
2026-03-28 10:10:00,2003.76,2003.76,2000.14,2000.33,122.49657
2026-03-28 10:15:00,2000.32,2001.3,1999.31,1999.45,30.392518
2026-03-28 10:20:00,1999.45,1999.45,1996.34,1998.13,211.014699
2026-03-28 10:25:00,1998.2,1998.2,1992.8,1994.55,689.967615
2026-03-28 10:30:00,1994.59,1996.45,1993.99,1995.7,89.314109
2026-03-28 10:35:00,1995.7,1996.2,1992.65,1993.4,150.224228
2026-03-28 10:40:00,1993.39,1994.75,1993.39,1994.59,48.532874
2026-03-28 10:45:00,1994.59,1994.74,1993.0,1993.0,188.645225
2026-03-28 10:50:00,1993.57,1995.93,1993.57,1995.93,533.368006
2026-03-28 10:55:00,1995.92,1997.19,1995.76,1996.82,31.452482
2026-03-28 11:00:00,1996.83,1997.29,1996.32,1997.29,51.898594
2026-03-28 11:05:00,1997.29,1998.39,1996.76,1996.77,170.086333
2026-03-28 11:10:00,1996.76,1997.25,1995.87,1997.25,89.172887
2026-03-28 11:15:00,1997.25,1997.55,1996.7,1996.7,25.709131
2026-03-28 11:20:00,1996.66,1996.89,1996.26,1996.89,54.475205
2026-03-28 11:25:00,1996.89,1997.55,1996.76,1997.54,19.213231
2026-03-28 11:30:00,1997.55,1997.7,1996.93,1997.55,35.89276
2026-03-28 11:35:00,1997.56,1998.24,1996.35,1998.24,233.624246
2026-03-28 11:40:00,1998.24,1998.67,1997.08,1998.16,133.281228
2026-03-28 11:45:00,1998.17,1999.64,1997.15,1998.76,157.38269
2026-03-28 11:50:00,1998.75,2000.76,1998.75,1998.91,125.585078
2026-03-28 11:55:00,1998.9,1998.9,1997.62,1997.81,122.676592
2026-03-28 12:00:00,1997.62,1998.51,1997.62,1997.82,75.8892
2026-03-28 12:05:00,1997.82,1998.53,1995.87,1998.53,149.043667
2026-03-28 12:10:00,1998.53,2000.81,1998.45,2000.3,98.277599
2026-03-28 12:15:00,2000.31,2004.35,1999.88,2001.71,449.265001
2026-03-28 12:20:00,2001.74,2003.99,2001.2,2001.79,337.363253
2026-03-28 12:25:00,2001.79,2002.24,2001.2,2001.9,194.75424
2026-03-28 12:30:00,2001.88,2002.29,1995.85,1997.79,542.663324
2026-03-28 12:35:00,1997.7,1998.39,1992.0,1994.24,474.696195
2026-03-28 12:40:00,1994.25,1995.95,1994.25,1995.85,48.924611
2026-03-28 12:45:00,1995.85,1998.99,1995.7,1998.99,159.6616
2026-03-28 12:50:00,1998.99,2001.65,1998.6,2000.11,120.409733
2026-03-28 12:55:00,2000.11,2000.45,1999.37,1999.64,39.637587
2026-03-28 13:00:00,1999.65,2000.7,1999.46,2000.18,120.322047
2026-03-28 13:05:00,2000.17,2000.97,1999.39,2000.9,24.560407
2026-03-28 13:10:00,2000.81,2002.93,2000.81,2002.25,180.14993
2026-03-28 13:15:00,2002.2,2003.14,2001.11,2001.15,87.543524
2026-03-28 13:20:00,2001.1,2002.89,2001.05,2002.66,382.143438
2026-03-28 13:25:00,2002.66,2003.21,2000.54,2002.71,354.014645
2026-03-28 13:30:00,2002.75,2006.77,2002.71,2003.43,815.631638
2026-03-28 13:35:00,2003.42,2006.44,2003.01,2004.68,272.728666
2026-03-28 13:40:00,2004.56,2046.51,2004.56,2028.3,13177.158894
2026-03-28 13:45:00,2028.3,2033.24,2024.69,2025.5,1428.967115
2026-03-28 13:50:00,2025.46,2028.01,2022.09,2026.36,997.346327
2026-03-28 13:55:00,2026.32,2027.83,2023.61,2026.59,359.186617
2026-03-28 14:00:00,2026.6,2026.8,2019.84,2020.64,763.263972
2026-03-28 14:05:00,2020.62,2025.6,2020.62,2024.21,190.021787
2026-03-28 14:10:00,2024.26,2025.87,2022.93,2023.48,254.464497
2026-03-28 14:15:00,2023.48,2026.08,2020.0,2026.02,133.838924
2026-03-28 14:20:00,2026.07,2027.31,2025.22,2025.36,376.505439
2026-03-28 14:25:00,2025.35,2025.95,2023.21,2024.81,203.472024
2026-03-28 14:30:00,2024.8,2027.9,2024.53,2026.88,259.232831
2026-03-28 14:35:00,2026.85,2027.09,2022.22,2024.51,137.530821
2026-03-28 14:40:00,2024.51,2029.33,2024.51,2026.79,473.677701
2026-03-28 14:45:00,2026.85,2028.69,2026.07,2026.26,144.954048
2026-03-28 14:50:00,2026.26,2026.59,2016.05,2018.06,1652.562838
2026-03-28 14:55:00,2018.24,2021.24,2016.46,2020.91,342.312845
2026-03-28 15:00:00,2020.81,2022.0,2019.05,2019.07,182.211481
2026-03-28 15:05:00,2019.09,2020.65,2018.7,2019.15,201.76592
2026-03-28 15:10:00,2019.1,2023.49,2018.9,2022.61,228.551279
2026-03-28 15:15:00,2022.61,2029.23,2022.11,2027.61,679.58453
2026-03-28 15:20:00,2027.56,2040.03,2027.46,2036.46,2342.396706
2026-03-28 15:25:00,2036.47,2037.64,2027.52,2028.45,1375.426621
2026-03-28 15:30:00,2028.45,2031.44,2027.05,2031.25,130.481429
2026-03-28 15:35:00,2031.25,2031.58,2025.31,2026.2,444.915329
2026-03-28 15:40:00,2026.21,2030.08,2025.01,2028.6,163.191961
2026-03-28 15:45:00,2028.49,2029.57,2026.12,2026.4,349.027569
2026-03-28 15:50:00,2026.39,2026.39,2024.5,2025.69,137.097413
2026-03-28 15:55:00,2025.69,2027.2,2024.04,2027.19,258.833293
2026-03-28 16:00:00,2027.2,2028.82,2024.81,2027.5,689.308587
2026-03-28 16:05:00,2027.5,2030.24,2026.31,2028.65,134.864379
2026-03-28 16:10:00,2028.62,2028.97,2027.33,2028.21,101.595803
2026-03-28 16:15:00,2028.21,2029.91,2028.0,2029.81,114.874012
2026-03-28 16:20:00,2029.84,2030.19,2025.66,2028.14,491.590847
2026-03-28 16:25:00,2028.14,2029.25,2028.0,2028.69,75.129486
2026-03-28 16:30:00,2028.67,2028.67,2025.58,2027.25,65.011086
2026-03-28 16:35:00,2027.3,2027.59,2024.01,2024.39,280.002305
2026-03-28 16:40:00,2024.35,2025.56,2022.8,2024.11,521.9041
2026-03-28 16:45:00,2024.14,2025.76,2023.69,2024.26,151.302749
2026-03-28 16:50:00,2024.29,2024.4,2021.0,2022.76,260.965832
2026-03-28 16:55:00,2022.75,2025.85,2022.52,2024.71,253.00434
2026-03-28 17:00:00,2024.68,2027.16,2024.41,2026.81,116.548407
2026-03-28 17:05:00,2026.8,2027.1,2022.55,2023.03,183.001423
2026-03-28 17:10:00,2023.03,2024.87,2022.7,2024.06,58.127945
2026-03-28 17:15:00,2024.06,2024.06,2021.56,2022.94,159.81426
2026-03-28 17:20:00,2023.0,2023.39,2020.0,2022.66,258.227998
2026-03-28 17:25:00,2022.66,2022.99,2021.25,2021.3,70.010648
2026-03-28 17:30:00,2021.31,2021.95,2016.7,2019.14,371.89908
2026-03-28 17:35:00,2019.3,2025.12,2017.66,2021.58,672.43142
2026-03-28 17:40:00,2021.59,2022.01,2021.15,2021.4,40.215942
2026-03-28 17:45:00,2021.39,2021.39,2019.31,2019.31,71.61054
2026-03-28 17:50:00,2019.3,2020.75,2019.3,2020.51,19.837521
2026-03-28 17:55:00,2020.5,2021.95,2019.96,2020.91,18.351402
2026-03-28 18:00:00,2020.91,2022.47,2020.5,2022.4,41.050364
2026-03-28 18:05:00,2022.4,2022.79,2021.51,2022.5,40.853327
2026-03-28 18:10:00,2022.6,2024.71,2022.6,2024.71,85.696056
2026-03-28 18:15:00,2024.66,2024.66,2023.1,2023.34,188.403895
2026-03-28 18:20:00,2023.35,2023.75,2022.71,2022.8,61.428521
2026-03-28 18:25:00,2022.8,2023.66,2021.86,2021.98,71.784891
2026-03-28 18:30:00,2021.98,2022.64,2021.85,2021.88,27.907691
2026-03-28 18:35:00,2021.9,2021.94,2020.66,2021.88,36.526538
2026-03-28 18:40:00,2021.89,2023.69,2021.88,2023.35,19.39539
2026-03-28 18:45:00,2023.35,2023.35,2021.46,2022.6,24.79129
2026-03-28 18:50:00,2022.6,2022.65,2021.55,2022.29,24.09989
2026-03-28 18:55:00,2022.37,2023.26,2021.7,2021.7,25.531681
2026-03-28 19:00:00,2021.71,2023.01,2020.71,2022.08,112.882101
2026-03-28 19:05:00,2022.08,2022.43,2021.7,2022.1,22.745231
2026-03-28 19:10:00,2022.1,2022.1,2017.38,2018.95,85.34735
2026-03-28 19:15:00,2018.94,2020.29,2017.87,2020.29,20.842421
2026-03-28 19:20:00,2020.29,2020.66,2019.56,2020.66,24.304127
2026-03-28 19:25:00,2020.65,2020.65,2019.91,2020.29,25.291271
2026-03-28 19:30:00,2020.29,2020.49,2019.5,2019.99,26.231894
2026-03-28 19:35:00,2019.99,2020.18,2019.4,2019.99,27.783834
2026-03-28 19:40:00,2020.0,2020.96,2019.58,2019.8,18.538998
2026-03-28 19:45:00,2019.82,2020.59,2019.12,2019.12,64.029281
2026-03-28 19:50:00,2019.11,2020.75,2019.0,2019.61,64.144182
2026-03-28 19:55:00,2019.72,2020.68,2019.56,2020.63,83.533837
2026-03-28 20:00:00,2020.63,2024.93,2020.63,2023.7,171.883814
2026-03-28 20:05:00,2023.71,2026.2,2023.66,2025.06,310.818916
2026-03-28 20:10:00,2025.05,2025.79,2024.25,2025.77,165.221286
2026-03-28 20:15:00,2025.78,2026.61,2023.76,2023.76,94.580238
2026-03-28 20:20:00,2023.75,2025.05,2023.06,2023.56,118.573415
2026-03-28 20:25:00,2023.55,2024.28,2023.25,2023.36,45.711763
2026-03-28 20:30:00,2023.37,2026.61,2023.26,2023.26,523.407824
2026-03-28 20:35:00,2023.25,2024.29,2023.01,2023.31,32.838698
2026-03-28 20:40:00,2023.3,2023.3,2022.35,2022.77,20.764057
2026-03-28 20:45:00,2022.77,2024.0,2022.77,2023.15,41.234647
2026-03-28 20:50:00,2023.16,2024.43,2023.16,2024.26,20.48996
2026-03-28 20:55:00,2024.25,2024.9,2023.95,2024.68,28.522932
2026-03-28 21:00:00,2024.67,2025.51,2024.67,2025.51,23.953365
2026-03-28 21:05:00,2025.52,2025.76,2020.01,2020.6,156.128565
2026-03-28 21:10:00,2020.61,2022.64,2020.22,2022.64,421.889861
2026-03-28 21:15:00,2022.72,2023.0,2020.81,2021.1,125.660086
2026-03-28 21:20:00,2021.09,2021.1,2018.8,2019.94,110.511222
2026-03-28 21:25:00,2019.94,2020.44,2019.35,2019.84,26.159585
2026-03-28 21:30:00,2019.84,2019.84,2018.06,2019.22,50.069375
2026-03-28 21:35:00,2019.23,2019.4,2016.39,2018.72,155.220434
2026-03-28 21:40:00,2018.73,2020.37,2018.49,2019.59,73.356318
2026-03-28 21:45:00,2019.49,2019.5,2016.41,2016.66,81.65265
2026-03-28 21:50:00,2016.64,2016.64,2005.76,2010.95,1313.769495
2026-03-28 21:55:00,2010.97,2011.8,2009.64,2009.68,107.518378
2026-03-28 22:00:00,2009.68,2011.67,2007.67,2011.04,241.471255
2026-03-28 22:05:00,2010.99,2012.34,2007.98,2007.98,51.863511
2026-03-28 22:10:00,2007.91,2009.16,2006.11,2006.26,131.941731
2026-03-28 22:15:00,2006.35,2010.69,2005.47,2010.18,140.023504
2026-03-28 22:20:00,2010.16,2013.18,2010.16,2012.35,254.971939
2026-03-28 22:25:00,2012.35,2012.57,2011.12,2011.55,55.98268
2026-03-28 22:30:00,2011.73,2012.03,2010.4,2010.79,26.147482
2026-03-28 22:35:00,2010.79,2011.48,2010.28,2011.21,27.422747
2026-03-28 22:40:00,2011.2,2011.2,2008.74,2009.59,53.955529
2026-03-28 22:45:00,2009.6,2013.54,2009.6,2011.66,159.419944
2026-03-28 22:50:00,2011.65,2012.54,2011.01,2012.47,55.204186
2026-03-28 22:55:00,2012.41,2012.41,2010.85,2011.92,45.813032
2026-03-28 23:00:00,2011.91,2011.91,2007.21,2008.11,202.893368
2026-03-28 23:05:00,2008.25,2008.59,2003.01,2004.3,483.024484
2026-03-28 23:10:00,2003.94,2004.24,1989.0,1995.3,2485.46373
2026-03-28 23:15:00,1995.31,1995.69,1990.01,1992.11,354.945541
2026-03-28 23:20:00,1992.11,1997.44,1992.11,1995.36,72.875611
2026-03-28 23:25:00,1995.36,1997.45,1995.36,1996.3,50.069915
2026-03-28 23:30:00,1996.31,1999.35,1996.31,1998.69,251.623192
2026-03-28 23:35:00,1998.7,1999.64,1996.95,1996.95,109.932114
2026-03-28 23:40:00,1996.96,1998.85,1994.9,1995.39,270.414152
2026-03-28 23:45:00,1995.39,1995.8,1992.71,1994.93,107.18353
2026-03-28 23:50:00,1994.95,1996.2,1993.62,1994.19,133.006422
2026-03-28 23:55:00,1994.19,1995.95,1993.48,1994.66,210.239398
2026-03-29 00:00:00,1994.66,1997.88,1994.06,1997.59,100.476488
2026-03-29 00:05:00,1997.65,1997.89,1995.0,1995.0,91.936622
2026-03-29 00:10:00,1995.0,1997.83,1994.6,1995.49,203.065413
2026-03-29 00:15:00,1995.47,1999.11,1995.22,1998.8,660.898415
2026-03-29 00:20:00,1998.8,1998.8,1991.47,1993.37,574.222021
2026-03-29 00:25:00,1993.38,1994.05,1991.49,1993.62,193.356047
2026-03-29 00:30:00,1993.62,1997.11,1993.56,1995.9,70.307846
2026-03-29 00:35:00,1995.9,1996.4,1993.01,1994.61,210.773682
2026-03-29 00:40:00,1994.6,1995.65,1993.1,1994.7,430.782039
2026-03-29 00:45:00,1994.69,1996.14,1994.46,1995.97,73.629855
2026-03-29 00:50:00,1995.95,1998.32,1995.55,1995.79,62.33699
2026-03-29 00:55:00,1995.71,1999.99,1995.71,1999.18,260.51593
2026-03-29 01:00:00,1999.11,2000.3,1997.73,1999.56,167.783345
2026-03-29 01:05:00,1999.56,2008.6,1999.56,2003.14,654.897025
2026-03-29 01:10:00,2003.15,2005.66,2003.14,2004.36,444.862322
2026-03-29 01:15:00,2004.36,2006.05,2002.62,2004.25,335.311321
2026-03-29 01:20:00,2004.25,2006.25,2004.01,2004.02,131.693025
2026-03-29 01:25:00,2004.01,2005.04,2003.65,2004.23,120.737443
2026-03-29 01:30:00,2004.23,2004.78,2002.39,2002.69,173.710506
2026-03-29 01:35:00,2002.8,2002.85,1999.49,1999.49,104.945633
2026-03-29 01:40:00,1999.5,2002.69,1999.13,2002.29,36.770314
2026-03-29 01:45:00,2002.3,2002.69,2000.0,2002.69,42.791815
2026-03-29 01:50:00,2002.75,2005.33,2002.4,2002.4,82.161895
2026-03-29 01:55:00,2002.65,2005.38,2002.36,2005.11,93.610883
2026-03-29 02:00:00,2005.15,2005.55,2003.51,2004.64,114.18718
2026-03-29 02:05:00,2004.7,2006.1,2004.21,2004.21,39.178174
2026-03-29 02:10:00,2004.2,2006.44,2003.65,2006.01,216.132023
2026-03-29 02:15:00,2005.86,2006.49,2004.71,2005.74,85.022728
2026-03-29 02:20:00,2005.69,2007.64,2005.11,2006.26,50.722893
2026-03-29 02:25:00,2006.26,2006.95,2005.36,2005.5,34.963549
2026-03-29 02:30:00,2005.49,2005.85,2003.01,2003.58,103.951005
2026-03-29 02:35:00,2003.56,2005.94,2002.6,2005.62,45.957851
2026-03-29 02:40:00,2005.61,2007.82,2005.61,2006.69,184.169093
2026-03-29 02:45:00,2006.69,2007.95,2005.84,2007.95,124.867988
2026-03-29 02:50:00,2007.97,2010.59,2007.97,2009.61,181.753287
2026-03-29 02:55:00,2009.6,2009.6,2008.01,2009.19,135.538305
2026-03-29 03:00:00,2009.2,2009.79,2008.1,2009.35,91.245157
2026-03-29 03:05:00,2009.4,2009.59,2007.61,2009.18,60.671832
2026-03-29 03:10:00,2009.18,2009.18,2007.39,2007.81,46.941853
2026-03-29 03:15:00,2007.88,2019.71,2007.07,2015.37,1713.168861
2026-03-29 03:20:00,2015.6,2016.87,2013.61,2015.21,273.117868
2026-03-29 03:25:00,2015.21,2015.21,2013.65,2013.7,109.257161
2026-03-29 03:30:00,2013.71,2014.94,2012.35,2012.35,67.10982
2026-03-29 03:35:00,2012.34,2012.77,2011.41,2012.43,114.544316
2026-03-29 03:40:00,2012.44,2012.44,2011.21,2011.97,65.863057
2026-03-29 03:45:00,2011.98,2012.1,2010.92,2012.01,30.513029
2026-03-29 03:50:00,2012.0,2012.31,2010.55,2011.34,81.243118
2026-03-29 03:55:00,2011.35,2012.29,2010.85,2011.13,136.812307
2026-03-29 04:00:00,2011.14,2012.0,2009.67,2010.78,134.305996
2026-03-29 04:05:00,2010.76,2012.79,2010.01,2012.02,174.970012
2026-03-29 04:10:00,2012.04,2012.42,2011.37,2012.17,170.98366
2026-03-29 04:15:00,2012.18,2012.54,2008.76,2008.84,138.306663
2026-03-29 04:20:00,2008.84,2008.84,2005.95,2006.87,189.92019
2026-03-29 04:25:00,2006.86,2007.45,2005.83,2006.24,60.920453
2026-03-29 04:30:00,2006.24,2007.01,2004.43,2007.01,209.585598
2026-03-29 04:35:00,2007.0,2007.82,2005.5,2005.5,66.932998
2026-03-29 04:40:00,2005.42,2006.39,2005.42,2005.79,24.314295
2026-03-29 04:45:00,2005.79,2006.3,2004.77,2005.76,37.550032
2026-03-29 04:50:00,2005.76,2006.96,2005.29,2006.61,36.007395
2026-03-29 04:55:00,2006.6,2006.6,2005.21,2005.9,37.717486
2026-03-29 05:00:00,2005.9,2006.55,2005.15,2005.31,329.185666
2026-03-29 05:05:00,2005.3,2005.3,2001.35,2002.36,159.065186
2026-03-29 05:10:00,2002.36,2003.15,2000.55,2001.81,108.961908
2026-03-29 05:15:00,2001.8,2002.39,1997.7,2001.49,655.726697
2026-03-29 05:20:00,2001.54,2002.76,2000.3,2001.7,85.901165
2026-03-29 05:25:00,2001.78,2002.35,1998.46,2000.42,176.874833
2026-03-29 05:30:00,2000.43,2001.8,2000.25,2001.04,69.342477
2026-03-29 05:35:00,2001.14,2002.54,2000.2,2002.21,48.829582
2026-03-29 05:40:00,2002.1,2002.82,2001.58,2001.88,44.69783
2026-03-29 05:45:00,2001.98,2002.87,2001.85,2002.64,34.185191
2026-03-29 05:50:00,2002.65,2007.66,2002.65,2005.9,398.318885
2026-03-29 05:55:00,2005.9,2007.01,2005.5,2005.55,114.128305
2026-03-29 06:00:00,2005.46,2008.09,2005.46,2007.2,66.963033
2026-03-29 06:05:00,2007.16,2008.6,2005.71,2005.73,62.782168
2026-03-29 06:10:00,2005.84,2005.84,2005.01,2005.01,63.180938
2026-03-29 06:15:00,2005.01,2007.28,2005.01,2005.49,16.62379
2026-03-29 06:20:00,2005.47,2005.64,2001.97,2002.0,53.285194
2026-03-29 06:25:00,2001.97,2002.3,2000.13,2002.1,173.260365
2026-03-29 06:30:00,2002.08,2003.36,2001.46,2002.5,53.760633
2026-03-29 06:35:00,2002.49,2003.49,2001.98,2002.43,178.60882
2026-03-29 06:40:00,2002.43,2003.99,2002.43,2003.59,50.740607
2026-03-29 06:45:00,2003.58,2006.36,2003.43,2005.98,120.272372
2026-03-29 06:50:00,2005.85,2006.59,2005.58,2006.49,26.308842
2026-03-29 06:55:00,2006.5,2007.14,2004.81,2004.81,29.592078
2026-03-29 07:00:00,2004.82,2005.0,2000.53,2001.59,94.790585
2026-03-29 07:05:00,2001.59,2002.56,2000.22,2000.39,28.172561
2026-03-29 07:10:00,2000.4,2003.0,2000.4,2002.62,98.293855
2026-03-29 07:15:00,2002.61,2004.15,2001.7,2003.84,149.990305
2026-03-29 07:20:00,2003.76,2003.94,2002.9,2003.84,20.969328
2026-03-29 07:25:00,2003.99,2004.37,2003.46,2004.36,13.645029
2026-03-29 07:30:00,2004.36,2004.81,2003.6,2003.6,119.717167
2026-03-29 07:35:00,2003.6,2005.7,2003.59,2004.06,52.166774
2026-03-29 07:40:00,2004.05,2004.05,2003.29,2003.92,16.04034
2026-03-29 07:45:00,2003.93,2005.7,2003.4,2005.66,38.59124
2026-03-29 07:50:00,2005.66,2009.89,2005.66,2007.51,276.117957
2026-03-29 07:55:00,2007.5,2008.22,2006.02,2006.06,134.348692
2026-03-29 08:00:00,2006.06,2006.85,2004.9,2006.3,33.310753
2026-03-29 08:05:00,2006.34,2007.57,2005.57,2005.57,45.958446
2026-03-29 08:10:00,2005.57,2006.05,2002.52,2003.62,144.128945
2026-03-29 08:15:00,2003.56,2004.54,2002.76,2003.77,46.356188
2026-03-29 08:20:00,2003.77,2004.9,2003.26,2003.89,47.053702
2026-03-29 08:25:00,2003.86,2005.09,2003.85,2004.96,27.43877
2026-03-29 08:30:00,2004.96,2006.51,2004.95,2005.47,38.849735
2026-03-29 08:35:00,2005.48,2006.47,2005.17,2006.19,39.866089
2026-03-29 08:40:00,2006.15,2006.15,2005.19,2005.34,67.76397
2026-03-29 08:45:00,2005.33,2006.09,2004.71,2005.25,92.06181
2026-03-29 08:50:00,2005.25,2005.77,2003.55,2004.38,126.93947
2026-03-29 08:55:00,2004.4,2004.56,2003.75,2004.46,44.043568
2026-03-29 09:00:00,2004.47,2005.75,2003.5,2004.46,55.153039
2026-03-29 09:05:00,2004.45,2004.45,2000.39,2003.16,406.026319
2026-03-29 09:10:00,2003.16,2004.25,2002.66,2003.79,681.181095
2026-03-29 09:15:00,2003.79,2004.87,2002.7,2002.7,82.98317
2026-03-29 09:20:00,2002.67,2002.69,2001.67,2001.69,43.014287
2026-03-29 09:25:00,2001.7,2002.59,2001.0,2002.59,27.435802
2026-03-29 09:30:00,2002.59,2003.89,1994.6,1997.55,1397.094398
2026-03-29 09:35:00,1997.64,2000.48,1997.64,1999.91,282.093582
2026-03-29 09:40:00,1999.91,2000.11,1998.61,1998.88,44.306461
2026-03-29 09:45:00,1998.91,2000.44,1998.91,1999.84,41.706237
2026-03-29 09:50:00,1999.84,2000.7,1999.17,1999.52,73.121017
2026-03-29 09:55:00,1999.52,1999.64,1998.81,1999.19,11.087425
2026-03-29 10:00:00,1999.19,1999.19,1997.08,1997.5,103.56766
2026-03-29 10:05:00,1997.51,1998.49,1995.41,1996.98,179.953722
2026-03-29 10:10:00,1996.99,1997.59,1995.41,1996.79,87.798196
2026-03-29 10:15:00,1996.8,1996.85,1993.9,1994.53,414.43376
2026-03-29 10:20:00,1994.62,1995.66,1991.72,1993.88,321.22748
2026-03-29 10:25:00,1993.88,1995.26,1993.88,1994.2,111.360183
2026-03-29 10:30:00,1994.2,1995.33,1991.92,1992.11,146.763219
2026-03-29 10:35:00,1992.11,1996.87,1992.06,1996.25,226.860931
2026-03-29 10:40:00,1996.25,1996.25,1994.56,1996.09,113.396974
2026-03-29 10:45:00,1996.1,1997.53,1995.98,1996.99,66.058878
2026-03-29 10:50:00,1997.0,1997.91,1996.6,1996.6,37.918801
2026-03-29 10:55:00,1996.61,1997.2,1996.1,1996.11,47.431242
2026-03-29 11:00:00,1996.11,2001.88,1995.36,2001.76,234.528567
2026-03-29 11:05:00,2001.69,2008.5,2001.3,2003.5,274.98869
2026-03-29 11:10:00,2003.5,2005.11,2002.4,2003.1,195.819882
2026-03-29 11:15:00,2003.11,2004.48,2001.05,2003.31,68.899954
2026-03-29 11:20:00,2003.37,2005.14,2002.51,2003.23,25.428336
2026-03-29 11:25:00,2003.24,2004.74,2003.0,2004.33,37.699372
2026-03-29 11:30:00,2004.29,2005.9,2002.85,2004.5,83.826723
2026-03-29 11:35:00,2004.49,2007.14,2004.35,2006.18,112.079909
2026-03-29 11:40:00,2006.15,2006.6,2005.26,2006.31,68.303253
2026-03-29 11:45:00,2006.3,2008.72,2002.65,2002.71,190.468735
2026-03-29 11:50:00,2002.75,2004.27,2002.75,2004.27,37.71838
2026-03-29 11:55:00,2004.26,2004.6,2003.85,2003.91,29.248682
2026-03-29 12:00:00,2003.91,2005.11,2002.96,2002.96,54.019055
2026-03-29 12:05:00,2002.96,2004.08,2001.96,2002.64,48.642296
2026-03-29 12:10:00,2002.65,2003.84,2001.99,2002.49,158.337284
2026-03-29 12:15:00,2002.49,2003.56,2001.64,2002.7,86.386927
2026-03-29 12:20:00,2002.71,2002.75,2001.9,2002.75,43.696317
2026-03-29 12:25:00,2002.74,2003.65,2002.66,2002.89,63.004234
2026-03-29 12:30:00,2002.95,2003.94,1998.02,1998.69,210.903164
2026-03-29 12:35:00,1998.68,2000.89,1998.65,2000.16,240.294673
2026-03-29 12:40:00,2000.19,2001.1,1999.15,1999.44,141.970764
2026-03-29 12:45:00,1999.45,2001.52,1998.7,2001.52,57.914056
2026-03-29 12:50:00,2001.52,2003.63,2001.51,2002.91,73.840071
2026-03-29 12:55:00,2002.91,2003.08,2001.87,2002.05,23.161498
2026-03-29 13:00:00,2002.04,2002.5,2000.45,2000.51,41.235553
2026-03-29 13:05:00,2000.5,2000.5,1983.33,1985.71,1941.562386
2026-03-29 13:10:00,1985.74,1990.45,1985.5,1989.61,277.843953
2026-03-29 13:15:00,1989.61,1991.9,1986.9,1991.26,649.71087
2026-03-29 13:20:00,1991.26,1993.74,1991.15,1992.42,178.44745
2026-03-29 13:25:00,1992.43,1993.29,1990.72,1991.3,182.204472
2026-03-29 13:30:00,1991.29,1993.49,1990.41,1991.74,152.618578
2026-03-29 13:35:00,1991.66,1992.5,1990.79,1992.5,65.609191
2026-03-29 13:40:00,1992.5,1992.69,1991.29,1992.07,206.488713
2026-03-29 13:45:00,1992.06,1992.69,1988.86,1991.39,233.200153
2026-03-29 13:50:00,1991.4,1991.79,1990.11,1990.74,70.024252
2026-03-29 13:55:00,1990.74,1990.96,1985.72,1987.19,786.308467
2026-03-29 14:00:00,1987.2,1989.05,1986.3,1987.06,482.337663
2026-03-29 14:05:00,1987.05,1987.68,1984.0,1986.1,387.839614
2026-03-29 14:10:00,1986.1,2002.41,1986.1,1995.45,1338.503451
2026-03-29 14:15:00,1995.4,1996.35,1993.34,1993.34,94.55061
2026-03-29 14:20:00,1993.34,1994.5,1991.8,1992.7,92.838393
2026-03-29 14:25:00,1992.69,1993.64,1991.02,1992.1,61.513232
2026-03-29 14:30:00,1992.11,1994.94,1991.14,1994.49,125.650198
2026-03-29 14:35:00,1994.5,1995.0,1993.06,1993.39,46.169735
2026-03-29 14:40:00,1993.4,1995.19,1992.9,1995.11,87.350719
2026-03-29 14:45:00,1995.2,1995.2,1991.21,1993.59,121.196715
2026-03-29 14:50:00,1993.6,1994.69,1992.16,1992.42,68.77757
2026-03-29 14:55:00,1992.41,1994.5,1991.76,1994.3,283.009538
2026-03-29 15:00:00,1994.31,2000.12,1993.51,1994.34,830.470404
2026-03-29 15:05:00,1994.26,1998.71,1994.25,1995.13,478.672085
2026-03-29 15:10:00,1995.15,1995.34,1989.68,1994.01,493.934244
2026-03-29 15:15:00,1994.07,1998.38,1993.35,1994.2,449.50791
2026-03-29 15:20:00,1994.15,1994.15,1992.81,1993.3,72.694104
2026-03-29 15:25:00,1993.3,1993.3,1986.5,1989.99,333.289455
2026-03-29 15:30:00,1989.99,1990.59,1987.8,1990.59,103.685711
2026-03-29 15:35:00,1990.59,1991.0,1988.0,1989.55,238.44266
2026-03-29 15:40:00,1989.56,1991.89,1989.56,1991.24,43.949737
2026-03-29 15:45:00,1991.24,1992.3,1990.9,1991.06,152.389409
2026-03-29 15:50:00,1991.0,1994.5,1989.96,1993.56,212.513891
2026-03-29 15:55:00,1993.64,1993.64,1992.11,1993.08,42.370731
2026-03-29 16:00:00,1993.15,1994.55,1992.46,1992.94,49.214225
2026-03-29 16:05:00,1992.9,1994.15,1991.81,1994.05,155.004138
2026-03-29 16:10:00,1994.09,1994.8,1992.96,1993.54,41.400009
2026-03-29 16:15:00,1993.54,2004.25,1993.06,2002.55,1017.86283
2026-03-29 16:20:00,2002.53,2004.97,2000.57,2001.44,948.679602
2026-03-29 16:25:00,2001.41,2001.48,2000.0,2001.17,115.599521
2026-03-29 16:30:00,2001.17,2001.17,1999.79,2000.49,124.741836
2026-03-29 16:35:00,2000.45,2000.45,1997.87,1998.64,107.646935
2026-03-29 16:40:00,1998.65,1999.07,1997.13,1997.45,63.873098
2026-03-29 16:45:00,1997.46,1998.78,1996.66,1998.1,48.311833
2026-03-29 16:50:00,1998.11,1999.77,1997.15,1997.32,64.567045
2026-03-29 16:55:00,1997.44,1998.79,1997.36,1998.0,18.228471
2026-03-29 17:00:00,1998.0,1998.8,1997.0,1997.8,22.263437
2026-03-29 17:05:00,1997.8,2000.46,1997.8,1999.38,104.571209
2026-03-29 17:10:00,1999.39,1999.39,1993.03,1993.99,173.58057
2026-03-29 17:15:00,1993.99,1994.29,1991.9,1992.99,99.55249
2026-03-29 17:20:00,1992.99,1992.99,1987.85,1990.12,309.278684
2026-03-29 17:25:00,1990.13,1991.67,1989.36,1990.69,209.245561
2026-03-29 17:30:00,1990.68,1992.8,1990.0,1992.8,92.502021
2026-03-29 17:35:00,1992.79,1993.55,1991.75,1993.35,74.138703
2026-03-29 17:40:00,1993.36,1997.94,1993.2,1997.0,148.862726
2026-03-29 17:45:00,1996.97,1996.97,1995.03,1995.33,189.821936
2026-03-29 17:50:00,1995.34,1997.18,1995.25,1995.41,30.036845
2026-03-29 17:55:00,1995.41,1996.81,1995.01,1995.27,145.49634
2026-03-29 18:00:00,1995.5,1996.4,1992.49,1992.49,291.040242
2026-03-29 18:05:00,1992.5,1992.85,1992.0,1992.15,41.89399
2026-03-29 18:10:00,1992.16,1994.39,1992.16,1994.05,20.530051
2026-03-29 18:15:00,1994.05,1996.17,1993.46,1994.46,194.383329
2026-03-29 18:20:00,1994.54,1994.73,1991.56,1993.46,134.322855
2026-03-29 18:25:00,1993.46,1995.16,1993.46,1993.93,35.118149
2026-03-29 18:30:00,1993.93,1994.87,1993.55,1994.35,59.889714
2026-03-29 18:35:00,1994.4,2002.14,1994.4,1999.29,553.787548
2026-03-29 18:40:00,1999.28,2001.19,1998.91,1999.11,190.031972
2026-03-29 18:45:00,1999.03,1999.03,1996.2,1997.79,118.917315
2026-03-29 18:50:00,1997.79,1999.04,1997.79,1999.04,64.900355
2026-03-29 18:55:00,1998.86,1999.33,1996.86,1997.4,134.394116
2026-03-29 19:00:00,1997.41,1997.85,1996.17,1997.32,64.028785
2026-03-29 19:05:00,1997.35,1998.46,1997.35,1997.91,45.443434
2026-03-29 19:10:00,1997.91,1998.36,1997.34,1998.34,18.405024
2026-03-29 19:15:00,1998.34,1999.14,1997.7,1999.01,16.448886
2026-03-29 19:20:00,1998.96,2000.37,1998.12,1998.25,102.6162
2026-03-29 19:25:00,1998.25,1998.83,1997.3,1997.93,74.481519
2026-03-29 19:30:00,1997.94,1999.64,1997.94,1999.13,37.433475
2026-03-29 19:35:00,1999.14,1999.14,1995.36,1995.4,57.457567
2026-03-29 19:40:00,1995.45,1995.8,1994.51,1995.6,54.41421
2026-03-29 19:45:00,1995.61,1997.16,1995.51,1995.85,96.937824
2026-03-29 19:50:00,1995.83,1996.01,1994.91,1996.01,31.277713
2026-03-29 19:55:00,1996.01,1996.43,1995.21,1996.01,38.525696
2026-03-29 20:00:00,1996.01,1999.49,1995.9,1998.3,87.395771
2026-03-29 20:05:00,1998.3,1999.64,1997.73,1998.3,46.829986
2026-03-29 20:10:00,1998.3,1998.45,1997.08,1997.69,38.155797
2026-03-29 20:15:00,1997.71,2000.4,1997.56,2000.19,67.644122
2026-03-29 20:20:00,2000.19,2009.67,2000.19,2005.3,518.064897
2026-03-29 20:25:00,2005.31,2007.17,2004.83,2006.41,127.983912
2026-03-29 20:30:00,2006.5,2006.9,2004.22,2004.54,188.366179
2026-03-29 20:35:00,2004.54,2004.85,2003.15,2003.54,93.535675
2026-03-29 20:40:00,2003.55,2003.93,2001.78,2001.78,73.492061
2026-03-29 20:45:00,2001.77,2002.66,2000.89,2001.66,56.314612
2026-03-29 20:50:00,2001.56,2002.13,2000.89,2001.7,16.155028
2026-03-29 20:55:00,2001.7,2002.84,2001.7,2002.7,17.219476
2026-03-29 21:00:00,2002.7,2005.36,2002.51,2003.21,52.502669
2026-03-29 21:05:00,2003.2,2004.04,2001.65,2001.65,96.690646
2026-03-29 21:10:00,2001.66,2003.6,2001.66,2002.36,189.146061
2026-03-29 21:15:00,2002.36,2003.09,2001.66,2002.1,37.722846
2026-03-29 21:20:00,2002.1,2004.09,2002.08,2003.85,35.225383
2026-03-29 21:25:00,2003.85,2005.7,2003.46,2004.41,91.074012
2026-03-29 21:30:00,2004.49,2007.25,2003.9,2006.41,67.192205
2026-03-29 21:35:00,2006.38,2007.33,2005.37,2005.38,35.992411
2026-03-29 21:40:00,2005.38,2005.38,2003.8,2004.43,182.240511
2026-03-29 21:45:00,2004.41,2005.76,2004.09,2005.3,33.125349
2026-03-29 21:50:00,2005.29,2005.97,2004.36,2005.77,49.502434
2026-03-29 21:55:00,2005.76,2007.2,2005.34,2006.39,22.257676
2026-03-29 22:00:00,2006.4,2006.71,1993.69,1995.21,463.086143
2026-03-29 22:05:00,1995.18,1996.41,1990.75,1995.97,114.892457
2026-03-29 22:10:00,1995.98,1997.3,1988.33,1992.39,424.307844
2026-03-29 22:15:00,1992.35,1994.83,1991.86,1993.61,104.006873
2026-03-29 22:20:00,1993.73,1998.18,1993.01,1995.88,62.234762
2026-03-29 22:25:00,1995.88,1995.88,1993.7,1994.8,72.481679
2026-03-29 22:30:00,1994.87,1995.35,1992.41,1994.45,77.489747
2026-03-29 22:35:00,1994.45,1994.49,1988.98,1989.58,426.903294
2026-03-29 22:40:00,1989.69,1990.13,1963.14,1966.97,4852.022133
2026-03-29 22:45:00,1966.94,1967.04,1938.36,1942.49,12475.440011
2026-03-29 22:50:00,1942.12,1959.87,1940.0,1959.7,1511.366154
2026-03-29 22:55:00,1959.71,1977.49,1958.88,1974.01,1417.570297
2026-03-29 23:00:00,1974.02,1994.77,1973.77,1984.85,1733.065098
2026-03-29 23:05:00,1984.84,1988.81,1980.45,1984.7,724.329598
2026-03-29 23:10:00,1984.46,1987.1,1982.69,1986.47,296.079399
2026-03-29 23:15:00,1986.5,1993.2,1985.21,1986.31,346.55507
2026-03-29 23:20:00,1986.31,1993.97,1986.11,1987.06,237.917641
2026-03-29 23:25:00,1986.91,1987.0,1981.5,1983.41,398.111753
2026-03-29 23:30:00,1983.4,1987.42,1980.76,1982.76,523.089374
2026-03-29 23:35:00,1982.77,1983.39,1978.75,1982.55,723.150661
2026-03-29 23:40:00,1982.55,1985.94,1982.17,1985.82,446.679785
2026-03-29 23:45:00,1985.84,1991.66,1981.49,1982.44,830.944331
2026-03-29 23:50:00,1982.5,1987.26,1974.91,1987.05,1163.943293
2026-03-29 23:55:00,1987.06,1987.6,1983.44,1984.75,192.007316
2026-03-30 00:00:00,1984.86,1987.21,1981.35,1981.56,312.22882
2026-03-30 00:05:00,1981.44,1986.66,1980.12,1983.93,395.428661
2026-03-30 00:10:00,1983.92,1985.6,1983.4,1983.86,142.539647
2026-03-30 00:15:00,1983.96,2021.37,1981.86,2018.86,4145.779931
2026-03-30 00:20:00,2018.91,2024.56,2007.23,2007.46,2416.683328
2026-03-30 00:25:00,2007.51,2017.26,2006.53,2007.87,969.475824
2026-03-30 00:30:00,2007.86,2013.36,2003.57,2005.25,1024.478993
2026-03-30 00:35:00,2005.29,2006.62,1997.11,1998.07,643.629947
2026-03-30 00:40:00,1998.14,1999.4,1995.0,1998.85,201.534915
2026-03-30 00:45:00,1998.85,2002.27,1998.12,1999.93,223.711306
2026-03-30 00:50:00,1999.87,1999.87,1991.8,1994.05,320.220768
2026-03-30 00:55:00,1994.14,1999.97,1993.54,1997.59,317.428288
2026-03-30 01:00:00,1997.6,2007.94,1997.39,2003.61,508.600377
2026-03-30 01:05:00,2003.61,2007.57,2000.5,2000.86,337.949009
2026-03-30 01:10:00,2000.86,2003.64,1999.51,2001.4,309.789756
2026-03-30 01:15:00,2001.43,2006.54,1998.67,2006.54,783.208317
2026-03-30 01:20:00,2006.26,2006.62,2003.01,2003.46,352.480435
2026-03-30 01:25:00,2003.43,2011.17,2003.43,2007.61,748.246816
2026-03-30 01:30:00,2007.6,2013.72,2005.77,2012.15,655.133153
2026-03-30 01:35:00,2012.05,2013.18,2008.16,2009.71,439.558709
2026-03-30 01:40:00,2009.71,2010.35,2006.76,2010.15,388.218589
2026-03-30 01:45:00,2010.15,2016.45,2010.15,2013.3,622.467537
2026-03-30 01:50:00,2013.31,2013.66,2009.22,2010.0,323.525458
2026-03-30 01:55:00,2010.01,2011.95,2009.45,2010.35,278.297836
2026-03-30 02:00:00,2010.36,2015.02,2010.36,2010.88,243.787454
2026-03-30 02:05:00,2010.89,2019.95,2008.6,2013.78,464.462654
2026-03-30 02:10:00,2013.92,2019.67,2013.78,2018.95,217.521309
2026-03-30 02:15:00,2019.02,2021.7,2015.01,2015.41,436.87073
2026-03-30 02:20:00,2015.4,2015.4,2012.7,2014.09,131.783662
2026-03-30 02:25:00,2014.09,2015.77,2013.11,2014.45,56.342934
2026-03-30 02:30:00,2014.5,2015.7,2010.81,2011.59,126.701641
2026-03-30 02:35:00,2011.58,2012.01,2007.7,2010.08,542.689516
2026-03-30 02:40:00,2010.01,2020.21,2008.66,2019.26,462.348157
2026-03-30 02:45:00,2019.43,2044.54,2018.71,2038.61,6682.345772
2026-03-30 02:50:00,2038.64,2038.91,2031.26,2032.2,484.035175
2026-03-30 02:55:00,2032.2,2033.15,2029.65,2029.99,674.343599
2026-03-30 03:00:00,2029.99,2030.81,2027.85,2029.01,486.532937
2026-03-30 03:05:00,2029.0,2030.85,2027.9,2029.62,246.367791
2026-03-30 03:10:00,2029.44,2033.94,2028.98,2029.83,457.06219
2026-03-30 03:15:00,2029.83,2035.48,2029.23,2033.8,414.043347
2026-03-30 03:20:00,2033.91,2038.9,2033.22,2037.95,439.736046
2026-03-30 03:25:00,2037.9,2039.91,2037.25,2037.99,329.225069
2026-03-30 03:30:00,2038.1,2039.14,2035.07,2037.34,282.423144
2026-03-30 03:35:00,2037.35,2037.84,2034.55,2035.15,406.383782
2026-03-30 03:40:00,2035.15,2035.99,2033.76,2035.93,106.820687
2026-03-30 03:45:00,2035.95,2037.79,2034.45,2037.68,200.510216
2026-03-30 03:50:00,2037.68,2042.85,2036.8,2038.67,300.759719
2026-03-30 03:55:00,2038.53,2038.53,2035.65,2035.82,66.758071
2026-03-30 04:00:00,2036.11,2038.79,2036.1,2036.9,307.894703
2026-03-30 04:05:00,2036.85,2047.06,2036.46,2045.81,1317.496779
2026-03-30 04:10:00,2045.78,2048.63,2042.45,2044.45,683.832618
2026-03-30 04:15:00,2044.45,2048.57,2043.28,2045.9,394.803841
2026-03-30 04:20:00,2045.9,2047.94,2042.42,2042.83,199.518609
2026-03-30 04:25:00,2042.83,2053.71,2042.82,2047.12,1454.958359
2026-03-30 04:30:00,2047.14,2051.5,2046.16,2046.35,450.7967
2026-03-30 04:35:00,2046.29,2046.41,2043.85,2046.36,165.376806
2026-03-30 04:40:00,2046.35,2046.35,2041.0,2043.98,612.499025
2026-03-30 04:45:00,2044.03,2046.35,2043.51,2045.52,80.987412
2026-03-30 04:50:00,2045.52,2050.18,2044.35,2049.59,471.459763
2026-03-30 04:55:00,2049.6,2050.73,2047.09,2048.55,336.151548
2026-03-30 05:00:00,2048.55,2052.38,2048.25,2049.82,353.135978
2026-03-30 05:05:00,2049.82,2058.98,2048.7,2056.94,1694.681095
2026-03-30 05:10:00,2056.35,2059.27,2052.85,2053.46,1002.31568
2026-03-30 05:15:00,2053.3,2056.64,2052.76,2053.65,765.623225
2026-03-30 05:20:00,2053.65,2054.89,2052.54,2053.84,253.490442
2026-03-30 05:25:00,2054.19,2056.84,2053.81,2054.89,290.092968
2026-03-30 05:30:00,2054.75,2056.84,2053.34,2055.19,260.393432
2026-03-30 05:35:00,2055.2,2055.45,2050.39,2051.69,347.590825
2026-03-30 05:40:00,2051.69,2051.84,2048.78,2050.75,300.662184
2026-03-30 05:45:00,2050.75,2051.93,2044.77,2050.7,989.346591
2026-03-30 05:50:00,2050.67,2050.81,2048.99,2050.04,383.066844
2026-03-30 05:55:00,2050.05,2050.05,2047.86,2047.91,257.200629
2026-03-30 06:00:00,2047.86,2052.51,2047.36,2051.5,688.727494
2026-03-30 06:05:00,2051.5,2051.94,2049.2,2049.36,178.244899
2026-03-30 06:10:00,2049.35,2049.35,2045.11,2045.54,161.13801
2026-03-30 06:15:00,2045.55,2046.75,2043.66,2044.75,541.233781
2026-03-30 06:20:00,2044.75,2045.6,2043.34,2045.58,548.762315
2026-03-30 06:25:00,2045.37,2047.03,2044.5,2045.64,266.261952
2026-03-30 06:30:00,2045.6,2046.79,2044.25,2045.7,157.265421
2026-03-30 06:35:00,2045.66,2047.45,2044.59,2046.64,322.262323
2026-03-30 06:40:00,2046.51,2048.15,2046.16,2047.46,167.086518
2026-03-30 06:45:00,2047.45,2049.86,2046.06,2047.32,203.180905
2026-03-30 06:50:00,2047.23,2048.35,2043.29,2044.11,145.367803
2026-03-30 06:55:00,2044.1,2044.25,2040.74,2042.5,394.528356
2026-03-30 07:00:00,2042.51,2043.35,2041.76,2042.91,255.316336
2026-03-30 07:05:00,2043.0,2049.24,2043.0,2048.31,221.986673
2026-03-30 07:10:00,2048.31,2049.42,2046.8,2047.1,143.460946
2026-03-30 07:15:00,2047.11,2048.31,2046.22,2047.26,226.526423
2026-03-30 07:20:00,2047.21,2048.31,2044.71,2045.19,340.744537
2026-03-30 07:25:00,2045.2,2046.1,2043.95,2044.6,103.040249
2026-03-30 07:30:00,2044.6,2046.8,2041.5,2043.33,412.600624
2026-03-30 07:35:00,2043.39,2046.24,2042.86,2043.21,298.631644
2026-03-30 07:40:00,2043.2,2044.51,2043.2,2043.64,286.725337
2026-03-30 07:45:00,2043.64,2059.21,2043.64,2056.72,2449.184326
2026-03-30 07:50:00,2056.74,2068.33,2053.75,2059.98,4370.874716
2026-03-30 07:55:00,2059.85,2061.42,2058.0,2059.8,409.323537
2026-03-30 08:00:00,2059.82,2062.99,2058.31,2062.14,873.361115
2026-03-30 08:05:00,2062.15,2067.91,2058.85,2061.12,850.718969
2026-03-30 08:10:00,2061.12,2064.64,2060.5,2063.31,605.281714
2026-03-30 08:15:00,2063.35,2066.22,2060.6,2063.53,770.556305
2026-03-30 08:20:00,2063.53,2063.53,2059.76,2060.6,364.033713
2026-03-30 08:25:00,2060.69,2061.66,2059.59,2060.25,193.417951
2026-03-30 08:30:00,2060.25,2062.85,2060.1,2062.62,129.993798
2026-03-30 08:35:00,2062.65,2075.88,2062.05,2068.38,2385.691607
2026-03-30 08:40:00,2068.5,2069.77,2065.65,2066.78,313.622425
2026-03-30 08:45:00,2066.75,2069.16,2064.68,2066.6,167.885244
2026-03-30 08:50:00,2066.48,2068.25,2065.87,2066.12,150.349074
2026-03-30 08:55:00,2066.19,2066.24,2062.55,2062.6,224.353696
2026-03-30 09:00:00,2062.5,2062.9,2060.38,2060.74,126.81827
2026-03-30 09:05:00,2060.66,2064.2,2060.66,2061.32,176.674027
2026-03-30 09:10:00,2061.31,2062.19,2059.58,2059.96,278.928416
2026-03-30 09:15:00,2059.86,2062.91,2056.96,2059.46,875.362619
2026-03-30 09:20:00,2059.6,2060.0,2057.0,2057.09,62.011605
2026-03-30 09:25:00,2057.05,2057.4,2055.74,2056.51,160.843623
2026-03-30 09:30:00,2056.52,2057.0,2054.04,2054.64,570.647768
2026-03-30 09:35:00,2054.63,2057.93,2054.15,2057.46,190.125999
2026-03-30 09:40:00,2057.42,2057.42,2054.31,2055.76,170.051314
2026-03-30 09:45:00,2055.76,2057.73,2055.17,2055.85,98.513779
2026-03-30 09:50:00,2055.85,2056.29,2054.8,2055.54,161.942412
2026-03-30 09:55:00,2055.49,2055.49,2054.01,2055.2,180.367538
2026-03-30 10:00:00,2055.21,2055.49,2053.9,2054.91,169.603359
2026-03-30 10:05:00,2054.9,2055.99,2054.25,2055.39,124.643277
2026-03-30 10:10:00,2055.39,2056.32,2052.4,2053.62,168.886609
2026-03-30 10:15:00,2053.62,2057.97,2053.0,2057.51,551.818633
2026-03-30 10:20:00,2057.45,2058.33,2055.25,2055.25,167.194468
2026-03-30 10:25:00,2055.21,2055.69,2054.04,2054.04,130.91052
2026-03-30 10:30:00,2054.04,2054.36,2052.78,2053.81,314.939034
2026-03-30 10:35:00,2053.3,2053.76,2048.49,2051.34,531.094625
2026-03-30 10:40:00,2051.26,2051.65,2050.12,2051.56,163.822923
2026-03-30 10:45:00,2051.65,2053.89,2051.01,2053.59,131.636933
2026-03-30 10:50:00,2053.6,2057.96,2053.6,2055.62,322.573802
2026-03-30 10:55:00,2055.64,2058.54,2055.64,2057.96,56.917506
2026-03-30 11:00:00,2058.05,2060.59,2057.71,2058.71,444.966508
2026-03-30 11:05:00,2058.56,2063.28,2058.46,2060.2,417.681937
2026-03-30 11:10:00,2060.15,2061.53,2059.55,2060.77,169.183014
2026-03-30 11:15:00,2060.76,2063.52,2059.9,2062.09,117.851414
2026-03-30 11:20:00,2062.1,2065.61,2061.76,2063.9,190.754588
2026-03-30 11:25:00,2063.9,2081.81,2062.84,2066.74,4784.790326
2026-03-30 11:30:00,2066.87,2069.99,2065.38,2067.46,465.502442
2026-03-30 11:35:00,2067.42,2072.8,2066.26,2067.27,729.122105
2026-03-30 11:40:00,2067.34,2069.29,2065.56,2066.21,408.569962
2026-03-30 11:45:00,2066.2,2074.19,2065.06,2073.8,327.560634
2026-03-30 11:50:00,2073.62,2075.2,2069.1,2070.86,335.975489
2026-03-30 11:55:00,2070.89,2071.55,2067.68,2071.55,185.282215
2026-03-30 12:00:00,2071.61,2073.65,2069.93,2073.07,211.415902
2026-03-30 12:05:00,2073.0,2077.05,2072.68,2073.54,584.082373
2026-03-30 12:10:00,2073.57,2076.25,2072.56,2072.56,436.363491
2026-03-30 12:15:00,2072.59,2074.65,2069.93,2073.4,428.479545
2026-03-30 12:20:00,2073.39,2074.47,2070.95,2072.05,348.47363
2026-03-30 12:25:00,2072.0,2072.0,2069.01,2070.98,267.43434
2026-03-30 12:30:00,2071.0,2075.49,2070.91,2073.34,344.304367
2026-03-30 12:35:00,2073.33,2078.75,2072.55,2073.31,550.902675
2026-03-30 12:40:00,2073.31,2074.99,2071.61,2074.28,206.248286
2026-03-30 12:45:00,2074.34,2075.51,2072.31,2073.27,185.09713
2026-03-30 12:50:00,2073.28,2075.28,2072.7,2074.05,143.987141
2026-03-30 12:55:00,2074.05,2076.2,2073.51,2074.7,92.690129
2026-03-30 13:00:00,2074.71,2076.69,2072.82,2074.59,229.890468
2026-03-30 13:05:00,2074.55,2075.76,2070.68,2072.42,321.542931
2026-03-30 13:10:00,2072.31,2075.46,2072.0,2073.27,122.923064
2026-03-30 13:15:00,2073.27,2074.94,2071.32,2074.42,166.378392
2026-03-30 13:20:00,2074.41,2085.57,2074.0,2078.56,2016.727967
2026-03-30 13:25:00,2078.59,2078.7,2073.57,2073.57,359.681819
2026-03-30 13:30:00,2073.63,2077.86,2069.0,2072.7,1539.501387
2026-03-30 13:35:00,2072.7,2077.0,2071.24,2072.27,731.157353
2026-03-30 13:40:00,2072.22,2072.83,2066.93,2068.29,938.811335
2026-03-30 13:45:00,2068.3,2073.89,2064.68,2064.86,889.693674
2026-03-30 13:50:00,2064.9,2070.19,2064.9,2066.75,315.435187
2026-03-30 13:55:00,2066.7,2066.7,2058.2,2061.04,1744.478674
2026-03-30 14:00:00,2060.85,2064.0,2058.01,2063.55,556.668263
2026-03-30 14:05:00,2063.38,2066.33,2059.56,2066.32,342.472662
2026-03-30 14:10:00,2066.06,2070.63,2064.96,2068.26,357.262827
2026-03-30 14:15:00,2068.26,2069.28,2056.21,2058.3,556.172949
2026-03-30 14:20:00,2058.35,2061.36,2055.27,2060.26,584.236258
2026-03-30 14:25:00,2060.26,2060.34,2051.55,2054.15,983.964003
2026-03-30 14:30:00,2054.15,2059.78,2053.4,2057.06,476.146396
2026-03-30 14:35:00,2057.35,2057.41,2044.01,2052.89,1880.007921
2026-03-30 14:40:00,2052.89,2055.34,2048.37,2049.45,522.17872
2026-03-30 14:45:00,2049.7,2056.78,2047.4,2051.74,650.927522
2026-03-30 14:50:00,2051.75,2067.48,2051.1,2064.4,1469.042658
2026-03-30 14:55:00,2064.4,2076.11,2062.81,2072.09,1274.128316
2026-03-30 15:00:00,2072.0,2075.61,2070.01,2074.34,682.509215
2026-03-30 15:05:00,2074.37,2079.99,2065.18,2066.61,1025.318489
2026-03-30 15:10:00,2066.7,2071.07,2065.36,2067.1,427.78151
2026-03-30 15:15:00,2067.13,2067.75,2062.06,2065.08,282.947188
2026-03-30 15:20:00,2065.2,2067.74,2064.01,2065.95,119.412539
2026-03-30 15:25:00,2065.98,2070.87,2065.86,2068.1,148.727346
2026-03-30 15:30:00,2068.11,2076.88,2065.89,2075.7,952.04596
2026-03-30 15:35:00,2075.8,2079.77,2073.88,2074.21,632.332286
2026-03-30 15:40:00,2074.11,2077.73,2073.49,2075.99,303.791197
2026-03-30 15:45:00,2076.0,2076.67,2072.32,2074.2,291.452466
2026-03-30 15:50:00,2074.21,2079.96,2074.05,2078.36,522.383184
2026-03-30 15:55:00,2078.35,2078.35,2073.05,2074.66,507.839938
2026-03-30 16:00:00,2074.55,2075.0,2067.36,2068.04,657.280136
2026-03-30 16:05:00,2068.03,2069.34,2066.6,2068.49,288.676693
2026-03-30 16:10:00,2068.44,2070.68,2068.08,2068.79,351.881211
2026-03-30 16:15:00,2068.79,2069.55,2065.73,2066.62,569.762399
2026-03-30 16:20:00,2066.6,2067.42,2062.8,2064.04,452.499611
2026-03-30 16:25:00,2064.04,2065.5,2063.04,2064.29,63.447621
2026-03-30 16:30:00,2064.27,2065.44,2062.5,2064.0,317.245467
2026-03-30 16:35:00,2064.11,2067.7,2064.11,2066.68,162.702646
2026-03-30 16:40:00,2066.68,2066.68,2062.0,2065.43,527.458872
2026-03-30 16:45:00,2065.43,2068.59,2062.8,2063.8,471.962504
2026-03-30 16:50:00,2063.86,2065.33,2059.14,2060.26,267.413104
2026-03-30 16:55:00,2060.25,2066.62,2059.13,2066.62,244.120629
2026-03-30 17:00:00,2066.46,2072.41,2063.9,2064.11,419.17659
2026-03-30 17:05:00,2064.1,2067.21,2061.87,2065.04,192.069758
2026-03-30 17:10:00,2065.13,2065.33,2058.05,2060.35,220.509225
2026-03-30 17:15:00,2060.32,2060.65,2053.67,2055.96,396.845659
2026-03-30 17:20:00,2055.98,2057.45,2044.48,2045.25,1079.521378
2026-03-30 17:25:00,2045.11,2045.12,2032.06,2041.32,2027.407334
2026-03-30 17:30:00,2041.32,2043.99,2036.38,2041.01,569.497913
2026-03-30 17:35:00,2041.16,2044.9,2038.48,2044.13,367.269724
2026-03-30 17:40:00,2044.0,2047.31,2042.11,2046.98,155.402668
2026-03-30 17:45:00,2046.99,2050.59,2044.48,2046.23,342.848141
2026-03-30 17:50:00,2046.22,2046.37,2043.5,2043.57,179.760162
2026-03-30 17:55:00,2043.8,2044.68,2040.36,2041.86,398.800165
2026-03-30 18:00:00,2041.77,2044.09,2039.95,2040.81,132.37532
2026-03-30 18:05:00,2040.84,2041.4,2036.87,2037.36,373.892059
2026-03-30 18:10:00,2037.38,2040.84,2034.88,2040.18,303.962929
2026-03-30 18:15:00,2040.12,2040.88,2037.63,2040.19,139.468611
2026-03-30 18:20:00,2040.19,2044.27,2034.0,2037.1,636.9963
2026-03-30 18:25:00,2037.14,2038.12,2032.73,2036.16,321.997833
2026-03-30 18:30:00,2036.16,2039.2,2030.5,2038.6,910.298701
2026-03-30 18:35:00,2038.59,2041.65,2036.09,2036.09,248.412774
2026-03-30 18:40:00,2036.09,2037.81,2035.57,2037.5,37.015988
2026-03-30 18:45:00,2037.65,2039.98,2032.51,2032.51,124.698899
2026-03-30 18:50:00,2032.51,2033.01,2028.18,2030.91,367.378337
2026-03-30 18:55:00,2030.89,2033.06,2029.15,2032.73,246.447578
2026-03-30 19:00:00,2032.59,2032.88,2027.74,2029.21,230.621103
2026-03-30 19:05:00,2029.22,2029.71,2021.81,2024.57,585.902711
2026-03-30 19:10:00,2024.59,2024.61,2015.0,2019.3,1147.896196
2026-03-30 19:15:00,2019.44,2021.99,2018.21,2020.61,464.40834
2026-03-30 19:20:00,2020.63,2021.61,2013.61,2013.74,344.624962
2026-03-30 19:25:00,2013.75,2019.07,2013.59,2016.35,315.32644
2026-03-30 19:30:00,2016.42,2019.91,2014.95,2017.11,343.8942
2026-03-30 19:35:00,2017.36,2020.86,2016.25,2017.63,772.971371
2026-03-30 19:40:00,2017.64,2018.95,2014.41,2018.64,149.229133
2026-03-30 19:45:00,2018.65,2022.76,2016.68,2022.53,166.704373
2026-03-30 19:50:00,2022.38,2026.73,2020.9,2025.78,292.803118
2026-03-30 19:55:00,2026.0,2027.12,2022.05,2024.11,396.805968
2026-03-30 20:00:00,2024.2,2027.48,2023.64,2024.6,393.517106
2026-03-30 20:05:00,2024.67,2028.17,2024.53,2026.21,497.638168
2026-03-30 20:10:00,2026.16,2027.18,2024.48,2025.37,136.646666
2026-03-30 20:15:00,2025.39,2025.9,2021.92,2024.49,148.023391
2026-03-30 20:20:00,2024.72,2026.79,2024.71,2026.23,114.060106
2026-03-30 20:25:00,2026.2,2026.2,2025.0,2025.95,41.18111
2026-03-30 20:30:00,2025.79,2026.37,2021.35,2023.98,339.373938
2026-03-30 20:35:00,2023.8,2024.79,2021.36,2024.68,123.570544
2026-03-30 20:40:00,2024.8,2025.82,2023.17,2024.96,117.678154
2026-03-30 20:45:00,2024.96,2025.51,2022.75,2023.94,174.043909
2026-03-30 20:50:00,2023.93,2026.0,2023.48,2026.0,65.806212
2026-03-30 20:55:00,2026.01,2026.73,2023.45,2023.45,327.435439
2026-03-30 21:00:00,2023.45,2024.31,2021.89,2021.89,53.273832
2026-03-30 21:05:00,2021.9,2027.49,2021.36,2026.68,165.88978
2026-03-30 21:10:00,2026.63,2040.01,2026.63,2038.76,2563.832469
2026-03-30 21:15:00,2038.75,2040.49,2036.16,2039.46,351.590717
2026-03-30 21:20:00,2039.55,2049.99,2039.55,2047.39,1261.141709
2026-03-30 21:25:00,2047.39,2047.85,2041.61,2042.11,239.01198
2026-03-30 21:30:00,2042.12,2043.84,2041.25,2042.77,101.288603
2026-03-30 21:35:00,2042.77,2045.99,2041.23,2044.12,195.751211
2026-03-30 21:40:00,2044.12,2047.32,2041.61,2043.95,228.48069
2026-03-30 21:45:00,2043.85,2044.89,2041.4,2042.05,122.333931
2026-03-30 21:50:00,2042.05,2044.21,2041.5,2041.5,61.702684
2026-03-30 21:55:00,2041.52,2041.62,2036.0,2036.02,343.766274
2026-03-30 22:00:00,2036.11,2044.45,2035.54,2044.27,196.230843
2026-03-30 22:05:00,2044.4,2044.46,2034.17,2034.79,214.960106
2026-03-30 22:10:00,2034.65,2036.69,2032.23,2035.12,145.827259
2026-03-30 22:15:00,2035.1,2037.83,2033.16,2036.26,211.403815
2026-03-30 22:20:00,2036.45,2038.3,2035.55,2038.24,64.435859
2026-03-30 22:25:00,2038.3,2039.93,2036.15,2037.35,69.832327
2026-03-30 22:30:00,2037.31,2037.31,2034.07,2034.95,71.689239
2026-03-30 22:35:00,2034.94,2036.34,2033.95,2034.98,58.785433
2026-03-30 22:40:00,2034.98,2036.79,2034.98,2035.8,50.00139
2026-03-30 22:45:00,2035.81,2036.47,2029.46,2031.96,571.183339
2026-03-30 22:50:00,2031.95,2033.24,2031.52,2032.63,45.222801
2026-03-30 22:55:00,2032.65,2034.13,2032.65,2033.3,44.821589
2026-03-30 23:00:00,2033.26,2033.3,2016.51,2018.71,1626.810616
2026-03-30 23:05:00,2018.66,2021.45,2014.22,2017.89,609.897494
2026-03-30 23:10:00,2017.97,2021.68,2017.85,2021.37,177.074049
2026-03-30 23:15:00,2021.36,2023.98,2020.15,2022.15,113.815634
2026-03-30 23:20:00,2022.15,2024.41,2021.37,2024.29,217.017953
2026-03-30 23:25:00,2024.34,2025.56,2023.1,2025.26,148.294127
2026-03-30 23:30:00,2025.25,2026.81,2023.36,2026.77,179.152408
2026-03-30 23:35:00,2026.72,2028.03,2024.05,2024.05,238.918469
2026-03-30 23:40:00,2024.05,2026.98,2023.65,2026.64,277.903587
2026-03-30 23:45:00,2026.6,2026.6,2023.28,2025.14,98.744934
2026-03-30 23:50:00,2025.16,2026.61,2025.16,2026.11,71.235097
2026-03-30 23:55:00,2026.1,2026.8,2025.2,2026.73,139.062542
2026-03-31 00:00:00,2026.78,2028.12,2023.69,2026.49,248.237951
2026-03-31 00:05:00,2026.49,2026.49,2021.31,2022.09,176.950835
2026-03-31 00:10:00,2022.09,2022.17,2016.37,2021.26,312.091119
2026-03-31 00:15:00,2021.35,2022.1,2018.0,2021.79,558.743406
2026-03-31 00:20:00,2021.8,2025.57,2019.12,2024.36,860.546927
2026-03-31 00:25:00,2024.35,2028.27,2023.34,2027.16,659.702509
2026-03-31 00:30:00,2027.15,2028.17,2024.31,2024.52,437.018118
2026-03-31 00:35:00,2024.98,2030.94,2024.23,2029.46,806.808751
2026-03-31 00:40:00,2029.46,2030.28,2023.66,2030.06,574.532631
2026-03-31 00:45:00,2030.15,2041.24,2029.85,2039.0,2055.226056
2026-03-31 00:50:00,2039.0,2039.0,2030.55,2034.98,698.731476
2026-03-31 00:55:00,2035.25,2037.43,2034.0,2037.13,530.959249
2026-03-31 01:00:00,2037.2,2040.47,2034.28,2035.14,626.119706
2026-03-31 01:05:00,2035.14,2036.08,2032.51,2033.84,2332.468319
2026-03-31 01:10:00,2033.84,2040.57,2033.84,2040.15,590.595362
2026-03-31 01:15:00,2040.1,2046.94,2040.1,2045.59,1103.640144
2026-03-31 01:20:00,2045.59,2059.48,2045.36,2058.74,2469.58337
2026-03-31 01:25:00,2058.84,2063.99,2053.23,2061.7,2267.926005
2026-03-31 01:30:00,2061.6,2092.64,2058.24,2087.95,7277.042823
2026-03-31 01:35:00,2087.9,2090.44,2076.01,2081.06,2146.992659
2026-03-31 01:40:00,2081.01,2082.26,2072.11,2074.25,958.072521
2026-03-31 01:45:00,2074.11,2076.81,2069.76,2073.67,542.002918
2026-03-31 01:50:00,2073.84,2076.55,2070.68,2074.16,602.43581
2026-03-31 01:55:00,2074.25,2076.92,2073.22,2073.22,223.564288
2026-03-31 02:00:00,2073.21,2074.7,2067.44,2072.24,531.229403
2026-03-31 02:05:00,2072.24,2077.51,2072.24,2074.01,368.909693
2026-03-31 02:10:00,2074.01,2076.52,2074.01,2075.53,124.589142
2026-03-31 02:15:00,2075.75,2083.09,2075.75,2079.03,550.653602
2026-03-31 02:20:00,2079.04,2081.74,2077.15,2081.74,276.15482
2026-03-31 02:25:00,2081.74,2081.74,2076.78,2077.53,291.230331
2026-03-31 02:30:00,2077.53,2079.09,2072.26,2074.4,281.537163
2026-03-31 02:35:00,2074.45,2076.49,2073.03,2073.15,161.447901
2026-03-31 02:40:00,2073.24,2075.63,2072.12,2075.2,235.625622
2026-03-31 02:45:00,2075.19,2076.22,2072.56,2073.3,292.479148
2026-03-31 02:50:00,2073.35,2079.21,2073.35,2075.95,248.866482
2026-03-31 02:55:00,2075.94,2075.94,2072.85,2073.13,86.944895
2026-03-31 03:00:00,2072.96,2073.4,2068.01,2070.29,434.432404
2026-03-31 03:05:00,2070.35,2076.74,2069.71,2073.77,306.965399
2026-03-31 03:10:00,2073.76,2075.3,2071.37,2071.8,56.034091
2026-03-31 03:15:00,2071.8,2073.25,2068.05,2068.05,201.453965
2026-03-31 03:20:00,2068.0,2068.0,2065.06,2066.21,170.52839
2026-03-31 03:25:00,2066.2,2068.9,2066.2,2066.9,158.084549
2026-03-31 03:30:00,2066.9,2069.57,2064.54,2068.3,156.326407
2026-03-31 03:35:00,2068.26,2068.26,2061.93,2063.69,419.359584
2026-03-31 03:40:00,2063.63,2064.8,2061.74,2064.11,125.498428
2026-03-31 03:45:00,2064.11,2067.64,2063.4,2064.55,457.148556
2026-03-31 03:50:00,2064.56,2068.52,2064.56,2067.97,203.606873
2026-03-31 03:55:00,2067.89,2069.54,2066.46,2066.89,52.399306
2026-03-31 04:00:00,2066.9,2069.26,2063.6,2065.25,301.709786
2026-03-31 04:05:00,2065.25,2070.6,2063.81,2066.59,310.596746
2026-03-31 04:10:00,2066.55,2066.98,2063.0,2065.85,200.600662
2026-03-31 04:15:00,2065.72,2068.55,2065.1,2068.11,79.199681
2026-03-31 04:20:00,2068.12,2072.51,2067.96,2068.81,293.496304
2026-03-31 04:25:00,2068.87,2068.99,2057.62,2060.75,666.015773
2026-03-31 04:30:00,2060.62,2062.83,2059.25,2060.14,319.034944
2026-03-31 04:35:00,2060.13,2061.56,2057.12,2061.49,302.399329
2026-03-31 04:40:00,2061.5,2062.76,2060.11,2061.94,113.512475
2026-03-31 04:45:00,2061.92,2065.21,2061.91,2064.01,212.647121
2026-03-31 04:50:00,2064.0,2066.91,2062.38,2063.4,348.192589
2026-03-31 04:55:00,2063.41,2063.41,2060.0,2060.8,108.335597
2026-03-31 05:00:00,2060.81,2063.27,2057.4,2062.86,374.373868
2026-03-31 05:05:00,2062.86,2063.94,2058.9,2059.44,165.984765
2026-03-31 05:10:00,2059.45,2059.7,2055.46,2056.6,172.502881
2026-03-31 05:15:00,2056.74,2059.82,2054.94,2059.14,510.145106
2026-03-31 05:20:00,2059.15,2064.78,2058.7,2064.17,413.953573
2026-03-31 05:25:00,2064.15,2066.07,2063.66,2064.83,109.338523
2026-03-31 05:30:00,2064.84,2067.65,2063.11,2066.8,292.144692
2026-03-31 05:35:00,2066.8,2066.98,2065.05,2066.48,73.500849
2026-03-31 05:40:00,2066.49,2066.94,2063.46,2065.45,74.583901
2026-03-31 05:45:00,2065.44,2069.0,2065.31,2068.17,193.835328
2026-03-31 05:50:00,2068.16,2069.2,2064.67,2066.04,189.383356
2026-03-31 05:55:00,2066.04,2066.25,2063.04,2064.34,49.217281
2026-03-31 06:00:00,2064.38,2065.0,2059.34,2063.55,196.605185
2026-03-31 06:05:00,2063.54,2063.54,2059.41,2060.25,126.21769
2026-03-31 06:10:00,2060.2,2060.2,2058.4,2059.25,104.698008
2026-03-31 06:15:00,2059.24,2060.59,2056.92,2058.69,194.807237
2026-03-31 06:20:00,2058.66,2060.3,2057.2,2058.97,169.091378
2026-03-31 06:25:00,2058.95,2060.05,2055.55,2057.54,181.722876
2026-03-31 06:30:00,2057.54,2059.1,2056.64,2057.43,116.171125
2026-03-31 06:35:00,2057.35,2058.65,2055.17,2058.65,93.926823
2026-03-31 06:40:00,2058.64,2060.68,2057.8,2058.77,122.273179
2026-03-31 06:45:00,2058.76,2060.43,2058.76,2060.05,57.347295
2026-03-31 06:50:00,2060.04,2062.49,2059.86,2061.92,113.777772
2026-03-31 06:55:00,2061.99,2063.27,2061.23,2062.4,128.702982
2026-03-31 07:00:00,2062.41,2063.2,2058.63,2061.74,506.482228
2026-03-31 07:05:00,2061.79,2061.83,2057.41,2057.63,205.389542
2026-03-31 07:10:00,2057.63,2058.22,2049.29,2051.25,622.218354
2026-03-31 07:15:00,2051.24,2051.5,2042.13,2044.91,829.244445
2026-03-31 07:20:00,2044.86,2048.34,2044.47,2044.58,412.600936
2026-03-31 07:25:00,2044.58,2052.32,2043.6,2050.5,2509.261076
2026-03-31 07:30:00,2050.49,2051.83,2048.48,2050.74,417.684552
2026-03-31 07:35:00,2050.73,2053.84,2049.53,2052.86,557.203999
2026-03-31 07:40:00,2052.85,2054.45,2051.7,2053.01,197.708927
2026-03-31 07:45:00,2053.03,2057.43,2053.03,2055.8,272.622442
2026-03-31 07:50:00,2055.8,2056.5,2054.41,2055.9,215.486704
2026-03-31 07:55:00,2055.88,2056.09,2054.5,2055.86,218.001459
2026-03-31 08:00:00,2055.85,2058.26,2051.49,2057.96,307.344565
2026-03-31 08:05:00,2057.96,2058.78,2055.91,2058.41,187.1884
2026-03-31 08:10:00,2058.4,2058.4,2053.41,2053.92,196.365426
2026-03-31 08:15:00,2053.92,2056.55,2052.21,2055.74,201.177521
2026-03-31 08:20:00,2055.8,2059.12,2055.68,2056.02,344.56954
2026-03-31 08:25:00,2056.28,2056.44,2053.94,2054.34,73.062001
2026-03-31 08:30:00,2054.34,2054.5,2047.77,2048.72,335.371806
2026-03-31 08:35:00,2048.59,2050.5,2046.05,2046.05,255.802301
2026-03-31 08:40:00,2046.05,2048.19,2039.66,2040.81,2502.990164
2026-03-31 08:45:00,2040.97,2044.24,2035.91,2043.61,1132.740875
2026-03-31 08:50:00,2043.6,2043.84,2039.44,2042.29,144.270504
2026-03-31 08:55:00,2042.29,2043.2,2039.7,2039.87,246.870196
2026-03-31 09:00:00,2039.87,2041.24,2037.18,2040.91,577.233303
2026-03-31 09:05:00,2040.91,2044.59,2036.76,2038.71,575.216602
2026-03-31 09:10:00,2038.67,2038.77,2032.83,2037.64,1204.152028
2026-03-31 09:15:00,2037.79,2038.54,2028.58,2029.4,1405.503757
2026-03-31 09:20:00,2029.4,2031.58,2026.36,2031.09,961.198591
2026-03-31 09:25:00,2031.06,2031.65,2022.83,2026.35,1508.797794
2026-03-31 09:30:00,2026.39,2028.87,2024.68,2027.71,585.022935
2026-03-31 09:35:00,2027.48,2028.8,2024.68,2028.57,353.643828
2026-03-31 09:40:00,2028.58,2032.3,2027.9,2030.75,529.466097
2026-03-31 09:45:00,2030.84,2030.84,2026.11,2027.76,186.226962
2026-03-31 09:50:00,2027.8,2028.38,2023.02,2024.4,483.705316
2026-03-31 09:55:00,2024.51,2025.09,2012.55,2018.61,1743.48138
2026-03-31 10:00:00,2018.5,2021.62,2017.16,2021.22,501.409673
2026-03-31 10:05:00,2021.25,2024.64,2020.51,2024.64,167.364704
2026-03-31 10:10:00,2024.65,2025.6,2024.0,2025.25,149.271114
2026-03-31 10:15:00,2025.26,2028.17,2024.0,2025.52,276.418388
2026-03-31 10:20:00,2025.52,2028.95,2024.76,2027.22,309.266358
2026-03-31 10:25:00,2027.22,2027.41,2025.2,2026.15,107.071156
2026-03-31 10:30:00,2026.16,2027.64,2024.4,2024.66,99.610735
2026-03-31 10:35:00,2024.89,2026.31,2021.33,2023.2,334.080257
2026-03-31 10:40:00,2023.3,2024.79,2022.5,2024.04,263.583059
2026-03-31 10:45:00,2024.04,2027.15,2023.34,2027.03,402.632095
2026-03-31 10:50:00,2027.03,2030.5,2027.03,2029.96,528.398498
2026-03-31 10:55:00,2029.96,2029.96,2025.72,2026.64,239.837708
2026-03-31 11:00:00,2026.63,2029.08,2024.62,2029.08,794.989623
2026-03-31 11:05:00,2029.1,2029.2,2023.06,2023.44,230.907518
2026-03-31 11:10:00,2023.42,2036.27,2023.42,2033.78,3044.176018
2026-03-31 11:15:00,2033.71,2042.84,2032.05,2037.54,2644.513952
2026-03-31 11:20:00,2037.55,2041.82,2034.66,2038.96,603.179992
2026-03-31 11:25:00,2039.0,2041.74,2036.85,2038.08,404.381545
2026-03-31 11:30:00,2038.14,2039.0,2036.46,2038.21,342.87113
2026-03-31 11:35:00,2038.23,2044.78,2037.54,2042.61,1093.808053
2026-03-31 11:40:00,2042.61,2043.15,2039.55,2042.52,344.409829
2026-03-31 11:45:00,2042.52,2042.52,2037.3,2039.04,322.730458
2026-03-31 11:50:00,2039.04,2040.14,2037.72,2038.75,177.995825
2026-03-31 11:55:00,2038.75,2041.8,2038.23,2041.3,125.424907
2026-03-31 12:00:00,2041.35,2047.2,2041.35,2045.29,195.818902
2026-03-31 12:05:00,2045.36,2047.29,2043.32,2045.6,110.158179
2026-03-31 12:10:00,2045.59,2045.59,2037.04,2037.7,287.415366
2026-03-31 12:15:00,2037.7,2048.0,2035.55,2045.95,1090.683304
2026-03-31 12:20:00,2045.8,2046.16,2042.81,2044.41,130.352443
2026-03-31 12:25:00,2044.46,2052.99,2044.34,2051.49,1120.911857
2026-03-31 12:30:00,2051.71,2055.42,2049.25,2052.04,674.195072
2026-03-31 12:35:00,2052.05,2058.19,2051.29,2055.94,319.871522
2026-03-31 12:40:00,2055.92,2056.8,2054.37,2056.8,479.062932
2026-03-31 12:45:00,2056.7,2057.95,2045.41,2048.62,484.287714
2026-03-31 12:50:00,2048.56,2049.96,2047.15,2047.81,170.490659
2026-03-31 12:55:00,2047.89,2048.66,2046.16,2047.78,175.670666
2026-03-31 13:00:00,2047.77,2052.19,2047.77,2051.3,223.89947
2026-03-31 13:05:00,2051.45,2057.63,2050.35,2056.76,306.249434
2026-03-31 13:10:00,2056.76,2061.35,2056.67,2060.1,905.704262
2026-03-31 13:15:00,2060.0,2065.23,2058.66,2058.66,722.658559
2026-03-31 13:20:00,2058.65,2059.92,2056.68,2059.36,310.036385
2026-03-31 13:25:00,2059.31,2060.96,2057.22,2058.43,352.635954
2026-03-31 13:30:00,2058.44,2067.74,2057.71,2063.76,664.400984
2026-03-31 13:35:00,2063.55,2067.34,2059.52,2065.26,751.913904
2026-03-31 13:40:00,2065.35,2069.54,2061.54,2063.31,548.843609
2026-03-31 13:45:00,2063.32,2074.94,2063.32,2074.48,933.362035
2026-03-31 13:50:00,2074.49,2079.58,2069.81,2076.21,1050.548287
2026-03-31 13:55:00,2076.29,2080.0,2072.25,2075.07,825.268585
2026-03-31 14:00:00,2075.04,2085.45,2072.45,2073.61,4005.792859
2026-03-31 14:05:00,2073.4,2073.4,2068.27,2070.31,1124.664574
2026-03-31 14:10:00,2070.3,2080.64,2070.3,2079.31,834.91286
2026-03-31 14:15:00,2079.28,2092.0,2078.8,2088.24,3289.681167
2026-03-31 14:20:00,2088.69,2089.14,2084.42,2085.36,563.272902
2026-03-31 14:25:00,2085.35,2087.72,2081.8,2086.67,816.856653
2026-03-31 14:30:00,2086.8,2089.17,2078.08,2078.08,849.483864
2026-03-31 14:35:00,2078.07,2079.64,2071.28,2071.46,810.406959
2026-03-31 14:40:00,2071.57,2073.16,2063.64,2068.64,914.718461
2026-03-31 14:45:00,2068.55,2068.55,2053.73,2056.44,1450.798168
2026-03-31 14:50:00,2056.59,2057.78,2039.11,2043.5,3238.718382
2026-03-31 14:55:00,2043.45,2047.89,2037.26,2045.9,825.58954
2026-03-31 15:00:00,2046.04,2054.51,2045.41,2052.27,459.698253
2026-03-31 15:05:00,2052.16,2066.69,2052.16,2061.1,1070.562479
2026-03-31 15:10:00,2060.85,2078.0,2060.85,2075.57,1431.686341
2026-03-31 15:15:00,2075.76,2077.35,2069.8,2071.34,483.045051
2026-03-31 15:20:00,2071.4,2075.64,2068.24,2073.17,274.038897
2026-03-31 15:25:00,2073.19,2073.69,2058.83,2060.51,581.295562
2026-03-31 15:30:00,2060.51,2067.47,2057.63,2060.67,393.295919
2026-03-31 15:35:00,2061.24,2065.89,2060.56,2061.99,340.829222
2026-03-31 15:40:00,2061.99,2063.08,2057.19,2059.43,175.329634
2026-03-31 15:45:00,2059.4,2061.11,2054.5,2060.15,439.550905
2026-03-31 15:50:00,2060.15,2065.21,2059.01,2062.72,143.600728
2026-03-31 15:55:00,2062.79,2063.45,2053.67,2055.0,196.892931
2026-03-31 16:00:00,2054.82,2063.21,2054.41,2058.84,394.340405
2026-03-31 16:05:00,2058.84,2068.08,2058.44,2065.16,494.575148
2026-03-31 16:10:00,2065.15,2065.45,2057.26,2064.65,155.906918
2026-03-31 16:15:00,2064.65,2068.99,2063.47,2064.03,154.609808
2026-03-31 16:20:00,2064.01,2070.71,2062.5,2070.55,237.755875
2026-03-31 16:25:00,2070.73,2071.24,2065.75,2066.49,135.807942
2026-03-31 16:30:00,2066.48,2067.49,2063.24,2063.24,294.906442
2026-03-31 16:35:00,2063.1,2081.82,2061.58,2081.82,1451.504817
2026-03-31 16:40:00,2081.61,2108.95,2080.68,2094.43,11772.213752
2026-03-31 16:45:00,2094.43,2103.8,2085.69,2097.95,3542.251982
2026-03-31 16:50:00,2097.66,2099.99,2088.77,2092.74,1479.765036
2026-03-31 16:55:00,2092.69,2093.41,2085.71,2091.86,702.058047
2026-03-31 17:00:00,2091.73,2098.0,2089.83,2095.06,800.399493
2026-03-31 17:05:00,2095.39,2095.39,2088.73,2091.01,981.810655
2026-03-31 17:10:00,2091.0,2116.25,2090.0,2114.22,3697.122518
2026-03-31 17:15:00,2114.6,2119.36,2108.15,2111.98,1806.635961
2026-03-31 17:20:00,2111.95,2124.78,2108.1,2118.93,1992.197486
2026-03-31 17:25:00,2118.94,2121.19,2107.27,2108.02,1103.222629
2026-03-31 17:30:00,2108.01,2114.55,2105.36,2112.59,721.227449
2026-03-31 17:35:00,2112.39,2113.88,2099.99,2104.74,1496.167754
2026-03-31 17:40:00,2104.89,2105.42,2093.16,2099.05,1801.758388
2026-03-31 17:45:00,2099.29,2102.95,2094.9,2099.3,794.668479
2026-03-31 17:50:00,2099.5,2101.09,2093.29,2097.7,1174.498299
2026-03-31 17:55:00,2097.95,2098.29,2090.09,2093.5,901.015243
2026-03-31 18:00:00,2093.41,2099.59,2093.41,2098.54,373.685783
2026-03-31 18:05:00,2098.51,2107.98,2098.02,2105.34,666.799337
2026-03-31 18:10:00,2105.19,2108.61,2103.75,2107.76,297.094524
2026-03-31 18:15:00,2107.76,2115.3,2102.35,2102.87,1612.935297
2026-03-31 18:20:00,2102.94,2105.46,2102.35,2103.0,152.756915
2026-03-31 18:25:00,2103.05,2105.46,2096.91,2102.43,1052.664867
2026-03-31 18:30:00,2102.43,2104.41,2098.0,2100.07,503.320298
2026-03-31 18:35:00,2100.07,2106.24,2098.29,2103.75,563.80655
2026-03-31 18:40:00,2103.74,2103.74,2098.92,2100.5,229.115534
2026-03-31 18:45:00,2100.51,2104.28,2099.36,2100.29,184.130434
2026-03-31 18:50:00,2100.37,2102.07,2096.84,2098.1,311.092647
2026-03-31 18:55:00,2098.01,2100.73,2097.05,2099.99,275.826482
2026-03-31 19:00:00,2099.99,2103.97,2098.19,2101.35,671.337665
2026-03-31 19:05:00,2101.35,2102.98,2097.72,2098.34,297.028053
2026-03-31 19:10:00,2098.39,2103.99,2098.28,2101.81,235.560342
2026-03-31 19:15:00,2101.84,2104.0,2099.15,2100.65,513.400912
2026-03-31 19:20:00,2100.61,2101.0,2098.59,2100.09,261.005227
2026-03-31 19:25:00,2100.1,2100.75,2096.67,2098.14,355.084795
2026-03-31 19:30:00,2098.25,2100.36,2097.44,2098.2,244.75664
2026-03-31 19:35:00,2098.2,2100.39,2093.52,2093.95,292.024089
2026-03-31 19:40:00,2093.86,2096.71,2092.29,2096.51,389.458288
2026-03-31 19:45:00,2096.5,2099.98,2095.71,2098.01,161.442174
2026-03-31 19:50:00,2098.03,2099.89,2093.75,2095.93,156.755823
2026-03-31 19:55:00,2095.91,2098.07,2092.86,2096.8,253.563243
2026-03-31 20:00:00,2096.88,2099.98,2096.31,2098.34,442.390972
2026-03-31 20:05:00,2098.34,2104.85,2098.26,2103.13,297.828783
2026-03-31 20:10:00,2103.12,2106.65,2102.4,2106.24,304.479578
2026-03-31 20:15:00,2106.16,2106.89,2102.39,2103.49,223.916852
2026-03-31 20:20:00,2103.59,2105.26,2101.83,2104.28,205.363799
2026-03-31 20:25:00,2104.25,2104.5,2102.13,2103.8,185.306206
2026-03-31 20:30:00,2103.79,2104.99,2101.58,2101.66,134.645668
2026-03-31 20:35:00,2101.68,2108.68,2101.52,2106.94,359.997829
2026-03-31 20:40:00,2106.98,2106.98,2104.01,2104.76,83.462274
2026-03-31 20:45:00,2104.76,2110.77,2103.15,2107.46,287.690775
2026-03-31 20:50:00,2107.47,2107.94,2104.9,2107.2,134.844584
2026-03-31 20:55:00,2107.19,2108.07,2105.97,2107.95,141.34345
2026-03-31 21:00:00,2107.95,2107.96,2097.06,2099.72,497.092069
2026-03-31 21:05:00,2099.71,2101.39,2093.49,2096.66,574.00064
2026-03-31 21:10:00,2096.65,2098.13,2096.12,2097.67,300.036707
2026-03-31 21:15:00,2097.69,2098.34,2095.42,2097.0,170.496
2026-03-31 21:20:00,2097.01,2097.81,2093.46,2097.27,192.18161
2026-03-31 21:25:00,2097.29,2100.8,2097.29,2100.45,224.43932
2026-03-31 21:30:00,2100.45,2103.76,2099.41,2101.8,191.398536
2026-03-31 21:35:00,2101.72,2102.16,2100.35,2100.74,98.551757
2026-03-31 21:40:00,2100.74,2102.75,2099.7,2101.11,125.30983
2026-03-31 21:45:00,2101.25,2103.66,2099.26,2103.66,89.087328
2026-03-31 21:50:00,2103.67,2107.14,2101.81,2106.62,294.867536
2026-03-31 21:55:00,2106.62,2109.49,2101.19,2102.4,448.363994
2026-03-31 22:00:00,2102.4,2104.76,2098.46,2099.14,634.827344
2026-03-31 22:05:00,2099.12,2099.88,2094.06,2095.74,351.040408
2026-03-31 22:10:00,2095.74,2100.5,2095.74,2100.28,200.484549
2026-03-31 22:15:00,2100.2,2102.77,2099.45,2100.45,1116.036332
2026-03-31 22:20:00,2100.45,2102.38,2097.52,2099.5,769.678417
2026-03-31 22:25:00,2099.49,2100.37,2097.06,2097.06,207.746068
2026-03-31 22:30:00,2097.05,2097.05,2087.82,2091.31,1457.288286
2026-03-31 22:35:00,2091.32,2093.24,2090.53,2092.68,301.415219
2026-03-31 22:40:00,2092.65,2100.16,2092.5,2097.57,577.219934
2026-03-31 22:45:00,2097.55,2097.55,2094.32,2095.99,506.557121
2026-03-31 22:50:00,2096.0,2096.67,2093.38,2095.51,571.178092
2026-03-31 22:55:00,2095.63,2098.02,2094.95,2096.86,759.188378
2026-03-31 23:00:00,2096.86,2097.24,2093.14,2094.53,383.841073
2026-03-31 23:05:00,2094.62,2100.3,2094.45,2099.35,390.076099
2026-03-31 23:10:00,2099.37,2101.22,2096.53,2097.1,498.479733
2026-03-31 23:15:00,2097.08,2106.29,2095.46,2103.88,1503.350547
2026-03-31 23:20:00,2103.89,2105.02,2099.19,2099.83,181.466406
2026-03-31 23:25:00,2099.83,2101.69,2098.12,2100.85,124.731587
2026-03-31 23:30:00,2100.84,2103.69,2100.21,2102.84,114.295021
2026-03-31 23:35:00,2102.84,2105.95,2101.91,2105.94,189.450278
2026-03-31 23:40:00,2105.94,2106.51,2104.15,2105.33,895.336257
2026-03-31 23:45:00,2105.33,2105.33,2101.21,2102.44,302.29631
2026-03-31 23:50:00,2102.46,2109.39,2102.4,2105.42,1020.124053
2026-03-31 23:55:00,2105.51,2108.4,2104.74,2105.79,229.744787
2026-04-01 00:00:00,2105.61,2106.6,2100.45,2104.99,776.39473
2026-04-01 00:05:00,2104.99,2106.96,2103.06,2105.42,350.351098
2026-04-01 00:10:00,2105.35,2105.35,2101.48,2102.29,168.177257
2026-04-01 00:15:00,2102.36,2107.84,2102.36,2104.38,354.48062
2026-04-01 00:20:00,2104.37,2105.74,2097.45,2100.09,337.747208
2026-04-01 00:25:00,2100.08,2101.53,2099.1,2101.53,438.38733
2026-04-01 00:30:00,2101.54,2102.98,2097.12,2098.34,318.982954
2026-04-01 00:35:00,2098.35,2100.44,2098.3,2100.09,229.96017
2026-04-01 00:40:00,2100.1,2103.71,2100.0,2103.71,198.002603
2026-04-01 00:45:00,2103.71,2103.99,2100.7,2103.89,339.482265
2026-04-01 00:50:00,2103.9,2117.88,2103.9,2113.3,2040.842938
2026-04-01 00:55:00,2113.49,2115.4,2110.82,2114.93,845.202055
2026-04-01 01:00:00,2115.0,2116.27,2108.8,2111.02,718.201278
2026-04-01 01:05:00,2111.01,2111.01,2104.88,2107.89,449.598951
2026-04-01 01:10:00,2107.81,2109.07,2106.51,2107.55,224.299638
2026-04-01 01:15:00,2107.55,2107.55,2101.73,2102.05,458.734187
2026-04-01 01:20:00,2102.04,2102.95,2100.04,2101.37,255.108312
2026-04-01 01:25:00,2101.37,2102.15,2100.0,2100.19,512.775548
2026-04-01 01:30:00,2100.02,2102.88,2094.66,2096.2,729.41335
2026-04-01 01:35:00,2096.34,2097.64,2091.55,2095.01,949.488003
2026-04-01 01:40:00,2095.0,2097.0,2093.26,2096.99,424.419447
2026-04-01 01:45:00,2097.05,2097.7,2092.66,2093.21,537.959582
2026-04-01 01:50:00,2093.21,2097.64,2093.06,2095.11,486.684559
2026-04-01 01:55:00,2095.11,2096.89,2092.3,2093.06,435.269107
2026-04-01 02:00:00,2093.07,2097.1,2093.07,2095.69,381.669855
2026-04-01 02:05:00,2095.69,2096.75,2093.45,2095.0,445.970424
2026-04-01 02:10:00,2095.01,2095.99,2088.65,2092.79,367.285576
2026-04-01 02:15:00,2092.79,2096.3,2090.2,2094.98,550.32032
2026-04-01 02:20:00,2094.95,2095.59,2092.52,2093.61,181.704509
2026-04-01 02:25:00,2093.64,2093.64,2081.57,2085.85,1840.69913
2026-04-01 02:30:00,2085.84,2088.14,2083.06,2084.27,299.695548
2026-04-01 02:35:00,2084.31,2090.86,2084.31,2087.96,463.706018
2026-04-01 02:40:00,2088.04,2090.69,2088.04,2088.41,138.47258
2026-04-01 02:45:00,2088.46,2091.59,2086.54,2088.3,354.557356
2026-04-01 02:50:00,2088.25,2090.83,2087.95,2089.85,340.224361
2026-04-01 02:55:00,2089.76,2089.99,2087.65,2088.7,156.603941
2026-04-01 03:00:00,2088.74,2093.59,2088.74,2092.32,385.871199
2026-04-01 03:05:00,2092.32,2106.89,2092.05,2104.7,1297.417146
2026-04-01 03:10:00,2104.7,2104.7,2101.05,2101.48,364.663433
2026-04-01 03:15:00,2101.49,2102.84,2100.53,2101.17,113.801334
2026-04-01 03:20:00,2101.16,2101.16,2098.06,2098.55,421.065633
2026-04-01 03:25:00,2098.5,2098.88,2096.99,2098.73,336.271927
2026-04-01 03:30:00,2098.75,2100.99,2097.28,2097.28,108.514543
2026-04-01 03:35:00,2097.26,2098.08,2095.75,2097.93,99.440844
2026-04-01 03:40:00,2097.93,2101.96,2097.25,2100.91,117.918392
2026-04-01 03:45:00,2100.92,2106.96,2100.92,2104.05,513.990764
2026-04-01 03:50:00,2104.05,2104.18,2100.87,2102.79,108.535067
2026-04-01 03:55:00,2102.79,2104.18,2101.63,2102.96,191.586459
2026-04-01 04:00:00,2102.97,2105.76,2102.3,2102.3,209.037418
2026-04-01 04:05:00,2102.3,2103.86,2100.63,2103.32,92.459516
2026-04-01 04:10:00,2103.33,2103.54,2100.65,2102.12,376.049598
2026-04-01 04:15:00,2102.11,2106.89,2100.89,2106.69,209.123706
2026-04-01 04:20:00,2106.69,2111.09,2105.61,2108.24,732.672655
2026-04-01 04:25:00,2108.24,2111.03,2108.06,2110.45,360.52272
2026-04-01 04:30:00,2110.45,2111.3,2108.11,2110.44,695.86481
2026-04-01 04:35:00,2110.49,2112.18,2108.15,2109.95,367.362942
2026-04-01 04:40:00,2109.91,2112.17,2109.65,2110.01,462.855254
2026-04-01 04:45:00,2110.0,2114.39,2109.14,2112.46,482.47758
2026-04-01 04:50:00,2112.48,2116.94,2112.2,2112.69,430.728283
2026-04-01 04:55:00,2112.69,2112.95,2109.3,2111.48,179.07096
2026-04-01 05:00:00,2111.49,2112.02,2106.43,2107.07,398.95787
2026-04-01 05:05:00,2107.07,2110.52,2107.06,2110.37,236.214472
2026-04-01 05:10:00,2110.37,2115.48,2108.8,2114.09,227.105063
2026-04-01 05:15:00,2114.08,2121.99,2112.73,2119.15,1250.336753
2026-04-01 05:20:00,2119.1,2124.98,2117.75,2122.96,668.581302
2026-04-01 05:25:00,2123.08,2136.61,2123.0,2127.61,3498.976141
2026-04-01 05:30:00,2127.82,2131.73,2126.27,2129.89,960.221067
2026-04-01 05:35:00,2129.88,2130.05,2124.78,2125.35,496.972699
2026-04-01 05:40:00,2125.36,2127.24,2123.71,2125.9,327.330762
2026-04-01 05:45:00,2125.95,2126.98,2123.37,2124.99,379.409711
2026-04-01 05:50:00,2124.99,2128.29,2124.99,2126.14,402.108392
2026-04-01 05:55:00,2126.18,2126.19,2122.72,2122.91,220.769732
2026-04-01 06:00:00,2122.91,2126.65,2122.91,2125.97,203.685776
2026-04-01 06:05:00,2125.97,2137.25,2125.96,2134.12,1286.696003
2026-04-01 06:10:00,2134.33,2143.75,2134.33,2138.36,1787.24756
2026-04-01 06:15:00,2138.35,2141.27,2135.29,2140.11,986.751643
2026-04-01 06:20:00,2140.15,2141.05,2135.93,2140.6,791.636627
2026-04-01 06:25:00,2140.6,2145.5,2139.59,2144.1,1785.353298
2026-04-01 06:30:00,2144.09,2147.85,2141.95,2147.3,1154.076279
2026-04-01 06:35:00,2147.3,2150.92,2145.0,2145.99,1104.619542
2026-04-01 06:40:00,2145.95,2155.5,2145.34,2155.04,990.207733
2026-04-01 06:45:00,2155.03,2156.27,2148.45,2148.7,950.37773
2026-04-01 06:50:00,2148.7,2149.83,2146.85,2149.38,320.029513
2026-04-01 06:55:00,2149.54,2153.5,2148.58,2151.11,528.966625
2026-04-01 07:00:00,2151.23,2154.46,2151.23,2152.05,518.158781
2026-04-01 07:05:00,2152.25,2158.5,2152.02,2154.91,1449.920718
2026-04-01 07:10:00,2154.95,2157.8,2148.13,2149.67,1079.897791
2026-04-01 07:15:00,2149.58,2150.0,2142.35,2142.35,795.362652
2026-04-01 07:20:00,2142.36,2142.54,2137.56,2139.73,960.361317
2026-04-01 07:25:00,2139.74,2141.97,2138.44,2139.25,507.33367
2026-04-01 07:30:00,2139.33,2141.7,2137.5,2138.05,693.023952
2026-04-01 07:35:00,2138.05,2142.13,2137.55,2139.72,1010.699976
2026-04-01 07:40:00,2139.71,2140.1,2137.56,2139.4,550.160432
2026-04-01 07:45:00,2139.4,2140.0,2132.78,2134.46,1406.354047
2026-04-01 07:50:00,2134.45,2135.99,2132.32,2133.18,1369.766224
2026-04-01 07:55:00,2133.2,2134.29,2129.86,2130.74,1012.176955
2026-04-01 08:00:00,2130.7,2136.0,2130.7,2133.84,627.653963
2026-04-01 08:05:00,2133.89,2135.25,2128.31,2128.41,500.415488
2026-04-01 08:10:00,2128.59,2128.89,2125.07,2126.29,666.65408
2026-04-01 08:15:00,2126.28,2131.2,2125.0,2129.86,1471.092308
2026-04-01 08:20:00,2129.93,2133.86,2129.93,2133.25,317.263952
2026-04-01 08:25:00,2133.26,2137.29,2133.26,2136.26,648.011754
2026-04-01 08:30:00,2136.25,2137.83,2134.66,2135.14,320.439922
2026-04-01 08:35:00,2135.25,2142.76,2135.05,2140.26,764.200505
2026-04-01 08:40:00,2140.25,2141.23,2137.58,2140.01,202.949021
2026-04-01 08:45:00,2140.02,2140.44,2137.85,2139.92,102.081371
2026-04-01 08:50:00,2139.9,2143.2,2133.27,2134.89,1418.727145
2026-04-01 08:55:00,2135.09,2139.74,2132.73,2136.93,261.107265
2026-04-01 09:00:00,2136.93,2139.84,2135.4,2138.48,183.073651
2026-04-01 09:05:00,2138.49,2140.41,2131.42,2132.5,607.96754
2026-04-01 09:10:00,2132.5,2133.78,2131.44,2133.44,197.874706
2026-04-01 09:15:00,2133.44,2135.09,2130.72,2132.2,451.484969
2026-04-01 09:20:00,2132.28,2132.95,2128.24,2129.44,557.590785
2026-04-01 09:25:00,2129.44,2133.62,2128.26,2133.62,214.255919
2026-04-01 09:30:00,2133.7,2136.57,2133.4,2135.4,405.721836
2026-04-01 09:35:00,2135.4,2135.89,2130.07,2130.07,735.756755
2026-04-01 09:40:00,2130.07,2130.98,2128.43,2130.44,236.579487
2026-04-01 09:45:00,2130.44,2134.9,2130.44,2134.9,157.41622
2026-04-01 09:50:00,2134.91,2138.21,2134.91,2136.89,363.917982
2026-04-01 09:55:00,2137.0,2138.21,2135.9,2136.54,103.693523
2026-04-01 10:00:00,2136.55,2138.0,2131.85,2132.04,178.34384
2026-04-01 10:05:00,2132.04,2134.08,2131.82,2131.94,400.017955
2026-04-01 10:10:00,2131.93,2134.1,2130.75,2130.87,404.847797
2026-04-01 10:15:00,2131.0,2133.55,2130.5,2132.06,483.607109
2026-04-01 10:20:00,2132.06,2135.62,2132.06,2133.0,359.345613
2026-04-01 10:25:00,2133.0,2133.49,2130.5,2130.91,480.466962
2026-04-01 10:30:00,2130.88,2132.62,2128.59,2128.59,420.63618
2026-04-01 10:35:00,2128.58,2131.26,2126.29,2130.25,480.911504
2026-04-01 10:40:00,2130.26,2133.36,2130.26,2131.3,445.016152
2026-04-01 10:45:00,2131.29,2136.34,2131.29,2135.98,439.42643
2026-04-01 10:50:00,2135.97,2136.5,2133.26,2133.99,217.455694
2026-04-01 10:55:00,2133.98,2133.98,2128.34,2132.66,591.850616
2026-04-01 11:00:00,2132.65,2135.45,2132.08,2133.97,348.966437
2026-04-01 11:05:00,2133.96,2134.09,2131.81,2131.85,210.21193
2026-04-01 11:10:00,2131.79,2140.15,2130.9,2137.76,967.902686
2026-04-01 11:15:00,2137.76,2137.92,2134.15,2135.55,440.645869
2026-04-01 11:20:00,2135.57,2136.75,2132.2,2134.12,411.13469
2026-04-01 11:25:00,2134.13,2137.29,2133.9,2134.31,379.627969
2026-04-01 11:30:00,2134.32,2136.5,2132.34,2132.83,452.151791
2026-04-01 11:35:00,2132.88,2137.68,2132.88,2136.79,375.598585
2026-04-01 11:40:00,2136.85,2137.55,2133.9,2136.44,522.289915
2026-04-01 11:45:00,2136.44,2137.1,2134.17,2135.75,532.871688
2026-04-01 11:50:00,2135.75,2137.78,2134.45,2135.88,181.027876
2026-04-01 11:55:00,2135.88,2136.99,2135.25,2135.7,321.212511
2026-04-01 12:00:00,2135.68,2135.68,2129.5,2131.82,735.643311
2026-04-01 12:05:00,2131.81,2134.64,2131.78,2133.08,391.253212
2026-04-01 12:10:00,2133.09,2136.97,2133.09,2134.58,448.464063
2026-04-01 12:15:00,2134.57,2137.11,2134.41,2136.36,372.808819
2026-04-01 12:20:00,2136.36,2136.36,2132.43,2134.19,251.628253
2026-04-01 12:25:00,2134.2,2135.75,2131.66,2133.26,467.130182
2026-04-01 12:30:00,2133.26,2136.39,2129.41,2129.61,875.299867
2026-04-01 12:35:00,2129.61,2130.64,2122.14,2124.43,1681.616196
2026-04-01 12:40:00,2124.44,2149.71,2123.61,2141.99,2441.303232
2026-04-01 12:45:00,2142.0,2143.55,2131.06,2131.83,2007.583322
2026-04-01 12:50:00,2131.75,2136.81,2127.9,2129.85,674.38138
2026-04-01 12:55:00,2130.04,2133.23,2128.98,2131.3,489.490231
2026-04-01 13:00:00,2131.27,2132.0,2117.92,2120.74,2449.490512
2026-04-01 13:05:00,2120.76,2121.4,2113.8,2121.38,1025.414056
2026-04-01 13:10:00,2121.42,2129.39,2120.81,2127.73,925.735314
2026-04-01 13:15:00,2127.75,2133.52,2127.75,2132.0,931.212353
2026-04-01 13:20:00,2131.95,2132.15,2128.21,2129.78,201.655198
2026-04-01 13:25:00,2129.78,2134.61,2129.51,2133.24,248.594266
2026-04-01 13:30:00,2133.29,2134.25,2126.48,2131.5,1714.394007
2026-04-01 13:35:00,2131.41,2135.2,2128.01,2129.62,331.394056
2026-04-01 13:40:00,2129.61,2129.61,2108.36,2116.8,3152.687556
2026-04-01 13:45:00,2116.79,2118.67,2111.3,2114.35,1652.668166
2026-04-01 13:50:00,2114.38,2124.7,2113.01,2119.75,1562.095431
2026-04-01 13:55:00,2119.76,2121.87,2116.99,2119.39,741.995005
2026-04-01 14:00:00,2119.39,2123.96,2118.01,2120.74,577.96613
2026-04-01 14:05:00,2120.8,2122.25,2114.45,2119.19,554.406851
2026-04-01 14:10:00,2119.17,2121.87,2116.8,2121.87,432.214398
2026-04-01 14:15:00,2121.87,2125.76,2120.54,2123.12,424.674132
2026-04-01 14:20:00,2123.12,2128.72,2120.8,2122.04,688.546855
2026-04-01 14:25:00,2122.05,2125.56,2120.88,2125.43,712.619876
2026-04-01 14:30:00,2125.44,2129.93,2115.71,2116.18,1074.792099
2026-04-01 14:35:00,2116.3,2126.9,2115.45,2121.45,897.072972
2026-04-01 14:40:00,2121.42,2122.71,2116.58,2121.45,853.277349
2026-04-01 14:45:00,2121.46,2127.0,2119.41,2127.0,1216.323764
2026-04-01 14:50:00,2127.0,2130.5,2124.67,2128.19,1092.776433
2026-04-01 14:55:00,2128.15,2128.15,2124.66,2126.85,372.119021
2026-04-01 15:00:00,2126.86,2128.83,2124.9,2127.06,205.957873
2026-04-01 15:05:00,2127.08,2131.8,2127.08,2129.42,592.994435
2026-04-01 15:10:00,2129.47,2129.47,2123.52,2124.53,709.746535
2026-04-01 15:15:00,2124.65,2129.09,2122.21,2127.6,383.70805
2026-04-01 15:20:00,2127.6,2133.79,2124.84,2133.79,708.162864
2026-04-01 15:25:00,2133.8,2138.22,2129.27,2131.27,1023.945016
2026-04-01 15:30:00,2131.33,2134.98,2129.33,2130.71,446.711291
2026-04-01 15:35:00,2130.71,2134.94,2130.46,2130.94,343.266333
2026-04-01 15:40:00,2130.94,2133.55,2129.31,2132.06,610.434349
2026-04-01 15:45:00,2132.06,2135.4,2132.06,2132.65,519.396084
2026-04-01 15:50:00,2132.65,2137.99,2132.43,2134.96,321.452499
2026-04-01 15:55:00,2134.9,2136.95,2134.36,2135.07,277.377051
2026-04-01 16:00:00,2135.01,2135.68,2129.73,2129.73,545.447319
2026-04-01 16:05:00,2129.74,2131.24,2126.25,2129.88,269.05195
2026-04-01 16:10:00,2130.04,2131.54,2125.0,2127.09,373.281248
2026-04-01 16:15:00,2127.08,2132.78,2125.73,2132.51,702.072434
2026-04-01 16:20:00,2132.55,2134.02,2130.56,2132.11,176.534671
2026-04-01 16:25:00,2132.11,2139.97,2131.26,2136.0,476.285625
2026-04-01 16:30:00,2136.0,2139.74,2132.9,2135.13,277.570858
2026-04-01 16:35:00,2135.23,2147.22,2135.13,2142.36,1422.708354
2026-04-01 16:40:00,2142.3,2152.97,2141.7,2150.1,1357.233011
2026-04-01 16:45:00,2150.1,2150.34,2144.18,2147.9,976.459508
2026-04-01 16:50:00,2147.8,2148.61,2145.65,2146.8,269.965432
2026-04-01 16:55:00,2146.84,2147.61,2144.5,2146.1,333.207042
2026-04-01 17:00:00,2146.09,2168.0,2145.8,2165.11,4402.467006
2026-04-01 17:05:00,2165.0,2165.0,2155.61,2156.31,1103.806455
2026-04-01 17:10:00,2156.31,2156.55,2151.47,2152.49,527.847216
2026-04-01 17:15:00,2152.55,2156.54,2152.4,2154.04,438.273376
2026-04-01 17:20:00,2154.01,2154.01,2142.16,2144.7,632.331339
2026-04-01 17:25:00,2144.64,2144.81,2140.36,2141.59,968.68334
2026-04-01 17:30:00,2141.58,2145.24,2138.33,2140.15,448.465143
2026-04-01 17:35:00,2140.19,2145.2,2133.92,2142.01,637.253405
2026-04-01 17:40:00,2142.0,2142.62,2139.26,2140.5,183.594545
2026-04-01 17:45:00,2140.5,2140.96,2135.35,2137.15,159.833647
2026-04-01 17:50:00,2137.15,2139.93,2133.85,2138.16,446.266753
2026-04-01 17:55:00,2138.15,2138.72,2135.56,2137.29,126.275736
2026-04-01 18:00:00,2137.25,2137.9,2123.77,2129.42,1425.341938
2026-04-01 18:05:00,2129.36,2131.67,2127.73,2129.87,287.433927
2026-04-01 18:10:00,2129.85,2136.0,2129.26,2131.06,738.161963
2026-04-01 18:15:00,2131.14,2132.26,2127.01,2130.04,782.609689
2026-04-01 18:20:00,2130.04,2132.9,2125.21,2125.33,351.146988
2026-04-01 18:25:00,2125.41,2129.99,2125.41,2127.48,201.17366
2026-04-01 18:30:00,2127.48,2130.5,2125.37,2130.5,191.826497
2026-04-01 18:35:00,2130.54,2132.4,2126.76,2130.19,353.294113
2026-04-01 18:40:00,2130.17,2135.5,2129.98,2132.11,485.094976
2026-04-01 18:45:00,2132.16,2132.9,2128.15,2130.87,346.293938
2026-04-01 18:50:00,2130.85,2131.15,2128.01,2129.85,220.652235
2026-04-01 18:55:00,2129.86,2130.25,2125.82,2128.93,193.206894
2026-04-01 19:00:00,2128.94,2131.91,2128.59,2131.06,198.081216
2026-04-01 19:05:00,2131.04,2134.46,2131.04,2132.26,119.021591
2026-04-01 19:10:00,2132.26,2132.5,2130.01,2130.73,163.389665
2026-04-01 19:15:00,2130.7,2130.85,2127.48,2130.84,139.064883
2026-04-01 19:20:00,2130.84,2131.79,2128.94,2130.89,73.819141
2026-04-01 19:25:00,2130.9,2142.66,2130.9,2142.02,657.644892
2026-04-01 19:30:00,2141.92,2143.01,2134.92,2137.29,572.281119
2026-04-01 19:35:00,2137.35,2140.02,2135.76,2139.34,132.596644
2026-04-01 19:40:00,2139.4,2142.62,2138.87,2138.87,121.196611
2026-04-01 19:45:00,2138.85,2144.44,2138.53,2144.2,289.007635
2026-04-01 19:50:00,2144.21,2145.64,2139.78,2144.79,376.755554
2026-04-01 19:55:00,2144.79,2144.79,2140.24,2141.29,381.169918
2026-04-01 20:00:00,2141.36,2143.48,2130.39,2133.23,1318.370717
2026-04-01 20:05:00,2133.48,2136.55,2133.48,2136.01,115.534486
2026-04-01 20:10:00,2136.01,2139.66,2136.01,2136.5,298.288342
2026-04-01 20:15:00,2136.5,2138.55,2135.27,2137.15,175.477882
2026-04-01 20:20:00,2137.15,2139.76,2134.83,2139.05,511.643926
2026-04-01 20:25:00,2139.01,2139.45,2133.51,2133.83,215.584035
2026-04-01 20:30:00,2133.84,2134.73,2131.29,2133.61,228.012434
2026-04-01 20:35:00,2133.64,2140.3,2133.51,2139.3,180.386166
2026-04-01 20:40:00,2139.29,2141.84,2137.12,2141.35,320.935504
2026-04-01 20:45:00,2141.39,2143.45,2140.71,2142.92,300.021094
2026-04-01 20:50:00,2142.95,2147.45,2142.95,2146.63,465.920113
2026-04-01 20:55:00,2146.63,2146.63,2143.53,2143.61,377.325659
2026-04-01 21:00:00,2143.65,2149.92,2143.07,2148.29,300.679106
2026-04-01 21:05:00,2148.35,2155.0,2148.34,2154.93,790.253681
2026-04-01 21:10:00,2154.91,2155.5,2149.2,2151.48,667.111572
2026-04-01 21:15:00,2151.49,2153.48,2149.77,2153.48,225.755198
2026-04-01 21:20:00,2153.5,2155.8,2150.85,2155.8,419.168587
2026-04-01 21:25:00,2155.81,2160.28,2155.12,2155.73,699.514129
2026-04-01 21:30:00,2155.73,2158.79,2155.68,2158.67,396.097103
2026-04-01 21:35:00,2158.66,2159.08,2154.57,2157.01,433.310951
2026-04-01 21:40:00,2156.98,2157.53,2154.13,2156.22,503.430367
2026-04-01 21:45:00,2156.22,2156.4,2152.46,2155.05,810.327202
2026-04-01 21:50:00,2155.05,2157.1,2151.65,2154.23,431.444123
2026-04-01 21:55:00,2154.22,2165.43,2153.77,2156.81,712.59084
2026-04-01 22:00:00,2156.8,2158.48,2152.01,2152.26,456.449826
2026-04-01 22:05:00,2152.2,2152.9,2147.0,2150.47,540.393036
2026-04-01 22:10:00,2150.48,2153.69,2149.36,2150.8,431.551337
2026-04-01 22:15:00,2150.76,2150.76,2142.56,2144.09,873.551334
2026-04-01 22:20:00,2144.1,2151.05,2143.96,2151.01,494.708431
2026-04-01 22:25:00,2151.01,2151.01,2146.44,2147.3,334.838336
2026-04-01 22:30:00,2147.3,2147.55,2144.1,2146.81,396.321657
2026-04-01 22:35:00,2146.94,2146.94,2143.12,2144.7,336.071709
2026-04-01 22:40:00,2144.69,2149.39,2143.75,2145.63,518.995064
2026-04-01 22:45:00,2145.55,2146.45,2140.9,2142.2,356.197993
2026-04-01 22:50:00,2142.21,2142.34,2137.79,2139.74,589.298913
2026-04-01 22:55:00,2139.74,2140.95,2138.7,2139.91,144.976989
2026-04-01 23:00:00,2139.91,2143.32,2139.08,2143.31,131.99111
2026-04-01 23:05:00,2143.32,2145.96,2142.36,2142.92,305.496257
2026-04-01 23:10:00,2142.94,2143.5,2141.01,2141.9,360.517373
2026-04-01 23:15:00,2141.85,2143.41,2139.2,2140.17,408.400891
2026-04-01 23:20:00,2140.19,2141.23,2138.68,2139.94,142.473314
2026-04-01 23:25:00,2139.93,2141.64,2139.14,2140.32,135.962657
2026-04-01 23:30:00,2140.31,2141.64,2135.43,2141.1,413.336459
2026-04-01 23:35:00,2141.1,2143.88,2141.1,2141.26,124.956835
2026-04-01 23:40:00,2141.25,2144.04,2140.81,2142.14,337.057976
2026-04-01 23:45:00,2142.14,2142.53,2139.84,2141.64,165.426964
2026-04-01 23:50:00,2141.77,2141.99,2137.08,2141.5,161.941399
2026-04-01 23:55:00,2141.5,2141.51,2137.8,2140.22,172.014697
2026-04-02 00:00:00,2140.11,2141.16,2136.11,2138.79,319.639563
2026-04-02 00:05:00,2138.86,2141.01,2137.45,2139.13,225.845893
2026-04-02 00:10:00,2139.29,2141.71,2137.47,2140.1,156.131382
2026-04-02 00:15:00,2140.1,2142.52,2137.01,2140.96,103.348919
2026-04-02 00:20:00,2140.96,2143.25,2137.7,2139.03,356.760793
2026-04-02 00:25:00,2138.95,2140.79,2138.4,2138.4,66.556044
2026-04-02 00:30:00,2138.41,2140.92,2137.71,2140.28,108.319077
2026-04-02 00:35:00,2140.3,2148.77,2139.05,2148.3,860.973502
2026-04-02 00:40:00,2148.3,2157.54,2147.36,2153.94,889.464034
2026-04-02 00:45:00,2153.93,2156.88,2150.0,2151.96,419.103238
2026-04-02 00:50:00,2151.95,2158.0,2150.14,2157.75,496.226944
2026-04-02 00:55:00,2157.6,2159.07,2155.09,2155.92,379.806297
2026-04-02 01:00:00,2155.93,2155.93,2133.52,2135.25,1517.265277
2026-04-02 01:05:00,2135.22,2149.89,2120.04,2146.22,5088.368356
2026-04-02 01:10:00,2146.21,2155.39,2139.49,2140.71,1304.29171
2026-04-02 01:15:00,2140.64,2140.64,2112.59,2118.31,4778.377116
2026-04-02 01:20:00,2118.3,2125.95,2106.43,2115.15,3130.197215
2026-04-02 01:25:00,2115.25,2116.05,2105.77,2112.2,1074.876059
2026-04-02 01:30:00,2112.09,2112.09,2093.19,2102.41,3128.607829
2026-04-02 01:35:00,2102.12,2110.01,2097.16,2100.95,758.775255
2026-04-02 01:40:00,2100.94,2101.04,2091.8,2092.01,1007.228096
2026-04-02 01:45:00,2092.1,2100.0,2088.2,2093.95,997.458099
2026-04-02 01:50:00,2093.99,2099.95,2091.67,2097.39,606.04493
2026-04-02 01:55:00,2097.31,2102.52,2096.2,2100.0,494.394774
2026-04-02 02:00:00,2100.09,2100.09,2091.65,2091.83,558.690663
2026-04-02 02:05:00,2091.8,2098.56,2086.52,2090.01,584.107646
2026-04-02 02:10:00,2090.01,2091.87,2077.97,2079.09,3156.547769
2026-04-02 02:15:00,2079.14,2087.65,2078.29,2085.85,773.222807
2026-04-02 02:20:00,2085.76,2086.26,2080.01,2084.75,1010.867217
2026-04-02 02:25:00,2084.66,2085.29,2081.36,2083.17,501.98427
2026-04-02 02:30:00,2083.06,2088.87,2080.52,2085.9,1897.12095
2026-04-02 02:35:00,2086.0,2086.58,2080.9,2083.34,372.262875
2026-04-02 02:40:00,2083.31,2086.54,2064.23,2066.5,2886.402052
2026-04-02 02:45:00,2066.49,2072.92,2064.48,2071.1,1141.905063
2026-04-02 02:50:00,2071.06,2074.85,2070.96,2073.46,422.291915
2026-04-02 02:55:00,2073.46,2076.26,2072.77,2074.1,638.125816
2026-04-02 03:00:00,2074.09,2074.8,2070.29,2072.71,646.389712
2026-04-02 03:05:00,2072.7,2076.84,2072.11,2074.74,424.594385
2026-04-02 03:10:00,2074.74,2074.74,2067.51,2069.7,750.599948
2026-04-02 03:15:00,2069.66,2072.14,2068.4,2069.17,592.991335
2026-04-02 03:20:00,2069.18,2074.47,2064.54,2074.46,415.644214
2026-04-02 03:25:00,2074.5,2076.1,2072.91,2074.0,293.184784
2026-04-02 03:30:00,2074.0,2075.45,2071.69,2073.04,331.450317
2026-04-02 03:35:00,2073.0,2075.44,2069.49,2070.56,293.441321
2026-04-02 03:40:00,2070.55,2070.55,2046.12,2054.5,7065.630357
2026-04-02 03:45:00,2054.45,2056.33,2051.86,2055.9,1299.829327
2026-04-02 03:50:00,2055.94,2057.95,2054.51,2055.36,346.408001
2026-04-02 03:55:00,2055.38,2057.89,2053.31,2056.21,223.155438
2026-04-02 04:00:00,2056.21,2057.79,2053.91,2054.57,547.950158
2026-04-02 04:05:00,2054.57,2058.71,2054.01,2057.24,258.282922
2026-04-02 04:10:00,2057.21,2058.29,2052.61,2053.75,216.942045
2026-04-02 04:15:00,2053.76,2057.86,2053.76,2055.46,245.398019
2026-04-02 04:20:00,2055.47,2055.57,2047.8,2051.05,858.123554
2026-04-02 04:25:00,2051.1,2052.27,2048.36,2051.45,576.333705
2026-04-02 04:30:00,2051.44,2053.4,2050.01,2051.25,160.647927
2026-04-02 04:35:00,2051.33,2051.88,2042.0,2045.55,1148.024948
2026-04-02 04:40:00,2045.55,2047.65,2043.36,2045.57,1211.437862
2026-04-02 04:45:00,2045.49,2048.25,2043.6,2045.83,351.465251
2026-04-02 04:50:00,2045.83,2046.29,2042.62,2043.0,349.202962
2026-04-02 04:55:00,2043.1,2046.3,2042.0,2044.82,339.936326
2026-04-02 05:00:00,2044.82,2049.42,2044.74,2046.91,353.020632
2026-04-02 05:05:00,2046.91,2047.71,2038.5,2042.29,648.893843
2026-04-02 05:10:00,2042.29,2044.63,2040.26,2043.2,180.59828
2026-04-02 05:15:00,2043.3,2046.79,2043.3,2044.47,381.807255
2026-04-02 05:20:00,2044.47,2049.54,2043.05,2048.01,383.812823
2026-04-02 05:25:00,2048.0,2048.0,2045.77,2046.86,247.737592
2026-04-02 05:30:00,2046.86,2048.51,2044.05,2044.68,263.705752
2026-04-02 05:35:00,2044.68,2048.06,2043.91,2046.95,372.494134
2026-04-02 05:40:00,2046.9,2051.02,2046.07,2049.51,461.213199
2026-04-02 05:45:00,2049.5,2049.58,2046.36,2047.22,203.711325
2026-04-02 05:50:00,2047.22,2048.24,2046.53,2047.83,138.514973
2026-04-02 05:55:00,2047.85,2051.68,2047.85,2050.14,394.031689
2026-04-02 06:00:00,2050.31,2051.67,2049.3,2049.46,169.250022
2026-04-02 06:05:00,2049.45,2050.9,2046.8,2046.81,304.008534
2026-04-02 06:10:00,2046.81,2048.35,2046.25,2046.68,164.92592
2026-04-02 06:15:00,2046.68,2054.05,2046.19,2053.46,499.488775
2026-04-02 06:20:00,2053.46,2053.46,2050.19,2053.12,496.309656
2026-04-02 06:25:00,2053.11,2053.11,2050.52,2050.55,234.78201
2026-04-02 06:30:00,2050.55,2051.36,2047.7,2050.14,176.063894
2026-04-02 06:35:00,2050.14,2050.33,2047.14,2047.81,276.835442
2026-04-02 06:40:00,2047.81,2049.03,2045.75,2045.91,669.170125
2026-04-02 06:45:00,2045.9,2048.95,2045.9,2047.53,228.47405
2026-04-02 06:50:00,2047.54,2050.55,2047.54,2049.19,189.525374
2026-04-02 06:55:00,2049.19,2050.5,2048.95,2050.17,215.323282
2026-04-02 07:00:00,2050.17,2050.49,2048.0,2050.19,229.14548
2026-04-02 07:05:00,2050.19,2050.89,2047.5,2047.5,227.181373
2026-04-02 07:10:00,2047.5,2047.51,2044.49,2045.55,105.693192
2026-04-02 07:15:00,2045.55,2050.76,2045.55,2048.32,262.30708
2026-04-02 07:20:00,2048.34,2048.92,2046.26,2047.78,361.97072
2026-04-02 07:25:00,2047.77,2048.31,2046.33,2047.16,163.692845
2026-04-02 07:30:00,2047.16,2051.88,2047.07,2051.84,776.944357
2026-04-02 07:35:00,2051.84,2053.87,2051.06,2052.33,829.256695
2026-04-02 07:40:00,2052.33,2054.33,2051.6,2054.1,916.059309
2026-04-02 07:45:00,2054.11,2056.92,2054.11,2056.05,734.045892
2026-04-02 07:50:00,2056.06,2056.85,2054.5,2056.15,931.513345
2026-04-02 07:55:00,2056.16,2056.85,2055.71,2056.31,879.71509
2026-04-02 08:00:00,2056.31,2056.31,2050.75,2052.28,387.501363
2026-04-02 08:05:00,2052.28,2053.35,2051.13,2051.29,283.527362
2026-04-02 08:10:00,2051.3,2053.11,2050.0,2051.62,742.702292
2026-04-02 08:15:00,2051.65,2052.3,2049.75,2050.2,225.491693
2026-04-02 08:20:00,2050.19,2050.65,2047.1,2047.93,423.62859
2026-04-02 08:25:00,2047.9,2050.57,2047.8,2050.36,310.00176
2026-04-02 08:30:00,2050.35,2053.07,2050.35,2051.42,158.597962
2026-04-02 08:35:00,2051.41,2051.41,2046.52,2048.65,297.858354
2026-04-02 08:40:00,2048.65,2048.65,2046.01,2046.37,168.385842
2026-04-02 08:45:00,2046.37,2048.19,2046.37,2047.4,132.065035
2026-04-02 08:50:00,2047.41,2048.0,2046.53,2047.39,71.047711
2026-04-02 08:55:00,2047.39,2049.36,2045.6,2046.35,657.772598
2026-04-02 09:00:00,2046.36,2047.89,2041.77,2044.61,531.856307
2026-04-02 09:05:00,2044.6,2044.95,2039.12,2040.17,522.47064
2026-04-02 09:10:00,2040.12,2044.29,2040.12,2043.9,147.74707
2026-04-02 09:15:00,2043.91,2045.38,2042.35,2042.36,302.963543
2026-04-02 09:20:00,2042.37,2045.86,2042.28,2044.1,126.894282
2026-04-02 09:25:00,2044.11,2048.32,2044.11,2046.85,649.787844
2026-04-02 09:30:00,2046.95,2047.85,2045.56,2045.76,91.032406
2026-04-02 09:35:00,2045.83,2047.42,2044.75,2046.17,182.955652
2026-04-02 09:40:00,2046.16,2047.4,2043.38,2045.01,204.381229
2026-04-02 09:45:00,2045.0,2045.22,2042.71,2044.2,123.570566
2026-04-02 09:50:00,2044.15,2045.03,2042.87,2043.3,74.545028
2026-04-02 09:55:00,2043.3,2044.6,2043.02,2044.1,350.320797
2026-04-02 10:00:00,2044.09,2045.1,2042.34,2042.93,95.236107
2026-04-02 10:05:00,2042.92,2043.86,2039.39,2039.7,414.19848
2026-04-02 10:10:00,2039.69,2039.99,2032.12,2034.84,2016.059378
2026-04-02 10:15:00,2034.83,2036.84,2032.76,2035.59,475.281776
2026-04-02 10:20:00,2035.65,2036.87,2034.21,2036.16,154.31122
2026-04-02 10:25:00,2036.16,2037.45,2036.14,2036.26,138.791644
2026-04-02 10:30:00,2036.26,2039.87,2036.22,2039.13,292.922538
2026-04-02 10:35:00,2039.26,2040.55,2035.31,2035.95,302.111124
2026-04-02 10:40:00,2036.0,2040.84,2036.0,2039.6,202.707991
2026-04-02 10:45:00,2039.6,2040.1,2038.0,2038.47,95.238431
2026-04-02 10:50:00,2038.46,2039.49,2037.71,2038.53,86.783786
2026-04-02 10:55:00,2038.51,2039.59,2037.84,2039.09,48.337796
2026-04-02 11:00:00,2039.1,2040.63,2037.81,2040.11,111.179719
2026-04-02 11:05:00,2040.11,2040.5,2035.74,2035.98,286.526915
2026-04-02 11:10:00,2035.99,2037.02,2031.4,2032.21,697.035373
2026-04-02 11:15:00,2032.25,2037.33,2023.69,2034.89,1903.972975
2026-04-02 11:20:00,2034.9,2038.36,2034.4,2037.85,268.892664
2026-04-02 11:25:00,2037.86,2038.5,2036.9,2038.04,464.451876
2026-04-02 11:30:00,2038.04,2039.17,2035.41,2035.41,178.958609
2026-04-02 11:35:00,2035.43,2036.85,2032.39,2034.15,346.80066
2026-04-02 11:40:00,2034.15,2035.25,2033.25,2034.61,97.870006
2026-04-02 11:45:00,2034.61,2035.24,2033.56,2034.4,44.346767
2026-04-02 11:50:00,2034.4,2036.24,2033.21,2034.29,320.49762
2026-04-02 11:55:00,2034.29,2034.64,2032.37,2033.2,126.173576
2026-04-02 12:00:00,2033.2,2033.41,2028.16,2030.03,603.507434
2026-04-02 12:05:00,2029.92,2032.65,2026.19,2029.5,286.089414
2026-04-02 12:10:00,2029.51,2032.14,2026.85,2029.67,394.015911
2026-04-02 12:15:00,2029.67,2030.39,2027.04,2027.61,423.44317
2026-04-02 12:20:00,2027.61,2033.62,2024.64,2032.7,965.445986
2026-04-02 12:25:00,2032.6,2033.85,2031.05,2031.39,297.120307
2026-04-02 12:30:00,2031.38,2031.55,2029.0,2029.64,176.85164
2026-04-02 12:35:00,2029.64,2031.73,2028.06,2030.75,179.115408
2026-04-02 12:40:00,2030.74,2032.4,2029.9,2031.05,246.621299
2026-04-02 12:45:00,2031.05,2032.73,2027.8,2028.83,239.515593
2026-04-02 12:50:00,2028.76,2030.74,2027.21,2027.8,246.111431
2026-04-02 12:55:00,2027.8,2029.24,2026.2,2027.24,110.404058
2026-04-02 13:00:00,2027.27,2028.63,2020.0,2024.6,1019.119965
2026-04-02 13:05:00,2024.54,2030.67,2023.91,2024.76,271.336683
2026-04-02 13:10:00,2024.74,2025.1,2021.18,2022.5,581.916199
2026-04-02 13:15:00,2022.5,2024.59,2020.45,2021.81,438.070519
2026-04-02 13:20:00,2021.81,2027.14,2021.39,2026.5,522.060483
2026-04-02 13:25:00,2026.5,2034.43,2026.11,2030.79,631.79941
2026-04-02 13:30:00,2030.76,2034.0,2021.83,2024.95,1550.42655
2026-04-02 13:35:00,2024.74,2024.81,2017.09,2019.34,1213.792057
2026-04-02 13:40:00,2019.1,2021.88,2017.47,2020.38,756.449814
2026-04-02 13:45:00,2020.36,2029.36,2019.09,2027.1,820.82951
2026-04-02 13:50:00,2027.11,2033.68,2026.56,2030.48,766.318822
2026-04-02 13:55:00,2030.45,2041.38,2030.06,2039.34,1210.00039
2026-04-02 14:00:00,2039.21,2039.99,2033.11,2034.96,689.844571
2026-04-02 14:05:00,2035.03,2041.84,2032.8,2038.66,568.647592
2026-04-02 14:10:00,2038.64,2042.85,2036.26,2039.55,745.029886
2026-04-02 14:15:00,2039.48,2046.0,2037.51,2042.82,767.343534
2026-04-02 14:20:00,2042.69,2050.0,2040.94,2046.46,1854.453969
2026-04-02 14:25:00,2046.4,2046.4,2037.22,2038.56,562.163318
2026-04-02 14:30:00,2038.54,2054.13,2038.02,2050.92,924.155631
2026-04-02 14:35:00,2050.93,2071.77,2050.67,2060.39,3964.537904
2026-04-02 14:40:00,2060.35,2072.26,2056.46,2070.8,2164.821011
2026-04-02 14:45:00,2070.89,2072.27,2058.08,2058.79,2847.208935
2026-04-02 14:50:00,2058.79,2064.69,2056.59,2063.78,645.08848
2026-04-02 14:55:00,2063.87,2070.5,2063.75,2063.77,641.595932
2026-04-02 15:00:00,2063.78,2065.52,2058.76,2064.39,2069.034011
2026-04-02 15:05:00,2064.27,2064.8,2060.01,2062.81,204.087764
2026-04-02 15:10:00,2062.68,2067.93,2062.43,2063.55,1127.874075
2026-04-02 15:15:00,2063.56,2063.74,2056.86,2057.36,429.429468
2026-04-02 15:20:00,2057.31,2057.34,2048.42,2052.3,1018.519473
2026-04-02 15:25:00,2052.13,2056.8,2050.46,2056.27,126.264582
2026-04-02 15:30:00,2056.3,2056.99,2051.73,2054.98,143.17732
2026-04-02 15:35:00,2054.88,2063.45,2054.32,2061.05,457.930916
2026-04-02 15:40:00,2060.95,2065.37,2056.26,2064.94,279.832351
2026-04-02 15:45:00,2064.91,2065.49,2057.15,2058.2,172.951739
2026-04-02 15:50:00,2058.13,2060.7,2054.88,2059.86,432.248448
2026-04-02 15:55:00,2059.87,2061.18,2057.63,2059.51,159.73505
2026-04-02 16:00:00,2059.52,2060.0,2055.56,2056.25,554.902719
2026-04-02 16:05:00,2056.16,2060.08,2055.91,2059.3,236.515902
2026-04-02 16:10:00,2059.44,2062.42,2057.76,2057.93,498.758994
2026-04-02 16:15:00,2057.92,2058.07,2054.69,2055.8,308.467561
2026-04-02 16:20:00,2054.8,2057.5,2052.17,2054.12,225.026332
2026-04-02 16:25:00,2054.08,2059.13,2052.4,2057.8,211.823349
2026-04-02 16:30:00,2057.8,2064.94,2057.4,2064.56,721.370907
2026-04-02 16:35:00,2064.55,2069.63,2062.26,2066.9,966.476721
2026-04-02 16:40:00,2066.95,2076.54,2066.71,2067.56,1857.229253
2026-04-02 16:45:00,2067.55,2070.82,2064.65,2066.19,508.039585
2026-04-02 16:50:00,2066.17,2068.03,2065.58,2066.66,126.70401
2026-04-02 16:55:00,2066.72,2066.99,2063.01,2063.25,220.626437
2026-04-02 17:00:00,2063.25,2063.71,2055.41,2057.41,440.477
2026-04-02 17:05:00,2057.4,2062.29,2056.0,2062.29,175.442967
2026-04-02 17:10:00,2062.01,2066.54,2060.76,2064.95,85.753691
2026-04-02 17:15:00,2064.93,2072.62,2064.72,2068.16,685.636427
2026-04-02 17:20:00,2068.16,2069.76,2067.55,2068.95,138.184987
2026-04-02 17:25:00,2068.86,2069.64,2065.5,2065.61,254.355313
2026-04-02 17:30:00,2065.61,2066.16,2059.57,2059.57,872.704872
2026-04-02 17:35:00,2059.55,2061.3,2058.6,2060.47,284.482526
2026-04-02 17:40:00,2060.47,2061.38,2056.86,2059.25,415.655105
2026-04-02 17:45:00,2059.26,2059.5,2048.61,2050.25,1135.559783
2026-04-02 17:50:00,2050.5,2052.39,2048.8,2050.44,260.694847
2026-04-02 17:55:00,2050.45,2051.26,2044.58,2047.2,315.140512
2026-04-02 18:00:00,2047.2,2049.6,2045.0,2047.67,165.631394
2026-04-02 18:05:00,2047.69,2051.09,2043.64,2045.86,137.836714
2026-04-02 18:10:00,2045.89,2051.48,2045.6,2047.39,188.126039
2026-04-02 18:15:00,2047.5,2050.56,2045.22,2049.59,74.27293
2026-04-02 18:20:00,2049.51,2051.2,2048.51,2048.51,45.88315
2026-04-02 18:25:00,2048.5,2048.5,2044.61,2044.7,67.906623
2026-04-02 18:30:00,2044.7,2048.04,2044.7,2047.11,22.254148
2026-04-02 18:35:00,2047.06,2048.46,2046.2,2047.31,28.096515
2026-04-02 18:40:00,2047.31,2050.74,2046.81,2049.65,36.963549
2026-04-02 18:45:00,2049.65,2055.31,2049.28,2053.89,460.030552
2026-04-02 18:50:00,2053.91,2063.17,2053.91,2059.24,558.935807
2026-04-02 18:55:00,2059.15,2059.15,2057.46,2058.45,63.458946
2026-04-02 19:00:00,2058.5,2060.9,2056.85,2057.34,153.244195
2026-04-02 19:05:00,2057.4,2059.32,2057.11,2058.08,39.438506
2026-04-02 19:10:00,2058.09,2061.09,2058.09,2059.42,172.74233
2026-04-02 19:15:00,2059.46,2059.51,2057.46,2059.16,54.477745
2026-04-02 19:20:00,2059.15,2061.12,2056.39,2059.14,56.640387
2026-04-02 19:25:00,2059.13,2062.59,2058.91,2060.79,288.369452
2026-04-02 19:30:00,2060.8,2061.31,2055.0,2057.11,212.818478
2026-04-02 19:35:00,2057.11,2058.66,2055.01,2058.61,35.086481
2026-04-02 19:40:00,2058.61,2061.72,2058.11,2058.99,187.946586
2026-04-02 19:45:00,2058.94,2061.73,2057.66,2060.07,44.219264
2026-04-02 19:50:00,2060.01,2065.15,2060.01,2065.06,616.250083
2026-04-02 19:55:00,2064.65,2066.65,2064.18,2065.39,242.095605
2026-04-02 20:00:00,2065.63,2066.0,2061.11,2062.91,209.016671
2026-04-02 20:05:00,2062.9,2071.2,2062.41,2067.46,528.153369
2026-04-02 20:10:00,2067.56,2070.78,2065.83,2065.87,329.858455
2026-04-02 20:15:00,2065.83,2071.63,2065.83,2070.68,407.417499
2026-04-02 20:20:00,2070.66,2071.0,2067.29,2067.39,344.505488
2026-04-02 20:25:00,2067.36,2071.85,2066.14,2071.31,243.20552
2026-04-02 20:30:00,2071.28,2071.57,2068.43,2069.14,58.186623
2026-04-02 20:35:00,2069.15,2074.15,2068.94,2074.12,238.239544
2026-04-02 20:40:00,2074.14,2074.15,2069.98,2071.62,219.744168
2026-04-02 20:45:00,2071.51,2071.98,2068.77,2069.47,68.373409
2026-04-02 20:50:00,2069.47,2070.41,2067.65,2069.23,143.741933
2026-04-02 20:55:00,2069.21,2069.24,2068.15,2068.16,52.705379
2026-04-02 21:00:00,2068.16,2070.6,2064.75,2066.45,166.040816
2026-04-02 21:05:00,2066.41,2067.31,2064.01,2064.01,97.921611
2026-04-02 21:10:00,2064.0,2064.35,2056.0,2059.6,681.465347
2026-04-02 21:15:00,2059.68,2062.7,2059.0,2061.93,158.295477
2026-04-02 21:20:00,2061.86,2063.65,2058.21,2058.49,75.501697
2026-04-02 21:25:00,2058.55,2060.49,2058.1,2059.69,93.833036
2026-04-02 21:30:00,2059.7,2061.24,2059.69,2059.7,70.312097
2026-04-02 21:35:00,2059.68,2062.76,2059.06,2059.71,72.143864
2026-04-02 21:40:00,2059.7,2060.34,2057.3,2058.33,57.347475
2026-04-02 21:45:00,2058.33,2060.0,2058.33,2058.63,28.360214
2026-04-02 21:50:00,2058.69,2062.99,2058.69,2061.5,24.941364
2026-04-02 21:55:00,2061.49,2063.53,2061.11,2063.5,34.876497
2026-04-02 22:00:00,2063.48,2065.0,2060.69,2064.9,118.099203
2026-04-02 22:05:00,2064.85,2064.98,2062.0,2063.91,150.516638
2026-04-02 22:10:00,2063.9,2063.94,2061.79,2062.01,54.026738
2026-04-02 22:15:00,2062.02,2064.59,2062.02,2062.99,212.704643
2026-04-02 22:20:00,2062.99,2063.64,2058.91,2059.11,48.997441
2026-04-02 22:25:00,2059.09,2059.09,2053.45,2057.25,552.140432
2026-04-02 22:30:00,2057.25,2060.29,2057.25,2059.42,138.754883
2026-04-02 22:35:00,2059.41,2060.41,2058.2,2060.25,27.605427
2026-04-02 22:40:00,2060.15,2062.25,2059.61,2061.41,49.759505
2026-04-02 22:45:00,2061.4,2061.4,2058.51,2060.43,38.036745
2026-04-02 22:50:00,2060.44,2061.45,2060.06,2061.11,51.224432
2026-04-02 22:55:00,2061.1,2062.05,2059.64,2060.06,101.632345
2026-04-02 23:00:00,2060.15,2061.19,2058.35,2060.13,193.004322
2026-04-02 23:05:00,2060.14,2061.54,2057.16,2058.72,70.95714
2026-04-02 23:10:00,2058.75,2059.04,2055.81,2057.8,196.306106
2026-04-02 23:15:00,2057.8,2059.85,2057.11,2057.95,95.789238
2026-04-02 23:20:00,2057.94,2062.34,2057.66,2060.4,453.11069
2026-04-02 23:25:00,2060.4,2060.4,2054.94,2055.05,346.231779
2026-04-02 23:30:00,2055.05,2056.99,2053.92,2056.76,192.376628
2026-04-02 23:35:00,2056.58,2056.58,2054.46,2056.01,42.580794
2026-04-02 23:40:00,2056.02,2056.84,2055.25,2055.48,61.46619
2026-04-02 23:45:00,2055.4,2056.38,2054.29,2056.18,38.432132
2026-04-02 23:50:00,2056.24,2056.89,2055.46,2056.79,51.03363
2026-04-02 23:55:00,2056.8,2058.13,2056.6,2057.09,65.852411
2026-04-03 00:00:00,2057.1,2059.09,2056.78,2058.99,89.733955
2026-04-03 00:05:00,2059.0,2059.31,2053.67,2055.12,159.237657
2026-04-03 00:10:00,2055.1,2056.54,2052.77,2055.81,134.916823
2026-04-03 00:15:00,2055.61,2055.77,2053.56,2055.77,54.260552
2026-04-03 00:20:00,2055.77,2059.59,2055.43,2059.4,51.415174
2026-04-03 00:25:00,2059.4,2059.4,2054.18,2055.1,72.310178
2026-04-03 00:30:00,2055.09,2056.28,2054.59,2055.12,45.371552
2026-04-03 00:35:00,2055.13,2057.85,2055.13,2055.97,47.716667
2026-04-03 00:40:00,2056.02,2056.4,2052.07,2053.35,122.807351
2026-04-03 00:45:00,2053.35,2053.35,2050.28,2052.29,131.624184
2026-04-03 00:50:00,2052.33,2053.32,2050.05,2050.77,64.40056
2026-04-03 00:55:00,2050.8,2053.14,2050.71,2053.02,57.397292
2026-04-03 01:00:00,2053.03,2054.34,2051.76,2053.94,64.822937
2026-04-03 01:05:00,2053.95,2055.4,2052.49,2054.27,55.123492
2026-04-03 01:10:00,2054.3,2055.0,2051.71,2054.31,203.758272
2026-04-03 01:15:00,2054.22,2054.98,2051.25,2053.04,134.050002
2026-04-03 01:20:00,2053.04,2056.6,2051.56,2055.85,125.359509
2026-04-03 01:25:00,2055.78,2060.0,2055.71,2059.3,304.738876
2026-04-03 01:30:00,2059.3,2062.49,2058.14,2058.14,315.432136
2026-04-03 01:35:00,2058.08,2058.08,2045.49,2046.14,662.592787
2026-04-03 01:40:00,2046.2,2049.24,2046.15,2048.15,258.135916
2026-04-03 01:45:00,2048.16,2049.84,2045.21,2048.26,119.383192
2026-04-03 01:50:00,2048.3,2049.99,2046.06,2049.91,374.90938
2026-04-03 01:55:00,2049.9,2051.03,2049.25,2050.51,44.323462
2026-04-03 02:00:00,2050.55,2050.55,2046.99,2048.17,145.950441
2026-04-03 02:05:00,2048.17,2049.85,2046.66,2046.69,46.593813
2026-04-03 02:10:00,2046.66,2050.74,2044.5,2049.56,220.828751
2026-04-03 02:15:00,2049.57,2060.16,2049.06,2059.26,435.312728
2026-04-03 02:20:00,2059.2,2059.2,2053.28,2055.35,105.800261
2026-04-03 02:25:00,2055.28,2055.49,2048.76,2048.92,202.800323
2026-04-03 02:30:00,2049.01,2050.16,2040.61,2048.11,527.021522
2026-04-03 02:35:00,2048.11,2049.55,2042.52,2042.93,107.865596
2026-04-03 02:40:00,2042.77,2045.89,2042.07,2044.19,236.43484
2026-04-03 02:45:00,2044.19,2046.57,2043.33,2046.37,186.239616
2026-04-03 02:50:00,2046.18,2054.31,2045.56,2051.3,248.567799
2026-04-03 02:55:00,2051.28,2052.99,2049.77,2052.54,83.402863
2026-04-03 03:00:00,2052.55,2053.0,2050.01,2051.09,88.156475
2026-04-03 03:05:00,2051.09,2055.5,2050.41,2054.36,102.817058
2026-04-03 03:10:00,2054.23,2055.92,2052.13,2055.92,413.613905
2026-04-03 03:15:00,2055.91,2056.8,2054.1,2054.76,189.042516
2026-04-03 03:20:00,2054.74,2057.25,2054.69,2055.12,100.547388
2026-04-03 03:25:00,2055.12,2056.33,2051.38,2052.6,36.891148
2026-04-03 03:30:00,2052.7,2056.5,2052.04,2055.78,53.296788
2026-04-03 03:35:00,2055.64,2055.82,2051.41,2053.31,59.534646
2026-04-03 03:40:00,2053.31,2053.67,2051.08,2053.06,81.130601
2026-04-03 03:45:00,2053.04,2053.99,2051.38,2052.57,25.743557
2026-04-03 03:50:00,2052.57,2054.67,2052.57,2053.36,20.92663
2026-04-03 03:55:00,2053.38,2055.3,2051.91,2053.95,151.492894
2026-04-03 04:00:00,2053.94,2056.09,2053.26,2055.75,135.638842
2026-04-03 04:05:00,2055.75,2056.39,2054.24,2054.39,107.738453
2026-04-03 04:10:00,2054.39,2056.39,2053.12,2055.49,59.683464
2026-04-03 04:15:00,2055.49,2057.95,2054.83,2055.21,121.342023
2026-04-03 04:20:00,2055.2,2055.2,2051.8,2052.13,35.303627
2026-04-03 04:25:00,2052.13,2053.15,2051.22,2051.22,21.655476
2026-04-03 04:30:00,2051.21,2052.9,2048.63,2050.48,221.010879
2026-04-03 04:35:00,2050.45,2051.95,2049.64,2050.34,269.310916
2026-04-03 04:40:00,2050.4,2051.95,2050.4,2051.85,78.753182
2026-04-03 04:45:00,2051.85,2055.83,2051.78,2055.68,110.915072
2026-04-03 04:50:00,2055.7,2055.82,2054.05,2055.82,47.731912
2026-04-03 04:55:00,2055.84,2056.25,2054.1,2054.64,49.226881
2026-04-03 05:00:00,2054.65,2056.64,2054.0,2055.46,27.669597
2026-04-03 05:05:00,2055.46,2056.25,2053.5,2055.22,103.913352
2026-04-03 05:10:00,2055.18,2055.18,2053.04,2053.39,29.692782
2026-04-03 05:15:00,2053.38,2053.38,2047.31,2051.0,192.69894
2026-04-03 05:20:00,2051.0,2051.75,2049.92,2050.15,76.193005
2026-04-03 05:25:00,2050.14,2053.99,2050.14,2053.68,106.723256
2026-04-03 05:30:00,2053.69,2064.86,2053.69,2060.89,1017.140194
2026-04-03 05:35:00,2060.9,2062.99,2060.61,2061.89,170.36121
2026-04-03 05:40:00,2061.9,2063.74,2059.1,2060.84,166.783195
2026-04-03 05:45:00,2060.84,2061.08,2059.39,2059.6,48.871555
2026-04-03 05:50:00,2059.64,2059.64,2056.63,2056.84,93.282705
2026-04-03 05:55:00,2056.81,2057.5,2055.94,2057.05,156.642054
2026-04-03 06:00:00,2057.05,2059.04,2055.98,2055.98,136.520182
2026-04-03 06:05:00,2055.98,2058.59,2055.01,2055.96,148.352915
2026-04-03 06:10:00,2055.96,2060.65,2055.81,2060.16,110.222967
2026-04-03 06:15:00,2059.97,2060.84,2058.3,2060.19,64.366873
2026-04-03 06:20:00,2060.17,2063.0,2058.35,2061.59,128.268112
2026-04-03 06:25:00,2061.55,2063.41,2059.17,2059.9,193.814124
2026-04-03 06:30:00,2059.93,2060.8,2057.09,2059.45,46.141414
2026-04-03 06:35:00,2059.49,2066.89,2059.49,2062.99,618.703801
2026-04-03 06:40:00,2063.0,2064.2,2062.7,2062.84,101.264573
2026-04-03 06:45:00,2062.85,2066.14,2062.26,2063.35,536.997711
2026-04-03 06:50:00,2063.41,2064.32,2062.25,2062.71,64.523994
2026-04-03 06:55:00,2062.7,2064.3,2061.54,2063.75,88.919783
2026-04-03 07:00:00,2063.76,2065.35,2063.13,2063.13,229.988759
2026-04-03 07:05:00,2063.14,2066.94,2062.08,2066.41,108.373722
2026-04-03 07:10:00,2066.4,2067.98,2063.18,2064.37,184.497494
2026-04-03 07:15:00,2064.4,2065.19,2062.91,2065.19,34.206989
2026-04-03 07:20:00,2065.2,2066.38,2063.25,2063.47,70.749769
2026-04-03 07:25:00,2063.43,2065.95,2063.35,2065.82,36.197053
2026-04-03 07:30:00,2065.8,2069.23,2064.52,2068.27,233.52241
2026-04-03 07:35:00,2068.28,2075.52,2068.28,2069.1,895.321912
2026-04-03 07:40:00,2069.1,2070.7,2068.55,2069.55,249.323173
2026-04-03 07:45:00,2069.55,2069.55,2067.11,2067.34,217.776099
2026-04-03 07:50:00,2067.34,2067.34,2064.63,2066.0,422.587199
2026-04-03 07:55:00,2066.09,2066.45,2065.31,2066.27,93.28629
2026-04-03 08:00:00,2066.29,2067.44,2064.79,2067.4,191.838915
2026-04-03 08:05:00,2067.39,2072.33,2066.61,2071.61,392.693997
2026-04-03 08:10:00,2071.49,2072.1,2068.3,2068.3,366.46599
2026-04-03 08:15:00,2068.25,2069.1,2066.26,2068.67,178.173176
2026-04-03 08:20:00,2068.53,2068.94,2067.26,2068.08,195.890689
2026-04-03 08:25:00,2068.13,2068.5,2065.45,2065.91,104.36784
2026-04-03 08:30:00,2065.9,2067.81,2064.89,2066.36,212.041519
2026-04-03 08:35:00,2066.3,2066.55,2062.54,2062.54,222.699987
2026-04-03 08:40:00,2062.54,2063.65,2059.0,2060.45,3028.185138
2026-04-03 08:45:00,2060.44,2062.5,2058.75,2062.2,227.745934
2026-04-03 08:50:00,2062.2,2062.38,2059.26,2059.71,169.382988
2026-04-03 08:55:00,2059.65,2061.87,2058.91,2061.04,335.377308
2026-04-03 09:00:00,2061.05,2063.18,2060.36,2061.89,160.82406
2026-04-03 09:05:00,2061.84,2062.72,2060.55,2061.86,137.597924
2026-04-03 09:10:00,2061.9,2062.2,2060.95,2062.13,65.249316
2026-04-03 09:15:00,2062.13,2064.44,2062.13,2063.21,121.378897
2026-04-03 09:20:00,2063.2,2063.2,2057.9,2058.37,376.871167
2026-04-03 09:25:00,2058.4,2059.68,2057.15,2059.56,97.962548
2026-04-03 09:30:00,2059.56,2060.75,2058.6,2060.1,67.831475
2026-04-03 09:35:00,2060.06,2060.3,2058.65,2059.9,77.295892
2026-04-03 09:40:00,2059.91,2063.28,2059.91,2062.41,48.54812
2026-04-03 09:45:00,2062.41,2062.89,2059.01,2061.34,136.472196
2026-04-03 09:50:00,2061.33,2062.1,2060.45,2060.45,163.299778
2026-04-03 09:55:00,2060.46,2061.87,2060.45,2061.45,94.263755
2026-04-03 10:00:00,2061.4,2061.4,2057.93,2059.29,230.262246
2026-04-03 10:05:00,2059.29,2060.69,2058.01,2059.01,65.695785
2026-04-03 10:10:00,2058.95,2059.54,2057.55,2058.67,118.234261
2026-04-03 10:15:00,2058.71,2060.34,2057.55,2059.22,107.378842
2026-04-03 10:20:00,2059.22,2059.68,2056.8,2057.65,117.418472
2026-04-03 10:25:00,2057.7,2058.41,2055.68,2056.26,164.76864
2026-04-03 10:30:00,2056.19,2056.78,2053.5,2055.7,225.427603
2026-04-03 10:35:00,2055.71,2057.09,2055.05,2055.8,130.632522
2026-04-03 10:40:00,2055.76,2057.98,2055.76,2057.16,214.264557
2026-04-03 10:45:00,2057.16,2060.52,2057.16,2059.47,256.471246
2026-04-03 10:50:00,2059.46,2060.73,2059.0,2059.69,63.341523
2026-04-03 10:55:00,2059.7,2061.15,2059.7,2060.1,84.634061
2026-04-03 11:00:00,2060.1,2061.64,2057.74,2060.61,946.605355
2026-04-03 11:05:00,2060.61,2060.61,2058.64,2059.05,187.387959
2026-04-03 11:10:00,2059.06,2060.05,2058.66,2059.53,66.251272
2026-04-03 11:15:00,2059.53,2060.21,2058.05,2058.43,51.173117
2026-04-03 11:20:00,2058.4,2061.62,2058.4,2060.91,97.027724
2026-04-03 11:25:00,2060.99,2062.22,2060.51,2060.86,90.111936
2026-04-03 11:30:00,2060.86,2063.82,2060.06,2062.09,226.932803
2026-04-03 11:35:00,2062.09,2063.68,2062.09,2063.47,52.874608
2026-04-03 11:40:00,2063.45,2065.37,2063.21,2063.4,127.220175
2026-04-03 11:45:00,2063.4,2064.72,2062.13,2062.43,147.33552
2026-04-03 11:50:00,2062.4,2064.28,2062.01,2063.53,61.473429
2026-04-03 11:55:00,2063.49,2064.01,2062.36,2063.16,124.706443
2026-04-03 12:00:00,2063.16,2064.49,2062.31,2063.31,58.47042
2026-04-03 12:05:00,2063.33,2064.14,2061.72,2061.72,33.33667
2026-04-03 12:10:00,2061.65,2061.65,2059.3,2061.2,84.124566
2026-04-03 12:15:00,2061.1,2062.1,2058.86,2060.7,73.602199
2026-04-03 12:20:00,2060.7,2062.14,2059.46,2060.45,138.632544
2026-04-03 12:25:00,2060.46,2068.99,2060.46,2067.7,483.758593
2026-04-03 12:30:00,2067.71,2082.38,2058.71,2061.31,4162.263943
2026-04-03 12:35:00,2061.19,2063.04,2056.66,2058.82,533.871667
2026-04-03 12:40:00,2058.84,2060.83,2057.58,2058.8,208.538992
2026-04-03 12:45:00,2058.8,2060.63,2051.98,2052.89,393.436792
2026-04-03 12:50:00,2052.86,2052.94,2045.35,2050.63,1005.42193
2026-04-03 12:55:00,2050.61,2052.49,2049.69,2050.19,174.203738
2026-04-03 13:00:00,2050.2,2051.4,2047.41,2047.69,194.298415
2026-04-03 13:05:00,2047.69,2050.66,2043.31,2045.25,396.347368
2026-04-03 13:10:00,2045.35,2046.0,2042.08,2045.51,330.276429
2026-04-03 13:15:00,2045.5,2047.69,2044.35,2046.56,318.832394
2026-04-03 13:20:00,2046.59,2049.98,2046.56,2048.51,117.269433
2026-04-03 13:25:00,2048.5,2049.86,2047.21,2048.85,153.01765
2026-04-03 13:30:00,2048.86,2049.29,2045.01,2047.64,294.551321
2026-04-03 13:35:00,2047.63,2049.48,2046.96,2047.32,117.319729
2026-04-03 13:40:00,2047.32,2048.16,2046.85,2047.43,171.422801
2026-04-03 13:45:00,2047.44,2047.55,2041.79,2042.91,270.337698
2026-04-03 13:50:00,2042.91,2049.23,2042.91,2049.01,151.138176
2026-04-03 13:55:00,2049.0,2049.63,2047.71,2048.21,58.959549
2026-04-03 14:00:00,2048.22,2051.5,2045.51,2049.83,276.433994
2026-04-03 14:05:00,2049.79,2053.74,2049.43,2049.43,176.767729
2026-04-03 14:10:00,2049.37,2050.0,2046.52,2050.0,196.133033
2026-04-03 14:15:00,2049.99,2049.99,2047.61,2049.64,95.362411
2026-04-03 14:20:00,2049.47,2052.48,2049.06,2050.48,123.491733
2026-04-03 14:25:00,2050.55,2057.3,2050.55,2053.65,254.0929
2026-04-03 14:30:00,2053.61,2054.61,2051.81,2052.33,135.145859
2026-04-03 14:35:00,2052.34,2053.28,2049.1,2052.29,140.610861
2026-04-03 14:40:00,2052.3,2053.29,2050.52,2050.86,254.262318
2026-04-03 14:45:00,2050.66,2053.72,2050.66,2053.72,39.030239
2026-04-03 14:50:00,2053.75,2057.25,2052.61,2055.69,273.278832
2026-04-03 14:55:00,2055.6,2056.75,2054.55,2054.56,245.608184
2026-04-03 15:00:00,2054.59,2056.5,2053.91,2055.55,95.195533
2026-04-03 15:05:00,2055.55,2056.72,2054.76,2056.41,181.749688
2026-04-03 15:10:00,2056.45,2057.95,2055.35,2055.99,83.614484
2026-04-03 15:15:00,2056.0,2056.01,2052.19,2052.8,69.543334
2026-04-03 15:20:00,2052.8,2053.14,2051.28,2053.13,105.47093
2026-04-03 15:25:00,2053.13,2054.19,2052.8,2053.62,45.743872
2026-04-03 15:30:00,2053.69,2055.0,2052.6,2052.72,93.735172
2026-04-03 15:35:00,2052.74,2052.74,2050.05,2050.69,194.51655
2026-04-03 15:40:00,2050.68,2051.15,2049.46,2050.79,136.39585
2026-04-03 15:45:00,2050.79,2052.18,2049.96,2051.1,233.05484
2026-04-03 15:50:00,2051.15,2052.59,2051.15,2051.79,49.448366
2026-04-03 15:55:00,2051.76,2053.14,2051.31,2051.4,160.629238
2026-04-03 16:00:00,2051.41,2054.21,2050.51,2052.74,154.417677
2026-04-03 16:05:00,2052.74,2052.74,2050.0,2050.66,61.165299
2026-04-03 16:10:00,2050.66,2053.18,2050.66,2052.95,68.440385
2026-04-03 16:15:00,2052.96,2055.83,2052.16,2054.72,145.30431
2026-04-03 16:20:00,2054.72,2055.64,2053.66,2053.81,202.682715
2026-04-03 16:25:00,2053.82,2056.51,2053.52,2055.91,223.075659
2026-04-03 16:30:00,2055.85,2055.85,2053.03,2054.1,96.337842
2026-04-03 16:35:00,2054.1,2055.43,2052.25,2053.4,98.164501
2026-04-03 16:40:00,2053.4,2053.4,2051.25,2052.51,97.523578
2026-04-03 16:45:00,2052.51,2055.47,2051.75,2054.67,88.14357
2026-04-03 16:50:00,2054.65,2056.79,2054.26,2055.91,117.551127
2026-04-03 16:55:00,2055.9,2056.32,2054.6,2054.98,80.59944
2026-04-03 17:00:00,2054.96,2054.96,2052.7,2053.46,49.554038
2026-04-03 17:05:00,2053.49,2054.77,2052.75,2054.77,54.257637
2026-04-03 17:10:00,2054.9,2055.5,2052.0,2052.0,39.564807
2026-04-03 17:15:00,2052.0,2052.14,2043.79,2046.54,495.863668
2026-04-03 17:20:00,2046.55,2049.47,2046.04,2049.21,110.22112
2026-04-03 17:25:00,2049.2,2049.2,2046.76,2047.83,87.549303
2026-04-03 17:30:00,2047.8,2050.84,2047.8,2048.66,202.295713
2026-04-03 17:35:00,2048.65,2050.41,2048.56,2049.67,38.687544
2026-04-03 17:40:00,2049.67,2049.96,2048.31,2049.62,68.509195
2026-04-03 17:45:00,2049.65,2050.03,2047.45,2048.43,99.024983
2026-04-03 17:50:00,2048.5,2049.63,2047.7,2049.63,36.252613
2026-04-03 17:55:00,2049.45,2051.56,2048.9,2050.31,42.337946
2026-04-03 18:00:00,2050.3,2051.42,2049.51,2050.84,45.897218
2026-04-03 18:05:00,2050.84,2051.14,2049.21,2049.36,19.042049
2026-04-03 18:10:00,2049.36,2050.46,2047.92,2050.46,144.569487
2026-04-03 18:15:00,2050.46,2053.48,2049.96,2052.7,154.052901
2026-04-03 18:20:00,2052.7,2053.47,2051.21,2052.21,39.886018
2026-04-03 18:25:00,2052.25,2052.39,2049.92,2050.32,90.294467
2026-04-03 18:30:00,2050.32,2053.28,2049.81,2052.7,93.875163
2026-04-03 18:35:00,2052.61,2052.95,2051.02,2051.02,47.519928
2026-04-03 18:40:00,2050.92,2052.02,2050.18,2050.9,351.88837
2026-04-03 18:45:00,2050.91,2051.39,2049.25,2049.63,255.523356
2026-04-03 18:50:00,2049.61,2050.14,2049.0,2049.84,45.597135
2026-04-03 18:55:00,2049.71,2049.74,2048.55,2049.5,118.146286
2026-04-03 19:00:00,2049.48,2049.96,2047.65,2047.99,51.194106
2026-04-03 19:05:00,2047.99,2047.99,2047.0,2047.35,95.542177
2026-04-03 19:10:00,2047.34,2048.39,2045.4,2047.94,180.666978
2026-04-03 19:15:00,2047.83,2049.21,2047.76,2048.5,66.097031
2026-04-03 19:20:00,2048.6,2050.94,2048.6,2050.1,100.09012
2026-04-03 19:25:00,2050.15,2050.19,2048.67,2049.0,58.616885
2026-04-03 19:30:00,2048.99,2049.75,2048.65,2049.31,35.290061
2026-04-03 19:35:00,2049.31,2050.11,2048.66,2049.55,129.41144
2026-04-03 19:40:00,2049.61,2051.04,2049.55,2050.68,21.330545
2026-04-03 19:45:00,2050.66,2054.62,2050.66,2053.45,605.370567
2026-04-03 19:50:00,2053.45,2053.95,2052.96,2053.1,20.978373
2026-04-03 19:55:00,2053.1,2053.24,2052.45,2052.8,45.837547
2026-04-03 20:00:00,2052.81,2053.14,2052.5,2052.94,25.056615
2026-04-03 20:05:00,2052.95,2053.49,2052.3,2053.0,76.486868
2026-04-03 20:10:00,2053.12,2054.19,2052.45,2054.0,37.985323
2026-04-03 20:15:00,2054.0,2055.25,2052.9,2054.11,88.785398
2026-04-03 20:20:00,2054.06,2054.29,2052.5,2052.5,43.410485
2026-04-03 20:25:00,2052.5,2053.34,2052.41,2052.77,26.036281
2026-04-03 20:30:00,2052.78,2053.59,2052.31,2052.44,35.951661
2026-04-03 20:35:00,2052.44,2053.97,2052.02,2053.91,21.422436
2026-04-03 20:40:00,2053.96,2054.74,2053.68,2054.05,23.190727
2026-04-03 20:45:00,2054.0,2054.75,2053.56,2054.21,32.249353
2026-04-03 20:50:00,2054.22,2054.22,2052.68,2052.68,14.882726
2026-04-03 20:55:00,2052.7,2053.98,2052.7,2052.77,19.714635
2026-04-03 21:00:00,2052.78,2054.0,2052.66,2053.45,19.508407
2026-04-03 21:05:00,2053.4,2054.3,2053.06,2054.3,23.14449
2026-04-03 21:10:00,2054.29,2061.47,2053.58,2058.98,856.864729
2026-04-03 21:15:00,2058.99,2059.65,2056.77,2056.85,81.15918
2026-04-03 21:20:00,2056.84,2057.34,2056.3,2056.81,66.234738
2026-04-03 21:25:00,2056.81,2057.68,2056.81,2057.13,85.929802
2026-04-03 21:30:00,2057.1,2058.0,2056.86,2057.96,59.767787
2026-04-03 21:35:00,2058.0,2059.82,2057.43,2057.43,83.867153
2026-04-03 21:40:00,2057.47,2058.77,2057.13,2058.44,76.897336
2026-04-03 21:45:00,2058.43,2059.75,2057.29,2059.18,76.472745
2026-04-03 21:50:00,2059.21,2059.8,2057.86,2058.03,53.698519
2026-04-03 21:55:00,2058.08,2059.54,2058.08,2058.45,60.950549
2026-04-03 22:00:00,2058.51,2059.95,2055.83,2057.82,94.636533
2026-04-03 22:05:00,2057.82,2058.19,2054.88,2054.88,103.437115
2026-04-03 22:10:00,2054.8,2056.01,2054.64,2055.15,45.982106
2026-04-03 22:15:00,2055.15,2056.05,2054.86,2056.04,38.158316
2026-04-03 22:20:00,2056.04,2057.02,2055.07,2055.07,25.055074
2026-04-03 22:25:00,2055.05,2055.99,2053.75,2055.2,63.580803
2026-04-03 22:30:00,2055.05,2055.69,2054.01,2054.71,31.602386
2026-04-03 22:35:00,2054.8,2055.84,2054.39,2055.03,42.089
2026-04-03 22:40:00,2055.03,2055.86,2054.45,2054.45,40.197767
2026-04-03 22:45:00,2054.45,2054.71,2049.74,2052.24,316.545257
2026-04-03 22:50:00,2052.23,2052.79,2051.2,2052.79,28.26585
2026-04-03 22:55:00,2052.8,2053.3,2051.95,2052.24,30.008882
2026-04-03 23:00:00,2052.25,2052.99,2051.11,2051.68,51.047937
2026-04-03 23:05:00,2051.65,2052.2,2051.16,2051.16,23.86004
2026-04-03 23:10:00,2051.16,2051.67,2050.3,2051.49,32.098688
2026-04-03 23:15:00,2051.55,2051.99,2050.5,2051.44,44.898721
2026-04-03 23:20:00,2051.44,2051.44,2049.77,2050.6,40.426866
2026-04-03 23:25:00,2050.61,2050.71,2049.49,2050.22,63.908071
2026-04-03 23:30:00,2050.35,2052.46,2050.35,2050.78,200.053084
2026-04-03 23:35:00,2050.8,2050.8,2049.49,2050.2,62.159294
2026-04-03 23:40:00,2050.21,2051.4,2050.21,2050.96,49.163403
2026-04-03 23:45:00,2050.95,2053.79,2050.95,2053.51,36.959844
2026-04-03 23:50:00,2053.58,2054.5,2053.57,2054.06,112.080098
2026-04-03 23:55:00,2054.06,2054.06,2053.55,2054.02,22.059008
2026-04-04 00:00:00,2054.02,2054.02,2052.2,2052.2,23.369274
2026-04-04 00:05:00,2052.21,2053.36,2051.8,2052.71,136.940834
2026-04-04 00:10:00,2052.71,2053.38,2051.66,2052.91,74.03037
2026-04-04 00:15:00,2052.9,2052.99,2052.41,2052.56,9.562073
2026-04-04 00:20:00,2052.55,2053.84,2051.78,2053.35,15.371241
2026-04-04 00:25:00,2053.32,2054.04,2052.4,2052.4,13.276674
2026-04-04 00:30:00,2052.36,2054.19,2052.09,2053.54,16.365823
2026-04-04 00:35:00,2053.66,2054.01,2052.91,2053.93,18.582472
2026-04-04 00:40:00,2053.92,2053.92,2053.1,2053.67,9.806024
2026-04-04 00:45:00,2053.65,2053.65,2052.61,2053.41,20.967713
2026-04-04 00:50:00,2053.41,2053.41,2052.51,2052.79,14.150507
2026-04-04 00:55:00,2052.8,2052.8,2052.02,2052.42,26.514977
2026-04-04 01:00:00,2052.42,2053.11,2051.45,2053.11,28.696949
2026-04-04 01:05:00,2053.14,2054.02,2053.01,2053.04,5.169134
2026-04-04 01:10:00,2053.03,2053.4,2050.95,2051.01,29.595757
2026-04-04 01:15:00,2051.01,2051.39,2049.7,2051.29,188.392236
2026-04-04 01:20:00,2051.34,2051.56,2050.01,2051.04,45.963701
2026-04-04 01:25:00,2051.05,2052.12,2050.4,2050.4,214.682625
2026-04-04 01:30:00,2050.41,2051.11,2050.0,2051.07,33.56952
2026-04-04 01:35:00,2051.08,2052.11,2050.81,2051.7,30.451119
2026-04-04 01:40:00,2051.71,2052.09,2051.0,2051.0,57.073502
2026-04-04 01:45:00,2051.0,2051.98,2051.0,2051.67,37.280264
2026-04-04 01:50:00,2051.68,2052.05,2051.6,2051.61,9.605171
2026-04-04 01:55:00,2051.6,2051.72,2051.25,2051.7,5.116787
2026-04-04 02:00:00,2051.7,2053.82,2051.05,2053.82,85.165413
2026-04-04 02:05:00,2053.81,2053.81,2051.21,2051.21,57.240937
2026-04-04 02:10:00,2051.21,2051.21,2048.46,2049.88,523.866764
2026-04-04 02:15:00,2049.88,2050.1,2048.88,2049.59,201.705275
2026-04-04 02:20:00,2049.68,2049.68,2048.12,2048.12,23.911513
2026-04-04 02:25:00,2048.11,2049.4,2048.06,2049.39,123.025194
2026-04-04 02:30:00,2049.4,2050.87,2049.4,2050.32,58.961789
2026-04-04 02:35:00,2050.21,2050.35,2049.41,2049.41,19.315232
2026-04-04 02:40:00,2049.46,2049.75,2049.4,2049.41,85.000586
2026-04-04 02:45:00,2049.4,2049.78,2048.41,2049.78,130.216287
2026-04-04 02:50:00,2049.8,2050.0,2048.71,2048.72,10.938764
2026-04-04 02:55:00,2048.81,2050.31,2048.81,2050.31,43.856068
2026-04-04 03:00:00,2050.34,2051.84,2050.31,2051.06,35.382813
2026-04-04 03:05:00,2051.05,2051.99,2050.75,2051.49,75.749971
2026-04-04 03:10:00,2051.5,2052.32,2051.5,2051.9,42.368535
2026-04-04 03:15:00,2051.9,2051.91,2051.16,2051.16,34.142208
2026-04-04 03:20:00,2051.15,2051.95,2051.15,2051.22,206.212228
2026-04-04 03:25:00,2051.21,2051.21,2050.62,2050.87,580.979375
2026-04-04 03:30:00,2050.87,2051.1,2050.81,2051.03,228.980642
2026-04-04 03:35:00,2051.02,2051.02,2050.0,2050.04,349.606151
2026-04-04 03:40:00,2050.04,2050.59,2049.55,2049.59,887.486102
2026-04-04 03:45:00,2049.59,2050.95,2049.58,2050.95,413.145789
2026-04-04 03:50:00,2050.99,2050.99,2050.03,2050.48,62.144812
2026-04-04 03:55:00,2050.53,2050.53,2049.61,2050.05,77.217576
2026-04-04 04:00:00,2050.05,2050.19,2049.37,2049.7,112.84679
2026-04-04 04:05:00,2049.7,2050.11,2049.3,2050.11,85.383854
2026-04-04 04:10:00,2050.17,2050.25,2048.55,2048.61,40.59293
2026-04-04 04:15:00,2048.65,2049.61,2048.51,2049.14,90.235449
2026-04-04 04:20:00,2049.15,2050.0,2049.14,2050.0,16.709432
2026-04-04 04:25:00,2049.99,2050.88,2049.99,2050.88,46.588697
2026-04-04 04:30:00,2050.88,2050.95,2050.24,2050.36,15.450631
2026-04-04 04:35:00,2050.36,2051.74,2050.35,2050.9,38.016119
2026-04-04 04:40:00,2050.9,2051.59,2050.8,2051.41,31.365197
2026-04-04 04:45:00,2051.4,2051.68,2050.63,2051.14,118.986166
2026-04-04 04:50:00,2051.14,2051.19,2050.45,2051.07,54.634604
2026-04-04 04:55:00,2051.1,2051.33,2049.88,2051.15,272.945271
2026-04-04 05:00:00,2051.15,2051.7,2050.6,2051.66,31.952914
2026-04-04 05:05:00,2051.66,2052.05,2050.75,2052.05,69.034037
2026-04-04 05:10:00,2052.05,2052.21,2049.87,2051.3,361.80497
2026-04-04 05:15:00,2051.3,2052.14,2051.3,2051.41,50.006377
2026-04-04 05:20:00,2051.44,2052.91,2051.44,2051.95,26.983877
2026-04-04 05:25:00,2051.95,2052.24,2051.41,2052.24,96.669628
2026-04-04 05:30:00,2052.24,2055.03,2052.11,2054.31,161.763545
2026-04-04 05:35:00,2054.3,2054.3,2052.55,2052.56,53.682231
2026-04-04 05:40:00,2052.56,2053.45,2052.3,2052.94,47.3593
2026-04-04 05:45:00,2052.97,2053.71,2052.97,2053.16,81.770974
2026-04-04 05:50:00,2053.16,2054.39,2053.16,2054.05,180.996353
2026-04-04 05:55:00,2053.96,2054.16,2053.6,2053.82,16.220793
2026-04-04 06:00:00,2053.86,2054.29,2053.5,2053.65,38.57825
2026-04-04 06:05:00,2053.65,2054.89,2053.64,2054.14,75.337803
2026-04-04 06:10:00,2054.14,2055.03,2054.14,2055.02,59.128311
2026-04-04 06:15:00,2055.02,2055.5,2054.5,2055.5,81.471277
2026-04-04 06:20:00,2055.5,2056.2,2054.65,2054.65,66.024748
2026-04-04 06:25:00,2054.66,2054.66,2052.73,2054.18,44.628631
2026-04-04 06:30:00,2054.2,2054.23,2052.95,2054.1,55.417438
2026-04-04 06:35:00,2054.09,2054.1,2053.11,2053.34,27.72942
2026-04-04 06:40:00,2053.34,2054.66,2053.33,2054.65,13.576951
2026-04-04 06:45:00,2054.66,2055.57,2054.65,2055.49,84.685259
2026-04-04 06:50:00,2055.57,2058.06,2054.91,2057.85,409.994482
2026-04-04 06:55:00,2057.86,2057.88,2056.46,2056.46,38.649677
2026-04-04 07:00:00,2056.46,2057.15,2055.5,2056.0,101.324757
2026-04-04 07:05:00,2055.99,2056.0,2053.42,2053.94,127.221301
2026-04-04 07:10:00,2053.95,2054.35,2053.27,2054.05,20.854445
2026-04-04 07:15:00,2053.95,2054.2,2053.2,2053.2,22.259281
2026-04-04 07:20:00,2053.12,2053.34,2052.63,2053.34,36.399458
2026-04-04 07:25:00,2053.34,2053.74,2052.66,2053.05,85.721695
2026-04-04 07:30:00,2053.07,2053.5,2052.75,2053.45,58.958408
2026-04-04 07:35:00,2053.46,2053.68,2052.85,2053.5,38.928893
2026-04-04 07:40:00,2053.5,2053.91,2052.86,2052.86,143.522325
2026-04-04 07:45:00,2052.86,2052.86,2051.57,2052.42,91.542413
2026-04-04 07:50:00,2052.48,2053.11,2051.76,2053.11,185.311074
2026-04-04 07:55:00,2053.17,2054.33,2053.12,2053.87,53.487023
2026-04-04 08:00:00,2053.91,2054.55,2053.46,2054.06,25.950084
2026-04-04 08:05:00,2054.05,2055.37,2053.96,2053.96,40.791651
2026-04-04 08:10:00,2054.01,2054.55,2053.95,2053.95,15.152532
2026-04-04 08:15:00,2053.96,2054.3,2053.94,2053.94,12.217378
2026-04-04 08:20:00,2053.95,2054.99,2053.95,2054.94,25.319671
2026-04-04 08:25:00,2054.81,2055.44,2053.3,2054.94,137.104313
2026-04-04 08:30:00,2054.91,2054.91,2052.22,2052.23,28.333663
2026-04-04 08:35:00,2052.23,2053.1,2052.23,2052.79,18.767395
2026-04-04 08:40:00,2052.78,2052.86,2051.7,2051.88,68.999799
2026-04-04 08:45:00,2051.8,2051.8,2051.37,2051.75,35.00168
2026-04-04 08:50:00,2051.74,2051.75,2048.91,2049.97,402.612745
2026-04-04 08:55:00,2050.04,2050.6,2050.04,2050.45,75.284656
2026-04-04 09:00:00,2050.5,2050.8,2049.86,2050.29,33.654162
2026-04-04 09:05:00,2050.28,2050.9,2050.28,2050.9,19.135606
2026-04-04 09:10:00,2050.89,2051.5,2050.89,2051.48,18.520715
2026-04-04 09:15:00,2051.49,2051.94,2050.36,2050.94,79.448153
2026-04-04 09:20:00,2050.86,2051.02,2050.15,2050.49,94.644586
2026-04-04 09:25:00,2050.5,2051.0,2049.22,2050.51,196.910524
2026-04-04 09:30:00,2050.19,2050.2,2049.51,2049.72,75.701605
2026-04-04 09:35:00,2049.71,2050.49,2049.7,2050.2,33.210219
2026-04-04 09:40:00,2050.19,2050.19,2049.2,2049.22,43.62434
2026-04-04 09:45:00,2049.22,2050.25,2049.22,2050.22,95.307329
2026-04-04 09:50:00,2050.0,2050.1,2049.75,2050.09,65.505134
2026-04-04 09:55:00,2050.01,2050.8,2049.73,2050.45,124.327282
2026-04-04 10:00:00,2050.45,2051.3,2050.45,2050.45,124.635734
2026-04-04 10:05:00,2050.45,2051.07,2050.12,2050.68,24.330644
2026-04-04 10:10:00,2050.61,2050.61,2047.56,2047.56,158.056597
2026-04-04 10:15:00,2047.79,2049.04,2047.79,2049.03,54.515641
2026-04-04 10:20:00,2049.04,2049.04,2048.0,2048.66,78.949793
2026-04-04 10:25:00,2048.65,2049.05,2048.3,2048.81,46.050612
2026-04-04 10:30:00,2048.8,2049.24,2047.86,2049.0,62.826669
2026-04-04 10:35:00,2049.0,2051.81,2048.7,2051.36,148.461014
2026-04-04 10:40:00,2051.36,2054.99,2051.36,2052.6,178.94361
2026-04-04 10:45:00,2052.6,2054.71,2052.11,2053.85,148.372979
2026-04-04 10:50:00,2053.89,2054.89,2053.35,2054.55,99.615929
2026-04-04 10:55:00,2054.56,2054.56,2053.89,2054.23,82.41972
2026-04-04 11:00:00,2054.25,2055.0,2053.65,2053.93,121.45863
2026-04-04 11:05:00,2053.93,2053.93,2052.5,2053.88,94.549039
2026-04-04 11:10:00,2053.65,2053.65,2052.21,2052.95,104.784384
2026-04-04 11:15:00,2052.96,2053.09,2051.9,2052.4,67.134762
2026-04-04 11:20:00,2052.42,2053.25,2052.42,2053.01,26.775713
2026-04-04 11:25:00,2052.97,2053.02,2052.3,2052.39,41.627324
2026-04-04 11:30:00,2052.39,2052.56,2051.65,2051.97,239.530568
2026-04-04 11:35:00,2051.96,2052.0,2051.45,2051.45,54.523501
2026-04-04 11:40:00,2051.46,2052.1,2051.25,2051.6,28.207651
2026-04-04 11:45:00,2051.6,2051.94,2051.47,2051.51,50.938493
2026-04-04 11:50:00,2051.5,2051.9,2051.5,2051.88,41.546459
2026-04-04 11:55:00,2051.89,2052.02,2051.59,2052.02,34.018632
2026-04-04 12:00:00,2052.02,2053.44,2051.54,2052.26,52.099024
2026-04-04 12:05:00,2052.27,2052.8,2050.18,2050.54,138.429656
2026-04-04 12:10:00,2050.55,2050.99,2049.63,2050.3,142.01074
2026-04-04 12:15:00,2050.3,2051.17,2050.1,2051.05,155.691288
2026-04-04 12:20:00,2051.05,2052.09,2050.85,2052.09,36.636354
2026-04-04 12:25:00,2052.09,2052.56,2051.4,2051.41,15.476647
2026-04-04 12:30:00,2051.41,2051.75,2051.05,2051.17,54.192153
2026-04-04 12:35:00,2051.18,2051.18,2050.45,2050.45,36.755626
2026-04-04 12:40:00,2050.46,2050.46,2048.12,2048.49,235.507922
2026-04-04 12:45:00,2048.49,2049.89,2048.37,2049.7,59.078805
2026-04-04 12:50:00,2049.7,2050.0,2049.43,2049.99,22.522067
2026-04-04 12:55:00,2049.99,2050.05,2049.5,2050.05,9.741424
2026-04-04 13:00:00,2050.05,2050.54,2049.8,2050.15,71.543542
2026-04-04 13:05:00,2050.16,2050.74,2050.16,2050.29,27.899096
2026-04-04 13:10:00,2050.29,2050.55,2049.95,2050.09,33.139133
2026-04-04 13:15:00,2050.09,2050.72,2050.0,2050.72,161.244147
2026-04-04 13:20:00,2050.75,2051.44,2050.2,2050.54,83.904677
2026-04-04 13:25:00,2050.54,2050.7,2050.25,2050.25,41.390048
2026-04-04 13:30:00,2050.25,2050.25,2049.6,2050.15,18.151914
2026-04-04 13:35:00,2050.15,2054.28,2049.67,2052.66,117.835662
2026-04-04 13:40:00,2052.65,2053.64,2052.26,2052.93,106.026017
2026-04-04 13:45:00,2052.99,2052.99,2051.22,2051.57,40.752139
2026-04-04 13:50:00,2051.6,2051.95,2051.15,2051.85,35.526471
2026-04-04 13:55:00,2051.84,2054.98,2051.8,2053.61,381.25029
2026-04-04 14:00:00,2053.61,2054.89,2053.55,2054.01,42.702669
2026-04-04 14:05:00,2054.01,2054.48,2053.55,2054.35,112.203818
2026-04-04 14:10:00,2054.36,2054.36,2053.2,2053.43,43.693161
2026-04-04 14:15:00,2053.43,2053.59,2051.97,2053.59,125.337846
2026-04-04 14:20:00,2053.62,2053.9,2051.8,2052.09,140.040462
2026-04-04 14:25:00,2052.1,2052.6,2051.98,2051.99,40.72666
2026-04-04 14:30:00,2051.98,2051.98,2050.74,2051.1,52.425773
2026-04-04 14:35:00,2051.09,2051.7,2048.71,2049.65,164.882801
2026-04-04 14:40:00,2049.69,2049.9,2044.02,2049.48,320.893264
2026-04-04 14:45:00,2049.45,2053.05,2049.15,2050.83,86.353612
2026-04-04 14:50:00,2050.83,2051.3,2050.73,2050.75,18.864196
2026-04-04 14:55:00,2050.74,2053.45,2050.64,2053.05,61.350782
2026-04-04 15:00:00,2053.15,2054.88,2052.06,2054.88,155.630258
2026-04-04 15:05:00,2054.9,2057.4,2054.05,2056.36,517.59226
2026-04-04 15:10:00,2056.43,2062.17,2054.85,2056.43,807.139694
2026-04-04 15:15:00,2056.63,2058.63,2055.51,2057.5,164.319766
2026-04-04 15:20:00,2057.5,2058.84,2054.23,2054.24,211.585416
2026-04-04 15:25:00,2054.39,2055.43,2053.24,2054.65,196.786433
2026-04-04 15:30:00,2054.8,2055.64,2054.31,2054.61,33.315366
2026-04-04 15:35:00,2054.62,2055.0,2053.77,2054.79,40.313983
2026-04-04 15:40:00,2054.8,2055.1,2053.34,2054.11,115.562656
2026-04-04 15:45:00,2054.11,2054.9,2052.99,2054.7,33.71257
2026-04-04 15:50:00,2054.7,2054.8,2053.9,2054.8,54.261522
2026-04-04 15:55:00,2054.8,2056.55,2054.8,2056.29,48.493578
2026-04-04 16:00:00,2056.29,2056.58,2054.84,2054.94,46.171649
2026-04-04 16:05:00,2054.91,2055.7,2054.9,2054.92,48.67365
2026-04-04 16:10:00,2054.85,2054.85,2053.8,2053.93,207.219789
2026-04-04 16:15:00,2054.04,2054.1,2053.61,2054.0,17.527664
2026-04-04 16:20:00,2053.99,2057.0,2053.26,2056.79,124.963275
2026-04-04 16:25:00,2056.8,2062.18,2056.5,2059.83,381.739178
2026-04-04 16:30:00,2059.8,2060.54,2057.28,2058.15,185.354084
2026-04-04 16:35:00,2058.25,2060.94,2058.2,2059.9,171.608791
2026-04-04 16:40:00,2059.91,2060.95,2059.01,2059.92,48.683866
2026-04-04 16:45:00,2059.92,2061.43,2058.79,2059.0,455.342038
2026-04-04 16:50:00,2059.0,2059.45,2057.04,2057.34,151.258006
2026-04-04 16:55:00,2057.34,2058.22,2054.68,2055.59,181.606271
2026-04-04 17:00:00,2055.6,2055.79,2052.79,2053.89,159.035927
2026-04-04 17:05:00,2053.89,2054.55,2053.39,2054.48,63.597805
2026-04-04 17:10:00,2054.48,2056.55,2053.95,2056.55,144.93932
2026-04-04 17:15:00,2056.54,2057.92,2055.91,2056.1,72.755442
2026-04-04 17:20:00,2056.1,2057.25,2055.81,2057.2,107.611285
2026-04-04 17:25:00,2057.2,2058.12,2056.76,2057.54,33.305484
2026-04-04 17:30:00,2057.5,2057.6,2056.98,2057.13,25.36394
2026-04-04 17:35:00,2057.13,2057.13,2055.22,2055.23,47.592791
2026-04-04 17:40:00,2055.23,2055.9,2055.2,2055.21,40.843609
2026-04-04 17:45:00,2055.2,2055.8,2055.0,2055.56,28.167147
2026-04-04 17:50:00,2055.56,2056.89,2055.55,2056.38,23.035841
2026-04-04 17:55:00,2056.37,2057.49,2056.11,2056.98,25.223947
2026-04-04 18:00:00,2057.02,2057.68,2056.01,2056.61,53.464352
2026-04-04 18:05:00,2056.65,2057.69,2056.01,2057.26,75.551197
2026-04-04 18:10:00,2057.26,2057.4,2056.51,2056.86,21.919935
2026-04-04 18:15:00,2056.85,2058.5,2056.81,2058.19,105.862272
2026-04-04 18:20:00,2058.22,2058.45,2057.7,2058.06,17.918375
2026-04-04 18:25:00,2058.01,2058.01,2057.12,2057.12,33.164632
2026-04-04 18:30:00,2057.11,2057.11,2055.34,2055.7,46.418174
2026-04-04 18:35:00,2055.8,2056.44,2055.8,2056.31,19.095308
2026-04-04 18:40:00,2056.34,2056.35,2055.46,2055.67,47.339345
2026-04-04 18:45:00,2055.66,2056.05,2055.02,2055.62,43.488359
2026-04-04 18:50:00,2055.62,2056.64,2055.45,2056.47,29.358238
2026-04-04 18:55:00,2056.47,2056.47,2055.2,2055.39,47.587339
2026-04-04 19:00:00,2055.4,2059.99,2055.15,2059.76,212.493289
2026-04-04 19:05:00,2059.76,2068.75,2058.7,2065.26,1126.749719
2026-04-04 19:10:00,2065.36,2079.68,2064.58,2078.77,1641.391449
2026-04-04 19:15:00,2078.77,2084.05,2071.77,2073.1,1077.629818
2026-04-04 19:20:00,2073.14,2073.74,2070.02,2070.02,139.005594
2026-04-04 19:25:00,2070.02,2070.91,2067.92,2068.5,232.837482
2026-04-04 19:30:00,2068.5,2069.99,2067.19,2068.2,218.381604
2026-04-04 19:35:00,2068.2,2068.94,2067.18,2068.11,46.955227
2026-04-04 19:40:00,2067.88,2068.79,2064.37,2065.19,325.340291
2026-04-04 19:45:00,2065.2,2066.45,2063.96,2065.01,169.142475
2026-04-04 19:50:00,2065.01,2067.68,2065.01,2067.45,185.336944
2026-04-04 19:55:00,2067.44,2067.44,2064.5,2064.66,224.436977
2026-04-04 20:00:00,2064.66,2065.0,2060.03,2060.2,479.324573
2026-04-04 20:05:00,2060.24,2062.25,2060.12,2061.9,169.270974
2026-04-04 20:10:00,2061.91,2062.39,2061.4,2061.7,55.651896
2026-04-04 20:15:00,2061.8,2063.35,2061.79,2063.21,74.101523
2026-04-04 20:20:00,2063.2,2063.21,2062.5,2063.11,55.140202
2026-04-04 20:25:00,2063.15,2064.3,2062.7,2063.77,49.634513
2026-04-04 20:30:00,2063.76,2063.9,2062.46,2062.77,45.050228
2026-04-04 20:35:00,2062.78,2063.95,2062.77,2063.72,115.6501
2026-04-04 20:40:00,2063.75,2064.09,2063.28,2063.28,20.466161
2026-04-04 20:45:00,2063.28,2063.59,2062.35,2062.62,46.876941
2026-04-04 20:50:00,2062.64,2062.64,2062.0,2062.45,50.873034
2026-04-04 20:55:00,2062.45,2063.0,2062.0,2062.99,10.933321
2026-04-04 21:00:00,2063.0,2064.5,2063.0,2063.31,50.080903
2026-04-04 21:05:00,2063.3,2064.3,2063.16,2064.29,21.655497
2026-04-04 21:10:00,2064.29,2064.45,2062.91,2063.45,322.11101
2026-04-04 21:15:00,2063.46,2064.94,2063.45,2064.66,28.476996
2026-04-04 21:20:00,2064.66,2067.01,2064.46,2065.53,187.435633
2026-04-04 21:25:00,2065.75,2067.97,2065.7,2067.64,111.947275
2026-04-04 21:30:00,2067.65,2067.89,2066.6,2066.75,97.897927
2026-04-04 21:35:00,2066.75,2068.64,2066.09,2068.11,143.565548
2026-04-04 21:40:00,2068.11,2068.77,2066.06,2067.17,163.459064
2026-04-04 21:45:00,2067.18,2069.59,2067.12,2069.26,116.682592
2026-04-04 21:50:00,2069.35,2071.93,2069.21,2070.65,56.97746
2026-04-04 21:55:00,2070.65,2071.81,2068.25,2068.87,112.813059
2026-04-04 22:00:00,2068.87,2070.77,2068.3,2070.11,116.9917
2026-04-04 22:05:00,2070.1,2070.65,2068.67,2069.6,54.08209
2026-04-04 22:10:00,2069.56,2069.66,2068.27,2069.66,62.565419
2026-04-04 22:15:00,2069.66,2071.79,2069.44,2071.55,41.421558
2026-04-04 22:20:00,2071.45,2072.32,2069.95,2071.92,89.878286
2026-04-04 22:25:00,2071.94,2071.99,2070.75,2071.28,59.798786
2026-04-04 22:30:00,2071.27,2071.44,2068.76,2070.23,111.210634
2026-04-04 22:35:00,2070.24,2070.49,2069.72,2069.72,15.552859
2026-04-04 22:40:00,2069.73,2071.85,2069.44,2071.85,139.237679
2026-04-04 22:45:00,2071.84,2071.84,2068.52,2069.81,116.599923
2026-04-04 22:50:00,2069.9,2070.0,2068.79,2069.38,16.696142
2026-04-04 22:55:00,2069.38,2069.39,2068.8,2069.19,14.757173
2026-04-04 23:00:00,2069.15,2069.2,2066.6,2067.51,183.547535
2026-04-04 23:05:00,2067.36,2068.12,2065.65,2067.85,128.589366
2026-04-04 23:10:00,2067.76,2067.76,2065.93,2066.25,14.708377
2026-04-04 23:15:00,2066.15,2066.25,2065.3,2065.65,47.125502
2026-04-04 23:20:00,2065.65,2065.88,2065.25,2065.32,18.431133
2026-04-04 23:25:00,2065.31,2065.45,2064.15,2064.16,32.349498
2026-04-04 23:30:00,2064.16,2064.99,2064.15,2064.35,19.098795
2026-04-04 23:35:00,2064.34,2064.34,2063.28,2063.41,11.830843
2026-04-04 23:40:00,2063.35,2063.86,2062.63,2063.86,90.596977
2026-04-04 23:45:00,2063.9,2064.09,2062.61,2063.6,60.832609
2026-04-04 23:50:00,2063.6,2066.55,2063.08,2065.07,186.188847
2026-04-04 23:55:00,2065.09,2065.76,2064.52,2065.57,83.159856
2026-04-05 00:00:00,2065.57,2065.7,2064.3,2064.3,50.770638
2026-04-05 00:05:00,2064.3,2064.94,2063.96,2064.9,21.405323
2026-04-05 00:10:00,2064.89,2064.89,2063.05,2063.05,44.593104
2026-04-05 00:15:00,2063.05,2063.6,2062.9,2063.25,20.622523
2026-04-05 00:20:00,2063.26,2063.85,2062.69,2063.65,73.022109
2026-04-05 00:25:00,2063.62,2065.07,2063.28,2064.6,176.184027
2026-04-05 00:30:00,2064.61,2064.61,2063.7,2063.87,76.772101
2026-04-05 00:35:00,2063.8,2064.55,2063.66,2064.54,45.386974
2026-04-05 00:40:00,2064.54,2065.6,2064.1,2065.01,46.428236
2026-04-05 00:45:00,2065.0,2065.44,2063.31,2063.31,46.278711
2026-04-05 00:50:00,2063.3,2063.3,2061.57,2062.5,139.289483
2026-04-05 00:55:00,2062.5,2062.54,2060.34,2062.29,180.172641
2026-04-05 01:00:00,2062.3,2062.59,2059.11,2060.19,370.084315
2026-04-05 01:05:00,2060.2,2060.64,2056.87,2059.0,492.100688
2026-04-05 01:10:00,2058.99,2060.9,2058.7,2060.51,41.819658
2026-04-05 01:15:00,2060.51,2060.51,2059.49,2059.49,115.39117
2026-04-05 01:20:00,2059.5,2060.34,2058.44,2058.99,69.315682
2026-04-05 01:25:00,2059.0,2059.65,2058.22,2059.09,74.569363
2026-04-05 01:30:00,2059.14,2059.2,2058.13,2058.99,39.542086
2026-04-05 01:35:00,2058.99,2059.0,2057.56,2057.56,89.608273
2026-04-05 01:40:00,2057.55,2058.49,2056.93,2057.83,126.011374
2026-04-05 01:45:00,2057.93,2058.55,2057.62,2058.55,68.696874
2026-04-05 01:50:00,2058.57,2058.85,2057.25,2057.25,35.832044
2026-04-05 01:55:00,2057.26,2057.75,2057.25,2057.25,45.418306
2026-04-05 02:00:00,2057.26,2057.26,2053.61,2055.95,318.76516
2026-04-05 02:05:00,2055.94,2056.3,2054.28,2054.96,194.668021
2026-04-05 02:10:00,2054.95,2055.35,2054.15,2054.51,72.594463
2026-04-05 02:15:00,2054.55,2058.13,2054.54,2057.6,212.331471
2026-04-05 02:20:00,2057.6,2058.58,2057.25,2058.33,46.076983
2026-04-05 02:25:00,2058.4,2059.55,2057.78,2058.28,165.425512
2026-04-05 02:30:00,2058.27,2059.81,2057.76,2059.05,71.385712
2026-04-05 02:35:00,2059.05,2059.25,2057.87,2058.65,167.359842
2026-04-05 02:40:00,2058.65,2058.65,2058.09,2058.31,32.804767
2026-04-05 02:45:00,2058.29,2058.4,2058.01,2058.11,9.156277
2026-04-05 02:50:00,2058.11,2059.24,2058.1,2059.2,35.764059
2026-04-05 02:55:00,2059.21,2059.85,2059.21,2059.7,39.385074
2026-04-05 03:00:00,2059.7,2060.53,2059.53,2059.7,38.640431
2026-04-05 03:05:00,2059.71,2059.83,2059.15,2059.8,13.400155
2026-04-05 03:10:00,2059.79,2060.1,2059.6,2060.1,23.511937
2026-04-05 03:15:00,2060.11,2060.11,2057.96,2057.96,14.03672
2026-04-05 03:20:00,2057.95,2058.4,2057.1,2058.4,52.312003
2026-04-05 03:25:00,2058.39,2058.45,2058.06,2058.12,7.098737
2026-04-05 03:30:00,2058.1,2058.1,2055.56,2055.64,41.720938
2026-04-05 03:35:00,2055.62,2055.95,2055.1,2055.95,66.747811
2026-04-05 03:40:00,2055.95,2056.9,2055.75,2056.89,16.204124
2026-04-05 03:45:00,2056.9,2057.4,2056.48,2056.8,86.27915
2026-04-05 03:50:00,2056.79,2056.79,2055.71,2056.23,45.932265
2026-04-05 03:55:00,2056.29,2056.65,2056.01,2056.65,18.902877
2026-04-05 04:00:00,2056.68,2056.68,2055.75,2056.2,54.557612
2026-04-05 04:05:00,2056.19,2056.19,2054.97,2055.34,60.060471
2026-04-05 04:10:00,2055.28,2055.29,2054.0,2054.5,29.11715
2026-04-05 04:15:00,2054.49,2056.07,2053.97,2055.83,203.665702
2026-04-05 04:20:00,2055.8,2056.35,2055.61,2055.86,12.425507
2026-04-05 04:25:00,2055.86,2058.18,2055.86,2057.96,34.501932
2026-04-05 04:30:00,2057.9,2057.9,2056.36,2056.36,39.451898
2026-04-05 04:35:00,2056.35,2056.84,2055.9,2056.17,26.022538
2026-04-05 04:40:00,2056.15,2056.15,2054.75,2055.26,16.502827
2026-04-05 04:45:00,2055.25,2055.5,2054.2,2054.35,19.49792
2026-04-05 04:50:00,2054.34,2055.48,2054.34,2054.9,18.635563
2026-04-05 04:55:00,2054.91,2056.44,2054.63,2055.2,58.84728
2026-04-05 05:00:00,2055.2,2056.32,2054.71,2055.51,12.876818
2026-04-05 05:05:00,2055.53,2056.27,2055.31,2056.11,15.390493
2026-04-05 05:10:00,2056.11,2056.89,2054.21,2054.5,102.341871
2026-04-05 05:15:00,2054.49,2054.89,2053.81,2053.81,28.599786
2026-04-05 05:20:00,2053.8,2053.8,2051.25,2053.0,190.240245
2026-04-05 05:25:00,2053.0,2053.31,2052.55,2053.03,43.499082
2026-04-05 05:30:00,2053.01,2053.54,2052.4,2053.4,121.229923
2026-04-05 05:35:00,2053.4,2053.4,2051.7,2052.49,25.21413
2026-04-05 05:40:00,2052.49,2053.06,2052.3,2053.06,74.845136
2026-04-05 05:45:00,2053.08,2053.5,2052.87,2053.04,70.977295
2026-04-05 05:50:00,2053.04,2053.04,2047.69,2049.65,978.731209
2026-04-05 05:55:00,2049.69,2049.69,2047.22,2048.78,74.992778
2026-04-05 06:00:00,2048.8,2049.4,2047.09,2048.25,425.714869
2026-04-05 06:05:00,2048.15,2048.2,2038.19,2038.85,1848.733867
2026-04-05 06:10:00,2039.02,2039.57,2031.1,2033.2,2309.08495
2026-04-05 06:15:00,2033.19,2033.25,2026.84,2030.4,1427.346983
2026-04-05 06:20:00,2030.4,2036.9,2029.86,2034.06,1036.159291
2026-04-05 06:25:00,2034.05,2035.65,2032.94,2035.35,131.349524
2026-04-05 06:30:00,2035.34,2039.32,2034.65,2038.71,397.758868
2026-04-05 06:35:00,2038.65,2040.14,2036.6,2039.19,524.695624
2026-04-05 06:40:00,2039.2,2039.92,2038.41,2039.56,328.556237
2026-04-05 06:45:00,2039.55,2040.3,2038.35,2038.85,471.103183
2026-04-05 06:50:00,2038.86,2039.74,2038.37,2038.37,111.237056
2026-04-05 06:55:00,2038.3,2039.6,2038.18,2038.2,73.396562
2026-04-05 07:00:00,2038.21,2042.23,2038.21,2040.03,269.048972
2026-04-05 07:05:00,2040.0,2041.64,2039.81,2040.06,41.106757
2026-04-05 07:10:00,2040.05,2042.25,2040.0,2041.81,109.106099
2026-04-05 07:15:00,2041.8,2042.68,2039.12,2041.33,269.966522
2026-04-05 07:20:00,2041.34,2041.61,2040.42,2040.42,31.146757
2026-04-05 07:25:00,2040.35,2040.42,2038.94,2040.1,46.487019
2026-04-05 07:30:00,2040.1,2040.19,2035.7,2036.64,229.944542
2026-04-05 07:35:00,2036.64,2036.64,2033.28,2035.3,482.931736
2026-04-05 07:40:00,2035.29,2036.8,2035.29,2036.33,39.722582
2026-04-05 07:45:00,2036.32,2037.89,2034.95,2035.36,450.231713
2026-04-05 07:50:00,2035.35,2036.9,2035.17,2036.74,162.456842
2026-04-05 07:55:00,2036.74,2037.94,2036.74,2037.26,91.937065
2026-04-05 08:00:00,2037.25,2038.51,2035.81,2037.27,472.033591
2026-04-05 08:05:00,2037.28,2038.51,2036.86,2038.05,140.330834
2026-04-05 08:10:00,2038.06,2039.0,2037.95,2038.36,54.430365
2026-04-05 08:15:00,2038.52,2039.41,2037.96,2039.2,27.966693
2026-04-05 08:20:00,2039.21,2039.64,2038.44,2038.44,37.914462
2026-04-05 08:25:00,2038.42,2038.42,2037.32,2037.56,120.093714
2026-04-05 08:30:00,2037.56,2038.4,2037.25,2038.4,50.319158
2026-04-05 08:35:00,2038.39,2038.9,2037.94,2038.9,25.274247
2026-04-05 08:40:00,2038.9,2039.35,2037.3,2037.67,44.236592
2026-04-05 08:45:00,2037.7,2038.45,2037.69,2038.2,22.179691
2026-04-05 08:50:00,2038.2,2038.28,2037.66,2037.66,51.274794
2026-04-05 08:55:00,2037.65,2040.17,2037.6,2039.45,129.585858
2026-04-05 09:00:00,2039.45,2041.45,2039.1,2041.16,342.329826
2026-04-05 09:05:00,2041.16,2042.29,2039.36,2040.19,97.690101
2026-04-05 09:10:00,2040.23,2040.6,2039.61,2040.29,42.498367
2026-04-05 09:15:00,2040.3,2041.7,2040.29,2041.66,201.220222
2026-04-05 09:20:00,2041.65,2044.44,2041.5,2044.36,139.835483
2026-04-05 09:25:00,2044.36,2044.8,2043.5,2043.97,20.157548
2026-04-05 09:30:00,2044.15,2044.29,2043.25,2043.69,140.467639
2026-04-05 09:35:00,2043.7,2044.56,2043.06,2044.34,25.032199
2026-04-05 09:40:00,2044.34,2045.86,2044.31,2045.6,322.195452
2026-04-05 09:45:00,2045.61,2045.72,2045.06,2045.72,103.792138
2026-04-05 09:50:00,2045.75,2046.09,2045.17,2045.17,41.816579
2026-04-05 09:55:00,2045.17,2045.17,2044.29,2044.48,238.639346
2026-04-05 10:00:00,2044.46,2044.84,2043.65,2044.19,108.570625
2026-04-05 10:05:00,2044.19,2045.65,2044.18,2044.76,99.809442
2026-04-05 10:10:00,2044.66,2045.15,2043.11,2043.34,23.990638
2026-04-05 10:15:00,2043.34,2043.95,2042.32,2043.3,146.040556
2026-04-05 10:20:00,2043.3,2044.3,2043.12,2043.99,56.761484
2026-04-05 10:25:00,2043.96,2045.13,2043.96,2045.12,8.813713
2026-04-05 10:30:00,2045.11,2045.58,2044.39,2045.55,141.040067
2026-04-05 10:35:00,2045.51,2052.76,2045.51,2048.95,401.001767
2026-04-05 10:40:00,2048.95,2049.32,2046.34,2047.34,303.995289
2026-04-05 10:45:00,2047.25,2047.25,2045.2,2045.21,70.01227
2026-04-05 10:50:00,2045.2,2045.3,2044.02,2044.5,105.424518
2026-04-05 10:55:00,2044.49,2044.85,2044.36,2044.75,24.018869
2026-04-05 11:00:00,2044.75,2045.15,2042.9,2043.84,83.787427
2026-04-05 11:05:00,2043.85,2044.79,2043.78,2044.79,132.928929
2026-04-05 11:10:00,2044.8,2045.79,2044.8,2045.01,75.757398
2026-04-05 11:15:00,2044.95,2045.82,2044.61,2044.85,59.170203
2026-04-05 11:20:00,2044.81,2045.4,2044.15,2044.15,19.958719
2026-04-05 11:25:00,2044.14,2044.14,2041.71,2042.7,203.907051
2026-04-05 11:30:00,2042.69,2043.14,2041.91,2042.38,109.170787
2026-04-05 11:35:00,2042.39,2042.39,2040.38,2041.74,48.005883
2026-04-05 11:40:00,2041.73,2041.75,2041.04,2041.17,28.368426
2026-04-05 11:45:00,2041.18,2041.99,2040.35,2041.61,75.674057
2026-04-05 11:50:00,2041.61,2042.55,2041.6,2042.49,22.360194
2026-04-05 11:55:00,2042.5,2042.5,2041.95,2041.95,16.359174
2026-04-05 12:00:00,2041.96,2041.96,2038.35,2038.35,128.870151
2026-04-05 12:05:00,2038.35,2040.94,2038.31,2040.34,211.333425
2026-04-05 12:10:00,2040.34,2040.34,2038.2,2038.69,422.137958
2026-04-05 12:15:00,2038.7,2039.79,2038.36,2039.4,25.617842
2026-04-05 12:20:00,2039.4,2039.4,2038.18,2038.94,45.072636
2026-04-05 12:25:00,2038.94,2038.95,2037.32,2037.32,173.486887
2026-04-05 12:30:00,2037.31,2037.83,2028.5,2029.76,1352.981549
2026-04-05 12:35:00,2029.95,2030.04,2021.66,2025.3,2265.350492
2026-04-05 12:40:00,2025.3,2026.75,2021.75,2024.91,680.447601
2026-04-05 12:45:00,2024.85,2025.53,2023.0,2025.26,436.448587
2026-04-05 12:50:00,2025.25,2029.19,2025.05,2028.71,177.709365
2026-04-05 12:55:00,2028.8,2029.41,2028.3,2028.6,76.886998
2026-04-05 13:00:00,2028.54,2030.9,2028.01,2030.71,146.226579
2026-04-05 13:05:00,2030.7,2030.7,2029.2,2030.0,84.295948
2026-04-05 13:10:00,2030.0,2030.24,2026.3,2026.8,162.810924
2026-04-05 13:15:00,2026.79,2028.58,2026.35,2028.58,94.211352
2026-04-05 13:20:00,2028.6,2033.0,2028.31,2031.31,170.875105
2026-04-05 13:25:00,2031.3,2031.3,2025.83,2025.96,190.220716
2026-04-05 13:30:00,2025.97,2031.19,2025.51,2030.06,266.100136
2026-04-05 13:35:00,2030.07,2030.78,2028.78,2030.2,50.262688
2026-04-05 13:40:00,2030.2,2030.44,2028.7,2029.88,89.317541
2026-04-05 13:45:00,2029.85,2032.69,2029.74,2032.69,63.974027
2026-04-05 13:50:00,2032.7,2036.17,2032.7,2033.42,264.326775
2026-04-05 13:55:00,2033.42,2037.75,2032.83,2036.5,404.930779
2026-04-05 14:00:00,2036.51,2042.16,2035.0,2041.46,573.558506
2026-04-05 14:05:00,2041.46,2041.78,2038.81,2039.19,196.783551
2026-04-05 14:10:00,2039.19,2039.19,2036.16,2036.71,150.437666
2026-04-05 14:15:00,2036.7,2038.2,2035.66,2038.11,75.957768
2026-04-05 14:20:00,2038.1,2039.72,2037.81,2039.25,107.09438
2026-04-05 14:25:00,2039.25,2041.03,2039.25,2040.11,55.29513
2026-04-05 14:30:00,2040.11,2040.77,2038.65,2039.2,117.354681
2026-04-05 14:35:00,2039.2,2041.93,2039.15,2041.16,444.754737
2026-04-05 14:40:00,2041.15,2043.19,2040.41,2040.75,183.547597
2026-04-05 14:45:00,2040.8,2040.9,2039.16,2039.49,114.487582
2026-04-05 14:50:00,2039.5,2040.05,2039.12,2039.12,74.776425
2026-04-05 14:55:00,2039.1,2039.1,2038.0,2038.59,54.314492
2026-04-05 15:00:00,2038.6,2039.6,2037.13,2038.21,182.675188
2026-04-05 15:05:00,2038.2,2039.01,2034.29,2039.01,219.382757
2026-04-05 15:10:00,2039.0,2041.59,2039.0,2040.78,82.258027
2026-04-05 15:15:00,2040.79,2043.19,2040.45,2041.76,107.389187
2026-04-05 15:20:00,2041.8,2042.83,2040.34,2041.22,59.023781
2026-04-05 15:25:00,2041.25,2063.97,2040.86,2060.53,3066.823169
2026-04-05 15:30:00,2060.6,2070.0,2057.09,2058.01,3979.718828
2026-04-05 15:35:00,2057.81,2059.99,2055.36,2056.1,509.501187
2026-04-05 15:40:00,2056.18,2059.44,2053.16,2059.44,705.941834
2026-04-05 15:45:00,2059.45,2059.66,2055.3,2056.44,213.045564
2026-04-05 15:50:00,2056.4,2058.65,2056.14,2056.4,148.467634
2026-04-05 15:55:00,2056.41,2056.41,2052.95,2053.84,336.163973
2026-04-05 16:00:00,2053.85,2056.45,2053.85,2055.65,239.72566
2026-04-05 16:05:00,2055.66,2056.94,2053.02,2055.32,175.367541
2026-04-05 16:10:00,2055.41,2057.75,2054.68,2055.39,237.448665
2026-04-05 16:15:00,2055.39,2057.4,2054.86,2056.6,70.680602
2026-04-05 16:20:00,2056.61,2057.09,2055.95,2056.54,154.548082
2026-04-05 16:25:00,2056.54,2057.44,2054.63,2054.63,62.583113
2026-04-05 16:30:00,2054.6,2059.13,2054.25,2057.76,129.924053
2026-04-05 16:35:00,2057.75,2058.15,2056.0,2056.24,75.620149
2026-04-05 16:40:00,2056.25,2056.4,2054.0,2056.01,92.458689
2026-04-05 16:45:00,2055.97,2055.98,2053.1,2053.35,138.962058
2026-04-05 16:50:00,2053.35,2054.09,2051.0,2051.0,345.351781
2026-04-05 16:55:00,2051.01,2052.0,2049.53,2051.95,314.172189
2026-04-05 17:00:00,2051.95,2052.7,2048.1,2050.6,122.868517
2026-04-05 17:05:00,2050.6,2055.76,2050.6,2055.21,203.642023
2026-04-05 17:10:00,2055.19,2056.99,2055.11,2055.84,97.843672
2026-04-05 17:15:00,2055.85,2056.0,2052.66,2052.89,38.266355
2026-04-05 17:20:00,2052.83,2053.39,2051.61,2053.39,46.371808
2026-04-05 17:25:00,2053.4,2056.78,2053.12,2056.02,140.936901
2026-04-05 17:30:00,2056.02,2056.45,2055.02,2055.2,34.087841
2026-04-05 17:35:00,2055.21,2057.25,2054.96,2057.25,51.40944
2026-04-05 17:40:00,2057.25,2060.82,2056.35,2060.81,171.393982
2026-04-05 17:45:00,2060.82,2062.5,2058.47,2061.0,187.248778
2026-04-05 17:50:00,2061.04,2062.5,2058.72,2061.13,153.197185
2026-04-05 17:55:00,2061.13,2062.38,2060.79,2062.37,95.080251
2026-04-05 18:00:00,2062.37,2062.85,2058.91,2060.94,230.954686
2026-04-05 18:05:00,2060.95,2061.13,2059.5,2059.96,41.746011
2026-04-05 18:10:00,2059.95,2060.85,2056.89,2058.69,313.03112
2026-04-05 18:15:00,2058.69,2059.61,2057.92,2057.92,54.563156
2026-04-05 18:20:00,2057.92,2058.71,2057.7,2058.6,26.152124
2026-04-05 18:25:00,2058.59,2058.59,2057.55,2057.65,33.568132
2026-04-05 18:30:00,2057.64,2064.22,2057.64,2062.43,163.55136
2026-04-05 18:35:00,2062.45,2065.28,2061.76,2064.47,135.29843
2026-04-05 18:40:00,2064.45,2066.85,2063.16,2064.84,452.475912
2026-04-05 18:45:00,2064.84,2066.24,2064.11,2064.11,358.739538
2026-04-05 18:50:00,2064.05,2064.05,2061.96,2062.7,61.374633
2026-04-05 18:55:00,2062.7,2062.86,2061.48,2062.86,85.05073
2026-04-05 19:00:00,2062.9,2062.9,2061.77,2061.77,36.067472
2026-04-05 19:05:00,2061.75,2063.45,2061.75,2062.94,85.49886
2026-04-05 19:10:00,2062.94,2063.78,2061.82,2063.11,89.566683
2026-04-05 19:15:00,2063.11,2067.23,2062.57,2067.23,240.344989
2026-04-05 19:20:00,2067.23,2069.88,2065.97,2069.48,330.985816
2026-04-05 19:25:00,2069.47,2069.78,2066.01,2066.3,85.60964
2026-04-05 19:30:00,2066.29,2066.4,2063.92,2064.31,64.706241
2026-04-05 19:35:00,2064.3,2064.31,2059.34,2060.05,179.792118
2026-04-05 19:40:00,2060.2,2060.8,2058.51,2058.98,124.851349
2026-04-05 19:45:00,2058.98,2059.35,2057.97,2058.01,40.683326
2026-04-05 19:50:00,2057.95,2059.89,2057.94,2059.66,57.522729
2026-04-05 19:55:00,2059.75,2061.95,2059.75,2061.95,115.539412
2026-04-05 20:00:00,2061.95,2064.05,2061.95,2062.44,102.40712
2026-04-05 20:05:00,2062.45,2063.69,2061.61,2062.55,66.962581
2026-04-05 20:10:00,2062.54,2063.1,2061.75,2062.65,39.681067
2026-04-05 20:15:00,2062.65,2063.24,2062.65,2062.92,26.890846
2026-04-05 20:20:00,2062.95,2066.39,2062.94,2065.94,73.281772
2026-04-05 20:25:00,2065.95,2066.45,2064.97,2065.77,134.158211
2026-04-05 20:30:00,2065.77,2066.13,2065.32,2065.99,75.130672
2026-04-05 20:35:00,2065.99,2074.85,2064.95,2072.69,982.256161
2026-04-05 20:40:00,2072.7,2073.29,2067.2,2067.2,158.336016
2026-04-05 20:45:00,2067.24,2070.5,2066.81,2070.29,195.943721
2026-04-05 20:50:00,2070.29,2070.59,2068.23,2069.31,88.167543
2026-04-05 20:55:00,2069.35,2069.74,2068.21,2068.85,53.104746
2026-04-05 21:00:00,2068.9,2069.05,2065.27,2067.59,291.93032
2026-04-05 21:05:00,2067.6,2068.1,2066.84,2067.5,59.686938
2026-04-05 21:10:00,2067.5,2067.85,2058.97,2060.86,712.095474
2026-04-05 21:15:00,2060.86,2062.18,2060.0,2060.09,119.786779
2026-04-05 21:20:00,2060.1,2061.14,2059.76,2060.75,68.741336
2026-04-05 21:25:00,2060.75,2061.31,2058.27,2060.44,273.929974
2026-04-05 21:30:00,2060.49,2060.7,2059.2,2059.21,60.6338
2026-04-05 21:35:00,2059.21,2059.74,2058.43,2059.04,15.305332
2026-04-05 21:40:00,2059.1,2061.27,2056.77,2060.24,116.034687
2026-04-05 21:45:00,2060.23,2062.98,2059.07,2062.75,102.526114
2026-04-05 21:50:00,2062.74,2065.5,2062.34,2065.45,83.907929
2026-04-05 21:55:00,2065.46,2065.5,2059.31,2060.1,103.97476
2026-04-05 22:00:00,2060.1,2067.73,2056.86,2066.33,313.964011
2026-04-05 22:05:00,2066.39,2066.59,2060.94,2062.85,263.307053
2026-04-05 22:10:00,2062.86,2062.94,2050.01,2055.07,935.259942
2026-04-05 22:15:00,2055.08,2057.0,2054.1,2054.67,88.079236
2026-04-05 22:20:00,2054.68,2055.3,2049.93,2052.42,241.591108
2026-04-05 22:25:00,2052.42,2054.0,2050.11,2054.0,1305.066041
2026-04-05 22:30:00,2054.04,2058.94,2052.92,2055.2,148.191796
2026-04-05 22:35:00,2055.24,2061.05,2053.92,2061.05,145.653161
2026-04-05 22:40:00,2061.08,2072.0,2059.95,2070.39,922.498946
2026-04-05 22:45:00,2070.27,2079.29,2069.37,2075.05,1252.326467
2026-04-05 22:50:00,2075.09,2081.93,2075.09,2076.49,1074.181905
2026-04-05 22:55:00,2076.5,2087.9,2076.1,2085.69,1539.525668
2026-04-05 23:00:00,2085.69,2092.64,2082.15,2083.95,1023.487653
2026-04-05 23:05:00,2083.95,2096.69,2083.7,2088.75,769.895712
2026-04-05 23:10:00,2088.76,2097.41,2088.57,2097.36,669.983828
2026-04-05 23:15:00,2097.23,2118.0,2096.76,2111.93,4227.847303
2026-04-05 23:20:00,2111.93,2116.09,2107.0,2108.46,1128.158885
2026-04-05 23:25:00,2108.45,2112.61,2107.32,2108.19,757.205439
2026-04-05 23:30:00,2108.19,2123.47,2107.53,2121.22,2111.727825
2026-04-05 23:35:00,2121.25,2121.79,2115.0,2115.34,293.549405
2026-04-05 23:40:00,2115.33,2116.39,2108.99,2110.95,390.755827
2026-04-05 23:45:00,2110.96,2115.97,2110.33,2110.86,321.519281
2026-04-05 23:50:00,2110.94,2113.74,2108.31,2109.94,594.213486
2026-04-05 23:55:00,2109.91,2111.15,2108.79,2110.0,231.629336
2026-04-06 00:00:00,2110.0,2135.44,2110.0,2120.8,4109.122013
2026-04-06 00:05:00,2120.85,2126.26,2119.65,2120.4,847.936199
2026-04-06 00:10:00,2120.4,2121.01,2116.68,2119.61,649.765263
2026-04-06 00:15:00,2119.61,2125.49,2119.15,2120.66,573.260772
2026-04-06 00:20:00,2120.56,2124.76,2115.39,2123.5,312.372849
2026-04-06 00:25:00,2123.51,2124.79,2120.06,2123.01,1130.000509
2026-04-06 00:30:00,2123.05,2128.17,2120.58,2120.79,1347.989518
2026-04-06 00:35:00,2120.84,2124.11,2120.0,2122.79,171.454256
2026-04-06 00:40:00,2122.8,2132.11,2122.24,2128.53,1186.9065
2026-04-06 00:45:00,2128.62,2129.79,2124.57,2124.57,362.167188
2026-04-06 00:50:00,2124.6,2125.95,2121.24,2121.8,659.598668
2026-04-06 00:55:00,2121.8,2123.63,2121.3,2121.83,225.721952
2026-04-06 01:00:00,2121.85,2124.6,2117.65,2117.95,559.532748
2026-04-06 01:05:00,2117.95,2121.39,2116.01,2118.5,667.99537
2026-04-06 01:10:00,2118.6,2120.54,2115.38,2115.63,424.338115
2026-04-06 01:15:00,2115.65,2117.78,2113.79,2115.0,480.499915
2026-04-06 01:20:00,2115.0,2116.79,2112.5,2114.64,329.471055
2026-04-06 01:25:00,2114.64,2120.11,2114.64,2119.6,187.860976
2026-04-06 01:30:00,2119.52,2120.19,2113.78,2116.2,568.433981
2026-04-06 01:35:00,2116.2,2120.25,2115.81,2118.51,284.860863
2026-04-06 01:40:00,2118.5,2118.6,2114.59,2115.6,291.746473
2026-04-06 01:45:00,2115.51,2118.73,2115.31,2115.31,285.961774
2026-04-06 01:50:00,2115.63,2118.34,2114.94,2114.94,176.05372
2026-04-06 01:55:00,2114.98,2116.94,2114.31,2114.98,118.157725
2026-04-06 02:00:00,2115.09,2119.45,2114.33,2119.16,146.289642
2026-04-06 02:05:00,2119.16,2122.45,2117.2,2121.5,412.707176
2026-04-06 02:10:00,2121.48,2147.4,2120.37,2133.45,2749.135233
2026-04-06 02:15:00,2133.55,2139.66,2132.06,2137.6,380.349666
2026-04-06 02:20:00,2137.61,2140.79,2133.65,2134.43,353.659449
2026-04-06 02:25:00,2134.43,2136.19,2130.36,2134.82,460.879865
2026-04-06 02:30:00,2134.84,2141.44,2134.84,2138.54,558.230443
2026-04-06 02:35:00,2138.54,2139.05,2134.02,2135.95,447.381871
2026-04-06 02:40:00,2135.95,2135.96,2131.56,2133.69,281.100261
2026-04-06 02:45:00,2133.75,2137.0,2133.35,2133.8,403.819866
2026-04-06 02:50:00,2133.89,2134.85,2132.74,2133.31,167.676173
2026-04-06 02:55:00,2133.3,2134.3,2132.84,2133.44,132.217046
2026-04-06 03:00:00,2133.42,2134.55,2133.0,2133.49,666.551014
2026-04-06 03:05:00,2133.45,2135.0,2131.47,2133.39,572.347612
2026-04-06 03:10:00,2133.35,2137.0,2131.19,2131.68,479.110993
2026-04-06 03:15:00,2131.75,2133.89,2129.45,2129.45,649.697738
2026-04-06 03:20:00,2129.45,2137.31,2128.54,2135.5,539.276366
2026-04-06 03:25:00,2135.5,2137.24,2135.31,2135.64,139.775443
2026-04-06 03:30:00,2135.67,2136.99,2134.18,2134.5,129.507349
2026-04-06 03:35:00,2134.49,2135.95,2133.57,2133.57,69.102749
2026-04-06 03:40:00,2133.56,2133.56,2130.55,2131.64,220.323364
2026-04-06 03:45:00,2131.64,2133.0,2130.44,2130.79,161.340803
2026-04-06 03:50:00,2130.8,2132.06,2126.76,2127.1,491.967846
2026-04-06 03:55:00,2127.09,2129.15,2126.86,2129.15,652.842116
2026-04-06 04:00:00,2129.16,2133.88,2129.16,2133.85,265.405195
2026-04-06 04:05:00,2133.85,2133.88,2126.51,2126.56,413.345843
2026-04-06 04:10:00,2126.55,2128.44,2125.35,2128.44,199.361657
2026-04-06 04:15:00,2128.45,2128.67,2125.54,2125.54,407.040687
2026-04-06 04:20:00,2125.53,2126.98,2124.74,2125.79,260.999694
2026-04-06 04:25:00,2125.8,2127.31,2125.8,2127.11,198.164892
2026-04-06 04:30:00,2127.11,2128.7,2126.24,2128.7,188.448231
2026-04-06 04:35:00,2128.61,2134.57,2128.61,2133.21,512.715269
2026-04-06 04:40:00,2133.2,2134.03,2132.02,2132.52,151.483001
2026-04-06 04:45:00,2132.53,2133.79,2130.7,2130.87,127.970188
2026-04-06 04:50:00,2130.91,2131.84,2129.96,2131.84,115.590164
2026-04-06 04:55:00,2131.84,2132.2,2130.61,2130.9,243.383002
2026-04-06 05:00:00,2130.89,2131.98,2129.76,2130.9,185.188827
2026-04-06 05:05:00,2130.9,2131.75,2129.76,2131.43,59.203841
2026-04-06 05:10:00,2131.45,2131.46,2130.08,2130.9,81.148489
2026-04-06 05:15:00,2130.94,2132.79,2130.45,2131.68,183.04399
2026-04-06 05:20:00,2131.69,2134.49,2131.5,2132.16,136.403179
2026-04-06 05:25:00,2132.15,2132.15,2128.86,2130.66,106.748982
2026-04-06 05:30:00,2130.7,2132.15,2129.96,2131.38,73.827844
2026-04-06 05:35:00,2131.4,2131.4,2129.96,2130.65,85.699832
2026-04-06 05:40:00,2130.66,2131.51,2129.41,2131.51,113.202539
2026-04-06 05:45:00,2131.49,2132.53,2128.35,2128.35,96.994444
2026-04-06 05:50:00,2128.36,2130.72,2128.36,2130.45,57.696294
2026-04-06 05:55:00,2130.46,2131.69,2129.99,2131.31,124.99085
2026-04-06 06:00:00,2131.3,2131.93,2127.75,2128.4,141.948835
2026-04-06 06:05:00,2128.41,2134.5,2128.31,2132.89,160.742235
2026-04-06 06:10:00,2132.86,2138.95,2132.86,2136.65,863.872662
2026-04-06 06:15:00,2136.6,2136.6,2133.82,2134.1,456.224471
2026-04-06 06:20:00,2134.13,2134.45,2123.87,2126.39,563.954717
2026-04-06 06:25:00,2126.46,2126.7,2120.12,2121.36,770.734927
2026-04-06 06:30:00,2121.35,2123.89,2120.04,2121.3,372.416036
2026-04-06 06:35:00,2121.59,2122.98,2121.37,2122.26,271.228871
2026-04-06 06:40:00,2122.26,2125.19,2121.01,2123.12,215.447715
2026-04-06 06:45:00,2123.11,2125.3,2122.77,2124.66,80.334427
2026-04-06 06:50:00,2124.66,2130.59,2124.43,2127.4,1041.577006
2026-04-06 06:55:00,2127.41,2129.2,2126.78,2127.24,107.337447
2026-04-06 07:00:00,2127.25,2128.5,2123.6,2123.74,247.682145
2026-04-06 07:05:00,2123.63,2124.4,2122.56,2122.74,221.62997
2026-04-06 07:10:00,2122.74,2125.85,2122.74,2124.89,384.25875
2026-04-06 07:15:00,2124.9,2130.27,2124.9,2130.11,198.487386
2026-04-06 07:20:00,2130.11,2135.35,2130.11,2135.35,408.619385
2026-04-06 07:25:00,2135.35,2136.71,2133.94,2134.24,448.148585
2026-04-06 07:30:00,2134.26,2134.64,2130.85,2132.91,759.107977
2026-04-06 07:35:00,2132.91,2137.01,2132.14,2132.74,996.854577
2026-04-06 07:40:00,2132.74,2133.65,2130.85,2131.05,666.606222
2026-04-06 07:45:00,2131.07,2133.0,2129.83,2133.0,1030.756741
2026-04-06 07:50:00,2132.99,2141.38,2132.67,2138.49,1275.008666
2026-04-06 07:55:00,2138.49,2138.5,2134.28,2134.84,722.18972
2026-04-06 08:00:00,2134.85,2138.25,2134.85,2136.16,308.100115
2026-04-06 08:05:00,2136.15,2136.34,2133.44,2135.53,251.419155
2026-04-06 08:10:00,2135.6,2138.32,2135.6,2136.91,325.889634
2026-04-06 08:15:00,2136.91,2137.79,2134.88,2135.68,678.187432
2026-04-06 08:20:00,2135.68,2140.4,2134.61,2138.82,197.111892
2026-04-06 08:25:00,2138.8,2139.95,2135.8,2136.44,258.714227
2026-04-06 08:30:00,2136.44,2138.04,2135.84,2137.15,109.899777
2026-04-06 08:35:00,2137.14,2147.61,2136.79,2141.14,2688.487276
2026-04-06 08:40:00,2141.1,2141.49,2139.68,2140.72,208.94524
2026-04-06 08:45:00,2140.7,2141.49,2138.65,2139.81,197.399005
2026-04-06 08:50:00,2139.81,2139.81,2137.45,2139.04,172.135828
2026-04-06 08:55:00,2139.04,2139.79,2137.74,2138.54,504.787467
2026-04-06 09:00:00,2138.54,2141.72,2138.21,2140.45,298.828246
2026-04-06 09:05:00,2140.35,2144.0,2140.18,2143.96,176.340797
2026-04-06 09:10:00,2144.0,2154.6,2144.0,2148.44,1660.540133
2026-04-06 09:15:00,2148.21,2162.5,2148.21,2159.14,3339.272167
2026-04-06 09:20:00,2159.14,2174.38,2157.99,2165.46,3746.303525
2026-04-06 09:25:00,2165.45,2166.26,2158.25,2158.5,984.537423
2026-04-06 09:30:00,2158.58,2162.39,2157.5,2159.75,486.774848
2026-04-06 09:35:00,2159.74,2161.6,2154.94,2155.41,880.918848
2026-04-06 09:40:00,2155.35,2155.77,2149.63,2152.08,1811.637822
2026-04-06 09:45:00,2152.07,2153.95,2151.45,2152.3,176.368693
2026-04-06 09:50:00,2152.3,2152.69,2148.0,2150.73,523.214909
2026-04-06 09:55:00,2150.67,2152.69,2150.15,2150.9,348.130527
2026-04-06 10:00:00,2150.9,2154.39,2150.43,2154.2,428.226271
2026-04-06 10:05:00,2154.21,2155.46,2153.45,2154.57,199.867482
2026-04-06 10:10:00,2154.63,2156.7,2153.94,2154.8,287.112657
2026-04-06 10:15:00,2154.9,2155.95,2153.97,2155.14,760.993902
2026-04-06 10:20:00,2155.14,2157.42,2154.81,2155.66,209.950061
2026-04-06 10:25:00,2155.66,2155.66,2152.0,2154.31,402.805787
2026-04-06 10:30:00,2154.3,2155.64,2153.66,2154.65,107.220824
2026-04-06 10:35:00,2154.65,2157.24,2153.13,2155.42,372.74744
2026-04-06 10:40:00,2155.39,2156.62,2154.15,2155.15,215.495384
2026-04-06 10:45:00,2155.14,2155.44,2148.36,2153.55,1209.109134
2026-04-06 10:50:00,2153.54,2153.79,2149.96,2151.03,367.072022
2026-04-06 10:55:00,2151.04,2153.29,2150.4,2153.22,609.227617
2026-04-06 11:00:00,2153.22,2153.45,2149.16,2150.07,319.345318
2026-04-06 11:05:00,2150.1,2152.14,2148.52,2151.18,682.560847
2026-04-06 11:10:00,2151.19,2151.66,2146.79,2148.84,586.511331
2026-04-06 11:15:00,2148.84,2150.37,2148.55,2149.39,253.788667
2026-04-06 11:20:00,2149.42,2150.57,2146.24,2149.85,370.005493
2026-04-06 11:25:00,2149.85,2151.08,2148.8,2150.89,195.863968
2026-04-06 11:30:00,2150.81,2153.14,2149.8,2152.0,145.983582
2026-04-06 11:35:00,2151.96,2152.54,2150.34,2150.34,170.832504
2026-04-06 11:40:00,2150.31,2151.5,2149.53,2150.86,366.779156
2026-04-06 11:45:00,2150.86,2152.01,2149.91,2151.22,249.227966
2026-04-06 11:50:00,2151.23,2153.69,2151.23,2152.37,42.916721
2026-04-06 11:55:00,2152.36,2152.36,2149.71,2151.34,94.639289
2026-04-06 12:00:00,2151.34,2152.19,2150.46,2151.56,145.25109
2026-04-06 12:05:00,2151.55,2152.39,2149.25,2149.69,185.457146
2026-04-06 12:10:00,2149.69,2149.94,2147.22,2148.63,195.580584
2026-04-06 12:15:00,2148.64,2150.5,2147.66,2150.18,225.390675
2026-04-06 12:20:00,2150.3,2150.3,2148.45,2149.12,176.207536
2026-04-06 12:25:00,2149.12,2149.99,2146.76,2148.3,213.610668
2026-04-06 12:30:00,2148.31,2150.34,2146.67,2149.42,215.722803
2026-04-06 12:35:00,2149.49,2153.49,2148.92,2152.8,185.375894
2026-04-06 12:40:00,2152.79,2153.04,2150.57,2151.55,77.127366
2026-04-06 12:45:00,2151.55,2154.42,2149.79,2149.85,246.132975
2026-04-06 12:50:00,2149.86,2150.49,2145.69,2147.3,298.569815
2026-04-06 12:55:00,2147.3,2148.3,2141.64,2143.14,925.036176
2026-04-06 13:00:00,2143.15,2145.07,2141.75,2144.35,343.14619
2026-04-06 13:05:00,2144.42,2145.25,2142.88,2145.24,90.848581
2026-04-06 13:10:00,2145.25,2146.19,2143.61,2143.99,99.601695
2026-04-06 13:15:00,2143.99,2144.05,2137.85,2139.57,633.880113
2026-04-06 13:20:00,2139.62,2141.54,2138.82,2141.54,199.958121
2026-04-06 13:25:00,2141.59,2144.51,2141.39,2143.68,214.813505
2026-04-06 13:30:00,2143.69,2149.05,2141.28,2146.98,483.015309
2026-04-06 13:35:00,2147.0,2149.16,2137.9,2142.05,625.686686
2026-04-06 13:40:00,2141.95,2145.97,2138.6,2141.96,1227.859232
2026-04-06 13:45:00,2142.0,2145.82,2140.96,2143.6,470.790974
2026-04-06 13:50:00,2143.6,2148.84,2143.31,2145.45,902.745324
2026-04-06 13:55:00,2145.58,2146.25,2142.84,2146.07,512.434614
2026-04-06 14:00:00,2146.08,2160.0,2138.22,2138.39,2539.512229
2026-04-06 14:05:00,2138.75,2141.59,2137.79,2140.86,1324.996084
2026-04-06 14:10:00,2140.81,2142.81,2137.74,2142.12,910.048815
2026-04-06 14:15:00,2142.25,2148.85,2141.97,2147.8,608.93722
2026-04-06 14:20:00,2147.95,2165.0,2147.79,2156.29,3676.743508
2026-04-06 14:25:00,2156.21,2157.69,2153.85,2154.75,299.561521
2026-04-06 14:30:00,2154.76,2159.94,2153.59,2156.8,433.947874
2026-04-06 14:35:00,2157.0,2162.47,2142.5,2145.12,2437.001077
2026-04-06 14:40:00,2145.11,2151.77,2144.84,2147.65,929.640373
2026-04-06 14:45:00,2147.69,2148.58,2143.61,2145.94,567.894165
2026-04-06 14:50:00,2145.95,2158.77,2145.95,2158.77,1278.465504
2026-04-06 14:55:00,2157.94,2158.96,2155.4,2156.56,525.721572
2026-04-06 15:00:00,2156.56,2161.89,2155.55,2158.77,737.288597
2026-04-06 15:05:00,2158.75,2161.29,2155.68,2161.03,663.528163
2026-04-06 15:10:00,2161.03,2168.06,2157.06,2167.05,1716.418656
2026-04-06 15:15:00,2167.05,2168.45,2163.19,2163.8,961.672648
2026-04-06 15:20:00,2163.66,2165.09,2159.08,2162.77,1476.346614
2026-04-06 15:25:00,2162.76,2166.0,2160.61,2166.0,480.966471
2026-04-06 15:30:00,2166.0,2169.55,2161.78,2162.98,746.764471
2026-04-06 15:35:00,2162.99,2164.29,2159.74,2163.19,368.220055
2026-04-06 15:40:00,2163.11,2164.92,2160.7,2164.69,145.789811
2026-04-06 15:45:00,2164.59,2165.91,2162.94,2163.81,255.617445
2026-04-06 15:50:00,2163.73,2166.84,2162.72,2164.79,332.717217
2026-04-06 15:55:00,2164.85,2165.01,2163.32,2164.75,356.227686
2026-04-06 16:00:00,2164.75,2166.2,2162.5,2164.58,292.626492
2026-04-06 16:05:00,2164.59,2164.7,2160.18,2161.06,304.913347
2026-04-06 16:10:00,2161.08,2168.58,2160.77,2166.51,292.0659
2026-04-06 16:15:00,2166.59,2167.01,2160.3,2162.64,275.76876
2026-04-06 16:20:00,2162.6,2164.09,2161.76,2162.24,320.5844
2026-04-06 16:25:00,2162.25,2162.4,2158.17,2158.3,192.426158
2026-04-06 16:30:00,2158.31,2160.4,2156.89,2160.14,295.746695
2026-04-06 16:35:00,2160.23,2163.93,2160.06,2160.6,223.83158
2026-04-06 16:40:00,2160.52,2162.3,2160.4,2162.03,112.833064
2026-04-06 16:45:00,2162.03,2168.39,2159.86,2165.84,530.793636
2026-04-06 16:50:00,2165.84,2165.84,2154.6,2154.85,469.048813
2026-04-06 16:55:00,2154.85,2155.76,2139.34,2140.4,2411.976945
2026-04-06 17:00:00,2140.4,2140.84,2129.01,2132.59,3223.568613
2026-04-06 17:05:00,2132.59,2139.7,2131.05,2137.9,2023.897953
2026-04-06 17:10:00,2137.89,2137.92,2125.51,2127.23,1119.113652
2026-04-06 17:15:00,2127.39,2130.93,2123.42,2128.49,808.949783
2026-04-06 17:20:00,2128.49,2135.25,2126.01,2134.79,1020.438303
2026-04-06 17:25:00,2134.75,2136.2,2134.55,2134.55,291.359493
2026-04-06 17:30:00,2134.54,2139.2,2133.31,2135.19,379.837394
2026-04-06 17:35:00,2135.16,2137.2,2132.63,2134.14,352.580819
2026-04-06 17:40:00,2134.1,2134.35,2131.1,2133.14,181.783213
2026-04-06 17:45:00,2133.18,2134.25,2131.03,2133.45,48.821391
2026-04-06 17:50:00,2133.46,2135.64,2133.28,2133.94,90.09988
2026-04-06 17:55:00,2134.01,2136.01,2133.91,2135.1,78.126857
2026-04-06 18:00:00,2134.91,2135.22,2131.59,2131.75,162.000132
2026-04-06 18:05:00,2131.6,2135.12,2131.6,2135.12,112.732337
2026-04-06 18:10:00,2135.15,2147.53,2135.09,2142.15,2334.650037
2026-04-06 18:15:00,2142.19,2143.5,2141.21,2143.31,168.393441
2026-04-06 18:20:00,2143.27,2146.95,2141.56,2144.0,331.791171
2026-04-06 18:25:00,2143.96,2149.04,2142.79,2146.6,404.419812
2026-04-06 18:30:00,2146.59,2147.92,2143.31,2143.9,174.459396
2026-04-06 18:35:00,2143.89,2144.99,2142.9,2143.02,74.638676
2026-04-06 18:40:00,2143.02,2143.25,2141.5,2142.45,218.260457
2026-04-06 18:45:00,2142.5,2144.01,2140.01,2143.35,85.274577
2026-04-06 18:50:00,2143.35,2146.15,2142.51,2145.12,45.122152
2026-04-06 18:55:00,2145.05,2145.44,2144.13,2144.89,44.660346
2026-04-06 19:00:00,2144.93,2144.94,2141.91,2142.23,97.522728
2026-04-06 19:05:00,2142.21,2142.25,2135.81,2137.43,222.955957
2026-04-06 19:10:00,2137.43,2140.61,2136.15,2139.78,361.677317
2026-04-06 19:15:00,2139.78,2141.1,2139.35,2140.75,49.993358
2026-04-06 19:20:00,2140.75,2145.06,2140.75,2143.32,100.982816
2026-04-06 19:25:00,2143.32,2144.35,2142.8,2143.75,65.812795
2026-04-06 19:30:00,2143.65,2145.76,2142.5,2142.59,68.213951
2026-04-06 19:35:00,2142.6,2144.98,2142.35,2143.25,93.4296
2026-04-06 19:40:00,2143.15,2143.15,2139.26,2141.87,89.683278
2026-04-06 19:45:00,2141.86,2142.33,2139.43,2141.45,228.320064
2026-04-06 19:50:00,2141.48,2145.3,2139.8,2144.6,281.787575
2026-04-06 19:55:00,2144.61,2146.4,2141.3,2144.69,1459.142678
2026-04-06 20:00:00,2144.69,2145.35,2140.35,2143.3,420.156231
2026-04-06 20:05:00,2143.3,2145.33,2142.76,2144.11,94.327622
2026-04-06 20:10:00,2144.16,2145.8,2143.36,2145.79,58.086803
2026-04-06 20:15:00,2145.79,2149.15,2145.79,2148.18,143.068557
2026-04-06 20:20:00,2148.21,2148.97,2147.2,2147.34,64.229581
2026-04-06 20:25:00,2147.34,2155.11,2147.01,2152.65,1252.104123
2026-04-06 20:30:00,2152.65,2153.04,2151.8,2152.13,89.995509
2026-04-06 20:35:00,2152.19,2153.69,2151.91,2151.97,119.88051
2026-04-06 20:40:00,2151.97,2151.97,2150.0,2150.36,91.968822
2026-04-06 20:45:00,2150.35,2151.2,2150.17,2150.17,91.244399
2026-04-06 20:50:00,2150.21,2150.21,2147.68,2149.35,168.809035
2026-04-06 20:55:00,2149.38,2149.87,2148.7,2148.75,82.867951
2026-04-06 21:00:00,2148.79,2148.79,2146.03,2147.7,164.278204
2026-04-06 21:05:00,2147.69,2148.59,2147.08,2147.08,20.968697
2026-04-06 21:10:00,2147.08,2147.08,2144.55,2146.2,942.33645
2026-04-06 21:15:00,2146.19,2146.19,2145.0,2145.44,56.555994
2026-04-06 21:20:00,2145.4,2146.89,2144.99,2146.77,137.614459
2026-04-06 21:25:00,2146.51,2146.73,2145.36,2145.36,41.657067
2026-04-06 21:30:00,2145.35,2145.65,2144.01,2145.0,50.979468
2026-04-06 21:35:00,2144.95,2144.96,2140.22,2143.25,181.808596
2026-04-06 21:40:00,2143.28,2143.36,2138.73,2138.9,168.085696
2026-04-06 21:45:00,2138.96,2141.68,2138.04,2141.63,77.365969
2026-04-06 21:50:00,2141.62,2141.62,2137.72,2139.58,86.587273
2026-04-06 21:55:00,2139.54,2140.39,2137.57,2139.58,91.157829
2026-04-06 22:00:00,2139.53,2140.15,2136.31,2137.93,192.687273
2026-04-06 22:05:00,2137.95,2139.18,2136.49,2137.0,218.765029
2026-04-06 22:10:00,2137.0,2140.32,2136.66,2140.24,192.338306
2026-04-06 22:15:00,2140.25,2140.92,2136.76,2137.47,360.603695
2026-04-06 22:20:00,2137.47,2138.92,2130.65,2130.7,655.572012
2026-04-06 22:25:00,2130.69,2137.8,2130.49,2135.17,704.396916
2026-04-06 22:30:00,2135.17,2135.17,2128.32,2131.64,356.822888
2026-04-06 22:35:00,2131.64,2133.4,2131.11,2131.84,91.83412
2026-04-06 22:40:00,2131.81,2132.84,2129.17,2129.17,159.768421
2026-04-06 22:45:00,2129.15,2129.15,2126.25,2127.06,239.036042
2026-04-06 22:50:00,2127.05,2127.45,2112.68,2115.19,3060.007662
2026-04-06 22:55:00,2115.27,2115.55,2104.87,2105.14,1563.666747
2026-04-06 23:00:00,2105.15,2105.15,2092.89,2099.35,3212.544801
2026-04-06 23:05:00,2099.3,2099.3,2088.0,2098.75,2004.057067
2026-04-06 23:10:00,2098.78,2101.73,2098.01,2098.11,646.884758
2026-04-06 23:15:00,2098.05,2099.72,2094.01,2098.56,336.784696
2026-04-06 23:20:00,2098.55,2098.55,2088.31,2092.08,763.538136
2026-04-06 23:25:00,2092.06,2093.8,2091.01,2091.6,138.449268
2026-04-06 23:30:00,2091.6,2098.15,2088.85,2094.6,469.282546
2026-04-06 23:35:00,2094.6,2101.14,2094.6,2101.1,591.194523
2026-04-06 23:40:00,2100.95,2107.57,2100.0,2103.39,559.872107
2026-04-06 23:45:00,2103.38,2108.61,2103.07,2104.81,465.78231
2026-04-06 23:50:00,2104.8,2109.0,2104.68,2109.0,229.161081
2026-04-06 23:55:00,2109.0,2110.65,2107.02,2107.25,448.320369
2026-04-07 00:00:00,2107.29,2112.4,2105.7,2110.21,470.667888
2026-04-07 00:05:00,2110.21,2120.15,2110.21,2115.79,1005.202478
2026-04-07 00:10:00,2115.8,2117.16,2111.67,2115.84,365.863757
2026-04-07 00:15:00,2115.71,2119.59,2114.06,2114.06,278.614952
2026-04-07 00:20:00,2113.94,2115.67,2112.01,2114.49,225.478746
2026-04-07 00:25:00,2114.65,2115.84,2111.14,2114.62,300.780349
2026-04-07 00:30:00,2114.62,2118.99,2109.22,2109.22,345.622727
2026-04-07 00:35:00,2109.65,2112.28,2107.45,2108.95,293.205722
2026-04-07 00:40:00,2108.95,2112.79,2108.95,2112.16,107.831899
2026-04-07 00:45:00,2112.05,2117.5,2111.46,2117.5,95.680801
2026-04-07 00:50:00,2117.5,2117.5,2114.05,2115.26,207.258865
2026-04-07 00:55:00,2115.4,2115.63,2112.43,2112.65,142.625584
2026-04-07 01:00:00,2112.7,2112.7,2108.76,2111.24,336.878923
2026-04-07 01:05:00,2111.24,2111.24,2104.61,2106.16,249.84594
2026-04-07 01:10:00,2106.11,2109.7,2104.19,2107.54,456.184938
2026-04-07 01:15:00,2107.55,2115.99,2107.55,2115.84,401.06299
2026-04-07 01:20:00,2115.81,2120.0,2111.85,2113.03,613.222704
2026-04-07 01:25:00,2113.1,2116.29,2112.51,2112.87,140.01564
2026-04-07 01:30:00,2112.78,2114.69,2111.8,2113.26,282.553436
2026-04-07 01:35:00,2113.21,2113.65,2106.21,2107.12,373.693404
2026-04-07 01:40:00,2107.15,2110.3,2106.62,2109.87,169.096048
2026-04-07 01:45:00,2109.92,2110.53,2105.84,2105.84,178.023778
2026-04-07 01:50:00,2105.83,2106.39,2097.52,2101.43,753.753493
2026-04-07 01:55:00,2101.42,2102.9,2098.01,2099.35,157.109507
2026-04-07 02:00:00,2099.49,2101.09,2098.46,2099.6,157.881384
2026-04-07 02:05:00,2099.45,2100.44,2093.3,2100.22,267.451398
2026-04-07 02:10:00,2100.16,2102.28,2098.51,2099.25,176.728791
2026-04-07 02:15:00,2099.25,2103.65,2098.31,2103.65,302.002496
2026-04-07 02:20:00,2103.65,2105.53,2100.37,2105.53,231.553151
2026-04-07 02:25:00,2105.52,2106.24,2104.51,2106.14,87.850371
2026-04-07 02:30:00,2106.12,2106.89,2103.41,2104.17,104.968045
2026-04-07 02:35:00,2104.2,2111.68,2104.16,2109.49,295.803852
2026-04-07 02:40:00,2109.25,2109.33,2105.2,2105.84,84.8702
2026-04-07 02:45:00,2105.84,2106.84,2103.87,2105.87,116.992954
2026-04-07 02:50:00,2105.86,2107.44,2102.53,2105.04,74.059023
2026-04-07 02:55:00,2105.05,2106.95,2102.75,2106.95,268.956727
2026-04-07 03:00:00,2106.94,2109.98,2106.13,2107.2,119.565808
2026-04-07 03:05:00,2107.06,2107.52,2104.61,2106.89,160.684065
2026-04-07 03:10:00,2106.81,2107.3,2105.17,2106.4,60.783194
2026-04-07 03:15:00,2106.46,2108.26,2104.32,2104.34,535.428429
2026-04-07 03:20:00,2104.34,2108.2,2103.72,2107.64,27.741354
2026-04-07 03:25:00,2107.64,2109.64,2107.47,2108.99,125.033872
2026-04-07 03:30:00,2108.98,2109.5,2107.71,2108.46,82.897791
2026-04-07 03:35:00,2108.45,2109.25,2107.46,2107.65,71.945348
2026-04-07 03:40:00,2107.65,2109.23,2107.55,2109.11,45.204321
2026-04-07 03:45:00,2109.11,2109.11,2106.05,2106.9,63.384023
2026-04-07 03:50:00,2106.99,2109.35,2106.65,2108.8,211.711926
2026-04-07 03:55:00,2108.84,2108.95,2107.53,2108.15,84.644642
2026-04-07 04:00:00,2108.14,2109.09,2106.39,2106.39,80.519691
2026-04-07 04:05:00,2106.3,2107.09,2105.2,2106.1,89.410031
2026-04-07 04:10:00,2106.11,2106.62,2104.76,2105.95,152.567879
2026-04-07 04:15:00,2105.95,2107.29,2103.4,2105.14,68.424023
2026-04-07 04:20:00,2105.2,2107.14,2103.64,2106.62,65.759985
2026-04-07 04:25:00,2106.8,2107.69,2105.74,2105.83,60.820513
2026-04-07 04:30:00,2105.79,2113.15,2105.79,2112.15,151.482857
2026-04-07 04:35:00,2112.15,2113.63,2111.0,2112.69,77.968018
2026-04-07 04:40:00,2112.69,2113.46,2112.0,2113.46,88.18077
2026-04-07 04:45:00,2113.49,2119.37,2112.54,2118.28,398.191002
2026-04-07 04:50:00,2118.28,2118.33,2115.25,2115.54,262.135595
2026-04-07 04:55:00,2115.55,2116.13,2113.59,2114.07,188.492489
2026-04-07 05:00:00,2114.15,2114.46,2111.51,2111.8,70.651497
2026-04-07 05:05:00,2111.89,2111.95,2110.64,2111.58,115.037554
2026-04-07 05:10:00,2111.59,2111.69,2110.61,2111.0,45.661002
2026-04-07 05:15:00,2110.99,2112.39,2109.1,2111.13,160.957954
2026-04-07 05:20:00,2111.14,2112.54,2109.37,2110.15,89.575062
2026-04-07 05:25:00,2110.18,2110.94,2106.38,2106.72,123.53358
2026-04-07 05:30:00,2106.63,2107.05,2105.06,2105.94,40.874524
2026-04-07 05:35:00,2105.94,2106.9,2104.9,2106.5,94.439936
2026-04-07 05:40:00,2106.5,2106.55,2103.71,2104.64,53.755371
2026-04-07 05:45:00,2104.63,2105.09,2104.01,2104.55,47.067094
2026-04-07 05:50:00,2104.54,2106.31,2104.05,2105.31,36.785096
2026-04-07 05:55:00,2105.31,2106.55,2104.0,2105.97,155.202662
2026-04-07 06:00:00,2105.7,2105.7,2102.56,2104.52,43.99836
2026-04-07 06:05:00,2104.4,2105.88,2100.51,2101.94,315.591301
2026-04-07 06:10:00,2101.93,2103.15,2099.06,2100.48,312.838715
2026-04-07 06:15:00,2100.48,2102.03,2099.21,2100.35,255.105892
2026-04-07 06:20:00,2100.36,2101.0,2096.8,2099.8,615.403265
2026-04-07 06:25:00,2099.83,2102.44,2099.83,2101.5,82.396316
2026-04-07 06:30:00,2101.36,2101.73,2098.15,2098.74,218.199646
2026-04-07 06:35:00,2098.74,2102.14,2098.74,2101.03,103.621712
2026-04-07 06:40:00,2101.01,2102.13,2098.56,2101.79,94.670637
2026-04-07 06:45:00,2101.81,2104.86,2100.66,2103.11,377.607993
2026-04-07 06:50:00,2103.1,2106.64,2102.86,2105.29,115.028597
2026-04-07 06:55:00,2105.26,2105.26,2103.41,2104.06,49.901714
2026-04-07 07:00:00,2104.2,2104.59,2101.71,2102.52,31.474256
2026-04-07 07:05:00,2102.51,2102.51,2099.05,2100.23,115.185533
2026-04-07 07:10:00,2100.21,2102.24,2098.97,2101.7,41.337311
2026-04-07 07:15:00,2101.69,2103.35,2100.34,2100.34,55.012537
2026-04-07 07:20:00,2100.3,2102.49,2099.02,2102.49,22.618666
2026-04-07 07:25:00,2102.48,2104.4,2100.55,2101.36,201.350973
2026-04-07 07:30:00,2101.35,2106.41,2101.35,2103.75,296.495059
2026-04-07 07:35:00,2103.76,2104.4,2102.49,2102.49,65.591624
2026-04-07 07:40:00,2102.46,2103.57,2102.28,2103.5,24.160962
2026-04-07 07:45:00,2103.5,2103.97,2101.35,2102.63,485.008254
2026-04-07 07:50:00,2102.64,2104.67,2102.1,2104.19,379.299719
2026-04-07 07:55:00,2104.16,2106.51,2103.6,2104.1,166.064534
2026-04-07 08:00:00,2104.11,2112.43,2103.41,2106.46,447.616611
2026-04-07 08:05:00,2106.5,2107.32,2104.53,2106.9,90.068037
2026-04-07 08:10:00,2107.01,2111.05,2106.91,2108.09,136.727986
2026-04-07 08:15:00,2108.09,2110.69,2106.15,2110.69,205.797681
2026-04-07 08:20:00,2110.72,2113.45,2110.07,2112.6,204.508451
2026-04-07 08:25:00,2112.59,2112.99,2108.59,2109.49,407.244105
2026-04-07 08:30:00,2109.53,2113.54,2109.35,2111.25,208.025816
2026-04-07 08:35:00,2111.25,2112.24,2110.5,2111.8,74.066035
2026-04-07 08:40:00,2111.75,2115.5,2111.3,2115.18,437.081536
2026-04-07 08:45:00,2115.18,2116.66,2112.9,2114.01,293.230876
2026-04-07 08:50:00,2114.0,2116.25,2113.1,2115.01,441.117073
2026-04-07 08:55:00,2115.01,2117.23,2114.36,2114.97,177.49142
2026-04-07 09:00:00,2114.97,2118.27,2113.93,2117.85,383.725804
2026-04-07 09:05:00,2117.89,2133.12,2117.6,2131.55,2224.608954
2026-04-07 09:10:00,2131.43,2133.98,2126.26,2126.53,483.388553
2026-04-07 09:15:00,2126.53,2128.39,2125.35,2127.0,180.830894
2026-04-07 09:20:00,2127.0,2127.35,2124.25,2125.15,225.994333
2026-04-07 09:25:00,2125.16,2126.25,2122.66,2125.36,214.430911
2026-04-07 09:30:00,2125.39,2130.44,2124.65,2129.75,463.490584
2026-04-07 09:35:00,2129.76,2130.18,2128.2,2129.81,270.749295
2026-04-07 09:40:00,2129.8,2131.49,2128.45,2128.45,232.594229
2026-04-07 09:45:00,2128.46,2129.4,2126.37,2128.5,147.796738
2026-04-07 09:50:00,2128.4,2128.72,2127.01,2127.59,51.686937
2026-04-07 09:55:00,2127.59,2128.38,2126.95,2128.22,86.9911
2026-04-07 10:00:00,2128.22,2131.65,2124.15,2124.2,287.392714
2026-04-07 10:05:00,2124.15,2125.14,2115.86,2121.49,1151.254021
2026-04-07 10:10:00,2121.49,2122.13,2116.12,2117.25,340.18386
2026-04-07 10:15:00,2117.26,2120.47,2117.26,2119.22,81.148466
2026-04-07 10:20:00,2119.35,2123.66,2119.21,2121.53,423.812122
2026-04-07 10:25:00,2121.53,2121.53,2104.54,2106.41,2057.882857
2026-04-07 10:30:00,2106.55,2108.75,2103.94,2105.26,573.480132
2026-04-07 10:35:00,2105.26,2106.54,2098.22,2100.21,1038.318596
2026-04-07 10:40:00,2100.36,2101.96,2096.69,2099.15,868.763715
2026-04-07 10:45:00,2099.23,2099.85,2095.0,2097.34,504.229323
2026-04-07 10:50:00,2097.31,2097.83,2088.0,2091.55,2850.220991
2026-04-07 10:55:00,2091.49,2092.6,2085.67,2089.24,1192.643281
2026-04-07 11:00:00,2089.24,2089.3,2081.96,2085.56,1511.549042
2026-04-07 11:05:00,2085.56,2090.89,2084.47,2090.03,670.803432
2026-04-07 11:10:00,2089.8,2092.1,2086.66,2089.2,709.889153
2026-04-07 11:15:00,2089.21,2092.71,2088.01,2088.03,411.554507
2026-04-07 11:20:00,2088.03,2089.02,2086.37,2087.64,510.425353
2026-04-07 11:25:00,2087.52,2094.1,2087.52,2091.94,326.316223
2026-04-07 11:30:00,2091.94,2091.94,2087.06,2088.21,235.737515
2026-04-07 11:35:00,2088.33,2092.8,2087.55,2092.17,204.126498
2026-04-07 11:40:00,2092.16,2092.16,2088.56,2090.16,139.568967
2026-04-07 11:45:00,2090.27,2090.54,2087.77,2090.11,69.816911
2026-04-07 11:50:00,2090.1,2090.53,2088.0,2088.55,265.762822
2026-04-07 11:55:00,2088.55,2090.43,2087.88,2089.61,316.276926
2026-04-07 12:00:00,2089.61,2089.8,2087.72,2088.55,158.949156
2026-04-07 12:05:00,2088.55,2093.45,2074.04,2078.37,4044.305396
2026-04-07 12:10:00,2078.31,2086.29,2076.81,2084.05,441.433027
2026-04-07 12:15:00,2083.96,2086.56,2078.75,2083.11,357.104597
2026-04-07 12:20:00,2083.1,2087.86,2080.6,2084.5,297.313859
2026-04-07 12:25:00,2084.51,2085.85,2083.55,2084.92,130.943897
2026-04-07 12:30:00,2085.0,2086.4,2081.81,2082.94,205.747552
2026-04-07 12:35:00,2082.95,2084.66,2081.6,2084.11,238.717444
2026-04-07 12:40:00,2084.14,2084.87,2075.0,2076.96,1061.710464
2026-04-07 12:45:00,2076.96,2081.06,2074.54,2079.34,462.21481
2026-04-07 12:50:00,2079.47,2082.57,2077.76,2082.35,261.85139
2026-04-07 12:55:00,2082.31,2092.91,2081.2,2087.06,1553.21657
2026-04-07 13:00:00,2087.06,2088.0,2084.15,2087.26,348.784284
2026-04-07 13:05:00,2087.26,2093.36,2087.26,2090.62,338.364959
2026-04-07 13:10:00,2090.59,2091.42,2086.66,2090.14,589.525948
2026-04-07 13:15:00,2090.1,2090.59,2085.22,2085.31,149.207136
2026-04-07 13:20:00,2085.3,2086.29,2083.48,2084.13,360.189391
2026-04-07 13:25:00,2084.24,2085.1,2083.69,2084.62,131.501228
2026-04-07 13:30:00,2084.69,2090.04,2080.31,2081.1,476.437123
2026-04-07 13:35:00,2081.08,2083.42,2078.33,2079.74,387.738609
2026-04-07 13:40:00,2079.7,2082.11,2075.92,2078.79,447.284551
2026-04-07 13:45:00,2078.66,2079.7,2074.27,2077.36,573.185496
2026-04-07 13:50:00,2077.49,2083.38,2075.67,2082.96,257.069085
2026-04-07 13:55:00,2082.86,2083.54,2075.01,2075.01,412.327461
2026-04-07 14:00:00,2075.11,2077.62,2068.19,2071.75,1508.384744
2026-04-07 14:05:00,2071.67,2072.45,2060.11,2064.41,2404.927116
2026-04-07 14:10:00,2064.5,2069.49,2064.2,2067.5,1024.801651
2026-04-07 14:15:00,2067.45,2069.66,2062.51,2066.57,581.381905
2026-04-07 14:20:00,2066.61,2076.46,2066.61,2074.99,890.963211
2026-04-07 14:25:00,2074.92,2078.24,2073.26,2077.09,538.362266
2026-04-07 14:30:00,2076.93,2078.65,2071.85,2075.18,251.715967
2026-04-07 14:35:00,2074.96,2075.85,2070.09,2072.59,209.102018
2026-04-07 14:40:00,2072.56,2074.18,2070.88,2072.25,183.179682
2026-04-07 14:45:00,2072.25,2081.78,2072.1,2075.06,518.009285
2026-04-07 14:50:00,2075.1,2076.54,2073.21,2074.83,163.761865
2026-04-07 14:55:00,2074.8,2074.8,2069.29,2069.6,358.216085
2026-04-07 15:00:00,2069.56,2071.2,2067.05,2068.7,425.425736
2026-04-07 15:05:00,2068.69,2069.99,2064.74,2069.99,434.955591
2026-04-07 15:10:00,2070.0,2073.48,2069.41,2070.73,510.452524
2026-04-07 15:15:00,2070.78,2078.99,2070.4,2076.74,1332.665927
2026-04-07 15:20:00,2076.6,2078.2,2074.37,2076.96,119.287985
2026-04-07 15:25:00,2077.13,2081.37,2077.13,2080.51,445.42976
2026-04-07 15:30:00,2080.69,2083.2,2079.41,2080.35,372.042777
2026-04-07 15:35:00,2080.34,2081.7,2076.8,2077.96,1206.76345
2026-04-07 15:40:00,2077.67,2078.4,2076.08,2077.1,770.026637
2026-04-07 15:45:00,2077.25,2079.25,2076.31,2077.87,193.716804
2026-04-07 15:50:00,2077.87,2079.7,2075.9,2079.26,247.474826
2026-04-07 15:55:00,2079.26,2084.3,2079.01,2080.61,291.854185
2026-04-07 16:00:00,2080.51,2089.99,2078.3,2083.85,975.787978
2026-04-07 16:05:00,2083.84,2085.07,2078.77,2078.78,552.959351
2026-04-07 16:10:00,2078.77,2079.99,2077.53,2079.59,176.723693
2026-04-07 16:15:00,2079.51,2081.94,2077.84,2079.0,382.474964
2026-04-07 16:20:00,2078.95,2085.15,2077.51,2082.71,361.245139
2026-04-07 16:25:00,2082.8,2084.96,2081.67,2084.7,171.53287
2026-04-07 16:30:00,2084.64,2085.6,2082.79,2084.87,251.365462
2026-04-07 16:35:00,2084.81,2084.81,2082.53,2084.32,56.201221
2026-04-07 16:40:00,2084.33,2087.48,2083.38,2087.13,257.152088
2026-04-07 16:45:00,2087.12,2090.3,2086.38,2086.72,255.393857
2026-04-07 16:50:00,2086.71,2087.44,2083.89,2084.6,121.057898
2026-04-07 16:55:00,2084.51,2084.51,2082.07,2083.99,91.284639
2026-04-07 17:00:00,2084.0,2087.29,2083.15,2086.68,376.63829
2026-04-07 17:05:00,2086.67,2088.09,2085.0,2085.61,279.632505
2026-04-07 17:10:00,2085.6,2086.47,2082.17,2082.8,154.43329
2026-04-07 17:15:00,2082.73,2083.74,2080.28,2082.45,569.556787
2026-04-07 17:20:00,2082.54,2086.39,2080.0,2085.18,145.238248
2026-04-07 17:25:00,2085.19,2085.69,2084.03,2085.4,83.663374
2026-04-07 17:30:00,2085.44,2091.3,2085.44,2089.11,438.199515
2026-04-07 17:35:00,2089.18,2114.67,2089.18,2098.72,4820.818185
2026-04-07 17:40:00,2098.8,2101.29,2097.28,2097.36,246.892782
2026-04-07 17:45:00,2097.27,2100.3,2096.9,2100.3,221.684277
2026-04-07 17:50:00,2100.29,2102.78,2098.5,2101.25,1011.03348
2026-04-07 17:55:00,2101.35,2101.58,2099.2,2099.26,129.807687
2026-04-07 18:00:00,2099.26,2101.63,2097.33,2097.8,109.90565
2026-04-07 18:05:00,2097.76,2098.29,2094.74,2095.31,392.423472
2026-04-07 18:10:00,2095.3,2098.1,2094.01,2097.05,409.392206
2026-04-07 18:15:00,2097.0,2097.0,2094.16,2096.24,115.230476
2026-04-07 18:20:00,2096.25,2096.77,2093.45,2094.2,94.061271
2026-04-07 18:25:00,2094.2,2096.72,2093.57,2094.8,90.351986
2026-04-07 18:30:00,2094.94,2098.21,2094.63,2096.96,220.727181
2026-04-07 18:35:00,2096.9,2097.14,2092.36,2094.09,244.725721
2026-04-07 18:40:00,2094.1,2094.4,2089.95,2090.75,226.201741
2026-04-07 18:45:00,2090.75,2091.45,2088.91,2090.45,248.287235
2026-04-07 18:50:00,2090.49,2091.02,2083.37,2084.91,1003.804247
2026-04-07 18:55:00,2084.82,2087.19,2082.41,2086.32,237.202954
2026-04-07 19:00:00,2086.27,2088.74,2085.41,2086.75,180.701528
2026-04-07 19:05:00,2086.73,2090.69,2084.36,2086.06,323.323352
2026-04-07 19:10:00,2086.01,2089.21,2085.8,2088.0,77.795407
2026-04-07 19:15:00,2088.01,2100.6,2088.01,2100.19,767.167674
2026-04-07 19:20:00,2100.19,2105.19,2094.49,2096.25,650.91602
2026-04-07 19:25:00,2096.15,2098.07,2094.44,2096.53,123.019261
2026-04-07 19:30:00,2096.47,2096.58,2091.42,2092.12,383.02066
2026-04-07 19:35:00,2092.12,2093.49,2090.58,2092.96,87.011404
2026-04-07 19:40:00,2092.99,2095.98,2091.91,2094.64,134.581842
2026-04-07 19:45:00,2094.83,2111.92,2094.06,2106.98,3351.165116
2026-04-07 19:50:00,2107.13,2117.17,2107.13,2112.7,1357.139936
2026-04-07 19:55:00,2112.83,2114.7,2109.84,2113.55,1104.457286
2026-04-07 20:00:00,2113.6,2125.49,2112.8,2120.03,2824.587757
2026-04-07 20:05:00,2120.04,2125.75,2119.26,2119.98,1070.277433
2026-04-07 20:10:00,2119.94,2120.75,2118.31,2119.6,143.914464
2026-04-07 20:15:00,2119.61,2121.75,2113.17,2116.64,474.522527
2026-04-07 20:20:00,2116.64,2116.85,2113.94,2114.87,76.513761
2026-04-07 20:25:00,2114.86,2116.33,2113.16,2115.84,142.693674
2026-04-07 20:30:00,2115.84,2118.68,2115.59,2116.85,84.297854
2026-04-07 20:35:00,2116.8,2117.79,2113.0,2115.1,169.0847
2026-04-07 20:40:00,2115.1,2120.38,2115.06,2115.62,295.860122
2026-04-07 20:45:00,2115.6,2115.99,2114.28,2114.94,117.321457
2026-04-07 20:50:00,2114.94,2115.0,2110.62,2110.94,372.19285
2026-04-07 20:55:00,2110.95,2115.5,2110.95,2115.48,198.128706
2026-04-07 21:00:00,2115.49,2120.29,2115.49,2117.93,369.19807
2026-04-07 21:05:00,2117.91,2142.85,2117.01,2137.83,4604.81763
2026-04-07 21:10:00,2137.84,2152.8,2137.71,2141.81,4031.471986
2026-04-07 21:15:00,2141.81,2144.25,2134.2,2136.95,579.692185
2026-04-07 21:20:00,2136.9,2138.9,2134.03,2134.74,431.62555
2026-04-07 21:25:00,2134.62,2134.62,2128.1,2130.7,443.160302
2026-04-07 21:30:00,2130.7,2135.5,2130.7,2134.37,264.495791
2026-04-07 21:35:00,2134.48,2142.99,2134.48,2142.62,552.529674
2026-04-07 21:40:00,2142.62,2143.28,2138.57,2143.28,367.833561
2026-04-07 21:45:00,2143.29,2150.5,2141.17,2142.0,765.270161
2026-04-07 21:50:00,2141.98,2149.52,2141.46,2144.53,449.554447
2026-04-07 21:55:00,2144.54,2145.79,2141.06,2145.1,230.064986
2026-04-07 22:00:00,2145.18,2155.46,2145.18,2151.87,1343.336909
2026-04-07 22:05:00,2151.87,2165.94,2151.6,2153.95,2729.829884
2026-04-07 22:10:00,2153.9,2159.35,2153.23,2159.01,911.891578
2026-04-07 22:15:00,2159.01,2160.49,2155.12,2156.01,536.51351
2026-04-07 22:20:00,2156.01,2161.48,2153.46,2157.79,957.051174
2026-04-07 22:25:00,2157.77,2160.99,2156.15,2159.35,585.432612
2026-04-07 22:30:00,2159.51,2181.91,2159.51,2176.85,7522.576375
2026-04-07 22:35:00,2176.85,2192.0,2176.31,2182.3,4791.224653
2026-04-07 22:40:00,2182.36,2186.6,2170.39,2178.12,2289.438937
2026-04-07 22:45:00,2177.97,2186.21,2176.12,2186.2,1748.984127
2026-04-07 22:50:00,2186.04,2197.62,2184.48,2194.54,2758.427731
2026-04-07 22:55:00,2194.66,2219.49,2192.31,2219.48,6531.373158
2026-04-07 23:00:00,2219.49,2235.49,2219.49,2221.7,5435.688951
2026-04-07 23:05:00,2221.7,2235.06,2215.29,2231.29,2553.73615
2026-04-07 23:10:00,2230.87,2243.45,2227.41,2230.74,3250.868349
2026-04-07 23:15:00,2230.62,2232.55,2221.21,2230.7,1856.648687
2026-04-07 23:20:00,2230.79,2258.74,2230.79,2252.05,6623.832542
2026-04-07 23:25:00,2252.05,2271.16,2249.21,2269.95,5276.557714
2026-04-07 23:30:00,2270.01,2273.44,2251.91,2253.36,4291.366459
2026-04-07 23:35:00,2253.5,2254.99,2243.38,2244.52,1978.215748
2026-04-07 23:40:00,2244.52,2249.98,2241.47,2248.24,1883.601818
2026-04-07 23:45:00,2248.24,2261.0,2247.69,2254.06,2140.390624
2026-04-07 23:50:00,2254.05,2256.39,2244.63,2245.15,2611.124702
2026-04-07 23:55:00,2245.09,2245.26,2237.8,2240.01,2095.950653
2026-04-08 00:00:00,2240.0,2250.82,2238.99,2241.19,2270.418135
2026-04-08 00:05:00,2241.25,2246.92,2239.0,2240.22,1019.723217
2026-04-08 00:10:00,2240.26,2246.0,2237.48,2243.4,1877.576323
2026-04-08 00:15:00,2243.35,2248.99,2240.06,2243.38,585.661088
2026-04-08 00:20:00,2243.2,2245.32,2238.2,2240.7,852.7376
2026-04-08 00:25:00,2240.87,2244.33,2239.56,2240.15,868.746111
2026-04-08 00:30:00,2240.15,2241.22,2232.47,2234.45,1952.712091
2026-04-08 00:35:00,2234.45,2240.66,2232.55,2239.8,963.978586
2026-04-08 00:40:00,2239.81,2243.0,2235.32,2236.15,682.920874
2026-04-08 00:45:00,2236.14,2237.29,2227.26,2229.18,1606.415827
2026-04-08 00:50:00,2229.34,2234.79,2229.24,2230.5,885.514494
2026-04-08 00:55:00,2230.5,2235.99,2230.09,2235.96,1456.963474
2026-04-08 01:00:00,2235.96,2238.4,2232.35,2232.35,557.514819
2026-04-08 01:05:00,2232.34,2242.3,2231.59,2241.92,977.665775
2026-04-08 01:10:00,2241.91,2242.36,2238.85,2241.07,548.100221
2026-04-08 01:15:00,2241.07,2241.07,2233.34,2234.8,375.327795
2026-04-08 01:20:00,2234.8,2235.9,2230.2,2233.35,582.765352
2026-04-08 01:25:00,2233.36,2234.69,2231.6,2232.47,266.297696
2026-04-08 01:30:00,2232.47,2234.64,2232.0,2234.51,636.369803
2026-04-08 01:35:00,2234.49,2239.54,2233.82,2237.42,564.847641
2026-04-08 01:40:00,2237.35,2239.4,2236.38,2236.83,290.374502
2026-04-08 01:45:00,2236.83,2239.61,2236.36,2236.85,171.703659
2026-04-08 01:50:00,2236.89,2239.34,2235.17,2235.97,577.741066
2026-04-08 01:55:00,2235.99,2237.06,2233.23,2234.04,351.744701
2026-04-08 02:00:00,2234.12,2238.35,2232.53,2236.25,426.201934
2026-04-08 02:05:00,2236.34,2244.75,2235.76,2244.43,713.561127
2026-04-08 02:10:00,2244.5,2247.74,2243.25,2245.4,693.19419
2026-04-08 02:15:00,2245.39,2245.4,2235.65,2236.09,731.833351
2026-04-08 02:20:00,2236.2,2236.57,2230.81,2235.29,1064.854649
2026-04-08 02:25:00,2235.25,2237.25,2233.52,2236.01,175.066052
2026-04-08 02:30:00,2236.09,2236.99,2230.77,2234.54,942.71664
2026-04-08 02:35:00,2234.55,2235.1,2230.76,2233.1,372.113572
2026-04-08 02:40:00,2233.11,2234.3,2232.0,2232.94,215.61115
2026-04-08 02:45:00,2232.95,2236.48,2231.49,2236.48,452.061754
2026-04-08 02:50:00,2236.48,2237.0,2234.66,2236.24,370.900588
2026-04-08 02:55:00,2236.16,2237.26,2234.09,2237.26,279.88096
2026-04-08 03:00:00,2237.26,2238.21,2236.46,2237.49,729.883864
2026-04-08 03:05:00,2237.46,2237.46,2233.75,2235.81,167.843014
2026-04-08 03:10:00,2235.8,2235.8,2233.34,2233.43,96.217441
2026-04-08 03:15:00,2233.45,2234.73,2232.25,2232.45,168.235044
2026-04-08 03:20:00,2232.53,2234.44,2232.37,2232.62,151.19262
2026-04-08 03:25:00,2232.79,2239.65,2231.96,2239.21,337.861386
2026-04-08 03:30:00,2239.2,2239.2,2235.31,2237.4,733.195062
2026-04-08 03:35:00,2237.4,2237.85,2235.12,2235.59,78.697873
2026-04-08 03:40:00,2235.59,2238.51,2235.18,2236.96,266.378802
2026-04-08 03:45:00,2236.95,2237.19,2234.18,2234.34,230.231435
2026-04-08 03:50:00,2234.33,2235.33,2233.65,2234.91,54.211282
2026-04-08 03:55:00,2234.9,2235.58,2234.25,2234.63,85.23849
2026-04-08 04:00:00,2234.64,2240.0,2234.64,2238.16,815.708808
2026-04-08 04:05:00,2238.16,2250.5,2237.95,2245.31,2010.289407
2026-04-08 04:10:00,2245.27,2246.17,2242.1,2243.65,337.021596
2026-04-08 04:15:00,2243.64,2245.7,2243.05,2243.4,118.265305
2026-04-08 04:20:00,2243.13,2245.68,2241.9,2242.7,385.09019
2026-04-08 04:25:00,2242.63,2247.62,2242.19,2245.06,294.532
2026-04-08 04:30:00,2245.03,2245.5,2243.45,2243.75,210.425089
2026-04-08 04:35:00,2243.75,2252.77,2243.75,2250.06,562.691843
2026-04-08 04:40:00,2250.06,2252.21,2248.37,2248.99,400.065832
2026-04-08 04:45:00,2248.92,2250.55,2247.79,2248.45,522.897865
2026-04-08 04:50:00,2248.44,2248.44,2244.56,2245.7,490.520951
2026-04-08 04:55:00,2245.7,2246.6,2239.55,2240.64,845.213088
2026-04-08 05:00:00,2240.75,2243.07,2240.42,2243.07,352.92186
2026-04-08 05:05:00,2243.07,2244.56,2242.18,2243.58,181.56634
2026-04-08 05:10:00,2243.57,2244.45,2240.44,2241.7,279.539506
2026-04-08 05:15:00,2241.7,2242.87,2240.87,2241.6,287.920742
2026-04-08 05:20:00,2241.6,2245.08,2241.6,2244.7,362.498259
2026-04-08 05:25:00,2244.96,2244.97,2243.34,2244.11,116.480875
2026-04-08 05:30:00,2244.1,2244.5,2241.96,2242.1,181.057339
2026-04-08 05:35:00,2242.09,2242.14,2239.6,2240.27,385.569172
2026-04-08 05:40:00,2240.27,2242.89,2239.88,2240.69,182.736607
2026-04-08 05:45:00,2240.54,2240.75,2238.27,2240.75,157.488921
2026-04-08 05:50:00,2240.77,2245.0,2240.77,2242.6,166.747506
2026-04-08 05:55:00,2242.51,2242.51,2240.0,2240.49,187.736024
2026-04-08 06:00:00,2240.5,2240.85,2235.56,2236.98,211.928134
2026-04-08 06:05:00,2236.98,2239.05,2236.56,2237.35,84.066932
2026-04-08 06:10:00,2237.39,2242.24,2237.39,2241.54,386.911239
2026-04-08 06:15:00,2241.55,2247.97,2240.48,2247.25,601.88467
2026-04-08 06:20:00,2247.25,2253.06,2246.85,2250.85,1295.922068
2026-04-08 06:25:00,2250.84,2253.81,2248.67,2250.96,462.901814
2026-04-08 06:30:00,2250.95,2250.96,2247.61,2248.5,262.651723
2026-04-08 06:35:00,2248.5,2250.78,2247.43,2248.7,404.217865
2026-04-08 06:40:00,2248.7,2250.14,2248.2,2249.33,273.786937
2026-04-08 06:45:00,2249.34,2250.45,2246.42,2247.79,361.124104
2026-04-08 06:50:00,2247.79,2249.44,2245.62,2246.56,226.403703
2026-04-08 06:55:00,2246.55,2246.55,2245.15,2245.84,104.21701
2026-04-08 07:00:00,2245.84,2246.79,2244.51,2244.9,327.936509
2026-04-08 07:05:00,2244.9,2249.19,2244.9,2249.18,407.807136
2026-04-08 07:10:00,2249.18,2251.44,2247.36,2250.46,233.86554
2026-04-08 07:15:00,2250.46,2251.2,2248.91,2251.2,167.304823
2026-04-08 07:20:00,2251.2,2260.0,2251.2,2257.55,1619.195144
2026-04-08 07:25:00,2257.54,2260.59,2255.73,2256.95,6288.597751
2026-04-08 07:30:00,2256.96,2256.96,2247.84,2247.93,1273.042937
2026-04-08 07:35:00,2247.92,2250.09,2247.49,2249.34,857.411044
2026-04-08 07:40:00,2249.44,2251.5,2248.85,2250.68,892.931472
2026-04-08 07:45:00,2250.67,2251.55,2249.5,2250.52,734.221898
2026-04-08 07:50:00,2250.52,2252.7,2250.34,2252.57,1014.821724
2026-04-08 07:55:00,2252.57,2253.59,2250.76,2253.55,943.815736
2026-04-08 08:00:00,2253.59,2257.34,2253.28,2256.55,423.870591
2026-04-08 08:05:00,2256.59,2259.25,2255.01,2255.6,268.833287
2026-04-08 08:10:00,2255.6,2255.68,2252.01,2253.78,205.571247
2026-04-08 08:15:00,2253.78,2258.84,2252.74,2258.34,234.830311
2026-04-08 08:20:00,2258.34,2258.69,2255.53,2256.11,254.89464
2026-04-08 08:25:00,2256.13,2257.39,2253.81,2256.2,386.816067
2026-04-08 08:30:00,2256.2,2259.0,2254.85,2258.4,156.017065
2026-04-08 08:35:00,2258.41,2258.75,2251.6,2254.65,713.701429
2026-04-08 08:40:00,2254.65,2255.85,2250.0,2252.93,277.918042
2026-04-08 08:45:00,2252.85,2257.5,2252.15,2256.04,154.197397
2026-04-08 08:50:00,2256.03,2257.5,2253.16,2254.14,203.79427
2026-04-08 08:55:00,2254.13,2258.26,2253.97,2256.49,535.70214
2026-04-08 09:00:00,2256.49,2258.8,2256.49,2258.8,304.459055
2026-04-08 09:05:00,2258.8,2263.37,2257.7,2258.45,723.864033
2026-04-08 09:10:00,2258.45,2261.25,2257.46,2257.46,408.011167
2026-04-08 09:15:00,2257.45,2258.8,2255.2,2258.69,326.995309
2026-04-08 09:20:00,2258.69,2258.69,2255.54,2255.88,373.259985
2026-04-08 09:25:00,2255.93,2256.09,2250.49,2250.49,366.012075
2026-04-08 09:30:00,2250.49,2253.15,2250.49,2252.0,393.097093
2026-04-08 09:35:00,2252.06,2252.64,2250.0,2251.05,253.946193
2026-04-08 09:40:00,2251.04,2251.04,2246.21,2246.42,492.796779
2026-04-08 09:45:00,2246.52,2250.08,2246.31,2248.91,378.935143
2026-04-08 09:50:00,2249.0,2250.81,2248.21,2249.84,147.479993
2026-04-08 09:55:00,2249.85,2251.15,2248.91,2249.69,141.889207
2026-04-08 10:00:00,2249.73,2253.64,2249.67,2249.76,241.6613
2026-04-08 10:05:00,2249.7,2254.05,2247.41,2250.95,255.618286
2026-04-08 10:10:00,2250.95,2250.95,2247.0,2248.15,108.965677
2026-04-08 10:15:00,2248.15,2249.55,2246.86,2249.45,207.443149
2026-04-08 10:20:00,2249.49,2251.49,2248.05,2250.0,106.610056
2026-04-08 10:25:00,2250.0,2251.99,2249.65,2250.1,55.953864
2026-04-08 10:30:00,2250.11,2250.27,2242.39,2244.39,449.268159
2026-04-08 10:35:00,2244.39,2246.16,2242.7,2245.3,176.770288
2026-04-08 10:40:00,2245.3,2245.74,2243.7,2244.89,62.838484
2026-04-08 10:45:00,2244.88,2246.94,2244.43,2246.93,106.322968
2026-04-08 10:50:00,2246.93,2248.53,2246.4,2247.24,107.556525
2026-04-08 10:55:00,2247.25,2247.45,2242.0,2242.65,368.570836
2026-04-08 11:00:00,2242.65,2244.74,2241.21,2244.03,562.099506
2026-04-08 11:05:00,2244.05,2245.9,2243.71,2245.55,49.402495
2026-04-08 11:10:00,2245.55,2249.38,2245.5,2248.37,80.526142
2026-04-08 11:15:00,2248.42,2249.98,2247.75,2248.75,210.308184
2026-04-08 11:20:00,2248.76,2249.37,2244.84,2249.23,202.415102
2026-04-08 11:25:00,2249.23,2254.85,2249.23,2253.86,576.71946
2026-04-08 11:30:00,2253.83,2253.83,2250.61,2252.99,259.718777
2026-04-08 11:35:00,2252.99,2252.99,2237.56,2240.3,1189.341912
2026-04-08 11:40:00,2240.3,2242.85,2240.3,2241.66,94.515684
2026-04-08 11:45:00,2241.61,2244.74,2239.34,2243.71,643.476162
2026-04-08 11:50:00,2243.7,2248.58,2243.7,2248.22,219.595324
2026-04-08 11:55:00,2248.21,2248.21,2246.58,2247.44,212.396314
2026-04-08 12:00:00,2247.48,2251.72,2247.48,2250.21,517.644696
2026-04-08 12:05:00,2250.27,2252.34,2249.6,2250.27,199.919421
2026-04-08 12:10:00,2250.24,2253.8,2249.98,2253.8,282.766773
2026-04-08 12:15:00,2253.79,2254.65,2248.72,2249.3,282.359469
2026-04-08 12:20:00,2249.4,2250.49,2242.66,2246.01,564.654828
2026-04-08 12:25:00,2246.0,2248.95,2244.95,2248.17,162.607191
2026-04-08 12:30:00,2248.17,2253.8,2247.61,2252.06,130.463443
2026-04-08 12:35:00,2252.19,2256.49,2252.17,2254.5,453.279023
2026-04-08 12:40:00,2254.47,2255.72,2252.7,2254.8,326.76454
2026-04-08 12:45:00,2254.74,2258.54,2253.56,2255.03,684.861683
2026-04-08 12:50:00,2255.02,2256.2,2254.2,2254.2,340.368389
2026-04-08 12:55:00,2254.2,2259.44,2253.85,2255.86,492.329205
2026-04-08 13:00:00,2255.86,2260.0,2254.82,2257.8,841.363325
2026-04-08 13:05:00,2257.8,2270.29,2255.71,2265.69,2019.06849
2026-04-08 13:10:00,2265.68,2265.68,2258.69,2261.75,1078.343663
2026-04-08 13:15:00,2261.76,2267.2,2259.35,2259.8,1351.639191
2026-04-08 13:20:00,2259.8,2259.8,2253.39,2258.05,549.594727
2026-04-08 13:25:00,2258.05,2260.84,2256.59,2260.68,605.662526
2026-04-08 13:30:00,2260.68,2265.77,2244.61,2249.01,1866.177619
2026-04-08 13:35:00,2249.0,2250.05,2236.37,2238.32,1725.000631
2026-04-08 13:40:00,2238.44,2242.2,2233.95,2235.31,1251.814665
2026-04-08 13:45:00,2235.41,2246.32,2232.54,2244.8,2205.04355
2026-04-08 13:50:00,2244.89,2244.99,2235.11,2235.56,1438.167674
2026-04-08 13:55:00,2235.56,2239.39,2231.38,2236.1,674.759022
2026-04-08 14:00:00,2236.1,2241.14,2235.38,2235.73,649.764195
2026-04-08 14:05:00,2235.79,2237.74,2222.26,2223.65,2135.054473
2026-04-08 14:10:00,2223.55,2233.76,2221.8,2231.61,1268.58936
2026-04-08 14:15:00,2231.66,2234.67,2225.46,2226.2,416.759083
2026-04-08 14:20:00,2226.21,2230.24,2224.87,2228.12,668.612769
2026-04-08 14:25:00,2228.18,2229.93,2225.4,2226.02,616.494599
2026-04-08 14:30:00,2226.12,2228.0,2205.0,2205.49,9488.032644
2026-04-08 14:35:00,2205.5,2212.64,2202.1,2209.29,3210.24855
2026-04-08 14:40:00,2209.3,2211.59,2206.68,2206.7,2734.990673
2026-04-08 14:45:00,2206.71,2209.0,2197.05,2204.09,2669.361616
2026-04-08 14:50:00,2203.89,2203.89,2190.83,2195.85,2174.345381
2026-04-08 14:55:00,2195.99,2196.59,2186.4,2195.4,1467.306126
2026-04-08 15:00:00,2195.35,2199.83,2193.34,2199.45,717.216354
2026-04-08 15:05:00,2199.44,2204.45,2196.44,2197.39,910.896297
2026-04-08 15:10:00,2197.52,2205.27,2196.0,2205.05,397.254475
2026-04-08 15:15:00,2205.06,2206.12,2200.52,2205.59,766.905736
2026-04-08 15:20:00,2205.55,2208.85,2204.62,2207.96,614.756852
2026-04-08 15:25:00,2207.96,2208.44,2204.75,2206.6,367.696169
2026-04-08 15:30:00,2206.68,2208.25,2204.3,2207.85,346.968878
2026-04-08 15:35:00,2207.85,2218.12,2207.85,2214.42,2115.853226
2026-04-08 15:40:00,2214.4,2215.19,2210.0,2211.69,322.214229
2026-04-08 15:45:00,2211.69,2216.45,2211.55,2213.59,358.419946
2026-04-08 15:50:00,2213.6,2215.54,2211.51,2213.77,383.410345
2026-04-08 15:55:00,2213.88,2216.81,2213.26,2215.62,248.947488
2026-04-08 16:00:00,2215.62,2218.12,2212.64,2215.6,485.776622
2026-04-08 16:05:00,2215.61,2218.02,2213.45,2214.13,580.951297
2026-04-08 16:10:00,2214.12,2217.82,2212.47,2215.88,441.194453
2026-04-08 16:15:00,2215.81,2220.38,2213.26,2218.63,378.263034
2026-04-08 16:20:00,2218.6,2222.99,2216.76,2221.37,450.392151
2026-04-08 16:25:00,2221.34,2222.4,2218.95,2219.3,354.237421
2026-04-08 16:30:00,2219.4,2219.44,2211.37,2213.29,594.001893
2026-04-08 16:35:00,2213.56,2216.49,2213.15,2216.2,232.203364
2026-04-08 16:40:00,2216.19,2218.97,2215.86,2217.1,143.664461
2026-04-08 16:45:00,2217.19,2221.54,2215.4,2220.5,243.753036
2026-04-08 16:50:00,2220.5,2220.76,2217.91,2220.23,623.753601
2026-04-08 16:55:00,2220.3,2225.48,2220.3,2221.01,563.943815
2026-04-08 17:00:00,2221.01,2224.77,2220.72,2221.75,272.951797
2026-04-08 17:05:00,2221.75,2222.3,2220.46,2222.05,155.529938
2026-04-08 17:10:00,2222.25,2227.08,2221.7,2225.56,334.943189
2026-04-08 17:15:00,2225.66,2225.8,2222.9,2224.26,131.014639
2026-04-08 17:20:00,2224.26,2224.74,2218.01,2218.11,494.481875
2026-04-08 17:25:00,2218.39,2219.54,2213.32,2219.54,911.817764
2026-04-08 17:30:00,2219.55,2224.19,2219.55,2223.84,596.972827
2026-04-08 17:35:00,2223.84,2239.47,2222.83,2231.9,2348.061357
2026-04-08 17:40:00,2231.9,2234.31,2229.21,2234.08,629.660327
2026-04-08 17:45:00,2234.26,2235.26,2232.21,2233.61,139.686527
2026-04-08 17:50:00,2233.66,2234.0,2230.55,2230.85,486.518964
2026-04-08 17:55:00,2230.86,2233.16,2230.7,2232.0,557.72968
2026-04-08 18:00:00,2232.11,2232.11,2227.86,2228.85,923.993108
2026-04-08 18:05:00,2228.9,2232.74,2228.08,2229.09,178.14449
2026-04-08 18:10:00,2229.25,2229.41,2224.76,2227.31,215.613757
2026-04-08 18:15:00,2227.3,2228.8,2214.38,2216.55,883.289666
2026-04-08 18:20:00,2216.36,2219.49,2212.89,2215.02,1120.225035
2026-04-08 18:25:00,2215.0,2215.79,2212.0,2213.01,508.953166
2026-04-08 18:30:00,2213.02,2219.29,2213.02,2219.14,285.625267
2026-04-08 18:35:00,2219.05,2219.89,2213.8,2213.8,258.87442
2026-04-08 18:40:00,2213.81,2213.81,2207.12,2207.94,787.074788
2026-04-08 18:45:00,2207.8,2210.55,2206.46,2208.0,907.578934
2026-04-08 18:50:00,2207.94,2207.94,2203.4,2203.88,525.716143
2026-04-08 18:55:00,2203.88,2204.29,2199.11,2201.3,706.040184
2026-04-08 19:00:00,2201.36,2201.61,2197.27,2200.27,1166.029103
2026-04-08 19:05:00,2200.26,2205.6,2199.06,2202.74,578.209047
2026-04-08 19:10:00,2202.78,2206.76,2202.78,2205.65,326.099303
2026-04-08 19:15:00,2205.64,2206.34,2202.6,2204.34,124.39083
2026-04-08 19:20:00,2204.34,2205.39,2199.99,2203.44,123.004436
2026-04-08 19:25:00,2203.47,2205.69,2199.61,2199.61,224.785876
2026-04-08 19:30:00,2199.61,2203.89,2197.72,2202.3,211.341095
2026-04-08 19:35:00,2202.31,2209.15,2201.1,2207.61,496.871304
2026-04-08 19:40:00,2207.54,2207.74,2201.98,2206.31,207.359787
2026-04-08 19:45:00,2206.31,2208.13,2205.85,2206.71,53.792083
2026-04-08 19:50:00,2206.71,2209.31,2206.36,2206.59,139.447233
2026-04-08 19:55:00,2206.59,2211.9,2205.66,2211.0,432.448226
2026-04-08 20:00:00,2210.89,2215.9,2210.58,2212.8,224.910082
2026-04-08 20:05:00,2213.2,2216.31,2212.25,2213.95,216.544299
2026-04-08 20:10:00,2213.96,2215.84,2213.76,2215.12,87.817057
2026-04-08 20:15:00,2215.19,2216.98,2215.19,2216.6,64.855643
2026-04-08 20:20:00,2216.51,2216.51,2212.9,2214.65,48.457126
2026-04-08 20:25:00,2214.64,2215.09,2214.49,2214.71,54.381966
2026-04-08 20:30:00,2214.72,2214.85,2211.37,2211.65,114.917516
2026-04-08 20:35:00,2211.68,2211.68,2205.95,2209.2,191.248778
2026-04-08 20:40:00,2209.2,2209.53,2206.35,2207.15,25.676619
2026-04-08 20:45:00,2207.16,2209.7,2205.94,2208.8,215.519957
2026-04-08 20:50:00,2208.79,2210.27,2207.58,2209.91,110.134174
2026-04-08 20:55:00,2209.8,2210.31,2209.02,2209.98,147.856927
2026-04-08 21:00:00,2209.98,2209.98,2208.01,2208.01,91.272009
2026-04-08 21:05:00,2207.96,2212.49,2207.96,2211.03,139.279073
2026-04-08 21:10:00,2211.05,2219.63,2211.05,2214.93,828.506699
2026-04-08 21:15:00,2214.93,2216.82,2214.54,2215.89,68.484405
2026-04-08 21:20:00,2216.09,2222.59,2216.0,2218.48,236.780523
2026-04-08 21:25:00,2218.51,2223.0,2218.51,2220.59,201.184259
2026-04-08 21:30:00,2220.59,2221.41,2216.36,2216.36,129.138556
2026-04-08 21:35:00,2216.32,2219.85,2216.21,2219.36,108.940583
2026-04-08 21:40:00,2219.36,2219.92,2215.01,2215.72,170.540186
2026-04-08 21:45:00,2215.71,2218.22,2215.0,2216.51,83.419345
2026-04-08 21:50:00,2216.51,2216.99,2215.51,2216.09,94.545558
2026-04-08 21:55:00,2216.09,2216.1,2213.13,2214.68,157.993059
2026-04-08 22:00:00,2214.75,2215.5,2210.6,2210.69,138.120746
2026-04-08 22:05:00,2210.69,2214.1,2210.69,2212.49,98.322018
2026-04-08 22:10:00,2212.49,2212.91,2209.06,2210.32,134.945198
2026-04-08 22:15:00,2210.32,2211.36,2205.49,2206.51,235.334308
2026-04-08 22:20:00,2206.56,2207.37,2198.84,2200.69,1226.440874
2026-04-08 22:25:00,2200.7,2202.06,2192.43,2193.69,1125.249968
2026-04-08 22:30:00,2193.73,2197.83,2187.2,2197.72,1011.122749
2026-04-08 22:35:00,2197.72,2201.55,2197.72,2201.02,274.969728
2026-04-08 22:40:00,2201.02,2201.03,2197.96,2197.96,133.773957
2026-04-08 22:45:00,2197.96,2199.3,2196.98,2199.16,220.801108
2026-04-08 22:50:00,2199.16,2199.75,2194.56,2194.81,123.752783
2026-04-08 22:55:00,2194.81,2194.82,2189.65,2190.03,672.234421
2026-04-08 23:00:00,2190.03,2190.25,2183.04,2185.74,1205.477228
2026-04-08 23:05:00,2185.74,2189.56,2185.35,2187.01,262.613356
2026-04-08 23:10:00,2187.05,2193.85,2187.05,2193.75,513.99704
2026-04-08 23:15:00,2193.69,2194.1,2188.01,2188.89,152.805965
2026-04-08 23:20:00,2188.89,2189.64,2179.68,2184.32,1275.141153
2026-04-08 23:25:00,2184.33,2185.6,2181.25,2185.05,253.867362
2026-04-08 23:30:00,2185.05,2187.28,2182.61,2186.41,170.448706
2026-04-08 23:35:00,2186.53,2189.99,2185.44,2186.52,450.416778
2026-04-08 23:40:00,2186.53,2189.54,2186.2,2187.9,125.246959
2026-04-08 23:45:00,2187.89,2190.51,2187.69,2190.51,115.553322
2026-04-08 23:50:00,2190.51,2192.69,2188.87,2188.87,281.913228
2026-04-08 23:55:00,2188.87,2191.06,2188.31,2190.1,72.920104
2026-04-09 00:00:00,2190.19,2190.8,2187.76,2190.5,1004.113758
2026-04-09 00:05:00,2190.5,2193.89,2189.61,2191.0,343.583346
2026-04-09 00:10:00,2190.95,2192.0,2190.12,2191.41,139.619485
2026-04-09 00:15:00,2191.46,2192.79,2187.38,2188.72,302.175919
2026-04-09 00:20:00,2188.89,2190.0,2186.71,2187.8,211.083104
2026-04-09 00:25:00,2187.8,2188.34,2184.86,2185.14,256.099882
2026-04-09 00:30:00,2185.15,2186.35,2181.25,2183.19,274.783891
2026-04-09 00:35:00,2183.69,2187.44,2181.66,2181.79,179.734826
2026-04-09 00:40:00,2181.78,2183.45,2179.23,2183.06,510.361638
2026-04-09 00:45:00,2183.06,2183.82,2180.01,2182.85,292.713007
2026-04-09 00:50:00,2182.85,2183.34,2180.18,2182.28,218.038537
2026-04-09 00:55:00,2182.29,2186.98,2182.29,2183.18,566.345277
2026-04-09 01:00:00,2183.16,2185.38,2181.91,2183.73,147.769793
2026-04-09 01:05:00,2183.85,2184.25,2161.81,2168.85,3570.183746
2026-04-09 01:10:00,2168.68,2171.84,2166.83,2171.64,363.137071
2026-04-09 01:15:00,2171.65,2172.04,2167.26,2170.11,261.82213
2026-04-09 01:20:00,2170.1,2171.81,2165.26,2168.43,200.340207
2026-04-09 01:25:00,2168.36,2171.71,2167.65,2170.11,164.192937
2026-04-09 01:30:00,2170.11,2178.41,2168.91,2177.63,394.358757
2026-04-09 01:35:00,2177.7,2177.7,2173.55,2175.76,245.082144
2026-04-09 01:40:00,2175.85,2175.85,2174.11,2174.64,93.079191
2026-04-09 01:45:00,2174.68,2177.76,2171.54,2176.39,265.396415
2026-04-09 01:50:00,2176.4,2179.89,2176.4,2179.15,135.007908
2026-04-09 01:55:00,2179.15,2179.31,2176.61,2178.97,289.028413
2026-04-09 02:00:00,2178.98,2182.6,2177.7,2177.93,550.659228
2026-04-09 02:05:00,2177.93,2180.69,2177.7,2179.82,72.961362
2026-04-09 02:10:00,2179.82,2180.19,2174.55,2175.08,154.616353
2026-04-09 02:15:00,2175.15,2180.6,2174.12,2180.6,175.290185
2026-04-09 02:20:00,2180.64,2181.23,2178.9,2180.31,47.195723
2026-04-09 02:25:00,2180.35,2183.85,2180.1,2181.95,162.647995
2026-04-09 02:30:00,2181.95,2183.84,2181.41,2181.77,232.012978
2026-04-09 02:35:00,2181.72,2182.6,2179.55,2180.87,122.428753
2026-04-09 02:40:00,2180.88,2180.89,2176.7,2179.82,238.084883
2026-04-09 02:45:00,2179.7,2184.5,2179.05,2184.09,388.770129
2026-04-09 02:50:00,2184.2,2185.67,2183.35,2184.41,304.587313
2026-04-09 02:55:00,2184.41,2184.75,2180.93,2181.63,272.196077
2026-04-09 03:00:00,2181.71,2182.65,2180.78,2182.65,149.629448
2026-04-09 03:05:00,2182.73,2183.8,2180.11,2180.5,273.643005
2026-04-09 03:10:00,2180.5,2181.16,2179.5,2180.82,235.757208
2026-04-09 03:15:00,2180.82,2181.2,2179.07,2179.78,102.33847
2026-04-09 03:20:00,2179.78,2181.2,2178.4,2181.09,152.570378
2026-04-09 03:25:00,2181.12,2181.6,2176.37,2178.59,152.794009
2026-04-09 03:30:00,2178.59,2181.11,2178.59,2180.34,58.840972
2026-04-09 03:35:00,2180.38,2181.23,2179.02,2180.28,48.624661
2026-04-09 03:40:00,2180.33,2180.65,2177.33,2178.05,113.253531
2026-04-09 03:45:00,2178.06,2180.64,2175.68,2180.64,270.041103
2026-04-09 03:50:00,2180.64,2184.0,2180.64,2183.71,341.800688
2026-04-09 03:55:00,2183.71,2183.95,2182.5,2182.71,184.016528
2026-04-09 04:00:00,2182.71,2182.71,2180.4,2181.57,48.362338
2026-04-09 04:05:00,2181.65,2181.8,2179.55,2179.95,132.828875
2026-04-09 04:10:00,2180.0,2180.96,2178.9,2179.72,52.038332
2026-04-09 04:15:00,2179.73,2179.73,2178.51,2179.29,26.439286
2026-04-09 04:20:00,2179.26,2179.26,2176.55,2177.95,174.312452
2026-04-09 04:25:00,2177.95,2178.85,2177.25,2178.36,76.273986
2026-04-09 04:30:00,2178.41,2180.65,2178.0,2180.65,88.888792
2026-04-09 04:35:00,2180.65,2181.25,2179.96,2180.46,69.232342
2026-04-09 04:40:00,2180.45,2181.26,2179.82,2179.82,115.062543
2026-04-09 04:45:00,2179.83,2181.09,2176.85,2177.49,156.980903
2026-04-09 04:50:00,2177.52,2179.07,2177.0,2179.07,127.961887
2026-04-09 04:55:00,2179.07,2179.5,2177.24,2177.69,134.678725
2026-04-09 05:00:00,2177.7,2179.18,2175.55,2178.55,142.724851
2026-04-09 05:05:00,2178.4,2179.36,2177.83,2178.67,193.820402
2026-04-09 05:10:00,2178.4,2178.4,2176.03,2178.14,47.696759
2026-04-09 05:15:00,2178.15,2179.99,2176.77,2179.99,137.806206
2026-04-09 05:20:00,2179.86,2181.0,2178.31,2178.47,72.027454
2026-04-09 05:25:00,2178.93,2182.0,2178.92,2181.68,316.40865
2026-04-09 05:30:00,2181.69,2185.3,2180.91,2184.35,1125.437755
2026-04-09 05:35:00,2184.26,2188.85,2183.88,2188.25,595.455912
2026-04-09 05:40:00,2188.25,2188.33,2187.0,2187.56,303.953625
2026-04-09 05:45:00,2187.57,2187.57,2182.93,2183.79,190.239418
2026-04-09 05:50:00,2183.7,2183.7,2180.0,2181.11,229.644594
2026-04-09 05:55:00,2181.16,2182.18,2180.47,2182.18,77.050465
2026-04-09 06:00:00,2182.18,2186.28,2182.18,2184.27,191.620806
2026-04-09 06:05:00,2184.33,2185.76,2183.32,2183.32,81.17236
2026-04-09 06:10:00,2183.25,2184.48,2182.6,2183.26,78.359337
2026-04-09 06:15:00,2183.2,2183.2,2179.7,2180.0,76.60823
2026-04-09 06:20:00,2179.99,2180.23,2177.41,2178.0,65.856679
2026-04-09 06:25:00,2178.14,2178.25,2176.34,2177.55,61.218461
2026-04-09 06:30:00,2177.54,2179.83,2175.64,2178.29,169.354906
2026-04-09 06:35:00,2178.29,2179.9,2177.25,2177.39,99.338857
2026-04-09 06:40:00,2177.4,2178.79,2177.29,2178.44,49.762754
2026-04-09 06:45:00,2178.5,2179.0,2177.55,2177.69,46.120226
2026-04-09 06:50:00,2177.7,2180.0,2177.39,2179.99,47.900725
2026-04-09 06:55:00,2179.99,2181.81,2179.91,2181.66,94.082596
2026-04-09 07:00:00,2181.7,2185.88,2181.7,2185.14,589.67313
2026-04-09 07:05:00,2185.15,2185.4,2183.38,2184.57,146.757928
2026-04-09 07:10:00,2184.56,2185.8,2183.92,2184.55,130.807882
2026-04-09 07:15:00,2184.54,2184.65,2181.36,2182.45,258.771679
2026-04-09 07:20:00,2182.44,2182.45,2180.36,2182.05,82.038849
2026-04-09 07:25:00,2182.04,2182.73,2180.95,2181.12,93.949088
2026-04-09 07:30:00,2181.14,2183.55,2180.48,2183.3,310.543554
2026-04-09 07:35:00,2183.3,2184.08,2182.5,2183.03,342.993538
2026-04-09 07:40:00,2183.04,2183.04,2180.19,2181.9,361.661097
2026-04-09 07:45:00,2181.91,2182.69,2179.9,2181.35,403.55288
2026-04-09 07:50:00,2181.35,2182.62,2180.77,2181.04,416.083052
2026-04-09 07:55:00,2181.05,2182.44,2180.57,2181.08,394.633925
2026-04-09 08:00:00,2181.08,2183.75,2178.06,2183.31,353.062604
2026-04-09 08:05:00,2183.3,2183.55,2181.11,2181.16,114.117582
2026-04-09 08:10:00,2181.15,2181.15,2177.11,2179.11,186.122688
2026-04-09 08:15:00,2179.1,2179.1,2176.55,2177.65,188.008646
2026-04-09 08:20:00,2177.66,2180.84,2177.56,2180.73,102.294766
2026-04-09 08:25:00,2180.71,2180.79,2179.4,2180.16,103.785814
2026-04-09 08:30:00,2180.25,2184.93,2180.25,2183.35,122.230731
2026-04-09 08:35:00,2183.26,2185.3,2182.8,2184.88,87.159588
2026-04-09 08:40:00,2184.88,2189.61,2184.69,2188.8,712.024354
2026-04-09 08:45:00,2188.83,2191.53,2186.45,2186.66,567.652608
2026-04-09 08:50:00,2186.74,2186.74,2183.1,2185.64,116.573943
2026-04-09 08:55:00,2185.67,2187.49,2185.65,2186.11,124.995709
2026-04-09 09:00:00,2186.1,2186.11,2181.0,2181.02,235.908136
2026-04-09 09:05:00,2181.02,2182.25,2179.55,2182.25,241.101745
2026-04-09 09:10:00,2182.24,2184.15,2181.45,2183.04,207.778755
2026-04-09 09:15:00,2183.07,2188.16,2183.01,2186.45,610.347903
2026-04-09 09:20:00,2186.44,2186.44,2183.2,2184.0,211.540603
2026-04-09 09:25:00,2184.0,2185.18,2182.8,2184.95,199.307872
2026-04-09 09:30:00,2184.94,2188.96,2184.22,2184.79,640.521797
2026-04-09 09:35:00,2184.79,2185.5,2184.06,2185.5,297.459426
2026-04-09 09:40:00,2185.5,2185.9,2184.95,2185.87,72.193404
2026-04-09 09:45:00,2185.75,2188.34,2185.31,2188.14,191.140427
2026-04-09 09:50:00,2188.14,2190.5,2187.68,2190.5,335.559393
2026-04-09 09:55:00,2190.5,2197.0,2190.5,2194.2,1226.459735
2026-04-09 10:00:00,2194.2,2194.31,2191.52,2191.53,222.758874
2026-04-09 10:05:00,2191.53,2191.74,2189.69,2189.69,179.114023
2026-04-09 10:10:00,2189.69,2190.62,2188.15,2188.65,102.580321
2026-04-09 10:15:00,2188.65,2191.04,2188.3,2190.59,128.182408
2026-04-09 10:20:00,2190.59,2193.19,2190.28,2192.49,278.477223
2026-04-09 10:25:00,2192.7,2193.79,2192.27,2192.74,150.982542
2026-04-09 10:30:00,2192.74,2193.0,2190.65,2192.15,85.732334
2026-04-09 10:35:00,2192.15,2193.41,2191.03,2193.41,66.817601
2026-04-09 10:40:00,2193.43,2196.47,2192.45,2195.01,348.968045
2026-04-09 10:45:00,2195.0,2196.02,2192.72,2193.56,166.396866
2026-04-09 10:50:00,2193.55,2193.55,2189.21,2192.85,241.731033
2026-04-09 10:55:00,2192.85,2194.65,2190.72,2190.72,89.670897
2026-04-09 11:00:00,2190.7,2192.99,2190.0,2191.47,150.244386
2026-04-09 11:05:00,2191.46,2192.72,2190.0,2190.05,304.240974
2026-04-09 11:10:00,2190.05,2190.05,2185.36,2185.71,332.511234
2026-04-09 11:15:00,2185.7,2185.7,2181.8,2183.94,314.20438
2026-04-09 11:20:00,2183.93,2185.24,2180.03,2181.99,475.070169
2026-04-09 11:25:00,2181.99,2182.0,2178.21,2180.26,682.4844
2026-04-09 11:30:00,2180.26,2182.02,2179.8,2180.37,201.377851
2026-04-09 11:35:00,2180.37,2181.95,2178.25,2181.76,186.663172
2026-04-09 11:40:00,2181.76,2183.52,2179.29,2181.05,167.170771
2026-04-09 11:45:00,2181.05,2182.95,2180.81,2182.31,56.092606
2026-04-09 11:50:00,2182.31,2182.98,2180.44,2180.76,98.598858
2026-04-09 11:55:00,2180.75,2181.24,2179.55,2180.1,74.486573
2026-04-09 12:00:00,2180.11,2182.62,2180.01,2181.73,266.771456
2026-04-09 12:05:00,2181.7,2182.98,2180.0,2182.31,58.567781
2026-04-09 12:10:00,2182.31,2182.92,2181.0,2181.27,177.7348
2026-04-09 12:15:00,2181.27,2182.95,2179.71,2179.71,337.68021
2026-04-09 12:20:00,2179.71,2180.0,2174.25,2176.84,447.681945
2026-04-09 12:25:00,2176.9,2186.49,2176.81,2184.76,347.564205
2026-04-09 12:30:00,2184.77,2186.96,2180.72,2182.46,167.133165
2026-04-09 12:35:00,2182.45,2184.54,2179.57,2180.25,514.446832
2026-04-09 12:40:00,2180.24,2187.86,2178.94,2183.84,838.57035
2026-04-09 12:45:00,2183.71,2183.79,2177.86,2180.8,231.349805
2026-04-09 12:50:00,2180.64,2181.6,2179.67,2180.71,181.790946
2026-04-09 12:55:00,2180.71,2183.98,2180.71,2183.56,85.804302
2026-04-09 13:00:00,2183.6,2186.37,2180.0,2180.02,93.163937
2026-04-09 13:05:00,2180.03,2180.95,2177.85,2178.63,218.506223
2026-04-09 13:10:00,2178.62,2178.63,2177.45,2178.11,142.967285
2026-04-09 13:15:00,2178.12,2178.98,2177.4,2178.41,127.151264
2026-04-09 13:20:00,2178.41,2178.67,2174.69,2177.52,254.121233
2026-04-09 13:25:00,2177.52,2179.37,2176.41,2178.83,356.703276
2026-04-09 13:30:00,2178.75,2180.22,2167.13,2172.26,939.09454
2026-04-09 13:35:00,2172.32,2175.82,2164.5,2169.9,1445.47061
2026-04-09 13:40:00,2169.6,2171.95,2164.75,2169.64,730.219377
2026-04-09 13:45:00,2169.65,2170.49,2162.51,2168.0,773.690642
2026-04-09 13:50:00,2167.91,2167.91,2162.03,2162.97,583.000363
2026-04-09 13:55:00,2163.01,2166.34,2158.98,2165.31,1139.698901
2026-04-09 14:00:00,2165.3,2168.2,2162.03,2166.76,617.146296
2026-04-09 14:05:00,2166.7,2168.0,2165.09,2165.09,491.027426
2026-04-09 14:10:00,2165.05,2172.35,2162.93,2169.69,1077.145796
2026-04-09 14:15:00,2169.68,2170.83,2161.26,2162.57,499.468967
2026-04-09 14:20:00,2162.64,2166.89,2162.26,2166.45,341.667904
2026-04-09 14:25:00,2166.53,2167.5,2157.49,2163.4,1058.484478
2026-04-09 14:30:00,2163.39,2164.68,2161.16,2163.47,452.226209
2026-04-09 14:35:00,2163.46,2169.84,2161.65,2168.7,615.714419
2026-04-09 14:40:00,2168.7,2173.17,2167.89,2172.01,710.322343
2026-04-09 14:45:00,2172.05,2177.14,2172.05,2176.5,704.905273
2026-04-09 14:50:00,2176.51,2182.5,2175.62,2179.08,1150.983515
2026-04-09 14:55:00,2179.08,2182.05,2175.5,2177.85,659.710865
2026-04-09 15:00:00,2177.95,2178.29,2173.5,2174.92,430.910693
2026-04-09 15:05:00,2175.0,2175.79,2169.81,2170.04,436.981361
2026-04-09 15:10:00,2170.14,2187.48,2170.01,2185.52,1041.856796
2026-04-09 15:15:00,2185.64,2194.62,2185.28,2188.4,1644.179107
2026-04-09 15:20:00,2188.45,2194.38,2187.64,2189.64,404.020662
2026-04-09 15:25:00,2189.65,2189.65,2183.76,2184.69,874.066324
2026-04-09 15:30:00,2184.79,2218.66,2181.96,2216.95,3225.455048
2026-04-09 15:35:00,2216.99,2220.16,2206.42,2207.84,2743.17613
2026-04-09 15:40:00,2207.57,2214.99,2207.46,2213.09,1125.323486
2026-04-09 15:45:00,2213.09,2225.0,2210.81,2215.25,1801.179054
2026-04-09 15:50:00,2215.24,2219.54,2213.33,2217.84,505.407225
2026-04-09 15:55:00,2218.05,2223.39,2215.77,2218.05,946.573699
2026-04-09 16:00:00,2218.09,2230.0,2218.09,2226.09,1790.613156
2026-04-09 16:05:00,2226.34,2226.34,2216.01,2216.1,988.226526
2026-04-09 16:10:00,2216.26,2222.0,2215.25,2215.53,1106.438703
2026-04-09 16:15:00,2215.52,2221.7,2213.82,2219.14,456.979194
2026-04-09 16:20:00,2219.19,2219.94,2211.37,2211.83,596.176051
2026-04-09 16:25:00,2211.84,2214.54,2209.77,2209.77,372.35421
2026-04-09 16:30:00,2209.76,2210.39,2204.1,2204.96,896.932979
2026-04-09 16:35:00,2205.02,2207.15,2194.65,2198.32,809.414128
2026-04-09 16:40:00,2198.32,2203.23,2196.88,2202.94,786.074561
2026-04-09 16:45:00,2202.93,2203.99,2193.25,2196.33,984.159203
2026-04-09 16:50:00,2196.36,2202.72,2195.75,2201.5,276.068613
2026-04-09 16:55:00,2201.51,2208.64,2201.51,2208.34,1416.259482
2026-04-09 17:00:00,2208.31,2221.2,2207.42,2219.11,918.465269
2026-04-09 17:05:00,2219.76,2222.14,2216.42,2220.15,596.330331
2026-04-09 17:10:00,2220.14,2224.72,2220.0,2224.14,808.26417
2026-04-09 17:15:00,2224.2,2225.5,2218.95,2219.2,530.790192
2026-04-09 17:20:00,2219.48,2221.38,2214.77,2216.43,615.676818
2026-04-09 17:25:00,2216.5,2217.24,2212.08,2215.33,336.012455
2026-04-09 17:30:00,2215.32,2215.32,2206.29,2210.2,436.886544
2026-04-09 17:35:00,2210.2,2224.59,2210.2,2221.67,606.59593
2026-04-09 17:40:00,2221.6,2224.26,2217.76,2220.92,864.4742
2026-04-09 17:45:00,2220.92,2222.79,2218.88,2221.16,206.226975
2026-04-09 17:50:00,2221.11,2223.94,2217.73,2222.52,252.125268
2026-04-09 17:55:00,2222.33,2224.19,2219.4,2223.1,80.535992
2026-04-09 18:00:00,2223.14,2224.0,2203.66,2207.14,899.54212
2026-04-09 18:05:00,2207.15,2211.55,2206.12,2209.91,606.39791
2026-04-09 18:10:00,2210.1,2211.94,2205.81,2207.55,264.623252
2026-04-09 18:15:00,2207.55,2212.15,2205.81,2209.44,243.809536
2026-04-09 18:20:00,2209.44,2209.44,2201.76,2204.95,423.228133
2026-04-09 18:25:00,2205.0,2210.81,2201.94,2209.09,191.965683
2026-04-09 18:30:00,2208.99,2210.65,2202.22,2206.46,190.893112
2026-04-09 18:35:00,2206.46,2209.85,2205.35,2208.51,93.998012
2026-04-09 18:40:00,2208.51,2209.34,2203.71,2205.41,184.451584
2026-04-09 18:45:00,2205.41,2207.45,2200.88,2207.45,469.981375
2026-04-09 18:50:00,2207.49,2207.5,2205.0,2207.06,297.530203
2026-04-09 18:55:00,2207.07,2208.64,2206.01,2206.91,453.98199
2026-04-09 19:00:00,2206.91,2209.99,2204.61,2209.15,404.4433
2026-04-09 19:05:00,2209.15,2218.08,2207.72,2216.65,1071.063066
2026-04-09 19:10:00,2216.65,2220.48,2214.0,2214.96,740.752086
2026-04-09 19:15:00,2215.15,2216.09,2210.61,2211.12,198.316713
2026-04-09 19:20:00,2211.12,2212.09,2204.51,2205.92,228.448345
2026-04-09 19:25:00,2205.97,2207.9,2204.47,2207.66,116.126329
2026-04-09 19:30:00,2207.67,2213.34,2207.66,2209.97,175.009376
2026-04-09 19:35:00,2210.14,2214.47,2208.97,2214.46,91.608179
2026-04-09 19:40:00,2214.49,2219.48,2214.15,2217.67,245.557051
2026-04-09 19:45:00,2217.76,2222.33,2217.76,2221.7,526.740907
2026-04-09 19:50:00,2221.69,2224.99,2219.04,2220.39,330.596378
2026-04-09 19:55:00,2220.49,2220.74,2214.38,2216.49,297.600233
2026-04-09 20:00:00,2216.4,2220.04,2215.75,2217.49,163.227866
2026-04-09 20:05:00,2217.4,2217.4,2213.42,2216.28,133.357951
2026-04-09 20:10:00,2216.23,2219.95,2215.57,2219.61,101.652536
2026-04-09 20:15:00,2219.55,2221.52,2218.26,2219.55,390.633672
2026-04-09 20:20:00,2219.54,2221.99,2219.0,2220.05,146.568946
2026-04-09 20:25:00,2220.15,2221.09,2217.13,2218.03,83.296127
2026-04-09 20:30:00,2218.1,2220.5,2217.01,2219.81,89.562231
2026-04-09 20:35:00,2219.86,2220.89,2217.7,2218.05,64.443834
2026-04-09 20:40:00,2218.05,2218.62,2216.32,2217.84,352.638991
2026-04-09 20:45:00,2217.99,2217.99,2213.42,2213.42,88.79477
2026-04-09 20:50:00,2213.42,2214.2,2211.11,2214.2,83.966464
2026-04-09 20:55:00,2214.2,2214.49,2210.81,2213.06,262.392905
2026-04-09 21:00:00,2213.07,2217.34,2211.36,2216.96,80.959564
2026-04-09 21:05:00,2216.96,2226.95,2211.95,2211.95,748.236561
2026-04-09 21:10:00,2211.94,2213.93,2209.07,2213.93,581.33173
2026-04-09 21:15:00,2213.94,2214.4,2211.85,2211.86,59.832085
2026-04-09 21:20:00,2211.85,2212.84,2208.26,2212.83,109.793782
2026-04-09 21:25:00,2212.82,2213.5,2209.78,2209.84,119.5739
2026-04-09 21:30:00,2209.78,2211.05,2207.75,2210.26,305.415399
2026-04-09 21:35:00,2210.26,2212.07,2208.16,2209.47,222.873115
2026-04-09 21:40:00,2209.48,2216.81,2209.39,2216.28,153.107563
2026-04-09 21:45:00,2216.53,2218.0,2214.74,2216.09,205.365843
2026-04-09 21:50:00,2216.1,2216.44,2211.95,2211.95,85.41309
2026-04-09 21:55:00,2211.93,2212.47,2210.01,2211.05,64.765419
2026-04-09 22:00:00,2211.11,2216.19,2210.0,2215.21,137.276264
2026-04-09 22:05:00,2215.36,2216.0,2212.61,2215.99,60.157525
2026-04-09 22:10:00,2215.99,2219.14,2214.94,2218.96,109.595871
2026-04-09 22:15:00,2219.14,2246.15,2218.77,2232.4,3305.885088
2026-04-09 22:20:00,2232.4,2233.39,2227.56,2230.0,325.359698
2026-04-09 22:25:00,2230.01,2230.2,2220.08,2221.78,526.097242
2026-04-09 22:30:00,2221.79,2222.59,2215.83,2218.56,651.55884
2026-04-09 22:35:00,2218.55,2218.59,2212.72,2212.73,290.123708
2026-04-09 22:40:00,2212.73,2216.34,2211.41,2211.96,280.653434
2026-04-09 22:45:00,2211.95,2215.37,2208.78,2213.86,455.006779
2026-04-09 22:50:00,2214.01,2214.01,2202.3,2207.09,865.046783
2026-04-09 22:55:00,2207.09,2207.2,2197.47,2197.75,1089.007373
2026-04-09 23:00:00,2197.73,2201.19,2194.92,2197.09,531.54505
2026-04-09 23:05:00,2197.1,2200.93,2196.76,2198.77,262.305712
2026-04-09 23:10:00,2198.85,2199.99,2185.52,2190.49,887.273843
2026-04-09 23:15:00,2190.5,2193.87,2183.44,2193.44,552.872284
2026-04-09 23:20:00,2193.47,2196.54,2193.39,2194.33,269.27589
2026-04-09 23:25:00,2194.32,2194.94,2191.8,2191.95,142.93059
2026-04-09 23:30:00,2191.9,2191.9,2183.38,2188.15,1013.976515
2026-04-09 23:35:00,2188.34,2190.38,2186.01,2190.09,197.899095
2026-04-09 23:40:00,2190.2,2191.35,2188.59,2189.36,181.819081
2026-04-09 23:45:00,2189.43,2190.79,2186.4,2190.03,505.932582
2026-04-09 23:50:00,2190.02,2191.69,2188.46,2190.92,235.802999
2026-04-09 23:55:00,2190.96,2191.27,2188.42,2190.14,201.905423
2026-04-10 00:00:00,2190.15,2191.0,2188.0,2188.71,186.279078
2026-04-10 00:05:00,2188.71,2191.55,2185.12,2188.66,590.342412
2026-04-10 00:10:00,2188.66,2190.77,2185.77,2188.33,174.0297
2026-04-10 00:15:00,2188.5,2189.02,2183.48,2183.71,445.270321
2026-04-10 00:20:00,2183.77,2187.0,2182.01,2184.92,558.170529
2026-04-10 00:25:00,2184.88,2190.14,2183.58,2189.82,582.44462
2026-04-10 00:30:00,2189.82,2195.07,2187.37,2191.75,442.192683
2026-04-10 00:35:00,2191.75,2194.37,2188.38,2190.88,150.193565
2026-04-10 00:40:00,2190.92,2194.54,2190.03,2193.05,129.560289
2026-04-10 00:45:00,2193.06,2195.89,2190.93,2193.83,132.208251
2026-04-10 00:50:00,2193.74,2197.38,2193.42,2194.93,282.820314
2026-04-10 00:55:00,2194.93,2195.58,2192.46,2195.29,107.319892
2026-04-10 01:00:00,2195.16,2195.16,2190.64,2192.08,330.135193
2026-04-10 01:05:00,2192.11,2193.99,2189.0,2193.99,422.85313
2026-04-10 01:10:00,2194.0,2197.23,2192.1,2194.43,232.390467
2026-04-10 01:15:00,2194.16,2195.89,2191.45,2192.51,160.773159
2026-04-10 01:20:00,2192.5,2192.75,2176.08,2185.06,1249.792516
2026-04-10 01:25:00,2184.99,2187.66,2184.7,2186.56,246.647641
2026-04-10 01:30:00,2186.4,2197.49,2185.04,2197.49,498.627376
2026-04-10 01:35:00,2197.5,2204.02,2196.34,2202.9,850.736556
2026-04-10 01:40:00,2202.91,2204.63,2198.62,2199.79,457.158734
2026-04-10 01:45:00,2199.55,2200.39,2197.18,2199.34,149.776965
2026-04-10 01:50:00,2199.35,2202.42,2198.6,2199.35,126.329658
2026-04-10 01:55:00,2199.41,2200.49,2193.94,2194.71,420.632498
2026-04-10 02:00:00,2194.66,2198.19,2192.7,2192.71,267.757414
2026-04-10 02:05:00,2192.7,2198.73,2192.51,2197.1,90.827675
2026-04-10 02:10:00,2196.99,2198.3,2195.07,2195.85,76.267998
2026-04-10 02:15:00,2195.9,2196.87,2193.88,2194.29,96.784715
2026-04-10 02:20:00,2194.29,2194.81,2193.52,2194.28,19.716973
2026-04-10 02:25:00,2194.3,2197.47,2194.24,2196.0,46.945251
2026-04-10 02:30:00,2196.0,2197.4,2194.01,2196.17,95.579571
2026-04-10 02:35:00,2196.17,2196.56,2194.66,2195.54,172.696051
2026-04-10 02:40:00,2195.55,2196.88,2194.41,2195.88,42.022049
2026-04-10 02:45:00,2195.87,2195.87,2190.2,2190.62,420.54995
2026-04-10 02:50:00,2190.41,2191.26,2187.14,2188.86,663.184119
2026-04-10 02:55:00,2188.93,2189.24,2187.69,2189.12,66.453235
2026-04-10 03:00:00,2189.24,2192.59,2187.52,2191.09,227.112067
2026-04-10 03:05:00,2191.06,2191.28,2187.22,2188.92,155.69607
2026-04-10 03:10:00,2188.91,2189.92,2186.89,2186.98,289.55669
2026-04-10 03:15:00,2187.08,2189.75,2186.31,2187.63,62.2684
2026-04-10 03:20:00,2187.69,2187.84,2184.5,2185.26,235.133424
2026-04-10 03:25:00,2185.27,2185.99,2183.2,2183.2,116.004354
2026-04-10 03:30:00,2183.2,2187.0,2182.61,2185.67,110.095131
2026-04-10 03:35:00,2185.67,2188.16,2185.49,2186.32,82.224722
2026-04-10 03:40:00,2186.31,2188.04,2186.18,2187.4,45.219909
2026-04-10 03:45:00,2187.25,2189.11,2186.0,2186.6,67.567905
2026-04-10 03:50:00,2186.6,2187.35,2185.26,2187.28,127.020947
2026-04-10 03:55:00,2187.27,2187.3,2185.04,2186.37,83.519921
2026-04-10 04:00:00,2186.37,2188.12,2186.05,2187.64,163.624304
2026-04-10 04:05:00,2187.64,2189.31,2186.75,2188.01,289.38661
2026-04-10 04:10:00,2188.02,2188.96,2187.65,2187.66,37.25425
2026-04-10 04:15:00,2187.65,2189.88,2187.01,2188.4,72.635276
2026-04-10 04:20:00,2188.45,2192.72,2188.45,2190.2,388.545848
2026-04-10 04:25:00,2190.19,2192.15,2189.82,2190.76,106.119013
2026-04-10 04:30:00,2190.76,2191.31,2188.97,2190.17,94.539364
2026-04-10 04:35:00,2190.3,2192.85,2189.65,2190.98,71.73946
2026-04-10 04:40:00,2190.99,2190.99,2189.88,2190.65,93.403073
2026-04-10 04:45:00,2190.73,2191.57,2189.92,2190.84,62.176275
2026-04-10 04:50:00,2190.84,2199.69,2189.39,2195.69,549.878042
2026-04-10 04:55:00,2195.69,2196.01,2194.04,2195.71,125.145934
2026-04-10 05:00:00,2195.89,2196.02,2193.48,2195.84,56.339112
2026-04-10 05:05:00,2195.9,2197.75,2192.41,2194.14,306.595157
2026-04-10 05:10:00,2194.14,2194.78,2192.29,2194.78,67.194232
2026-04-10 05:15:00,2194.81,2195.19,2193.55,2195.19,96.856434
2026-04-10 05:20:00,2195.26,2202.35,2195.1,2201.45,599.722173
2026-04-10 05:25:00,2201.45,2203.73,2201.45,2201.93,684.003068
2026-04-10 05:30:00,2201.92,2203.0,2199.64,2200.02,223.003717
2026-04-10 05:35:00,2200.01,2200.67,2199.16,2200.34,128.644178
2026-04-10 05:40:00,2200.34,2200.67,2198.0,2198.35,124.481543
2026-04-10 05:45:00,2198.35,2199.68,2198.08,2199.68,31.348988
2026-04-10 05:50:00,2199.68,2200.8,2196.96,2197.03,126.962722
2026-04-10 05:55:00,2197.02,2197.25,2195.63,2197.17,108.978869
2026-04-10 06:00:00,2197.01,2197.54,2195.64,2197.4,31.456646
2026-04-10 06:05:00,2197.5,2198.69,2195.63,2195.78,148.371649
2026-04-10 06:10:00,2195.77,2197.25,2195.29,2197.25,61.331272
2026-04-10 06:15:00,2197.34,2197.34,2190.54,2191.86,236.911512
2026-04-10 06:20:00,2191.9,2192.65,2190.67,2192.1,93.301402
2026-04-10 06:25:00,2192.09,2192.09,2190.15,2190.97,70.323942
2026-04-10 06:30:00,2190.97,2191.3,2189.4,2191.05,103.870625
2026-04-10 06:35:00,2191.12,2191.91,2187.43,2190.77,616.607816
2026-04-10 06:40:00,2190.6,2190.6,2187.82,2188.34,163.217962
2026-04-10 06:45:00,2188.34,2190.16,2186.68,2186.68,55.678517
2026-04-10 06:50:00,2186.68,2186.68,2184.51,2185.39,304.444658
2026-04-10 06:55:00,2185.39,2187.2,2184.22,2186.5,434.573885
2026-04-10 07:00:00,2186.49,2188.63,2186.15,2186.66,320.594759
2026-04-10 07:05:00,2186.65,2188.0,2185.85,2186.87,203.658823
2026-04-10 07:10:00,2186.99,2187.55,2184.3,2184.44,95.059448
2026-04-10 07:15:00,2184.33,2187.2,2184.05,2186.8,125.498645
2026-04-10 07:20:00,2186.79,2188.58,2185.99,2187.67,232.750121
2026-04-10 07:25:00,2187.67,2187.88,2186.5,2187.46,95.448998
2026-04-10 07:30:00,2187.46,2188.67,2186.14,2187.33,384.890711
2026-04-10 07:35:00,2187.32,2187.7,2185.56,2185.57,107.448668
2026-04-10 07:40:00,2185.56,2185.9,2182.74,2183.86,132.12972
2026-04-10 07:45:00,2183.86,2184.7,2182.51,2182.99,303.390621
2026-04-10 07:50:00,2182.99,2184.04,2176.31,2177.24,1599.637397
2026-04-10 07:55:00,2177.24,2180.15,2176.89,2179.78,616.996206
2026-04-10 08:00:00,2179.77,2180.0,2177.36,2178.19,339.672681
2026-04-10 08:05:00,2178.08,2181.93,2177.66,2181.51,413.629782
2026-04-10 08:10:00,2181.51,2183.73,2180.59,2181.45,529.065367
2026-04-10 08:15:00,2181.54,2183.53,2180.01,2183.53,258.370353
2026-04-10 08:20:00,2183.47,2184.87,2182.45,2184.48,188.44222
2026-04-10 08:25:00,2184.49,2186.46,2183.33,2184.12,382.208154
2026-04-10 08:30:00,2184.11,2186.02,2183.37,2184.81,284.59887
2026-04-10 08:35:00,2184.81,2190.34,2184.37,2189.89,594.660968
2026-04-10 08:40:00,2189.88,2189.88,2187.07,2187.07,527.430357
2026-04-10 08:45:00,2187.06,2187.06,2182.26,2183.06,209.962906
2026-04-10 08:50:00,2183.25,2185.87,2181.53,2185.49,350.727569
2026-04-10 08:55:00,2185.49,2186.68,2184.79,2185.96,52.985279
2026-04-10 09:00:00,2185.96,2189.08,2185.95,2188.57,220.401963
2026-04-10 09:05:00,2188.62,2189.99,2186.71,2187.19,425.809082
2026-04-10 09:10:00,2187.17,2188.61,2186.54,2188.51,47.332444
2026-04-10 09:15:00,2188.52,2197.13,2188.28,2195.3,609.327965
2026-04-10 09:20:00,2195.3,2198.1,2194.2,2194.4,919.069518
2026-04-10 09:25:00,2194.49,2194.99,2191.79,2194.18,502.331406
2026-04-10 09:30:00,2194.17,2194.58,2192.64,2193.97,111.012554
2026-04-10 09:35:00,2193.97,2195.33,2192.81,2193.91,192.871667
2026-04-10 09:40:00,2193.9,2194.09,2192.92,2193.71,67.122847
2026-04-10 09:45:00,2193.69,2193.69,2192.09,2193.42,75.238279
2026-04-10 09:50:00,2193.42,2196.08,2192.87,2195.81,62.350247
2026-04-10 09:55:00,2195.88,2196.95,2195.18,2196.22,124.295675
2026-04-10 10:00:00,2196.23,2196.27,2194.65,2195.27,48.983662
2026-04-10 10:05:00,2195.27,2195.48,2191.25,2193.38,83.823749
2026-04-10 10:10:00,2193.37,2194.08,2192.53,2193.72,62.232064
2026-04-10 10:15:00,2193.72,2194.41,2192.97,2194.4,59.437193
2026-04-10 10:20:00,2194.41,2194.41,2192.01,2192.23,61.0044
2026-04-10 10:25:00,2192.26,2194.16,2191.56,2191.61,63.074423
2026-04-10 10:30:00,2191.82,2193.01,2191.57,2192.7,47.950255
2026-04-10 10:35:00,2192.7,2193.08,2190.5,2192.95,105.144447
2026-04-10 10:40:00,2192.95,2195.05,2192.74,2193.7,250.34813
2026-04-10 10:45:00,2193.7,2195.51,2193.1,2195.11,186.806855
2026-04-10 10:50:00,2195.11,2197.75,2194.76,2197.44,232.584154
2026-04-10 10:55:00,2197.44,2198.48,2197.01,2197.35,190.831644
2026-04-10 11:00:00,2197.39,2202.34,2197.26,2201.37,566.00119
2026-04-10 11:05:00,2201.37,2211.56,2201.32,2210.54,829.855284
2026-04-10 11:10:00,2210.6,2212.98,2207.9,2210.98,380.632533
2026-04-10 11:15:00,2210.99,2216.16,2210.5,2213.24,800.287125
2026-04-10 11:20:00,2213.24,2215.68,2213.0,2215.27,518.624137
2026-04-10 11:25:00,2215.2,2217.99,2213.25,2217.28,389.529557
2026-04-10 11:30:00,2217.41,2219.1,2214.45,2215.36,587.663833
2026-04-10 11:35:00,2215.36,2221.61,2215.36,2220.8,1300.897661
2026-04-10 11:40:00,2220.9,2221.29,2216.84,2217.97,383.782997
2026-04-10 11:45:00,2217.96,2224.13,2216.61,2221.64,1389.545952
2026-04-10 11:50:00,2221.63,2222.76,2217.71,2218.6,861.874967
2026-04-10 11:55:00,2218.5,2219.55,2215.24,2215.56,213.342499
2026-04-10 12:00:00,2215.57,2220.03,2215.57,2220.0,276.751479
2026-04-10 12:05:00,2220.0,2221.3,2216.73,2217.47,304.646768
2026-04-10 12:10:00,2217.47,2218.0,2215.81,2216.59,370.29562
2026-04-10 12:15:00,2216.8,2219.59,2215.1,2218.3,480.135519
2026-04-10 12:20:00,2218.29,2221.54,2212.61,2215.79,447.929118
2026-04-10 12:25:00,2215.8,2220.96,2210.3,2216.67,1223.846864
2026-04-10 12:30:00,2216.61,2223.85,2207.93,2220.04,2712.05887
2026-04-10 12:35:00,2220.04,2220.45,2215.86,2220.45,486.599577
2026-04-10 12:40:00,2220.39,2228.74,2220.34,2224.74,1264.821669
2026-04-10 12:45:00,2224.79,2225.99,2222.22,2225.99,176.322063
2026-04-10 12:50:00,2225.98,2226.29,2218.33,2218.53,331.526009
2026-04-10 12:55:00,2218.54,2220.46,2217.64,2218.73,165.48347
2026-04-10 13:00:00,2218.83,2219.19,2216.33,2217.29,142.837145
2026-04-10 13:05:00,2217.29,2219.94,2216.0,2218.95,368.365373
2026-04-10 13:10:00,2219.0,2220.75,2218.53,2218.75,77.098101
2026-04-10 13:15:00,2218.75,2219.03,2216.03,2217.79,178.234191
2026-04-10 13:20:00,2217.79,2221.54,2217.27,2220.15,133.774531
2026-04-10 13:25:00,2220.15,2221.67,2218.89,2219.93,188.95396
2026-04-10 13:30:00,2219.94,2223.43,2212.68,2213.74,696.784943
2026-04-10 13:35:00,2213.74,2215.08,2208.44,2209.53,492.831455
2026-04-10 13:40:00,2209.37,2215.64,2208.56,2215.64,410.73975
2026-04-10 13:45:00,2215.64,2224.18,2213.72,2222.51,439.899967
2026-04-10 13:50:00,2222.5,2222.89,2216.01,2222.79,240.545207
2026-04-10 13:55:00,2222.8,2225.38,2221.74,2223.14,396.15708
2026-04-10 14:00:00,2222.83,2225.71,2219.74,2222.51,752.472282
2026-04-10 14:05:00,2222.53,2228.92,2222.53,2223.63,619.535479
2026-04-10 14:10:00,2223.49,2234.94,2222.01,2234.14,1654.995466
2026-04-10 14:15:00,2234.14,2246.11,2234.14,2241.0,3302.884912
2026-04-10 14:20:00,2241.01,2250.5,2241.01,2250.5,1880.162009
2026-04-10 14:25:00,2250.41,2253.0,2243.04,2244.71,943.816807
2026-04-10 14:30:00,2244.65,2250.51,2244.65,2249.7,784.796569
2026-04-10 14:35:00,2249.71,2253.0,2245.39,2247.07,887.741527
2026-04-10 14:40:00,2247.01,2247.65,2236.3,2239.49,1412.685489
2026-04-10 14:45:00,2239.49,2242.4,2236.52,2237.12,497.417026
2026-04-10 14:50:00,2236.95,2247.49,2236.95,2242.58,426.915823
2026-04-10 14:55:00,2242.6,2243.1,2237.91,2242.4,1443.799369
2026-04-10 15:00:00,2242.39,2245.28,2240.37,2240.59,296.804265
2026-04-10 15:05:00,2240.8,2248.71,2238.81,2247.46,302.367861
2026-04-10 15:10:00,2247.46,2249.2,2243.92,2244.52,355.025768
2026-04-10 15:15:00,2244.52,2245.73,2241.27,2244.84,290.3653
2026-04-10 15:20:00,2244.8,2257.99,2243.43,2254.23,1380.393939
2026-04-10 15:25:00,2254.23,2254.48,2236.74,2237.3,1493.761836
2026-04-10 15:30:00,2237.24,2240.22,2234.61,2234.91,664.393375
2026-04-10 15:35:00,2234.93,2235.5,2230.77,2233.73,1227.912926
2026-04-10 15:40:00,2233.77,2233.77,2228.18,2232.58,1001.168441
2026-04-10 15:45:00,2232.53,2232.99,2225.85,2227.47,859.057344
2026-04-10 15:50:00,2227.48,2230.0,2223.84,2224.2,530.009107
2026-04-10 15:55:00,2224.02,2226.63,2220.0,2224.45,758.799548
2026-04-10 16:00:00,2224.48,2227.48,2220.14,2226.15,616.213051
2026-04-10 16:05:00,2226.14,2228.52,2225.03,2227.28,296.740399
2026-04-10 16:10:00,2227.34,2232.55,2227.34,2231.43,284.263497
2026-04-10 16:15:00,2231.32,2242.04,2230.36,2239.89,1286.054866
2026-04-10 16:20:00,2239.9,2244.44,2233.4,2241.38,1519.882135
2026-04-10 16:25:00,2241.38,2241.5,2238.36,2241.49,231.667572
2026-04-10 16:30:00,2241.49,2242.0,2235.44,2240.94,686.679375
2026-04-10 16:35:00,2240.94,2241.65,2237.57,2237.93,227.077912
2026-04-10 16:40:00,2237.91,2238.09,2235.01,2236.95,189.833696
2026-04-10 16:45:00,2236.95,2241.64,2236.95,2239.36,262.912076
2026-04-10 16:50:00,2239.31,2244.98,2238.9,2241.99,435.698018
2026-04-10 16:55:00,2241.9,2247.58,2241.53,2245.54,560.73074
2026-04-10 17:00:00,2245.54,2247.69,2242.68,2243.04,325.602349
2026-04-10 17:05:00,2243.05,2245.58,2242.11,2244.03,622.255855
2026-04-10 17:10:00,2243.89,2244.29,2240.11,2242.41,193.414985
2026-04-10 17:15:00,2242.42,2245.74,2240.53,2243.46,323.75552
2026-04-10 17:20:00,2243.45,2245.86,2241.79,2244.33,255.14436
2026-04-10 17:25:00,2244.34,2247.32,2243.26,2244.43,253.650497
2026-04-10 17:30:00,2244.53,2244.53,2241.57,2241.9,393.502023
2026-04-10 17:35:00,2241.89,2243.06,2239.23,2242.27,273.41253
2026-04-10 17:40:00,2242.27,2242.66,2239.27,2242.38,180.609779
2026-04-10 17:45:00,2242.38,2245.5,2242.01,2244.22,424.413226
2026-04-10 17:50:00,2244.21,2249.35,2243.83,2247.21,536.759014
2026-04-10 17:55:00,2247.18,2249.19,2246.96,2248.5,265.398773
2026-04-10 18:00:00,2248.49,2249.04,2240.4,2240.99,486.119106
2026-04-10 18:05:00,2240.99,2244.83,2238.93,2244.51,601.618683
2026-04-10 18:10:00,2244.49,2248.23,2243.98,2248.23,354.683556
2026-04-10 18:15:00,2248.23,2252.13,2243.93,2246.11,829.085387
2026-04-10 18:20:00,2246.05,2248.57,2245.61,2245.61,264.251579
2026-04-10 18:25:00,2245.55,2249.51,2243.32,2247.9,413.202251
2026-04-10 18:30:00,2247.91,2249.54,2246.22,2246.22,329.201332
2026-04-10 18:35:00,2246.18,2247.29,2243.98,2245.45,346.583025
2026-04-10 18:40:00,2245.45,2246.42,2243.52,2245.31,386.96604
2026-04-10 18:45:00,2245.3,2246.84,2244.72,2245.5,273.913102
2026-04-10 18:50:00,2245.5,2248.49,2245.27,2248.34,320.992286
2026-04-10 18:55:00,2248.35,2250.16,2247.47,2249.1,585.58838
2026-04-10 19:00:00,2249.1,2250.33,2248.2,2248.84,327.896326
2026-04-10 19:05:00,2248.84,2251.99,2248.69,2249.32,670.188998
2026-04-10 19:10:00,2249.32,2255.71,2249.32,2254.15,562.35501
2026-04-10 19:15:00,2254.15,2254.4,2251.14,2252.91,425.662974
2026-04-10 19:20:00,2252.92,2253.2,2247.79,2249.25,592.350107
2026-04-10 19:25:00,2249.26,2249.28,2247.71,2247.81,120.439368
2026-04-10 19:30:00,2247.8,2247.8,2244.33,2246.42,261.188956
2026-04-10 19:35:00,2246.51,2246.6,2244.22,2245.49,167.990862
2026-04-10 19:40:00,2245.5,2245.65,2243.39,2244.87,119.00005
2026-04-10 19:45:00,2244.88,2246.82,2243.91,2246.82,379.99389
2026-04-10 19:50:00,2246.82,2251.74,2246.67,2250.36,374.492699
2026-04-10 19:55:00,2250.35,2254.59,2249.84,2252.93,324.88661
2026-04-10 20:00:00,2252.91,2254.57,2251.55,2254.01,465.536253
2026-04-10 20:05:00,2254.02,2255.37,2251.4,2255.34,470.688612
2026-04-10 20:10:00,2255.34,2255.34,2251.75,2253.56,186.719598
2026-04-10 20:15:00,2253.55,2255.33,2251.75,2254.78,317.926536
2026-04-10 20:20:00,2254.79,2254.93,2251.06,2251.49,354.581648
2026-04-10 20:25:00,2251.54,2253.34,2251.33,2252.58,86.141117
2026-04-10 20:30:00,2252.59,2256.77,2250.46,2251.6,598.463643
2026-04-10 20:35:00,2251.6,2252.72,2242.91,2243.59,459.834813
2026-04-10 20:40:00,2243.6,2247.95,2243.29,2247.76,237.462495
2026-04-10 20:45:00,2247.73,2249.84,2244.57,2249.01,180.577159
2026-04-10 20:50:00,2249.01,2250.42,2248.03,2250.0,193.170072
2026-04-10 20:55:00,2250.0,2257.5,2250.0,2255.32,776.843949
2026-04-10 21:00:00,2255.32,2255.93,2254.4,2255.69,204.3494
2026-04-10 21:05:00,2255.68,2255.68,2246.25,2248.8,537.03734
2026-04-10 21:10:00,2248.81,2248.81,2244.76,2246.1,248.314239
2026-04-10 21:15:00,2246.09,2246.59,2244.91,2246.52,115.468308
2026-04-10 21:20:00,2246.52,2250.26,2245.9,2248.68,317.463065
2026-04-10 21:25:00,2248.69,2248.69,2247.23,2247.23,79.537653
2026-04-10 21:30:00,2247.23,2247.23,2245.85,2246.44,38.470946
2026-04-10 21:35:00,2246.44,2249.6,2246.44,2247.73,88.642513
2026-04-10 21:40:00,2247.99,2251.13,2242.47,2249.53,663.127403
2026-04-10 21:45:00,2249.53,2250.96,2247.46,2249.96,148.659059
2026-04-10 21:50:00,2249.96,2254.0,2249.69,2253.0,198.320443
2026-04-10 21:55:00,2253.0,2255.5,2252.87,2254.8,106.07371
2026-04-10 22:00:00,2254.87,2255.32,2251.0,2254.24,213.440731
2026-04-10 22:05:00,2254.23,2255.37,2252.06,2252.12,61.613063
2026-04-10 22:10:00,2252.06,2253.46,2252.06,2252.71,78.590211
2026-04-10 22:15:00,2252.71,2253.88,2249.55,2250.3,292.620493
2026-04-10 22:20:00,2250.3,2250.36,2247.0,2247.56,467.127991
2026-04-10 22:25:00,2247.56,2248.32,2246.73,2247.6,176.363456
2026-04-10 22:30:00,2247.6,2247.6,2246.18,2246.26,124.995858
2026-04-10 22:35:00,2246.26,2247.02,2235.24,2239.3,1301.106702
2026-04-10 22:40:00,2239.47,2241.17,2236.24,2240.94,246.13369
2026-04-10 22:45:00,2240.95,2242.54,2240.82,2241.61,207.442244
2026-04-10 22:50:00,2241.68,2243.19,2241.66,2242.19,63.482353
2026-04-10 22:55:00,2242.25,2242.99,2242.0,2242.31,92.023898
2026-04-10 23:00:00,2242.31,2242.31,2239.8,2240.86,124.029617
2026-04-10 23:05:00,2240.93,2242.91,2240.59,2240.85,139.734392
2026-04-10 23:10:00,2240.85,2242.14,2239.09,2241.78,139.607585
2026-04-10 23:15:00,2241.77,2242.21,2240.27,2240.69,127.878269
2026-04-10 23:20:00,2240.69,2244.6,2240.69,2242.19,156.249954
2026-04-10 23:25:00,2242.18,2243.49,2242.16,2243.26,14.992287
2026-04-10 23:30:00,2243.25,2243.25,2241.19,2242.5,63.628573
2026-04-10 23:35:00,2242.56,2243.99,2242.16,2242.6,179.575101
2026-04-10 23:40:00,2242.59,2244.15,2242.04,2243.66,126.903338
2026-04-10 23:45:00,2243.66,2245.25,2243.34,2245.2,76.101387
2026-04-10 23:50:00,2245.2,2245.75,2243.32,2243.32,104.796512
2026-04-10 23:55:00,2243.32,2245.25,2243.32,2245.25,326.117043
2026-04-11 00:00:00,2245.26,2245.26,2240.21,2240.21,249.861676
2026-04-11 00:05:00,2240.16,2242.3,2239.49,2241.4,138.864402
2026-04-11 00:10:00,2241.37,2243.1,2241.19,2241.81,82.783389
2026-04-11 00:15:00,2241.81,2242.55,2241.02,2241.43,49.542128
2026-04-11 00:20:00,2241.43,2242.33,2238.4,2240.18,175.048266
2026-04-11 00:25:00,2240.15,2240.57,2239.06,2239.5,106.985797
2026-04-11 00:30:00,2239.5,2239.5,2236.52,2236.88,157.061561
2026-04-11 00:35:00,2236.89,2239.85,2236.64,2239.84,91.007183
2026-04-11 00:40:00,2239.85,2240.39,2237.41,2237.41,124.159463
2026-04-11 00:45:00,2237.41,2238.29,2235.9,2238.22,35.500863
2026-04-11 00:50:00,2238.29,2239.8,2237.62,2238.95,122.881678
2026-04-11 00:55:00,2238.95,2239.21,2238.39,2238.96,26.719835
2026-04-11 01:00:00,2238.97,2239.7,2236.6,2237.03,140.392462
2026-04-11 01:05:00,2237.01,2241.35,2237.01,2240.82,64.505153
2026-04-11 01:10:00,2240.92,2240.92,2238.62,2238.88,32.949369
2026-04-11 01:15:00,2238.88,2238.89,2234.5,2236.77,370.247883
2026-04-11 01:20:00,2236.78,2236.78,2235.31,2236.24,126.01629
2026-04-11 01:25:00,2236.23,2239.47,2235.94,2239.05,111.256745
2026-04-11 01:30:00,2239.04,2243.57,2238.5,2242.66,133.476693
2026-04-11 01:35:00,2242.63,2242.64,2240.11,2240.95,63.945679
2026-04-11 01:40:00,2240.95,2242.0,2240.41,2241.51,23.486153
2026-04-11 01:45:00,2241.51,2246.01,2241.51,2245.66,190.436138
2026-04-11 01:50:00,2245.65,2246.49,2244.22,2244.67,87.175361
2026-04-11 01:55:00,2244.66,2245.28,2243.38,2244.43,118.97671
2026-04-11 02:00:00,2244.44,2245.21,2242.15,2243.23,97.154963
2026-04-11 02:05:00,2243.22,2247.18,2242.71,2244.64,198.44964
2026-04-11 02:10:00,2244.64,2245.73,2244.2,2244.81,86.609132
2026-04-11 02:15:00,2244.81,2248.55,2244.8,2248.1,90.707818
2026-04-11 02:20:00,2247.98,2248.05,2246.91,2246.91,29.271458
2026-04-11 02:25:00,2246.9,2249.59,2246.89,2249.37,39.012022
2026-04-11 02:30:00,2249.37,2252.24,2247.92,2248.65,429.062798
2026-04-11 02:35:00,2248.64,2248.64,2246.66,2248.05,79.164981
2026-04-11 02:40:00,2248.25,2248.65,2246.53,2246.88,169.163601
2026-04-11 02:45:00,2246.88,2246.88,2245.25,2245.25,126.03101
2026-04-11 02:50:00,2245.25,2246.99,2245.25,2245.9,382.735111
2026-04-11 02:55:00,2245.91,2248.27,2245.91,2248.27,28.431775
2026-04-11 03:00:00,2248.28,2249.59,2247.31,2247.77,169.553606
2026-04-11 03:05:00,2247.77,2247.77,2246.71,2247.73,90.863988
2026-04-11 03:10:00,2247.72,2250.86,2247.72,2249.89,374.887894
2026-04-11 03:15:00,2249.88,2250.01,2248.69,2249.02,72.24395
2026-04-11 03:20:00,2249.02,2249.69,2247.97,2247.97,116.780821
2026-04-11 03:25:00,2247.96,2248.23,2247.21,2247.66,63.485259
2026-04-11 03:30:00,2247.66,2248.24,2245.77,2245.77,88.728979
2026-04-11 03:35:00,2245.67,2245.67,2244.35,2244.85,92.764891
2026-04-11 03:40:00,2244.77,2247.59,2244.18,2245.11,80.228062
2026-04-11 03:45:00,2245.11,2245.64,2243.7,2245.24,211.159167
2026-04-11 03:50:00,2245.24,2245.25,2241.79,2242.44,168.38032
2026-04-11 03:55:00,2242.44,2242.44,2235.66,2237.31,985.173309
2026-04-11 04:00:00,2237.31,2239.68,2235.62,2239.28,253.436548
2026-04-11 04:05:00,2239.28,2243.05,2239.28,2240.67,145.773841
2026-04-11 04:10:00,2240.63,2241.25,2238.5,2238.5,109.910094
2026-04-11 04:15:00,2238.4,2240.0,2236.33,2238.89,104.284837
2026-04-11 04:20:00,2238.8,2239.64,2238.48,2239.15,31.663931
2026-04-11 04:25:00,2239.15,2240.24,2237.41,2239.2,124.196103
2026-04-11 04:30:00,2239.21,2242.05,2239.21,2240.79,44.866272
2026-04-11 04:35:00,2240.79,2241.5,2239.5,2240.77,31.583583
2026-04-11 04:40:00,2240.77,2241.15,2239.46,2240.55,76.536374
2026-04-11 04:45:00,2240.54,2241.17,2239.5,2240.96,21.048823
2026-04-11 04:50:00,2240.99,2242.04,2240.49,2241.32,43.332926
2026-04-11 04:55:00,2241.33,2241.48,2240.81,2241.1,21.693435
2026-04-11 05:00:00,2241.1,2241.95,2239.53,2239.58,83.946922
2026-04-11 05:05:00,2239.63,2240.4,2237.06,2237.27,80.613208
2026-04-11 05:10:00,2237.35,2237.86,2230.09,2231.14,710.943053
2026-04-11 05:15:00,2231.18,2234.54,2228.53,2233.22,224.704632
2026-04-11 05:20:00,2233.21,2234.59,2233.21,2234.18,91.367107
2026-04-11 05:25:00,2234.19,2235.68,2233.45,2235.68,56.850551
2026-04-11 05:30:00,2235.7,2237.24,2235.18,2235.18,140.509695
2026-04-11 05:35:00,2235.18,2235.59,2234.04,2235.45,65.74404
2026-04-11 05:40:00,2235.44,2236.46,2235.2,2235.2,45.17011
2026-04-11 05:45:00,2235.16,2235.33,2233.93,2233.94,79.722065
2026-04-11 05:50:00,2233.94,2235.5,2233.67,2235.45,109.478857
2026-04-11 05:55:00,2235.5,2235.58,2232.9,2232.94,35.721011
2026-04-11 06:00:00,2232.93,2232.93,2229.65,2232.21,108.964596
2026-04-11 06:05:00,2232.36,2233.58,2230.66,2231.35,84.688115
2026-04-11 06:10:00,2231.35,2234.26,2231.35,2231.92,74.197276
2026-04-11 06:15:00,2232.06,2233.8,2232.06,2232.9,23.934704
2026-04-11 06:20:00,2232.96,2234.9,2232.44,2233.03,153.757991
2026-04-11 06:25:00,2233.03,2233.39,2229.89,2231.89,316.364012
2026-04-11 06:30:00,2231.89,2233.69,2231.88,2232.14,42.75083
2026-04-11 06:35:00,2232.14,2234.69,2232.14,2234.01,26.096768
2026-04-11 06:40:00,2234.01,2234.4,2233.51,2234.11,55.189373
2026-04-11 06:45:00,2234.11,2235.59,2233.13,2235.58,212.678176
2026-04-11 06:50:00,2235.58,2236.81,2235.24,2236.24,66.651043
2026-04-11 06:55:00,2236.23,2236.73,2235.61,2235.99,61.945258
2026-04-11 07:00:00,2236.0,2236.23,2234.85,2235.45,46.103093
2026-04-11 07:05:00,2235.35,2235.35,2234.15,2234.59,67.504524
2026-04-11 07:10:00,2234.6,2234.6,2233.16,2234.33,85.227604
2026-04-11 07:15:00,2234.32,2234.92,2234.0,2234.14,36.521446
2026-04-11 07:20:00,2234.01,2236.34,2234.01,2236.34,44.483432
2026-04-11 07:25:00,2236.34,2236.84,2235.45,2235.55,40.657182
2026-04-11 07:30:00,2235.55,2235.55,2234.55,2235.22,208.636394
2026-04-11 07:35:00,2235.23,2235.23,2233.46,2234.54,274.218833
2026-04-11 07:40:00,2234.54,2234.54,2232.12,2232.32,214.720843
2026-04-11 07:45:00,2232.33,2232.33,2230.85,2231.13,282.959406
2026-04-11 07:50:00,2231.14,2231.78,2230.75,2231.59,284.473438
2026-04-11 07:55:00,2231.59,2232.7,2231.59,2232.7,200.472247
2026-04-11 08:00:00,2232.8,2233.23,2232.2,2232.93,126.421015
2026-04-11 08:05:00,2232.93,2233.56,2232.61,2233.49,204.066525
2026-04-11 08:10:00,2233.5,2235.0,2233.5,2234.19,205.769623
2026-04-11 08:15:00,2234.19,2234.2,2233.58,2233.59,35.073548
2026-04-11 08:20:00,2233.61,2235.7,2233.6,2233.61,362.823318
2026-04-11 08:25:00,2233.89,2234.75,2233.82,2233.83,46.051517
2026-04-11 08:30:00,2233.83,2235.22,2233.83,2233.87,273.936767
2026-04-11 08:35:00,2233.84,2233.84,2233.0,2233.63,84.925269
2026-04-11 08:40:00,2233.74,2234.09,2232.0,2233.74,82.728709
2026-04-11 08:45:00,2233.74,2234.95,2233.74,2234.58,607.798951
2026-04-11 08:50:00,2234.57,2234.58,2232.36,2233.47,180.711647
2026-04-11 08:55:00,2233.36,2233.7,2232.62,2232.62,96.268742
2026-04-11 09:00:00,2232.61,2233.36,2232.01,2233.12,180.13264
2026-04-11 09:05:00,2233.11,2233.15,2232.19,2233.15,151.216763
2026-04-11 09:10:00,2233.15,2235.0,2233.11,2235.0,182.669983
2026-04-11 09:15:00,2235.0,2248.3,2235.0,2244.95,1638.788206
2026-04-11 09:20:00,2244.9,2249.0,2244.18,2245.92,382.392712
2026-04-11 09:25:00,2245.92,2246.75,2245.3,2245.59,88.950348
2026-04-11 09:30:00,2245.59,2245.59,2240.69,2241.11,115.318447
2026-04-11 09:35:00,2241.1,2244.98,2240.51,2244.07,111.121726
2026-04-11 09:40:00,2244.05,2245.4,2242.09,2242.5,162.629546
2026-04-11 09:45:00,2242.5,2244.54,2242.5,2242.83,62.755305
2026-04-11 09:50:00,2242.6,2243.74,2242.17,2242.54,63.881813
2026-04-11 09:55:00,2242.57,2244.01,2242.57,2243.72,163.412762
2026-04-11 10:00:00,2243.72,2245.22,2242.43,2242.82,138.901595
2026-04-11 10:05:00,2242.82,2243.42,2242.06,2243.24,118.522836
2026-04-11 10:10:00,2243.23,2243.23,2238.25,2239.83,210.326544
2026-04-11 10:15:00,2239.82,2240.72,2237.66,2240.28,304.994164
2026-04-11 10:20:00,2240.28,2241.52,2240.28,2241.49,52.009382
2026-04-11 10:25:00,2241.49,2242.11,2241.35,2241.36,21.908211
2026-04-11 10:30:00,2241.36,2241.94,2241.17,2241.5,20.422692
2026-04-11 10:35:00,2241.5,2241.94,2239.59,2240.4,202.261485
2026-04-11 10:40:00,2240.4,2240.4,2238.57,2238.96,57.991379
2026-04-11 10:45:00,2239.05,2239.07,2238.21,2239.06,31.342626
2026-04-11 10:50:00,2239.07,2240.74,2239.06,2240.74,234.301622
2026-04-11 10:55:00,2240.73,2240.94,2239.91,2240.25,44.488047
2026-04-11 11:00:00,2240.25,2240.74,2239.3,2240.74,36.249733
2026-04-11 11:05:00,2240.74,2242.49,2240.74,2241.59,161.935886
2026-04-11 11:10:00,2241.59,2241.6,2240.1,2240.54,56.653371
2026-04-11 11:15:00,2240.54,2241.0,2238.6,2239.17,79.530703
2026-04-11 11:20:00,2239.17,2241.37,2239.06,2241.21,59.021764
2026-04-11 11:25:00,2241.2,2241.2,2239.1,2239.17,86.929605
2026-04-11 11:30:00,2239.17,2240.2,2238.85,2239.49,36.669479
2026-04-11 11:35:00,2239.49,2240.93,2239.49,2240.79,39.749117
2026-04-11 11:40:00,2240.79,2243.33,2240.27,2242.95,38.173376
2026-04-11 11:45:00,2242.95,2245.12,2241.95,2243.82,251.060748
2026-04-11 11:50:00,2243.82,2246.79,2243.82,2246.74,125.785519
2026-04-11 11:55:00,2246.75,2246.75,2245.31,2246.07,69.741785
2026-04-11 12:00:00,2246.08,2246.37,2244.34,2244.59,59.354662
2026-04-11 12:05:00,2244.6,2245.86,2244.45,2244.52,55.55739
2026-04-11 12:10:00,2244.52,2245.0,2243.46,2244.42,61.275676
2026-04-11 12:15:00,2244.43,2245.0,2243.6,2243.66,67.16812
2026-04-11 12:20:00,2243.66,2243.95,2241.24,2241.42,68.30694
2026-04-11 12:25:00,2241.43,2242.8,2241.14,2242.56,37.481371
2026-04-11 12:30:00,2242.56,2245.49,2242.15,2245.49,50.916638
2026-04-11 12:35:00,2245.49,2246.74,2243.77,2244.06,73.137496
2026-04-11 12:40:00,2243.95,2245.35,2243.95,2245.35,50.215505
2026-04-11 12:45:00,2245.35,2246.4,2244.8,2245.68,148.319435
2026-04-11 12:50:00,2245.68,2246.2,2245.1,2245.25,78.455819
2026-04-11 12:55:00,2245.25,2245.31,2244.5,2245.3,79.994964
2026-04-11 13:00:00,2245.3,2245.31,2241.25,2241.89,116.982973
2026-04-11 13:05:00,2241.83,2242.71,2239.5,2239.82,279.954267
2026-04-11 13:10:00,2239.82,2239.82,2232.29,2235.8,610.877799
2026-04-11 13:15:00,2235.81,2242.1,2234.31,2241.32,511.566657
2026-04-11 13:20:00,2241.32,2241.8,2238.79,2238.79,302.082246
2026-04-11 13:25:00,2238.79,2240.59,2237.57,2237.57,99.606701
2026-04-11 13:30:00,2237.57,2239.3,2236.69,2237.05,68.528401
2026-04-11 13:35:00,2237.06,2239.46,2237.06,2239.05,45.541581
2026-04-11 13:40:00,2239.04,2241.58,2238.85,2240.01,58.670856
2026-04-11 13:45:00,2240.01,2241.05,2239.4,2240.96,37.05402
2026-04-11 13:50:00,2241.02,2241.45,2239.8,2240.59,46.474719
2026-04-11 13:55:00,2240.59,2241.36,2239.64,2239.64,52.071991
2026-04-11 14:00:00,2239.66,2241.18,2238.28,2240.03,54.48257
2026-04-11 14:05:00,2240.02,2243.45,2238.89,2243.43,119.79926
2026-04-11 14:10:00,2243.42,2243.96,2241.69,2242.0,45.226686
2026-04-11 14:15:00,2242.01,2243.29,2241.16,2242.35,159.058484
2026-04-11 14:20:00,2242.35,2243.34,2241.57,2242.7,49.2504
2026-04-11 14:25:00,2242.7,2242.83,2240.31,2241.02,135.211334
2026-04-11 14:30:00,2241.02,2241.19,2238.8,2240.72,32.79823
2026-04-11 14:35:00,2240.72,2242.14,2239.83,2239.86,35.233373
2026-04-11 14:40:00,2239.86,2240.0,2238.44,2239.91,67.64175
2026-04-11 14:45:00,2239.91,2241.01,2239.46,2240.17,26.341413
2026-04-11 14:50:00,2240.08,2242.7,2240.08,2242.07,62.377658
2026-04-11 14:55:00,2242.07,2242.56,2241.69,2241.97,65.582342
2026-04-11 15:00:00,2241.97,2243.52,2241.21,2242.37,64.280085
2026-04-11 15:05:00,2242.37,2242.94,2241.7,2241.81,95.02051
2026-04-11 15:10:00,2241.81,2243.89,2241.81,2243.8,87.864385
2026-04-11 15:15:00,2243.8,2256.15,2243.24,2249.99,972.062199
2026-04-11 15:20:00,2249.99,2250.6,2247.47,2247.47,123.960928
2026-04-11 15:25:00,2247.43,2249.15,2246.41,2248.15,126.815145
2026-04-11 15:30:00,2248.14,2249.87,2247.41,2248.24,466.818215
2026-04-11 15:35:00,2248.24,2249.19,2247.78,2248.6,155.873942
2026-04-11 15:40:00,2248.6,2248.6,2245.82,2246.45,415.952024
2026-04-11 15:45:00,2246.45,2248.53,2246.23,2246.23,140.759121
2026-04-11 15:50:00,2246.22,2248.52,2245.25,2248.43,159.327554
2026-04-11 15:55:00,2248.43,2250.17,2248.11,2249.46,215.547904
2026-04-11 16:00:00,2249.46,2250.0,2247.09,2248.67,377.74546
2026-04-11 16:05:00,2248.73,2249.47,2246.92,2248.04,147.726575
2026-04-11 16:10:00,2248.0,2249.4,2247.36,2249.32,99.337335
2026-04-11 16:15:00,2249.31,2250.85,2248.4,2248.72,196.799926
2026-04-11 16:20:00,2248.72,2248.72,2246.42,2247.06,168.690576
2026-04-11 16:25:00,2247.06,2247.98,2246.72,2247.51,74.703604
2026-04-11 16:30:00,2247.52,2248.6,2246.96,2246.96,55.955613
2026-04-11 16:35:00,2246.74,2252.59,2246.74,2251.1,370.462386
2026-04-11 16:40:00,2251.4,2274.26,2251.4,2263.41,4284.815093
2026-04-11 16:45:00,2263.41,2265.0,2260.0,2263.17,598.860579
2026-04-11 16:50:00,2263.09,2263.99,2258.62,2259.34,308.180714
2026-04-11 16:55:00,2259.34,2260.97,2258.7,2258.82,243.281687
2026-04-11 17:00:00,2258.83,2261.19,2258.51,2259.65,166.562233
2026-04-11 17:05:00,2259.49,2259.49,2256.62,2256.66,187.422289
2026-04-11 17:10:00,2256.65,2259.63,2255.99,2256.47,158.783946
2026-04-11 17:15:00,2256.47,2256.47,2253.66,2255.2,279.764951
2026-04-11 17:20:00,2255.19,2260.15,2253.73,2259.28,213.635911
2026-04-11 17:25:00,2259.28,2259.4,2257.37,2258.28,60.20099
2026-04-11 17:30:00,2258.34,2264.75,2258.34,2264.75,732.320926
2026-04-11 17:35:00,2264.75,2265.26,2262.2,2262.77,459.688707
2026-04-11 17:40:00,2262.87,2262.92,2261.11,2262.17,85.693012
2026-04-11 17:45:00,2262.16,2263.78,2258.32,2260.1,246.421083
2026-04-11 17:50:00,2260.09,2261.07,2259.53,2259.53,176.261341
2026-04-11 17:55:00,2259.53,2260.1,2258.94,2259.77,80.704463
2026-04-11 18:00:00,2259.8,2260.25,2257.29,2257.55,121.982365
2026-04-11 18:05:00,2257.55,2260.56,2257.0,2260.56,80.216855
2026-04-11 18:10:00,2260.54,2260.89,2259.04,2260.7,35.129975
2026-04-11 18:15:00,2260.78,2262.89,2260.74,2262.89,67.172185
2026-04-11 18:20:00,2262.89,2264.98,2262.25,2262.97,148.98055
2026-04-11 18:25:00,2262.97,2263.98,2262.45,2262.79,35.922941
2026-04-11 18:30:00,2262.82,2277.39,2262.82,2274.54,1975.476309
2026-04-11 18:35:00,2274.53,2312.6,2274.53,2300.96,10868.483296
2026-04-11 18:40:00,2300.96,2301.42,2293.35,2295.55,508.983297
2026-04-11 18:45:00,2295.75,2308.91,2295.16,2304.91,957.412263
2026-04-11 18:50:00,2304.91,2306.4,2301.0,2301.4,293.729483
2026-04-11 18:55:00,2301.4,2305.43,2301.27,2305.31,368.634075
2026-04-11 19:00:00,2305.31,2312.0,2305.15,2308.82,1191.025128
2026-04-11 19:05:00,2308.83,2327.85,2308.83,2318.69,4427.882923
2026-04-11 19:10:00,2318.78,2319.8,2312.64,2314.24,754.334961
2026-04-11 19:15:00,2314.24,2320.43,2313.17,2314.39,741.311161
2026-04-11 19:20:00,2314.39,2314.39,2310.0,2311.81,555.561676
2026-04-11 19:25:00,2311.8,2322.85,2311.79,2320.96,1077.53496
2026-04-11 19:30:00,2320.97,2330.34,2319.68,2321.58,2190.939977
2026-04-11 19:35:00,2321.58,2321.58,2317.51,2318.75,243.982223
2026-04-11 19:40:00,2318.74,2320.48,2317.92,2318.91,228.605633
2026-04-11 19:45:00,2318.9,2318.9,2313.72,2315.56,287.127178
2026-04-11 19:50:00,2315.56,2317.28,2312.28,2313.96,240.845122
2026-04-11 19:55:00,2313.97,2315.97,2313.0,2315.97,168.468061
2026-04-11 20:00:00,2315.98,2317.07,2308.31,2308.5,413.412483
2026-04-11 20:05:00,2308.37,2311.9,2306.63,2309.61,402.815562
2026-04-11 20:10:00,2309.6,2309.61,2305.09,2306.98,294.076337
2026-04-11 20:15:00,2306.98,2311.12,2305.51,2306.44,252.3636
2026-04-11 20:20:00,2306.33,2306.33,2301.95,2302.2,472.458471
2026-04-11 20:25:00,2302.16,2305.48,2302.16,2303.06,349.099672
2026-04-11 20:30:00,2303.03,2303.23,2288.9,2290.26,977.330073
2026-04-11 20:35:00,2290.25,2296.58,2288.35,2292.85,328.441632
2026-04-11 20:40:00,2292.62,2297.1,2292.54,2295.76,122.206657
2026-04-11 20:45:00,2295.59,2301.24,2294.49,2300.88,181.223403
2026-04-11 20:50:00,2300.88,2302.99,2300.01,2301.0,224.734852
2026-04-11 20:55:00,2300.6,2300.6,2296.78,2298.31,87.671945
2026-04-11 21:00:00,2298.3,2300.08,2292.38,2298.17,289.352603
2026-04-11 21:05:00,2298.33,2301.47,2297.66,2301.47,74.371148
2026-04-11 21:10:00,2301.47,2304.48,2301.33,2303.24,764.255689
2026-04-11 21:15:00,2303.23,2303.38,2300.2,2300.69,107.186854
2026-04-11 21:20:00,2300.7,2301.71,2297.87,2299.13,343.124336
2026-04-11 21:25:00,2299.13,2299.95,2298.15,2298.39,169.06018
2026-04-11 21:30:00,2298.47,2302.47,2296.16,2300.0,126.528024
2026-04-11 21:35:00,2300.0,2301.8,2298.46,2299.76,156.559094
2026-04-11 21:40:00,2299.77,2300.59,2297.76,2297.9,365.81694
2026-04-11 21:45:00,2298.03,2302.1,2298.03,2298.53,99.67672
2026-04-11 21:50:00,2298.77,2303.9,2298.77,2302.35,169.382709
2026-04-11 21:55:00,2302.35,2302.35,2298.99,2299.43,33.481611
2026-04-11 22:00:00,2299.43,2301.3,2296.71,2301.3,116.857413
2026-04-11 22:05:00,2301.3,2304.58,2301.21,2303.64,112.533848
2026-04-11 22:10:00,2303.65,2305.19,2302.83,2303.65,61.594359
2026-04-11 22:15:00,2303.64,2308.2,2303.32,2305.91,298.575747
2026-04-11 22:20:00,2305.91,2306.95,2304.52,2306.58,193.524154
2026-04-11 22:25:00,2306.58,2307.02,2302.26,2305.86,141.604803
2026-04-11 22:30:00,2306.12,2306.33,2300.44,2301.49,238.464662
2026-04-11 22:35:00,2301.5,2302.57,2288.84,2291.91,929.702163
2026-04-11 22:40:00,2291.89,2297.49,2291.89,2296.84,146.49118
2026-04-11 22:45:00,2296.85,2297.5,2296.37,2296.96,113.35284
2026-04-11 22:50:00,2296.95,2296.96,2292.23,2293.11,252.145617
2026-04-11 22:55:00,2293.11,2297.44,2292.62,2297.04,132.371518
2026-04-11 23:00:00,2297.04,2297.04,2283.87,2286.02,1061.937753
2026-04-11 23:05:00,2286.01,2287.17,2277.54,2279.43,1180.318681
2026-04-11 23:10:00,2279.56,2284.64,2276.69,2284.15,519.206626
2026-04-11 23:15:00,2284.15,2287.14,2283.59,2286.67,120.646545
2026-04-11 23:20:00,2286.71,2288.79,2286.13,2288.79,57.163597
2026-04-11 23:25:00,2288.8,2289.62,2287.32,2287.4,153.343168
2026-04-11 23:30:00,2287.37,2288.83,2285.88,2288.83,109.444816
2026-04-11 23:35:00,2288.91,2289.66,2288.04,2288.58,128.114261
2026-04-11 23:40:00,2288.57,2288.57,2284.56,2284.65,102.575819
2026-04-11 23:45:00,2284.65,2287.5,2284.22,2285.36,81.974363
2026-04-11 23:50:00,2285.38,2285.45,2283.86,2284.05,52.916407
2026-04-11 23:55:00,2284.06,2286.12,2284.05,2285.05,84.064226
2026-04-12 00:00:00,2285.09,2285.09,2277.77,2279.81,490.451748
2026-04-12 00:05:00,2279.82,2285.5,2279.82,2282.77,307.783423
2026-04-12 00:10:00,2282.74,2290.0,2282.63,2284.26,766.156681
2026-04-12 00:15:00,2284.25,2286.79,2282.61,2284.99,374.436988
2026-04-12 00:20:00,2285.0,2286.87,2284.09,2285.17,144.589521
2026-04-12 00:25:00,2285.18,2285.59,2283.15,2284.57,131.608653
2026-04-12 00:30:00,2284.23,2284.47,2283.22,2284.31,53.008663
2026-04-12 00:35:00,2284.3,2286.49,2281.57,2281.57,251.718688
2026-04-12 00:40:00,2281.57,2281.72,2279.51,2280.6,177.660326
2026-04-12 00:45:00,2280.85,2283.08,2280.85,2282.04,97.501023
2026-04-12 00:50:00,2282.03,2285.78,2281.41,2284.08,82.518967
2026-04-12 00:55:00,2284.13,2285.93,2283.35,2285.84,46.897831
2026-04-12 01:00:00,2285.77,2288.6,2285.0,2285.25,192.101128
2026-04-12 01:05:00,2285.07,2285.07,2279.78,2284.44,565.448008
2026-04-12 01:10:00,2284.43,2286.22,2283.47,2284.41,79.099682
2026-04-12 01:15:00,2284.41,2285.59,2283.65,2285.59,53.216091
2026-04-12 01:20:00,2285.58,2286.6,2284.52,2284.52,49.570362
2026-04-12 01:25:00,2284.48,2285.27,2282.63,2283.72,134.295543
2026-04-12 01:30:00,2283.73,2283.73,2266.42,2266.42,1347.600049
2026-04-12 01:35:00,2266.41,2266.41,2240.64,2250.54,4474.695836
2026-04-12 01:40:00,2250.41,2250.62,2217.14,2227.51,3491.943699
2026-04-12 01:45:00,2227.4,2227.9,2210.24,2212.95,3678.760551
2026-04-12 01:50:00,2212.95,2223.26,2208.78,2223.01,1956.24704
2026-04-12 01:55:00,2223.01,2223.2,2213.36,2219.28,2122.339678
2026-04-12 02:00:00,2219.34,2222.96,2208.97,2208.98,1629.719332
2026-04-12 02:05:00,2208.98,2218.68,2207.27,2218.68,1128.301544
2026-04-12 02:10:00,2218.67,2230.35,2217.76,2225.53,1249.42241
2026-04-12 02:15:00,2225.53,2234.73,2225.53,2228.05,1094.104022
2026-04-12 02:20:00,2227.96,2228.22,2222.15,2224.85,639.837205
2026-04-12 02:25:00,2224.85,2226.2,2218.33,2224.3,905.527494
2026-04-12 02:30:00,2224.3,2228.91,2224.09,2227.91,341.132022
2026-04-12 02:35:00,2227.9,2228.38,2225.19,2225.19,145.210272
2026-04-12 02:40:00,2225.14,2227.71,2224.81,2226.38,310.600827
2026-04-12 02:45:00,2226.37,2226.91,2223.07,2225.83,371.323168
2026-04-12 02:50:00,2225.85,2226.82,2223.55,2224.5,189.503894
2026-04-12 02:55:00,2224.46,2226.16,2223.73,2223.73,131.065795
2026-04-12 03:00:00,2223.73,2227.4,2223.11,2224.83,375.219877
2026-04-12 03:05:00,2224.84,2225.27,2220.16,2221.24,278.053462
2026-04-12 03:10:00,2221.24,2223.0,2217.82,2222.62,256.349895
2026-04-12 03:15:00,2222.32,2223.88,2220.73,2220.73,171.548527
2026-04-12 03:20:00,2220.65,2221.45,2218.01,2218.8,332.429881
2026-04-12 03:25:00,2218.81,2220.32,2218.7,2219.84,139.7112
2026-04-12 03:30:00,2219.83,2222.3,2214.55,2219.81,700.993135
2026-04-12 03:35:00,2219.89,2221.55,2213.01,2215.63,673.096148
2026-04-12 03:40:00,2215.61,2217.68,2215.18,2216.8,161.715098
2026-04-12 03:45:00,2216.79,2216.79,2214.23,2214.97,293.766361
2026-04-12 03:50:00,2215.0,2217.68,2215.0,2217.54,149.50391
2026-04-12 03:55:00,2217.53,2217.65,2213.1,2214.18,302.920631
2026-04-12 04:00:00,2214.18,2216.59,2212.85,2214.96,395.262936
2026-04-12 04:05:00,2214.95,2216.41,2213.15,2213.54,241.843842
2026-04-12 04:10:00,2213.61,2215.32,2212.17,2215.26,377.786211
2026-04-12 04:15:00,2215.25,2216.72,2210.0,2212.31,677.018286
2026-04-12 04:20:00,2212.21,2215.19,2211.66,2213.0,174.903521
2026-04-12 04:25:00,2213.09,2214.19,2212.09,2212.74,128.339158
2026-04-12 04:30:00,2212.74,2214.19,2211.41,2213.97,125.230597
2026-04-12 04:35:00,2213.93,2213.93,2212.0,2213.03,74.212311
2026-04-12 04:40:00,2213.03,2214.0,2212.3,2213.4,323.734576
2026-04-12 04:45:00,2213.31,2214.05,2212.09,2213.21,119.048475
2026-04-12 04:50:00,2213.09,2215.67,2210.64,2212.09,955.636299
2026-04-12 04:55:00,2212.32,2213.04,2211.7,2212.34,218.855946
2026-04-12 05:00:00,2212.35,2213.69,2208.75,2211.19,716.870426
2026-04-12 05:05:00,2211.35,2214.13,2211.06,2213.79,263.29435
2026-04-12 05:10:00,2213.82,2213.82,2212.0,2212.0,121.324498
2026-04-12 05:15:00,2212.01,2212.98,2210.04,2211.5,189.215661
2026-04-12 05:20:00,2211.5,2216.62,2211.43,2216.41,197.442886
2026-04-12 05:25:00,2216.21,2219.24,2216.01,2218.82,136.471997
2026-04-12 05:30:00,2218.94,2220.08,2216.6,2216.61,433.568671
2026-04-12 05:35:00,2216.6,2216.6,2214.49,2216.34,197.69903
2026-04-12 05:40:00,2216.35,2216.35,2215.1,2215.69,235.733653
2026-04-12 05:45:00,2215.68,2217.97,2215.28,2217.97,38.032434
2026-04-12 05:50:00,2218.0,2219.33,2217.11,2217.99,137.441614
2026-04-12 05:55:00,2218.23,2218.99,2217.21,2217.38,171.061272
2026-04-12 06:00:00,2217.38,2219.3,2217.11,2218.87,242.45441
2026-04-12 06:05:00,2218.85,2220.42,2218.85,2220.06,158.308739
2026-04-12 06:10:00,2220.05,2221.05,2218.9,2220.7,287.866009
2026-04-12 06:15:00,2220.88,2220.88,2218.15,2219.03,130.860179
2026-04-12 06:20:00,2219.03,2219.83,2217.49,2219.41,209.305725
2026-04-12 06:25:00,2219.46,2221.05,2219.01,2219.7,116.298406
2026-04-12 06:30:00,2219.6,2219.6,2216.48,2216.72,179.918022
2026-04-12 06:35:00,2216.73,2217.2,2215.2,2215.21,175.153822
2026-04-12 06:40:00,2215.21,2215.9,2215.09,2215.51,97.345283
2026-04-12 06:45:00,2215.52,2216.51,2215.0,2215.93,119.835838
2026-04-12 06:50:00,2215.93,2217.26,2215.71,2216.5,152.363135
2026-04-12 06:55:00,2216.51,2217.2,2215.93,2216.35,63.206651
2026-04-12 07:00:00,2216.35,2216.35,2213.42,2213.61,231.134516
2026-04-12 07:05:00,2213.62,2215.5,2212.85,2215.06,119.339193
2026-04-12 07:10:00,2215.06,2216.83,2214.2,2214.2,124.295768
2026-04-12 07:15:00,2214.15,2214.16,2213.13,2213.74,50.858243
2026-04-12 07:20:00,2213.88,2215.62,2213.87,2214.53,33.444456
2026-04-12 07:25:00,2214.52,2215.01,2213.89,2215.0,32.486873
2026-04-12 07:30:00,2215.0,2216.14,2214.91,2216.1,35.85961
2026-04-12 07:35:00,2216.1,2218.81,2215.9,2218.81,185.024304
2026-04-12 07:40:00,2218.82,2219.49,2218.48,2219.12,240.675475
2026-04-12 07:45:00,2219.12,2220.16,2218.28,2218.9,331.773133
2026-04-12 07:50:00,2218.9,2220.94,2218.9,2220.36,195.998282
2026-04-12 07:55:00,2220.43,2220.88,2218.49,2218.49,254.062423
2026-04-12 08:00:00,2218.48,2218.99,2216.25,2216.9,358.453721
2026-04-12 08:05:00,2216.89,2218.5,2216.05,2216.34,149.52543
2026-04-12 08:10:00,2216.52,2216.87,2215.45,2216.33,29.831117
2026-04-12 08:15:00,2216.34,2216.88,2216.28,2216.28,25.294488
2026-04-12 08:20:00,2216.27,2218.0,2216.0,2218.0,74.97017
2026-04-12 08:25:00,2218.0,2218.98,2217.97,2218.98,174.79814
2026-04-12 08:30:00,2218.97,2219.22,2217.97,2217.98,44.284956
2026-04-12 08:35:00,2217.98,2218.67,2217.15,2218.15,190.387277
2026-04-12 08:40:00,2218.15,2219.3,2218.0,2218.23,65.477745
2026-04-12 08:45:00,2218.23,2218.23,2214.03,2214.67,376.531554
2026-04-12 08:50:00,2214.66,2215.24,2212.13,2213.29,221.475493
2026-04-12 08:55:00,2213.28,2214.44,2213.02,2214.37,46.444257
2026-04-12 09:00:00,2214.36,2214.61,2212.53,2212.93,110.727255
2026-04-12 09:05:00,2212.75,2213.4,2211.6,2212.88,238.32302
2026-04-12 09:10:00,2212.87,2215.12,2212.87,2214.97,216.199376
2026-04-12 09:15:00,2214.96,2215.49,2214.4,2214.97,168.670195
2026-04-12 09:20:00,2214.97,2216.29,2214.51,2216.29,49.224394
2026-04-12 09:25:00,2216.29,2216.43,2214.7,2214.7,52.8054
2026-04-12 09:30:00,2214.69,2215.88,2214.47,2215.88,37.757608
2026-04-12 09:35:00,2215.98,2215.98,2214.48,2215.77,84.119048
2026-04-12 09:40:00,2215.79,2215.97,2213.05,2213.92,140.837433
2026-04-12 09:45:00,2213.92,2214.54,2212.35,2213.37,162.385173
2026-04-12 09:50:00,2213.38,2215.5,2213.38,2214.82,84.602925
2026-04-12 09:55:00,2214.96,2215.06,2214.45,2214.45,35.952813
2026-04-12 10:00:00,2214.46,2214.7,2213.96,2214.12,464.463198
2026-04-12 10:05:00,2214.12,2217.59,2214.12,2217.38,731.831531
2026-04-12 10:10:00,2217.38,2217.38,2214.8,2214.92,267.955357
2026-04-12 10:15:00,2214.92,2216.0,2214.92,2215.62,104.565777
2026-04-12 10:20:00,2215.65,2216.65,2215.64,2216.29,176.24509
2026-04-12 10:25:00,2216.29,2216.29,2214.74,2215.0,42.242115
2026-04-12 10:30:00,2215.01,2215.13,2214.01,2214.01,167.897682
2026-04-12 10:35:00,2214.03,2214.95,2212.96,2213.74,927.337386
2026-04-12 10:40:00,2213.74,2214.08,2212.85,2213.41,212.059297
2026-04-12 10:45:00,2213.42,2213.6,2210.1,2211.2,937.1117
2026-04-12 10:50:00,2211.21,2211.87,2193.7,2197.36,5727.22223
2026-04-12 10:55:00,2197.35,2203.22,2194.34,2201.73,2505.273645
2026-04-12 11:00:00,2201.8,2203.63,2198.7,2198.8,497.127125
2026-04-12 11:05:00,2198.79,2201.51,2197.34,2199.96,395.491687
2026-04-12 11:10:00,2200.04,2207.44,2199.9,2205.56,694.404876
2026-04-12 11:15:00,2205.56,2206.26,2204.05,2204.73,107.444649
2026-04-12 11:20:00,2204.83,2205.67,2203.55,2203.56,161.976069
2026-04-12 11:25:00,2203.55,2206.1,2203.55,2206.1,73.073399
2026-04-12 11:30:00,2206.19,2206.39,2203.58,2203.69,78.384951
2026-04-12 11:35:00,2203.68,2204.53,2202.99,2204.36,80.284608
2026-04-12 11:40:00,2204.36,2205.79,2204.01,2204.28,95.805319
2026-04-12 11:45:00,2204.27,2205.26,2203.26,2204.01,139.936047
2026-04-12 11:50:00,2204.0,2205.0,2203.7,2204.85,57.357606
2026-04-12 11:55:00,2204.85,2205.04,2204.51,2204.51,22.435502
2026-04-12 12:00:00,2204.51,2204.51,2200.66,2201.98,414.286969
2026-04-12 12:05:00,2201.98,2202.49,2200.28,2202.49,343.654791
2026-04-12 12:10:00,2202.55,2204.35,2201.37,2202.99,83.254608
2026-04-12 12:15:00,2202.98,2203.94,2202.48,2203.94,57.815319
2026-04-12 12:20:00,2203.94,2205.27,2203.42,2204.55,80.753739
2026-04-12 12:25:00,2204.55,2205.0,2204.29,2204.85,104.644786
2026-04-12 12:30:00,2204.84,2205.28,2199.76,2201.96,402.671204
2026-04-12 12:35:00,2201.95,2206.94,2201.61,2206.37,154.501668
2026-04-12 12:40:00,2206.25,2208.23,2205.65,2207.01,181.018299
2026-04-12 12:45:00,2207.01,2207.53,2205.55,2205.63,82.848076
2026-04-12 12:50:00,2205.62,2206.49,2188.0,2197.25,3065.8488
2026-04-12 12:55:00,2197.34,2199.89,2193.6,2195.0,5614.705405
2026-04-12 13:00:00,2195.0,2196.01,2187.36,2194.11,3629.804862
2026-04-12 13:05:00,2194.11,2199.34,2193.57,2197.24,1074.621206
2026-04-12 13:10:00,2197.25,2197.29,2191.51,2191.98,471.075086
2026-04-12 13:15:00,2191.98,2197.2,2191.98,2194.81,707.632632
2026-04-12 13:20:00,2194.81,2197.03,2194.23,2196.24,201.008841
2026-04-12 13:25:00,2196.3,2197.0,2195.09,2195.26,643.301712
2026-04-12 13:30:00,2195.25,2195.25,2189.01,2195.06,673.193133
2026-04-12 13:35:00,2195.2,2196.58,2189.41,2191.05,626.911542
2026-04-12 13:40:00,2191.04,2192.1,2188.0,2190.76,340.514592
2026-04-12 13:45:00,2190.75,2191.34,2185.5,2190.61,1124.607939
2026-04-12 13:50:00,2190.5,2190.79,2185.0,2187.0,772.906172
2026-04-12 13:55:00,2186.99,2189.38,2185.0,2187.05,801.854065
2026-04-12 14:00:00,2187.07,2189.63,2185.1,2188.51,288.488436
2026-04-12 14:05:00,2188.51,2192.58,2187.78,2191.52,289.327314
2026-04-12 14:10:00,2191.51,2191.51,2188.3,2189.11,176.99447
2026-04-12 14:15:00,2189.25,2191.83,2189.25,2191.18,165.927401
2026-04-12 14:20:00,2191.19,2193.71,2189.6,2193.52,508.729199
2026-04-12 14:25:00,2193.53,2193.55,2191.15,2192.68,244.709402
2026-04-12 14:30:00,2192.68,2192.79,2188.05,2189.48,696.020628
2026-04-12 14:35:00,2189.47,2190.85,2185.62,2185.65,354.570922
2026-04-12 14:40:00,2185.64,2188.23,2178.39,2183.6,3285.207761
2026-04-12 14:45:00,2183.65,2184.64,2180.1,2180.11,649.409543
2026-04-12 14:50:00,2180.1,2183.81,2178.86,2179.34,509.1209
2026-04-12 14:55:00,2179.33,2184.28,2178.86,2180.61,1061.392366
2026-04-12 15:00:00,2180.7,2182.9,2180.59,2181.84,240.048449
2026-04-12 15:05:00,2181.83,2181.83,2179.81,2180.63,92.513455
2026-04-12 15:10:00,2180.62,2184.46,2180.16,2184.46,193.581466
2026-04-12 15:15:00,2184.42,2184.62,2179.09,2181.29,521.890542
2026-04-12 15:20:00,2181.3,2182.95,2180.48,2182.17,242.845979
2026-04-12 15:25:00,2182.27,2183.09,2181.32,2181.36,138.829387
2026-04-12 15:30:00,2181.31,2182.64,2175.0,2182.14,1271.928758
2026-04-12 15:35:00,2182.15,2183.94,2181.48,2183.0,253.976843
2026-04-12 15:40:00,2183.0,2184.5,2182.4,2183.35,186.708114
2026-04-12 15:45:00,2183.35,2184.59,2180.62,2184.07,346.896786
2026-04-12 15:50:00,2184.07,2188.95,2184.05,2187.42,685.548439
2026-04-12 15:55:00,2187.42,2187.42,2185.4,2186.65,150.238166
2026-04-12 16:00:00,2186.65,2190.33,2185.05,2188.8,846.385341
2026-04-12 16:05:00,2188.81,2188.81,2184.7,2184.78,228.527073
2026-04-12 16:10:00,2184.83,2188.4,2184.83,2188.18,252.364456
2026-04-12 16:15:00,2188.18,2188.18,2185.78,2185.78,149.210552
2026-04-12 16:20:00,2185.79,2187.17,2183.1,2187.09,313.857342
2026-04-12 16:25:00,2187.09,2187.35,2185.97,2186.79,35.581681
2026-04-12 16:30:00,2186.79,2187.39,2186.64,2186.83,246.340841
2026-04-12 16:35:00,2186.91,2186.91,2184.44,2184.7,390.70678
2026-04-12 16:40:00,2184.69,2186.12,2183.82,2185.79,398.33658
2026-04-12 16:45:00,2185.8,2186.7,2184.38,2185.39,110.447941
2026-04-12 16:50:00,2185.4,2187.29,2185.4,2186.0,303.708701
2026-04-12 16:55:00,2186.09,2187.49,2185.37,2187.49,57.067999
2026-04-12 17:00:00,2187.5,2191.85,2187.5,2190.35,363.65264
2026-04-12 17:05:00,2190.4,2191.12,2189.48,2190.02,176.35407
2026-04-12 17:10:00,2190.0,2190.0,2187.57,2187.57,76.992033
2026-04-12 17:15:00,2187.58,2190.52,2187.58,2190.52,69.675922
2026-04-12 17:20:00,2190.51,2192.99,2190.51,2192.4,282.916236
2026-04-12 17:25:00,2192.41,2193.19,2191.3,2193.18,210.677388
2026-04-12 17:30:00,2193.19,2197.64,2193.19,2196.3,1212.449644
2026-04-12 17:35:00,2196.33,2196.92,2194.04,2195.55,224.008267
2026-04-12 17:40:00,2195.75,2195.83,2194.1,2195.33,168.39409
2026-04-12 17:45:00,2195.4,2196.39,2192.41,2196.27,338.349008
2026-04-12 17:50:00,2196.22,2205.42,2195.88,2203.34,1993.482645
2026-04-12 17:55:00,2203.34,2204.92,2201.89,2203.61,590.297039
2026-04-12 18:00:00,2203.62,2205.0,2201.5,2204.78,239.017058
2026-04-12 18:05:00,2204.57,2206.49,2201.61,2203.82,221.742096
2026-04-12 18:10:00,2203.81,2204.61,2202.66,2204.61,160.349272
2026-04-12 18:15:00,2204.6,2207.57,2201.68,2201.68,400.076714
2026-04-12 18:20:00,2201.61,2202.5,2200.47,2201.37,189.351163
2026-04-12 18:25:00,2201.38,2201.38,2200.58,2200.89,49.580381
2026-04-12 18:30:00,2200.89,2203.72,2200.89,2202.21,142.13008
2026-04-12 18:35:00,2202.21,2206.8,2202.2,2206.67,278.978285
2026-04-12 18:40:00,2206.67,2206.67,2202.81,2203.03,74.59587
2026-04-12 18:45:00,2203.03,2203.34,2200.9,2200.9,147.602389
2026-04-12 18:50:00,2200.9,2201.79,2200.83,2201.08,64.045669
2026-04-12 18:55:00,2201.08,2201.42,2199.61,2200.48,262.18479
2026-04-12 19:00:00,2200.48,2201.44,2200.47,2201.31,80.030768
2026-04-12 19:05:00,2201.31,2202.97,2201.07,2202.06,95.602138
2026-04-12 19:10:00,2202.33,2205.31,2202.33,2202.67,143.390623
2026-04-12 19:15:00,2202.67,2203.39,2201.71,2202.66,59.149324
2026-04-12 19:20:00,2202.66,2204.4,2202.66,2204.16,45.62749
2026-04-12 19:25:00,2204.16,2204.75,2203.56,2204.75,34.827803
2026-04-12 19:30:00,2204.75,2205.19,2203.92,2205.09,64.891628
2026-04-12 19:35:00,2205.09,2205.18,2200.21,2201.97,60.469007
2026-04-12 19:40:00,2201.97,2202.1,2201.11,2201.35,36.126963
2026-04-12 19:45:00,2201.34,2201.81,2199.0,2199.82,171.854339
2026-04-12 19:50:00,2199.72,2199.8,2197.5,2199.79,139.187648
2026-04-12 19:55:00,2199.79,2199.79,2197.83,2198.36,83.03004
2026-04-12 20:00:00,2198.37,2199.78,2198.09,2199.19,71.917174
2026-04-12 20:05:00,2199.37,2199.37,2194.79,2195.18,405.558202
2026-04-12 20:10:00,2195.16,2196.48,2194.21,2195.84,152.808366
2026-04-12 20:15:00,2195.84,2196.2,2193.66,2196.2,118.544636
2026-04-12 20:20:00,2196.2,2197.8,2195.98,2197.36,99.63574
2026-04-12 20:25:00,2197.36,2198.2,2197.16,2197.57,14.759375
2026-04-12 20:30:00,2197.57,2201.49,2197.46,2200.55,105.269078
2026-04-12 20:35:00,2200.56,2203.53,2200.56,2202.81,447.806238
2026-04-12 20:40:00,2202.81,2217.94,2202.81,2212.72,1950.18038
2026-04-12 20:45:00,2212.73,2215.84,2207.47,2207.65,546.524854
2026-04-12 20:50:00,2207.65,2211.75,2207.65,2209.83,153.771109
2026-04-12 20:55:00,2209.84,2214.1,2208.8,2213.54,229.064391
2026-04-12 21:00:00,2213.55,2217.69,2213.38,2214.17,288.516406
2026-04-12 21:05:00,2214.16,2214.7,2210.77,2211.0,146.102514
2026-04-12 21:10:00,2211.0,2211.68,2206.0,2207.7,987.342884
2026-04-12 21:15:00,2207.92,2212.03,2207.92,2210.55,143.23494
2026-04-12 21:20:00,2210.54,2210.75,2209.42,2209.99,62.766599
2026-04-12 21:25:00,2209.92,2209.92,2207.98,2208.75,109.916182
2026-04-12 21:30:00,2208.76,2209.25,2204.87,2205.01,192.852235
2026-04-12 21:35:00,2205.2,2211.42,2205.0,2210.53,156.276321
2026-04-12 21:40:00,2210.54,2212.25,2210.09,2210.53,125.60774
2026-04-12 21:45:00,2210.53,2212.19,2207.34,2207.41,100.404101
2026-04-12 21:50:00,2207.58,2209.47,2206.89,2207.99,92.774434
2026-04-12 21:55:00,2207.98,2211.79,2206.84,2211.32,163.83291
2026-04-12 22:00:00,2211.18,2211.4,2187.12,2189.11,3244.878877
2026-04-12 22:05:00,2188.74,2198.75,2187.8,2195.83,1086.158374
2026-04-12 22:10:00,2195.74,2197.97,2190.73,2196.91,611.7271
2026-04-12 22:15:00,2196.7,2198.46,2187.09,2190.31,929.433371
2026-04-12 22:20:00,2190.32,2195.44,2189.89,2192.22,346.275032
2026-04-12 22:25:00,2192.21,2193.94,2183.33,2188.09,823.5778
2026-04-12 22:30:00,2188.25,2191.54,2183.79,2191.18,486.79554
2026-04-12 22:35:00,2191.1,2199.74,2190.62,2196.96,1023.585814
2026-04-12 22:40:00,2196.94,2201.55,2195.31,2196.8,381.668398
2026-04-12 22:45:00,2196.78,2199.2,2193.56,2193.56,117.620065
2026-04-12 22:50:00,2193.56,2198.9,2193.56,2197.22,98.274695
2026-04-12 22:55:00,2197.23,2200.51,2196.2,2199.33,175.737947
2026-04-12 23:00:00,2199.33,2199.41,2191.08,2193.1,341.034758
2026-04-12 23:05:00,2193.05,2194.3,2190.28,2192.27,123.599239
2026-04-12 23:10:00,2192.39,2193.81,2188.5,2189.0,260.000326
2026-04-12 23:15:00,2189.06,2192.47,2187.27,2192.08,370.807717
2026-04-12 23:20:00,2192.08,2192.08,2188.7,2189.26,184.270849
2026-04-12 23:25:00,2189.25,2193.28,2189.25,2191.75,71.520709
2026-04-12 23:30:00,2191.75,2191.75,2186.32,2187.56,269.08095
2026-04-12 23:35:00,2187.53,2190.22,2187.53,2188.85,355.674732
2026-04-12 23:40:00,2188.95,2191.42,2186.62,2190.69,267.743551
2026-04-12 23:45:00,2190.68,2191.26,2186.31,2186.68,86.235807
2026-04-12 23:50:00,2186.72,2193.93,2186.72,2191.32,221.837505
2026-04-12 23:55:00,2191.31,2193.82,2190.44,2191.21,171.743652
2026-04-13 00:00:00,2191.39,2191.66,2187.04,2190.94,290.295397
2026-04-13 00:05:00,2190.95,2195.89,2190.83,2195.5,249.382525
2026-04-13 00:10:00,2195.43,2196.5,2192.35,2195.96,387.986804
2026-04-13 00:15:00,2195.72,2197.39,2193.47,2194.94,101.8554
2026-04-13 00:20:00,2195.07,2198.19,2195.0,2198.18,304.868666
2026-04-13 00:25:00,2198.07,2205.0,2197.1,2200.21,1109.328739
2026-04-13 00:30:00,2200.16,2204.41,2199.31,2203.93,266.952028
2026-04-13 00:35:00,2203.76,2203.99,2200.05,2200.05,289.681303
2026-04-13 00:40:00,2200.0,2201.5,2196.9,2198.45,331.746336
2026-04-13 00:45:00,2198.54,2203.14,2197.65,2202.39,184.287318
2026-04-13 00:50:00,2202.39,2207.98,2201.34,2206.28,583.550253
2026-04-13 00:55:00,2206.27,2206.75,2204.0,2205.06,190.677601
2026-04-13 01:00:00,2205.08,2206.49,2203.39,2205.61,175.955602
2026-04-13 01:05:00,2205.6,2206.3,2203.0,2203.36,150.701447
2026-04-13 01:10:00,2203.35,2208.89,2203.01,2203.21,667.638971
2026-04-13 01:15:00,2203.19,2203.82,2201.6,2202.36,153.797072
2026-04-13 01:20:00,2202.37,2203.23,2201.08,2201.43,82.660411
2026-04-13 01:25:00,2201.4,2204.5,2201.3,2203.05,195.391292
2026-04-13 01:30:00,2203.15,2205.47,2200.38,2205.09,87.275444
2026-04-13 01:35:00,2205.01,2207.1,2203.63,2203.8,179.854567
2026-04-13 01:40:00,2203.82,2205.51,2202.33,2204.16,137.516947
2026-04-13 01:45:00,2204.01,2204.31,2202.68,2203.05,86.704516
2026-04-13 01:50:00,2203.0,2205.06,2202.23,2202.24,59.4239
2026-04-13 01:55:00,2202.26,2204.5,2201.9,2203.38,88.465615
2026-04-13 02:00:00,2203.39,2205.55,2202.24,2202.39,91.912556
2026-04-13 02:05:00,2202.39,2203.04,2200.39,2200.39,71.854949
2026-04-13 02:10:00,2200.38,2200.79,2192.64,2194.22,908.328501
2026-04-13 02:15:00,2194.23,2197.96,2194.23,2196.85,55.973792
2026-04-13 02:20:00,2196.86,2198.47,2196.75,2198.46,45.99848
2026-04-13 02:25:00,2198.47,2203.59,2198.47,2201.48,523.049476
2026-04-13 02:30:00,2201.48,2203.58,2199.32,2199.61,41.862424
2026-04-13 02:35:00,2199.58,2200.3,2193.54,2194.41,328.21464
2026-04-13 02:40:00,2194.41,2195.15,2193.51,2194.0,50.852743
2026-04-13 02:45:00,2194.0,2195.9,2193.34,2194.67,119.517075
2026-04-13 02:50:00,2194.85,2194.85,2192.54,2194.37,115.710603
2026-04-13 02:55:00,2194.37,2195.19,2193.67,2194.37,76.708889
2026-04-13 03:00:00,2194.37,2194.99,2190.96,2194.57,396.578
2026-04-13 03:05:00,2194.57,2194.57,2191.68,2192.08,61.894314
2026-04-13 03:10:00,2192.09,2193.4,2191.95,2192.62,74.160416
2026-04-13 03:15:00,2192.62,2195.88,2191.5,2195.03,263.648161
2026-04-13 03:20:00,2195.04,2195.59,2191.59,2192.45,78.550385
2026-04-13 03:25:00,2192.46,2195.09,2192.45,2193.47,92.999902
2026-04-13 03:30:00,2193.39,2194.97,2192.89,2194.02,79.540403
2026-04-13 03:35:00,2194.02,2194.9,2190.5,2192.62,69.666477
2026-04-13 03:40:00,2192.62,2193.86,2192.6,2193.83,57.834179
2026-04-13 03:45:00,2193.83,2193.83,2192.02,2193.02,73.63994
2026-04-13 03:50:00,2193.02,2194.52,2192.85,2194.03,52.998738
2026-04-13 03:55:00,2194.03,2194.98,2193.8,2194.25,27.474978
2026-04-13 04:00:00,2194.26,2195.69,2193.4,2194.33,62.719365
2026-04-13 04:05:00,2194.33,2194.33,2191.59,2192.61,36.546101
2026-04-13 04:10:00,2192.61,2193.09,2191.2,2193.08,70.630031
2026-04-13 04:15:00,2193.09,2193.85,2191.66,2193.0,47.348007
2026-04-13 04:20:00,2193.0,2194.06,2192.8,2193.08,36.531811
2026-04-13 04:25:00,2193.09,2195.67,2193.09,2195.0,91.019395
2026-04-13 04:30:00,2195.0,2198.42,2194.6,2197.97,328.399705
2026-04-13 04:35:00,2197.97,2198.3,2196.53,2198.3,78.637173
2026-04-13 04:40:00,2198.3,2199.36,2196.43,2196.43,184.506853
2026-04-13 04:45:00,2196.44,2196.44,2193.65,2193.95,140.198659
2026-04-13 04:50:00,2193.95,2193.96,2187.87,2190.53,552.175339
2026-04-13 04:55:00,2190.64,2192.66,2189.63,2190.19,175.08708
2026-04-13 05:00:00,2190.2,2190.92,2188.38,2189.71,195.371549
2026-04-13 05:05:00,2189.72,2190.5,2186.5,2186.62,137.6644
2026-04-13 05:10:00,2186.62,2188.97,2186.27,2187.42,236.764339
2026-04-13 05:15:00,2187.42,2188.69,2186.94,2187.07,33.801001
2026-04-13 05:20:00,2187.07,2189.15,2184.24,2188.82,371.8326
2026-04-13 05:25:00,2188.82,2189.18,2187.46,2188.68,37.65808
2026-04-13 05:30:00,2188.69,2188.98,2185.0,2186.73,125.552088
2026-04-13 05:35:00,2186.74,2187.68,2182.5,2184.41,354.080916
2026-04-13 05:40:00,2184.41,2186.99,2184.41,2185.28,122.906756
2026-04-13 05:45:00,2185.28,2189.98,2185.28,2187.66,283.937656
2026-04-13 05:50:00,2187.65,2189.43,2187.45,2189.21,55.986664
2026-04-13 05:55:00,2189.21,2191.7,2188.27,2191.54,471.279694
2026-04-13 06:00:00,2191.71,2194.98,2190.87,2194.98,411.158126
2026-04-13 06:05:00,2194.99,2196.24,2194.17,2194.83,290.43402
2026-04-13 06:10:00,2194.83,2195.37,2194.26,2195.31,36.612232
2026-04-13 06:15:00,2195.31,2198.73,2194.5,2197.92,275.335983
2026-04-13 06:20:00,2197.84,2199.5,2197.54,2198.99,273.718932
2026-04-13 06:25:00,2199.0,2199.51,2196.17,2196.58,91.467618
2026-04-13 06:30:00,2196.58,2196.75,2195.48,2196.22,79.698229
2026-04-13 06:35:00,2196.22,2197.66,2194.88,2197.65,121.219994
2026-04-13 06:40:00,2197.66,2199.81,2195.28,2199.51,378.540492
2026-04-13 06:45:00,2199.51,2201.61,2197.71,2198.72,452.49058
2026-04-13 06:50:00,2198.71,2199.8,2197.05,2197.56,90.758371
2026-04-13 06:55:00,2197.56,2199.77,2196.82,2198.36,322.956781
2026-04-13 07:00:00,2198.37,2200.0,2195.07,2197.93,216.572153
2026-04-13 07:05:00,2197.93,2197.93,2193.85,2193.87,51.930102
2026-04-13 07:10:00,2193.86,2194.99,2192.81,2192.95,178.073754
2026-04-13 07:15:00,2192.91,2192.91,2189.5,2189.92,357.634679
2026-04-13 07:20:00,2189.92,2189.92,2183.51,2183.76,1098.779691
2026-04-13 07:25:00,2183.75,2185.49,2183.5,2184.81,476.656244
2026-04-13 07:30:00,2184.8,2187.75,2184.8,2185.67,515.271792
2026-04-13 07:35:00,2185.66,2188.85,2184.7,2187.5,416.855037
2026-04-13 07:40:00,2187.5,2187.51,2185.8,2187.02,506.969287
2026-04-13 07:45:00,2187.02,2191.09,2185.46,2188.55,857.731415
2026-04-13 07:50:00,2188.55,2189.66,2187.78,2187.84,462.26187
2026-04-13 07:55:00,2187.83,2189.32,2187.0,2187.14,279.693018
2026-04-13 08:00:00,2187.15,2189.99,2184.5,2189.15,365.347063
2026-04-13 08:05:00,2189.26,2189.5,2185.1,2185.45,148.363157
2026-04-13 08:10:00,2185.45,2187.07,2183.34,2183.92,735.530417
2026-04-13 08:15:00,2183.82,2184.95,2182.0,2182.28,355.053309
2026-04-13 08:20:00,2182.28,2184.5,2182.0,2184.08,234.649114
2026-04-13 08:25:00,2184.19,2187.12,2184.19,2185.92,116.625221
2026-04-13 08:30:00,2185.93,2186.04,2183.87,2184.61,315.25695
2026-04-13 08:35:00,2184.6,2186.1,2183.04,2183.04,95.876053
2026-04-13 08:40:00,2183.0,2183.69,2179.8,2181.83,651.431223
2026-04-13 08:45:00,2181.94,2183.97,2180.59,2183.66,91.153154
2026-04-13 08:50:00,2183.66,2184.15,2181.33,2184.14,135.834095
2026-04-13 08:55:00,2184.15,2186.25,2184.06,2185.42,98.560376
2026-04-13 09:00:00,2185.43,2195.6,2185.43,2192.66,979.239638
2026-04-13 09:05:00,2192.65,2193.72,2188.79,2188.79,233.713342
2026-04-13 09:10:00,2188.79,2189.8,2188.25,2189.29,113.714436
2026-04-13 09:15:00,2189.28,2190.48,2188.0,2188.81,140.300164
2026-04-13 09:20:00,2188.86,2191.34,2188.86,2190.65,159.907583
2026-04-13 09:25:00,2190.73,2191.85,2190.0,2190.49,51.289969
2026-04-13 09:30:00,2190.49,2190.88,2188.74,2190.04,53.352411
2026-04-13 09:35:00,2190.05,2190.7,2188.23,2189.81,121.301215
2026-04-13 09:40:00,2189.82,2190.2,2188.72,2189.69,82.738542
2026-04-13 09:45:00,2189.69,2189.69,2188.51,2188.85,29.849236
2026-04-13 09:50:00,2188.85,2188.86,2187.5,2187.94,100.807778
2026-04-13 09:55:00,2187.99,2189.25,2187.86,2188.14,103.107194
2026-04-13 10:00:00,2188.15,2188.37,2186.5,2187.19,114.907261
2026-04-13 10:05:00,2187.08,2188.91,2186.5,2186.5,149.819909
2026-04-13 10:10:00,2186.5,2187.61,2185.5,2187.37,110.894086
2026-04-13 10:15:00,2187.37,2187.38,2183.14,2185.15,431.502478
2026-04-13 10:20:00,2185.16,2186.26,2183.49,2183.5,107.157926
2026-04-13 10:25:00,2183.76,2185.0,2182.34,2182.69,305.675167
2026-04-13 10:30:00,2182.7,2184.54,2181.5,2181.8,241.25052
2026-04-13 10:35:00,2181.8,2185.89,2179.31,2185.15,583.073377
2026-04-13 10:40:00,2185.18,2185.18,2182.62,2183.34,144.24409
2026-04-13 10:45:00,2183.33,2186.86,2182.8,2182.99,459.770662
2026-04-13 10:50:00,2182.99,2184.99,2181.51,2181.52,113.3624
2026-04-13 10:55:00,2181.75,2184.04,2181.75,2183.69,52.45977
2026-04-13 11:00:00,2183.82,2187.62,2182.63,2185.26,329.888367
2026-04-13 11:05:00,2185.27,2187.76,2185.27,2186.31,256.99789
2026-04-13 11:10:00,2186.3,2187.59,2185.8,2186.18,79.205675
2026-04-13 11:15:00,2186.19,2186.55,2184.65,2185.21,80.480809
2026-04-13 11:20:00,2185.21,2187.66,2185.17,2186.97,88.674791
2026-04-13 11:25:00,2186.97,2187.52,2186.12,2186.73,75.855048
2026-04-13 11:30:00,2186.74,2187.99,2186.23,2186.3,41.999553
2026-04-13 11:35:00,2186.24,2187.41,2185.0,2186.36,182.532988
2026-04-13 11:40:00,2186.36,2189.98,2185.76,2189.51,441.501625
2026-04-13 11:45:00,2189.5,2191.19,2188.42,2189.37,260.698651
2026-04-13 11:50:00,2189.4,2189.79,2188.41,2189.38,95.751101
2026-04-13 11:55:00,2189.37,2191.01,2187.4,2187.45,340.83379
2026-04-13 12:00:00,2187.46,2188.11,2184.14,2184.14,296.097368
2026-04-13 12:05:00,2184.04,2189.76,2183.67,2187.9,355.385297
2026-04-13 12:10:00,2187.91,2189.08,2186.68,2186.81,75.025546
2026-04-13 12:15:00,2186.8,2187.22,2185.01,2185.12,67.243664
2026-04-13 12:20:00,2185.1,2185.1,2182.8,2182.86,139.997171
2026-04-13 12:25:00,2182.87,2183.28,2180.5,2180.5,195.973912
2026-04-13 12:30:00,2180.51,2183.61,2178.3,2182.13,692.736652
2026-04-13 12:35:00,2181.93,2181.93,2178.3,2179.46,271.596127
2026-04-13 12:40:00,2179.32,2180.24,2175.3,2179.96,883.760087
2026-04-13 12:45:00,2179.96,2184.99,2179.96,2182.08,447.027894
2026-04-13 12:50:00,2182.17,2197.43,2182.17,2196.89,1861.47148
2026-04-13 12:55:00,2196.88,2198.87,2192.23,2192.6,899.469157
2026-04-13 13:00:00,2192.65,2198.59,2192.65,2197.32,575.695259
2026-04-13 13:05:00,2197.31,2198.0,2194.04,2194.5,187.413244
2026-04-13 13:10:00,2194.5,2200.39,2194.5,2200.21,786.14717
2026-04-13 13:15:00,2200.21,2200.39,2196.0,2198.37,451.189306
2026-04-13 13:20:00,2198.36,2198.5,2196.27,2198.5,276.133049
2026-04-13 13:25:00,2198.49,2201.89,2195.13,2196.71,859.180463
2026-04-13 13:30:00,2196.75,2198.5,2189.01,2192.73,930.250481
2026-04-13 13:35:00,2192.84,2192.84,2181.51,2184.17,1028.509814
2026-04-13 13:40:00,2184.19,2193.38,2182.7,2188.09,1001.347922
2026-04-13 13:45:00,2188.08,2213.0,2182.66,2211.91,3860.548079
2026-04-13 13:50:00,2211.9,2214.0,2195.89,2203.99,2992.71909
2026-04-13 13:55:00,2204.0,2215.38,2201.6,2215.26,1718.172902
2026-04-13 14:00:00,2215.25,2218.04,2203.11,2207.57,2206.162712
2026-04-13 14:05:00,2207.66,2210.5,2203.09,2204.65,736.839128
2026-04-13 14:10:00,2204.6,2209.66,2203.81,2208.0,355.975818
2026-04-13 14:15:00,2208.12,2212.41,2205.4,2208.15,452.065559
2026-04-13 14:20:00,2208.05,2211.8,2203.11,2211.08,516.58433
2026-04-13 14:25:00,2211.34,2212.9,2209.33,2211.47,225.74063
2026-04-13 14:30:00,2211.47,2220.49,2211.0,2218.4,1791.984611
2026-04-13 14:35:00,2218.39,2220.5,2216.27,2219.15,478.111619
2026-04-13 14:40:00,2219.26,2227.5,2216.65,2225.87,1998.647979
2026-04-13 14:45:00,2225.86,2229.75,2220.05,2220.4,1933.332999
2026-04-13 14:50:00,2220.39,2223.43,2218.49,2222.8,849.935522
2026-04-13 14:55:00,2222.8,2234.99,2221.24,2234.09,2410.542762
2026-04-13 15:00:00,2233.98,2236.36,2222.5,2223.89,2465.390569
2026-04-13 15:05:00,2223.9,2226.08,2216.1,2219.39,1629.36815
2026-04-13 15:10:00,2219.35,2221.53,2217.5,2220.01,353.2756
2026-04-13 15:15:00,2220.01,2220.9,2214.9,2217.16,636.337097
2026-04-13 15:20:00,2217.19,2219.5,2213.6,2213.88,344.502694
2026-04-13 15:25:00,2214.0,2215.67,2211.01,2213.44,809.868575
2026-04-13 15:30:00,2213.29,2213.29,2204.9,2205.96,1262.12286
2026-04-13 15:35:00,2205.96,2208.01,2199.55,2203.94,1635.829808
2026-04-13 15:40:00,2204.18,2207.99,2202.22,2206.5,348.254066
2026-04-13 15:45:00,2206.45,2207.85,2204.4,2204.79,189.202994
2026-04-13 15:50:00,2204.93,2207.29,2201.51,2205.33,447.225154
2026-04-13 15:55:00,2205.34,2209.99,2205.34,2209.46,962.333628
2026-04-13 16:00:00,2209.46,2212.76,2205.45,2206.63,976.007228
2026-04-13 16:05:00,2206.63,2215.03,2200.31,2214.3,1579.840567
2026-04-13 16:10:00,2214.59,2219.45,2213.32,2219.28,519.691772
2026-04-13 16:15:00,2219.39,2222.94,2215.36,2220.79,746.6019
2026-04-13 16:20:00,2220.81,2225.58,2219.47,2225.0,625.866617
2026-04-13 16:25:00,2225.0,2227.68,2221.52,2226.14,644.272466
2026-04-13 16:30:00,2226.33,2230.75,2224.2,2227.47,1198.115904
2026-04-13 16:35:00,2227.48,2233.86,2224.5,2227.86,1391.175023
2026-04-13 16:40:00,2227.79,2230.78,2223.65,2228.07,1157.79483
2026-04-13 16:45:00,2228.11,2234.66,2226.77,2227.03,1401.960383
2026-04-13 16:50:00,2227.36,2230.5,2222.06,2223.8,770.509834
2026-04-13 16:55:00,2223.99,2227.31,2223.5,2225.79,194.15152
2026-04-13 17:00:00,2225.8,2227.25,2223.09,2226.46,128.71463
2026-04-13 17:05:00,2226.18,2227.72,2223.01,2227.72,200.969866
2026-04-13 17:10:00,2227.76,2230.71,2225.83,2225.83,406.918312
2026-04-13 17:15:00,2225.81,2229.48,2224.88,2228.76,61.491576
2026-04-13 17:20:00,2228.84,2228.84,2224.5,2227.16,77.608296
2026-04-13 17:25:00,2227.17,2232.53,2227.17,2232.39,240.186479
2026-04-13 17:30:00,2232.53,2242.97,2232.53,2236.33,2957.053429
2026-04-13 17:35:00,2236.34,2237.19,2232.52,2235.06,368.351699
2026-04-13 17:40:00,2235.13,2235.92,2233.54,2235.67,80.478097
2026-04-13 17:45:00,2235.75,2237.52,2229.83,2230.3,584.456589
2026-04-13 17:50:00,2230.29,2230.85,2223.0,2224.96,1107.660119
2026-04-13 17:55:00,2224.95,2225.51,2222.5,2224.92,124.917627
2026-04-13 18:00:00,2225.04,2227.28,2223.68,2227.05,374.777657
2026-04-13 18:05:00,2227.06,2230.92,2225.52,2226.79,596.206351
2026-04-13 18:10:00,2226.74,2227.97,2224.81,2227.36,446.221841
2026-04-13 18:15:00,2227.49,2227.49,2224.16,2226.38,313.866073
2026-04-13 18:20:00,2226.25,2228.98,2221.48,2221.48,503.754618
2026-04-13 18:25:00,2221.48,2222.49,2218.71,2222.11,451.662361
2026-04-13 18:30:00,2222.11,2229.15,2221.93,2229.15,298.987895
2026-04-13 18:35:00,2229.14,2229.39,2227.2,2227.81,120.375668
2026-04-13 18:40:00,2227.81,2233.79,2226.97,2231.06,738.761652
2026-04-13 18:45:00,2231.06,2233.49,2228.48,2228.48,142.768357
2026-04-13 18:50:00,2228.48,2232.49,2227.77,2232.49,120.936485
2026-04-13 18:55:00,2232.57,2233.73,2231.27,2232.32,88.790595
2026-04-13 19:00:00,2232.32,2236.66,2230.21,2230.91,980.84402
2026-04-13 19:05:00,2230.9,2231.97,2228.67,2229.08,117.637502
2026-04-13 19:10:00,2229.08,2229.53,2228.0,2228.2,83.857498
2026-04-13 19:15:00,2228.2,2239.51,2228.2,2236.63,2595.860937
2026-04-13 19:20:00,2236.63,2244.16,2235.67,2241.03,5255.556235
2026-04-13 19:25:00,2240.82,2245.9,2239.48,2242.22,1365.747115
2026-04-13 19:30:00,2242.22,2252.79,2240.87,2251.46,2715.356916
2026-04-13 19:35:00,2251.51,2256.36,2244.15,2255.85,3169.284009
2026-04-13 19:40:00,2255.85,2256.5,2249.16,2251.37,1269.153434
2026-04-13 19:45:00,2251.28,2263.15,2251.28,2260.48,2045.485952
2026-04-13 19:50:00,2260.48,2266.9,2260.2,2262.0,1589.794633
2026-04-13 19:55:00,2262.21,2269.0,2260.25,2262.47,3326.960725
2026-04-13 20:00:00,2262.47,2263.79,2255.02,2256.89,1553.553983
2026-04-13 20:05:00,2256.89,2260.34,2255.21,2256.28,584.040058
2026-04-13 20:10:00,2256.28,2256.4,2249.43,2249.66,1419.235337
2026-04-13 20:15:00,2249.86,2251.65,2247.68,2248.49,532.26162
2026-04-13 20:20:00,2248.49,2251.81,2248.49,2249.26,199.113738
2026-04-13 20:25:00,2249.34,2254.34,2249.34,2254.34,235.818221
2026-04-13 20:30:00,2254.33,2258.24,2252.48,2257.41,431.496572
2026-04-13 20:35:00,2257.41,2259.62,2252.83,2252.83,530.38519
2026-04-13 20:40:00,2252.79,2256.36,2252.01,2255.4,283.777425
2026-04-13 20:45:00,2255.39,2257.47,2253.46,2254.93,710.255233
2026-04-13 20:50:00,2254.94,2255.22,2250.01,2250.88,405.550987
2026-04-13 20:55:00,2250.87,2253.99,2249.59,2252.5,434.117946
2026-04-13 21:00:00,2252.49,2253.06,2249.96,2250.4,191.012817
2026-04-13 21:05:00,2250.39,2255.44,2249.8,2254.78,235.222305
2026-04-13 21:10:00,2254.79,2259.22,2254.78,2256.5,1002.064371
2026-04-13 21:15:00,2256.49,2259.53,2253.45,2253.46,159.620903
2026-04-13 21:20:00,2253.46,2255.31,2252.11,2254.84,165.857373
2026-04-13 21:25:00,2255.05,2255.51,2253.68,2254.02,88.102561
2026-04-13 21:30:00,2254.03,2259.12,2253.83,2258.13,103.652104
2026-04-13 21:35:00,2258.13,2259.78,2256.45,2258.53,192.560501
2026-04-13 21:40:00,2258.54,2267.14,2258.27,2261.31,772.509834
2026-04-13 21:45:00,2261.38,2264.55,2257.29,2262.49,320.543634
2026-04-13 21:50:00,2262.48,2263.0,2261.5,2261.99,85.593006
2026-04-13 21:55:00,2261.91,2262.29,2259.41,2259.99,94.10578
2026-04-13 22:00:00,2259.86,2264.56,2259.69,2262.67,209.120028
2026-04-13 22:05:00,2262.67,2279.0,2262.67,2269.16,3724.472889
2026-04-13 22:10:00,2269.0,2305.0,2268.73,2295.51,7588.278015
2026-04-13 22:15:00,2295.5,2321.18,2294.88,2318.45,8599.95
2026-04-13 22:20:00,2318.53,2337.85,2317.55,2326.84,9604.901929
2026-04-13 22:25:00,2326.85,2329.3,2319.97,2325.3,1684.264324
2026-04-13 22:30:00,2325.3,2346.67,2325.3,2341.2,7634.045911
2026-04-13 22:35:00,2341.15,2342.4,2338.51,2340.88,1184.734013
2026-04-13 22:40:00,2341.0,2344.82,2337.35,2344.05,1952.382953
2026-04-13 22:45:00,2344.04,2350.0,2340.87,2345.59,2944.420281
2026-04-13 22:50:00,2345.56,2358.0,2343.4,2354.85,5077.614509
2026-04-13 22:55:00,2354.84,2363.46,2351.63,2352.82,5450.804163
2026-04-13 23:00:00,2352.88,2355.34,2339.55,2350.83,2834.101443
2026-04-13 23:05:00,2350.7,2356.85,2347.89,2354.59,1062.38637
2026-04-13 23:10:00,2354.79,2359.45,2350.58,2353.79,1189.257133
2026-04-13 23:15:00,2353.7,2359.93,2347.41,2359.51,2128.644944
2026-04-13 23:20:00,2359.55,2377.96,2358.97,2366.14,9987.946553
2026-04-13 23:25:00,2366.14,2394.5,2365.52,2387.67,13037.220084
2026-04-13 23:30:00,2387.92,2390.9,2375.33,2376.92,2310.6189
2026-04-13 23:35:00,2376.93,2381.25,2374.07,2374.07,797.385507
2026-04-13 23:40:00,2374.06,2375.25,2371.28,2372.59,1259.63212
2026-04-13 23:45:00,2372.82,2376.48,2371.4,2372.9,1041.429637
2026-04-13 23:50:00,2372.89,2375.0,2370.51,2372.59,658.230261
2026-04-13 23:55:00,2372.6,2374.58,2366.09,2369.44,1407.486526
2026-04-14 00:00:00,2369.44,2376.35,2369.43,2370.07,1130.135023
2026-04-14 00:05:00,2370.07,2370.31,2365.51,2365.51,1023.238282
2026-04-14 00:10:00,2365.52,2368.23,2364.29,2367.36,1057.963583
2026-04-14 00:15:00,2367.36,2374.39,2366.48,2370.98,1259.969158
2026-04-14 00:20:00,2370.98,2371.08,2365.95,2366.88,564.912099
2026-04-14 00:25:00,2366.87,2366.96,2364.38,2366.06,831.701449
2026-04-14 00:30:00,2366.06,2367.5,2363.1,2363.38,891.995193
2026-04-14 00:35:00,2363.32,2371.21,2363.0,2369.43,898.490732
2026-04-14 00:40:00,2369.44,2370.8,2367.5,2369.5,211.41154
2026-04-14 00:45:00,2369.5,2369.86,2364.59,2365.92,461.293909
2026-04-14 00:50:00,2365.93,2367.48,2361.92,2362.11,817.37431
2026-04-14 00:55:00,2362.12,2364.71,2359.5,2360.81,853.790025
2026-04-14 01:00:00,2360.82,2361.75,2353.88,2359.98,1810.139592
2026-04-14 01:05:00,2359.98,2363.77,2359.48,2362.99,575.348922
2026-04-14 01:10:00,2362.99,2365.26,2361.47,2365.25,429.683089
2026-04-14 01:15:00,2365.25,2366.07,2362.0,2365.23,373.933672
2026-04-14 01:20:00,2365.12,2369.49,2364.49,2365.44,721.746834
2026-04-14 01:25:00,2365.44,2365.63,2362.61,2363.33,229.557162
2026-04-14 01:30:00,2363.32,2363.32,2360.9,2361.17,730.776239
2026-04-14 01:35:00,2360.98,2365.55,2360.98,2363.93,696.847054
2026-04-14 01:40:00,2363.89,2368.15,2363.89,2367.1,484.605863
2026-04-14 01:45:00,2366.99,2371.06,2366.18,2369.0,877.042356
2026-04-14 01:50:00,2369.0,2373.0,2369.0,2371.4,621.974301
2026-04-14 01:55:00,2371.38,2371.86,2367.64,2368.4,262.212848
2026-04-14 02:00:00,2368.41,2372.0,2367.94,2371.59,415.400193
2026-04-14 02:05:00,2371.8,2373.38,2370.47,2371.88,419.270854
2026-04-14 02:10:00,2371.87,2375.5,2371.08,2374.55,555.538763
2026-04-14 02:15:00,2374.54,2378.35,2371.04,2374.96,739.108247
2026-04-14 02:20:00,2374.96,2376.38,2372.6,2373.0,458.000387
2026-04-14 02:25:00,2372.99,2374.21,2370.24,2370.49,324.141921
2026-04-14 02:30:00,2370.49,2370.49,2366.51,2367.4,661.524877
2026-04-14 02:35:00,2367.44,2373.99,2366.22,2373.07,385.691417
2026-04-14 02:40:00,2373.0,2374.99,2371.56,2372.34,246.92265
2026-04-14 02:45:00,2372.39,2373.0,2369.4,2371.87,211.217417
2026-04-14 02:50:00,2371.68,2372.03,2367.0,2367.79,411.802431
2026-04-14 02:55:00,2367.79,2368.85,2367.12,2367.41,211.091063
2026-04-14 03:00:00,2367.35,2367.85,2366.14,2367.25,263.407602
2026-04-14 03:05:00,2367.24,2370.0,2367.24,2369.99,184.942977
2026-04-14 03:10:00,2369.99,2369.99,2366.33,2366.71,265.215427
2026-04-14 03:15:00,2366.72,2367.56,2363.51,2367.04,410.896175
2026-04-14 03:20:00,2367.1,2367.11,2363.64,2364.02,244.498867
2026-04-14 03:25:00,2364.16,2364.16,2361.47,2362.94,559.338933
2026-04-14 03:30:00,2362.95,2368.4,2362.6,2365.8,400.588486
2026-04-14 03:35:00,2365.79,2366.56,2364.24,2366.28,107.102921
2026-04-14 03:40:00,2366.27,2369.0,2366.27,2368.12,294.223397
2026-04-14 03:45:00,2368.13,2368.44,2366.14,2366.19,208.790108
2026-04-14 03:50:00,2366.2,2367.89,2365.72,2366.97,168.421393
2026-04-14 03:55:00,2366.97,2368.72,2364.42,2365.15,399.074413
2026-04-14 04:00:00,2365.16,2365.58,2362.93,2364.67,354.924024
2026-04-14 04:05:00,2364.75,2367.8,2363.34,2365.84,898.520054
2026-04-14 04:10:00,2365.83,2365.97,2364.57,2365.66,263.763165
2026-04-14 04:15:00,2365.66,2365.77,2363.95,2365.7,583.311523
2026-04-14 04:20:00,2365.5,2367.46,2364.98,2365.55,963.176138
2026-04-14 04:25:00,2365.55,2366.05,2363.93,2366.04,304.23804
2026-04-14 04:30:00,2366.05,2366.49,2363.59,2364.62,582.667772
2026-04-14 04:35:00,2364.56,2366.09,2363.91,2366.09,389.367745
2026-04-14 04:40:00,2366.08,2366.09,2363.29,2364.17,112.464597
2026-04-14 04:45:00,2364.17,2365.19,2361.64,2364.76,293.339891
2026-04-14 04:50:00,2364.75,2364.76,2362.88,2363.15,162.446948
2026-04-14 04:55:00,2363.15,2364.69,2362.85,2364.0,119.059585
2026-04-14 05:00:00,2363.99,2364.36,2361.93,2362.36,136.033801
2026-04-14 05:05:00,2362.36,2362.97,2361.5,2362.08,214.160537
2026-04-14 05:10:00,2361.95,2363.0,2361.17,2362.02,223.349764
2026-04-14 05:15:00,2362.01,2362.11,2360.03,2362.11,262.326054
2026-04-14 05:20:00,2362.09,2368.68,2362.08,2364.7,1439.471306
2026-04-14 05:25:00,2364.79,2367.21,2363.51,2366.56,182.535099
2026-04-14 05:30:00,2366.7,2366.7,2362.51,2363.05,183.764539
2026-04-14 05:35:00,2363.06,2366.52,2362.44,2363.59,193.962881
2026-04-14 05:40:00,2363.6,2363.83,2361.63,2362.17,116.724282
2026-04-14 05:45:00,2362.17,2362.17,2359.5,2359.5,157.160644
2026-04-14 05:50:00,2359.5,2359.94,2356.26,2357.04,916.139015
2026-04-14 05:55:00,2357.12,2357.12,2354.5,2355.4,528.831575
2026-04-14 06:00:00,2355.39,2362.0,2355.39,2359.38,759.285822
2026-04-14 06:05:00,2359.42,2362.31,2359.42,2362.31,91.100475
2026-04-14 06:10:00,2362.32,2363.3,2360.01,2360.96,228.945841
2026-04-14 06:15:00,2360.96,2364.53,2359.72,2363.48,157.35462
2026-04-14 06:20:00,2363.58,2365.64,2363.58,2365.64,458.467675
2026-04-14 06:25:00,2365.64,2366.91,2365.34,2365.96,306.999461
2026-04-14 06:30:00,2365.95,2366.77,2364.54,2365.56,223.158622
2026-04-14 06:35:00,2365.55,2368.95,2365.09,2368.06,289.487988
2026-04-14 06:40:00,2368.0,2368.3,2367.24,2367.29,83.232368
2026-04-14 06:45:00,2367.45,2372.75,2366.63,2371.73,1070.881604
2026-04-14 06:50:00,2371.79,2374.24,2371.0,2374.0,432.736592
2026-04-14 06:55:00,2374.0,2376.47,2372.77,2372.84,539.278039
2026-04-14 07:00:00,2372.92,2377.97,2370.63,2376.62,1295.971277
2026-04-14 07:05:00,2376.56,2389.0,2375.12,2387.95,2519.050016
2026-04-14 07:10:00,2387.95,2390.0,2379.1,2382.08,1255.490402
2026-04-14 07:15:00,2382.09,2383.01,2379.45,2380.01,640.431801
2026-04-14 07:20:00,2380.0,2383.83,2377.5,2378.17,1051.97428
2026-04-14 07:25:00,2378.07,2382.07,2377.97,2380.17,237.300751
2026-04-14 07:30:00,2380.17,2380.5,2375.0,2375.0,873.885724
2026-04-14 07:35:00,2375.0,2375.21,2371.91,2374.0,1183.966174
2026-04-14 07:40:00,2374.05,2374.77,2370.84,2370.84,900.606517
2026-04-14 07:45:00,2370.84,2373.03,2370.33,2372.28,1183.26697
2026-04-14 07:50:00,2372.27,2376.14,2371.71,2375.88,1102.35515
2026-04-14 07:55:00,2375.87,2377.47,2374.63,2377.44,1062.496311
2026-04-14 08:00:00,2377.45,2378.9,2373.89,2377.56,701.661756
2026-04-14 08:05:00,2377.56,2378.97,2376.65,2378.39,231.541887
2026-04-14 08:10:00,2378.36,2379.79,2376.07,2377.04,245.749365
2026-04-14 08:15:00,2377.05,2378.77,2375.72,2377.27,236.973696
2026-04-14 08:20:00,2377.27,2379.4,2375.43,2377.31,497.309692
2026-04-14 08:25:00,2377.33,2380.0,2376.35,2380.0,170.493022
2026-04-14 08:30:00,2380.0,2391.49,2378.39,2390.74,2839.31644
2026-04-14 08:35:00,2390.39,2395.55,2384.87,2389.32,7843.672045
2026-04-14 08:40:00,2389.32,2389.75,2384.72,2387.59,1226.5508
2026-04-14 08:45:00,2387.59,2389.27,2385.63,2388.6,479.3344
2026-04-14 08:50:00,2388.35,2389.94,2386.56,2387.76,501.583866
2026-04-14 08:55:00,2387.75,2387.75,2385.94,2387.4,255.312611
2026-04-14 09:00:00,2387.4,2391.0,2385.95,2386.15,451.407231
2026-04-14 09:05:00,2386.15,2392.99,2385.35,2392.49,896.811991
2026-04-14 09:10:00,2392.44,2392.78,2389.78,2392.21,738.074107
2026-04-14 09:15:00,2392.18,2394.26,2390.01,2390.18,721.365932
2026-04-14 09:20:00,2390.0,2391.06,2386.42,2387.8,721.459326
2026-04-14 09:25:00,2387.79,2390.83,2387.7,2389.54,366.160641
2026-04-14 09:30:00,2389.58,2390.73,2387.59,2389.46,407.673188
2026-04-14 09:35:00,2389.49,2392.08,2386.72,2391.28,570.923677
2026-04-14 09:40:00,2391.62,2393.3,2385.76,2386.65,616.918389
2026-04-14 09:45:00,2386.65,2387.73,2382.69,2384.65,404.311798
2026-04-14 09:50:00,2384.66,2386.3,2383.93,2384.77,220.678856
2026-04-14 09:55:00,2384.77,2388.24,2384.73,2386.98,142.402099
2026-04-14 10:00:00,2386.98,2387.08,2382.42,2384.12,301.646577
2026-04-14 10:05:00,2384.18,2387.48,2384.07,2384.72,322.127146
2026-04-14 10:10:00,2384.72,2385.22,2383.05,2384.67,95.354284
2026-04-14 10:15:00,2384.67,2384.67,2381.26,2382.13,213.029694
2026-04-14 10:20:00,2382.12,2385.89,2381.54,2384.36,207.594746
2026-04-14 10:25:00,2384.37,2384.95,2382.95,2383.2,100.805453
2026-04-14 10:30:00,2383.19,2384.88,2380.95,2383.88,304.538384
2026-04-14 10:35:00,2384.0,2385.0,2377.04,2377.66,355.708521
2026-04-14 10:40:00,2377.7,2378.35,2374.5,2375.43,644.295679
2026-04-14 10:45:00,2375.44,2375.44,2373.07,2374.65,235.54181
2026-04-14 10:50:00,2374.65,2377.55,2373.54,2375.24,219.102059
2026-04-14 10:55:00,2375.25,2377.55,2374.69,2374.7,85.364774
2026-04-14 11:00:00,2374.7,2376.01,2373.35,2375.56,153.195585
2026-04-14 11:05:00,2375.56,2375.56,2373.28,2375.36,152.282541
2026-04-14 11:10:00,2375.36,2376.08,2373.28,2373.49,102.435496
2026-04-14 11:15:00,2373.52,2374.93,2373.0,2373.91,269.647774
2026-04-14 11:20:00,2373.92,2376.71,2370.48,2371.78,675.640937
2026-04-14 11:25:00,2371.76,2372.59,2368.63,2369.19,361.818208
2026-04-14 11:30:00,2369.19,2369.47,2367.44,2369.47,314.371209
2026-04-14 11:35:00,2369.51,2374.32,2369.37,2373.73,280.21859
2026-04-14 11:40:00,2373.73,2373.73,2371.31,2371.83,181.272379
2026-04-14 11:45:00,2371.83,2376.33,2371.83,2375.87,468.670714
2026-04-14 11:50:00,2375.95,2377.12,2373.6,2374.6,109.889833
2026-04-14 11:55:00,2374.59,2377.72,2371.43,2374.01,820.565243
2026-04-14 12:00:00,2374.18,2375.73,2370.34,2375.53,257.887102
2026-04-14 12:05:00,2375.52,2377.66,2374.05,2376.1,233.666931
2026-04-14 12:10:00,2376.1,2376.18,2369.07,2369.81,564.666284
2026-04-14 12:15:00,2369.82,2373.65,2369.65,2372.22,226.648619
2026-04-14 12:20:00,2372.21,2372.54,2368.76,2370.3,380.298078
2026-04-14 12:25:00,2370.25,2373.46,2369.26,2372.55,276.396524
2026-04-14 12:30:00,2372.67,2377.9,2371.67,2374.14,486.935671
2026-04-14 12:35:00,2374.15,2375.69,2372.36,2374.2,217.887304
2026-04-14 12:40:00,2374.3,2377.2,2370.08,2370.87,484.437563
2026-04-14 12:45:00,2370.87,2373.67,2370.28,2372.79,77.181459
2026-04-14 12:50:00,2372.8,2374.59,2371.1,2373.51,101.562693
2026-04-14 12:55:00,2373.66,2375.41,2372.74,2373.93,127.199993
2026-04-14 13:00:00,2373.97,2380.33,2372.41,2379.51,558.399374
2026-04-14 13:05:00,2379.71,2380.68,2378.0,2379.64,202.37588
2026-04-14 13:10:00,2379.64,2382.45,2378.29,2381.17,269.054105
2026-04-14 13:15:00,2381.17,2383.49,2378.08,2382.57,424.272686
2026-04-14 13:20:00,2382.57,2384.36,2381.17,2383.46,335.951272
2026-04-14 13:25:00,2383.45,2383.45,2373.93,2373.93,599.488776
2026-04-14 13:30:00,2373.93,2387.0,2373.93,2383.77,1865.252768
2026-04-14 13:35:00,2383.76,2394.85,2381.98,2385.1,2833.924357
2026-04-14 13:40:00,2385.09,2395.88,2384.6,2389.63,1536.344793
2026-04-14 13:45:00,2389.63,2393.21,2384.77,2387.36,2630.574752
2026-04-14 13:50:00,2387.36,2393.29,2386.64,2390.19,882.36388
2026-04-14 13:55:00,2390.18,2393.0,2388.49,2391.5,573.010937
2026-04-14 14:00:00,2391.51,2394.0,2383.18,2385.81,2130.991626
2026-04-14 14:05:00,2386.0,2390.0,2378.0,2382.94,1284.853497
2026-04-14 14:10:00,2382.93,2384.51,2380.15,2383.43,492.409895
2026-04-14 14:15:00,2383.38,2386.29,2380.25,2381.9,467.571878
2026-04-14 14:20:00,2381.91,2387.09,2381.84,2384.19,369.828327
2026-04-14 14:25:00,2384.2,2393.49,2384.13,2392.26,1236.842274
2026-04-14 14:30:00,2392.26,2415.5,2388.85,2390.79,11023.674926
2026-04-14 14:35:00,2390.9,2393.47,2374.5,2377.02,3102.850339
2026-04-14 14:40:00,2376.92,2376.92,2365.92,2371.25,2791.153335
2026-04-14 14:45:00,2371.24,2373.4,2362.44,2363.08,1777.568941
2026-04-14 14:50:00,2362.8,2370.0,2361.6,2366.94,1184.617536
2026-04-14 14:55:00,2367.02,2367.17,2353.04,2353.26,2434.870586
2026-04-14 15:00:00,2353.3,2357.94,2346.99,2351.0,4534.865439
2026-04-14 15:05:00,2351.05,2352.56,2333.11,2339.55,5222.462037
2026-04-14 15:10:00,2339.59,2345.41,2336.63,2342.19,1648.457519
2026-04-14 15:15:00,2342.19,2344.84,2339.57,2342.98,864.435503
2026-04-14 15:20:00,2343.0,2347.6,2339.02,2346.71,1637.378948
2026-04-14 15:25:00,2346.71,2347.6,2341.45,2341.53,438.247828
2026-04-14 15:30:00,2341.53,2356.73,2341.0,2356.15,1221.380508
2026-04-14 15:35:00,2356.22,2362.91,2354.05,2360.33,1614.489396
2026-04-14 15:40:00,2360.06,2367.49,2360.0,2366.52,1845.670842
2026-04-14 15:45:00,2366.5,2369.04,2362.05,2364.94,862.759611
2026-04-14 15:50:00,2364.94,2372.22,2364.25,2370.95,672.699433
2026-04-14 15:55:00,2371.11,2371.11,2362.5,2364.81,7818.574199
2026-04-14 16:00:00,2364.8,2371.86,2362.42,2368.36,984.0822
2026-04-14 16:05:00,2368.4,2371.02,2365.73,2369.09,775.29176
2026-04-14 16:10:00,2369.17,2369.25,2358.75,2361.49,748.007076
2026-04-14 16:15:00,2361.49,2362.4,2354.25,2355.66,489.082974
2026-04-14 16:20:00,2355.65,2356.29,2348.49,2351.69,579.176831
2026-04-14 16:25:00,2351.7,2356.4,2351.53,2353.0,343.809023
2026-04-14 16:30:00,2352.91,2354.71,2350.34,2350.9,171.231168
2026-04-14 16:35:00,2350.83,2353.0,2345.5,2349.7,454.163303
2026-04-14 16:40:00,2349.62,2353.5,2348.56,2351.03,198.116333
2026-04-14 16:45:00,2351.01,2351.53,2347.5,2347.84,329.570409
2026-04-14 16:50:00,2348.02,2349.44,2337.12,2339.65,1039.961465
2026-04-14 16:55:00,2339.75,2340.85,2329.59,2333.8,1859.511261
2026-04-14 17:00:00,2333.8,2336.12,2329.47,2332.22,939.918835
2026-04-14 17:05:00,2331.91,2337.05,2331.63,2335.13,341.07553
2026-04-14 17:10:00,2335.34,2340.53,2335.32,2338.67,860.251479
2026-04-14 17:15:00,2338.75,2341.51,2337.42,2340.73,293.159344
2026-04-14 17:20:00,2340.86,2345.53,2340.2,2343.48,258.082949
2026-04-14 17:25:00,2343.66,2344.37,2334.99,2334.99,364.522518
2026-04-14 17:30:00,2334.97,2337.52,2326.5,2327.7,738.291115
2026-04-14 17:35:00,2327.6,2328.85,2324.05,2327.11,1347.429577
2026-04-14 17:40:00,2327.19,2335.29,2327.19,2333.01,541.671844
2026-04-14 17:45:00,2333.01,2335.39,2331.2,2335.21,209.405208
2026-04-14 17:50:00,2335.07,2336.52,2333.49,2335.24,276.305886
2026-04-14 17:55:00,2335.25,2338.59,2335.08,2338.59,359.944529
2026-04-14 18:00:00,2338.61,2342.85,2338.61,2341.69,334.922856
2026-04-14 18:05:00,2341.76,2344.27,2341.37,2343.95,178.613862
2026-04-14 18:10:00,2344.05,2344.74,2337.51,2339.16,228.409643
2026-04-14 18:15:00,2339.16,2342.4,2336.86,2340.11,315.769897
2026-04-14 18:20:00,2340.11,2342.03,2329.74,2331.13,497.977662
2026-04-14 18:25:00,2331.12,2337.31,2329.93,2334.86,352.187876
2026-04-14 18:30:00,2334.94,2337.99,2332.32,2332.32,220.597843
2026-04-14 18:35:00,2332.31,2333.49,2322.37,2326.4,891.265144
2026-04-14 18:40:00,2326.4,2328.36,2323.54,2326.75,287.646404
2026-04-14 18:45:00,2326.8,2328.18,2311.96,2311.97,2981.577366
2026-04-14 18:50:00,2311.96,2320.39,2309.59,2316.84,2138.258722
2026-04-14 18:55:00,2316.84,2318.16,2312.78,2314.23,256.981384
2026-04-14 19:00:00,2314.13,2319.18,2311.26,2318.17,520.780015
2026-04-14 19:05:00,2318.2,2322.98,2318.2,2321.55,855.285034
2026-04-14 19:10:00,2321.48,2322.98,2318.0,2318.0,141.320142
2026-04-14 19:15:00,2317.97,2321.79,2317.68,2320.06,139.084276
2026-04-14 19:20:00,2320.05,2321.72,2307.7,2307.71,1045.167209
2026-04-14 19:25:00,2307.71,2316.39,2303.47,2313.95,1992.73784
2026-04-14 19:30:00,2313.99,2317.96,2310.51,2310.69,538.892932
2026-04-14 19:35:00,2310.69,2313.83,2309.23,2312.67,780.934944
2026-04-14 19:40:00,2312.66,2313.72,2310.01,2310.81,353.248879
2026-04-14 19:45:00,2310.68,2312.07,2309.0,2311.8,500.128821
2026-04-14 19:50:00,2311.8,2313.85,2309.84,2312.38,321.128145
2026-04-14 19:55:00,2312.38,2314.43,2311.89,2313.25,213.262797
2026-04-14 20:00:00,2313.28,2323.11,2311.57,2318.23,1004.403143
2026-04-14 20:05:00,2318.2,2320.62,2315.77,2319.42,964.806816
2026-04-14 20:10:00,2319.21,2321.8,2317.51,2321.26,111.911498
2026-04-14 20:15:00,2321.09,2322.03,2314.86,2316.27,140.697042
2026-04-14 20:20:00,2316.28,2317.07,2308.92,2311.08,443.374334
2026-04-14 20:25:00,2311.12,2312.85,2310.53,2311.76,76.236979
2026-04-14 20:30:00,2311.84,2315.4,2311.83,2312.69,340.21443
2026-04-14 20:35:00,2312.82,2313.41,2309.12,2311.5,133.296279
2026-04-14 20:40:00,2311.5,2315.1,2310.61,2315.1,145.037171
2026-04-14 20:45:00,2315.09,2317.87,2314.05,2316.07,344.604595
2026-04-14 20:50:00,2316.07,2316.99,2313.12,2313.42,61.741194
2026-04-14 20:55:00,2313.42,2315.3,2310.51,2315.3,186.918376
2026-04-14 21:00:00,2315.31,2326.48,2314.96,2325.3,1112.678632
2026-04-14 21:05:00,2325.18,2325.18,2319.27,2322.29,290.542901
2026-04-14 21:10:00,2322.3,2322.3,2318.85,2320.37,381.571621
2026-04-14 21:15:00,2320.43,2320.43,2318.04,2319.41,99.680205
2026-04-14 21:20:00,2319.41,2320.06,2315.69,2316.65,143.289327
2026-04-14 21:25:00,2316.65,2323.49,2316.65,2321.79,617.860633
2026-04-14 21:30:00,2321.93,2322.69,2319.34,2319.61,80.092556
2026-04-14 21:35:00,2319.62,2320.48,2318.14,2319.71,160.250298
2026-04-14 21:40:00,2319.72,2320.76,2316.51,2319.83,269.764634
2026-04-14 21:45:00,2319.83,2319.96,2317.57,2318.5,53.75855
2026-04-14 21:50:00,2318.5,2324.7,2318.5,2323.61,198.615717
2026-04-14 21:55:00,2323.61,2326.48,2322.78,2323.97,159.274706
2026-04-14 22:00:00,2323.96,2324.07,2320.28,2322.2,260.10071
2026-04-14 22:05:00,2322.2,2329.08,2321.46,2328.34,476.574463
2026-04-14 22:10:00,2328.26,2332.25,2325.75,2328.8,838.778634
2026-04-14 22:15:00,2328.8,2328.8,2320.1,2320.45,383.608725
2026-04-14 22:20:00,2320.54,2321.47,2316.51,2319.2,256.560993
2026-04-14 22:25:00,2319.21,2319.21,2313.54,2314.49,276.337987
2026-04-14 22:30:00,2314.49,2320.15,2312.07,2316.6,475.84199
2026-04-14 22:35:00,2316.6,2317.4,2312.63,2314.2,138.266549
2026-04-14 22:40:00,2314.2,2316.05,2312.01,2312.47,215.457932
2026-04-14 22:45:00,2312.48,2316.35,2312.01,2314.09,197.263744
2026-04-14 22:50:00,2314.06,2316.36,2313.78,2315.52,107.48577
2026-04-14 22:55:00,2315.52,2317.64,2314.65,2315.08,259.761569
2026-04-14 23:00:00,2315.08,2319.51,2314.65,2319.51,232.159631
2026-04-14 23:05:00,2319.51,2321.25,2317.4,2317.41,251.029852
2026-04-14 23:10:00,2317.41,2319.36,2316.9,2318.9,137.49417
2026-04-14 23:15:00,2318.9,2322.1,2318.61,2320.45,225.507015
2026-04-14 23:20:00,2320.45,2322.54,2319.21,2319.29,215.736959
2026-04-14 23:25:00,2319.26,2319.99,2317.41,2319.55,97.423316
2026-04-14 23:30:00,2319.59,2322.82,2319.59,2322.23,238.991332
2026-04-14 23:35:00,2322.24,2324.22,2319.86,2324.05,314.406462
2026-04-14 23:40:00,2324.08,2326.66,2324.08,2324.41,424.520392
2026-04-14 23:45:00,2324.41,2326.69,2323.97,2325.23,255.466939
2026-04-14 23:50:00,2325.23,2325.73,2319.56,2320.56,770.760403
2026-04-14 23:55:00,2320.57,2322.85,2320.57,2322.21,112.01052
2026-04-15 00:00:00,2322.3,2336.37,2321.74,2333.0,710.71535
2026-04-15 00:05:00,2333.0,2344.38,2330.42,2341.55,1298.007305
2026-04-15 00:10:00,2341.54,2341.77,2336.52,2338.37,330.219371
2026-04-15 00:15:00,2338.39,2338.39,2331.0,2331.55,284.465118
2026-04-15 00:20:00,2331.54,2341.49,2331.54,2338.14,700.362576
2026-04-15 00:25:00,2338.12,2339.26,2336.19,2338.27,140.344332
2026-04-15 00:30:00,2338.27,2339.22,2331.57,2333.99,215.399866
2026-04-15 00:35:00,2334.1,2335.63,2333.01,2333.52,106.394588
2026-04-15 00:40:00,2333.52,2334.4,2332.25,2333.42,94.368057
2026-04-15 00:45:00,2333.42,2335.02,2328.8,2329.4,344.115833
2026-04-15 00:50:00,2329.39,2332.89,2328.9,2330.33,176.393578
2026-04-15 00:55:00,2330.33,2334.99,2330.08,2333.71,210.901315
2026-04-15 01:00:00,2333.71,2336.46,2331.47,2336.07,98.735205
2026-04-15 01:05:00,2336.06,2340.0,2335.34,2338.0,498.420068
2026-04-15 01:10:00,2338.08,2339.93,2334.63,2339.72,261.931935
2026-04-15 01:15:00,2339.74,2341.11,2337.5,2337.76,276.093049
2026-04-15 01:20:00,2337.72,2337.72,2333.38,2334.8,207.292993
2026-04-15 01:25:00,2334.8,2337.46,2334.15,2336.55,143.351512
2026-04-15 01:30:00,2336.6,2337.51,2334.35,2334.53,126.709488
2026-04-15 01:35:00,2334.53,2337.5,2331.44,2336.14,373.573829
2026-04-15 01:40:00,2336.15,2339.43,2335.37,2338.4,440.390882
2026-04-15 01:45:00,2338.38,2339.58,2336.32,2338.94,177.106798
2026-04-15 01:50:00,2339.2,2342.68,2333.97,2335.74,448.509312
2026-04-15 01:55:00,2335.67,2336.56,2334.02,2335.82,139.299692
2026-04-15 02:00:00,2335.83,2338.16,2334.0,2335.55,198.671305
2026-04-15 02:05:00,2335.55,2336.11,2334.66,2335.02,17.997227
