timestamp,open,high,low,close,volume
2026-03-16 03:20:00,91.61,92.21,91.58,92.18,87553.05
2026-03-16 03:25:00,92.17,92.26,91.94,92.08,54150.97
2026-03-16 03:30:00,92.09,93.8,92.09,93.62,514981.34
2026-03-16 03:35:00,93.62,93.88,93.33,93.59,280044.75
2026-03-16 03:40:00,93.58,93.93,93.04,93.23,166623.28
2026-03-16 03:45:00,93.23,93.45,92.95,93.08,88789.79
2026-03-16 03:50:00,93.08,93.36,93.05,93.29,37902.27
2026-03-16 03:55:00,93.29,93.29,93.07,93.15,24110.67
2026-03-16 04:00:00,93.14,93.46,93.14,93.37,36513.53
2026-03-16 04:05:00,93.37,93.58,93.31,93.38,59711.88
2026-03-16 04:10:00,93.38,93.39,93.21,93.32,34212.23
2026-03-16 04:15:00,93.32,93.57,93.28,93.35,46148.7
2026-03-16 04:20:00,93.36,93.76,93.18,93.29,64581.06
2026-03-16 04:25:00,93.29,93.29,92.91,93.03,67660.17
2026-03-16 04:30:00,93.02,93.27,92.93,93.02,43339.72
2026-03-16 04:35:00,93.02,93.3,92.94,93.09,68776.07
2026-03-16 04:40:00,93.08,93.17,92.96,93.08,42066.53
2026-03-16 04:45:00,93.08,93.62,93.04,93.59,82416.0
2026-03-16 04:50:00,93.59,93.95,93.48,93.9,119692.97
2026-03-16 04:55:00,93.91,94.24,93.42,93.59,203088.35
2026-03-16 05:00:00,93.58,93.66,93.18,93.34,66285.85
2026-03-16 05:05:00,93.33,93.49,93.28,93.42,51698.51
2026-03-16 05:10:00,93.43,94.0,93.42,93.62,87786.26
2026-03-16 05:15:00,93.63,93.79,93.52,93.73,57493.62
2026-03-16 05:20:00,93.73,94.08,93.73,94.05,104932.84
2026-03-16 05:25:00,94.04,94.13,93.91,94.08,43711.93
2026-03-16 05:30:00,94.09,94.09,93.71,93.75,53779.95
2026-03-16 05:35:00,93.74,94.09,93.68,94.05,33745.02
2026-03-16 05:40:00,94.05,94.17,93.98,94.03,46885.89
2026-03-16 05:45:00,94.03,94.13,93.94,94.01,43388.78
2026-03-16 05:50:00,94.01,94.07,93.83,93.9,41125.32
2026-03-16 05:55:00,93.9,94.29,93.89,94.0,88554.84
2026-03-16 06:00:00,94.0,94.01,93.48,93.51,72558.86
2026-03-16 06:05:00,93.51,93.6,93.29,93.29,45407.39
2026-03-16 06:10:00,93.29,93.44,93.12,93.28,78015.08
2026-03-16 06:15:00,93.28,93.71,93.24,93.6,99025.96
2026-03-16 06:20:00,93.6,93.6,93.41,93.46,46561.46
2026-03-16 06:25:00,93.46,93.51,93.37,93.39,33236.37
2026-03-16 06:30:00,93.4,93.58,93.38,93.48,25225.92
2026-03-16 06:35:00,93.48,93.62,93.48,93.54,22159.62
2026-03-16 06:40:00,93.54,93.63,93.53,93.59,28229.01
2026-03-16 06:45:00,93.59,93.59,93.39,93.42,16108.6
2026-03-16 06:50:00,93.43,93.56,93.41,93.52,12850.39
2026-03-16 06:55:00,93.52,93.61,93.35,93.35,15154.89
2026-03-16 07:00:00,93.36,93.63,93.29,93.58,25876.73
2026-03-16 07:05:00,93.58,93.67,93.52,93.63,19541.11
2026-03-16 07:10:00,93.63,93.75,93.61,93.66,32603.59
2026-03-16 07:15:00,93.65,93.65,93.41,93.58,25069.42
2026-03-16 07:20:00,93.59,93.6,93.47,93.48,8038.82
2026-03-16 07:25:00,93.47,93.75,93.43,93.72,58599.11
2026-03-16 07:30:00,93.72,93.83,93.58,93.68,46531.78
2026-03-16 07:35:00,93.67,93.78,93.28,93.3,44630.23
2026-03-16 07:40:00,93.3,93.6,93.28,93.5,22557.64
2026-03-16 07:45:00,93.5,93.6,93.45,93.45,19890.94
2026-03-16 07:50:00,93.45,93.5,93.38,93.46,26364.73
2026-03-16 07:55:00,93.45,93.64,93.45,93.52,18799.81
2026-03-16 08:00:00,93.52,93.94,93.52,93.9,40353.6
2026-03-16 08:05:00,93.9,93.98,93.84,93.85,21844.33
2026-03-16 08:10:00,93.85,93.91,93.51,93.54,30679.84
2026-03-16 08:15:00,93.54,93.62,93.25,93.52,44798.61
2026-03-16 08:20:00,93.53,93.69,93.4,93.66,21715.13
2026-03-16 08:25:00,93.65,93.65,93.24,93.26,17172.98
2026-03-16 08:30:00,93.26,93.31,92.8,92.97,87859.08
2026-03-16 08:35:00,92.96,93.13,92.77,92.8,45043.67
2026-03-16 08:40:00,92.8,93.0,92.61,92.62,65013.21
2026-03-16 08:45:00,92.63,92.96,92.57,92.88,47746.31
2026-03-16 08:50:00,92.88,93.0,92.52,92.95,47855.75
2026-03-16 08:55:00,92.95,92.95,92.75,92.82,12041.68
2026-03-16 09:00:00,92.82,92.92,92.69,92.78,19431.61
2026-03-16 09:05:00,92.79,92.89,92.67,92.89,16239.01
2026-03-16 09:10:00,92.89,92.99,92.81,92.91,20930.88
2026-03-16 09:15:00,92.91,93.01,92.86,92.92,29152.35
2026-03-16 09:20:00,92.92,93.04,92.81,92.98,17370.18
2026-03-16 09:25:00,92.97,93.37,92.97,93.08,60081.84
2026-03-16 09:30:00,93.08,93.23,93.02,93.02,43210.68
2026-03-16 09:35:00,93.02,93.15,93.02,93.04,8045.81
2026-03-16 09:40:00,93.04,93.15,93.02,93.04,5569.97
2026-03-16 09:45:00,93.04,93.4,93.04,93.4,26231.31
2026-03-16 09:50:00,93.4,93.43,93.28,93.29,21611.09
2026-03-16 09:55:00,93.29,93.32,93.21,93.26,6977.07
2026-03-16 10:00:00,93.26,93.56,93.26,93.41,40077.65
2026-03-16 10:05:00,93.42,93.45,93.2,93.37,25472.02
2026-03-16 10:10:00,93.36,93.45,93.31,93.43,16331.37
2026-03-16 10:15:00,93.44,93.55,93.4,93.42,26727.16
2026-03-16 10:20:00,93.42,93.69,93.39,93.52,31547.2
2026-03-16 10:25:00,93.52,93.59,93.44,93.49,8829.03
2026-03-16 10:30:00,93.48,93.5,93.34,93.38,25934.86
2026-03-16 10:35:00,93.39,93.39,93.26,93.35,21256.69
2026-03-16 10:40:00,93.35,93.47,93.27,93.38,19008.13
2026-03-16 10:45:00,93.38,93.66,93.31,93.66,20900.54
2026-03-16 10:50:00,93.66,93.81,93.61,93.72,46950.03
2026-03-16 10:55:00,93.72,93.91,93.72,93.85,56444.27
2026-03-16 11:00:00,93.86,93.94,93.68,93.71,51926.88
2026-03-16 11:05:00,93.71,93.84,93.71,93.77,17614.63
2026-03-16 11:10:00,93.77,93.85,93.69,93.7,17275.39
2026-03-16 11:15:00,93.7,93.86,93.69,93.81,17265.74
2026-03-16 11:20:00,93.8,93.81,93.58,93.59,17448.32
2026-03-16 11:25:00,93.6,93.69,93.46,93.53,28138.02
2026-03-16 11:30:00,93.53,93.7,93.46,93.67,15488.65
2026-03-16 11:35:00,93.67,93.73,93.62,93.7,11312.14
2026-03-16 11:40:00,93.7,93.77,93.64,93.77,9760.23
2026-03-16 11:45:00,93.77,93.92,93.76,93.79,22475.18
2026-03-16 11:50:00,93.79,93.83,93.65,93.7,14297.09
2026-03-16 11:55:00,93.69,93.74,93.67,93.7,6206.76
2026-03-16 12:00:00,93.69,94.17,93.69,93.77,79379.78
2026-03-16 12:05:00,93.78,93.9,93.62,93.66,29297.64
2026-03-16 12:10:00,93.66,93.74,93.31,93.7,73889.03
2026-03-16 12:15:00,93.7,94.01,93.59,93.99,42904.26
2026-03-16 12:20:00,94.0,94.11,93.71,93.9,44736.03
2026-03-16 12:25:00,93.9,94.05,93.72,93.98,71885.6
2026-03-16 12:30:00,93.97,94.14,93.82,93.9,101130.06
2026-03-16 12:35:00,93.89,93.98,93.66,93.84,29181.45
2026-03-16 12:40:00,93.84,93.93,93.73,93.74,34548.79
2026-03-16 12:45:00,93.75,93.88,93.68,93.74,24740.96
2026-03-16 12:50:00,93.74,93.8,93.63,93.67,11188.04
2026-03-16 12:55:00,93.67,93.76,93.63,93.69,16116.64
2026-03-16 13:00:00,93.7,93.88,93.69,93.78,21818.91
2026-03-16 13:05:00,93.79,93.95,93.51,93.59,46382.71
2026-03-16 13:10:00,93.59,93.82,93.46,93.81,30989.69
2026-03-16 13:15:00,93.81,93.88,93.65,93.71,19820.68
2026-03-16 13:20:00,93.71,94.04,93.67,93.95,33847.11
2026-03-16 13:25:00,93.95,94.09,93.91,94.05,27518.76
2026-03-16 13:30:00,94.05,95.09,93.93,94.94,280786.64
2026-03-16 13:35:00,94.94,95.0,94.52,94.76,126406.36
2026-03-16 13:40:00,94.76,94.94,93.69,93.9,210627.76
2026-03-16 13:45:00,93.89,94.51,93.83,93.98,140596.47
2026-03-16 13:50:00,93.99,94.03,93.45,93.47,105593.21
2026-03-16 13:55:00,93.47,93.74,93.37,93.61,78653.21
2026-03-16 14:00:00,93.61,94.08,93.48,93.92,140412.76
2026-03-16 14:05:00,93.92,94.41,93.79,94.25,66358.68
2026-03-16 14:10:00,94.26,94.47,94.04,94.32,53655.12
2026-03-16 14:15:00,94.31,94.47,94.08,94.08,44894.98
2026-03-16 14:20:00,94.08,94.38,93.86,93.99,91611.24
2026-03-16 14:25:00,93.99,94.0,93.17,93.18,146132.18
2026-03-16 14:30:00,93.18,93.2,92.41,92.84,290378.08
2026-03-16 14:35:00,92.84,93.0,92.44,92.47,87107.79
2026-03-16 14:40:00,92.47,92.76,92.3,92.62,110261.02
2026-03-16 14:45:00,92.62,92.96,92.6,92.7,79454.33
2026-03-16 14:50:00,92.71,93.17,92.54,93.11,71277.46
2026-03-16 14:55:00,93.12,93.57,93.07,93.56,76299.66
2026-03-16 15:00:00,93.55,93.72,93.37,93.46,52935.62
2026-03-16 15:05:00,93.46,93.58,93.05,93.54,87766.06
2026-03-16 15:10:00,93.54,93.95,93.41,93.63,54252.96
2026-03-16 15:15:00,93.62,93.98,93.5,93.96,60188.56
2026-03-16 15:20:00,93.96,94.07,93.77,93.94,59929.3
2026-03-16 15:25:00,93.94,94.04,93.74,94.03,32470.16
2026-03-16 15:30:00,94.03,94.29,93.74,93.82,40456.2
2026-03-16 15:35:00,93.83,94.03,93.66,93.75,39394.92
2026-03-16 15:40:00,93.75,93.88,93.58,93.66,29320.08
2026-03-16 15:45:00,93.66,93.9,93.58,93.65,27031.49
2026-03-16 15:50:00,93.65,93.66,93.13,93.29,43578.84
2026-03-16 15:55:00,93.29,93.29,93.03,93.15,32357.47
2026-03-16 16:00:00,93.14,93.37,93.09,93.26,35362.98
2026-03-16 16:05:00,93.26,93.61,93.22,93.28,56689.55
2026-03-16 16:10:00,93.27,93.38,93.06,93.13,19652.32
2026-03-16 16:15:00,93.13,93.43,93.1,93.25,35682.77
2026-03-16 16:20:00,93.24,93.33,93.13,93.18,11696.07
2026-03-16 16:25:00,93.17,93.3,93.08,93.28,27158.61
2026-03-16 16:30:00,93.28,93.47,93.13,93.25,21838.99
2026-03-16 16:35:00,93.25,93.42,93.2,93.41,12388.57
2026-03-16 16:40:00,93.4,93.8,93.39,93.7,33101.66
2026-03-16 16:45:00,93.7,93.71,93.4,93.52,28095.34
2026-03-16 16:50:00,93.52,93.99,93.49,93.85,71834.52
2026-03-16 16:55:00,93.85,93.93,93.71,93.76,23811.96
2026-03-16 17:00:00,93.76,93.99,93.65,93.77,49658.74
2026-03-16 17:05:00,93.77,93.99,93.76,93.83,27697.7
2026-03-16 17:10:00,93.84,94.0,93.83,93.9,18178.21
2026-03-16 17:15:00,93.91,93.98,93.72,93.93,27915.17
2026-03-16 17:20:00,93.92,94.17,93.85,93.91,28594.82
2026-03-16 17:25:00,93.91,93.98,93.62,93.66,17678.54
2026-03-16 17:30:00,93.67,94.02,93.66,93.74,37081.87
2026-03-16 17:35:00,93.74,94.14,93.73,94.1,27152.34
2026-03-16 17:40:00,94.1,94.16,93.99,94.07,20796.95
2026-03-16 17:45:00,94.07,94.37,94.0,94.05,39108.23
2026-03-16 17:50:00,94.06,94.09,93.8,94.03,26824.41
2026-03-16 17:55:00,94.03,94.08,93.96,94.03,5790.75
2026-03-16 18:00:00,94.02,94.28,94.0,94.26,25170.96
2026-03-16 18:05:00,94.26,94.84,94.19,94.77,82282.22
2026-03-16 18:10:00,94.77,94.77,94.42,94.53,48652.2
2026-03-16 18:15:00,94.54,94.95,94.47,94.69,62178.98
2026-03-16 18:20:00,94.69,94.92,94.58,94.83,31024.28
2026-03-16 18:25:00,94.84,95.08,94.65,94.73,40302.33
2026-03-16 18:30:00,94.72,94.97,94.57,94.93,30379.88
2026-03-16 18:35:00,94.93,95.0,94.41,94.54,48484.31
2026-03-16 18:40:00,94.54,94.84,94.52,94.71,29954.95
2026-03-16 18:45:00,94.71,94.71,94.45,94.6,15706.46
2026-03-16 18:50:00,94.6,94.61,94.35,94.41,18771.81
2026-03-16 18:55:00,94.41,94.52,94.24,94.32,42541.79
2026-03-16 19:00:00,94.33,94.47,94.12,94.28,34509.25
2026-03-16 19:05:00,94.28,95.18,94.18,95.13,54289.67
2026-03-16 19:10:00,95.13,95.43,94.8,95.12,121840.0
2026-03-16 19:15:00,95.12,95.39,94.91,94.98,49915.77
2026-03-16 19:20:00,94.98,95.06,94.86,94.94,16569.47
2026-03-16 19:25:00,94.94,95.11,94.71,95.06,25954.36
2026-03-16 19:30:00,95.07,95.27,95.01,95.05,22333.27
2026-03-16 19:35:00,95.04,95.12,94.95,95.03,21499.09
2026-03-16 19:40:00,95.03,95.11,94.99,95.02,11866.62
2026-03-16 19:45:00,95.02,95.04,94.65,94.85,27152.59
2026-03-16 19:50:00,94.85,95.14,94.81,95.12,43489.25
2026-03-16 19:55:00,95.12,95.44,95.12,95.17,81394.65
2026-03-16 20:00:00,95.17,95.21,95.0,95.19,29538.19
2026-03-16 20:05:00,95.19,95.32,95.16,95.25,23368.3
2026-03-16 20:10:00,95.26,95.34,95.18,95.3,7940.13
2026-03-16 20:15:00,95.29,95.63,95.26,95.35,55316.07
2026-03-16 20:20:00,95.35,95.56,95.35,95.49,15840.67
2026-03-16 20:25:00,95.49,95.85,95.44,95.66,58896.86
2026-03-16 20:30:00,95.66,95.94,95.65,95.89,49319.67
2026-03-16 20:35:00,95.88,95.93,95.68,95.89,23558.87
2026-03-16 20:40:00,95.9,95.9,95.48,95.49,27948.04
2026-03-16 20:45:00,95.5,95.61,95.42,95.47,24243.49
2026-03-16 20:50:00,95.48,95.84,95.47,95.84,73909.24
2026-03-16 20:55:00,95.84,95.92,95.73,95.73,19806.56
2026-03-16 21:00:00,95.73,95.97,95.53,95.86,53324.39
2026-03-16 21:05:00,95.85,95.89,95.44,95.68,37877.66
2026-03-16 21:10:00,95.68,96.15,95.68,95.85,72267.37
2026-03-16 21:15:00,95.84,96.15,95.8,95.95,50745.39
2026-03-16 21:20:00,95.96,96.11,95.77,95.95,42507.74
2026-03-16 21:25:00,95.95,95.95,95.62,95.75,17270.97
2026-03-16 21:30:00,95.75,96.09,95.67,96.05,19321.81
2026-03-16 21:35:00,96.05,96.88,95.95,96.44,153110.98
2026-03-16 21:40:00,96.45,96.51,96.06,96.36,38508.2
2026-03-16 21:45:00,96.36,96.64,96.35,96.61,21610.66
2026-03-16 21:50:00,96.6,96.78,96.46,96.55,33752.17
2026-03-16 21:55:00,96.54,96.55,96.12,96.12,36353.04
2026-03-16 22:00:00,96.12,96.77,96.11,96.71,49321.87
2026-03-16 22:05:00,96.71,97.63,96.68,97.58,192300.74
2026-03-16 22:10:00,97.57,97.58,97.12,97.24,61274.27
2026-03-16 22:15:00,97.25,97.33,96.91,97.05,47597.31
2026-03-16 22:20:00,97.05,97.05,96.51,96.55,60123.15
2026-03-16 22:25:00,96.55,96.63,96.21,96.45,66841.25
2026-03-16 22:30:00,96.45,96.67,96.41,96.58,26895.82
2026-03-16 22:35:00,96.58,96.73,96.55,96.7,12960.6
2026-03-16 22:40:00,96.7,96.71,96.53,96.67,36428.39
2026-03-16 22:45:00,96.67,96.85,96.59,96.66,34417.14
2026-03-16 22:50:00,96.67,96.72,96.16,96.23,53674.32
2026-03-16 22:55:00,96.23,96.34,96.15,96.33,35808.6
2026-03-16 23:00:00,96.33,96.33,95.73,95.77,78801.61
2026-03-16 23:05:00,95.77,95.94,95.36,95.47,83273.14
2026-03-16 23:10:00,95.46,95.69,95.38,95.64,43707.26
2026-03-16 23:15:00,95.64,95.83,95.6,95.6,35651.27
2026-03-16 23:20:00,95.6,95.75,95.56,95.69,18778.8
2026-03-16 23:25:00,95.69,95.93,95.69,95.91,18404.68
2026-03-16 23:30:00,95.91,96.08,95.87,95.98,19144.73
2026-03-16 23:35:00,95.98,96.05,95.9,95.97,11202.96
2026-03-16 23:40:00,95.98,96.29,95.97,96.27,20307.33
2026-03-16 23:45:00,96.27,96.43,96.21,96.28,25320.9
2026-03-16 23:50:00,96.29,96.32,95.94,96.11,17238.34
2026-03-16 23:55:00,96.11,96.22,96.07,96.14,7735.54
2026-03-17 00:00:00,96.14,96.15,95.67,95.83,56330.56
2026-03-17 00:05:00,95.83,96.26,95.79,96.18,40531.3
2026-03-17 00:10:00,96.18,96.94,96.18,96.71,98200.22
2026-03-17 00:15:00,96.7,96.76,95.94,95.98,84062.66
2026-03-17 00:20:00,95.98,96.02,95.44,95.47,41908.68
2026-03-17 00:25:00,95.47,95.72,95.3,95.72,54528.97
2026-03-17 00:30:00,95.72,96.05,95.63,95.8,92757.52
2026-03-17 00:35:00,95.8,95.94,95.45,95.49,35299.43
2026-03-17 00:40:00,95.48,95.56,95.31,95.44,32121.91
2026-03-17 00:45:00,95.44,95.66,95.43,95.52,16730.71
2026-03-17 00:50:00,95.51,95.52,95.09,95.19,75212.15
2026-03-17 00:55:00,95.19,95.45,95.06,95.45,87556.66
2026-03-17 01:00:00,95.45,95.54,94.93,95.01,76162.7
2026-03-17 01:05:00,95.02,95.49,94.9,95.32,64080.65
2026-03-17 01:10:00,95.33,96.08,95.25,95.78,141909.2
2026-03-17 01:15:00,95.78,95.86,95.48,95.78,43884.75
2026-03-17 01:20:00,95.77,95.81,95.3,95.43,46738.6
2026-03-17 01:25:00,95.43,95.73,95.4,95.68,38994.72
2026-03-17 01:30:00,95.69,95.84,95.47,95.83,34725.27
2026-03-17 01:35:00,95.83,95.99,95.55,95.62,36385.42
2026-03-17 01:40:00,95.63,95.7,95.23,95.54,44291.94
2026-03-17 01:45:00,95.55,95.67,95.41,95.42,17990.5
2026-03-17 01:50:00,95.43,95.54,95.27,95.38,19083.92
2026-03-17 01:55:00,95.37,95.73,95.37,95.65,18859.37
2026-03-17 02:00:00,95.65,95.71,95.58,95.6,13367.31
2026-03-17 02:05:00,95.6,95.61,94.94,95.08,38339.73
2026-03-17 02:10:00,95.09,95.18,94.98,95.14,20893.57
2026-03-17 02:15:00,95.15,95.22,95.06,95.07,11202.48
2026-03-17 02:20:00,95.06,95.15,94.87,94.97,18915.6
2026-03-17 02:25:00,94.97,95.07,94.93,94.99,15877.45
2026-03-17 02:30:00,94.98,95.21,94.82,95.18,20237.06
2026-03-17 02:35:00,95.18,95.51,95.17,95.49,23753.95
2026-03-17 02:40:00,95.49,95.54,95.35,95.4,18918.98
2026-03-17 02:45:00,95.4,95.55,95.22,95.28,26831.47
2026-03-17 02:50:00,95.29,95.4,95.2,95.34,12087.23
2026-03-17 02:55:00,95.33,95.35,95.05,95.08,28474.9
2026-03-17 03:00:00,95.07,95.22,95.01,95.05,29031.0
2026-03-17 03:05:00,95.04,95.12,94.91,94.96,21022.39
2026-03-17 03:10:00,94.95,95.02,94.72,94.74,46268.12
2026-03-17 03:15:00,94.74,94.87,94.68,94.82,18330.48
2026-03-17 03:20:00,94.82,94.82,94.47,94.62,43286.94
2026-03-17 03:25:00,94.62,94.76,94.57,94.6,23816.61
2026-03-17 03:30:00,94.61,94.63,94.04,94.22,101908.96
2026-03-17 03:35:00,94.22,94.31,94.05,94.26,37605.83
2026-03-17 03:40:00,94.26,94.26,93.83,93.98,99658.36
2026-03-17 03:45:00,93.99,94.0,93.75,93.78,60077.28
2026-03-17 03:50:00,93.79,94.01,93.65,93.86,56629.04
2026-03-17 03:55:00,93.85,94.08,93.71,94.01,44659.76
2026-03-17 04:00:00,94.01,94.22,93.95,94.01,49889.11
2026-03-17 04:05:00,94.02,94.15,93.95,94.06,19556.01
2026-03-17 04:10:00,94.06,94.13,93.96,94.12,31615.48
2026-03-17 04:15:00,94.12,94.15,93.74,93.77,36791.62
2026-03-17 04:20:00,93.78,93.84,93.45,93.67,48437.4
2026-03-17 04:25:00,93.67,93.78,93.56,93.71,43174.74
2026-03-17 04:30:00,93.72,93.84,93.43,93.55,47751.7
2026-03-17 04:35:00,93.55,93.55,93.22,93.29,85416.43
2026-03-17 04:40:00,93.29,93.58,93.11,93.4,59541.14
2026-03-17 04:45:00,93.41,93.67,93.38,93.67,18356.37
2026-03-17 04:50:00,93.67,93.76,93.64,93.7,19860.6
2026-03-17 04:55:00,93.7,93.82,93.68,93.74,17245.37
2026-03-17 05:00:00,93.74,93.75,93.5,93.74,29058.92
2026-03-17 05:05:00,93.75,93.9,93.68,93.73,21388.46
2026-03-17 05:10:00,93.73,93.92,93.68,93.73,25622.87
2026-03-17 05:15:00,93.73,93.97,93.73,93.88,22493.65
2026-03-17 05:20:00,93.88,93.88,93.72,93.81,11307.41
2026-03-17 05:25:00,93.81,94.01,93.81,93.95,18491.38
2026-03-17 05:30:00,93.94,94.04,93.85,93.89,24161.49
2026-03-17 05:35:00,93.9,93.91,93.52,93.62,43254.17
2026-03-17 05:40:00,93.61,93.75,93.39,93.41,22906.2
2026-03-17 05:45:00,93.42,93.53,93.27,93.47,30513.71
2026-03-17 05:50:00,93.46,93.81,93.46,93.81,24229.26
2026-03-17 05:55:00,93.8,93.85,93.67,93.76,19391.42
2026-03-17 06:00:00,93.75,93.81,93.48,93.54,25577.05
2026-03-17 06:05:00,93.54,93.67,93.41,93.62,23459.51
2026-03-17 06:10:00,93.62,94.07,93.61,94.01,41053.58
2026-03-17 06:15:00,94.01,94.08,93.9,93.95,19478.27
2026-03-17 06:20:00,93.95,94.26,93.94,94.17,30512.17
2026-03-17 06:25:00,94.17,94.2,94.06,94.14,13070.75
2026-03-17 06:30:00,94.14,94.18,93.89,94.06,19130.52
2026-03-17 06:35:00,94.06,94.12,94.0,94.1,9874.01
2026-03-17 06:40:00,94.11,94.14,93.78,93.83,45692.67
2026-03-17 06:45:00,93.83,93.9,93.72,93.81,17191.23
2026-03-17 06:50:00,93.82,93.97,93.82,93.83,13233.23
2026-03-17 06:55:00,93.83,93.9,93.83,93.84,9359.18
2026-03-17 07:00:00,93.84,94.05,93.81,94.02,29572.88
2026-03-17 07:05:00,94.02,94.11,94.0,94.01,11714.85
2026-03-17 07:10:00,94.02,94.25,94.01,94.23,22282.16
2026-03-17 07:15:00,94.22,94.56,94.22,94.55,53574.65
2026-03-17 07:20:00,94.55,94.6,94.43,94.5,34099.89
2026-03-17 07:25:00,94.5,94.5,94.4,94.48,12115.56
2026-03-17 07:30:00,94.47,94.5,94.4,94.47,9372.02
2026-03-17 07:35:00,94.47,94.56,94.36,94.46,16281.33
2026-03-17 07:40:00,94.46,94.58,94.38,94.46,10738.2
2026-03-17 07:45:00,94.47,94.54,94.39,94.45,10085.62
2026-03-17 07:50:00,94.45,94.45,94.3,94.31,10460.42
2026-03-17 07:55:00,94.31,94.41,94.3,94.38,13249.34
2026-03-17 08:00:00,94.37,94.78,94.37,94.69,36761.11
2026-03-17 08:05:00,94.69,94.69,94.49,94.53,19056.09
2026-03-17 08:10:00,94.52,94.58,94.32,94.44,28165.83
2026-03-17 08:15:00,94.44,94.59,94.23,94.55,21798.28
2026-03-17 08:20:00,94.55,94.65,94.45,94.5,16335.28
2026-03-17 08:25:00,94.51,94.65,94.49,94.55,7387.54
2026-03-17 08:30:00,94.55,94.65,94.53,94.58,11774.42
2026-03-17 08:35:00,94.58,94.6,94.42,94.5,6830.32
2026-03-17 08:40:00,94.5,94.82,94.48,94.77,45649.56
2026-03-17 08:45:00,94.77,94.9,94.71,94.78,29641.9
2026-03-17 08:50:00,94.77,94.81,94.65,94.69,18151.55
2026-03-17 08:55:00,94.68,94.72,94.21,94.35,54848.92
2026-03-17 09:00:00,94.35,94.46,94.11,94.14,42592.4
2026-03-17 09:05:00,94.13,94.22,94.0,94.12,38496.56
2026-03-17 09:10:00,94.11,94.18,94.08,94.13,17324.71
2026-03-17 09:15:00,94.13,94.49,94.07,94.46,23999.77
2026-03-17 09:20:00,94.45,94.6,94.34,94.53,35511.5
2026-03-17 09:25:00,94.52,95.05,94.52,94.68,115853.47
2026-03-17 09:30:00,94.68,94.76,94.52,94.58,18861.41
2026-03-17 09:35:00,94.58,94.71,94.51,94.64,23941.72
2026-03-17 09:40:00,94.64,94.69,94.46,94.6,11486.94
2026-03-17 09:45:00,94.6,94.61,94.5,94.53,4705.49
2026-03-17 09:50:00,94.53,94.55,93.93,93.93,84210.57
2026-03-17 09:55:00,93.94,93.94,93.64,93.84,66360.52
2026-03-17 10:00:00,93.85,94.01,93.82,93.83,26773.44
2026-03-17 10:05:00,93.83,93.9,93.57,93.8,61954.01
2026-03-17 10:10:00,93.79,93.99,93.75,93.8,22736.4
2026-03-17 10:15:00,93.81,93.84,93.46,93.72,78057.48
2026-03-17 10:20:00,93.72,93.77,93.65,93.7,13753.63
2026-03-17 10:25:00,93.7,93.76,93.61,93.64,12401.76
2026-03-17 10:30:00,93.63,93.66,93.47,93.63,23544.09
2026-03-17 10:35:00,93.63,93.69,93.4,93.56,26722.91
2026-03-17 10:40:00,93.57,93.59,93.41,93.51,21161.73
2026-03-17 10:45:00,93.51,93.52,93.3,93.31,24843.48
2026-03-17 10:50:00,93.31,93.51,93.2,93.43,52851.69
2026-03-17 10:55:00,93.44,93.59,93.42,93.52,30375.15
2026-03-17 11:00:00,93.52,93.56,93.35,93.48,24039.19
2026-03-17 11:05:00,93.48,93.69,93.48,93.68,37720.86
2026-03-17 11:10:00,93.69,93.72,93.63,93.71,15072.69
2026-03-17 11:15:00,93.7,93.81,93.61,93.72,48953.16
2026-03-17 11:20:00,93.73,93.76,93.53,93.73,16515.53
2026-03-17 11:25:00,93.73,93.85,93.72,93.74,14181.93
2026-03-17 11:30:00,93.75,93.75,93.59,93.68,19687.43
2026-03-17 11:35:00,93.68,93.78,93.61,93.7,9773.84
2026-03-17 11:40:00,93.7,93.75,93.65,93.74,7862.39
2026-03-17 11:45:00,93.74,93.84,93.67,93.79,11247.35
2026-03-17 11:50:00,93.8,93.86,93.67,93.67,19123.52
2026-03-17 11:55:00,93.67,93.67,93.52,93.59,17167.9
2026-03-17 12:00:00,93.6,93.73,93.55,93.71,14132.04
2026-03-17 12:05:00,93.71,93.89,93.69,93.89,13077.46
2026-03-17 12:10:00,93.89,94.04,93.73,93.82,49166.77
2026-03-17 12:15:00,93.82,93.99,93.6,93.98,18252.59
2026-03-17 12:20:00,93.97,94.03,93.56,93.57,30809.2
2026-03-17 12:25:00,93.58,93.61,93.25,93.39,54682.98
2026-03-17 12:30:00,93.39,93.56,93.33,93.48,21756.7
2026-03-17 12:35:00,93.48,93.6,93.08,93.53,47421.81
2026-03-17 12:40:00,93.53,93.55,93.4,93.5,11275.36
2026-03-17 12:45:00,93.49,93.49,93.28,93.33,10263.97
2026-03-17 12:50:00,93.33,93.38,93.19,93.36,18654.12
2026-03-17 12:55:00,93.35,93.4,93.21,93.36,23539.45
2026-03-17 13:00:00,93.35,93.48,93.29,93.48,23945.71
2026-03-17 13:05:00,93.48,93.55,93.44,93.54,13637.28
2026-03-17 13:10:00,93.54,93.68,93.54,93.66,25944.12
2026-03-17 13:15:00,93.67,93.7,93.51,93.64,21309.62
2026-03-17 13:20:00,93.64,93.71,93.49,93.54,13270.28
2026-03-17 13:25:00,93.54,93.65,93.46,93.58,21881.47
2026-03-17 13:30:00,93.57,94.44,93.49,94.06,105094.74
2026-03-17 13:35:00,94.07,94.4,93.93,94.39,82639.04
2026-03-17 13:40:00,94.38,94.53,93.83,93.88,64357.33
2026-03-17 13:45:00,93.88,94.02,93.74,93.96,82191.72
2026-03-17 13:50:00,93.95,94.0,93.35,93.73,70398.91
2026-03-17 13:55:00,93.73,93.94,93.61,93.74,44930.27
2026-03-17 14:00:00,93.75,93.83,93.44,93.62,37531.61
2026-03-17 14:05:00,93.63,94.16,93.57,94.09,38023.66
2026-03-17 14:10:00,94.08,94.25,93.93,94.08,27256.69
2026-03-17 14:15:00,94.08,94.25,93.78,94.04,26134.48
2026-03-17 14:20:00,94.05,94.23,93.95,94.08,18397.68
2026-03-17 14:25:00,94.08,94.25,93.92,94.16,17345.01
2026-03-17 14:30:00,94.17,94.49,94.12,94.42,31881.41
2026-03-17 14:35:00,94.41,94.64,94.25,94.3,45674.31
2026-03-17 14:40:00,94.31,94.48,94.18,94.39,52757.71
2026-03-17 14:45:00,94.39,94.56,94.21,94.26,40885.27
2026-03-17 14:50:00,94.27,94.35,94.01,94.27,26238.48
2026-03-17 14:55:00,94.27,94.48,94.25,94.44,15039.41
2026-03-17 15:00:00,94.44,95.11,94.42,94.86,135948.22
2026-03-17 15:05:00,94.85,94.9,94.22,94.25,52916.85
2026-03-17 15:10:00,94.24,94.25,93.84,93.85,74866.76
2026-03-17 15:15:00,93.84,94.13,93.8,94.06,32489.01
2026-03-17 15:20:00,94.06,94.2,93.67,93.67,67747.31
2026-03-17 15:25:00,93.67,93.84,93.59,93.76,41577.61
2026-03-17 15:30:00,93.76,93.95,93.54,93.65,22108.49
2026-03-17 15:35:00,93.65,93.73,93.18,93.46,77071.98
2026-03-17 15:40:00,93.46,93.59,93.3,93.52,30122.94
2026-03-17 15:45:00,93.52,93.63,93.35,93.43,23002.95
2026-03-17 15:50:00,93.44,93.84,93.44,93.77,28954.52
2026-03-17 15:55:00,93.78,93.79,93.65,93.77,16734.01
2026-03-17 16:00:00,93.76,93.88,93.65,93.81,23561.69
2026-03-17 16:05:00,93.8,94.06,93.76,94.04,23892.11
2026-03-17 16:10:00,94.04,94.17,93.95,93.98,25644.02
2026-03-17 16:15:00,93.98,94.38,93.96,94.38,22859.74
2026-03-17 16:20:00,94.37,94.69,94.26,94.67,45982.3
2026-03-17 16:25:00,94.66,94.74,94.39,94.46,53776.46
2026-03-17 16:30:00,94.47,94.55,94.2,94.34,48009.26
2026-03-17 16:35:00,94.34,94.39,94.13,94.24,19112.33
2026-03-17 16:40:00,94.24,94.38,94.13,94.35,11989.3
2026-03-17 16:45:00,94.34,94.42,94.09,94.25,17610.05
2026-03-17 16:50:00,94.24,94.45,94.24,94.37,10361.92
2026-03-17 16:55:00,94.38,94.43,94.23,94.34,8241.32
2026-03-17 17:00:00,94.34,94.67,94.34,94.57,25957.93
2026-03-17 17:05:00,94.57,94.57,94.45,94.45,15731.3
2026-03-17 17:10:00,94.46,94.46,94.08,94.29,24541.03
2026-03-17 17:15:00,94.28,94.44,94.16,94.42,15883.15
2026-03-17 17:20:00,94.42,94.66,94.41,94.54,23474.51
2026-03-17 17:25:00,94.53,94.54,94.25,94.3,18104.47
2026-03-17 17:30:00,94.3,94.42,94.16,94.19,17283.8
2026-03-17 17:35:00,94.19,94.39,94.18,94.37,18268.69
2026-03-17 17:40:00,94.37,94.5,94.3,94.32,9344.32
2026-03-17 17:45:00,94.32,94.48,94.2,94.48,16087.19
2026-03-17 17:50:00,94.47,94.64,94.44,94.47,22863.99
2026-03-17 17:55:00,94.46,94.52,94.38,94.5,6858.77
2026-03-17 18:00:00,94.51,94.61,94.38,94.59,20956.61
2026-03-17 18:05:00,94.59,94.84,94.52,94.83,21981.01
2026-03-17 18:10:00,94.83,94.97,94.79,94.86,27133.62
2026-03-17 18:15:00,94.86,95.1,94.82,95.01,41324.51
2026-03-17 18:20:00,95.01,95.13,94.96,95.0,15464.96
2026-03-17 18:25:00,95.0,95.08,94.87,94.9,15786.65
2026-03-17 18:30:00,94.9,95.55,94.87,95.36,78206.5
2026-03-17 18:35:00,95.36,95.54,95.31,95.46,18376.09
2026-03-17 18:40:00,95.46,95.54,95.26,95.27,30971.85
2026-03-17 18:45:00,95.27,95.42,95.26,95.26,19880.42
2026-03-17 18:50:00,95.26,95.31,95.16,95.22,25873.46
2026-03-17 18:55:00,95.22,95.28,94.83,95.27,52603.38
2026-03-17 19:00:00,95.28,95.46,95.24,95.32,44830.33
2026-03-17 19:05:00,95.32,95.52,95.26,95.32,35762.75
2026-03-17 19:10:00,95.33,95.5,95.24,95.26,13888.82
2026-03-17 19:15:00,95.27,95.36,95.17,95.17,12762.52
2026-03-17 19:20:00,95.18,95.19,94.94,95.04,16644.37
2026-03-17 19:25:00,95.04,95.13,94.85,95.03,11976.47
2026-03-17 19:30:00,95.02,95.04,94.77,94.82,25023.69
2026-03-17 19:35:00,94.82,95.15,94.82,95.0,26697.78
2026-03-17 19:40:00,94.99,95.04,94.87,94.9,33582.55
2026-03-17 19:45:00,94.91,94.96,94.56,94.82,27494.31
2026-03-17 19:50:00,94.82,94.82,94.56,94.78,10417.58
2026-03-17 19:55:00,94.78,94.78,94.57,94.6,42399.44
2026-03-17 20:00:00,94.6,94.73,94.52,94.55,20878.15
2026-03-17 20:05:00,94.55,94.55,94.35,94.5,21938.73
2026-03-17 20:10:00,94.5,94.62,94.38,94.39,7043.2
2026-03-17 20:15:00,94.4,94.56,94.39,94.5,9539.55
2026-03-17 20:20:00,94.5,94.92,94.48,94.85,18082.69
2026-03-17 20:25:00,94.85,94.98,94.79,94.88,17510.1
2026-03-17 20:30:00,94.88,94.89,94.7,94.71,7493.06
2026-03-17 20:35:00,94.72,94.81,94.68,94.76,6976.59
2026-03-17 20:40:00,94.77,94.77,94.55,94.71,27765.13
2026-03-17 20:45:00,94.71,94.88,94.68,94.87,18531.09
2026-03-17 20:50:00,94.88,94.92,94.78,94.79,3277.09
2026-03-17 20:55:00,94.8,94.86,94.76,94.83,3338.69
2026-03-17 21:00:00,94.82,94.93,94.77,94.84,11304.6
2026-03-17 21:05:00,94.85,94.98,94.83,94.97,8465.28
2026-03-17 21:10:00,94.97,95.39,94.96,95.19,35667.63
2026-03-17 21:15:00,95.19,95.2,95.05,95.12,19548.9
2026-03-17 21:20:00,95.13,95.18,95.07,95.13,10743.04
2026-03-17 21:25:00,95.13,95.16,95.03,95.05,5721.08
2026-03-17 21:30:00,95.06,95.08,94.88,94.96,10480.33
2026-03-17 21:35:00,94.96,95.2,94.94,95.15,15853.46
2026-03-17 21:40:00,95.15,95.32,95.1,95.28,13650.62
2026-03-17 21:45:00,95.28,95.31,95.17,95.21,8266.14
2026-03-17 21:50:00,95.22,95.23,95.1,95.21,8838.14
2026-03-17 21:55:00,95.21,95.23,95.14,95.21,4909.9
2026-03-17 22:00:00,95.21,95.46,95.07,95.44,14055.96
2026-03-17 22:05:00,95.44,95.47,95.17,95.24,15507.27
2026-03-17 22:10:00,95.24,95.41,95.13,95.4,47330.14
2026-03-17 22:15:00,95.4,95.56,95.31,95.35,44018.57
2026-03-17 22:20:00,95.35,95.37,95.26,95.3,9062.16
2026-03-17 22:25:00,95.3,95.32,95.15,95.15,28465.84
2026-03-17 22:30:00,95.15,95.17,94.9,94.99,22441.39
2026-03-17 22:35:00,94.98,95.04,94.52,94.58,37180.77
2026-03-17 22:40:00,94.58,94.89,94.52,94.81,24822.04
2026-03-17 22:45:00,94.82,95.31,94.75,95.24,53864.14
2026-03-17 22:50:00,95.23,95.47,95.17,95.23,39054.78
2026-03-17 22:55:00,95.23,95.28,95.15,95.26,15821.71
2026-03-17 23:00:00,95.25,95.32,95.16,95.19,13041.56
2026-03-17 23:05:00,95.19,95.29,95.13,95.25,9847.78
2026-03-17 23:10:00,95.26,95.38,95.22,95.23,10038.02
2026-03-17 23:15:00,95.24,95.26,95.06,95.18,15482.92
2026-03-17 23:20:00,95.18,95.24,94.81,94.94,22082.93
2026-03-17 23:25:00,94.95,95.02,94.88,94.94,12544.26
2026-03-17 23:30:00,94.93,94.93,94.72,94.83,15477.27
2026-03-17 23:35:00,94.82,94.92,94.78,94.87,25369.98
2026-03-17 23:40:00,94.86,94.86,94.6,94.64,30516.36
2026-03-17 23:45:00,94.65,94.8,94.64,94.78,17496.35
2026-03-17 23:50:00,94.78,94.83,94.62,94.67,15560.25
2026-03-17 23:55:00,94.67,94.71,94.53,94.55,17407.33
2026-03-18 00:00:00,94.55,94.78,94.45,94.64,26251.09
2026-03-18 00:05:00,94.64,94.87,94.59,94.7,19764.19
2026-03-18 00:10:00,94.71,94.78,94.61,94.63,5777.01
2026-03-18 00:15:00,94.63,94.68,94.31,94.42,19968.22
2026-03-18 00:20:00,94.43,94.48,94.06,94.11,38671.17
2026-03-18 00:25:00,94.11,94.32,94.08,94.29,17463.12
2026-03-18 00:30:00,94.28,94.33,94.06,94.14,20595.3
2026-03-18 00:35:00,94.14,94.27,94.05,94.13,19627.37
2026-03-18 00:40:00,94.14,94.34,94.02,94.34,16535.58
2026-03-18 00:45:00,94.35,94.62,94.34,94.46,22158.8
2026-03-18 00:50:00,94.45,94.62,94.44,94.45,12230.88
2026-03-18 00:55:00,94.45,94.57,94.42,94.47,6234.26
2026-03-18 01:00:00,94.48,94.71,94.42,94.62,18781.0
2026-03-18 01:05:00,94.62,94.73,94.52,94.65,14092.74
2026-03-18 01:10:00,94.65,94.68,94.39,94.54,9357.19
2026-03-18 01:15:00,94.55,94.63,94.43,94.56,11195.26
2026-03-18 01:20:00,94.57,94.75,94.52,94.63,9304.11
2026-03-18 01:25:00,94.62,94.74,94.56,94.67,9515.8
2026-03-18 01:30:00,94.67,94.89,94.63,94.82,12492.15
2026-03-18 01:35:00,94.82,94.82,94.57,94.62,11482.36
2026-03-18 01:40:00,94.62,94.75,94.61,94.66,22865.02
2026-03-18 01:45:00,94.66,94.75,94.54,94.62,17510.25
2026-03-18 01:50:00,94.63,94.63,94.25,94.3,26404.83
2026-03-18 01:55:00,94.3,94.42,94.29,94.37,9042.07
2026-03-18 02:00:00,94.37,94.47,94.34,94.41,26802.13
2026-03-18 02:05:00,94.42,94.82,94.41,94.81,15387.32
2026-03-18 02:10:00,94.81,94.93,94.75,94.85,18753.57
2026-03-18 02:15:00,94.86,94.9,94.73,94.79,11796.75
2026-03-18 02:20:00,94.8,94.84,94.69,94.73,9492.65
2026-03-18 02:25:00,94.73,94.74,94.6,94.69,7648.29
2026-03-18 02:30:00,94.69,95.11,94.64,94.94,33123.23
2026-03-18 02:35:00,94.94,95.0,94.81,94.93,17802.11
2026-03-18 02:40:00,94.93,95.04,94.88,95.03,16156.19
2026-03-18 02:45:00,95.04,95.16,94.94,94.97,34984.43
2026-03-18 02:50:00,94.97,95.01,94.88,94.91,14641.2
2026-03-18 02:55:00,94.91,94.94,94.84,94.87,9734.72
2026-03-18 03:00:00,94.87,94.99,94.87,94.94,13584.39
2026-03-18 03:05:00,94.94,94.99,94.75,94.84,22579.34
2026-03-18 03:10:00,94.84,94.91,94.81,94.83,7947.87
2026-03-18 03:15:00,94.84,94.89,94.82,94.85,3590.48
2026-03-18 03:20:00,94.85,95.32,94.83,95.25,28000.51
2026-03-18 03:25:00,95.25,95.45,95.23,95.29,45817.09
2026-03-18 03:30:00,95.3,95.53,95.29,95.42,33867.26
2026-03-18 03:35:00,95.42,95.59,95.21,95.23,24173.54
2026-03-18 03:40:00,95.22,95.28,95.11,95.2,17629.76
2026-03-18 03:45:00,95.21,95.25,95.06,95.13,13232.03
2026-03-18 03:50:00,95.12,95.13,94.99,95.06,17892.53
2026-03-18 03:55:00,95.06,95.1,94.96,94.99,12272.02
2026-03-18 04:00:00,94.99,95.06,94.91,94.98,18876.8
2026-03-18 04:05:00,94.98,94.98,94.77,94.78,29052.22
2026-03-18 04:10:00,94.77,94.83,94.7,94.76,26132.08
2026-03-18 04:15:00,94.75,94.76,94.45,94.67,91169.39
2026-03-18 04:20:00,94.67,94.78,94.54,94.57,18602.65
2026-03-18 04:25:00,94.57,94.6,94.21,94.28,74354.62
2026-03-18 04:30:00,94.27,94.31,93.88,94.15,98882.98
2026-03-18 04:35:00,94.15,94.18,93.98,94.15,51443.5
2026-03-18 04:40:00,94.15,94.15,94.07,94.09,17195.03
2026-03-18 04:45:00,94.09,94.2,94.06,94.09,28214.66
2026-03-18 04:50:00,94.1,94.17,94.09,94.09,12348.25
2026-03-18 04:55:00,94.1,94.11,94.03,94.06,10504.61
2026-03-18 05:00:00,94.07,94.22,93.91,93.96,62652.77
2026-03-18 05:05:00,93.96,94.13,93.71,94.12,112855.16
2026-03-18 05:10:00,94.11,94.35,94.11,94.29,39015.89
2026-03-18 05:15:00,94.29,94.31,94.23,94.23,19911.48
2026-03-18 05:20:00,94.24,94.24,94.02,94.12,17876.09
2026-03-18 05:25:00,94.12,94.14,93.96,94.06,14384.26
2026-03-18 05:30:00,94.06,94.22,94.03,94.04,12579.31
2026-03-18 05:35:00,94.03,94.1,93.91,94.08,9619.72
2026-03-18 05:40:00,94.08,94.08,93.97,94.01,9466.71
2026-03-18 05:45:00,94.02,94.13,94.0,94.02,14280.75
2026-03-18 05:50:00,94.03,94.04,93.75,93.77,20407.12
2026-03-18 05:55:00,93.77,93.91,93.66,93.87,42189.8
2026-03-18 06:00:00,93.87,94.04,93.86,94.0,14925.24
2026-03-18 06:05:00,94.0,94.13,94.0,94.11,9858.03
2026-03-18 06:10:00,94.11,94.18,94.07,94.16,9677.45
2026-03-18 06:15:00,94.16,94.26,94.07,94.24,21620.67
2026-03-18 06:20:00,94.25,94.58,94.14,94.53,29772.99
2026-03-18 06:25:00,94.54,94.59,94.35,94.38,27548.48
2026-03-18 06:30:00,94.38,94.51,94.36,94.39,11405.55
2026-03-18 06:35:00,94.39,94.46,94.22,94.23,19182.24
2026-03-18 06:40:00,94.23,94.27,94.14,94.27,11006.23
2026-03-18 06:45:00,94.27,94.37,94.24,94.3,8476.17
2026-03-18 06:50:00,94.29,94.38,94.29,94.35,7015.61
2026-03-18 06:55:00,94.35,94.36,94.15,94.17,13944.96
2026-03-18 07:00:00,94.18,94.26,94.07,94.14,12282.44
2026-03-18 07:05:00,94.14,94.17,93.94,93.95,18816.34
2026-03-18 07:10:00,93.95,94.15,93.95,94.15,11053.8
2026-03-18 07:15:00,94.15,94.19,93.99,93.99,10707.84
2026-03-18 07:20:00,93.98,94.02,93.95,94.0,10012.96
2026-03-18 07:25:00,94.0,94.04,93.83,93.91,16536.42
2026-03-18 07:30:00,93.9,93.92,93.84,93.85,15391.14
2026-03-18 07:35:00,93.86,93.98,93.8,93.82,19052.39
2026-03-18 07:40:00,93.82,93.96,93.78,93.8,9865.2
2026-03-18 07:45:00,93.81,93.97,93.76,93.94,12657.26
2026-03-18 07:50:00,93.94,94.05,93.87,93.87,26349.55
2026-03-18 07:55:00,93.88,93.91,93.86,93.88,14637.67
2026-03-18 08:00:00,93.88,94.13,93.88,94.08,19716.38
2026-03-18 08:05:00,94.07,94.2,94.0,94.0,23717.04
2026-03-18 08:10:00,94.01,94.07,93.94,94.04,24488.62
2026-03-18 08:15:00,94.04,94.15,93.98,94.04,9416.78
2026-03-18 08:20:00,94.05,94.18,94.02,94.17,8929.72
2026-03-18 08:25:00,94.17,94.19,94.03,94.12,20680.46
2026-03-18 08:30:00,94.12,94.14,93.98,94.13,10852.38
2026-03-18 08:35:00,94.12,94.18,93.97,94.15,16251.7
2026-03-18 08:40:00,94.16,94.16,94.02,94.14,5324.46
2026-03-18 08:45:00,94.14,94.14,94.01,94.04,4689.93
2026-03-18 08:50:00,94.04,94.13,94.01,94.01,8006.94
2026-03-18 08:55:00,94.01,94.06,93.92,93.96,9069.63
2026-03-18 09:00:00,93.97,94.04,93.88,94.01,13863.89
2026-03-18 09:05:00,94.01,94.23,94.01,94.17,18641.51
2026-03-18 09:10:00,94.17,94.29,94.13,94.21,12674.17
2026-03-18 09:15:00,94.22,94.36,94.2,94.34,17944.47
2026-03-18 09:20:00,94.34,94.34,94.16,94.21,19140.1
2026-03-18 09:25:00,94.21,94.22,94.15,94.18,7930.2
2026-03-18 09:30:00,94.18,94.27,94.16,94.23,8407.51
2026-03-18 09:35:00,94.23,94.38,94.13,94.26,22071.27
2026-03-18 09:40:00,94.27,94.33,94.22,94.24,8484.13
2026-03-18 09:45:00,94.25,94.31,94.19,94.25,6236.44
2026-03-18 09:50:00,94.26,94.29,94.06,94.12,12491.69
2026-03-18 09:55:00,94.12,94.23,94.11,94.21,4435.94
2026-03-18 10:00:00,94.22,94.28,94.07,94.07,8917.86
2026-03-18 10:05:00,94.07,94.15,94.0,94.15,8148.31
2026-03-18 10:10:00,94.14,94.38,94.14,94.29,14471.42
2026-03-18 10:15:00,94.29,94.3,94.21,94.23,3541.1
2026-03-18 10:20:00,94.23,94.25,94.2,94.24,3012.11
2026-03-18 10:25:00,94.24,94.31,94.24,94.27,9559.28
2026-03-18 10:30:00,94.28,94.36,94.14,94.14,9158.26
2026-03-18 10:35:00,94.14,94.16,93.93,93.94,15406.75
2026-03-18 10:40:00,93.94,93.95,93.52,93.62,67272.13
2026-03-18 10:45:00,93.62,93.68,93.4,93.68,79409.17
2026-03-18 10:50:00,93.68,93.73,93.64,93.66,16258.19
2026-03-18 10:55:00,93.66,93.82,93.61,93.8,21382.47
2026-03-18 11:00:00,93.79,93.79,93.46,93.53,27709.36
2026-03-18 11:05:00,93.54,93.73,93.36,93.73,38393.45
2026-03-18 11:10:00,93.73,94.02,93.73,93.78,33737.45
2026-03-18 11:15:00,93.78,93.94,93.77,93.91,16523.14
2026-03-18 11:20:00,93.9,93.92,93.84,93.85,7751.17
2026-03-18 11:25:00,93.85,93.86,93.23,93.29,102008.11
2026-03-18 11:30:00,93.29,93.38,92.12,92.19,489012.42
2026-03-18 11:35:00,92.2,92.37,91.73,91.82,287342.12
2026-03-18 11:40:00,91.82,92.3,91.73,92.19,128720.15
2026-03-18 11:45:00,92.18,92.2,91.88,91.91,59734.39
2026-03-18 11:50:00,91.91,92.13,91.77,91.85,66198.87
2026-03-18 11:55:00,91.86,92.07,91.83,91.94,55564.07
2026-03-18 12:00:00,91.94,92.04,91.53,91.73,160015.77
2026-03-18 12:05:00,91.74,91.74,91.46,91.63,71025.01
2026-03-18 12:10:00,91.63,91.84,91.57,91.83,47558.06
2026-03-18 12:15:00,91.83,91.94,91.6,91.64,47627.72
2026-03-18 12:20:00,91.64,91.77,91.47,91.62,59600.62
2026-03-18 12:25:00,91.62,91.7,91.42,91.62,40939.66
2026-03-18 12:30:00,91.61,91.63,90.25,90.63,423223.1
2026-03-18 12:35:00,90.64,90.73,90.48,90.58,93723.88
2026-03-18 12:40:00,90.59,90.7,90.38,90.51,58622.64
2026-03-18 12:45:00,90.51,90.53,90.28,90.44,56230.42
2026-03-18 12:50:00,90.43,90.66,90.28,90.61,73300.35
2026-03-18 12:55:00,90.61,90.66,90.34,90.34,36174.03
2026-03-18 13:00:00,90.35,90.52,89.82,90.41,187451.85
2026-03-18 13:05:00,90.4,90.59,90.27,90.43,50556.13
2026-03-18 13:10:00,90.44,90.49,90.2,90.36,33898.35
2026-03-18 13:15:00,90.36,90.39,90.08,90.24,33941.67
2026-03-18 13:20:00,90.23,90.7,90.21,90.56,53531.32
2026-03-18 13:25:00,90.56,90.63,90.45,90.63,39273.27
2026-03-18 13:30:00,90.63,90.64,90.16,90.31,69793.52
2026-03-18 13:35:00,90.31,90.69,90.21,90.43,137055.61
2026-03-18 13:40:00,90.42,90.61,90.24,90.33,58551.19
2026-03-18 13:45:00,90.33,90.58,90.18,90.23,52755.52
2026-03-18 13:50:00,90.23,90.39,90.04,90.2,34068.52
2026-03-18 13:55:00,90.2,90.26,89.95,90.25,44634.2
2026-03-18 14:00:00,90.25,90.34,89.84,90.11,77943.68
2026-03-18 14:05:00,90.11,90.34,89.98,90.23,42106.66
2026-03-18 14:10:00,90.23,90.23,89.71,89.76,92831.06
2026-03-18 14:15:00,89.77,89.94,89.68,89.81,52224.04
2026-03-18 14:20:00,89.82,90.01,89.72,89.91,51154.95
2026-03-18 14:25:00,89.91,89.96,89.4,89.53,120911.17
2026-03-18 14:30:00,89.53,89.67,89.27,89.53,130384.81
2026-03-18 14:35:00,89.53,89.7,89.4,89.41,36827.99
2026-03-18 14:40:00,89.4,89.55,89.11,89.24,80611.68
2026-03-18 14:45:00,89.24,89.43,89.21,89.41,65896.8
2026-03-18 14:50:00,89.41,89.43,88.93,89.05,93577.37
2026-03-18 14:55:00,89.04,89.26,88.77,88.89,156736.36
2026-03-18 15:00:00,88.89,89.14,88.46,89.06,224763.43
2026-03-18 15:05:00,89.05,89.3,88.94,89.17,105153.99
2026-03-18 15:10:00,89.17,89.17,88.66,88.77,57310.42
2026-03-18 15:15:00,88.78,89.03,88.7,88.93,70185.21
2026-03-18 15:20:00,88.92,89.06,88.83,88.98,33376.77
2026-03-18 15:25:00,88.98,89.25,88.88,89.1,77748.39
2026-03-18 15:30:00,89.09,89.32,89.03,89.27,62104.19
2026-03-18 15:35:00,89.27,89.27,89.04,89.22,34105.96
2026-03-18 15:40:00,89.21,89.24,89.05,89.19,26830.96
2026-03-18 15:45:00,89.2,89.21,88.98,89.15,25281.49
2026-03-18 15:50:00,89.14,89.3,89.1,89.27,41467.8
2026-03-18 15:55:00,89.27,89.42,89.22,89.31,42522.76
2026-03-18 16:00:00,89.3,89.3,88.98,89.0,123827.65
2026-03-18 16:05:00,89.01,89.06,88.73,88.83,107915.95
2026-03-18 16:10:00,88.82,89.01,88.7,88.89,37803.45
2026-03-18 16:15:00,88.89,88.95,88.78,88.82,33042.58
2026-03-18 16:20:00,88.82,88.92,88.7,88.81,25668.63
2026-03-18 16:25:00,88.81,88.95,88.65,88.84,44403.8
2026-03-18 16:30:00,88.83,89.01,88.74,88.77,36558.81
2026-03-18 16:35:00,88.76,88.98,88.57,88.92,29693.12
2026-03-18 16:40:00,88.93,88.98,88.8,88.97,13737.97
2026-03-18 16:45:00,88.97,89.0,88.78,88.9,25178.01
2026-03-18 16:50:00,88.9,89.16,88.88,89.1,30238.23
2026-03-18 16:55:00,89.09,89.1,88.85,88.91,26932.37
2026-03-18 17:00:00,88.9,88.98,88.75,88.96,29971.52
2026-03-18 17:05:00,88.96,88.97,88.78,88.88,9257.47
2026-03-18 17:10:00,88.89,89.01,88.88,88.92,18045.82
2026-03-18 17:15:00,88.92,89.14,88.9,89.14,18864.95
2026-03-18 17:20:00,89.14,89.56,89.11,89.5,61438.31
2026-03-18 17:25:00,89.5,89.54,89.3,89.42,54904.9
2026-03-18 17:30:00,89.43,89.53,89.24,89.47,45167.12
2026-03-18 17:35:00,89.47,90.29,89.47,90.26,142000.82
2026-03-18 17:40:00,90.26,90.27,89.78,89.95,87331.75
2026-03-18 17:45:00,89.95,90.27,89.93,90.01,68102.6
2026-03-18 17:50:00,90.02,90.02,89.82,89.89,30019.63
2026-03-18 17:55:00,89.89,89.94,89.79,89.85,21274.89
2026-03-18 18:00:00,89.84,90.77,89.83,90.69,144583.8
2026-03-18 18:05:00,90.7,90.71,90.44,90.53,51484.73
2026-03-18 18:10:00,90.54,90.78,90.42,90.49,75213.16
2026-03-18 18:15:00,90.49,90.49,89.78,89.88,84038.45
2026-03-18 18:20:00,89.87,90.01,89.73,89.95,35043.03
2026-03-18 18:25:00,89.94,90.01,89.81,90.01,23278.06
2026-03-18 18:30:00,90.0,90.31,89.87,89.89,41200.01
2026-03-18 18:35:00,89.89,90.29,89.87,90.04,26459.5
2026-03-18 18:40:00,90.04,90.19,89.97,89.98,17361.9
2026-03-18 18:45:00,89.98,89.99,89.6,89.72,41773.59
2026-03-18 18:50:00,89.73,89.88,89.36,89.37,44869.4
2026-03-18 18:55:00,89.36,89.58,89.3,89.51,44882.82
2026-03-18 19:00:00,89.51,89.9,89.48,89.9,41052.44
2026-03-18 19:05:00,89.9,89.93,89.73,89.92,13162.68
2026-03-18 19:10:00,89.92,89.92,89.7,89.73,12048.9
2026-03-18 19:15:00,89.73,89.99,89.71,89.91,13627.42
2026-03-18 19:20:00,89.91,89.92,89.65,89.67,17474.85
2026-03-18 19:25:00,89.67,89.8,89.6,89.78,11173.28
2026-03-18 19:30:00,89.78,89.91,89.65,89.78,20280.51
2026-03-18 19:35:00,89.78,89.81,89.65,89.65,7304.64
2026-03-18 19:40:00,89.66,89.73,89.54,89.65,13654.38
2026-03-18 19:45:00,89.65,89.66,89.47,89.49,7281.43
2026-03-18 19:50:00,89.5,89.63,89.38,89.61,13322.58
2026-03-18 19:55:00,89.6,89.71,89.51,89.63,56153.36
2026-03-18 20:00:00,89.64,89.74,89.55,89.65,24085.23
2026-03-18 20:05:00,89.65,89.65,89.0,89.05,81360.6
2026-03-18 20:10:00,89.06,89.43,88.91,89.34,62890.1
2026-03-18 20:15:00,89.34,89.5,89.28,89.33,27339.72
2026-03-18 20:20:00,89.34,89.39,89.31,89.38,14355.33
2026-03-18 20:25:00,89.38,89.52,89.31,89.45,11968.02
2026-03-18 20:30:00,89.45,89.81,89.43,89.77,29445.05
2026-03-18 20:35:00,89.76,89.9,89.67,89.86,33628.33
2026-03-18 20:40:00,89.87,89.95,89.78,89.79,17302.45
2026-03-18 20:45:00,89.79,90.08,89.68,89.97,25055.57
2026-03-18 20:50:00,89.98,90.02,89.85,89.96,20331.49
2026-03-18 20:55:00,89.96,90.03,89.93,89.93,7881.06
2026-03-18 21:00:00,89.93,90.04,89.87,90.03,7945.02
2026-03-18 21:05:00,90.03,90.19,90.03,90.18,14359.42
2026-03-18 21:10:00,90.19,90.37,90.15,90.15,23107.67
2026-03-18 21:15:00,90.15,90.27,90.07,90.23,10413.46
2026-03-18 21:20:00,90.24,90.33,90.17,90.2,24104.61
2026-03-18 21:25:00,90.2,90.23,90.12,90.2,15125.33
2026-03-18 21:30:00,90.21,90.27,90.15,90.19,11501.04
2026-03-18 21:35:00,90.19,90.58,90.17,90.48,28057.82
2026-03-18 21:40:00,90.48,90.49,90.31,90.35,15482.96
2026-03-18 21:45:00,90.35,90.4,90.27,90.31,6846.24
2026-03-18 21:50:00,90.31,90.4,90.26,90.37,10407.85
2026-03-18 21:55:00,90.37,90.54,90.37,90.41,15486.34
2026-03-18 22:00:00,90.4,90.42,90.2,90.21,11946.08
2026-03-18 22:05:00,90.21,90.24,89.94,90.2,48009.98
2026-03-18 22:10:00,90.21,90.26,90.06,90.18,31238.9
2026-03-18 22:15:00,90.18,90.41,90.09,90.35,27252.6
2026-03-18 22:20:00,90.36,90.43,90.24,90.25,28221.75
2026-03-18 22:25:00,90.25,90.27,90.18,90.21,8502.11
2026-03-18 22:30:00,90.22,90.36,90.02,90.3,49413.33
2026-03-18 22:35:00,90.3,90.38,90.12,90.13,27696.48
2026-03-18 22:40:00,90.12,90.14,89.96,90.07,22786.47
2026-03-18 22:45:00,90.07,90.09,89.91,89.97,9968.05
2026-03-18 22:50:00,89.97,89.99,89.87,89.92,7311.38
2026-03-18 22:55:00,89.92,89.98,89.9,89.98,11840.98
2026-03-18 23:00:00,89.97,90.04,89.78,89.81,39009.8
2026-03-18 23:05:00,89.81,89.9,89.73,89.86,14409.71
2026-03-18 23:10:00,89.85,89.89,89.74,89.74,11501.03
2026-03-18 23:15:00,89.74,89.79,89.63,89.74,16860.33
2026-03-18 23:20:00,89.75,89.81,89.67,89.74,11958.93
2026-03-18 23:25:00,89.75,89.91,89.72,89.88,5809.17
2026-03-18 23:30:00,89.87,90.09,89.87,90.05,14190.84
2026-03-18 23:35:00,90.05,90.12,90.02,90.08,12420.35
2026-03-18 23:40:00,90.09,90.11,89.95,89.95,9938.52
2026-03-18 23:45:00,89.96,90.03,89.83,90.02,15913.76
2026-03-18 23:50:00,90.03,90.04,89.88,89.95,17281.42
2026-03-18 23:55:00,89.96,90.08,89.95,90.02,9175.19
2026-03-19 00:00:00,90.02,90.11,89.89,89.99,25965.23
2026-03-19 00:05:00,89.99,90.12,89.93,89.95,13512.28
2026-03-19 00:10:00,89.95,90.03,89.77,90.03,15676.45
2026-03-19 00:15:00,90.02,90.05,89.87,89.94,15699.43
2026-03-19 00:20:00,89.94,90.0,89.86,89.93,5951.28
2026-03-19 00:25:00,89.93,90.25,89.92,90.22,25646.14
2026-03-19 00:30:00,90.23,90.23,89.9,89.9,18927.32
2026-03-19 00:35:00,89.9,90.04,89.83,90.04,20646.59
2026-03-19 00:40:00,90.04,90.08,89.96,89.99,9664.89
2026-03-19 00:45:00,89.99,90.18,89.96,90.07,13411.7
2026-03-19 00:50:00,90.08,90.15,90.0,90.11,7344.18
2026-03-19 00:55:00,90.11,90.12,90.0,90.05,6460.56
2026-03-19 01:00:00,90.06,90.2,89.92,89.94,19119.8
2026-03-19 01:05:00,89.94,90.16,89.86,90.0,10518.12
2026-03-19 01:10:00,90.0,90.06,89.93,89.99,8576.75
2026-03-19 01:15:00,90.0,90.17,90.0,90.02,5197.84
2026-03-19 01:20:00,90.02,90.1,89.92,89.97,6059.32
2026-03-19 01:25:00,89.97,90.14,89.95,90.13,8025.9
2026-03-19 01:30:00,90.14,90.23,90.0,90.18,15093.4
2026-03-19 01:35:00,90.18,90.26,90.11,90.2,8659.48
2026-03-19 01:40:00,90.21,90.31,90.15,90.24,24067.33
2026-03-19 01:45:00,90.24,90.32,90.18,90.3,13647.83
2026-03-19 01:50:00,90.3,90.3,90.17,90.25,7047.61
2026-03-19 01:55:00,90.25,90.31,90.1,90.1,12102.5
2026-03-19 02:00:00,90.1,90.11,89.71,89.99,34496.82
2026-03-19 02:05:00,89.98,90.23,89.88,90.07,11392.01
2026-03-19 02:10:00,90.07,90.23,90.07,90.2,12162.44
2026-03-19 02:15:00,90.21,90.33,90.14,90.17,10963.83
2026-03-19 02:20:00,90.17,90.33,90.16,90.2,9147.07
2026-03-19 02:25:00,90.2,90.28,90.13,90.28,12090.29
2026-03-19 02:30:00,90.28,90.29,90.12,90.25,11638.42
2026-03-19 02:35:00,90.25,90.3,90.18,90.2,8313.46
2026-03-19 02:40:00,90.21,90.29,90.17,90.22,5237.6
2026-03-19 02:45:00,90.22,90.22,90.0,90.01,13588.5
2026-03-19 02:50:00,90.0,90.06,89.9,89.9,14465.21
2026-03-19 02:55:00,89.9,89.94,89.86,89.92,10478.34
2026-03-19 03:00:00,89.92,90.02,89.9,89.96,16551.93
2026-03-19 03:05:00,89.97,90.12,89.86,90.1,13340.3
2026-03-19 03:10:00,90.11,90.25,90.11,90.18,19846.26
2026-03-19 03:15:00,90.18,90.97,90.16,90.89,105780.8
2026-03-19 03:20:00,90.89,91.14,90.68,90.96,76280.08
2026-03-19 03:25:00,90.97,91.37,90.87,91.19,69434.69
2026-03-19 03:30:00,91.19,91.29,90.98,91.1,54316.54
2026-03-19 03:35:00,91.1,91.12,90.79,90.86,38702.77
2026-03-19 03:40:00,90.87,90.95,90.77,90.86,34677.71
2026-03-19 03:45:00,90.85,91.03,90.79,90.98,36730.74
2026-03-19 03:50:00,90.98,90.98,90.85,90.88,9963.67
2026-03-19 03:55:00,90.88,90.89,90.64,90.66,37769.65
2026-03-19 04:00:00,90.67,90.67,90.39,90.53,62038.56
2026-03-19 04:05:00,90.52,90.53,90.06,90.23,65347.22
2026-03-19 04:10:00,90.23,90.23,89.95,90.17,73209.18
2026-03-19 04:15:00,90.17,90.19,89.99,90.04,30060.42
2026-03-19 04:20:00,90.03,90.06,89.95,89.97,24135.29
2026-03-19 04:25:00,89.97,89.98,89.69,89.88,73024.8
2026-03-19 04:30:00,89.87,89.94,89.71,89.85,24758.16
2026-03-19 04:35:00,89.85,89.88,89.73,89.84,20419.28
2026-03-19 04:40:00,89.84,89.92,89.7,89.89,12395.96
2026-03-19 04:45:00,89.9,89.9,89.75,89.85,8746.28
2026-03-19 04:50:00,89.85,89.96,89.81,89.82,16509.26
2026-03-19 04:55:00,89.82,89.98,89.81,89.84,18910.11
2026-03-19 05:00:00,89.84,89.92,89.78,89.86,20133.21
2026-03-19 05:05:00,89.86,89.98,89.82,89.87,12088.14
2026-03-19 05:10:00,89.87,89.88,89.76,89.84,9706.7
2026-03-19 05:15:00,89.84,89.99,89.82,89.97,5392.03
2026-03-19 05:20:00,89.97,90.04,89.87,89.88,16660.78
2026-03-19 05:25:00,89.88,89.91,89.65,89.75,19683.85
2026-03-19 05:30:00,89.74,89.8,89.68,89.71,12564.92
2026-03-19 05:35:00,89.71,89.85,89.7,89.84,7614.3
2026-03-19 05:40:00,89.83,89.95,89.73,89.75,12815.63
2026-03-19 05:45:00,89.76,89.83,89.6,89.72,23102.97
2026-03-19 05:50:00,89.72,89.81,89.67,89.72,14968.34
2026-03-19 05:55:00,89.72,89.75,89.64,89.7,10046.43
2026-03-19 06:00:00,89.7,89.78,89.51,89.58,30897.49
2026-03-19 06:05:00,89.58,90.0,89.44,89.78,53635.12
2026-03-19 06:10:00,89.78,89.94,89.77,89.77,16441.9
2026-03-19 06:15:00,89.77,90.13,89.75,89.97,81536.37
2026-03-19 06:20:00,89.96,90.08,89.84,89.88,17772.49
2026-03-19 06:25:00,89.88,90.02,89.83,89.83,8789.83
2026-03-19 06:30:00,89.84,89.91,89.6,89.66,25025.96
2026-03-19 06:35:00,89.66,89.94,89.49,89.9,29540.48
2026-03-19 06:40:00,89.91,89.96,89.84,89.9,12323.82
2026-03-19 06:45:00,89.91,89.98,89.79,89.85,19682.16
2026-03-19 06:50:00,89.86,89.9,89.74,89.79,10925.8
2026-03-19 06:55:00,89.79,89.84,89.73,89.82,13772.52
2026-03-19 07:00:00,89.81,89.9,89.59,89.87,44418.77
2026-03-19 07:05:00,89.87,89.99,89.66,89.77,37440.46
2026-03-19 07:10:00,89.76,89.82,89.31,89.39,118518.07
2026-03-19 07:15:00,89.39,89.45,89.09,89.1,118682.78
2026-03-19 07:20:00,89.09,89.13,88.56,88.75,178713.2
2026-03-19 07:25:00,88.76,89.2,88.71,89.01,78135.85
2026-03-19 07:30:00,89.02,89.18,88.95,89.12,50435.03
2026-03-19 07:35:00,89.12,89.68,89.11,89.64,84134.23
2026-03-19 07:40:00,89.64,89.88,89.56,89.58,62681.11
2026-03-19 07:45:00,89.58,89.62,89.39,89.45,42143.95
2026-03-19 07:50:00,89.45,89.62,89.37,89.51,21030.52
2026-03-19 07:55:00,89.51,89.6,89.29,89.36,23799.25
2026-03-19 08:00:00,89.35,89.55,89.3,89.32,45374.09
2026-03-19 08:05:00,89.31,89.5,89.26,89.39,26236.65
2026-03-19 08:10:00,89.38,89.57,89.33,89.37,20334.39
2026-03-19 08:15:00,89.37,89.52,89.28,89.39,12380.77
2026-03-19 08:20:00,89.4,89.57,89.16,89.4,14548.76
2026-03-19 08:25:00,89.4,89.4,89.06,89.11,18250.46
2026-03-19 08:30:00,89.1,89.25,89.05,89.07,21042.41
2026-03-19 08:35:00,89.08,89.23,89.04,89.13,14626.45
2026-03-19 08:40:00,89.12,89.53,89.11,89.35,37514.99
2026-03-19 08:45:00,89.35,89.43,89.27,89.39,20264.81
2026-03-19 08:50:00,89.38,89.47,89.24,89.39,14741.68
2026-03-19 08:55:00,89.38,89.42,89.22,89.3,9750.19
2026-03-19 09:00:00,89.3,89.55,89.29,89.39,23611.01
2026-03-19 09:05:00,89.4,89.55,89.36,89.41,17521.31
2026-03-19 09:10:00,89.42,89.48,89.11,89.26,30876.55
2026-03-19 09:15:00,89.27,89.34,89.18,89.33,11601.76
2026-03-19 09:20:00,89.33,90.0,89.31,89.67,97681.02
2026-03-19 09:25:00,89.67,89.8,89.44,89.56,67223.65
2026-03-19 09:30:00,89.57,89.76,89.54,89.58,27093.25
2026-03-19 09:35:00,89.59,89.85,89.57,89.74,19221.21
2026-03-19 09:40:00,89.74,89.89,89.7,89.82,31846.51
2026-03-19 09:45:00,89.82,90.0,89.81,89.99,25511.92
2026-03-19 09:50:00,89.99,90.17,89.92,90.05,109480.45
2026-03-19 09:55:00,90.04,90.36,90.0,90.15,59325.36
2026-03-19 10:00:00,90.15,90.19,90.01,90.04,26196.92
2026-03-19 10:05:00,90.04,90.2,90.03,90.09,17739.56
2026-03-19 10:10:00,90.08,90.13,90.0,90.11,23214.2
2026-03-19 10:15:00,90.11,90.19,90.08,90.13,12122.11
2026-03-19 10:20:00,90.14,90.37,90.01,90.32,58004.79
2026-03-19 10:25:00,90.32,90.47,90.15,90.15,36698.94
2026-03-19 10:30:00,90.16,90.21,90.02,90.03,24376.18
2026-03-19 10:35:00,90.03,90.07,89.83,89.83,24302.29
2026-03-19 10:40:00,89.83,89.87,89.78,89.86,17667.24
2026-03-19 10:45:00,89.86,89.98,89.81,89.93,19742.35
2026-03-19 10:50:00,89.93,89.93,89.8,89.88,17413.32
2026-03-19 10:55:00,89.88,89.89,89.73,89.75,11269.36
2026-03-19 11:00:00,89.76,89.99,89.72,89.82,23056.15
2026-03-19 11:05:00,89.81,89.91,89.77,89.87,19445.23
2026-03-19 11:10:00,89.86,89.9,89.78,89.82,10256.84
2026-03-19 11:15:00,89.82,89.9,89.74,89.87,10581.04
2026-03-19 11:20:00,89.87,89.93,89.83,89.88,8363.82
2026-03-19 11:25:00,89.88,89.93,89.83,89.89,8152.85
2026-03-19 11:30:00,89.88,89.97,89.66,89.68,17364.32
2026-03-19 11:35:00,89.68,89.68,89.49,89.51,33786.14
2026-03-19 11:40:00,89.51,89.55,89.42,89.48,24665.88
2026-03-19 11:45:00,89.48,89.56,89.47,89.51,14508.01
2026-03-19 11:50:00,89.51,89.63,89.5,89.51,9093.53
2026-03-19 11:55:00,89.5,89.59,89.47,89.57,8356.36
2026-03-19 12:00:00,89.57,89.57,89.35,89.36,22383.54
2026-03-19 12:05:00,89.36,89.39,89.15,89.28,85388.69
2026-03-19 12:10:00,89.27,89.42,89.27,89.33,35338.54
2026-03-19 12:15:00,89.33,89.36,89.09,89.12,27924.71
2026-03-19 12:20:00,89.11,89.24,89.1,89.12,22191.64
2026-03-19 12:25:00,89.12,89.14,88.87,88.98,56257.09
2026-03-19 12:30:00,88.98,89.02,88.8,88.87,55543.82
2026-03-19 12:35:00,88.87,89.05,88.87,88.94,20142.13
2026-03-19 12:40:00,88.93,88.96,88.78,88.78,24101.42
2026-03-19 12:45:00,88.78,88.78,88.61,88.7,78331.66
2026-03-19 12:50:00,88.7,88.72,87.95,88.15,236850.84
2026-03-19 12:55:00,88.15,88.27,88.0,88.05,67990.93
2026-03-19 13:00:00,88.05,88.24,87.65,88.21,156876.31
2026-03-19 13:05:00,88.21,88.25,88.01,88.14,62786.89
2026-03-19 13:10:00,88.14,88.14,87.54,87.6,80926.37
2026-03-19 13:15:00,87.61,88.1,87.57,87.97,86674.6
2026-03-19 13:20:00,87.98,88.39,87.91,87.99,44445.01
2026-03-19 13:25:00,87.99,88.07,87.85,87.94,32608.12
2026-03-19 13:30:00,87.93,88.02,87.69,87.89,62613.91
2026-03-19 13:35:00,87.89,87.95,87.48,87.6,81515.12
2026-03-19 13:40:00,87.6,88.69,87.55,88.46,143540.38
2026-03-19 13:45:00,88.46,88.48,88.06,88.47,57059.74
2026-03-19 13:50:00,88.47,88.65,88.23,88.65,58956.36
2026-03-19 13:55:00,88.66,88.67,88.39,88.45,55441.69
2026-03-19 14:00:00,88.46,88.85,88.17,88.22,75340.79
2026-03-19 14:05:00,88.22,88.4,88.03,88.07,42568.22
2026-03-19 14:10:00,88.06,88.36,87.97,87.99,36100.84
2026-03-19 14:15:00,88.0,88.12,87.78,87.86,34687.0
2026-03-19 14:20:00,87.87,88.0,87.7,87.88,32316.21
2026-03-19 14:25:00,87.88,87.94,87.51,87.54,34658.06
2026-03-19 14:30:00,87.55,87.81,87.51,87.7,33851.86
2026-03-19 14:35:00,87.7,87.8,87.37,87.49,62083.57
2026-03-19 14:40:00,87.48,87.82,87.44,87.68,44793.75
2026-03-19 14:45:00,87.68,87.86,87.55,87.85,28349.08
2026-03-19 14:50:00,87.85,88.32,87.79,88.18,58954.66
2026-03-19 14:55:00,88.19,88.29,88.02,88.17,29192.46
2026-03-19 15:00:00,88.17,88.43,88.09,88.42,30140.11
2026-03-19 15:05:00,88.43,88.7,88.32,88.39,40018.85
2026-03-19 15:10:00,88.39,88.53,88.26,88.41,19163.91
2026-03-19 15:15:00,88.42,88.59,87.77,87.82,38439.06
2026-03-19 15:20:00,87.82,87.87,87.61,87.73,37704.39
2026-03-19 15:25:00,87.74,87.89,87.72,87.78,26318.91
2026-03-19 15:30:00,87.78,87.88,87.73,87.74,17935.99
2026-03-19 15:35:00,87.73,87.95,87.62,87.82,29382.82
2026-03-19 15:40:00,87.83,87.84,87.41,87.43,116031.66
2026-03-19 15:45:00,87.42,87.68,87.08,87.6,123054.29
2026-03-19 15:50:00,87.6,87.69,87.42,87.58,43790.06
2026-03-19 15:55:00,87.59,87.77,87.45,87.57,35807.6
2026-03-19 16:00:00,87.57,87.65,87.38,87.44,48279.55
2026-03-19 16:05:00,87.44,87.53,87.35,87.43,31399.5
2026-03-19 16:10:00,87.43,87.46,87.22,87.32,57893.49
2026-03-19 16:15:00,87.32,87.41,86.88,87.2,127776.45
2026-03-19 16:20:00,87.19,87.42,87.17,87.36,36207.14
2026-03-19 16:25:00,87.37,87.59,87.35,87.44,26778.68
2026-03-19 16:30:00,87.44,87.47,87.13,87.28,23956.31
2026-03-19 16:35:00,87.28,87.5,87.15,87.49,22241.94
2026-03-19 16:40:00,87.5,87.76,87.46,87.61,43092.1
2026-03-19 16:45:00,87.61,87.68,87.46,87.55,20686.23
2026-03-19 16:50:00,87.55,87.57,87.29,87.54,15196.46
2026-03-19 16:55:00,87.54,87.68,87.51,87.64,11006.27
2026-03-19 17:00:00,87.64,87.69,87.28,87.44,36850.31
2026-03-19 17:05:00,87.45,87.48,87.14,87.22,20519.52
2026-03-19 17:10:00,87.21,87.5,87.07,87.16,45912.3
2026-03-19 17:15:00,87.16,87.49,87.02,87.48,45936.31
2026-03-19 17:20:00,87.48,87.99,87.38,87.87,41201.72
2026-03-19 17:25:00,87.86,88.05,87.81,87.89,59210.04
2026-03-19 17:30:00,87.88,88.08,87.62,87.72,46044.49
2026-03-19 17:35:00,87.72,87.74,87.54,87.56,20013.33
2026-03-19 17:40:00,87.56,87.69,87.54,87.64,4043.09
2026-03-19 17:45:00,87.64,87.87,87.61,87.83,24014.11
2026-03-19 17:50:00,87.84,88.32,87.82,88.13,42298.6
2026-03-19 17:55:00,88.13,88.19,88.05,88.09,22962.24
2026-03-19 18:00:00,88.09,88.14,87.97,87.97,15896.01
2026-03-19 18:05:00,87.97,88.12,87.96,88.05,26974.38
2026-03-19 18:10:00,88.06,88.27,88.04,88.16,20101.88
2026-03-19 18:15:00,88.15,88.19,87.75,87.81,46855.93
2026-03-19 18:20:00,87.82,87.9,87.74,87.82,25822.36
2026-03-19 18:25:00,87.82,87.9,87.77,87.79,9454.6
2026-03-19 18:30:00,87.8,87.87,87.73,87.79,8462.42
2026-03-19 18:35:00,87.78,87.93,87.72,87.81,8922.26
2026-03-19 18:40:00,87.81,87.84,87.72,87.77,3805.84
2026-03-19 18:45:00,87.77,87.82,87.69,87.73,8513.08
2026-03-19 18:50:00,87.73,87.9,87.61,87.88,13672.35
2026-03-19 18:55:00,87.88,88.14,87.84,88.08,10249.8
2026-03-19 19:00:00,88.09,88.5,88.07,88.42,43510.01
2026-03-19 19:05:00,88.42,88.84,88.42,88.77,101238.15
2026-03-19 19:10:00,88.77,89.23,88.72,88.89,91792.85
2026-03-19 19:15:00,88.89,89.19,88.74,89.14,34907.95
2026-03-19 19:20:00,89.14,89.17,88.99,89.0,28247.41
2026-03-19 19:25:00,89.0,89.0,88.62,88.78,20673.21
2026-03-19 19:30:00,88.79,88.84,88.64,88.68,28321.05
2026-03-19 19:35:00,88.68,88.93,88.47,88.91,37541.79
2026-03-19 19:40:00,88.9,89.05,88.85,88.96,15094.43
2026-03-19 19:45:00,88.97,89.05,88.84,88.88,12486.34
2026-03-19 19:50:00,88.88,88.89,88.63,88.83,11066.06
2026-03-19 19:55:00,88.84,88.88,88.62,88.66,36170.9
2026-03-19 20:00:00,88.66,88.88,88.61,88.84,13375.52
2026-03-19 20:05:00,88.83,88.89,88.72,88.76,7595.51
2026-03-19 20:10:00,88.77,88.77,88.64,88.75,6631.26
2026-03-19 20:15:00,88.76,88.97,88.75,88.93,14516.95
2026-03-19 20:20:00,88.93,88.99,88.79,88.81,8710.77
2026-03-19 20:25:00,88.81,88.94,88.69,88.75,10273.76
2026-03-19 20:30:00,88.75,88.9,88.72,88.8,10534.93
2026-03-19 20:35:00,88.8,89.03,88.8,89.03,13031.45
2026-03-19 20:40:00,89.03,89.14,88.87,88.93,13608.15
2026-03-19 20:45:00,88.93,89.04,88.92,88.99,16003.52
2026-03-19 20:50:00,88.99,89.01,88.87,88.96,4898.8
2026-03-19 20:55:00,88.95,88.99,88.91,88.92,3839.04
2026-03-19 21:00:00,88.93,89.11,88.9,88.99,26539.5
2026-03-19 21:05:00,88.99,89.21,88.98,89.2,8641.76
2026-03-19 21:10:00,89.2,89.29,89.12,89.18,20028.76
2026-03-19 21:15:00,89.18,89.18,89.03,89.03,9584.73
2026-03-19 21:20:00,89.04,89.09,88.89,88.96,14598.04
2026-03-19 21:25:00,88.96,89.02,88.91,88.97,2565.5
2026-03-19 21:30:00,88.97,89.06,88.79,88.87,13753.82
2026-03-19 21:35:00,88.87,88.95,88.86,88.87,3776.03
2026-03-19 21:40:00,88.87,89.02,88.8,88.99,10713.64
2026-03-19 21:45:00,88.99,89.02,88.95,89.01,2417.32
2026-03-19 21:50:00,89.0,89.11,88.98,89.01,15875.74
2026-03-19 21:55:00,89.01,89.19,89.01,89.08,5384.07
2026-03-19 22:00:00,89.07,89.11,88.95,88.95,11111.29
2026-03-19 22:05:00,88.95,89.1,88.86,89.03,25939.82
2026-03-19 22:10:00,89.03,89.12,88.97,89.06,8815.24
2026-03-19 22:15:00,89.06,89.11,88.95,89.09,8670.05
2026-03-19 22:20:00,89.08,89.09,88.99,89.04,6041.17
2026-03-19 22:25:00,89.04,89.07,88.99,89.0,6948.11
2026-03-19 22:30:00,89.0,89.0,88.52,88.64,23808.14
2026-03-19 22:35:00,88.64,88.65,88.38,88.56,28066.43
2026-03-19 22:40:00,88.55,88.56,88.33,88.52,19017.69
2026-03-19 22:45:00,88.52,88.6,88.45,88.6,8764.28
2026-03-19 22:50:00,88.6,88.73,88.56,88.65,6288.29
2026-03-19 22:55:00,88.65,88.72,88.56,88.71,6512.32
2026-03-19 23:00:00,88.72,89.1,88.71,89.05,58093.84
2026-03-19 23:05:00,89.05,89.15,89.0,89.05,45811.71
2026-03-19 23:10:00,89.04,89.12,89.01,89.01,23177.71
2026-03-19 23:15:00,89.01,89.09,88.9,89.04,44495.15
2026-03-19 23:20:00,89.03,89.07,88.79,88.84,25377.83
2026-03-19 23:25:00,88.83,89.03,88.83,88.97,7168.48
2026-03-19 23:30:00,88.98,89.05,88.72,88.73,11461.46
2026-03-19 23:35:00,88.72,88.76,88.55,88.56,37074.89
2026-03-19 23:40:00,88.55,88.73,88.54,88.7,11574.6
2026-03-19 23:45:00,88.69,88.75,88.61,88.71,13276.5
2026-03-19 23:50:00,88.71,88.84,88.66,88.83,8527.36
2026-03-19 23:55:00,88.83,88.93,88.79,88.84,8137.96
2026-03-20 00:00:00,88.83,88.96,88.79,88.88,19933.61
2026-03-20 00:05:00,88.87,89.19,88.86,89.14,21551.54
2026-03-20 00:10:00,89.14,89.38,89.14,89.25,51927.67
2026-03-20 00:15:00,89.25,89.34,89.08,89.18,37214.21
2026-03-20 00:20:00,89.18,89.19,88.87,88.99,15116.18
2026-03-20 00:25:00,88.98,89.14,88.98,89.12,13518.23
2026-03-20 00:30:00,89.12,89.25,89.08,89.18,11617.24
2026-03-20 00:35:00,89.18,89.34,89.09,89.33,15971.54
2026-03-20 00:40:00,89.33,89.33,89.2,89.22,12562.59
2026-03-20 00:45:00,89.22,89.28,89.16,89.2,17405.53
2026-03-20 00:50:00,89.2,89.33,89.15,89.23,7714.0
2026-03-20 00:55:00,89.23,89.37,89.23,89.35,26981.58
2026-03-20 01:00:00,89.36,89.69,89.26,89.55,46015.1
2026-03-20 01:05:00,89.55,89.63,89.49,89.55,19972.38
2026-03-20 01:10:00,89.55,89.58,89.43,89.5,14373.31
2026-03-20 01:15:00,89.5,89.56,89.41,89.47,9624.02
2026-03-20 01:20:00,89.47,89.53,89.34,89.35,16656.75
2026-03-20 01:25:00,89.35,89.43,89.25,89.4,22341.95
2026-03-20 01:30:00,89.39,89.52,89.36,89.42,10978.46
2026-03-20 01:35:00,89.42,89.67,89.35,89.65,19428.89
2026-03-20 01:40:00,89.64,89.76,89.55,89.58,19955.08
2026-03-20 01:45:00,89.58,89.63,89.48,89.57,9659.39
2026-03-20 01:50:00,89.57,89.62,89.5,89.62,16941.28
2026-03-20 01:55:00,89.62,89.66,89.37,89.42,12943.57
2026-03-20 02:00:00,89.43,89.53,89.32,89.46,26981.58
2026-03-20 02:05:00,89.45,89.56,89.42,89.43,11931.16
2026-03-20 02:10:00,89.43,89.45,89.3,89.33,10712.78
2026-03-20 02:15:00,89.33,89.33,89.08,89.13,30806.25
2026-03-20 02:20:00,89.13,89.2,89.01,89.07,15262.56
2026-03-20 02:25:00,89.07,89.09,88.96,89.06,15261.73
2026-03-20 02:30:00,89.05,89.11,88.86,88.86,20135.22
2026-03-20 02:35:00,88.87,88.95,88.81,88.93,14639.77
2026-03-20 02:40:00,88.93,89.22,88.92,89.16,19273.44
2026-03-20 02:45:00,89.16,89.22,89.02,89.21,18237.3
2026-03-20 02:50:00,89.22,89.42,89.19,89.41,14460.52
2026-03-20 02:55:00,89.41,89.46,89.26,89.26,19050.04
2026-03-20 03:00:00,89.26,89.31,89.18,89.21,10239.54
2026-03-20 03:05:00,89.21,89.36,89.19,89.29,11230.7
2026-03-20 03:10:00,89.29,89.35,89.27,89.27,4151.96
2026-03-20 03:15:00,89.27,89.47,89.25,89.47,7108.77
2026-03-20 03:20:00,89.47,89.49,89.38,89.41,9051.69
2026-03-20 03:25:00,89.41,89.51,89.34,89.51,7244.57
2026-03-20 03:30:00,89.5,89.67,89.47,89.51,26699.73
2026-03-20 03:35:00,89.51,89.53,89.35,89.36,11466.73
2026-03-20 03:40:00,89.37,89.43,89.32,89.36,12059.79
2026-03-20 03:45:00,89.36,89.53,89.31,89.46,10043.62
2026-03-20 03:50:00,89.46,89.6,89.43,89.58,20589.63
2026-03-20 03:55:00,89.58,89.64,89.52,89.53,14228.96
2026-03-20 04:00:00,89.53,89.57,89.43,89.5,9535.16
2026-03-20 04:05:00,89.49,89.7,89.47,89.67,28546.78
2026-03-20 04:10:00,89.67,89.71,89.59,89.63,26375.29
2026-03-20 04:15:00,89.64,89.64,89.46,89.47,16560.72
2026-03-20 04:20:00,89.47,89.52,89.38,89.46,18336.33
2026-03-20 04:25:00,89.45,89.58,89.44,89.58,10878.22
2026-03-20 04:30:00,89.58,89.6,89.07,89.13,31106.34
2026-03-20 04:35:00,89.13,89.16,88.89,88.9,37839.51
2026-03-20 04:40:00,88.9,88.9,88.65,88.77,57091.54
2026-03-20 04:45:00,88.77,89.04,88.75,89.04,19827.81
2026-03-20 04:50:00,89.03,89.1,88.92,89.07,17123.98
2026-03-20 04:55:00,89.07,89.34,89.06,89.22,23107.85
2026-03-20 05:00:00,89.22,89.33,89.09,89.11,17527.13
2026-03-20 05:05:00,89.12,89.23,89.02,89.23,11908.11
2026-03-20 05:10:00,89.23,89.32,89.2,89.3,11417.23
2026-03-20 05:15:00,89.29,89.36,89.19,89.26,8956.03
2026-03-20 05:20:00,89.27,89.32,89.21,89.24,13075.51
2026-03-20 05:25:00,89.23,89.28,88.91,88.98,25842.06
2026-03-20 05:30:00,88.98,89.01,88.83,88.87,36935.08
2026-03-20 05:35:00,88.87,89.2,88.8,89.16,46682.13
2026-03-20 05:40:00,89.17,89.46,89.12,89.37,33324.38
2026-03-20 05:45:00,89.37,89.46,89.33,89.33,17334.76
2026-03-20 05:50:00,89.34,89.47,89.31,89.41,39222.58
2026-03-20 05:55:00,89.41,89.45,89.24,89.3,24036.94
2026-03-20 06:00:00,89.3,89.3,89.16,89.16,19851.17
2026-03-20 06:05:00,89.16,89.23,89.13,89.14,11453.67
2026-03-20 06:10:00,89.14,89.2,89.04,89.16,19981.22
2026-03-20 06:15:00,89.16,89.16,89.0,89.03,16243.11
2026-03-20 06:20:00,89.03,89.07,88.95,88.96,34734.51
2026-03-20 06:25:00,88.96,89.13,88.88,89.12,62576.14
2026-03-20 06:30:00,89.11,89.16,88.96,89.11,25135.72
2026-03-20 06:35:00,89.12,89.13,88.97,88.99,12254.88
2026-03-20 06:40:00,88.99,89.1,88.87,89.09,17520.56
2026-03-20 06:45:00,89.09,89.19,89.03,89.07,10604.67
2026-03-20 06:50:00,89.07,89.15,89.05,89.07,7590.73
2026-03-20 06:55:00,89.07,89.07,88.99,89.03,9519.77
2026-03-20 07:00:00,89.03,89.03,88.43,88.64,102484.81
2026-03-20 07:05:00,88.64,88.81,88.53,88.72,28285.93
2026-03-20 07:10:00,88.72,88.73,88.55,88.58,17682.03
2026-03-20 07:15:00,88.58,88.73,88.55,88.69,16049.72
2026-03-20 07:20:00,88.69,89.0,88.69,88.89,18639.11
2026-03-20 07:25:00,88.89,88.93,88.79,88.81,9330.72
2026-03-20 07:30:00,88.82,89.24,88.75,89.17,38685.09
2026-03-20 07:35:00,89.17,89.33,89.14,89.28,25738.73
2026-03-20 07:40:00,89.29,89.44,89.29,89.42,19699.42
2026-03-20 07:45:00,89.42,89.44,89.26,89.34,16271.12
2026-03-20 07:50:00,89.34,89.41,89.31,89.35,9101.98
2026-03-20 07:55:00,89.35,89.41,89.3,89.32,14023.7
2026-03-20 08:00:00,89.31,89.39,89.24,89.33,14542.15
2026-03-20 08:05:00,89.33,90.24,89.32,90.17,139330.5
2026-03-20 08:10:00,90.17,90.41,90.0,90.14,138975.78
2026-03-20 08:15:00,90.14,90.17,89.96,90.01,52544.69
2026-03-20 08:20:00,90.02,90.02,89.79,89.91,39051.36
2026-03-20 08:25:00,89.91,89.97,89.79,89.79,18182.48
2026-03-20 08:30:00,89.79,89.82,89.58,89.78,43941.06
2026-03-20 08:35:00,89.78,89.78,89.62,89.71,20764.64
2026-03-20 08:40:00,89.7,89.75,89.64,89.68,7197.51
2026-03-20 08:45:00,89.69,89.76,89.6,89.76,12012.03
2026-03-20 08:50:00,89.75,89.83,89.71,89.73,12020.15
2026-03-20 08:55:00,89.73,89.8,89.67,89.73,14124.53
2026-03-20 09:00:00,89.72,89.72,89.43,89.56,27880.71
2026-03-20 09:05:00,89.55,89.58,89.43,89.55,11232.18
2026-03-20 09:10:00,89.54,89.55,89.27,89.27,15695.04
2026-03-20 09:15:00,89.26,89.26,88.97,89.03,31167.31
2026-03-20 09:20:00,89.02,89.03,88.63,88.65,60822.25
2026-03-20 09:25:00,88.65,88.82,88.58,88.7,52239.52
2026-03-20 09:30:00,88.71,89.05,88.69,88.91,44273.83
2026-03-20 09:35:00,88.91,89.03,88.9,88.95,36107.51
2026-03-20 09:40:00,88.95,89.04,88.9,89.0,13617.85
2026-03-20 09:45:00,89.0,89.0,88.85,88.86,29690.88
2026-03-20 09:50:00,88.87,88.93,88.65,88.7,15301.9
2026-03-20 09:55:00,88.7,88.92,88.69,88.91,13188.81
2026-03-20 10:00:00,88.9,88.94,88.71,88.81,22694.68
2026-03-20 10:05:00,88.8,88.88,88.61,88.69,18434.11
2026-03-20 10:10:00,88.68,88.75,88.6,88.71,26699.91
2026-03-20 10:15:00,88.71,88.9,88.6,88.77,15482.15
2026-03-20 10:20:00,88.76,88.76,88.54,88.67,15770.84
2026-03-20 10:25:00,88.67,88.77,88.63,88.75,9567.72
2026-03-20 10:30:00,88.76,88.95,88.73,88.91,10332.01
2026-03-20 10:35:00,88.91,89.23,88.88,89.21,30448.25
2026-03-20 10:40:00,89.22,89.42,89.16,89.24,44946.94
2026-03-20 10:45:00,89.24,89.32,89.22,89.27,21378.88
2026-03-20 10:50:00,89.27,89.39,89.23,89.27,13938.44
2026-03-20 10:55:00,89.26,89.28,89.23,89.25,4347.27
2026-03-20 11:00:00,89.25,89.43,89.18,89.36,16978.25
2026-03-20 11:05:00,89.35,89.5,89.34,89.44,19418.56
2026-03-20 11:10:00,89.44,89.52,89.35,89.5,22026.58
2026-03-20 11:15:00,89.5,89.5,89.22,89.33,16830.56
2026-03-20 11:20:00,89.33,89.42,89.32,89.42,4873.32
2026-03-20 11:25:00,89.42,89.44,89.3,89.35,5501.24
2026-03-20 11:30:00,89.35,89.39,89.3,89.38,5952.93
2026-03-20 11:35:00,89.38,89.38,88.8,88.92,42432.47
2026-03-20 11:40:00,88.92,89.04,88.92,89.0,18351.1
2026-03-20 11:45:00,89.0,89.0,88.85,88.9,14272.58
2026-03-20 11:50:00,88.91,88.98,88.83,88.98,6399.21
2026-03-20 11:55:00,88.98,89.09,88.96,89.09,7539.16
2026-03-20 12:00:00,89.09,89.26,89.09,89.13,19971.65
2026-03-20 12:05:00,89.14,89.45,89.13,89.37,18126.5
2026-03-20 12:10:00,89.36,89.46,89.28,89.29,13050.81
2026-03-20 12:15:00,89.29,89.32,89.22,89.31,12365.42
2026-03-20 12:20:00,89.3,89.34,89.23,89.3,6699.93
2026-03-20 12:25:00,89.3,89.32,89.1,89.2,14761.4
2026-03-20 12:30:00,89.2,89.21,88.96,89.04,16119.14
2026-03-20 12:35:00,89.04,89.26,89.02,89.13,6706.71
2026-03-20 12:40:00,89.13,89.23,88.96,89.22,19484.33
2026-03-20 12:45:00,89.22,89.27,89.11,89.24,18329.36
2026-03-20 12:50:00,89.24,89.26,89.03,89.09,38298.68
2026-03-20 12:55:00,89.09,89.1,89.04,89.07,4664.39
2026-03-20 13:00:00,89.08,89.36,89.08,89.29,43084.04
2026-03-20 13:05:00,89.29,89.48,89.25,89.32,54008.35
2026-03-20 13:10:00,89.32,89.35,89.03,89.16,16240.26
2026-03-20 13:15:00,89.17,89.27,89.12,89.2,7412.06
2026-03-20 13:20:00,89.19,89.4,89.19,89.39,10488.48
2026-03-20 13:25:00,89.39,89.58,89.26,89.35,19676.05
2026-03-20 13:30:00,89.35,89.39,88.72,88.85,71710.84
2026-03-20 13:35:00,88.85,89.06,88.55,88.67,63122.42
2026-03-20 13:40:00,88.68,89.3,88.55,89.22,62732.42
2026-03-20 13:45:00,89.21,89.33,88.87,89.27,75186.17
2026-03-20 13:50:00,89.26,89.28,88.79,88.92,39215.86
2026-03-20 13:55:00,88.92,89.03,88.6,88.75,37500.6
2026-03-20 14:00:00,88.76,89.0,88.45,88.9,98323.19
2026-03-20 14:05:00,88.9,89.07,88.64,88.79,57345.01
2026-03-20 14:10:00,88.78,89.03,88.54,88.59,72735.86
2026-03-20 14:15:00,88.59,88.76,88.47,88.63,51518.18
2026-03-20 14:20:00,88.62,88.91,88.45,88.86,90075.71
2026-03-20 14:25:00,88.85,89.34,88.7,89.25,85251.59
2026-03-20 14:30:00,89.25,89.7,89.23,89.57,80739.14
2026-03-20 14:35:00,89.57,89.65,89.25,89.44,45550.96
2026-03-20 14:40:00,89.43,89.52,89.25,89.26,28612.8
2026-03-20 14:45:00,89.26,89.43,89.22,89.28,21423.55
2026-03-20 14:50:00,89.27,89.27,88.86,88.88,43171.38
2026-03-20 14:55:00,88.88,89.11,88.85,88.86,27987.83
2026-03-20 15:00:00,88.87,89.08,88.72,88.82,36643.03
2026-03-20 15:05:00,88.82,88.85,88.55,88.61,68685.33
2026-03-20 15:10:00,88.6,89.0,88.6,88.95,56708.07
2026-03-20 15:15:00,88.95,88.99,88.6,88.61,26549.95
2026-03-20 15:20:00,88.6,89.26,88.57,88.91,101085.07
2026-03-20 15:25:00,88.92,89.0,88.82,88.94,28299.42
2026-03-20 15:30:00,88.93,89.26,88.82,89.12,65579.6
2026-03-20 15:35:00,89.12,89.19,88.93,89.02,19220.31
2026-03-20 15:40:00,89.03,89.15,88.93,88.97,11049.11
2026-03-20 15:45:00,88.97,89.08,88.86,88.95,49137.19
2026-03-20 15:50:00,88.94,89.03,88.81,88.83,43404.77
2026-03-20 15:55:00,88.82,88.94,88.66,88.91,32175.71
2026-03-20 16:00:00,88.91,89.1,88.9,89.08,26611.27
2026-03-20 16:05:00,89.07,89.07,88.81,88.97,17267.76
2026-03-20 16:10:00,88.96,89.11,88.93,88.97,13482.36
2026-03-20 16:15:00,88.96,89.18,88.75,89.14,26140.18
2026-03-20 16:20:00,89.14,89.18,88.97,89.04,19472.89
2026-03-20 16:25:00,89.04,89.05,88.92,89.01,4584.38
2026-03-20 16:30:00,89.01,89.02,88.69,88.91,22996.75
2026-03-20 16:35:00,88.92,89.0,88.76,88.85,12690.27
2026-03-20 16:40:00,88.86,88.95,88.84,88.86,6284.47
2026-03-20 16:45:00,88.86,88.97,88.75,88.76,7065.87
2026-03-20 16:50:00,88.76,88.82,88.55,88.75,40310.15
2026-03-20 16:55:00,88.75,88.99,88.74,88.87,22116.2
2026-03-20 17:00:00,88.87,88.98,88.84,88.97,13048.87
2026-03-20 17:05:00,88.96,89.0,88.63,88.89,31089.31
2026-03-20 17:10:00,88.9,88.95,88.76,88.82,12112.71
2026-03-20 17:15:00,88.82,88.9,88.68,88.75,15233.05
2026-03-20 17:20:00,88.75,88.79,88.65,88.69,14102.39
2026-03-20 17:25:00,88.7,88.74,88.6,88.63,10171.07
2026-03-20 17:30:00,88.62,88.69,88.18,88.26,58654.42
2026-03-20 17:35:00,88.26,88.48,88.07,88.44,45883.5
2026-03-20 17:40:00,88.44,88.5,88.22,88.25,17206.03
2026-03-20 17:45:00,88.25,88.33,88.09,88.28,13212.94
2026-03-20 17:50:00,88.27,88.59,88.23,88.55,19490.5
2026-03-20 17:55:00,88.55,88.95,88.55,88.84,34840.6
2026-03-20 18:00:00,88.85,88.89,88.76,88.79,32962.64
2026-03-20 18:05:00,88.79,88.96,88.73,88.83,25397.41
2026-03-20 18:10:00,88.82,88.87,88.69,88.79,7280.04
2026-03-20 18:15:00,88.79,88.84,88.72,88.81,10436.36
2026-03-20 18:20:00,88.82,88.86,88.46,88.61,25826.35
2026-03-20 18:25:00,88.61,88.76,88.49,88.52,12777.93
2026-03-20 18:30:00,88.53,88.55,88.3,88.36,19270.17
2026-03-20 18:35:00,88.36,88.39,88.1,88.24,35078.09
2026-03-20 18:40:00,88.24,88.46,88.23,88.33,10993.83
2026-03-20 18:45:00,88.33,88.66,88.31,88.48,26716.91
2026-03-20 18:50:00,88.48,88.67,88.41,88.59,8710.08
2026-03-20 18:55:00,88.59,88.66,88.41,88.5,10952.54
2026-03-20 19:00:00,88.51,88.73,88.51,88.63,11894.14
2026-03-20 19:05:00,88.63,88.67,88.45,88.55,20152.29
2026-03-20 19:10:00,88.55,88.64,88.39,88.63,7327.85
2026-03-20 19:15:00,88.63,88.64,88.46,88.59,11665.19
2026-03-20 19:20:00,88.59,88.64,88.33,88.36,14501.61
2026-03-20 19:25:00,88.36,88.56,88.36,88.52,4188.27
2026-03-20 19:30:00,88.53,88.69,88.32,88.35,14497.69
2026-03-20 19:35:00,88.36,88.41,88.16,88.37,11655.33
2026-03-20 19:40:00,88.37,88.77,88.37,88.75,16801.19
2026-03-20 19:45:00,88.75,88.75,88.61,88.61,16669.67
2026-03-20 19:50:00,88.61,89.03,88.61,88.97,37170.39
2026-03-20 19:55:00,88.96,89.02,88.89,88.94,28175.17
2026-03-20 20:00:00,88.94,89.13,88.92,89.0,24906.94
2026-03-20 20:05:00,89.0,89.14,88.96,89.11,18006.4
2026-03-20 20:10:00,89.11,89.3,89.08,89.19,35564.35
2026-03-20 20:15:00,89.19,89.2,88.92,88.98,15319.69
2026-03-20 20:20:00,88.98,88.99,88.83,88.95,7815.64
2026-03-20 20:25:00,88.96,88.96,88.82,88.85,5093.77
2026-03-20 20:30:00,88.86,88.88,88.61,88.65,10790.72
2026-03-20 20:35:00,88.66,88.78,88.6,88.69,14043.07
2026-03-20 20:40:00,88.69,88.76,88.66,88.73,8658.2
2026-03-20 20:45:00,88.73,88.95,88.69,88.92,11878.0
2026-03-20 20:50:00,88.93,89.06,88.92,88.94,11414.41
2026-03-20 20:55:00,88.94,88.99,88.92,88.94,4696.53
2026-03-20 21:00:00,88.94,89.0,88.86,88.99,5349.0
2026-03-20 21:05:00,88.99,89.04,88.96,88.99,4086.86
2026-03-20 21:10:00,88.99,89.22,88.9,89.17,20426.62
2026-03-20 21:15:00,89.17,89.8,89.13,89.62,58428.71
2026-03-20 21:20:00,89.63,89.71,89.48,89.59,23421.89
2026-03-20 21:25:00,89.59,89.84,89.59,89.74,23880.52
2026-03-20 21:30:00,89.74,89.84,89.6,89.71,34121.13
2026-03-20 21:35:00,89.71,89.99,89.61,89.66,26243.18
2026-03-20 21:40:00,89.66,89.67,89.38,89.45,13230.23
2026-03-20 21:45:00,89.45,89.59,89.44,89.57,7144.27
2026-03-20 21:50:00,89.57,89.64,89.51,89.56,13371.86
2026-03-20 21:55:00,89.55,89.57,89.51,89.52,8770.59
2026-03-20 22:00:00,89.52,90.22,89.52,90.12,54094.91
2026-03-20 22:05:00,90.12,90.21,89.94,89.96,31673.04
2026-03-20 22:10:00,89.96,90.08,89.81,89.95,33079.98
2026-03-20 22:15:00,89.94,90.07,89.91,89.97,18027.42
2026-03-20 22:20:00,89.98,90.01,89.86,89.88,6554.14
2026-03-20 22:25:00,89.88,89.9,89.84,89.85,8198.51
2026-03-20 22:30:00,89.85,89.88,89.8,89.8,8365.5
2026-03-20 22:35:00,89.8,89.93,89.75,89.9,17681.68
2026-03-20 22:40:00,89.89,89.91,89.82,89.9,7786.58
2026-03-20 22:45:00,89.9,90.09,89.84,90.08,12990.2
2026-03-20 22:50:00,90.08,90.19,89.99,90.03,41614.63
2026-03-20 22:55:00,90.03,90.16,90.03,90.04,30216.2
2026-03-20 23:00:00,90.05,90.1,89.97,90.09,42758.48
2026-03-20 23:05:00,90.08,90.08,89.79,89.93,29343.52
2026-03-20 23:10:00,89.93,89.99,89.81,89.81,22746.63
2026-03-20 23:15:00,89.81,89.89,89.67,89.88,24980.47
2026-03-20 23:20:00,89.88,89.97,89.84,89.95,30686.45
2026-03-20 23:25:00,89.95,90.02,89.82,89.85,20455.33
2026-03-20 23:30:00,89.85,89.91,89.74,89.79,15043.57
2026-03-20 23:35:00,89.8,89.9,89.78,89.79,6924.26
2026-03-20 23:40:00,89.78,89.86,89.76,89.8,4332.04
2026-03-20 23:45:00,89.8,89.9,89.76,89.9,7065.02
2026-03-20 23:50:00,89.9,89.93,89.75,89.76,6996.45
2026-03-20 23:55:00,89.76,89.83,89.73,89.79,9601.9
2026-03-21 00:00:00,89.8,89.9,89.79,89.85,7413.54
2026-03-21 00:05:00,89.86,89.95,89.84,89.9,13904.57
2026-03-21 00:10:00,89.9,89.93,89.78,89.85,13822.42
2026-03-21 00:15:00,89.85,90.06,89.81,90.06,24305.31
2026-03-21 00:20:00,90.06,90.19,89.93,89.96,17786.79
2026-03-21 00:25:00,89.96,90.05,89.94,89.95,11526.21
2026-03-21 00:30:00,89.95,90.01,89.86,89.93,10591.21
2026-03-21 00:35:00,89.94,90.01,89.9,90.01,5884.07
2026-03-21 00:40:00,90.0,90.01,89.83,89.86,9625.41
2026-03-21 00:45:00,89.87,89.92,89.8,89.87,4066.18
2026-03-21 00:50:00,89.86,89.98,89.86,89.95,14114.92
2026-03-21 00:55:00,89.96,90.04,89.95,89.97,5344.94
2026-03-21 01:00:00,89.97,90.07,89.95,89.98,8139.47
2026-03-21 01:05:00,89.99,90.16,89.98,90.13,25243.29
2026-03-21 01:10:00,90.14,90.31,90.0,90.02,34808.7
2026-03-21 01:15:00,90.03,90.05,89.92,89.99,13055.81
2026-03-21 01:20:00,89.98,90.09,89.96,89.99,7426.18
2026-03-21 01:25:00,89.99,90.03,89.95,89.95,6880.17
2026-03-21 01:30:00,89.95,89.97,89.86,89.92,13041.32
2026-03-21 01:35:00,89.93,90.06,89.93,90.03,13537.34
2026-03-21 01:40:00,90.03,90.03,89.77,89.77,18725.41
2026-03-21 01:45:00,89.77,89.89,89.66,89.81,21528.49
2026-03-21 01:50:00,89.82,89.89,89.81,89.83,8854.58
2026-03-21 01:55:00,89.82,89.9,89.8,89.83,40510.75
2026-03-21 02:00:00,89.82,89.84,89.72,89.77,27624.99
2026-03-21 02:05:00,89.77,89.94,89.74,89.88,15272.06
2026-03-21 02:10:00,89.88,89.92,89.83,89.85,9064.04
2026-03-21 02:15:00,89.85,89.96,89.85,89.94,10059.96
2026-03-21 02:20:00,89.93,89.99,89.93,89.96,5158.3
2026-03-21 02:25:00,89.96,90.17,89.96,90.11,18912.59
2026-03-21 02:30:00,90.11,90.11,90.01,90.08,8665.59
2026-03-21 02:35:00,90.07,90.07,89.95,90.04,9805.6
2026-03-21 02:40:00,90.05,90.22,90.05,90.2,12418.73
2026-03-21 02:45:00,90.21,90.31,90.2,90.25,37310.45
2026-03-21 02:50:00,90.25,90.65,90.21,90.47,106458.89
2026-03-21 02:55:00,90.47,90.49,90.34,90.41,13569.23
2026-03-21 03:00:00,90.41,90.44,90.27,90.28,22467.65
2026-03-21 03:05:00,90.29,90.43,90.28,90.42,9922.17
2026-03-21 03:10:00,90.43,90.57,90.4,90.46,23058.2
2026-03-21 03:15:00,90.46,90.47,90.3,90.3,8191.91
2026-03-21 03:20:00,90.31,90.42,90.3,90.41,4710.29
2026-03-21 03:25:00,90.4,90.52,90.37,90.41,11232.87
2026-03-21 03:30:00,90.41,90.41,90.33,90.37,8084.24
2026-03-21 03:35:00,90.37,90.43,90.32,90.35,6203.41
2026-03-21 03:40:00,90.35,90.41,90.31,90.32,5492.62
2026-03-21 03:45:00,90.32,90.37,90.27,90.35,18753.49
2026-03-21 03:50:00,90.35,90.43,90.32,90.35,6931.24
2026-03-21 03:55:00,90.35,90.43,90.34,90.41,4983.11
2026-03-21 04:00:00,90.41,90.69,90.41,90.62,61747.03
2026-03-21 04:05:00,90.63,90.77,90.58,90.63,34360.4
2026-03-21 04:10:00,90.62,90.63,90.5,90.52,13690.82
2026-03-21 04:15:00,90.52,90.53,90.46,90.46,12591.1
2026-03-21 04:20:00,90.46,90.51,90.44,90.48,11117.36
2026-03-21 04:25:00,90.48,90.61,90.47,90.54,11014.82
2026-03-21 04:30:00,90.54,90.54,90.18,90.23,36866.39
2026-03-21 04:35:00,90.23,90.23,90.14,90.18,19101.13
2026-03-21 04:40:00,90.18,90.19,90.12,90.13,13247.21
2026-03-21 04:45:00,90.13,90.19,90.13,90.17,15597.91
2026-03-21 04:50:00,90.17,90.26,90.17,90.23,8257.26
2026-03-21 04:55:00,90.23,90.27,90.21,90.24,5876.8
2026-03-21 05:00:00,90.24,90.4,90.22,90.23,29680.15
2026-03-21 05:05:00,90.22,90.3,90.21,90.28,7559.94
2026-03-21 05:10:00,90.27,90.27,90.23,90.26,5608.07
2026-03-21 05:15:00,90.25,90.41,90.24,90.36,14779.72
2026-03-21 05:20:00,90.36,90.44,90.33,90.34,6410.44
2026-03-21 05:25:00,90.33,90.4,90.33,90.39,8332.18
2026-03-21 05:30:00,90.39,90.47,90.33,90.36,10635.67
2026-03-21 05:35:00,90.36,90.43,90.18,90.19,10644.28
2026-03-21 05:40:00,90.2,90.22,90.1,90.15,15968.85
2026-03-21 05:45:00,90.15,90.15,90.02,90.05,12070.81
2026-03-21 05:50:00,90.05,90.06,89.91,90.0,39750.76
2026-03-21 05:55:00,90.0,90.0,89.91,89.92,12776.57
2026-03-21 06:00:00,89.91,90.09,89.88,90.06,47779.03
2026-03-21 06:05:00,90.06,90.12,90.04,90.04,6135.6
2026-03-21 06:10:00,90.04,90.09,90.02,90.02,8898.76
2026-03-21 06:15:00,90.02,90.14,90.0,90.11,7135.82
2026-03-21 06:20:00,90.11,90.13,90.03,90.12,6814.9
2026-03-21 06:25:00,90.12,90.27,90.12,90.23,17450.96
2026-03-21 06:30:00,90.24,90.26,90.15,90.15,7917.13
2026-03-21 06:35:00,90.15,90.2,90.11,90.13,10617.15
2026-03-21 06:40:00,90.13,90.24,90.13,90.16,5400.75
2026-03-21 06:45:00,90.16,90.16,90.08,90.11,11665.92
2026-03-21 06:50:00,90.12,90.14,90.09,90.1,2843.03
2026-03-21 06:55:00,90.1,90.12,90.09,90.11,1260.43
2026-03-21 07:00:00,90.11,90.19,90.08,90.19,4584.56
2026-03-21 07:05:00,90.18,90.19,90.13,90.15,3769.85
2026-03-21 07:10:00,90.15,90.21,90.15,90.19,3121.07
2026-03-21 07:15:00,90.19,90.34,90.16,90.32,19570.58
2026-03-21 07:20:00,90.32,90.35,90.18,90.22,14705.16
2026-03-21 07:25:00,90.23,90.36,90.21,90.34,7921.34
2026-03-21 07:30:00,90.35,90.35,90.14,90.14,12122.06
2026-03-21 07:35:00,90.14,90.17,90.08,90.08,8130.93
2026-03-21 07:40:00,90.08,90.14,90.07,90.08,6629.29
2026-03-21 07:45:00,90.08,90.08,89.88,90.0,26750.63
2026-03-21 07:50:00,89.99,90.05,89.95,90.05,12544.0
2026-03-21 07:55:00,90.05,90.1,90.01,90.1,5782.69
2026-03-21 08:00:00,90.1,90.1,90.0,90.0,11863.02
2026-03-21 08:05:00,90.0,90.05,89.95,89.97,7272.94
2026-03-21 08:10:00,89.96,90.04,89.96,89.97,11898.71
2026-03-21 08:15:00,89.97,89.99,89.83,89.86,12887.19
2026-03-21 08:20:00,89.87,89.93,89.82,89.91,19227.44
2026-03-21 08:25:00,89.91,89.94,89.81,89.84,10019.11
2026-03-21 08:30:00,89.84,89.91,89.77,89.86,30465.21
2026-03-21 08:35:00,89.86,89.91,89.85,89.88,7124.18
2026-03-21 08:40:00,89.89,89.92,89.85,89.92,6195.92
2026-03-21 08:45:00,89.91,89.95,89.85,89.9,11504.7
2026-03-21 08:50:00,89.91,89.93,89.88,89.92,3605.59
2026-03-21 08:55:00,89.91,89.98,89.91,89.94,4214.51
2026-03-21 09:00:00,89.94,90.08,89.92,90.05,16175.37
2026-03-21 09:05:00,90.05,90.1,90.02,90.08,17947.06
2026-03-21 09:10:00,90.09,90.15,90.03,90.13,12952.04
2026-03-21 09:15:00,90.13,90.14,90.02,90.03,16209.36
2026-03-21 09:20:00,90.04,90.08,90.01,90.06,8401.04
2026-03-21 09:25:00,90.06,90.11,90.03,90.09,3390.42
2026-03-21 09:30:00,90.09,90.14,90.06,90.14,5641.48
2026-03-21 09:35:00,90.13,90.27,90.12,90.21,41220.99
2026-03-21 09:40:00,90.21,90.27,90.2,90.25,15543.38
2026-03-21 09:45:00,90.25,90.28,90.18,90.27,11300.9
2026-03-21 09:50:00,90.27,90.36,90.17,90.2,46045.65
2026-03-21 09:55:00,90.2,90.2,90.12,90.15,10236.45
2026-03-21 10:00:00,90.15,90.2,90.08,90.14,7374.41
2026-03-21 10:05:00,90.14,90.17,90.02,90.16,10648.62
2026-03-21 10:10:00,90.15,90.17,90.11,90.16,3496.21
2026-03-21 10:15:00,90.16,90.17,89.94,89.99,14811.56
2026-03-21 10:20:00,89.99,90.0,89.91,89.97,10658.42
2026-03-21 10:25:00,89.97,89.99,89.91,89.97,9340.31
2026-03-21 10:30:00,89.96,90.0,89.94,89.98,4490.9
2026-03-21 10:35:00,89.98,90.04,89.97,90.01,5041.09
2026-03-21 10:40:00,90.01,90.01,89.89,89.95,8226.79
2026-03-21 10:45:00,89.95,89.96,89.83,89.87,9848.11
2026-03-21 10:50:00,89.87,89.92,89.86,89.91,6977.64
2026-03-21 10:55:00,89.91,89.94,89.9,89.94,2880.96
2026-03-21 11:00:00,89.93,89.95,89.88,89.93,6964.82
2026-03-21 11:05:00,89.93,89.96,89.88,89.9,2653.29
2026-03-21 11:10:00,89.9,89.9,89.81,89.83,7588.42
2026-03-21 11:15:00,89.83,89.92,89.8,89.9,10706.91
2026-03-21 11:20:00,89.91,89.93,89.87,89.91,3306.14
2026-03-21 11:25:00,89.91,89.98,89.9,89.94,5222.71
2026-03-21 11:30:00,89.94,89.94,89.78,89.81,11269.36
2026-03-21 11:35:00,89.81,89.85,89.81,89.84,3634.15
2026-03-21 11:40:00,89.85,89.93,89.84,89.92,6612.45
2026-03-21 11:45:00,89.92,89.93,89.88,89.91,5933.95
2026-03-21 11:50:00,89.91,89.92,89.82,89.83,5975.76
2026-03-21 11:55:00,89.83,89.91,89.83,89.9,4538.43
2026-03-21 12:00:00,89.89,89.99,89.89,89.99,11000.31
2026-03-21 12:05:00,89.99,90.0,89.83,89.91,9808.4
2026-03-21 12:10:00,89.91,89.96,89.9,89.93,8242.74
2026-03-21 12:15:00,89.93,89.95,89.86,89.91,8553.68
2026-03-21 12:20:00,89.91,90.07,89.91,90.0,6831.01
2026-03-21 12:25:00,90.0,90.07,89.98,90.06,9974.45
2026-03-21 12:30:00,90.05,90.06,89.97,90.03,5805.65
2026-03-21 12:35:00,90.03,90.14,90.03,90.13,7734.01
2026-03-21 12:40:00,90.14,90.14,90.11,90.11,4476.48
2026-03-21 12:45:00,90.11,90.14,90.04,90.09,6319.57
2026-03-21 12:50:00,90.08,90.13,90.06,90.1,16282.07
2026-03-21 12:55:00,90.1,90.15,90.09,90.13,5857.56
2026-03-21 13:00:00,90.12,90.17,90.05,90.06,11820.68
2026-03-21 13:05:00,90.06,90.06,89.99,90.04,7790.87
2026-03-21 13:10:00,90.04,90.06,90.03,90.05,2903.81
2026-03-21 13:15:00,90.05,90.23,90.04,90.22,14916.79
2026-03-21 13:20:00,90.22,90.22,90.08,90.12,7139.2
2026-03-21 13:25:00,90.13,90.18,90.1,90.12,5347.89
2026-03-21 13:30:00,90.13,90.22,90.11,90.16,6686.05
2026-03-21 13:35:00,90.16,90.18,90.02,90.05,14495.7
2026-03-21 13:40:00,90.04,90.07,90.01,90.03,14994.06
2026-03-21 13:45:00,90.02,90.02,89.93,89.99,11354.9
2026-03-21 13:50:00,89.99,90.0,89.93,89.94,8877.12
2026-03-21 13:55:00,89.94,89.99,89.9,89.96,7845.21
2026-03-21 14:00:00,89.95,90.0,89.95,89.96,10195.6
2026-03-21 14:05:00,89.96,90.0,89.95,89.99,8037.39
2026-03-21 14:10:00,89.99,90.37,89.97,90.28,52775.07
2026-03-21 14:15:00,90.28,90.36,90.14,90.24,28522.11
2026-03-21 14:20:00,90.24,90.27,90.14,90.16,14471.81
2026-03-21 14:25:00,90.16,90.17,90.11,90.14,7170.6
2026-03-21 14:30:00,90.14,90.24,90.08,90.24,7879.58
2026-03-21 14:35:00,90.24,90.29,90.11,90.12,9217.4
2026-03-21 14:40:00,90.11,90.17,90.09,90.11,7113.16
2026-03-21 14:45:00,90.11,90.11,89.84,89.89,18350.29
2026-03-21 14:50:00,89.89,89.91,89.71,89.82,55010.5
2026-03-21 14:55:00,89.82,89.82,89.57,89.6,59357.86
2026-03-21 15:00:00,89.59,89.7,89.44,89.66,59128.79
2026-03-21 15:05:00,89.66,89.67,89.52,89.52,33765.47
2026-03-21 15:10:00,89.52,89.62,89.49,89.62,19683.87
2026-03-21 15:15:00,89.62,89.64,89.31,89.41,26114.05
2026-03-21 15:20:00,89.42,89.63,89.42,89.6,17183.79
2026-03-21 15:25:00,89.6,89.68,89.59,89.63,22928.3
2026-03-21 15:30:00,89.63,89.87,89.58,89.86,24060.53
2026-03-21 15:35:00,89.86,89.87,89.66,89.68,21119.02
2026-03-21 15:40:00,89.67,89.75,89.62,89.67,13028.29
2026-03-21 15:45:00,89.67,89.74,89.65,89.73,12457.51
2026-03-21 15:50:00,89.74,89.8,89.69,89.75,7101.08
2026-03-21 15:55:00,89.75,89.79,89.71,89.76,7925.38
2026-03-21 16:00:00,89.77,89.8,89.71,89.77,13726.46
2026-03-21 16:05:00,89.76,89.86,89.75,89.81,8072.85
2026-03-21 16:10:00,89.81,89.86,89.77,89.81,7107.26
2026-03-21 16:15:00,89.81,89.93,89.68,89.69,23542.76
2026-03-21 16:20:00,89.69,89.75,89.68,89.69,8787.76
2026-03-21 16:25:00,89.69,89.72,89.5,89.6,18485.06
2026-03-21 16:30:00,89.61,89.66,89.57,89.66,9581.24
2026-03-21 16:35:00,89.66,89.74,89.61,89.68,17544.53
2026-03-21 16:40:00,89.68,89.69,89.57,89.66,10975.81
2026-03-21 16:45:00,89.66,89.8,89.62,89.74,11566.06
2026-03-21 16:50:00,89.74,89.74,89.67,89.67,5739.72
2026-03-21 16:55:00,89.68,89.68,89.53,89.61,11685.55
2026-03-21 17:00:00,89.62,89.63,89.54,89.61,10796.95
2026-03-21 17:05:00,89.61,89.62,89.33,89.44,25696.36
2026-03-21 17:10:00,89.43,89.49,89.41,89.48,8342.36
2026-03-21 17:15:00,89.47,89.59,89.41,89.52,6199.74
2026-03-21 17:20:00,89.51,89.64,89.5,89.6,10171.61
2026-03-21 17:25:00,89.6,89.62,89.51,89.53,7488.69
2026-03-21 17:30:00,89.52,89.58,89.48,89.54,5664.21
2026-03-21 17:35:00,89.54,89.59,89.54,89.58,3648.14
2026-03-21 17:40:00,89.59,89.61,89.55,89.56,8205.17
2026-03-21 17:45:00,89.56,89.63,89.53,89.55,5100.18
2026-03-21 17:50:00,89.55,89.56,89.47,89.53,3358.84
2026-03-21 17:55:00,89.53,89.58,89.49,89.49,3974.01
2026-03-21 18:00:00,89.5,89.57,89.48,89.52,5893.53
2026-03-21 18:05:00,89.52,89.57,89.49,89.56,3137.35
2026-03-21 18:10:00,89.57,89.58,89.51,89.54,5336.01
2026-03-21 18:15:00,89.54,89.59,89.52,89.54,3603.42
2026-03-21 18:20:00,89.55,89.67,89.54,89.64,4045.92
2026-03-21 18:25:00,89.64,89.64,89.53,89.54,6676.41
2026-03-21 18:30:00,89.54,89.71,89.54,89.7,7597.57
2026-03-21 18:35:00,89.7,89.78,89.69,89.77,8447.62
2026-03-21 18:40:00,89.77,89.88,89.74,89.83,10200.53
2026-03-21 18:45:00,89.83,89.84,89.77,89.77,5791.57
2026-03-21 18:50:00,89.78,89.78,89.65,89.7,6651.67
2026-03-21 18:55:00,89.71,89.73,89.7,89.71,2386.43
2026-03-21 19:00:00,89.72,89.83,89.71,89.83,5414.15
2026-03-21 19:05:00,89.83,89.83,89.76,89.78,4285.74
2026-03-21 19:10:00,89.78,89.83,89.77,89.82,1692.39
2026-03-21 19:15:00,89.82,89.84,89.77,89.82,2583.19
2026-03-21 19:20:00,89.82,89.84,89.78,89.81,1923.99
2026-03-21 19:25:00,89.81,89.85,89.78,89.79,7255.5
2026-03-21 19:30:00,89.79,89.81,89.68,89.7,2564.14
2026-03-21 19:35:00,89.7,89.74,89.64,89.65,4199.8
2026-03-21 19:40:00,89.65,89.72,89.64,89.72,2171.03
2026-03-21 19:45:00,89.72,89.77,89.7,89.7,1852.55
2026-03-21 19:50:00,89.71,89.73,89.7,89.73,1027.2
2026-03-21 19:55:00,89.73,89.78,89.7,89.74,3275.48
2026-03-21 20:00:00,89.74,89.84,89.73,89.79,3334.97
2026-03-21 20:05:00,89.79,89.8,89.72,89.8,2551.2
2026-03-21 20:10:00,89.8,89.88,89.8,89.83,3440.28
2026-03-21 20:15:00,89.83,89.84,89.73,89.8,3965.16
2026-03-21 20:20:00,89.81,89.96,89.8,89.91,6968.45
2026-03-21 20:25:00,89.91,89.96,89.9,89.95,3675.69
2026-03-21 20:30:00,89.96,90.28,89.96,90.13,71114.16
2026-03-21 20:35:00,90.14,90.19,90.1,90.12,8856.57
2026-03-21 20:40:00,90.13,90.16,90.05,90.09,8879.43
2026-03-21 20:45:00,90.09,90.13,90.06,90.08,2136.23
2026-03-21 20:50:00,90.09,90.11,90.06,90.09,2884.93
2026-03-21 20:55:00,90.09,90.17,90.09,90.1,3142.65
2026-03-21 21:00:00,90.11,90.13,90.01,90.06,6536.29
2026-03-21 21:05:00,90.07,90.16,90.05,90.14,3308.59
2026-03-21 21:10:00,90.13,90.13,89.84,89.92,23206.54
2026-03-21 21:15:00,89.92,89.98,89.9,89.98,6706.57
2026-03-21 21:20:00,89.98,90.05,89.97,89.98,5715.93
2026-03-21 21:25:00,89.97,90.07,89.96,90.02,5135.48
2026-03-21 21:30:00,90.02,90.02,89.95,89.98,4628.89
2026-03-21 21:35:00,89.98,90.02,89.95,90.02,2184.4
2026-03-21 21:40:00,90.02,90.04,89.93,89.94,3086.66
2026-03-21 21:45:00,89.94,90.03,89.92,90.0,3664.59
2026-03-21 21:50:00,90.0,90.0,89.88,89.94,3154.45
2026-03-21 21:55:00,89.94,89.97,89.88,89.94,3713.97
2026-03-21 22:00:00,89.94,89.95,89.75,89.81,17631.52
2026-03-21 22:05:00,89.81,89.99,89.78,89.89,16252.59
2026-03-21 22:10:00,89.9,89.94,89.83,89.9,14168.93
2026-03-21 22:15:00,89.91,89.93,89.85,89.9,5618.18
2026-03-21 22:20:00,89.89,89.91,89.85,89.85,4481.38
2026-03-21 22:25:00,89.85,89.9,89.83,89.83,6028.23
2026-03-21 22:30:00,89.83,89.98,89.8,89.97,13354.52
2026-03-21 22:35:00,89.97,90.01,89.89,89.9,4012.74
2026-03-21 22:40:00,89.9,89.95,89.85,89.86,5577.47
2026-03-21 22:45:00,89.86,89.88,89.79,89.88,7799.76
2026-03-21 22:50:00,89.87,89.87,89.77,89.79,3748.1
2026-03-21 22:55:00,89.79,89.87,89.79,89.81,1642.81
2026-03-21 23:00:00,89.82,89.82,89.67,89.76,8246.97
2026-03-21 23:05:00,89.76,89.79,89.68,89.69,5588.1
2026-03-21 23:10:00,89.69,89.69,89.58,89.65,11479.98
2026-03-21 23:15:00,89.65,89.76,89.58,89.69,10635.32
2026-03-21 23:20:00,89.69,89.75,89.65,89.65,6366.22
2026-03-21 23:25:00,89.65,89.69,89.6,89.65,5877.96
2026-03-21 23:30:00,89.64,89.74,89.59,89.68,9691.16
2026-03-21 23:35:00,89.69,89.74,89.68,89.7,5408.27
2026-03-21 23:40:00,89.7,89.78,89.69,89.73,3566.0
2026-03-21 23:45:00,89.74,89.74,88.67,88.7,156061.02
2026-03-21 23:50:00,88.7,88.78,87.5,87.79,425837.73
2026-03-21 23:55:00,87.78,87.9,87.04,87.48,312270.24
2026-03-22 00:00:00,87.47,87.5,86.18,86.49,474413.22
2026-03-22 00:05:00,86.48,87.38,86.36,87.17,126952.73
2026-03-22 00:10:00,87.17,87.29,86.68,86.73,68216.84
2026-03-22 00:15:00,86.73,87.35,86.62,87.16,80483.41
2026-03-22 00:20:00,87.16,87.21,86.83,87.14,31153.84
2026-03-22 00:25:00,87.13,87.2,86.97,87.19,43034.25
2026-03-22 00:30:00,87.19,87.53,87.19,87.53,102679.68
2026-03-22 00:35:00,87.53,87.72,87.33,87.33,60211.4
2026-03-22 00:40:00,87.34,87.57,87.27,87.44,34191.91
2026-03-22 00:45:00,87.45,87.65,87.34,87.51,21542.53
2026-03-22 00:50:00,87.5,87.5,86.96,87.11,72108.93
2026-03-22 00:55:00,87.11,87.25,87.02,87.24,48279.02
2026-03-22 01:00:00,87.24,87.65,87.24,87.49,51457.19
2026-03-22 01:05:00,87.48,87.54,87.09,87.09,60146.96
2026-03-22 01:10:00,87.09,87.31,87.01,87.29,36771.22
2026-03-22 01:15:00,87.28,87.48,87.15,87.4,30664.47
2026-03-22 01:20:00,87.41,87.53,87.32,87.35,36967.06
2026-03-22 01:25:00,87.36,87.39,87.26,87.32,20059.4
2026-03-22 01:30:00,87.33,87.36,87.16,87.27,28048.62
2026-03-22 01:35:00,87.28,87.3,86.9,87.04,54089.84
2026-03-22 01:40:00,87.04,87.17,87.0,87.01,16948.48
2026-03-22 01:45:00,87.01,87.25,87.01,87.23,13367.33
2026-03-22 01:50:00,87.22,87.35,87.2,87.3,15524.05
2026-03-22 01:55:00,87.3,87.42,87.3,87.38,25460.42
2026-03-22 02:00:00,87.39,87.55,87.38,87.53,32553.83
2026-03-22 02:05:00,87.52,87.62,87.36,87.38,31919.5
2026-03-22 02:10:00,87.39,87.57,87.34,87.52,20615.86
2026-03-22 02:15:00,87.53,87.6,87.46,87.56,16802.57
2026-03-22 02:20:00,87.57,87.65,87.45,87.64,14555.64
2026-03-22 02:25:00,87.64,88.41,87.63,88.26,89138.61
2026-03-22 02:30:00,88.27,88.3,87.94,88.07,37655.67
2026-03-22 02:35:00,88.06,88.12,87.98,88.03,20148.74
2026-03-22 02:40:00,88.02,88.09,87.99,88.07,14442.9
2026-03-22 02:45:00,88.07,88.19,87.99,88.09,21248.16
2026-03-22 02:50:00,88.1,88.19,88.0,88.18,15218.44
2026-03-22 02:55:00,88.18,88.25,88.08,88.08,13270.6
2026-03-22 03:00:00,88.08,88.09,87.7,87.81,42919.28
2026-03-22 03:05:00,87.81,87.93,87.77,87.86,13644.67
2026-03-22 03:10:00,87.86,88.07,87.85,88.02,10471.46
2026-03-22 03:15:00,88.02,88.17,87.99,88.15,9604.68
2026-03-22 03:20:00,88.15,88.23,88.06,88.21,12438.16
2026-03-22 03:25:00,88.21,88.76,88.16,88.64,58194.47
2026-03-22 03:30:00,88.64,88.75,88.47,88.59,35092.42
2026-03-22 03:35:00,88.59,89.1,88.55,88.64,102429.09
2026-03-22 03:40:00,88.64,88.64,88.5,88.64,16292.51
2026-03-22 03:45:00,88.64,88.65,88.54,88.62,14605.68
2026-03-22 03:50:00,88.62,88.63,88.48,88.53,17813.33
2026-03-22 03:55:00,88.53,88.64,88.51,88.61,18070.01
2026-03-22 04:00:00,88.6,88.8,88.54,88.78,37196.42
2026-03-22 04:05:00,88.78,88.96,88.76,88.88,28210.28
2026-03-22 04:10:00,88.88,88.91,88.7,88.88,32204.24
2026-03-22 04:15:00,88.88,89.14,88.85,88.86,55523.35
2026-03-22 04:20:00,88.86,88.86,88.54,88.71,37285.94
2026-03-22 04:25:00,88.71,88.82,88.7,88.75,30768.54
2026-03-22 04:30:00,88.74,88.78,88.53,88.75,55374.26
2026-03-22 04:35:00,88.76,89.03,88.76,88.9,53447.0
2026-03-22 04:40:00,88.91,88.94,88.82,88.89,17389.29
2026-03-22 04:45:00,88.89,89.08,88.85,88.88,33712.28
2026-03-22 04:50:00,88.88,88.98,88.85,88.96,17228.42
2026-03-22 04:55:00,88.96,88.98,88.9,88.95,13064.47
2026-03-22 05:00:00,88.94,88.95,88.74,88.83,24107.81
2026-03-22 05:05:00,88.83,88.87,88.67,88.74,8785.07
2026-03-22 05:10:00,88.74,88.81,88.68,88.68,13772.37
2026-03-22 05:15:00,88.68,88.76,88.6,88.7,13759.76
2026-03-22 05:20:00,88.7,88.73,88.52,88.57,35153.34
2026-03-22 05:25:00,88.57,88.62,88.47,88.49,13595.52
2026-03-22 05:30:00,88.49,88.59,88.49,88.51,13900.86
2026-03-22 05:35:00,88.51,88.56,88.48,88.53,7851.17
2026-03-22 05:40:00,88.53,88.55,88.44,88.44,5136.25
2026-03-22 05:45:00,88.44,88.57,88.44,88.47,11227.49
2026-03-22 05:50:00,88.48,88.5,88.37,88.4,14528.78
2026-03-22 05:55:00,88.41,88.45,88.38,88.41,16085.12
2026-03-22 06:00:00,88.41,88.41,88.23,88.36,22551.56
2026-03-22 06:05:00,88.36,88.37,88.19,88.29,22132.79
2026-03-22 06:10:00,88.29,88.31,88.21,88.21,10607.57
2026-03-22 06:15:00,88.21,88.27,88.08,88.19,18486.57
2026-03-22 06:20:00,88.2,88.27,88.11,88.19,20676.52
2026-03-22 06:25:00,88.19,88.25,88.12,88.23,9189.13
2026-03-22 06:30:00,88.23,88.3,88.14,88.17,8145.67
2026-03-22 06:35:00,88.17,88.32,88.17,88.31,16632.27
2026-03-22 06:40:00,88.32,88.36,88.25,88.25,19646.6
2026-03-22 06:45:00,88.25,88.25,88.11,88.11,7974.23
2026-03-22 06:50:00,88.12,88.25,88.11,88.17,6407.12
2026-03-22 06:55:00,88.16,88.17,88.11,88.16,9655.01
2026-03-22 07:00:00,88.15,88.27,88.11,88.22,7626.7
2026-03-22 07:05:00,88.23,88.27,88.01,88.09,20811.03
2026-03-22 07:10:00,88.09,88.21,88.03,88.13,13267.14
2026-03-22 07:15:00,88.13,88.26,88.13,88.22,8735.63
2026-03-22 07:20:00,88.21,88.25,88.17,88.2,4082.75
2026-03-22 07:25:00,88.2,88.28,88.2,88.23,4849.62
2026-03-22 07:30:00,88.23,88.23,87.95,88.02,17443.34
2026-03-22 07:35:00,88.02,88.08,87.84,87.86,23530.55
2026-03-22 07:40:00,87.87,87.94,87.74,87.85,31773.5
2026-03-22 07:45:00,87.84,87.97,87.73,87.96,16847.87
2026-03-22 07:50:00,87.96,87.98,87.84,87.86,5884.08
2026-03-22 07:55:00,87.86,87.88,87.6,87.64,38063.53
2026-03-22 08:00:00,87.64,87.69,87.29,87.41,83817.92
2026-03-22 08:05:00,87.41,87.49,87.31,87.33,34515.14
2026-03-22 08:10:00,87.32,87.47,87.28,87.46,19188.02
2026-03-22 08:15:00,87.46,87.47,87.09,87.09,55001.81
2026-03-22 08:20:00,87.1,87.17,86.93,87.17,64728.4
2026-03-22 08:25:00,87.16,87.3,86.8,86.97,82720.61
2026-03-22 08:30:00,86.97,87.22,86.94,87.05,35725.05
2026-03-22 08:35:00,87.05,87.15,86.98,87.11,24732.65
2026-03-22 08:40:00,87.1,87.3,87.05,87.19,22226.75
2026-03-22 08:45:00,87.19,87.26,87.11,87.22,16793.26
2026-03-22 08:50:00,87.23,87.29,87.15,87.24,14174.84
2026-03-22 08:55:00,87.25,87.38,87.2,87.3,20563.8
2026-03-22 09:00:00,87.3,87.37,87.27,87.3,18228.01
2026-03-22 09:05:00,87.3,87.54,87.29,87.52,21859.37
2026-03-22 09:10:00,87.52,87.57,87.45,87.52,20304.03
2026-03-22 09:15:00,87.52,87.59,87.17,87.26,38313.74
2026-03-22 09:20:00,87.27,87.41,87.24,87.32,28117.6
2026-03-22 09:25:00,87.32,87.32,87.11,87.15,30348.92
2026-03-22 09:30:00,87.15,87.24,87.13,87.22,31058.61
2026-03-22 09:35:00,87.21,87.35,87.2,87.29,22284.64
2026-03-22 09:40:00,87.29,87.39,87.28,87.32,8518.51
2026-03-22 09:45:00,87.32,87.38,87.3,87.31,11344.72
2026-03-22 09:50:00,87.3,87.31,87.16,87.26,22925.88
2026-03-22 09:55:00,87.26,87.32,87.24,87.24,8478.67
2026-03-22 10:00:00,87.24,87.38,87.17,87.37,14840.64
2026-03-22 10:05:00,87.37,87.4,87.17,87.24,15071.18
2026-03-22 10:10:00,87.25,87.32,87.2,87.3,5584.71
2026-03-22 10:15:00,87.3,87.38,87.17,87.3,13580.76
2026-03-22 10:20:00,87.3,87.44,87.29,87.44,19080.81
2026-03-22 10:25:00,87.44,87.44,87.34,87.37,21751.69
2026-03-22 10:30:00,87.37,87.45,87.29,87.29,9743.9
2026-03-22 10:35:00,87.29,87.33,87.15,87.28,19107.97
2026-03-22 10:40:00,87.29,87.34,87.22,87.32,16671.26
2026-03-22 10:45:00,87.33,87.38,87.22,87.23,10626.02
2026-03-22 10:50:00,87.23,87.37,87.19,87.32,14068.17
2026-03-22 10:55:00,87.32,87.39,87.27,87.27,8354.19
2026-03-22 11:00:00,87.27,87.3,87.15,87.29,11143.6
2026-03-22 11:05:00,87.29,87.37,87.22,87.35,6937.61
2026-03-22 11:10:00,87.34,87.35,87.28,87.28,4592.45
2026-03-22 11:15:00,87.28,87.39,87.21,87.22,30299.94
2026-03-22 11:20:00,87.21,87.39,87.21,87.24,6949.11
2026-03-22 11:25:00,87.24,87.24,86.99,87.1,31707.29
2026-03-22 11:30:00,87.11,87.24,87.05,87.12,14464.37
2026-03-22 11:35:00,87.12,87.18,87.06,87.17,14409.01
2026-03-22 11:40:00,87.18,87.24,86.89,87.18,31626.95
2026-03-22 11:45:00,87.18,87.23,87.04,87.04,11446.27
2026-03-22 11:50:00,87.05,87.08,86.83,87.01,36591.95
2026-03-22 11:55:00,87.0,87.0,86.77,86.77,50905.87
2026-03-22 12:00:00,86.78,86.9,86.75,86.81,35012.05
2026-03-22 12:05:00,86.81,86.97,86.8,86.93,24410.54
2026-03-22 12:10:00,86.92,86.95,86.85,86.89,14491.19
2026-03-22 12:15:00,86.89,87.11,86.88,87.07,20578.41
2026-03-22 12:20:00,87.06,87.25,86.99,87.19,41488.87
2026-03-22 12:25:00,87.2,87.4,87.15,87.28,19999.68
2026-03-22 12:30:00,87.27,87.3,87.18,87.23,9113.37
2026-03-22 12:35:00,87.23,87.25,87.17,87.17,10776.77
2026-03-22 12:40:00,87.18,87.23,87.15,87.16,7147.09
2026-03-22 12:45:00,87.15,87.27,87.06,87.09,12470.99
2026-03-22 12:50:00,87.08,87.21,87.06,87.19,23038.84
2026-03-22 12:55:00,87.19,87.24,87.15,87.21,7724.77
2026-03-22 13:00:00,87.21,87.67,87.17,87.43,71625.09
2026-03-22 13:05:00,87.43,87.48,87.34,87.45,18453.61
2026-03-22 13:10:00,87.44,87.55,87.36,87.42,16722.65
2026-03-22 13:15:00,87.43,87.43,87.33,87.4,12515.7
2026-03-22 13:20:00,87.41,87.53,87.26,87.32,23788.31
2026-03-22 13:25:00,87.32,87.43,87.29,87.38,7386.65
2026-03-22 13:30:00,87.38,87.47,87.24,87.27,9585.46
2026-03-22 13:35:00,87.27,87.31,87.09,87.1,10922.4
2026-03-22 13:40:00,87.1,87.15,86.94,87.06,21694.69
2026-03-22 13:45:00,87.06,87.15,86.99,87.11,13454.91
2026-03-22 13:50:00,87.1,87.27,87.08,87.26,8879.66
2026-03-22 13:55:00,87.26,87.32,87.24,87.25,16575.65
2026-03-22 14:00:00,87.25,87.35,86.96,87.1,18984.31
2026-03-22 14:05:00,87.1,87.18,87.06,87.18,5169.24
2026-03-22 14:10:00,87.18,87.34,87.18,87.31,9815.03
2026-03-22 14:15:00,87.31,87.34,87.27,87.3,5217.62
2026-03-22 14:20:00,87.29,87.53,87.23,87.43,18391.85
2026-03-22 14:25:00,87.42,87.46,87.3,87.36,10860.17
2026-03-22 14:30:00,87.37,87.41,87.28,87.33,10200.92
2026-03-22 14:35:00,87.33,87.46,87.29,87.39,9294.15
2026-03-22 14:40:00,87.39,87.41,87.27,87.33,13525.64
2026-03-22 14:45:00,87.33,87.33,87.13,87.18,9422.89
2026-03-22 14:50:00,87.18,87.19,87.09,87.1,9615.46
2026-03-22 14:55:00,87.1,87.15,87.03,87.14,21201.24
2026-03-22 15:00:00,87.14,87.27,87.12,87.2,17092.47
2026-03-22 15:05:00,87.19,87.39,87.19,87.3,29177.24
2026-03-22 15:10:00,87.29,87.35,87.27,87.28,13275.78
2026-03-22 15:15:00,87.28,87.39,87.21,87.29,22033.5
2026-03-22 15:20:00,87.3,87.36,87.13,87.22,12874.88
2026-03-22 15:25:00,87.23,87.27,87.16,87.26,9038.46
2026-03-22 15:30:00,87.27,87.3,87.21,87.3,7791.57
2026-03-22 15:35:00,87.29,87.31,87.11,87.15,10661.38
2026-03-22 15:40:00,87.16,87.31,87.14,87.3,9306.86
2026-03-22 15:45:00,87.3,87.38,87.24,87.38,14057.45
2026-03-22 15:50:00,87.38,87.55,87.38,87.47,26636.05
2026-03-22 15:55:00,87.47,87.53,87.42,87.52,12617.66
2026-03-22 16:00:00,87.51,87.57,87.39,87.55,20922.91
2026-03-22 16:05:00,87.54,87.57,87.43,87.44,14640.48
2026-03-22 16:10:00,87.44,87.56,87.41,87.56,15467.14
2026-03-22 16:15:00,87.56,87.65,87.39,87.41,67827.81
2026-03-22 16:20:00,87.4,87.44,87.3,87.37,30096.11
2026-03-22 16:25:00,87.37,87.37,87.28,87.3,16155.74
2026-03-22 16:30:00,87.3,87.34,87.23,87.27,9534.9
2026-03-22 16:35:00,87.27,87.35,87.23,87.24,7033.57
2026-03-22 16:40:00,87.23,87.3,87.19,87.28,9168.37
2026-03-22 16:45:00,87.28,87.43,87.28,87.39,4570.32
2026-03-22 16:50:00,87.39,87.49,87.37,87.46,13429.23
2026-03-22 16:55:00,87.45,87.49,87.41,87.41,7258.37
2026-03-22 17:00:00,87.41,87.41,87.26,87.34,7912.23
2026-03-22 17:05:00,87.34,87.43,87.3,87.43,3581.57
2026-03-22 17:10:00,87.42,87.45,87.35,87.44,5912.53
2026-03-22 17:15:00,87.45,87.49,87.36,87.41,8122.96
2026-03-22 17:20:00,87.41,87.5,87.35,87.35,7019.45
2026-03-22 17:25:00,87.35,87.41,87.3,87.35,9444.3
2026-03-22 17:30:00,87.35,87.39,87.26,87.32,5415.1
2026-03-22 17:35:00,87.32,87.32,87.15,87.17,19356.82
2026-03-22 17:40:00,87.16,87.24,87.13,87.21,8037.18
2026-03-22 17:45:00,87.21,87.28,87.18,87.18,5809.94
2026-03-22 17:50:00,87.19,87.29,87.19,87.24,6122.04
2026-03-22 17:55:00,87.24,87.3,87.2,87.21,3812.02
2026-03-22 18:00:00,87.2,87.2,87.05,87.09,16073.26
2026-03-22 18:05:00,87.08,87.22,87.08,87.21,9400.6
2026-03-22 18:10:00,87.21,87.26,87.2,87.24,3917.32
2026-03-22 18:15:00,87.24,87.25,87.18,87.21,9599.89
2026-03-22 18:20:00,87.21,87.24,87.14,87.14,3220.33
2026-03-22 18:25:00,87.14,87.23,87.11,87.17,6581.85
2026-03-22 18:30:00,87.17,87.25,86.78,86.78,31972.83
2026-03-22 18:35:00,86.78,86.91,86.42,86.7,93715.28
2026-03-22 18:40:00,86.7,86.84,86.67,86.77,19460.97
2026-03-22 18:45:00,86.76,86.91,86.72,86.89,16657.62
2026-03-22 18:50:00,86.89,86.95,86.83,86.86,11118.21
2026-03-22 18:55:00,86.86,87.02,86.84,86.94,22697.32
2026-03-22 19:00:00,86.94,86.96,86.65,86.73,16006.49
2026-03-22 19:05:00,86.73,86.85,86.72,86.82,12351.03
2026-03-22 19:10:00,86.82,86.85,86.6,86.68,20434.98
2026-03-22 19:15:00,86.68,86.73,86.58,86.68,16326.76
2026-03-22 19:20:00,86.67,86.74,86.59,86.67,6507.93
2026-03-22 19:25:00,86.67,86.71,86.59,86.59,5791.19
2026-03-22 19:30:00,86.6,86.76,86.5,86.76,14045.77
2026-03-22 19:35:00,86.76,86.92,86.75,86.92,20899.49
2026-03-22 19:40:00,86.92,86.97,86.84,86.9,12093.86
2026-03-22 19:45:00,86.9,86.95,86.69,86.7,21553.22
2026-03-22 19:50:00,86.71,86.85,86.71,86.79,5195.12
2026-03-22 19:55:00,86.79,86.83,86.75,86.81,11230.83
2026-03-22 20:00:00,86.81,87.06,86.81,86.96,17549.73
2026-03-22 20:05:00,86.96,87.02,86.92,87.01,12695.68
2026-03-22 20:10:00,87.0,87.0,86.89,86.98,11196.81
2026-03-22 20:15:00,86.98,87.06,86.96,86.98,5188.26
2026-03-22 20:20:00,86.98,87.12,86.95,86.99,9968.47
2026-03-22 20:25:00,86.98,86.98,86.83,86.88,14613.14
2026-03-22 20:30:00,86.88,86.9,86.75,86.76,7714.85
2026-03-22 20:35:00,86.76,86.79,86.63,86.7,7844.28
2026-03-22 20:40:00,86.69,86.86,86.69,86.83,3895.99
2026-03-22 20:45:00,86.82,86.82,86.73,86.76,6143.58
2026-03-22 20:50:00,86.76,86.79,86.48,86.59,46115.76
2026-03-22 20:55:00,86.6,86.6,86.46,86.52,15737.68
2026-03-22 21:00:00,86.53,86.58,86.37,86.42,19941.69
2026-03-22 21:05:00,86.41,86.42,85.34,86.01,467894.61
2026-03-22 21:10:00,86.01,86.07,85.73,85.82,41759.1
2026-03-22 21:15:00,85.82,85.86,85.33,85.37,81602.03
2026-03-22 21:20:00,85.37,85.74,85.01,85.68,165250.33
2026-03-22 21:25:00,85.68,85.97,85.58,85.9,29170.41
2026-03-22 21:30:00,85.9,85.91,85.68,85.69,26864.14
2026-03-22 21:35:00,85.68,85.97,85.57,85.88,30511.44
2026-03-22 21:40:00,85.87,85.99,85.77,85.82,15199.37
2026-03-22 21:45:00,85.82,85.85,85.61,85.71,18271.73
2026-03-22 21:50:00,85.71,85.9,85.67,85.84,17958.82
2026-03-22 21:55:00,85.83,85.92,85.72,85.92,16570.52
2026-03-22 22:00:00,85.93,86.03,85.44,85.95,48151.99
2026-03-22 22:05:00,85.95,86.44,85.87,86.33,59621.29
2026-03-22 22:10:00,86.32,86.33,85.65,85.74,83080.97
2026-03-22 22:15:00,85.75,86.04,85.59,85.9,51299.21
2026-03-22 22:20:00,85.9,86.35,85.82,86.3,48717.06
2026-03-22 22:25:00,86.29,86.66,86.22,86.45,33354.28
2026-03-22 22:30:00,86.46,86.61,86.4,86.42,23117.43
2026-03-22 22:35:00,86.42,86.56,86.31,86.39,13403.26
2026-03-22 22:40:00,86.38,86.4,86.2,86.26,14361.19
2026-03-22 22:45:00,86.25,86.57,86.25,86.56,15634.75
2026-03-22 22:50:00,86.56,86.73,86.51,86.62,12407.65
2026-03-22 22:55:00,86.63,86.72,86.61,86.69,8294.15
2026-03-22 23:00:00,86.7,86.82,86.61,86.73,16536.15
2026-03-22 23:05:00,86.73,86.77,86.5,86.6,14065.69
2026-03-22 23:10:00,86.6,86.98,86.58,86.79,26445.34
2026-03-22 23:15:00,86.79,86.83,86.61,86.65,23090.5
2026-03-22 23:20:00,86.65,86.65,86.47,86.52,35752.48
2026-03-22 23:25:00,86.51,86.56,86.41,86.49,7859.03
2026-03-22 23:30:00,86.48,86.62,86.38,86.45,22261.53
2026-03-22 23:35:00,86.46,86.53,86.45,86.49,19989.24
2026-03-22 23:40:00,86.48,86.53,86.4,86.46,9580.12
2026-03-22 23:45:00,86.47,86.47,86.22,86.23,24690.89
2026-03-22 23:50:00,86.22,86.24,85.97,86.07,37122.25
2026-03-22 23:55:00,86.08,86.19,86.04,86.16,21150.14
2026-03-23 00:00:00,86.16,86.43,86.08,86.21,30042.02
2026-03-23 00:05:00,86.21,86.4,85.98,86.27,27318.27
2026-03-23 00:10:00,86.27,86.57,86.24,86.3,20287.35
2026-03-23 00:15:00,86.31,86.35,86.07,86.21,17031.42
2026-03-23 00:20:00,86.2,86.38,86.16,86.38,11393.0
2026-03-23 00:25:00,86.37,86.46,86.18,86.22,18474.73
2026-03-23 00:30:00,86.21,86.26,85.82,85.88,28811.61
2026-03-23 00:35:00,85.88,85.91,85.54,85.6,55787.95
2026-03-23 00:40:00,85.6,85.99,85.41,85.94,55526.69
2026-03-23 00:45:00,85.93,86.03,85.91,86.02,20686.23
2026-03-23 00:50:00,86.01,86.2,85.87,85.9,20039.63
2026-03-23 00:55:00,85.91,85.99,85.74,85.84,26381.68
2026-03-23 01:00:00,85.85,86.0,85.68,85.91,46410.07
2026-03-23 01:05:00,85.91,86.37,85.87,86.23,40717.17
2026-03-23 01:10:00,86.22,86.22,86.05,86.16,14611.75
2026-03-23 01:15:00,86.15,86.45,86.14,86.41,32815.92
2026-03-23 01:20:00,86.41,86.59,86.29,86.55,45060.14
2026-03-23 01:25:00,86.54,86.55,86.37,86.41,16569.7
2026-03-23 01:30:00,86.41,86.47,86.23,86.3,17990.8
2026-03-23 01:35:00,86.3,86.48,86.27,86.41,11857.73
2026-03-23 01:40:00,86.4,86.43,86.18,86.26,16891.37
2026-03-23 01:45:00,86.27,86.38,86.03,86.09,16172.69
2026-03-23 01:50:00,86.08,86.29,86.02,86.11,28109.02
2026-03-23 01:55:00,86.11,86.19,86.04,86.04,10976.08
2026-03-23 02:00:00,86.04,86.16,86.02,86.1,10851.96
2026-03-23 02:05:00,86.11,86.39,86.1,86.33,27583.67
2026-03-23 02:10:00,86.33,86.43,86.0,86.05,17638.86
2026-03-23 02:15:00,86.05,86.23,86.0,86.19,20577.81
2026-03-23 02:20:00,86.2,86.39,86.18,86.34,16525.67
2026-03-23 02:25:00,86.34,86.87,86.32,86.8,45604.59
2026-03-23 02:30:00,86.8,86.93,86.7,86.75,29084.85
2026-03-23 02:35:00,86.75,86.8,86.59,86.59,21144.42
2026-03-23 02:40:00,86.6,86.88,86.59,86.6,15378.75
2026-03-23 02:45:00,86.6,86.65,86.57,86.61,10286.28
2026-03-23 02:50:00,86.61,86.65,86.45,86.53,16077.53
2026-03-23 02:55:00,86.53,86.69,86.47,86.66,10188.99
2026-03-23 03:00:00,86.65,87.18,86.65,86.98,56788.57
2026-03-23 03:05:00,86.98,87.05,86.87,86.88,17022.94
2026-03-23 03:10:00,86.88,86.94,86.65,86.69,34667.28
2026-03-23 03:15:00,86.7,86.8,86.63,86.63,17255.5
2026-03-23 03:20:00,86.63,86.78,86.54,86.6,19928.95
2026-03-23 03:25:00,86.6,86.63,86.48,86.54,13820.28
2026-03-23 03:30:00,86.54,86.58,86.44,86.58,8513.17
2026-03-23 03:35:00,86.57,86.57,86.4,86.43,5716.99
2026-03-23 03:40:00,86.42,86.5,86.36,86.48,10532.47
2026-03-23 03:45:00,86.49,86.51,86.39,86.48,5605.46
2026-03-23 03:50:00,86.49,86.55,86.35,86.36,12621.96
2026-03-23 03:55:00,86.36,86.4,86.29,86.34,36656.52
2026-03-23 04:00:00,86.35,86.47,86.31,86.39,13964.98
2026-03-23 04:05:00,86.39,86.52,86.38,86.38,16087.02
2026-03-23 04:10:00,86.38,86.48,86.36,86.39,15167.69
2026-03-23 04:15:00,86.39,86.44,86.26,86.37,8356.0
2026-03-23 04:20:00,86.36,86.51,86.35,86.4,8033.77
2026-03-23 04:25:00,86.4,86.46,86.35,86.45,11014.29
2026-03-23 04:30:00,86.46,86.53,86.42,86.52,29779.83
2026-03-23 04:35:00,86.52,86.74,86.52,86.68,18735.19
2026-03-23 04:40:00,86.68,86.72,86.48,86.52,15976.01
2026-03-23 04:45:00,86.52,86.66,86.52,86.62,10054.76
2026-03-23 04:50:00,86.62,86.85,86.58,86.81,23580.95
2026-03-23 04:55:00,86.81,86.86,86.75,86.85,24697.72
2026-03-23 05:00:00,86.85,87.14,86.85,87.0,41943.47
2026-03-23 05:05:00,87.0,87.15,86.98,87.09,30216.36
2026-03-23 05:10:00,87.08,87.22,87.01,87.19,21869.2
2026-03-23 05:15:00,87.19,87.28,87.04,87.17,41660.44
2026-03-23 05:20:00,87.17,87.17,87.03,87.04,16338.63
2026-03-23 05:25:00,87.04,87.1,86.99,87.03,18662.39
2026-03-23 05:30:00,87.04,87.05,86.82,87.02,68522.02
2026-03-23 05:35:00,87.02,87.21,86.96,86.97,25891.14
2026-03-23 05:40:00,86.97,86.99,86.87,86.89,12664.59
2026-03-23 05:45:00,86.89,86.94,86.83,86.86,11258.78
2026-03-23 05:50:00,86.86,86.97,86.79,86.97,23731.16
2026-03-23 05:55:00,86.97,87.21,86.96,87.12,17919.42
2026-03-23 06:00:00,87.12,87.12,86.83,86.85,20043.88
2026-03-23 06:05:00,86.85,86.86,86.7,86.72,14732.51
2026-03-23 06:10:00,86.72,86.8,86.47,86.54,34155.35
2026-03-23 06:15:00,86.54,86.65,86.44,86.53,23442.92
2026-03-23 06:20:00,86.53,86.54,86.36,86.51,19656.05
2026-03-23 06:25:00,86.51,86.65,86.48,86.57,24285.39
2026-03-23 06:30:00,86.56,86.57,86.38,86.39,18114.67
2026-03-23 06:35:00,86.4,86.41,85.72,85.85,86123.49
2026-03-23 06:40:00,85.85,86.03,85.5,85.63,82321.5
2026-03-23 06:45:00,85.63,85.83,85.38,85.57,107585.86
2026-03-23 06:50:00,85.56,85.72,85.44,85.63,30424.0
2026-03-23 06:55:00,85.63,85.7,85.51,85.68,19940.62
2026-03-23 07:00:00,85.69,85.7,85.35,85.36,55875.45
2026-03-23 07:05:00,85.36,85.61,85.06,85.44,116916.42
2026-03-23 07:10:00,85.45,85.63,85.34,85.54,34988.12
2026-03-23 07:15:00,85.53,85.62,85.42,85.58,25956.97
2026-03-23 07:20:00,85.58,85.6,85.02,85.2,51976.91
2026-03-23 07:25:00,85.2,85.35,85.09,85.3,23574.93
2026-03-23 07:30:00,85.31,85.69,85.24,85.59,38137.26
2026-03-23 07:35:00,85.59,86.04,85.57,85.9,52308.21
2026-03-23 07:40:00,85.9,86.09,85.85,86.07,23286.15
2026-03-23 07:45:00,86.07,86.18,85.98,86.01,49683.42
2026-03-23 07:50:00,86.01,86.1,85.95,86.02,20252.02
2026-03-23 07:55:00,86.02,86.08,85.86,85.93,22515.34
2026-03-23 08:00:00,85.94,86.06,85.9,85.99,20045.56
2026-03-23 08:05:00,85.99,86.28,85.91,86.25,38227.33
2026-03-23 08:10:00,86.24,86.39,86.1,86.33,34700.67
2026-03-23 08:15:00,86.33,86.42,86.09,86.22,48759.61
2026-03-23 08:20:00,86.22,86.31,86.05,86.24,33605.53
2026-03-23 08:25:00,86.23,86.27,86.15,86.17,20580.55
2026-03-23 08:30:00,86.17,86.4,86.09,86.29,20353.27
2026-03-23 08:35:00,86.3,86.31,86.09,86.15,7811.29
2026-03-23 08:40:00,86.15,86.24,85.97,86.06,14432.07
2026-03-23 08:45:00,86.07,86.19,86.0,86.02,16141.83
2026-03-23 08:50:00,86.02,86.16,85.98,86.02,7659.55
2026-03-23 08:55:00,86.02,86.02,85.79,85.88,31499.27
2026-03-23 09:00:00,85.89,85.97,85.65,85.66,28647.7
2026-03-23 09:05:00,85.66,85.7,85.55,85.69,23135.05
2026-03-23 09:10:00,85.69,85.73,85.65,85.73,14317.1
2026-03-23 09:15:00,85.73,85.82,85.62,85.67,19378.32
2026-03-23 09:20:00,85.68,85.88,85.62,85.65,16984.73
2026-03-23 09:25:00,85.64,85.79,85.55,85.78,14414.79
2026-03-23 09:30:00,85.78,85.79,85.35,85.35,28232.34
2026-03-23 09:35:00,85.35,85.51,85.12,85.44,53535.05
2026-03-23 09:40:00,85.43,85.54,85.35,85.45,20762.24
2026-03-23 09:45:00,85.45,85.62,85.43,85.52,28945.39
2026-03-23 09:50:00,85.53,85.58,85.46,85.54,13332.24
2026-03-23 09:55:00,85.55,85.7,85.54,85.69,12112.13
2026-03-23 10:00:00,85.69,85.84,85.6,85.83,23897.85
2026-03-23 10:05:00,85.83,86.19,85.83,86.1,41027.47
2026-03-23 10:10:00,86.11,86.27,86.03,86.05,26578.98
2026-03-23 10:15:00,86.05,86.12,85.92,85.92,25133.45
2026-03-23 10:20:00,85.93,85.93,85.81,85.9,13406.17
2026-03-23 10:25:00,85.89,85.97,85.82,85.92,10320.31
2026-03-23 10:30:00,85.92,85.96,85.84,85.88,12692.1
2026-03-23 10:35:00,85.87,85.97,85.75,85.77,9228.33
2026-03-23 10:40:00,85.78,85.9,85.71,85.85,12783.25
2026-03-23 10:45:00,85.84,85.85,85.65,85.7,11007.01
2026-03-23 10:50:00,85.69,86.05,85.69,85.98,26629.77
2026-03-23 10:55:00,85.98,86.09,85.97,86.01,6159.79
2026-03-23 11:00:00,86.01,86.21,85.99,86.01,25063.9
2026-03-23 11:05:00,86.01,91.36,86.01,90.72,2559505.72
2026-03-23 11:10:00,90.73,91.93,90.22,90.71,788940.65
2026-03-23 11:15:00,90.71,91.5,90.32,90.41,361557.68
2026-03-23 11:20:00,90.41,90.76,89.6,89.96,261627.29
2026-03-23 11:25:00,89.96,90.63,89.93,90.29,143880.45
2026-03-23 11:30:00,90.29,90.9,90.28,90.61,113704.98
2026-03-23 11:35:00,90.61,90.62,89.67,89.89,139345.63
2026-03-23 11:40:00,89.9,90.08,89.8,89.87,98335.62
2026-03-23 11:45:00,89.88,89.96,88.91,89.48,143939.24
2026-03-23 11:50:00,89.48,89.66,89.12,89.55,61089.68
2026-03-23 11:55:00,89.55,89.56,88.67,88.75,111639.79
2026-03-23 12:00:00,88.75,89.06,88.28,88.83,183638.28
2026-03-23 12:05:00,88.83,89.28,88.65,89.24,90929.17
2026-03-23 12:10:00,89.23,89.32,89.05,89.07,65591.29
2026-03-23 12:15:00,89.06,89.46,89.01,89.44,52153.7
2026-03-23 12:20:00,89.44,89.75,89.35,89.47,71929.95
2026-03-23 12:25:00,89.47,89.7,89.36,89.58,49427.67
2026-03-23 12:30:00,89.58,89.72,89.27,89.69,33800.79
2026-03-23 12:35:00,89.69,90.1,89.53,89.57,110894.86
2026-03-23 12:40:00,89.57,90.4,89.4,90.26,91009.99
2026-03-23 12:45:00,90.25,90.44,90.12,90.25,46986.35
2026-03-23 12:50:00,90.26,90.45,90.06,90.12,31819.42
2026-03-23 12:55:00,90.13,90.27,90.04,90.16,20815.72
2026-03-23 13:00:00,90.17,90.46,90.0,90.04,43756.63
2026-03-23 13:05:00,90.04,90.06,89.85,89.91,31139.68
2026-03-23 13:10:00,89.9,90.07,89.84,89.94,32654.43
2026-03-23 13:15:00,89.94,90.19,89.94,90.03,13174.51
2026-03-23 13:20:00,90.02,90.35,90.01,90.28,20052.34
2026-03-23 13:25:00,90.27,90.27,90.07,90.12,17634.64
2026-03-23 13:30:00,90.12,90.23,89.84,90.13,62775.51
2026-03-23 13:35:00,90.13,90.76,90.07,90.64,78818.21
2026-03-23 13:40:00,90.64,91.19,90.42,90.87,112974.83
2026-03-23 13:45:00,90.87,91.01,90.63,90.92,62596.97
2026-03-23 13:50:00,90.92,91.44,90.89,91.16,125489.07
2026-03-23 13:55:00,91.16,91.3,90.93,91.29,52099.0
2026-03-23 14:00:00,91.29,91.6,91.2,91.32,109446.87
2026-03-23 14:05:00,91.31,91.56,91.08,91.49,50009.24
2026-03-23 14:10:00,91.48,91.65,91.08,91.16,50240.23
2026-03-23 14:15:00,91.16,91.64,91.15,91.45,69637.62
2026-03-23 14:20:00,91.44,91.69,91.26,91.55,60125.71
2026-03-23 14:25:00,91.54,91.68,91.18,91.47,61880.72
2026-03-23 14:30:00,91.47,91.62,91.19,91.23,66006.41
2026-03-23 14:35:00,91.23,91.65,91.21,91.48,47327.05
2026-03-23 14:40:00,91.48,91.54,91.31,91.39,24580.85
2026-03-23 14:45:00,91.38,91.47,91.08,91.15,55250.46
2026-03-23 14:50:00,91.14,91.23,91.0,91.16,49460.96
2026-03-23 14:55:00,91.16,91.59,91.15,91.47,30594.59
2026-03-23 15:00:00,91.48,92.2,91.46,92.11,182955.55
2026-03-23 15:05:00,92.11,92.25,91.97,92.0,96297.87
2026-03-23 15:10:00,92.0,92.0,91.65,91.67,54758.82
2026-03-23 15:15:00,91.66,91.76,91.38,91.41,59470.86
2026-03-23 15:20:00,91.41,91.45,91.1,91.3,60982.47
2026-03-23 15:25:00,91.31,91.31,91.03,91.09,65014.46
2026-03-23 15:30:00,91.1,91.19,90.7,90.77,69374.64
2026-03-23 15:35:00,90.77,90.94,90.52,90.61,110570.87
2026-03-23 15:40:00,90.6,90.67,90.33,90.47,62298.79
2026-03-23 15:45:00,90.47,90.79,90.24,90.71,80598.6
2026-03-23 15:50:00,90.7,90.82,89.95,90.11,132275.5
2026-03-23 15:55:00,90.1,90.12,89.76,89.91,80962.51
2026-03-23 16:00:00,89.91,90.18,89.9,90.08,73260.33
2026-03-23 16:05:00,90.07,90.39,90.0,90.18,69427.49
2026-03-23 16:10:00,90.18,90.37,90.12,90.27,35041.42
2026-03-23 16:15:00,90.27,90.4,90.02,90.05,28829.65
2026-03-23 16:20:00,90.05,90.11,89.69,89.86,50406.69
2026-03-23 16:25:00,89.87,89.87,89.47,89.51,43308.19
2026-03-23 16:30:00,89.51,89.69,89.35,89.58,67161.62
2026-03-23 16:35:00,89.58,89.98,89.57,89.79,87779.4
2026-03-23 16:40:00,89.79,90.02,89.73,89.97,16288.71
2026-03-23 16:45:00,89.96,90.36,89.93,90.32,54468.13
2026-03-23 16:50:00,90.32,90.41,90.16,90.21,27942.49
2026-03-23 16:55:00,90.22,90.33,90.15,90.3,16957.08
2026-03-23 17:00:00,90.31,90.55,90.21,90.35,50978.94
2026-03-23 17:05:00,90.36,90.54,90.11,90.32,54478.72
2026-03-23 17:10:00,90.31,90.4,90.2,90.2,12224.36
2026-03-23 17:15:00,90.2,90.24,89.86,89.95,45534.43
2026-03-23 17:20:00,89.96,89.96,89.65,89.83,27846.9
2026-03-23 17:25:00,89.83,90.15,89.79,89.96,12996.86
2026-03-23 17:30:00,89.95,90.65,89.92,90.65,48215.22
2026-03-23 17:35:00,90.64,91.07,90.52,90.85,100745.96
2026-03-23 17:40:00,90.85,91.09,90.8,90.88,68285.35
2026-03-23 17:45:00,90.87,91.13,90.83,91.13,29346.48
2026-03-23 17:50:00,91.12,91.28,91.08,91.26,38381.19
2026-03-23 17:55:00,91.26,91.35,91.13,91.21,38320.42
2026-03-23 18:00:00,91.21,91.37,91.18,91.32,27952.57
2026-03-23 18:05:00,91.31,91.33,90.88,91.0,32329.58
2026-03-23 18:10:00,91.0,91.24,90.99,91.06,21677.42
2026-03-23 18:15:00,91.06,91.25,91.06,91.13,14080.87
2026-03-23 18:20:00,91.12,91.16,90.96,91.08,13046.05
2026-03-23 18:25:00,91.09,91.31,91.03,91.23,52686.1
2026-03-23 18:30:00,91.23,91.67,91.23,91.55,73233.54
2026-03-23 18:35:00,91.54,91.75,91.35,91.47,23040.28
2026-03-23 18:40:00,91.47,91.52,91.36,91.43,9577.09
2026-03-23 18:45:00,91.43,91.77,91.43,91.57,37070.53
2026-03-23 18:50:00,91.56,91.58,91.36,91.51,21727.23
2026-03-23 18:55:00,91.52,91.64,91.39,91.57,32610.5
2026-03-23 19:00:00,91.56,91.7,91.5,91.66,17124.75
2026-03-23 19:05:00,91.65,91.88,91.33,91.54,72559.72
2026-03-23 19:10:00,91.54,91.59,91.43,91.43,12809.42
2026-03-23 19:15:00,91.43,91.48,91.25,91.44,16638.46
2026-03-23 19:20:00,91.43,91.6,91.33,91.58,7006.76
2026-03-23 19:25:00,91.57,91.72,91.56,91.65,15132.09
2026-03-23 19:30:00,91.64,91.7,91.55,91.55,6867.45
2026-03-23 19:35:00,91.55,91.65,91.51,91.6,14004.11
2026-03-23 19:40:00,91.59,91.61,91.47,91.58,14037.06
2026-03-23 19:45:00,91.58,91.72,91.47,91.5,16213.73
2026-03-23 19:50:00,91.5,91.5,91.28,91.34,29286.44
2026-03-23 19:55:00,91.34,91.46,91.2,91.34,28557.95
2026-03-23 20:00:00,91.34,91.44,91.2,91.4,41063.84
2026-03-23 20:05:00,91.4,91.51,91.38,91.51,14457.67
2026-03-23 20:10:00,91.51,91.59,91.45,91.58,21615.91
2026-03-23 20:15:00,91.58,91.71,91.54,91.58,19591.45
2026-03-23 20:20:00,91.57,91.73,91.56,91.61,8819.99
2026-03-23 20:25:00,91.62,91.62,91.49,91.52,7025.36
2026-03-23 20:30:00,91.51,91.66,91.51,91.64,17830.97
2026-03-23 20:35:00,91.64,91.92,91.63,91.79,19377.66
2026-03-23 20:40:00,91.79,91.99,91.77,91.91,24614.59
2026-03-23 20:45:00,91.92,91.98,91.8,91.81,14055.36
2026-03-23 20:50:00,91.8,91.84,91.72,91.84,7978.64
2026-03-23 20:55:00,91.84,91.85,91.74,91.74,5518.38
2026-03-23 21:00:00,91.75,91.84,91.61,91.62,20216.34
2026-03-23 21:05:00,91.62,91.64,91.59,91.59,26357.09
2026-03-23 21:10:00,91.58,91.65,91.51,91.57,13701.42
2026-03-23 21:15:00,91.57,91.64,91.55,91.56,11430.62
2026-03-23 21:20:00,91.55,91.6,91.51,91.54,5470.36
2026-03-23 21:25:00,91.54,91.56,91.45,91.49,10652.26
2026-03-23 21:30:00,91.5,91.81,91.49,91.78,14573.58
2026-03-23 21:35:00,91.78,91.95,91.74,91.9,17960.81
2026-03-23 21:40:00,91.89,91.92,91.74,91.82,13174.85
2026-03-23 21:45:00,91.82,91.82,91.63,91.69,7448.82
2026-03-23 21:50:00,91.68,91.8,91.67,91.68,8488.39
2026-03-23 21:55:00,91.67,91.73,91.52,91.59,12561.27
2026-03-23 22:00:00,91.59,91.65,91.18,91.27,26546.91
2026-03-23 22:05:00,91.28,91.36,91.25,91.27,16728.72
2026-03-23 22:10:00,91.27,91.34,91.18,91.29,8615.76
2026-03-23 22:15:00,91.3,91.72,91.14,91.71,40361.35
2026-03-23 22:20:00,91.71,91.86,91.56,91.61,36675.76
2026-03-23 22:25:00,91.61,91.65,91.55,91.57,4712.49
2026-03-23 22:30:00,91.57,91.58,91.3,91.46,16122.13
2026-03-23 22:35:00,91.45,91.6,91.41,91.43,12423.65
2026-03-23 22:40:00,91.43,91.47,91.34,91.47,12365.05
2026-03-23 22:45:00,91.47,91.53,91.36,91.44,14422.99
2026-03-23 22:50:00,91.43,91.6,91.43,91.56,11512.76
2026-03-23 22:55:00,91.56,91.57,91.42,91.47,6752.34
2026-03-23 23:00:00,91.47,91.51,91.29,91.4,30354.05
2026-03-23 23:05:00,91.4,91.44,91.11,91.12,19202.77
2026-03-23 23:10:00,91.13,91.3,91.01,91.27,31455.41
2026-03-23 23:15:00,91.27,91.3,91.09,91.09,14742.99
2026-03-23 23:20:00,91.09,91.14,90.92,91.07,19934.31
2026-03-23 23:25:00,91.07,91.37,91.02,91.25,16367.66
2026-03-23 23:30:00,91.24,91.26,91.06,91.11,7486.31
2026-03-23 23:35:00,91.11,91.23,91.1,91.2,5998.97
2026-03-23 23:40:00,91.2,91.38,91.2,91.29,8294.24
2026-03-23 23:45:00,91.29,91.33,91.15,91.29,13991.76
2026-03-23 23:50:00,91.28,91.34,91.22,91.3,12759.39
2026-03-23 23:55:00,91.29,91.54,91.29,91.4,18541.55
2026-03-24 00:00:00,91.39,91.64,91.36,91.4,40381.67
2026-03-24 00:05:00,91.4,91.44,91.27,91.31,7926.7
2026-03-24 00:10:00,91.31,91.5,91.28,91.31,14129.99
2026-03-24 00:15:00,91.3,91.34,91.04,91.25,30751.07
2026-03-24 00:20:00,91.26,91.29,91.08,91.21,14200.5
2026-03-24 00:25:00,91.21,91.34,90.96,91.02,22668.78
2026-03-24 00:30:00,91.02,91.13,90.84,90.98,42844.29
2026-03-24 00:35:00,90.98,91.12,90.55,90.85,56830.81
2026-03-24 00:40:00,90.86,91.09,90.78,90.94,19711.75
2026-03-24 00:45:00,90.93,91.23,90.92,90.95,23328.77
2026-03-24 00:50:00,90.95,91.23,90.94,91.14,8937.81
2026-03-24 00:55:00,91.15,91.17,90.94,90.94,6784.57
2026-03-24 01:00:00,90.95,90.99,90.77,90.79,12003.73
2026-03-24 01:05:00,90.79,90.89,90.71,90.8,17300.53
2026-03-24 01:10:00,90.8,90.99,90.69,90.77,19178.53
2026-03-24 01:15:00,90.77,90.77,90.59,90.75,16656.79
2026-03-24 01:20:00,90.75,91.0,90.75,90.86,18904.97
2026-03-24 01:25:00,90.86,91.02,90.8,90.95,8969.94
2026-03-24 01:30:00,90.94,90.97,90.65,90.77,24280.21
2026-03-24 01:35:00,90.78,90.86,90.28,90.29,36038.51
2026-03-24 01:40:00,90.3,90.44,90.09,90.3,54914.56
2026-03-24 01:45:00,90.3,90.38,90.2,90.29,19855.35
2026-03-24 01:50:00,90.3,90.61,90.29,90.53,27292.61
2026-03-24 01:55:00,90.53,90.58,90.35,90.36,13508.76
2026-03-24 02:00:00,90.36,90.73,90.2,90.57,27716.02
2026-03-24 02:05:00,90.57,90.57,90.38,90.51,17644.74
2026-03-24 02:10:00,90.51,90.51,90.22,90.28,17764.17
2026-03-24 02:15:00,90.28,90.35,90.2,90.28,15663.3
2026-03-24 02:20:00,90.28,90.5,90.23,90.35,9629.96
2026-03-24 02:25:00,90.35,90.4,90.2,90.34,6840.57
2026-03-24 02:30:00,90.34,90.43,90.28,90.4,8070.29
2026-03-24 02:35:00,90.4,90.55,90.2,90.21,10573.59
2026-03-24 02:40:00,90.2,90.38,90.07,90.36,34462.78
2026-03-24 02:45:00,90.36,90.41,90.22,90.32,12163.76
2026-03-24 02:50:00,90.31,90.32,90.16,90.2,11182.09
2026-03-24 02:55:00,90.2,90.23,90.07,90.11,10103.82
2026-03-24 03:00:00,90.11,90.12,89.97,90.08,26857.69
2026-03-24 03:05:00,90.08,90.17,89.94,89.98,19008.84
2026-03-24 03:10:00,89.98,90.08,89.92,89.98,10549.78
2026-03-24 03:15:00,89.98,90.1,89.98,90.03,13533.35
2026-03-24 03:20:00,90.04,90.27,90.01,90.16,11539.69
2026-03-24 03:25:00,90.16,90.28,90.13,90.2,18738.59
2026-03-24 03:30:00,90.2,90.26,90.07,90.11,8000.28
2026-03-24 03:35:00,90.1,90.15,90.0,90.1,8303.81
2026-03-24 03:40:00,90.1,90.24,90.09,90.16,12212.66
2026-03-24 03:45:00,90.16,90.2,90.0,90.05,35208.86
2026-03-24 03:50:00,90.04,90.24,89.91,90.24,25928.35
2026-03-24 03:55:00,90.24,90.31,90.21,90.3,20885.39
2026-03-24 04:00:00,90.29,90.51,90.29,90.51,25921.12
2026-03-24 04:05:00,90.5,90.77,90.47,90.6,35776.66
2026-03-24 04:10:00,90.61,90.69,90.58,90.63,15468.01
2026-03-24 04:15:00,90.63,90.65,90.48,90.57,9938.61
2026-03-24 04:20:00,90.57,90.63,90.51,90.58,10580.96
2026-03-24 04:25:00,90.57,90.57,90.44,90.46,20444.6
2026-03-24 04:30:00,90.46,90.47,90.09,90.2,31448.77
2026-03-24 04:35:00,90.2,90.22,90.1,90.17,14772.59
2026-03-24 04:40:00,90.18,90.21,90.11,90.16,14100.27
2026-03-24 04:45:00,90.16,90.26,90.13,90.17,14704.67
2026-03-24 04:50:00,90.18,90.42,90.13,90.41,17225.77
2026-03-24 04:55:00,90.4,90.41,90.28,90.3,7097.04
2026-03-24 05:00:00,90.31,90.33,90.02,90.03,33732.78
2026-03-24 05:05:00,90.04,90.08,89.93,90.0,34130.89
2026-03-24 05:10:00,90.01,90.1,89.97,89.99,22917.29
2026-03-24 05:15:00,89.98,90.37,89.97,90.13,23952.49
2026-03-24 05:20:00,90.12,90.16,89.95,90.06,21086.16
2026-03-24 05:25:00,90.06,90.22,90.01,90.02,11708.03
2026-03-24 05:30:00,90.02,90.22,90.01,90.12,17883.89
2026-03-24 05:35:00,90.12,90.25,89.96,90.03,32586.9
2026-03-24 05:40:00,90.02,90.21,89.97,89.99,40001.25
2026-03-24 05:45:00,89.99,90.15,89.93,90.06,33639.84
2026-03-24 05:50:00,90.05,90.17,90.02,90.14,14926.62
2026-03-24 05:55:00,90.14,90.16,90.05,90.06,5038.97
2026-03-24 06:00:00,90.07,90.28,90.06,90.24,18207.57
2026-03-24 06:05:00,90.24,90.38,90.21,90.33,15670.84
2026-03-24 06:10:00,90.33,90.44,90.27,90.36,22973.85
2026-03-24 06:15:00,90.36,90.4,90.27,90.27,16649.92
2026-03-24 06:20:00,90.27,90.48,90.14,90.14,33700.18
2026-03-24 06:25:00,90.13,90.17,89.99,90.07,41389.78
2026-03-24 06:30:00,90.06,90.33,90.05,90.18,28360.62
2026-03-24 06:35:00,90.18,90.32,90.17,90.24,11484.16
2026-03-24 06:40:00,90.24,90.35,90.18,90.25,14179.16
2026-03-24 06:45:00,90.25,90.35,90.19,90.31,7452.4
2026-03-24 06:50:00,90.32,90.4,90.25,90.35,5853.97
2026-03-24 06:55:00,90.34,90.48,90.32,90.41,14162.31
2026-03-24 07:00:00,90.4,90.67,90.34,90.67,25760.42
2026-03-24 07:05:00,90.67,91.11,90.64,90.9,96979.71
2026-03-24 07:10:00,90.9,91.22,90.9,91.03,85363.7
2026-03-24 07:15:00,91.04,91.18,90.93,91.09,60554.19
2026-03-24 07:20:00,91.09,91.3,91.05,91.13,33170.35
2026-03-24 07:25:00,91.13,91.21,91.04,91.13,17814.73
2026-03-24 07:30:00,91.13,91.26,91.07,91.2,38736.07
2026-03-24 07:35:00,91.2,91.2,91.02,91.06,29475.31
2026-03-24 07:40:00,91.06,91.2,91.05,91.18,13202.33
2026-03-24 07:45:00,91.18,91.25,91.04,91.2,54222.21
2026-03-24 07:50:00,91.2,91.48,91.14,91.28,44042.77
2026-03-24 07:55:00,91.27,91.84,91.27,91.67,102764.75
2026-03-24 08:00:00,91.67,91.77,91.44,91.64,103919.21
2026-03-24 08:05:00,91.63,91.82,91.6,91.8,45373.63
2026-03-24 08:10:00,91.8,91.84,91.64,91.68,37166.01
2026-03-24 08:15:00,91.68,91.7,91.36,91.37,46041.46
2026-03-24 08:20:00,91.36,91.41,91.21,91.34,43805.99
2026-03-24 08:25:00,91.34,91.38,91.29,91.35,9551.81
2026-03-24 08:30:00,91.34,91.52,91.27,91.46,25804.11
2026-03-24 08:35:00,91.46,91.76,91.42,91.67,38973.43
2026-03-24 08:40:00,91.66,91.75,91.6,91.72,17536.52
2026-03-24 08:45:00,91.72,91.83,91.64,91.64,28163.33
2026-03-24 08:50:00,91.65,91.89,91.54,91.57,101876.89
2026-03-24 08:55:00,91.57,91.58,91.42,91.52,15439.41
2026-03-24 09:00:00,91.53,91.58,91.43,91.5,18561.13
2026-03-24 09:05:00,91.5,91.51,91.38,91.42,22087.04
2026-03-24 09:10:00,91.42,91.46,91.12,91.14,46670.33
2026-03-24 09:15:00,91.14,91.43,91.06,91.42,95539.17
2026-03-24 09:20:00,91.42,91.51,91.25,91.47,19325.71
2026-03-24 09:25:00,91.47,91.74,91.45,91.5,97426.35
2026-03-24 09:30:00,91.49,91.76,91.39,91.6,56461.76
2026-03-24 09:35:00,91.61,91.68,91.56,91.67,15068.98
2026-03-24 09:40:00,91.66,91.95,91.65,91.92,47285.6
2026-03-24 09:45:00,91.93,91.93,91.84,91.87,20290.87
2026-03-24 09:50:00,91.88,92.05,91.71,92.01,54829.3
2026-03-24 09:55:00,92.0,92.12,91.9,92.08,42115.83
2026-03-24 10:00:00,92.08,92.09,91.87,91.93,49890.02
2026-03-24 10:05:00,91.94,92.07,91.9,92.0,27681.31
2026-03-24 10:10:00,92.0,92.03,91.91,92.0,20327.14
2026-03-24 10:15:00,92.01,92.08,91.9,91.94,30187.54
2026-03-24 10:20:00,91.94,92.19,91.83,92.14,52439.82
2026-03-24 10:25:00,92.15,92.17,91.88,91.91,44747.3
2026-03-24 10:30:00,91.9,91.92,91.76,91.77,35192.07
2026-03-24 10:35:00,91.76,91.95,91.75,91.93,15043.89
2026-03-24 10:40:00,91.93,91.99,91.75,91.83,18692.66
2026-03-24 10:45:00,91.82,91.82,91.69,91.82,19323.32
2026-03-24 10:50:00,91.82,91.86,91.66,91.73,36133.83
2026-03-24 10:55:00,91.72,91.82,91.71,91.8,10644.91
2026-03-24 11:00:00,91.79,91.81,91.44,91.48,54752.78
2026-03-24 11:05:00,91.48,92.08,91.47,92.07,53362.99
2026-03-24 11:10:00,92.07,92.13,91.68,91.71,55300.41
2026-03-24 11:15:00,91.71,91.72,91.32,91.43,51842.68
2026-03-24 11:20:00,91.43,91.55,91.3,91.54,53835.1
2026-03-24 11:25:00,91.54,91.58,91.43,91.45,27954.95
2026-03-24 11:30:00,91.45,91.65,91.41,91.65,20196.29
2026-03-24 11:35:00,91.66,91.97,91.57,91.94,37284.77
2026-03-24 11:40:00,91.94,92.0,91.87,91.88,30754.28
2026-03-24 11:45:00,91.87,91.96,91.83,91.85,13082.3
2026-03-24 11:50:00,91.85,91.88,91.44,91.58,35815.91
2026-03-24 11:55:00,91.59,91.73,91.52,91.72,19714.73
2026-03-24 12:00:00,91.73,91.78,91.61,91.61,19914.08
2026-03-24 12:05:00,91.61,91.67,91.54,91.67,14378.94
2026-03-24 12:10:00,91.68,91.82,91.55,91.69,15453.42
2026-03-24 12:15:00,91.69,91.71,91.61,91.63,7336.19
2026-03-24 12:20:00,91.63,91.71,91.6,91.67,4843.28
2026-03-24 12:25:00,91.68,91.74,91.6,91.7,4990.13
2026-03-24 12:30:00,91.69,91.69,91.32,91.41,22642.36
2026-03-24 12:35:00,91.41,91.55,91.38,91.5,31561.33
2026-03-24 12:40:00,91.51,91.79,91.51,91.55,52145.85
2026-03-24 12:45:00,91.56,91.74,91.51,91.51,27392.74
2026-03-24 12:50:00,91.51,91.73,91.5,91.6,9314.31
2026-03-24 12:55:00,91.6,91.61,91.5,91.53,11668.74
2026-03-24 13:00:00,91.53,91.72,91.51,91.56,12426.33
2026-03-24 13:05:00,91.56,91.66,91.15,91.25,40528.69
2026-03-24 13:10:00,91.26,91.48,91.22,91.43,14607.46
2026-03-24 13:15:00,91.43,91.48,91.08,91.09,30042.25
2026-03-24 13:20:00,91.08,91.21,90.98,91.08,82005.34
2026-03-24 13:25:00,91.08,91.18,91.01,91.05,26213.02
2026-03-24 13:30:00,91.06,91.29,90.97,91.09,81341.0
2026-03-24 13:35:00,91.1,91.13,90.6,90.69,92276.69
2026-03-24 13:40:00,90.69,90.7,89.77,90.16,320721.74
2026-03-24 13:45:00,90.16,90.22,89.83,89.88,118197.09
2026-03-24 13:50:00,89.88,90.04,89.49,89.67,160384.39
2026-03-24 13:55:00,89.67,89.87,89.6,89.81,99900.51
2026-03-24 14:00:00,89.81,90.05,89.76,89.91,126689.32
2026-03-24 14:05:00,89.92,90.18,89.74,89.99,46643.31
2026-03-24 14:10:00,89.98,89.99,89.24,89.47,106046.76
2026-03-24 14:15:00,89.47,89.58,89.29,89.51,89876.82
2026-03-24 14:20:00,89.52,89.69,89.28,89.33,73261.82
2026-03-24 14:25:00,89.32,89.56,89.15,89.43,73030.53
2026-03-24 14:30:00,89.44,89.75,89.4,89.73,46308.57
2026-03-24 14:35:00,89.73,89.73,89.36,89.37,26227.2
2026-03-24 14:40:00,89.37,89.42,89.13,89.33,66839.6
2026-03-24 14:45:00,89.34,89.36,88.82,88.86,159893.24
2026-03-24 14:50:00,88.87,89.51,88.61,89.29,240461.82
2026-03-24 14:55:00,89.3,89.65,89.18,89.5,143521.14
2026-03-24 15:00:00,89.5,89.78,89.48,89.56,52894.59
2026-03-24 15:05:00,89.56,89.67,89.48,89.57,38441.83
2026-03-24 15:10:00,89.57,89.87,89.44,89.78,80969.6
2026-03-24 15:15:00,89.78,89.89,89.7,89.83,25841.06
2026-03-24 15:20:00,89.83,90.23,89.7,90.18,83904.7
2026-03-24 15:25:00,90.18,90.25,89.82,89.86,52621.35
2026-03-24 15:30:00,89.86,89.91,89.45,89.72,53934.41
2026-03-24 15:35:00,89.72,90.2,89.71,90.05,41188.13
2026-03-24 15:40:00,90.05,90.13,89.92,89.95,43936.93
2026-03-24 15:45:00,89.96,90.01,89.8,90.01,17597.89
2026-03-24 15:50:00,90.01,90.1,89.86,89.91,25988.5
2026-03-24 15:55:00,89.91,89.92,89.62,89.68,40151.43
2026-03-24 16:00:00,89.67,89.73,89.52,89.62,28678.35
2026-03-24 16:05:00,89.63,89.79,89.56,89.75,23586.19
2026-03-24 16:10:00,89.75,89.86,89.7,89.8,9428.09
2026-03-24 16:15:00,89.81,89.91,89.7,89.87,14743.45
2026-03-24 16:20:00,89.87,89.93,89.71,89.74,11626.84
2026-03-24 16:25:00,89.74,89.74,89.49,89.64,23273.68
2026-03-24 16:30:00,89.65,89.72,89.48,89.58,13751.79
2026-03-24 16:35:00,89.59,89.6,89.0,89.15,89338.11
2026-03-24 16:40:00,89.14,89.4,89.07,89.38,38555.03
2026-03-24 16:45:00,89.37,89.45,89.2,89.23,23231.12
2026-03-24 16:50:00,89.22,89.39,89.21,89.26,5736.36
2026-03-24 16:55:00,89.25,89.3,89.11,89.21,22895.75
2026-03-24 17:00:00,89.22,89.34,88.92,88.97,38378.42
2026-03-24 17:05:00,88.96,89.06,88.74,88.94,82698.84
2026-03-24 17:10:00,88.95,89.14,88.88,89.07,23343.67
2026-03-24 17:15:00,89.07,89.2,88.99,89.02,31965.49
2026-03-24 17:20:00,89.02,89.18,89.01,89.11,11673.22
2026-03-24 17:25:00,89.11,89.12,88.98,89.06,7019.45
2026-03-24 17:30:00,89.05,89.12,88.78,88.9,13013.41
2026-03-24 17:35:00,88.9,89.18,88.81,89.09,19724.53
2026-03-24 17:40:00,89.1,89.19,88.65,88.74,35730.93
2026-03-24 17:45:00,88.75,88.86,88.71,88.83,27842.9
2026-03-24 17:50:00,88.83,89.07,88.8,88.94,14510.73
2026-03-24 17:55:00,88.93,89.21,88.87,89.13,44663.02
2026-03-24 18:00:00,89.13,89.24,88.98,89.08,30575.86
2026-03-24 18:05:00,89.08,89.21,89.01,89.15,28903.43
2026-03-24 18:10:00,89.14,89.17,89.03,89.13,21426.02
2026-03-24 18:15:00,89.13,89.16,88.96,89.13,17575.08
2026-03-24 18:20:00,89.13,89.2,89.01,89.18,19192.94
2026-03-24 18:25:00,89.18,89.24,89.05,89.11,20116.16
2026-03-24 18:30:00,89.1,89.32,89.05,89.21,22063.97
2026-03-24 18:35:00,89.22,89.68,89.2,89.61,35369.81
2026-03-24 18:40:00,89.61,89.61,89.02,89.03,57599.94
2026-03-24 18:45:00,89.04,89.07,88.9,89.06,48563.88
2026-03-24 18:50:00,89.07,89.2,88.99,89.02,18051.89
2026-03-24 18:55:00,89.02,89.08,88.81,88.81,49105.33
2026-03-24 19:00:00,88.82,89.04,88.8,88.87,72026.05
2026-03-24 19:05:00,88.87,89.09,88.8,89.07,31407.69
2026-03-24 19:10:00,89.08,89.19,89.04,89.18,19304.01
2026-03-24 19:15:00,89.18,89.24,89.05,89.08,14327.12
2026-03-24 19:20:00,89.09,89.09,88.93,88.93,10229.69
2026-03-24 19:25:00,88.93,88.95,88.83,88.86,16139.5
2026-03-24 19:30:00,88.87,88.95,88.71,88.77,22902.15
2026-03-24 19:35:00,88.77,88.86,88.74,88.81,16180.78
2026-03-24 19:40:00,88.81,88.88,88.78,88.81,15552.49
2026-03-24 19:45:00,88.81,88.83,88.41,88.51,123894.58
2026-03-24 19:50:00,88.52,88.57,88.37,88.46,36663.47
2026-03-24 19:55:00,88.46,88.54,88.34,88.45,44897.99
2026-03-24 20:00:00,88.46,88.67,88.42,88.61,25896.65
2026-03-24 20:05:00,88.61,88.65,88.49,88.6,12053.28
2026-03-24 20:10:00,88.61,88.77,88.58,88.76,9749.4
2026-03-24 20:15:00,88.76,88.84,88.7,88.81,13676.77
2026-03-24 20:20:00,88.81,89.48,88.8,89.46,80527.12
2026-03-24 20:25:00,89.46,90.11,89.45,89.61,145108.85
2026-03-24 20:30:00,89.6,89.99,89.6,89.67,44523.76
2026-03-24 20:35:00,89.67,90.06,89.61,89.99,30088.87
2026-03-24 20:40:00,90.0,90.02,89.76,89.9,37433.42
2026-03-24 20:45:00,89.9,90.07,89.64,90.04,30907.32
2026-03-24 20:50:00,90.04,90.2,89.86,89.91,58474.65
2026-03-24 20:55:00,89.91,90.02,89.9,89.97,12754.85
2026-03-24 21:00:00,89.98,90.13,89.98,90.08,13993.26
2026-03-24 21:05:00,90.08,90.09,89.8,89.86,20134.04
2026-03-24 21:10:00,89.86,89.99,89.84,89.92,14841.46
2026-03-24 21:15:00,89.93,89.98,89.74,89.81,12087.37
2026-03-24 21:20:00,89.82,89.82,89.62,89.64,8583.87
2026-03-24 21:25:00,89.64,89.98,89.63,89.96,20496.02
2026-03-24 21:30:00,89.96,90.1,89.96,89.98,16538.97
2026-03-24 21:35:00,89.98,90.43,89.98,90.21,34594.03
2026-03-24 21:40:00,90.22,90.59,90.18,90.32,37866.29
2026-03-24 21:45:00,90.33,90.43,90.25,90.33,5958.46
2026-03-24 21:50:00,90.33,90.34,90.18,90.26,11618.22
2026-03-24 21:55:00,90.26,90.37,90.16,90.31,6858.1
2026-03-24 22:00:00,90.31,90.4,90.21,90.32,17845.48
2026-03-24 22:05:00,90.31,90.66,90.28,90.57,37881.47
2026-03-24 22:10:00,90.57,90.73,90.5,90.63,64506.02
2026-03-24 22:15:00,90.63,90.63,90.43,90.48,19937.89
2026-03-24 22:20:00,90.48,90.55,90.41,90.47,9308.75
2026-03-24 22:25:00,90.47,90.51,90.2,90.26,19866.38
2026-03-24 22:30:00,90.26,90.37,90.04,90.19,39251.1
2026-03-24 22:35:00,90.19,90.28,90.13,90.18,6190.49
2026-03-24 22:40:00,90.18,90.28,90.16,90.22,7318.52
2026-03-24 22:45:00,90.22,90.35,90.2,90.29,52433.96
2026-03-24 22:50:00,90.3,90.33,90.16,90.22,11313.67
2026-03-24 22:55:00,90.22,90.32,90.21,90.27,10007.92
2026-03-24 23:00:00,90.28,90.33,90.19,90.25,12830.41
2026-03-24 23:05:00,90.25,90.52,90.18,90.49,19745.15
2026-03-24 23:10:00,90.49,90.55,90.44,90.47,11936.82
2026-03-24 23:15:00,90.47,90.58,90.45,90.48,15986.16
2026-03-24 23:20:00,90.49,91.01,90.42,90.79,116137.22
2026-03-24 23:25:00,90.78,91.02,90.76,90.98,20381.96
2026-03-24 23:30:00,90.97,91.1,90.86,90.96,50816.16
2026-03-24 23:35:00,90.96,91.09,90.92,91.03,20834.05
2026-03-24 23:40:00,91.03,91.07,90.9,90.91,9647.1
2026-03-24 23:45:00,90.92,90.98,90.78,90.91,19768.91
2026-03-24 23:50:00,90.92,90.95,90.83,90.85,7843.67
2026-03-24 23:55:00,90.85,90.86,90.75,90.75,12920.84
2026-03-25 00:00:00,90.76,90.9,90.73,90.9,23055.67
2026-03-25 00:05:00,90.9,91.06,90.85,91.06,31464.04
2026-03-25 00:10:00,91.07,91.25,91.05,91.17,36745.97
2026-03-25 00:15:00,91.17,91.21,90.92,91.08,37624.35
2026-03-25 00:20:00,91.08,91.11,90.99,91.06,12929.32
2026-03-25 00:25:00,91.06,91.16,91.05,91.07,18150.99
2026-03-25 00:30:00,91.06,91.38,90.66,91.33,90727.07
2026-03-25 00:35:00,91.33,91.54,91.3,91.45,63044.79
2026-03-25 00:40:00,91.44,91.58,91.39,91.42,23473.56
2026-03-25 00:45:00,91.42,91.54,91.36,91.37,19895.71
2026-03-25 00:50:00,91.38,91.47,91.28,91.42,12377.87
2026-03-25 00:55:00,91.42,91.45,91.27,91.28,11906.45
2026-03-25 01:00:00,91.28,91.29,91.12,91.19,40544.79
2026-03-25 01:05:00,91.19,91.25,91.1,91.24,21836.88
2026-03-25 01:10:00,91.25,91.43,91.16,91.16,20792.66
2026-03-25 01:15:00,91.16,91.21,90.99,90.99,30250.26
2026-03-25 01:20:00,91.0,91.18,91.0,91.05,17589.35
2026-03-25 01:25:00,91.05,91.19,90.96,91.18,29053.2
2026-03-25 01:30:00,91.18,91.24,91.04,91.12,42984.05
2026-03-25 01:35:00,91.11,91.19,91.04,91.11,8585.22
2026-03-25 01:40:00,91.11,91.34,91.07,91.17,20038.48
2026-03-25 01:45:00,91.16,91.19,91.03,91.07,12650.33
2026-03-25 01:50:00,91.06,91.14,91.03,91.08,4184.65
2026-03-25 01:55:00,91.08,91.1,90.88,90.91,26891.3
2026-03-25 02:00:00,90.9,90.96,90.76,90.93,28976.52
2026-03-25 02:05:00,90.93,91.09,90.85,91.0,27762.3
2026-03-25 02:10:00,91.0,91.19,91.0,91.09,34360.3
2026-03-25 02:15:00,91.08,91.13,90.97,91.03,14420.72
2026-03-25 02:20:00,91.02,91.11,90.98,91.0,7659.27
2026-03-25 02:25:00,91.01,91.11,90.96,90.98,6711.17
2026-03-25 02:30:00,90.98,91.08,90.93,91.04,8366.56
2026-03-25 02:35:00,91.04,91.25,91.03,91.15,18920.92
2026-03-25 02:40:00,91.14,91.44,91.11,91.43,32781.57
2026-03-25 02:45:00,91.42,91.47,91.19,91.22,18630.52
2026-03-25 02:50:00,91.21,91.23,91.1,91.1,11356.52
2026-03-25 02:55:00,91.1,91.11,90.97,91.08,37429.37
2026-03-25 03:00:00,91.08,91.1,91.0,91.07,12031.95
2026-03-25 03:05:00,91.08,91.08,90.86,90.87,22013.08
2026-03-25 03:10:00,90.87,90.92,90.75,90.86,20042.0
2026-03-25 03:15:00,90.86,90.91,90.75,90.86,22135.92
2026-03-25 03:20:00,90.85,90.91,90.77,90.9,21102.96
2026-03-25 03:25:00,90.9,90.96,90.87,90.95,15754.52
2026-03-25 03:30:00,90.95,91.18,90.95,91.05,14610.43
2026-03-25 03:35:00,91.05,91.24,91.05,91.19,23445.69
2026-03-25 03:40:00,91.2,91.22,91.12,91.17,7668.38
2026-03-25 03:45:00,91.17,91.54,91.17,91.41,67105.54
2026-03-25 03:50:00,91.41,91.88,91.41,91.77,145269.37
2026-03-25 03:55:00,91.78,91.93,91.59,91.65,73914.04
2026-03-25 04:00:00,91.66,91.71,91.54,91.6,24745.13
2026-03-25 04:05:00,91.6,91.88,91.58,91.88,19343.6
2026-03-25 04:10:00,91.88,91.88,91.74,91.75,19560.9
2026-03-25 04:15:00,91.75,91.78,91.69,91.74,8907.91
2026-03-25 04:20:00,91.74,91.74,91.59,91.69,17166.19
2026-03-25 04:25:00,91.68,91.81,91.63,91.71,12846.55
2026-03-25 04:30:00,91.71,91.82,91.54,91.55,27793.92
2026-03-25 04:35:00,91.56,91.66,91.54,91.59,15027.21
2026-03-25 04:40:00,91.59,91.68,91.59,91.62,23689.54
2026-03-25 04:45:00,91.63,91.65,91.56,91.56,16628.99
2026-03-25 04:50:00,91.57,91.76,91.57,91.76,45457.19
2026-03-25 04:55:00,91.76,92.08,91.75,92.01,71771.23
2026-03-25 05:00:00,92.01,92.05,91.91,92.03,36161.68
2026-03-25 05:05:00,92.03,92.94,92.03,92.58,265637.5
2026-03-25 05:10:00,92.58,92.73,92.47,92.54,60213.8
2026-03-25 05:15:00,92.54,92.55,92.34,92.38,26574.07
2026-03-25 05:20:00,92.39,92.47,92.32,92.4,34779.99
2026-03-25 05:25:00,92.4,92.63,92.28,92.62,51380.73
2026-03-25 05:30:00,92.62,92.76,92.47,92.47,54645.26
2026-03-25 05:35:00,92.48,92.59,92.45,92.45,17918.59
2026-03-25 05:40:00,92.45,92.51,92.42,92.5,12980.05
2026-03-25 05:45:00,92.5,92.5,92.39,92.43,28674.81
2026-03-25 05:50:00,92.42,92.45,92.34,92.42,36239.91
2026-03-25 05:55:00,92.42,92.45,92.34,92.38,25619.88
2026-03-25 06:00:00,92.38,92.49,92.31,92.33,17033.47
2026-03-25 06:05:00,92.33,92.36,92.21,92.23,43030.37
2026-03-25 06:10:00,92.24,92.3,92.2,92.29,22024.53
2026-03-25 06:15:00,92.3,92.41,92.28,92.31,13564.91
2026-03-25 06:20:00,92.31,92.86,92.31,92.69,72358.04
2026-03-25 06:25:00,92.7,92.83,92.64,92.73,41736.96
2026-03-25 06:30:00,92.74,92.78,92.57,92.68,21634.22
2026-03-25 06:35:00,92.67,92.69,92.55,92.56,28688.62
2026-03-25 06:40:00,92.57,92.64,92.57,92.57,6267.93
2026-03-25 06:45:00,92.58,92.66,92.57,92.6,13584.43
2026-03-25 06:50:00,92.59,92.62,92.5,92.53,14747.72
2026-03-25 06:55:00,92.53,92.54,92.31,92.33,31009.13
2026-03-25 07:00:00,92.32,92.44,92.24,92.31,25905.0
2026-03-25 07:05:00,92.31,92.35,92.27,92.29,13430.95
2026-03-25 07:10:00,92.29,92.42,92.28,92.39,22901.18
2026-03-25 07:15:00,92.38,92.4,92.28,92.28,15451.56
2026-03-25 07:20:00,92.29,92.32,92.16,92.19,26014.81
2026-03-25 07:25:00,92.2,92.24,92.12,92.15,20374.91
2026-03-25 07:30:00,92.15,92.32,92.12,92.23,22269.21
2026-03-25 07:35:00,92.23,92.35,92.16,92.33,14490.81
2026-03-25 07:40:00,92.34,92.46,92.18,92.2,25651.59
2026-03-25 07:45:00,92.2,92.22,91.79,91.9,83702.5
2026-03-25 07:50:00,91.91,91.93,91.82,91.85,26065.91
2026-03-25 07:55:00,91.85,91.85,91.71,91.75,36301.39
2026-03-25 08:00:00,91.76,92.06,91.76,91.98,66962.75
2026-03-25 08:05:00,91.97,92.03,91.81,91.85,30239.72
2026-03-25 08:10:00,91.86,91.9,91.79,91.8,14045.23
2026-03-25 08:15:00,91.8,92.18,91.79,92.15,36193.46
2026-03-25 08:20:00,92.14,92.28,92.0,92.03,36937.47
2026-03-25 08:25:00,92.03,92.26,91.94,92.12,36268.14
2026-03-25 08:30:00,92.12,92.74,92.11,92.6,85681.56
2026-03-25 08:35:00,92.6,92.61,92.25,92.38,42615.53
2026-03-25 08:40:00,92.39,92.59,92.38,92.55,27682.02
2026-03-25 08:45:00,92.55,92.6,92.39,92.4,36596.56
2026-03-25 08:50:00,92.4,92.42,92.3,92.31,12446.22
2026-03-25 08:55:00,92.31,92.38,92.26,92.3,19857.67
2026-03-25 09:00:00,92.29,92.42,92.22,92.33,26955.25
2026-03-25 09:05:00,92.32,92.41,92.29,92.41,10953.65
2026-03-25 09:10:00,92.4,92.5,92.37,92.47,19553.56
2026-03-25 09:15:00,92.47,92.54,92.4,92.49,13294.96
2026-03-25 09:20:00,92.49,92.61,92.27,92.34,29385.73
2026-03-25 09:25:00,92.35,92.45,92.33,92.34,12058.94
2026-03-25 09:30:00,92.34,92.43,92.3,92.39,18436.51
2026-03-25 09:35:00,92.39,92.47,92.38,92.44,11780.3
2026-03-25 09:40:00,92.45,92.59,92.27,92.33,48871.96
2026-03-25 09:45:00,92.33,92.34,92.07,92.2,20294.28
2026-03-25 09:50:00,92.21,92.38,92.2,92.34,19816.34
2026-03-25 09:55:00,92.34,92.6,92.34,92.51,25329.99
2026-03-25 10:00:00,92.51,92.6,92.37,92.43,29901.99
2026-03-25 10:05:00,92.43,92.49,92.39,92.46,6491.65
2026-03-25 10:10:00,92.46,92.5,92.41,92.46,15109.8
2026-03-25 10:15:00,92.47,92.52,92.4,92.48,10183.92
2026-03-25 10:20:00,92.49,92.55,92.42,92.44,17289.56
2026-03-25 10:25:00,92.43,92.59,92.43,92.52,21742.58
2026-03-25 10:30:00,92.53,92.53,92.41,92.42,9181.0
2026-03-25 10:35:00,92.42,92.47,92.38,92.4,19544.32
2026-03-25 10:40:00,92.41,92.43,92.34,92.43,14907.56
2026-03-25 10:45:00,92.42,92.61,92.4,92.49,24551.92
2026-03-25 10:50:00,92.49,92.62,92.47,92.6,17386.81
2026-03-25 10:55:00,92.61,92.66,92.5,92.6,40667.1
2026-03-25 11:00:00,92.6,92.71,92.52,92.52,27061.96
2026-03-25 11:05:00,92.52,92.56,92.42,92.46,14473.1
2026-03-25 11:10:00,92.47,92.69,92.4,92.66,60127.03
2026-03-25 11:15:00,92.67,92.74,92.61,92.72,19729.17
2026-03-25 11:20:00,92.72,92.84,92.66,92.7,40876.59
2026-03-25 11:25:00,92.7,93.23,92.69,92.98,173369.41
2026-03-25 11:30:00,92.98,93.45,92.94,93.24,142017.67
2026-03-25 11:35:00,93.23,93.36,93.01,93.15,44501.74
2026-03-25 11:40:00,93.15,93.19,92.9,93.05,27901.84
2026-03-25 11:45:00,93.05,93.09,92.65,92.75,52616.02
2026-03-25 11:50:00,92.75,92.91,92.74,92.88,30943.28
2026-03-25 11:55:00,92.88,92.94,92.81,92.94,14311.83
2026-03-25 12:00:00,92.93,93.04,92.93,93.0,30225.88
2026-03-25 12:05:00,93.0,93.21,92.96,93.15,31705.08
2026-03-25 12:10:00,93.16,93.21,93.09,93.11,20625.6
2026-03-25 12:15:00,93.12,93.15,92.56,92.65,60632.79
2026-03-25 12:20:00,92.64,92.73,92.31,92.47,83718.73
2026-03-25 12:25:00,92.48,92.6,92.41,92.54,49791.49
2026-03-25 12:30:00,92.53,92.56,92.29,92.56,36498.55
2026-03-25 12:35:00,92.56,92.72,92.5,92.71,33403.04
2026-03-25 12:40:00,92.71,92.86,92.59,92.62,53881.74
2026-03-25 12:45:00,92.61,92.65,92.51,92.62,18543.39
2026-03-25 12:50:00,92.63,92.7,92.5,92.7,16279.44
2026-03-25 12:55:00,92.7,93.4,92.68,93.0,98224.38
2026-03-25 13:00:00,93.0,93.18,92.82,93.08,58353.35
2026-03-25 13:05:00,93.09,93.12,92.96,92.99,17287.98
2026-03-25 13:10:00,92.98,93.05,92.95,93.04,20387.62
2026-03-25 13:15:00,93.03,93.04,92.86,93.01,11279.28
2026-03-25 13:20:00,93.0,93.12,92.93,92.95,14536.91
2026-03-25 13:25:00,92.96,92.98,92.88,92.93,16198.2
2026-03-25 13:30:00,92.92,93.33,92.91,93.12,73241.05
2026-03-25 13:35:00,93.12,93.37,93.07,93.15,38105.51
2026-03-25 13:40:00,93.14,93.28,92.9,92.97,29074.87
2026-03-25 13:45:00,92.96,93.18,92.9,92.92,26532.08
2026-03-25 13:50:00,92.92,93.01,92.7,92.8,63405.91
2026-03-25 13:55:00,92.8,92.91,92.64,92.68,40592.9
2026-03-25 14:00:00,92.68,92.87,92.4,92.63,53564.85
2026-03-25 14:05:00,92.63,92.66,92.22,92.4,98284.87
2026-03-25 14:10:00,92.4,92.4,92.2,92.33,39456.87
2026-03-25 14:15:00,92.33,92.54,92.17,92.2,25629.21
2026-03-25 14:20:00,92.21,92.43,91.97,92.02,64810.21
2026-03-25 14:25:00,92.03,92.36,92.03,92.16,34321.64
2026-03-25 14:30:00,92.17,92.4,92.09,92.3,28095.22
2026-03-25 14:35:00,92.3,92.38,92.04,92.09,29668.8
2026-03-25 14:40:00,92.1,92.22,92.05,92.14,17151.31
2026-03-25 14:45:00,92.14,92.25,92.02,92.18,18465.73
2026-03-25 14:50:00,92.17,92.31,92.07,92.09,36632.18
2026-03-25 14:55:00,92.09,92.12,91.83,91.91,68085.91
2026-03-25 15:00:00,91.92,92.03,91.9,91.95,46624.6
2026-03-25 15:05:00,91.95,92.0,91.42,91.48,101808.77
2026-03-25 15:10:00,91.48,91.69,91.36,91.43,61472.35
2026-03-25 15:15:00,91.43,91.5,90.96,91.17,166123.96
2026-03-25 15:20:00,91.17,91.62,91.16,91.57,67719.62
2026-03-25 15:25:00,91.57,91.68,91.43,91.66,40113.32
2026-03-25 15:30:00,91.66,91.83,91.64,91.75,39866.51
2026-03-25 15:35:00,91.75,91.76,91.49,91.56,26793.32
2026-03-25 15:40:00,91.56,91.64,91.5,91.61,14280.59
2026-03-25 15:45:00,91.62,91.82,91.51,91.75,60022.35
2026-03-25 15:50:00,91.75,91.88,91.73,91.82,29351.92
2026-03-25 15:55:00,91.83,92.03,91.7,91.72,87053.26
2026-03-25 16:00:00,91.72,91.83,91.69,91.72,28495.48
2026-03-25 16:05:00,91.72,91.86,91.55,91.81,21776.8
2026-03-25 16:10:00,91.82,91.82,91.62,91.66,15670.9
2026-03-25 16:15:00,91.66,91.72,91.6,91.72,15740.04
2026-03-25 16:20:00,91.72,91.98,91.69,91.98,34231.26
2026-03-25 16:25:00,91.99,92.72,91.95,92.38,193828.45
2026-03-25 16:30:00,92.38,92.52,92.28,92.33,49565.57
2026-03-25 16:35:00,92.33,92.63,92.25,92.61,52615.02
2026-03-25 16:40:00,92.62,92.62,92.42,92.43,14655.31
2026-03-25 16:45:00,92.44,92.45,92.21,92.24,27847.79
2026-03-25 16:50:00,92.25,92.37,92.13,92.32,24056.08
2026-03-25 16:55:00,92.32,92.35,92.11,92.17,20056.36
2026-03-25 17:00:00,92.17,92.29,92.1,92.22,14128.46
2026-03-25 17:05:00,92.21,92.22,92.05,92.05,14084.24
2026-03-25 17:10:00,92.05,92.12,91.97,92.08,23252.35
2026-03-25 17:15:00,92.08,92.09,91.9,92.01,31394.5
2026-03-25 17:20:00,92.0,92.17,91.95,92.03,14139.51
2026-03-25 17:25:00,92.03,92.3,92.02,92.07,20579.97
2026-03-25 17:30:00,92.08,92.08,91.95,92.02,13068.99
2026-03-25 17:35:00,92.02,92.08,91.75,91.89,16979.15
2026-03-25 17:40:00,91.89,92.04,91.83,91.89,23286.0
2026-03-25 17:45:00,91.89,91.99,91.85,91.88,8885.18
2026-03-25 17:50:00,91.87,91.89,91.6,91.61,31066.37
2026-03-25 17:55:00,91.6,91.76,91.56,91.68,18084.02
2026-03-25 18:00:00,91.68,91.77,91.62,91.74,14526.54
2026-03-25 18:05:00,91.74,91.94,91.72,91.75,26821.52
2026-03-25 18:10:00,91.76,91.87,91.75,91.85,11566.56
2026-03-25 18:15:00,91.85,92.07,91.84,91.96,23341.77
2026-03-25 18:20:00,91.96,92.17,91.96,92.08,27322.49
2026-03-25 18:25:00,92.08,92.09,91.93,92.0,11794.79
2026-03-25 18:30:00,92.0,92.05,91.93,91.97,18226.56
2026-03-25 18:35:00,91.97,91.99,91.78,91.83,10930.52
2026-03-25 18:40:00,91.83,91.83,91.66,91.76,9812.66
2026-03-25 18:45:00,91.76,91.8,91.72,91.74,4761.64
2026-03-25 18:50:00,91.74,91.88,91.72,91.87,5056.58
2026-03-25 18:55:00,91.87,91.87,91.42,91.64,28690.96
2026-03-25 19:00:00,91.65,91.88,91.57,91.88,19334.31
2026-03-25 19:05:00,91.87,91.9,91.67,91.7,9364.94
2026-03-25 19:10:00,91.71,91.81,91.59,91.81,15149.35
2026-03-25 19:15:00,91.81,91.86,91.76,91.83,6707.76
2026-03-25 19:20:00,91.82,91.96,91.78,91.83,7541.43
2026-03-25 19:25:00,91.83,91.85,91.64,91.73,8366.11
2026-03-25 19:30:00,91.73,91.74,91.6,91.74,13330.07
2026-03-25 19:35:00,91.74,91.88,91.62,91.85,13531.54
2026-03-25 19:40:00,91.85,91.94,91.63,91.65,14142.51
2026-03-25 19:45:00,91.65,91.72,91.56,91.7,6791.52
2026-03-25 19:50:00,91.69,91.77,91.62,91.64,4905.29
2026-03-25 19:55:00,91.64,91.72,91.35,91.72,42406.67
2026-03-25 20:00:00,91.72,91.73,91.53,91.55,19896.05
2026-03-25 20:05:00,91.55,91.57,91.27,91.27,41045.49
2026-03-25 20:10:00,91.27,91.29,91.11,91.14,61029.82
2026-03-25 20:15:00,91.14,91.32,91.1,91.31,26488.53
2026-03-25 20:20:00,91.3,91.34,91.19,91.22,21420.4
2026-03-25 20:25:00,91.22,91.23,91.09,91.17,28197.84
2026-03-25 20:30:00,91.17,91.23,91.06,91.18,10750.07
2026-03-25 20:35:00,91.17,91.31,91.14,91.29,9101.21
2026-03-25 20:40:00,91.28,91.46,91.21,91.44,17186.03
2026-03-25 20:45:00,91.44,91.46,91.32,91.39,11899.43
2026-03-25 20:50:00,91.39,91.53,91.39,91.51,11165.73
2026-03-25 20:55:00,91.52,91.53,91.4,91.44,14028.72
2026-03-25 21:00:00,91.45,91.45,91.3,91.35,16666.92
2026-03-25 21:05:00,91.35,91.44,91.22,91.43,21077.06
2026-03-25 21:10:00,91.43,91.54,91.39,91.53,13530.82
2026-03-25 21:15:00,91.53,91.57,91.4,91.51,26135.83
2026-03-25 21:20:00,91.5,91.51,91.35,91.35,3950.63
2026-03-25 21:25:00,91.36,91.36,91.18,91.18,15056.74
2026-03-25 21:30:00,91.18,91.33,91.1,91.24,28325.11
2026-03-25 21:35:00,91.24,91.36,91.2,91.35,11151.08
2026-03-25 21:40:00,91.36,91.41,91.27,91.32,6741.7
2026-03-25 21:45:00,91.32,91.37,91.08,91.12,11657.26
2026-03-25 21:50:00,91.11,91.2,91.08,91.19,15601.31
2026-03-25 21:55:00,91.19,91.25,91.17,91.2,7034.86
2026-03-25 22:00:00,91.2,91.3,91.13,91.23,14470.94
2026-03-25 22:05:00,91.23,91.25,91.02,91.02,31584.59
2026-03-25 22:10:00,91.02,91.11,91.0,91.07,18316.75
2026-03-25 22:15:00,91.06,91.12,90.97,91.07,23261.15
2026-03-25 22:20:00,91.07,91.16,91.01,91.12,16290.29
2026-03-25 22:25:00,91.12,91.25,91.12,91.2,14682.16
2026-03-25 22:30:00,91.21,91.67,91.19,91.65,62445.32
2026-03-25 22:35:00,91.64,91.77,91.52,91.52,49879.68
2026-03-25 22:40:00,91.53,91.9,91.5,91.71,74849.83
2026-03-25 22:45:00,91.71,91.92,91.67,91.74,35566.17
2026-03-25 22:50:00,91.74,91.76,91.61,91.74,18402.12
2026-03-25 22:55:00,91.74,91.79,91.65,91.69,16820.56
2026-03-25 23:00:00,91.69,91.77,91.65,91.76,9270.25
2026-03-25 23:05:00,91.76,91.8,91.7,91.74,9547.49
2026-03-25 23:10:00,91.74,91.79,91.61,91.61,11189.1
2026-03-25 23:15:00,91.61,91.62,91.42,91.58,26117.8
2026-03-25 23:20:00,91.59,91.69,91.54,91.68,8439.22
2026-03-25 23:25:00,91.68,91.76,91.65,91.68,4889.06
2026-03-25 23:30:00,91.69,91.69,91.6,91.66,8582.97
2026-03-25 23:35:00,91.66,91.7,91.53,91.53,14362.82
2026-03-25 23:40:00,91.54,91.59,91.47,91.51,8991.33
2026-03-25 23:45:00,91.5,91.58,91.42,91.55,9101.45
2026-03-25 23:50:00,91.55,91.71,91.55,91.71,7650.16
2026-03-25 23:55:00,91.72,91.72,91.64,91.66,7257.78
2026-03-26 00:00:00,91.65,91.72,91.53,91.57,36776.84
2026-03-26 00:05:00,91.57,91.6,91.47,91.47,10250.25
2026-03-26 00:10:00,91.47,91.63,91.44,91.63,14510.5
2026-03-26 00:15:00,91.63,91.84,91.61,91.62,20477.72
2026-03-26 00:20:00,91.61,91.7,91.59,91.6,13602.87
2026-03-26 00:25:00,91.6,91.72,91.54,91.71,6305.83
2026-03-26 00:30:00,91.71,91.83,91.68,91.76,13075.85
2026-03-26 00:35:00,91.76,91.89,91.76,91.84,10480.02
2026-03-26 00:40:00,91.85,91.87,91.74,91.82,9785.76
2026-03-26 00:45:00,91.82,91.94,91.77,91.85,20423.34
2026-03-26 00:50:00,91.85,91.85,91.56,91.58,16042.5
2026-03-26 00:55:00,91.58,91.65,91.46,91.64,14929.7
2026-03-26 01:00:00,91.64,91.84,91.64,91.78,15389.07
2026-03-26 01:05:00,91.77,91.8,91.68,91.72,9167.44
2026-03-26 01:10:00,91.72,91.79,91.64,91.72,5158.89
2026-03-26 01:15:00,91.72,91.73,91.54,91.66,6841.77
2026-03-26 01:20:00,91.66,91.79,91.64,91.76,5389.24
2026-03-26 01:25:00,91.76,91.9,91.74,91.82,13205.18
2026-03-26 01:30:00,91.82,91.89,91.76,91.85,12368.8
2026-03-26 01:35:00,91.86,91.89,91.78,91.84,15650.66
2026-03-26 01:40:00,91.83,91.85,91.64,91.68,18837.17
2026-03-26 01:45:00,91.68,91.8,91.66,91.73,4627.65
2026-03-26 01:50:00,91.73,91.78,91.66,91.75,19369.32
2026-03-26 01:55:00,91.75,91.86,91.71,91.76,8625.19
2026-03-26 02:00:00,91.76,91.79,91.72,91.76,7031.86
2026-03-26 02:05:00,91.76,91.77,91.47,91.51,31370.53
2026-03-26 02:10:00,91.51,91.56,91.38,91.48,20479.17
2026-03-26 02:15:00,91.48,91.49,91.11,91.16,55252.51
2026-03-26 02:20:00,91.16,91.32,91.12,91.18,35325.66
2026-03-26 02:25:00,91.18,91.34,91.17,91.17,30297.27
2026-03-26 02:30:00,91.16,91.19,90.58,90.85,134352.44
2026-03-26 02:35:00,90.85,90.87,90.62,90.66,52872.62
2026-03-26 02:40:00,90.67,90.87,90.64,90.82,18651.46
2026-03-26 02:45:00,90.82,90.91,90.77,90.9,10855.38
2026-03-26 02:50:00,90.9,90.93,90.76,90.82,17098.52
2026-03-26 02:55:00,90.82,90.9,90.8,90.88,7303.41
2026-03-26 03:00:00,90.87,90.87,90.68,90.72,20716.96
2026-03-26 03:05:00,90.71,90.79,90.66,90.79,15344.49
2026-03-26 03:10:00,90.8,91.0,90.77,91.0,25048.82
2026-03-26 03:15:00,91.0,91.0,90.8,90.84,27146.42
2026-03-26 03:20:00,90.84,90.88,90.58,90.65,29588.05
2026-03-26 03:25:00,90.65,90.75,90.52,90.62,33683.42
2026-03-26 03:30:00,90.62,90.79,90.61,90.74,22663.91
2026-03-26 03:35:00,90.75,90.88,90.74,90.87,13000.11
2026-03-26 03:40:00,90.88,90.92,90.85,90.88,13732.3
2026-03-26 03:45:00,90.88,90.96,90.86,90.92,8178.13
2026-03-26 03:50:00,90.91,91.06,90.87,91.04,9345.48
2026-03-26 03:55:00,91.04,91.1,91.0,91.01,11691.65
2026-03-26 04:00:00,91.01,91.02,90.84,90.84,15153.23
2026-03-26 04:05:00,90.84,90.87,90.8,90.82,6185.88
2026-03-26 04:10:00,90.83,90.87,90.71,90.72,16527.78
2026-03-26 04:15:00,90.71,90.75,90.61,90.68,30456.59
2026-03-26 04:20:00,90.67,90.79,90.67,90.74,6322.37
2026-03-26 04:25:00,90.74,90.85,90.74,90.83,5049.02
2026-03-26 04:30:00,90.82,90.92,90.77,90.79,9236.43
2026-03-26 04:35:00,90.79,90.88,90.79,90.85,3777.61
2026-03-26 04:40:00,90.85,90.86,90.74,90.82,18580.64
2026-03-26 04:45:00,90.82,90.93,90.81,90.92,5072.82
2026-03-26 04:50:00,90.92,90.92,90.78,90.79,8187.19
2026-03-26 04:55:00,90.79,90.8,90.72,90.74,9609.92
2026-03-26 05:00:00,90.74,90.78,90.71,90.76,14400.58
2026-03-26 05:05:00,90.75,90.77,90.29,90.4,103456.14
2026-03-26 05:10:00,90.41,90.41,89.88,89.94,192080.0
2026-03-26 05:15:00,89.94,89.97,89.85,89.9,78685.09
2026-03-26 05:20:00,89.9,90.03,89.9,90.01,30725.22
2026-03-26 05:25:00,90.01,90.03,89.8,90.0,38470.54
2026-03-26 05:30:00,90.0,90.09,89.91,90.02,22329.63
2026-03-26 05:35:00,90.02,90.07,89.93,89.95,35395.03
2026-03-26 05:40:00,89.95,89.97,89.37,89.56,110895.4
2026-03-26 05:45:00,89.55,89.59,89.22,89.52,89448.02
2026-03-26 05:50:00,89.51,89.51,89.17,89.19,44468.76
2026-03-26 05:55:00,89.19,89.22,89.06,89.18,64275.28
2026-03-26 06:00:00,89.17,89.25,88.92,89.11,85753.23
2026-03-26 06:05:00,89.12,89.23,88.96,89.18,59456.46
2026-03-26 06:10:00,89.18,89.18,89.0,89.16,36718.33
2026-03-26 06:15:00,89.15,89.17,89.05,89.15,38345.84
2026-03-26 06:20:00,89.14,89.14,88.93,88.98,75851.36
2026-03-26 06:25:00,88.98,89.06,88.81,89.03,78948.51
2026-03-26 06:30:00,89.04,89.09,88.92,88.96,48555.9
2026-03-26 06:35:00,88.96,88.98,88.85,88.89,32920.72
2026-03-26 06:40:00,88.9,88.97,88.84,88.93,16740.93
2026-03-26 06:45:00,88.93,89.07,88.92,89.04,31950.03
2026-03-26 06:50:00,89.04,89.05,88.97,88.99,16919.6
2026-03-26 06:55:00,88.99,89.11,88.95,89.0,25066.24
2026-03-26 07:00:00,88.99,89.19,88.92,89.14,48770.38
2026-03-26 07:05:00,89.14,89.26,88.95,89.15,41093.58
2026-03-26 07:10:00,89.16,89.17,89.03,89.07,23668.07
2026-03-26 07:15:00,89.08,89.15,89.03,89.1,13763.87
2026-03-26 07:20:00,89.11,89.32,88.91,89.01,45193.5
2026-03-26 07:25:00,89.01,89.05,88.91,88.95,10840.28
2026-03-26 07:30:00,88.95,88.97,88.73,88.95,78683.8
2026-03-26 07:35:00,88.95,89.05,88.9,89.03,24821.45
2026-03-26 07:40:00,89.03,89.11,88.76,88.77,56579.09
2026-03-26 07:45:00,88.77,89.0,88.76,88.99,49723.61
2026-03-26 07:50:00,89.0,89.14,88.96,89.13,16966.41
2026-03-26 07:55:00,89.14,89.15,89.01,89.02,18736.11
2026-03-26 08:00:00,89.02,89.04,88.78,88.8,55473.38
2026-03-26 08:05:00,88.79,88.85,88.66,88.81,63532.86
2026-03-26 08:10:00,88.82,88.83,88.63,88.67,15329.15
2026-03-26 08:15:00,88.68,88.78,88.58,88.69,26471.27
2026-03-26 08:20:00,88.69,88.74,88.59,88.65,17913.51
2026-03-26 08:25:00,88.64,88.73,88.59,88.63,21651.35
2026-03-26 08:30:00,88.62,88.76,88.6,88.75,14584.33
2026-03-26 08:35:00,88.75,88.82,88.64,88.66,9193.86
2026-03-26 08:40:00,88.67,88.72,88.6,88.67,27915.07
2026-03-26 08:45:00,88.67,88.84,88.64,88.72,25491.39
2026-03-26 08:50:00,88.72,88.84,88.69,88.78,17014.45
2026-03-26 08:55:00,88.78,88.9,88.76,88.8,16279.44
2026-03-26 09:00:00,88.81,88.82,88.63,88.74,20635.51
2026-03-26 09:05:00,88.74,88.95,88.68,88.86,16659.06
2026-03-26 09:10:00,88.86,88.92,88.8,88.82,9285.7
2026-03-26 09:15:00,88.83,88.84,88.66,88.72,12044.35
2026-03-26 09:20:00,88.72,88.83,88.72,88.76,10191.41
2026-03-26 09:25:00,88.76,88.88,88.74,88.84,6917.2
2026-03-26 09:30:00,88.83,88.84,87.65,87.77,468132.51
2026-03-26 09:35:00,87.78,88.14,87.71,88.0,80565.39
2026-03-26 09:40:00,88.0,88.09,87.92,88.05,44596.56
2026-03-26 09:45:00,88.04,88.06,87.81,87.85,41838.04
2026-03-26 09:50:00,87.84,88.1,87.84,88.09,32520.68
2026-03-26 09:55:00,88.09,88.16,88.05,88.06,20243.49
2026-03-26 10:00:00,88.05,88.08,87.93,87.95,36911.44
2026-03-26 10:05:00,87.95,88.1,87.86,87.88,25465.9
2026-03-26 10:10:00,87.89,88.04,87.82,87.99,15132.44
2026-03-26 10:15:00,87.99,88.17,87.97,88.1,24422.6
2026-03-26 10:20:00,88.11,88.23,88.08,88.2,17545.73
2026-03-26 10:25:00,88.2,88.26,88.18,88.18,13452.75
2026-03-26 10:30:00,88.18,88.28,88.03,88.04,24834.85
2026-03-26 10:35:00,88.04,88.05,87.7,87.76,49874.49
2026-03-26 10:40:00,87.76,87.86,87.71,87.75,29109.71
2026-03-26 10:45:00,87.76,87.88,87.73,87.84,11824.12
2026-03-26 10:50:00,87.84,87.92,87.82,87.84,10857.0
2026-03-26 10:55:00,87.84,87.88,87.8,87.88,11382.32
2026-03-26 11:00:00,87.88,88.0,87.82,87.93,19151.12
2026-03-26 11:05:00,87.93,88.05,87.78,87.89,31201.98
2026-03-26 11:10:00,87.9,87.91,87.54,87.82,64275.85
2026-03-26 11:15:00,87.82,87.87,87.72,87.79,17251.16
2026-03-26 11:20:00,87.79,87.83,87.44,87.48,64464.67
2026-03-26 11:25:00,87.48,87.57,87.37,87.54,51076.41
2026-03-26 11:30:00,87.54,87.67,87.51,87.59,39659.03
2026-03-26 11:35:00,87.59,87.68,87.55,87.68,16865.25
2026-03-26 11:40:00,87.68,87.69,87.5,87.57,20155.96
2026-03-26 11:45:00,87.57,87.62,87.5,87.53,16730.91
2026-03-26 11:50:00,87.53,87.66,87.51,87.61,10358.34
2026-03-26 11:55:00,87.61,87.61,87.48,87.5,9005.19
2026-03-26 12:00:00,87.51,87.54,87.4,87.46,28249.43
2026-03-26 12:05:00,87.46,87.52,87.33,87.48,30632.84
2026-03-26 12:10:00,87.49,87.59,87.48,87.53,22474.12
2026-03-26 12:15:00,87.53,87.6,87.46,87.58,18820.36
2026-03-26 12:20:00,87.58,87.7,87.55,87.64,29389.36
2026-03-26 12:25:00,87.64,87.71,87.61,87.67,12091.09
2026-03-26 12:30:00,87.66,87.74,87.54,87.54,31384.01
2026-03-26 12:35:00,87.54,87.57,87.4,87.5,40488.77
2026-03-26 12:40:00,87.5,87.5,87.37,87.49,24897.93
2026-03-26 12:45:00,87.49,87.62,87.44,87.47,20561.71
2026-03-26 12:50:00,87.47,87.54,87.42,87.53,10232.86
2026-03-26 12:55:00,87.53,87.57,87.51,87.51,11733.49
2026-03-26 13:00:00,87.51,87.61,87.48,87.58,17266.03
2026-03-26 13:05:00,87.59,87.75,87.56,87.69,39470.84
2026-03-26 13:10:00,87.69,87.75,87.61,87.71,14785.01
2026-03-26 13:15:00,87.72,87.85,87.69,87.77,28653.25
2026-03-26 13:20:00,87.76,87.8,87.72,87.73,11375.86
2026-03-26 13:25:00,87.73,87.76,87.67,87.75,10268.05
2026-03-26 13:30:00,87.74,87.78,87.41,87.43,34548.6
2026-03-26 13:35:00,87.42,87.63,87.26,87.35,64341.45
2026-03-26 13:40:00,87.35,87.81,87.27,87.77,45589.68
2026-03-26 13:45:00,87.78,88.2,87.74,87.86,127340.31
2026-03-26 13:50:00,87.85,88.17,87.85,88.07,88778.29
2026-03-26 13:55:00,88.07,88.09,87.67,87.86,67128.69
2026-03-26 14:00:00,87.86,88.0,87.78,87.97,36815.81
2026-03-26 14:05:00,87.96,88.12,87.73,87.79,33877.42
2026-03-26 14:10:00,87.8,87.83,87.56,87.78,26542.22
2026-03-26 14:15:00,87.77,87.83,87.47,87.49,40967.95
2026-03-26 14:20:00,87.49,87.58,87.38,87.53,34730.28
2026-03-26 14:25:00,87.52,87.76,87.41,87.56,22445.22
2026-03-26 14:30:00,87.56,87.88,87.55,87.83,12576.74
2026-03-26 14:35:00,87.84,87.84,87.62,87.73,11292.87
2026-03-26 14:40:00,87.74,87.95,87.54,87.59,27623.69
2026-03-26 14:45:00,87.59,87.64,87.46,87.53,26542.44
2026-03-26 14:50:00,87.53,87.6,87.11,87.27,51982.93
2026-03-26 14:55:00,87.26,87.59,87.18,87.48,39106.9
2026-03-26 15:00:00,87.48,87.52,87.31,87.31,17283.82
2026-03-26 15:05:00,87.32,87.43,86.85,87.09,152154.36
2026-03-26 15:10:00,87.08,87.14,86.86,86.91,87371.05
2026-03-26 15:15:00,86.91,87.18,86.64,87.11,129904.93
2026-03-26 15:20:00,87.11,87.37,87.08,87.37,104497.26
2026-03-26 15:25:00,87.37,87.49,87.34,87.41,29892.45
2026-03-26 15:30:00,87.41,87.43,87.24,87.3,30743.85
2026-03-26 15:35:00,87.3,87.34,87.24,87.34,15810.63
2026-03-26 15:40:00,87.34,87.43,87.31,87.38,18345.2
2026-03-26 15:45:00,87.39,87.59,87.35,87.56,29883.43
2026-03-26 15:50:00,87.57,87.76,87.55,87.62,37979.27
2026-03-26 15:55:00,87.62,87.63,87.43,87.47,14057.7
2026-03-26 16:00:00,87.47,87.56,87.42,87.51,25773.98
2026-03-26 16:05:00,87.51,87.56,87.45,87.48,21375.48
2026-03-26 16:10:00,87.49,87.51,87.35,87.43,13501.17
2026-03-26 16:15:00,87.43,87.62,87.25,87.59,42040.51
2026-03-26 16:20:00,87.6,87.68,87.47,87.67,20274.74
2026-03-26 16:25:00,87.67,87.68,87.39,87.4,19811.23
2026-03-26 16:30:00,87.4,87.47,87.28,87.44,15267.04
2026-03-26 16:35:00,87.45,87.48,87.11,87.22,68534.93
2026-03-26 16:40:00,87.22,87.24,87.12,87.24,34300.35
2026-03-26 16:45:00,87.24,87.26,87.07,87.16,12834.29
2026-03-26 16:50:00,87.16,87.19,87.09,87.17,5829.19
2026-03-26 16:55:00,87.17,87.2,87.12,87.16,11827.53
2026-03-26 17:00:00,87.15,87.35,87.07,87.32,16172.9
2026-03-26 17:05:00,87.32,87.38,87.14,87.16,33963.05
2026-03-26 17:10:00,87.15,87.16,87.0,87.03,15097.72
2026-03-26 17:15:00,87.03,87.19,87.01,87.17,6694.0
2026-03-26 17:20:00,87.17,87.21,87.1,87.13,10303.15
2026-03-26 17:25:00,87.13,87.28,87.1,87.28,7512.37
2026-03-26 17:30:00,87.28,87.41,87.27,87.4,13564.91
2026-03-26 17:35:00,87.4,87.44,87.19,87.2,9542.32
2026-03-26 17:40:00,87.2,87.21,87.11,87.13,21064.42
2026-03-26 17:45:00,87.13,87.15,86.85,86.89,60025.7
2026-03-26 17:50:00,86.89,86.94,86.72,86.9,62331.82
2026-03-26 17:55:00,86.9,86.9,86.4,86.57,133049.9
2026-03-26 18:00:00,86.57,86.76,86.48,86.49,45479.15
2026-03-26 18:05:00,86.5,86.58,86.34,86.54,41615.1
2026-03-26 18:10:00,86.53,86.55,86.32,86.49,38993.21
2026-03-26 18:15:00,86.48,86.48,85.87,85.98,196580.47
2026-03-26 18:20:00,85.98,86.08,85.79,85.98,114908.62
2026-03-26 18:25:00,85.98,85.98,85.74,85.82,51584.56
2026-03-26 18:30:00,85.81,85.9,85.64,85.75,81701.79
2026-03-26 18:35:00,85.76,85.99,85.73,85.96,29018.37
2026-03-26 18:40:00,85.95,85.99,85.88,85.91,18209.96
2026-03-26 18:45:00,85.9,86.04,85.84,86.0,23553.39
2026-03-26 18:50:00,86.0,86.07,85.9,86.06,43606.79
2026-03-26 18:55:00,86.06,86.06,85.96,86.0,11602.55
2026-03-26 19:00:00,85.99,86.0,85.85,85.97,20689.59
2026-03-26 19:05:00,85.96,85.99,85.79,85.98,16007.23
2026-03-26 19:10:00,85.99,86.0,85.88,85.92,12539.22
2026-03-26 19:15:00,85.91,86.0,85.9,85.98,13038.93
2026-03-26 19:20:00,85.98,86.03,85.86,85.86,23322.18
2026-03-26 19:25:00,85.86,85.86,85.42,85.6,70467.57
2026-03-26 19:30:00,85.6,85.65,85.42,85.6,27617.0
2026-03-26 19:35:00,85.59,85.81,85.59,85.71,28035.11
2026-03-26 19:40:00,85.71,85.82,85.69,85.8,17672.21
2026-03-26 19:45:00,85.8,85.83,85.67,85.68,23119.77
2026-03-26 19:50:00,85.69,85.74,85.51,85.6,20242.27
2026-03-26 19:55:00,85.6,85.68,85.37,85.42,42917.56
2026-03-26 20:00:00,85.41,85.56,85.38,85.56,24599.98
2026-03-26 20:05:00,85.55,85.64,85.44,85.63,12759.35
2026-03-26 20:10:00,85.63,87.08,85.58,86.56,562053.24
2026-03-26 20:15:00,86.57,86.91,86.42,86.6,122188.94
2026-03-26 20:20:00,86.61,86.85,86.49,86.73,39696.87
2026-03-26 20:25:00,86.74,86.74,86.34,86.47,45995.43
2026-03-26 20:30:00,86.47,86.58,86.43,86.48,13601.11
2026-03-26 20:35:00,86.48,86.64,86.48,86.6,14995.68
2026-03-26 20:40:00,86.61,86.62,86.47,86.61,13658.76
2026-03-26 20:45:00,86.61,86.64,86.52,86.56,9388.97
2026-03-26 20:50:00,86.56,86.56,86.17,86.24,18971.22
2026-03-26 20:55:00,86.23,86.28,86.17,86.27,14319.88
2026-03-26 21:00:00,86.28,86.31,86.14,86.26,10719.78
2026-03-26 21:05:00,86.26,86.4,86.23,86.4,12922.02
2026-03-26 21:10:00,86.39,86.66,86.39,86.59,25115.25
2026-03-26 21:15:00,86.59,86.68,86.53,86.64,14440.22
2026-03-26 21:20:00,86.64,86.88,86.5,86.84,49972.13
2026-03-26 21:25:00,86.84,87.05,86.77,86.93,56237.55
2026-03-26 21:30:00,86.94,87.06,86.9,86.97,24155.04
2026-03-26 21:35:00,86.98,87.04,86.84,86.86,18112.93
2026-03-26 21:40:00,86.87,87.0,86.76,86.9,21669.38
2026-03-26 21:45:00,86.9,86.92,86.81,86.88,6909.51
2026-03-26 21:50:00,86.89,86.91,86.75,86.82,12933.93
2026-03-26 21:55:00,86.83,86.9,86.76,86.76,8736.64
2026-03-26 22:00:00,86.75,86.83,86.55,86.61,15891.38
2026-03-26 22:05:00,86.61,86.74,86.44,86.54,16310.68
2026-03-26 22:10:00,86.54,86.74,86.52,86.6,13475.78
2026-03-26 22:15:00,86.6,86.64,86.48,86.56,21933.06
2026-03-26 22:20:00,86.56,86.68,86.26,86.38,24648.2
2026-03-26 22:25:00,86.37,86.56,86.16,86.53,36971.88
2026-03-26 22:30:00,86.53,86.6,86.36,86.57,35209.24
2026-03-26 22:35:00,86.56,86.6,86.48,86.6,6486.04
2026-03-26 22:40:00,86.6,86.67,86.57,86.6,14067.73
2026-03-26 22:45:00,86.6,86.7,86.57,86.64,6704.25
2026-03-26 22:50:00,86.65,86.69,86.56,86.68,9682.09
2026-03-26 22:55:00,86.68,86.76,86.64,86.76,6865.95
2026-03-26 23:00:00,86.75,86.9,86.75,86.84,23400.37
2026-03-26 23:05:00,86.84,86.86,86.66,86.67,7844.66
2026-03-26 23:10:00,86.67,86.71,86.62,86.64,12069.75
2026-03-26 23:15:00,86.64,86.76,86.59,86.76,13456.78
2026-03-26 23:20:00,86.76,86.76,86.49,86.53,14097.12
2026-03-26 23:25:00,86.53,86.56,86.42,86.56,13312.73
2026-03-26 23:30:00,86.56,86.56,86.14,86.27,102583.45
2026-03-26 23:35:00,86.27,86.42,86.24,86.25,28255.9
2026-03-26 23:40:00,86.25,86.33,86.25,86.33,13846.96
2026-03-26 23:45:00,86.32,86.37,86.26,86.35,7743.72
2026-03-26 23:50:00,86.35,86.47,86.35,86.42,11013.37
2026-03-26 23:55:00,86.42,86.5,86.39,86.48,17534.64
2026-03-27 00:00:00,86.48,86.5,86.33,86.38,53813.44
2026-03-27 00:05:00,86.38,86.7,86.37,86.7,25295.2
2026-03-27 00:10:00,86.69,86.75,86.65,86.69,15308.24
2026-03-27 00:15:00,86.69,86.74,86.57,86.61,8259.76
2026-03-27 00:20:00,86.62,86.65,86.29,86.4,22453.19
2026-03-27 00:25:00,86.4,86.41,86.27,86.27,13797.24
2026-03-27 00:30:00,86.28,86.37,86.25,86.34,10228.78
2026-03-27 00:35:00,86.34,86.38,86.14,86.22,21497.14
2026-03-27 00:40:00,86.23,86.49,86.21,86.33,15245.62
2026-03-27 00:45:00,86.33,86.33,86.21,86.29,12938.01
2026-03-27 00:50:00,86.3,86.51,86.29,86.45,11856.04
2026-03-27 00:55:00,86.45,86.56,86.45,86.51,13352.62
2026-03-27 01:00:00,86.5,86.66,86.5,86.52,16801.78
2026-03-27 01:05:00,86.52,86.59,86.4,86.55,15908.94
2026-03-27 01:10:00,86.55,86.73,86.55,86.64,18420.42
2026-03-27 01:15:00,86.64,86.75,86.6,86.67,13732.51
2026-03-27 01:20:00,86.67,86.74,86.6,86.7,7976.68
2026-03-27 01:25:00,86.7,86.77,86.66,86.73,10179.7
2026-03-27 01:30:00,86.74,86.85,86.69,86.7,17268.11
2026-03-27 01:35:00,86.7,86.73,86.58,86.62,15817.78
2026-03-27 01:40:00,86.62,86.69,86.6,86.65,9504.22
2026-03-27 01:45:00,86.65,86.75,86.62,86.74,13256.78
2026-03-27 01:50:00,86.74,86.76,86.63,86.74,14205.35
2026-03-27 01:55:00,86.74,86.85,86.74,86.84,19366.79
2026-03-27 02:00:00,86.85,86.99,86.82,86.95,35569.36
2026-03-27 02:05:00,86.94,86.95,86.86,86.95,11984.25
2026-03-27 02:10:00,86.94,86.99,86.8,86.81,12827.63
2026-03-27 02:15:00,86.81,86.82,86.65,86.66,17545.15
2026-03-27 02:20:00,86.66,86.72,86.63,86.66,13060.46
2026-03-27 02:25:00,86.67,86.74,86.61,86.73,5671.2
2026-03-27 02:30:00,86.72,86.88,86.71,86.76,15883.99
2026-03-27 02:35:00,86.76,86.78,86.65,86.65,12777.5
2026-03-27 02:40:00,86.65,86.66,86.47,86.57,17235.28
2026-03-27 02:45:00,86.58,86.65,86.57,86.62,6956.81
2026-03-27 02:50:00,86.62,86.72,86.62,86.71,8979.17
2026-03-27 02:55:00,86.71,86.77,86.58,86.64,13367.73
2026-03-27 03:00:00,86.65,86.74,86.63,86.64,12706.1
2026-03-27 03:05:00,86.64,86.65,86.33,86.35,33774.35
2026-03-27 03:10:00,86.36,86.49,86.3,86.37,25195.53
2026-03-27 03:15:00,86.37,86.45,86.34,86.44,10818.49
2026-03-27 03:20:00,86.44,86.47,86.31,86.36,7006.77
2026-03-27 03:25:00,86.36,86.46,86.36,86.43,7311.77
2026-03-27 03:30:00,86.44,86.52,86.33,86.48,25784.22
2026-03-27 03:35:00,86.47,86.56,86.4,86.51,16645.44
2026-03-27 03:40:00,86.51,86.56,86.46,86.47,6032.51
2026-03-27 03:45:00,86.47,86.48,86.37,86.41,6359.81
2026-03-27 03:50:00,86.4,86.44,86.37,86.42,10227.43
2026-03-27 03:55:00,86.41,86.41,86.32,86.37,5740.07
2026-03-27 04:00:00,86.37,86.39,85.83,85.98,134538.61
2026-03-27 04:05:00,85.99,86.04,85.68,85.76,50440.51
2026-03-27 04:10:00,85.77,85.83,85.72,85.75,47030.12
2026-03-27 04:15:00,85.75,85.97,85.74,85.96,22269.81
2026-03-27 04:20:00,85.96,86.11,85.96,85.99,22584.08
2026-03-27 04:25:00,85.99,86.03,85.97,85.99,19721.27
2026-03-27 04:30:00,86.0,86.1,85.94,86.09,13329.7
2026-03-27 04:35:00,86.1,86.13,86.06,86.07,9549.35
2026-03-27 04:40:00,86.07,86.13,86.05,86.07,7953.75
2026-03-27 04:45:00,86.07,86.13,86.02,86.05,11002.42
2026-03-27 04:50:00,86.04,86.1,86.02,86.07,6019.93
2026-03-27 04:55:00,86.07,86.14,86.07,86.1,5927.7
2026-03-27 05:00:00,86.1,86.14,86.06,86.08,10030.01
2026-03-27 05:05:00,86.09,86.36,86.06,86.31,16868.29
2026-03-27 05:10:00,86.31,86.52,86.3,86.47,24112.08
2026-03-27 05:15:00,86.47,86.7,86.47,86.52,31094.5
2026-03-27 05:20:00,86.52,86.52,86.22,86.24,44128.39
2026-03-27 05:25:00,86.24,86.24,85.95,86.09,38718.81
2026-03-27 05:30:00,86.09,86.12,85.91,86.0,21734.44
2026-03-27 05:35:00,86.0,86.2,85.99,86.01,23300.54
2026-03-27 05:40:00,86.0,86.04,85.88,86.01,17698.91
2026-03-27 05:45:00,86.01,86.02,85.93,85.98,11673.34
2026-03-27 05:50:00,85.98,86.02,85.9,85.98,7636.75
2026-03-27 05:55:00,85.98,86.08,85.98,86.05,7377.27
2026-03-27 06:00:00,86.05,86.07,85.95,85.98,8588.83
2026-03-27 06:05:00,85.99,86.12,85.9,86.09,12427.68
2026-03-27 06:10:00,86.1,86.16,85.99,86.15,6677.62
2026-03-27 06:15:00,86.16,86.21,86.09,86.11,8425.49
2026-03-27 06:20:00,86.11,86.23,86.02,86.22,8778.63
2026-03-27 06:25:00,86.22,86.34,86.14,86.21,22044.97
2026-03-27 06:30:00,86.21,86.26,86.15,86.22,18275.82
2026-03-27 06:35:00,86.22,86.24,86.16,86.16,4908.69
2026-03-27 06:40:00,86.17,86.21,86.08,86.08,9509.52
2026-03-27 06:45:00,86.08,86.08,85.84,86.02,39843.46
2026-03-27 06:50:00,86.03,86.05,85.98,86.02,15971.76
2026-03-27 06:55:00,86.02,86.04,85.95,86.0,11629.3
2026-03-27 07:00:00,86.0,86.02,85.92,85.97,6280.68
2026-03-27 07:05:00,85.97,86.0,85.75,85.75,20183.84
2026-03-27 07:10:00,85.76,86.18,85.75,86.07,38905.16
2026-03-27 07:15:00,86.08,86.21,85.98,86.15,23271.04
2026-03-27 07:20:00,86.15,86.29,86.14,86.15,22831.94
2026-03-27 07:25:00,86.15,86.25,86.07,86.21,34802.18
2026-03-27 07:30:00,86.22,86.24,85.92,85.95,30318.53
2026-03-27 07:35:00,85.95,85.99,85.84,85.86,24367.25
2026-03-27 07:40:00,85.86,85.88,85.62,85.82,50703.67
2026-03-27 07:45:00,85.82,85.89,85.77,85.88,21610.82
2026-03-27 07:50:00,85.88,85.94,85.8,85.9,21529.46
2026-03-27 07:55:00,85.9,85.91,85.77,85.87,19646.74
2026-03-27 08:00:00,85.86,86.08,85.73,85.91,49989.05
2026-03-27 08:05:00,85.91,85.91,85.75,85.79,22250.2
2026-03-27 08:10:00,85.8,85.89,85.76,85.85,9791.23
2026-03-27 08:15:00,85.85,85.94,85.78,85.85,22672.79
2026-03-27 08:20:00,85.84,85.93,85.76,85.89,24237.01
2026-03-27 08:25:00,85.89,85.91,85.68,85.69,22293.04
2026-03-27 08:30:00,85.69,85.81,85.3,85.59,180374.53
2026-03-27 08:35:00,85.59,85.61,84.27,84.43,584282.81
2026-03-27 08:40:00,84.43,84.78,84.31,84.71,155085.36
2026-03-27 08:45:00,84.71,84.87,84.69,84.8,88523.58
2026-03-27 08:50:00,84.81,85.22,84.8,85.06,115171.1
2026-03-27 08:55:00,85.05,85.1,85.0,85.02,43391.52
2026-03-27 09:00:00,85.03,85.05,84.72,84.79,63674.05
2026-03-27 09:05:00,84.79,84.8,84.52,84.52,66674.0
2026-03-27 09:10:00,84.52,84.86,84.34,84.76,60908.16
2026-03-27 09:15:00,84.76,84.97,84.74,84.9,36347.61
2026-03-27 09:20:00,84.9,85.02,84.88,85.0,24532.51
2026-03-27 09:25:00,85.0,85.17,85.0,85.1,40608.52
2026-03-27 09:30:00,85.1,85.1,84.87,84.87,28538.93
2026-03-27 09:35:00,84.87,85.0,84.82,84.97,22028.35
2026-03-27 09:40:00,84.98,85.01,84.88,84.96,41012.17
2026-03-27 09:45:00,84.96,85.1,84.95,85.03,14874.08
2026-03-27 09:50:00,85.03,85.13,85.01,85.07,16795.11
2026-03-27 09:55:00,85.07,85.1,84.95,85.0,17509.38
2026-03-27 10:00:00,85.0,85.08,84.85,84.96,21722.91
2026-03-27 10:05:00,84.96,85.04,84.92,84.96,15629.67
2026-03-27 10:10:00,84.97,84.99,84.86,84.87,13323.78
2026-03-27 10:15:00,84.87,84.94,84.81,84.83,14074.06
2026-03-27 10:20:00,84.82,85.03,84.8,84.94,13903.45
2026-03-27 10:25:00,84.94,85.06,84.9,85.01,10401.84
2026-03-27 10:30:00,85.0,85.05,84.94,84.98,18702.96
2026-03-27 10:35:00,84.98,84.98,82.7,83.33,1003874.94
2026-03-27 10:40:00,83.33,83.61,83.19,83.35,225255.02
2026-03-27 10:45:00,83.35,83.5,83.2,83.38,101210.87
2026-03-27 10:50:00,83.38,83.59,82.8,83.0,124378.8
2026-03-27 10:55:00,83.0,83.0,82.55,82.93,168893.55
2026-03-27 11:00:00,82.94,83.09,82.58,82.88,134668.47
2026-03-27 11:05:00,82.88,83.17,82.88,83.03,55053.78
2026-03-27 11:10:00,83.03,83.28,83.02,83.26,40881.41
2026-03-27 11:15:00,83.26,83.37,83.17,83.25,52664.55
2026-03-27 11:20:00,83.25,83.29,83.15,83.2,30876.74
2026-03-27 11:25:00,83.19,83.36,83.18,83.34,23829.61
2026-03-27 11:30:00,83.34,83.43,83.28,83.39,26443.45
2026-03-27 11:35:00,83.38,83.45,83.31,83.42,22337.82
2026-03-27 11:40:00,83.42,83.45,83.25,83.36,30139.13
2026-03-27 11:45:00,83.36,83.54,83.3,83.43,25893.83
2026-03-27 11:50:00,83.42,83.49,83.2,83.38,23832.27
2026-03-27 11:55:00,83.39,83.41,83.27,83.29,11581.71
2026-03-27 12:00:00,83.3,83.34,83.18,83.2,24959.23
2026-03-27 12:05:00,83.2,83.32,83.08,83.15,50653.54
2026-03-27 12:10:00,83.15,83.29,83.06,83.19,27807.6
2026-03-27 12:15:00,83.19,83.24,83.04,83.17,48593.11
2026-03-27 12:20:00,83.16,83.22,83.11,83.17,16000.65
2026-03-27 12:25:00,83.17,83.17,83.04,83.1,25033.15
2026-03-27 12:30:00,83.09,83.23,83.03,83.08,46747.35
2026-03-27 12:35:00,83.09,83.22,83.02,83.15,30799.48
2026-03-27 12:40:00,83.15,83.24,83.0,83.23,48308.06
2026-03-27 12:45:00,83.24,83.35,82.98,82.99,36492.02
2026-03-27 12:50:00,82.98,83.11,82.98,83.08,22965.85
2026-03-27 12:55:00,83.08,83.1,83.02,83.03,21164.33
2026-03-27 13:00:00,83.03,83.17,83.03,83.12,18076.66
2026-03-27 13:05:00,83.12,83.12,82.9,82.97,20055.04
2026-03-27 13:10:00,82.97,83.06,82.86,83.03,30712.8
2026-03-27 13:15:00,83.03,83.27,83.0,83.24,26549.49
2026-03-27 13:20:00,83.23,83.38,83.19,83.35,25002.33
2026-03-27 13:25:00,83.34,83.46,83.32,83.35,26908.34
2026-03-27 13:30:00,83.36,83.42,82.76,82.78,80272.16
2026-03-27 13:35:00,82.78,83.08,82.37,82.97,204003.99
2026-03-27 13:40:00,82.96,83.2,82.93,83.08,90684.93
2026-03-27 13:45:00,83.07,83.24,83.04,83.06,45047.04
2026-03-27 13:50:00,83.06,83.07,82.84,82.86,27062.42
2026-03-27 13:55:00,82.86,82.87,82.57,82.86,52085.33
2026-03-27 14:00:00,82.86,83.1,82.8,83.08,35696.13
2026-03-27 14:05:00,83.09,83.22,83.02,83.12,56151.14
2026-03-27 14:10:00,83.12,83.28,83.04,83.18,28458.59
2026-03-27 14:15:00,83.17,83.19,82.86,82.9,52558.76
2026-03-27 14:20:00,82.9,82.92,82.59,82.71,62052.96
2026-03-27 14:25:00,82.71,82.8,82.54,82.59,51669.76
2026-03-27 14:30:00,82.59,82.81,82.58,82.78,28845.93
2026-03-27 14:35:00,82.78,82.92,82.71,82.79,40214.54
2026-03-27 14:40:00,82.8,82.88,82.67,82.78,27532.5
2026-03-27 14:45:00,82.79,82.89,82.63,82.89,25194.65
2026-03-27 14:50:00,82.9,83.04,82.87,82.89,33986.07
2026-03-27 14:55:00,82.9,83.14,82.9,83.12,31988.34
2026-03-27 15:00:00,83.12,83.24,83.1,83.16,48985.4
2026-03-27 15:05:00,83.17,83.31,83.08,83.27,45568.98
2026-03-27 15:10:00,83.28,83.32,83.08,83.1,34239.82
2026-03-27 15:15:00,83.09,83.24,83.01,83.09,29295.94
2026-03-27 15:20:00,83.08,83.61,82.9,83.2,112177.47
2026-03-27 15:25:00,83.19,83.45,83.11,83.45,39140.86
2026-03-27 15:30:00,83.44,83.79,83.41,83.73,84750.85
2026-03-27 15:35:00,83.74,83.93,83.61,83.67,106121.64
2026-03-27 15:40:00,83.67,83.67,83.45,83.57,70492.09
2026-03-27 15:45:00,83.57,83.7,83.47,83.62,29269.2
2026-03-27 15:50:00,83.61,83.68,83.39,83.42,42086.87
2026-03-27 15:55:00,83.41,83.41,83.24,83.25,35977.78
2026-03-27 16:00:00,83.25,83.29,82.93,82.95,64948.26
2026-03-27 16:05:00,82.95,82.97,82.71,82.84,97068.04
2026-03-27 16:10:00,82.84,82.97,82.71,82.86,57908.1
2026-03-27 16:15:00,82.86,82.86,82.5,82.73,199783.32
2026-03-27 16:20:00,82.73,82.94,82.64,82.65,38284.82
2026-03-27 16:25:00,82.65,82.78,82.58,82.76,24144.45
2026-03-27 16:30:00,82.75,82.82,82.7,82.77,13536.59
2026-03-27 16:35:00,82.78,82.85,82.55,82.63,29487.4
2026-03-27 16:40:00,82.62,83.03,82.58,82.97,27240.46
2026-03-27 16:45:00,82.98,83.24,82.95,83.03,47007.65
2026-03-27 16:50:00,83.03,83.03,82.79,82.95,19715.32
2026-03-27 16:55:00,82.95,83.02,82.88,82.93,9108.59
2026-03-27 17:00:00,82.93,82.98,82.9,82.91,18232.56
2026-03-27 17:05:00,82.91,83.35,82.87,83.11,60612.49
2026-03-27 17:10:00,83.1,83.19,83.04,83.09,12537.54
2026-03-27 17:15:00,83.09,83.19,82.9,82.95,19601.54
2026-03-27 17:20:00,82.94,82.95,82.72,82.79,27255.66
2026-03-27 17:25:00,82.78,82.79,82.67,82.68,15935.1
2026-03-27 17:30:00,82.67,82.78,82.57,82.72,19312.72
2026-03-27 17:35:00,82.72,82.78,82.64,82.66,11117.16
2026-03-27 17:40:00,82.67,82.71,82.07,82.27,133631.36
2026-03-27 17:45:00,82.26,82.39,82.21,82.24,64203.99
2026-03-27 17:50:00,82.25,82.31,82.09,82.16,54364.39
2026-03-27 17:55:00,82.17,82.22,82.01,82.16,31986.69
2026-03-27 18:00:00,82.15,82.29,82.15,82.21,31868.08
2026-03-27 18:05:00,82.21,82.3,82.15,82.2,30248.37
2026-03-27 18:10:00,82.2,82.25,82.09,82.14,18935.09
2026-03-27 18:15:00,82.14,82.42,82.08,82.36,34586.53
2026-03-27 18:20:00,82.35,82.36,81.81,81.88,97166.81
2026-03-27 18:25:00,81.88,82.18,81.74,82.11,73702.05
2026-03-27 18:30:00,82.12,82.26,82.06,82.23,30769.09
2026-03-27 18:35:00,82.23,82.31,82.16,82.21,15694.52
2026-03-27 18:40:00,82.21,82.32,82.07,82.17,33794.27
2026-03-27 18:45:00,82.17,82.29,82.15,82.25,12702.74
2026-03-27 18:50:00,82.25,82.38,82.25,82.31,21621.6
2026-03-27 18:55:00,82.31,82.36,82.25,82.29,9732.43
2026-03-27 19:00:00,82.29,82.34,82.12,82.16,15822.85
2026-03-27 19:05:00,82.16,82.18,81.97,82.17,19134.6
2026-03-27 19:10:00,82.17,82.17,82.05,82.15,8598.4
2026-03-27 19:15:00,82.15,82.34,82.06,82.3,21885.45
2026-03-27 19:20:00,82.3,82.39,82.2,82.25,15900.47
2026-03-27 19:25:00,82.24,82.49,82.15,82.47,28889.18
2026-03-27 19:30:00,82.47,82.73,82.46,82.63,38199.67
2026-03-27 19:35:00,82.64,82.76,82.58,82.62,27390.91
2026-03-27 19:40:00,82.63,82.64,82.42,82.53,15966.76
2026-03-27 19:45:00,82.53,82.6,82.46,82.59,6439.48
2026-03-27 19:50:00,82.59,82.69,82.48,82.6,7879.01
2026-03-27 19:55:00,82.6,82.83,82.6,82.73,35971.13
2026-03-27 20:00:00,82.72,82.84,82.67,82.79,18270.06
2026-03-27 20:05:00,82.79,82.89,82.68,82.74,20619.95
2026-03-27 20:10:00,82.75,82.78,82.69,82.7,10573.56
2026-03-27 20:15:00,82.7,82.78,82.62,82.73,9632.52
2026-03-27 20:20:00,82.74,82.74,82.58,82.62,8051.97
2026-03-27 20:25:00,82.62,82.63,82.33,82.47,31013.48
2026-03-27 20:30:00,82.47,82.48,82.31,82.36,8977.55
2026-03-27 20:35:00,82.35,82.44,82.29,82.44,10493.19
2026-03-27 20:40:00,82.44,82.57,82.39,82.48,8805.63
2026-03-27 20:45:00,82.48,82.68,82.44,82.62,13055.32
2026-03-27 20:50:00,82.61,82.75,82.61,82.74,8580.86
2026-03-27 20:55:00,82.75,82.78,82.67,82.7,7185.16
2026-03-27 21:00:00,82.69,82.85,82.68,82.85,8286.07
2026-03-27 21:05:00,82.85,82.86,82.79,82.82,3211.23
2026-03-27 21:10:00,82.82,82.96,82.75,82.87,24005.41
2026-03-27 21:15:00,82.88,82.94,82.83,82.9,11049.92
2026-03-27 21:20:00,82.9,82.91,82.83,82.85,7376.85
2026-03-27 21:25:00,82.86,82.95,82.85,82.91,8554.29
2026-03-27 21:30:00,82.92,82.97,82.89,82.92,14697.43
2026-03-27 21:35:00,82.92,82.93,82.72,82.74,13008.59
2026-03-27 21:40:00,82.75,82.89,82.67,82.85,11917.26
2026-03-27 21:45:00,82.84,82.9,82.75,82.79,8175.83
2026-03-27 21:50:00,82.78,82.79,82.69,82.7,4532.42
2026-03-27 21:55:00,82.7,82.74,82.61,82.68,7760.3
2026-03-27 22:00:00,82.69,82.77,82.64,82.71,8787.14
2026-03-27 22:05:00,82.7,82.7,82.53,82.7,8434.05
2026-03-27 22:10:00,82.7,82.72,82.57,82.6,7125.11
2026-03-27 22:15:00,82.6,82.68,82.58,82.66,5131.4
2026-03-27 22:20:00,82.66,82.7,82.64,82.68,3160.75
2026-03-27 22:25:00,82.68,82.68,82.51,82.6,9634.25
2026-03-27 22:30:00,82.6,82.68,82.58,82.61,7232.22
2026-03-27 22:35:00,82.61,82.62,82.46,82.51,6406.06
2026-03-27 22:40:00,82.52,82.68,82.51,82.66,4095.7
2026-03-27 22:45:00,82.65,82.71,82.64,82.69,5501.15
2026-03-27 22:50:00,82.69,82.76,82.63,82.63,4827.99
2026-03-27 22:55:00,82.63,82.75,82.63,82.66,8947.51
2026-03-27 23:00:00,82.67,82.68,82.54,82.6,10558.26
2026-03-27 23:05:00,82.6,82.68,82.38,82.5,31260.1
2026-03-27 23:10:00,82.51,82.64,82.51,82.61,9268.48
2026-03-27 23:15:00,82.61,82.66,82.57,82.63,6893.32
2026-03-27 23:20:00,82.62,82.78,82.58,82.77,10224.75
2026-03-27 23:25:00,82.77,82.78,82.71,82.76,8097.67
2026-03-27 23:30:00,82.76,82.81,82.7,82.74,11234.92
2026-03-27 23:35:00,82.73,82.83,82.7,82.83,6389.22
2026-03-27 23:40:00,82.82,82.92,82.75,82.9,16071.72
2026-03-27 23:45:00,82.9,83.03,82.9,82.98,22459.5
2026-03-27 23:50:00,82.98,83.01,82.92,83.01,16541.99
2026-03-27 23:55:00,83.0,83.06,82.92,83.02,16337.63
2026-03-28 00:00:00,83.02,83.02,82.92,82.98,13914.53
2026-03-28 00:05:00,82.98,82.99,82.76,82.76,16222.83
2026-03-28 00:10:00,82.77,82.79,82.67,82.69,11444.65
2026-03-28 00:15:00,82.69,82.79,82.65,82.67,14101.85
2026-03-28 00:20:00,82.67,82.78,82.66,82.77,8831.16
2026-03-28 00:25:00,82.77,82.84,82.71,82.84,10418.09
2026-03-28 00:30:00,82.84,82.9,82.77,82.78,10736.89
2026-03-28 00:35:00,82.78,82.92,82.78,82.87,8770.9
2026-03-28 00:40:00,82.86,82.88,82.71,82.81,10457.89
2026-03-28 00:45:00,82.82,82.82,82.76,82.76,5054.89
2026-03-28 00:50:00,82.77,82.81,82.72,82.78,10269.12
2026-03-28 00:55:00,82.78,82.9,82.77,82.79,6600.01
2026-03-28 01:00:00,82.78,82.79,82.67,82.72,12057.27
2026-03-28 01:05:00,82.72,82.81,82.62,82.63,12603.8
2026-03-28 01:10:00,82.63,82.65,82.25,82.39,52811.1
2026-03-28 01:15:00,82.39,82.57,82.38,82.52,24080.51
2026-03-28 01:20:00,82.52,82.59,82.48,82.56,7640.28
2026-03-28 01:25:00,82.56,82.58,82.44,82.47,4963.54
2026-03-28 01:30:00,82.47,82.59,82.46,82.47,7439.06
2026-03-28 01:35:00,82.47,82.48,82.18,82.31,30443.08
2026-03-28 01:40:00,82.31,82.47,82.27,82.46,17396.86
2026-03-28 01:45:00,82.46,82.67,82.46,82.58,24725.94
2026-03-28 01:50:00,82.59,82.62,82.5,82.59,22098.55
2026-03-28 01:55:00,82.59,82.61,82.49,82.59,12598.03
2026-03-28 02:00:00,82.6,82.85,82.58,82.83,22442.77
2026-03-28 02:05:00,82.83,82.85,82.69,82.77,13565.36
2026-03-28 02:10:00,82.77,82.8,82.69,82.69,8117.54
2026-03-28 02:15:00,82.69,82.71,82.44,82.48,29034.49
2026-03-28 02:20:00,82.49,82.51,82.43,82.5,6194.42
2026-03-28 02:25:00,82.5,82.52,82.36,82.46,20631.68
2026-03-28 02:30:00,82.46,82.49,82.3,82.37,47243.92
2026-03-28 02:35:00,82.37,82.45,82.35,82.43,12613.94
2026-03-28 02:40:00,82.43,82.49,82.41,82.47,4984.85
2026-03-28 02:45:00,82.47,82.48,82.38,82.45,7158.15
2026-03-28 02:50:00,82.44,82.54,82.44,82.48,6967.88
2026-03-28 02:55:00,82.49,82.52,82.46,82.5,3313.08
2026-03-28 03:00:00,82.5,82.56,82.44,82.47,9415.05
2026-03-28 03:05:00,82.47,82.61,82.47,82.53,10410.23
2026-03-28 03:10:00,82.52,82.55,82.48,82.49,3643.53
2026-03-28 03:15:00,82.49,82.62,82.49,82.59,5484.95
2026-03-28 03:20:00,82.6,82.64,82.58,82.61,3281.93
2026-03-28 03:25:00,82.61,82.63,82.56,82.6,7911.37
2026-03-28 03:30:00,82.6,82.63,82.54,82.57,4578.12
2026-03-28 03:35:00,82.57,82.65,82.55,82.56,13365.69
2026-03-28 03:40:00,82.55,82.62,82.51,82.59,10016.05
2026-03-28 03:45:00,82.59,82.61,82.5,82.58,6206.95
2026-03-28 03:50:00,82.58,82.6,82.51,82.53,4131.01
2026-03-28 03:55:00,82.53,82.56,82.5,82.53,5498.76
2026-03-28 04:00:00,82.53,82.54,82.43,82.53,8001.92
2026-03-28 04:05:00,82.53,82.54,82.34,82.38,19985.73
2026-03-28 04:10:00,82.38,82.42,82.35,82.39,6615.59
2026-03-28 04:15:00,82.38,82.58,82.34,82.55,23480.34
2026-03-28 04:20:00,82.54,82.72,82.54,82.59,40105.77
2026-03-28 04:25:00,82.59,82.64,82.54,82.63,11095.68
2026-03-28 04:30:00,82.63,82.64,82.55,82.56,5351.32
2026-03-28 04:35:00,82.56,82.63,82.53,82.59,10866.72
2026-03-28 04:40:00,82.6,82.62,82.54,82.61,7821.57
2026-03-28 04:45:00,82.6,82.62,82.56,82.61,2949.37
2026-03-28 04:50:00,82.62,82.65,82.6,82.61,8846.07
2026-03-28 04:55:00,82.61,82.61,82.39,82.5,37941.12
2026-03-28 05:00:00,82.5,82.52,82.35,82.35,7328.61
2026-03-28 05:05:00,82.35,82.44,82.35,82.35,17175.64
2026-03-28 05:10:00,82.35,82.41,82.3,82.41,11240.01
2026-03-28 05:15:00,82.41,82.45,82.35,82.37,9880.69
2026-03-28 05:20:00,82.38,82.73,82.37,82.66,61115.4
2026-03-28 05:25:00,82.66,82.68,82.61,82.62,9359.19
2026-03-28 05:30:00,82.63,82.63,82.54,82.59,8215.72
2026-03-28 05:35:00,82.59,82.62,82.53,82.55,4567.44
2026-03-28 05:40:00,82.55,82.58,82.49,82.56,10321.64
2026-03-28 05:45:00,82.56,82.67,82.49,82.62,22790.43
2026-03-28 05:50:00,82.61,82.71,82.61,82.68,21966.94
2026-03-28 05:55:00,82.67,82.72,82.65,82.68,10846.0
2026-03-28 06:00:00,82.68,82.74,82.6,82.65,20493.7
2026-03-28 06:05:00,82.65,82.79,82.65,82.71,11303.88
2026-03-28 06:10:00,82.71,82.77,82.67,82.76,8098.3
2026-03-28 06:15:00,82.76,83.22,82.76,83.19,121594.83
2026-03-28 06:20:00,83.18,83.19,82.97,83.1,25711.78
2026-03-28 06:25:00,83.1,83.11,82.94,83.08,52750.97
2026-03-28 06:30:00,83.07,83.13,83.06,83.06,33600.1
2026-03-28 06:35:00,83.06,83.13,83.03,83.07,7807.85
2026-03-28 06:40:00,83.06,83.16,83.0,83.01,45249.08
2026-03-28 06:45:00,83.02,83.12,82.97,83.0,14563.07
2026-03-28 06:50:00,83.01,83.08,83.0,83.06,8306.53
2026-03-28 06:55:00,83.06,83.16,83.04,83.12,17296.23
2026-03-28 07:00:00,83.12,83.29,83.11,83.21,27988.49
2026-03-28 07:05:00,83.2,83.28,83.13,83.28,11923.11
2026-03-28 07:10:00,83.28,83.33,83.23,83.29,14820.3
2026-03-28 07:15:00,83.29,83.47,83.29,83.38,21617.94
2026-03-28 07:20:00,83.37,83.43,83.35,83.36,17811.68
2026-03-28 07:25:00,83.36,83.41,83.33,83.4,8975.64
2026-03-28 07:30:00,83.4,83.41,83.31,83.32,12820.03
2026-03-28 07:35:00,83.32,83.37,83.31,83.35,12475.06
2026-03-28 07:40:00,83.35,83.43,83.35,83.42,9893.19
2026-03-28 07:45:00,83.42,83.46,83.38,83.46,12210.83
2026-03-28 07:50:00,83.45,83.48,83.41,83.46,19382.88
2026-03-28 07:55:00,83.46,83.59,83.45,83.54,59019.8
2026-03-28 08:00:00,83.54,83.57,83.47,83.56,14241.83
2026-03-28 08:05:00,83.57,83.64,83.46,83.5,43349.82
2026-03-28 08:10:00,83.51,83.54,83.42,83.48,18614.91
2026-03-28 08:15:00,83.48,83.51,83.39,83.46,19687.89
2026-03-28 08:20:00,83.46,83.55,83.45,83.52,17372.25
2026-03-28 08:25:00,83.51,83.58,83.45,83.46,12527.33
2026-03-28 08:30:00,83.47,83.51,83.43,83.45,8994.09
2026-03-28 08:35:00,83.45,83.57,83.42,83.52,34696.04
2026-03-28 08:40:00,83.51,83.6,83.46,83.47,11493.52
2026-03-28 08:45:00,83.47,83.58,83.45,83.58,11211.4
2026-03-28 08:50:00,83.58,83.58,83.38,83.38,17204.94
2026-03-28 08:55:00,83.38,83.39,83.31,83.33,13286.51
2026-03-28 09:00:00,83.32,83.33,83.18,83.2,32878.48
2026-03-28 09:05:00,83.2,83.23,83.04,83.1,36098.51
2026-03-28 09:10:00,83.1,83.12,83.06,83.07,13502.24
2026-03-28 09:15:00,83.07,83.07,82.96,83.0,38164.2
2026-03-28 09:20:00,83.0,83.08,82.99,83.02,22561.72
2026-03-28 09:25:00,83.02,83.12,83.02,83.08,10949.05
2026-03-28 09:30:00,83.08,83.13,82.92,82.94,23575.64
2026-03-28 09:35:00,82.93,82.99,82.86,82.89,28395.05
2026-03-28 09:40:00,82.9,82.99,82.89,82.92,14379.65
2026-03-28 09:45:00,82.92,82.96,82.87,82.87,10996.4
2026-03-28 09:50:00,82.87,82.98,82.85,82.95,23682.38
2026-03-28 09:55:00,82.95,82.99,82.93,82.98,8685.75
2026-03-28 10:00:00,82.97,83.19,82.92,83.17,30881.16
2026-03-28 10:05:00,83.18,83.28,83.14,83.2,23234.69
2026-03-28 10:10:00,83.19,83.2,83.01,83.05,18475.62
2026-03-28 10:15:00,83.05,83.1,82.95,82.97,17172.46
2026-03-28 10:20:00,82.97,82.97,82.85,82.9,22686.39
2026-03-28 10:25:00,82.9,82.92,82.71,82.73,28099.89
2026-03-28 10:30:00,82.73,82.8,82.68,82.76,25031.19
2026-03-28 10:35:00,82.76,82.78,82.65,82.73,21321.43
2026-03-28 10:40:00,82.73,82.76,82.67,82.75,13536.68
2026-03-28 10:45:00,82.75,82.82,82.75,82.78,6396.92
2026-03-28 10:50:00,82.77,82.86,82.75,82.85,13538.16
2026-03-28 10:55:00,82.85,82.96,82.84,82.94,16110.12
2026-03-28 11:00:00,82.95,82.96,82.84,82.92,8055.38
2026-03-28 11:05:00,82.93,83.0,82.88,82.9,16335.95
2026-03-28 11:10:00,82.9,82.93,82.83,82.93,8709.26
2026-03-28 11:15:00,82.92,82.95,82.87,82.88,9761.44
2026-03-28 11:20:00,82.88,82.92,82.88,82.91,4297.88
2026-03-28 11:25:00,82.92,82.99,82.91,82.98,3941.98
2026-03-28 11:30:00,82.98,83.0,82.95,82.98,11887.18
2026-03-28 11:35:00,82.98,82.99,82.86,82.97,14051.2
2026-03-28 11:40:00,82.97,82.97,82.9,82.92,4252.48
2026-03-28 11:45:00,82.92,82.96,82.84,82.93,11387.88
2026-03-28 11:50:00,82.93,83.0,82.93,82.93,9806.49
2026-03-28 11:55:00,82.92,82.92,82.85,82.88,7081.82
2026-03-28 12:00:00,82.87,82.91,82.82,82.84,5487.2
2026-03-28 12:05:00,82.85,82.88,82.7,82.88,15244.49
2026-03-28 12:10:00,82.88,83.02,82.84,83.0,11074.39
2026-03-28 12:15:00,83.0,83.14,82.98,83.09,25960.91
2026-03-28 12:20:00,83.08,83.15,82.98,83.02,22269.97
2026-03-28 12:25:00,83.02,83.06,83.0,83.0,6476.73
2026-03-28 12:30:00,82.99,83.03,82.75,82.8,19289.83
2026-03-28 12:35:00,82.8,82.83,82.53,82.66,36277.3
2026-03-28 12:40:00,82.66,82.7,82.64,82.68,8388.83
2026-03-28 12:45:00,82.67,82.74,82.65,82.71,11802.92
2026-03-28 12:50:00,82.7,82.83,82.62,82.66,46971.35
2026-03-28 12:55:00,82.66,82.73,82.6,82.63,14807.87
2026-03-28 13:00:00,82.63,82.72,82.62,82.71,10127.91
2026-03-28 13:05:00,82.71,82.77,82.66,82.77,8382.13
2026-03-28 13:10:00,82.77,82.82,82.74,82.78,11030.09
2026-03-28 13:15:00,82.79,82.86,82.76,82.78,13975.31
2026-03-28 13:20:00,82.78,82.88,82.78,82.83,16709.82
2026-03-28 13:25:00,82.83,82.85,82.7,82.75,34890.13
2026-03-28 13:30:00,82.75,83.02,82.75,82.95,42601.88
2026-03-28 13:35:00,82.96,83.05,82.9,82.93,28765.27
2026-03-28 13:40:00,82.92,84.08,82.92,83.42,390862.29
2026-03-28 13:45:00,83.42,83.62,83.29,83.33,95558.44
2026-03-28 13:50:00,83.33,83.41,83.19,83.4,48031.85
2026-03-28 13:55:00,83.4,83.4,83.21,83.31,24357.65
2026-03-28 14:00:00,83.32,83.34,83.01,83.08,75910.55
2026-03-28 14:05:00,83.08,83.29,83.06,83.12,29822.0
2026-03-28 14:10:00,83.12,83.16,82.92,83.01,51771.07
2026-03-28 14:15:00,83.01,83.21,82.92,83.21,17321.46
2026-03-28 14:20:00,83.21,83.3,83.13,83.18,28662.8
2026-03-28 14:25:00,83.18,83.22,83.1,83.18,10258.1
2026-03-28 14:30:00,83.18,83.25,83.14,83.2,15456.31
2026-03-28 14:35:00,83.19,83.23,83.05,83.2,14170.85
2026-03-28 14:40:00,83.2,83.46,83.2,83.4,50736.5
2026-03-28 14:45:00,83.4,83.47,83.38,83.44,26924.75
2026-03-28 14:50:00,83.43,83.47,83.07,83.13,33066.26
2026-03-28 14:55:00,83.14,83.24,83.03,83.18,19633.47
2026-03-28 15:00:00,83.17,83.28,83.12,83.19,13765.21
2026-03-28 15:05:00,83.19,83.37,83.17,83.26,22876.78
2026-03-28 15:10:00,83.26,83.42,83.23,83.36,27991.78
2026-03-28 15:15:00,83.36,84.0,83.33,83.73,165709.75
2026-03-28 15:20:00,83.73,84.25,83.73,84.03,171844.07
2026-03-28 15:25:00,84.03,84.07,83.73,83.76,59726.97
2026-03-28 15:30:00,83.77,83.94,83.7,83.92,53662.77
2026-03-28 15:35:00,83.92,83.94,83.69,83.77,36031.93
2026-03-28 15:40:00,83.78,83.89,83.66,83.83,12075.3
2026-03-28 15:45:00,83.83,83.87,83.67,83.72,49292.16
2026-03-28 15:50:00,83.72,83.74,83.68,83.72,12733.68
2026-03-28 15:55:00,83.72,83.78,83.59,83.76,20834.75
2026-03-28 16:00:00,83.76,83.79,83.64,83.75,23113.78
2026-03-28 16:05:00,83.75,83.79,83.68,83.73,12101.21
2026-03-28 16:10:00,83.73,83.77,83.61,83.72,22180.02
2026-03-28 16:15:00,83.73,83.84,83.72,83.84,9452.59
2026-03-28 16:20:00,83.84,83.87,83.73,83.79,17127.65
2026-03-28 16:25:00,83.79,83.88,83.78,83.81,12119.43
2026-03-28 16:30:00,83.8,83.81,83.64,83.77,9875.04
2026-03-28 16:35:00,83.78,83.78,83.63,83.64,16579.17
2026-03-28 16:40:00,83.64,83.67,83.55,83.57,17096.84
2026-03-28 16:45:00,83.57,83.59,83.39,83.49,70509.73
2026-03-28 16:50:00,83.48,83.57,83.42,83.49,26337.04
2026-03-28 16:55:00,83.49,83.56,83.48,83.49,5968.75
2026-03-28 17:00:00,83.49,83.65,83.47,83.65,13938.39
2026-03-28 17:05:00,83.65,83.67,83.47,83.47,11190.32
2026-03-28 17:10:00,83.47,83.51,83.42,83.47,9865.24
2026-03-28 17:15:00,83.47,83.47,83.3,83.36,21338.38
2026-03-28 17:20:00,83.37,83.41,83.27,83.34,14092.75
2026-03-28 17:25:00,83.34,83.36,83.24,83.26,16679.67
2026-03-28 17:30:00,83.25,83.31,83.07,83.23,31625.68
2026-03-28 17:35:00,83.23,83.43,83.2,83.21,33771.13
2026-03-28 17:40:00,83.22,83.23,83.17,83.2,7361.99
2026-03-28 17:45:00,83.2,83.2,83.11,83.16,16470.15
2026-03-28 17:50:00,83.16,83.19,83.1,83.16,15160.64
2026-03-28 17:55:00,83.16,83.3,83.14,83.25,10592.78
2026-03-28 18:00:00,83.25,83.43,83.23,83.41,22283.91
2026-03-28 18:05:00,83.41,83.45,83.34,83.41,18897.62
2026-03-28 18:10:00,83.4,83.46,83.4,83.45,11100.03
2026-03-28 18:15:00,83.45,83.46,83.38,83.41,8060.51
2026-03-28 18:20:00,83.41,83.42,83.33,83.38,6307.33
2026-03-28 18:25:00,83.38,83.4,83.32,83.32,4743.04
2026-03-28 18:30:00,83.32,83.39,83.31,83.34,3670.43
2026-03-28 18:35:00,83.34,83.36,83.31,83.34,5654.65
2026-03-28 18:40:00,83.35,83.45,83.33,83.44,3934.81
2026-03-28 18:45:00,83.43,83.43,83.34,83.4,3622.18
2026-03-28 18:50:00,83.39,83.39,83.31,83.35,3373.97
2026-03-28 18:55:00,83.36,83.39,83.3,83.31,4375.03
2026-03-28 19:00:00,83.3,83.37,83.23,83.32,7275.63
2026-03-28 19:05:00,83.31,83.33,83.28,83.31,2190.81
2026-03-28 19:10:00,83.31,83.31,82.95,83.09,32082.88
2026-03-28 19:15:00,83.09,83.16,83.03,83.15,8853.28
2026-03-28 19:20:00,83.15,83.16,82.98,83.1,20873.28
2026-03-28 19:25:00,83.1,83.14,83.07,83.13,4045.97
2026-03-28 19:30:00,83.13,83.16,83.08,83.15,3793.47
2026-03-28 19:35:00,83.15,83.19,83.13,83.19,8330.77
2026-03-28 19:40:00,83.18,83.24,83.05,83.09,13238.26
2026-03-28 19:45:00,83.08,83.15,83.08,83.08,3610.72
2026-03-28 19:50:00,83.08,83.17,83.08,83.14,5731.38
2026-03-28 19:55:00,83.14,83.23,83.14,83.21,4088.99
2026-03-28 20:00:00,83.22,83.37,83.21,83.36,15051.51
2026-03-28 20:05:00,83.36,83.43,83.34,83.37,11585.25
2026-03-28 20:10:00,83.37,83.43,83.35,83.42,6811.99
2026-03-28 20:15:00,83.42,83.44,83.27,83.29,15837.7
2026-03-28 20:20:00,83.29,83.39,83.28,83.31,6123.45
2026-03-28 20:25:00,83.31,83.37,83.29,83.3,3546.63
2026-03-28 20:30:00,83.3,83.38,83.28,83.28,11731.52
2026-03-28 20:35:00,83.28,83.36,83.25,83.3,3498.15
2026-03-28 20:40:00,83.29,83.29,83.24,83.26,2630.14
2026-03-28 20:45:00,83.26,83.34,83.26,83.29,2774.44
2026-03-28 20:50:00,83.28,83.38,83.28,83.37,4744.8
2026-03-28 20:55:00,83.37,83.37,83.32,83.32,4259.41
2026-03-28 21:00:00,83.32,83.36,83.32,83.35,4233.51
2026-03-28 21:05:00,83.36,83.36,83.03,83.04,14277.03
2026-03-28 21:10:00,83.04,83.12,82.91,83.06,39409.45
2026-03-28 21:15:00,83.05,83.08,82.9,82.92,17621.58
2026-03-28 21:20:00,82.92,82.92,82.65,82.84,73884.94
2026-03-28 21:25:00,82.84,82.94,82.83,82.91,10313.65
2026-03-28 21:30:00,82.91,82.91,82.74,82.79,13697.39
2026-03-28 21:35:00,82.79,82.79,82.64,82.76,18074.19
2026-03-28 21:40:00,82.76,82.9,82.67,82.86,15127.47
2026-03-28 21:45:00,82.86,82.91,82.75,82.75,13430.05
2026-03-28 21:50:00,82.75,82.81,82.25,82.59,65562.35
2026-03-28 21:55:00,82.59,82.71,82.53,82.63,11974.16
2026-03-28 22:00:00,82.62,82.68,82.47,82.6,29540.65
2026-03-28 22:05:00,82.6,82.68,82.55,82.55,12311.42
2026-03-28 22:10:00,82.54,82.56,82.4,82.4,18023.49
2026-03-28 22:15:00,82.4,82.68,82.4,82.67,17993.96
2026-03-28 22:20:00,82.66,82.84,82.66,82.78,15805.72
2026-03-28 22:25:00,82.78,82.82,82.7,82.76,8080.79
2026-03-28 22:30:00,82.76,82.77,82.66,82.68,11040.9
2026-03-28 22:35:00,82.68,82.76,82.67,82.75,4460.37
2026-03-28 22:40:00,82.76,82.76,82.67,82.67,2776.73
2026-03-28 22:45:00,82.67,82.78,82.67,82.72,7186.41
2026-03-28 22:50:00,82.73,82.79,82.69,82.77,8430.75
2026-03-28 22:55:00,82.77,82.77,82.66,82.73,6577.63
2026-03-28 23:00:00,82.72,82.72,82.57,82.61,5368.9
2026-03-28 23:05:00,82.62,82.65,82.25,82.41,29959.96
2026-03-28 23:10:00,82.41,82.41,81.6,81.93,202308.73
2026-03-28 23:15:00,81.94,81.95,81.7,81.79,54216.01
2026-03-28 23:20:00,81.8,82.07,81.8,82.03,24838.97
2026-03-28 23:25:00,82.03,82.1,82.0,82.01,12945.15
2026-03-28 23:30:00,82.01,82.19,82.0,82.18,16267.36
2026-03-28 23:35:00,82.18,82.23,82.09,82.14,17243.03
2026-03-28 23:40:00,82.14,82.19,81.97,82.01,18001.48
2026-03-28 23:45:00,82.01,82.03,81.85,81.97,25245.08
2026-03-28 23:50:00,81.96,82.06,81.95,81.97,17998.2
2026-03-28 23:55:00,81.97,82.04,81.93,82.02,6742.53
2026-03-29 00:00:00,82.02,82.17,81.98,82.11,21305.74
2026-03-29 00:05:00,82.12,82.13,82.0,82.01,13257.33
2026-03-29 00:10:00,82.0,82.15,82.0,82.04,16037.83
2026-03-29 00:15:00,82.04,82.15,82.01,82.15,14509.57
2026-03-29 00:20:00,82.15,82.15,81.79,81.9,28634.7
2026-03-29 00:25:00,81.9,81.92,81.81,81.89,19669.83
2026-03-29 00:30:00,81.89,82.13,81.87,82.06,18152.3
2026-03-29 00:35:00,82.06,82.11,81.91,82.0,15038.74
2026-03-29 00:40:00,82.0,82.06,81.95,81.99,12737.29
2026-03-29 00:45:00,81.99,82.05,81.98,82.03,20011.0
2026-03-29 00:50:00,82.04,82.21,82.01,82.02,14455.86
2026-03-29 00:55:00,82.02,82.19,81.95,82.13,24742.58
2026-03-29 01:00:00,82.13,82.24,82.11,82.2,12244.28
2026-03-29 01:05:00,82.2,82.4,82.19,82.26,32813.68
2026-03-29 01:10:00,82.26,82.36,82.24,82.3,24040.63
2026-03-29 01:15:00,82.3,82.37,82.24,82.26,11730.54
2026-03-29 01:20:00,82.27,82.37,82.24,82.27,7216.21
2026-03-29 01:25:00,82.26,82.34,82.23,82.34,8615.13
2026-03-29 01:30:00,82.34,82.35,82.26,82.29,11927.25
2026-03-29 01:35:00,82.28,82.3,82.07,82.08,14707.19
2026-03-29 01:40:00,82.08,82.29,82.01,82.26,24790.08
2026-03-29 01:45:00,82.25,82.26,82.06,82.26,14917.0
2026-03-29 01:50:00,82.26,82.45,82.25,82.3,34779.1
2026-03-29 01:55:00,82.3,82.42,82.27,82.4,15253.8
2026-03-29 02:00:00,82.4,82.48,82.34,82.45,23390.55
2026-03-29 02:05:00,82.45,82.54,82.45,82.46,24469.04
2026-03-29 02:10:00,82.47,82.55,82.46,82.54,11618.3
2026-03-29 02:15:00,82.54,82.57,82.43,82.51,15724.41
2026-03-29 02:20:00,82.5,82.6,82.48,82.55,11468.08
2026-03-29 02:25:00,82.55,82.59,82.46,82.51,12778.37
2026-03-29 02:30:00,82.51,82.51,82.39,82.44,11487.33
2026-03-29 02:35:00,82.44,82.62,82.42,82.59,9948.33
2026-03-29 02:40:00,82.6,82.68,82.6,82.62,15133.85
2026-03-29 02:45:00,82.61,82.68,82.54,82.67,6747.57
2026-03-29 02:50:00,82.67,82.78,82.67,82.69,16075.32
2026-03-29 02:55:00,82.69,82.71,82.63,82.71,10821.61
2026-03-29 03:00:00,82.7,82.75,82.67,82.74,12634.69
2026-03-29 03:05:00,82.73,82.78,82.68,82.76,7265.47
2026-03-29 03:10:00,82.77,82.77,82.66,82.66,10938.64
2026-03-29 03:15:00,82.67,83.18,82.63,83.04,61599.12
2026-03-29 03:20:00,83.04,83.08,82.88,82.97,20769.77
2026-03-29 03:25:00,82.98,83.02,82.93,82.96,10839.7
2026-03-29 03:30:00,82.95,83.05,82.89,82.91,18605.91
2026-03-29 03:35:00,82.9,82.95,82.87,82.91,9111.62
2026-03-29 03:40:00,82.91,82.94,82.87,82.9,5599.29
2026-03-29 03:45:00,82.9,82.95,82.83,82.95,9454.1
2026-03-29 03:50:00,82.95,83.0,82.9,82.95,13146.86
2026-03-29 03:55:00,82.95,82.98,82.93,82.95,8396.13
2026-03-29 04:00:00,82.94,82.98,82.82,82.89,9902.75
2026-03-29 04:05:00,82.9,82.93,82.84,82.89,11224.84
2026-03-29 04:10:00,82.89,82.92,82.83,82.91,9334.48
2026-03-29 04:15:00,82.92,82.92,82.77,82.78,9368.44
2026-03-29 04:20:00,82.78,82.82,82.66,82.72,23173.53
2026-03-29 04:25:00,82.72,82.79,82.7,82.77,6598.62
2026-03-29 04:30:00,82.77,82.78,82.66,82.78,8400.21
2026-03-29 04:35:00,82.78,82.81,82.69,82.7,6249.91
2026-03-29 04:40:00,82.71,82.79,82.7,82.76,7040.5
2026-03-29 04:45:00,82.76,82.77,82.68,82.75,4416.27
2026-03-29 04:50:00,82.75,82.78,82.69,82.78,9154.48
2026-03-29 04:55:00,82.78,82.78,82.69,82.72,7139.01
2026-03-29 05:00:00,82.71,82.72,82.61,82.62,14800.75
2026-03-29 05:05:00,82.62,82.62,82.45,82.48,14934.64
2026-03-29 05:10:00,82.48,82.52,82.43,82.46,9992.95
2026-03-29 05:15:00,82.46,82.57,82.34,82.56,28701.53
2026-03-29 05:20:00,82.57,82.62,82.46,82.6,29262.68
2026-03-29 05:25:00,82.61,82.62,82.45,82.54,14294.72
2026-03-29 05:30:00,82.54,82.6,82.51,82.58,12644.91
2026-03-29 05:35:00,82.58,82.64,82.5,82.57,8341.31
2026-03-29 05:40:00,82.57,82.62,82.55,82.62,8763.83
2026-03-29 05:45:00,82.62,82.66,82.56,82.66,16092.91
2026-03-29 05:50:00,82.66,82.83,82.6,82.67,58558.58
2026-03-29 05:55:00,82.68,82.73,82.64,82.64,22358.46
2026-03-29 06:00:00,82.65,82.76,82.61,82.66,15374.76
2026-03-29 06:05:00,82.66,82.72,82.65,82.69,7722.58
2026-03-29 06:10:00,82.68,82.73,82.63,82.68,8579.77
2026-03-29 06:15:00,82.68,82.7,82.61,82.61,4927.44
2026-03-29 06:20:00,82.61,82.62,82.39,82.39,21827.83
2026-03-29 06:25:00,82.39,82.41,82.27,82.36,35157.0
2026-03-29 06:30:00,82.35,82.4,82.32,82.36,13180.0
2026-03-29 06:35:00,82.35,82.44,82.32,82.32,14522.6
2026-03-29 06:40:00,82.31,82.39,82.23,82.27,55407.76
2026-03-29 06:45:00,82.27,82.53,82.23,82.49,66427.63
2026-03-29 06:50:00,82.48,82.52,82.46,82.47,6474.14
2026-03-29 06:55:00,82.47,82.53,82.42,82.42,5834.06
2026-03-29 07:00:00,82.43,82.43,82.18,82.25,24765.11
2026-03-29 07:05:00,82.26,82.29,82.16,82.17,11309.06
2026-03-29 07:10:00,82.18,82.31,82.18,82.28,11817.0
2026-03-29 07:15:00,82.28,82.38,82.22,82.34,8076.21
2026-03-29 07:20:00,82.34,82.36,82.31,82.35,10332.84
2026-03-29 07:25:00,82.35,82.39,82.31,82.38,7393.44
2026-03-29 07:30:00,82.38,82.47,82.35,82.36,11901.87
2026-03-29 07:35:00,82.36,82.44,82.36,82.36,4356.61
2026-03-29 07:40:00,82.36,82.38,82.32,82.37,4003.35
2026-03-29 07:45:00,82.37,82.43,82.29,82.41,10024.13
2026-03-29 07:50:00,82.41,82.56,82.41,82.48,24366.07
2026-03-29 07:55:00,82.48,82.51,82.39,82.39,10168.87
2026-03-29 08:00:00,82.39,82.45,82.3,82.44,6565.99
2026-03-29 08:05:00,82.44,82.54,82.41,82.42,7969.11
2026-03-29 08:10:00,82.42,82.45,82.3,82.36,8619.87
2026-03-29 08:15:00,82.36,82.39,82.29,82.33,12229.93
2026-03-29 08:20:00,82.33,82.42,82.31,82.4,6558.03
2026-03-29 08:25:00,82.4,82.46,82.39,82.46,5697.7
2026-03-29 08:30:00,82.46,82.56,82.45,82.47,7776.13
2026-03-29 08:35:00,82.47,82.52,82.46,82.5,4429.89
2026-03-29 08:40:00,82.5,82.51,82.46,82.48,4569.55
2026-03-29 08:45:00,82.48,82.51,82.45,82.48,5675.31
2026-03-29 08:50:00,82.49,82.5,82.35,82.42,16689.15
2026-03-29 08:55:00,82.41,82.43,82.37,82.4,2860.62
2026-03-29 09:00:00,82.39,82.49,82.34,82.42,8521.44
2026-03-29 09:05:00,82.42,82.42,82.24,82.34,17884.32
2026-03-29 09:10:00,82.33,82.39,82.32,82.39,4772.1
2026-03-29 09:15:00,82.38,82.45,82.32,82.36,4919.96
2026-03-29 09:20:00,82.36,82.36,82.27,82.29,6006.09
2026-03-29 09:25:00,82.29,82.35,82.29,82.34,3360.6
2026-03-29 09:30:00,82.34,82.4,82.1,82.14,37936.16
2026-03-29 09:35:00,82.14,82.25,82.13,82.23,16596.86
2026-03-29 09:40:00,82.24,82.26,82.18,82.21,6037.54
2026-03-29 09:45:00,82.21,82.29,82.2,82.25,4250.15
2026-03-29 09:50:00,82.24,82.31,82.23,82.28,10045.82
2026-03-29 09:55:00,82.27,82.32,82.26,82.3,3133.14
2026-03-29 10:00:00,82.3,82.3,82.16,82.17,7499.83
2026-03-29 10:05:00,82.17,82.22,82.1,82.19,14328.61
2026-03-29 10:10:00,82.2,82.22,82.11,82.2,14967.36
2026-03-29 10:15:00,82.2,82.23,82.09,82.14,22512.76
2026-03-29 10:20:00,82.15,82.17,82.04,82.11,19664.17
2026-03-29 10:25:00,82.11,82.15,82.07,82.07,14421.56
2026-03-29 10:30:00,82.08,82.16,81.93,81.96,30667.11
2026-03-29 10:35:00,81.96,82.18,81.94,82.15,27625.21
2026-03-29 10:40:00,82.14,82.14,82.02,82.09,9789.84
2026-03-29 10:45:00,82.09,82.23,82.09,82.15,34677.05
2026-03-29 10:50:00,82.14,82.19,82.14,82.16,5476.78
2026-03-29 10:55:00,82.16,82.19,82.06,82.08,4814.34
2026-03-29 11:00:00,82.07,82.4,82.06,82.4,21185.36
2026-03-29 11:05:00,82.41,82.69,82.36,82.55,64226.5
2026-03-29 11:10:00,82.54,82.62,82.47,82.48,34051.42
2026-03-29 11:15:00,82.48,82.53,82.38,82.51,17264.67
2026-03-29 11:20:00,82.51,82.61,82.46,82.5,12136.12
2026-03-29 11:25:00,82.5,82.56,82.46,82.51,9704.1
2026-03-29 11:30:00,82.52,82.59,82.43,82.48,17617.0
2026-03-29 11:35:00,82.48,82.67,82.47,82.6,10935.17
2026-03-29 11:40:00,82.6,82.7,82.56,82.67,13639.24
2026-03-29 11:45:00,82.67,82.78,82.52,82.52,21654.15
2026-03-29 11:50:00,82.53,82.57,82.52,82.55,8399.08
2026-03-29 11:55:00,82.55,82.58,82.52,82.52,4898.6
2026-03-29 12:00:00,82.52,82.59,82.47,82.48,13508.5
2026-03-29 12:05:00,82.48,82.55,82.45,82.46,6138.21
2026-03-29 12:10:00,82.46,82.46,82.36,82.37,13957.81
2026-03-29 12:15:00,82.36,82.43,82.31,82.36,15455.09
2026-03-29 12:20:00,82.37,82.38,82.32,82.37,6958.46
2026-03-29 12:25:00,82.37,82.42,82.34,82.34,5559.78
2026-03-29 12:30:00,82.35,82.42,82.17,82.19,14695.19
2026-03-29 12:35:00,82.19,82.28,82.18,82.23,8625.96
2026-03-29 12:40:00,82.23,82.28,82.2,82.21,6524.71
2026-03-29 12:45:00,82.2,82.32,82.17,82.31,8004.47
2026-03-29 12:50:00,82.32,82.45,82.31,82.42,10874.82
2026-03-29 12:55:00,82.42,82.45,82.37,82.38,6679.95
2026-03-29 13:00:00,82.38,82.42,82.31,82.32,5472.28
2026-03-29 13:05:00,82.32,82.33,81.62,81.72,139008.3
2026-03-29 13:10:00,81.72,81.91,81.71,81.84,53219.4
2026-03-29 13:15:00,81.84,81.98,81.75,81.95,26364.95
2026-03-29 13:20:00,81.94,82.06,81.94,82.03,25784.05
2026-03-29 13:25:00,82.03,82.07,81.98,82.0,18356.23
2026-03-29 13:30:00,82.0,82.15,81.95,81.97,48251.02
2026-03-29 13:35:00,81.97,82.03,81.92,82.02,12527.91
2026-03-29 13:40:00,82.02,82.03,81.92,81.95,8539.15
2026-03-29 13:45:00,81.95,81.99,81.81,81.91,16673.67
2026-03-29 13:50:00,81.91,81.98,81.88,81.9,16174.67
2026-03-29 13:55:00,81.9,81.93,81.74,81.86,28281.28
2026-03-29 14:00:00,81.86,81.91,81.72,81.78,30489.5
2026-03-29 14:05:00,81.78,81.85,81.74,81.82,19725.45
2026-03-29 14:10:00,81.82,82.38,81.82,82.09,72771.63
2026-03-29 14:15:00,82.09,82.13,81.99,82.01,17013.35
2026-03-29 14:20:00,82.01,82.09,81.91,81.95,9277.65
2026-03-29 14:25:00,81.94,81.95,81.79,81.86,18766.39
2026-03-29 14:30:00,81.86,82.0,81.83,81.99,21527.0
2026-03-29 14:35:00,81.98,82.0,81.85,81.89,6909.48
2026-03-29 14:40:00,81.88,81.98,81.86,81.98,11822.57
2026-03-29 14:45:00,81.98,81.99,81.66,81.83,59624.74
2026-03-29 14:50:00,81.83,81.88,81.78,81.79,9208.34
2026-03-29 14:55:00,81.79,81.88,81.77,81.87,12331.08
2026-03-29 15:00:00,81.88,82.09,81.88,81.93,28042.46
2026-03-29 15:05:00,81.92,82.05,81.88,81.91,27708.73
2026-03-29 15:10:00,81.9,81.93,81.7,81.93,26030.03
2026-03-29 15:15:00,81.93,82.05,81.84,81.88,23920.25
2026-03-29 15:20:00,81.88,81.93,81.84,81.92,7987.65
2026-03-29 15:25:00,81.92,81.92,81.21,81.55,200160.58
2026-03-29 15:30:00,81.54,81.59,81.45,81.56,28640.43
2026-03-29 15:35:00,81.55,81.63,81.52,81.6,29210.74
2026-03-29 15:40:00,81.59,81.64,81.55,81.58,17680.28
2026-03-29 15:45:00,81.58,81.64,81.57,81.58,11305.88
2026-03-29 15:50:00,81.57,81.81,81.54,81.79,34034.49
2026-03-29 15:55:00,81.8,81.81,81.73,81.78,11969.52
2026-03-29 16:00:00,81.78,81.8,81.7,81.71,12260.79
2026-03-29 16:05:00,81.71,81.81,81.69,81.81,8932.71
2026-03-29 16:10:00,81.82,81.84,81.69,81.69,11176.2
2026-03-29 16:15:00,81.7,82.07,81.66,82.0,47462.26
2026-03-29 16:20:00,82.0,82.08,81.87,81.89,34676.45
2026-03-29 16:25:00,81.88,81.91,81.8,81.86,14975.43
2026-03-29 16:30:00,81.87,81.87,81.79,81.82,15080.01
2026-03-29 16:35:00,81.81,81.81,81.69,81.73,13468.98
2026-03-29 16:40:00,81.74,81.74,81.63,81.64,10295.09
2026-03-29 16:45:00,81.64,81.7,81.56,81.68,13463.42
2026-03-29 16:50:00,81.68,81.74,81.56,81.58,5389.38
2026-03-29 16:55:00,81.58,81.67,81.57,81.65,4699.28
2026-03-29 17:00:00,81.65,81.69,81.62,81.67,6761.55
2026-03-29 17:05:00,81.67,81.8,81.66,81.79,14717.79
2026-03-29 17:10:00,81.78,81.78,81.47,81.49,18926.66
2026-03-29 17:15:00,81.5,81.51,81.36,81.44,17453.64
2026-03-29 17:20:00,81.43,81.43,81.07,81.23,100641.07
2026-03-29 17:25:00,81.23,81.26,81.16,81.19,26782.27
2026-03-29 17:30:00,81.19,81.3,81.12,81.3,27311.31
2026-03-29 17:35:00,81.3,81.35,81.23,81.31,6444.31
2026-03-29 17:40:00,81.3,81.58,81.27,81.49,50303.07
2026-03-29 17:45:00,81.48,81.53,81.46,81.47,11005.01
2026-03-29 17:50:00,81.48,81.59,81.47,81.51,9404.25
2026-03-29 17:55:00,81.51,81.53,81.47,81.49,7528.98
2026-03-29 18:00:00,81.49,81.53,81.37,81.37,25563.75
2026-03-29 18:05:00,81.37,81.42,81.33,81.41,10073.56
2026-03-29 18:10:00,81.4,81.57,81.4,81.55,14002.26
2026-03-29 18:15:00,81.55,81.69,81.53,81.58,11484.75
2026-03-29 18:20:00,81.57,81.59,81.37,81.46,13312.09
2026-03-29 18:25:00,81.46,81.53,81.45,81.49,8954.83
2026-03-29 18:30:00,81.49,81.53,81.46,81.47,4015.39
2026-03-29 18:35:00,81.47,81.88,81.47,81.76,44553.25
2026-03-29 18:40:00,81.76,81.81,81.68,81.7,18038.67
2026-03-29 18:45:00,81.7,81.76,81.64,81.7,8958.83
2026-03-29 18:50:00,81.7,81.78,81.69,81.77,4937.53
2026-03-29 18:55:00,81.77,81.79,81.72,81.74,7012.55
2026-03-29 19:00:00,81.73,81.75,81.66,81.69,3895.13
2026-03-29 19:05:00,81.68,81.75,81.68,81.69,4006.58
2026-03-29 19:10:00,81.68,81.74,81.67,81.73,4153.53
2026-03-29 19:15:00,81.73,81.8,81.68,81.78,7234.38
2026-03-29 19:20:00,81.77,81.82,81.6,81.68,22369.94
2026-03-29 19:25:00,81.68,81.73,81.61,81.63,3914.2
2026-03-29 19:30:00,81.64,81.75,81.63,81.75,6805.35
2026-03-29 19:35:00,81.75,81.75,81.59,81.59,7282.46
2026-03-29 19:40:00,81.6,81.62,81.53,81.6,5709.41
2026-03-29 19:45:00,81.61,81.67,81.58,81.59,7011.78
2026-03-29 19:50:00,81.58,81.58,81.49,81.57,11291.27
2026-03-29 19:55:00,81.57,81.63,81.55,81.55,18705.93
2026-03-29 20:00:00,81.55,81.75,81.54,81.7,13762.3
2026-03-29 20:05:00,81.71,81.83,81.67,81.75,9026.71
2026-03-29 20:10:00,81.74,81.76,81.66,81.68,4592.47
2026-03-29 20:15:00,81.68,81.84,81.67,81.78,11832.74
2026-03-29 20:20:00,81.78,82.16,81.78,82.0,28872.38
2026-03-29 20:25:00,82.0,82.08,81.94,81.96,13398.8
2026-03-29 20:30:00,81.97,82.01,81.92,81.95,8765.43
2026-03-29 20:35:00,81.94,81.96,81.88,81.9,3009.53
2026-03-29 20:40:00,81.89,81.92,81.78,81.78,5571.45
2026-03-29 20:45:00,81.79,81.85,81.7,81.77,23994.13
2026-03-29 20:50:00,81.77,81.82,81.77,81.8,4968.97
2026-03-29 20:55:00,81.8,81.87,81.79,81.87,2014.41
2026-03-29 21:00:00,81.87,81.98,81.86,81.94,19118.78
2026-03-29 21:05:00,81.94,81.98,81.8,81.81,6314.55
2026-03-29 21:10:00,81.81,81.87,81.79,81.83,19855.17
2026-03-29 21:15:00,81.84,81.84,81.77,81.8,10821.82
2026-03-29 21:20:00,81.8,81.89,81.79,81.85,5347.75
2026-03-29 21:25:00,81.85,81.96,81.81,81.89,7616.3
2026-03-29 21:30:00,81.89,82.05,81.85,81.99,23900.78
2026-03-29 21:35:00,81.99,82.09,81.98,82.03,8709.36
2026-03-29 21:40:00,82.03,82.19,81.94,82.05,40946.32
2026-03-29 21:45:00,82.04,82.13,82.03,82.07,6031.97
2026-03-29 21:50:00,82.06,82.13,82.02,82.09,13026.39
2026-03-29 21:55:00,82.09,82.15,82.07,82.09,6846.32
2026-03-29 22:00:00,82.09,82.09,81.4,81.49,41432.33
2026-03-29 22:05:00,81.49,81.62,81.16,81.58,82730.01
2026-03-29 22:10:00,81.57,81.71,81.27,81.51,75484.36
2026-03-29 22:15:00,81.5,81.68,81.44,81.65,25387.1
2026-03-29 22:20:00,81.66,81.89,81.58,81.79,24278.41
2026-03-29 22:25:00,81.8,81.82,81.66,81.68,23187.51
2026-03-29 22:30:00,81.69,81.72,81.56,81.6,8308.79
2026-03-29 22:35:00,81.6,81.63,81.32,81.37,32181.35
2026-03-29 22:40:00,81.36,81.38,80.3,80.51,411936.89
2026-03-29 22:45:00,80.5,80.53,78.75,79.28,766418.6
2026-03-29 22:50:00,79.27,80.11,79.21,80.08,120573.53
2026-03-29 22:55:00,80.09,80.92,80.03,80.84,118428.62
2026-03-29 23:00:00,80.84,81.43,80.81,81.0,129709.8
2026-03-29 23:05:00,81.0,81.24,80.88,81.05,86166.96
2026-03-29 23:10:00,81.06,81.22,81.0,81.13,46781.42
2026-03-29 23:15:00,81.13,81.44,81.07,81.24,73337.28
2026-03-29 23:20:00,81.24,81.62,81.24,81.33,58274.77
2026-03-29 23:25:00,81.34,81.36,81.12,81.25,37490.84
2026-03-29 23:30:00,81.24,81.47,81.17,81.2,39315.56
2026-03-29 23:35:00,81.19,81.27,81.09,81.23,28207.73
2026-03-29 23:40:00,81.23,81.37,81.18,81.33,28650.94
2026-03-29 23:45:00,81.33,81.59,81.31,81.31,75365.1
2026-03-29 23:50:00,81.32,81.45,81.1,81.45,39458.41
2026-03-29 23:55:00,81.45,81.45,81.31,81.34,24293.72
2026-03-30 00:00:00,81.35,81.47,81.15,81.17,24758.67
2026-03-30 00:05:00,81.16,81.37,81.06,81.2,36586.91
2026-03-30 00:10:00,81.2,81.28,81.13,81.16,16372.1
2026-03-30 00:15:00,81.16,82.84,81.07,82.79,255330.12
2026-03-30 00:20:00,82.79,82.97,82.2,82.2,229026.55
2026-03-30 00:25:00,82.21,82.49,82.05,82.09,66137.05
2026-03-30 00:30:00,82.09,82.39,81.94,82.0,47227.37
2026-03-30 00:35:00,82.0,82.06,81.6,81.68,49803.56
2026-03-30 00:40:00,81.68,81.74,81.53,81.67,33135.52
2026-03-30 00:45:00,81.67,81.89,81.64,81.75,27408.6
2026-03-30 00:50:00,81.74,81.75,81.46,81.6,25512.53
2026-03-30 00:55:00,81.61,81.92,81.6,81.81,18307.73
2026-03-30 01:00:00,81.82,82.36,81.81,82.17,50944.99
2026-03-30 01:05:00,82.17,82.4,82.12,82.17,27527.5
2026-03-30 01:10:00,82.17,82.34,82.1,82.2,33607.99
2026-03-30 01:15:00,82.19,82.38,82.08,82.36,27877.48
2026-03-30 01:20:00,82.37,82.42,82.19,82.25,27489.19
2026-03-30 01:25:00,82.25,82.56,82.22,82.47,47309.84
2026-03-30 01:30:00,82.46,82.71,82.37,82.63,38467.02
2026-03-30 01:35:00,82.63,82.68,82.44,82.54,37875.85
2026-03-30 01:40:00,82.55,82.56,82.37,82.54,12762.85
2026-03-30 01:45:00,82.55,82.83,82.54,82.71,44702.03
2026-03-30 01:50:00,82.7,82.72,82.53,82.58,14320.14
2026-03-30 01:55:00,82.58,82.74,82.57,82.66,25839.26
2026-03-30 02:00:00,82.66,82.88,82.65,82.68,37501.93
2026-03-30 02:05:00,82.67,83.02,82.55,82.66,44710.75
2026-03-30 02:10:00,82.67,82.89,82.63,82.88,14566.31
2026-03-30 02:15:00,82.88,82.99,82.74,82.77,29361.53
2026-03-30 02:20:00,82.76,82.76,82.63,82.72,20986.66
2026-03-30 02:25:00,82.72,82.76,82.59,82.68,15453.44
2026-03-30 02:30:00,82.67,82.72,82.5,82.51,12195.42
2026-03-30 02:35:00,82.51,82.55,82.41,82.49,19604.09
2026-03-30 02:40:00,82.49,83.04,82.45,83.03,37865.2
2026-03-30 02:45:00,83.04,83.93,82.96,83.76,346321.8
2026-03-30 02:50:00,83.75,83.76,83.29,83.32,64812.44
2026-03-30 02:55:00,83.32,83.38,83.23,83.29,33660.02
2026-03-30 03:00:00,83.29,83.32,83.14,83.18,27731.98
2026-03-30 03:05:00,83.18,83.26,83.09,83.22,30566.8
2026-03-30 03:10:00,83.21,83.23,82.88,83.01,43199.74
2026-03-30 03:15:00,83.01,83.18,82.89,83.16,51922.67
2026-03-30 03:20:00,83.15,83.4,83.12,83.35,38796.76
2026-03-30 03:25:00,83.35,83.44,83.29,83.33,29733.06
2026-03-30 03:30:00,83.34,83.36,83.17,83.27,22732.21
2026-03-30 03:35:00,83.27,83.28,83.11,83.15,20447.65
2026-03-30 03:40:00,83.16,83.23,83.11,83.18,11733.11
2026-03-30 03:45:00,83.19,83.25,83.11,83.23,21893.33
2026-03-30 03:50:00,83.23,83.5,83.19,83.34,32620.12
2026-03-30 03:55:00,83.34,83.34,83.2,83.24,16670.42
2026-03-30 04:00:00,83.24,83.39,83.21,83.33,15457.46
2026-03-30 04:05:00,83.33,83.6,83.32,83.51,34620.78
2026-03-30 04:10:00,83.51,83.57,83.36,83.4,23436.53
2026-03-30 04:15:00,83.4,83.56,83.34,83.46,63677.89
2026-03-30 04:20:00,83.46,83.55,83.36,83.4,14021.1
2026-03-30 04:25:00,83.4,83.77,83.39,83.55,44878.05
2026-03-30 04:30:00,83.54,83.72,83.52,83.57,31385.78
2026-03-30 04:35:00,83.56,83.59,83.44,83.59,11750.94
2026-03-30 04:40:00,83.58,83.59,83.44,83.52,17522.14
2026-03-30 04:45:00,83.52,83.61,83.51,83.59,10759.89
2026-03-30 04:50:00,83.6,83.72,83.55,83.72,19751.3
2026-03-30 04:55:00,83.72,83.84,83.59,83.73,60051.98
2026-03-30 05:00:00,83.73,84.0,83.73,83.9,117014.9
2026-03-30 05:05:00,83.91,84.15,83.83,84.05,49103.55
2026-03-30 05:10:00,84.05,84.11,83.82,84.02,62192.74
2026-03-30 05:15:00,84.02,84.1,83.75,83.82,89128.21
2026-03-30 05:20:00,83.83,83.84,83.72,83.78,18430.68
2026-03-30 05:25:00,83.79,83.89,83.74,83.82,31699.89
2026-03-30 05:30:00,83.82,83.88,83.76,83.83,27225.86
2026-03-30 05:35:00,83.84,83.86,83.66,83.69,23391.23
2026-03-30 05:40:00,83.69,83.7,83.48,83.56,40658.76
2026-03-30 05:45:00,83.55,83.66,83.42,83.64,30625.13
2026-03-30 05:50:00,83.64,83.66,83.51,83.51,20807.76
2026-03-30 05:55:00,83.52,83.75,83.43,83.57,86917.66
2026-03-30 06:00:00,83.57,83.85,83.55,83.78,30216.43
2026-03-30 06:05:00,83.78,83.78,83.69,83.71,8671.42
2026-03-30 06:10:00,83.72,83.72,83.54,83.57,22715.43
2026-03-30 06:15:00,83.56,83.61,83.38,83.52,23635.03
2026-03-30 06:20:00,83.52,83.58,83.45,83.48,18919.52
2026-03-30 06:25:00,83.49,83.62,83.43,83.53,28964.77
2026-03-30 06:30:00,83.53,83.56,83.44,83.47,21020.61
2026-03-30 06:35:00,83.47,83.49,83.35,83.42,27362.78
2026-03-30 06:40:00,83.42,83.51,83.41,83.46,16873.15
2026-03-30 06:45:00,83.45,83.54,83.41,83.48,11012.18
2026-03-30 06:50:00,83.47,83.55,83.4,83.45,6946.58
2026-03-30 06:55:00,83.45,83.5,83.38,83.42,16967.45
2026-03-30 07:00:00,83.43,83.43,83.28,83.39,27354.55
2026-03-30 07:05:00,83.4,83.62,83.4,83.6,16987.09
2026-03-30 07:10:00,83.59,83.67,83.55,83.56,14781.83
2026-03-30 07:15:00,83.56,83.62,83.5,83.52,10751.03
2026-03-30 07:20:00,83.51,83.61,83.51,83.54,6282.98
2026-03-30 07:25:00,83.54,83.6,83.51,83.53,14462.62
2026-03-30 07:30:00,83.54,83.66,83.41,83.51,13666.96
2026-03-30 07:35:00,83.51,83.62,83.47,83.53,13421.84
2026-03-30 07:40:00,83.52,83.59,83.52,83.56,8520.91
2026-03-30 07:45:00,83.56,83.99,83.54,83.98,59179.37
2026-03-30 07:50:00,83.97,84.24,83.82,83.99,110453.44
2026-03-30 07:55:00,83.99,84.06,83.9,83.97,29068.92
2026-03-30 08:00:00,83.97,84.2,83.94,84.1,73932.07
2026-03-30 08:05:00,84.1,84.39,84.04,84.19,135515.13
2026-03-30 08:10:00,84.2,84.28,84.14,84.23,28988.56
2026-03-30 08:15:00,84.24,84.38,84.14,84.29,56877.68
2026-03-30 08:20:00,84.3,84.4,84.17,84.22,47068.04
2026-03-30 08:25:00,84.23,84.27,84.15,84.22,14241.92
2026-03-30 08:30:00,84.22,84.32,84.18,84.21,18222.34
2026-03-30 08:35:00,84.21,84.88,84.18,84.64,268957.41
2026-03-30 08:40:00,84.64,84.8,84.49,84.52,53191.68
2026-03-30 08:45:00,84.52,84.62,84.34,84.44,38955.74
2026-03-30 08:50:00,84.44,84.6,84.43,84.48,53143.44
2026-03-30 08:55:00,84.48,84.53,84.41,84.47,17085.87
2026-03-30 09:00:00,84.46,84.47,84.35,84.37,22971.56
2026-03-30 09:05:00,84.38,84.44,84.33,84.33,17929.86
2026-03-30 09:10:00,84.33,84.39,84.23,84.26,26904.13
2026-03-30 09:15:00,84.25,84.42,84.21,84.32,22788.79
2026-03-30 09:20:00,84.32,84.32,84.22,84.25,24625.37
2026-03-30 09:25:00,84.25,84.3,84.16,84.21,32173.06
2026-03-30 09:30:00,84.21,84.23,84.07,84.12,44935.71
2026-03-30 09:35:00,84.12,84.23,84.1,84.19,12233.67
2026-03-30 09:40:00,84.18,84.27,84.09,84.2,35371.89
2026-03-30 09:45:00,84.2,84.25,84.15,84.17,6846.1
2026-03-30 09:50:00,84.16,84.19,84.11,84.12,12921.9
2026-03-30 09:55:00,84.12,84.17,84.07,84.1,20165.51
2026-03-30 10:00:00,84.1,84.13,84.03,84.1,27974.9
2026-03-30 10:05:00,84.1,84.14,84.07,84.09,6810.24
2026-03-30 10:10:00,84.09,84.11,83.96,84.0,22097.86
2026-03-30 10:15:00,83.99,84.13,83.99,84.11,18079.72
2026-03-30 10:20:00,84.11,84.17,83.98,84.0,16865.55
2026-03-30 10:25:00,84.0,84.04,83.98,84.0,14172.35
2026-03-30 10:30:00,84.0,84.03,83.95,83.96,12348.68
2026-03-30 10:35:00,83.96,83.98,83.55,83.69,98871.65
2026-03-30 10:40:00,83.68,83.77,83.68,83.76,22158.68
2026-03-30 10:45:00,83.75,83.81,83.64,83.78,20783.87
2026-03-30 10:50:00,83.78,83.96,83.78,83.86,32846.8
2026-03-30 10:55:00,83.86,83.94,83.84,83.88,9716.7
2026-03-30 11:00:00,83.89,83.96,83.83,83.86,17157.48
2026-03-30 11:05:00,83.86,84.01,83.86,83.9,11200.78
2026-03-30 11:10:00,83.9,84.02,83.87,83.99,6594.08
2026-03-30 11:15:00,83.99,84.05,83.93,83.99,7102.85
2026-03-30 11:20:00,83.99,84.15,83.96,84.1,13653.26
2026-03-30 11:25:00,84.09,84.64,83.83,84.06,238730.2
2026-03-30 11:30:00,84.07,84.24,84.04,84.08,30436.0
2026-03-30 11:35:00,84.08,84.26,84.06,84.11,23307.17
2026-03-30 11:40:00,84.12,84.18,84.07,84.12,11669.42
2026-03-30 11:45:00,84.12,84.3,84.04,84.23,15039.13
2026-03-30 11:50:00,84.24,84.28,84.12,84.19,11771.71
2026-03-30 11:55:00,84.19,84.22,84.13,84.2,12900.65
2026-03-30 12:00:00,84.21,84.33,84.2,84.3,19816.28
2026-03-30 12:05:00,84.3,84.45,84.22,84.26,28262.13
2026-03-30 12:10:00,84.27,84.35,84.25,84.28,18495.64
2026-03-30 12:15:00,84.28,84.31,84.17,84.25,14878.27
2026-03-30 12:20:00,84.26,84.31,84.17,84.22,12827.43
2026-03-30 12:25:00,84.22,84.22,84.08,84.16,21124.63
2026-03-30 12:30:00,84.16,84.31,84.14,84.21,21053.37
2026-03-30 12:35:00,84.22,84.36,84.16,84.2,9149.93
2026-03-30 12:40:00,84.19,84.53,84.14,84.44,69071.69
2026-03-30 12:45:00,84.44,84.58,84.37,84.42,57652.21
2026-03-30 12:50:00,84.42,84.51,84.38,84.47,8825.84
2026-03-30 12:55:00,84.47,84.55,84.43,84.45,9825.4
2026-03-30 13:00:00,84.46,84.54,84.35,84.44,22295.26
2026-03-30 13:05:00,84.44,84.66,84.31,84.63,50154.54
2026-03-30 13:10:00,84.62,84.84,84.59,84.62,85490.48
2026-03-30 13:15:00,84.62,84.65,84.52,84.59,25010.52
2026-03-30 13:20:00,84.59,84.97,84.59,84.71,89726.33
2026-03-30 13:25:00,84.71,84.71,84.51,84.51,24132.53
2026-03-30 13:30:00,84.51,84.7,84.33,84.52,34349.43
2026-03-30 13:35:00,84.51,84.58,84.38,84.41,23368.65
2026-03-30 13:40:00,84.4,84.41,84.12,84.17,91072.59
2026-03-30 13:45:00,84.16,84.32,84.07,84.08,44628.79
2026-03-30 13:50:00,84.07,84.35,84.07,84.18,27094.98
2026-03-30 13:55:00,84.18,84.19,83.86,83.95,100581.21
2026-03-30 14:00:00,83.95,84.17,83.85,84.11,81915.72
2026-03-30 14:05:00,84.1,84.42,83.99,84.42,43062.42
2026-03-30 14:10:00,84.43,84.59,84.4,84.44,47799.04
2026-03-30 14:15:00,84.43,84.5,84.12,84.21,46860.81
2026-03-30 14:20:00,84.22,84.36,84.13,84.27,55905.57
2026-03-30 14:25:00,84.27,84.31,83.9,84.04,45009.9
2026-03-30 14:30:00,84.05,84.21,84.0,84.07,22716.2
2026-03-30 14:35:00,84.07,84.11,83.61,83.9,103939.14
2026-03-30 14:40:00,83.9,83.96,83.69,83.72,25235.33
2026-03-30 14:45:00,83.72,83.95,83.65,83.77,29982.21
2026-03-30 14:50:00,83.78,84.25,83.77,84.16,36060.03
2026-03-30 14:55:00,84.17,84.59,84.09,84.35,105283.62
2026-03-30 15:00:00,84.35,84.45,84.28,84.41,29462.45
2026-03-30 15:05:00,84.4,84.56,84.05,84.1,38867.63
2026-03-30 15:10:00,84.09,84.23,84.05,84.07,16720.75
2026-03-30 15:15:00,84.07,84.1,83.84,83.98,20406.42
2026-03-30 15:20:00,83.99,84.08,83.93,84.03,16498.76
2026-03-30 15:25:00,84.03,84.18,84.02,84.07,11189.13
2026-03-30 15:30:00,84.07,84.53,84.0,84.44,56242.59
2026-03-30 15:35:00,84.45,84.7,84.42,84.61,96932.06
2026-03-30 15:40:00,84.61,84.72,84.53,84.67,36489.91
2026-03-30 15:45:00,84.66,84.69,84.42,84.47,37644.0
2026-03-30 15:50:00,84.48,84.67,84.47,84.52,32798.09
2026-03-30 15:55:00,84.52,84.6,84.41,84.45,37661.03
2026-03-30 16:00:00,84.45,84.5,84.17,84.21,52003.52
2026-03-30 16:05:00,84.21,84.3,84.11,84.24,41902.72
2026-03-30 16:10:00,84.23,84.35,84.2,84.25,19505.63
2026-03-30 16:15:00,84.25,84.26,84.04,84.11,20387.57
2026-03-30 16:20:00,84.11,84.17,84.0,84.05,25672.5
2026-03-30 16:25:00,84.05,84.09,83.95,84.05,14010.02
2026-03-30 16:30:00,84.04,84.12,83.95,84.04,13230.47
2026-03-30 16:35:00,84.05,84.18,84.03,84.12,10791.06
2026-03-30 16:40:00,84.12,84.12,83.95,84.05,15666.06
2026-03-30 16:45:00,84.05,84.18,83.97,84.05,11159.93
2026-03-30 16:50:00,84.05,84.13,83.91,83.91,10514.04
2026-03-30 16:55:00,83.92,84.18,83.84,84.16,28658.23
2026-03-30 17:00:00,84.16,84.37,83.97,84.01,21793.05
2026-03-30 17:05:00,84.01,84.14,83.95,84.02,8051.66
2026-03-30 17:10:00,84.02,84.04,83.83,83.85,26273.38
2026-03-30 17:15:00,83.86,83.86,83.59,83.84,32614.29
2026-03-30 17:20:00,83.84,83.88,83.43,83.46,57301.95
2026-03-30 17:25:00,83.47,83.48,83.03,83.35,113695.49
2026-03-30 17:30:00,83.34,83.47,83.23,83.35,42195.64
2026-03-30 17:35:00,83.35,83.48,83.27,83.42,17658.9
2026-03-30 17:40:00,83.41,83.44,83.3,83.42,13920.35
2026-03-30 17:45:00,83.42,83.49,83.22,83.27,16139.5
2026-03-30 17:50:00,83.26,83.32,83.13,83.14,20685.15
2026-03-30 17:55:00,83.14,83.23,83.09,83.21,26441.06
2026-03-30 18:00:00,83.21,83.38,83.2,83.22,12132.51
2026-03-30 18:05:00,83.23,83.29,82.91,82.93,43952.63
2026-03-30 18:10:00,82.94,83.15,82.87,83.04,24696.35
2026-03-30 18:15:00,83.03,83.06,82.93,82.99,25354.26
2026-03-30 18:20:00,82.99,83.11,82.71,82.83,41126.74
2026-03-30 18:25:00,82.82,82.87,82.64,82.79,30336.27
2026-03-30 18:30:00,82.79,82.96,82.64,82.91,37743.66
2026-03-30 18:35:00,82.91,83.02,82.79,82.82,21941.69
2026-03-30 18:40:00,82.81,82.92,82.78,82.9,9141.82
2026-03-30 18:45:00,82.9,82.96,82.55,82.59,25573.18
2026-03-30 18:50:00,82.59,82.59,82.39,82.51,41782.12
2026-03-30 18:55:00,82.51,82.65,82.43,82.64,14765.11
2026-03-30 19:00:00,82.63,82.65,82.47,82.59,21270.36
2026-03-30 19:05:00,82.59,82.6,82.33,82.55,31639.19
2026-03-30 19:10:00,82.54,82.55,82.27,82.45,37405.79
2026-03-30 19:15:00,82.45,82.51,82.34,82.39,19932.0
2026-03-30 19:20:00,82.39,82.45,82.12,82.13,22105.86
2026-03-30 19:25:00,82.13,82.29,81.91,82.16,87890.1
2026-03-30 19:30:00,82.16,82.23,82.01,82.13,94792.58
2026-03-30 19:35:00,82.13,82.26,82.07,82.18,16133.22
2026-03-30 19:40:00,82.18,82.22,82.03,82.11,57201.11
2026-03-30 19:45:00,82.11,82.29,82.03,82.22,19214.72
2026-03-30 19:50:00,82.21,82.39,82.16,82.35,28891.63
2026-03-30 19:55:00,82.36,82.45,82.27,82.32,20266.21
2026-03-30 20:00:00,82.32,82.45,82.28,82.44,22550.89
2026-03-30 20:05:00,82.44,82.77,82.44,82.63,69624.26
2026-03-30 20:10:00,82.63,82.75,82.62,82.69,20535.89
2026-03-30 20:15:00,82.68,82.75,82.6,82.74,11265.39
2026-03-30 20:20:00,82.74,82.84,82.74,82.81,7583.87
2026-03-30 20:25:00,82.81,82.86,82.71,82.79,19104.11
2026-03-30 20:30:00,82.8,82.8,82.58,82.64,19032.05
2026-03-30 20:35:00,82.64,82.72,82.53,82.71,12859.72
2026-03-30 20:40:00,82.72,82.76,82.65,82.72,7975.47
2026-03-30 20:45:00,82.72,82.75,82.64,82.7,9883.02
2026-03-30 20:50:00,82.69,82.74,82.63,82.74,2894.83
2026-03-30 20:55:00,82.74,82.78,82.71,82.74,4622.28
2026-03-30 21:00:00,82.74,82.75,82.67,82.67,3921.98
2026-03-30 21:05:00,82.67,82.91,82.64,82.9,16975.64
2026-03-30 21:10:00,82.9,83.5,82.89,83.22,94264.68
2026-03-30 21:15:00,83.22,83.39,83.19,83.32,37756.0
2026-03-30 21:20:00,83.31,83.61,83.3,83.54,48158.28
2026-03-30 21:25:00,83.54,83.54,83.24,83.3,25665.0
2026-03-30 21:30:00,83.3,83.37,83.24,83.33,13689.51
2026-03-30 21:35:00,83.33,83.43,83.24,83.39,7270.23
2026-03-30 21:40:00,83.39,83.46,83.33,83.34,15304.5
2026-03-30 21:45:00,83.35,83.38,83.24,83.3,8912.77
2026-03-30 21:50:00,83.31,83.36,83.22,83.25,12357.81
2026-03-30 21:55:00,83.24,83.26,83.08,83.08,40005.47
2026-03-30 22:00:00,83.09,83.44,83.08,83.4,29342.8
2026-03-30 22:05:00,83.41,83.43,82.84,82.88,45079.47
2026-03-30 22:10:00,82.88,82.97,82.8,82.86,36835.53
2026-03-30 22:15:00,82.86,82.92,82.78,82.83,39237.22
2026-03-30 22:20:00,82.82,82.89,82.79,82.88,8389.59
2026-03-30 22:25:00,82.89,83.0,82.81,82.87,9770.59
2026-03-30 22:30:00,82.87,82.87,82.73,82.81,8649.02
2026-03-30 22:35:00,82.81,82.9,82.75,82.85,8408.54
2026-03-30 22:40:00,82.84,82.94,82.84,82.89,3849.3
2026-03-30 22:45:00,82.9,82.92,82.6,82.67,24545.53
2026-03-30 22:50:00,82.67,82.76,82.66,82.76,6513.24
2026-03-30 22:55:00,82.76,82.85,82.75,82.76,8079.54
2026-03-30 23:00:00,82.75,82.76,82.23,82.38,62114.28
2026-03-30 23:05:00,82.38,82.45,82.15,82.16,73526.5
2026-03-30 23:10:00,82.15,82.29,82.08,82.28,42658.65
2026-03-30 23:15:00,82.28,82.4,82.25,82.34,18226.24
2026-03-30 23:20:00,82.34,82.48,82.32,82.45,14223.75
2026-03-30 23:25:00,82.45,82.5,82.38,82.5,16460.32
2026-03-30 23:30:00,82.49,82.54,82.39,82.52,11936.38
2026-03-30 23:35:00,82.52,82.56,82.41,82.42,7689.64
2026-03-30 23:40:00,82.42,82.52,82.39,82.49,10332.69
2026-03-30 23:45:00,82.49,82.5,82.37,82.44,7744.44
2026-03-30 23:50:00,82.44,82.51,82.42,82.44,3150.46
2026-03-30 23:55:00,82.44,82.51,82.4,82.51,11908.44
2026-03-31 00:00:00,82.51,82.57,82.38,82.53,22414.88
2026-03-31 00:05:00,82.53,82.53,82.33,82.4,13769.23
2026-03-31 00:10:00,82.4,82.42,82.12,82.36,26617.88
2026-03-31 00:15:00,82.36,82.39,82.18,82.29,24441.46
2026-03-31 00:20:00,82.3,82.36,82.1,82.28,18758.08
2026-03-31 00:25:00,82.28,82.41,82.24,82.37,21671.05
2026-03-31 00:30:00,82.36,82.38,82.21,82.27,16729.98
2026-03-31 00:35:00,82.28,82.54,82.23,82.47,38134.45
2026-03-31 00:40:00,82.46,82.49,82.22,82.44,22020.67
2026-03-31 00:45:00,82.45,82.91,82.44,82.81,92170.72
2026-03-31 00:50:00,82.8,82.8,82.41,82.59,35376.12
2026-03-31 00:55:00,82.6,82.68,82.53,82.68,17078.46
2026-03-31 01:00:00,82.69,82.88,82.64,82.68,22500.34
2026-03-31 01:05:00,82.68,82.76,82.55,82.68,16217.07
2026-03-31 01:10:00,82.68,83.01,82.68,82.97,19976.93
2026-03-31 01:15:00,82.97,83.22,82.94,83.16,29238.46
2026-03-31 01:20:00,83.15,83.73,83.08,83.7,73822.62
2026-03-31 01:25:00,83.69,83.82,83.49,83.7,63897.05
2026-03-31 01:30:00,83.69,84.59,83.59,84.44,183248.82
2026-03-31 01:35:00,84.43,84.51,83.96,84.06,116021.66
2026-03-31 01:40:00,84.05,84.08,83.64,83.78,82323.73
2026-03-31 01:45:00,83.77,83.85,83.52,83.73,55533.0
2026-03-31 01:50:00,83.73,83.87,83.65,83.81,32982.53
2026-03-31 01:55:00,83.81,83.96,83.81,83.82,38873.45
2026-03-31 02:00:00,83.81,83.86,83.56,83.69,22167.12
2026-03-31 02:05:00,83.68,83.88,83.65,83.67,23077.95
2026-03-31 02:10:00,83.67,83.74,83.64,83.71,15067.88
2026-03-31 02:15:00,83.71,84.02,83.7,83.91,42988.59
2026-03-31 02:20:00,83.91,83.98,83.79,83.97,19155.65
2026-03-31 02:25:00,83.97,83.97,83.81,83.91,12646.13
2026-03-31 02:30:00,83.92,83.95,83.67,83.79,15789.83
2026-03-31 02:35:00,83.8,83.88,83.76,83.8,11708.79
2026-03-31 02:40:00,83.8,83.92,83.76,83.87,7077.36
2026-03-31 02:45:00,83.88,83.92,83.76,83.84,33006.79
2026-03-31 02:50:00,83.85,84.05,83.85,83.89,23000.37
2026-03-31 02:55:00,83.89,83.9,83.77,83.78,5490.24
2026-03-31 03:00:00,83.78,83.78,83.51,83.68,23920.07
2026-03-31 03:05:00,83.69,83.88,83.62,83.78,9986.06
2026-03-31 03:10:00,83.79,83.82,83.64,83.68,6221.54
2026-03-31 03:15:00,83.69,83.72,83.53,83.53,18384.8
2026-03-31 03:20:00,83.53,83.59,83.37,83.49,19544.43
2026-03-31 03:25:00,83.49,83.59,83.47,83.5,9797.58
2026-03-31 03:30:00,83.5,83.58,83.4,83.54,18074.17
2026-03-31 03:35:00,83.54,83.54,83.23,83.32,27643.05
2026-03-31 03:40:00,83.31,83.42,83.29,83.39,11683.17
2026-03-31 03:45:00,83.4,83.44,83.31,83.35,13004.31
2026-03-31 03:50:00,83.35,83.59,83.35,83.53,14370.3
2026-03-31 03:55:00,83.54,83.57,83.47,83.56,9448.03
2026-03-31 04:00:00,83.57,83.69,83.43,83.54,29412.48
2026-03-31 04:05:00,83.54,83.7,83.51,83.56,20101.79
2026-03-31 04:10:00,83.55,83.59,83.41,83.56,21809.81
2026-03-31 04:15:00,83.55,83.7,83.53,83.67,12925.69
2026-03-31 04:20:00,83.67,83.87,83.6,83.6,49012.87
2026-03-31 04:25:00,83.6,83.62,83.25,83.32,28692.76
2026-03-31 04:30:00,83.31,83.45,83.24,83.38,16002.52
2026-03-31 04:35:00,83.38,83.4,83.27,83.36,14956.63
2026-03-31 04:40:00,83.37,83.39,83.3,83.36,9855.83
2026-03-31 04:45:00,83.36,83.45,83.36,83.39,10063.15
2026-03-31 04:50:00,83.38,83.52,83.35,83.39,18785.17
2026-03-31 04:55:00,83.39,83.41,83.26,83.3,10768.93
2026-03-31 05:00:00,83.29,83.3,83.04,83.23,31619.32
2026-03-31 05:05:00,83.23,83.3,83.07,83.09,19927.18
2026-03-31 05:10:00,83.1,83.11,82.83,82.91,59720.21
2026-03-31 05:15:00,82.91,83.06,82.86,82.98,19293.26
2026-03-31 05:20:00,82.98,83.18,82.97,83.17,23721.02
2026-03-31 05:25:00,83.16,83.26,83.14,83.14,30429.62
2026-03-31 05:30:00,83.14,83.34,83.09,83.29,63986.56
2026-03-31 05:35:00,83.29,83.35,83.25,83.33,9985.98
2026-03-31 05:40:00,83.33,83.38,83.27,83.38,7026.49
2026-03-31 05:45:00,83.37,83.61,83.36,83.57,39507.42
2026-03-31 05:50:00,83.57,83.65,83.55,83.65,22364.12
2026-03-31 05:55:00,83.64,83.72,83.54,83.71,18275.59
2026-03-31 06:00:00,83.71,83.78,83.43,83.78,40754.93
2026-03-31 06:05:00,83.77,83.77,83.37,83.39,78188.62
2026-03-31 06:10:00,83.39,83.4,83.26,83.32,21074.78
2026-03-31 06:15:00,83.32,83.37,83.18,83.23,29453.0
2026-03-31 06:20:00,83.24,83.34,83.18,83.19,16877.47
2026-03-31 06:25:00,83.2,83.24,83.04,83.11,14265.36
2026-03-31 06:30:00,83.11,83.14,83.01,83.07,20649.59
2026-03-31 06:35:00,83.08,83.15,83.0,83.08,13514.96
2026-03-31 06:40:00,83.09,83.29,83.02,83.19,64483.88
2026-03-31 06:45:00,83.19,83.26,83.17,83.2,12722.3
2026-03-31 06:50:00,83.2,83.4,83.19,83.38,9953.73
2026-03-31 06:55:00,83.38,83.48,83.3,83.37,29726.81
2026-03-31 07:00:00,83.37,83.38,83.25,83.32,12328.42
2026-03-31 07:05:00,83.32,83.32,83.16,83.17,20053.49
2026-03-31 07:10:00,83.17,83.24,82.95,83.01,23333.78
2026-03-31 07:15:00,83.01,83.05,82.63,82.7,71617.09
2026-03-31 07:20:00,82.69,82.89,82.67,82.7,36863.65
2026-03-31 07:25:00,82.71,82.94,82.65,82.82,34940.91
2026-03-31 07:30:00,82.82,82.97,82.78,82.93,16913.18
2026-03-31 07:35:00,82.94,83.06,82.77,82.96,52899.1
2026-03-31 07:40:00,82.97,83.0,82.89,82.92,7061.14
2026-03-31 07:45:00,82.92,83.1,82.92,83.01,11574.24
2026-03-31 07:50:00,83.01,83.12,82.97,83.07,9996.74
2026-03-31 07:55:00,83.07,83.11,83.01,83.05,11370.33
2026-03-31 08:00:00,83.05,83.12,82.82,83.11,22606.32
2026-03-31 08:05:00,83.11,83.19,83.02,83.16,19283.15
2026-03-31 08:10:00,83.17,83.17,82.94,82.96,7585.29
2026-03-31 08:15:00,82.97,83.12,82.91,83.09,6717.9
2026-03-31 08:20:00,83.09,83.3,83.09,83.15,14555.5
2026-03-31 08:25:00,83.15,83.18,83.05,83.11,5334.78
2026-03-31 08:30:00,83.1,83.11,82.74,82.78,32299.64
2026-03-31 08:35:00,82.77,82.89,82.69,82.7,11942.2
2026-03-31 08:40:00,82.71,82.74,82.35,82.41,96443.46
2026-03-31 08:45:00,82.41,82.54,82.18,82.47,86438.05
2026-03-31 08:50:00,82.47,82.5,82.26,82.31,52254.97
2026-03-31 08:55:00,82.31,82.38,82.2,82.2,42727.99
2026-03-31 09:00:00,82.2,82.34,82.15,82.34,31343.61
2026-03-31 09:05:00,82.34,82.41,82.17,82.22,39562.1
2026-03-31 09:10:00,82.22,82.22,81.97,82.1,56985.52
2026-03-31 09:15:00,82.11,82.13,81.83,81.87,65454.92
2026-03-31 09:20:00,81.86,81.95,81.71,81.92,51959.04
2026-03-31 09:25:00,81.92,81.95,81.52,81.76,75463.37
2026-03-31 09:30:00,81.76,81.83,81.68,81.74,25945.7
2026-03-31 09:35:00,81.73,81.83,81.67,81.8,20414.19
2026-03-31 09:40:00,81.81,81.86,81.72,81.8,22096.22
2026-03-31 09:45:00,81.8,81.89,81.69,81.74,44321.89
2026-03-31 09:50:00,81.73,81.74,80.62,81.02,301246.99
2026-03-31 09:55:00,81.01,81.06,79.86,80.49,367932.1
2026-03-31 10:00:00,80.49,80.68,80.37,80.52,114704.91
2026-03-31 10:05:00,80.52,80.75,80.41,80.74,69667.45
2026-03-31 10:10:00,80.74,80.79,80.62,80.66,41727.97
2026-03-31 10:15:00,80.66,80.88,80.5,80.51,77064.56
2026-03-31 10:20:00,80.51,80.84,80.41,80.76,64373.54
2026-03-31 10:25:00,80.76,80.78,80.64,80.71,23822.43
2026-03-31 10:30:00,80.71,80.8,80.64,80.71,20553.97
2026-03-31 10:35:00,80.72,80.73,80.5,80.55,43774.32
2026-03-31 10:40:00,80.55,80.61,80.38,80.45,37599.3
2026-03-31 10:45:00,80.45,80.54,80.29,80.49,49243.1
2026-03-31 10:50:00,80.49,80.74,80.49,80.7,23595.62
2026-03-31 10:55:00,80.69,80.7,80.39,80.41,43834.16
2026-03-31 11:00:00,80.42,80.6,80.34,80.6,46126.8
2026-03-31 11:05:00,80.6,80.6,80.22,80.27,41338.82
2026-03-31 11:10:00,80.27,80.79,80.26,80.65,129838.74
2026-03-31 11:15:00,80.65,80.93,80.57,80.66,86683.83
2026-03-31 11:20:00,80.67,80.75,80.44,80.52,77079.96
2026-03-31 11:25:00,80.52,80.62,80.44,80.6,36392.23
2026-03-31 11:30:00,80.6,80.72,80.57,80.68,35772.12
2026-03-31 11:35:00,80.69,80.82,80.64,80.74,47547.13
2026-03-31 11:40:00,80.74,80.81,80.41,80.79,126738.62
2026-03-31 11:45:00,80.79,80.83,80.56,80.62,53923.8
2026-03-31 11:50:00,80.62,80.67,80.5,80.59,24340.15
2026-03-31 11:55:00,80.59,80.82,80.58,80.8,25732.68
2026-03-31 12:00:00,80.8,80.98,80.8,80.94,50446.23
2026-03-31 12:05:00,80.94,80.98,80.8,80.8,47768.92
2026-03-31 12:10:00,80.81,80.81,80.35,80.4,67537.47
2026-03-31 12:15:00,80.41,80.78,80.38,80.68,54039.41
2026-03-31 12:20:00,80.67,80.68,80.52,80.59,22881.48
2026-03-31 12:25:00,80.58,80.87,80.56,80.81,57973.43
2026-03-31 12:30:00,80.81,80.93,80.7,80.85,36267.64
2026-03-31 12:35:00,80.85,81.04,80.82,80.96,59601.31
2026-03-31 12:40:00,80.96,81.02,80.85,81.01,37277.1
2026-03-31 12:45:00,81.0,81.04,80.63,80.69,37276.48
2026-03-31 12:50:00,80.69,80.75,80.58,80.69,24062.41
2026-03-31 12:55:00,80.7,80.81,80.66,80.73,32262.11
2026-03-31 13:00:00,80.74,80.85,80.71,80.82,29860.05
2026-03-31 13:05:00,80.83,81.0,80.76,80.99,18983.74
2026-03-31 13:10:00,80.99,81.15,80.8,80.85,51859.44
2026-03-31 13:15:00,80.86,80.99,80.77,80.87,65589.3
2026-03-31 13:20:00,80.87,80.97,80.8,80.96,23682.94
2026-03-31 13:25:00,80.95,80.99,80.9,80.96,19996.85
2026-03-31 13:30:00,80.96,81.29,80.84,81.17,97165.71
2026-03-31 13:35:00,81.17,81.37,81.03,81.27,89961.88
2026-03-31 13:40:00,81.27,81.56,81.21,81.24,188078.96
2026-03-31 13:45:00,81.24,81.75,81.24,81.71,117323.75
2026-03-31 13:50:00,81.71,82.0,81.55,81.86,109911.15
2026-03-31 13:55:00,81.86,81.97,81.62,81.8,48306.56
2026-03-31 14:00:00,81.79,82.23,81.69,81.73,184092.15
2026-03-31 14:05:00,81.73,81.73,81.53,81.57,46605.15
2026-03-31 14:10:00,81.56,81.98,81.56,81.94,34999.56
2026-03-31 14:15:00,81.93,82.54,81.91,82.35,118551.7
2026-03-31 14:20:00,82.35,82.35,82.15,82.16,71362.16
2026-03-31 14:25:00,82.16,82.28,82.0,82.26,39121.99
2026-03-31 14:30:00,82.25,82.31,81.89,81.91,88389.47
2026-03-31 14:35:00,81.9,81.95,81.61,81.67,55941.67
2026-03-31 14:40:00,81.68,81.74,81.34,81.55,96690.39
2026-03-31 14:45:00,81.55,81.55,80.88,80.98,143788.46
2026-03-31 14:50:00,80.98,81.04,80.34,80.59,212208.84
2026-03-31 14:55:00,80.59,80.7,80.37,80.58,106129.87
2026-03-31 15:00:00,80.57,80.94,80.57,80.84,72413.14
2026-03-31 15:05:00,80.83,81.26,80.82,80.98,69657.03
2026-03-31 15:10:00,80.98,81.61,80.97,81.51,122584.83
2026-03-31 15:15:00,81.51,81.59,81.28,81.39,42614.67
2026-03-31 15:20:00,81.39,81.64,81.32,81.5,25690.97
2026-03-31 15:25:00,81.5,81.58,80.96,81.03,53925.1
2026-03-31 15:30:00,81.02,81.24,80.9,81.12,62567.33
2026-03-31 15:35:00,81.12,81.26,80.97,81.09,53008.26
2026-03-31 15:40:00,81.08,81.13,80.93,81.01,23534.38
2026-03-31 15:45:00,81.01,81.14,80.93,81.05,26311.51
2026-03-31 15:50:00,81.05,81.32,81.01,81.13,26849.59
2026-03-31 15:55:00,81.13,81.16,80.76,80.83,38447.74
2026-03-31 16:00:00,80.82,81.14,80.82,80.98,33582.92
2026-03-31 16:05:00,80.99,81.2,80.95,81.11,28501.84
2026-03-31 16:10:00,81.11,81.12,80.81,81.1,23606.01
2026-03-31 16:15:00,81.1,81.29,81.06,81.16,15955.3
2026-03-31 16:20:00,81.15,81.34,81.08,81.34,34025.14
2026-03-31 16:25:00,81.34,81.37,81.19,81.2,20055.84
2026-03-31 16:30:00,81.2,81.24,81.06,81.06,10706.34
2026-03-31 16:35:00,81.05,81.94,81.0,81.93,74792.87
2026-03-31 16:40:00,81.93,82.87,81.89,82.34,376896.93
2026-03-31 16:45:00,82.34,82.48,81.91,82.4,137433.49
2026-03-31 16:50:00,82.39,82.48,82.04,82.28,74969.06
2026-03-31 16:55:00,82.28,82.34,82.11,82.34,30109.01
2026-03-31 17:00:00,82.34,82.6,82.31,82.46,36444.7
2026-03-31 17:05:00,82.46,82.47,82.19,82.26,61164.15
2026-03-31 17:10:00,82.26,83.17,82.23,83.14,118814.71
2026-03-31 17:15:00,83.14,83.44,82.86,83.17,159492.53
2026-03-31 17:20:00,83.17,83.39,83.01,83.24,64829.04
2026-03-31 17:25:00,83.24,83.34,82.87,82.96,80156.65
2026-03-31 17:30:00,82.95,83.12,82.84,83.01,36884.16
2026-03-31 17:35:00,83.01,83.06,82.45,82.57,72806.61
2026-03-31 17:40:00,82.57,82.59,82.24,82.43,60365.88
2026-03-31 17:45:00,82.43,82.56,82.23,82.41,32902.38
2026-03-31 17:50:00,82.41,82.45,82.21,82.33,57947.34
2026-03-31 17:55:00,82.33,82.36,82.14,82.35,52786.59
2026-03-31 18:00:00,82.34,82.5,82.34,82.47,23724.39
2026-03-31 18:05:00,82.47,82.79,82.46,82.75,39855.9
2026-03-31 18:10:00,82.74,82.83,82.69,82.78,18996.64
2026-03-31 18:15:00,82.78,83.06,82.61,82.65,31240.62
2026-03-31 18:20:00,82.65,82.69,82.59,82.65,10415.03
2026-03-31 18:25:00,82.65,82.8,82.46,82.74,14645.33
2026-03-31 18:30:00,82.75,82.79,82.57,82.69,18690.64
2026-03-31 18:35:00,82.69,82.85,82.63,82.76,31763.93
2026-03-31 18:40:00,82.76,82.82,82.57,82.77,46029.75
2026-03-31 18:45:00,82.77,82.98,82.75,82.79,35799.81
2026-03-31 18:50:00,82.79,82.84,82.67,82.75,8355.47
2026-03-31 18:55:00,82.74,82.88,82.74,82.85,6684.18
2026-03-31 19:00:00,82.84,82.94,82.82,82.84,13240.9
2026-03-31 19:05:00,82.84,82.89,82.65,82.68,8490.51
2026-03-31 19:10:00,82.68,82.87,82.68,82.73,13000.05
2026-03-31 19:15:00,82.73,82.83,82.64,82.7,9249.95
2026-03-31 19:20:00,82.7,82.72,82.61,82.65,10828.28
2026-03-31 19:25:00,82.65,82.67,82.49,82.53,31873.44
2026-03-31 19:30:00,82.54,82.68,82.41,82.6,44053.92
2026-03-31 19:35:00,82.59,82.76,82.52,82.52,25909.58
2026-03-31 19:40:00,82.51,82.62,82.43,82.62,9626.4
2026-03-31 19:45:00,82.61,82.74,82.58,82.7,15791.16
2026-03-31 19:50:00,82.71,82.77,82.56,82.64,14711.32
2026-03-31 19:55:00,82.64,82.89,82.55,82.66,52951.73
2026-03-31 20:00:00,82.66,82.74,82.57,82.67,14279.67
2026-03-31 20:05:00,82.67,82.98,82.65,82.95,51847.3
2026-03-31 20:10:00,82.94,83.36,82.91,83.2,70314.76
2026-03-31 20:15:00,83.2,83.25,83.06,83.11,20867.17
2026-03-31 20:20:00,83.11,83.15,82.91,83.0,19096.15
2026-03-31 20:25:00,83.0,83.01,82.9,82.97,8154.23
2026-03-31 20:30:00,82.96,83.01,82.77,82.83,18409.97
2026-03-31 20:35:00,82.83,83.04,82.83,82.93,14149.67
2026-03-31 20:40:00,82.92,82.97,82.86,82.91,11723.61
2026-03-31 20:45:00,82.91,83.15,82.83,83.07,16524.79
2026-03-31 20:50:00,83.07,83.11,82.99,83.09,10755.36
2026-03-31 20:55:00,83.09,83.17,83.03,83.14,10499.9
2026-03-31 21:00:00,83.13,83.15,82.74,82.8,25377.87
2026-03-31 21:05:00,82.8,82.91,82.65,82.67,22807.28
2026-03-31 21:10:00,82.67,82.77,82.65,82.68,17617.74
2026-03-31 21:15:00,82.67,82.73,82.58,82.72,17419.54
2026-03-31 21:20:00,82.72,82.77,82.61,82.77,8223.46
2026-03-31 21:25:00,82.77,82.87,82.75,82.85,11225.85
2026-03-31 21:30:00,82.84,82.97,82.82,82.9,6096.73
2026-03-31 21:35:00,82.9,82.9,82.79,82.81,14077.13
2026-03-31 21:40:00,82.81,82.88,82.76,82.79,4983.46
2026-03-31 21:45:00,82.79,82.91,82.73,82.87,8144.52
2026-03-31 21:50:00,82.87,83.11,82.83,83.07,33118.53
2026-03-31 21:55:00,83.07,83.12,82.76,82.82,17582.07
2026-03-31 22:00:00,82.81,82.86,82.62,82.75,30328.48
2026-03-31 22:05:00,82.75,82.79,82.44,82.53,44259.56
2026-03-31 22:10:00,82.53,82.69,82.52,82.69,7283.72
2026-03-31 22:15:00,82.68,82.85,82.65,82.77,17449.77
2026-03-31 22:20:00,82.77,82.86,82.65,82.69,11013.54
2026-03-31 22:25:00,82.69,82.69,82.57,82.6,6301.93
2026-03-31 22:30:00,82.6,82.6,82.28,82.43,28071.75
2026-03-31 22:35:00,82.43,82.53,82.41,82.5,14282.05
2026-03-31 22:40:00,82.49,82.82,82.49,82.72,16041.88
2026-03-31 22:45:00,82.71,82.74,82.62,82.71,8280.76
2026-03-31 22:50:00,82.7,82.78,82.65,82.72,9319.55
2026-03-31 22:55:00,82.72,82.76,82.68,82.72,8537.79
2026-03-31 23:00:00,82.73,82.75,82.62,82.68,11502.11
2026-03-31 23:05:00,82.68,82.89,82.66,82.76,20730.5
2026-03-31 23:10:00,82.76,82.81,82.66,82.73,15588.21
2026-03-31 23:15:00,82.73,83.02,82.66,82.99,21244.46
2026-03-31 23:20:00,82.99,83.07,82.86,82.94,15973.69
2026-03-31 23:25:00,82.93,82.99,82.86,82.94,5678.57
2026-03-31 23:30:00,82.94,83.03,82.91,82.97,13996.24
2026-03-31 23:35:00,82.97,83.23,82.94,83.15,22822.72
2026-03-31 23:40:00,83.15,83.16,83.07,83.07,10308.84
2026-03-31 23:45:00,83.07,83.1,82.95,83.07,23430.61
2026-03-31 23:50:00,83.08,83.21,83.07,83.09,20671.28
2026-03-31 23:55:00,83.1,83.2,83.07,83.15,18505.18
2026-04-01 00:00:00,83.15,83.21,82.94,83.14,31989.96
2026-04-01 00:05:00,83.15,83.19,83.04,83.09,12149.54
2026-04-01 00:10:00,83.08,83.1,82.97,83.06,13602.33
2026-04-01 00:15:00,83.06,83.34,83.03,83.12,21035.46
2026-04-01 00:20:00,83.12,83.19,82.89,82.98,11988.42
2026-04-01 00:25:00,82.98,83.01,82.89,83.0,24871.1
2026-04-01 00:30:00,83.01,83.06,82.81,82.85,13736.69
2026-04-01 00:35:00,82.85,82.94,82.85,82.94,7542.75
2026-04-01 00:40:00,82.94,83.05,82.92,83.05,7021.82
2026-04-01 00:45:00,83.05,83.19,82.99,83.18,11779.91
2026-04-01 00:50:00,83.19,83.57,83.19,83.39,59940.38
2026-04-01 00:55:00,83.39,83.43,83.27,83.37,21642.84
2026-04-01 01:00:00,83.38,83.43,83.23,83.37,41636.03
2026-04-01 01:05:00,83.36,83.38,83.1,83.21,26244.05
2026-04-01 01:10:00,83.21,83.28,83.15,83.22,14805.09
2026-04-01 01:15:00,83.22,83.22,82.95,82.98,33736.65
2026-04-01 01:20:00,82.98,83.03,82.92,82.97,15506.98
2026-04-01 01:25:00,82.97,82.98,82.87,82.89,22427.73
2026-04-01 01:30:00,82.89,83.09,82.83,82.91,26960.51
2026-04-01 01:35:00,82.9,83.08,82.77,82.88,33890.53
2026-04-01 01:40:00,82.88,82.97,82.79,82.97,15414.34
2026-04-01 01:45:00,82.97,82.98,82.76,82.77,23213.29
2026-04-01 01:50:00,82.78,82.95,82.76,82.84,17702.18
2026-04-01 01:55:00,82.84,82.9,82.66,82.69,28756.73
2026-04-01 02:00:00,82.7,82.85,82.7,82.82,12800.7
2026-04-01 02:05:00,82.82,82.86,82.67,82.8,12645.63
2026-04-01 02:10:00,82.8,82.83,82.62,82.81,19224.57
2026-04-01 02:15:00,82.8,82.86,82.7,82.78,23308.49
2026-04-01 02:20:00,82.77,82.83,82.72,82.78,19280.57
2026-04-01 02:25:00,82.78,82.78,82.43,82.54,38930.4
2026-04-01 02:30:00,82.54,82.66,82.45,82.45,18793.24
2026-04-01 02:35:00,82.44,82.69,82.44,82.6,16446.75
2026-04-01 02:40:00,82.6,82.71,82.6,82.63,13679.94
2026-04-01 02:45:00,82.63,82.76,82.61,82.64,13536.28
2026-04-01 02:50:00,82.64,82.7,82.6,82.66,6715.83
2026-04-01 02:55:00,82.65,82.68,82.55,82.6,9495.19
2026-04-01 03:00:00,82.59,82.86,82.59,82.83,15705.19
2026-04-01 03:05:00,82.83,83.45,82.82,83.36,54410.87
2026-04-01 03:10:00,83.35,83.35,83.16,83.17,35080.96
2026-04-01 03:15:00,83.17,83.29,83.15,83.19,21291.14
2026-04-01 03:20:00,83.19,83.21,83.08,83.11,19731.04
2026-04-01 03:25:00,83.11,83.11,83.0,83.06,16663.83
2026-04-01 03:30:00,83.05,83.2,83.04,83.05,20858.78
2026-04-01 03:35:00,83.04,83.09,82.99,83.06,16201.95
2026-04-01 03:40:00,83.07,83.23,83.02,83.19,15426.07
2026-04-01 03:45:00,83.19,83.45,83.19,83.32,45802.8
2026-04-01 03:50:00,83.32,83.32,83.25,83.27,22300.67
2026-04-01 03:55:00,83.26,83.44,83.23,83.38,57731.11
2026-04-01 04:00:00,83.38,83.53,83.37,83.39,54971.92
2026-04-01 04:05:00,83.38,83.5,83.31,83.35,16284.34
2026-04-01 04:10:00,83.35,83.35,83.19,83.26,25212.15
2026-04-01 04:15:00,83.25,83.35,83.23,83.32,17038.45
2026-04-01 04:20:00,83.32,83.54,83.3,83.41,33330.39
2026-04-01 04:25:00,83.41,83.44,83.35,83.41,16612.58
2026-04-01 04:30:00,83.41,83.48,83.35,83.48,13979.48
2026-04-01 04:35:00,83.48,83.63,83.44,83.51,61678.75
2026-04-01 04:40:00,83.5,83.64,83.47,83.51,23690.94
2026-04-01 04:45:00,83.51,83.67,83.47,83.58,16190.99
2026-04-01 04:50:00,83.57,83.8,83.57,83.64,50215.75
2026-04-01 04:55:00,83.63,83.7,83.54,83.7,22663.64
2026-04-01 05:00:00,83.7,83.71,83.3,83.33,73546.19
2026-04-01 05:05:00,83.33,83.42,83.32,83.39,28729.99
2026-04-01 05:10:00,83.4,83.64,83.34,83.58,19199.44
2026-04-01 05:15:00,83.59,83.86,83.52,83.68,51667.75
2026-04-01 05:20:00,83.67,83.87,83.65,83.81,31782.6
2026-04-01 05:25:00,83.81,84.28,83.8,83.97,165661.67
2026-04-01 05:30:00,83.97,84.11,83.88,84.03,39962.63
2026-04-01 05:35:00,84.04,84.06,83.83,83.94,22834.82
2026-04-01 05:40:00,83.94,84.04,83.86,83.95,31774.69
2026-04-01 05:45:00,83.96,84.17,83.95,84.14,26196.75
2026-04-01 05:50:00,84.15,84.25,84.05,84.13,96690.0
2026-04-01 05:55:00,84.13,84.14,83.99,84.08,30713.87
2026-04-01 06:00:00,84.07,84.18,83.99,84.02,20091.33
2026-04-01 06:05:00,84.02,84.42,83.99,84.2,51682.26
2026-04-01 06:10:00,84.2,84.36,84.17,84.29,40897.48
2026-04-01 06:15:00,84.28,84.32,84.13,84.32,53895.32
2026-04-01 06:20:00,84.32,84.34,84.18,84.27,20369.22
2026-04-01 06:25:00,84.27,84.45,84.26,84.39,55676.01
2026-04-01 06:30:00,84.39,84.49,84.26,84.41,38823.64
2026-04-01 06:35:00,84.4,84.61,84.36,84.39,76925.99
2026-04-01 06:40:00,84.4,84.67,84.37,84.64,32953.55
2026-04-01 06:45:00,84.64,84.68,84.32,84.33,51583.68
2026-04-01 06:50:00,84.33,84.42,84.28,84.39,21686.66
2026-04-01 06:55:00,84.39,84.52,84.35,84.4,22743.22
2026-04-01 07:00:00,84.4,84.59,84.4,84.46,33234.8
2026-04-01 07:05:00,84.47,84.6,84.46,84.56,28746.49
2026-04-01 07:10:00,84.56,84.7,84.43,84.61,70923.08
2026-04-01 07:15:00,84.61,84.62,84.25,84.25,43724.89
2026-04-01 07:20:00,84.24,84.25,83.88,84.19,146184.7
2026-04-01 07:25:00,84.19,84.4,84.15,84.16,55718.48
2026-04-01 07:30:00,84.17,84.24,84.05,84.1,25215.23
2026-04-01 07:35:00,84.09,84.18,84.07,84.08,12479.68
2026-04-01 07:40:00,84.08,84.15,84.0,84.07,18660.55
2026-04-01 07:45:00,84.07,84.11,83.79,83.87,48268.14
2026-04-01 07:50:00,83.87,83.93,83.79,83.83,42083.29
2026-04-01 07:55:00,83.83,83.88,83.76,83.79,23092.54
2026-04-01 08:00:00,83.78,84.02,83.76,83.89,44582.26
2026-04-01 08:05:00,83.89,83.91,83.56,83.57,58616.5
2026-04-01 08:10:00,83.57,83.64,83.33,83.55,85436.78
2026-04-01 08:15:00,83.56,83.68,83.49,83.56,70054.83
2026-04-01 08:20:00,83.57,83.72,83.57,83.69,16063.29
2026-04-01 08:25:00,83.69,83.76,83.66,83.68,18911.29
2026-04-01 08:30:00,83.67,83.74,83.6,83.66,23246.54
2026-04-01 08:35:00,83.65,83.89,83.65,83.81,34663.99
2026-04-01 08:40:00,83.81,83.86,83.66,83.75,17579.59
2026-04-01 08:45:00,83.74,83.79,83.68,83.75,16382.1
2026-04-01 08:50:00,83.76,83.9,83.48,83.53,52947.68
2026-04-01 08:55:00,83.52,83.69,83.42,83.57,57049.94
2026-04-01 09:00:00,83.58,83.69,83.51,83.64,13379.4
2026-04-01 09:05:00,83.64,83.72,83.34,83.36,26480.46
2026-04-01 09:10:00,83.36,83.45,83.32,83.43,32666.12
2026-04-01 09:15:00,83.43,83.48,83.26,83.33,40861.72
2026-04-01 09:20:00,83.32,83.38,83.25,83.3,35776.5
2026-04-01 09:25:00,83.3,83.45,83.27,83.45,17867.26
2026-04-01 09:30:00,83.45,83.55,83.41,83.46,17363.93
2026-04-01 09:35:00,83.46,83.54,83.23,83.25,22393.37
2026-04-01 09:40:00,83.24,83.25,83.09,83.13,53535.43
2026-04-01 09:45:00,83.13,83.31,83.12,83.31,19360.08
2026-04-01 09:50:00,83.31,83.43,83.31,83.41,22462.16
2026-04-01 09:55:00,83.4,83.43,83.31,83.32,11421.24
2026-04-01 10:00:00,83.33,83.42,83.26,83.28,14439.36
2026-04-01 10:05:00,83.27,83.34,83.26,83.26,6834.88
2026-04-01 10:10:00,83.26,83.37,83.19,83.19,8547.95
2026-04-01 10:15:00,83.2,83.28,83.17,83.2,20001.57
2026-04-01 10:20:00,83.2,83.41,83.2,83.31,26846.04
2026-04-01 10:25:00,83.31,83.31,83.16,83.18,17112.63
2026-04-01 10:30:00,83.17,83.27,83.07,83.08,15621.94
2026-04-01 10:35:00,83.08,83.19,83.0,83.15,28972.64
2026-04-01 10:40:00,83.14,83.28,83.14,83.24,11478.11
2026-04-01 10:45:00,83.24,83.39,83.23,83.39,14072.83
2026-04-01 10:50:00,83.4,83.47,83.36,83.38,25981.02
2026-04-01 10:55:00,83.38,83.38,83.18,83.31,12392.77
2026-04-01 11:00:00,83.31,83.44,83.28,83.37,12005.85
2026-04-01 11:05:00,83.37,83.37,83.28,83.3,8555.27
2026-04-01 11:10:00,83.29,83.54,83.28,83.44,17232.02
2026-04-01 11:15:00,83.44,83.44,83.32,83.36,13879.6
2026-04-01 11:20:00,83.36,83.37,83.13,83.22,14042.93
2026-04-01 11:25:00,83.22,83.32,83.16,83.17,12249.7
2026-04-01 11:30:00,83.16,83.26,83.14,83.16,14410.31
2026-04-01 11:35:00,83.16,83.25,83.15,83.22,11033.57
2026-04-01 11:40:00,83.22,83.25,83.12,83.22,9060.21
2026-04-01 11:45:00,83.22,83.3,83.2,83.29,7160.19
2026-04-01 11:50:00,83.29,83.41,83.27,83.34,10887.32
2026-04-01 11:55:00,83.35,83.37,83.29,83.31,6384.47
2026-04-01 12:00:00,83.32,83.32,83.08,83.19,18058.79
2026-04-01 12:05:00,83.19,83.34,83.18,83.27,10664.45
2026-04-01 12:10:00,83.27,83.45,83.27,83.37,17032.16
2026-04-01 12:15:00,83.37,83.44,83.31,83.43,14316.17
2026-04-01 12:20:00,83.43,83.44,83.29,83.36,7801.05
2026-04-01 12:25:00,83.36,83.49,83.3,83.38,28001.01
2026-04-01 12:30:00,83.38,83.52,83.2,83.2,27693.61
2026-04-01 12:35:00,83.2,83.25,82.76,82.78,109669.63
2026-04-01 12:40:00,82.77,83.55,82.73,83.49,172806.46
2026-04-01 12:45:00,83.5,83.68,83.0,83.02,198719.67
2026-04-01 12:50:00,83.02,83.16,82.85,82.96,47621.72
2026-04-01 12:55:00,82.96,83.07,82.91,82.97,15406.87
2026-04-01 13:00:00,82.98,83.02,82.65,82.84,48750.8
2026-04-01 13:05:00,82.84,82.91,82.65,82.85,39531.11
2026-04-01 13:10:00,82.86,83.2,82.84,83.17,43707.33
2026-04-01 13:15:00,83.17,83.32,83.17,83.29,29122.84
2026-04-01 13:20:00,83.3,83.33,83.18,83.25,17005.15
2026-04-01 13:25:00,83.26,83.39,83.22,83.27,12680.72
2026-04-01 13:30:00,83.26,83.32,83.0,83.16,28551.34
2026-04-01 13:35:00,83.15,83.34,83.03,83.16,29824.19
2026-04-01 13:40:00,83.16,83.16,82.34,82.72,176276.85
2026-04-01 13:45:00,82.71,82.77,82.43,82.51,72090.7
2026-04-01 13:50:00,82.52,82.84,82.44,82.63,50580.75
2026-04-01 13:55:00,82.63,82.79,82.57,82.63,43268.19
2026-04-01 14:00:00,82.62,82.81,82.56,82.65,29370.02
2026-04-01 14:05:00,82.65,82.73,82.46,82.71,43837.38
2026-04-01 14:10:00,82.72,82.86,82.64,82.86,24285.06
2026-04-01 14:15:00,82.86,83.06,82.85,83.01,44978.7
2026-04-01 14:20:00,83.0,83.24,82.91,83.0,45482.66
2026-04-01 14:25:00,83.0,83.2,82.94,83.16,16725.45
2026-04-01 14:30:00,83.16,83.34,82.85,82.88,34695.28
2026-04-01 14:35:00,82.89,83.31,82.8,83.11,54250.71
2026-04-01 14:40:00,83.11,83.15,82.95,83.02,35064.07
2026-04-01 14:45:00,83.02,83.35,82.93,83.33,32264.19
2026-04-01 14:50:00,83.33,83.52,83.25,83.4,48125.78
2026-04-01 14:55:00,83.4,83.41,83.2,83.33,46909.63
2026-04-01 15:00:00,83.33,83.42,83.24,83.31,23141.02
2026-04-01 15:05:00,83.31,83.44,83.24,83.3,15879.35
2026-04-01 15:10:00,83.29,83.29,83.08,83.16,30168.15
2026-04-01 15:15:00,83.17,83.29,83.04,83.23,42854.94
2026-04-01 15:20:00,83.23,83.65,83.14,83.65,63275.69
2026-04-01 15:25:00,83.65,83.84,83.44,83.52,66361.37
2026-04-01 15:30:00,83.52,83.66,83.4,83.47,26857.36
2026-04-01 15:35:00,83.47,83.68,83.41,83.44,19655.77
2026-04-01 15:40:00,83.43,83.57,83.35,83.54,16028.43
2026-04-01 15:45:00,83.54,83.63,83.51,83.53,21464.44
2026-04-01 15:50:00,83.53,83.69,83.51,83.55,18899.58
2026-04-01 15:55:00,83.55,83.67,83.52,83.57,29057.97
2026-04-01 16:00:00,83.56,83.61,83.38,83.39,17157.06
2026-04-01 16:05:00,83.39,83.44,83.18,83.34,40552.59
2026-04-01 16:10:00,83.33,83.39,83.0,83.16,64296.35
2026-04-01 16:15:00,83.16,83.79,83.1,83.65,83220.91
2026-04-01 16:20:00,83.66,84.12,83.64,83.87,100891.33
2026-04-01 16:25:00,83.87,84.45,83.83,84.31,147668.58
2026-04-01 16:30:00,84.31,84.6,84.27,84.42,93450.44
2026-04-01 16:35:00,84.43,85.27,84.39,84.95,262679.06
2026-04-01 16:40:00,84.95,85.26,84.83,85.17,112495.83
2026-04-01 16:45:00,85.18,85.2,85.01,85.18,69026.03
2026-04-01 16:50:00,85.19,85.26,85.04,85.09,58046.69
2026-04-01 16:55:00,85.09,85.22,84.84,85.2,106242.32
2026-04-01 17:00:00,85.19,86.58,85.19,86.48,642410.41
2026-04-01 17:05:00,86.48,86.5,85.9,85.91,145346.09
2026-04-01 17:10:00,85.9,86.07,85.56,85.67,80179.97
2026-04-01 17:15:00,85.67,86.08,85.67,85.91,64714.64
2026-04-01 17:20:00,85.91,85.92,85.1,85.23,161853.35
2026-04-01 17:25:00,85.24,85.25,84.45,84.68,326414.36
2026-04-01 17:30:00,84.68,84.72,84.44,84.58,102841.72
2026-04-01 17:35:00,84.57,85.03,84.15,84.9,117128.2
2026-04-01 17:40:00,84.9,84.98,84.82,84.91,36672.36
2026-04-01 17:45:00,84.91,85.03,84.71,84.75,47563.3
2026-04-01 17:50:00,84.74,84.78,84.3,84.5,93086.48
2026-04-01 17:55:00,84.5,84.54,84.33,84.39,29966.93
2026-04-01 18:00:00,84.38,84.44,83.92,84.17,99417.06
2026-04-01 18:05:00,84.17,84.17,83.87,83.9,85275.39
2026-04-01 18:10:00,83.9,84.23,83.88,84.02,47043.95
2026-04-01 18:15:00,84.03,84.1,83.74,83.86,44870.78
2026-04-01 18:20:00,83.87,83.99,83.71,83.79,46168.58
2026-04-01 18:25:00,83.8,83.97,83.79,83.89,20843.47
2026-04-01 18:30:00,83.89,84.12,83.76,84.11,28826.98
2026-04-01 18:35:00,84.1,84.29,83.94,84.17,41373.91
2026-04-01 18:40:00,84.17,84.36,84.03,84.07,52142.74
2026-04-01 18:45:00,84.07,84.07,83.66,83.74,66911.48
2026-04-01 18:50:00,83.73,83.83,83.64,83.67,38296.95
2026-04-01 18:55:00,83.67,83.7,83.51,83.6,41326.21
2026-04-01 19:00:00,83.61,83.82,83.6,83.81,21863.48
2026-04-01 19:05:00,83.81,84.03,83.78,83.95,32754.94
2026-04-01 19:10:00,83.95,84.06,83.88,83.95,15210.45
2026-04-01 19:15:00,83.94,84.03,83.91,83.99,17081.44
2026-04-01 19:20:00,83.99,84.0,83.82,83.88,11280.83
2026-04-01 19:25:00,83.88,84.25,83.88,84.23,15249.85
2026-04-01 19:30:00,84.24,84.39,84.09,84.24,50254.32
2026-04-01 19:35:00,84.23,84.31,84.19,84.23,17972.51
2026-04-01 19:40:00,84.23,84.26,83.88,83.88,14434.97
2026-04-01 19:45:00,83.88,84.03,83.85,83.96,11327.16
2026-04-01 19:50:00,83.97,83.98,83.63,83.71,30257.95
2026-04-01 19:55:00,83.71,83.95,83.67,83.8,35717.65
2026-04-01 20:00:00,83.81,83.85,83.14,83.26,106129.44
2026-04-01 20:05:00,83.26,83.4,83.05,83.06,122979.84
2026-04-01 20:10:00,83.07,83.21,82.97,82.97,41316.25
2026-04-01 20:15:00,82.98,83.08,82.87,82.95,40374.23
2026-04-01 20:20:00,82.95,82.98,82.83,82.87,22772.96
2026-04-01 20:25:00,82.86,82.88,82.58,82.61,54841.75
2026-04-01 20:30:00,82.61,82.63,82.42,82.61,71296.18
2026-04-01 20:35:00,82.61,82.67,82.48,82.49,38668.56
2026-04-01 20:40:00,82.5,82.55,82.26,82.52,89586.66
2026-04-01 20:45:00,82.51,82.66,82.4,82.65,41754.41
2026-04-01 20:50:00,82.65,82.77,82.62,82.68,30678.01
2026-04-01 20:55:00,82.69,82.69,82.5,82.54,25805.15
2026-04-01 21:00:00,82.54,82.68,82.42,82.61,38903.96
2026-04-01 21:05:00,82.62,82.8,82.58,82.72,41868.72
2026-04-01 21:10:00,82.71,82.72,82.46,82.64,44187.08
2026-04-01 21:15:00,82.63,82.78,82.57,82.66,40746.28
2026-04-01 21:20:00,82.67,82.72,82.55,82.61,37065.48
2026-04-01 21:25:00,82.61,83.13,82.57,82.79,78964.32
2026-04-01 21:30:00,82.8,82.83,82.5,82.57,47184.86
2026-04-01 21:35:00,82.58,82.58,82.0,82.24,111003.55
2026-04-01 21:40:00,82.23,82.23,81.9,82.17,39568.06
2026-04-01 21:45:00,82.17,82.18,81.97,82.0,19812.68
2026-04-01 21:50:00,81.99,82.0,81.27,81.65,133690.15
2026-04-01 21:55:00,81.66,81.95,81.65,81.8,44019.93
2026-04-01 22:00:00,81.8,81.9,81.56,81.57,51871.2
2026-04-01 22:05:00,81.57,81.7,81.33,81.45,89607.39
2026-04-01 22:10:00,81.46,81.55,81.19,81.34,88956.75
2026-04-01 22:15:00,81.34,81.34,80.76,80.83,157777.41
2026-04-01 22:20:00,80.83,81.38,80.74,81.28,170419.07
2026-04-01 22:25:00,81.28,81.46,80.87,80.92,124875.03
2026-04-01 22:30:00,80.91,81.1,80.71,81.08,75095.44
2026-04-01 22:35:00,81.08,81.09,80.84,80.94,54616.88
2026-04-01 22:40:00,80.94,81.14,80.88,80.91,79627.77
2026-04-01 22:45:00,80.9,81.07,80.81,81.07,54163.85
2026-04-01 22:50:00,81.06,81.09,80.95,80.98,34409.15
2026-04-01 22:55:00,80.98,81.15,80.96,81.11,29495.81
2026-04-01 23:00:00,81.12,81.28,81.07,81.27,60433.0
2026-04-01 23:05:00,81.26,81.36,81.16,81.34,33827.43
2026-04-01 23:10:00,81.33,81.41,81.26,81.35,29299.5
2026-04-01 23:15:00,81.36,81.36,81.08,81.18,39461.39
2026-04-01 23:20:00,81.17,81.32,81.1,81.25,19548.91
2026-04-01 23:25:00,81.25,81.33,81.24,81.26,15284.97
2026-04-01 23:30:00,81.26,81.27,80.95,81.21,42225.38
2026-04-01 23:35:00,81.2,81.35,81.17,81.32,28487.37
2026-04-01 23:40:00,81.32,81.34,81.21,81.29,13826.81
2026-04-01 23:45:00,81.29,81.31,81.1,81.3,24935.4
2026-04-01 23:50:00,81.3,81.3,81.08,81.22,29942.37
2026-04-01 23:55:00,81.22,81.24,81.08,81.14,27707.74
2026-04-02 00:00:00,81.13,81.17,81.0,81.11,66900.91
2026-04-02 00:05:00,81.11,81.2,81.04,81.08,24223.48
2026-04-02 00:10:00,81.08,81.18,81.0,81.15,21754.31
2026-04-02 00:15:00,81.15,81.19,80.87,81.04,58096.05
2026-04-02 00:20:00,81.04,81.15,80.92,81.11,37598.27
2026-04-02 00:25:00,81.11,81.2,81.04,81.06,20665.78
2026-04-02 00:30:00,81.06,81.25,81.04,81.2,24726.29
2026-04-02 00:35:00,81.21,81.41,81.14,81.39,45479.87
2026-04-02 00:40:00,81.38,81.59,81.3,81.58,81948.63
2026-04-02 00:45:00,81.58,81.69,81.37,81.49,41325.36
2026-04-02 00:50:00,81.49,81.7,81.47,81.67,47892.68
2026-04-02 00:55:00,81.67,81.74,81.52,81.57,58489.79
2026-04-02 01:00:00,81.57,81.59,80.86,80.93,140056.15
2026-04-02 01:05:00,80.92,81.32,80.08,81.1,413554.46
2026-04-02 01:10:00,81.11,81.53,80.81,80.83,112514.79
2026-04-02 01:15:00,80.83,80.83,79.58,79.91,418249.92
2026-04-02 01:20:00,79.92,80.35,79.58,79.98,182867.13
2026-04-02 01:25:00,79.98,80.01,79.31,79.79,153735.06
2026-04-02 01:30:00,79.8,79.8,79.1,79.55,170307.76
2026-04-02 01:35:00,79.56,79.74,79.17,79.35,105809.82
2026-04-02 01:40:00,79.36,79.38,79.06,79.12,102626.88
2026-04-02 01:45:00,79.12,79.28,78.91,79.12,124290.26
2026-04-02 01:50:00,79.12,79.38,79.03,79.29,67383.18
2026-04-02 01:55:00,79.3,79.47,79.22,79.28,47285.7
2026-04-02 02:00:00,79.27,79.27,78.82,78.89,106689.97
2026-04-02 02:05:00,78.89,79.29,78.82,78.97,75532.11
2026-04-02 02:10:00,78.98,79.1,78.58,78.63,156685.08
2026-04-02 02:15:00,78.64,78.93,78.58,78.82,73653.11
2026-04-02 02:20:00,78.82,78.82,78.36,78.58,131524.54
2026-04-02 02:25:00,78.58,78.73,78.46,78.58,47011.62
2026-04-02 02:30:00,78.58,78.88,78.57,78.81,61811.89
2026-04-02 02:35:00,78.8,78.84,78.6,78.69,40559.95
2026-04-02 02:40:00,78.68,78.87,78.21,78.35,131228.66
2026-04-02 02:45:00,78.35,78.63,78.28,78.36,100271.92
2026-04-02 02:50:00,78.37,78.65,78.36,78.59,58943.99
2026-04-02 02:55:00,78.59,78.88,78.59,78.8,34084.77
2026-04-02 03:00:00,78.8,78.86,78.75,78.78,30685.65
2026-04-02 03:05:00,78.78,78.92,78.76,78.88,37637.31
2026-04-02 03:10:00,78.87,78.88,78.64,78.78,36072.91
2026-04-02 03:15:00,78.78,78.88,78.71,78.77,37803.0
2026-04-02 03:20:00,78.77,79.1,78.63,79.07,55354.02
2026-04-02 03:25:00,79.08,79.24,79.02,79.19,69249.68
2026-04-02 03:30:00,79.19,79.25,79.01,79.13,38373.35
2026-04-02 03:35:00,79.14,79.35,79.07,79.16,67046.54
2026-04-02 03:40:00,79.17,79.22,78.65,78.89,101052.4
2026-04-02 03:45:00,78.88,78.94,78.75,78.92,37530.94
2026-04-02 03:50:00,78.93,79.03,78.86,78.86,36262.82
2026-04-02 03:55:00,78.86,78.97,78.78,78.96,22001.05
2026-04-02 04:00:00,78.95,79.08,78.91,79.02,37868.37
2026-04-02 04:05:00,79.01,79.14,78.97,78.99,20378.34
2026-04-02 04:10:00,78.99,79.05,78.82,78.84,45658.8
2026-04-02 04:15:00,78.84,78.99,78.83,78.85,48594.24
2026-04-02 04:20:00,78.84,79.0,78.68,78.84,107980.42
2026-04-02 04:25:00,78.84,78.93,78.77,78.93,14991.17
2026-04-02 04:30:00,78.92,79.04,78.85,78.96,20415.11
2026-04-02 04:35:00,78.96,78.99,78.8,78.83,24362.07
2026-04-02 04:40:00,78.83,78.98,78.81,78.95,30716.67
2026-04-02 04:45:00,78.94,79.04,78.91,79.03,42086.12
2026-04-02 04:50:00,79.03,79.08,78.98,79.06,28307.69
2026-04-02 04:55:00,79.07,79.12,78.74,78.78,115133.49
2026-04-02 05:00:00,78.77,79.03,78.77,79.0,26272.57
2026-04-02 05:05:00,79.0,79.03,78.66,78.76,56368.42
2026-04-02 05:10:00,78.76,78.84,78.65,78.79,24897.88
2026-04-02 05:15:00,78.79,78.96,78.73,78.76,17064.35
2026-04-02 05:20:00,78.75,78.77,78.55,78.72,35489.94
2026-04-02 05:25:00,78.72,78.73,78.57,78.65,47634.8
2026-04-02 05:30:00,78.66,78.77,78.61,78.71,34592.21
2026-04-02 05:35:00,78.71,79.01,78.71,78.96,42443.52
2026-04-02 05:40:00,78.97,79.1,78.9,79.07,57698.73
2026-04-02 05:45:00,79.06,79.1,79.01,79.05,32199.8
2026-04-02 05:50:00,79.05,79.13,79.01,79.06,17732.22
2026-04-02 05:55:00,79.06,79.4,79.06,79.21,82245.15
2026-04-02 06:00:00,79.2,79.22,79.1,79.1,21005.44
2026-04-02 06:05:00,79.1,79.17,79.0,79.0,19346.0
2026-04-02 06:10:00,79.0,79.07,78.98,79.03,7781.76
2026-04-02 06:15:00,79.03,79.37,79.01,79.31,25093.05
2026-04-02 06:20:00,79.3,79.38,79.28,79.36,26851.36
2026-04-02 06:25:00,79.35,79.39,79.27,79.29,21240.12
2026-04-02 06:30:00,79.28,79.28,79.14,79.22,19729.44
2026-04-02 06:35:00,79.22,79.24,78.89,79.0,37078.06
2026-04-02 06:40:00,78.99,79.03,78.9,78.95,22366.35
2026-04-02 06:45:00,78.95,79.08,78.94,79.05,12498.38
2026-04-02 06:50:00,79.05,79.1,79.02,79.04,11700.5
2026-04-02 06:55:00,79.04,79.1,79.0,79.07,8462.48
2026-04-02 07:00:00,79.08,79.11,78.98,79.09,12252.5
2026-04-02 07:05:00,79.1,79.12,79.04,79.06,12825.85
2026-04-02 07:10:00,79.06,79.06,78.95,79.02,13284.88
2026-04-02 07:15:00,79.02,79.33,79.02,79.27,19827.33
2026-04-02 07:20:00,79.27,79.28,79.1,79.26,25811.23
2026-04-02 07:25:00,79.26,79.31,79.23,79.27,25641.33
2026-04-02 07:30:00,79.27,79.5,79.26,79.45,26547.4
2026-04-02 07:35:00,79.45,79.55,79.4,79.43,38121.83
2026-04-02 07:40:00,79.43,79.48,79.4,79.42,14244.15
2026-04-02 07:45:00,79.42,79.51,79.42,79.5,18270.82
2026-04-02 07:50:00,79.5,79.58,79.45,79.49,37318.73
2026-04-02 07:55:00,79.5,79.62,79.5,79.58,24998.09
2026-04-02 08:00:00,79.58,79.58,79.36,79.47,36379.25
2026-04-02 08:05:00,79.47,79.51,79.38,79.41,18653.84
2026-04-02 08:10:00,79.41,79.46,79.34,79.41,24179.03
2026-04-02 08:15:00,79.42,79.44,79.35,79.39,8222.21
2026-04-02 08:20:00,79.39,79.4,79.24,79.26,20898.61
2026-04-02 08:25:00,79.26,79.33,79.18,79.24,33607.59
2026-04-02 08:30:00,79.25,79.32,79.09,79.21,25581.31
2026-04-02 08:35:00,79.2,79.21,79.02,79.07,19318.55
2026-04-02 08:40:00,79.07,79.13,79.0,79.07,22992.95
2026-04-02 08:45:00,79.07,79.13,79.04,79.05,14462.65
2026-04-02 08:50:00,79.06,79.1,79.0,79.06,14956.94
2026-04-02 08:55:00,79.07,79.12,79.05,79.07,11890.39
2026-04-02 09:00:00,79.07,79.15,78.92,79.08,40052.44
2026-04-02 09:05:00,79.09,79.14,78.86,78.9,46524.38
2026-04-02 09:10:00,78.91,79.19,78.91,79.16,24743.03
2026-04-02 09:15:00,79.16,79.16,78.97,78.99,10932.07
2026-04-02 09:20:00,78.99,79.09,78.98,79.03,13078.64
2026-04-02 09:25:00,79.04,79.31,79.03,79.26,26217.05
2026-04-02 09:30:00,79.26,79.29,79.16,79.23,14626.81
2026-04-02 09:35:00,79.23,79.28,79.18,79.22,8346.62
2026-04-02 09:40:00,79.22,79.27,79.08,79.19,10395.83
2026-04-02 09:45:00,79.19,79.23,79.11,79.14,4680.22
2026-04-02 09:50:00,79.15,79.18,79.11,79.13,5402.18
2026-04-02 09:55:00,79.13,79.23,79.12,79.22,6366.77
2026-04-02 10:00:00,79.21,79.27,79.15,79.18,7412.04
2026-04-02 10:05:00,79.18,79.2,79.01,79.07,15110.75
2026-04-02 10:10:00,79.08,79.09,78.83,78.84,59855.08
2026-04-02 10:15:00,78.84,78.96,78.74,78.91,51614.24
2026-04-02 10:20:00,78.91,78.97,78.9,78.97,8635.68
2026-04-02 10:25:00,78.97,78.99,78.86,78.87,14449.68
2026-04-02 10:30:00,78.88,79.03,78.87,79.0,23555.27
2026-04-02 10:35:00,79.0,79.05,78.8,78.84,29678.1
2026-04-02 10:40:00,78.85,79.0,78.85,78.89,15692.27
2026-04-02 10:45:00,78.9,78.91,78.77,78.78,23576.32
2026-04-02 10:50:00,78.78,78.87,78.74,78.85,9985.78
2026-04-02 10:55:00,78.85,78.87,78.78,78.84,19550.11
2026-04-02 11:00:00,78.84,78.94,78.8,78.92,25415.24
2026-04-02 11:05:00,78.92,78.93,78.76,78.77,15170.31
2026-04-02 11:10:00,78.77,78.83,78.54,78.6,52596.83
2026-04-02 11:15:00,78.6,78.74,78.22,78.74,148068.84
2026-04-02 11:20:00,78.73,78.83,78.69,78.76,21120.24
2026-04-02 11:25:00,78.77,78.82,78.71,78.72,12440.71
2026-04-02 11:30:00,78.73,78.77,78.6,78.62,12477.33
2026-04-02 11:35:00,78.62,78.66,78.47,78.54,28477.99
2026-04-02 11:40:00,78.54,78.55,78.48,78.52,17301.34
2026-04-02 11:45:00,78.52,78.55,78.39,78.45,20450.04
2026-04-02 11:50:00,78.45,78.55,78.35,78.4,25943.07
2026-04-02 11:55:00,78.41,78.42,78.1,78.28,100102.46
2026-04-02 12:00:00,78.28,78.39,78.18,78.26,42884.94
2026-04-02 12:05:00,78.27,78.37,78.08,78.26,46390.16
2026-04-02 12:10:00,78.26,78.33,78.12,78.2,42794.73
2026-04-02 12:15:00,78.2,78.24,78.01,78.04,56733.78
2026-04-02 12:20:00,78.04,78.5,78.03,78.49,75571.38
2026-04-02 12:25:00,78.5,78.56,78.26,78.27,35887.76
2026-04-02 12:30:00,78.27,78.32,78.16,78.23,26349.47
2026-04-02 12:35:00,78.24,78.26,78.1,78.16,18891.92
2026-04-02 12:40:00,78.16,78.23,78.12,78.21,13362.57
2026-04-02 12:45:00,78.21,78.25,77.84,78.0,107461.1
2026-04-02 12:50:00,77.99,78.14,77.88,77.93,31036.59
2026-04-02 12:55:00,77.93,77.97,77.85,77.93,40578.2
2026-04-02 13:00:00,77.94,78.07,77.78,78.05,60718.88
2026-04-02 13:05:00,78.05,78.22,77.84,77.86,28777.24
2026-04-02 13:10:00,77.87,77.9,77.54,77.55,129651.55
2026-04-02 13:15:00,77.56,77.62,77.25,77.37,170739.47
2026-04-02 13:20:00,77.38,77.49,77.34,77.44,63894.68
2026-04-02 13:25:00,77.43,77.65,77.4,77.42,59348.53
2026-04-02 13:30:00,77.41,77.6,77.06,77.1,173703.6
2026-04-02 13:35:00,77.09,77.1,76.63,76.86,297375.25
2026-04-02 13:40:00,76.86,77.02,76.8,76.92,56162.76
2026-04-02 13:45:00,76.91,77.35,76.86,77.27,74121.94
2026-04-02 13:50:00,77.27,77.55,77.23,77.48,73348.69
2026-04-02 13:55:00,77.48,77.85,77.46,77.7,91967.88
2026-04-02 14:00:00,77.7,77.74,77.46,77.63,63632.93
2026-04-02 14:05:00,77.64,78.12,77.55,77.88,105493.01
2026-04-02 14:10:00,77.88,78.11,77.8,78.01,112763.74
2026-04-02 14:15:00,78.02,78.14,77.79,78.02,91422.52
2026-04-02 14:20:00,78.01,78.4,77.9,78.34,101090.22
2026-04-02 14:25:00,78.33,78.41,78.05,78.34,138518.33
2026-04-02 14:30:00,78.34,79.08,78.34,78.98,244868.77
2026-04-02 14:35:00,78.97,79.66,78.89,79.26,391873.69
2026-04-02 14:40:00,79.26,79.48,78.93,79.46,177301.04
2026-04-02 14:45:00,79.46,79.47,78.77,78.9,145075.26
2026-04-02 14:50:00,78.9,79.09,78.77,79.09,49910.46
2026-04-02 14:55:00,79.08,79.44,79.02,79.03,140611.29
2026-04-02 15:00:00,79.02,79.21,78.78,79.13,97692.75
2026-04-02 15:05:00,79.13,79.13,78.87,78.93,26109.29
2026-04-02 15:10:00,78.93,79.08,78.9,78.97,57099.93
2026-04-02 15:15:00,78.96,78.97,78.66,78.7,66975.21
2026-04-02 15:20:00,78.7,78.71,78.3,78.65,128322.27
2026-04-02 15:25:00,78.65,78.71,78.56,78.65,37753.09
2026-04-02 15:30:00,78.66,78.69,78.51,78.62,35613.18
2026-04-02 15:35:00,78.62,79.08,78.52,78.99,68641.71
2026-04-02 15:40:00,78.98,79.17,78.76,79.15,31819.05
2026-04-02 15:45:00,79.14,79.17,78.93,78.96,33742.51
2026-04-02 15:50:00,78.95,79.03,78.82,79.0,14335.34
2026-04-02 15:55:00,79.0,79.02,78.85,79.0,14773.84
2026-04-02 16:00:00,79.0,79.07,78.89,78.92,33912.97
2026-04-02 16:05:00,78.92,79.08,78.89,79.02,17098.69
2026-04-02 16:10:00,79.03,79.11,78.91,78.97,31528.37
2026-04-02 16:15:00,78.97,78.98,78.78,78.81,22287.24
2026-04-02 16:20:00,78.8,78.94,78.66,78.83,26718.05
2026-04-02 16:25:00,78.83,79.07,78.77,79.0,23275.73
2026-04-02 16:30:00,79.0,79.36,78.97,79.31,60322.02
2026-04-02 16:35:00,79.31,79.59,79.22,79.55,97544.87
2026-04-02 16:40:00,79.56,79.86,79.4,79.58,201596.91
2026-04-02 16:45:00,79.58,79.69,79.43,79.5,54483.41
2026-04-02 16:50:00,79.5,79.62,79.47,79.61,26244.61
2026-04-02 16:55:00,79.61,79.61,79.38,79.4,24253.76
2026-04-02 17:00:00,79.39,79.4,78.88,78.97,88831.93
2026-04-02 17:05:00,78.98,79.23,78.92,79.2,47523.97
2026-04-02 17:10:00,79.2,79.38,79.1,79.31,22989.97
2026-04-02 17:15:00,79.32,79.64,79.31,79.5,50942.71
2026-04-02 17:20:00,79.5,79.6,79.42,79.56,25591.57
2026-04-02 17:25:00,79.56,79.59,79.48,79.48,29989.98
2026-04-02 17:30:00,79.48,79.54,79.23,79.24,43707.09
2026-04-02 17:35:00,79.23,79.25,78.97,79.05,49164.7
2026-04-02 17:40:00,79.06,79.13,78.93,79.01,31850.77
2026-04-02 17:45:00,79.01,79.08,78.79,78.81,28160.37
2026-04-02 17:50:00,78.81,78.91,78.68,78.76,64487.86
2026-04-02 17:55:00,78.76,78.82,78.51,78.54,55606.73
2026-04-02 18:00:00,78.55,78.7,78.55,78.62,23922.58
2026-04-02 18:05:00,78.63,78.71,78.39,78.43,37206.1
2026-04-02 18:10:00,78.44,78.89,78.43,78.76,75501.08
2026-04-02 18:15:00,78.76,78.87,78.67,78.81,26102.73
2026-04-02 18:20:00,78.81,78.93,78.74,78.74,36303.37
2026-04-02 18:25:00,78.74,78.74,78.53,78.54,25325.22
2026-04-02 18:30:00,78.55,78.68,78.54,78.54,14896.41
2026-04-02 18:35:00,78.54,78.66,78.53,78.55,19959.17
2026-04-02 18:40:00,78.55,78.73,78.52,78.71,15074.9
2026-04-02 18:45:00,78.71,78.95,78.71,78.88,21858.13
2026-04-02 18:50:00,78.89,79.24,78.85,79.09,46261.35
2026-04-02 18:55:00,79.08,79.1,79.01,79.08,17692.18
2026-04-02 19:00:00,79.09,79.18,78.98,79.0,22653.24
2026-04-02 19:05:00,79.01,79.08,79.0,79.03,6859.14
2026-04-02 19:10:00,79.04,79.2,79.04,79.09,10719.04
2026-04-02 19:15:00,79.09,79.12,78.98,79.04,11875.01
2026-04-02 19:20:00,79.04,79.05,78.83,78.99,22723.75
2026-04-02 19:25:00,78.99,79.07,78.94,78.98,20132.27
2026-04-02 19:30:00,78.98,79.0,78.64,78.74,36447.61
2026-04-02 19:35:00,78.75,78.81,78.69,78.8,7924.68
2026-04-02 19:40:00,78.81,78.94,78.79,78.85,10659.44
2026-04-02 19:45:00,78.85,78.96,78.8,78.92,4695.71
2026-04-02 19:50:00,78.93,79.1,78.93,79.07,22459.38
2026-04-02 19:55:00,79.07,79.13,78.82,78.95,39396.55
2026-04-02 20:00:00,78.95,78.96,78.73,78.82,16602.14
2026-04-02 20:05:00,78.82,79.11,78.81,79.01,39567.3
2026-04-02 20:10:00,79.01,79.07,78.94,78.95,10942.14
2026-04-02 20:15:00,78.95,79.31,78.93,79.28,45121.15
2026-04-02 20:20:00,79.27,79.29,79.0,79.01,13773.0
2026-04-02 20:25:00,79.01,79.24,78.96,79.21,14501.67
2026-04-02 20:30:00,79.21,79.25,79.08,79.12,7444.7
2026-04-02 20:35:00,79.12,79.33,79.12,79.29,12966.24
2026-04-02 20:40:00,79.29,79.29,79.12,79.17,8218.89
2026-04-02 20:45:00,79.18,79.18,79.08,79.14,13692.03
2026-04-02 20:50:00,79.14,79.18,79.09,79.18,12314.56
2026-04-02 20:55:00,79.17,79.19,79.11,79.11,5231.27
2026-04-02 21:00:00,79.12,79.19,79.0,79.02,8699.78
2026-04-02 21:05:00,79.01,79.09,79.0,79.0,12697.86
2026-04-02 21:10:00,79.0,79.01,78.58,78.8,48885.67
2026-04-02 21:15:00,78.8,78.95,78.76,78.93,7628.44
2026-04-02 21:20:00,78.92,79.01,78.78,78.8,8683.76
2026-04-02 21:25:00,78.8,78.96,78.8,78.91,2691.03
2026-04-02 21:30:00,78.91,78.96,78.87,78.87,4735.22
2026-04-02 21:35:00,78.87,78.89,78.75,78.8,11811.35
2026-04-02 21:40:00,78.79,78.81,78.65,78.72,11079.52
2026-04-02 21:45:00,78.72,78.81,78.72,78.76,5474.64
2026-04-02 21:50:00,78.77,78.9,78.77,78.85,7782.42
2026-04-02 21:55:00,78.85,78.93,78.83,78.92,7479.6
2026-04-02 22:00:00,78.92,79.08,78.84,79.05,20351.43
2026-04-02 22:05:00,79.05,79.08,78.95,79.0,10426.33
2026-04-02 22:10:00,79.0,79.05,78.93,78.95,12241.26
2026-04-02 22:15:00,78.95,79.05,78.95,78.99,8692.98
2026-04-02 22:20:00,78.99,79.01,78.8,78.82,10631.05
2026-04-02 22:25:00,78.82,78.85,78.68,78.83,17080.53
2026-04-02 22:30:00,78.84,79.01,78.84,78.95,5907.83
2026-04-02 22:35:00,78.95,79.03,78.91,79.02,7394.69
2026-04-02 22:40:00,79.03,79.07,78.99,79.02,8873.73
2026-04-02 22:45:00,79.02,79.03,78.92,78.99,4793.15
2026-04-02 22:50:00,78.99,79.04,78.97,78.98,5811.14
2026-04-02 22:55:00,78.98,79.03,78.91,78.94,6185.08
2026-04-02 23:00:00,78.93,78.94,78.82,78.89,23981.98
2026-04-02 23:05:00,78.89,78.97,78.79,78.86,31131.99
2026-04-02 23:10:00,78.86,78.87,78.73,78.82,7378.79
2026-04-02 23:15:00,78.82,78.95,78.79,78.9,18985.53
2026-04-02 23:20:00,78.9,79.1,78.9,79.01,25053.74
2026-04-02 23:25:00,79.01,79.01,78.87,78.88,14233.98
2026-04-02 23:30:00,78.88,78.93,78.81,78.93,10247.48
2026-04-02 23:35:00,78.93,78.93,78.81,78.86,6696.95
2026-04-02 23:40:00,78.87,78.93,78.83,78.83,3681.73
2026-04-02 23:45:00,78.83,78.89,78.73,78.86,32424.82
2026-04-02 23:50:00,78.85,78.93,78.82,78.9,55808.96
2026-04-02 23:55:00,78.91,78.95,78.86,78.89,8208.16
2026-04-03 00:00:00,78.9,78.98,78.9,78.94,7156.57
2026-04-03 00:05:00,78.95,78.98,78.83,78.9,15057.49
2026-04-03 00:10:00,78.91,78.98,78.86,78.97,15199.63
2026-04-03 00:15:00,78.98,79.06,78.91,79.06,6926.33
2026-04-03 00:20:00,79.05,79.33,79.05,79.27,55056.5
2026-04-03 00:25:00,79.27,79.28,79.07,79.16,25672.86
2026-04-03 00:30:00,79.15,79.17,79.09,79.14,10882.66
2026-04-03 00:35:00,79.14,79.29,79.14,79.15,12351.05
2026-04-03 00:40:00,79.15,79.24,78.94,79.19,76157.39
2026-04-03 00:45:00,79.19,79.22,79.1,79.17,23797.23
2026-04-03 00:50:00,79.18,79.23,79.06,79.09,11739.47
2026-04-03 00:55:00,79.09,79.17,79.06,79.15,38688.69
2026-04-03 01:00:00,79.16,79.27,79.13,79.27,13938.57
2026-04-03 01:05:00,79.27,79.4,79.16,79.28,27854.64
2026-04-03 01:10:00,79.27,79.33,79.18,79.32,10740.77
2026-04-03 01:15:00,79.31,79.35,79.23,79.3,12683.2
2026-04-03 01:20:00,79.29,79.51,79.26,79.44,28010.57
2026-04-03 01:25:00,79.45,79.69,79.44,79.64,51755.54
2026-04-03 01:30:00,79.64,79.75,79.41,79.43,46360.83
2026-04-03 01:35:00,79.42,79.42,78.98,79.04,59256.32
2026-04-03 01:40:00,79.04,79.2,79.03,79.14,44535.36
2026-04-03 01:45:00,79.14,79.17,78.93,79.11,33661.19
2026-04-03 01:50:00,79.11,79.14,79.01,79.1,26558.57
2026-04-03 01:55:00,79.1,79.16,79.07,79.14,15129.32
2026-04-03 02:00:00,79.13,79.14,78.98,79.03,21619.14
2026-04-03 02:05:00,79.03,79.07,78.92,78.93,17468.73
2026-04-03 02:10:00,78.94,79.11,78.82,79.08,47465.5
2026-04-03 02:15:00,79.08,79.55,79.06,79.54,76231.0
2026-04-03 02:20:00,79.55,79.55,79.25,79.33,24230.42
2026-04-03 02:25:00,79.33,79.36,79.03,79.07,20512.83
2026-04-03 02:30:00,79.07,79.1,78.81,79.09,44421.0
2026-04-03 02:35:00,79.09,79.15,78.89,78.89,26282.88
2026-04-03 02:40:00,78.88,79.05,78.85,78.96,20720.74
2026-04-03 02:45:00,78.96,79.08,78.92,79.05,31501.04
2026-04-03 02:50:00,79.05,79.42,79.03,79.27,67184.37
2026-04-03 02:55:00,79.27,79.35,79.2,79.3,22443.61
2026-04-03 03:00:00,79.29,79.4,79.11,79.15,77180.8
2026-04-03 03:05:00,79.15,79.33,79.11,79.18,37262.58
2026-04-03 03:10:00,79.17,79.27,79.11,79.27,11908.96
2026-04-03 03:15:00,79.27,79.3,79.16,79.21,16699.64
2026-04-03 03:20:00,79.2,79.35,79.17,79.32,19493.9
2026-04-03 03:25:00,79.32,79.39,79.1,79.16,13708.13
2026-04-03 03:30:00,79.15,79.3,79.12,79.27,14701.71
2026-04-03 03:35:00,79.27,79.27,79.04,79.12,7035.63
2026-04-03 03:40:00,79.12,79.12,79.0,79.09,19809.69
2026-04-03 03:45:00,79.09,79.13,79.06,79.06,7759.59
2026-04-03 03:50:00,79.06,79.11,79.01,79.03,7780.58
2026-04-03 03:55:00,79.03,79.08,78.97,78.97,39726.5
2026-04-03 04:00:00,78.97,79.26,78.95,79.11,85983.35
2026-04-03 04:05:00,79.11,79.24,79.1,79.15,17165.04
2026-04-03 04:10:00,79.15,79.41,79.14,79.37,30905.8
2026-04-03 04:15:00,79.37,79.5,79.2,79.24,103941.06
2026-04-03 04:20:00,79.24,79.25,79.08,79.12,11919.76
2026-04-03 04:25:00,79.12,79.17,79.02,79.02,15262.86
2026-04-03 04:30:00,79.03,79.23,78.95,79.08,84883.07
2026-04-03 04:35:00,79.08,79.16,79.05,79.12,9352.68
2026-04-03 04:40:00,79.12,79.24,79.12,79.24,6736.15
2026-04-03 04:45:00,79.24,79.4,79.23,79.35,21469.83
2026-04-03 04:50:00,79.35,79.35,79.23,79.3,6512.45
2026-04-03 04:55:00,79.3,79.33,79.24,79.27,9192.78
2026-04-03 05:00:00,79.27,79.37,79.25,79.33,12245.27
2026-04-03 05:05:00,79.34,79.36,79.26,79.35,11206.08
2026-04-03 05:10:00,79.35,79.35,79.29,79.31,3129.94
2026-04-03 05:15:00,79.31,79.31,79.02,79.15,15952.42
2026-04-03 05:20:00,79.15,79.2,79.09,79.12,5153.6
2026-04-03 05:25:00,79.12,79.29,79.11,79.29,10609.95
2026-04-03 05:30:00,79.29,79.61,79.28,79.43,77414.62
2026-04-03 05:35:00,79.43,79.53,79.42,79.45,16302.09
2026-04-03 05:40:00,79.44,79.51,79.38,79.48,28762.6
2026-04-03 05:45:00,79.48,79.49,79.41,79.41,11267.35
2026-04-03 05:50:00,79.42,79.42,79.23,79.25,14815.28
2026-04-03 05:55:00,79.25,79.32,79.2,79.28,19629.57
2026-04-03 06:00:00,79.28,79.35,79.19,79.2,20772.12
2026-04-03 06:05:00,79.2,79.3,79.16,79.21,18070.83
2026-04-03 06:10:00,79.21,79.33,79.19,79.33,10276.64
2026-04-03 06:15:00,79.33,79.33,79.2,79.27,6918.0
2026-04-03 06:20:00,79.26,79.36,79.2,79.32,8104.45
2026-04-03 06:25:00,79.31,79.37,79.23,79.27,4209.14
2026-04-03 06:30:00,79.26,79.3,79.17,79.26,9003.39
2026-04-03 06:35:00,79.25,79.6,79.25,79.45,27937.15
2026-04-03 06:40:00,79.45,79.6,79.44,79.58,43014.27
2026-04-03 06:45:00,79.57,79.67,79.52,79.6,31792.77
2026-04-03 06:50:00,79.59,79.64,79.53,79.56,15298.94
2026-04-03 06:55:00,79.57,79.63,79.56,79.6,15246.5
2026-04-03 07:00:00,79.6,79.64,79.5,79.5,32486.14
2026-04-03 07:05:00,79.5,79.6,79.46,79.58,13906.86
2026-04-03 07:10:00,79.58,79.61,79.45,79.49,19269.75
2026-04-03 07:15:00,79.49,79.55,79.39,79.48,18161.32
2026-04-03 07:20:00,79.48,79.55,79.46,79.49,7349.93
2026-04-03 07:25:00,79.48,79.58,79.47,79.58,8021.74
2026-04-03 07:30:00,79.58,79.74,79.48,79.73,46660.73
2026-04-03 07:35:00,79.72,80.11,79.72,79.86,122916.29
2026-04-03 07:40:00,79.86,79.89,79.77,79.83,48834.69
2026-04-03 07:45:00,79.82,79.83,79.74,79.82,22252.8
2026-04-03 07:50:00,79.81,79.91,79.71,79.86,35564.08
2026-04-03 07:55:00,79.85,79.92,79.82,79.9,41680.32
2026-04-03 08:00:00,79.9,79.95,79.81,79.95,24994.52
2026-04-03 08:05:00,79.95,80.06,79.9,80.05,32338.25
2026-04-03 08:10:00,80.05,80.08,79.95,79.95,34098.91
2026-04-03 08:15:00,79.95,80.02,79.92,79.98,14226.21
2026-04-03 08:20:00,79.97,79.99,79.88,79.89,14166.05
2026-04-03 08:25:00,79.89,79.91,79.7,79.72,44256.56
2026-04-03 08:30:00,79.72,79.91,79.71,79.86,17098.88
2026-04-03 08:35:00,79.86,79.87,79.7,79.71,13809.83
2026-04-03 08:40:00,79.71,79.77,79.58,79.67,67898.98
2026-04-03 08:45:00,79.67,79.75,79.6,79.75,23365.89
2026-04-03 08:50:00,79.75,79.79,79.68,79.7,21300.42
2026-04-03 08:55:00,79.7,79.76,79.65,79.74,10042.42
2026-04-03 09:00:00,79.74,79.81,79.69,79.71,12833.78
2026-04-03 09:05:00,79.72,79.72,79.64,79.67,9599.19
2026-04-03 09:10:00,79.67,80.03,79.65,80.02,60646.15
2026-04-03 09:15:00,80.02,80.19,79.95,79.95,72582.43
2026-04-03 09:20:00,79.95,79.96,79.72,79.76,52151.83
2026-04-03 09:25:00,79.76,79.78,79.68,79.77,26215.37
2026-04-03 09:30:00,79.78,79.85,79.73,79.8,28786.05
2026-04-03 09:35:00,79.8,79.86,79.74,79.84,10846.82
2026-04-03 09:40:00,79.84,80.03,79.84,80.0,11995.09
2026-04-03 09:45:00,80.0,80.01,79.84,79.95,24666.5
2026-04-03 09:50:00,79.95,79.98,79.86,79.86,13841.68
2026-04-03 09:55:00,79.86,79.93,79.84,79.91,9306.6
2026-04-03 10:00:00,79.92,79.95,79.85,79.88,12811.61
2026-04-03 10:05:00,79.88,79.91,79.78,79.84,7173.39
2026-04-03 10:10:00,79.83,79.98,79.79,79.98,17505.42
2026-04-03 10:15:00,79.98,80.14,79.97,80.03,57920.34
2026-04-03 10:20:00,80.02,80.07,80.0,80.05,19443.01
2026-04-03 10:25:00,80.05,80.1,79.78,79.8,44584.17
2026-04-03 10:30:00,79.8,79.8,79.64,79.74,39648.39
2026-04-03 10:35:00,79.75,79.76,79.65,79.68,13197.92
2026-04-03 10:40:00,79.68,79.84,79.68,79.8,7425.41
2026-04-03 10:45:00,79.8,79.98,79.8,79.92,27924.85
2026-04-03 10:50:00,79.92,80.04,79.9,79.96,19053.6
2026-04-03 10:55:00,79.96,80.14,79.87,80.13,44868.95
2026-04-03 11:00:00,80.12,80.42,80.09,80.2,121867.73
2026-04-03 11:05:00,80.2,80.22,80.03,80.04,39773.97
2026-04-03 11:10:00,80.05,80.1,79.98,80.01,13064.28
2026-04-03 11:15:00,80.01,80.05,79.95,79.98,18590.9
2026-04-03 11:20:00,79.97,80.16,79.97,80.09,16076.39
2026-04-03 11:25:00,80.09,80.1,80.01,80.02,11810.24
2026-04-03 11:30:00,80.01,80.06,79.94,79.97,20302.95
2026-04-03 11:35:00,79.97,80.06,79.95,79.96,17527.78
2026-04-03 11:40:00,79.95,80.05,79.95,80.01,19561.5
2026-04-03 11:45:00,80.01,80.05,79.94,79.94,12368.29
2026-04-03 11:50:00,79.93,79.94,79.84,79.87,32246.35
2026-04-03 11:55:00,79.87,80.16,79.84,80.14,71292.17
2026-04-03 12:00:00,80.13,80.24,80.1,80.14,20654.68
2026-04-03 12:05:00,80.13,80.18,80.06,80.12,10627.46
2026-04-03 12:10:00,80.11,80.11,79.95,80.09,15099.45
2026-04-03 12:15:00,80.09,80.14,79.98,80.06,10001.43
2026-04-03 12:20:00,80.05,80.11,80.0,80.02,12907.76
2026-04-03 12:25:00,80.03,80.25,80.02,80.17,57848.12
2026-04-03 12:30:00,80.17,80.89,79.77,79.94,253682.53
2026-04-03 12:35:00,79.93,80.01,79.69,79.73,64386.98
2026-04-03 12:40:00,79.73,79.84,79.66,79.76,30018.08
2026-04-03 12:45:00,79.75,79.86,79.42,79.42,88385.75
2026-04-03 12:50:00,79.42,79.45,79.18,79.36,118473.81
2026-04-03 12:55:00,79.36,79.43,79.28,79.31,30337.51
2026-04-03 13:00:00,79.31,79.36,79.11,79.14,39021.64
2026-04-03 13:05:00,79.13,79.37,79.12,79.21,58044.64
2026-04-03 13:10:00,79.22,79.33,79.12,79.26,55786.24
2026-04-03 13:15:00,79.26,79.3,79.16,79.24,20744.06
2026-04-03 13:20:00,79.23,79.37,79.21,79.34,23564.71
2026-04-03 13:25:00,79.33,79.41,79.3,79.41,27690.92
2026-04-03 13:30:00,79.4,79.46,79.29,79.38,30004.33
2026-04-03 13:35:00,79.38,79.48,79.34,79.34,24072.18
2026-04-03 13:40:00,79.35,79.41,79.33,79.38,9157.69
2026-04-03 13:45:00,79.38,79.41,79.2,79.21,17705.24
2026-04-03 13:50:00,79.21,79.5,79.21,79.48,22326.88
2026-04-03 13:55:00,79.48,79.58,79.47,79.55,30850.82
2026-04-03 14:00:00,79.56,79.78,79.38,79.68,34694.79
2026-04-03 14:05:00,79.68,79.85,79.68,79.78,36747.51
2026-04-03 14:10:00,79.78,79.8,79.7,79.79,20687.07
2026-04-03 14:15:00,79.79,79.79,79.61,79.76,20866.65
2026-04-03 14:20:00,79.76,79.92,79.74,79.86,25222.7
2026-04-03 14:25:00,79.86,80.02,79.86,79.97,36893.38
2026-04-03 14:30:00,79.97,79.99,79.84,79.84,16603.41
2026-04-03 14:35:00,79.85,79.88,79.69,79.86,16018.96
2026-04-03 14:40:00,79.86,79.86,79.78,79.8,9775.25
2026-04-03 14:45:00,79.8,79.96,79.8,79.96,12520.72
2026-04-03 14:50:00,79.96,80.12,79.94,80.04,21928.25
2026-04-03 14:55:00,80.04,80.32,79.98,80.21,83170.04
2026-04-03 15:00:00,80.21,80.44,80.1,80.34,72642.33
2026-04-03 15:05:00,80.34,80.45,80.3,80.44,54352.94
2026-04-03 15:10:00,80.44,80.56,80.28,80.4,67113.12
2026-04-03 15:15:00,80.4,80.41,80.22,80.24,34044.93
2026-04-03 15:20:00,80.24,80.42,80.18,80.42,24976.41
2026-04-03 15:25:00,80.42,80.54,80.32,80.39,41741.78
2026-04-03 15:30:00,80.39,80.39,80.27,80.28,18446.15
2026-04-03 15:35:00,80.28,80.4,80.17,80.39,47287.38
2026-04-03 15:40:00,80.39,80.51,80.34,80.39,43113.47
2026-04-03 15:45:00,80.39,80.49,80.32,80.36,39043.23
2026-04-03 15:50:00,80.36,80.63,80.35,80.44,29239.02
2026-04-03 15:55:00,80.44,80.46,80.26,80.28,29101.09
2026-04-03 16:00:00,80.28,80.39,80.21,80.36,44942.9
2026-04-03 16:05:00,80.36,80.4,80.25,80.25,27747.92
2026-04-03 16:10:00,80.24,80.34,80.19,80.32,28689.39
2026-04-03 16:15:00,80.32,80.42,80.28,80.4,17565.26
2026-04-03 16:20:00,80.4,80.46,80.38,80.41,7440.62
2026-04-03 16:25:00,80.41,80.54,80.38,80.48,35488.59
2026-04-03 16:30:00,80.48,80.65,80.46,80.5,30807.46
2026-04-03 16:35:00,80.5,80.56,80.37,80.44,28749.61
2026-04-03 16:40:00,80.44,80.48,80.31,80.39,36163.31
2026-04-03 16:45:00,80.39,80.55,80.36,80.46,19658.96
2026-04-03 16:50:00,80.47,80.57,80.43,80.56,15197.75
2026-04-03 16:55:00,80.56,80.64,80.47,80.51,36653.06
2026-04-03 17:00:00,80.52,80.52,80.4,80.43,10100.14
2026-04-03 17:05:00,80.43,80.46,80.36,80.46,10450.31
2026-04-03 17:10:00,80.46,80.51,80.31,80.32,8372.87
2026-04-03 17:15:00,80.32,80.32,79.85,79.96,65313.27
2026-04-03 17:20:00,79.96,80.19,79.93,80.18,21356.6
2026-04-03 17:25:00,80.18,80.18,80.03,80.08,11629.36
2026-04-03 17:30:00,80.08,80.23,80.07,80.13,16714.74
2026-04-03 17:35:00,80.13,80.22,80.13,80.16,5808.23
2026-04-03 17:40:00,80.15,80.19,80.12,80.18,8725.67
2026-04-03 17:45:00,80.19,80.2,80.08,80.1,11076.8
2026-04-03 17:50:00,80.11,80.17,80.07,80.15,10460.29
2026-04-03 17:55:00,80.15,80.26,80.13,80.14,7415.52
2026-04-03 18:00:00,80.14,80.18,80.08,80.13,8757.49
2026-04-03 18:05:00,80.13,80.19,80.1,80.12,6857.64
2026-04-03 18:10:00,80.13,80.2,80.04,80.17,9712.72
2026-04-03 18:15:00,80.17,80.35,80.08,80.32,19389.87
2026-04-03 18:20:00,80.33,80.42,80.3,80.34,12028.22
2026-04-03 18:25:00,80.34,80.37,80.23,80.24,8189.32
2026-04-03 18:30:00,80.24,80.4,80.2,80.36,5432.94
2026-04-03 18:35:00,80.36,80.39,80.19,80.19,4865.11
2026-04-03 18:40:00,80.18,80.22,80.16,80.18,5077.67
2026-04-03 18:45:00,80.18,80.22,80.08,80.11,10170.74
2026-04-03 18:50:00,80.11,80.18,80.1,80.15,4526.44
2026-04-03 18:55:00,80.15,80.15,80.06,80.07,3391.81
2026-04-03 19:00:00,80.07,80.12,79.93,79.95,12616.29
2026-04-03 19:05:00,79.95,79.99,79.9,79.96,9658.53
2026-04-03 19:10:00,79.97,80.0,79.82,79.95,32256.59
2026-04-03 19:15:00,79.95,80.06,79.93,79.97,12462.13
2026-04-03 19:20:00,79.97,80.17,79.97,80.1,20220.7
2026-04-03 19:25:00,80.11,80.11,80.04,80.06,4139.89
2026-04-03 19:30:00,80.06,80.13,80.05,80.13,10084.67
2026-04-03 19:35:00,80.13,80.14,80.05,80.06,4104.73
2026-04-03 19:40:00,80.06,80.14,80.05,80.11,2423.54
2026-04-03 19:45:00,80.11,80.25,80.11,80.23,9302.66
2026-04-03 19:50:00,80.23,80.25,80.2,80.21,3134.93
2026-04-03 19:55:00,80.21,80.21,80.12,80.15,3533.51
2026-04-03 20:00:00,80.15,80.2,80.1,80.19,5236.28
2026-04-03 20:05:00,80.19,80.25,80.15,80.24,6774.74
2026-04-03 20:10:00,80.23,80.27,80.15,80.26,3713.31
2026-04-03 20:15:00,80.27,80.28,80.16,80.19,4251.25
2026-04-03 20:20:00,80.2,80.27,80.15,80.16,11844.21
2026-04-03 20:25:00,80.17,80.2,80.14,80.17,2721.75
2026-04-03 20:30:00,80.17,80.26,80.16,80.21,9252.5
2026-04-03 20:35:00,80.21,80.26,80.15,80.25,5221.84
2026-04-03 20:40:00,80.25,80.27,80.2,80.2,11119.53
2026-04-03 20:45:00,80.2,80.24,80.17,80.22,1771.19
2026-04-03 20:50:00,80.22,80.22,80.15,80.15,2135.39
2026-04-03 20:55:00,80.15,80.21,80.15,80.15,1209.4
2026-04-03 21:00:00,80.15,80.19,80.09,80.09,2832.41
2026-04-03 21:05:00,80.09,80.21,80.07,80.2,6514.05
2026-04-03 21:10:00,80.19,80.41,80.16,80.31,25918.42
2026-04-03 21:15:00,80.32,80.38,80.27,80.28,8037.11
2026-04-03 21:20:00,80.27,80.33,80.22,80.22,7685.74
2026-04-03 21:25:00,80.22,80.31,80.22,80.29,3414.52
2026-04-03 21:30:00,80.28,80.3,80.24,80.28,4189.14
2026-04-03 21:35:00,80.28,80.39,80.28,80.33,16182.61
2026-04-03 21:40:00,80.33,80.51,80.33,80.47,15828.15
2026-04-03 21:45:00,80.47,80.58,80.31,80.55,12513.42
2026-04-03 21:50:00,80.54,80.67,80.35,80.39,40587.94
2026-04-03 21:55:00,80.39,80.43,80.35,80.35,8595.57
2026-04-03 22:00:00,80.36,80.46,80.28,80.37,20352.66
2026-04-03 22:05:00,80.37,80.42,80.21,80.21,10329.95
2026-04-03 22:10:00,80.21,80.28,80.2,80.24,7479.63
2026-04-03 22:15:00,80.24,80.3,80.22,80.27,8001.5
2026-04-03 22:20:00,80.27,80.33,80.19,80.19,7585.47
2026-04-03 22:25:00,80.2,80.3,80.15,80.26,21986.41
2026-04-03 22:30:00,80.27,80.28,80.16,80.2,6839.79
2026-04-03 22:35:00,80.2,80.24,80.15,80.15,6601.03
2026-04-03 22:40:00,80.15,80.18,80.08,80.09,11646.42
2026-04-03 22:45:00,80.09,80.11,79.88,80.05,72230.89
2026-04-03 22:50:00,80.04,80.11,80.02,80.08,7355.02
2026-04-03 22:55:00,80.09,80.14,80.08,80.09,9217.17
2026-04-03 23:00:00,80.09,80.14,80.07,80.12,8457.08
2026-04-03 23:05:00,80.11,80.19,80.11,80.18,6061.59
2026-04-03 23:10:00,80.18,80.22,80.13,80.2,8523.88
2026-04-03 23:15:00,80.21,80.25,80.16,80.2,13224.25
2026-04-03 23:20:00,80.2,80.24,80.13,80.23,7320.42
2026-04-03 23:25:00,80.24,80.28,80.16,80.28,10559.37
2026-04-03 23:30:00,80.28,80.5,80.15,80.17,75144.96
2026-04-03 23:35:00,80.17,80.21,80.09,80.14,12175.07
2026-04-03 23:40:00,80.15,80.21,80.15,80.2,3385.33
2026-04-03 23:45:00,80.2,80.31,80.2,80.31,4953.05
2026-04-03 23:50:00,80.31,80.35,80.29,80.31,5085.61
2026-04-03 23:55:00,80.31,80.34,80.28,80.33,4758.88
2026-04-04 00:00:00,80.34,80.36,80.24,80.24,10454.55
2026-04-04 00:05:00,80.24,80.25,80.17,80.19,8959.37
2026-04-04 00:10:00,80.2,80.23,80.09,80.1,23156.65
2026-04-04 00:15:00,80.1,80.21,80.08,80.2,9432.92
2026-04-04 00:20:00,80.2,80.27,80.17,80.24,4060.55
2026-04-04 00:25:00,80.25,80.29,80.18,80.18,5249.7
2026-04-04 00:30:00,80.18,80.28,80.17,80.22,6894.54
2026-04-04 00:35:00,80.22,80.25,80.2,80.23,5029.82
2026-04-04 00:40:00,80.23,80.25,80.19,80.22,2801.95
2026-04-04 00:45:00,80.22,80.24,80.15,80.19,3714.98
2026-04-04 00:50:00,80.18,80.19,80.14,80.14,2199.34
2026-04-04 00:55:00,80.14,80.18,80.12,80.17,7417.61
2026-04-04 01:00:00,80.17,80.21,80.14,80.2,4790.93
2026-04-04 01:05:00,80.2,80.28,80.2,80.22,8966.06
2026-04-04 01:10:00,80.22,80.26,80.02,80.08,25373.13
2026-04-04 01:15:00,80.08,80.09,80.0,80.04,9784.56
2026-04-04 01:20:00,80.05,80.06,80.02,80.05,5331.71
2026-04-04 01:25:00,80.05,80.07,80.0,80.01,3832.31
2026-04-04 01:30:00,80.0,80.05,80.0,80.03,4431.49
2026-04-04 01:35:00,80.03,80.12,80.03,80.11,5928.77
2026-04-04 01:40:00,80.11,80.11,80.04,80.04,8720.95
2026-04-04 01:45:00,80.04,80.09,80.03,80.04,5836.55
2026-04-04 01:50:00,80.04,80.07,80.03,80.03,4940.06
2026-04-04 01:55:00,80.03,80.08,80.01,80.08,3998.53
2026-04-04 02:00:00,80.07,80.19,80.04,80.19,5932.85
2026-04-04 02:05:00,80.2,80.24,80.1,80.1,10778.39
2026-04-04 02:10:00,80.11,80.12,80.01,80.08,10787.74
2026-04-04 02:15:00,80.08,80.16,80.06,80.12,18858.36
2026-04-04 02:20:00,80.13,80.15,80.09,80.1,9577.46
2026-04-04 02:25:00,80.1,80.13,80.08,80.12,5468.17
2026-04-04 02:30:00,80.12,80.22,80.1,80.19,8927.3
2026-04-04 02:35:00,80.19,80.21,80.14,80.14,7548.24
2026-04-04 02:40:00,80.15,80.15,80.03,80.08,20159.08
2026-04-04 02:45:00,80.08,80.1,80.0,80.09,17378.5
2026-04-04 02:50:00,80.1,80.1,80.04,80.06,11974.02
2026-04-04 02:55:00,80.05,80.13,80.05,80.13,8921.71
2026-04-04 03:00:00,80.12,80.22,80.12,80.13,7453.06
2026-04-04 03:05:00,80.12,80.2,80.12,80.19,5065.59
2026-04-04 03:10:00,80.19,80.23,80.18,80.2,5751.59
2026-04-04 03:15:00,80.2,80.22,80.12,80.13,4462.39
2026-04-04 03:20:00,80.13,80.19,80.13,80.17,1785.69
2026-04-04 03:25:00,80.17,80.17,80.12,80.14,1303.01
2026-04-04 03:30:00,80.15,80.15,80.11,80.13,2437.04
2026-04-04 03:35:00,80.14,80.17,80.12,80.12,7981.27
2026-04-04 03:40:00,80.13,80.22,80.12,80.19,4903.14
2026-04-04 03:45:00,80.19,80.25,80.15,80.21,20818.47
2026-04-04 03:50:00,80.22,80.22,80.15,80.18,3430.77
2026-04-04 03:55:00,80.18,80.19,80.1,80.11,13957.97
2026-04-04 04:00:00,80.11,80.15,80.09,80.12,10263.87
2026-04-04 04:05:00,80.12,80.17,80.1,80.17,2412.01
2026-04-04 04:10:00,80.16,80.19,80.12,80.12,13928.9
2026-04-04 04:15:00,80.13,80.16,80.1,80.13,5241.56
2026-04-04 04:20:00,80.13,80.16,80.12,80.15,1018.29
2026-04-04 04:25:00,80.15,80.22,80.15,80.2,3430.12
2026-04-04 04:30:00,80.2,80.2,80.14,80.15,1896.72
2026-04-04 04:35:00,80.14,80.22,80.14,80.19,1603.39
2026-04-04 04:40:00,80.2,80.24,80.19,80.24,3742.55
2026-04-04 04:45:00,80.23,80.27,80.16,80.19,9143.48
2026-04-04 04:50:00,80.19,80.2,80.13,80.19,8668.51
2026-04-04 04:55:00,80.19,80.24,80.16,80.2,16085.28
2026-04-04 05:00:00,80.19,80.2,80.08,80.12,10478.41
2026-04-04 05:05:00,80.12,80.17,80.09,80.17,5439.75
2026-04-04 05:10:00,80.17,80.18,80.1,80.13,10271.58
2026-04-04 05:15:00,80.14,80.17,80.08,80.1,11296.46
2026-04-04 05:20:00,80.09,80.17,80.09,80.14,2746.84
2026-04-04 05:25:00,80.13,80.14,80.06,80.11,7520.14
2026-04-04 05:30:00,80.11,80.25,80.11,80.21,8339.84
2026-04-04 05:35:00,80.21,80.22,80.13,80.14,4930.53
2026-04-04 05:40:00,80.15,80.16,80.1,80.11,14302.3
2026-04-04 05:45:00,80.12,80.16,80.08,80.09,11104.65
2026-04-04 05:50:00,80.08,80.16,80.08,80.13,3217.57
2026-04-04 05:55:00,80.13,80.16,80.1,80.13,5488.54
2026-04-04 06:00:00,80.14,80.16,80.1,80.1,7091.29
2026-04-04 06:05:00,80.1,80.16,80.1,80.12,4039.79
2026-04-04 06:10:00,80.13,80.26,80.13,80.24,10099.81
2026-04-04 06:15:00,80.24,80.28,80.19,80.27,20927.16
2026-04-04 06:20:00,80.27,80.34,80.22,80.24,12524.13
2026-04-04 06:25:00,80.24,80.27,80.2,80.26,3444.86
2026-04-04 06:30:00,80.27,80.29,80.22,80.23,5512.24
2026-04-04 06:35:00,80.24,80.25,80.21,80.21,3079.36
2026-04-04 06:40:00,80.21,80.29,80.2,80.29,2173.78
2026-04-04 06:45:00,80.3,80.38,80.3,80.37,11809.76
2026-04-04 06:50:00,80.38,80.49,80.34,80.48,14609.06
2026-04-04 06:55:00,80.49,80.5,80.41,80.41,11903.8
2026-04-04 07:00:00,80.41,80.44,80.35,80.36,10363.61
2026-04-04 07:05:00,80.36,80.39,80.29,80.31,9881.61
2026-04-04 07:10:00,80.31,80.34,80.26,80.32,8801.19
2026-04-04 07:15:00,80.31,80.31,80.2,80.2,6894.02
2026-04-04 07:20:00,80.21,80.23,80.18,80.2,4948.42
2026-04-04 07:25:00,80.2,80.24,80.19,80.2,8412.15
2026-04-04 07:30:00,80.21,80.24,80.19,80.23,3480.34
2026-04-04 07:35:00,80.22,80.25,80.2,80.24,2438.17
2026-04-04 07:40:00,80.23,80.28,80.21,80.21,4752.51
2026-04-04 07:45:00,80.21,80.23,80.17,80.21,3146.43
2026-04-04 07:50:00,80.21,80.24,80.18,80.24,1102.59
2026-04-04 07:55:00,80.23,80.28,80.22,80.27,4828.7
2026-04-04 08:00:00,80.27,80.31,80.26,80.27,5690.84
2026-04-04 08:05:00,80.28,80.35,80.24,80.24,4083.12
2026-04-04 08:10:00,80.24,80.27,80.22,80.25,3245.27
2026-04-04 08:15:00,80.25,80.26,80.22,80.23,5646.95
2026-04-04 08:20:00,80.23,80.28,80.23,80.24,2482.22
2026-04-04 08:25:00,80.24,80.27,80.23,80.25,3968.44
2026-04-04 08:30:00,80.25,80.25,80.08,80.08,11387.83
2026-04-04 08:35:00,80.09,80.14,80.08,80.11,5314.59
2026-04-04 08:40:00,80.12,80.15,80.08,80.1,5964.98
2026-04-04 08:45:00,80.1,80.1,80.04,80.06,5829.75
2026-04-04 08:50:00,80.07,80.07,79.9,79.91,34098.39
2026-04-04 08:55:00,79.9,79.98,79.88,79.94,44876.75
2026-04-04 09:00:00,79.94,79.95,79.89,79.9,16011.73
2026-04-04 09:05:00,79.9,79.99,79.89,79.98,11132.99
2026-04-04 09:10:00,79.99,80.05,79.98,80.01,10601.03
2026-04-04 09:15:00,80.01,80.02,79.93,79.97,24101.44
2026-04-04 09:20:00,79.97,79.97,79.86,79.86,23570.79
2026-04-04 09:25:00,79.86,79.95,79.85,79.95,28421.46
2026-04-04 09:30:00,79.94,80.01,79.9,79.92,7981.7
2026-04-04 09:35:00,79.92,79.95,79.91,79.93,5245.55
2026-04-04 09:40:00,79.93,79.94,79.92,79.93,1548.41
2026-04-04 09:45:00,79.93,80.04,79.93,80.0,21649.63
2026-04-04 09:50:00,79.99,80.01,79.99,79.99,7671.02
2026-04-04 09:55:00,79.99,80.0,79.96,79.99,6646.28
2026-04-04 10:00:00,79.98,80.09,79.98,80.06,17125.87
2026-04-04 10:05:00,80.06,80.07,80.01,80.06,7532.12
2026-04-04 10:10:00,80.07,80.09,80.01,80.02,23423.26
2026-04-04 10:15:00,80.01,80.11,80.01,80.1,12379.6
2026-04-04 10:20:00,80.1,80.11,80.02,80.09,10650.42
2026-04-04 10:25:00,80.08,80.15,80.05,80.13,14697.46
2026-04-04 10:30:00,80.13,80.18,79.97,80.0,55770.71
2026-04-04 10:35:00,80.0,80.16,79.99,80.11,8589.32
2026-04-04 10:40:00,80.1,80.24,80.08,80.16,16047.74
2026-04-04 10:45:00,80.16,80.24,80.11,80.2,11406.67
2026-04-04 10:50:00,80.21,80.25,80.18,80.19,17574.94
2026-04-04 10:55:00,80.19,80.2,80.15,80.19,9231.58
2026-04-04 11:00:00,80.18,80.25,80.13,80.15,14364.63
2026-04-04 11:05:00,80.16,80.19,80.1,80.16,13320.2
2026-04-04 11:10:00,80.15,80.16,80.09,80.13,18209.66
2026-04-04 11:15:00,80.13,80.15,80.04,80.08,14442.21
2026-04-04 11:20:00,80.08,80.12,80.01,80.01,33285.91
2026-04-04 11:25:00,80.02,80.16,79.97,80.15,81832.0
2026-04-04 11:30:00,80.15,80.18,80.13,80.15,9124.51
2026-04-04 11:35:00,80.15,80.18,80.15,80.16,2656.15
2026-04-04 11:40:00,80.17,80.21,80.15,80.2,5755.51
2026-04-04 11:45:00,80.2,80.21,80.16,80.17,4733.22
2026-04-04 11:50:00,80.16,80.19,80.14,80.18,4717.92
2026-04-04 11:55:00,80.18,80.19,80.12,80.15,8060.04
2026-04-04 12:00:00,80.14,80.19,80.11,80.19,6105.6
2026-04-04 12:05:00,80.19,80.21,80.09,80.1,7608.52
2026-04-04 12:10:00,80.09,80.17,80.09,80.17,3885.0
2026-04-04 12:15:00,80.17,80.18,80.15,80.16,1562.27
2026-04-04 12:20:00,80.15,80.2,80.15,80.2,3570.19
2026-04-04 12:25:00,80.2,80.2,80.12,80.16,7421.06
2026-04-04 12:30:00,80.15,80.19,80.14,80.17,2609.36
2026-04-04 12:35:00,80.17,80.17,80.09,80.1,2431.26
2026-04-04 12:40:00,80.09,80.1,79.97,80.0,11744.74
2026-04-04 12:45:00,80.0,80.03,79.97,80.01,18632.25
2026-04-04 12:50:00,80.01,80.05,80.0,80.05,10402.68
2026-04-04 12:55:00,80.05,80.06,80.02,80.05,3582.68
2026-04-04 13:00:00,80.04,80.06,80.0,80.02,9256.71
2026-04-04 13:05:00,80.02,80.04,80.01,80.04,5620.26
2026-04-04 13:10:00,80.04,80.08,80.03,80.06,2876.89
2026-04-04 13:15:00,80.07,80.1,80.06,80.1,4925.89
2026-04-04 13:20:00,80.1,80.15,80.06,80.1,5482.13
2026-04-04 13:25:00,80.1,80.13,80.06,80.08,8828.91
2026-04-04 13:30:00,80.08,80.08,79.98,80.0,5924.06
2026-04-04 13:35:00,80.0,80.19,79.96,80.11,19828.02
2026-04-04 13:40:00,80.1,80.13,80.08,80.11,6499.19
2026-04-04 13:45:00,80.11,80.11,80.02,80.04,5389.96
2026-04-04 13:50:00,80.03,80.05,79.87,79.96,24540.37
2026-04-04 13:55:00,79.96,80.06,79.95,79.99,11128.76
2026-04-04 14:00:00,79.99,80.03,79.98,80.01,5469.37
2026-04-04 14:05:00,80.01,80.03,80.0,80.02,3455.46
2026-04-04 14:10:00,80.02,80.03,79.98,80.0,6460.57
2026-04-04 14:15:00,80.0,80.02,79.96,80.02,6860.09
2026-04-04 14:20:00,80.02,80.05,79.98,79.98,4858.67
2026-04-04 14:25:00,79.98,80.01,79.94,79.94,5693.53
2026-04-04 14:30:00,79.94,79.94,79.83,79.87,22231.82
2026-04-04 14:35:00,79.87,79.89,79.65,79.72,60482.55
2026-04-04 14:40:00,79.71,79.74,79.48,79.69,59862.01
2026-04-04 14:45:00,79.7,79.85,79.68,79.8,20065.04
2026-04-04 14:50:00,79.8,79.83,79.78,79.79,4483.98
2026-04-04 14:55:00,79.79,80.35,79.79,80.31,86092.75
2026-04-04 15:00:00,80.3,80.98,80.21,80.86,221079.52
2026-04-04 15:05:00,80.85,81.62,80.62,81.13,491319.08
2026-04-04 15:10:00,81.13,81.3,80.98,81.1,116853.74
2026-04-04 15:15:00,81.1,81.14,81.0,81.07,44611.95
2026-04-04 15:20:00,81.08,81.1,80.81,80.83,64762.98
2026-04-04 15:25:00,80.84,80.85,80.73,80.79,56359.43
2026-04-04 15:30:00,80.79,80.88,80.7,80.82,30008.77
2026-04-04 15:35:00,80.82,80.93,80.82,80.89,32456.62
2026-04-04 15:40:00,80.89,80.91,80.78,80.84,20005.01
2026-04-04 15:45:00,80.84,80.9,80.76,80.89,11470.84
2026-04-04 15:50:00,80.89,80.9,80.8,80.89,20934.03
2026-04-04 15:55:00,80.89,81.07,80.87,81.05,43769.16
2026-04-04 16:00:00,81.05,81.2,80.97,80.98,69391.73
2026-04-04 16:05:00,80.99,80.99,80.9,80.9,10502.63
2026-04-04 16:10:00,80.9,80.91,80.75,80.88,45619.03
2026-04-04 16:15:00,80.88,80.98,80.86,80.95,19036.65
2026-04-04 16:20:00,80.96,81.06,80.91,81.04,18079.26
2026-04-04 16:25:00,81.05,81.3,81.04,81.2,54006.12
2026-04-04 16:30:00,81.2,81.3,81.13,81.17,34109.79
2026-04-04 16:35:00,81.17,81.26,81.15,81.18,17847.51
2026-04-04 16:40:00,81.19,81.2,81.1,81.14,8076.15
2026-04-04 16:45:00,81.15,81.16,81.05,81.06,11031.41
2026-04-04 16:50:00,81.07,81.14,80.97,81.0,22181.52
2026-04-04 16:55:00,81.0,81.07,80.66,80.72,67405.94
2026-04-04 17:00:00,80.72,80.82,80.58,80.77,74246.74
2026-04-04 17:05:00,80.78,80.82,80.75,80.77,20827.56
2026-04-04 17:10:00,80.77,80.85,80.75,80.85,8445.56
2026-04-04 17:15:00,80.85,80.93,80.83,80.87,15137.68
2026-04-04 17:20:00,80.88,80.97,80.86,80.96,10656.15
2026-04-04 17:25:00,80.96,81.0,80.96,80.97,7803.98
2026-04-04 17:30:00,80.97,80.97,80.91,80.95,5835.82
2026-04-04 17:35:00,80.95,80.96,80.83,80.85,9078.33
2026-04-04 17:40:00,80.86,80.89,80.82,80.85,7387.11
2026-04-04 17:45:00,80.85,80.91,80.82,80.9,4695.84
2026-04-04 17:50:00,80.9,80.96,80.89,80.92,3983.2
2026-04-04 17:55:00,80.91,80.92,80.86,80.89,5128.04
2026-04-04 18:00:00,80.89,81.09,80.89,81.0,19719.1
2026-04-04 18:05:00,80.99,81.09,80.69,80.79,61785.55
2026-04-04 18:10:00,80.8,80.8,80.69,80.75,12236.51
2026-04-04 18:15:00,80.75,80.86,80.74,80.85,10221.27
2026-04-04 18:20:00,80.85,80.87,80.79,80.82,15510.9
2026-04-04 18:25:00,80.82,80.85,80.79,80.79,3227.91
2026-04-04 18:30:00,80.79,80.81,80.73,80.8,6409.73
2026-04-04 18:35:00,80.81,80.87,80.81,80.86,5112.75
2026-04-04 18:40:00,80.86,80.88,80.82,80.82,3070.59
2026-04-04 18:45:00,80.82,80.86,80.81,80.85,3641.52
2026-04-04 18:50:00,80.86,80.92,80.81,80.91,2818.08
2026-04-04 18:55:00,80.91,80.93,80.76,80.79,59752.54
2026-04-04 19:00:00,80.8,81.01,80.79,80.97,40204.37
2026-04-04 19:05:00,80.98,81.13,80.77,81.04,104930.23
2026-04-04 19:10:00,81.03,81.25,80.95,81.18,70985.74
2026-04-04 19:15:00,81.18,81.29,81.0,81.05,48668.45
2026-04-04 19:20:00,81.05,81.07,80.9,80.91,11896.27
2026-04-04 19:25:00,80.91,80.96,80.78,80.83,16763.29
2026-04-04 19:30:00,80.83,80.87,80.79,80.83,6251.38
2026-04-04 19:35:00,80.83,80.88,80.8,80.8,5251.69
2026-04-04 19:40:00,80.81,80.83,80.71,80.78,15489.47
2026-04-04 19:45:00,80.78,80.83,80.76,80.83,11237.02
2026-04-04 19:50:00,80.83,80.89,80.82,80.86,8776.89
2026-04-04 19:55:00,80.86,80.88,80.8,80.82,4454.39
2026-04-04 20:00:00,80.82,80.84,80.63,80.65,28913.63
2026-04-04 20:05:00,80.64,80.68,80.57,80.68,11193.05
2026-04-04 20:10:00,80.68,80.77,80.64,80.74,14020.85
2026-04-04 20:15:00,80.74,80.8,80.72,80.79,10375.46
2026-04-04 20:20:00,80.78,80.78,80.73,80.75,8389.62
2026-04-04 20:25:00,80.76,80.79,80.73,80.77,2979.93
2026-04-04 20:30:00,80.77,80.77,80.7,80.73,3330.23
2026-04-04 20:35:00,80.73,80.79,80.73,80.79,6411.93
2026-04-04 20:40:00,80.79,80.82,80.77,80.77,4078.67
2026-04-04 20:45:00,80.77,80.81,80.74,80.76,5492.59
2026-04-04 20:50:00,80.76,80.77,80.7,80.73,3960.0
2026-04-04 20:55:00,80.73,80.77,80.72,80.77,2662.86
2026-04-04 21:00:00,80.77,80.83,80.74,80.8,9039.91
2026-04-04 21:05:00,80.8,80.93,80.79,80.87,32567.49
2026-04-04 21:10:00,80.87,80.88,80.72,80.76,15110.94
2026-04-04 21:15:00,80.76,80.85,80.72,80.84,20497.3
2026-04-04 21:20:00,80.84,80.9,80.77,80.85,26443.55
2026-04-04 21:25:00,80.85,80.95,80.84,80.91,17076.83
2026-04-04 21:30:00,80.91,80.92,80.83,80.84,4843.68
2026-04-04 21:35:00,80.84,80.91,80.8,80.88,7385.26
2026-04-04 21:40:00,80.88,80.89,80.81,80.85,11238.12
2026-04-04 21:45:00,80.85,80.92,80.82,80.92,18291.4
2026-04-04 21:50:00,80.91,80.98,80.89,80.94,17186.1
2026-04-04 21:55:00,80.93,80.97,80.84,80.87,11412.78
2026-04-04 22:00:00,80.88,81.0,80.84,80.98,13104.77
2026-04-04 22:05:00,80.98,80.99,80.87,80.9,24926.41
2026-04-04 22:10:00,80.91,80.93,80.86,80.9,16369.56
2026-04-04 22:15:00,80.9,80.96,80.86,80.96,7515.0
2026-04-04 22:20:00,80.95,80.95,80.83,80.91,6505.43
2026-04-04 22:25:00,80.9,80.92,80.85,80.91,3383.72
2026-04-04 22:30:00,80.9,80.97,80.88,80.95,26180.38
2026-04-04 22:35:00,80.95,80.95,80.88,80.88,8580.53
2026-04-04 22:40:00,80.89,81.02,80.88,81.02,5115.89
2026-04-04 22:45:00,81.02,81.03,80.91,80.95,9687.61
2026-04-04 22:50:00,80.94,80.97,80.91,80.95,2521.0
2026-04-04 22:55:00,80.95,80.98,80.93,80.96,4329.92
2026-04-04 23:00:00,80.95,80.96,80.8,80.83,14604.74
2026-04-04 23:05:00,80.84,80.87,80.75,80.87,11903.99
2026-04-04 23:10:00,80.87,80.87,80.75,80.78,14136.73
2026-04-04 23:15:00,80.78,80.78,80.72,80.78,8505.6
2026-04-04 23:20:00,80.77,80.79,80.75,80.76,4315.37
2026-04-04 23:25:00,80.76,80.76,80.7,80.71,6495.73
2026-04-04 23:30:00,80.71,80.77,80.7,80.74,4214.43
2026-04-04 23:35:00,80.74,80.74,80.71,80.72,1364.57
2026-04-04 23:40:00,80.71,80.74,80.67,80.74,12302.73
2026-04-04 23:45:00,80.74,80.74,80.66,80.72,8859.42
2026-04-04 23:50:00,80.72,80.8,80.69,80.76,8180.53
2026-04-04 23:55:00,80.75,80.8,80.74,80.79,3705.45
2026-04-05 00:00:00,80.8,80.81,80.67,80.69,8447.46
2026-04-05 00:05:00,80.69,80.73,80.68,80.72,4291.49
2026-04-05 00:10:00,80.73,80.73,80.65,80.66,12564.52
2026-04-05 00:15:00,80.66,80.72,80.61,80.63,26046.2
2026-04-05 00:20:00,80.63,80.68,80.61,80.63,12228.04
2026-04-05 00:25:00,80.63,80.75,80.63,80.74,20231.38
2026-04-05 00:30:00,80.73,80.73,80.65,80.65,8630.92
2026-04-05 00:35:00,80.65,80.71,80.65,80.71,7009.2
2026-04-05 00:40:00,80.7,80.78,80.68,80.76,5051.72
2026-04-05 00:45:00,80.76,80.76,80.61,80.69,20813.31
2026-04-05 00:50:00,80.69,80.69,80.6,80.61,5938.01
2026-04-05 00:55:00,80.61,80.66,80.49,80.66,27995.91
2026-04-05 01:00:00,80.66,80.68,80.52,80.57,11079.0
2026-04-05 01:05:00,80.57,80.62,80.54,80.61,12431.5
2026-04-05 01:10:00,80.61,80.71,80.6,80.67,11181.55
2026-04-05 01:15:00,80.66,80.74,80.64,80.73,23638.38
2026-04-05 01:20:00,80.73,80.76,80.62,80.65,18967.43
2026-04-05 01:25:00,80.66,80.66,80.59,80.61,5297.26
2026-04-05 01:30:00,80.61,80.62,80.56,80.62,7075.98
2026-04-05 01:35:00,80.62,80.62,80.55,80.55,8207.59
2026-04-05 01:40:00,80.56,80.61,80.52,80.55,16740.08
2026-04-05 01:45:00,80.55,80.59,80.55,80.59,6607.27
2026-04-05 01:50:00,80.58,80.6,80.53,80.53,4945.1
2026-04-05 01:55:00,80.53,80.56,80.44,80.47,20769.21
2026-04-05 02:00:00,80.46,80.47,80.33,80.43,53499.18
2026-04-05 02:05:00,80.43,80.45,80.36,80.37,14896.5
2026-04-05 02:10:00,80.37,80.39,80.33,80.38,13246.46
2026-04-05 02:15:00,80.38,80.5,80.35,80.5,15728.16
2026-04-05 02:20:00,80.5,80.5,80.43,80.47,33602.72
2026-04-05 02:25:00,80.47,80.51,80.38,80.38,8852.96
2026-04-05 02:30:00,80.39,80.59,80.35,80.54,55558.79
2026-04-05 02:35:00,80.54,80.58,80.47,80.5,11225.27
2026-04-05 02:40:00,80.51,80.51,80.49,80.49,3545.97
2026-04-05 02:45:00,80.5,80.5,80.45,80.45,2343.66
2026-04-05 02:50:00,80.45,80.53,80.45,80.52,6169.55
2026-04-05 02:55:00,80.52,80.54,80.52,80.53,2003.35
2026-04-05 03:00:00,80.53,80.57,80.53,80.54,3059.74
2026-04-05 03:05:00,80.53,80.55,80.52,80.54,4594.85
2026-04-05 03:10:00,80.55,80.56,80.52,80.56,5642.3
2026-04-05 03:15:00,80.57,80.57,80.51,80.51,3594.83
2026-04-05 03:20:00,80.51,80.51,80.45,80.5,7929.56
2026-04-05 03:25:00,80.5,80.51,80.48,80.48,1975.63
2026-04-05 03:30:00,80.48,80.49,80.4,80.4,3428.27
2026-04-05 03:35:00,80.4,80.43,80.35,80.42,15740.87
2026-04-05 03:40:00,80.43,80.53,80.41,80.5,16457.32
2026-04-05 03:45:00,80.5,80.51,80.48,80.51,2061.63
2026-04-05 03:50:00,80.51,80.52,80.49,80.51,3525.89
2026-04-05 03:55:00,80.51,80.52,80.47,80.51,4955.45
2026-04-05 04:00:00,80.52,80.52,80.4,80.42,12216.88
2026-04-05 04:05:00,80.42,80.43,80.36,80.41,12102.2
2026-04-05 04:10:00,80.41,80.43,80.39,80.43,5468.22
2026-04-05 04:15:00,80.43,80.43,80.38,80.43,6103.38
2026-04-05 04:20:00,80.43,80.44,80.42,80.42,1939.85
2026-04-05 04:25:00,80.42,80.48,80.4,80.47,10610.3
2026-04-05 04:30:00,80.48,80.48,80.41,80.43,6501.95
2026-04-05 04:35:00,80.42,80.44,80.4,80.44,3399.55
2026-04-05 04:40:00,80.44,80.44,80.38,80.44,5648.1
2026-04-05 04:45:00,80.43,80.44,80.33,80.34,7238.39
2026-04-05 04:50:00,80.34,80.46,80.34,80.44,14843.08
2026-04-05 04:55:00,80.44,80.54,80.24,80.29,80355.22
2026-04-05 05:00:00,80.28,80.36,80.28,80.32,6044.63
2026-04-05 05:05:00,80.32,80.36,80.31,80.33,5386.57
2026-04-05 05:10:00,80.34,80.39,80.29,80.3,11686.28
2026-04-05 05:15:00,80.3,80.35,80.3,80.32,5146.97
2026-04-05 05:20:00,80.31,80.31,80.15,80.28,24426.54
2026-04-05 05:25:00,80.27,80.29,80.21,80.23,8388.07
2026-04-05 05:30:00,80.22,80.27,80.2,80.27,16631.91
2026-04-05 05:35:00,80.27,80.28,80.18,80.27,25548.97
2026-04-05 05:40:00,80.27,80.31,80.19,80.31,11581.27
2026-04-05 05:45:00,80.32,80.36,80.31,80.33,16656.57
2026-04-05 05:50:00,80.33,80.33,80.12,80.19,23470.88
2026-04-05 05:55:00,80.19,80.26,80.08,80.25,29606.4
2026-04-05 06:00:00,80.25,80.32,80.04,80.13,98998.27
2026-04-05 06:05:00,80.13,80.13,79.81,79.83,87921.45
2026-04-05 06:10:00,79.84,79.85,79.4,79.55,191871.58
2026-04-05 06:15:00,79.55,79.56,79.34,79.42,66673.14
2026-04-05 06:20:00,79.42,79.68,79.4,79.57,54089.15
2026-04-05 06:25:00,79.57,79.68,79.55,79.65,36551.45
2026-04-05 06:30:00,79.64,79.79,79.61,79.63,42069.13
2026-04-05 06:35:00,79.63,79.81,79.58,79.72,29546.65
2026-04-05 06:40:00,79.73,79.75,79.66,79.66,14812.38
2026-04-05 06:45:00,79.66,79.7,79.62,79.64,16417.02
2026-04-05 06:50:00,79.65,79.69,79.59,79.59,12622.54
2026-04-05 06:55:00,79.59,79.67,79.54,79.55,39543.74
2026-04-05 07:00:00,79.54,79.78,79.54,79.7,92362.08
2026-04-05 07:05:00,79.71,79.78,79.7,79.72,8529.36
2026-04-05 07:10:00,79.72,79.77,79.71,79.76,10335.85
2026-04-05 07:15:00,79.76,79.77,79.65,79.74,26092.78
2026-04-05 07:20:00,79.75,79.83,79.6,79.62,53405.09
2026-04-05 07:25:00,79.62,79.7,79.61,79.66,21890.06
2026-04-05 07:30:00,79.67,79.69,79.45,79.57,43537.51
2026-04-05 07:35:00,79.58,79.58,79.51,79.54,7419.44
2026-04-05 07:40:00,79.54,79.57,79.52,79.52,4163.04
2026-04-05 07:45:00,79.53,79.6,79.5,79.52,17843.24
2026-04-05 07:50:00,79.52,79.58,79.5,79.57,5885.15
2026-04-05 07:55:00,79.58,79.59,79.5,79.54,13593.97
2026-04-05 08:00:00,79.54,79.57,79.49,79.52,19514.12
2026-04-05 08:05:00,79.52,79.59,79.51,79.55,10870.55
2026-04-05 08:10:00,79.56,79.62,79.54,79.57,6307.19
2026-04-05 08:15:00,79.57,79.64,79.55,79.6,12256.7
2026-04-05 08:20:00,79.6,79.64,79.6,79.6,5455.15
2026-04-05 08:25:00,79.6,79.62,79.57,79.6,4643.2
2026-04-05 08:30:00,79.59,79.65,79.58,79.63,5105.05
2026-04-05 08:35:00,79.63,79.65,79.61,79.64,4654.07
2026-04-05 08:40:00,79.65,79.66,79.58,79.62,9054.46
2026-04-05 08:45:00,79.61,79.64,79.61,79.61,4570.08
2026-04-05 08:50:00,79.61,79.62,79.49,79.5,15189.29
2026-04-05 08:55:00,79.5,79.61,79.5,79.57,14958.36
2026-04-05 09:00:00,79.57,79.75,79.57,79.74,13610.84
2026-04-05 09:05:00,79.74,79.78,79.66,79.7,16171.61
2026-04-05 09:10:00,79.71,79.71,79.62,79.63,28259.68
2026-04-05 09:15:00,79.63,79.68,79.6,79.66,10047.0
2026-04-05 09:20:00,79.67,79.78,79.66,79.78,9093.75
2026-04-05 09:25:00,79.78,79.84,79.76,79.8,19760.58
2026-04-05 09:30:00,79.8,79.81,79.71,79.72,10019.69
2026-04-05 09:35:00,79.72,79.74,79.66,79.72,15666.4
2026-04-05 09:40:00,79.72,79.81,79.71,79.78,7792.8
2026-04-05 09:45:00,79.78,79.82,79.76,79.82,8748.81
2026-04-05 09:50:00,79.82,79.82,79.78,79.79,4756.74
2026-04-05 09:55:00,79.79,79.82,79.77,79.78,6529.9
2026-04-05 10:00:00,79.78,79.87,79.73,79.84,29483.94
2026-04-05 10:05:00,79.84,79.86,79.8,79.8,6629.47
2026-04-05 10:10:00,79.8,79.83,79.76,79.79,4412.14
2026-04-05 10:15:00,79.78,79.81,79.77,79.8,4484.74
2026-04-05 10:20:00,79.81,79.85,79.8,79.84,2515.76
2026-04-05 10:25:00,79.84,79.88,79.84,79.87,9191.12
2026-04-05 10:30:00,79.88,79.88,79.77,79.82,18769.99
2026-04-05 10:35:00,79.82,80.2,79.82,80.02,68968.37
2026-04-05 10:40:00,80.03,80.06,79.94,79.97,16371.3
2026-04-05 10:45:00,79.97,79.98,79.81,79.81,14835.14
2026-04-05 10:50:00,79.81,79.85,79.75,79.81,33031.88
2026-04-05 10:55:00,79.81,79.83,79.8,79.81,4609.15
2026-04-05 11:00:00,79.81,79.85,79.74,79.81,13434.84
2026-04-05 11:05:00,79.8,79.84,79.8,79.83,3229.9
2026-04-05 11:10:00,79.84,79.86,79.8,79.8,3644.06
2026-04-05 11:15:00,79.8,79.86,79.78,79.78,4813.34
2026-04-05 11:20:00,79.79,79.83,79.78,79.8,3776.76
2026-04-05 11:25:00,79.8,79.81,79.71,79.77,7877.64
2026-04-05 11:30:00,79.77,79.82,79.73,79.79,8052.11
2026-04-05 11:35:00,79.8,79.81,79.73,79.79,13695.34
2026-04-05 11:40:00,79.8,79.81,79.79,79.8,4946.35
2026-04-05 11:45:00,79.8,79.81,79.77,79.8,10496.15
2026-04-05 11:50:00,79.79,79.89,79.79,79.85,19540.82
2026-04-05 11:55:00,79.85,79.88,79.85,79.87,3534.38
2026-04-05 12:00:00,79.86,79.92,79.73,79.73,21550.21
2026-04-05 12:05:00,79.73,79.81,79.73,79.79,10561.82
2026-04-05 12:10:00,79.78,79.79,79.64,79.64,23669.1
2026-04-05 12:15:00,79.65,79.71,79.61,79.66,12482.42
2026-04-05 12:20:00,79.65,79.66,79.59,79.62,8653.33
2026-04-05 12:25:00,79.62,79.63,79.51,79.53,20116.44
2026-04-05 12:30:00,79.52,79.53,79.05,79.12,232061.21
2026-04-05 12:35:00,79.11,79.2,78.84,79.06,142234.7
2026-04-05 12:40:00,79.06,79.13,78.9,78.94,62141.4
2026-04-05 12:45:00,78.94,78.94,78.75,78.79,81088.09
2026-04-05 12:50:00,78.79,78.94,78.77,78.94,49129.54
2026-04-05 12:55:00,78.94,78.99,78.91,78.97,43252.98
2026-04-05 13:00:00,78.96,79.1,78.93,79.08,40846.71
2026-04-05 13:05:00,79.09,79.13,79.0,79.08,37147.92
2026-04-05 13:10:00,79.08,79.1,78.85,78.85,94307.48
2026-04-05 13:15:00,78.85,78.9,78.78,78.89,34223.97
2026-04-05 13:20:00,78.89,78.93,78.84,78.85,33397.17
2026-04-05 13:25:00,78.85,78.86,78.52,78.52,73569.01
2026-04-05 13:30:00,78.52,78.83,78.46,78.75,58776.92
2026-04-05 13:35:00,78.76,78.84,78.72,78.82,16370.18
2026-04-05 13:40:00,78.82,78.85,78.76,78.82,20733.15
2026-04-05 13:45:00,78.82,78.93,78.82,78.89,28814.5
2026-04-05 13:50:00,78.89,79.01,78.8,78.8,47481.79
2026-04-05 13:55:00,78.8,79.2,78.77,79.13,77545.46
2026-04-05 14:00:00,79.14,79.39,79.08,79.32,49456.29
2026-04-05 14:05:00,79.32,79.34,79.25,79.27,28911.97
2026-04-05 14:10:00,79.27,79.27,79.11,79.15,18144.32
2026-04-05 14:15:00,79.15,79.21,79.09,79.18,10815.49
2026-04-05 14:20:00,79.17,79.28,79.15,79.25,14105.89
2026-04-05 14:25:00,79.25,79.34,79.25,79.29,5343.67
2026-04-05 14:30:00,79.3,79.33,79.22,79.27,7833.23
2026-04-05 14:35:00,79.27,79.37,79.24,79.3,14208.12
2026-04-05 14:40:00,79.3,79.44,79.3,79.35,9946.26
2026-04-05 14:45:00,79.35,79.36,79.27,79.28,14663.38
2026-04-05 14:50:00,79.27,79.32,79.25,79.26,9265.66
2026-04-05 14:55:00,79.26,79.27,79.22,79.24,4313.43
2026-04-05 15:00:00,79.25,79.25,79.14,79.15,20789.17
2026-04-05 15:05:00,79.15,79.15,78.95,79.09,34201.29
2026-04-05 15:10:00,79.1,79.19,79.09,79.15,7848.77
2026-04-05 15:15:00,79.15,79.25,79.14,79.21,4820.49
2026-04-05 15:20:00,79.21,79.25,79.14,79.19,5439.04
2026-04-05 15:25:00,79.18,80.07,79.14,79.93,194819.89
2026-04-05 15:30:00,79.94,80.3,79.79,79.81,172468.24
2026-04-05 15:35:00,79.82,79.9,79.73,79.76,36659.19
2026-04-05 15:40:00,79.76,79.83,79.64,79.82,36762.2
2026-04-05 15:45:00,79.83,79.84,79.68,79.73,12250.91
2026-04-05 15:50:00,79.74,79.81,79.72,79.73,11181.57
2026-04-05 15:55:00,79.73,79.74,79.41,79.54,68388.91
2026-04-05 16:00:00,79.54,79.76,79.51,79.71,78479.64
2026-04-05 16:05:00,79.72,79.73,79.49,79.58,20426.23
2026-04-05 16:10:00,79.57,79.62,79.51,79.52,11528.35
2026-04-05 16:15:00,79.52,79.66,79.46,79.66,24447.34
2026-04-05 16:20:00,79.66,79.68,79.63,79.64,7923.13
2026-04-05 16:25:00,79.64,79.67,79.55,79.56,5915.92
2026-04-05 16:30:00,79.56,79.78,79.54,79.68,9261.18
2026-04-05 16:35:00,79.68,79.71,79.57,79.59,18662.52
2026-04-05 16:40:00,79.58,79.6,79.43,79.56,25703.19
2026-04-05 16:45:00,79.56,79.57,79.46,79.48,5974.34
2026-04-05 16:50:00,79.49,79.51,79.34,79.36,22634.85
2026-04-05 16:55:00,79.36,79.42,79.35,79.42,8774.2
2026-04-05 17:00:00,79.42,79.48,79.33,79.4,10144.35
2026-04-05 17:05:00,79.4,79.64,79.4,79.62,39086.16
2026-04-05 17:10:00,79.62,79.67,79.57,79.58,8620.92
2026-04-05 17:15:00,79.58,79.6,79.47,79.49,8931.46
2026-04-05 17:20:00,79.49,79.49,79.39,79.48,7948.21
2026-04-05 17:25:00,79.48,79.59,79.46,79.58,7861.67
2026-04-05 17:30:00,79.57,79.61,79.56,79.57,6278.0
2026-04-05 17:35:00,79.57,79.69,79.57,79.67,7128.42
2026-04-05 17:40:00,79.67,79.82,79.65,79.79,10358.93
2026-04-05 17:45:00,79.8,79.87,79.72,79.81,14173.88
2026-04-05 17:50:00,79.81,79.88,79.77,79.83,21582.1
2026-04-05 17:55:00,79.83,79.89,79.83,79.84,10640.23
2026-04-05 18:00:00,79.84,79.85,79.69,79.75,15584.55
2026-04-05 18:05:00,79.75,79.79,79.7,79.74,8512.68
2026-04-05 18:10:00,79.74,79.77,79.66,79.72,5914.62
2026-04-05 18:15:00,79.72,79.77,79.67,79.67,8162.68
2026-04-05 18:20:00,79.68,79.76,79.67,79.76,3081.32
2026-04-05 18:25:00,79.75,79.77,79.71,79.72,2308.23
2026-04-05 18:30:00,79.72,80.05,79.72,79.93,25142.37
2026-04-05 18:35:00,79.93,80.08,79.93,80.04,13086.06
2026-04-05 18:40:00,80.04,80.08,79.94,79.99,27100.84
2026-04-05 18:45:00,79.99,80.04,79.94,79.99,14218.97
2026-04-05 18:50:00,80.0,80.0,79.89,79.9,6355.86
2026-04-05 18:55:00,79.9,79.9,79.85,79.9,8332.35
2026-04-05 19:00:00,79.91,79.92,79.86,79.87,5097.78
2026-04-05 19:05:00,79.87,79.97,79.87,79.96,6145.02
2026-04-05 19:10:00,79.95,80.0,79.9,79.92,10334.82
2026-04-05 19:15:00,79.92,80.17,79.9,80.16,11206.4
2026-04-05 19:20:00,80.16,80.18,80.08,80.14,24413.09
2026-04-05 19:25:00,80.14,80.17,79.96,80.01,22024.28
2026-04-05 19:30:00,80.01,80.03,79.91,79.94,16787.75
2026-04-05 19:35:00,79.94,79.94,79.67,79.68,10786.45
2026-04-05 19:40:00,79.68,79.7,79.57,79.64,10069.77
2026-04-05 19:45:00,79.64,79.65,79.47,79.5,13669.08
2026-04-05 19:50:00,79.5,79.66,79.5,79.65,6798.28
2026-04-05 19:55:00,79.65,79.8,79.64,79.78,7493.39
2026-04-05 20:00:00,79.78,79.86,79.76,79.79,8084.05
2026-04-05 20:05:00,79.78,79.86,79.75,79.79,4321.79
2026-04-05 20:10:00,79.79,79.85,79.76,79.83,4166.44
2026-04-05 20:15:00,79.83,79.86,79.82,79.82,2833.68
2026-04-05 20:20:00,79.82,79.95,79.82,79.91,8603.45
2026-04-05 20:25:00,79.91,79.94,79.81,79.82,5787.45
2026-04-05 20:30:00,79.82,79.85,79.8,79.84,2212.29
2026-04-05 20:35:00,79.84,80.13,79.8,80.07,32024.23
2026-04-05 20:40:00,80.07,80.1,79.91,79.93,20214.74
2026-04-05 20:45:00,79.93,80.16,79.9,80.15,45362.19
2026-04-05 20:50:00,80.16,80.17,80.05,80.1,12381.67
2026-04-05 20:55:00,80.1,80.13,80.06,80.11,9201.2
2026-04-05 21:00:00,80.11,80.14,79.97,80.02,11901.95
2026-04-05 21:05:00,80.02,80.04,79.96,79.98,5346.05
2026-04-05 21:10:00,79.98,80.0,79.62,79.74,39240.9
2026-04-05 21:15:00,79.74,79.77,79.69,79.74,11502.94
2026-04-05 21:20:00,79.73,79.82,79.69,79.72,12385.16
2026-04-05 21:25:00,79.72,79.73,79.5,79.59,19946.12
2026-04-05 21:30:00,79.58,79.63,79.56,79.59,11335.0
2026-04-05 21:35:00,79.59,79.62,79.54,79.59,5219.52
2026-04-05 21:40:00,79.6,79.67,79.45,79.58,14078.96
2026-04-05 21:45:00,79.58,79.75,79.54,79.73,7894.01
2026-04-05 21:50:00,79.72,79.86,79.72,79.81,7177.68
2026-04-05 21:55:00,79.81,79.84,79.64,79.69,7319.53
2026-04-05 22:00:00,79.7,79.88,79.57,79.83,24985.71
2026-04-05 22:05:00,79.83,79.9,79.67,79.73,23271.66
2026-04-05 22:10:00,79.73,79.73,79.26,79.44,64889.71
2026-04-05 22:15:00,79.43,79.51,79.31,79.33,29821.57
2026-04-05 22:20:00,79.34,79.35,79.09,79.17,51950.97
2026-04-05 22:25:00,79.17,79.51,79.0,79.4,75402.83
2026-04-05 22:30:00,79.4,79.71,79.4,79.5,46832.01
2026-04-05 22:35:00,79.51,79.76,79.45,79.76,9772.31
2026-04-05 22:40:00,79.76,80.23,79.69,80.15,71459.55
2026-04-05 22:45:00,80.14,80.54,80.12,80.34,88481.77
2026-04-05 22:50:00,80.34,80.49,80.2,80.22,38780.15
2026-04-05 22:55:00,80.22,80.65,80.18,80.52,58105.85
2026-04-05 23:00:00,80.52,80.68,80.4,80.46,54604.29
2026-04-05 23:05:00,80.47,80.96,80.46,80.72,69476.27
2026-04-05 23:10:00,80.72,81.1,80.68,81.07,55352.21
2026-04-05 23:15:00,81.07,81.86,81.06,81.7,403934.1
2026-04-05 23:20:00,81.69,81.88,81.45,81.55,73078.31
2026-04-05 23:25:00,81.55,81.74,81.5,81.57,56114.89
2026-04-05 23:30:00,81.57,82.0,81.55,81.93,154245.01
2026-04-05 23:35:00,81.92,82.08,81.75,81.76,88040.48
2026-04-05 23:40:00,81.77,81.82,81.57,81.65,60091.89
2026-04-05 23:45:00,81.65,81.85,81.65,81.75,53305.29
2026-04-05 23:50:00,81.76,81.97,81.75,81.83,56136.98
2026-04-05 23:55:00,81.83,81.91,81.79,81.85,21558.05
2026-04-06 00:00:00,81.86,82.74,81.86,82.27,279494.5
2026-04-06 00:05:00,82.28,82.56,82.23,82.26,71156.97
2026-04-06 00:10:00,82.27,82.29,82.07,82.25,43500.68
2026-04-06 00:15:00,82.25,82.53,82.23,82.24,72316.71
2026-04-06 00:20:00,82.24,82.38,81.93,82.37,60188.17
2026-04-06 00:25:00,82.36,82.54,82.26,82.44,76359.16
2026-04-06 00:30:00,82.44,82.9,82.42,82.46,141319.67
2026-04-06 00:35:00,82.47,82.7,82.4,82.64,56652.05
2026-04-06 00:40:00,82.63,82.94,82.61,82.73,74675.98
2026-04-06 00:45:00,82.73,82.8,82.49,82.52,26439.72
2026-04-06 00:50:00,82.52,82.55,82.32,82.32,33750.02
2026-04-06 00:55:00,82.33,82.45,82.3,82.31,40698.53
2026-04-06 01:00:00,82.31,82.39,82.07,82.11,57617.22
2026-04-06 01:05:00,82.11,82.23,82.04,82.1,44861.44
2026-04-06 01:10:00,82.1,82.2,81.92,81.93,37430.78
2026-04-06 01:15:00,81.92,81.97,81.82,81.88,38281.13
2026-04-06 01:20:00,81.88,81.89,81.67,81.79,51869.48
2026-04-06 01:25:00,81.79,81.94,81.78,81.91,21373.57
2026-04-06 01:30:00,81.9,81.95,81.75,81.83,24076.17
2026-04-06 01:35:00,81.83,81.96,81.77,81.88,16761.92
2026-04-06 01:40:00,81.87,81.87,81.72,81.73,14144.5
2026-04-06 01:45:00,81.73,81.91,81.73,81.82,45094.06
2026-04-06 01:50:00,81.82,81.99,81.79,81.8,19284.48
2026-04-06 01:55:00,81.8,81.9,81.64,81.67,53725.54
2026-04-06 02:00:00,81.67,81.85,81.63,81.85,22630.53
2026-04-06 02:05:00,81.84,81.99,81.76,81.96,22252.95
2026-04-06 02:10:00,81.95,82.78,81.91,82.42,109398.05
2026-04-06 02:15:00,82.42,82.61,82.35,82.51,47527.09
2026-04-06 02:20:00,82.5,82.63,82.3,82.32,35476.88
2026-04-06 02:25:00,82.32,82.51,82.22,82.49,25320.49
2026-04-06 02:30:00,82.49,82.74,82.49,82.63,51589.44
2026-04-06 02:35:00,82.62,82.65,82.47,82.56,17173.73
2026-04-06 02:40:00,82.56,82.57,82.4,82.48,15968.46
2026-04-06 02:45:00,82.47,82.59,82.46,82.5,9009.02
2026-04-06 02:50:00,82.51,82.55,82.4,82.42,15789.88
2026-04-06 02:55:00,82.42,82.48,82.37,82.37,13202.49
2026-04-06 03:00:00,82.38,82.45,82.26,82.31,21073.97
2026-04-06 03:05:00,82.31,82.34,82.17,82.24,28760.73
2026-04-06 03:10:00,82.23,82.38,82.08,82.1,17674.5
2026-04-06 03:15:00,82.11,82.19,81.96,81.96,55555.34
2026-04-06 03:20:00,81.95,82.14,81.91,82.06,34496.05
2026-04-06 03:25:00,82.06,82.1,82.0,82.01,12216.27
2026-04-06 03:30:00,82.02,82.09,81.97,82.04,15725.43
2026-04-06 03:35:00,82.05,82.15,82.02,82.07,7891.49
2026-04-06 03:40:00,82.07,82.07,81.92,82.0,22940.01
2026-04-06 03:45:00,82.0,82.05,81.92,82.0,11796.26
2026-04-06 03:50:00,82.0,82.06,81.91,81.98,11270.29
2026-04-06 03:55:00,81.98,82.07,81.95,82.07,15828.73
2026-04-06 04:00:00,82.07,82.31,82.07,82.28,45885.64
2026-04-06 04:05:00,82.28,82.28,81.98,82.02,17518.51
2026-04-06 04:10:00,82.02,82.04,81.92,82.02,14810.7
2026-04-06 04:15:00,82.02,82.02,81.81,81.84,38583.49
2026-04-06 04:20:00,81.85,81.86,81.74,81.8,43914.56
2026-04-06 04:25:00,81.8,81.84,81.76,81.82,11095.92
2026-04-06 04:30:00,81.82,81.88,81.79,81.86,10981.41
2026-04-06 04:35:00,81.86,82.16,81.85,82.15,27827.57
2026-04-06 04:40:00,82.14,82.18,82.09,82.1,11509.15
2026-04-06 04:45:00,82.1,82.15,82.01,82.01,7939.23
2026-04-06 04:50:00,82.02,82.04,81.95,82.03,5412.2
2026-04-06 04:55:00,82.04,82.05,81.93,81.95,2867.72
2026-04-06 05:00:00,81.96,81.99,81.81,81.92,16455.31
2026-04-06 05:05:00,81.91,81.93,81.86,81.92,7830.73
2026-04-06 05:10:00,81.92,81.96,81.85,81.94,17027.88
2026-04-06 05:15:00,81.94,82.04,81.92,81.99,6638.67
2026-04-06 05:20:00,82.0,82.04,81.94,81.94,9836.93
2026-04-06 05:25:00,81.94,81.95,81.79,81.89,18500.72
2026-04-06 05:30:00,81.89,81.95,81.86,81.93,7533.85
2026-04-06 05:35:00,81.93,81.93,81.86,81.9,5332.61
2026-04-06 05:40:00,81.9,81.92,81.81,81.92,9840.64
2026-04-06 05:45:00,81.92,81.96,81.8,81.82,5962.6
2026-04-06 05:50:00,81.82,81.92,81.82,81.9,7560.3
2026-04-06 05:55:00,81.9,81.91,81.85,81.86,6313.55
2026-04-06 06:00:00,81.86,81.9,81.69,81.75,16305.36
2026-04-06 06:05:00,81.75,82.02,81.74,81.91,25719.4
2026-04-06 06:10:00,81.91,82.09,81.9,82.0,27320.3
2026-04-06 06:15:00,82.0,82.0,81.8,81.82,13474.59
2026-04-06 06:20:00,81.81,81.82,81.36,81.45,76574.32
2026-04-06 06:25:00,81.45,81.48,81.22,81.29,66688.26
2026-04-06 06:30:00,81.29,81.3,81.04,81.13,54477.27
2026-04-06 06:35:00,81.14,81.19,81.08,81.09,36023.12
2026-04-06 06:40:00,81.1,81.37,80.91,81.27,140341.19
2026-04-06 06:45:00,81.27,81.35,81.24,81.33,19965.01
2026-04-06 06:50:00,81.33,81.56,81.32,81.47,99359.17
2026-04-06 06:55:00,81.47,81.51,81.43,81.45,13266.58
2026-04-06 07:00:00,81.46,81.48,81.3,81.31,12024.44
2026-04-06 07:05:00,81.31,81.42,81.29,81.33,32490.41
2026-04-06 07:10:00,81.34,81.48,81.33,81.44,25125.99
2026-04-06 07:15:00,81.45,81.68,81.44,81.61,17577.42
2026-04-06 07:20:00,81.6,81.86,81.59,81.86,51661.95
2026-04-06 07:25:00,81.86,81.93,81.64,81.67,85052.29
2026-04-06 07:30:00,81.67,81.67,81.47,81.56,33695.08
2026-04-06 07:35:00,81.55,81.71,81.45,81.47,32781.4
2026-04-06 07:40:00,81.46,81.53,81.41,81.52,39712.55
2026-04-06 07:45:00,81.51,81.69,81.3,81.66,111139.37
2026-04-06 07:50:00,81.66,81.93,81.66,81.84,33354.59
2026-04-06 07:55:00,81.84,81.85,81.69,81.77,16257.45
2026-04-06 08:00:00,81.77,81.82,81.75,81.75,14299.06
2026-04-06 08:05:00,81.75,81.83,81.66,81.82,44448.51
2026-04-06 08:10:00,81.82,81.85,81.77,81.77,24042.95
2026-04-06 08:15:00,81.77,81.93,81.63,81.84,112428.8
2026-04-06 08:20:00,81.83,81.94,81.78,81.93,15526.69
2026-04-06 08:25:00,81.93,81.98,81.83,81.87,13756.41
2026-04-06 08:30:00,81.86,81.96,81.82,81.94,9588.42
2026-04-06 08:35:00,81.94,82.21,81.91,82.0,50079.58
2026-04-06 08:40:00,82.01,82.11,82.0,82.09,33581.39
2026-04-06 08:45:00,82.09,82.16,81.88,81.95,68637.52
2026-04-06 08:50:00,81.96,81.97,81.87,81.96,10069.3
2026-04-06 08:55:00,81.96,82.02,81.93,81.94,8117.09
2026-04-06 09:00:00,81.95,82.09,81.83,82.08,104582.69
2026-04-06 09:05:00,82.08,82.13,81.99,82.12,14096.52
2026-04-06 09:10:00,82.12,82.62,82.11,82.39,96964.17
2026-04-06 09:15:00,82.38,82.86,82.37,82.73,153669.24
2026-04-06 09:20:00,82.72,83.17,82.68,82.76,203183.59
2026-04-06 09:25:00,82.77,82.77,82.46,82.58,55933.78
2026-04-06 09:30:00,82.58,82.73,82.5,82.57,37777.03
2026-04-06 09:35:00,82.57,82.64,82.46,82.48,27700.11
2026-04-06 09:40:00,82.48,82.61,82.37,82.48,42251.67
2026-04-06 09:45:00,82.48,82.52,82.34,82.44,28914.52
2026-04-06 09:50:00,82.44,82.52,82.31,82.4,33679.57
2026-04-06 09:55:00,82.41,82.48,82.38,82.42,17114.33
2026-04-06 10:00:00,82.42,82.62,82.42,82.61,14174.12
2026-04-06 10:05:00,82.61,82.7,82.58,82.62,27159.91
2026-04-06 10:10:00,82.62,82.64,82.51,82.56,14553.13
2026-04-06 10:15:00,82.56,82.59,82.52,82.55,14218.88
2026-04-06 10:20:00,82.56,82.6,82.54,82.58,7957.87
2026-04-06 10:25:00,82.58,82.62,82.46,82.6,15965.79
2026-04-06 10:30:00,82.6,82.72,82.59,82.71,17651.64
2026-04-06 10:35:00,82.72,82.85,82.66,82.8,33220.68
2026-04-06 10:40:00,82.8,82.83,82.7,82.73,15345.73
2026-04-06 10:45:00,82.73,82.75,82.48,82.61,79527.83
2026-04-06 10:50:00,82.6,82.64,82.49,82.49,29040.37
2026-04-06 10:55:00,82.5,82.65,82.45,82.62,23280.95
2026-04-06 11:00:00,82.62,82.63,82.45,82.5,17386.71
2026-04-06 11:05:00,82.5,82.52,82.39,82.48,36397.06
2026-04-06 11:10:00,82.48,82.5,82.32,82.38,30478.63
2026-04-06 11:15:00,82.38,82.49,82.37,82.46,21940.48
2026-04-06 11:20:00,82.45,82.52,82.36,82.47,9241.44
2026-04-06 11:25:00,82.47,82.5,82.43,82.45,8087.84
2026-04-06 11:30:00,82.44,82.48,82.37,82.45,8383.92
2026-04-06 11:35:00,82.45,82.46,82.38,82.39,6560.78
2026-04-06 11:40:00,82.39,82.42,82.35,82.4,5133.86
2026-04-06 11:45:00,82.4,82.43,82.34,82.39,5307.82
2026-04-06 11:50:00,82.39,82.45,82.38,82.4,5273.34
2026-04-06 11:55:00,82.4,82.4,82.26,82.4,17354.53
2026-04-06 12:00:00,82.39,82.42,82.36,82.37,9141.63
2026-04-06 12:05:00,82.37,82.41,82.22,82.23,16428.59
2026-04-06 12:10:00,82.22,82.3,82.16,82.25,21533.52
2026-04-06 12:15:00,82.25,82.31,82.13,82.27,20333.98
2026-04-06 12:20:00,82.27,82.32,82.2,82.3,18576.06
2026-04-06 12:25:00,82.3,82.43,82.29,82.35,22861.24
2026-04-06 12:30:00,82.36,82.41,82.26,82.4,18000.35
2026-04-06 12:35:00,82.4,82.48,82.34,82.46,39139.7
2026-04-06 12:40:00,82.47,82.5,82.38,82.4,20237.86
2026-04-06 12:45:00,82.39,82.47,82.24,82.26,22127.55
2026-04-06 12:50:00,82.25,82.33,82.2,82.27,21797.0
2026-04-06 12:55:00,82.27,82.31,82.18,82.26,30619.56
2026-04-06 13:00:00,82.26,82.36,82.2,82.33,17106.74
2026-04-06 13:05:00,82.33,82.34,82.19,82.27,9403.89
2026-04-06 13:10:00,82.26,82.3,82.21,82.23,8645.17
2026-04-06 13:15:00,82.23,82.23,82.12,82.2,16754.55
2026-04-06 13:20:00,82.2,82.38,82.2,82.36,17229.04
2026-04-06 13:25:00,82.36,82.49,82.35,82.44,12043.58
2026-04-06 13:30:00,82.44,82.63,82.38,82.54,49389.89
2026-04-06 13:35:00,82.54,82.61,82.18,82.31,39328.6
2026-04-06 13:40:00,82.3,82.41,82.2,82.3,19502.88
2026-04-06 13:45:00,82.3,82.45,82.24,82.36,19672.03
2026-04-06 13:50:00,82.36,82.55,82.34,82.39,22191.93
2026-04-06 13:55:00,82.38,82.43,82.29,82.43,10284.19
2026-04-06 14:00:00,82.42,82.78,82.15,82.18,86128.23
2026-04-06 14:05:00,82.18,82.38,82.17,82.37,32308.62
2026-04-06 14:10:00,82.37,82.44,82.23,82.39,51189.44
2026-04-06 14:15:00,82.39,82.55,82.38,82.47,17674.67
2026-04-06 14:20:00,82.47,82.7,82.36,82.42,68410.03
2026-04-06 14:25:00,82.42,82.45,82.31,82.36,16985.47
2026-04-06 14:30:00,82.35,82.51,82.31,82.36,20368.2
2026-04-06 14:35:00,82.36,82.51,81.68,81.74,151955.12
2026-04-06 14:40:00,81.73,82.0,81.73,81.91,78598.7
2026-04-06 14:45:00,81.9,81.9,81.75,81.83,46979.76
2026-04-06 14:50:00,81.82,82.18,81.82,82.17,38082.02
2026-04-06 14:55:00,82.16,82.25,82.08,82.2,30364.05
2026-04-06 15:00:00,82.19,82.28,82.04,82.17,36362.97
2026-04-06 15:05:00,82.16,82.19,82.02,82.16,32415.02
2026-04-06 15:10:00,82.16,82.25,81.99,82.14,28720.19
2026-04-06 15:15:00,82.13,82.21,82.05,82.06,27111.32
2026-04-06 15:20:00,82.06,82.12,81.96,82.06,21834.89
2026-04-06 15:25:00,82.06,82.14,81.97,82.12,17490.86
2026-04-06 15:30:00,82.11,82.25,81.97,82.05,55504.78
2026-04-06 15:35:00,82.06,82.12,81.95,82.08,12515.24
2026-04-06 15:40:00,82.07,82.13,82.0,82.1,10565.08
2026-04-06 15:45:00,82.1,82.31,82.05,82.26,50012.41
2026-04-06 15:50:00,82.25,82.41,82.19,82.27,19532.34
2026-04-06 15:55:00,82.26,82.26,82.19,82.24,13950.21
2026-04-06 16:00:00,82.25,82.25,82.08,82.1,25464.61
2026-04-06 16:05:00,82.09,82.11,81.96,81.99,24961.0
2026-04-06 16:10:00,82.0,82.19,81.95,82.16,26240.09
2026-04-06 16:15:00,82.16,82.18,81.93,82.04,15665.52
2026-04-06 16:20:00,82.03,82.1,82.0,82.07,6284.77
2026-04-06 16:25:00,82.07,82.07,81.96,81.97,6731.03
2026-04-06 16:30:00,81.96,81.99,81.87,81.99,22388.66
2026-04-06 16:35:00,81.99,82.09,81.97,81.99,14591.38
2026-04-06 16:40:00,81.98,82.13,81.98,82.13,11999.52
2026-04-06 16:45:00,82.13,82.43,82.05,82.29,29155.33
2026-04-06 16:50:00,82.29,82.32,81.95,81.97,20330.07
2026-04-06 16:55:00,81.97,81.97,81.53,81.55,79469.63
2026-04-06 17:00:00,81.55,81.59,81.25,81.49,131290.93
2026-04-06 17:05:00,81.5,81.7,81.45,81.64,42827.29
2026-04-06 17:10:00,81.64,81.67,81.13,81.24,45972.19
2026-04-06 17:15:00,81.24,81.42,81.14,81.33,38472.27
2026-04-06 17:20:00,81.32,81.53,81.23,81.51,37889.98
2026-04-06 17:25:00,81.51,81.6,81.51,81.55,27770.53
2026-04-06 17:30:00,81.55,81.75,81.53,81.57,20505.39
2026-04-06 17:35:00,81.57,81.67,81.5,81.55,12466.18
2026-04-06 17:40:00,81.54,81.54,81.45,81.49,8140.34
2026-04-06 17:45:00,81.49,81.55,81.42,81.55,11445.26
2026-04-06 17:50:00,81.55,81.64,81.54,81.58,13285.92
2026-04-06 17:55:00,81.58,81.64,81.56,81.59,7249.45
2026-04-06 18:00:00,81.6,81.6,81.5,81.52,16469.08
2026-04-06 18:05:00,81.52,81.61,81.5,81.6,10003.42
2026-04-06 18:10:00,81.6,82.02,81.6,81.93,50904.05
2026-04-06 18:15:00,81.92,82.07,81.89,82.05,27563.46
2026-04-06 18:20:00,82.05,82.17,81.99,82.02,27399.68
2026-04-06 18:25:00,82.02,82.14,81.91,82.06,20761.84
2026-04-06 18:30:00,82.06,82.17,82.0,82.0,11024.28
2026-04-06 18:35:00,82.0,82.04,81.92,81.92,9962.64
2026-04-06 18:40:00,81.93,81.93,81.73,81.77,18520.48
2026-04-06 18:45:00,81.76,81.88,81.75,81.86,9518.41
2026-04-06 18:50:00,81.85,81.93,81.81,81.92,3804.21
2026-04-06 18:55:00,81.92,81.92,81.82,81.85,4701.22
2026-04-06 19:00:00,81.84,81.84,81.67,81.72,7472.37
2026-04-06 19:05:00,81.72,81.72,81.55,81.63,11619.09
2026-04-06 19:10:00,81.63,81.67,81.51,81.65,16994.32
2026-04-06 19:15:00,81.64,81.69,81.58,81.62,9749.68
2026-04-06 19:20:00,81.61,81.73,81.61,81.61,11487.92
2026-04-06 19:25:00,81.62,81.7,81.62,81.67,5781.25
2026-04-06 19:30:00,81.67,81.75,81.63,81.65,3687.57
2026-04-06 19:35:00,81.66,81.71,81.6,81.67,4915.1
2026-04-06 19:40:00,81.66,81.71,81.56,81.68,9290.07
2026-04-06 19:45:00,81.68,81.7,81.62,81.66,6377.65
2026-04-06 19:50:00,81.67,81.72,81.64,81.71,10667.0
2026-04-06 19:55:00,81.71,81.93,81.62,81.86,28143.74
2026-04-06 20:00:00,81.86,81.97,81.76,81.96,13703.31
2026-04-06 20:05:00,81.95,82.07,81.92,81.95,12185.64
2026-04-06 20:10:00,81.95,82.0,81.9,82.0,3431.75
2026-04-06 20:15:00,82.0,82.08,81.93,82.04,8177.99
2026-04-06 20:20:00,82.04,82.07,81.91,81.95,6523.45
2026-04-06 20:25:00,81.95,82.09,81.95,82.02,11440.4
2026-04-06 20:30:00,82.03,82.07,82.01,82.03,7068.14
2026-04-06 20:35:00,82.03,82.1,82.01,82.03,5244.63
2026-04-06 20:40:00,82.03,82.08,82.0,82.04,3211.57
2026-04-06 20:45:00,82.04,82.09,82.0,82.02,5458.93
2026-04-06 20:50:00,82.02,82.03,81.88,81.95,8155.86
2026-04-06 20:55:00,81.95,81.98,81.92,81.94,8646.69
2026-04-06 21:00:00,81.94,81.94,81.8,81.88,19658.85
2026-04-06 21:05:00,81.87,81.91,81.83,81.83,2830.47
2026-04-06 21:10:00,81.83,81.84,81.71,81.8,10004.83
2026-04-06 21:15:00,81.8,81.81,81.67,81.72,6934.35
2026-04-06 21:20:00,81.72,81.73,81.65,81.72,11728.06
2026-04-06 21:25:00,81.71,81.72,81.66,81.68,2609.14
2026-04-06 21:30:00,81.69,81.7,81.62,81.63,2163.58
2026-04-06 21:35:00,81.63,81.63,81.43,81.56,11681.58
2026-04-06 21:40:00,81.55,81.55,81.37,81.42,14469.51
2026-04-06 21:45:00,81.42,81.5,81.39,81.5,6283.93
2026-04-06 21:50:00,81.5,81.5,81.35,81.42,8434.16
2026-04-06 21:55:00,81.42,81.46,81.33,81.43,7862.05
2026-04-06 22:00:00,81.42,81.45,81.31,81.37,14830.81
2026-04-06 22:05:00,81.37,81.45,81.34,81.34,5582.04
2026-04-06 22:10:00,81.34,81.43,81.33,81.38,8634.81
2026-04-06 22:15:00,81.38,81.39,81.27,81.27,10716.56
2026-04-06 22:20:00,81.27,81.33,81.06,81.09,38365.28
2026-04-06 22:25:00,81.08,81.2,81.07,81.15,13428.19
2026-04-06 22:30:00,81.15,81.15,80.84,80.93,61331.07
2026-04-06 22:35:00,80.93,80.99,80.88,80.94,15830.73
2026-04-06 22:40:00,80.94,80.98,80.73,80.74,76585.13
2026-04-06 22:45:00,80.73,80.73,80.48,80.59,112259.77
2026-04-06 22:50:00,80.59,80.59,80.28,80.35,96233.08
2026-04-06 22:55:00,80.35,80.4,80.1,80.12,60962.75
2026-04-06 23:00:00,80.12,80.12,79.71,79.89,172881.16
2026-04-06 23:05:00,79.89,80.02,79.53,80.02,114149.57
2026-04-06 23:10:00,80.02,80.12,79.85,79.87,62627.53
2026-04-06 23:15:00,79.86,79.89,79.73,79.85,62459.21
2026-04-06 23:20:00,79.84,79.9,79.62,79.77,33845.83
2026-04-06 23:25:00,79.78,79.83,79.71,79.72,20784.44
2026-04-06 23:30:00,79.73,79.94,79.6,79.66,57723.4
2026-04-06 23:35:00,79.67,79.92,79.61,79.9,50916.57
2026-04-06 23:40:00,79.9,80.16,79.88,80.04,102317.16
2026-04-06 23:45:00,80.04,80.09,79.86,79.92,39660.92
2026-04-06 23:50:00,79.92,80.14,79.91,80.14,34292.58
2026-04-06 23:55:00,80.15,80.19,79.94,79.95,59500.0
2026-04-07 00:00:00,79.95,80.11,79.84,79.87,87413.77
2026-04-07 00:05:00,79.87,80.15,79.68,79.88,100381.09
2026-04-07 00:10:00,79.89,79.95,79.77,79.8,53421.15
2026-04-07 00:15:00,79.8,79.97,79.75,79.75,41106.28
2026-04-07 00:20:00,79.75,79.88,79.64,79.83,36472.87
2026-04-07 00:25:00,79.83,79.87,79.72,79.82,22122.52
2026-04-07 00:30:00,79.82,79.92,79.56,79.6,38822.67
2026-04-07 00:35:00,79.61,79.65,79.52,79.59,44356.96
2026-04-07 00:40:00,79.6,79.78,79.58,79.74,26645.46
2026-04-07 00:45:00,79.73,79.92,79.71,79.92,15016.28
2026-04-07 00:50:00,79.91,79.97,79.87,79.94,16792.77
2026-04-07 00:55:00,79.94,79.96,79.83,79.84,17014.83
2026-04-07 01:00:00,79.84,79.87,79.66,79.86,36721.93
2026-04-07 01:05:00,79.86,79.87,79.63,79.71,24805.32
2026-04-07 01:10:00,79.71,79.8,79.63,79.68,28874.29
2026-04-07 01:15:00,79.67,79.97,79.65,79.97,33561.71
2026-04-07 01:20:00,79.96,80.08,79.82,79.86,39333.6
2026-04-07 01:25:00,79.86,80.0,79.86,79.98,21457.56
2026-04-07 01:30:00,79.98,80.06,79.94,79.98,28006.81
2026-04-07 01:35:00,79.99,80.0,79.74,79.78,16303.93
2026-04-07 01:40:00,79.77,79.92,79.76,79.89,12891.87
2026-04-07 01:45:00,79.9,79.93,79.71,79.71,15726.09
2026-04-07 01:50:00,79.72,79.72,79.31,79.51,98985.16
2026-04-07 01:55:00,79.51,79.58,79.43,79.45,14946.05
2026-04-07 02:00:00,79.45,79.56,79.42,79.55,25771.94
2026-04-07 02:05:00,79.56,79.65,79.4,79.61,26645.0
2026-04-07 02:10:00,79.62,79.69,79.5,79.5,16212.15
2026-04-07 02:15:00,79.5,79.67,79.49,79.67,32797.8
2026-04-07 02:20:00,79.67,79.73,79.51,79.7,23248.94
2026-04-07 02:25:00,79.7,79.71,79.59,79.69,16634.24
2026-04-07 02:30:00,79.69,79.75,79.56,79.6,29421.34
2026-04-07 02:35:00,79.6,79.84,79.6,79.75,24127.0
2026-04-07 02:40:00,79.76,79.77,79.61,79.65,15237.84
2026-04-07 02:45:00,79.65,79.73,79.61,79.68,9370.05
2026-04-07 02:50:00,79.69,79.78,79.55,79.63,18758.84
2026-04-07 02:55:00,79.63,79.71,79.58,79.67,23003.64
2026-04-07 03:00:00,79.66,79.76,79.64,79.73,15130.85
2026-04-07 03:05:00,79.72,79.72,79.63,79.68,14016.65
2026-04-07 03:10:00,79.68,79.72,79.66,79.7,10564.61
2026-04-07 03:15:00,79.7,79.8,79.67,79.7,10213.2
2026-04-07 03:20:00,79.7,79.87,79.68,79.8,23295.86
2026-04-07 03:25:00,79.8,79.83,79.77,79.81,16324.21
2026-04-07 03:30:00,79.81,79.82,79.76,79.79,8646.38
2026-04-07 03:35:00,79.79,79.82,79.71,79.72,11290.15
2026-04-07 03:40:00,79.73,79.76,79.7,79.76,6553.5
2026-04-07 03:45:00,79.76,79.76,79.68,79.68,7338.56
2026-04-07 03:50:00,79.69,79.74,79.68,79.72,15088.76
2026-04-07 03:55:00,79.72,79.75,79.68,79.73,9853.6
2026-04-07 04:00:00,79.73,79.75,79.65,79.65,19128.15
2026-04-07 04:05:00,79.65,79.75,79.64,79.72,12502.65
2026-04-07 04:10:00,79.73,79.76,79.65,79.7,8224.46
2026-04-07 04:15:00,79.7,79.76,79.61,79.66,8110.46
2026-04-07 04:20:00,79.66,79.74,79.63,79.7,7372.07
2026-04-07 04:25:00,79.71,79.76,79.67,79.68,8385.42
2026-04-07 04:30:00,79.68,79.92,79.67,79.88,17871.94
2026-04-07 04:35:00,79.88,79.92,79.8,79.9,26558.01
2026-04-07 04:40:00,79.89,79.93,79.87,79.92,15294.52
2026-04-07 04:45:00,79.92,80.12,79.87,80.07,92127.61
2026-04-07 04:50:00,80.06,80.06,79.9,79.94,23439.41
2026-04-07 04:55:00,79.95,79.96,79.85,79.85,17066.88
2026-04-07 05:00:00,79.85,79.91,79.8,79.82,18662.01
2026-04-07 05:05:00,79.82,79.84,79.75,79.84,22725.32
2026-04-07 05:10:00,79.84,79.87,79.72,79.72,23044.16
2026-04-07 05:15:00,79.72,79.87,79.58,79.8,81870.97
2026-04-07 05:20:00,79.8,79.81,79.69,79.72,7413.3
2026-04-07 05:25:00,79.72,79.76,79.61,79.66,15529.95
2026-04-07 05:30:00,79.66,79.7,79.59,79.66,12654.21
2026-04-07 05:35:00,79.66,79.75,79.62,79.72,7842.95
2026-04-07 05:40:00,79.73,79.76,79.44,79.46,53164.01
2026-04-07 05:45:00,79.46,79.53,79.4,79.53,47744.54
2026-04-07 05:50:00,79.53,79.6,79.44,79.46,22823.12
2026-04-07 05:55:00,79.45,79.56,79.4,79.54,26897.62
2026-04-07 06:00:00,79.54,79.57,79.46,79.5,13228.67
2026-04-07 06:05:00,79.49,79.56,79.38,79.42,23253.33
2026-04-07 06:10:00,79.41,79.47,79.32,79.34,22194.08
2026-04-07 06:15:00,79.34,79.36,79.24,79.33,34549.5
2026-04-07 06:20:00,79.33,79.43,79.26,79.42,28346.32
2026-04-07 06:25:00,79.42,79.55,79.42,79.53,26134.35
2026-04-07 06:30:00,79.52,79.54,79.42,79.45,22397.84
2026-04-07 06:35:00,79.45,79.59,79.42,79.53,37225.57
2026-04-07 06:40:00,79.54,79.62,79.38,79.48,90635.71
2026-04-07 06:45:00,79.48,79.52,79.41,79.47,9945.19
2026-04-07 06:50:00,79.48,79.54,79.47,79.5,8268.86
2026-04-07 06:55:00,79.5,79.53,79.47,79.49,9508.84
2026-04-07 07:00:00,79.5,79.5,79.39,79.46,11203.77
2026-04-07 07:05:00,79.46,79.53,79.41,79.49,13816.21
2026-04-07 07:10:00,79.49,79.63,79.49,79.61,23526.13
2026-04-07 07:15:00,79.61,79.75,79.59,79.67,32857.63
2026-04-07 07:20:00,79.67,79.83,79.65,79.82,28896.25
2026-04-07 07:25:00,79.82,79.89,79.65,79.65,74751.72
2026-04-07 07:30:00,79.65,79.84,79.63,79.76,20788.62
2026-04-07 07:35:00,79.76,79.77,79.67,79.71,10719.57
2026-04-07 07:40:00,79.71,79.78,79.71,79.76,4595.62
2026-04-07 07:45:00,79.76,79.79,79.7,79.76,11614.54
2026-04-07 07:50:00,79.77,79.83,79.75,79.82,5753.0
2026-04-07 07:55:00,79.82,79.86,79.78,79.82,13583.01
2026-04-07 08:00:00,79.81,80.15,79.76,79.92,77888.97
2026-04-07 08:05:00,79.92,79.98,79.88,79.98,11209.32
2026-04-07 08:10:00,79.98,80.15,79.98,80.01,27118.9
2026-04-07 08:15:00,80.01,80.12,79.95,80.12,20347.15
2026-04-07 08:20:00,80.12,80.31,80.09,80.28,55956.89
2026-04-07 08:25:00,80.28,80.31,80.01,80.09,112918.72
2026-04-07 08:30:00,80.09,80.2,80.02,80.04,30460.28
2026-04-07 08:35:00,80.03,80.06,79.96,80.05,26609.5
2026-04-07 08:40:00,80.05,80.12,79.97,80.08,34262.34
2026-04-07 08:45:00,80.09,80.13,79.97,79.97,17929.34
2026-04-07 08:50:00,79.97,80.07,79.94,80.06,32351.95
2026-04-07 08:55:00,80.06,80.17,79.99,80.09,64843.26
2026-04-07 09:00:00,80.08,80.28,80.08,80.24,25965.3
2026-04-07 09:05:00,80.23,80.48,80.09,80.43,84363.89
2026-04-07 09:10:00,80.43,80.55,80.29,80.3,48202.12
2026-04-07 09:15:00,80.3,80.36,80.26,80.35,37762.21
2026-04-07 09:20:00,80.34,80.35,80.22,80.26,15534.29
2026-04-07 09:25:00,80.26,80.29,80.13,80.25,19651.77
2026-04-07 09:30:00,80.26,80.47,80.24,80.46,14976.86
2026-04-07 09:35:00,80.47,80.47,80.34,80.36,15831.84
2026-04-07 09:40:00,80.37,80.48,80.36,80.39,13991.99
2026-04-07 09:45:00,80.39,80.42,80.32,80.37,9872.24
2026-04-07 09:50:00,80.37,80.37,80.28,80.3,13475.11
2026-04-07 09:55:00,80.3,80.33,80.26,80.33,10509.05
2026-04-07 10:00:00,80.32,80.4,80.17,80.18,23254.61
2026-04-07 10:05:00,80.18,80.18,79.79,80.03,100189.42
2026-04-07 10:10:00,80.03,80.05,79.85,79.86,63989.16
2026-04-07 10:15:00,79.86,80.02,79.86,79.95,30282.22
2026-04-07 10:20:00,79.96,80.08,79.96,79.99,20186.85
2026-04-07 10:25:00,79.98,79.98,79.62,79.74,104054.79
2026-04-07 10:30:00,79.75,79.82,79.69,79.76,31224.29
2026-04-07 10:35:00,79.76,79.77,79.5,79.53,84651.47
2026-04-07 10:40:00,79.53,79.58,79.4,79.49,46075.59
2026-04-07 10:45:00,79.5,79.55,79.44,79.51,21871.65
2026-04-07 10:50:00,79.52,79.53,79.16,79.34,104660.51
2026-04-07 10:55:00,79.33,79.42,79.28,79.32,39811.01
2026-04-07 11:00:00,79.32,79.42,79.21,79.4,71208.35
2026-04-07 11:05:00,79.4,79.5,79.36,79.39,38181.97
2026-04-07 11:10:00,79.4,79.41,79.29,79.39,34802.32
2026-04-07 11:15:00,79.38,79.49,79.02,79.04,127946.63
2026-04-07 11:20:00,79.03,79.11,78.84,79.07,265513.8
2026-04-07 11:25:00,79.07,79.29,79.04,79.26,29404.97
2026-04-07 11:30:00,79.25,79.26,79.06,79.08,20504.36
2026-04-07 11:35:00,79.09,79.29,79.07,79.26,23076.81
2026-04-07 11:40:00,79.26,79.28,79.15,79.24,22592.02
2026-04-07 11:45:00,79.24,79.3,79.22,79.26,7204.07
2026-04-07 11:50:00,79.26,79.3,79.12,79.12,22061.51
2026-04-07 11:55:00,79.12,79.19,79.06,79.16,25228.4
2026-04-07 12:00:00,79.16,79.26,79.14,79.24,17847.01
2026-04-07 12:05:00,79.24,79.34,78.53,78.81,252273.29
2026-04-07 12:10:00,78.8,78.98,78.7,78.98,75648.44
2026-04-07 12:15:00,78.98,79.15,78.82,79.05,49826.38
2026-04-07 12:20:00,79.05,79.21,78.94,79.03,70509.69
2026-04-07 12:25:00,79.04,79.07,79.01,79.05,17368.12
2026-04-07 12:30:00,79.05,79.09,78.88,78.93,32513.8
2026-04-07 12:35:00,78.93,79.02,78.87,79.02,10154.95
2026-04-07 12:40:00,79.02,79.02,78.83,78.86,19038.75
2026-04-07 12:45:00,78.85,78.93,78.76,78.86,34803.05
2026-04-07 12:50:00,78.86,78.92,78.8,78.88,22000.69
2026-04-07 12:55:00,78.88,79.31,78.85,79.08,100604.09
2026-04-07 13:00:00,79.08,79.1,78.9,78.95,39646.3
2026-04-07 13:05:00,78.95,79.19,78.95,79.1,51536.04
2026-04-07 13:10:00,79.1,79.14,78.96,79.08,22430.17
2026-04-07 13:15:00,79.08,79.09,78.95,78.95,26572.11
2026-04-07 13:20:00,78.96,78.99,78.87,78.88,22455.19
2026-04-07 13:25:00,78.87,78.92,78.83,78.92,18676.11
2026-04-07 13:30:00,78.92,79.14,78.9,78.98,33497.61
2026-04-07 13:35:00,78.98,79.08,78.92,79.02,27650.7
2026-04-07 13:40:00,79.01,79.1,78.84,78.89,24238.95
2026-04-07 13:45:00,78.89,78.91,78.78,78.87,29239.47
2026-04-07 13:50:00,78.87,79.05,78.83,79.05,21177.69
2026-04-07 13:55:00,79.05,79.08,78.81,78.82,19940.76
2026-04-07 14:00:00,78.83,78.88,78.68,78.71,37329.46
2026-04-07 14:05:00,78.71,78.8,78.33,78.43,206647.87
2026-04-07 14:10:00,78.43,78.56,78.4,78.52,33976.38
2026-04-07 14:15:00,78.51,78.65,78.48,78.59,50804.58
2026-04-07 14:20:00,78.6,79.02,78.6,78.94,73861.5
2026-04-07 14:25:00,78.95,78.99,78.8,78.93,23191.73
2026-04-07 14:30:00,78.93,79.01,78.78,78.81,40190.9
2026-04-07 14:35:00,78.81,78.83,78.63,78.7,13096.34
2026-04-07 14:40:00,78.7,78.74,78.61,78.64,25759.54
2026-04-07 14:45:00,78.64,78.95,78.62,78.77,34682.9
2026-04-07 14:50:00,78.78,78.8,78.67,78.75,9992.05
2026-04-07 14:55:00,78.75,78.75,78.53,78.54,16209.41
2026-04-07 15:00:00,78.53,78.57,78.4,78.45,74123.12
2026-04-07 15:05:00,78.44,78.49,78.31,78.49,40298.85
2026-04-07 15:10:00,78.49,78.65,78.49,78.54,33097.5
2026-04-07 15:15:00,78.54,78.92,78.54,78.74,86178.98
2026-04-07 15:20:00,78.74,78.86,78.67,78.79,43123.95
2026-04-07 15:25:00,78.79,78.91,78.78,78.88,38927.53
2026-04-07 15:30:00,78.89,78.91,78.82,78.83,26612.36
2026-04-07 15:35:00,78.83,78.91,78.74,78.78,28524.53
2026-04-07 15:40:00,78.78,78.8,78.68,78.75,14266.53
2026-04-07 15:45:00,78.75,78.79,78.69,78.77,16057.19
2026-04-07 15:50:00,78.76,78.82,78.65,78.8,14215.36
2026-04-07 15:55:00,78.8,78.95,78.77,78.81,27553.58
2026-04-07 16:00:00,78.8,79.15,78.75,78.91,59254.38
2026-04-07 16:05:00,78.91,78.96,78.72,78.73,20793.65
2026-04-07 16:10:00,78.73,78.79,78.7,78.76,8701.8
2026-04-07 16:15:00,78.76,78.79,78.67,78.68,24421.95
2026-04-07 16:20:00,78.67,78.92,78.61,78.89,53484.07
2026-04-07 16:25:00,78.89,78.97,78.84,78.95,15563.7
2026-04-07 16:30:00,78.95,78.97,78.86,78.95,7264.38
2026-04-07 16:35:00,78.95,78.96,78.9,78.93,8055.65
2026-04-07 16:40:00,78.94,79.02,78.89,78.95,19120.84
2026-04-07 16:45:00,78.95,79.05,78.93,78.94,12606.22
2026-04-07 16:50:00,78.93,78.96,78.82,78.84,8866.91
2026-04-07 16:55:00,78.84,78.88,78.81,78.86,11223.89
2026-04-07 17:00:00,78.85,78.99,78.83,78.97,27823.05
2026-04-07 17:05:00,78.96,78.99,78.92,78.95,10451.19
2026-04-07 17:10:00,78.94,78.96,78.84,78.86,9964.6
2026-04-07 17:15:00,78.86,79.12,78.79,79.11,73452.85
2026-04-07 17:20:00,79.11,79.47,79.02,79.42,120099.1
2026-04-07 17:25:00,79.42,79.43,79.37,79.39,25651.93
2026-04-07 17:30:00,79.4,79.87,79.39,79.79,113039.5
2026-04-07 17:35:00,79.78,80.94,79.75,80.04,506582.67
2026-04-07 17:40:00,80.04,80.2,79.91,79.94,93954.98
2026-04-07 17:45:00,79.94,80.0,79.8,79.96,99077.1
2026-04-07 17:50:00,79.96,80.13,79.94,80.03,39805.95
2026-04-07 17:55:00,80.03,80.03,79.94,80.01,17700.75
2026-04-07 18:00:00,80.01,80.15,79.95,79.96,45217.89
2026-04-07 18:05:00,79.97,80.04,79.94,79.99,16257.63
2026-04-07 18:10:00,79.98,80.14,79.91,80.12,30485.72
2026-04-07 18:15:00,80.12,80.15,79.95,80.02,38748.3
2026-04-07 18:20:00,80.01,80.07,79.88,79.93,19740.13
2026-04-07 18:25:00,79.93,80.03,79.88,80.01,14298.42
2026-04-07 18:30:00,80.0,80.07,79.98,80.03,7825.98
2026-04-07 18:35:00,80.03,80.05,79.86,79.9,39673.89
2026-04-07 18:40:00,79.9,79.91,79.67,79.7,34126.07
2026-04-07 18:45:00,79.71,79.77,79.65,79.77,22300.1
2026-04-07 18:50:00,79.76,79.84,79.55,79.61,42947.11
2026-04-07 18:55:00,79.6,79.89,79.46,79.89,76896.11
2026-04-07 19:00:00,79.88,80.06,79.84,79.97,62779.72
2026-04-07 19:05:00,79.97,80.14,79.87,80.01,26420.77
2026-04-07 19:10:00,80.01,80.49,79.99,80.46,103524.86
2026-04-07 19:15:00,80.46,80.93,80.46,80.89,168552.02
2026-04-07 19:20:00,80.88,81.13,80.55,80.6,87886.65
2026-04-07 19:25:00,80.6,80.86,80.53,80.75,23826.79
2026-04-07 19:30:00,80.74,80.81,80.46,80.48,33687.52
2026-04-07 19:35:00,80.49,81.0,80.41,80.99,101646.61
2026-04-07 19:40:00,80.99,81.2,80.89,81.02,114797.4
2026-04-07 19:45:00,81.02,81.8,81.0,81.38,164917.06
2026-04-07 19:50:00,81.38,81.6,81.37,81.55,47941.23
2026-04-07 19:55:00,81.56,81.69,81.51,81.57,49805.16
2026-04-07 20:00:00,81.57,82.07,81.57,81.88,159081.6
2026-04-07 20:05:00,81.88,82.13,81.87,81.92,63413.27
2026-04-07 20:10:00,81.92,82.0,81.82,81.88,48279.56
2026-04-07 20:15:00,81.88,82.23,81.66,82.2,88755.47
2026-04-07 20:20:00,82.19,82.28,81.87,81.93,69166.9
2026-04-07 20:25:00,81.92,82.02,81.85,82.02,36979.63
2026-04-07 20:30:00,82.01,82.18,82.01,82.07,27427.61
2026-04-07 20:35:00,82.07,82.1,81.86,82.1,39244.65
2026-04-07 20:40:00,82.09,82.39,81.95,82.06,66740.11
2026-04-07 20:45:00,82.06,82.07,81.91,81.91,27991.52
2026-04-07 20:50:00,81.91,82.18,81.85,81.94,73590.96
2026-04-07 20:55:00,81.94,82.0,81.87,81.91,26079.77
2026-04-07 21:00:00,81.91,82.0,81.84,81.94,30388.31
2026-04-07 21:05:00,81.94,82.6,81.9,82.4,135431.18
2026-04-07 21:10:00,82.4,83.24,82.35,82.69,220286.58
2026-04-07 21:15:00,82.69,82.79,82.39,82.48,49549.68
2026-04-07 21:20:00,82.48,82.53,82.34,82.39,27809.09
2026-04-07 21:25:00,82.39,82.43,82.06,82.22,38265.34
2026-04-07 21:30:00,82.22,82.5,82.21,82.46,40503.69
2026-04-07 21:35:00,82.46,82.68,82.42,82.68,38015.83
2026-04-07 21:40:00,82.67,82.8,82.43,82.79,35946.57
2026-04-07 21:45:00,82.79,83.04,82.74,82.82,51441.32
2026-04-07 21:50:00,82.82,83.07,82.68,82.85,43219.75
2026-04-07 21:55:00,82.84,82.94,82.7,82.88,32675.96
2026-04-07 22:00:00,82.89,83.13,82.89,82.98,68301.18
2026-04-07 22:05:00,82.99,83.73,82.94,83.06,216265.37
2026-04-07 22:10:00,83.06,83.52,82.98,83.52,98453.41
2026-04-07 22:15:00,83.52,83.59,83.22,83.26,51033.83
2026-04-07 22:20:00,83.26,83.48,83.2,83.37,32334.6
2026-04-07 22:25:00,83.38,83.48,83.29,83.38,28304.77
2026-04-07 22:30:00,83.38,84.3,83.36,84.14,381191.57
2026-04-07 22:35:00,84.13,84.88,84.1,84.45,271722.39
2026-04-07 22:40:00,84.45,84.65,83.84,83.99,126279.15
2026-04-07 22:45:00,83.98,84.35,83.91,84.34,56814.89
2026-04-07 22:50:00,84.33,84.63,84.26,84.43,82781.37
2026-04-07 22:55:00,84.43,85.23,84.43,85.22,205021.55
2026-04-07 23:00:00,85.22,86.07,85.19,85.24,316463.03
2026-04-07 23:05:00,85.25,85.66,85.04,85.56,103868.15
2026-04-07 23:10:00,85.55,85.76,85.29,85.47,93503.25
2026-04-07 23:15:00,85.48,85.57,85.15,85.49,62515.03
2026-04-07 23:20:00,85.49,86.37,85.48,86.07,251296.43
2026-04-07 23:25:00,86.06,87.14,85.97,86.9,244961.26
2026-04-07 23:30:00,86.9,87.0,86.14,86.22,196023.49
2026-04-07 23:35:00,86.23,86.26,85.77,85.84,90615.64
2026-04-07 23:40:00,85.84,85.96,85.67,85.7,79027.76
2026-04-07 23:45:00,85.7,86.06,85.65,85.87,78879.07
2026-04-07 23:50:00,85.86,86.0,85.44,85.54,124662.84
2026-04-07 23:55:00,85.53,85.72,85.49,85.51,81493.69
2026-04-08 00:00:00,85.51,85.86,85.43,85.5,90096.32
2026-04-08 00:05:00,85.5,85.66,85.25,85.25,87190.79
2026-04-08 00:10:00,85.26,85.47,85.2,85.34,60385.49
2026-04-08 00:15:00,85.34,85.46,85.16,85.18,56561.83
2026-04-08 00:20:00,85.17,85.24,84.91,84.99,57492.62
2026-04-08 00:25:00,84.99,85.13,84.86,84.89,36469.71
2026-04-08 00:30:00,84.89,84.96,84.5,84.55,83171.91
2026-04-08 00:35:00,84.55,84.75,84.4,84.73,68948.23
2026-04-08 00:40:00,84.73,84.84,84.51,84.57,34700.99
2026-04-08 00:45:00,84.57,84.58,84.22,84.4,73363.0
2026-04-08 00:50:00,84.39,84.63,84.35,84.47,39379.69
2026-04-08 00:55:00,84.47,84.76,84.44,84.73,33082.2
2026-04-08 01:00:00,84.73,84.77,84.49,84.51,52969.78
2026-04-08 01:05:00,84.51,84.95,84.45,84.94,48237.5
2026-04-08 01:10:00,84.93,84.94,84.7,84.73,30567.32
2026-04-08 01:15:00,84.74,84.79,84.5,84.52,21754.09
2026-04-08 01:20:00,84.51,84.57,84.41,84.48,25165.97
2026-04-08 01:25:00,84.49,84.51,84.43,84.47,9457.9
2026-04-08 01:30:00,84.47,84.5,84.41,84.47,16054.41
2026-04-08 01:35:00,84.48,84.73,84.45,84.67,52847.02
2026-04-08 01:40:00,84.67,84.75,84.65,84.69,14058.42
2026-04-08 01:45:00,84.69,84.92,84.67,84.7,29109.55
2026-04-08 01:50:00,84.7,84.88,84.65,84.68,9301.02
2026-04-08 01:55:00,84.68,84.73,84.62,84.64,18341.17
2026-04-08 02:00:00,84.65,84.75,84.47,84.64,25145.38
2026-04-08 02:05:00,84.63,84.92,84.58,84.86,30232.91
2026-04-08 02:10:00,84.86,84.93,84.78,84.85,25077.14
2026-04-08 02:15:00,84.85,84.85,84.53,84.54,20710.94
2026-04-08 02:20:00,84.54,84.61,84.38,84.61,29287.06
2026-04-08 02:25:00,84.61,84.65,84.51,84.61,9482.51
2026-04-08 02:30:00,84.61,84.62,84.4,84.48,23050.39
2026-04-08 02:35:00,84.48,84.6,84.36,84.51,19544.31
2026-04-08 02:40:00,84.51,84.59,84.48,84.54,13436.38
2026-04-08 02:45:00,84.54,84.74,84.45,84.74,35983.4
2026-04-08 02:50:00,84.74,84.75,84.64,84.64,19860.6
2026-04-08 02:55:00,84.64,84.68,84.51,84.56,20849.83
2026-04-08 03:00:00,84.57,84.65,84.52,84.52,15544.22
2026-04-08 03:05:00,84.53,84.57,84.34,84.55,72389.06
2026-04-08 03:10:00,84.55,84.56,84.45,84.49,27690.42
2026-04-08 03:15:00,84.48,84.53,84.39,84.41,24180.75
2026-04-08 03:20:00,84.4,84.53,84.37,84.49,16749.11
2026-04-08 03:25:00,84.48,84.66,84.45,84.6,16964.28
2026-04-08 03:30:00,84.59,84.6,84.5,84.54,9554.22
2026-04-08 03:35:00,84.54,84.59,84.5,84.52,6285.78
2026-04-08 03:40:00,84.52,84.63,84.49,84.58,6785.22
2026-04-08 03:45:00,84.58,84.58,84.44,84.46,13697.36
2026-04-08 03:50:00,84.46,84.5,84.42,84.49,10425.84
2026-04-08 03:55:00,84.49,84.55,84.47,84.53,10199.35
2026-04-08 04:00:00,84.53,84.65,84.51,84.61,21000.29
2026-04-08 04:05:00,84.61,85.06,84.61,84.84,132257.84
2026-04-08 04:10:00,84.85,85.0,84.71,84.81,97775.09
2026-04-08 04:15:00,84.81,84.88,84.74,84.79,22414.03
2026-04-08 04:20:00,84.78,84.85,84.69,84.74,20835.59
2026-04-08 04:25:00,84.75,84.89,84.73,84.86,13850.96
2026-04-08 04:30:00,84.86,84.87,84.71,84.76,16771.78
2026-04-08 04:35:00,84.76,84.94,84.75,84.82,21463.71
2026-04-08 04:40:00,84.82,84.97,84.81,84.9,29453.69
2026-04-08 04:45:00,84.9,84.91,84.71,84.73,19425.23
2026-04-08 04:50:00,84.72,84.72,84.46,84.55,42473.2
2026-04-08 04:55:00,84.55,84.6,84.46,84.46,16600.68
2026-04-08 05:00:00,84.47,84.52,84.36,84.46,46020.73
2026-04-08 05:05:00,84.47,84.57,84.46,84.54,13665.2
2026-04-08 05:10:00,84.54,84.59,84.47,84.53,23359.86
2026-04-08 05:15:00,84.53,84.62,84.52,84.59,11392.38
2026-04-08 05:20:00,84.6,84.72,84.59,84.66,13150.26
2026-04-08 05:25:00,84.66,84.72,84.59,84.62,12586.17
2026-04-08 05:30:00,84.62,84.67,84.57,84.57,10733.43
2026-04-08 05:35:00,84.57,84.59,84.52,84.52,14855.66
2026-04-08 05:40:00,84.52,84.63,84.5,84.57,16971.16
2026-04-08 05:45:00,84.57,84.59,84.5,84.53,11502.82
2026-04-08 05:50:00,84.53,84.67,84.4,84.43,43744.75
2026-04-08 05:55:00,84.43,84.43,84.1,84.18,90114.1
2026-04-08 06:00:00,84.18,84.18,83.84,84.05,119248.63
2026-04-08 06:05:00,84.05,84.24,84.04,84.21,53696.35
2026-04-08 06:10:00,84.21,84.46,84.2,84.41,45723.7
2026-04-08 06:15:00,84.41,84.58,84.34,84.57,35763.95
2026-04-08 06:20:00,84.56,84.63,84.5,84.54,42456.43
2026-04-08 06:25:00,84.54,84.6,84.5,84.59,20533.08
2026-04-08 06:30:00,84.59,84.6,84.48,84.53,19636.53
2026-04-08 06:35:00,84.54,84.66,84.52,84.57,16377.15
2026-04-08 06:40:00,84.57,84.66,84.56,84.63,12527.93
2026-04-08 06:45:00,84.63,84.68,84.6,84.6,17686.36
2026-04-08 06:50:00,84.61,84.65,84.51,84.54,13633.98
2026-04-08 06:55:00,84.53,84.53,84.45,84.51,13984.7
2026-04-08 07:00:00,84.52,84.52,84.2,84.21,58391.95
2026-04-08 07:05:00,84.21,84.38,84.17,84.35,34957.15
2026-04-08 07:10:00,84.35,84.46,84.28,84.41,8536.84
2026-04-08 07:15:00,84.42,84.45,84.36,84.45,9532.52
2026-04-08 07:20:00,84.45,84.68,84.45,84.58,34245.37
2026-04-08 07:25:00,84.58,84.68,84.54,84.54,18949.37
2026-04-08 07:30:00,84.54,84.54,84.25,84.28,25598.07
2026-04-08 07:35:00,84.27,84.34,84.24,84.29,14085.23
2026-04-08 07:40:00,84.28,84.37,84.27,84.34,9349.86
2026-04-08 07:45:00,84.34,84.38,84.29,84.33,20090.88
2026-04-08 07:50:00,84.33,84.39,84.31,84.34,15437.1
2026-04-08 07:55:00,84.34,84.48,84.27,84.47,26925.54
2026-04-08 08:00:00,84.48,84.57,84.44,84.49,31877.17
2026-04-08 08:05:00,84.49,84.55,84.46,84.49,14773.93
2026-04-08 08:10:00,84.49,84.53,84.41,84.49,17949.71
2026-04-08 08:15:00,84.49,84.62,84.44,84.61,14143.03
2026-04-08 08:20:00,84.61,84.62,84.51,84.54,9413.22
2026-04-08 08:25:00,84.54,84.59,84.46,84.54,8718.96
2026-04-08 08:30:00,84.54,84.68,84.51,84.65,13604.56
2026-04-08 08:35:00,84.65,84.68,84.44,84.59,19401.66
2026-04-08 08:40:00,84.58,84.61,84.41,84.55,21511.55
2026-04-08 08:45:00,84.55,84.67,84.52,84.62,13523.56
2026-04-08 08:50:00,84.62,84.69,84.57,84.6,12027.78
2026-04-08 08:55:00,84.6,84.86,84.6,84.82,52096.44
2026-04-08 09:00:00,84.82,84.95,84.79,84.85,47848.26
2026-04-08 09:05:00,84.85,84.86,84.71,84.72,21724.86
2026-04-08 09:10:00,84.73,84.95,84.72,84.84,22474.14
2026-04-08 09:15:00,84.84,84.9,84.75,84.88,14901.29
2026-04-08 09:20:00,84.87,84.87,84.72,84.73,6930.95
2026-04-08 09:25:00,84.73,84.76,84.6,84.62,22163.3
2026-04-08 09:30:00,84.61,84.75,84.61,84.73,9018.96
2026-04-08 09:35:00,84.73,84.76,84.63,84.66,8801.88
2026-04-08 09:40:00,84.66,84.66,84.52,84.52,14999.55
2026-04-08 09:45:00,84.53,84.64,84.5,84.61,12279.07
2026-04-08 09:50:00,84.61,84.69,84.6,84.66,14931.99
2026-04-08 09:55:00,84.66,84.68,84.62,84.63,7166.12
2026-04-08 10:00:00,84.63,84.75,84.61,84.61,24779.47
2026-04-08 10:05:00,84.6,84.74,84.53,84.6,15044.61
2026-04-08 10:10:00,84.6,84.61,84.46,84.55,25847.64
2026-04-08 10:15:00,84.55,84.67,84.52,84.63,25760.72
2026-04-08 10:20:00,84.64,84.7,84.58,84.69,6097.88
2026-04-08 10:25:00,84.69,84.77,84.67,84.7,13220.1
2026-04-08 10:30:00,84.69,84.72,84.48,84.52,31788.66
2026-04-08 10:35:00,84.52,84.57,84.48,84.55,26410.59
2026-04-08 10:40:00,84.55,84.6,84.51,84.6,6634.57
2026-04-08 10:45:00,84.6,84.63,84.58,84.62,5308.25
2026-04-08 10:50:00,84.62,84.65,84.58,84.64,3965.7
2026-04-08 10:55:00,84.64,84.64,84.48,84.48,18323.38
2026-04-08 11:00:00,84.48,84.61,84.39,84.57,22268.43
2026-04-08 11:05:00,84.57,84.66,84.57,84.65,15333.4
2026-04-08 11:10:00,84.64,84.7,84.61,84.64,11848.31
2026-04-08 11:15:00,84.65,84.81,84.63,84.7,31012.48
2026-04-08 11:20:00,84.71,84.74,84.27,84.55,68458.3
2026-04-08 11:25:00,84.54,84.68,84.49,84.66,38100.11
2026-04-08 11:30:00,84.65,84.66,84.47,84.54,10017.01
2026-04-08 11:35:00,84.53,84.53,84.12,84.21,43367.43
2026-04-08 11:40:00,84.2,84.3,84.2,84.24,17035.7
2026-04-08 11:45:00,84.24,84.42,84.16,84.33,53785.51
2026-04-08 11:50:00,84.32,84.51,84.32,84.49,17005.29
2026-04-08 11:55:00,84.48,84.49,84.38,84.42,5914.98
2026-04-08 12:00:00,84.42,84.44,84.36,84.42,12134.73
2026-04-08 12:05:00,84.41,84.43,84.37,84.39,14245.93
2026-04-08 12:10:00,84.38,84.54,84.38,84.54,12254.14
2026-04-08 12:15:00,84.53,84.54,84.37,84.39,20446.64
2026-04-08 12:20:00,84.38,84.43,84.07,84.21,48006.9
2026-04-08 12:25:00,84.2,84.36,84.2,84.32,11781.19
2026-04-08 12:30:00,84.31,84.51,84.26,84.45,16404.79
2026-04-08 12:35:00,84.45,84.62,84.45,84.61,22053.69
2026-04-08 12:40:00,84.6,84.61,84.5,84.58,14971.8
2026-04-08 12:45:00,84.58,84.64,84.47,84.58,20016.1
2026-04-08 12:50:00,84.58,84.62,84.5,84.5,10868.86
2026-04-08 12:55:00,84.51,84.65,84.45,84.5,46088.82
2026-04-08 13:00:00,84.51,84.57,84.4,84.46,45219.66
2026-04-08 13:05:00,84.46,84.94,84.4,84.75,121019.92
2026-04-08 13:10:00,84.75,84.75,84.33,84.53,106365.83
2026-04-08 13:15:00,84.53,84.79,84.44,84.55,50496.87
2026-04-08 13:20:00,84.55,84.62,84.41,84.62,37958.12
2026-04-08 13:25:00,84.62,84.73,84.58,84.66,22421.82
2026-04-08 13:30:00,84.67,84.9,84.27,84.44,77268.12
2026-04-08 13:35:00,84.44,84.48,84.02,84.06,71636.95
2026-04-08 13:40:00,84.06,84.15,83.9,83.97,91172.02
2026-04-08 13:45:00,83.96,84.4,83.93,84.34,52223.39
2026-04-08 13:50:00,84.34,84.38,84.0,84.01,48972.14
2026-04-08 13:55:00,84.0,84.17,83.87,84.0,49152.58
2026-04-08 14:00:00,83.99,84.1,83.87,83.87,31393.61
2026-04-08 14:05:00,83.88,83.94,83.37,83.42,155104.11
2026-04-08 14:10:00,83.42,83.97,83.36,83.83,92241.23
2026-04-08 14:15:00,83.84,83.92,83.51,83.53,36213.07
2026-04-08 14:20:00,83.53,83.66,83.3,83.48,47768.1
2026-04-08 14:25:00,83.49,83.56,83.42,83.43,33842.64
2026-04-08 14:30:00,83.43,83.52,82.81,82.83,156849.52
2026-04-08 14:35:00,82.84,83.11,82.59,83.01,136076.01
2026-04-08 14:40:00,83.02,83.07,82.84,82.85,41021.01
2026-04-08 14:45:00,82.86,82.93,82.52,82.78,66186.62
2026-04-08 14:50:00,82.79,82.82,82.45,82.69,87227.26
2026-04-08 14:55:00,82.69,82.87,82.47,82.86,58756.1
2026-04-08 15:00:00,82.86,83.03,82.8,83.01,80043.23
2026-04-08 15:05:00,83.01,83.07,82.79,82.8,33456.44
2026-04-08 15:10:00,82.79,83.02,82.74,82.99,25146.85
2026-04-08 15:15:00,83.0,83.19,82.97,83.17,66981.86
2026-04-08 15:20:00,83.17,83.21,83.1,83.16,53448.67
2026-04-08 15:25:00,83.16,83.17,83.05,83.12,16170.06
2026-04-08 15:30:00,83.13,83.14,83.0,83.1,21535.58
2026-04-08 15:35:00,83.11,83.31,83.1,83.17,41646.01
2026-04-08 15:40:00,83.18,83.26,83.12,83.23,16503.01
2026-04-08 15:45:00,83.23,83.42,83.23,83.33,24073.02
2026-04-08 15:50:00,83.32,83.36,83.19,83.3,10975.21
2026-04-08 15:55:00,83.31,83.4,83.25,83.29,36815.12
2026-04-08 16:00:00,83.28,83.4,83.23,83.34,17704.38
2026-04-08 16:05:00,83.33,83.38,83.22,83.24,19569.71
2026-04-08 16:10:00,83.25,83.32,83.16,83.23,16315.31
2026-04-08 16:15:00,83.23,83.32,83.16,83.28,13793.82
2026-04-08 16:20:00,83.28,83.34,83.18,83.31,24275.26
2026-04-08 16:25:00,83.31,83.36,83.18,83.2,19104.28
2026-04-08 16:30:00,83.2,83.2,82.99,83.08,22346.84
2026-04-08 16:35:00,83.08,83.19,83.08,83.15,13969.21
2026-04-08 16:40:00,83.16,83.29,83.13,83.27,10384.62
2026-04-08 16:45:00,83.27,83.43,83.26,83.4,16708.09
2026-04-08 16:50:00,83.39,83.41,83.3,83.38,14134.8
2026-04-08 16:55:00,83.39,83.57,83.38,83.45,30883.7
2026-04-08 17:00:00,83.44,83.55,83.37,83.47,21218.97
2026-04-08 17:05:00,83.47,83.51,83.38,83.44,18373.72
2026-04-08 17:10:00,83.44,83.73,83.43,83.71,22432.82
2026-04-08 17:15:00,83.7,83.72,83.52,83.54,16355.38
2026-04-08 17:20:00,83.54,83.59,83.41,83.41,18313.36
2026-04-08 17:25:00,83.41,83.47,83.26,83.43,22659.71
2026-04-08 17:30:00,83.43,83.59,83.43,83.59,13381.92
2026-04-08 17:35:00,83.59,84.16,83.57,83.88,136898.35
2026-04-08 17:40:00,83.88,83.99,83.77,83.98,33393.07
2026-04-08 17:45:00,83.98,84.0,83.85,83.92,10337.41
2026-04-08 17:50:00,83.92,83.93,83.83,83.85,14491.33
2026-04-08 17:55:00,83.85,83.95,83.82,83.92,16864.34
2026-04-08 18:00:00,83.93,83.97,83.8,83.9,32758.09
2026-04-08 18:05:00,83.9,83.99,83.85,83.85,11233.49
2026-04-08 18:10:00,83.84,83.86,83.66,83.77,11493.25
2026-04-08 18:15:00,83.77,83.86,83.23,83.41,31071.9
2026-04-08 18:20:00,83.41,83.52,83.21,83.25,32415.74
2026-04-08 18:25:00,83.25,83.33,83.16,83.24,18231.85
2026-04-08 18:30:00,83.23,83.42,83.23,83.4,10002.14
2026-04-08 18:35:00,83.39,83.43,83.26,83.26,9849.72
2026-04-08 18:40:00,83.25,83.26,83.02,83.05,30025.26
2026-04-08 18:45:00,83.04,83.17,83.01,83.07,17630.53
2026-04-08 18:50:00,83.06,83.08,82.89,82.94,35251.67
2026-04-08 18:55:00,82.94,82.96,82.75,82.9,47057.76
2026-04-08 19:00:00,82.89,82.96,82.74,82.88,27204.81
2026-04-08 19:05:00,82.89,82.96,82.81,82.89,16803.32
2026-04-08 19:10:00,82.89,83.09,82.89,83.03,18914.2
2026-04-08 19:15:00,83.03,83.07,82.89,82.98,8135.92
2026-04-08 19:20:00,82.98,82.99,82.74,82.89,10605.16
2026-04-08 19:25:00,82.89,82.99,82.78,82.8,7717.43
2026-04-08 19:30:00,82.8,82.93,82.77,82.86,8527.78
2026-04-08 19:35:00,82.85,83.03,82.83,82.96,22632.81
2026-04-08 19:40:00,82.95,82.95,82.75,82.91,15383.74
2026-04-08 19:45:00,82.91,83.03,82.9,82.97,3499.2
2026-04-08 19:50:00,82.97,83.05,82.96,82.98,5882.86
2026-04-08 19:55:00,82.98,83.2,82.96,83.16,19320.75
2026-04-08 20:00:00,83.15,83.32,83.13,83.23,34739.61
2026-04-08 20:05:00,83.23,83.35,83.2,83.22,10881.95
2026-04-08 20:10:00,83.22,83.27,83.18,83.21,5905.06
2026-04-08 20:15:00,83.21,83.34,83.21,83.32,6773.84
2026-04-08 20:20:00,83.31,83.32,83.17,83.21,14533.24
2026-04-08 20:25:00,83.21,83.25,83.2,83.22,2850.41
2026-04-08 20:30:00,83.22,83.3,83.18,83.24,2887.26
2026-04-08 20:35:00,83.24,83.24,82.98,83.11,8272.49
2026-04-08 20:40:00,83.11,83.13,83.05,83.07,4073.66
2026-04-08 20:45:00,83.07,83.17,83.02,83.16,20124.04
2026-04-08 20:50:00,83.16,83.25,83.14,83.24,4751.03
2026-04-08 20:55:00,83.24,83.25,83.17,83.23,5701.08
2026-04-08 21:00:00,83.24,83.25,83.15,83.16,3969.0
2026-04-08 21:05:00,83.16,83.32,83.15,83.27,10194.58
2026-04-08 21:10:00,83.27,83.55,83.26,83.37,20369.44
2026-04-08 21:15:00,83.36,83.49,83.36,83.41,7505.12
2026-04-08 21:20:00,83.41,83.52,83.38,83.4,17006.43
2026-04-08 21:25:00,83.4,83.58,83.4,83.44,12473.64
2026-04-08 21:30:00,83.44,83.47,83.25,83.25,11011.98
2026-04-08 21:35:00,83.25,83.47,83.25,83.42,6069.26
2026-04-08 21:40:00,83.41,83.42,83.28,83.31,10510.76
2026-04-08 21:45:00,83.31,83.43,83.28,83.33,6966.94
2026-04-08 21:50:00,83.33,83.42,83.3,83.35,4999.55
2026-04-08 21:55:00,83.35,83.4,83.3,83.36,9845.83
2026-04-08 22:00:00,83.37,83.4,83.15,83.15,10902.07
2026-04-08 22:05:00,83.15,83.23,83.12,83.12,7076.67
2026-04-08 22:10:00,83.12,83.14,83.02,83.06,11772.49
2026-04-08 22:15:00,83.06,83.11,82.82,82.85,23127.48
2026-04-08 22:20:00,82.85,82.94,82.68,82.87,28142.26
2026-04-08 22:25:00,82.88,82.91,82.62,82.67,26773.69
2026-04-08 22:30:00,82.67,82.89,82.54,82.88,27464.03
2026-04-08 22:35:00,82.89,82.97,82.87,82.92,8850.96
2026-04-08 22:40:00,82.91,82.92,82.8,82.81,3788.01
2026-04-08 22:45:00,82.81,82.84,82.77,82.82,11560.76
2026-04-08 22:50:00,82.81,82.84,82.68,82.68,15185.87
2026-04-08 22:55:00,82.68,82.68,82.56,82.57,23707.8
2026-04-08 23:00:00,82.58,82.58,82.17,82.31,111241.69
2026-04-08 23:05:00,82.3,82.46,82.28,82.3,26494.16
2026-04-08 23:10:00,82.3,82.86,82.29,82.86,84796.94
2026-04-08 23:15:00,82.86,82.99,82.54,82.57,76692.04
2026-04-08 23:20:00,82.57,82.61,82.28,82.52,29497.71
2026-04-08 23:25:00,82.52,82.54,82.43,82.46,17988.78
2026-04-08 23:30:00,82.46,82.54,82.36,82.52,15979.25
2026-04-08 23:35:00,82.51,82.63,82.47,82.52,15518.59
2026-04-08 23:40:00,82.52,82.58,82.46,82.5,11398.98
2026-04-08 23:45:00,82.49,82.64,82.47,82.64,7391.35
2026-04-08 23:50:00,82.64,82.69,82.5,82.5,8773.95
2026-04-08 23:55:00,82.5,82.56,82.5,82.52,14996.99
2026-04-09 00:00:00,82.52,82.52,82.4,82.43,14491.02
2026-04-09 00:05:00,82.44,82.59,82.39,82.55,16251.1
2026-04-09 00:10:00,82.54,82.56,82.48,82.53,8658.64
2026-04-09 00:15:00,82.53,82.63,82.41,82.45,9300.81
2026-04-09 00:20:00,82.45,82.56,82.4,82.46,19916.0
2026-04-09 00:25:00,82.46,82.51,82.34,82.35,10728.52
2026-04-09 00:30:00,82.35,82.44,82.2,82.32,25529.31
2026-04-09 00:35:00,82.31,82.45,82.12,82.14,24308.61
2026-04-09 00:40:00,82.14,82.22,82.04,82.13,54985.09
2026-04-09 00:45:00,82.13,82.2,82.04,82.18,28750.35
2026-04-09 00:50:00,82.17,82.21,82.06,82.16,15151.92
2026-04-09 00:55:00,82.16,82.27,82.15,82.17,19381.46
2026-04-09 01:00:00,82.16,82.23,82.08,82.16,26636.65
2026-04-09 01:05:00,82.16,82.19,81.65,81.85,205435.87
2026-04-09 01:10:00,81.85,81.98,81.81,81.93,26967.18
2026-04-09 01:15:00,81.93,82.01,81.88,81.96,18362.67
2026-04-09 01:20:00,81.96,82.04,81.72,81.81,26330.14
2026-04-09 01:25:00,81.81,81.95,81.78,81.88,8518.76
2026-04-09 01:30:00,81.87,82.28,81.78,82.21,56020.12
2026-04-09 01:35:00,82.2,82.22,81.87,81.98,82851.41
2026-04-09 01:40:00,81.99,81.99,81.89,81.89,9831.69
2026-04-09 01:45:00,81.9,82.04,81.83,82.04,23396.41
2026-04-09 01:50:00,82.04,82.19,82.04,82.16,23605.96
2026-04-09 01:55:00,82.15,82.21,82.1,82.19,27193.32
2026-04-09 02:00:00,82.18,82.29,82.08,82.1,37742.88
2026-04-09 02:05:00,82.09,82.2,82.08,82.2,7057.52
2026-04-09 02:10:00,82.19,82.22,82.06,82.08,10039.0
2026-04-09 02:15:00,82.09,82.32,82.06,82.31,14823.09
2026-04-09 02:20:00,82.31,82.32,82.2,82.28,17729.16
2026-04-09 02:25:00,82.28,82.4,82.26,82.32,16786.89
2026-04-09 02:30:00,82.32,82.34,82.23,82.27,15069.09
2026-04-09 02:35:00,82.27,82.28,82.16,82.21,16509.2
2026-04-09 02:40:00,82.2,82.21,82.01,82.18,21890.12
2026-04-09 02:45:00,82.17,82.29,82.12,82.16,16407.67
2026-04-09 02:50:00,82.15,82.23,82.12,82.14,11352.29
2026-04-09 02:55:00,82.14,82.18,82.06,82.08,10030.84
2026-04-09 03:00:00,82.08,82.11,82.06,82.09,14630.34
2026-04-09 03:05:00,82.08,82.13,81.96,82.01,14507.16
2026-04-09 03:10:00,82.02,82.02,81.9,81.93,24494.75
2026-04-09 03:15:00,81.93,81.97,81.83,81.9,29783.44
2026-04-09 03:20:00,81.9,82.09,81.84,82.08,73495.46
2026-04-09 03:25:00,82.08,82.1,81.85,81.94,15533.18
2026-04-09 03:30:00,81.93,82.05,81.93,81.99,19424.49
2026-04-09 03:35:00,81.98,82.05,81.98,82.03,6126.21
2026-04-09 03:40:00,82.04,82.05,81.91,81.95,11961.86
2026-04-09 03:45:00,81.95,82.07,81.89,82.06,20794.59
2026-04-09 03:50:00,82.06,82.13,82.01,82.04,7223.91
2026-04-09 03:55:00,82.03,82.05,81.98,81.99,3773.58
2026-04-09 04:00:00,81.98,81.98,81.88,81.95,13106.08
2026-04-09 04:05:00,81.95,81.98,81.86,81.86,18513.78
2026-04-09 04:10:00,81.87,81.93,81.86,81.89,9388.66
2026-04-09 04:15:00,81.89,81.9,81.84,81.89,14756.53
2026-04-09 04:20:00,81.88,81.89,81.82,81.85,11029.49
2026-04-09 04:25:00,81.85,81.89,81.78,81.84,32560.26
2026-04-09 04:30:00,81.85,81.91,81.8,81.89,15128.86
2026-04-09 04:35:00,81.89,81.94,81.83,81.93,31479.29
2026-04-09 04:40:00,81.93,81.98,81.91,81.93,10733.83
2026-04-09 04:45:00,81.93,81.97,81.79,81.83,26756.03
2026-04-09 04:50:00,81.84,81.9,81.82,81.83,8173.41
2026-04-09 04:55:00,81.84,81.87,81.77,81.78,20841.75
2026-04-09 05:00:00,81.79,81.83,81.68,81.81,74614.59
2026-04-09 05:05:00,81.82,81.88,81.81,81.84,10800.95
2026-04-09 05:10:00,81.84,81.89,81.75,81.88,11263.09
2026-04-09 05:15:00,81.88,81.95,81.82,81.94,15684.08
2026-04-09 05:20:00,81.94,82.01,81.87,81.91,26359.99
2026-04-09 05:25:00,81.92,82.02,81.9,81.99,25169.14
2026-04-09 05:30:00,81.99,82.12,81.96,82.12,20825.46
2026-04-09 05:35:00,82.11,82.27,82.07,82.25,44347.33
2026-04-09 05:40:00,82.25,82.25,82.15,82.2,22695.59
2026-04-09 05:45:00,82.2,82.21,82.04,82.06,20959.82
2026-04-09 05:50:00,82.06,82.08,82.01,82.05,14370.58
2026-04-09 05:55:00,82.05,82.12,82.0,82.11,18440.42
2026-04-09 06:00:00,82.12,82.31,82.12,82.23,27023.57
2026-04-09 06:05:00,82.23,82.3,82.19,82.2,21542.9
2026-04-09 06:10:00,82.2,82.25,82.16,82.18,7246.95
2026-04-09 06:15:00,82.18,82.19,82.09,82.1,9115.33
2026-04-09 06:20:00,82.11,82.11,82.01,82.04,26980.85
2026-04-09 06:25:00,82.04,82.05,81.93,81.93,27040.8
2026-04-09 06:30:00,81.94,82.07,81.8,82.02,76830.22
2026-04-09 06:35:00,82.02,82.11,81.98,82.02,10087.74
2026-04-09 06:40:00,82.02,82.06,82.01,82.02,4257.7
2026-04-09 06:45:00,82.02,82.08,82.01,82.05,14267.92
2026-04-09 06:50:00,82.05,82.13,82.01,82.09,5991.01
2026-04-09 06:55:00,82.09,82.14,82.09,82.12,5255.41
2026-04-09 07:00:00,82.13,82.29,82.13,82.27,20111.6
2026-04-09 07:05:00,82.26,82.29,82.23,82.26,15111.84
2026-04-09 07:10:00,82.27,82.3,82.23,82.3,9706.37
2026-04-09 07:15:00,82.29,82.34,82.2,82.27,17648.3
2026-04-09 07:20:00,82.26,82.27,82.18,82.2,6855.29
2026-04-09 07:25:00,82.21,82.23,82.2,82.23,6843.91
2026-04-09 07:30:00,82.23,82.42,82.2,82.4,22647.58
2026-04-09 07:35:00,82.4,82.43,82.36,82.39,28815.74
2026-04-09 07:40:00,82.39,82.39,82.24,82.31,23375.7
2026-04-09 07:45:00,82.32,82.36,82.26,82.28,8433.88
2026-04-09 07:50:00,82.28,82.32,82.24,82.28,8163.54
2026-04-09 07:55:00,82.27,82.31,82.22,82.22,11381.79
2026-04-09 08:00:00,82.23,82.36,82.15,82.33,19784.48
2026-04-09 08:05:00,82.33,82.36,82.24,82.24,11384.06
2026-04-09 08:10:00,82.24,82.25,82.1,82.15,19649.64
2026-04-09 08:15:00,82.15,82.21,82.1,82.19,10379.86
2026-04-09 08:20:00,82.19,82.36,82.17,82.33,13055.46
2026-04-09 08:25:00,82.33,82.38,82.28,82.29,14115.31
2026-04-09 08:30:00,82.29,82.45,82.29,82.39,12160.81
2026-04-09 08:35:00,82.39,82.47,82.37,82.45,14198.72
2026-04-09 08:40:00,82.45,82.55,82.41,82.53,44826.87
2026-04-09 08:45:00,82.52,82.6,82.42,82.44,47680.2
2026-04-09 08:50:00,82.44,82.44,82.32,82.41,30041.54
2026-04-09 08:55:00,82.41,82.46,82.38,82.41,11123.41
2026-04-09 09:00:00,82.42,82.42,82.28,82.32,28937.32
2026-04-09 09:05:00,82.32,82.36,82.18,82.21,42306.11
2026-04-09 09:10:00,82.21,82.29,82.14,82.29,34158.25
2026-04-09 09:15:00,82.29,82.47,82.27,82.44,31962.8
2026-04-09 09:20:00,82.44,82.44,82.34,82.39,13820.39
2026-04-09 09:25:00,82.39,82.45,82.35,82.43,8104.69
2026-04-09 09:30:00,82.44,82.54,82.42,82.45,16074.15
2026-04-09 09:35:00,82.45,82.47,82.17,82.19,37907.45
2026-04-09 09:40:00,82.19,82.2,82.06,82.18,61891.26
2026-04-09 09:45:00,82.18,82.3,82.16,82.23,23587.63
2026-04-09 09:50:00,82.22,82.41,82.19,82.4,15362.15
2026-04-09 09:55:00,82.41,82.64,82.41,82.54,72385.48
2026-04-09 10:00:00,82.55,82.56,82.49,82.54,26624.42
2026-04-09 10:05:00,82.54,82.55,82.38,82.38,13292.22
2026-04-09 10:10:00,82.39,82.4,82.32,82.35,9094.65
2026-04-09 10:15:00,82.36,82.44,82.35,82.41,10874.39
2026-04-09 10:20:00,82.41,82.51,82.41,82.51,12123.44
2026-04-09 10:25:00,82.51,82.55,82.46,82.47,23794.56
2026-04-09 10:30:00,82.48,82.52,82.4,82.49,9220.82
2026-04-09 10:35:00,82.49,82.54,82.46,82.52,5454.5
2026-04-09 10:40:00,82.53,82.59,82.49,82.52,8970.5
2026-04-09 10:45:00,82.52,82.61,82.52,82.6,11849.25
2026-04-09 10:50:00,82.59,82.59,82.44,82.52,12742.75
2026-04-09 10:55:00,82.52,82.59,82.52,82.52,7414.22
2026-04-09 11:00:00,82.53,82.66,82.41,82.42,76612.74
2026-04-09 11:05:00,82.42,82.48,82.37,82.38,25336.85
2026-04-09 11:10:00,82.38,82.38,82.24,82.26,20714.97
2026-04-09 11:15:00,82.25,82.26,82.11,82.18,25308.53
2026-04-09 11:20:00,82.17,82.24,82.11,82.12,21845.47
2026-04-09 11:25:00,82.13,82.17,81.98,82.13,85088.12
2026-04-09 11:30:00,82.12,82.25,82.12,82.17,15763.08
2026-04-09 11:35:00,82.17,82.18,82.09,82.17,13819.48
2026-04-09 11:40:00,82.18,82.23,82.14,82.19,9214.22
2026-04-09 11:45:00,82.19,82.29,82.17,82.28,5372.24
2026-04-09 11:50:00,82.28,82.29,82.21,82.21,3989.22
2026-04-09 11:55:00,82.21,82.21,82.1,82.12,20460.56
2026-04-09 12:00:00,82.12,82.16,82.11,82.13,5096.69
2026-04-09 12:05:00,82.13,82.25,82.11,82.22,5567.8
2026-04-09 12:10:00,82.23,82.27,82.18,82.18,9164.43
2026-04-09 12:15:00,82.18,82.24,82.16,82.19,9517.31
2026-04-09 12:20:00,82.18,82.18,82.02,82.07,30275.99
2026-04-09 12:25:00,82.07,82.31,82.06,82.12,47327.36
2026-04-09 12:30:00,82.13,82.22,81.92,82.19,97503.33
2026-04-09 12:35:00,82.19,82.26,82.08,82.11,15740.15
2026-04-09 12:40:00,82.1,82.35,82.05,82.22,28744.72
2026-04-09 12:45:00,82.21,82.24,82.0,82.15,14221.12
2026-04-09 12:50:00,82.14,82.16,82.1,82.13,4513.09
2026-04-09 12:55:00,82.13,82.3,82.12,82.23,29224.09
2026-04-09 13:00:00,82.23,82.32,82.16,82.2,10044.95
2026-04-09 13:05:00,82.2,82.22,82.11,82.13,8478.39
2026-04-09 13:10:00,82.12,82.19,82.11,82.16,9032.73
2026-04-09 13:15:00,82.16,82.18,82.12,82.15,4315.68
2026-04-09 13:20:00,82.15,82.17,82.08,82.11,13845.35
2026-04-09 13:25:00,82.12,82.25,82.11,82.25,10011.58
2026-04-09 13:30:00,82.25,82.36,82.0,82.03,39521.47
2026-04-09 13:35:00,82.04,82.17,81.75,81.92,72447.1
2026-04-09 13:40:00,81.91,82.06,81.79,81.94,48347.27
2026-04-09 13:45:00,81.94,81.97,81.71,81.89,39329.04
2026-04-09 13:50:00,81.88,81.89,81.62,81.69,56466.56
2026-04-09 13:55:00,81.69,81.84,81.52,81.82,74872.32
2026-04-09 14:00:00,81.82,81.85,81.69,81.73,23898.56
2026-04-09 14:05:00,81.74,81.77,81.64,81.65,19033.26
2026-04-09 14:10:00,81.64,81.95,81.59,81.86,25129.14
2026-04-09 14:15:00,81.85,81.91,81.53,81.57,26543.28
2026-04-09 14:20:00,81.57,81.7,81.54,81.68,20259.61
2026-04-09 14:25:00,81.68,81.69,81.37,81.54,74459.63
2026-04-09 14:30:00,81.53,81.6,81.46,81.58,26699.3
2026-04-09 14:35:00,81.58,81.75,81.49,81.72,19457.7
2026-04-09 14:40:00,81.71,81.86,81.68,81.82,22520.84
2026-04-09 14:45:00,81.82,82.08,81.81,82.06,71975.96
2026-04-09 14:50:00,82.05,82.27,82.04,82.11,48119.88
2026-04-09 14:55:00,82.1,82.2,81.99,82.15,29086.65
2026-04-09 15:00:00,82.15,82.16,81.93,82.0,31410.02
2026-04-09 15:05:00,82.01,82.02,81.86,81.88,25813.13
2026-04-09 15:10:00,81.88,82.48,81.87,82.42,39456.78
2026-04-09 15:15:00,82.42,82.64,82.32,82.36,82467.03
2026-04-09 15:20:00,82.35,82.57,82.31,82.38,38202.47
2026-04-09 15:25:00,82.38,82.41,82.2,82.24,20002.6
2026-04-09 15:30:00,82.25,83.28,82.17,83.22,173029.44
2026-04-09 15:35:00,83.23,83.56,82.96,83.02,169474.85
2026-04-09 15:40:00,83.01,83.41,82.97,83.32,67625.43
2026-04-09 15:45:00,83.32,83.81,83.27,83.44,88487.04
2026-04-09 15:50:00,83.43,83.83,83.37,83.78,100773.95
2026-04-09 15:55:00,83.78,83.9,83.6,83.71,89595.2
2026-04-09 16:00:00,83.71,84.2,83.71,84.05,97933.82
2026-04-09 16:05:00,84.05,84.05,83.71,83.77,67883.96
2026-04-09 16:10:00,83.76,83.93,83.67,83.72,52134.84
2026-04-09 16:15:00,83.72,84.07,83.68,84.01,29897.18
2026-04-09 16:20:00,84.01,84.01,83.74,83.79,50174.96
2026-04-09 16:25:00,83.8,83.89,83.57,83.57,48078.13
2026-04-09 16:30:00,83.57,83.61,83.36,83.38,54641.47
2026-04-09 16:35:00,83.38,83.48,82.92,83.09,97835.09
2026-04-09 16:40:00,83.1,83.32,83.05,83.32,40113.42
2026-04-09 16:45:00,83.32,83.36,82.87,82.99,33395.76
2026-04-09 16:50:00,82.99,83.24,82.95,83.16,23531.81
2026-04-09 16:55:00,83.16,83.66,83.16,83.66,67655.94
2026-04-09 17:00:00,83.66,84.26,83.63,84.04,143004.87
2026-04-09 17:05:00,84.04,84.1,83.9,83.97,50666.45
2026-04-09 17:10:00,83.98,84.08,83.91,84.04,28324.74
2026-04-09 17:15:00,84.03,84.17,83.98,84.0,36470.34
2026-04-09 17:20:00,84.01,84.06,83.89,83.96,31882.46
2026-04-09 17:25:00,83.97,84.12,83.75,84.03,47628.95
2026-04-09 17:30:00,84.03,84.03,83.75,83.95,40748.5
2026-04-09 17:35:00,83.95,84.49,83.95,84.46,85707.58
2026-04-09 17:40:00,84.45,84.47,84.28,84.38,37368.83
2026-04-09 17:45:00,84.37,84.44,84.27,84.31,32631.89
2026-04-09 17:50:00,84.31,84.62,84.27,84.54,75681.29
2026-04-09 17:55:00,84.54,84.69,84.44,84.64,68606.45
2026-04-09 18:00:00,84.63,84.69,84.02,84.19,204551.39
2026-04-09 18:05:00,84.2,84.47,84.09,84.26,91210.6
2026-04-09 18:10:00,84.26,84.32,83.9,83.96,40644.79
2026-04-09 18:15:00,83.97,84.08,83.85,83.86,39361.07
2026-04-09 18:20:00,83.86,83.89,83.7,83.78,33043.86
2026-04-09 18:25:00,83.77,84.04,83.68,83.94,31505.81
2026-04-09 18:30:00,83.93,83.99,83.61,83.79,21451.61
2026-04-09 18:35:00,83.78,83.95,83.76,83.86,9533.37
2026-04-09 18:40:00,83.87,83.92,83.64,83.69,17036.94
2026-04-09 18:45:00,83.69,83.72,83.4,83.72,41320.06
2026-04-09 18:50:00,83.71,83.94,83.61,83.93,49411.89
2026-04-09 18:55:00,83.93,84.04,83.8,83.8,30567.11
2026-04-09 19:00:00,83.81,84.01,83.65,83.99,47516.01
2026-04-09 19:05:00,83.99,84.13,83.85,84.07,29110.88
2026-04-09 19:10:00,84.07,84.19,83.92,83.98,19263.14
2026-04-09 19:15:00,83.98,84.06,83.74,83.76,28008.92
2026-04-09 19:20:00,83.75,83.8,83.4,83.42,26422.26
2026-04-09 19:25:00,83.42,83.58,83.41,83.56,18266.55
2026-04-09 19:30:00,83.56,83.83,83.55,83.57,51035.25
2026-04-09 19:35:00,83.57,83.83,83.52,83.82,10698.53
2026-04-09 19:40:00,83.83,84.04,83.75,84.0,35866.17
2026-04-09 19:45:00,84.0,84.17,84.0,84.06,9761.35
2026-04-09 19:50:00,84.06,84.19,83.98,84.02,19607.04
2026-04-09 19:55:00,84.02,84.29,83.82,84.12,70540.99
2026-04-09 20:00:00,84.12,84.34,84.07,84.22,46476.93
2026-04-09 20:05:00,84.22,84.3,84.19,84.27,15819.32
2026-04-09 20:10:00,84.27,84.34,84.22,84.3,14927.95
2026-04-09 20:15:00,84.3,84.46,84.25,84.4,19416.99
2026-04-09 20:20:00,84.4,84.51,84.35,84.39,25250.92
2026-04-09 20:25:00,84.39,84.42,84.29,84.33,22091.78
2026-04-09 20:30:00,84.33,84.45,84.27,84.42,18947.63
2026-04-09 20:35:00,84.42,84.44,84.22,84.22,9227.33
2026-04-09 20:40:00,84.23,84.34,84.2,84.24,17716.95
2026-04-09 20:45:00,84.24,84.24,84.13,84.14,11165.16
2026-04-09 20:50:00,84.14,84.37,84.07,84.37,24660.95
2026-04-09 20:55:00,84.37,84.42,84.22,84.23,48030.58
2026-04-09 21:00:00,84.22,84.48,84.15,84.44,23179.04
2026-04-09 21:05:00,84.43,84.73,84.2,84.21,73839.22
2026-04-09 21:10:00,84.2,84.31,84.14,84.27,16027.99
2026-04-09 21:15:00,84.27,84.34,84.2,84.28,5324.08
2026-04-09 21:20:00,84.28,84.33,84.11,84.32,15311.58
2026-04-09 21:25:00,84.31,84.41,84.22,84.23,16270.96
2026-04-09 21:30:00,84.23,84.33,84.15,84.29,8664.2
2026-04-09 21:35:00,84.29,84.37,84.2,84.28,7100.63
2026-04-09 21:40:00,84.28,84.46,84.28,84.4,16425.82
2026-04-09 21:45:00,84.41,84.51,84.37,84.47,14113.98
2026-04-09 21:50:00,84.47,84.47,84.3,84.3,5019.6
2026-04-09 21:55:00,84.31,84.33,84.16,84.24,16364.56
2026-04-09 22:00:00,84.24,84.38,84.13,84.31,21476.44
2026-04-09 22:05:00,84.31,84.53,84.21,84.53,18228.1
2026-04-09 22:10:00,84.52,84.67,84.44,84.66,15538.62
2026-04-09 22:15:00,84.66,85.91,84.65,85.38,243112.78
2026-04-09 22:20:00,85.38,85.46,85.04,85.17,59809.1
2026-04-09 22:25:00,85.16,85.17,84.81,84.9,58117.66
2026-04-09 22:30:00,84.89,84.93,84.71,84.75,27176.34
2026-04-09 22:35:00,84.75,84.77,84.45,84.45,47176.91
2026-04-09 22:40:00,84.45,84.6,84.37,84.43,37496.6
2026-04-09 22:45:00,84.44,84.59,84.24,84.54,41408.62
2026-04-09 22:50:00,84.54,84.54,84.04,84.18,39512.73
2026-04-09 22:55:00,84.19,84.23,83.89,83.96,54951.98
2026-04-09 23:00:00,83.96,84.08,83.8,83.89,65051.41
2026-04-09 23:05:00,83.89,84.07,83.85,83.9,50927.4
2026-04-09 23:10:00,83.9,83.93,83.5,83.67,50839.08
2026-04-09 23:15:00,83.67,83.79,83.38,83.66,73542.2
2026-04-09 23:20:00,83.67,83.76,83.61,83.63,27975.31
2026-04-09 23:25:00,83.62,83.62,83.45,83.46,21313.8
2026-04-09 23:30:00,83.46,83.46,83.11,83.27,92484.24
2026-04-09 23:35:00,83.27,83.29,83.12,83.27,30269.23
2026-04-09 23:40:00,83.27,83.39,83.26,83.29,25001.37
2026-04-09 23:45:00,83.29,83.38,83.17,83.25,21210.93
2026-04-09 23:50:00,83.26,83.32,83.18,83.28,18273.7
2026-04-09 23:55:00,83.28,83.32,83.22,83.29,10649.77
2026-04-10 00:00:00,83.29,83.34,83.07,83.16,51709.61
2026-04-10 00:05:00,83.16,83.24,83.01,83.17,40420.05
2026-04-10 00:10:00,83.17,83.22,83.01,83.15,21494.43
2026-04-10 00:15:00,83.14,83.18,82.86,82.91,42273.88
2026-04-10 00:20:00,82.92,83.12,82.85,82.94,35546.86
2026-04-10 00:25:00,82.94,83.14,82.89,83.12,16133.65
2026-04-10 00:30:00,83.13,83.25,83.03,83.12,23143.53
2026-04-10 00:35:00,83.12,83.2,82.9,82.99,35186.94
2026-04-10 00:40:00,82.99,83.12,82.95,83.06,27030.08
2026-04-10 00:45:00,83.05,83.18,83.0,83.1,8218.99
2026-04-10 00:50:00,83.11,83.21,83.02,83.05,11803.51
2026-04-10 00:55:00,83.05,83.1,82.98,83.1,26951.65
2026-04-10 01:00:00,83.09,83.1,82.91,83.02,24446.64
2026-04-10 01:05:00,83.03,83.2,82.89,83.19,70377.33
2026-04-10 01:10:00,83.2,83.38,83.15,83.25,34196.48
2026-04-10 01:15:00,83.25,83.38,83.25,83.31,20397.34
2026-04-10 01:20:00,83.3,83.33,82.78,83.13,70374.13
2026-04-10 01:25:00,83.13,83.22,83.09,83.19,31873.35
2026-04-10 01:30:00,83.19,83.55,83.14,83.52,57463.21
2026-04-10 01:35:00,83.52,83.76,83.49,83.52,86391.92
2026-04-10 01:40:00,83.51,83.57,83.36,83.42,55732.35
2026-04-10 01:45:00,83.42,83.47,83.33,83.41,18487.22
2026-04-10 01:50:00,83.42,83.55,83.4,83.4,10958.21
2026-04-10 01:55:00,83.4,83.46,83.11,83.12,62856.48
2026-04-10 02:00:00,83.11,83.24,83.04,83.19,48327.38
2026-04-10 02:05:00,83.19,83.37,83.17,83.33,16691.61
2026-04-10 02:10:00,83.33,83.37,83.26,83.32,9467.53
2026-04-10 02:15:00,83.32,83.36,83.25,83.28,17404.32
2026-04-10 02:20:00,83.29,83.39,83.28,83.32,20395.88
2026-04-10 02:25:00,83.32,83.42,83.32,83.39,14016.25
2026-04-10 02:30:00,83.39,83.42,83.29,83.4,6051.86
2026-04-10 02:35:00,83.4,83.42,83.32,83.36,7117.68
2026-04-10 02:40:00,83.36,83.39,83.28,83.36,9398.03
2026-04-10 02:45:00,83.37,83.37,83.17,83.18,11443.52
2026-04-10 02:50:00,83.18,83.21,82.99,83.07,52238.19
2026-04-10 02:55:00,83.07,83.21,82.98,83.2,24676.21
2026-04-10 03:00:00,83.21,83.24,83.01,83.15,42530.94
2026-04-10 03:05:00,83.15,83.18,83.07,83.09,8402.65
2026-04-10 03:10:00,83.08,83.15,83.03,83.04,9556.31
2026-04-10 03:15:00,83.04,83.11,83.0,83.06,6755.69
2026-04-10 03:20:00,83.06,83.06,82.71,82.81,66714.58
2026-04-10 03:25:00,82.81,82.83,82.56,82.75,67739.15
2026-04-10 03:30:00,82.76,82.88,82.74,82.84,12314.95
2026-04-10 03:35:00,82.84,82.95,82.83,82.9,12779.78
2026-04-10 03:40:00,82.9,82.98,82.88,82.96,11655.32
2026-04-10 03:45:00,82.96,83.04,82.89,82.9,10878.14
2026-04-10 03:50:00,82.89,82.94,82.81,82.94,7401.92
2026-04-10 03:55:00,82.94,82.94,82.82,82.86,5635.24
2026-04-10 04:00:00,82.85,82.92,82.85,82.88,4775.32
2026-04-10 04:05:00,82.89,82.97,82.85,82.93,7185.66
2026-04-10 04:10:00,82.93,83.0,82.92,82.95,5364.68
2026-04-10 04:15:00,82.95,83.04,82.93,82.96,8514.58
2026-04-10 04:20:00,82.96,83.1,82.96,83.0,15171.98
2026-04-10 04:25:00,83.0,83.11,82.98,83.06,13332.36
2026-04-10 04:30:00,83.07,83.12,82.96,83.06,20546.11
2026-04-10 04:35:00,83.06,83.14,83.02,83.08,10910.75
2026-04-10 04:40:00,83.08,83.09,83.03,83.06,5066.1
2026-04-10 04:45:00,83.06,83.14,83.05,83.1,5781.58
2026-04-10 04:50:00,83.11,83.48,83.06,83.34,46574.38
2026-04-10 04:55:00,83.33,83.37,83.22,83.3,35349.18
2026-04-10 05:00:00,83.3,83.34,83.19,83.33,9738.12
2026-04-10 05:05:00,83.33,83.39,83.15,83.22,18452.72
2026-04-10 05:10:00,83.23,83.24,83.06,83.19,50299.51
2026-04-10 05:15:00,83.2,83.23,83.12,83.23,12441.35
2026-04-10 05:20:00,83.22,83.4,83.22,83.39,27415.36
2026-04-10 05:25:00,83.39,83.49,83.39,83.43,24777.03
2026-04-10 05:30:00,83.44,83.55,83.42,83.44,27929.54
2026-04-10 05:35:00,83.44,83.54,83.42,83.53,7432.89
2026-04-10 05:40:00,83.54,83.54,83.39,83.39,7405.19
2026-04-10 05:45:00,83.39,83.46,83.39,83.43,4054.05
2026-04-10 05:50:00,83.43,83.49,83.3,83.31,16732.66
2026-04-10 05:55:00,83.3,83.35,83.24,83.35,16685.67
2026-04-10 06:00:00,83.35,83.38,83.27,83.38,10534.14
2026-04-10 06:05:00,83.38,83.42,83.33,83.36,27437.04
2026-04-10 06:10:00,83.36,83.41,83.25,83.41,10341.76
2026-04-10 06:15:00,83.41,83.41,83.2,83.24,15641.43
2026-04-10 06:20:00,83.23,83.32,83.18,83.3,14726.71
2026-04-10 06:25:00,83.31,83.31,83.21,83.27,9393.24
2026-04-10 06:30:00,83.26,83.28,83.14,83.2,11423.6
2026-04-10 06:35:00,83.19,83.28,83.07,83.26,37459.62
2026-04-10 06:40:00,83.25,83.25,83.14,83.14,18200.97
2026-04-10 06:45:00,83.14,83.22,83.11,83.13,16701.7
2026-04-10 06:50:00,83.13,83.17,83.06,83.14,12111.79
2026-04-10 06:55:00,83.14,83.16,83.1,83.14,11214.93
2026-04-10 07:00:00,83.14,83.2,83.1,83.13,25832.86
2026-04-10 07:05:00,83.13,83.21,83.13,83.17,12245.97
2026-04-10 07:10:00,83.18,83.22,83.09,83.09,6034.86
2026-04-10 07:15:00,83.09,83.21,83.09,83.17,17772.35
2026-04-10 07:20:00,83.18,83.19,83.1,83.15,13013.44
2026-04-10 07:25:00,83.15,83.16,83.11,83.13,5618.35
2026-04-10 07:30:00,83.13,83.23,83.11,83.17,13194.79
2026-04-10 07:35:00,83.17,83.19,83.06,83.12,29632.61
2026-04-10 07:40:00,83.12,83.12,83.03,83.08,10017.73
2026-04-10 07:45:00,83.07,83.1,82.98,82.99,9702.62
2026-04-10 07:50:00,82.98,83.03,82.83,82.85,45312.74
2026-04-10 07:55:00,82.84,82.94,82.84,82.91,34531.16
2026-04-10 08:00:00,82.91,82.92,82.8,82.83,21925.81
2026-04-10 08:05:00,82.83,83.02,82.8,83.0,35149.33
2026-04-10 08:10:00,83.0,83.08,82.92,82.94,21929.48
2026-04-10 08:15:00,82.94,82.99,82.85,82.92,19814.76
2026-04-10 08:20:00,82.92,82.94,82.84,82.9,11006.85
2026-04-10 08:25:00,82.9,82.93,82.88,82.89,11322.98
2026-04-10 08:30:00,82.88,83.01,82.86,82.92,23536.79
2026-04-10 08:35:00,82.92,83.05,82.89,83.03,29388.66
2026-04-10 08:40:00,83.03,83.06,82.91,82.91,14698.97
2026-04-10 08:45:00,82.91,82.91,82.69,82.74,134971.59
2026-04-10 08:50:00,82.74,82.88,82.67,82.87,52932.81
2026-04-10 08:55:00,82.87,82.93,82.83,82.89,8128.12
2026-04-10 09:00:00,82.88,83.06,82.87,83.02,29290.55
2026-04-10 09:05:00,83.02,83.13,83.02,83.09,20279.6
2026-04-10 09:10:00,83.1,83.18,83.05,83.17,11667.02
2026-04-10 09:15:00,83.17,83.42,83.08,83.32,68267.12
2026-04-10 09:20:00,83.32,83.44,83.29,83.36,43619.93
2026-04-10 09:25:00,83.36,83.39,83.32,83.35,17587.55
2026-04-10 09:30:00,83.35,83.39,83.3,83.37,17661.83
2026-04-10 09:35:00,83.37,83.42,83.32,83.38,8266.18
2026-04-10 09:40:00,83.37,83.38,83.31,83.36,8130.64
2026-04-10 09:45:00,83.36,83.38,83.32,83.33,15884.28
2026-04-10 09:50:00,83.34,83.39,83.32,83.38,25995.97
2026-04-10 09:55:00,83.39,83.55,83.36,83.5,105675.52
2026-04-10 10:00:00,83.5,83.52,83.44,83.46,15723.6
2026-04-10 10:05:00,83.46,83.5,83.38,83.47,14702.58
2026-04-10 10:10:00,83.47,83.48,83.43,83.43,6040.29
2026-04-10 10:15:00,83.43,83.44,83.38,83.4,14463.62
2026-04-10 10:20:00,83.41,83.41,83.24,83.26,13023.31
2026-04-10 10:25:00,83.26,83.32,83.18,83.21,19471.3
2026-04-10 10:30:00,83.21,83.28,83.18,83.24,7590.44
2026-04-10 10:35:00,83.24,83.26,83.16,83.26,6253.19
2026-04-10 10:40:00,83.25,83.3,83.14,83.14,15009.75
2026-04-10 10:45:00,83.14,83.19,83.12,83.14,9695.77
2026-04-10 10:50:00,83.15,83.3,83.07,83.26,68923.45
2026-04-10 10:55:00,83.26,83.31,83.21,83.27,9806.91
2026-04-10 11:00:00,83.26,83.44,83.26,83.38,20928.93
2026-04-10 11:05:00,83.38,83.65,83.35,83.59,38062.21
2026-04-10 11:10:00,83.59,83.64,83.54,83.63,22290.09
2026-04-10 11:15:00,83.63,83.65,83.53,83.59,45438.01
2026-04-10 11:20:00,83.59,83.64,83.54,83.63,19104.23
2026-04-10 11:25:00,83.63,83.63,83.54,83.59,18171.01
2026-04-10 11:30:00,83.6,83.62,83.4,83.52,22778.62
2026-04-10 11:35:00,83.52,83.75,83.51,83.67,55179.47
2026-04-10 11:40:00,83.67,83.7,83.55,83.56,35404.84
2026-04-10 11:45:00,83.57,83.7,83.53,83.66,21427.41
2026-04-10 11:50:00,83.67,83.67,83.57,83.58,23778.83
2026-04-10 11:55:00,83.58,83.59,83.47,83.49,15736.52
2026-04-10 12:00:00,83.49,83.61,83.46,83.61,28119.23
2026-04-10 12:05:00,83.61,83.66,83.51,83.54,18472.3
2026-04-10 12:10:00,83.53,83.54,83.49,83.49,17888.3
2026-04-10 12:15:00,83.49,83.62,83.44,83.59,9638.07
2026-04-10 12:20:00,83.6,83.78,83.45,83.49,39526.2
2026-04-10 12:25:00,83.49,83.73,83.31,83.63,92008.45
2026-04-10 12:30:00,83.62,83.93,83.31,83.82,244014.57
2026-04-10 12:35:00,83.82,84.19,83.73,84.18,146879.96
2026-04-10 12:40:00,84.18,84.4,84.08,84.08,100474.73
2026-04-10 12:45:00,84.08,84.36,84.08,84.33,62170.85
2026-04-10 12:50:00,84.33,84.34,84.09,84.1,40498.59
2026-04-10 12:55:00,84.09,84.14,84.03,84.07,25912.63
2026-04-10 13:00:00,84.07,84.08,83.96,83.96,28159.77
2026-04-10 13:05:00,83.96,84.02,83.85,83.97,32415.75
2026-04-10 13:10:00,83.97,84.05,83.93,84.0,11945.87
2026-04-10 13:15:00,83.99,84.09,83.92,84.05,27095.07
2026-04-10 13:20:00,84.04,84.18,83.98,84.08,17373.01
2026-04-10 13:25:00,84.08,84.13,84.0,84.02,11794.42
2026-04-10 13:30:00,84.02,84.17,83.77,83.8,53687.56
2026-04-10 13:35:00,83.8,83.83,83.53,83.6,61279.37
2026-04-10 13:40:00,83.6,83.82,83.56,83.82,17939.18
2026-04-10 13:45:00,83.82,84.34,83.76,84.25,54920.63
2026-04-10 13:50:00,84.25,84.26,84.01,84.19,32348.43
2026-04-10 13:55:00,84.18,84.35,84.14,84.23,29578.9
2026-04-10 14:00:00,84.22,84.32,84.15,84.23,28433.2
2026-04-10 14:05:00,84.23,84.46,84.14,84.18,57029.58
2026-04-10 14:10:00,84.18,84.68,84.15,84.56,72061.35
2026-04-10 14:15:00,84.56,84.78,84.48,84.64,95291.45
2026-04-10 14:20:00,84.65,85.07,84.64,85.04,116919.99
2026-04-10 14:25:00,85.03,85.09,84.81,84.87,76362.89
2026-04-10 14:30:00,84.88,85.2,84.88,85.04,63430.13
2026-04-10 14:35:00,85.03,85.2,84.96,85.04,43289.88
2026-04-10 14:40:00,85.05,85.06,84.62,84.77,163417.2
2026-04-10 14:45:00,84.78,84.91,84.7,84.77,48073.78
2026-04-10 14:50:00,84.78,85.12,84.78,85.01,49211.62
2026-04-10 14:55:00,85.02,85.08,84.92,85.06,35072.22
2026-04-10 15:00:00,85.06,85.27,85.04,85.11,56173.99
2026-04-10 15:05:00,85.12,85.22,84.99,85.18,33615.48
2026-04-10 15:10:00,85.18,85.33,85.09,85.1,34371.24
2026-04-10 15:15:00,85.09,85.14,84.94,85.08,30718.3
2026-04-10 15:20:00,85.08,85.55,85.06,85.49,55202.98
2026-04-10 15:25:00,85.49,85.49,84.8,84.81,56307.36
2026-04-10 15:30:00,84.81,84.91,84.72,84.73,54712.97
2026-04-10 15:35:00,84.73,84.77,84.62,84.68,53894.8
2026-04-10 15:40:00,84.67,84.68,84.43,84.64,58837.76
2026-04-10 15:45:00,84.63,84.66,84.32,84.4,32560.15
2026-04-10 15:50:00,84.4,84.52,84.35,84.38,25775.41
2026-04-10 15:55:00,84.38,84.42,84.03,84.2,106974.16
2026-04-10 16:00:00,84.2,84.32,84.06,84.17,58522.11
2026-04-10 16:05:00,84.16,84.32,84.14,84.25,19865.82
2026-04-10 16:10:00,84.25,84.51,84.25,84.46,34108.11
2026-04-10 16:15:00,84.46,84.67,84.43,84.58,52172.07
2026-04-10 16:20:00,84.58,84.6,84.34,84.59,34683.26
2026-04-10 16:25:00,84.59,84.61,84.5,84.56,17961.93
2026-04-10 16:30:00,84.56,84.62,84.37,84.6,19524.79
2026-04-10 16:35:00,84.6,84.65,84.51,84.51,12021.06
2026-04-10 16:40:00,84.51,84.54,84.4,84.48,21179.5
2026-04-10 16:45:00,84.47,84.67,84.47,84.62,16078.29
2026-04-10 16:50:00,84.62,84.83,84.62,84.75,37556.61
2026-04-10 16:55:00,84.75,84.87,84.74,84.81,26718.52
2026-04-10 17:00:00,84.8,84.8,84.66,84.7,28235.2
2026-04-10 17:05:00,84.71,84.72,84.63,84.67,10895.91
2026-04-10 17:10:00,84.68,84.71,84.55,84.69,7753.52
2026-04-10 17:15:00,84.69,84.83,84.62,84.77,7099.71
2026-04-10 17:20:00,84.77,84.85,84.71,84.77,11302.73
2026-04-10 17:25:00,84.77,84.83,84.64,84.65,17259.12
2026-04-10 17:30:00,84.66,84.68,84.54,84.63,18169.46
2026-04-10 17:35:00,84.63,84.64,84.42,84.58,14655.03
2026-04-10 17:40:00,84.58,84.62,84.43,84.57,6096.37
2026-04-10 17:45:00,84.57,84.72,84.57,84.65,6778.62
2026-04-10 17:50:00,84.65,84.83,84.64,84.76,8986.3
2026-04-10 17:55:00,84.76,84.86,84.74,84.83,7685.11
2026-04-10 18:00:00,84.83,84.87,84.61,84.65,15079.56
2026-04-10 18:05:00,84.64,84.75,84.58,84.72,11032.79
2026-04-10 18:10:00,84.73,84.86,84.71,84.85,10810.88
2026-04-10 18:15:00,84.85,84.99,84.73,84.74,20691.03
2026-04-10 18:20:00,84.74,84.87,84.74,84.77,7469.64
2026-04-10 18:25:00,84.77,84.87,84.66,84.84,14302.96
2026-04-10 18:30:00,84.84,84.9,84.82,84.82,7994.06
2026-04-10 18:35:00,84.82,84.95,84.79,84.88,8305.38
2026-04-10 18:40:00,84.88,84.95,84.81,84.89,20737.61
2026-04-10 18:45:00,84.89,84.95,84.87,84.93,7888.53
2026-04-10 18:50:00,84.94,85.22,84.92,85.21,38405.23
2026-04-10 18:55:00,85.2,85.23,85.11,85.17,15139.74
2026-04-10 19:00:00,85.17,85.21,85.11,85.12,6877.36
2026-04-10 19:05:00,85.12,85.32,85.12,85.18,23568.39
2026-04-10 19:10:00,85.19,85.44,85.17,85.43,25719.7
2026-04-10 19:15:00,85.43,85.44,85.28,85.3,13126.83
2026-04-10 19:20:00,85.31,85.32,85.17,85.27,28040.31
2026-04-10 19:25:00,85.27,85.28,85.15,85.17,19682.96
2026-04-10 19:30:00,85.18,85.18,85.07,85.17,27785.14
2026-04-10 19:35:00,85.17,85.17,85.1,85.11,7609.15
2026-04-10 19:40:00,85.11,85.14,85.09,85.14,8097.64
2026-04-10 19:45:00,85.13,85.17,85.08,85.17,6846.1
2026-04-10 19:50:00,85.17,85.38,85.14,85.34,15963.2
2026-04-10 19:55:00,85.34,85.43,85.31,85.41,12512.01
2026-04-10 20:00:00,85.41,85.5,85.37,85.41,39542.1
2026-04-10 20:05:00,85.42,85.43,85.21,85.4,16027.97
2026-04-10 20:10:00,85.39,85.39,85.27,85.33,17547.39
2026-04-10 20:15:00,85.33,85.45,85.29,85.41,14459.28
2026-04-10 20:20:00,85.41,85.41,85.23,85.24,12780.1
2026-04-10 20:25:00,85.24,85.34,85.24,85.32,5608.0
2026-04-10 20:30:00,85.33,85.64,85.3,85.35,58692.32
2026-04-10 20:35:00,85.36,85.4,85.01,85.02,23565.39
2026-04-10 20:40:00,85.03,85.15,85.02,85.14,8058.01
2026-04-10 20:45:00,85.14,85.26,85.02,85.21,8945.14
2026-04-10 20:50:00,85.2,85.28,85.17,85.24,5085.33
2026-04-10 20:55:00,85.25,85.51,85.25,85.4,14697.04
2026-04-10 21:00:00,85.41,85.41,85.3,85.32,22140.45
2026-04-10 21:05:00,85.31,85.32,84.98,85.11,30112.33
2026-04-10 21:10:00,85.1,85.11,84.94,85.0,15602.53
2026-04-10 21:15:00,85.0,85.01,84.92,84.97,8198.76
2026-04-10 21:20:00,84.97,85.09,84.93,85.04,8787.77
2026-04-10 21:25:00,85.04,85.11,85.0,85.05,5384.22
2026-04-10 21:30:00,85.05,85.05,84.95,84.95,4757.02
2026-04-10 21:35:00,84.96,85.11,84.95,85.02,7270.84
2026-04-10 21:40:00,85.01,85.08,84.92,85.05,13540.17
2026-04-10 21:45:00,85.05,85.06,84.95,85.03,7321.92
2026-04-10 21:50:00,85.04,85.16,85.02,85.12,6427.81
2026-04-10 21:55:00,85.12,85.21,85.12,85.18,7484.73
2026-04-10 22:00:00,85.19,85.22,85.03,85.17,11440.08
2026-04-10 22:05:00,85.17,85.24,85.12,85.14,13754.52
2026-04-10 22:10:00,85.13,85.2,85.1,85.11,5307.73
2026-04-10 22:15:00,85.1,85.16,85.02,85.06,11782.68
2026-04-10 22:20:00,85.05,85.05,84.89,84.93,21076.96
2026-04-10 22:25:00,84.93,84.99,84.92,84.95,7785.36
2026-04-10 22:30:00,84.95,84.98,84.93,84.95,4977.89
2026-04-10 22:35:00,84.95,84.97,84.63,84.71,46589.22
2026-04-10 22:40:00,84.72,84.73,84.59,84.71,30947.53
2026-04-10 22:45:00,84.71,84.75,84.69,84.69,9805.68
2026-04-10 22:50:00,84.69,84.8,84.68,84.79,7070.67
2026-04-10 22:55:00,84.79,84.84,84.77,84.83,3851.37
2026-04-10 23:00:00,84.84,84.85,84.72,84.74,9604.56
2026-04-10 23:05:00,84.74,84.8,84.7,84.76,10175.73
2026-04-10 23:10:00,84.76,84.79,84.69,84.75,4960.6
2026-04-10 23:15:00,84.75,84.79,84.69,84.71,7030.59
2026-04-10 23:20:00,84.72,84.91,84.72,84.79,7938.9
2026-04-10 23:25:00,84.79,84.84,84.77,84.82,5225.21
2026-04-10 23:30:00,84.83,84.83,84.73,84.81,4596.23
2026-04-10 23:35:00,84.82,84.84,84.75,84.76,5379.79
2026-04-10 23:40:00,84.75,84.78,84.73,84.73,15386.51
2026-04-10 23:45:00,84.73,84.77,84.7,84.74,3449.86
2026-04-10 23:50:00,84.75,84.78,84.7,84.72,6612.35
2026-04-10 23:55:00,84.72,84.78,84.7,84.77,5811.02
2026-04-11 00:00:00,84.78,84.8,84.57,84.58,29095.94
2026-04-11 00:05:00,84.57,84.6,84.46,84.56,56475.63
2026-04-11 00:10:00,84.56,84.6,84.52,84.6,14171.19
2026-04-11 00:15:00,84.6,84.67,84.59,84.66,5934.33
2026-04-11 00:20:00,84.65,84.71,84.59,84.67,6916.36
2026-04-11 00:25:00,84.67,84.68,84.63,84.65,4911.35
2026-04-11 00:30:00,84.65,84.65,84.57,84.62,4606.11
2026-04-11 00:35:00,84.62,84.72,84.61,84.71,8009.31
2026-04-11 00:40:00,84.71,84.72,84.61,84.62,4375.6
2026-04-11 00:45:00,84.62,84.64,84.53,84.62,20876.25
2026-04-11 00:50:00,84.63,84.67,84.6,84.64,8432.25
2026-04-11 00:55:00,84.64,84.64,84.62,84.63,2113.55
2026-04-11 01:00:00,84.63,84.63,84.5,84.53,11133.56
2026-04-11 01:05:00,84.53,84.67,84.52,84.66,7776.5
2026-04-11 01:10:00,84.66,84.66,84.5,84.52,8520.84
2026-04-11 01:15:00,84.52,84.52,84.33,84.42,36978.34
2026-04-11 01:20:00,84.43,84.43,84.36,84.41,8121.17
2026-04-11 01:25:00,84.41,84.49,84.35,84.46,11664.36
2026-04-11 01:30:00,84.47,84.64,84.45,84.56,14911.79
2026-04-11 01:35:00,84.56,84.56,84.41,84.45,7647.73
2026-04-11 01:40:00,84.45,84.49,84.44,84.47,8486.2
2026-04-11 01:45:00,84.47,84.6,84.46,84.56,3955.49
2026-04-11 01:50:00,84.57,84.63,84.56,84.61,15896.92
2026-04-11 01:55:00,84.6,84.63,84.59,84.63,9804.27
2026-04-11 02:00:00,84.63,84.65,84.53,84.64,11678.34
2026-04-11 02:05:00,84.64,84.73,84.57,84.61,18540.56
2026-04-11 02:10:00,84.6,84.62,84.54,84.6,23120.52
2026-04-11 02:15:00,84.6,84.73,84.59,84.71,11372.68
2026-04-11 02:20:00,84.7,84.71,84.63,84.63,8448.14
2026-04-11 02:25:00,84.64,84.74,84.62,84.74,7233.6
2026-04-11 02:30:00,84.74,84.87,84.72,84.82,24816.36
2026-04-11 02:35:00,84.82,84.83,84.74,84.81,18165.87
2026-04-11 02:40:00,84.8,84.81,84.68,84.75,6215.46
2026-04-11 02:45:00,84.75,84.76,84.62,84.63,12593.5
2026-04-11 02:50:00,84.62,84.74,84.62,84.69,9119.03
2026-04-11 02:55:00,84.69,84.76,84.69,84.76,3586.86
2026-04-11 03:00:00,84.76,84.8,84.73,84.75,10578.71
2026-04-11 03:05:00,84.75,84.76,84.62,84.71,16030.28
2026-04-11 03:10:00,84.71,84.86,84.7,84.83,11682.69
2026-04-11 03:15:00,84.83,84.86,84.78,84.8,9600.07
2026-04-11 03:20:00,84.79,84.84,84.76,84.76,9076.13
2026-04-11 03:25:00,84.76,84.82,84.75,84.78,11587.1
2026-04-11 03:30:00,84.78,84.8,84.65,84.66,10932.41
2026-04-11 03:35:00,84.66,84.68,84.58,84.67,12369.22
2026-04-11 03:40:00,84.66,84.77,84.64,84.68,5203.6
2026-04-11 03:45:00,84.68,84.68,84.58,84.61,21191.48
2026-04-11 03:50:00,84.6,84.6,84.45,84.47,36471.86
2026-04-11 03:55:00,84.48,84.48,84.19,84.36,72618.88
2026-04-11 04:00:00,84.36,84.46,84.28,84.42,21468.0
2026-04-11 04:05:00,84.42,84.57,84.41,84.45,15455.49
2026-04-11 04:10:00,84.45,84.48,84.34,84.36,10053.41
2026-04-11 04:15:00,84.36,84.37,84.23,84.25,23416.19
2026-04-11 04:20:00,84.24,84.27,84.2,84.23,18036.98
2026-04-11 04:25:00,84.23,84.29,84.16,84.27,13353.97
2026-04-11 04:30:00,84.27,84.37,84.26,84.3,6628.31
2026-04-11 04:35:00,84.3,84.35,84.22,84.34,11449.1
2026-04-11 04:40:00,84.34,84.35,84.28,84.34,11238.0
2026-04-11 04:45:00,84.33,84.35,84.24,84.28,23752.91
2026-04-11 04:50:00,84.28,84.32,84.24,84.3,18743.81
2026-04-11 04:55:00,84.29,84.33,84.29,84.33,5485.97
2026-04-11 05:00:00,84.32,84.36,84.27,84.27,10040.97
2026-04-11 05:05:00,84.27,84.33,84.24,84.24,10273.46
2026-04-11 05:10:00,84.24,84.28,84.1,84.15,22228.7
2026-04-11 05:15:00,84.15,84.18,84.05,84.11,19029.03
2026-04-11 05:20:00,84.12,84.22,84.11,84.16,19357.7
2026-04-11 05:25:00,84.16,84.22,84.16,84.21,3886.48
2026-04-11 05:30:00,84.2,84.29,84.2,84.2,44419.67
2026-04-11 05:35:00,84.2,84.23,84.11,84.18,15866.72
2026-04-11 05:40:00,84.18,84.28,84.17,84.19,24472.61
2026-04-11 05:45:00,84.19,84.23,84.14,84.18,20937.9
2026-04-11 05:50:00,84.17,84.18,84.09,84.14,10852.52
2026-04-11 05:55:00,84.14,84.15,84.03,84.04,14130.31
2026-04-11 06:00:00,84.04,84.04,83.91,83.97,42202.72
2026-04-11 06:05:00,83.97,84.0,83.86,83.93,19340.59
2026-04-11 06:10:00,83.94,84.03,83.92,83.95,30514.52
2026-04-11 06:15:00,83.95,84.02,83.94,83.98,6322.83
2026-04-11 06:20:00,83.98,84.01,83.93,83.94,7323.42
2026-04-11 06:25:00,83.94,83.95,83.82,83.93,19643.47
2026-04-11 06:30:00,83.93,83.99,83.93,83.94,4934.83
2026-04-11 06:35:00,83.93,84.04,83.93,83.99,10118.73
2026-04-11 06:40:00,83.99,84.03,83.96,84.0,12882.2
2026-04-11 06:45:00,84.0,84.05,83.97,84.03,11143.43
2026-04-11 06:50:00,84.03,84.09,84.03,84.05,8658.83
2026-04-11 06:55:00,84.05,84.1,84.05,84.07,11908.64
2026-04-11 07:00:00,84.08,84.08,84.02,84.04,10006.6
2026-04-11 07:05:00,84.04,84.08,84.02,84.05,5127.47
2026-04-11 07:10:00,84.05,84.1,84.03,84.09,9249.22
2026-04-11 07:15:00,84.1,84.21,84.1,84.16,23136.03
2026-04-11 07:20:00,84.15,84.3,84.15,84.26,29694.61
2026-04-11 07:25:00,84.26,84.28,84.22,84.22,10784.31
2026-04-11 07:30:00,84.22,84.28,84.21,84.26,14679.7
2026-04-11 07:35:00,84.26,84.27,84.22,84.26,6539.62
2026-04-11 07:40:00,84.26,84.27,84.17,84.17,11055.61
2026-04-11 07:45:00,84.17,84.18,84.11,84.14,7941.5
2026-04-11 07:50:00,84.15,84.17,84.1,84.14,11934.24
2026-04-11 07:55:00,84.14,84.23,84.14,84.23,5899.12
2026-04-11 08:00:00,84.23,84.23,84.15,84.18,12507.28
2026-04-11 08:05:00,84.19,84.26,84.18,84.26,10085.87
2026-04-11 08:10:00,84.26,84.33,84.24,84.3,17831.08
2026-04-11 08:15:00,84.3,84.32,84.28,84.28,6481.89
2026-04-11 08:20:00,84.28,84.35,84.27,84.31,7411.39
2026-04-11 08:25:00,84.32,84.33,84.29,84.29,4505.01
2026-04-11 08:30:00,84.29,84.37,84.29,84.33,16964.56
2026-04-11 08:35:00,84.33,84.34,84.28,84.33,12606.69
2026-04-11 08:40:00,84.33,84.39,84.3,84.34,8351.6
2026-04-11 08:45:00,84.34,84.34,84.28,84.28,12522.77
2026-04-11 08:50:00,84.29,84.29,84.14,84.2,26816.96
2026-04-11 08:55:00,84.2,84.2,84.11,84.11,10406.24
2026-04-11 09:00:00,84.11,84.17,84.1,84.16,9559.46
2026-04-11 09:05:00,84.17,84.17,84.12,84.15,5881.35
2026-04-11 09:10:00,84.15,84.19,84.13,84.19,5839.09
2026-04-11 09:15:00,84.19,84.64,84.18,84.53,87187.84
2026-04-11 09:20:00,84.54,84.75,84.52,84.6,57101.47
2026-04-11 09:25:00,84.6,84.66,84.59,84.62,12218.99
2026-04-11 09:30:00,84.61,84.62,84.42,84.43,20193.0
2026-04-11 09:35:00,84.43,84.67,84.43,84.63,49767.4
2026-04-11 09:40:00,84.62,84.71,84.43,84.44,74464.42
2026-04-11 09:45:00,84.44,84.53,84.42,84.42,10721.43
2026-04-11 09:50:00,84.43,84.51,84.41,84.45,23461.87
2026-04-11 09:55:00,84.45,84.51,84.4,84.47,22179.13
2026-04-11 10:00:00,84.47,84.48,84.4,84.42,9448.1
2026-04-11 10:05:00,84.42,84.45,84.4,84.42,11289.15
2026-04-11 10:10:00,84.42,84.43,84.15,84.21,71965.92
2026-04-11 10:15:00,84.21,84.22,84.08,84.11,29455.51
2026-04-11 10:20:00,84.12,84.22,84.11,84.22,9954.22
2026-04-11 10:25:00,84.22,84.26,84.2,84.24,7280.81
2026-04-11 10:30:00,84.25,84.25,84.18,84.21,12533.8
2026-04-11 10:35:00,84.21,84.22,84.06,84.07,18560.2
2026-04-11 10:40:00,84.08,84.11,84.02,84.03,17997.18
2026-04-11 10:45:00,84.03,84.03,83.9,84.0,43596.54
2026-04-11 10:50:00,84.0,84.06,83.99,84.05,14789.5
2026-04-11 10:55:00,84.05,84.09,84.0,84.01,9161.69
2026-04-11 11:00:00,84.0,84.02,83.95,84.0,20846.67
2026-04-11 11:05:00,83.99,84.1,83.99,84.03,28564.55
2026-04-11 11:10:00,84.04,84.06,83.95,83.96,56433.9
2026-04-11 11:15:00,83.95,84.03,83.71,84.01,128590.2
2026-04-11 11:20:00,84.0,84.06,84.0,84.05,9774.53
2026-04-11 11:25:00,84.06,84.09,84.01,84.01,12063.96
2026-04-11 11:30:00,84.01,84.04,84.0,84.02,6120.02
2026-04-11 11:35:00,84.02,84.08,84.02,84.07,12033.39
2026-04-11 11:40:00,84.06,84.08,84.05,84.06,2200.41
2026-04-11 11:45:00,84.06,84.11,84.04,84.07,19699.72
2026-04-11 11:50:00,84.08,84.2,84.07,84.16,19759.17
2026-04-11 11:55:00,84.16,84.22,84.16,84.2,26908.22
2026-04-11 12:00:00,84.19,84.2,84.1,84.14,21127.25
2026-04-11 12:05:00,84.14,84.22,84.14,84.17,18273.14
2026-04-11 12:10:00,84.17,84.18,84.08,84.14,14819.66
2026-04-11 12:15:00,84.13,84.17,84.09,84.09,8630.95
2026-04-11 12:20:00,84.09,84.11,84.01,84.01,7753.78
2026-04-11 12:25:00,84.01,84.17,84.01,84.14,4428.0
2026-04-11 12:30:00,84.14,84.2,84.09,84.2,12484.71
2026-04-11 12:35:00,84.19,84.22,84.15,84.19,13391.56
2026-04-11 12:40:00,84.18,84.36,84.18,84.36,69433.02
2026-04-11 12:45:00,84.36,84.48,84.18,84.18,121870.69
2026-04-11 12:50:00,84.18,84.2,84.16,84.16,6464.0
2026-04-11 12:55:00,84.17,84.18,84.14,84.17,6181.61
2026-04-11 13:00:00,84.17,84.18,84.02,84.12,20602.2
2026-04-11 13:05:00,84.11,84.13,84.03,84.03,6840.89
2026-04-11 13:10:00,84.04,84.04,83.76,83.92,89356.41
2026-04-11 13:15:00,83.92,84.27,83.92,84.24,35075.23
2026-04-11 13:20:00,84.24,84.25,84.08,84.08,19125.6
2026-04-11 13:25:00,84.08,84.18,84.0,84.01,33804.6
2026-04-11 13:30:00,84.02,84.06,83.96,83.99,14245.93
2026-04-11 13:35:00,83.99,84.08,83.99,84.05,10713.1
2026-04-11 13:40:00,84.04,84.16,84.04,84.08,7196.27
2026-04-11 13:45:00,84.08,84.14,84.05,84.13,7544.02
2026-04-11 13:50:00,84.13,84.14,84.06,84.08,7052.25
2026-04-11 13:55:00,84.08,84.12,84.03,84.03,9172.17
2026-04-11 14:00:00,84.04,84.09,84.01,84.06,23721.11
2026-04-11 14:05:00,84.06,84.26,83.98,84.23,141770.9
2026-04-11 14:10:00,84.23,84.25,84.21,84.23,8331.6
2026-04-11 14:15:00,84.22,84.25,84.2,84.23,25840.4
2026-04-11 14:20:00,84.23,84.37,84.23,84.29,64569.8
2026-04-11 14:25:00,84.29,84.3,84.21,84.25,8957.85
2026-04-11 14:30:00,84.25,84.25,84.13,84.19,5711.42
2026-04-11 14:35:00,84.2,84.28,84.19,84.21,8643.69
2026-04-11 14:40:00,84.21,84.24,84.15,84.23,5904.12
2026-04-11 14:45:00,84.23,84.27,84.22,84.22,4260.16
2026-04-11 14:50:00,84.23,84.28,84.23,84.27,7143.31
2026-04-11 14:55:00,84.26,84.35,84.24,84.32,5042.29
2026-04-11 15:00:00,84.33,84.34,84.18,84.3,22468.85
2026-04-11 15:05:00,84.31,84.35,84.27,84.33,6712.28
2026-04-11 15:10:00,84.34,84.4,84.33,84.38,7753.52
2026-04-11 15:15:00,84.38,84.84,84.36,84.65,98877.49
2026-04-11 15:20:00,84.66,84.69,84.57,84.59,24496.5
2026-04-11 15:25:00,84.58,84.72,84.47,84.66,45119.2
2026-04-11 15:30:00,84.67,84.82,84.57,84.63,89223.74
2026-04-11 15:35:00,84.63,84.65,84.57,84.64,15938.69
2026-04-11 15:40:00,84.63,84.63,84.48,84.53,15111.86
2026-04-11 15:45:00,84.53,84.61,84.48,84.48,22130.74
2026-04-11 15:50:00,84.49,84.67,84.48,84.59,21323.76
2026-04-11 15:55:00,84.59,84.64,84.55,84.62,13261.05
2026-04-11 16:00:00,84.62,84.71,84.6,84.71,25291.28
2026-04-11 16:05:00,84.71,84.77,84.54,84.6,18638.19
2026-04-11 16:10:00,84.59,84.73,84.57,84.72,11982.78
2026-04-11 16:15:00,84.72,84.82,84.64,84.68,23716.15
2026-04-11 16:20:00,84.69,84.7,84.56,84.6,17224.52
2026-04-11 16:25:00,84.61,84.68,84.57,84.65,12027.32
2026-04-11 16:30:00,84.64,84.71,84.64,84.66,5823.79
2026-04-11 16:35:00,84.66,84.91,84.66,84.83,23689.59
2026-04-11 16:40:00,84.84,85.36,84.83,85.16,138997.17
2026-04-11 16:45:00,85.16,85.23,85.0,85.11,42714.33
2026-04-11 16:50:00,85.11,85.11,84.92,84.95,19239.41
2026-04-11 16:55:00,84.95,85.01,84.93,84.94,13591.18
2026-04-11 17:00:00,84.93,84.97,84.87,84.87,19785.0
2026-04-11 17:05:00,84.88,84.88,84.73,84.76,24993.86
2026-04-11 17:10:00,84.77,84.84,84.72,84.79,18263.69
2026-04-11 17:15:00,84.79,84.79,84.63,84.71,23916.65
2026-04-11 17:20:00,84.71,84.88,84.67,84.83,15870.4
2026-04-11 17:25:00,84.83,84.86,84.73,84.8,21813.72
2026-04-11 17:30:00,84.81,84.94,84.81,84.91,26447.35
2026-04-11 17:35:00,84.92,84.93,84.84,84.87,17540.89
2026-04-11 17:40:00,84.88,84.89,84.82,84.84,5243.28
2026-04-11 17:45:00,84.84,84.87,84.71,84.76,22089.09
2026-04-11 17:50:00,84.76,84.85,84.74,84.77,13750.68
2026-04-11 17:55:00,84.77,84.78,84.69,84.75,12692.7
2026-04-11 18:00:00,84.76,84.78,84.62,84.62,14381.11
2026-04-11 18:05:00,84.61,84.7,84.6,84.68,10789.96
2026-04-11 18:10:00,84.68,84.71,84.64,84.69,8311.7
2026-04-11 18:15:00,84.69,84.86,84.69,84.86,10517.47
2026-04-11 18:20:00,84.86,84.96,84.86,84.88,20909.05
2026-04-11 18:25:00,84.88,84.93,84.87,84.91,7314.39
2026-04-11 18:30:00,84.92,85.19,84.91,85.12,49943.06
2026-04-11 18:35:00,85.12,85.8,85.12,85.5,214093.83
2026-04-11 18:40:00,85.5,85.55,85.36,85.42,40253.24
2026-04-11 18:45:00,85.43,85.6,85.32,85.51,30164.66
2026-04-11 18:50:00,85.52,85.53,85.37,85.38,19640.88
2026-04-11 18:55:00,85.37,85.45,85.32,85.44,17551.22
2026-04-11 19:00:00,85.45,85.55,85.38,85.48,31055.36
2026-04-11 19:05:00,85.48,85.85,85.47,85.72,61288.29
2026-04-11 19:10:00,85.72,85.78,85.56,85.59,19348.7
2026-04-11 19:15:00,85.59,85.9,85.59,85.63,43358.08
2026-04-11 19:20:00,85.63,85.63,85.48,85.6,13270.11
2026-04-11 19:25:00,85.6,85.84,85.59,85.78,18226.07
2026-04-11 19:30:00,85.78,86.24,85.77,86.08,127914.17
2026-04-11 19:35:00,86.08,86.11,86.02,86.07,23745.85
2026-04-11 19:40:00,86.07,86.07,86.01,86.05,16649.17
2026-04-11 19:45:00,86.05,86.06,85.88,85.93,66866.16
2026-04-11 19:50:00,85.94,86.02,85.88,85.91,12805.45
2026-04-11 19:55:00,85.91,85.99,85.84,85.98,8127.01
2026-04-11 20:00:00,85.99,86.06,85.63,85.71,39619.55
2026-04-11 20:05:00,85.71,85.79,85.65,85.73,12776.96
2026-04-11 20:10:00,85.73,85.73,85.56,85.66,18542.11
2026-04-11 20:15:00,85.66,85.75,85.57,85.57,9556.11
2026-04-11 20:20:00,85.57,85.58,85.37,85.38,31091.97
2026-04-11 20:25:00,85.38,85.47,85.38,85.43,19199.63
2026-04-11 20:30:00,85.43,85.43,85.09,85.17,36348.9
2026-04-11 20:35:00,85.17,85.31,85.08,85.2,33429.75
2026-04-11 20:40:00,85.2,85.32,85.17,85.31,5453.59
2026-04-11 20:45:00,85.31,85.48,85.26,85.43,20395.27
2026-04-11 20:50:00,85.44,85.52,85.43,85.48,12445.14
2026-04-11 20:55:00,85.48,85.48,85.35,85.36,5918.03
2026-04-11 21:00:00,85.37,85.43,85.15,85.38,18349.83
2026-04-11 21:05:00,85.38,85.46,85.36,85.46,5554.57
2026-04-11 21:10:00,85.46,85.5,85.38,85.39,13194.03
2026-04-11 21:15:00,85.4,85.42,85.33,85.39,4359.5
2026-04-11 21:20:00,85.39,85.42,85.25,85.3,9863.72
2026-04-11 21:25:00,85.3,85.31,85.21,85.27,3641.24
2026-04-11 21:30:00,85.27,85.29,85.16,85.25,8416.87
2026-04-11 21:35:00,85.26,85.35,85.25,85.29,4744.23
2026-04-11 21:40:00,85.29,85.35,85.25,85.25,3951.42
2026-04-11 21:45:00,85.25,85.4,85.24,85.32,8738.3
2026-04-11 21:50:00,85.33,85.45,85.33,85.37,8137.95
2026-04-11 21:55:00,85.37,85.37,85.26,85.3,9204.46
2026-04-11 22:00:00,85.3,85.38,85.2,85.38,10516.21
2026-04-11 22:05:00,85.38,85.55,85.38,85.47,21994.03
2026-04-11 22:10:00,85.47,85.53,85.41,85.46,7494.7
2026-04-11 22:15:00,85.45,86.13,85.44,85.84,147733.51
2026-04-11 22:20:00,85.85,85.88,85.74,85.74,18211.48
2026-04-11 22:25:00,85.74,85.74,85.53,85.63,23045.13
2026-04-11 22:30:00,85.62,85.63,85.25,85.29,35683.99
2026-04-11 22:35:00,85.29,85.39,85.01,85.11,37573.28
2026-04-11 22:40:00,85.12,85.24,85.1,85.12,23436.35
2026-04-11 22:45:00,85.12,85.22,85.11,85.18,15866.48
2026-04-11 22:50:00,85.18,85.18,85.08,85.12,8186.82
2026-04-11 22:55:00,85.12,85.28,85.11,85.24,16692.94
2026-04-11 23:00:00,85.24,85.24,84.73,84.79,39908.7
2026-04-11 23:05:00,84.8,84.85,84.57,84.6,55076.52
2026-04-11 23:10:00,84.6,84.78,84.47,84.75,56336.68
2026-04-11 23:15:00,84.75,84.87,84.7,84.85,12287.27
2026-04-11 23:20:00,84.84,84.99,84.83,84.98,9169.46
2026-04-11 23:25:00,84.97,85.0,84.92,84.92,9406.08
2026-04-11 23:30:00,84.92,85.04,84.89,85.01,15161.89
2026-04-11 23:35:00,85.01,85.05,84.96,85.01,9733.48
2026-04-11 23:40:00,85.01,85.01,84.8,84.81,27048.36
2026-04-11 23:45:00,84.82,84.93,84.8,84.88,18999.19
2026-04-11 23:50:00,84.88,84.92,84.81,84.82,9729.91
2026-04-11 23:55:00,84.82,84.9,84.82,84.88,11889.23
2026-04-12 00:00:00,84.88,84.89,84.66,84.73,22507.62
2026-04-12 00:05:00,84.72,84.9,84.72,84.81,18703.06
2026-04-12 00:10:00,84.82,84.93,84.74,84.8,18963.99
2026-04-12 00:15:00,84.79,84.86,84.75,84.86,12717.92
2026-04-12 00:20:00,84.87,84.95,84.84,84.9,14879.46
2026-04-12 00:25:00,84.89,84.96,84.86,84.86,17102.15
2026-04-12 00:30:00,84.86,84.91,84.79,84.88,13479.65
2026-04-12 00:35:00,84.88,84.95,84.78,84.79,10346.56
2026-04-12 00:40:00,84.78,84.87,84.72,84.85,13921.37
2026-04-12 00:45:00,84.84,84.87,84.72,84.74,37157.97
2026-04-12 00:50:00,84.74,84.82,84.74,84.78,5651.97
2026-04-12 00:55:00,84.78,84.85,84.78,84.84,4712.38
2026-04-12 01:00:00,84.84,84.93,84.78,84.79,12142.39
2026-04-12 01:05:00,84.79,84.85,84.69,84.83,13708.74
2026-04-12 01:10:00,84.83,84.87,84.73,84.76,12789.81
2026-04-12 01:15:00,84.75,84.78,84.61,84.71,27435.57
2026-04-12 01:20:00,84.71,84.77,84.67,84.69,5770.56
2026-04-12 01:25:00,84.69,84.72,84.64,84.66,9801.41
2026-04-12 01:30:00,84.66,84.67,84.07,84.07,122608.85
2026-04-12 01:35:00,84.07,84.08,83.2,83.55,422401.3
2026-04-12 01:40:00,83.55,83.61,82.51,82.79,263508.72
2026-04-12 01:45:00,82.78,82.78,82.13,82.23,225570.7
2026-04-12 01:50:00,82.23,82.43,81.97,82.42,177050.06
2026-04-12 01:55:00,82.43,82.43,82.08,82.22,98331.73
2026-04-12 02:00:00,82.23,82.33,81.88,81.92,187952.89
2026-04-12 02:05:00,81.92,82.2,81.81,82.19,77804.61
2026-04-12 02:10:00,82.19,82.65,82.11,82.5,118030.21
2026-04-12 02:15:00,82.51,82.91,82.49,82.77,156069.93
2026-04-12 02:20:00,82.78,82.78,82.53,82.58,56074.18
2026-04-12 02:25:00,82.58,82.69,82.48,82.6,54716.37
2026-04-12 02:30:00,82.6,82.82,82.58,82.74,40533.87
2026-04-12 02:35:00,82.74,82.78,82.56,82.56,30277.53
2026-04-12 02:40:00,82.56,82.63,82.49,82.59,42429.6
2026-04-12 02:45:00,82.59,82.67,82.51,82.62,18444.48
2026-04-12 02:50:00,82.61,82.66,82.53,82.57,21028.09
2026-04-12 02:55:00,82.57,82.65,82.54,82.6,16728.34
2026-04-12 03:00:00,82.6,82.72,82.56,82.68,39469.87
2026-04-12 03:05:00,82.67,82.73,82.5,82.53,21010.82
2026-04-12 03:10:00,82.54,82.63,82.43,82.59,31804.98
2026-04-12 03:15:00,82.59,82.65,82.5,82.53,13142.0
2026-04-12 03:20:00,82.53,82.59,82.44,82.45,17165.6
2026-04-12 03:25:00,82.45,82.53,82.44,82.5,13778.27
2026-04-12 03:30:00,82.49,82.54,82.26,82.43,24986.53
2026-04-12 03:35:00,82.43,82.47,82.3,82.42,34996.69
2026-04-12 03:40:00,82.42,82.5,82.41,82.44,20426.65
2026-04-12 03:45:00,82.44,82.48,82.34,82.37,28901.33
2026-04-12 03:50:00,82.38,82.46,82.37,82.41,8856.43
2026-04-12 03:55:00,82.41,82.43,82.26,82.26,20013.12
2026-04-12 04:00:00,82.26,82.36,82.23,82.33,43167.53
2026-04-12 04:05:00,82.33,82.4,82.24,82.25,10244.69
2026-04-12 04:10:00,82.26,82.32,82.22,82.32,17062.81
2026-04-12 04:15:00,82.32,82.38,82.16,82.25,27136.99
2026-04-12 04:20:00,82.24,82.32,82.17,82.22,12693.83
2026-04-12 04:25:00,82.22,82.26,82.14,82.15,31309.14
2026-04-12 04:30:00,82.16,82.25,82.11,82.22,21598.13
2026-04-12 04:35:00,82.22,82.22,82.14,82.17,22097.87
2026-04-12 04:40:00,82.17,82.25,82.11,82.22,14185.42
2026-04-12 04:45:00,82.22,82.23,82.16,82.22,13887.71
2026-04-12 04:50:00,82.22,82.25,82.1,82.17,13564.46
2026-04-12 04:55:00,82.16,82.19,82.12,82.16,8290.54
2026-04-12 05:00:00,82.17,82.27,82.1,82.21,12553.6
2026-04-12 05:05:00,82.2,82.29,82.17,82.24,18368.43
2026-04-12 05:10:00,82.24,82.25,82.1,82.1,9457.08
2026-04-12 05:15:00,82.1,82.17,82.01,82.14,18752.89
2026-04-12 05:20:00,82.13,82.31,82.13,82.28,21781.8
2026-04-12 05:25:00,82.28,82.39,82.27,82.38,14761.53
2026-04-12 05:30:00,82.39,82.42,82.29,82.29,21934.07
2026-04-12 05:35:00,82.29,82.3,82.18,82.22,25364.25
2026-04-12 05:40:00,82.23,82.24,82.19,82.22,9964.62
2026-04-12 05:45:00,82.22,82.28,82.19,82.27,8911.78
2026-04-12 05:50:00,82.26,82.38,82.25,82.35,26309.65
2026-04-12 05:55:00,82.36,82.41,82.31,82.34,18277.85
2026-04-12 06:00:00,82.34,82.41,82.29,82.39,14489.79
2026-04-12 06:05:00,82.4,82.45,82.32,82.35,14623.19
2026-04-12 06:10:00,82.35,82.41,82.31,82.38,14503.29
2026-04-12 06:15:00,82.38,82.38,82.19,82.29,24553.91
2026-04-12 06:20:00,82.29,82.32,82.22,82.32,11354.67
2026-04-12 06:25:00,82.31,82.38,82.29,82.36,15805.12
2026-04-12 06:30:00,82.35,82.35,82.28,82.3,5195.11
2026-04-12 06:35:00,82.31,82.33,82.18,82.22,14519.29
2026-04-12 06:40:00,82.23,82.29,82.21,82.24,10197.21
2026-04-12 06:45:00,82.23,82.26,82.2,82.24,3835.68
2026-04-12 06:50:00,82.24,82.28,82.15,82.16,16950.39
2026-04-12 06:55:00,82.16,82.24,82.15,82.22,19199.88
2026-04-12 07:00:00,82.21,82.27,82.18,82.22,5718.74
2026-04-12 07:05:00,82.22,82.31,82.22,82.27,6289.18
2026-04-12 07:10:00,82.27,82.36,82.26,82.26,4913.59
2026-04-12 07:15:00,82.26,82.27,82.21,82.26,11618.86
2026-04-12 07:20:00,82.25,82.32,82.25,82.28,6528.97
2026-04-12 07:25:00,82.28,82.32,82.26,82.29,3902.95
2026-04-12 07:30:00,82.28,82.33,82.28,82.33,6477.97
2026-04-12 07:35:00,82.33,82.4,82.31,82.38,8008.93
2026-04-12 07:40:00,82.37,82.39,82.36,82.37,5355.41
2026-04-12 07:45:00,82.37,82.41,82.23,82.25,20119.42
2026-04-12 07:50:00,82.25,82.33,82.23,82.3,11701.69
2026-04-12 07:55:00,82.3,82.3,82.22,82.23,23297.06
2026-04-12 08:00:00,82.22,82.25,82.15,82.16,29559.23
2026-04-12 08:05:00,82.16,82.22,82.15,82.17,8197.35
2026-04-12 08:10:00,82.16,82.18,82.15,82.15,8265.23
2026-04-12 08:15:00,82.15,82.21,82.1,82.11,17540.54
2026-04-12 08:20:00,82.11,82.17,82.1,82.17,23386.3
2026-04-12 08:25:00,82.17,82.22,82.17,82.21,6042.1
2026-04-12 08:30:00,82.21,82.22,82.15,82.17,12784.52
2026-04-12 08:35:00,82.17,82.23,82.16,82.2,5510.87
2026-04-12 08:40:00,82.2,82.24,82.18,82.22,7461.97
2026-04-12 08:45:00,82.23,82.23,82.11,82.11,9157.2
2026-04-12 08:50:00,82.11,82.17,82.08,82.15,15711.3
2026-04-12 08:55:00,82.15,82.23,82.15,82.23,6511.24
2026-04-12 09:00:00,82.23,82.27,82.21,82.25,8859.09
2026-04-12 09:05:00,82.25,82.35,82.11,82.16,56857.3
2026-04-12 09:10:00,82.16,82.22,82.16,82.22,6402.63
2026-04-12 09:15:00,82.22,82.22,82.18,82.18,3253.36
2026-04-12 09:20:00,82.19,82.21,82.13,82.21,11127.04
2026-04-12 09:25:00,82.21,82.22,82.15,82.15,5050.97
2026-04-12 09:30:00,82.14,82.22,82.12,82.21,4735.93
2026-04-12 09:35:00,82.21,82.25,82.15,82.25,4340.07
2026-04-12 09:40:00,82.25,82.25,82.15,82.18,13625.64
2026-04-12 09:45:00,82.18,82.21,82.06,82.11,21142.1
2026-04-12 09:50:00,82.11,82.16,82.11,82.13,2891.69
2026-04-12 09:55:00,82.13,82.16,82.12,82.15,9062.98
2026-04-12 10:00:00,82.15,82.15,82.11,82.12,8674.72
2026-04-12 10:05:00,82.12,82.27,82.12,82.25,10872.33
2026-04-12 10:10:00,82.24,82.25,82.11,82.13,10191.66
2026-04-12 10:15:00,82.12,82.18,82.12,82.17,13068.63
2026-04-12 10:20:00,82.18,82.24,82.17,82.21,4388.01
2026-04-12 10:25:00,82.21,82.25,82.19,82.25,3517.4
2026-04-12 10:30:00,82.25,82.28,82.21,82.21,16104.49
2026-04-12 10:35:00,82.21,82.23,82.19,82.2,4512.16
2026-04-12 10:40:00,82.19,82.22,82.19,82.2,2649.76
2026-04-12 10:45:00,82.21,82.21,82.15,82.17,7688.72
2026-04-12 10:50:00,82.17,82.21,81.9,81.96,62222.23
2026-04-12 10:55:00,81.95,82.04,81.9,81.99,37879.67
2026-04-12 11:00:00,81.98,82.03,81.92,81.92,30436.18
2026-04-12 11:05:00,81.92,82.1,81.91,82.07,23467.15
2026-04-12 11:10:00,82.06,82.21,81.92,82.18,90593.06
2026-04-12 11:15:00,82.18,82.21,82.15,82.16,6385.14
2026-04-12 11:20:00,82.16,82.19,82.13,82.13,12627.72
2026-04-12 11:25:00,82.13,82.29,82.13,82.27,12841.05
2026-04-12 11:30:00,82.27,82.32,82.19,82.19,24850.34
2026-04-12 11:35:00,82.19,82.23,82.19,82.22,7468.68
2026-04-12 11:40:00,82.21,82.25,82.2,82.2,3489.43
2026-04-12 11:45:00,82.2,82.21,82.15,82.16,15537.57
2026-04-12 11:50:00,82.16,82.18,82.15,82.16,8748.25
2026-04-12 11:55:00,82.16,82.17,82.15,82.16,2614.55
2026-04-12 12:00:00,82.15,82.22,82.09,82.18,16305.12
2026-04-12 12:05:00,82.19,82.19,82.14,82.17,4089.39
2026-04-12 12:10:00,82.17,82.24,82.15,82.24,4818.83
2026-04-12 12:15:00,82.24,82.29,82.23,82.29,13118.59
2026-04-12 12:20:00,82.29,82.34,82.24,82.34,19296.22
2026-04-12 12:25:00,82.33,82.4,82.32,82.4,18284.29
2026-04-12 12:30:00,82.39,82.5,82.16,82.24,84151.54
2026-04-12 12:35:00,82.24,82.39,82.23,82.35,11887.92
2026-04-12 12:40:00,82.35,82.42,82.32,82.37,12367.69
2026-04-12 12:45:00,82.37,82.39,82.31,82.31,7257.36
2026-04-12 12:50:00,82.31,82.31,81.82,82.08,98384.05
2026-04-12 12:55:00,82.09,82.17,81.9,81.97,55713.03
2026-04-12 13:00:00,81.97,82.05,81.85,82.03,71343.46
2026-04-12 13:05:00,82.03,82.19,81.98,82.09,47681.92
2026-04-12 13:10:00,82.08,82.09,81.9,81.91,33549.28
2026-04-12 13:15:00,81.91,82.03,81.9,81.95,15386.64
2026-04-12 13:20:00,81.94,82.02,81.94,81.98,15737.07
2026-04-12 13:25:00,81.98,82.03,81.9,81.9,24113.26
2026-04-12 13:30:00,81.91,81.99,81.71,81.99,121333.02
2026-04-12 13:35:00,81.99,82.04,81.85,81.91,39737.83
2026-04-12 13:40:00,81.92,82.0,81.83,81.97,11225.94
2026-04-12 13:45:00,81.97,81.98,81.8,81.95,25067.46
2026-04-12 13:50:00,81.94,81.95,81.8,81.86,26950.58
2026-04-12 13:55:00,81.86,81.92,81.8,81.86,26195.56
2026-04-12 14:00:00,81.85,82.0,81.83,81.91,31108.55
2026-04-12 14:05:00,81.91,82.03,81.89,82.0,19428.94
2026-04-12 14:10:00,82.0,82.06,81.82,81.94,74440.1
2026-04-12 14:15:00,81.94,81.97,81.9,81.97,14439.35
2026-04-12 14:20:00,81.97,82.04,81.91,81.98,43227.43
2026-04-12 14:25:00,81.98,81.99,81.87,81.91,10931.87
2026-04-12 14:30:00,81.91,81.92,81.64,81.69,84710.33
2026-04-12 14:35:00,81.68,81.74,81.55,81.56,40224.92
2026-04-12 14:40:00,81.57,81.64,81.24,81.35,201859.14
2026-04-12 14:45:00,81.35,81.53,81.25,81.42,115051.81
2026-04-12 14:50:00,81.42,81.55,81.42,81.48,51197.95
2026-04-12 14:55:00,81.48,81.62,81.42,81.52,15253.68
2026-04-12 15:00:00,81.53,81.63,81.51,81.61,14129.86
2026-04-12 15:05:00,81.61,81.67,81.58,81.64,15736.65
2026-04-12 15:10:00,81.64,81.76,81.63,81.74,28031.68
2026-04-12 15:15:00,81.74,81.79,81.44,81.52,91749.89
2026-04-12 15:20:00,81.52,81.6,81.5,81.54,11489.87
2026-04-12 15:25:00,81.54,81.56,81.4,81.4,13999.54
2026-04-12 15:30:00,81.4,81.59,81.26,81.52,85801.05
2026-04-12 15:35:00,81.53,81.57,81.47,81.53,8189.42
2026-04-12 15:40:00,81.53,81.61,81.5,81.56,14755.31
2026-04-12 15:45:00,81.56,81.58,81.51,81.53,11904.36
2026-04-12 15:50:00,81.54,81.66,81.53,81.61,11477.64
2026-04-12 15:55:00,81.6,81.6,81.52,81.54,9635.17
2026-04-12 16:00:00,81.54,81.7,81.48,81.65,19177.14
2026-04-12 16:05:00,81.65,81.66,81.51,81.53,12893.93
2026-04-12 16:10:00,81.53,81.71,81.52,81.68,9962.41
2026-04-12 16:15:00,81.68,81.71,81.56,81.56,12762.33
2026-04-12 16:20:00,81.56,81.7,81.5,81.7,21052.38
2026-04-12 16:25:00,81.7,81.74,81.65,81.73,10337.58
2026-04-12 16:30:00,81.73,81.82,81.72,81.79,12481.46
2026-04-12 16:35:00,81.79,81.79,81.64,81.64,9680.21
2026-04-12 16:40:00,81.65,81.73,81.63,81.7,7151.18
2026-04-12 16:45:00,81.69,81.76,81.66,81.71,6016.35
2026-04-12 16:50:00,81.71,81.82,81.71,81.78,10482.84
2026-04-12 16:55:00,81.77,81.84,81.72,81.83,10890.45
2026-04-12 17:00:00,81.83,81.91,81.75,81.85,15035.03
2026-04-12 17:05:00,81.85,81.88,81.76,81.79,4962.43
2026-04-12 17:10:00,81.79,81.79,81.71,81.71,4836.08
2026-04-12 17:15:00,81.71,81.79,81.71,81.79,3701.18
2026-04-12 17:20:00,81.79,81.88,81.79,81.87,9922.03
2026-04-12 17:25:00,81.87,81.91,81.84,81.87,20694.88
2026-04-12 17:30:00,81.88,81.99,81.87,81.96,10706.12
2026-04-12 17:35:00,81.95,81.96,81.83,81.91,18212.81
2026-04-12 17:40:00,81.91,81.95,81.88,81.92,14909.27
2026-04-12 17:45:00,81.91,81.91,81.77,81.86,13732.63
2026-04-12 17:50:00,81.86,82.27,81.85,82.1,55418.46
2026-04-12 17:55:00,82.1,82.16,82.05,82.13,16341.98
2026-04-12 18:00:00,82.14,82.17,82.0,82.14,30634.97
2026-04-12 18:05:00,82.14,82.23,82.04,82.09,35236.31
2026-04-12 18:10:00,82.1,82.13,82.06,82.12,4318.93
2026-04-12 18:15:00,82.13,82.27,82.08,82.11,22324.76
2026-04-12 18:20:00,82.1,82.16,82.04,82.07,8370.46
2026-04-12 18:25:00,82.07,82.07,82.0,82.02,6251.55
2026-04-12 18:30:00,82.01,82.07,81.99,82.0,12122.39
2026-04-12 18:35:00,82.0,82.17,81.99,82.16,3698.07
2026-04-12 18:40:00,82.17,82.17,82.02,82.03,5789.58
2026-04-12 18:45:00,82.03,82.08,82.03,82.05,3909.68
2026-04-12 18:50:00,82.06,82.11,82.05,82.09,5979.42
2026-04-12 18:55:00,82.09,82.14,82.06,82.07,15302.3
2026-04-12 19:00:00,82.07,82.11,82.07,82.1,3147.57
2026-04-12 19:05:00,82.1,82.18,82.1,82.15,3350.89
2026-04-12 19:10:00,82.15,82.27,82.12,82.12,7121.72
2026-04-12 19:15:00,82.13,82.15,82.05,82.06,6766.84
2026-04-12 19:20:00,82.07,82.13,82.06,82.12,1289.61
2026-04-12 19:25:00,82.12,82.16,82.09,82.15,1273.01
2026-04-12 19:30:00,82.15,82.19,82.1,82.19,4187.75
2026-04-12 19:35:00,82.18,82.18,82.02,82.05,8926.42
2026-04-12 19:40:00,82.06,82.09,82.04,82.06,1992.68
2026-04-12 19:45:00,82.06,82.09,81.94,81.98,10729.57
2026-04-12 19:50:00,81.97,81.98,81.87,81.98,8342.81
2026-04-12 19:55:00,81.97,81.97,81.87,81.92,4457.62
2026-04-12 20:00:00,81.92,81.99,81.92,81.96,8132.92
2026-04-12 20:05:00,81.96,81.97,81.87,81.91,6212.65
2026-04-12 20:10:00,81.9,82.02,81.9,82.0,6127.58
2026-04-12 20:15:00,82.0,82.01,81.91,82.0,6125.66
2026-04-12 20:20:00,82.0,82.05,81.97,82.04,4481.41
2026-04-12 20:25:00,82.04,82.07,82.01,82.02,5081.65
2026-04-12 20:30:00,82.03,82.18,82.02,82.16,17613.27
2026-04-12 20:35:00,82.16,82.3,82.15,82.28,12553.52
2026-04-12 20:40:00,82.28,82.84,82.27,82.67,94129.16
2026-04-12 20:45:00,82.67,82.79,82.47,82.49,36496.88
2026-04-12 20:50:00,82.49,82.63,82.44,82.57,36513.59
2026-04-12 20:55:00,82.57,82.67,82.55,82.62,7179.93
2026-04-12 21:00:00,82.62,82.84,82.61,82.63,23808.0
2026-04-12 21:05:00,82.63,82.7,82.52,82.53,18973.87
2026-04-12 21:10:00,82.53,82.56,82.38,82.47,26990.49
2026-04-12 21:15:00,82.48,82.73,82.46,82.62,19240.97
2026-04-12 21:20:00,82.63,82.63,82.57,82.62,6507.8
2026-04-12 21:25:00,82.62,82.63,82.53,82.59,6624.95
2026-04-12 21:30:00,82.59,82.62,82.42,82.45,13903.79
2026-04-12 21:35:00,82.45,82.69,82.44,82.64,21935.09
2026-04-12 21:40:00,82.64,82.78,82.61,82.71,9496.37
2026-04-12 21:45:00,82.71,82.73,82.57,82.64,8379.23
2026-04-12 21:50:00,82.64,82.66,82.5,82.6,20716.16
2026-04-12 21:55:00,82.6,82.77,82.6,82.74,9430.8
2026-04-12 22:00:00,82.74,82.77,81.82,82.04,127220.02
2026-04-12 22:05:00,82.04,82.51,82.0,82.14,113998.16
2026-04-12 22:10:00,82.14,82.19,81.89,82.11,66549.89
2026-04-12 22:15:00,82.12,82.15,81.57,81.61,121548.99
2026-04-12 22:20:00,81.6,81.95,81.56,81.81,82102.64
2026-04-12 22:25:00,81.81,81.83,81.45,81.5,58436.23
2026-04-12 22:30:00,81.5,81.71,81.32,81.65,75410.13
2026-04-12 22:35:00,81.65,81.96,81.63,81.86,31094.21
2026-04-12 22:40:00,81.87,82.0,81.8,81.87,12978.91
2026-04-12 22:45:00,81.87,81.94,81.75,81.76,12256.81
2026-04-12 22:50:00,81.77,81.91,81.77,81.87,13989.55
2026-04-12 22:55:00,81.87,81.98,81.84,81.95,11666.2
2026-04-12 23:00:00,81.95,81.95,81.63,81.79,18660.78
2026-04-12 23:05:00,81.79,81.84,81.68,81.74,8120.79
2026-04-12 23:10:00,81.75,81.8,81.41,81.45,33214.4
2026-04-12 23:15:00,81.45,81.56,81.22,81.55,67277.04
2026-04-12 23:20:00,81.55,81.56,81.35,81.38,16770.68
2026-04-12 23:25:00,81.38,81.56,81.37,81.5,6939.48
2026-04-12 23:30:00,81.5,81.5,81.25,81.37,11746.38
2026-04-12 23:35:00,81.36,81.46,81.36,81.42,10674.92
2026-04-12 23:40:00,81.42,81.54,81.34,81.52,12600.27
2026-04-12 23:45:00,81.52,81.54,81.33,81.42,18430.71
2026-04-12 23:50:00,81.42,81.64,81.42,81.47,20202.49
2026-04-12 23:55:00,81.47,81.54,81.46,81.49,5487.7
2026-04-13 00:00:00,81.49,81.58,81.36,81.58,14964.47
2026-04-13 00:05:00,81.58,81.78,81.58,81.77,17357.46
2026-04-13 00:10:00,81.76,81.86,81.63,81.72,23394.36
2026-04-13 00:15:00,81.72,81.77,81.64,81.65,10082.9
2026-04-13 00:20:00,81.65,81.8,81.64,81.77,6978.34
2026-04-13 00:25:00,81.77,81.93,81.72,81.72,20153.68
2026-04-13 00:30:00,81.73,81.92,81.69,81.91,17135.38
2026-04-13 00:35:00,81.91,81.92,81.8,81.8,17973.26
2026-04-13 00:40:00,81.8,81.89,81.8,81.85,10651.59
2026-04-13 00:45:00,81.85,82.01,81.8,81.95,17155.44
2026-04-13 00:50:00,81.95,82.18,81.91,82.12,19159.3
2026-04-13 00:55:00,82.12,82.14,82.02,82.09,9655.73
2026-04-13 01:00:00,82.1,82.21,82.07,82.16,21216.7
2026-04-13 01:05:00,82.16,82.19,82.07,82.08,14417.54
2026-04-13 01:10:00,82.08,82.3,81.91,81.94,92530.8
2026-04-13 01:15:00,81.94,82.01,81.94,81.97,10681.67
2026-04-13 01:20:00,81.97,82.01,81.94,81.97,8416.32
2026-04-13 01:25:00,81.97,82.1,81.96,82.02,13501.73
2026-04-13 01:30:00,82.02,82.14,81.94,82.12,18268.33
2026-04-13 01:35:00,82.11,82.22,82.0,82.02,8818.92
2026-04-13 01:40:00,82.02,82.12,82.0,82.09,8329.47
2026-04-13 01:45:00,82.09,82.19,82.06,82.16,5673.79
2026-04-13 01:50:00,82.16,82.23,82.14,82.15,21318.59
2026-04-13 01:55:00,82.15,82.3,82.14,82.27,7896.11
2026-04-13 02:00:00,82.28,82.39,82.24,82.27,18284.45
2026-04-13 02:05:00,82.27,82.28,82.15,82.2,10691.75
2026-04-13 02:10:00,82.21,82.22,81.98,82.01,17915.96
2026-04-13 02:15:00,82.01,82.07,81.97,82.02,12494.92
2026-04-13 02:20:00,82.03,82.17,82.02,82.16,9564.56
2026-04-13 02:25:00,82.16,82.38,82.16,82.29,16645.59
2026-04-13 02:30:00,82.29,82.35,82.09,82.13,22272.61
2026-04-13 02:35:00,82.13,82.17,81.87,81.98,25847.57
2026-04-13 02:40:00,81.98,82.02,81.88,81.88,10002.47
2026-04-13 02:45:00,81.88,81.97,81.87,81.95,8739.49
2026-04-13 02:50:00,81.94,81.95,81.84,81.93,7127.16
2026-04-13 02:55:00,81.93,81.93,81.86,81.9,5213.18
2026-04-13 03:00:00,81.9,81.94,81.76,81.93,19108.69
2026-04-13 03:05:00,81.93,81.93,81.76,81.78,7185.04
2026-04-13 03:10:00,81.77,81.85,81.76,81.82,11536.4
2026-04-13 03:15:00,81.83,82.02,81.71,81.99,22205.85
2026-04-13 03:20:00,81.99,82.02,81.84,81.86,10117.72
2026-04-13 03:25:00,81.86,81.98,81.86,81.92,7343.9
2026-04-13 03:30:00,81.92,82.01,81.91,81.95,4243.69
2026-04-13 03:35:00,81.96,81.99,81.7,81.79,16137.97
2026-04-13 03:40:00,81.79,81.85,81.75,81.84,8694.95
2026-04-13 03:45:00,81.84,81.85,81.79,81.84,3073.52
2026-04-13 03:50:00,81.85,81.88,81.82,81.84,5195.65
2026-04-13 03:55:00,81.84,81.9,81.84,81.86,3081.95
2026-04-13 04:00:00,81.87,81.97,81.86,81.92,9401.57
2026-04-13 04:05:00,81.92,81.92,81.8,81.86,5114.66
2026-04-13 04:10:00,81.86,81.93,81.83,81.92,6507.87
2026-04-13 04:15:00,81.91,81.93,81.83,81.92,7295.52
2026-04-13 04:20:00,81.92,81.95,81.89,81.9,4219.05
2026-04-13 04:25:00,81.91,82.02,81.9,81.98,11430.93
2026-04-13 04:30:00,81.97,82.07,81.97,82.04,10894.2
2026-04-13 04:35:00,82.05,82.12,82.02,82.12,9673.57
2026-04-13 04:40:00,82.12,82.22,82.09,82.09,16070.4
2026-04-13 04:45:00,82.09,82.1,82.01,82.05,14184.55
2026-04-13 04:50:00,82.06,82.06,81.84,81.93,27289.73
2026-04-13 04:55:00,81.93,82.05,81.84,81.87,58836.93
2026-04-13 05:00:00,81.87,81.94,81.83,81.87,11712.41
2026-04-13 05:05:00,81.87,81.9,81.71,81.72,20845.72
2026-04-13 05:10:00,81.71,81.76,81.63,81.7,19567.66
2026-04-13 05:15:00,81.7,81.78,81.68,81.68,16409.98
2026-04-13 05:20:00,81.68,81.73,81.62,81.72,7787.62
2026-04-13 05:25:00,81.72,81.75,81.59,81.72,26432.25
2026-04-13 05:30:00,81.72,81.73,81.54,81.66,21870.66
2026-04-13 05:35:00,81.66,81.68,81.48,81.55,25216.65
2026-04-13 05:40:00,81.56,81.66,81.55,81.62,11701.04
2026-04-13 05:45:00,81.62,81.81,81.62,81.7,21550.19
2026-04-13 05:50:00,81.69,81.79,81.67,81.76,4028.31
2026-04-13 05:55:00,81.77,81.82,81.7,81.8,13566.76
2026-04-13 06:00:00,81.8,82.02,81.77,82.02,19352.12
2026-04-13 06:05:00,82.01,82.1,81.97,81.97,24785.46
2026-04-13 06:10:00,81.97,82.03,81.95,82.02,4905.54
2026-04-13 06:15:00,82.02,82.33,81.97,82.25,60559.38
2026-04-13 06:20:00,82.24,82.37,82.19,82.34,59093.1
2026-04-13 06:25:00,82.34,82.36,82.2,82.31,34526.69
2026-04-13 06:30:00,82.31,82.43,82.26,82.26,51289.4
2026-04-13 06:35:00,82.27,82.42,82.14,82.35,90510.38
2026-04-13 06:40:00,82.36,82.37,82.2,82.3,22944.35
2026-04-13 06:45:00,82.3,82.48,82.27,82.44,47727.67
2026-04-13 06:50:00,82.44,82.56,82.37,82.37,50654.89
2026-04-13 06:55:00,82.37,82.42,82.28,82.31,12624.36
2026-04-13 07:00:00,82.3,82.37,82.21,82.31,25890.09
2026-04-13 07:05:00,82.31,82.31,82.13,82.17,14163.65
2026-04-13 07:10:00,82.16,82.21,82.14,82.19,9241.69
2026-04-13 07:15:00,82.19,82.19,82.04,82.06,24419.85
2026-04-13 07:20:00,82.06,82.06,81.81,81.85,43936.44
2026-04-13 07:25:00,81.85,81.92,81.84,81.88,8800.39
2026-04-13 07:30:00,81.88,81.98,81.88,81.9,11266.1
2026-04-13 07:35:00,81.9,82.07,81.89,82.02,11031.58
2026-04-13 07:40:00,82.01,82.04,81.95,82.03,15048.35
2026-04-13 07:45:00,82.02,82.16,81.99,82.09,18654.7
2026-04-13 07:50:00,82.09,82.15,82.05,82.06,10249.77
2026-04-13 07:55:00,82.06,82.14,82.05,82.12,4010.01
2026-04-13 08:00:00,82.11,82.2,82.01,82.17,36531.68
2026-04-13 08:05:00,82.17,82.23,81.96,82.02,64008.23
2026-04-13 08:10:00,82.03,82.1,81.94,81.94,19221.81
2026-04-13 08:15:00,81.95,81.96,81.83,81.84,50097.89
2026-04-13 08:20:00,81.83,81.91,81.8,81.91,13166.72
2026-04-13 08:25:00,81.91,82.02,81.91,81.94,13837.09
2026-04-13 08:30:00,81.93,81.93,81.82,81.85,15026.21
2026-04-13 08:35:00,81.85,81.89,81.8,81.8,8466.99
2026-04-13 08:40:00,81.8,81.83,81.7,81.73,26274.99
2026-04-13 08:45:00,81.74,81.84,81.68,81.8,20780.96
2026-04-13 08:50:00,81.81,81.81,81.71,81.78,14474.35
2026-04-13 08:55:00,81.79,81.83,81.77,81.81,3487.15
2026-04-13 09:00:00,81.81,82.17,81.81,82.09,39936.41
2026-04-13 09:05:00,82.09,82.11,81.88,81.89,14176.22
2026-04-13 09:10:00,81.89,81.92,81.82,81.82,19568.0
2026-04-13 09:15:00,81.82,82.01,81.76,81.94,96103.14
2026-04-13 09:20:00,81.94,82.06,81.94,81.97,37127.14
2026-04-13 09:25:00,81.97,82.03,81.95,81.95,5449.05
2026-04-13 09:30:00,81.95,82.0,81.94,81.96,5940.68
2026-04-13 09:35:00,81.96,82.0,81.9,81.94,2973.61
2026-04-13 09:40:00,81.95,81.96,81.89,81.9,3639.18
2026-04-13 09:45:00,81.9,81.92,81.84,81.86,7318.36
2026-04-13 09:50:00,81.85,81.86,81.81,81.84,7059.72
2026-04-13 09:55:00,81.84,81.89,81.81,81.81,7025.04
2026-04-13 10:00:00,81.81,81.88,81.79,81.84,17166.59
2026-04-13 10:05:00,81.85,81.93,81.84,81.86,13580.55
2026-04-13 10:10:00,81.85,81.88,81.82,81.88,6565.62
2026-04-13 10:15:00,81.89,81.89,81.75,81.83,7553.6
2026-04-13 10:20:00,81.82,81.87,81.77,81.78,8950.47
2026-04-13 10:25:00,81.79,81.83,81.69,81.73,13384.81
2026-04-13 10:30:00,81.73,81.81,81.73,81.75,8228.98
2026-04-13 10:35:00,81.74,81.86,81.66,81.82,13718.83
2026-04-13 10:40:00,81.81,81.82,81.73,81.75,4230.01
2026-04-13 10:45:00,81.76,81.82,81.73,81.75,7581.82
2026-04-13 10:50:00,81.75,81.81,81.7,81.71,4996.45
2026-04-13 10:55:00,81.72,81.8,81.61,81.7,30365.1
2026-04-13 11:00:00,81.7,81.91,81.64,81.8,43167.14
2026-04-13 11:05:00,81.79,81.86,81.79,81.81,8973.16
2026-04-13 11:10:00,81.81,81.85,81.81,81.84,3622.65
2026-04-13 11:15:00,81.84,81.88,81.81,81.83,6405.56
2026-04-13 11:20:00,81.83,81.91,81.8,81.84,4074.62
2026-04-13 11:25:00,81.85,81.87,81.8,81.82,8386.95
2026-04-13 11:30:00,81.82,81.88,81.77,81.78,4302.22
2026-04-13 11:35:00,81.78,81.86,81.76,81.81,4755.04
2026-04-13 11:40:00,81.82,81.96,81.78,81.95,16064.96
2026-04-13 11:45:00,81.95,82.01,81.75,81.79,44306.71
2026-04-13 11:50:00,81.8,81.88,81.75,81.86,35422.64
2026-04-13 11:55:00,81.86,81.87,81.81,81.81,4973.68
2026-04-13 12:00:00,81.81,81.9,81.77,81.81,13799.66
2026-04-13 12:05:00,81.81,82.12,81.8,82.07,41225.54
2026-04-13 12:10:00,82.08,82.16,82.05,82.05,23300.9
2026-04-13 12:15:00,82.05,82.14,81.98,82.09,24848.94
2026-04-13 12:20:00,82.1,82.1,81.98,81.98,10360.31
2026-04-13 12:25:00,81.98,82.0,81.88,81.93,26288.46
2026-04-13 12:30:00,81.93,82.07,81.86,82.03,27380.56
2026-04-13 12:35:00,82.03,82.04,81.97,82.01,9252.56
2026-04-13 12:40:00,82.0,82.1,81.97,82.09,14347.76
2026-04-13 12:45:00,82.1,82.3,82.09,82.28,36421.47
2026-04-13 12:50:00,82.28,82.73,82.27,82.72,108362.39
2026-04-13 12:55:00,82.72,82.73,82.4,82.48,112879.69
2026-04-13 13:00:00,82.49,82.64,82.48,82.6,38916.96
2026-04-13 13:05:00,82.6,82.63,82.35,82.46,43262.33
2026-04-13 13:10:00,82.45,82.65,82.45,82.63,32312.37
2026-04-13 13:15:00,82.63,82.63,82.44,82.52,15670.04
2026-04-13 13:20:00,82.52,82.53,82.39,82.48,47684.42
2026-04-13 13:25:00,82.47,82.63,82.39,82.55,102528.39
2026-04-13 13:30:00,82.55,82.63,82.35,82.44,28811.86
2026-04-13 13:35:00,82.45,82.48,82.23,82.33,71185.95
2026-04-13 13:40:00,82.33,82.77,82.3,82.53,94234.12
2026-04-13 13:45:00,82.53,83.52,82.39,83.48,229255.76
2026-04-13 13:50:00,83.48,83.58,82.98,83.29,131876.91
2026-04-13 13:55:00,83.3,83.64,83.21,83.57,75209.37
2026-04-13 14:00:00,83.56,83.74,83.26,83.36,101424.49
2026-04-13 14:05:00,83.35,83.38,83.06,83.1,41966.28
2026-04-13 14:10:00,83.1,83.25,83.04,83.12,35301.44
2026-04-13 14:15:00,83.12,83.26,82.88,82.99,120269.88
2026-04-13 14:20:00,83.0,83.14,82.73,83.0,76153.31
2026-04-13 14:25:00,83.0,83.06,82.93,82.97,14717.85
2026-04-13 14:30:00,82.97,83.25,82.91,83.15,31020.86
2026-04-13 14:35:00,83.16,83.29,83.08,83.28,23843.16
2026-04-13 14:40:00,83.28,83.49,83.14,83.42,46417.92
2026-04-13 14:45:00,83.42,83.59,83.21,83.23,72926.9
2026-04-13 14:50:00,83.24,83.38,83.12,83.37,47737.83
2026-04-13 14:55:00,83.37,83.79,83.31,83.74,122465.2
2026-04-13 15:00:00,83.74,83.79,83.22,83.25,137102.53
2026-04-13 15:05:00,83.25,83.39,83.1,83.22,55662.8
2026-04-13 15:10:00,83.22,83.3,83.08,83.17,29727.6
2026-04-13 15:15:00,83.17,83.21,82.98,83.0,22317.13
2026-04-13 15:20:00,83.01,83.1,82.94,82.94,31289.89
2026-04-13 15:25:00,82.94,82.97,82.76,82.85,40260.23
2026-04-13 15:30:00,82.85,82.85,82.4,82.47,78247.51
2026-04-13 15:35:00,82.47,82.56,82.31,82.42,67846.52
2026-04-13 15:40:00,82.43,82.5,82.37,82.46,33047.2
2026-04-13 15:45:00,82.46,82.57,82.38,82.43,30535.99
2026-04-13 15:50:00,82.43,82.53,82.35,82.45,35836.63
2026-04-13 15:55:00,82.46,82.68,82.45,82.63,42593.95
2026-04-13 16:00:00,82.62,82.74,82.51,82.55,50539.38
2026-04-13 16:05:00,82.55,82.79,82.29,82.79,66767.71
2026-04-13 16:10:00,82.79,82.91,82.78,82.89,38844.72
2026-04-13 16:15:00,82.89,83.12,82.76,83.05,40464.44
2026-04-13 16:20:00,83.04,83.25,82.96,83.15,34466.26
2026-04-13 16:25:00,83.16,83.38,83.08,83.33,74416.85
2026-04-13 16:30:00,83.33,83.47,83.22,83.37,40563.32
2026-04-13 16:35:00,83.36,83.51,83.23,83.36,49310.69
2026-04-13 16:40:00,83.37,83.49,83.2,83.4,33076.22
2026-04-13 16:45:00,83.4,83.59,83.33,83.36,48305.78
2026-04-13 16:50:00,83.36,83.47,83.1,83.14,44038.22
2026-04-13 16:55:00,83.14,83.38,83.14,83.32,11496.23
2026-04-13 17:00:00,83.33,83.35,83.19,83.26,20686.31
2026-04-13 17:05:00,83.26,83.32,83.14,83.32,14397.89
2026-04-13 17:10:00,83.32,83.48,83.26,83.26,31636.72
2026-04-13 17:15:00,83.27,83.44,83.24,83.44,9916.69
2026-04-13 17:20:00,83.45,83.45,83.26,83.28,5354.17
2026-04-13 17:25:00,83.28,83.59,83.28,83.57,38033.54
2026-04-13 17:30:00,83.58,83.81,83.58,83.63,109309.15
2026-04-13 17:35:00,83.63,83.65,83.47,83.48,20810.09
2026-04-13 17:40:00,83.48,83.52,83.42,83.46,10678.18
2026-04-13 17:45:00,83.46,83.53,83.28,83.29,25082.97
2026-04-13 17:50:00,83.3,83.33,82.99,83.08,59698.67
2026-04-13 17:55:00,83.09,83.09,82.98,83.03,17911.25
2026-04-13 18:00:00,83.03,83.08,82.94,83.04,26770.44
2026-04-13 18:05:00,83.04,83.11,82.98,83.03,14012.03
2026-04-13 18:10:00,83.03,83.08,82.89,83.07,12837.79
2026-04-13 18:15:00,83.07,83.08,82.89,83.0,25256.37
2026-04-13 18:20:00,83.0,83.12,82.67,82.69,43776.52
2026-04-13 18:25:00,82.68,82.76,82.55,82.76,44784.97
2026-04-13 18:30:00,82.75,82.98,82.72,82.97,19228.64
2026-04-13 18:35:00,82.96,83.02,82.91,82.95,13392.64
2026-04-13 18:40:00,82.95,83.19,82.93,83.05,19273.43
2026-04-13 18:45:00,83.04,83.21,83.04,83.11,32196.76
2026-04-13 18:50:00,83.12,83.19,83.08,83.19,8888.01
2026-04-13 18:55:00,83.19,83.24,83.15,83.18,10004.15
2026-04-13 19:00:00,83.19,83.22,83.07,83.12,18036.31
2026-04-13 19:05:00,83.12,83.2,83.07,83.08,8773.87
2026-04-13 19:10:00,83.08,83.17,83.07,83.08,14713.58
2026-04-13 19:15:00,83.08,83.44,83.08,83.29,36256.09
2026-04-13 19:20:00,83.3,83.57,83.24,83.41,46508.14
2026-04-13 19:25:00,83.41,83.53,83.35,83.49,24059.01
2026-04-13 19:30:00,83.49,83.81,83.46,83.76,66333.68
2026-04-13 19:35:00,83.76,83.79,83.54,83.79,76140.29
2026-04-13 19:40:00,83.78,83.8,83.6,83.69,39637.4
2026-04-13 19:45:00,83.69,83.97,83.69,83.85,75711.64
2026-04-13 19:50:00,83.86,84.15,83.86,84.12,55135.21
2026-04-13 19:55:00,84.12,84.23,84.04,84.07,73203.0
2026-04-13 20:00:00,84.08,84.22,83.97,83.98,84595.89
2026-04-13 20:05:00,83.99,84.12,83.92,84.06,26034.45
2026-04-13 20:10:00,84.06,84.07,83.79,83.82,62269.2
2026-04-13 20:15:00,83.82,83.93,83.82,83.86,14649.72
2026-04-13 20:20:00,83.87,83.93,83.81,83.82,12752.73
2026-04-13 20:25:00,83.82,84.04,83.81,84.04,32365.9
2026-04-13 20:30:00,84.04,84.14,84.01,84.14,26320.3
2026-04-13 20:35:00,84.14,84.35,84.04,84.05,55174.12
2026-04-13 20:40:00,84.05,84.17,84.04,84.12,15873.93
2026-04-13 20:45:00,84.13,84.13,83.97,83.97,23646.0
2026-04-13 20:50:00,83.97,83.98,83.84,83.86,15447.39
2026-04-13 20:55:00,83.86,83.99,83.82,83.92,14027.97
2026-04-13 21:00:00,83.92,83.96,83.83,83.88,8714.83
2026-04-13 21:05:00,83.88,84.01,83.88,83.94,22893.38
2026-04-13 21:10:00,83.94,84.11,83.93,83.96,19677.68
2026-04-13 21:15:00,83.96,84.07,83.85,83.87,10296.0
2026-04-13 21:20:00,83.87,83.94,83.81,83.89,19309.82
2026-04-13 21:25:00,83.89,83.9,83.83,83.84,6162.56
2026-04-13 21:30:00,83.84,84.02,83.83,83.99,11919.62
2026-04-13 21:35:00,83.99,84.03,83.89,84.03,5184.38
2026-04-13 21:40:00,84.02,84.12,83.88,84.0,26315.05
2026-04-13 21:45:00,84.01,84.02,83.81,83.94,17197.28
2026-04-13 21:50:00,83.94,84.05,83.92,83.99,5296.57
2026-04-13 21:55:00,83.99,84.03,83.92,83.92,7249.6
2026-04-13 22:00:00,83.92,84.06,83.91,83.99,15412.85
2026-04-13 22:05:00,83.99,84.59,83.98,84.21,90639.37
2026-04-13 22:10:00,84.2,85.04,84.19,84.76,122927.64
2026-04-13 22:15:00,84.76,85.71,84.76,85.46,257384.05
2026-04-13 22:20:00,85.45,85.88,85.42,85.67,169265.73
2026-04-13 22:25:00,85.67,85.72,85.51,85.67,57609.76
2026-04-13 22:30:00,85.66,86.07,85.66,85.93,142054.74
2026-04-13 22:35:00,85.93,86.04,85.58,85.63,102636.96
2026-04-13 22:40:00,85.63,85.82,85.6,85.8,58114.61
2026-04-13 22:45:00,85.79,85.97,85.75,85.8,51066.93
2026-04-13 22:50:00,85.8,86.32,85.78,86.24,113134.77
2026-04-13 22:55:00,86.24,86.46,86.12,86.2,96671.28
2026-04-13 23:00:00,86.19,86.39,85.89,86.38,138015.12
2026-04-13 23:05:00,86.37,86.48,86.28,86.37,65138.02
2026-04-13 23:10:00,86.36,86.54,86.16,86.18,51453.67
2026-04-13 23:15:00,86.17,86.31,85.98,86.25,55463.13
2026-04-13 23:20:00,86.25,86.46,86.21,86.25,85182.6
2026-04-13 23:25:00,86.25,86.8,86.25,86.58,116938.5
2026-04-13 23:30:00,86.58,86.76,86.39,86.49,69325.15
2026-04-13 23:35:00,86.5,86.66,86.46,86.5,26107.26
2026-04-13 23:40:00,86.5,86.53,86.38,86.43,33979.95
2026-04-13 23:45:00,86.43,86.47,86.22,86.25,37481.14
2026-04-13 23:50:00,86.25,86.56,86.16,86.54,66797.23
2026-04-13 23:55:00,86.54,86.7,86.49,86.51,94636.57
2026-04-14 00:00:00,86.51,86.65,86.43,86.46,54330.72
2026-04-14 00:05:00,86.47,86.56,86.34,86.34,57799.54
2026-04-14 00:10:00,86.34,86.58,86.28,86.56,41656.07
2026-04-14 00:15:00,86.56,86.74,86.45,86.49,66799.19
2026-04-14 00:20:00,86.49,86.5,86.25,86.31,33202.71
2026-04-14 00:25:00,86.31,86.35,86.12,86.2,25547.59
2026-04-14 00:30:00,86.2,86.21,86.0,86.07,52520.36
2026-04-14 00:35:00,86.08,86.39,86.06,86.24,43328.55
2026-04-14 00:40:00,86.24,86.28,86.14,86.18,22880.42
2026-04-14 00:45:00,86.18,86.18,85.87,85.88,42636.52
2026-04-14 00:50:00,85.89,86.04,85.76,85.81,148545.29
2026-04-14 00:55:00,85.8,85.97,85.77,85.89,80773.54
2026-04-14 01:00:00,85.89,85.95,85.66,85.87,96841.47
2026-04-14 01:05:00,85.87,85.98,85.86,85.98,14033.97
2026-04-14 01:10:00,85.98,86.04,85.89,86.0,22746.33
2026-04-14 01:15:00,86.0,86.07,85.85,86.05,85917.93
2026-04-14 01:20:00,86.05,86.12,85.92,85.94,28793.69
2026-04-14 01:25:00,85.93,85.94,85.84,85.9,13701.69
2026-04-14 01:30:00,85.9,85.9,85.8,85.82,9625.89
2026-04-14 01:35:00,85.83,85.96,85.82,85.93,24909.01
2026-04-14 01:40:00,85.93,86.09,85.93,86.02,14046.91
2026-04-14 01:45:00,86.01,86.1,85.96,86.05,11831.86
2026-04-14 01:50:00,86.04,86.1,86.01,86.03,11912.24
2026-04-14 01:55:00,86.03,86.05,85.94,85.94,8162.31
2026-04-14 02:00:00,85.94,85.97,85.85,85.87,29364.72
2026-04-14 02:05:00,85.87,86.11,85.86,86.03,47654.01
2026-04-14 02:10:00,86.02,86.25,85.91,86.16,84710.34
2026-04-14 02:15:00,86.16,86.28,86.07,86.2,28580.68
2026-04-14 02:20:00,86.19,86.28,86.16,86.18,21956.41
2026-04-14 02:25:00,86.18,86.24,86.13,86.14,9958.7
2026-04-14 02:30:00,86.14,86.14,85.97,85.98,25441.3
2026-04-14 02:35:00,85.98,86.22,85.97,86.19,28036.11
2026-04-14 02:40:00,86.19,86.26,86.14,86.18,19322.23
2026-04-14 02:45:00,86.18,86.36,86.14,86.34,39615.38
2026-04-14 02:50:00,86.33,86.39,86.2,86.22,45623.56
2026-04-14 02:55:00,86.22,86.27,86.19,86.2,12235.01
2026-04-14 03:00:00,86.2,86.2,86.14,86.17,12327.67
2026-04-14 03:05:00,86.17,86.25,86.15,86.25,16851.56
2026-04-14 03:10:00,86.24,86.24,86.11,86.14,12590.66
2026-04-14 03:15:00,86.14,86.19,86.03,86.14,15799.57
2026-04-14 03:20:00,86.14,86.15,86.08,86.09,10337.58
2026-04-14 03:25:00,86.09,86.09,85.97,86.01,23294.11
2026-04-14 03:30:00,86.0,86.15,85.98,86.08,22994.7
2026-04-14 03:35:00,86.08,86.1,86.02,86.09,10745.13
2026-04-14 03:40:00,86.09,86.18,86.08,86.11,23864.63
2026-04-14 03:45:00,86.12,86.12,86.02,86.04,6446.7
2026-04-14 03:50:00,86.04,86.1,85.98,86.04,6861.58
2026-04-14 03:55:00,86.04,86.11,85.98,86.03,10860.75
2026-04-14 04:00:00,86.03,86.03,85.9,85.92,15980.36
2026-04-14 04:05:00,85.93,86.01,85.9,85.94,13912.9
2026-04-14 04:10:00,85.94,85.95,85.9,85.93,7207.05
2026-04-14 04:15:00,85.93,85.95,85.89,85.93,28148.84
2026-04-14 04:20:00,85.93,85.94,85.8,85.82,16151.94
2026-04-14 04:25:00,85.82,85.84,85.78,85.81,21208.68
2026-04-14 04:30:00,85.8,85.81,85.7,85.71,19949.03
2026-04-14 04:35:00,85.71,85.72,85.69,85.71,15091.44
2026-04-14 04:40:00,85.72,85.72,85.63,85.64,14258.12
2026-04-14 04:45:00,85.64,85.74,85.53,85.7,71330.63
2026-04-14 04:50:00,85.71,85.8,85.6,85.76,19678.96
2026-04-14 04:55:00,85.76,85.88,85.73,85.87,39528.02
2026-04-14 05:00:00,85.87,85.9,85.76,85.85,20356.59
2026-04-14 05:05:00,85.86,85.86,85.75,85.77,6652.67
2026-04-14 05:10:00,85.76,85.79,85.72,85.74,10848.57
2026-04-14 05:15:00,85.74,85.74,85.65,85.69,14445.67
2026-04-14 05:20:00,85.7,85.87,85.66,85.7,19644.68
2026-04-14 05:25:00,85.7,85.76,85.65,85.74,9799.88
2026-04-14 05:30:00,85.73,85.73,85.66,85.68,12382.28
2026-04-14 05:35:00,85.68,85.8,85.67,85.76,23845.45
2026-04-14 05:40:00,85.76,85.78,85.68,85.71,10993.51
2026-04-14 05:45:00,85.72,85.72,85.61,85.61,12668.77
2026-04-14 05:50:00,85.62,85.62,85.53,85.57,26874.05
2026-04-14 05:55:00,85.56,85.57,85.4,85.48,43853.24
2026-04-14 06:00:00,85.47,85.65,85.47,85.57,21303.29
2026-04-14 06:05:00,85.57,85.64,85.56,85.64,20664.09
2026-04-14 06:10:00,85.64,85.67,85.6,85.64,9114.38
2026-04-14 06:15:00,85.65,85.76,85.62,85.75,11441.83
2026-04-14 06:20:00,85.75,85.87,85.75,85.87,15065.44
2026-04-14 06:25:00,85.87,85.96,85.69,85.73,82017.34
2026-04-14 06:30:00,85.73,85.73,85.57,85.6,17092.61
2026-04-14 06:35:00,85.59,85.73,85.56,85.68,9088.66
2026-04-14 06:40:00,85.69,85.74,85.64,85.68,12341.03
2026-04-14 06:45:00,85.67,85.8,85.64,85.77,12783.68
2026-04-14 06:50:00,85.76,85.9,85.74,85.89,24539.84
2026-04-14 06:55:00,85.89,86.07,85.89,85.93,63822.36
2026-04-14 07:00:00,85.92,86.0,85.79,85.9,42532.22
2026-04-14 07:05:00,85.9,86.17,85.83,86.15,53463.59
2026-04-14 07:10:00,86.15,86.17,85.93,85.98,33387.48
2026-04-14 07:15:00,85.99,86.12,85.85,86.03,85744.65
2026-04-14 07:20:00,86.03,86.11,85.93,85.94,16781.45
2026-04-14 07:25:00,85.95,86.11,85.92,86.08,34330.51
2026-04-14 07:30:00,86.08,86.12,85.9,85.9,54704.87
2026-04-14 07:35:00,85.9,85.94,85.81,85.91,32614.36
2026-04-14 07:40:00,85.9,85.95,85.78,85.81,8363.66
2026-04-14 07:45:00,85.81,85.93,85.77,85.92,14136.28
2026-04-14 07:50:00,85.91,85.93,85.84,85.92,7186.32
2026-04-14 07:55:00,85.92,85.94,85.78,85.88,31376.23
2026-04-14 08:00:00,85.88,85.89,85.7,85.86,11663.73
2026-04-14 08:05:00,85.86,85.91,85.81,85.82,7586.41
2026-04-14 08:10:00,85.81,85.86,85.73,85.81,9772.87
2026-04-14 08:15:00,85.81,85.83,85.71,85.81,7081.32
2026-04-14 08:20:00,85.8,85.98,85.77,85.97,28029.88
2026-04-14 08:25:00,85.98,86.05,85.96,86.0,20844.46
2026-04-14 08:30:00,86.0,86.28,85.99,86.24,63362.74
2026-04-14 08:35:00,86.23,86.38,86.16,86.24,48887.22
2026-04-14 08:40:00,86.23,86.23,86.02,86.09,31028.7
2026-04-14 08:45:00,86.1,86.16,85.97,86.12,18820.86
2026-04-14 08:50:00,86.13,86.21,86.04,86.09,27752.97
2026-04-14 08:55:00,86.09,86.12,86.06,86.12,6433.35
2026-04-14 09:00:00,86.12,86.19,86.09,86.11,11618.09
2026-04-14 09:05:00,86.11,86.21,86.05,86.19,14845.52
2026-04-14 09:10:00,86.2,86.23,86.11,86.21,11102.14
2026-04-14 09:15:00,86.2,86.25,86.16,86.16,15083.15
2026-04-14 09:20:00,86.17,86.17,86.03,86.06,13660.56
2026-04-14 09:25:00,86.06,86.08,85.98,86.04,12529.42
2026-04-14 09:30:00,86.03,86.14,86.0,86.11,13458.51
2026-04-14 09:35:00,86.11,86.14,86.03,86.11,8044.83
2026-04-14 09:40:00,86.12,86.17,86.02,86.04,16227.65
2026-04-14 09:45:00,86.04,86.1,85.95,85.99,13107.08
2026-04-14 09:50:00,85.99,86.03,85.97,86.03,5347.5
2026-04-14 09:55:00,86.03,86.14,86.02,86.09,10826.39
2026-04-14 10:00:00,86.09,86.15,85.98,86.12,13985.32
2026-04-14 10:05:00,86.12,86.24,86.11,86.19,23954.94
2026-04-14 10:10:00,86.19,86.33,86.19,86.32,28588.48
2026-04-14 10:15:00,86.33,86.36,86.22,86.27,35340.71
2026-04-14 10:20:00,86.26,86.27,86.2,86.23,9042.39
2026-04-14 10:25:00,86.23,86.28,86.19,86.23,15384.47
2026-04-14 10:30:00,86.24,86.36,86.19,86.35,18749.86
2026-04-14 10:35:00,86.36,86.57,86.14,86.14,123984.61
2026-04-14 10:40:00,86.14,86.2,86.09,86.1,22072.66
2026-04-14 10:45:00,86.1,86.11,86.04,86.1,19939.23
2026-04-14 10:50:00,86.1,86.19,86.05,86.07,28371.58
2026-04-14 10:55:00,86.08,86.14,86.0,86.0,16045.92
2026-04-14 11:00:00,86.0,86.0,85.88,85.93,32949.52
2026-04-14 11:05:00,85.93,86.04,85.8,85.93,109640.87
2026-04-14 11:10:00,85.92,86.02,85.74,85.98,46306.12
2026-04-14 11:15:00,85.98,86.1,85.89,85.94,33452.18
2026-04-14 11:20:00,85.94,86.0,85.81,85.84,6936.11
2026-04-14 11:25:00,85.84,85.94,85.61,85.66,41172.16
2026-04-14 11:30:00,85.66,85.76,85.58,85.76,46689.14
2026-04-14 11:35:00,85.76,85.89,85.75,85.83,11126.4
2026-04-14 11:40:00,85.83,85.87,85.76,85.85,15650.75
2026-04-14 11:45:00,85.85,85.93,85.76,85.87,15516.66
2026-04-14 11:50:00,85.87,85.93,85.85,85.9,22369.51
2026-04-14 11:55:00,85.9,85.95,85.63,85.76,103672.99
2026-04-14 12:00:00,85.75,85.87,85.75,85.87,18029.58
2026-04-14 12:05:00,85.87,85.96,85.81,85.95,12506.06
2026-04-14 12:10:00,85.94,85.99,85.72,85.8,19310.91
2026-04-14 12:15:00,85.8,85.89,85.76,85.83,5008.24
2026-04-14 12:20:00,85.82,85.82,85.69,85.73,14239.38
2026-04-14 12:25:00,85.73,85.78,85.61,85.64,26421.4
2026-04-14 12:30:00,85.64,85.85,85.57,85.71,52066.5
2026-04-14 12:35:00,85.71,85.92,85.68,85.88,27755.17
2026-04-14 12:40:00,85.87,85.91,85.68,85.74,12294.19
2026-04-14 12:45:00,85.74,85.83,85.7,85.81,9694.87
2026-04-14 12:50:00,85.8,85.88,85.78,85.88,9009.83
2026-04-14 12:55:00,85.88,85.96,85.84,85.93,20186.55
2026-04-14 13:00:00,85.93,86.15,85.89,86.1,37861.39
2026-04-14 13:05:00,86.1,86.14,86.02,86.1,13685.51
2026-04-14 13:10:00,86.11,86.11,86.02,86.08,6161.51
2026-04-14 13:15:00,86.07,86.35,85.98,86.28,75735.77
2026-04-14 13:20:00,86.29,86.29,86.18,86.26,20919.18
2026-04-14 13:25:00,86.27,86.3,86.09,86.09,16028.45
2026-04-14 13:30:00,86.1,86.64,86.1,86.47,61909.99
2026-04-14 13:35:00,86.47,86.72,86.44,86.5,55151.97
2026-04-14 13:40:00,86.51,87.19,86.48,87.02,199900.33
2026-04-14 13:45:00,87.02,87.14,86.79,86.84,91676.81
2026-04-14 13:50:00,86.85,87.36,86.82,87.27,121590.65
2026-04-14 13:55:00,87.27,87.38,87.18,87.27,44946.29
2026-04-14 14:00:00,87.27,87.38,86.96,87.03,94292.48
2026-04-14 14:05:00,87.03,87.07,86.6,86.88,94192.09
2026-04-14 14:10:00,86.88,86.98,86.75,86.88,39185.18
2026-04-14 14:15:00,86.88,86.94,86.65,86.71,45327.39
2026-04-14 14:20:00,86.7,86.84,86.68,86.72,33794.23
2026-04-14 14:25:00,86.72,87.25,86.71,87.22,58872.17
2026-04-14 14:30:00,87.23,87.64,86.88,86.93,175943.6
2026-04-14 14:35:00,86.93,87.14,86.35,86.57,119510.44
2026-04-14 14:40:00,86.56,86.57,86.31,86.4,112654.47
2026-04-14 14:45:00,86.39,86.49,86.11,86.12,64827.39
2026-04-14 14:50:00,86.12,86.35,86.09,86.32,47967.83
2026-04-14 14:55:00,86.33,86.35,85.95,85.96,66511.1
2026-04-14 15:00:00,85.95,86.1,85.8,85.96,98499.12
2026-04-14 15:05:00,85.96,85.99,85.21,85.45,186831.38
2026-04-14 15:10:00,85.45,85.65,85.36,85.58,68996.27
2026-04-14 15:15:00,85.58,85.64,85.35,85.45,87605.37
2026-04-14 15:20:00,85.45,85.62,85.4,85.57,50684.56
2026-04-14 15:25:00,85.56,85.61,85.33,85.39,44128.77
2026-04-14 15:30:00,85.4,85.83,85.36,85.81,104464.19
2026-04-14 15:35:00,85.81,86.02,85.73,85.92,55130.04
2026-04-14 15:40:00,85.91,86.17,85.91,86.15,42034.06
2026-04-14 15:45:00,86.15,86.18,85.92,86.03,50453.62
2026-04-14 15:50:00,86.02,86.28,86.02,86.14,35612.01
2026-04-14 15:55:00,86.14,86.15,85.87,85.92,34782.46
2026-04-14 16:00:00,85.92,86.14,85.91,86.02,39481.69
2026-04-14 16:05:00,86.02,86.08,85.91,85.95,60546.44
2026-04-14 16:10:00,85.96,85.97,85.61,85.81,61430.54
2026-04-14 16:15:00,85.81,85.86,85.37,85.48,69297.5
2026-04-14 16:20:00,85.48,85.61,85.37,85.51,36156.64
2026-04-14 16:25:00,85.51,85.74,85.51,85.64,27611.1
2026-04-14 16:30:00,85.64,85.69,85.53,85.62,12851.99
2026-04-14 16:35:00,85.62,85.7,85.39,85.56,29469.39
2026-04-14 16:40:00,85.56,85.6,85.5,85.5,16146.32
2026-04-14 16:45:00,85.5,85.55,85.36,85.39,20003.46
2026-04-14 16:50:00,85.39,85.39,84.81,84.91,111850.23
2026-04-14 16:55:00,84.91,85.02,84.71,84.99,119790.29
2026-04-14 17:00:00,84.99,85.04,84.82,84.91,48335.51
2026-04-14 17:05:00,84.92,85.11,84.91,85.09,27114.72
2026-04-14 17:10:00,85.09,85.32,85.09,85.23,39891.35
2026-04-14 17:15:00,85.24,85.3,85.14,85.22,18762.39
2026-04-14 17:20:00,85.21,85.39,85.2,85.31,17010.02
2026-04-14 17:25:00,85.32,85.4,85.11,85.11,10214.49
2026-04-14 17:30:00,85.11,85.16,84.77,84.82,28542.63
2026-04-14 17:35:00,84.81,84.9,84.65,84.86,66882.68
2026-04-14 17:40:00,84.86,85.21,84.86,85.11,66010.3
2026-04-14 17:45:00,85.11,85.18,85.04,85.16,9433.14
2026-04-14 17:50:00,85.15,85.28,85.11,85.14,17587.05
2026-04-14 17:55:00,85.14,85.25,85.12,85.2,3932.73
2026-04-14 18:00:00,85.2,85.37,85.2,85.33,21715.18
2026-04-14 18:05:00,85.34,85.38,85.21,85.28,19449.2
2026-04-14 18:10:00,85.29,85.3,85.03,85.15,18969.89
2026-04-14 18:15:00,85.16,85.22,85.05,85.09,10417.06
2026-04-14 18:20:00,85.1,85.14,84.7,84.82,63922.18
2026-04-14 18:25:00,84.82,85.0,84.75,84.89,25241.4
2026-04-14 18:30:00,84.89,85.0,84.81,84.82,10814.47
2026-04-14 18:35:00,84.82,84.85,84.42,84.48,85949.09
2026-04-14 18:40:00,84.49,84.56,84.41,84.52,19982.21
2026-04-14 18:45:00,84.52,84.55,83.89,83.9,121880.49
2026-04-14 18:50:00,83.9,84.15,83.83,84.07,66574.77
2026-04-14 18:55:00,84.07,84.1,83.96,84.04,18628.27
2026-04-14 19:00:00,84.03,84.22,83.93,84.18,66954.09
2026-04-14 19:05:00,84.18,84.27,84.18,84.25,20777.34
2026-04-14 19:10:00,84.25,84.26,83.96,83.96,56868.17
2026-04-14 19:15:00,83.96,84.18,83.96,84.1,38344.59
2026-04-14 19:20:00,84.1,84.14,83.71,83.74,32914.16
2026-04-14 19:25:00,83.75,84.1,83.65,84.04,71457.88
2026-04-14 19:30:00,84.05,84.19,83.92,83.95,35714.9
2026-04-14 19:35:00,83.94,84.04,83.81,84.02,52226.78
2026-04-14 19:40:00,84.02,84.07,83.9,83.95,14298.45
2026-04-14 19:45:00,83.95,84.03,83.93,84.02,7782.54
2026-04-14 19:50:00,84.03,84.05,83.72,83.81,76340.92
2026-04-14 19:55:00,83.82,83.96,83.68,83.89,66628.36
2026-04-14 20:00:00,83.89,84.09,83.81,83.88,35904.96
2026-04-14 20:05:00,83.87,83.92,83.83,83.92,10285.66
2026-04-14 20:10:00,83.92,84.08,83.85,84.05,22748.6
2026-04-14 20:15:00,84.05,84.09,83.86,83.9,13647.83
2026-04-14 20:20:00,83.89,83.92,83.45,83.5,74085.84
2026-04-14 20:25:00,83.5,83.55,83.36,83.5,96219.86
2026-04-14 20:30:00,83.5,83.64,83.5,83.51,14982.08
2026-04-14 20:35:00,83.51,83.58,83.38,83.56,28115.06
2026-04-14 20:40:00,83.55,83.71,83.54,83.71,8717.58
2026-04-14 20:45:00,83.7,83.77,83.62,83.68,12088.95
2026-04-14 20:50:00,83.68,83.69,83.44,83.45,22274.33
2026-04-14 20:55:00,83.45,83.55,83.34,83.55,36094.75
2026-04-14 21:00:00,83.55,83.89,83.52,83.86,16163.03
2026-04-14 21:05:00,83.86,83.86,83.66,83.8,10484.13
2026-04-14 21:10:00,83.8,83.8,83.63,83.71,12075.25
2026-04-14 21:15:00,83.71,83.73,83.66,83.72,5040.1
2026-04-14 21:20:00,83.72,83.76,83.55,83.62,8505.37
2026-04-14 21:25:00,83.62,83.72,83.61,83.7,4699.36
2026-04-14 21:30:00,83.71,83.75,83.63,83.7,7782.73
2026-04-14 21:35:00,83.7,83.75,83.6,83.61,15648.79
2026-04-14 21:40:00,83.62,83.64,83.48,83.62,22047.87
2026-04-14 21:45:00,83.62,83.66,83.56,83.57,3433.66
2026-04-14 21:50:00,83.57,83.76,83.57,83.72,9181.26
2026-04-14 21:55:00,83.72,83.8,83.69,83.76,14720.95
2026-04-14 22:00:00,83.75,83.75,83.5,83.62,27852.99
2026-04-14 22:05:00,83.62,83.87,83.56,83.82,23510.01
2026-04-14 22:10:00,83.82,83.89,83.69,83.7,33441.44
2026-04-14 22:15:00,83.7,83.71,83.55,83.56,19023.22
2026-04-14 22:20:00,83.56,83.62,83.45,83.6,17715.86
2026-04-14 22:25:00,83.6,83.62,83.31,83.36,27770.36
2026-04-14 22:30:00,83.37,83.59,83.26,83.39,94876.21
2026-04-14 22:35:00,83.4,83.42,83.27,83.36,26810.87
2026-04-14 22:40:00,83.35,83.42,83.22,83.3,34308.25
2026-04-14 22:45:00,83.29,83.43,83.28,83.28,26167.55
2026-04-14 22:50:00,83.28,83.38,83.27,83.31,10502.08
2026-04-14 22:55:00,83.31,83.54,83.29,83.46,60447.05
2026-04-14 23:00:00,83.46,83.55,83.38,83.53,20103.52
2026-04-14 23:05:00,83.53,83.58,83.45,83.45,10112.39
2026-04-14 23:10:00,83.45,83.57,83.43,83.55,14713.22
2026-04-14 23:15:00,83.55,83.73,83.54,83.71,44211.22
2026-04-14 23:20:00,83.71,83.76,83.68,83.68,18861.54
2026-04-14 23:25:00,83.68,83.7,83.56,83.67,29182.95
2026-04-14 23:30:00,83.67,83.83,83.66,83.8,25088.81
2026-04-14 23:35:00,83.8,83.85,83.71,83.85,13516.23
2026-04-14 23:40:00,83.84,83.93,83.83,83.89,21415.34
2026-04-14 23:45:00,83.9,84.01,83.7,83.74,99990.76
2026-04-14 23:50:00,83.74,83.78,83.57,83.66,25592.32
2026-04-14 23:55:00,83.66,83.71,83.65,83.65,19225.72
2026-04-15 00:00:00,83.66,83.99,83.61,83.91,41991.41
2026-04-15 00:05:00,83.91,84.02,83.84,83.89,49805.46
2026-04-15 00:10:00,83.88,83.9,83.67,83.72,55113.96
2026-04-15 00:15:00,83.72,83.73,83.51,83.54,47776.09
2026-04-15 00:20:00,83.54,83.95,83.48,83.81,116876.1
2026-04-15 00:25:00,83.82,83.92,83.78,83.89,20246.34
2026-04-15 00:30:00,83.89,83.91,83.61,83.69,45288.83
2026-04-15 00:35:00,83.69,83.74,83.55,83.57,58299.02
2026-04-15 00:40:00,83.56,83.74,83.5,83.73,45056.53
2026-04-15 00:45:00,83.73,83.85,83.54,83.56,99016.06
2026-04-15 00:50:00,83.55,83.68,83.54,83.56,13292.69
2026-04-15 00:55:00,83.55,83.76,83.51,83.71,16793.56
2026-04-15 01:00:00,83.71,83.71,83.53,83.6,23176.75
2026-04-15 01:05:00,83.6,83.73,83.57,83.65,26877.07
2026-04-15 01:10:00,83.65,83.79,83.5,83.7,89044.19
2026-04-15 01:15:00,83.7,83.81,83.66,83.76,29272.59
2026-04-15 01:20:00,83.75,83.78,83.62,83.68,19764.6
2026-04-15 01:25:00,83.68,83.8,83.68,83.78,12708.94
2026-04-15 01:30:00,83.78,83.82,83.69,83.73,7445.75
2026-04-15 01:35:00,83.73,83.84,83.62,83.79,11152.94
2026-04-15 01:40:00,83.79,83.9,83.75,83.87,13237.15
2026-04-15 01:45:00,83.87,83.88,83.76,83.84,7002.31
2026-04-15 01:50:00,83.85,83.98,83.73,83.78,25308.99
2026-04-15 01:55:00,83.77,83.89,83.73,83.85,16256.85
2026-04-15 02:00:00,83.85,83.95,83.81,83.84,17833.12
2026-04-15 02:05:00,83.84,83.85,83.73,83.73,8525.62
2026-04-15 02:10:00,83.73,83.79,83.7,83.78,7079.21
2026-04-15 02:15:00,83.78,83.81,83.71,83.72,6139.91
2026-04-15 02:20:00,83.73,83.83,83.64,83.68,28346.01
2026-04-15 02:25:00,83.68,83.69,83.55,83.6,18771.37
2026-04-15 02:30:00,83.6,83.6,83.21,83.24,60553.94
2026-04-15 02:35:00,83.25,83.29,83.09,83.17,87236.14
2026-04-15 02:40:00,83.17,83.24,83.08,83.23,26516.39
2026-04-15 02:45:00,83.22,83.24,83.1,83.11,17468.67
2026-04-15 02:50:00,83.11,83.23,83.09,83.22,17630.11
2026-04-15 02:55:00,83.22,83.37,83.21,83.33,33669.44
2026-04-15 03:00:00,83.34,83.37,83.23,83.27,18704.3
2026-04-15 03:05:00,83.27,83.32,83.25,83.3,9567.18
2026-04-15 03:10:00,83.3,83.32,83.26,83.3,7496.48
2026-04-15 03:15:00,83.3,83.33,83.24,83.24,5996.31
