timestamp,open,high,low,close,volume
2026-03-16 02:10:00,92.19,92.2,91.89,91.98,4847.50752
2026-03-16 02:15:00,91.98,92.04,91.75,91.75,3184.70411
2026-03-16 02:20:00,91.75,91.79,91.56,91.57,3479.248428
2026-03-16 02:25:00,91.57,91.58,91.18,91.31,3426.098964
2026-03-16 02:30:00,91.32,91.32,91.18,91.31,2334.7582
2026-03-16 02:35:00,91.32,91.51,91.29,91.41,1711.341551
2026-03-16 02:40:00,91.41,91.44,91.33,91.41,1430.27153
2026-03-16 02:45:00,91.41,91.58,91.41,91.48,2247.007647
2026-03-16 02:50:00,91.5,91.63,91.5,91.57,790.040589
2026-03-16 02:55:00,91.59,91.64,91.49,91.49,3699.254649
2026-03-16 03:00:00,91.49,91.52,91.29,91.52,2065.747974
2026-03-16 03:05:00,91.52,91.58,91.35,91.56,767.173279
2026-03-16 03:10:00,91.55,91.6,91.49,91.51,1499.108023
2026-03-16 03:15:00,91.51,91.66,91.42,91.66,1405.026798
2026-03-16 03:20:00,91.65,92.24,91.63,92.2,6822.92234
2026-03-16 03:25:00,92.21,92.3,91.97,92.11,4519.861336
2026-03-16 03:30:00,92.12,93.81,92.12,93.65,66034.894566
2026-03-16 03:35:00,93.65,93.89,93.35,93.61,21061.358387
2026-03-16 03:40:00,93.6,93.96,93.07,93.26,20778.15803
2026-03-16 03:45:00,93.27,93.46,92.98,93.12,11629.466843
2026-03-16 03:50:00,93.11,93.38,93.08,93.3,7802.013517
2026-03-16 03:55:00,93.3,93.31,93.09,93.17,4293.268631
2026-03-16 04:00:00,93.17,93.48,93.17,93.4,4020.655249
2026-03-16 04:05:00,93.38,93.58,93.33,93.41,9458.205892
2026-03-16 04:10:00,93.41,93.41,93.24,93.33,2598.407534
2026-03-16 04:15:00,93.34,93.61,93.31,93.39,7456.079953
2026-03-16 04:20:00,93.37,93.75,93.22,93.31,8848.362982
2026-03-16 04:25:00,93.29,93.29,92.94,93.03,7223.507705
2026-03-16 04:30:00,93.04,93.28,92.91,93.04,12938.734406
2026-03-16 04:35:00,93.04,93.31,92.95,93.1,16615.961808
2026-03-16 04:40:00,93.09,93.2,92.97,93.1,4789.031761
2026-03-16 04:45:00,93.1,93.63,93.06,93.62,7107.706639
2026-03-16 04:50:00,93.59,93.97,93.49,93.92,20286.96134
2026-03-16 04:55:00,93.94,94.24,93.46,93.62,16746.192589
2026-03-16 05:00:00,93.62,93.68,93.21,93.36,7337.477437
2026-03-16 05:05:00,93.34,93.51,93.31,93.44,4554.83709
2026-03-16 05:10:00,93.45,93.94,93.44,93.65,11342.047784
2026-03-16 05:15:00,93.67,93.8,93.56,93.77,3510.617001
2026-03-16 05:20:00,93.78,94.1,93.77,94.07,11279.871117
2026-03-16 05:25:00,94.05,94.15,93.95,94.12,3614.89112
2026-03-16 05:30:00,94.12,94.12,93.75,93.79,5112.069449
2026-03-16 05:35:00,93.79,94.13,93.73,94.09,2576.354331
2026-03-16 05:40:00,94.08,94.2,94.02,94.05,4864.403475
2026-03-16 05:45:00,94.06,94.16,93.98,94.05,4547.538024
2026-03-16 05:50:00,94.06,94.11,93.87,93.94,4231.025134
2026-03-16 05:55:00,93.93,94.31,93.92,94.05,8046.171386
2026-03-16 06:00:00,94.04,94.04,93.51,93.56,4078.986738
2026-03-16 06:05:00,93.56,93.63,93.32,93.34,2949.861659
2026-03-16 06:10:00,93.35,93.46,93.16,93.32,4549.342553
2026-03-16 06:15:00,93.32,93.79,93.29,93.64,11524.023206
2026-03-16 06:20:00,93.64,93.65,93.44,93.5,3862.181332
2026-03-16 06:25:00,93.5,93.55,93.39,93.42,1810.831778
2026-03-16 06:30:00,93.44,93.63,93.42,93.52,1531.089117
2026-03-16 06:35:00,93.52,93.66,93.51,93.59,1169.90691
2026-03-16 06:40:00,93.57,93.74,93.57,93.64,3652.540633
2026-03-16 06:45:00,93.63,93.63,93.42,93.46,1839.906676
2026-03-16 06:50:00,93.46,93.59,93.46,93.55,1019.424541
2026-03-16 06:55:00,93.57,93.64,93.39,93.41,650.486093
2026-03-16 07:00:00,93.41,93.66,93.34,93.61,1359.661552
2026-03-16 07:05:00,93.62,93.71,93.56,93.68,1712.753836
2026-03-16 07:10:00,93.68,93.8,93.66,93.71,1801.249991
2026-03-16 07:15:00,93.71,93.71,93.46,93.63,2748.403117
2026-03-16 07:20:00,93.64,93.65,93.52,93.52,1070.563229
2026-03-16 07:25:00,93.51,93.8,93.48,93.77,11618.014215
2026-03-16 07:30:00,93.76,93.87,93.64,93.72,5660.892966
2026-03-16 07:35:00,93.72,93.83,93.33,93.33,5289.11309
2026-03-16 07:40:00,93.33,93.63,93.33,93.55,1941.100954
2026-03-16 07:45:00,93.54,93.63,93.47,93.49,3051.829221
2026-03-16 07:50:00,93.49,93.54,93.43,93.51,1584.935752
2026-03-16 07:55:00,93.51,93.69,93.5,93.56,3149.511265
2026-03-16 08:00:00,93.56,93.97,93.56,93.95,3199.008062
2026-03-16 08:05:00,93.95,94.02,93.89,93.89,2102.178969
2026-03-16 08:10:00,93.89,93.96,93.57,93.59,3291.013019
2026-03-16 08:15:00,93.59,93.66,93.3,93.57,3614.585301
2026-03-16 08:20:00,93.58,93.71,93.44,93.69,2426.70774
2026-03-16 08:25:00,93.68,93.68,93.29,93.32,1632.025154
2026-03-16 08:30:00,93.3,93.35,92.88,93.02,7451.968708
2026-03-16 08:35:00,93.02,93.18,92.83,92.85,3134.881323
2026-03-16 08:40:00,92.85,93.03,92.66,92.66,8325.124529
2026-03-16 08:45:00,92.67,93.0,92.63,92.92,4801.331976
2026-03-16 08:50:00,92.9,93.04,92.57,93.0,4113.69443
2026-03-16 08:55:00,92.99,92.99,92.81,92.87,2427.129791
2026-03-16 09:00:00,92.87,92.96,92.74,92.84,1751.800214
2026-03-16 09:05:00,92.84,92.92,92.73,92.92,1889.285293
2026-03-16 09:10:00,92.93,93.02,92.85,92.95,3009.096508
2026-03-16 09:15:00,92.96,93.03,92.91,92.96,4097.682577
2026-03-16 09:20:00,92.97,93.05,92.85,93.0,1422.932685
2026-03-16 09:25:00,93.0,93.32,93.0,93.12,6692.933198
2026-03-16 09:30:00,93.11,93.28,93.07,93.07,3081.564794
2026-03-16 09:35:00,93.07,93.19,93.06,93.08,365.582471
2026-03-16 09:40:00,93.1,93.19,93.07,93.09,555.079441
2026-03-16 09:45:00,93.09,93.44,93.09,93.44,1850.471006
2026-03-16 09:50:00,93.44,93.46,93.32,93.34,1389.482091
2026-03-16 09:55:00,93.34,93.37,93.25,93.3,472.998683
2026-03-16 10:00:00,93.31,93.57,93.29,93.46,4895.657339
2026-03-16 10:05:00,93.47,93.5,93.26,93.41,1467.411094
2026-03-16 10:10:00,93.41,93.5,93.37,93.5,951.091366
2026-03-16 10:15:00,93.49,93.59,93.47,93.47,1686.248953
2026-03-16 10:20:00,93.48,93.76,93.44,93.55,2916.671496
2026-03-16 10:25:00,93.54,93.64,93.49,93.52,1303.193828
2026-03-16 10:30:00,93.49,93.54,93.39,93.42,3078.04913
2026-03-16 10:35:00,93.42,93.42,93.31,93.39,2226.685117
2026-03-16 10:40:00,93.39,93.51,93.35,93.42,1199.911655
2026-03-16 10:45:00,93.42,93.71,93.37,93.71,1001.393746
2026-03-16 10:50:00,93.71,93.86,93.68,93.78,4873.852353
2026-03-16 10:55:00,93.78,93.95,93.78,93.9,3779.600887
2026-03-16 11:00:00,93.91,93.99,93.74,93.76,3808.801097
2026-03-16 11:05:00,93.77,93.89,93.77,93.81,3027.905646
2026-03-16 11:10:00,93.83,93.9,93.74,93.77,924.284597
2026-03-16 11:15:00,93.76,93.9,93.74,93.86,551.792259
2026-03-16 11:20:00,93.85,93.86,93.64,93.65,1113.335628
2026-03-16 11:25:00,93.66,93.73,93.53,93.58,1605.435137
2026-03-16 11:30:00,93.57,93.75,93.51,93.73,1201.426946
2026-03-16 11:35:00,93.72,93.78,93.67,93.76,1590.263128
2026-03-16 11:40:00,93.74,93.81,93.7,93.8,1920.46123
2026-03-16 11:45:00,93.82,93.95,93.82,93.84,1585.672354
2026-03-16 11:50:00,93.84,93.89,93.71,93.75,597.100544
2026-03-16 11:55:00,93.75,93.8,93.72,93.74,345.187794
2026-03-16 12:00:00,93.75,94.19,93.74,93.83,6805.224681
2026-03-16 12:05:00,93.83,93.94,93.67,93.72,2363.819255
2026-03-16 12:10:00,93.71,93.79,93.4,93.76,6852.653487
2026-03-16 12:15:00,93.75,94.05,93.66,94.05,2904.089711
2026-03-16 12:20:00,94.05,94.16,93.78,93.97,5479.941672
2026-03-16 12:25:00,93.96,94.11,93.79,94.05,8649.690813
2026-03-16 12:30:00,94.04,94.18,93.89,93.97,8227.624412
2026-03-16 12:35:00,93.97,94.04,93.73,93.9,4040.883582
2026-03-16 12:40:00,93.9,93.98,93.78,93.81,3555.947968
2026-03-16 12:45:00,93.81,93.93,93.74,93.8,1856.071193
2026-03-16 12:50:00,93.8,93.87,93.71,93.72,1991.69326
2026-03-16 12:55:00,93.72,93.82,93.7,93.76,1563.310585
2026-03-16 13:00:00,93.77,93.91,93.77,93.85,1640.863178
2026-03-16 13:05:00,93.85,94.01,93.57,93.65,7726.103909
2026-03-16 13:10:00,93.65,93.87,93.53,93.86,1896.170907
2026-03-16 13:15:00,93.87,93.92,93.71,93.76,2032.758654
2026-03-16 13:20:00,93.77,94.09,93.74,94.02,2800.599392
2026-03-16 13:25:00,94.03,94.15,93.98,94.12,2504.080003
2026-03-16 13:30:00,94.1,95.13,94.0,94.97,32260.931383
2026-03-16 13:35:00,94.96,95.04,94.58,94.82,12232.774981
2026-03-16 13:40:00,94.82,94.99,93.77,93.96,24667.874082
2026-03-16 13:45:00,93.96,94.56,93.73,94.05,18737.66966
2026-03-16 13:50:00,94.07,94.13,93.5,93.53,10165.424313
2026-03-16 13:55:00,93.52,93.8,93.43,93.67,6936.553103
2026-03-16 14:00:00,93.68,94.12,93.54,93.99,12266.141118
2026-03-16 14:05:00,93.99,94.45,93.83,94.32,16406.595801
2026-03-16 14:10:00,94.32,94.51,94.09,94.38,2376.727354
2026-03-16 14:15:00,94.37,94.52,94.14,94.14,3869.73167
2026-03-16 14:20:00,94.14,94.43,93.92,94.03,9556.288434
2026-03-16 14:25:00,94.04,94.05,93.23,93.25,11888.421287
2026-03-16 14:30:00,93.25,93.26,92.47,92.89,26833.318424
2026-03-16 14:35:00,92.89,93.03,92.51,92.52,7661.470931
2026-03-16 14:40:00,92.52,92.82,92.38,92.67,9596.772463
2026-03-16 14:45:00,92.66,93.0,92.65,92.76,7069.651168
2026-03-16 14:50:00,92.75,93.24,92.59,93.19,5763.909337
2026-03-16 14:55:00,93.18,93.61,93.13,93.6,5874.047165
2026-03-16 15:00:00,93.61,93.75,93.43,93.52,3806.266022
2026-03-16 15:05:00,93.52,93.62,93.15,93.6,9634.536945
2026-03-16 15:10:00,93.6,93.97,93.47,93.7,3343.318097
2026-03-16 15:15:00,93.68,94.02,93.56,94.02,4655.270699
2026-03-16 15:20:00,94.01,94.12,93.84,94.0,6036.6988
2026-03-16 15:25:00,93.99,94.08,93.79,94.07,3779.383306
2026-03-16 15:30:00,94.09,94.34,93.8,93.88,2937.695036
2026-03-16 15:35:00,93.89,94.07,93.72,93.8,3347.525798
2026-03-16 15:40:00,93.79,93.92,93.64,93.71,3238.246021
2026-03-16 15:45:00,93.71,93.94,93.65,93.7,3987.716486
2026-03-16 15:50:00,93.7,93.71,93.2,93.33,6498.986157
2026-03-16 15:55:00,93.33,93.33,93.09,93.2,2882.934607
2026-03-16 16:00:00,93.19,93.45,93.14,93.33,1529.57601
2026-03-16 16:05:00,93.32,93.65,93.29,93.35,3754.589774
2026-03-16 16:10:00,93.32,93.42,93.13,93.18,1433.40614
2026-03-16 16:15:00,93.18,93.47,93.14,93.29,4330.968373
2026-03-16 16:20:00,93.28,93.37,93.19,93.24,1531.739484
2026-03-16 16:25:00,93.23,93.35,93.14,93.35,2668.638022
2026-03-16 16:30:00,93.35,93.51,93.19,93.3,2557.257745
2026-03-16 16:35:00,93.3,93.46,93.24,93.45,2184.809735
2026-03-16 16:40:00,93.46,93.85,93.46,93.76,2553.451455
2026-03-16 16:45:00,93.76,93.76,93.45,93.58,2841.729153
2026-03-16 16:50:00,93.57,94.04,93.54,93.9,11455.25317
2026-03-16 16:55:00,93.92,93.97,93.76,93.81,5054.091148
2026-03-16 17:00:00,93.81,94.05,93.71,93.83,7214.331126
2026-03-16 17:05:00,93.84,94.04,93.83,93.88,2114.503637
2026-03-16 17:10:00,93.89,94.05,93.89,93.97,2903.622972
2026-03-16 17:15:00,93.96,94.04,93.77,93.98,2617.041196
2026-03-16 17:20:00,94.0,94.21,93.9,93.94,2976.810075
2026-03-16 17:25:00,93.95,94.02,93.7,93.72,2174.944308
2026-03-16 17:30:00,93.72,94.06,93.7,93.79,12716.026968
2026-03-16 17:35:00,93.79,94.18,93.79,94.15,2851.202726
2026-03-16 17:40:00,94.15,94.22,94.05,94.14,1270.811167
2026-03-16 17:45:00,94.1,94.42,94.07,94.12,4583.130149
2026-03-16 17:50:00,94.11,94.13,93.86,94.06,4054.238634
2026-03-16 17:55:00,94.06,94.12,94.0,94.08,2144.192681
2026-03-16 18:00:00,94.08,94.33,94.05,94.32,2320.686839
2026-03-16 18:05:00,94.32,94.86,94.25,94.8,7369.908372
2026-03-16 18:10:00,94.78,94.8,94.48,94.6,4149.811603
2026-03-16 18:15:00,94.6,95.0,94.55,94.74,6806.027114
2026-03-16 18:20:00,94.74,94.96,94.63,94.88,3126.630163
2026-03-16 18:25:00,94.88,95.1,94.71,94.77,5138.286261
2026-03-16 18:30:00,94.77,95.02,94.61,94.99,2683.138879
2026-03-16 18:35:00,94.99,95.04,94.47,94.56,4084.916599
2026-03-16 18:40:00,94.58,94.88,94.58,94.76,2591.402444
2026-03-16 18:45:00,94.75,94.75,94.46,94.64,2400.342392
2026-03-16 18:50:00,94.63,94.64,94.4,94.46,2126.050661
2026-03-16 18:55:00,94.46,94.56,94.29,94.38,4514.950579
2026-03-16 19:00:00,94.38,94.5,94.17,94.31,2095.691522
2026-03-16 19:05:00,94.32,95.2,94.23,95.17,6221.617899
2026-03-16 19:10:00,95.17,95.45,94.87,95.19,8398.658497
2026-03-16 19:15:00,95.16,95.42,94.97,95.03,4074.994495
2026-03-16 19:20:00,95.01,95.1,94.92,95.0,1649.798724
2026-03-16 19:25:00,95.01,95.14,94.77,95.11,3069.284298
2026-03-16 19:30:00,95.1,95.31,95.07,95.11,3247.81547
2026-03-16 19:35:00,95.1,95.15,95.01,95.08,3593.63483
2026-03-16 19:40:00,95.09,95.19,95.05,95.07,1242.193628
2026-03-16 19:45:00,95.07,95.09,94.71,94.89,3525.970744
2026-03-16 19:50:00,94.9,95.19,94.88,95.17,8418.05045
2026-03-16 19:55:00,95.17,95.5,95.17,95.21,11808.495365
2026-03-16 20:00:00,95.2,95.26,95.06,95.25,2154.085715
2026-03-16 20:05:00,95.24,95.37,95.22,95.32,2628.134131
2026-03-16 20:10:00,95.32,95.4,95.24,95.35,900.54763
2026-03-16 20:15:00,95.34,95.66,95.33,95.4,4591.025438
2026-03-16 20:20:00,95.39,95.61,95.39,95.52,2454.949779
2026-03-16 20:25:00,95.52,95.89,95.5,95.71,6647.007662
2026-03-16 20:30:00,95.73,95.96,95.73,95.94,2467.496086
2026-03-16 20:35:00,95.94,95.97,95.73,95.94,5833.892969
2026-03-16 20:40:00,95.95,95.95,95.54,95.56,2592.195894
2026-03-16 20:45:00,95.57,95.66,95.48,95.53,1780.164484
2026-03-16 20:50:00,95.54,95.89,95.54,95.89,3570.957419
2026-03-16 20:55:00,95.9,95.96,95.79,95.79,1015.460058
2026-03-16 21:00:00,95.8,96.08,95.6,95.92,6277.987833
2026-03-16 21:05:00,95.92,95.95,95.51,95.73,2573.511541
2026-03-16 21:10:00,95.73,96.17,95.73,95.88,5759.853475
2026-03-16 21:15:00,95.88,96.14,95.86,96.0,3982.800616
2026-03-16 21:20:00,96.0,96.15,95.83,95.99,3224.070551
2026-03-16 21:25:00,96.0,96.0,95.68,95.8,1719.6001
2026-03-16 21:30:00,95.81,96.13,95.72,96.11,1593.132669
2026-03-16 21:35:00,96.11,96.89,96.02,96.49,15496.563568
2026-03-16 21:40:00,96.5,96.57,96.12,96.42,4110.884801
2026-03-16 21:45:00,96.44,96.7,96.41,96.66,2866.278722
2026-03-16 21:50:00,96.65,96.82,96.52,96.59,1868.323866
2026-03-16 21:55:00,96.59,96.59,96.18,96.18,1834.504084
2026-03-16 22:00:00,96.19,96.82,96.17,96.76,2785.891157
2026-03-16 22:05:00,96.75,97.67,96.74,97.62,25221.371037
2026-03-16 22:10:00,97.61,97.61,97.17,97.3,7473.785747
2026-03-16 22:15:00,97.29,97.37,96.96,97.09,6727.033478
2026-03-16 22:20:00,97.08,97.08,96.56,96.6,3653.393419
2026-03-16 22:25:00,96.59,96.66,96.24,96.48,9227.04654
2026-03-16 22:30:00,96.48,96.7,96.46,96.61,2609.886839
2026-03-16 22:35:00,96.61,96.76,96.61,96.75,1612.239618
2026-03-16 22:40:00,96.74,96.75,96.59,96.73,1925.187742
2026-03-16 22:45:00,96.71,96.89,96.64,96.72,1823.948476
2026-03-16 22:50:00,96.7,96.76,96.22,96.28,7141.88716
2026-03-16 22:55:00,96.28,96.38,96.2,96.37,4953.608602
2026-03-16 23:00:00,96.36,96.36,95.78,95.81,8410.851819
2026-03-16 23:05:00,95.81,95.98,95.43,95.51,10066.673749
2026-03-16 23:10:00,95.51,95.73,95.42,95.68,4986.611553
2026-03-16 23:15:00,95.67,95.85,95.64,95.64,4450.996628
2026-03-16 23:20:00,95.63,95.79,95.61,95.73,2748.252318
2026-03-16 23:25:00,95.73,95.97,95.73,95.97,1805.961221
2026-03-16 23:30:00,95.95,96.11,95.92,96.03,1730.796292
2026-03-16 23:35:00,96.03,96.09,95.95,96.01,1710.225539
2026-03-16 23:40:00,96.03,96.34,96.02,96.31,2033.294013
2026-03-16 23:45:00,96.32,96.47,96.26,96.32,2821.516624
2026-03-16 23:50:00,96.33,96.36,96.0,96.15,1532.533054
2026-03-16 23:55:00,96.16,96.27,96.12,96.21,1083.874827
2026-03-17 00:00:00,96.2,96.2,95.73,95.89,11015.630128
2026-03-17 00:05:00,95.9,96.3,95.87,96.22,3739.106789
2026-03-17 00:10:00,96.22,96.97,96.22,96.76,10004.88978
2026-03-17 00:15:00,96.74,96.81,96.0,96.01,8288.71735
2026-03-17 00:20:00,96.04,96.06,95.5,95.53,14077.902512
2026-03-17 00:25:00,95.52,95.76,95.38,95.76,4533.127472
2026-03-17 00:30:00,95.77,96.11,95.69,95.86,9397.650735
2026-03-17 00:35:00,95.86,95.99,95.51,95.54,3193.634219
2026-03-17 00:40:00,95.53,95.61,95.38,95.51,3542.767324
2026-03-17 00:45:00,95.52,95.71,95.49,95.57,3080.468575
2026-03-17 00:50:00,95.57,95.58,95.15,95.24,6806.192488
2026-03-17 00:55:00,95.25,95.52,95.13,95.52,6897.053951
2026-03-17 01:00:00,95.51,95.59,95.0,95.05,8334.000706
2026-03-17 01:05:00,95.07,95.54,94.97,95.38,11145.947592
2026-03-17 01:10:00,95.38,96.1,95.29,95.85,13355.248193
2026-03-17 01:15:00,95.82,95.89,95.54,95.85,7264.208271
2026-03-17 01:20:00,95.83,95.86,95.37,95.5,4602.396161
2026-03-17 01:25:00,95.5,95.79,95.46,95.76,8108.578648
2026-03-17 01:30:00,95.76,95.88,95.55,95.88,5315.689668
2026-03-17 01:35:00,95.88,96.05,95.62,95.69,6060.377778
2026-03-17 01:40:00,95.7,95.76,95.28,95.6,6726.498681
2026-03-17 01:45:00,95.6,95.74,95.49,95.49,1585.483066
2026-03-17 01:50:00,95.5,95.6,95.34,95.44,2834.677369
2026-03-17 01:55:00,95.46,95.78,95.46,95.7,1603.874767
2026-03-17 02:00:00,95.71,95.78,95.64,95.67,1046.243566
2026-03-17 02:05:00,95.67,95.67,95.01,95.15,4629.948482
2026-03-17 02:10:00,95.15,95.22,95.05,95.19,2445.717382
2026-03-17 02:15:00,95.21,95.27,95.14,95.14,992.797553
2026-03-17 02:20:00,95.13,95.22,94.94,95.04,3307.088507
2026-03-17 02:25:00,95.05,95.13,94.99,95.05,1379.585354
2026-03-17 02:30:00,95.05,95.28,94.89,95.24,2973.2247
2026-03-17 02:35:00,95.24,95.57,95.23,95.55,1009.561163
2026-03-17 02:40:00,95.55,95.6,95.42,95.48,1751.726902
2026-03-17 02:45:00,95.48,95.59,95.29,95.34,1964.365624
2026-03-17 02:50:00,95.35,95.47,95.28,95.4,1587.616729
2026-03-17 02:55:00,95.4,95.41,95.12,95.15,2322.167908
2026-03-17 03:00:00,95.14,95.29,95.08,95.12,4333.578449
2026-03-17 03:05:00,95.11,95.18,94.98,95.03,4867.169066
2026-03-17 03:10:00,95.03,95.09,94.79,94.8,8570.74414
2026-03-17 03:15:00,94.81,94.93,94.75,94.9,2113.484311
2026-03-17 03:20:00,94.88,94.88,94.55,94.67,5830.14686
2026-03-17 03:25:00,94.67,94.81,94.64,94.66,4099.780512
2026-03-17 03:30:00,94.66,94.68,94.12,94.28,12615.265675
2026-03-17 03:35:00,94.28,94.36,94.12,94.32,4933.298672
2026-03-17 03:40:00,94.31,94.31,93.93,94.03,7576.536763
2026-03-17 03:45:00,94.04,94.05,93.82,93.85,4811.233583
2026-03-17 03:50:00,93.84,94.07,93.71,93.91,6876.572637
2026-03-17 03:55:00,93.91,94.13,93.77,94.07,5026.485115
2026-03-17 04:00:00,94.08,94.26,94.01,94.07,3690.629049
2026-03-17 04:05:00,94.07,94.2,94.02,94.12,2122.385078
2026-03-17 04:10:00,94.12,94.18,94.03,94.18,4204.314396
2026-03-17 04:15:00,94.17,94.2,93.81,93.84,4325.215231
2026-03-17 04:20:00,93.85,93.93,93.51,93.71,5766.862369
2026-03-17 04:25:00,93.73,93.82,93.63,93.77,3040.841434
2026-03-17 04:30:00,93.78,93.9,93.5,93.59,3995.547601
2026-03-17 04:35:00,93.59,93.6,93.28,93.34,4613.186569
2026-03-17 04:40:00,93.33,93.63,93.19,93.46,3207.592148
2026-03-17 04:45:00,93.46,93.73,93.44,93.73,1122.764462
2026-03-17 04:50:00,93.72,93.81,93.7,93.77,2404.047193
2026-03-17 04:55:00,93.77,93.86,93.75,93.79,1456.192073
2026-03-17 05:00:00,93.79,93.8,93.57,93.79,2074.89958
2026-03-17 05:05:00,93.81,93.95,93.76,93.78,1712.66847
2026-03-17 05:10:00,93.78,93.98,93.75,93.8,2531.039145
2026-03-17 05:15:00,93.81,94.04,93.8,93.95,2037.674426
2026-03-17 05:20:00,93.92,93.94,93.79,93.88,1845.112974
2026-03-17 05:25:00,93.88,94.07,93.88,94.01,2378.639187
2026-03-17 05:30:00,94.01,94.09,93.93,93.96,1314.518229
2026-03-17 05:35:00,93.96,93.97,93.59,93.68,3766.713494
2026-03-17 05:40:00,93.69,93.81,93.45,93.49,2586.23133
2026-03-17 05:45:00,93.48,93.57,93.34,93.53,3479.154187
2026-03-17 05:50:00,93.53,93.86,93.53,93.86,1402.900608
2026-03-17 05:55:00,93.87,93.9,93.73,93.81,1324.081469
2026-03-17 06:00:00,93.81,93.87,93.54,93.61,1800.696793
2026-03-17 06:05:00,93.61,93.73,93.48,93.68,1751.599217
2026-03-17 06:10:00,93.68,94.11,93.68,94.08,2451.181331
2026-03-17 06:15:00,94.06,94.12,93.96,94.01,1746.414896
2026-03-17 06:20:00,94.0,94.31,94.0,94.23,2869.643563
2026-03-17 06:25:00,94.24,94.25,94.14,94.2,909.325738
2026-03-17 06:30:00,94.2,94.24,93.95,94.12,2590.41275
2026-03-17 06:35:00,94.12,94.17,94.05,94.17,1483.325048
2026-03-17 06:40:00,94.16,94.19,93.84,93.89,3841.689642
2026-03-17 06:45:00,93.89,93.95,93.78,93.88,4723.926392
2026-03-17 06:50:00,93.88,94.03,93.88,93.88,1221.917129
2026-03-17 06:55:00,93.89,93.96,93.89,93.9,1116.784683
2026-03-17 07:00:00,93.9,94.1,93.86,94.08,4448.079167
2026-03-17 07:05:00,94.07,94.18,94.05,94.06,1184.913815
2026-03-17 07:10:00,94.07,94.3,94.07,94.28,2271.74872
2026-03-17 07:15:00,94.29,94.61,94.27,94.6,5720.72506
2026-03-17 07:20:00,94.6,94.65,94.49,94.55,1654.576599
2026-03-17 07:25:00,94.54,94.54,94.47,94.51,814.029227
2026-03-17 07:30:00,94.52,94.54,94.46,94.51,953.004518
2026-03-17 07:35:00,94.52,94.61,94.43,94.52,1494.000329
2026-03-17 07:40:00,94.52,94.63,94.45,94.52,1431.066544
2026-03-17 07:45:00,94.52,94.58,94.44,94.51,1101.583869
2026-03-17 07:50:00,94.5,94.5,94.36,94.37,692.315906
2026-03-17 07:55:00,94.36,94.46,94.35,94.42,977.981016
2026-03-17 08:00:00,94.42,94.83,94.42,94.73,2861.686488
2026-03-17 08:05:00,94.73,94.73,94.53,94.57,2094.489397
2026-03-17 08:10:00,94.56,94.62,94.37,94.48,3755.569408
2026-03-17 08:15:00,94.49,94.63,94.29,94.6,1507.914095
2026-03-17 08:20:00,94.6,94.69,94.51,94.53,2024.04513
2026-03-17 08:25:00,94.54,94.69,94.53,94.59,1151.903178
2026-03-17 08:30:00,94.6,94.69,94.57,94.6,1311.535492
2026-03-17 08:35:00,94.6,94.63,94.48,94.54,1130.914469
2026-03-17 08:40:00,94.54,94.86,94.53,94.82,3101.372331
2026-03-17 08:45:00,94.82,94.95,94.79,94.82,2601.568784
2026-03-17 08:50:00,94.81,94.86,94.69,94.74,1445.321066
2026-03-17 08:55:00,94.74,94.76,94.27,94.4,5541.636486
2026-03-17 09:00:00,94.4,94.5,94.16,94.18,5079.837709
2026-03-17 09:05:00,94.19,94.25,94.06,94.17,2565.802246
2026-03-17 09:10:00,94.17,94.23,94.13,94.18,1719.938087
2026-03-17 09:15:00,94.18,94.53,94.09,94.52,3870.078447
2026-03-17 09:20:00,94.5,94.61,94.4,94.59,3830.910741
2026-03-17 09:25:00,94.6,95.1,94.6,94.74,16521.854214
2026-03-17 09:30:00,94.73,94.81,94.58,94.64,1814.108125
2026-03-17 09:35:00,94.64,94.76,94.57,94.69,4717.65892
2026-03-17 09:40:00,94.68,94.74,94.52,94.66,650.452934
2026-03-17 09:45:00,94.66,94.66,94.56,94.57,2271.386295
2026-03-17 09:50:00,94.58,94.6,93.99,94.01,10548.944353
2026-03-17 09:55:00,94.0,94.01,93.69,93.9,4819.695495
2026-03-17 10:00:00,93.9,94.05,93.88,93.88,1142.185497
2026-03-17 10:05:00,93.88,93.96,93.62,93.83,5269.91353
2026-03-17 10:10:00,93.84,94.04,93.8,93.85,2106.67849
2026-03-17 10:15:00,93.86,93.88,93.52,93.79,8228.297529
2026-03-17 10:20:00,93.78,93.82,93.7,93.75,625.355594
2026-03-17 10:25:00,93.73,93.81,93.67,93.68,2028.68447
2026-03-17 10:30:00,93.68,93.71,93.52,93.67,2237.215123
2026-03-17 10:35:00,93.68,93.73,93.48,93.6,1726.99148
2026-03-17 10:40:00,93.6,93.63,93.47,93.57,2552.153398
2026-03-17 10:45:00,93.55,93.58,93.35,93.36,2168.505493
2026-03-17 10:50:00,93.35,93.55,93.23,93.5,3851.849769
2026-03-17 10:55:00,93.48,93.63,93.46,93.57,1015.735763
2026-03-17 11:00:00,93.57,93.6,93.41,93.53,2212.672002
2026-03-17 11:05:00,93.55,93.74,93.55,93.73,3552.907791
2026-03-17 11:10:00,93.73,93.77,93.69,93.76,776.467409
2026-03-17 11:15:00,93.76,93.86,93.67,93.77,4162.166121
2026-03-17 11:20:00,93.78,93.79,93.57,93.77,3487.921599
2026-03-17 11:25:00,93.76,93.89,93.76,93.8,3790.214043
2026-03-17 11:30:00,93.78,93.8,93.65,93.75,2099.985459
2026-03-17 11:35:00,93.74,93.84,93.68,93.75,1091.050515
2026-03-17 11:40:00,93.76,93.8,93.71,93.8,1070.121456
2026-03-17 11:45:00,93.8,93.89,93.73,93.86,719.506495
2026-03-17 11:50:00,93.86,93.93,93.74,93.74,1748.012195
2026-03-17 11:55:00,93.74,93.74,93.58,93.65,2169.625021
2026-03-17 12:00:00,93.66,93.77,93.62,93.76,1087.015473
2026-03-17 12:05:00,93.76,93.94,93.76,93.94,532.129228
2026-03-17 12:10:00,93.94,94.08,93.79,93.88,2507.420714
2026-03-17 12:15:00,93.88,94.03,93.66,94.03,1123.049892
2026-03-17 12:20:00,94.01,94.07,93.62,93.62,2051.638733
2026-03-17 12:25:00,93.64,93.67,93.31,93.45,2229.186283
2026-03-17 12:30:00,93.44,93.6,93.39,93.53,638.65839
2026-03-17 12:35:00,93.53,93.64,93.16,93.6,2173.430474
2026-03-17 12:40:00,93.58,93.6,93.46,93.55,513.661725
2026-03-17 12:45:00,93.54,93.54,93.31,93.37,1936.903474
2026-03-17 12:50:00,93.37,93.43,93.25,93.42,1310.381209
2026-03-17 12:55:00,93.41,93.46,93.26,93.42,3690.056854
2026-03-17 13:00:00,93.41,93.53,93.36,93.53,1222.705882
2026-03-17 13:05:00,93.53,93.6,93.5,93.58,827.273885
2026-03-17 13:10:00,93.59,93.71,93.59,93.71,1431.508249
2026-03-17 13:15:00,93.72,93.73,93.57,93.69,1135.006306
2026-03-17 13:20:00,93.69,93.77,93.56,93.6,1220.328999
2026-03-17 13:25:00,93.59,93.68,93.52,93.63,710.405351
2026-03-17 13:30:00,93.62,94.47,93.57,94.12,8930.449864
2026-03-17 13:35:00,94.11,94.44,93.98,94.43,8207.995056
2026-03-17 13:40:00,94.43,94.57,93.9,93.93,5090.548943
2026-03-17 13:45:00,93.89,94.06,93.79,94.01,8820.869121
2026-03-17 13:50:00,94.01,94.05,93.42,93.76,9706.804257
2026-03-17 13:55:00,93.78,93.98,93.67,93.79,4608.088412
2026-03-17 14:00:00,93.8,93.87,93.51,93.68,3020.436224
2026-03-17 14:05:00,93.71,94.21,93.64,94.13,4069.073743
2026-03-17 14:10:00,94.14,94.3,93.98,94.14,3546.106448
2026-03-17 14:15:00,94.14,94.3,93.83,94.08,4419.906606
2026-03-17 14:20:00,94.09,94.28,94.01,94.15,2834.717731
2026-03-17 14:25:00,94.14,94.29,93.97,94.23,1924.607135
2026-03-17 14:30:00,94.24,94.54,94.18,94.47,5849.679661
2026-03-17 14:35:00,94.48,94.69,94.32,94.36,5759.638427
2026-03-17 14:40:00,94.37,94.53,94.25,94.45,4755.781916
2026-03-17 14:45:00,94.45,94.62,94.3,94.33,6227.05513
2026-03-17 14:50:00,94.34,94.42,94.1,94.34,4396.845491
2026-03-17 14:55:00,94.34,94.54,94.31,94.5,3200.232266
2026-03-17 15:00:00,94.5,95.18,94.49,94.93,12321.652749
2026-03-17 15:05:00,94.92,94.96,94.29,94.31,4496.406627
2026-03-17 15:10:00,94.3,94.31,93.91,93.91,10018.835072
2026-03-17 15:15:00,93.91,94.2,93.87,94.13,8086.523418
2026-03-17 15:20:00,94.13,94.26,93.76,93.76,9559.395956
2026-03-17 15:25:00,93.75,93.91,93.67,93.83,3154.408171
2026-03-17 15:30:00,93.84,94.02,93.62,93.72,2669.056321
2026-03-17 15:35:00,93.72,93.81,93.26,93.54,6835.116195
2026-03-17 15:40:00,93.54,93.65,93.37,93.6,2941.04015
2026-03-17 15:45:00,93.59,93.7,93.42,93.51,3176.691547
2026-03-17 15:50:00,93.51,93.91,93.51,93.84,1102.192801
2026-03-17 15:55:00,93.84,93.85,93.73,93.84,2252.330345
2026-03-17 16:00:00,93.83,93.95,93.73,93.89,907.594213
2026-03-17 16:05:00,93.89,94.12,93.83,94.11,1605.943449
2026-03-17 16:10:00,94.11,94.24,94.03,94.05,1258.787615
2026-03-17 16:15:00,94.07,94.43,94.04,94.43,2213.460362
2026-03-17 16:20:00,94.43,94.75,94.34,94.73,3377.087583
2026-03-17 16:25:00,94.73,94.79,94.47,94.54,4914.868285
2026-03-17 16:30:00,94.54,94.6,94.26,94.39,4011.549363
2026-03-17 16:35:00,94.4,94.43,94.21,94.29,1169.761903
2026-03-17 16:40:00,94.3,94.44,94.19,94.41,1422.444918
2026-03-17 16:45:00,94.4,94.46,94.14,94.32,1709.934745
2026-03-17 16:50:00,94.33,94.49,94.32,94.43,655.617479
2026-03-17 16:55:00,94.44,94.47,94.29,94.39,362.180126
2026-03-17 17:00:00,94.38,94.71,94.38,94.63,1561.851594
2026-03-17 17:05:00,94.62,94.63,94.51,94.53,1361.729873
2026-03-17 17:10:00,94.52,94.52,94.15,94.33,1472.170368
2026-03-17 17:15:00,94.34,94.51,94.23,94.48,698.375847
2026-03-17 17:20:00,94.5,94.7,94.48,94.6,2076.106381
2026-03-17 17:25:00,94.59,94.59,94.31,94.36,1204.922074
2026-03-17 17:30:00,94.35,94.46,94.23,94.24,1123.766286
2026-03-17 17:35:00,94.24,94.43,94.23,94.43,857.265866
2026-03-17 17:40:00,94.43,94.55,94.37,94.37,288.85376
2026-03-17 17:45:00,94.38,94.53,94.26,94.53,1021.017634
2026-03-17 17:50:00,94.54,94.68,94.51,94.52,773.827929
2026-03-17 17:55:00,94.52,94.58,94.45,94.57,463.337251
2026-03-17 18:00:00,94.58,94.66,94.43,94.66,1893.531768
2026-03-17 18:05:00,94.66,94.88,94.59,94.88,1618.171417
2026-03-17 18:10:00,94.87,95.03,94.85,94.92,2474.880186
2026-03-17 18:15:00,94.91,95.16,94.89,95.05,1813.820146
2026-03-17 18:20:00,95.05,95.17,95.02,95.09,713.807439
2026-03-17 18:25:00,95.08,95.13,94.93,94.95,1420.768649
2026-03-17 18:30:00,94.95,95.61,94.94,95.41,5661.175442
2026-03-17 18:35:00,95.4,95.58,95.36,95.49,2221.941591
2026-03-17 18:40:00,95.51,95.58,95.31,95.33,2107.597459
2026-03-17 18:45:00,95.33,95.47,95.32,95.32,1435.969367
2026-03-17 18:50:00,95.32,95.34,95.22,95.27,1669.595269
2026-03-17 18:55:00,95.27,95.32,94.91,95.32,4778.651628
2026-03-17 19:00:00,95.33,95.51,95.3,95.38,2187.855262
2026-03-17 19:05:00,95.37,95.55,95.33,95.39,1449.33123
2026-03-17 19:10:00,95.38,95.55,95.31,95.33,1836.279344
2026-03-17 19:15:00,95.33,95.42,95.25,95.25,1280.890255
2026-03-17 19:20:00,95.24,95.24,95.01,95.08,1199.185184
2026-03-17 19:25:00,95.09,95.17,94.92,95.08,832.753803
2026-03-17 19:30:00,95.08,95.08,94.83,94.88,927.955156
2026-03-17 19:35:00,94.89,95.19,94.89,95.06,757.982942
2026-03-17 19:40:00,95.07,95.09,94.93,94.96,488.009277
2026-03-17 19:45:00,94.97,95.01,94.62,94.88,2589.020385
2026-03-17 19:50:00,94.88,94.88,94.62,94.81,433.284529
2026-03-17 19:55:00,94.81,94.81,94.63,94.67,4627.281211
2026-03-17 20:00:00,94.66,94.79,94.58,94.6,1072.677437
2026-03-17 20:05:00,94.6,94.6,94.41,94.56,3720.506731
2026-03-17 20:10:00,94.56,94.67,94.46,94.46,670.327913
2026-03-17 20:15:00,94.47,94.62,94.47,94.57,1511.493757
2026-03-17 20:20:00,94.56,94.94,94.55,94.92,765.096581
2026-03-17 20:25:00,94.91,95.03,94.86,94.94,899.436041
2026-03-17 20:30:00,94.95,94.95,94.77,94.77,441.999519
2026-03-17 20:35:00,94.78,94.87,94.75,94.84,412.623691
2026-03-17 20:40:00,94.83,94.83,94.68,94.77,2457.146265
2026-03-17 20:45:00,94.78,94.95,94.77,94.95,4074.695042
2026-03-17 20:50:00,94.94,94.99,94.85,94.86,565.334189
2026-03-17 20:55:00,94.86,94.92,94.83,94.89,1287.280056
2026-03-17 21:00:00,94.9,94.99,94.84,94.9,509.73905
2026-03-17 21:05:00,94.91,95.03,94.89,95.03,854.222034
2026-03-17 21:10:00,95.03,95.44,95.02,95.26,2498.918412
2026-03-17 21:15:00,95.25,95.25,95.12,95.18,1561.436885
2026-03-17 21:20:00,95.19,95.23,95.14,95.19,379.642113
2026-03-17 21:25:00,95.19,95.23,95.1,95.13,787.001879
2026-03-17 21:30:00,95.13,95.13,94.94,95.03,1051.179094
2026-03-17 21:35:00,95.03,95.25,95.0,95.21,1741.193912
2026-03-17 21:40:00,95.21,95.38,95.16,95.33,2146.935176
2026-03-17 21:45:00,95.34,95.37,95.23,95.27,427.455767
2026-03-17 21:50:00,95.27,95.29,95.15,95.26,856.466613
2026-03-17 21:55:00,95.26,95.29,95.2,95.27,315.557751
2026-03-17 22:00:00,95.27,95.5,95.13,95.5,1504.491577
2026-03-17 22:05:00,95.5,95.54,95.23,95.28,3401.423364
2026-03-17 22:10:00,95.28,95.46,95.19,95.45,5318.439891
2026-03-17 22:15:00,95.44,95.61,95.39,95.39,2148.027982
2026-03-17 22:20:00,95.39,95.42,95.32,95.36,459.196884
2026-03-17 22:25:00,95.36,95.36,95.22,95.23,659.159157
2026-03-17 22:30:00,95.22,95.22,94.96,95.05,2740.185788
2026-03-17 22:35:00,95.05,95.08,94.58,94.64,3260.076213
2026-03-17 22:40:00,94.64,94.93,94.58,94.88,1329.451004
2026-03-17 22:45:00,94.88,95.36,94.81,95.29,5484.343693
2026-03-17 22:50:00,95.28,95.51,95.23,95.29,2937.084445
2026-03-17 22:55:00,95.29,95.33,95.2,95.31,1935.38834
2026-03-17 23:00:00,95.3,95.38,95.22,95.25,638.971239
2026-03-17 23:05:00,95.27,95.34,95.18,95.3,777.691943
2026-03-17 23:10:00,95.29,95.42,95.28,95.28,1972.518538
2026-03-17 23:15:00,95.29,95.31,95.12,95.23,1205.354828
2026-03-17 23:20:00,95.24,95.29,94.87,95.01,2825.761663
2026-03-17 23:25:00,95.01,95.05,94.95,95.0,736.85088
2026-03-17 23:30:00,94.99,94.99,94.79,94.88,394.009883
2026-03-17 23:35:00,94.88,94.96,94.84,94.92,862.746452
2026-03-17 23:40:00,94.92,94.92,94.66,94.7,2682.780077
2026-03-17 23:45:00,94.7,94.87,94.7,94.85,2404.262583
2026-03-17 23:50:00,94.84,94.88,94.69,94.73,1559.492714
2026-03-17 23:55:00,94.73,94.76,94.58,94.61,2400.916025
2026-03-18 00:00:00,94.61,94.83,94.51,94.68,2590.662546
2026-03-18 00:05:00,94.68,94.91,94.65,94.77,1409.572818
2026-03-18 00:10:00,94.76,94.83,94.67,94.68,472.236238
2026-03-18 00:15:00,94.69,94.73,94.38,94.48,1886.441175
2026-03-18 00:20:00,94.49,94.53,94.13,94.16,2274.972601
2026-03-18 00:25:00,94.15,94.37,94.14,94.34,2237.238105
2026-03-18 00:30:00,94.31,94.37,94.13,94.19,1405.445576
2026-03-18 00:35:00,94.19,94.32,94.11,94.2,2805.721536
2026-03-18 00:40:00,94.2,94.39,94.09,94.39,1473.464043
2026-03-18 00:45:00,94.4,94.64,94.4,94.52,1194.612033
2026-03-18 00:50:00,94.51,94.67,94.5,94.51,1839.157935
2026-03-18 00:55:00,94.52,94.63,94.46,94.52,1037.215934
2026-03-18 01:00:00,94.54,94.74,94.49,94.67,1219.927918
2026-03-18 01:05:00,94.67,94.77,94.58,94.7,1383.690341
2026-03-18 01:10:00,94.71,94.73,94.47,94.6,738.620222
2026-03-18 01:15:00,94.62,94.68,94.5,94.63,817.047326
2026-03-18 01:20:00,94.63,94.78,94.58,94.69,678.492065
2026-03-18 01:25:00,94.69,94.8,94.64,94.73,781.407527
2026-03-18 01:30:00,94.73,94.92,94.7,94.86,2418.144837
2026-03-18 01:35:00,94.86,94.88,94.65,94.68,1203.417631
2026-03-18 01:40:00,94.68,94.81,94.68,94.72,1234.785905
2026-03-18 01:45:00,94.73,94.81,94.61,94.68,1610.811651
2026-03-18 01:50:00,94.68,94.68,94.32,94.36,1390.675589
2026-03-18 01:55:00,94.36,94.48,94.36,94.42,1411.742716
2026-03-18 02:00:00,94.41,94.53,94.39,94.47,716.863968
2026-03-18 02:05:00,94.47,94.87,94.47,94.86,742.389983
2026-03-18 02:10:00,94.87,94.99,94.81,94.91,1967.952251
2026-03-18 02:15:00,94.9,94.96,94.82,94.86,1048.73493
2026-03-18 02:20:00,94.87,94.9,94.76,94.81,836.99034
2026-03-18 02:25:00,94.81,94.81,94.65,94.75,432.743782
2026-03-18 02:30:00,94.74,95.17,94.71,95.01,3494.068203
2026-03-18 02:35:00,95.01,95.06,94.87,94.99,989.594111
2026-03-18 02:40:00,94.98,95.12,94.94,95.11,918.492492
2026-03-18 02:45:00,95.12,95.22,95.02,95.04,1615.210167
2026-03-18 02:50:00,95.03,95.06,94.94,94.96,1128.8439
2026-03-18 02:55:00,94.95,95.01,94.92,94.94,653.654261
2026-03-18 03:00:00,94.94,95.06,94.94,94.99,745.240554
2026-03-18 03:05:00,94.99,95.06,94.82,94.91,1431.435896
2026-03-18 03:10:00,94.91,94.97,94.87,94.9,305.516405
2026-03-18 03:15:00,94.9,94.94,94.89,94.91,181.961484
2026-03-18 03:20:00,94.91,95.37,94.91,95.32,2206.599541
2026-03-18 03:25:00,95.31,95.52,95.3,95.36,3174.666016
2026-03-18 03:30:00,95.38,95.59,95.36,95.48,3583.74171
2026-03-18 03:35:00,95.47,95.65,95.28,95.28,1378.626553
2026-03-18 03:40:00,95.28,95.33,95.18,95.27,981.713748
2026-03-18 03:45:00,95.27,95.3,95.11,95.19,1109.745789
2026-03-18 03:50:00,95.19,95.19,95.05,95.1,1939.186932
2026-03-18 03:55:00,95.09,95.15,95.01,95.04,2470.66004
2026-03-18 04:00:00,95.04,95.1,94.93,95.02,5760.111208
2026-03-18 04:05:00,95.02,95.02,94.82,94.84,1220.698836
2026-03-18 04:10:00,94.83,94.87,94.77,94.81,665.847921
2026-03-18 04:15:00,94.81,94.81,94.51,94.73,8551.522853
2026-03-18 04:20:00,94.74,94.81,94.61,94.62,1892.938035
2026-03-18 04:25:00,94.62,94.65,94.29,94.33,8109.671707
2026-03-18 04:30:00,94.32,94.36,94.0,94.21,7582.769051
2026-03-18 04:35:00,94.21,94.25,94.04,94.2,6143.085691
2026-03-18 04:40:00,94.21,94.21,94.14,94.16,1011.677888
2026-03-18 04:45:00,94.16,94.24,94.12,94.15,3210.850494
2026-03-18 04:50:00,94.15,94.22,94.15,94.16,849.021611
2026-03-18 04:55:00,94.16,94.17,94.09,94.12,926.911679
2026-03-18 05:00:00,94.13,94.28,93.98,94.03,6476.690689
2026-03-18 05:05:00,94.03,94.19,93.8,94.18,6423.094622
2026-03-18 05:10:00,94.19,94.39,94.18,94.34,3850.717852
2026-03-18 05:15:00,94.34,94.36,94.3,94.3,1086.063391
2026-03-18 05:20:00,94.3,94.3,94.09,94.2,1126.697045
2026-03-18 05:25:00,94.19,94.2,94.05,94.13,1489.515976
2026-03-18 05:30:00,94.13,94.3,94.1,94.1,1341.579638
2026-03-18 05:35:00,94.09,94.18,93.99,94.15,1134.260959
2026-03-18 05:40:00,94.16,94.16,94.04,94.08,1105.180701
2026-03-18 05:45:00,94.08,94.18,94.07,94.1,1782.219791
2026-03-18 05:50:00,94.1,94.1,93.82,93.82,4048.578856
2026-03-18 05:55:00,93.83,93.96,93.74,93.93,6085.21661
2026-03-18 06:00:00,93.93,94.09,93.93,94.07,661.675342
2026-03-18 06:05:00,94.07,94.16,94.07,94.16,819.532326
2026-03-18 06:10:00,94.16,94.25,94.14,94.23,894.791178
2026-03-18 06:15:00,94.23,94.33,94.13,94.31,1350.79071
2026-03-18 06:20:00,94.32,94.63,94.2,94.59,2104.324376
2026-03-18 06:25:00,94.6,94.64,94.42,94.44,1199.108479
2026-03-18 06:30:00,94.45,94.56,94.44,94.47,1056.839814
2026-03-18 06:35:00,94.47,94.52,94.28,94.29,782.464466
2026-03-18 06:40:00,94.29,94.33,94.21,94.33,710.696301
2026-03-18 06:45:00,94.33,94.42,94.31,94.35,431.943501
2026-03-18 06:50:00,94.36,94.44,94.35,94.42,1102.058118
2026-03-18 06:55:00,94.42,94.42,94.2,94.24,570.83282
2026-03-18 07:00:00,94.24,94.3,94.13,94.2,1314.762845
2026-03-18 07:05:00,94.2,94.22,94.01,94.01,1930.021419
2026-03-18 07:10:00,94.01,94.22,94.01,94.21,976.302031
2026-03-18 07:15:00,94.22,94.27,94.06,94.06,1100.170684
2026-03-18 07:20:00,94.05,94.08,94.01,94.08,478.239944
2026-03-18 07:25:00,94.08,94.11,93.91,93.97,946.816639
2026-03-18 07:30:00,93.97,93.98,93.89,93.93,750.272871
2026-03-18 07:35:00,93.9,94.03,93.86,93.88,2503.614528
2026-03-18 07:40:00,93.87,94.01,93.85,93.87,698.725385
2026-03-18 07:45:00,93.87,94.01,93.83,94.0,1529.434019
2026-03-18 07:50:00,94.0,94.1,93.95,93.95,2907.425652
2026-03-18 07:55:00,93.95,93.97,93.92,93.96,358.481046
2026-03-18 08:00:00,93.96,94.18,93.96,94.12,2023.883618
2026-03-18 08:05:00,94.13,94.25,94.06,94.06,1083.03323
2026-03-18 08:10:00,94.05,94.13,94.0,94.1,488.951928
2026-03-18 08:15:00,94.1,94.2,94.03,94.09,432.193964
2026-03-18 08:20:00,94.11,94.23,94.09,94.2,1580.845843
2026-03-18 08:25:00,94.21,94.24,94.09,94.19,2479.106349
2026-03-18 08:30:00,94.17,94.21,94.04,94.18,1012.789253
2026-03-18 08:35:00,94.18,94.23,94.05,94.22,2427.943353
2026-03-18 08:40:00,94.21,94.21,94.09,94.18,1550.557395
2026-03-18 08:45:00,94.18,94.2,94.06,94.09,2107.740179
2026-03-18 08:50:00,94.09,94.18,94.06,94.06,3163.828002
2026-03-18 08:55:00,94.06,94.12,93.97,94.03,2960.43815
2026-03-18 09:00:00,94.02,94.13,93.94,94.06,3980.066061
2026-03-18 09:05:00,94.07,94.26,94.05,94.22,2705.197582
2026-03-18 09:10:00,94.21,94.33,94.19,94.26,2617.435989
2026-03-18 09:15:00,94.27,94.4,94.24,94.38,3146.843747
2026-03-18 09:20:00,94.36,94.38,94.22,94.25,2598.709208
2026-03-18 09:25:00,94.25,94.25,94.19,94.21,2312.746799
2026-03-18 09:30:00,94.22,94.3,94.2,94.26,2286.970473
2026-03-18 09:35:00,94.26,94.42,94.19,94.32,2184.051558
2026-03-18 09:40:00,94.32,94.37,94.28,94.31,580.802362
2026-03-18 09:45:00,94.3,94.35,94.25,94.3,448.603592
2026-03-18 09:50:00,94.3,94.34,94.13,94.18,939.893235
2026-03-18 09:55:00,94.19,94.28,94.16,94.27,536.669763
2026-03-18 10:00:00,94.27,94.33,94.12,94.12,934.139273
2026-03-18 10:05:00,94.12,94.21,94.07,94.2,651.256442
2026-03-18 10:10:00,94.2,94.42,94.2,94.35,761.983678
2026-03-18 10:15:00,94.34,94.35,94.27,94.3,366.912154
2026-03-18 10:20:00,94.29,94.32,94.26,94.3,326.756326
2026-03-18 10:25:00,94.31,94.36,94.3,94.33,1496.394773
2026-03-18 10:30:00,94.34,94.41,94.2,94.2,460.423847
2026-03-18 10:35:00,94.21,94.21,93.97,93.99,1761.470764
2026-03-18 10:40:00,93.99,94.0,93.58,93.67,6194.277466
2026-03-18 10:45:00,93.67,93.73,93.46,93.73,4179.416307
2026-03-18 10:50:00,93.72,93.78,93.69,93.72,1226.119666
2026-03-18 10:55:00,93.71,93.87,93.68,93.87,743.070191
2026-03-18 11:00:00,93.85,93.85,93.54,93.6,1375.411109
2026-03-18 11:05:00,93.59,93.78,93.45,93.78,1698.288646
2026-03-18 11:10:00,93.79,94.07,93.79,93.86,1417.102191
2026-03-18 11:15:00,93.86,94.0,93.83,93.97,765.613299
2026-03-18 11:20:00,93.96,93.98,93.91,93.92,387.094212
2026-03-18 11:25:00,93.91,93.91,93.32,93.34,5746.377298
2026-03-18 11:30:00,93.35,93.44,92.15,92.24,39698.015149
2026-03-18 11:35:00,92.24,92.44,91.8,91.87,24437.846374
2026-03-18 11:40:00,91.87,92.35,91.8,92.26,20303.005283
2026-03-18 11:45:00,92.26,92.26,91.96,91.98,8172.733408
2026-03-18 11:50:00,91.98,92.19,91.84,91.91,8462.000646
2026-03-18 11:55:00,91.92,92.13,91.92,92.01,3078.321158
2026-03-18 12:00:00,92.01,92.05,91.6,91.79,17968.078503
2026-03-18 12:05:00,91.79,91.8,91.48,91.69,7041.469851
2026-03-18 12:10:00,91.7,91.89,91.64,91.89,5208.768211
2026-03-18 12:15:00,91.9,91.99,91.67,91.72,5675.91891
2026-03-18 12:20:00,91.71,91.84,91.53,91.68,2058.572078
2026-03-18 12:25:00,91.69,91.76,91.47,91.67,3490.492594
2026-03-18 12:30:00,91.67,91.68,90.32,90.7,34538.760756
2026-03-18 12:35:00,90.72,90.78,90.55,90.66,6745.562799
2026-03-18 12:40:00,90.65,90.77,90.45,90.57,5165.212439
2026-03-18 12:45:00,90.58,90.59,90.36,90.49,3446.395023
2026-03-18 12:50:00,90.48,90.71,90.35,90.68,3972.340809
2026-03-18 12:55:00,90.68,90.72,90.41,90.41,3598.697845
2026-03-18 13:00:00,90.42,90.57,89.87,90.47,17923.974924
2026-03-18 13:05:00,90.47,90.62,90.35,90.49,5029.776077
2026-03-18 13:10:00,90.51,90.55,90.27,90.45,5238.052655
2026-03-18 13:15:00,90.44,90.46,90.16,90.31,2780.892577
2026-03-18 13:20:00,90.3,90.72,90.28,90.63,3729.488264
2026-03-18 13:25:00,90.63,90.69,90.53,90.69,1999.122407
2026-03-18 13:30:00,90.7,90.7,90.18,90.38,8632.655977
2026-03-18 13:35:00,90.38,90.75,90.28,90.49,15752.181555
2026-03-18 13:40:00,90.46,90.67,90.32,90.39,5351.23522
2026-03-18 13:45:00,90.39,90.61,90.28,90.32,4261.635252
2026-03-18 13:50:00,90.32,90.52,90.11,90.27,4621.72304
2026-03-18 13:55:00,90.29,90.33,90.05,90.31,4081.597931
2026-03-18 14:00:00,90.33,90.4,89.91,90.17,8315.419892
2026-03-18 14:05:00,90.17,90.37,90.06,90.28,2693.993446
2026-03-18 14:10:00,90.28,90.29,89.78,89.82,8007.196355
2026-03-18 14:15:00,89.82,89.99,89.75,89.87,4946.264243
2026-03-18 14:20:00,89.89,90.06,89.78,89.96,3488.853213
2026-03-18 14:25:00,89.96,90.0,89.47,89.57,6641.543782
2026-03-18 14:30:00,89.58,89.73,89.34,89.59,16497.094939
2026-03-18 14:35:00,89.59,89.76,89.48,89.48,2207.649527
2026-03-18 14:40:00,89.48,89.6,89.23,89.28,16001.588313
2026-03-18 14:45:00,89.3,89.49,89.3,89.48,7086.683707
2026-03-18 14:50:00,89.46,89.49,89.0,89.1,5940.777979
2026-03-18 14:55:00,89.1,89.33,88.85,88.96,16656.341205
2026-03-18 15:00:00,88.95,89.19,88.53,89.12,15046.409876
2026-03-18 15:05:00,89.09,89.34,89.01,89.24,7401.674314
2026-03-18 15:10:00,89.23,89.23,88.71,88.82,2975.718621
2026-03-18 15:15:00,88.83,89.08,88.77,89.0,3196.729403
2026-03-18 15:20:00,89.0,89.12,88.91,89.05,2444.140071
2026-03-18 15:25:00,89.04,89.3,88.95,89.16,8223.700983
2026-03-18 15:30:00,89.16,89.37,89.09,89.33,3266.05277
2026-03-18 15:35:00,89.33,89.33,89.11,89.28,1932.93016
2026-03-18 15:40:00,89.27,89.29,89.13,89.27,1792.493759
2026-03-18 15:45:00,89.26,89.27,89.06,89.21,1513.963381
2026-03-18 15:50:00,89.22,89.35,89.18,89.33,2434.992167
2026-03-18 15:55:00,89.33,89.46,89.29,89.38,1945.175531
2026-03-18 16:00:00,89.37,89.37,89.07,89.07,11873.988486
2026-03-18 16:05:00,89.07,89.12,88.81,88.9,8408.676705
2026-03-18 16:10:00,88.9,89.05,88.78,88.96,6076.517188
2026-03-18 16:15:00,88.96,89.02,88.86,88.89,1260.398837
2026-03-18 16:20:00,88.9,88.98,88.77,88.87,1397.076077
2026-03-18 16:25:00,88.85,89.0,88.73,88.91,3123.334943
2026-03-18 16:30:00,88.9,89.07,88.82,88.85,3097.036308
2026-03-18 16:35:00,88.83,89.04,88.64,88.99,1645.386617
2026-03-18 16:40:00,88.99,89.05,88.87,89.05,2505.680488
2026-03-18 16:45:00,89.05,89.07,88.86,88.97,2736.425686
2026-03-18 16:50:00,88.96,89.21,88.95,89.17,1992.393153
2026-03-18 16:55:00,89.15,89.15,88.92,88.98,10528.497761
2026-03-18 17:00:00,88.98,89.05,88.82,89.02,1824.375232
2026-03-18 17:05:00,89.02,89.04,88.84,88.95,1157.024034
2026-03-18 17:10:00,88.96,89.08,88.96,89.01,705.131162
2026-03-18 17:15:00,89.02,89.21,88.97,89.21,1283.918336
2026-03-18 17:20:00,89.21,89.61,89.18,89.59,2679.98532
2026-03-18 17:25:00,89.58,89.61,89.38,89.49,3055.075726
2026-03-18 17:30:00,89.5,89.59,89.32,89.54,2245.808112
2026-03-18 17:35:00,89.54,90.36,89.54,90.34,6322.652605
2026-03-18 17:40:00,90.34,90.34,89.86,90.06,6267.296004
2026-03-18 17:45:00,90.03,90.35,90.02,90.09,7674.599803
2026-03-18 17:50:00,90.1,90.11,89.91,89.96,8899.375127
2026-03-18 17:55:00,89.98,90.02,89.85,89.94,2722.939246
2026-03-18 18:00:00,89.94,90.85,89.91,90.78,14848.661614
2026-03-18 18:05:00,90.77,90.8,90.53,90.63,4536.545129
2026-03-18 18:10:00,90.61,90.84,90.5,90.57,9365.498526
2026-03-18 18:15:00,90.57,90.57,89.87,89.94,6867.45637
2026-03-18 18:20:00,89.96,90.08,89.83,90.02,1728.514458
2026-03-18 18:25:00,90.0,90.07,89.9,90.07,1737.897124
2026-03-18 18:30:00,90.05,90.37,89.97,89.97,1847.104978
2026-03-18 18:35:00,89.96,90.36,89.95,90.11,1895.710964
2026-03-18 18:40:00,90.11,90.39,90.05,90.08,7656.126784
2026-03-18 18:45:00,90.07,90.07,89.68,89.79,3167.41733
2026-03-18 18:50:00,89.82,89.94,89.44,89.45,7337.592256
2026-03-18 18:55:00,89.44,89.63,89.36,89.58,3528.375343
2026-03-18 19:00:00,89.57,89.96,89.55,89.96,2181.383458
2026-03-18 19:05:00,89.97,89.99,89.81,89.98,867.09936
2026-03-18 19:10:00,89.97,89.98,89.78,89.81,440.225773
2026-03-18 19:15:00,89.8,90.06,89.79,90.0,1503.878912
2026-03-18 19:20:00,89.98,90.0,89.73,89.75,1037.68589
2026-03-18 19:25:00,89.74,89.87,89.68,89.85,769.917425
2026-03-18 19:30:00,89.85,89.98,89.74,89.84,1708.767207
2026-03-18 19:35:00,89.82,89.86,89.76,89.76,505.061913
2026-03-18 19:40:00,89.75,89.79,89.62,89.71,1127.453305
2026-03-18 19:45:00,89.72,89.73,89.55,89.56,1323.372363
2026-03-18 19:50:00,89.54,89.69,89.45,89.69,1015.377468
2026-03-18 19:55:00,89.66,89.77,89.57,89.7,5714.536597
2026-03-18 20:00:00,89.7,89.79,89.62,89.71,2365.63635
2026-03-18 20:05:00,89.71,89.71,89.04,89.12,11817.084277
2026-03-18 20:10:00,89.13,89.49,88.99,89.4,4751.675158
2026-03-18 20:15:00,89.38,89.55,89.36,89.41,1509.502577
2026-03-18 20:20:00,89.4,89.46,89.38,89.45,500.980528
2026-03-18 20:25:00,89.44,89.58,89.4,89.52,586.383861
2026-03-18 20:30:00,89.52,89.91,89.51,89.87,4215.341063
2026-03-18 20:35:00,89.87,89.97,89.75,89.96,2643.848231
2026-03-18 20:40:00,89.96,90.01,89.87,89.87,1889.930346
2026-03-18 20:45:00,89.87,90.13,89.76,90.06,2315.827506
2026-03-18 20:50:00,90.05,90.09,89.92,90.02,1073.729727
2026-03-18 20:55:00,90.01,90.09,90.0,90.0,1731.975599
2026-03-18 21:00:00,89.99,90.11,89.94,90.09,1331.474723
2026-03-18 21:05:00,90.1,90.26,90.09,90.26,2060.418843
2026-03-18 21:10:00,90.25,90.43,90.23,90.24,3267.024925
2026-03-18 21:15:00,90.23,90.34,90.15,90.3,2019.877625
2026-03-18 21:20:00,90.32,90.4,90.26,90.26,1554.244987
2026-03-18 21:25:00,90.26,90.29,90.18,90.28,488.891456
2026-03-18 21:30:00,90.28,90.34,90.23,90.26,1157.413402
2026-03-18 21:35:00,90.23,90.61,90.23,90.55,2107.381168
2026-03-18 21:40:00,90.54,90.54,90.38,90.42,2496.729629
2026-03-18 21:45:00,90.42,90.46,90.34,90.36,461.463277
2026-03-18 21:50:00,90.37,90.46,90.32,90.43,277.432556
2026-03-18 21:55:00,90.43,90.59,90.35,90.46,3428.28657
2026-03-18 22:00:00,90.45,90.48,90.26,90.27,691.000646
2026-03-18 22:05:00,90.27,90.29,90.01,90.28,6757.779552
2026-03-18 22:10:00,90.28,90.32,90.13,90.24,3562.34718
2026-03-18 22:15:00,90.23,90.49,90.16,90.44,7498.621526
2026-03-18 22:20:00,90.42,90.49,90.32,90.32,3355.183287
2026-03-18 22:25:00,90.32,90.33,90.24,90.28,638.96198
2026-03-18 22:30:00,90.3,90.43,90.08,90.39,5069.529664
2026-03-18 22:35:00,90.37,90.44,90.19,90.2,2197.838609
2026-03-18 22:40:00,90.2,90.2,90.03,90.11,1002.117447
2026-03-18 22:45:00,90.12,90.14,89.98,90.02,1243.931609
2026-03-18 22:50:00,90.02,90.04,89.93,89.98,707.787685
2026-03-18 22:55:00,89.98,90.03,89.98,90.03,1403.914844
2026-03-18 23:00:00,90.03,90.1,89.84,89.89,2499.146765
2026-03-18 23:05:00,89.89,89.96,89.78,89.91,538.240576
2026-03-18 23:10:00,89.89,89.94,89.81,89.81,509.760572
2026-03-18 23:15:00,89.8,89.83,89.69,89.78,1297.860691
2026-03-18 23:20:00,89.79,89.85,89.73,89.79,323.112469
2026-03-18 23:25:00,89.79,89.96,89.77,89.92,633.871672
2026-03-18 23:30:00,89.93,90.14,89.93,90.14,1679.741067
2026-03-18 23:35:00,90.14,90.16,90.09,90.15,1348.314632
2026-03-18 23:40:00,90.15,90.17,90.02,90.02,487.320319
2026-03-18 23:45:00,90.02,90.09,89.9,90.09,1240.85127
2026-03-18 23:50:00,90.09,90.1,89.93,90.0,2536.80916
2026-03-18 23:55:00,90.0,90.14,90.0,90.09,677.72846
2026-03-19 00:00:00,90.05,90.17,89.96,90.06,1268.427769
2026-03-19 00:05:00,90.06,90.18,90.0,90.01,1937.508915
2026-03-19 00:10:00,90.01,90.09,89.83,90.09,987.871126
2026-03-19 00:15:00,90.08,90.1,89.94,89.99,378.507463
2026-03-19 00:20:00,89.98,90.05,89.93,89.98,404.46499
2026-03-19 00:25:00,89.98,90.3,89.97,90.28,835.554616
2026-03-19 00:30:00,90.27,90.27,89.97,89.97,1565.501939
2026-03-19 00:35:00,89.97,90.1,89.89,90.1,1657.968736
2026-03-19 00:40:00,90.1,90.13,90.03,90.05,735.238864
2026-03-19 00:45:00,90.05,90.24,90.03,90.13,1248.142506
2026-03-19 00:50:00,90.14,90.2,90.06,90.15,899.154731
2026-03-19 00:55:00,90.16,90.17,90.07,90.12,2126.444828
2026-03-19 01:00:00,90.13,90.25,90.0,90.0,788.441244
2026-03-19 01:05:00,90.0,90.21,89.93,90.07,1666.250811
2026-03-19 01:10:00,90.07,90.12,89.99,90.06,1181.606917
2026-03-19 01:15:00,90.08,90.21,90.06,90.09,1577.159879
2026-03-19 01:20:00,90.07,90.18,89.99,90.05,769.015513
2026-03-19 01:25:00,90.04,90.2,90.03,90.2,526.684351
2026-03-19 01:30:00,90.19,90.27,90.08,90.24,512.416927
2026-03-19 01:35:00,90.24,90.31,90.18,90.27,702.163329
2026-03-19 01:40:00,90.27,90.37,90.23,90.31,2976.712076
2026-03-19 01:45:00,90.32,90.39,90.26,90.35,1372.453195
2026-03-19 01:50:00,90.36,90.36,90.22,90.34,1539.131103
2026-03-19 01:55:00,90.34,90.38,90.18,90.18,1270.998725
2026-03-19 02:00:00,90.2,90.2,89.79,90.04,2287.117182
2026-03-19 02:05:00,90.04,90.28,89.95,90.12,2103.190277
2026-03-19 02:10:00,90.13,90.29,90.13,90.29,863.248936
2026-03-19 02:15:00,90.27,90.38,90.22,90.23,620.936817
2026-03-19 02:20:00,90.24,90.4,90.24,90.29,736.39654
2026-03-19 02:25:00,90.28,90.34,90.2,90.34,635.059545
2026-03-19 02:30:00,90.35,90.36,90.2,90.33,569.557941
2026-03-19 02:35:00,90.32,90.36,90.26,90.27,671.574229
2026-03-19 02:40:00,90.28,90.35,90.25,90.3,196.876981
2026-03-19 02:45:00,90.28,90.28,90.07,90.07,609.330084
2026-03-19 02:50:00,90.09,90.14,89.97,89.97,847.844465
2026-03-19 02:55:00,89.97,90.01,89.94,89.98,856.459622
2026-03-19 03:00:00,89.99,90.09,89.97,90.04,1535.943355
2026-03-19 03:05:00,90.04,90.19,89.93,90.19,1007.165081
2026-03-19 03:10:00,90.19,90.3,90.19,90.26,1188.045177
2026-03-19 03:15:00,90.26,91.04,90.23,90.95,9487.04785
2026-03-19 03:20:00,90.95,91.19,90.74,91.04,3646.629845
2026-03-19 03:25:00,91.03,91.4,90.95,91.22,4622.149211
2026-03-19 03:30:00,91.25,91.35,91.05,91.17,5344.756601
2026-03-19 03:35:00,91.17,91.19,90.87,90.92,1851.112733
2026-03-19 03:40:00,90.92,91.0,90.84,90.93,2402.586651
2026-03-19 03:45:00,90.92,91.09,90.84,91.06,1349.351705
2026-03-19 03:50:00,91.0,91.01,90.91,90.95,624.363869
2026-03-19 03:55:00,90.95,90.95,90.73,90.73,4663.648414
2026-03-19 04:00:00,90.74,90.74,90.45,90.59,3489.902579
2026-03-19 04:05:00,90.59,90.59,90.14,90.3,4129.28676
2026-03-19 04:10:00,90.29,90.29,90.04,90.23,3956.697002
2026-03-19 04:15:00,90.22,90.23,90.04,90.1,1344.888339
2026-03-19 04:20:00,90.1,90.12,90.02,90.04,1320.982505
2026-03-19 04:25:00,90.03,90.05,89.77,89.93,6613.060748
2026-03-19 04:30:00,89.93,89.99,89.79,89.91,2064.324031
2026-03-19 04:35:00,89.93,89.95,89.8,89.9,1731.876872
2026-03-19 04:40:00,89.9,89.98,89.76,89.97,1037.348687
2026-03-19 04:45:00,89.96,89.96,89.81,89.93,579.863412
2026-03-19 04:50:00,89.91,90.02,89.69,89.89,11540.842301
2026-03-19 04:55:00,89.89,90.04,89.89,89.9,1500.473821
2026-03-19 05:00:00,89.92,89.98,89.84,89.93,1826.204474
2026-03-19 05:05:00,89.92,90.03,89.89,89.93,878.781302
2026-03-19 05:10:00,89.93,89.93,89.82,89.9,1687.867633
2026-03-19 05:15:00,89.91,90.06,89.9,90.04,384.695497
2026-03-19 05:20:00,90.04,90.1,89.94,89.96,2012.897765
2026-03-19 05:25:00,89.95,89.97,89.72,89.81,905.561367
2026-03-19 05:30:00,89.8,89.85,89.74,89.76,417.822243
2026-03-19 05:35:00,89.77,89.91,89.76,89.9,698.812193
2026-03-19 05:40:00,89.89,90.01,89.8,89.81,1512.401309
2026-03-19 05:45:00,89.82,89.88,89.68,89.8,605.932332
2026-03-19 05:50:00,89.79,89.88,89.74,89.8,794.370558
2026-03-19 05:55:00,89.78,89.81,89.7,89.76,1035.026105
2026-03-19 06:00:00,89.77,89.83,89.58,89.64,2773.619166
2026-03-19 06:05:00,89.63,90.06,89.53,89.85,4515.348319
2026-03-19 06:10:00,89.85,90.0,89.84,89.84,969.504018
2026-03-19 06:15:00,89.84,90.14,89.82,90.03,6795.357587
2026-03-19 06:20:00,90.02,90.12,89.9,89.94,909.243009
2026-03-19 06:25:00,89.95,90.08,89.9,89.91,594.88707
2026-03-19 06:30:00,89.89,89.95,89.68,89.72,869.527767
2026-03-19 06:35:00,89.72,89.98,89.55,89.97,2478.924276
2026-03-19 06:40:00,89.97,90.0,89.9,89.96,371.773047
2026-03-19 06:45:00,89.96,90.03,89.86,89.93,1819.690406
2026-03-19 06:50:00,89.95,89.96,89.8,89.83,535.898905
2026-03-19 06:55:00,89.84,89.9,89.79,89.88,1221.251146
2026-03-19 07:00:00,89.86,89.94,89.64,89.93,4744.41703
2026-03-19 07:05:00,89.91,90.03,89.71,89.82,1320.231029
2026-03-19 07:10:00,89.82,89.86,89.4,89.44,5077.513201
2026-03-19 07:15:00,89.46,89.5,89.15,89.16,6801.331215
2026-03-19 07:20:00,89.16,89.18,88.63,88.83,12851.225693
2026-03-19 07:25:00,88.83,89.26,88.78,89.08,4345.599698
2026-03-19 07:30:00,89.07,89.23,89.02,89.16,4058.428651
2026-03-19 07:35:00,89.17,89.72,89.17,89.7,3076.018005
2026-03-19 07:40:00,89.7,89.92,89.61,89.63,1189.425586
2026-03-19 07:45:00,89.65,89.67,89.46,89.49,1393.156595
2026-03-19 07:50:00,89.47,89.66,89.4,89.57,1241.167253
2026-03-19 07:55:00,89.56,89.65,89.35,89.41,1423.190234
2026-03-19 08:00:00,89.42,89.6,89.37,89.38,1471.893268
2026-03-19 08:05:00,89.38,89.54,89.34,89.44,596.877528
2026-03-19 08:10:00,89.44,89.62,89.39,89.43,1855.905727
2026-03-19 08:15:00,89.44,89.57,89.34,89.44,812.58495
2026-03-19 08:20:00,89.46,89.61,89.24,89.46,1096.530874
2026-03-19 08:25:00,89.46,89.46,89.12,89.16,797.11513
2026-03-19 08:30:00,89.16,89.3,89.12,89.13,508.725271
2026-03-19 08:35:00,89.13,89.27,89.1,89.18,663.093178
2026-03-19 08:40:00,89.17,89.58,89.17,89.4,1570.800662
2026-03-19 08:45:00,89.39,89.46,89.34,89.43,547.346716
2026-03-19 08:50:00,89.43,89.51,89.3,89.43,1374.508974
2026-03-19 08:55:00,89.43,89.45,89.27,89.35,688.402771
2026-03-19 09:00:00,89.35,89.59,89.35,89.46,590.256865
2026-03-19 09:05:00,89.46,89.59,89.41,89.48,878.318065
2026-03-19 09:10:00,89.49,89.52,89.16,89.32,2399.400265
2026-03-19 09:15:00,89.31,89.39,89.24,89.38,358.682063
2026-03-19 09:20:00,89.39,90.04,89.38,89.7,5615.984593
2026-03-19 09:25:00,89.71,89.84,89.49,89.61,4188.398869
2026-03-19 09:30:00,89.59,89.78,89.59,89.62,1984.768314
2026-03-19 09:35:00,89.63,89.89,89.62,89.79,637.056167
2026-03-19 09:40:00,89.78,89.94,89.75,89.88,1775.174823
2026-03-19 09:45:00,89.87,90.04,89.87,90.04,1773.488605
2026-03-19 09:50:00,90.04,90.25,89.97,90.1,7657.843023
2026-03-19 09:55:00,90.09,90.4,90.05,90.2,4719.373337
2026-03-19 10:00:00,90.19,90.24,90.07,90.09,2350.663518
2026-03-19 10:05:00,90.09,90.22,90.09,90.13,744.332892
2026-03-19 10:10:00,90.14,90.19,90.06,90.15,1069.946496
2026-03-19 10:15:00,90.15,90.23,90.14,90.17,595.392455
2026-03-19 10:20:00,90.2,90.4,90.07,90.37,3543.436214
2026-03-19 10:25:00,90.36,90.48,90.21,90.21,1150.532411
2026-03-19 10:30:00,90.21,90.25,90.07,90.08,1301.941553
2026-03-19 10:35:00,90.08,90.11,89.88,89.9,803.75652
2026-03-19 10:40:00,89.9,89.92,89.84,89.92,738.671085
2026-03-19 10:45:00,89.91,90.01,89.87,89.96,972.748706
2026-03-19 10:50:00,89.97,89.97,89.86,89.94,611.000456
2026-03-19 10:55:00,89.93,89.93,89.78,89.81,494.116751
2026-03-19 11:00:00,89.8,90.03,89.78,89.86,576.460694
2026-03-19 11:05:00,89.86,89.94,89.83,89.93,437.666481
2026-03-19 11:10:00,89.9,89.95,89.83,89.87,633.606619
2026-03-19 11:15:00,89.86,89.93,89.79,89.9,542.716554
2026-03-19 11:20:00,89.9,89.97,89.88,89.93,322.294677
2026-03-19 11:25:00,89.92,89.96,89.88,89.94,222.585794
2026-03-19 11:30:00,89.94,90.0,89.7,89.73,808.604197
2026-03-19 11:35:00,89.73,89.73,89.56,89.56,1617.825062
2026-03-19 11:40:00,89.58,89.58,89.47,89.53,469.255606
2026-03-19 11:45:00,89.54,89.6,89.52,89.56,1068.159564
2026-03-19 11:50:00,89.56,89.67,89.55,89.55,223.712161
2026-03-19 11:55:00,89.54,89.63,89.52,89.62,543.466073
2026-03-19 12:00:00,89.61,89.62,89.42,89.42,520.899888
2026-03-19 12:05:00,89.42,89.44,89.22,89.32,4441.528127
2026-03-19 12:10:00,89.32,89.46,89.32,89.36,1198.453011
2026-03-19 12:15:00,89.36,89.4,89.15,89.16,2945.599378
2026-03-19 12:20:00,89.16,89.28,89.15,89.17,1113.713685
2026-03-19 12:25:00,89.16,89.17,88.92,89.02,3037.068918
2026-03-19 12:30:00,89.02,89.07,88.88,88.93,3005.93035
2026-03-19 12:35:00,88.93,89.08,88.93,88.99,1326.179932
2026-03-19 12:40:00,88.98,89.0,88.84,88.84,1015.048182
2026-03-19 12:45:00,88.84,88.85,88.69,88.75,2647.886913
2026-03-19 12:50:00,88.76,88.77,88.04,88.22,15281.648963
2026-03-19 12:55:00,88.22,88.33,88.06,88.11,3223.56176
2026-03-19 13:00:00,88.11,88.29,87.74,88.26,12553.632378
2026-03-19 13:05:00,88.27,88.3,88.07,88.21,2408.021055
2026-03-19 13:10:00,88.2,88.2,87.61,87.66,4985.954524
2026-03-19 13:15:00,87.67,88.16,87.63,88.02,6153.454082
2026-03-19 13:20:00,88.03,88.45,87.98,88.06,3037.952082
2026-03-19 13:25:00,88.05,88.12,87.93,88.0,2902.307406
2026-03-19 13:30:00,87.98,88.08,87.75,87.94,4061.7298
2026-03-19 13:35:00,87.95,87.99,87.55,87.65,6635.000321
2026-03-19 13:40:00,87.64,88.73,87.62,88.53,7739.931431
2026-03-19 13:45:00,88.52,88.52,88.12,88.51,8443.774554
2026-03-19 13:50:00,88.5,88.7,88.29,88.7,5335.566959
2026-03-19 13:55:00,88.71,88.73,88.45,88.5,20649.799323
2026-03-19 14:00:00,88.52,88.92,88.25,88.28,5620.397138
2026-03-19 14:05:00,88.29,88.47,88.1,88.11,2401.535859
2026-03-19 14:10:00,88.13,88.41,88.03,88.04,3184.832374
2026-03-19 14:15:00,88.06,88.17,87.84,87.92,3220.094331
2026-03-19 14:20:00,87.93,88.05,87.76,87.94,2235.556756
2026-03-19 14:25:00,87.94,88.0,87.58,87.61,2430.700521
2026-03-19 14:30:00,87.62,87.86,87.58,87.76,2229.746822
2026-03-19 14:35:00,87.76,87.87,87.45,87.55,4683.059773
2026-03-19 14:40:00,87.54,87.87,87.51,87.76,2788.669207
2026-03-19 14:45:00,87.75,87.91,87.62,87.91,3191.852749
2026-03-19 14:50:00,87.92,88.39,87.86,88.25,5844.963027
2026-03-19 14:55:00,88.25,88.35,88.1,88.24,1724.680173
2026-03-19 15:00:00,88.23,88.49,88.16,88.49,1127.294118
2026-03-19 15:05:00,88.48,88.75,88.39,88.46,3400.573454
2026-03-19 15:10:00,88.45,88.58,88.32,88.47,780.4546
2026-03-19 15:15:00,88.47,88.65,87.84,87.87,4071.722503
2026-03-19 15:20:00,87.88,87.92,87.68,87.76,6228.094226
2026-03-19 15:25:00,87.78,87.94,87.77,87.85,3133.833536
2026-03-19 15:30:00,87.83,87.93,87.79,87.83,2340.499277
2026-03-19 15:35:00,87.79,88.0,87.68,87.86,2341.739206
2026-03-19 15:40:00,87.87,87.88,87.48,87.49,32600.601835
2026-03-19 15:45:00,87.49,87.73,87.16,87.64,14978.621492
2026-03-19 15:50:00,87.64,87.73,87.49,87.65,2353.256896
2026-03-19 15:55:00,87.65,87.81,87.51,87.62,4035.39777
2026-03-19 16:00:00,87.64,87.69,87.44,87.47,6669.996368
2026-03-19 16:05:00,87.48,87.59,87.42,87.49,2231.686636
2026-03-19 16:10:00,87.48,87.52,87.29,87.37,6972.707316
2026-03-19 16:15:00,87.37,87.47,87.0,87.25,9447.874768
2026-03-19 16:20:00,87.24,87.47,87.23,87.41,4457.620808
2026-03-19 16:25:00,87.43,87.65,87.4,87.49,2713.444301
2026-03-19 16:30:00,87.49,87.53,87.19,87.36,5898.530401
2026-03-19 16:35:00,87.34,87.54,87.22,87.54,2404.16912
2026-03-19 16:40:00,87.54,87.8,87.53,87.67,11563.873093
2026-03-19 16:45:00,87.67,87.72,87.51,87.61,2140.248825
2026-03-19 16:50:00,87.6,87.62,87.34,87.59,2207.608882
2026-03-19 16:55:00,87.6,87.72,87.57,87.7,1808.047583
2026-03-19 17:00:00,87.69,87.76,87.34,87.51,7222.752718
2026-03-19 17:05:00,87.51,87.53,87.21,87.26,2828.237876
2026-03-19 17:10:00,87.27,87.54,87.14,87.22,5345.462302
2026-03-19 17:15:00,87.23,87.54,87.08,87.54,5396.624458
2026-03-19 17:20:00,87.53,88.05,87.44,87.91,7296.702563
2026-03-19 17:25:00,87.91,88.09,87.87,87.91,3812.041678
2026-03-19 17:30:00,87.93,88.1,87.68,87.77,3716.256546
2026-03-19 17:35:00,87.77,87.77,87.59,87.62,2629.385474
2026-03-19 17:40:00,87.61,87.73,87.61,87.69,1850.324204
2026-03-19 17:45:00,87.69,87.91,87.66,87.88,1622.237477
2026-03-19 17:50:00,87.88,88.35,87.87,88.18,2924.881703
2026-03-19 17:55:00,88.16,88.24,88.11,88.14,1908.255245
2026-03-19 18:00:00,88.14,88.2,88.03,88.03,494.952913
2026-03-19 18:05:00,88.03,88.16,88.02,88.09,3594.096666
2026-03-19 18:10:00,88.1,88.32,88.1,88.2,3759.250563
2026-03-19 18:15:00,88.19,88.23,87.8,87.85,3444.175308
2026-03-19 18:20:00,87.86,87.94,87.78,87.87,2287.089576
2026-03-19 18:25:00,87.86,87.94,87.82,87.83,1259.77285
2026-03-19 18:30:00,87.83,87.91,87.78,87.82,634.632582
2026-03-19 18:35:00,87.83,87.97,87.77,87.85,968.011698
2026-03-19 18:40:00,87.86,87.88,87.78,87.81,502.856153
2026-03-19 18:45:00,87.81,87.85,87.74,87.77,1368.163251
2026-03-19 18:50:00,87.76,87.92,87.67,87.9,3150.183053
2026-03-19 18:55:00,87.92,88.19,87.9,88.15,795.779053
2026-03-19 19:00:00,88.13,88.55,88.12,88.47,4545.363512
2026-03-19 19:05:00,88.47,88.88,88.47,88.82,7596.973668
2026-03-19 19:10:00,88.82,89.27,88.78,88.94,9240.126827
2026-03-19 19:15:00,88.94,89.23,88.79,89.2,2299.774182
2026-03-19 19:20:00,89.19,89.21,89.04,89.06,2330.175825
2026-03-19 19:25:00,89.06,89.06,88.68,88.83,1935.927111
2026-03-19 19:30:00,88.84,88.9,88.69,88.77,1511.983456
2026-03-19 19:35:00,88.75,88.97,88.53,88.96,1787.956056
2026-03-19 19:40:00,88.95,89.09,88.91,89.03,1317.37642
2026-03-19 19:45:00,89.02,89.1,88.89,88.93,1197.665057
2026-03-19 19:50:00,88.93,88.95,88.69,88.88,742.403769
2026-03-19 19:55:00,88.89,88.92,88.69,88.71,2921.226205
2026-03-19 20:00:00,88.7,88.92,88.68,88.89,424.532395
2026-03-19 20:05:00,88.88,88.94,88.77,88.82,527.873932
2026-03-19 20:10:00,88.82,88.82,88.69,88.8,475.308081
2026-03-19 20:15:00,88.81,89.02,88.8,88.99,909.356713
2026-03-19 20:20:00,88.98,89.03,88.85,88.86,873.087871
2026-03-19 20:25:00,88.87,88.99,88.78,88.79,1019.716008
2026-03-19 20:30:00,88.8,88.94,88.79,88.86,683.525018
2026-03-19 20:35:00,88.86,89.09,88.86,89.08,501.976414
2026-03-19 20:40:00,89.09,89.2,88.93,89.0,1645.000926
2026-03-19 20:45:00,89.01,89.09,88.98,89.06,531.187478
2026-03-19 20:50:00,89.05,89.07,88.93,89.02,563.311649
2026-03-19 20:55:00,89.02,89.04,88.97,88.98,983.245872
2026-03-19 21:00:00,88.98,89.14,88.97,89.04,1098.620306
2026-03-19 21:05:00,89.05,89.25,89.03,89.24,1020.865472
2026-03-19 21:10:00,89.25,89.32,89.17,89.24,1292.220936
2026-03-19 21:15:00,89.24,89.24,89.11,89.11,1862.396237
2026-03-19 21:20:00,89.11,89.16,88.99,89.03,3498.988754
2026-03-19 21:25:00,89.02,89.07,88.99,89.04,485.444932
2026-03-19 21:30:00,89.03,89.11,88.9,88.94,1172.770879
2026-03-19 21:35:00,88.94,89.02,88.93,88.94,606.366402
2026-03-19 21:40:00,88.94,89.1,88.84,89.07,3565.695895
2026-03-19 21:45:00,89.06,89.07,89.01,89.07,473.427103
2026-03-19 21:50:00,89.06,89.12,89.03,89.06,757.009986
2026-03-19 21:55:00,89.08,89.25,89.07,89.14,690.072265
2026-03-19 22:00:00,89.12,89.18,89.01,89.02,1442.314448
2026-03-19 22:05:00,89.02,89.15,88.91,89.09,1089.736188
2026-03-19 22:10:00,89.09,89.18,89.03,89.14,609.844497
2026-03-19 22:15:00,89.13,89.15,89.0,89.14,365.558077
2026-03-19 22:20:00,89.14,89.15,89.04,89.1,569.431643
2026-03-19 22:25:00,89.1,89.14,89.05,89.05,2618.722382
2026-03-19 22:30:00,89.06,89.06,88.58,88.7,2966.785982
2026-03-19 22:35:00,88.7,88.71,88.45,88.62,3116.529446
2026-03-19 22:40:00,88.6,88.6,88.4,88.57,3823.818066
2026-03-19 22:45:00,88.56,88.66,88.51,88.66,522.188524
2026-03-19 22:50:00,88.66,88.78,88.63,88.73,358.642326
2026-03-19 22:55:00,88.72,88.78,88.63,88.77,446.794857
2026-03-19 23:00:00,88.78,89.16,88.78,89.11,5745.755631
2026-03-19 23:05:00,89.1,89.21,89.06,89.09,3054.845525
2026-03-19 23:10:00,89.1,89.18,89.07,89.07,1377.308637
2026-03-19 23:15:00,89.06,89.14,88.96,89.11,4048.324269
2026-03-19 23:20:00,89.1,89.12,88.86,88.89,1388.149199
2026-03-19 23:25:00,88.89,89.07,88.89,89.03,435.489089
2026-03-19 23:30:00,89.03,89.1,88.77,88.79,692.075212
2026-03-19 23:35:00,88.79,88.81,88.61,88.62,3269.035579
2026-03-19 23:40:00,88.61,88.78,88.59,88.75,1406.213306
2026-03-19 23:45:00,88.73,88.8,88.67,88.76,1434.027681
2026-03-19 23:50:00,88.76,88.88,88.72,88.88,435.795952
2026-03-19 23:55:00,88.88,88.98,88.87,88.89,309.086661
2026-03-20 00:00:00,88.91,89.01,88.87,88.94,1108.677961
2026-03-20 00:05:00,88.94,89.23,88.94,89.2,1746.621347
2026-03-20 00:10:00,89.21,89.41,89.21,89.32,2640.239364
2026-03-20 00:15:00,89.34,89.39,89.13,89.23,2801.289478
2026-03-20 00:20:00,89.22,89.23,88.95,89.03,631.294253
2026-03-20 00:25:00,89.06,89.2,89.06,89.18,536.821025
2026-03-20 00:30:00,89.18,89.31,89.14,89.25,562.396421
2026-03-20 00:35:00,89.24,89.39,89.16,89.39,1575.162507
2026-03-20 00:40:00,89.38,89.39,89.27,89.27,431.645639
2026-03-20 00:45:00,89.3,89.35,89.25,89.28,3169.041327
2026-03-20 00:50:00,89.27,89.39,89.21,89.29,1003.643372
2026-03-20 00:55:00,89.3,89.42,89.3,89.41,3705.240082
2026-03-20 01:00:00,89.42,89.73,89.33,89.62,5316.827629
2026-03-20 01:05:00,89.62,89.69,89.56,89.6,741.779728
2026-03-20 01:10:00,89.61,89.64,89.51,89.59,921.324586
2026-03-20 01:15:00,89.58,89.62,89.48,89.55,586.866665
2026-03-20 01:20:00,89.56,89.6,89.41,89.42,1606.688728
2026-03-20 01:25:00,89.41,89.49,89.33,89.46,1095.722051
2026-03-20 01:30:00,89.46,89.56,89.43,89.48,1067.949905
2026-03-20 01:35:00,89.48,89.73,89.43,89.71,3016.800189
2026-03-20 01:40:00,89.71,89.84,89.63,89.67,1770.686172
2026-03-20 01:45:00,89.67,89.69,89.56,89.62,423.441865
2026-03-20 01:50:00,89.63,89.67,89.56,89.67,1064.614014
2026-03-20 01:55:00,89.68,89.71,89.43,89.48,1149.941819
2026-03-20 02:00:00,89.48,89.58,89.38,89.5,1336.073918
2026-03-20 02:05:00,89.5,89.59,89.47,89.48,298.455556
2026-03-20 02:10:00,89.49,89.51,89.36,89.39,759.124408
2026-03-20 02:15:00,89.38,89.38,89.15,89.2,1834.841849
2026-03-20 02:20:00,89.2,89.24,89.08,89.13,767.206743
2026-03-20 02:25:00,89.13,89.13,89.02,89.1,698.654584
2026-03-20 02:30:00,89.1,89.15,88.93,88.93,1735.868514
2026-03-20 02:35:00,88.93,89.0,88.88,88.97,637.090832
2026-03-20 02:40:00,88.98,89.27,88.98,89.22,1138.944537
2026-03-20 02:45:00,89.21,89.27,89.09,89.26,2720.443131
2026-03-20 02:50:00,89.28,89.47,89.26,89.47,823.012581
2026-03-20 02:55:00,89.46,89.48,89.32,89.32,462.519811
2026-03-20 03:00:00,89.32,89.37,89.26,89.27,484.186565
2026-03-20 03:05:00,89.25,89.42,89.25,89.35,946.841105
2026-03-20 03:10:00,89.36,89.41,89.33,89.33,273.626216
2026-03-20 03:15:00,89.33,89.52,89.32,89.52,419.514978
2026-03-20 03:20:00,89.52,89.54,89.46,89.47,599.259858
2026-03-20 03:25:00,89.45,89.56,89.41,89.56,659.898566
2026-03-20 03:30:00,89.56,89.71,89.53,89.58,1403.09566
2026-03-20 03:35:00,89.58,89.61,89.42,89.43,1847.450998
2026-03-20 03:40:00,89.42,89.48,89.38,89.42,1268.032597
2026-03-20 03:45:00,89.4,89.59,89.37,89.53,451.086455
2026-03-20 03:50:00,89.52,89.66,89.49,89.64,2836.542493
2026-03-20 03:55:00,89.64,89.69,89.55,89.55,1466.998709
2026-03-20 04:00:00,89.56,89.62,89.49,89.56,1640.169069
2026-03-20 04:05:00,89.56,89.76,89.55,89.73,734.737003
2026-03-20 04:10:00,89.72,89.76,89.66,89.71,677.550729
2026-03-20 04:15:00,89.7,89.7,89.53,89.54,447.123054
2026-03-20 04:20:00,89.53,89.57,89.44,89.52,1109.739027
2026-03-20 04:25:00,89.52,89.63,89.5,89.63,498.727035
2026-03-20 04:30:00,89.63,89.64,89.15,89.18,1493.33114
2026-03-20 04:35:00,89.19,89.21,88.96,88.96,2666.165796
2026-03-20 04:40:00,88.97,88.97,88.73,88.84,2667.378452
2026-03-20 04:45:00,88.84,89.1,88.81,89.1,1256.475191
2026-03-20 04:50:00,89.09,89.15,89.0,89.13,666.548878
2026-03-20 04:55:00,89.13,89.38,89.13,89.29,1243.449394
2026-03-20 05:00:00,89.29,89.39,89.18,89.2,848.330465
2026-03-20 05:05:00,89.2,89.29,89.09,89.29,1211.843981
2026-03-20 05:10:00,89.3,89.36,89.28,89.36,556.618426
2026-03-20 05:15:00,89.37,89.42,89.27,89.32,550.859222
2026-03-20 05:20:00,89.34,89.38,89.28,89.31,618.039611
2026-03-20 05:25:00,89.3,89.35,88.99,89.05,2280.762584
2026-03-20 05:30:00,89.06,89.07,88.9,88.92,2612.316404
2026-03-20 05:35:00,88.92,89.25,88.88,89.23,4540.690879
2026-03-20 05:40:00,89.22,89.51,89.2,89.44,2497.123146
2026-03-20 05:45:00,89.43,89.53,89.38,89.4,5283.966038
2026-03-20 05:50:00,89.4,89.53,89.38,89.49,3971.580372
2026-03-20 05:55:00,89.46,89.5,89.31,89.35,1158.926697
2026-03-20 06:00:00,89.36,89.37,89.22,89.24,1118.926
2026-03-20 06:05:00,89.24,89.28,89.2,89.2,609.140298
2026-03-20 06:10:00,89.2,89.27,89.13,89.22,1810.886877
2026-03-20 06:15:00,89.22,89.22,89.07,89.09,796.3588
2026-03-20 06:20:00,89.09,89.12,88.98,89.01,3119.137855
2026-03-20 06:25:00,89.02,89.18,88.94,89.17,8685.260438
2026-03-20 06:30:00,89.17,89.23,89.04,89.17,2697.282365
2026-03-20 06:35:00,89.17,89.19,89.06,89.06,338.401005
2026-03-20 06:40:00,89.06,89.15,88.93,89.15,939.469895
2026-03-20 06:45:00,89.14,89.25,89.09,89.13,498.066268
2026-03-20 06:50:00,89.14,89.2,89.11,89.13,696.162905
2026-03-20 06:55:00,89.13,89.13,89.05,89.09,476.380979
2026-03-20 07:00:00,89.09,89.09,88.51,88.69,3462.985869
2026-03-20 07:05:00,88.69,88.87,88.58,88.79,649.3296
2026-03-20 07:10:00,88.77,88.78,88.62,88.65,1096.581638
2026-03-20 07:15:00,88.64,88.8,88.63,88.77,936.371334
2026-03-20 07:20:00,88.77,89.08,88.76,88.95,1444.509268
2026-03-20 07:25:00,88.95,88.99,88.86,88.89,542.908678
2026-03-20 07:30:00,88.89,89.3,88.83,89.24,2512.286095
2026-03-20 07:35:00,89.24,89.39,89.22,89.34,907.729451
2026-03-20 07:40:00,89.35,89.49,89.35,89.49,739.323575
2026-03-20 07:45:00,89.48,89.5,89.32,89.4,1004.374981
2026-03-20 07:50:00,89.41,89.47,89.39,89.42,536.883374
2026-03-20 07:55:00,89.43,89.47,89.36,89.38,807.899674
2026-03-20 08:00:00,89.39,89.44,89.31,89.39,852.723513
2026-03-20 08:05:00,89.38,90.26,89.38,90.23,8183.103732
2026-03-20 08:10:00,90.23,90.46,90.07,90.21,6879.940297
2026-03-20 08:15:00,90.2,90.21,90.04,90.09,3173.958191
2026-03-20 08:20:00,90.08,90.08,89.87,89.97,3961.82117
2026-03-20 08:25:00,89.97,90.03,89.86,89.87,1146.385479
2026-03-20 08:30:00,89.86,89.88,89.66,89.84,1474.736958
2026-03-20 08:35:00,89.84,89.84,89.69,89.77,656.082701
2026-03-20 08:40:00,89.75,89.82,89.72,89.74,628.860553
2026-03-20 08:45:00,89.74,89.81,89.67,89.81,467.78187
2026-03-20 08:50:00,89.82,89.88,89.78,89.79,1129.078369
2026-03-20 08:55:00,89.79,89.86,89.75,89.8,691.373726
2026-03-20 09:00:00,89.8,89.8,89.48,89.63,1818.134247
2026-03-20 09:05:00,89.62,89.66,89.51,89.61,617.32283
2026-03-20 09:10:00,89.63,89.63,89.34,89.34,541.992056
2026-03-20 09:15:00,89.34,89.34,89.04,89.11,1453.059842
2026-03-20 09:20:00,89.08,89.08,88.71,88.71,3778.085771
2026-03-20 09:25:00,88.72,88.88,88.65,88.78,2205.288881
2026-03-20 09:30:00,88.77,89.09,88.77,88.98,2329.152461
2026-03-20 09:35:00,88.98,89.1,88.98,89.02,977.826537
2026-03-20 09:40:00,89.03,89.09,88.97,89.05,560.657681
2026-03-20 09:45:00,89.05,89.06,88.9,88.92,4694.100175
2026-03-20 09:50:00,88.92,88.98,88.71,88.76,1266.461601
2026-03-20 09:55:00,88.77,88.98,88.76,88.97,703.387331
2026-03-20 10:00:00,88.98,89.01,88.78,88.88,1598.17405
2026-03-20 10:05:00,88.88,88.94,88.69,88.76,1221.780582
2026-03-20 10:10:00,88.76,88.82,88.68,88.78,2247.377679
2026-03-20 10:15:00,88.77,88.96,88.68,88.83,739.526742
2026-03-20 10:20:00,88.83,88.83,88.61,88.74,983.611416
2026-03-20 10:25:00,88.74,88.83,88.71,88.82,913.8094
2026-03-20 10:30:00,88.82,89.02,88.8,89.0,1914.356549
2026-03-20 10:35:00,89.0,89.29,88.96,89.29,6032.459398
2026-03-20 10:40:00,89.28,89.49,89.24,89.32,2753.475607
2026-03-20 10:45:00,89.32,89.38,89.3,89.33,1870.301434
2026-03-20 10:50:00,89.33,89.46,89.32,89.35,739.538208
2026-03-20 10:55:00,89.34,89.34,89.31,89.32,439.795619
2026-03-20 11:00:00,89.32,89.5,89.26,89.43,1744.091526
2026-03-20 11:05:00,89.43,89.56,89.42,89.5,1287.90676
2026-03-20 11:10:00,89.52,89.59,89.43,89.58,2411.296728
2026-03-20 11:15:00,89.57,89.57,89.29,89.38,1645.65347
2026-03-20 11:20:00,89.41,89.48,89.38,89.48,203.892104
2026-03-20 11:25:00,89.48,89.5,89.37,89.41,929.80408
2026-03-20 11:30:00,89.41,89.45,89.36,89.44,573.651864
2026-03-20 11:35:00,89.44,89.45,88.89,88.98,3429.157103
2026-03-20 11:40:00,89.01,89.1,88.99,89.07,936.149687
2026-03-20 11:45:00,89.06,89.06,88.91,88.98,1396.2523
2026-03-20 11:50:00,88.99,89.05,88.91,89.05,507.114639
2026-03-20 11:55:00,89.05,89.16,89.02,89.15,503.96572
2026-03-20 12:00:00,89.16,89.33,89.16,89.18,2102.716578
2026-03-20 12:05:00,89.2,89.52,89.2,89.43,2200.351343
2026-03-20 12:10:00,89.44,89.52,89.35,89.36,455.813766
2026-03-20 12:15:00,89.35,89.38,89.3,89.38,399.816064
2026-03-20 12:20:00,89.37,89.39,89.3,89.36,1621.984274
2026-03-20 12:25:00,89.37,89.4,89.17,89.27,1121.172394
2026-03-20 12:30:00,89.26,89.27,89.04,89.11,1831.406243
2026-03-20 12:35:00,89.11,89.32,89.1,89.2,562.721641
2026-03-20 12:40:00,89.19,89.27,89.04,89.27,2466.432537
2026-03-20 12:45:00,89.28,89.32,89.18,89.32,763.617826
2026-03-20 12:50:00,89.32,89.33,89.09,89.15,6988.926307
2026-03-20 12:55:00,89.14,89.16,89.11,89.14,385.18167
2026-03-20 13:00:00,89.15,89.42,89.14,89.35,4457.363639
2026-03-20 13:05:00,89.37,89.52,89.32,89.39,4324.597967
2026-03-20 13:10:00,89.38,89.39,89.09,89.24,877.579916
2026-03-20 13:15:00,89.23,89.33,89.19,89.25,272.1095
2026-03-20 13:20:00,89.26,89.45,89.26,89.45,716.981455
2026-03-20 13:25:00,89.45,89.63,89.33,89.41,1795.794548
2026-03-20 13:30:00,89.42,89.44,88.8,88.9,6500.675595
2026-03-20 13:35:00,88.91,89.11,88.63,88.75,6825.044473
2026-03-20 13:40:00,88.74,89.34,88.64,89.28,4034.080727
2026-03-20 13:45:00,89.27,89.39,88.95,89.35,6061.816915
2026-03-20 13:50:00,89.33,89.35,88.86,88.97,1960.852296
2026-03-20 13:55:00,88.97,89.08,88.68,88.82,2021.758446
2026-03-20 14:00:00,88.81,89.04,88.54,88.96,3476.628198
2026-03-20 14:05:00,88.96,89.13,88.71,88.86,3626.199096
2026-03-20 14:10:00,88.84,89.09,88.6,88.65,3954.778946
2026-03-20 14:15:00,88.66,88.81,88.54,88.7,1853.712552
2026-03-20 14:20:00,88.7,88.96,88.52,88.92,2933.361479
2026-03-20 14:25:00,88.92,89.38,88.76,89.3,5803.033247
2026-03-20 14:30:00,89.29,89.76,89.29,89.63,4278.691593
2026-03-20 14:35:00,89.63,89.69,89.32,89.49,1948.268234
2026-03-20 14:40:00,89.49,89.57,89.31,89.31,975.458353
2026-03-20 14:45:00,89.31,89.47,89.29,89.33,984.387538
2026-03-20 14:50:00,89.32,89.32,88.93,88.94,1864.529637
2026-03-20 14:55:00,88.95,89.16,88.91,88.93,1020.240777
2026-03-20 15:00:00,88.93,89.12,88.78,88.86,1498.350496
2026-03-20 15:05:00,88.86,88.9,88.63,88.65,2541.27754
2026-03-20 15:10:00,88.66,89.04,88.65,89.0,2458.139165
2026-03-20 15:15:00,88.99,89.04,88.66,88.66,1589.290058
2026-03-20 15:20:00,88.67,89.33,88.65,88.98,4277.133133
2026-03-20 15:25:00,88.98,89.05,88.9,88.99,1251.275202
2026-03-20 15:30:00,89.0,89.31,88.89,89.16,1736.103945
2026-03-20 15:35:00,89.16,89.24,88.98,89.08,1700.87887
2026-03-20 15:40:00,89.07,89.19,88.99,89.02,1022.604111
2026-03-20 15:45:00,89.02,89.14,88.91,89.01,1232.586916
2026-03-20 15:50:00,89.0,89.09,88.88,88.89,2313.41544
2026-03-20 15:55:00,88.88,88.98,88.71,88.96,1514.269139
2026-03-20 16:00:00,88.96,89.14,88.96,89.13,1179.251859
2026-03-20 16:05:00,89.12,89.12,88.87,89.01,1249.628874
2026-03-20 16:10:00,89.01,89.15,88.99,89.03,1048.245331
2026-03-20 16:15:00,89.02,89.2,88.81,89.18,1964.722387
2026-03-20 16:20:00,89.18,89.21,89.04,89.12,922.203985
2026-03-20 16:25:00,89.1,89.1,88.98,89.08,733.41266
2026-03-20 16:30:00,89.07,89.07,88.74,88.98,1403.644279
2026-03-20 16:35:00,88.98,89.05,88.82,88.91,1108.283385
2026-03-20 16:40:00,88.91,88.99,88.9,88.91,609.722295
2026-03-20 16:45:00,88.91,89.03,88.82,88.82,1063.777378
2026-03-20 16:50:00,88.82,88.87,88.63,88.81,2294.969341
2026-03-20 16:55:00,88.82,89.04,88.82,88.92,924.71034
2026-03-20 17:00:00,88.93,89.02,88.89,89.02,406.433073
2026-03-20 17:05:00,89.01,89.04,88.68,88.95,2378.281579
2026-03-20 17:10:00,88.96,89.01,88.84,88.86,541.30023
2026-03-20 17:15:00,88.87,88.95,88.75,88.81,1017.84386
2026-03-20 17:20:00,88.81,88.85,88.73,88.76,1174.080425
2026-03-20 17:25:00,88.75,88.79,88.65,88.68,1053.658126
2026-03-20 17:30:00,88.67,88.75,88.27,88.31,3704.356853
2026-03-20 17:35:00,88.32,88.55,88.15,88.51,3180.52676
2026-03-20 17:40:00,88.49,88.55,88.28,88.3,650.66296
2026-03-20 17:45:00,88.31,88.39,88.15,88.34,685.136324
2026-03-20 17:50:00,88.33,88.63,88.3,88.63,784.652607
2026-03-20 17:55:00,88.62,89.01,88.62,88.91,1736.388558
2026-03-20 18:00:00,88.92,88.94,88.83,88.86,1011.649288
2026-03-20 18:05:00,88.84,89.0,88.79,88.87,1263.475011
2026-03-20 18:10:00,88.86,88.93,88.75,88.85,355.924299
2026-03-20 18:15:00,88.86,88.88,88.8,88.85,399.154502
2026-03-20 18:20:00,88.87,88.92,88.54,88.68,1221.700022
2026-03-20 18:25:00,88.69,88.81,88.56,88.57,825.487514
2026-03-20 18:30:00,88.58,88.61,88.36,88.43,1111.261169
2026-03-20 18:35:00,88.43,88.45,88.17,88.31,1440.385013
2026-03-20 18:40:00,88.31,88.52,88.31,88.39,3205.918778
2026-03-20 18:45:00,88.39,88.7,88.38,88.54,1939.978956
2026-03-20 18:50:00,88.52,88.71,88.47,88.64,781.273817
2026-03-20 18:55:00,88.67,88.71,88.47,88.56,371.118614
2026-03-20 19:00:00,88.59,88.77,88.59,88.68,622.545405
2026-03-20 19:05:00,88.7,88.72,88.53,88.61,483.497081
2026-03-20 19:10:00,88.62,88.69,88.46,88.69,894.969677
2026-03-20 19:15:00,88.67,88.69,88.53,88.65,1024.79047
2026-03-20 19:20:00,88.65,88.69,88.4,88.42,590.989658
2026-03-20 19:25:00,88.45,88.61,88.43,88.58,466.94276
2026-03-20 19:30:00,88.59,88.74,88.39,88.42,1157.047377
2026-03-20 19:35:00,88.42,88.48,88.24,88.43,1042.07788
2026-03-20 19:40:00,88.43,88.81,88.43,88.81,1208.119771
2026-03-20 19:45:00,88.81,88.81,88.66,88.67,987.303396
2026-03-20 19:50:00,88.68,89.06,88.67,89.03,1877.957452
2026-03-20 19:55:00,89.02,89.06,88.95,88.98,1070.837839
2026-03-20 20:00:00,89.0,89.18,88.98,89.07,1332.06797
2026-03-20 20:05:00,89.06,89.18,89.03,89.18,881.806644
2026-03-20 20:10:00,89.17,89.36,89.15,89.25,1659.803003
2026-03-20 20:15:00,89.24,89.25,88.98,89.04,1127.120208
2026-03-20 20:20:00,89.04,89.04,88.89,88.97,382.222577
2026-03-20 20:25:00,89.02,89.02,88.88,88.93,360.058331
2026-03-20 20:30:00,88.93,88.93,88.67,88.72,841.946957
2026-03-20 20:35:00,88.73,88.82,88.67,88.76,511.149885
2026-03-20 20:40:00,88.75,88.81,88.72,88.79,353.234309
2026-03-20 20:45:00,88.79,88.99,88.76,88.99,488.841317
2026-03-20 20:50:00,89.0,89.12,89.0,89.01,417.954104
2026-03-20 20:55:00,89.01,89.05,88.98,89.02,384.993285
2026-03-20 21:00:00,89.02,89.06,88.93,89.06,288.364234
2026-03-20 21:05:00,89.05,89.09,89.03,89.05,955.742516
2026-03-20 21:10:00,89.05,89.29,88.98,89.25,1571.785809
2026-03-20 21:15:00,89.24,89.83,89.2,89.69,5344.4795
2026-03-20 21:20:00,89.7,89.77,89.55,89.65,1039.151002
2026-03-20 21:25:00,89.65,89.89,89.64,89.79,1180.475746
2026-03-20 21:30:00,89.8,89.89,89.67,89.77,975.025043
2026-03-20 21:35:00,89.77,90.03,89.67,89.71,2151.446156
2026-03-20 21:40:00,89.72,89.72,89.45,89.49,1218.185389
2026-03-20 21:45:00,89.51,89.64,89.5,89.64,378.009799
2026-03-20 21:50:00,89.63,89.7,89.58,89.62,344.669195
2026-03-20 21:55:00,89.62,89.63,89.58,89.6,357.855751
2026-03-20 22:00:00,89.6,90.29,89.59,90.17,3416.37853
2026-03-20 22:05:00,90.16,90.25,90.0,90.02,1554.694105
2026-03-20 22:10:00,90.02,90.13,89.89,90.01,1131.732394
2026-03-20 22:15:00,90.02,90.15,89.98,90.04,3134.862552
2026-03-20 22:20:00,90.03,90.07,89.93,89.95,368.213868
2026-03-20 22:25:00,89.94,89.97,89.9,89.92,325.914396
2026-03-20 22:30:00,89.92,89.95,89.87,89.88,401.151066
2026-03-20 22:35:00,89.88,90.0,89.83,89.96,522.64677
2026-03-20 22:40:00,89.95,89.97,89.87,89.95,518.573149
2026-03-20 22:45:00,89.97,90.15,89.9,90.14,289.062568
2026-03-20 22:50:00,90.15,90.24,90.06,90.08,1081.03471
2026-03-20 22:55:00,90.1,90.19,90.1,90.1,921.499778
2026-03-20 23:00:00,90.11,90.15,90.05,90.13,1673.345461
2026-03-20 23:05:00,90.13,90.13,89.85,89.98,937.205332
2026-03-20 23:10:00,89.98,90.03,89.88,89.92,587.724099
2026-03-20 23:15:00,89.87,89.94,89.73,89.93,1989.019382
2026-03-20 23:20:00,89.93,90.0,89.9,89.99,1014.748864
2026-03-20 23:25:00,89.99,90.05,89.89,89.9,549.169632
2026-03-20 23:30:00,89.9,89.95,89.8,89.85,1067.308475
2026-03-20 23:35:00,89.85,89.95,89.83,89.84,212.512524
2026-03-20 23:40:00,89.84,89.91,89.83,89.85,258.417967
2026-03-20 23:45:00,89.85,89.96,89.84,89.95,359.837613
2026-03-20 23:50:00,89.96,89.99,89.81,89.81,377.557295
2026-03-20 23:55:00,89.82,89.86,89.79,89.86,935.941078
2026-03-21 00:00:00,89.86,89.95,89.85,89.9,620.285221
2026-03-21 00:05:00,89.9,89.99,89.89,89.96,507.428482
2026-03-21 00:10:00,89.96,89.97,89.84,89.91,390.77165
2026-03-21 00:15:00,89.9,90.1,89.88,90.1,1967.097669
2026-03-21 00:20:00,90.1,90.23,89.98,90.02,1529.263513
2026-03-21 00:25:00,90.01,90.1,90.0,90.01,621.676884
2026-03-21 00:30:00,90.0,90.07,89.93,89.99,630.477992
2026-03-21 00:35:00,89.99,90.05,89.96,90.05,232.902141
2026-03-21 00:40:00,90.05,90.05,89.9,89.93,354.454654
2026-03-21 00:45:00,89.93,89.97,89.86,89.92,963.512792
2026-03-21 00:50:00,89.93,90.03,89.92,90.01,420.020218
2026-03-21 00:55:00,90.01,90.1,90.01,90.03,406.216055
2026-03-21 01:00:00,90.03,90.11,90.01,90.03,520.258275
2026-03-21 01:05:00,90.06,90.21,90.05,90.18,1831.618199
2026-03-21 01:10:00,90.19,90.34,90.05,90.07,1732.613662
2026-03-21 01:15:00,90.08,90.09,89.98,90.02,2036.414453
2026-03-21 01:20:00,90.03,90.13,90.03,90.03,248.377055
2026-03-21 01:25:00,90.03,90.08,90.0,90.0,459.348407
2026-03-21 01:30:00,90.0,90.02,89.91,89.99,950.622948
2026-03-21 01:35:00,89.99,90.11,89.99,90.09,282.084659
2026-03-21 01:40:00,90.07,90.08,89.83,89.83,509.221221
2026-03-21 01:45:00,89.83,89.95,89.7,89.87,1868.942129
2026-03-21 01:50:00,89.86,89.94,89.86,89.89,1755.139811
2026-03-21 01:55:00,89.87,89.95,89.86,89.87,820.241978
2026-03-21 02:00:00,89.88,89.9,89.77,89.81,1047.61882
2026-03-21 02:05:00,89.81,89.97,89.8,89.95,1146.420352
2026-03-21 02:10:00,89.94,89.96,89.88,89.9,444.686904
2026-03-21 02:15:00,89.91,90.01,89.91,89.99,1110.109988
2026-03-21 02:20:00,89.99,90.04,89.99,90.03,209.039425
2026-03-21 02:25:00,90.03,90.21,90.02,90.15,2200.396143
2026-03-21 02:30:00,90.16,90.16,90.07,90.13,1805.270295
2026-03-21 02:35:00,90.13,90.13,90.01,90.1,434.811461
2026-03-21 02:40:00,90.1,90.28,90.1,90.27,874.404296
2026-03-21 02:45:00,90.27,90.35,90.24,90.3,756.502649
2026-03-21 02:50:00,90.31,90.69,90.27,90.52,8279.140478
2026-03-21 02:55:00,90.51,90.52,90.39,90.46,2015.09859
2026-03-21 03:00:00,90.47,90.48,90.33,90.33,787.869847
2026-03-21 03:05:00,90.33,90.47,90.33,90.46,419.208509
2026-03-21 03:10:00,90.47,90.61,90.45,90.51,1040.898036
2026-03-21 03:15:00,90.49,90.51,90.34,90.34,596.047165
2026-03-21 03:20:00,90.35,90.47,90.34,90.46,511.539433
2026-03-21 03:25:00,90.44,90.55,90.42,90.46,1018.138047
2026-03-21 03:30:00,90.45,90.45,90.37,90.41,1498.387847
2026-03-21 03:35:00,90.41,90.48,90.36,90.41,934.102033
2026-03-21 03:40:00,90.4,90.44,90.35,90.35,482.746389
2026-03-21 03:45:00,90.36,90.42,90.33,90.4,1037.178372
2026-03-21 03:50:00,90.4,90.47,90.37,90.39,518.484332
2026-03-21 03:55:00,90.39,90.48,90.38,90.44,187.118758
2026-03-21 04:00:00,90.45,90.72,90.45,90.68,5347.869678
2026-03-21 04:05:00,90.67,90.81,90.62,90.66,787.009342
2026-03-21 04:10:00,90.66,90.66,90.56,90.56,421.426686
2026-03-21 04:15:00,90.56,90.58,90.51,90.52,967.91223
2026-03-21 04:20:00,90.52,90.56,90.48,90.52,1290.647785
2026-03-21 04:25:00,90.53,90.65,90.53,90.62,712.646787
2026-03-21 04:30:00,90.59,90.59,90.25,90.28,3020.743314
2026-03-21 04:35:00,90.28,90.28,90.21,90.22,594.69888
2026-03-21 04:40:00,90.22,90.23,90.17,90.19,563.47461
2026-03-21 04:45:00,90.19,90.24,90.19,90.22,509.820369
2026-03-21 04:50:00,90.23,90.31,90.22,90.27,984.521461
2026-03-21 04:55:00,90.28,90.32,90.26,90.28,617.653266
2026-03-21 05:00:00,90.27,90.45,90.27,90.28,1699.055416
2026-03-21 05:05:00,90.28,90.35,90.27,90.34,305.534532
2026-03-21 05:10:00,90.32,90.33,90.29,90.3,239.040641
2026-03-21 05:15:00,90.31,90.46,90.31,90.4,500.265463
2026-03-21 05:20:00,90.4,90.48,90.38,90.39,525.643397
2026-03-21 05:25:00,90.39,90.45,90.38,90.45,633.382036
2026-03-21 05:30:00,90.44,90.53,90.39,90.42,749.917107
2026-03-21 05:35:00,90.42,90.48,90.24,90.25,596.104726
2026-03-21 05:40:00,90.26,90.27,90.17,90.19,1047.003936
2026-03-21 05:45:00,90.19,90.2,90.09,90.12,1365.7782
2026-03-21 05:50:00,90.13,90.13,89.99,90.05,1710.137018
2026-03-21 05:55:00,90.05,90.06,89.98,89.98,509.79224
2026-03-21 06:00:00,89.98,90.14,89.91,90.12,2654.015448
2026-03-21 06:05:00,90.12,90.18,90.1,90.1,432.719672
2026-03-21 06:10:00,90.1,90.14,90.09,90.11,166.217943
2026-03-21 06:15:00,90.08,90.2,90.07,90.16,326.215176
2026-03-21 06:20:00,90.15,90.18,90.09,90.18,382.715803
2026-03-21 06:25:00,90.17,90.31,90.17,90.29,1113.241078
2026-03-21 06:30:00,90.29,90.31,90.2,90.2,222.064871
2026-03-21 06:35:00,90.21,90.26,90.18,90.18,343.567404
2026-03-21 06:40:00,90.19,90.28,90.19,90.22,345.140794
2026-03-21 06:45:00,90.21,90.22,90.14,90.17,830.92882
2026-03-21 06:50:00,90.18,90.19,90.14,90.16,302.56349
2026-03-21 06:55:00,90.16,90.17,90.14,90.17,330.104774
2026-03-21 07:00:00,90.16,90.24,90.13,90.23,643.22437
2026-03-21 07:05:00,90.23,90.24,90.19,90.21,282.476184
2026-03-21 07:10:00,90.2,90.27,90.2,90.26,373.632457
2026-03-21 07:15:00,90.26,90.38,90.21,90.37,603.595172
2026-03-21 07:20:00,90.38,90.4,90.23,90.27,2097.648286
2026-03-21 07:25:00,90.27,90.41,90.27,90.4,643.411171
2026-03-21 07:30:00,90.41,90.41,90.2,90.2,987.211601
2026-03-21 07:35:00,90.2,90.22,90.14,90.14,1323.86471
2026-03-21 07:40:00,90.15,90.19,90.13,90.13,304.255903
2026-03-21 07:45:00,90.13,90.13,89.95,90.05,2054.089639
2026-03-21 07:50:00,90.04,90.09,90.01,90.09,454.938608
2026-03-21 07:55:00,90.09,90.14,90.06,90.13,448.018665
2026-03-21 08:00:00,90.14,90.14,90.05,90.06,527.121214
2026-03-21 08:05:00,90.05,90.11,90.02,90.03,650.279095
2026-03-21 08:10:00,90.03,90.1,90.02,90.04,675.888151
2026-03-21 08:15:00,90.03,90.04,89.91,89.91,529.564956
2026-03-21 08:20:00,89.91,89.98,89.88,89.96,778.636929
2026-03-21 08:25:00,89.96,89.97,89.87,89.88,374.907412
2026-03-21 08:30:00,89.89,89.95,89.83,89.92,1295.302056
2026-03-21 08:35:00,89.92,89.95,89.91,89.94,350.00188
2026-03-21 08:40:00,89.94,89.97,89.9,89.97,224.021062
2026-03-21 08:45:00,89.97,90.0,89.9,89.95,391.378957
2026-03-21 08:50:00,89.95,89.99,89.94,89.99,211.852183
2026-03-21 08:55:00,89.98,90.02,89.98,90.0,660.578248
2026-03-21 09:00:00,90.0,90.14,89.99,90.13,829.16423
2026-03-21 09:05:00,90.12,90.15,90.08,90.14,841.933517
2026-03-21 09:10:00,90.14,90.19,90.1,90.19,432.524485
2026-03-21 09:15:00,90.19,90.19,90.08,90.09,513.261986
2026-03-21 09:20:00,90.09,90.13,90.08,90.12,234.70428
2026-03-21 09:25:00,90.12,90.16,90.09,90.15,988.499851
2026-03-21 09:30:00,90.15,90.19,90.12,90.18,490.330379
2026-03-21 09:35:00,90.18,90.32,90.18,90.26,1002.304686
2026-03-21 09:40:00,90.27,90.32,90.25,90.3,1097.970419
2026-03-21 09:45:00,90.3,90.32,90.23,90.32,553.873311
2026-03-21 09:50:00,90.31,90.44,90.23,90.24,8599.510012
2026-03-21 09:55:00,90.23,90.23,90.18,90.19,400.268971
2026-03-21 10:00:00,90.19,90.24,90.13,90.19,452.337284
2026-03-21 10:05:00,90.19,90.21,90.08,90.21,564.941749
2026-03-21 10:10:00,90.21,90.22,90.15,90.19,315.014408
2026-03-21 10:15:00,90.2,90.21,90.0,90.04,436.21429
2026-03-21 10:20:00,90.04,90.04,89.98,90.02,115.432378
2026-03-21 10:25:00,90.02,90.03,89.95,90.02,728.905085
2026-03-21 10:30:00,90.03,90.04,89.99,90.01,614.274269
2026-03-21 10:35:00,90.03,90.09,90.02,90.05,163.830312
2026-03-21 10:40:00,90.05,90.06,89.93,90.0,945.869243
2026-03-21 10:45:00,89.99,89.99,89.86,89.91,2301.387066
2026-03-21 10:50:00,89.91,89.96,89.91,89.95,595.324968
2026-03-21 10:55:00,89.94,89.99,89.94,89.98,166.100183
2026-03-21 11:00:00,89.99,89.99,89.94,89.97,289.704108
2026-03-21 11:05:00,89.97,89.99,89.92,89.95,199.928327
2026-03-21 11:10:00,89.95,89.95,89.85,89.88,1005.957175
2026-03-21 11:15:00,89.88,89.96,89.87,89.95,595.74953
2026-03-21 11:20:00,89.96,89.98,89.92,89.97,442.021139
2026-03-21 11:25:00,89.97,90.02,89.96,89.98,406.852781
2026-03-21 11:30:00,89.98,89.98,89.84,89.87,1655.796249
2026-03-21 11:35:00,89.87,89.91,89.86,89.91,473.82958
2026-03-21 11:40:00,89.91,89.99,89.91,89.98,392.734966
2026-03-21 11:45:00,89.97,89.98,89.94,89.97,827.346972
2026-03-21 11:50:00,89.96,89.97,89.89,89.89,64.534514
2026-03-21 11:55:00,89.89,89.96,89.89,89.95,326.837494
2026-03-21 12:00:00,89.96,90.04,89.96,90.04,431.164489
2026-03-21 12:05:00,90.04,90.05,89.88,89.97,432.570238
2026-03-21 12:10:00,89.98,90.01,89.96,89.98,360.183209
2026-03-21 12:15:00,89.99,89.99,89.93,89.96,596.527135
2026-03-21 12:20:00,89.96,90.12,89.96,90.07,504.022772
2026-03-21 12:25:00,90.06,90.12,90.05,90.12,378.590106
2026-03-21 12:30:00,90.13,90.13,90.04,90.1,797.750587
2026-03-21 12:35:00,90.11,90.2,90.1,90.19,627.49638
2026-03-21 12:40:00,90.19,90.25,90.17,90.18,2768.98239
2026-03-21 12:45:00,90.18,90.21,90.1,90.15,546.254915
2026-03-21 12:50:00,90.15,90.18,90.13,90.15,336.59499
2026-03-21 12:55:00,90.16,90.2,90.16,90.19,298.023594
2026-03-21 13:00:00,90.18,90.23,90.11,90.12,632.652643
2026-03-21 13:05:00,90.12,90.13,90.06,90.1,1068.734666
2026-03-21 13:10:00,90.11,90.14,90.1,90.12,226.280205
2026-03-21 13:15:00,90.12,90.28,90.09,90.27,3034.706256
2026-03-21 13:20:00,90.27,90.28,90.14,90.18,791.386207
2026-03-21 13:25:00,90.19,90.24,90.17,90.18,574.180393
2026-03-21 13:30:00,90.19,90.28,90.19,90.24,455.194305
2026-03-21 13:35:00,90.24,90.24,90.11,90.11,656.74719
2026-03-21 13:40:00,90.12,90.14,90.09,90.1,721.178338
2026-03-21 13:45:00,90.09,90.09,90.0,90.06,1818.109299
2026-03-21 13:50:00,90.06,90.07,90.01,90.02,319.037465
2026-03-21 13:55:00,90.01,90.05,89.99,90.03,254.616447
2026-03-21 14:00:00,90.04,90.08,90.02,90.04,324.457023
2026-03-21 14:05:00,90.04,90.06,90.02,90.06,398.429624
2026-03-21 14:10:00,90.05,90.43,90.05,90.34,4284.309603
2026-03-21 14:15:00,90.36,90.41,90.2,90.32,1362.45534
2026-03-21 14:20:00,90.32,90.33,90.21,90.25,566.494979
2026-03-21 14:25:00,90.25,90.25,90.18,90.22,349.997723
2026-03-21 14:30:00,90.23,90.3,90.16,90.3,555.699655
2026-03-21 14:35:00,90.3,90.37,90.19,90.19,604.73216
2026-03-21 14:40:00,90.19,90.23,90.15,90.19,359.945185
2026-03-21 14:45:00,90.19,90.19,89.92,89.96,1564.122466
2026-03-21 14:50:00,89.97,89.98,89.8,89.9,2695.502174
2026-03-21 14:55:00,89.9,89.9,89.64,89.68,2839.870032
2026-03-21 15:00:00,89.68,89.76,89.52,89.73,2457.057164
2026-03-21 15:05:00,89.73,89.73,89.6,89.61,477.128665
2026-03-21 15:10:00,89.61,89.68,89.57,89.68,359.851966
2026-03-21 15:15:00,89.69,89.71,89.4,89.5,2474.052921
2026-03-21 15:20:00,89.5,89.68,89.5,89.67,805.106289
2026-03-21 15:25:00,89.67,89.75,89.67,89.7,386.73036
2026-03-21 15:30:00,89.7,89.94,89.66,89.94,952.75921
2026-03-21 15:35:00,89.94,89.94,89.74,89.75,776.868285
2026-03-21 15:40:00,89.73,89.81,89.7,89.76,387.957424
2026-03-21 15:45:00,89.74,89.82,89.72,89.81,477.994104
2026-03-21 15:50:00,89.8,89.87,89.76,89.83,2319.390394
2026-03-21 15:55:00,89.83,89.85,89.8,89.84,229.590657
2026-03-21 16:00:00,89.84,89.87,89.79,89.84,918.12009
2026-03-21 16:05:00,89.84,89.93,89.83,89.89,907.73792
2026-03-21 16:10:00,89.88,89.91,89.85,89.88,355.959116
2026-03-21 16:15:00,89.89,90.01,89.76,89.76,1920.160315
2026-03-21 16:20:00,89.77,89.83,89.75,89.75,286.12543
2026-03-21 16:25:00,89.76,89.79,89.57,89.67,931.360055
2026-03-21 16:30:00,89.67,89.74,89.64,89.73,460.010488
2026-03-21 16:35:00,89.73,89.81,89.69,89.75,795.811144
2026-03-21 16:40:00,89.75,89.75,89.65,89.72,356.053048
2026-03-21 16:45:00,89.72,89.87,89.69,89.8,457.671038
2026-03-21 16:50:00,89.8,89.8,89.74,89.75,289.581562
2026-03-21 16:55:00,89.74,89.75,89.59,89.68,1891.751951
2026-03-21 17:00:00,89.69,89.71,89.62,89.68,637.789449
2026-03-21 17:05:00,89.68,89.68,89.41,89.51,1763.931938
2026-03-21 17:10:00,89.51,89.55,89.48,89.55,991.533257
2026-03-21 17:15:00,89.54,89.65,89.49,89.59,380.084272
2026-03-21 17:20:00,89.59,89.71,89.58,89.67,679.182859
2026-03-21 17:25:00,89.67,89.69,89.59,89.6,332.546828
2026-03-21 17:30:00,89.59,89.65,89.56,89.62,1180.854234
2026-03-21 17:35:00,89.62,89.66,89.61,89.64,279.654819
2026-03-21 17:40:00,89.65,89.67,89.62,89.64,163.738229
2026-03-21 17:45:00,89.64,89.68,89.6,89.62,294.386138
2026-03-21 17:50:00,89.63,89.63,89.53,89.59,327.26622
2026-03-21 17:55:00,89.59,89.65,89.56,89.57,593.727264
2026-03-21 18:00:00,89.57,89.63,89.55,89.61,362.69636
2026-03-21 18:05:00,89.61,89.63,89.57,89.63,335.451895
2026-03-21 18:10:00,89.63,89.64,89.58,89.62,349.481428
2026-03-21 18:15:00,89.61,89.66,89.57,89.61,1400.231813
2026-03-21 18:20:00,89.61,89.73,89.61,89.72,568.846693
2026-03-21 18:25:00,89.72,89.72,89.61,89.62,467.470592
2026-03-21 18:30:00,89.61,89.78,89.61,89.77,423.807886
2026-03-21 18:35:00,89.77,89.83,89.76,89.83,559.43078
2026-03-21 18:40:00,89.84,89.94,89.82,89.9,965.791639
2026-03-21 18:45:00,89.9,89.9,89.83,89.84,345.323515
2026-03-21 18:50:00,89.84,89.84,89.73,89.76,301.395482
2026-03-21 18:55:00,89.76,89.8,89.76,89.78,160.961722
2026-03-21 19:00:00,89.78,89.89,89.78,89.89,203.067312
2026-03-21 19:05:00,89.89,89.89,89.82,89.85,152.487307
2026-03-21 19:10:00,89.85,89.88,89.84,89.87,45.38218
2026-03-21 19:15:00,89.87,89.9,89.83,89.88,222.875167
2026-03-21 19:20:00,89.88,89.9,89.85,89.88,168.638557
2026-03-21 19:25:00,89.88,89.92,89.86,89.86,375.56492
2026-03-21 19:30:00,89.86,89.88,89.74,89.75,294.149858
2026-03-21 19:35:00,89.76,89.8,89.7,89.71,435.863556
2026-03-21 19:40:00,89.7,89.79,89.7,89.79,81.974597
2026-03-21 19:45:00,89.79,89.83,89.77,89.77,205.442167
2026-03-21 19:50:00,89.77,89.79,89.76,89.79,107.555995
2026-03-21 19:55:00,89.78,89.84,89.77,89.8,439.626887
2026-03-21 20:00:00,89.81,89.89,89.8,89.85,188.661571
2026-03-21 20:05:00,89.84,89.85,89.78,89.85,218.180333
2026-03-21 20:10:00,89.87,89.93,89.86,89.9,148.210715
2026-03-21 20:15:00,89.9,89.9,89.79,89.88,417.936186
2026-03-21 20:20:00,89.88,90.02,89.88,89.97,256.053057
2026-03-21 20:25:00,89.98,90.02,89.95,90.02,796.253593
2026-03-21 20:30:00,90.02,90.32,90.02,90.2,9849.343058
2026-03-21 20:35:00,90.2,90.26,90.16,90.2,806.305553
2026-03-21 20:40:00,90.19,90.21,90.11,90.14,409.447207
2026-03-21 20:45:00,90.15,90.19,90.12,90.16,168.411745
2026-03-21 20:50:00,90.15,90.16,90.12,90.14,92.624032
2026-03-21 20:55:00,90.14,90.22,90.14,90.16,183.092276
2026-03-21 21:00:00,90.17,90.2,90.07,90.14,517.311311
2026-03-21 21:05:00,90.13,90.22,90.1,90.2,115.110797
2026-03-21 21:10:00,90.19,90.19,89.9,89.96,6650.520347
2026-03-21 21:15:00,89.97,90.04,89.95,90.03,217.442918
2026-03-21 21:20:00,90.04,90.1,90.02,90.02,416.786843
2026-03-21 21:25:00,90.03,90.12,90.02,90.07,539.921458
2026-03-21 21:30:00,90.07,90.07,90.0,90.04,684.321396
2026-03-21 21:35:00,90.05,90.07,90.01,90.07,218.241411
2026-03-21 21:40:00,90.07,90.1,90.01,90.01,606.438289
2026-03-21 21:45:00,90.0,90.09,90.0,90.07,76.024668
2026-03-21 21:50:00,90.07,90.07,89.95,90.0,285.077232
2026-03-21 21:55:00,90.01,90.01,89.97,90.01,149.617544
2026-03-21 22:00:00,90.01,90.02,89.82,89.87,795.041957
2026-03-21 22:05:00,89.87,90.05,89.85,89.95,732.23262
2026-03-21 22:10:00,89.95,89.99,89.91,89.96,255.468713
2026-03-21 22:15:00,89.97,89.99,89.91,89.95,364.399068
2026-03-21 22:20:00,89.95,89.96,89.92,89.92,399.820554
2026-03-21 22:25:00,89.92,89.95,89.9,89.91,98.901802
2026-03-21 22:30:00,89.9,90.04,89.87,90.03,643.867476
2026-03-21 22:35:00,90.03,90.07,89.96,89.97,502.837217
2026-03-21 22:40:00,89.96,90.0,89.91,89.92,311.365971
2026-03-21 22:45:00,89.93,89.94,89.87,89.94,568.853722
2026-03-21 22:50:00,89.92,89.92,89.84,89.86,1079.050644
2026-03-21 22:55:00,89.87,89.94,89.87,89.91,87.854947
2026-03-21 23:00:00,89.9,89.9,89.73,89.83,512.063252
2026-03-21 23:05:00,89.83,89.85,89.74,89.76,243.156113
2026-03-21 23:10:00,89.75,89.75,89.67,89.73,885.590398
2026-03-21 23:15:00,89.72,89.82,89.66,89.77,599.335427
2026-03-21 23:20:00,89.76,89.82,89.73,89.73,693.253113
2026-03-21 23:25:00,89.72,89.74,89.67,89.7,705.066211
2026-03-21 23:30:00,89.7,89.8,89.68,89.75,533.901641
2026-03-21 23:35:00,89.75,89.86,89.75,89.79,3215.9804
2026-03-21 23:40:00,89.78,89.85,89.76,89.8,382.191548
2026-03-21 23:45:00,89.81,89.81,88.75,88.77,14587.69499
2026-03-21 23:50:00,88.78,88.85,87.58,87.88,49154.757267
2026-03-21 23:55:00,87.84,87.98,87.14,87.56,22539.906879
2026-03-22 00:00:00,87.56,87.58,86.28,86.55,39736.594943
2026-03-22 00:05:00,86.56,87.45,86.43,87.26,9478.871024
2026-03-22 00:10:00,87.25,87.38,86.77,86.81,10596.081869
2026-03-22 00:15:00,86.81,87.42,86.71,87.25,4760.327194
2026-03-22 00:20:00,87.22,87.28,86.93,87.22,2757.703505
2026-03-22 00:25:00,87.21,87.28,87.05,87.28,2226.038573
2026-03-22 00:30:00,87.29,87.6,87.29,87.59,5655.909872
2026-03-22 00:35:00,87.59,87.77,87.41,87.41,4031.21958
2026-03-22 00:40:00,87.4,87.64,87.37,87.52,2348.829728
2026-03-22 00:45:00,87.53,87.72,87.43,87.6,2033.112644
2026-03-22 00:50:00,87.59,87.59,87.07,87.19,3464.869836
2026-03-22 00:55:00,87.19,87.34,87.11,87.34,1347.72828
2026-03-22 01:00:00,87.34,87.73,87.34,87.56,12478.550363
2026-03-22 01:05:00,87.57,87.61,87.17,87.17,6314.557872
2026-03-22 01:10:00,87.16,87.38,87.12,87.3,3334.152391
2026-03-22 01:15:00,87.35,87.55,87.23,87.49,1962.246048
2026-03-22 01:20:00,87.47,87.59,87.4,87.43,2334.939366
2026-03-22 01:25:00,87.42,87.46,87.36,87.39,868.590693
2026-03-22 01:30:00,87.4,87.42,87.25,87.34,2136.465012
2026-03-22 01:35:00,87.35,87.38,86.99,87.11,5260.288643
2026-03-22 01:40:00,87.11,87.24,87.07,87.09,1220.332322
2026-03-22 01:45:00,87.09,87.3,87.09,87.29,1186.534498
2026-03-22 01:50:00,87.3,87.42,87.27,87.38,610.556636
2026-03-22 01:55:00,87.38,87.5,87.38,87.45,1347.779646
2026-03-22 02:00:00,87.46,87.63,87.46,87.61,2136.397836
2026-03-22 02:05:00,87.61,87.69,87.45,87.46,1000.386902
2026-03-22 02:10:00,87.46,87.65,87.41,87.62,3253.136517
2026-03-22 02:15:00,87.6,87.68,87.55,87.65,1692.578436
2026-03-22 02:20:00,87.65,87.72,87.54,87.71,1170.228586
2026-03-22 02:25:00,87.72,88.48,87.7,88.33,12598.30523
2026-03-22 02:30:00,88.34,88.35,88.01,88.14,2942.072636
2026-03-22 02:35:00,88.13,88.19,88.06,88.09,879.124389
2026-03-22 02:40:00,88.1,88.15,88.06,88.13,608.443336
2026-03-22 02:45:00,88.13,88.26,88.05,88.16,589.253092
2026-03-22 02:50:00,88.17,88.26,88.07,88.26,596.96138
2026-03-22 02:55:00,88.26,88.32,88.16,88.16,540.737049
2026-03-22 03:00:00,88.16,88.16,87.77,87.87,2381.016274
2026-03-22 03:05:00,87.87,87.99,87.83,87.93,1330.664342
2026-03-22 03:10:00,87.93,88.12,87.93,88.08,518.443036
2026-03-22 03:15:00,88.08,88.23,88.06,88.21,829.240977
2026-03-22 03:20:00,88.21,88.3,88.14,88.28,1067.452105
2026-03-22 03:25:00,88.28,88.81,88.23,88.7,4144.022995
2026-03-22 03:30:00,88.7,88.81,88.56,88.66,2100.256933
2026-03-22 03:35:00,88.65,89.15,88.63,88.72,10990.276396
2026-03-22 03:40:00,88.69,88.72,88.58,88.72,1104.496815
2026-03-22 03:45:00,88.72,88.72,88.62,88.69,592.235378
2026-03-22 03:50:00,88.7,88.7,88.56,88.59,971.702261
2026-03-22 03:55:00,88.59,88.71,88.58,88.67,2327.50392
2026-03-22 04:00:00,88.67,88.87,88.61,88.85,1366.721398
2026-03-22 04:05:00,88.84,89.01,88.82,88.93,925.58319
2026-03-22 04:10:00,88.94,88.96,88.76,88.93,1938.071029
2026-03-22 04:15:00,88.93,89.19,88.92,88.92,2018.813449
2026-03-22 04:20:00,88.91,88.92,88.62,88.78,2128.023723
2026-03-22 04:25:00,88.77,88.87,88.77,88.81,1206.42444
2026-03-22 04:30:00,88.8,88.87,88.61,88.84,8455.272919
2026-03-22 04:35:00,88.83,89.09,88.83,88.98,6586.712724
2026-03-22 04:40:00,88.99,89.0,88.9,88.96,360.523802
2026-03-22 04:45:00,88.96,89.13,88.93,88.95,2845.963683
2026-03-22 04:50:00,88.94,89.03,88.92,89.03,985.180243
2026-03-22 04:55:00,89.02,89.04,88.97,89.02,855.789022
2026-03-22 05:00:00,89.0,89.01,88.81,88.91,1652.141646
2026-03-22 05:05:00,88.91,88.93,88.74,88.79,823.917388
2026-03-22 05:10:00,88.8,88.85,88.75,88.75,838.363488
2026-03-22 05:15:00,88.75,88.83,88.65,88.75,867.127841
2026-03-22 05:20:00,88.75,88.79,88.59,88.63,4330.768284
2026-03-22 05:25:00,88.63,88.67,88.53,88.56,915.826705
2026-03-22 05:30:00,88.56,88.64,88.55,88.57,1631.012539
2026-03-22 05:35:00,88.57,88.61,88.53,88.6,732.954852
2026-03-22 05:40:00,88.59,88.61,88.51,88.51,875.812836
2026-03-22 05:45:00,88.51,88.62,88.5,88.52,618.218278
2026-03-22 05:50:00,88.53,88.56,88.45,88.46,1002.258203
2026-03-22 05:55:00,88.46,88.5,88.45,88.46,1021.706585
2026-03-22 06:00:00,88.47,88.47,88.3,88.44,1166.731795
2026-03-22 06:05:00,88.43,88.43,88.25,88.34,1228.279142
2026-03-22 06:10:00,88.35,88.37,88.28,88.28,510.110331
2026-03-22 06:15:00,88.27,88.32,88.15,88.25,2039.510874
2026-03-22 06:20:00,88.25,88.29,88.17,88.23,1172.976651
2026-03-22 06:25:00,88.23,88.3,88.17,88.29,452.421974
2026-03-22 06:30:00,88.29,88.34,88.2,88.22,412.996165
2026-03-22 06:35:00,88.22,88.37,88.22,88.36,273.481635
2026-03-22 06:40:00,88.37,88.39,88.3,88.3,430.771336
2026-03-22 06:45:00,88.29,88.29,88.16,88.16,1792.186068
2026-03-22 06:50:00,88.17,88.28,88.16,88.22,661.132202
2026-03-22 06:55:00,88.21,88.21,88.16,88.2,131.423659
2026-03-22 07:00:00,88.19,88.32,88.16,88.28,264.465121
2026-03-22 07:05:00,88.28,88.32,88.09,88.14,2289.791192
2026-03-22 07:10:00,88.14,88.26,88.09,88.18,695.290282
2026-03-22 07:15:00,88.19,88.31,88.19,88.27,100.632162
2026-03-22 07:20:00,88.25,88.3,88.22,88.27,274.335958
2026-03-22 07:25:00,88.27,88.33,88.26,88.28,326.263533
2026-03-22 07:30:00,88.27,88.27,88.02,88.09,487.482671
2026-03-22 07:35:00,88.07,88.13,87.93,87.93,1710.184243
2026-03-22 07:40:00,87.93,87.99,87.82,87.91,1176.031515
2026-03-22 07:45:00,87.9,88.02,87.77,88.01,1215.775557
2026-03-22 07:50:00,88.02,88.04,87.9,87.91,235.921397
2026-03-22 07:55:00,87.92,87.93,87.67,87.71,1266.144242
2026-03-22 08:00:00,87.71,87.74,87.39,87.47,3930.772463
2026-03-22 08:05:00,87.46,87.55,87.38,87.39,1579.841603
2026-03-22 08:10:00,87.38,87.52,87.34,87.51,695.346516
2026-03-22 08:15:00,87.52,87.52,87.16,87.16,1973.833869
2026-03-22 08:20:00,87.16,87.23,87.0,87.23,2746.348587
2026-03-22 08:25:00,87.24,87.36,86.87,87.04,6832.050694
2026-03-22 08:30:00,87.02,87.28,87.02,87.12,1073.212422
2026-03-22 08:35:00,87.1,87.21,87.05,87.16,1599.042076
2026-03-22 08:40:00,87.16,87.34,87.13,87.25,1113.457404
2026-03-22 08:45:00,87.25,87.33,87.18,87.3,572.877319
2026-03-22 08:50:00,87.3,87.33,87.21,87.32,818.4497
2026-03-22 08:55:00,87.31,87.43,87.27,87.38,732.505448
2026-03-22 09:00:00,87.38,87.44,87.34,87.38,855.036569
2026-03-22 09:05:00,87.38,87.61,87.37,87.61,1192.385926
2026-03-22 09:10:00,87.58,87.62,87.52,87.6,594.836562
2026-03-22 09:15:00,87.59,87.66,87.25,87.34,2969.181749
2026-03-22 09:20:00,87.33,87.48,87.32,87.37,2205.631554
2026-03-22 09:25:00,87.38,87.38,87.18,87.21,1421.594391
2026-03-22 09:30:00,87.21,87.3,87.2,87.29,945.300154
2026-03-22 09:35:00,87.28,87.42,87.28,87.34,288.392088
2026-03-22 09:40:00,87.35,87.45,87.35,87.4,473.807475
2026-03-22 09:45:00,87.4,87.44,87.37,87.37,410.450814
2026-03-22 09:50:00,87.36,87.37,87.24,87.35,821.754789
2026-03-22 09:55:00,87.35,87.39,87.32,87.32,441.346611
2026-03-22 10:00:00,87.32,87.44,87.25,87.43,286.974076
2026-03-22 10:05:00,87.44,87.47,87.24,87.31,926.048118
2026-03-22 10:10:00,87.32,87.37,87.28,87.37,635.636557
2026-03-22 10:15:00,87.36,87.44,87.24,87.38,1742.552549
2026-03-22 10:20:00,87.39,87.48,87.36,87.48,240.798332
2026-03-22 10:25:00,87.48,87.5,87.41,87.43,650.084042
2026-03-22 10:30:00,87.43,87.5,87.36,87.37,596.434325
2026-03-22 10:35:00,87.36,87.38,87.24,87.35,447.979704
2026-03-22 10:40:00,87.35,87.39,87.28,87.38,369.100563
2026-03-22 10:45:00,87.39,87.43,87.29,87.29,286.709355
2026-03-22 10:50:00,87.29,87.43,87.27,87.38,327.498645
2026-03-22 10:55:00,87.37,87.45,87.34,87.34,271.746461
2026-03-22 11:00:00,87.33,87.36,87.22,87.36,252.450307
2026-03-22 11:05:00,87.35,87.42,87.3,87.41,169.516774
2026-03-22 11:10:00,87.42,87.43,87.36,87.36,648.287024
2026-03-22 11:15:00,87.36,87.46,87.29,87.29,3990.299592
2026-03-22 11:20:00,87.3,87.47,87.3,87.33,590.40246
2026-03-22 11:25:00,87.32,87.32,87.08,87.17,3403.184903
2026-03-22 11:30:00,87.17,87.3,87.14,87.21,643.220181
2026-03-22 11:35:00,87.2,87.25,87.15,87.25,528.924882
2026-03-22 11:40:00,87.25,87.3,86.96,87.25,2531.127118
2026-03-22 11:45:00,87.24,87.3,87.11,87.12,375.835327
2026-03-22 11:50:00,87.11,87.14,86.9,87.08,1899.525761
2026-03-22 11:55:00,87.07,87.07,86.84,86.84,1511.416296
2026-03-22 12:00:00,86.85,86.97,86.82,86.87,984.73675
2026-03-22 12:05:00,86.87,87.03,86.86,87.01,1258.033388
2026-03-22 12:10:00,86.98,87.02,86.92,86.96,523.884438
2026-03-22 12:15:00,86.96,87.17,86.96,87.13,2851.12084
2026-03-22 12:20:00,87.14,87.29,87.06,87.25,1407.49723
2026-03-22 12:25:00,87.27,87.48,87.22,87.34,966.568221
2026-03-22 12:30:00,87.35,87.37,87.27,87.3,793.5562
2026-03-22 12:35:00,87.31,87.31,87.25,87.26,446.099736
2026-03-22 12:40:00,87.26,87.3,87.23,87.23,1343.796784
2026-03-22 12:45:00,87.22,87.35,87.14,87.16,972.9442
2026-03-22 12:50:00,87.18,87.28,87.13,87.26,436.477296
2026-03-22 12:55:00,87.26,87.3,87.23,87.26,484.33544
2026-03-22 13:00:00,87.27,87.73,87.25,87.51,3692.880109
2026-03-22 13:05:00,87.51,87.55,87.43,87.52,591.409105
2026-03-22 13:10:00,87.52,87.61,87.43,87.49,1332.078979
2026-03-22 13:15:00,87.49,87.5,87.4,87.48,404.319388
2026-03-22 13:20:00,87.48,87.59,87.34,87.37,1102.16821
2026-03-22 13:25:00,87.38,87.49,87.36,87.45,201.653284
2026-03-22 13:30:00,87.45,87.53,87.32,87.34,497.978457
2026-03-22 13:35:00,87.32,87.38,87.18,87.18,493.50572
2026-03-22 13:40:00,87.17,87.21,87.02,87.14,744.629005
2026-03-22 13:45:00,87.13,87.21,87.07,87.18,198.482721
2026-03-22 13:50:00,87.18,87.33,87.15,87.33,473.722479
2026-03-22 13:55:00,87.34,87.37,87.32,87.33,119.250392
2026-03-22 14:00:00,87.33,87.42,87.05,87.17,1103.184432
2026-03-22 14:05:00,87.18,87.25,87.14,87.25,313.813444
2026-03-22 14:10:00,87.25,87.4,87.25,87.39,469.652567
2026-03-22 14:15:00,87.37,87.4,87.33,87.35,497.545831
2026-03-22 14:20:00,87.35,87.59,87.31,87.5,1358.468334
2026-03-22 14:25:00,87.49,87.52,87.38,87.43,524.668602
2026-03-22 14:30:00,87.44,87.48,87.37,87.41,324.571511
2026-03-22 14:35:00,87.41,87.53,87.36,87.47,323.899823
2026-03-22 14:40:00,87.46,87.47,87.34,87.41,964.570521
2026-03-22 14:45:00,87.4,87.4,87.21,87.24,207.606846
2026-03-22 14:50:00,87.26,87.26,87.16,87.17,370.346402
2026-03-22 14:55:00,87.17,87.23,87.11,87.2,925.824248
2026-03-22 15:00:00,87.21,87.33,87.2,87.27,566.845114
2026-03-22 15:05:00,87.26,87.47,87.26,87.36,2653.382333
2026-03-22 15:10:00,87.37,87.43,87.36,87.36,570.884451
2026-03-22 15:15:00,87.34,87.45,87.28,87.36,1128.482381
2026-03-22 15:20:00,87.36,87.42,87.2,87.28,690.435974
2026-03-22 15:25:00,87.29,87.34,87.25,87.34,1129.414056
2026-03-22 15:30:00,87.34,87.38,87.28,87.38,2559.267549
2026-03-22 15:35:00,87.38,87.4,87.18,87.24,1429.331304
2026-03-22 15:40:00,87.24,87.37,87.22,87.37,840.952471
2026-03-22 15:45:00,87.36,87.44,87.31,87.44,763.960671
2026-03-22 15:50:00,87.45,87.6,87.45,87.53,1351.884988
2026-03-22 15:55:00,87.53,87.59,87.5,87.58,1197.782262
2026-03-22 16:00:00,87.58,87.64,87.45,87.62,2873.539966
2026-03-22 16:05:00,87.62,87.64,87.51,87.51,1355.600864
2026-03-22 16:10:00,87.51,87.62,87.48,87.62,584.162884
2026-03-22 16:15:00,87.62,87.71,87.45,87.46,10681.370734
2026-03-22 16:20:00,87.46,87.51,87.37,87.44,1002.717149
2026-03-22 16:25:00,87.44,87.44,87.35,87.36,328.7638
2026-03-22 16:30:00,87.36,87.41,87.3,87.35,323.01352
2026-03-22 16:35:00,87.34,87.41,87.3,87.3,561.914399
2026-03-22 16:40:00,87.29,87.36,87.25,87.35,608.473593
2026-03-22 16:45:00,87.35,87.5,87.35,87.45,193.229076
2026-03-22 16:50:00,87.45,87.55,87.44,87.52,367.183906
2026-03-22 16:55:00,87.53,87.56,87.48,87.49,705.722913
2026-03-22 17:00:00,87.48,87.48,87.33,87.42,519.649483
2026-03-22 17:05:00,87.42,87.49,87.38,87.49,328.007484
2026-03-22 17:10:00,87.49,87.51,87.42,87.51,233.280254
2026-03-22 17:15:00,87.52,87.55,87.42,87.47,2724.285214
2026-03-22 17:20:00,87.48,87.56,87.42,87.43,346.34208
2026-03-22 17:25:00,87.42,87.49,87.38,87.41,291.396798
2026-03-22 17:30:00,87.41,87.45,87.33,87.4,587.584774
2026-03-22 17:35:00,87.4,87.4,87.24,87.24,779.003278
2026-03-22 17:40:00,87.23,87.31,87.21,87.27,365.664287
2026-03-22 17:45:00,87.28,87.35,87.27,87.27,178.206583
2026-03-22 17:50:00,87.28,87.35,87.28,87.31,360.315383
2026-03-22 17:55:00,87.31,87.35,87.27,87.27,185.128318
2026-03-22 18:00:00,87.26,87.26,87.12,87.15,254.519965
2026-03-22 18:05:00,87.16,87.29,87.15,87.29,249.487461
2026-03-22 18:10:00,87.28,87.32,87.27,87.32,105.338498
2026-03-22 18:15:00,87.32,87.32,87.25,87.28,129.087827
2026-03-22 18:20:00,87.29,87.3,87.21,87.21,198.165851
2026-03-22 18:25:00,87.2,87.29,87.19,87.24,300.273928
2026-03-22 18:30:00,87.24,87.32,86.86,86.86,2696.144105
2026-03-22 18:35:00,86.86,86.97,86.47,86.78,7987.816798
2026-03-22 18:40:00,86.76,86.9,86.75,86.84,453.483108
2026-03-22 18:45:00,86.83,86.98,86.78,86.96,238.732362
2026-03-22 18:50:00,86.96,87.02,86.91,86.94,458.748325
2026-03-22 18:55:00,86.94,87.06,86.92,87.03,1873.706345
2026-03-22 19:00:00,87.02,87.02,86.74,86.8,586.788062
2026-03-22 19:05:00,86.8,86.92,86.8,86.89,344.69673
2026-03-22 19:10:00,86.9,86.91,86.67,86.74,2547.704203
2026-03-22 19:15:00,86.73,86.79,86.66,86.74,502.717929
2026-03-22 19:20:00,86.75,86.8,86.67,86.73,609.476977
2026-03-22 19:25:00,86.73,86.77,86.67,86.67,113.450142
2026-03-22 19:30:00,86.67,86.81,86.58,86.81,851.431243
2026-03-22 19:35:00,86.81,86.97,86.81,86.97,429.260231
2026-03-22 19:40:00,86.97,87.02,86.91,86.97,410.002609
2026-03-22 19:45:00,86.97,87.0,86.74,86.77,1014.42686
2026-03-22 19:50:00,86.77,86.9,86.77,86.85,782.790236
2026-03-22 19:55:00,86.86,86.89,86.83,86.87,81.709385
2026-03-22 20:00:00,86.87,87.12,86.87,87.02,359.041239
2026-03-22 20:05:00,87.02,87.08,86.98,87.07,556.813331
2026-03-22 20:10:00,87.06,87.06,86.96,87.05,972.763692
2026-03-22 20:15:00,87.04,87.12,87.04,87.05,433.086488
2026-03-22 20:20:00,87.06,87.18,87.03,87.04,763.352641
2026-03-22 20:25:00,87.04,87.04,86.91,86.95,660.904762
2026-03-22 20:30:00,86.94,86.95,86.82,86.82,299.680559
2026-03-22 20:35:00,86.82,86.85,86.71,86.75,345.7321
2026-03-22 20:40:00,86.75,86.92,86.75,86.89,205.048555
2026-03-22 20:45:00,86.88,86.88,86.8,86.83,205.550348
2026-03-22 20:50:00,86.83,86.84,86.55,86.66,6602.353426
2026-03-22 20:55:00,86.65,86.66,86.55,86.58,349.270464
2026-03-22 21:00:00,86.59,86.63,86.44,86.47,677.211643
2026-03-22 21:05:00,86.47,86.48,85.41,86.09,38457.705142
2026-03-22 21:10:00,86.1,86.13,85.81,85.89,3299.87019
2026-03-22 21:15:00,85.91,85.92,85.43,85.45,4961.013383
2026-03-22 21:20:00,85.44,85.77,85.11,85.74,8060.600095
2026-03-22 21:25:00,85.74,86.03,85.66,85.97,1485.902007
2026-03-22 21:30:00,85.97,85.97,85.75,85.76,933.620841
2026-03-22 21:35:00,85.75,86.03,85.65,85.94,2077.519711
2026-03-22 21:40:00,85.93,86.06,85.84,85.88,795.914222
2026-03-22 21:45:00,85.89,85.9,85.7,85.77,1232.826653
2026-03-22 21:50:00,85.78,85.96,85.74,85.91,265.514083
2026-03-22 21:55:00,85.89,85.99,85.8,85.99,483.22636
2026-03-22 22:00:00,85.99,86.09,85.52,86.0,2053.980297
2026-03-22 22:05:00,86.01,86.5,85.94,86.39,4689.037647
2026-03-22 22:10:00,86.39,86.39,85.72,85.8,8665.874919
2026-03-22 22:15:00,85.81,86.08,85.67,85.97,3395.315211
2026-03-22 22:20:00,85.96,86.39,85.9,86.36,5330.772202
2026-03-22 22:25:00,86.33,86.7,86.29,86.5,2742.273473
2026-03-22 22:30:00,86.52,86.66,86.45,86.48,757.307359
2026-03-22 22:35:00,86.49,86.61,86.38,86.44,1267.027541
2026-03-22 22:40:00,86.44,86.46,86.27,86.31,487.4217
2026-03-22 22:45:00,86.31,86.61,86.31,86.61,910.552264
2026-03-22 22:50:00,86.61,86.78,86.56,86.67,939.136877
2026-03-22 22:55:00,86.68,86.77,86.68,86.73,426.485191
2026-03-22 23:00:00,86.75,86.86,86.66,86.77,1129.845982
2026-03-22 23:05:00,86.77,86.8,86.55,86.65,726.83661
2026-03-22 23:10:00,86.65,87.01,86.62,86.84,1263.635187
2026-03-22 23:15:00,86.84,86.87,86.67,86.7,2656.265644
2026-03-22 23:20:00,86.69,86.69,86.53,86.56,3162.594834
2026-03-22 23:25:00,86.56,86.6,86.47,86.53,459.020482
2026-03-22 23:30:00,86.54,86.66,86.46,86.51,432.358375
2026-03-22 23:35:00,86.51,86.57,86.49,86.56,767.506093
2026-03-22 23:40:00,86.53,86.58,86.46,86.52,274.151573
2026-03-22 23:45:00,86.5,86.5,86.29,86.29,2123.738045
2026-03-22 23:50:00,86.28,86.28,86.02,86.11,1492.845183
2026-03-22 23:55:00,86.12,86.23,86.1,86.21,974.218657
2026-03-23 00:00:00,86.22,86.47,86.16,86.27,962.760114
2026-03-23 00:05:00,86.24,86.44,86.04,86.33,884.536121
2026-03-23 00:10:00,86.33,86.61,86.31,86.37,878.503763
2026-03-23 00:15:00,86.38,86.41,86.15,86.27,1126.506555
2026-03-23 00:20:00,86.26,86.43,86.23,86.43,478.444132
2026-03-23 00:25:00,86.43,86.51,86.25,86.26,938.972836
2026-03-23 00:30:00,86.28,86.3,85.9,85.93,2593.51827
2026-03-23 00:35:00,85.93,85.95,85.61,85.65,3990.487869
2026-03-23 00:40:00,85.65,86.04,85.46,85.99,4162.791439
2026-03-23 00:45:00,85.98,86.08,85.98,86.07,1333.255116
2026-03-23 00:50:00,86.07,86.24,85.93,85.96,913.604692
2026-03-23 00:55:00,85.95,86.04,85.81,85.9,1340.173752
2026-03-23 01:00:00,85.9,86.05,85.76,85.97,880.176844
2026-03-23 01:05:00,85.97,86.42,85.93,86.27,1451.571342
2026-03-23 01:10:00,86.26,86.27,86.12,86.2,324.849366
2026-03-23 01:15:00,86.21,86.5,86.2,86.47,1558.344944
2026-03-23 01:20:00,86.47,86.62,86.36,86.61,2559.320322
2026-03-23 01:25:00,86.6,86.6,86.43,86.46,1203.7178
2026-03-23 01:30:00,86.47,86.53,86.31,86.35,652.22715
2026-03-23 01:35:00,86.34,86.58,86.33,86.47,1321.965102
2026-03-23 01:40:00,86.48,86.49,86.25,86.31,1343.998446
2026-03-23 01:45:00,86.32,86.44,86.1,86.16,1011.47299
2026-03-23 01:50:00,86.15,86.35,86.09,86.16,2012.087948
2026-03-23 01:55:00,86.17,86.25,86.09,86.09,825.947755
2026-03-23 02:00:00,86.1,86.21,86.07,86.16,360.665125
2026-03-23 02:05:00,86.17,86.43,86.15,86.41,1389.7854
2026-03-23 02:10:00,86.38,86.48,86.06,86.11,1443.688068
2026-03-23 02:15:00,86.11,86.28,86.05,86.26,713.379257
2026-03-23 02:20:00,86.26,86.44,86.23,86.39,777.823468
2026-03-23 02:25:00,86.39,86.92,86.38,86.86,3500.298005
2026-03-23 02:30:00,86.86,86.97,86.77,86.82,1141.095192
2026-03-23 02:35:00,86.82,86.86,86.65,86.66,886.576168
2026-03-23 02:40:00,86.65,86.95,86.64,86.67,774.249568
2026-03-23 02:45:00,86.66,86.7,86.63,86.67,804.793939
2026-03-23 02:50:00,86.68,86.71,86.53,86.57,479.587863
2026-03-23 02:55:00,86.58,86.74,86.52,86.69,985.508801
2026-03-23 03:00:00,86.7,87.21,86.7,87.02,2560.339653
2026-03-23 03:05:00,87.02,87.1,86.94,86.94,962.695523
2026-03-23 03:10:00,86.94,86.99,86.71,86.74,889.34606
2026-03-23 03:15:00,86.75,86.85,86.66,86.7,2231.358963
2026-03-23 03:20:00,86.69,86.83,86.62,86.64,1038.251828
2026-03-23 03:25:00,86.65,86.69,86.56,86.6,431.891203
2026-03-23 03:30:00,86.6,86.63,86.5,86.63,628.697247
2026-03-23 03:35:00,86.62,86.62,86.45,86.48,1032.332997
2026-03-23 03:40:00,86.49,86.54,86.42,86.54,484.515267
2026-03-23 03:45:00,86.53,86.57,86.46,86.53,764.456934
2026-03-23 03:50:00,86.54,86.6,86.41,86.42,1149.517179
2026-03-23 03:55:00,86.42,86.45,86.37,86.4,1815.396447
2026-03-23 04:00:00,86.4,86.52,86.37,86.45,634.010509
2026-03-23 04:05:00,86.46,86.57,86.4,86.43,2157.755889
2026-03-23 04:10:00,86.43,86.52,86.42,86.44,1269.701707
2026-03-23 04:15:00,86.44,86.48,86.33,86.4,940.867215
2026-03-23 04:20:00,86.41,86.56,86.4,86.46,293.354188
2026-03-23 04:25:00,86.46,86.5,86.4,86.49,574.348227
2026-03-23 04:30:00,86.5,86.59,86.48,86.58,831.71808
2026-03-23 04:35:00,86.57,86.78,86.57,86.73,2228.241986
2026-03-23 04:40:00,86.73,86.78,86.54,86.58,1694.33625
2026-03-23 04:45:00,86.57,86.72,86.57,86.68,654.881856
2026-03-23 04:50:00,86.67,86.91,86.63,86.88,1953.478652
2026-03-23 04:55:00,86.86,86.92,86.81,86.89,1387.800302
2026-03-23 05:00:00,86.91,87.19,86.9,87.06,3475.81048
2026-03-23 05:05:00,87.07,87.2,87.04,87.14,2556.604168
2026-03-23 05:10:00,87.14,87.26,87.07,87.24,1563.735575
2026-03-23 05:15:00,87.24,87.31,87.09,87.22,3195.418856
2026-03-23 05:20:00,87.21,87.22,87.09,87.09,633.158512
2026-03-23 05:25:00,87.09,87.15,87.03,87.09,3541.229215
2026-03-23 05:30:00,87.09,87.1,86.85,87.08,12402.466372
2026-03-23 05:35:00,87.08,87.26,87.01,87.03,1927.932204
2026-03-23 05:40:00,87.03,87.04,86.93,86.94,1135.812872
2026-03-23 05:45:00,86.94,86.99,86.89,86.91,1100.817475
2026-03-23 05:50:00,86.91,87.04,86.84,87.04,2704.649978
2026-03-23 05:55:00,87.04,87.27,87.03,87.19,1512.337966
2026-03-23 06:00:00,87.17,87.17,86.89,86.91,941.843772
2026-03-23 06:05:00,86.91,86.91,86.77,86.78,752.232991
2026-03-23 06:10:00,86.79,86.84,86.53,86.59,1811.689762
2026-03-23 06:15:00,86.6,86.73,86.51,86.6,2286.680762
2026-03-23 06:20:00,86.59,86.6,86.44,86.57,1047.972033
2026-03-23 06:25:00,86.57,86.7,86.56,86.62,1193.627381
2026-03-23 06:30:00,86.62,86.62,86.45,86.46,757.719013
2026-03-23 06:35:00,86.46,86.47,85.8,85.92,6164.690568
2026-03-23 06:40:00,85.93,86.08,85.57,85.68,6344.076277
2026-03-23 06:45:00,85.67,85.87,85.45,85.64,5026.564085
2026-03-23 06:50:00,85.63,85.79,85.51,85.72,3399.039441
2026-03-23 06:55:00,85.73,85.77,85.58,85.76,2248.592375
2026-03-23 07:00:00,85.76,85.77,85.44,85.44,3728.563706
2026-03-23 07:05:00,85.44,85.67,85.13,85.51,16706.874759
2026-03-23 07:10:00,85.52,85.7,85.41,85.6,3372.569433
2026-03-23 07:15:00,85.61,85.68,85.49,85.63,1103.059785
2026-03-23 07:20:00,85.63,85.65,85.1,85.28,4233.037777
2026-03-23 07:25:00,85.28,85.42,85.17,85.37,1671.649593
2026-03-23 07:30:00,85.36,85.73,85.31,85.66,2675.655741
2026-03-23 07:35:00,85.64,86.09,85.63,85.98,4820.51863
2026-03-23 07:40:00,85.97,86.15,85.92,86.14,944.434818
2026-03-23 07:45:00,86.14,86.23,86.05,86.06,3580.207047
2026-03-23 07:50:00,86.05,86.16,86.03,86.09,863.138917
2026-03-23 07:55:00,86.08,86.14,85.93,85.99,763.791287
2026-03-23 08:00:00,86.0,86.13,85.97,86.05,1231.443944
2026-03-23 08:05:00,86.05,86.32,85.99,86.3,1878.965483
2026-03-23 08:10:00,86.29,86.44,86.18,86.37,1147.361109
2026-03-23 08:15:00,86.4,86.46,86.17,86.28,1504.555302
2026-03-23 08:20:00,86.3,86.37,86.11,86.28,1884.972502
2026-03-23 08:25:00,86.29,86.32,86.23,86.23,504.043428
2026-03-23 08:30:00,86.23,86.45,86.17,86.35,463.843093
2026-03-23 08:35:00,86.36,86.36,86.09,86.2,4130.701942
2026-03-23 08:40:00,86.2,86.3,86.04,86.13,595.89077
2026-03-23 08:45:00,86.14,86.25,86.07,86.08,960.64806
2026-03-23 08:50:00,86.08,86.2,86.05,86.09,401.396084
2026-03-23 08:55:00,86.07,86.07,85.86,85.96,2679.279256
2026-03-23 09:00:00,85.97,86.02,85.71,85.72,885.013557
2026-03-23 09:05:00,85.72,85.76,85.62,85.75,541.395974
2026-03-23 09:10:00,85.75,85.79,85.71,85.79,341.901572
2026-03-23 09:15:00,85.78,85.89,85.69,85.73,1061.464756
2026-03-23 09:20:00,85.73,85.92,85.69,85.71,968.640463
2026-03-23 09:25:00,85.7,85.85,85.63,85.83,865.545526
2026-03-23 09:30:00,85.84,85.84,85.41,85.41,2048.903101
2026-03-23 09:35:00,85.41,85.55,85.18,85.49,2916.531233
2026-03-23 09:40:00,85.48,85.58,85.41,85.49,1360.093612
2026-03-23 09:45:00,85.49,85.68,85.49,85.57,975.559073
2026-03-23 09:50:00,85.59,85.64,85.53,85.59,631.243313
2026-03-23 09:55:00,85.62,85.76,85.6,85.76,533.056186
2026-03-23 10:00:00,85.77,85.89,85.65,85.89,1124.292678
2026-03-23 10:05:00,85.9,86.23,85.9,86.17,2982.909616
2026-03-23 10:10:00,86.2,86.32,86.11,86.11,1527.961902
2026-03-23 10:15:00,86.1,86.18,85.98,85.98,2263.796097
2026-03-23 10:20:00,85.99,85.99,85.85,85.93,3545.924548
2026-03-23 10:25:00,85.94,86.01,85.88,85.96,1752.69027
2026-03-23 10:30:00,85.95,86.01,85.9,85.93,692.276079
2026-03-23 10:35:00,85.93,86.01,85.81,85.82,592.42151
2026-03-23 10:40:00,85.83,85.94,85.78,85.89,570.409678
2026-03-23 10:45:00,85.89,85.89,85.72,85.76,473.779995
2026-03-23 10:50:00,85.77,86.13,85.77,86.03,2477.726946
2026-03-23 10:55:00,86.03,86.15,86.02,86.06,372.910136
2026-03-23 11:00:00,86.08,86.25,86.04,86.06,1546.249629
2026-03-23 11:05:00,86.06,91.37,86.06,90.76,270290.020858
2026-03-23 11:10:00,90.77,91.96,90.27,90.75,83482.298664
2026-03-23 11:15:00,90.76,91.51,90.37,90.43,42377.004126
2026-03-23 11:20:00,90.43,90.77,89.61,89.98,34561.199561
2026-03-23 11:25:00,89.99,90.65,89.96,90.32,19000.880743
2026-03-23 11:30:00,90.34,90.92,90.34,90.64,12745.927016
2026-03-23 11:35:00,90.65,90.65,89.7,89.92,13979.545549
2026-03-23 11:40:00,89.92,90.09,89.85,89.9,9811.574382
2026-03-23 11:45:00,89.93,90.0,88.97,89.52,16600.201533
2026-03-23 11:50:00,89.51,89.69,89.17,89.58,5661.411926
2026-03-23 11:55:00,89.58,89.58,88.71,88.79,15046.723937
2026-03-23 12:00:00,88.78,89.1,88.32,88.86,14765.62942
2026-03-23 12:05:00,88.89,89.31,88.71,89.29,4999.836031
2026-03-23 12:10:00,89.29,89.36,89.1,89.12,7410.648319
2026-03-23 12:15:00,89.11,89.5,89.07,89.49,3990.711961
2026-03-23 12:20:00,89.49,89.79,89.41,89.54,3454.98245
2026-03-23 12:25:00,89.53,89.76,89.43,89.65,3778.813393
2026-03-23 12:30:00,89.64,89.81,89.38,89.77,4516.787038
2026-03-23 12:35:00,89.77,90.17,89.6,89.64,18459.287508
2026-03-23 12:40:00,89.64,90.45,89.48,90.31,7407.499734
2026-03-23 12:45:00,90.31,90.5,90.19,90.31,4429.950595
2026-03-23 12:50:00,90.32,90.49,90.13,90.18,1829.232146
2026-03-23 12:55:00,90.19,90.33,90.11,90.23,1557.548502
2026-03-23 13:00:00,90.23,90.51,90.07,90.1,5023.586011
2026-03-23 13:05:00,90.09,90.11,89.93,89.98,1916.71075
2026-03-23 13:10:00,89.96,90.12,89.9,90.01,4708.681473
2026-03-23 13:15:00,90.01,90.24,90.01,90.09,2816.992638
2026-03-23 13:20:00,90.09,90.4,90.07,90.33,2170.0298
2026-03-23 13:25:00,90.33,90.33,90.12,90.18,2000.289367
2026-03-23 13:30:00,90.17,90.27,89.89,90.18,7644.635638
2026-03-23 13:35:00,90.17,90.81,90.12,90.7,7810.165111
2026-03-23 13:40:00,90.7,91.23,90.49,90.93,8052.975738
2026-03-23 13:45:00,90.92,91.05,90.71,90.97,9597.103068
2026-03-23 13:50:00,90.96,91.49,90.94,91.21,8345.473094
2026-03-23 13:55:00,91.21,91.35,90.98,91.33,4737.985514
2026-03-23 14:00:00,91.33,91.65,91.22,91.37,6365.538751
2026-03-23 14:05:00,91.35,91.6,91.13,91.53,3066.017971
2026-03-23 14:10:00,91.54,91.7,91.15,91.22,3281.301491
2026-03-23 14:15:00,91.21,91.69,91.2,91.49,4894.290797
2026-03-23 14:20:00,91.51,91.73,91.32,91.59,2246.620218
2026-03-23 14:25:00,91.58,91.7,91.24,91.53,5575.546289
2026-03-23 14:30:00,91.52,91.65,91.24,91.25,8050.606587
2026-03-23 14:35:00,91.28,91.69,91.27,91.52,4679.394558
2026-03-23 14:40:00,91.51,91.58,91.35,91.43,1798.428896
2026-03-23 14:45:00,91.41,91.51,91.14,91.18,6723.879345
2026-03-23 14:50:00,91.18,91.27,91.07,91.18,2820.86899
2026-03-23 14:55:00,91.21,91.63,91.19,91.52,2972.114734
2026-03-23 15:00:00,91.53,92.24,91.51,92.16,14797.25386
2026-03-23 15:05:00,92.16,92.28,92.03,92.04,5162.70336
2026-03-23 15:10:00,92.04,92.04,91.69,91.72,3402.881772
2026-03-23 15:15:00,91.71,91.79,91.42,91.44,3375.62688
2026-03-23 15:20:00,91.44,91.48,91.14,91.36,4736.823692
2026-03-23 15:25:00,91.34,91.34,91.09,91.15,4362.641353
2026-03-23 15:30:00,91.15,91.22,90.74,90.81,5940.9065
2026-03-23 15:35:00,90.8,90.98,90.57,90.65,6850.155254
2026-03-23 15:40:00,90.64,90.7,90.37,90.52,4779.558692
2026-03-23 15:45:00,90.52,90.81,90.29,90.75,5010.251753
2026-03-23 15:50:00,90.74,90.85,90.0,90.16,7751.802431
2026-03-23 15:55:00,90.14,90.17,89.77,89.95,6904.960474
2026-03-23 16:00:00,89.96,90.21,89.94,90.12,4468.950343
2026-03-23 16:05:00,90.11,90.43,90.04,90.25,5159.027195
2026-03-23 16:10:00,90.23,90.43,90.17,90.32,2073.395841
2026-03-23 16:15:00,90.3,90.43,90.08,90.09,1560.862146
2026-03-23 16:20:00,90.1,90.16,89.75,89.91,4286.301935
2026-03-23 16:25:00,89.9,89.9,89.52,89.56,3772.303591
2026-03-23 16:30:00,89.55,89.73,89.41,89.62,12891.594737
2026-03-23 16:35:00,89.62,90.02,89.56,89.83,17708.745324
2026-03-23 16:40:00,89.82,90.05,89.79,90.01,997.866425
2026-03-23 16:45:00,90.01,90.4,89.97,90.37,3354.127803
2026-03-23 16:50:00,90.37,90.44,90.22,90.25,2759.647659
2026-03-23 16:55:00,90.26,90.37,90.19,90.34,2084.893243
2026-03-23 17:00:00,90.37,90.56,90.26,90.4,6506.056954
2026-03-23 17:05:00,90.41,90.65,90.17,90.36,21610.215789
2026-03-23 17:10:00,90.36,90.44,90.26,90.26,756.78
2026-03-23 17:15:00,90.26,90.28,89.88,90.0,6906.544339
2026-03-23 17:20:00,90.0,90.0,89.71,89.87,2457.686825
2026-03-23 17:25:00,89.87,90.18,89.85,90.0,795.363594
2026-03-23 17:30:00,89.99,90.67,89.97,90.67,5586.137469
2026-03-23 17:35:00,90.68,91.1,90.57,90.9,12275.958294
2026-03-23 17:40:00,90.9,91.13,90.88,90.95,7923.658985
2026-03-23 17:45:00,90.96,91.16,90.9,91.16,1583.456538
2026-03-23 17:50:00,91.16,91.33,91.14,91.33,2657.968752
2026-03-23 17:55:00,91.29,91.4,91.19,91.28,2905.679471
2026-03-23 18:00:00,91.28,91.42,91.24,91.38,670.481869
2026-03-23 18:05:00,91.37,91.37,90.94,91.05,2260.3143
2026-03-23 18:10:00,91.06,91.29,91.04,91.13,1378.980329
2026-03-23 18:15:00,91.14,91.29,91.14,91.2,1057.755883
2026-03-23 18:20:00,91.18,91.21,91.02,91.13,753.406342
2026-03-23 18:25:00,91.13,91.35,91.09,91.28,6340.165121
2026-03-23 18:30:00,91.29,91.7,91.29,91.59,7507.836213
2026-03-23 18:35:00,91.61,91.79,91.41,91.51,2373.222163
2026-03-23 18:40:00,91.51,91.55,91.4,91.48,584.004158
2026-03-23 18:45:00,91.48,91.8,91.47,91.62,2925.6559
2026-03-23 18:50:00,91.61,91.62,91.41,91.54,1553.623329
2026-03-23 18:55:00,91.56,91.69,91.44,91.62,2151.274716
2026-03-23 19:00:00,91.62,91.74,91.55,91.69,1080.555499
2026-03-23 19:05:00,91.7,91.9,91.38,91.6,6248.90719
2026-03-23 19:10:00,91.59,91.62,91.48,91.48,310.157081
2026-03-23 19:15:00,91.49,91.52,91.29,91.47,1084.160024
2026-03-23 19:20:00,91.48,91.64,91.38,91.63,359.411679
2026-03-23 19:25:00,91.62,91.75,91.61,91.69,1191.711497
2026-03-23 19:30:00,91.71,91.74,91.61,91.61,144.339292
2026-03-23 19:35:00,91.61,91.69,91.57,91.63,1139.9575
2026-03-23 19:40:00,91.63,91.64,91.53,91.61,498.972872
2026-03-23 19:45:00,91.62,91.74,91.52,91.56,1415.47892
2026-03-23 19:50:00,91.55,91.55,91.33,91.38,1248.364765
2026-03-23 19:55:00,91.38,91.5,91.25,91.39,3806.183084
2026-03-23 20:00:00,91.38,91.47,91.25,91.44,1857.905381
2026-03-23 20:05:00,91.44,91.56,91.43,91.55,925.306551
2026-03-23 20:10:00,91.56,91.61,91.49,91.61,1275.152059
2026-03-23 20:15:00,91.61,91.75,91.59,91.62,1126.894898
2026-03-23 20:20:00,91.61,91.76,91.61,91.65,557.169016
2026-03-23 20:25:00,91.65,91.65,91.53,91.57,660.245151
2026-03-23 20:30:00,91.55,91.69,91.55,91.69,1420.533024
2026-03-23 20:35:00,91.69,91.95,91.69,91.84,1068.765896
2026-03-23 20:40:00,91.84,92.03,91.82,91.96,3445.604343
2026-03-23 20:45:00,91.97,92.03,91.85,91.86,1262.595639
2026-03-23 20:50:00,91.84,91.88,91.76,91.87,822.115186
2026-03-23 20:55:00,91.87,91.89,91.78,91.78,1409.335239
2026-03-23 21:00:00,91.8,91.87,91.65,91.65,582.51748
2026-03-23 21:05:00,91.67,91.69,91.65,91.65,376.274081
2026-03-23 21:10:00,91.65,91.7,91.58,91.62,1471.06146
2026-03-23 21:15:00,91.62,91.69,91.59,91.59,170.410833
2026-03-23 21:20:00,91.59,91.65,91.56,91.59,222.434461
2026-03-23 21:25:00,91.59,91.6,91.52,91.54,497.423629
2026-03-23 21:30:00,91.54,91.85,91.54,91.82,818.82224
2026-03-23 21:35:00,91.82,91.97,91.8,91.94,1294.582815
2026-03-23 21:40:00,91.94,91.96,91.79,91.87,806.118332
2026-03-23 21:45:00,91.87,91.88,91.71,91.75,477.280494
2026-03-23 21:50:00,91.74,91.86,91.73,91.74,833.074656
2026-03-23 21:55:00,91.73,91.77,91.58,91.62,953.946992
2026-03-23 22:00:00,91.63,91.71,91.26,91.33,2537.195307
2026-03-23 22:05:00,91.33,91.4,91.31,91.33,758.018671
2026-03-23 22:10:00,91.32,91.39,91.23,91.33,671.364138
2026-03-23 22:15:00,91.34,91.76,91.19,91.76,3485.822503
2026-03-23 22:20:00,91.76,91.9,91.62,91.65,2974.627984
2026-03-23 22:25:00,91.66,91.69,91.61,91.63,1078.848738
2026-03-23 22:30:00,91.61,91.62,91.36,91.5,1012.156857
2026-03-23 22:35:00,91.52,91.64,91.47,91.48,1624.827567
2026-03-23 22:40:00,91.47,91.51,91.41,91.51,1243.124919
2026-03-23 22:45:00,91.51,91.57,91.39,91.47,767.5509
2026-03-23 22:50:00,91.47,91.64,91.47,91.59,435.831486
2026-03-23 22:55:00,91.6,91.6,91.47,91.53,235.80131
2026-03-23 23:00:00,91.52,91.54,91.34,91.44,3463.235145
2026-03-23 23:05:00,91.44,91.48,91.18,91.18,981.718761
2026-03-23 23:10:00,91.18,91.33,91.06,91.31,1921.5087
2026-03-23 23:15:00,91.32,91.34,91.15,91.15,912.225805
2026-03-23 23:20:00,91.15,91.18,90.99,91.12,1308.273953
2026-03-23 23:25:00,91.12,91.41,91.08,91.3,688.394441
2026-03-23 23:30:00,91.31,91.31,91.11,91.15,875.372698
2026-03-23 23:35:00,91.17,91.27,91.16,91.24,311.730542
2026-03-23 23:40:00,91.27,91.43,91.27,91.33,499.463438
2026-03-23 23:45:00,91.32,91.36,91.21,91.34,820.569011
2026-03-23 23:50:00,91.33,91.39,91.27,91.36,559.931676
2026-03-23 23:55:00,91.35,91.58,91.32,91.44,2103.242055
2026-03-24 00:00:00,91.44,91.68,91.41,91.46,4202.74551
2026-03-24 00:05:00,91.44,91.49,91.33,91.36,196.692897
2026-03-24 00:10:00,91.37,91.54,91.34,91.36,953.875406
2026-03-24 00:15:00,91.35,91.38,91.12,91.3,1240.24138
2026-03-24 00:20:00,91.32,91.32,91.12,91.26,790.264989
2026-03-24 00:25:00,91.26,91.38,91.02,91.06,2695.313551
2026-03-24 00:30:00,91.08,91.18,90.9,91.03,2664.382614
2026-03-24 00:35:00,91.03,91.17,90.61,90.9,5770.16152
2026-03-24 00:40:00,90.91,91.14,90.85,90.99,1565.931209
2026-03-24 00:45:00,90.97,91.26,90.97,91.0,2159.422833
2026-03-24 00:50:00,91.03,91.27,91.0,91.18,636.42562
2026-03-24 00:55:00,91.2,91.21,91.0,91.0,1114.184902
2026-03-24 01:00:00,91.0,91.03,90.81,90.83,232.92111
2026-03-24 01:05:00,90.83,90.93,90.77,90.85,601.227707
2026-03-24 01:10:00,90.85,91.03,90.74,90.81,1905.000964
2026-03-24 01:15:00,90.79,90.8,90.66,90.78,711.608847
2026-03-24 01:20:00,90.81,91.03,90.81,90.9,1507.148716
2026-03-24 01:25:00,90.91,91.04,90.87,90.99,272.507746
2026-03-24 01:30:00,90.97,91.05,90.72,90.83,1478.486254
2026-03-24 01:35:00,90.83,90.89,90.34,90.34,1915.24764
2026-03-24 01:40:00,90.37,90.48,90.15,90.35,2433.054279
2026-03-24 01:45:00,90.35,90.41,90.26,90.33,928.974022
2026-03-24 01:50:00,90.34,90.65,90.34,90.56,804.229606
2026-03-24 01:55:00,90.56,90.62,90.41,90.42,905.59981
2026-03-24 02:00:00,90.42,90.78,90.27,90.61,1397.445753
2026-03-24 02:05:00,90.61,90.62,90.43,90.54,197.555736
2026-03-24 02:10:00,90.55,90.55,90.27,90.32,743.325768
2026-03-24 02:15:00,90.35,90.39,90.25,90.33,304.070735
2026-03-24 02:20:00,90.33,90.54,90.29,90.4,251.419783
2026-03-24 02:25:00,90.41,90.45,90.26,90.4,852.138885
2026-03-24 02:30:00,90.4,90.47,90.33,90.44,1072.09282
2026-03-24 02:35:00,90.45,90.58,90.26,90.26,749.053253
2026-03-24 02:40:00,90.25,90.43,90.14,90.41,1286.767827
2026-03-24 02:45:00,90.4,90.45,90.26,90.36,466.985683
2026-03-24 02:50:00,90.35,90.35,90.21,90.21,286.560525
2026-03-24 02:55:00,90.25,90.28,90.12,90.16,302.428498
2026-03-24 03:00:00,90.16,90.18,90.04,90.12,1509.161848
2026-03-24 03:05:00,90.12,90.2,90.0,90.03,2118.051398
2026-03-24 03:10:00,90.03,90.11,89.97,90.04,1200.956104
2026-03-24 03:15:00,90.03,90.14,90.03,90.09,566.798845
2026-03-24 03:20:00,90.1,90.31,90.06,90.21,1341.664109
2026-03-24 03:25:00,90.22,90.33,90.18,90.27,1125.087612
2026-03-24 03:30:00,90.28,90.3,90.14,90.16,646.64849
2026-03-24 03:35:00,90.16,90.19,90.06,90.14,842.133743
2026-03-24 03:40:00,90.16,90.27,90.14,90.19,643.232194
2026-03-24 03:45:00,90.21,90.24,90.06,90.1,4151.422572
2026-03-24 03:50:00,90.08,90.27,89.94,90.27,1314.646783
2026-03-24 03:55:00,90.28,90.35,90.27,90.34,275.984738
2026-03-24 04:00:00,90.34,90.54,90.34,90.54,945.161716
2026-03-24 04:05:00,90.54,90.81,90.53,90.67,2100.126429
2026-03-24 04:10:00,90.68,90.8,90.64,90.7,3837.020631
2026-03-24 04:15:00,90.7,90.7,90.54,90.63,803.84846
2026-03-24 04:20:00,90.64,90.68,90.57,90.62,536.06188
2026-03-24 04:25:00,90.62,90.69,90.51,90.52,4292.758261
2026-03-24 04:30:00,90.51,90.51,90.15,90.26,1615.287371
2026-03-24 04:35:00,90.25,90.28,90.15,90.22,2686.262344
2026-03-24 04:40:00,90.24,90.26,90.16,90.19,543.7152
2026-03-24 04:45:00,90.22,90.31,90.19,90.24,622.275612
2026-03-24 04:50:00,90.23,90.47,90.19,90.45,1173.30292
2026-03-24 04:55:00,90.45,90.45,90.33,90.35,230.103399
2026-03-24 05:00:00,90.37,90.38,90.08,90.08,2297.852494
2026-03-24 05:05:00,90.08,90.13,90.0,90.05,1009.876161
2026-03-24 05:10:00,90.05,90.15,90.04,90.05,1030.156662
2026-03-24 05:15:00,90.08,90.41,90.03,90.19,2150.970834
2026-03-24 05:20:00,90.18,90.21,90.0,90.11,821.676127
2026-03-24 05:25:00,90.13,90.26,90.08,90.09,543.830604
2026-03-24 05:30:00,90.08,90.27,90.08,90.18,2056.314601
2026-03-24 05:35:00,90.18,90.3,90.04,90.1,3328.068565
2026-03-24 05:40:00,90.09,90.26,90.03,90.04,2642.308432
2026-03-24 05:45:00,90.03,90.2,90.0,90.11,2795.210961
2026-03-24 05:50:00,90.1,90.24,90.07,90.2,904.789493
2026-03-24 05:55:00,90.19,90.23,90.11,90.13,155.857474
2026-03-24 06:00:00,90.13,90.33,90.1,90.29,2262.285229
2026-03-24 06:05:00,90.29,90.42,90.26,90.39,623.735881
2026-03-24 06:10:00,90.38,90.5,90.33,90.43,2084.988151
2026-03-24 06:15:00,90.44,90.45,90.32,90.32,1800.196875
2026-03-24 06:20:00,90.31,90.52,90.19,90.19,2586.184369
2026-03-24 06:25:00,90.19,90.21,90.06,90.12,2182.55258
2026-03-24 06:30:00,90.12,90.37,90.12,90.24,2056.863916
2026-03-24 06:35:00,90.23,90.36,90.23,90.29,895.999127
2026-03-24 06:40:00,90.31,90.4,90.26,90.3,97.631059
2026-03-24 06:45:00,90.3,90.4,90.26,90.37,354.17642
2026-03-24 06:50:00,90.37,90.44,90.31,90.4,1068.739712
2026-03-24 06:55:00,90.4,90.51,90.37,90.46,1051.797142
2026-03-24 07:00:00,90.46,90.72,90.41,90.72,3359.908916
2026-03-24 07:05:00,90.72,91.15,90.7,90.96,6129.093255
2026-03-24 07:10:00,90.98,91.25,90.97,91.08,3109.886024
2026-03-24 07:15:00,91.07,91.23,90.99,91.14,4739.287648
2026-03-24 07:20:00,91.15,91.34,91.11,91.17,2132.398056
2026-03-24 07:25:00,91.18,91.26,91.11,91.19,643.043267
2026-03-24 07:30:00,91.19,91.33,91.13,91.24,6092.876798
2026-03-24 07:35:00,91.24,91.25,91.09,91.13,2717.735247
2026-03-24 07:40:00,91.12,91.27,91.11,91.26,802.131395
2026-03-24 07:45:00,91.25,91.32,91.11,91.27,2120.297432
2026-03-24 07:50:00,91.26,91.53,91.2,91.34,2887.696363
2026-03-24 07:55:00,91.34,91.88,91.34,91.73,6239.363705
2026-03-24 08:00:00,91.71,91.81,91.41,91.69,17867.325813
2026-03-24 08:05:00,91.7,91.86,91.67,91.84,1918.577631
2026-03-24 08:10:00,91.83,91.88,91.7,91.74,1556.889736
2026-03-24 08:15:00,91.76,91.76,91.4,91.42,2540.465958
2026-03-24 08:20:00,91.41,91.46,91.27,91.39,3341.814348
2026-03-24 08:25:00,91.4,91.43,91.34,91.4,1238.985228
2026-03-24 08:30:00,91.39,91.57,91.33,91.51,16268.565966
2026-03-24 08:35:00,91.51,91.81,91.48,91.73,2710.140015
2026-03-24 08:40:00,91.72,91.81,91.66,91.79,1569.844429
2026-03-24 08:45:00,91.79,91.93,91.72,91.72,7192.280017
2026-03-24 08:50:00,91.73,92.0,91.59,91.63,22857.90596
2026-03-24 08:55:00,91.62,91.63,91.48,91.57,1192.584644
2026-03-24 09:00:00,91.58,91.63,91.46,91.54,4578.121101
2026-03-24 09:05:00,91.54,91.55,91.45,91.47,2684.822867
2026-03-24 09:10:00,91.47,91.51,91.15,91.19,7404.422966
2026-03-24 09:15:00,91.19,91.48,91.01,91.46,15674.461449
2026-03-24 09:20:00,91.46,91.55,91.3,91.53,3348.621335
2026-03-24 09:25:00,91.53,91.86,91.51,91.55,14777.92187
2026-03-24 09:30:00,91.54,91.8,91.45,91.67,3802.392729
2026-03-24 09:35:00,91.66,91.73,91.62,91.73,1533.152574
2026-03-24 09:40:00,91.74,91.99,91.72,91.96,1583.66978
2026-03-24 09:45:00,91.96,91.98,91.88,91.92,930.572678
2026-03-24 09:50:00,91.93,92.1,91.78,92.05,3745.196927
2026-03-24 09:55:00,92.05,92.16,91.95,92.13,4590.607797
2026-03-24 10:00:00,92.13,92.14,91.92,91.99,1635.398743
2026-03-24 10:05:00,91.99,92.12,91.95,92.07,1014.826376
2026-03-24 10:10:00,92.07,92.1,91.97,92.06,630.186577
2026-03-24 10:15:00,92.06,92.14,91.96,92.0,3853.121038
2026-03-24 10:20:00,91.99,92.23,91.91,92.21,5830.546218
2026-03-24 10:25:00,92.21,92.23,91.95,91.96,4434.629726
2026-03-24 10:30:00,91.96,91.96,91.8,91.82,1231.003973
2026-03-24 10:35:00,91.82,92.01,91.81,91.98,1104.836819
2026-03-24 10:40:00,91.99,92.03,91.82,91.89,4856.768505
2026-03-24 10:45:00,91.88,91.88,91.75,91.88,4887.993535
2026-03-24 10:50:00,91.88,91.91,91.73,91.79,3564.498146
2026-03-24 10:55:00,91.8,91.87,91.77,91.86,1259.723273
2026-03-24 11:00:00,91.85,91.86,91.48,91.53,4818.111249
2026-03-24 11:05:00,91.53,92.14,91.53,92.12,5204.281207
2026-03-24 11:10:00,92.11,92.17,91.75,91.77,2996.342417
2026-03-24 11:15:00,91.78,91.78,91.38,91.49,2874.008889
2026-03-24 11:20:00,91.5,91.62,91.36,91.6,4137.693191
2026-03-24 11:25:00,91.6,91.63,91.49,91.52,1525.653772
2026-03-24 11:30:00,91.51,91.7,91.46,91.7,1020.140385
2026-03-24 11:35:00,91.71,92.01,91.63,91.99,2953.080463
2026-03-24 11:40:00,91.96,92.04,91.93,91.94,1776.73028
2026-03-24 11:45:00,91.92,92.01,91.9,91.92,1734.095318
2026-03-24 11:50:00,91.91,91.94,91.51,91.64,1496.609565
2026-03-24 11:55:00,91.63,91.78,91.58,91.77,973.29991
2026-03-24 12:00:00,91.79,91.83,91.66,91.67,2296.16626
2026-03-24 12:05:00,91.66,91.73,91.61,91.73,7257.948131
2026-03-24 12:10:00,91.73,91.86,91.6,91.74,1084.763878
2026-03-24 12:15:00,91.75,91.76,91.66,91.7,1258.092491
2026-03-24 12:20:00,91.67,91.77,91.65,91.73,972.544635
2026-03-24 12:25:00,91.71,91.79,91.65,91.75,831.288715
2026-03-24 12:30:00,91.75,91.75,91.38,91.47,1248.140072
2026-03-24 12:35:00,91.48,91.6,91.44,91.57,1468.270785
2026-03-24 12:40:00,91.58,91.82,91.57,91.58,4382.138477
2026-03-24 12:45:00,91.6,91.78,91.57,91.57,1658.618736
2026-03-24 12:50:00,91.57,91.78,91.57,91.65,621.530633
2026-03-24 12:55:00,91.64,91.66,91.57,91.58,684.134294
2026-03-24 13:00:00,91.59,91.76,91.56,91.62,410.521399
2026-03-24 13:05:00,91.63,91.7,91.2,91.33,3044.2243
2026-03-24 13:10:00,91.32,91.54,91.28,91.47,845.570213
2026-03-24 13:15:00,91.48,91.51,91.13,91.13,2386.55381
2026-03-24 13:20:00,91.13,91.25,91.02,91.12,7604.833872
2026-03-24 13:25:00,91.12,91.22,91.06,91.11,1132.760862
2026-03-24 13:30:00,91.11,91.32,91.03,91.15,6650.347346
2026-03-24 13:35:00,91.15,91.19,90.67,90.74,5110.685274
2026-03-24 13:40:00,90.75,90.75,89.83,90.22,30210.266749
2026-03-24 13:45:00,90.22,90.24,89.89,89.94,7783.026444
2026-03-24 13:50:00,89.92,90.09,89.57,89.72,9410.486827
2026-03-24 13:55:00,89.72,89.92,89.65,89.86,2463.510917
2026-03-24 14:00:00,89.86,90.09,89.83,89.97,10651.710653
2026-03-24 14:05:00,89.97,90.23,89.81,90.04,5700.851837
2026-03-24 14:10:00,90.04,90.06,89.31,89.53,5950.393933
2026-03-24 14:15:00,89.53,89.63,89.36,89.57,4770.585566
2026-03-24 14:20:00,89.57,89.76,89.34,89.38,6737.131583
2026-03-24 14:25:00,89.38,89.61,89.23,89.51,5287.814715
2026-03-24 14:30:00,89.51,89.79,89.49,89.79,2325.543
2026-03-24 14:35:00,89.79,89.79,89.43,89.44,3083.817521
2026-03-24 14:40:00,89.43,89.48,89.22,89.39,5722.367007
2026-03-24 14:45:00,89.4,89.41,88.9,88.93,11206.475133
2026-03-24 14:50:00,88.93,89.56,88.68,89.37,16943.868469
2026-03-24 14:55:00,89.37,89.71,89.25,89.55,15519.091566
2026-03-24 15:00:00,89.56,89.84,89.55,89.63,3602.38476
2026-03-24 15:05:00,89.63,89.73,89.53,89.63,1655.295392
2026-03-24 15:10:00,89.61,89.86,89.52,89.83,2288.773916
2026-03-24 15:15:00,89.81,89.94,89.76,89.9,1543.334346
2026-03-24 15:20:00,89.88,90.27,89.77,90.25,4750.776594
2026-03-24 15:25:00,90.24,90.29,89.9,89.91,4638.484867
2026-03-24 15:30:00,89.92,89.97,89.5,89.76,4907.065545
2026-03-24 15:35:00,89.77,90.24,89.76,90.1,2999.983025
2026-03-24 15:40:00,90.08,90.17,89.98,90.01,2835.448856
2026-03-24 15:45:00,90.0,90.06,89.87,90.06,619.686102
2026-03-24 15:50:00,90.06,90.14,89.92,89.99,2583.021672
2026-03-24 15:55:00,89.98,89.98,89.7,89.74,1200.970528
2026-03-24 16:00:00,89.74,89.78,89.59,89.67,1788.394819
2026-03-24 16:05:00,89.68,89.84,89.62,89.8,1847.61536
2026-03-24 16:10:00,89.8,89.91,89.76,89.86,830.561946
2026-03-24 16:15:00,89.87,89.97,89.76,89.92,803.893908
2026-03-24 16:20:00,89.91,89.97,89.77,89.79,671.181797
2026-03-24 16:25:00,89.78,89.78,89.55,89.7,2020.061155
2026-03-24 16:30:00,89.71,89.77,89.54,89.63,671.247828
2026-03-24 16:35:00,89.64,89.65,89.06,89.2,3963.802291
2026-03-24 16:40:00,89.21,89.44,89.14,89.42,841.660921
2026-03-24 16:45:00,89.44,89.5,89.27,89.29,984.359444
2026-03-24 16:50:00,89.3,89.44,89.28,89.32,589.598686
2026-03-24 16:55:00,89.31,89.35,89.18,89.28,1305.876553
2026-03-24 17:00:00,89.29,89.39,88.99,89.03,1886.608474
2026-03-24 17:05:00,89.02,89.11,88.81,89.02,3745.334192
2026-03-24 17:10:00,89.0,89.19,88.94,89.13,1078.218609
2026-03-24 17:15:00,89.12,89.25,89.06,89.06,607.738505
2026-03-24 17:20:00,89.07,89.22,89.06,89.18,987.09973
2026-03-24 17:25:00,89.18,89.18,89.05,89.11,396.832034
2026-03-24 17:30:00,89.1,89.18,88.86,88.96,703.675807
2026-03-24 17:35:00,88.94,89.24,88.88,89.15,1679.46351
2026-03-24 17:40:00,89.17,89.24,88.72,88.8,2009.358206
2026-03-24 17:45:00,88.81,88.91,88.78,88.89,2897.020883
2026-03-24 17:50:00,88.89,89.13,88.87,89.01,3664.773653
2026-03-24 17:55:00,89.0,89.27,88.95,89.17,2380.379247
2026-03-24 18:00:00,89.18,89.3,89.05,89.16,1812.07203
2026-03-24 18:05:00,89.14,89.28,89.1,89.21,2044.521326
2026-03-24 18:10:00,89.21,89.22,89.1,89.2,7527.213001
2026-03-24 18:15:00,89.19,89.21,89.0,89.17,4259.201492
2026-03-24 18:20:00,89.18,89.25,89.08,89.24,1625.171183
2026-03-24 18:25:00,89.23,89.29,89.12,89.17,579.584191
2026-03-24 18:30:00,89.17,89.36,89.1,89.27,1878.363891
2026-03-24 18:35:00,89.27,89.73,89.26,89.65,1866.667077
2026-03-24 18:40:00,89.65,89.65,89.09,89.1,2901.821581
2026-03-24 18:45:00,89.11,89.12,88.97,89.12,1638.589491
2026-03-24 18:50:00,89.13,89.24,89.04,89.08,2815.668204
2026-03-24 18:55:00,89.08,89.14,88.88,88.89,3923.251208
2026-03-24 19:00:00,88.89,89.11,88.87,88.92,4095.759648
2026-03-24 19:05:00,88.92,89.16,88.85,89.14,1247.575412
2026-03-24 19:10:00,89.14,89.24,89.12,89.24,1457.986856
2026-03-24 19:15:00,89.25,89.29,89.13,89.15,1145.598499
2026-03-24 19:20:00,89.15,89.15,89.0,89.0,734.679594
2026-03-24 19:25:00,89.0,89.01,88.91,88.92,2604.928606
2026-03-24 19:30:00,88.93,89.01,88.8,88.84,1176.756971
2026-03-24 19:35:00,88.85,88.92,88.82,88.88,667.146396
2026-03-24 19:40:00,88.89,88.94,88.86,88.9,1253.385714
2026-03-24 19:45:00,88.88,88.9,88.52,88.58,7648.253197
2026-03-24 19:50:00,88.61,88.64,88.44,88.53,3027.433667
2026-03-24 19:55:00,88.55,88.6,88.4,88.51,5830.868206
2026-03-24 20:00:00,88.53,88.74,88.5,88.69,2884.215006
2026-03-24 20:05:00,88.68,88.73,88.55,88.67,945.833324
2026-03-24 20:10:00,88.66,88.84,88.65,88.84,818.411589
2026-03-24 20:15:00,88.84,88.89,88.78,88.88,500.938842
2026-03-24 20:20:00,88.89,89.52,88.89,89.52,3918.782084
2026-03-24 20:25:00,89.52,90.14,89.52,89.66,7845.617468
2026-03-24 20:30:00,89.68,90.04,89.68,89.72,3158.419142
2026-03-24 20:35:00,89.72,90.11,89.7,90.05,1953.101536
2026-03-24 20:40:00,90.06,90.06,89.82,89.95,2998.80528
2026-03-24 20:45:00,89.96,90.12,89.68,90.09,1930.706941
2026-03-24 20:50:00,90.09,90.24,89.92,89.97,2224.020796
2026-03-24 20:55:00,89.98,90.06,89.97,90.03,970.616211
2026-03-24 21:00:00,90.04,90.19,90.04,90.15,1069.493682
2026-03-24 21:05:00,90.13,90.14,89.87,89.92,1723.280489
2026-03-24 21:10:00,89.92,90.05,89.9,89.96,786.63528
2026-03-24 21:15:00,89.98,90.02,89.8,89.87,1981.129959
2026-03-24 21:20:00,89.88,89.89,89.69,89.7,709.281267
2026-03-24 21:25:00,89.7,90.01,89.7,90.01,2356.514799
2026-03-24 21:30:00,90.01,90.14,90.01,90.04,1293.740289
2026-03-24 21:35:00,90.05,90.4,90.03,90.26,1786.677037
2026-03-24 21:40:00,90.27,90.62,90.23,90.41,4828.978956
2026-03-24 21:45:00,90.4,90.47,90.33,90.42,378.257966
2026-03-24 21:50:00,90.39,90.39,90.22,90.31,680.174721
2026-03-24 21:55:00,90.32,90.41,90.22,90.37,763.547134
2026-03-24 22:00:00,90.38,90.46,90.28,90.36,1513.907134
2026-03-24 22:05:00,90.38,90.69,90.34,90.62,1719.958853
2026-03-24 22:10:00,90.62,90.77,90.57,90.69,2617.156887
2026-03-24 22:15:00,90.68,90.68,90.49,90.53,1379.517625
2026-03-24 22:20:00,90.52,90.59,90.47,90.52,504.461224
2026-03-24 22:25:00,90.52,90.54,90.26,90.31,2414.828438
2026-03-24 22:30:00,90.31,90.41,90.09,90.25,2442.013919
2026-03-24 22:35:00,90.24,90.31,90.2,90.24,705.565822
2026-03-24 22:40:00,90.25,90.33,90.22,90.28,221.965526
2026-03-24 22:45:00,90.28,90.38,90.25,90.34,1183.981426
2026-03-24 22:50:00,90.34,90.38,90.24,90.28,1336.357255
2026-03-24 22:55:00,90.29,90.37,90.26,90.34,729.053759
2026-03-24 23:00:00,90.34,90.38,90.23,90.31,571.153052
2026-03-24 23:05:00,90.31,90.56,90.24,90.55,1776.639293
2026-03-24 23:10:00,90.55,90.61,90.5,90.52,1013.379213
2026-03-24 23:15:00,90.53,90.62,90.49,90.53,706.061612
2026-03-24 23:20:00,90.53,91.07,90.49,90.8,11563.751201
2026-03-24 23:25:00,90.83,91.06,90.83,91.02,1215.792512
2026-03-24 23:30:00,91.03,91.14,90.92,91.01,4105.962774
2026-03-24 23:35:00,91.02,91.13,90.96,91.1,995.167615
2026-03-24 23:40:00,91.11,91.11,90.95,90.97,407.181048
2026-03-24 23:45:00,90.97,91.02,90.85,90.95,653.531042
2026-03-24 23:50:00,90.97,90.99,90.88,90.9,433.211363
2026-03-24 23:55:00,90.89,90.89,90.78,90.79,725.052868
2026-03-25 00:00:00,90.8,90.93,90.77,90.93,815.364817
2026-03-25 00:05:00,90.93,91.09,90.9,91.09,692.899832
2026-03-25 00:10:00,91.1,91.29,91.1,91.23,3850.466441
2026-03-25 00:15:00,91.22,91.25,90.97,91.12,1486.955229
2026-03-25 00:20:00,91.13,91.15,91.05,91.11,904.84164
2026-03-25 00:25:00,91.11,91.2,91.1,91.11,1042.796057
2026-03-25 00:30:00,91.12,91.42,90.7,91.38,6994.170128
2026-03-25 00:35:00,91.38,91.56,91.36,91.49,2632.345958
2026-03-25 00:40:00,91.49,91.61,91.44,91.44,1402.104843
2026-03-25 00:45:00,91.46,91.59,91.42,91.43,985.343602
2026-03-25 00:50:00,91.43,91.49,91.35,91.47,312.22144
2026-03-25 00:55:00,91.49,91.49,91.31,91.31,316.325958
2026-03-25 01:00:00,91.32,91.34,91.17,91.25,1584.152779
2026-03-25 01:05:00,91.25,91.29,91.13,91.28,1046.04209
2026-03-25 01:10:00,91.29,91.47,91.23,91.24,874.452001
2026-03-25 01:15:00,91.23,91.25,91.05,91.05,1134.898811
2026-03-25 01:20:00,91.06,91.22,91.05,91.1,1427.901268
2026-03-25 01:25:00,91.09,91.23,91.01,91.23,1811.079863
2026-03-25 01:30:00,91.23,91.29,91.1,91.16,1141.874462
2026-03-25 01:35:00,91.17,91.21,91.1,91.15,971.382255
2026-03-25 01:40:00,91.16,91.37,91.1,91.21,1097.03226
2026-03-25 01:45:00,91.2,91.23,91.09,91.1,1163.749978
2026-03-25 01:50:00,91.12,91.17,91.08,91.1,975.079358
2026-03-25 01:55:00,91.12,91.13,90.92,90.92,2802.763315
2026-03-25 02:00:00,90.95,91.0,90.82,90.97,1996.670655
2026-03-25 02:05:00,90.97,91.14,90.89,91.04,3281.730211
2026-03-25 02:10:00,91.05,91.23,91.05,91.12,3846.643851
2026-03-25 02:15:00,91.12,91.17,91.02,91.07,504.591386
2026-03-25 02:20:00,91.05,91.15,91.04,91.04,202.842195
2026-03-25 02:25:00,91.04,91.15,91.02,91.03,318.268476
2026-03-25 02:30:00,91.03,91.11,90.97,91.08,618.9883
2026-03-25 02:35:00,91.08,91.28,91.07,91.17,1327.083305
2026-03-25 02:40:00,91.17,91.48,91.16,91.48,4698.409229
2026-03-25 02:45:00,91.48,91.52,91.23,91.25,1247.454835
2026-03-25 02:50:00,91.26,91.27,91.14,91.15,585.305637
2026-03-25 02:55:00,91.15,91.15,91.03,91.12,9350.646693
2026-03-25 03:00:00,91.13,91.13,91.05,91.12,406.333935
2026-03-25 03:05:00,91.12,91.12,90.9,90.91,816.940077
2026-03-25 03:10:00,90.91,90.95,90.79,90.9,1482.224707
2026-03-25 03:15:00,90.91,90.95,90.8,90.9,850.683662
2026-03-25 03:20:00,90.91,90.95,90.82,90.95,1003.632266
2026-03-25 03:25:00,90.95,91.02,90.92,91.0,1077.920074
2026-03-25 03:30:00,91.0,91.23,91.0,91.1,682.239125
2026-03-25 03:35:00,91.1,91.27,91.1,91.24,725.523778
2026-03-25 03:40:00,91.24,91.26,91.18,91.2,299.538543
2026-03-25 03:45:00,91.21,91.59,91.21,91.46,9622.086243
2026-03-25 03:50:00,91.47,91.91,91.47,91.82,8107.795261
2026-03-25 03:55:00,91.81,91.95,91.64,91.69,4273.646649
2026-03-25 04:00:00,91.7,91.73,91.59,91.65,981.314327
2026-03-25 04:05:00,91.65,91.92,91.62,91.92,1012.255795
2026-03-25 04:10:00,91.92,91.92,91.79,91.82,8366.862023
2026-03-25 04:15:00,91.82,91.84,91.75,91.81,355.267677
2026-03-25 04:20:00,91.8,91.8,91.65,91.74,820.135774
2026-03-25 04:25:00,91.75,91.87,91.69,91.78,1117.380327
2026-03-25 04:30:00,91.78,91.88,91.59,91.62,3011.058456
2026-03-25 04:35:00,91.61,91.7,91.59,91.64,1076.050642
2026-03-25 04:40:00,91.64,91.7,91.64,91.67,656.351096
2026-03-25 04:45:00,91.67,91.7,91.62,91.62,523.414187
2026-03-25 04:50:00,91.63,91.81,91.63,91.81,2136.013518
2026-03-25 04:55:00,91.8,92.12,91.8,92.05,4278.027282
2026-03-25 05:00:00,92.05,92.08,91.96,92.08,589.855944
2026-03-25 05:05:00,92.08,92.96,92.07,92.62,20937.694058
2026-03-25 05:10:00,92.61,92.77,92.53,92.58,2301.55079
2026-03-25 05:15:00,92.58,92.6,92.37,92.43,1305.704581
2026-03-25 05:20:00,92.43,92.51,92.35,92.44,3133.534539
2026-03-25 05:25:00,92.43,92.67,92.33,92.66,4492.968467
2026-03-25 05:30:00,92.67,92.8,92.52,92.53,3107.486001
2026-03-25 05:35:00,92.53,92.63,92.5,92.5,1865.250298
2026-03-25 05:40:00,92.49,92.55,92.46,92.53,798.975135
2026-03-25 05:45:00,92.51,92.52,92.44,92.48,1186.022758
2026-03-25 05:50:00,92.48,92.49,92.39,92.47,1153.588458
2026-03-25 05:55:00,92.47,92.49,92.39,92.42,1381.387387
2026-03-25 06:00:00,92.43,92.52,92.32,92.32,1461.510172
2026-03-25 06:05:00,92.37,92.41,92.29,92.29,2189.240994
2026-03-25 06:10:00,92.28,92.35,92.27,92.35,1368.119149
2026-03-25 06:15:00,92.35,92.45,92.33,92.35,408.259525
2026-03-25 06:20:00,92.36,92.92,92.36,92.75,6831.827618
2026-03-25 06:25:00,92.75,92.89,92.69,92.8,4702.135724
2026-03-25 06:30:00,92.82,92.83,92.64,92.75,2635.891372
2026-03-25 06:35:00,92.77,92.77,92.6,92.63,2271.472255
2026-03-25 06:40:00,92.62,92.69,92.62,92.63,438.833549
2026-03-25 06:45:00,92.64,92.72,92.63,92.66,1034.256326
2026-03-25 06:50:00,92.66,92.66,92.58,92.59,699.398824
2026-03-25 06:55:00,92.6,92.6,92.37,92.38,1797.861513
2026-03-25 07:00:00,92.39,92.49,92.31,92.36,998.215132
2026-03-25 07:05:00,92.37,92.4,92.33,92.35,1089.981463
2026-03-25 07:10:00,92.35,92.47,92.35,92.45,644.956624
2026-03-25 07:15:00,92.44,92.44,92.35,92.35,1223.923799
2026-03-25 07:20:00,92.36,92.36,92.2,92.24,1929.959233
2026-03-25 07:25:00,92.25,92.31,92.17,92.19,2025.306344
2026-03-25 07:30:00,92.19,92.36,92.18,92.27,1745.925377
2026-03-25 07:35:00,92.28,92.4,92.22,92.39,1020.725504
2026-03-25 07:40:00,92.39,92.5,92.24,92.25,1371.567203
2026-03-25 07:45:00,92.25,92.26,91.86,91.96,5447.034921
2026-03-25 07:50:00,91.96,91.98,91.87,91.88,880.591749
2026-03-25 07:55:00,91.88,91.9,91.77,91.82,2308.869309
2026-03-25 08:00:00,91.82,92.1,91.82,92.02,10618.673474
2026-03-25 08:05:00,92.02,92.07,91.86,91.89,2659.473364
2026-03-25 08:10:00,91.9,91.93,91.83,91.83,1523.228479
2026-03-25 08:15:00,91.84,92.22,91.84,92.22,3566.20378
2026-03-25 08:20:00,92.17,92.32,92.03,92.07,3077.869763
2026-03-25 08:25:00,92.07,92.31,91.99,92.18,3206.477122
2026-03-25 08:30:00,92.17,92.74,92.16,92.63,7329.838107
2026-03-25 08:35:00,92.63,92.63,92.3,92.42,4341.854744
2026-03-25 08:40:00,92.42,92.64,92.42,92.6,2111.062441
2026-03-25 08:45:00,92.59,92.63,92.44,92.45,2340.370594
2026-03-25 08:50:00,92.45,92.47,92.34,92.36,1024.429517
2026-03-25 08:55:00,92.36,92.43,92.31,92.34,1536.79441
2026-03-25 09:00:00,92.34,92.45,92.26,92.36,5762.742744
2026-03-25 09:05:00,92.36,92.45,92.33,92.45,1326.668115
2026-03-25 09:10:00,92.44,92.53,92.42,92.52,3326.827214
2026-03-25 09:15:00,92.51,92.56,92.45,92.55,2405.785264
2026-03-25 09:20:00,92.54,92.65,92.32,92.4,1989.746166
2026-03-25 09:25:00,92.39,92.5,92.38,92.38,2244.67728
2026-03-25 09:30:00,92.4,92.48,92.36,92.43,3145.588214
2026-03-25 09:35:00,92.43,92.5,92.42,92.49,1638.7513
2026-03-25 09:40:00,92.48,92.62,92.31,92.37,9945.516129
2026-03-25 09:45:00,92.38,92.38,92.13,92.24,1924.511605
2026-03-25 09:50:00,92.25,92.4,92.23,92.37,1666.759298
2026-03-25 09:55:00,92.38,92.63,92.38,92.54,2430.626286
2026-03-25 10:00:00,92.56,92.64,92.41,92.47,1637.83393
2026-03-25 10:05:00,92.48,92.53,92.44,92.51,1007.251913
2026-03-25 10:10:00,92.51,92.54,92.45,92.5,800.61023
2026-03-25 10:15:00,92.5,92.55,92.44,92.51,903.387583
2026-03-25 10:20:00,92.52,92.57,92.42,92.48,3462.631498
2026-03-25 10:25:00,92.47,92.62,92.47,92.55,1127.453785
2026-03-25 10:30:00,92.55,92.57,92.44,92.46,1647.717073
2026-03-25 10:35:00,92.46,92.5,92.43,92.43,1151.751241
2026-03-25 10:40:00,92.43,92.46,92.38,92.45,2376.500001
2026-03-25 10:45:00,92.46,92.64,92.44,92.52,1298.335974
2026-03-25 10:50:00,92.53,92.66,92.52,92.65,1820.691359
2026-03-25 10:55:00,92.65,92.69,92.54,92.65,3726.050864
2026-03-25 11:00:00,92.64,92.74,92.56,92.58,2938.404558
2026-03-25 11:05:00,92.58,92.61,92.46,92.51,1004.584231
2026-03-25 11:10:00,92.52,92.73,92.42,92.71,9231.308861
2026-03-25 11:15:00,92.7,92.77,92.65,92.74,1897.520286
2026-03-25 11:20:00,92.75,92.86,92.71,92.74,4903.094251
2026-03-25 11:25:00,92.73,93.3,92.73,93.02,12780.586797
2026-03-25 11:30:00,93.01,93.48,92.99,93.28,9320.061661
2026-03-25 11:35:00,93.28,93.39,93.08,93.19,3769.268428
2026-03-25 11:40:00,93.19,93.23,92.96,93.11,2662.879572
2026-03-25 11:45:00,93.1,93.12,92.72,92.81,3304.676037
2026-03-25 11:50:00,92.81,92.97,92.81,92.93,3496.734474
2026-03-25 11:55:00,92.92,92.98,92.85,92.98,1248.709083
2026-03-25 12:00:00,92.99,93.1,92.99,93.05,4378.14801
2026-03-25 12:05:00,93.05,93.25,93.03,93.21,2215.629366
2026-03-25 12:10:00,93.21,93.27,93.15,93.18,1713.275669
2026-03-25 12:15:00,93.18,93.2,92.62,92.69,6132.505067
2026-03-25 12:20:00,92.68,92.77,92.35,92.52,8177.03971
2026-03-25 12:25:00,92.53,92.64,92.47,92.57,6632.63922
2026-03-25 12:30:00,92.59,92.62,92.36,92.6,2642.792573
2026-03-25 12:35:00,92.61,92.77,92.57,92.76,1825.808133
2026-03-25 12:40:00,92.76,92.9,92.66,92.66,2355.683311
2026-03-25 12:45:00,92.68,92.7,92.57,92.67,1118.808198
2026-03-25 12:50:00,92.69,92.75,92.57,92.75,1396.005041
2026-03-25 12:55:00,92.76,93.44,92.76,93.04,6968.058924
2026-03-25 13:00:00,93.04,93.23,92.86,93.14,3043.908127
2026-03-25 13:05:00,93.15,93.17,93.0,93.04,451.821955
2026-03-25 13:10:00,93.03,93.1,93.01,93.09,796.722814
2026-03-25 13:15:00,93.08,93.08,92.93,93.07,911.911355
2026-03-25 13:20:00,93.06,93.17,92.98,93.0,306.128522
2026-03-25 13:25:00,93.01,93.02,92.93,92.98,406.298775
2026-03-25 13:30:00,92.97,93.38,92.97,93.18,5286.697171
2026-03-25 13:35:00,93.17,93.42,93.12,93.19,2304.22462
2026-03-25 13:40:00,93.2,93.32,92.96,93.01,1026.804992
2026-03-25 13:45:00,92.99,93.22,92.96,92.96,17138.537968
2026-03-25 13:50:00,92.95,93.04,92.74,92.84,4932.461841
2026-03-25 13:55:00,92.83,92.96,92.71,92.74,6200.894658
2026-03-25 14:00:00,92.74,92.91,92.48,92.69,10780.227047
2026-03-25 14:05:00,92.7,92.72,92.28,92.45,6436.05178
2026-03-25 14:10:00,92.45,92.45,92.26,92.38,5334.308928
2026-03-25 14:15:00,92.39,92.6,92.24,92.25,2949.424644
2026-03-25 14:20:00,92.27,92.47,92.03,92.07,7749.035314
2026-03-25 14:25:00,92.09,92.4,92.08,92.2,7098.064631
2026-03-25 14:30:00,92.21,92.43,92.14,92.34,1766.187647
2026-03-25 14:35:00,92.35,92.42,92.1,92.14,1125.992454
2026-03-25 14:40:00,92.14,92.27,92.1,92.18,1823.391899
2026-03-25 14:45:00,92.17,92.29,92.08,92.23,947.942592
2026-03-25 14:50:00,92.23,92.32,92.13,92.13,1322.237147
2026-03-25 14:55:00,92.13,92.16,91.93,91.96,2979.183037
2026-03-25 15:00:00,91.96,92.07,91.95,91.99,916.120951
2026-03-25 15:05:00,91.99,92.05,91.47,91.53,8953.634683
2026-03-25 15:10:00,91.54,91.73,91.42,91.49,4054.575325
2026-03-25 15:15:00,91.48,91.55,91.0,91.21,7628.249034
2026-03-25 15:20:00,91.23,91.67,91.23,91.62,3385.189831
2026-03-25 15:25:00,91.6,91.73,91.49,91.71,2014.013872
2026-03-25 15:30:00,91.73,91.87,91.69,91.79,2933.715534
2026-03-25 15:35:00,91.81,91.82,91.55,91.61,1798.502292
2026-03-25 15:40:00,91.6,91.69,91.55,91.66,796.911728
2026-03-25 15:45:00,91.66,91.82,91.56,91.77,2131.270364
2026-03-25 15:50:00,91.79,91.91,91.79,91.87,2334.627935
2026-03-25 15:55:00,91.89,92.09,91.75,91.79,12502.845222
2026-03-25 16:00:00,91.78,91.87,91.74,91.77,1855.080124
2026-03-25 16:05:00,91.77,91.89,91.61,91.87,1905.988295
2026-03-25 16:10:00,91.87,91.87,91.68,91.72,443.594261
2026-03-25 16:15:00,91.71,91.76,91.65,91.76,1223.468911
2026-03-25 16:20:00,91.78,92.03,91.75,92.03,1158.794753
2026-03-25 16:25:00,92.03,92.76,92.01,92.43,13448.458994
2026-03-25 16:30:00,92.42,92.55,92.34,92.39,2910.768007
2026-03-25 16:35:00,92.39,92.66,92.31,92.66,3533.904082
2026-03-25 16:40:00,92.64,92.64,92.48,92.48,1254.209975
2026-03-25 16:45:00,92.47,92.47,92.25,92.29,1047.528821
2026-03-25 16:50:00,92.29,92.4,92.18,92.36,1444.622078
2026-03-25 16:55:00,92.36,92.39,92.16,92.22,1054.182822
2026-03-25 17:00:00,92.22,92.33,92.16,92.28,674.996161
2026-03-25 17:05:00,92.26,92.26,92.08,92.11,2711.813045
2026-03-25 17:10:00,92.11,92.16,92.03,92.14,3264.354476
2026-03-25 17:15:00,92.13,92.13,91.96,92.05,949.93042
2026-03-25 17:20:00,92.05,92.22,91.99,92.07,949.023643
2026-03-25 17:25:00,92.1,92.35,92.09,92.14,3914.429548
2026-03-25 17:30:00,92.12,92.12,92.01,92.07,1394.305766
2026-03-25 17:35:00,92.07,92.12,91.8,91.93,4849.966976
2026-03-25 17:40:00,91.94,92.08,91.88,91.93,2483.831719
2026-03-25 17:45:00,91.93,92.02,91.9,91.91,1345.251299
2026-03-25 17:50:00,91.9,91.92,91.65,91.66,3438.833166
2026-03-25 17:55:00,91.66,91.8,91.61,91.71,1309.193428
2026-03-25 18:00:00,91.72,91.81,91.66,91.79,2085.257098
2026-03-25 18:05:00,91.79,91.96,91.78,91.79,1171.521078
2026-03-25 18:10:00,91.79,91.91,91.79,91.89,1873.521623
2026-03-25 18:15:00,91.9,92.09,91.9,92.0,1560.234179
2026-03-25 18:20:00,92.0,92.2,92.0,92.13,1163.884946
2026-03-25 18:25:00,92.12,92.12,91.99,92.05,304.173655
2026-03-25 18:30:00,92.08,92.1,91.97,92.01,781.375977
2026-03-25 18:35:00,92.01,92.03,91.83,91.87,723.468395
2026-03-25 18:40:00,91.86,91.88,91.72,91.79,563.701541
2026-03-25 18:45:00,91.8,91.84,91.76,91.78,803.570144
2026-03-25 18:50:00,91.78,91.9,91.77,91.9,217.663564
2026-03-25 18:55:00,91.87,91.87,91.46,91.69,1750.232196
2026-03-25 19:00:00,91.7,91.92,91.63,91.92,765.485743
2026-03-25 19:05:00,91.93,91.94,91.72,91.75,877.955863
2026-03-25 19:10:00,91.76,91.85,91.65,91.84,746.805326
2026-03-25 19:15:00,91.85,91.9,91.8,91.87,501.054535
2026-03-25 19:20:00,91.86,92.0,91.83,91.87,1017.03251
2026-03-25 19:25:00,91.87,91.89,91.69,91.76,681.47873
2026-03-25 19:30:00,91.78,91.8,91.65,91.79,972.718814
2026-03-25 19:35:00,91.8,91.91,91.68,91.91,572.385184
2026-03-25 19:40:00,91.9,91.97,91.68,91.68,507.994049
2026-03-25 19:45:00,91.69,91.76,91.61,91.73,242.154274
2026-03-25 19:50:00,91.74,91.8,91.65,91.68,398.769171
2026-03-25 19:55:00,91.69,91.76,91.41,91.76,4087.544452
2026-03-25 20:00:00,91.76,91.78,91.58,91.6,1112.500196
2026-03-25 20:05:00,91.59,91.62,91.32,91.33,3518.157518
2026-03-25 20:10:00,91.32,91.34,91.15,91.17,4399.429053
2026-03-25 20:15:00,91.18,91.35,91.14,91.35,1572.890382
2026-03-25 20:20:00,91.36,91.38,91.24,91.27,1100.259578
2026-03-25 20:25:00,91.27,91.27,91.13,91.23,1299.651387
2026-03-25 20:30:00,91.22,91.27,91.1,91.23,974.360387
2026-03-25 20:35:00,91.23,91.34,91.18,91.34,453.638111
2026-03-25 20:40:00,91.33,91.49,91.25,91.48,771.730411
2026-03-25 20:45:00,91.49,91.49,91.37,91.45,917.127631
2026-03-25 20:50:00,91.46,91.57,91.46,91.54,434.89188
2026-03-25 20:55:00,91.56,91.57,91.45,91.49,698.973675
2026-03-25 21:00:00,91.5,91.51,91.36,91.42,599.293697
2026-03-25 21:05:00,91.42,91.49,91.29,91.49,559.254494
2026-03-25 21:10:00,91.5,91.6,91.45,91.6,868.835832
2026-03-25 21:15:00,91.6,91.61,91.48,91.56,1046.660227
2026-03-25 21:20:00,91.56,91.57,91.41,91.42,448.108377
2026-03-25 21:25:00,91.43,91.43,91.24,91.25,1463.857693
2026-03-25 21:30:00,91.25,91.34,91.18,91.32,939.792551
2026-03-25 21:35:00,91.32,91.41,91.26,91.41,422.549745
2026-03-25 21:40:00,91.42,91.45,91.33,91.38,976.173195
2026-03-25 21:45:00,91.38,91.41,91.16,91.17,516.766992
2026-03-25 21:50:00,91.19,91.26,91.17,91.26,699.914897
2026-03-25 21:55:00,91.26,91.31,91.23,91.26,232.924549
2026-03-25 22:00:00,91.27,91.37,91.2,91.27,575.570621
2026-03-25 22:05:00,91.29,91.3,91.06,91.07,7133.140181
2026-03-25 22:10:00,91.07,91.16,91.06,91.11,1827.801292
2026-03-25 22:15:00,91.1,91.17,91.02,91.1,1460.800028
2026-03-25 22:20:00,91.12,91.19,91.07,91.18,954.947159
2026-03-25 22:25:00,91.19,91.3,91.19,91.24,653.525593
2026-03-25 22:30:00,91.24,91.71,91.24,91.7,3927.385909
2026-03-25 22:35:00,91.7,91.78,91.57,91.57,3703.132023
2026-03-25 22:40:00,91.57,91.94,91.57,91.76,10479.149072
2026-03-25 22:45:00,91.77,91.95,91.73,91.8,4089.420131
2026-03-25 22:50:00,91.8,91.81,91.68,91.8,1835.212713
2026-03-25 22:55:00,91.81,91.87,91.71,91.76,1123.60121
2026-03-25 23:00:00,91.75,91.83,91.71,91.83,1546.21929
2026-03-25 23:05:00,91.83,91.85,91.75,91.8,540.711187
2026-03-25 23:10:00,91.78,91.84,91.67,91.67,201.996896
2026-03-25 23:15:00,91.66,91.67,91.53,91.66,1558.753294
2026-03-25 23:20:00,91.65,91.74,91.61,91.74,838.395949
2026-03-25 23:25:00,91.73,91.8,91.71,91.73,552.443588
2026-03-25 23:30:00,91.74,91.74,91.66,91.71,731.146293
2026-03-25 23:35:00,91.71,91.76,91.61,91.61,585.596944
2026-03-25 23:40:00,91.61,91.63,91.53,91.56,1415.647936
2026-03-25 23:45:00,91.55,91.64,91.47,91.6,1158.374026
2026-03-25 23:50:00,91.6,91.77,91.6,91.77,304.877587
2026-03-25 23:55:00,91.76,91.77,91.69,91.71,403.071119
2026-03-26 00:00:00,91.71,91.76,91.62,91.62,5267.043676
2026-03-26 00:05:00,91.63,91.65,91.54,91.54,664.453637
2026-03-26 00:10:00,91.54,91.68,91.5,91.68,675.061154
2026-03-26 00:15:00,91.7,91.89,91.68,91.68,1812.391833
2026-03-26 00:20:00,91.69,91.76,91.65,91.66,545.269426
2026-03-26 00:25:00,91.66,91.78,91.6,91.78,729.749097
2026-03-26 00:30:00,91.78,91.89,91.74,91.81,715.260662
2026-03-26 00:35:00,91.82,91.95,91.82,91.9,843.304347
2026-03-26 00:40:00,91.91,91.93,91.8,91.88,569.58445
2026-03-26 00:45:00,91.88,91.98,91.83,91.9,1467.978409
2026-03-26 00:50:00,91.9,91.91,91.62,91.65,601.026968
2026-03-26 00:55:00,91.64,91.72,91.53,91.72,1765.717428
2026-03-26 01:00:00,91.72,91.9,91.71,91.84,472.922106
2026-03-26 01:05:00,91.84,91.85,91.75,91.77,876.927698
2026-03-26 01:10:00,91.78,91.85,91.71,91.78,320.84174
2026-03-26 01:15:00,91.78,91.78,91.62,91.73,1491.797964
2026-03-26 01:20:00,91.72,91.84,91.72,91.81,217.131088
2026-03-26 01:25:00,91.82,91.96,91.82,91.88,1454.302931
2026-03-26 01:30:00,91.88,91.95,91.83,91.92,729.465163
2026-03-26 01:35:00,91.93,91.95,91.84,91.9,1423.399213
2026-03-26 01:40:00,91.89,91.9,91.73,91.75,1522.28543
2026-03-26 01:45:00,91.75,91.86,91.74,91.79,220.238815
2026-03-26 01:50:00,91.79,91.85,91.73,91.82,2699.591922
2026-03-26 01:55:00,91.81,91.93,91.78,91.84,905.212314
2026-03-26 02:00:00,91.83,91.86,91.78,91.83,404.931707
2026-03-26 02:05:00,91.83,91.83,91.54,91.57,2483.093831
2026-03-26 02:10:00,91.58,91.62,91.45,91.52,1151.460602
2026-03-26 02:15:00,91.52,91.53,91.19,91.22,1840.320491
2026-03-26 02:20:00,91.22,91.39,91.18,91.23,1746.503381
2026-03-26 02:25:00,91.24,91.39,91.22,91.22,691.890639
2026-03-26 02:30:00,91.23,91.25,90.65,90.92,7706.898708
2026-03-26 02:35:00,90.92,90.93,90.69,90.73,2457.35937
2026-03-26 02:40:00,90.74,90.94,90.72,90.89,510.704642
2026-03-26 02:45:00,90.88,90.97,90.84,90.95,1317.395385
2026-03-26 02:50:00,90.96,90.99,90.82,90.89,858.571959
2026-03-26 02:55:00,90.88,90.97,90.87,90.96,419.641077
2026-03-26 03:00:00,90.95,90.95,90.74,90.78,2355.069429
2026-03-26 03:05:00,90.78,90.86,90.73,90.85,872.336029
2026-03-26 03:10:00,90.86,91.08,90.85,91.08,949.946583
2026-03-26 03:15:00,91.07,91.07,90.89,90.93,2678.520757
2026-03-26 03:20:00,90.91,90.95,90.65,90.72,3712.935552
2026-03-26 03:25:00,90.72,90.81,90.6,90.69,2648.653766
2026-03-26 03:30:00,90.69,90.86,90.68,90.82,785.926939
2026-03-26 03:35:00,90.83,90.94,90.81,90.93,905.462288
2026-03-26 03:40:00,90.92,90.98,90.92,90.96,551.848374
2026-03-26 03:45:00,90.96,91.03,90.93,90.98,339.829118
2026-03-26 03:50:00,90.97,91.13,90.94,91.12,1017.371504
2026-03-26 03:55:00,91.12,91.15,91.06,91.07,1438.138404
2026-03-26 04:00:00,91.07,91.07,90.9,90.91,696.061374
2026-03-26 04:05:00,90.91,90.93,90.88,90.9,362.720039
2026-03-26 04:10:00,90.89,90.93,90.79,90.79,716.949846
2026-03-26 04:15:00,90.78,90.82,90.68,90.75,3287.808901
2026-03-26 04:20:00,90.76,90.86,90.74,90.81,693.309038
2026-03-26 04:25:00,90.81,90.9,90.81,90.9,360.914017
2026-03-26 04:30:00,90.9,90.98,90.83,90.85,302.351352
2026-03-26 04:35:00,90.86,90.94,90.85,90.92,169.995852
2026-03-26 04:40:00,90.91,90.92,90.81,90.87,1791.841072
2026-03-26 04:45:00,90.88,90.99,90.87,90.98,342.962568
2026-03-26 04:50:00,90.98,90.99,90.84,90.86,1610.730614
2026-03-26 04:55:00,90.85,90.87,90.78,90.81,564.911156
2026-03-26 05:00:00,90.82,90.86,90.78,90.83,642.652699
2026-03-26 05:05:00,90.83,90.84,90.36,90.46,8000.814494
2026-03-26 05:10:00,90.45,90.48,89.96,90.02,24644.053216
2026-03-26 05:15:00,90.02,90.04,89.92,89.97,8376.838426
2026-03-26 05:20:00,89.98,90.08,89.98,90.06,1838.716363
2026-03-26 05:25:00,90.06,90.09,89.87,90.06,2607.11107
2026-03-26 05:30:00,90.07,90.15,89.97,90.09,2857.858981
2026-03-26 05:35:00,90.09,90.14,90.0,90.02,3293.504063
2026-03-26 05:40:00,90.01,90.03,89.5,89.62,14520.489282
2026-03-26 05:45:00,89.63,89.65,89.29,89.58,11016.416034
2026-03-26 05:50:00,89.57,89.57,89.24,89.26,3099.236713
2026-03-26 05:55:00,89.26,89.3,89.13,89.25,3507.65505
2026-03-26 06:00:00,89.25,89.31,89.0,89.18,7332.828231
2026-03-26 06:05:00,89.19,89.29,89.03,89.24,4227.095872
2026-03-26 06:10:00,89.24,89.25,89.07,89.22,3977.286992
2026-03-26 06:15:00,89.23,89.25,89.12,89.21,1696.43652
2026-03-26 06:20:00,89.21,89.21,88.98,89.04,8645.649158
2026-03-26 06:25:00,89.03,89.12,88.88,89.09,12475.820873
2026-03-26 06:30:00,89.1,89.16,88.99,89.02,3820.62547
2026-03-26 06:35:00,89.02,89.04,88.92,88.95,3278.27885
2026-03-26 06:40:00,88.96,89.01,88.89,89.0,2493.701869
2026-03-26 06:45:00,89.0,89.12,88.97,89.1,2983.141333
2026-03-26 06:50:00,89.1,89.11,89.04,89.06,1665.965303
2026-03-26 06:55:00,89.07,89.18,89.01,89.06,2848.319757
2026-03-26 07:00:00,89.05,89.27,89.0,89.2,5548.72206
2026-03-26 07:05:00,89.2,89.25,89.01,89.22,4334.562753
2026-03-26 07:10:00,89.22,89.22,89.11,89.14,1107.176286
2026-03-26 07:15:00,89.14,89.21,89.09,89.16,1941.374213
2026-03-26 07:20:00,89.16,89.37,88.97,89.09,8289.734098
2026-03-26 07:25:00,89.08,89.1,88.97,88.99,1924.295483
2026-03-26 07:30:00,88.99,89.03,88.8,89.0,3713.732206
2026-03-26 07:35:00,89.0,89.11,88.96,89.1,1033.278533
2026-03-26 07:40:00,89.1,89.18,88.81,88.84,4860.725006
2026-03-26 07:45:00,88.84,89.06,88.82,89.06,6149.15004
2026-03-26 07:50:00,89.06,89.21,89.04,89.21,1057.445338
2026-03-26 07:55:00,89.2,89.21,89.08,89.1,1392.280103
2026-03-26 08:00:00,89.09,89.1,88.83,88.87,5808.232195
2026-03-26 08:05:00,88.87,88.92,88.72,88.86,4445.412615
2026-03-26 08:10:00,88.87,88.87,88.7,88.73,904.887965
2026-03-26 08:15:00,88.74,88.85,88.68,88.75,1285.718996
2026-03-26 08:20:00,88.76,88.8,88.64,88.71,1037.656199
2026-03-26 08:25:00,88.71,88.79,88.67,88.69,1670.15733
2026-03-26 08:30:00,88.69,88.82,88.66,88.82,1834.933522
2026-03-26 08:35:00,88.82,88.88,88.71,88.75,936.635622
2026-03-26 08:40:00,88.74,88.79,88.68,88.76,3134.461886
2026-03-26 08:45:00,88.76,88.9,88.72,88.79,1008.618501
2026-03-26 08:50:00,88.78,88.91,88.76,88.86,2199.710792
2026-03-26 08:55:00,88.85,88.97,88.84,88.89,813.778025
2026-03-26 09:00:00,88.88,88.89,88.7,88.82,1548.918826
2026-03-26 09:05:00,88.8,89.02,88.76,88.92,791.681613
2026-03-26 09:10:00,88.92,88.98,88.87,88.9,1712.744718
2026-03-26 09:15:00,88.91,88.92,88.74,88.79,440.10895
2026-03-26 09:20:00,88.79,88.9,88.79,88.83,634.494359
2026-03-26 09:25:00,88.82,88.94,88.8,88.91,466.239299
2026-03-26 09:30:00,88.9,88.9,87.75,87.84,26562.142431
2026-03-26 09:35:00,87.86,88.2,87.78,88.05,3325.999961
2026-03-26 09:40:00,88.06,88.16,87.99,88.12,5467.304465
2026-03-26 09:45:00,88.12,88.12,87.89,87.92,3682.127501
2026-03-26 09:50:00,87.92,88.17,87.92,88.16,2493.226806
2026-03-26 09:55:00,88.16,88.22,88.11,88.11,3042.217839
2026-03-26 10:00:00,88.11,88.14,88.02,88.03,2867.471313
2026-03-26 10:05:00,88.03,88.16,87.94,87.96,3188.509397
2026-03-26 10:10:00,87.97,88.1,87.9,88.05,1040.431305
2026-03-26 10:15:00,88.05,88.24,88.04,88.18,2413.342873
2026-03-26 10:20:00,88.18,88.29,88.15,88.28,1037.058466
2026-03-26 10:25:00,88.28,88.33,88.26,88.27,1781.34286
2026-03-26 10:30:00,88.26,88.34,88.09,88.12,3531.404846
2026-03-26 10:35:00,88.12,88.12,87.78,87.84,4810.277996
2026-03-26 10:40:00,87.84,87.94,87.79,87.84,3800.530188
2026-03-26 10:45:00,87.83,87.96,87.81,87.92,1152.775172
2026-03-26 10:50:00,87.92,87.98,87.9,87.91,662.615177
2026-03-26 10:55:00,87.91,87.96,87.88,87.95,610.725145
2026-03-26 11:00:00,87.96,88.07,87.89,88.01,664.406534
2026-03-26 11:05:00,88.0,88.12,87.86,87.97,2963.42379
2026-03-26 11:10:00,87.98,87.98,87.62,87.91,4896.872096
2026-03-26 11:15:00,87.9,87.94,87.81,87.86,2080.360346
2026-03-26 11:20:00,87.88,87.89,87.52,87.56,7770.952887
2026-03-26 11:25:00,87.55,87.66,87.45,87.62,5239.980057
2026-03-26 11:30:00,87.62,87.75,87.6,87.66,1978.788627
2026-03-26 11:35:00,87.66,87.76,87.63,87.76,1984.712359
2026-03-26 11:40:00,87.76,87.77,87.59,87.65,2413.714682
2026-03-26 11:45:00,87.65,87.68,87.58,87.61,1091.018973
2026-03-26 11:50:00,87.61,87.74,87.6,87.71,1673.523425
2026-03-26 11:55:00,87.71,87.71,87.54,87.57,1173.119601
2026-03-26 12:00:00,87.57,87.61,87.47,87.54,2479.866051
2026-03-26 12:05:00,87.54,87.58,87.41,87.55,2071.245043
2026-03-26 12:10:00,87.55,87.67,87.55,87.6,1498.947268
2026-03-26 12:15:00,87.61,87.67,87.54,87.63,1098.712085
2026-03-26 12:20:00,87.65,87.77,87.61,87.71,1623.068254
2026-03-26 12:25:00,87.71,87.77,87.68,87.73,1450.196559
2026-03-26 12:30:00,87.74,87.85,87.63,87.63,5453.453348
2026-03-26 12:35:00,87.63,87.63,87.48,87.58,1285.325718
2026-03-26 12:40:00,87.57,87.58,87.45,87.56,1318.946282
2026-03-26 12:45:00,87.56,87.69,87.5,87.54,1471.778749
2026-03-26 12:50:00,87.53,87.61,87.5,87.61,887.525222
2026-03-26 12:55:00,87.61,87.63,87.57,87.59,652.796914
2026-03-26 13:00:00,87.59,87.68,87.55,87.66,1406.198124
2026-03-26 13:05:00,87.66,87.8,87.64,87.75,2038.694279
2026-03-26 13:10:00,87.76,87.83,87.68,87.8,2202.246075
2026-03-26 13:15:00,87.8,87.91,87.76,87.84,2234.983892
2026-03-26 13:20:00,87.83,87.87,87.79,87.8,1210.882351
2026-03-26 13:25:00,87.8,87.83,87.74,87.81,1872.533997
2026-03-26 13:30:00,87.8,87.85,87.48,87.49,4195.132599
2026-03-26 13:35:00,87.49,87.7,87.33,87.42,4135.637356
2026-03-26 13:40:00,87.42,87.87,87.34,87.83,3123.440129
2026-03-26 13:45:00,87.84,88.28,87.81,87.91,7898.266926
2026-03-26 13:50:00,87.92,88.22,87.91,88.14,4329.790206
2026-03-26 13:55:00,88.14,88.16,87.74,87.92,4735.844531
2026-03-26 14:00:00,87.93,88.07,87.85,88.04,1480.919794
2026-03-26 14:05:00,88.02,88.18,87.8,87.86,3693.547155
2026-03-26 14:10:00,87.87,87.9,87.64,87.84,1929.771333
2026-03-26 14:15:00,87.84,87.9,87.55,87.55,2405.941955
2026-03-26 14:20:00,87.54,87.63,87.46,87.6,2554.788977
2026-03-26 14:25:00,87.58,87.81,87.48,87.61,1246.630295
2026-03-26 14:30:00,87.62,87.93,87.62,87.9,1919.523163
2026-03-26 14:35:00,87.89,87.89,87.69,87.79,916.703879
2026-03-26 14:40:00,87.79,88.01,87.63,87.67,1473.687411
2026-03-26 14:45:00,87.65,87.7,87.52,87.57,2508.503188
2026-03-26 14:50:00,87.59,87.65,87.17,87.33,3834.169038
2026-03-26 14:55:00,87.33,87.65,87.25,87.55,2844.112728
2026-03-26 15:00:00,87.55,87.59,87.39,87.39,1274.501491
2026-03-26 15:05:00,87.38,87.48,86.92,87.14,10213.782353
2026-03-26 15:10:00,87.14,87.2,86.93,86.96,5764.517512
2026-03-26 15:15:00,86.96,87.23,86.71,87.17,5026.811276
2026-03-26 15:20:00,87.16,87.43,87.16,87.42,3217.097302
2026-03-26 15:25:00,87.42,87.54,87.4,87.47,1501.871352
2026-03-26 15:30:00,87.46,87.48,87.3,87.37,1543.909329
2026-03-26 15:35:00,87.35,87.4,87.3,87.39,987.033741
2026-03-26 15:40:00,87.39,87.5,87.37,87.44,1087.736406
2026-03-26 15:45:00,87.45,87.65,87.42,87.64,1303.30729
2026-03-26 15:50:00,87.63,87.82,87.6,87.68,1643.425607
2026-03-26 15:55:00,87.68,87.68,87.51,87.54,710.190085
2026-03-26 16:00:00,87.54,87.62,87.49,87.59,2560.268887
2026-03-26 16:05:00,87.57,87.62,87.52,87.55,1022.499451
2026-03-26 16:10:00,87.54,87.56,87.4,87.5,2360.752653
2026-03-26 16:15:00,87.49,87.68,87.31,87.65,4160.324495
2026-03-26 16:20:00,87.65,87.73,87.55,87.73,818.835524
2026-03-26 16:25:00,87.72,87.72,87.46,87.48,1327.824942
2026-03-26 16:30:00,87.47,87.51,87.36,87.51,1577.090124
2026-03-26 16:35:00,87.51,87.53,87.16,87.27,5632.301049
2026-03-26 16:40:00,87.29,87.31,87.19,87.29,3187.10983
2026-03-26 16:45:00,87.3,87.32,87.14,87.22,749.009444
2026-03-26 16:50:00,87.21,87.25,87.15,87.23,897.370087
2026-03-26 16:55:00,87.22,87.26,87.18,87.22,2125.477425
2026-03-26 17:00:00,87.22,87.4,87.14,87.38,1030.195177
2026-03-26 17:05:00,87.37,87.44,87.22,87.22,2385.209948
2026-03-26 17:10:00,87.21,87.21,87.06,87.08,1279.126064
2026-03-26 17:15:00,87.12,87.24,87.12,87.22,3705.782084
2026-03-26 17:20:00,87.22,87.27,87.16,87.2,1306.261269
2026-03-26 17:25:00,87.2,87.34,87.17,87.34,325.430842
2026-03-26 17:30:00,87.35,87.47,87.33,87.47,1905.480117
2026-03-26 17:35:00,87.47,87.5,87.25,87.25,504.598981
2026-03-26 17:40:00,87.25,87.25,87.17,87.19,1450.77094
2026-03-26 17:45:00,87.18,87.21,86.92,86.94,5209.461805
2026-03-26 17:50:00,86.94,87.0,86.81,86.95,4934.315714
2026-03-26 17:55:00,86.95,86.95,86.53,86.61,9452.583098
2026-03-26 18:00:00,86.61,86.82,86.54,86.55,3652.986591
2026-03-26 18:05:00,86.55,86.64,86.41,86.6,2569.684891
2026-03-26 18:10:00,86.6,86.61,86.4,86.55,2338.279223
2026-03-26 18:15:00,86.54,86.54,86.01,86.05,18959.494842
2026-03-26 18:20:00,86.05,86.15,85.88,86.04,8401.969693
2026-03-26 18:25:00,86.03,86.06,85.81,85.88,5549.580898
2026-03-26 18:30:00,85.88,85.96,85.74,85.82,4865.595744
2026-03-26 18:35:00,85.83,86.02,85.8,86.02,3238.03428
2026-03-26 18:40:00,86.01,86.04,85.93,85.97,1662.325087
2026-03-26 18:45:00,85.95,86.1,85.91,86.06,2148.554605
2026-03-26 18:50:00,86.06,86.13,85.97,86.13,2642.226984
2026-03-26 18:55:00,86.13,86.13,86.02,86.05,3311.30569
2026-03-26 19:00:00,86.07,86.08,85.93,86.05,3500.095938
2026-03-26 19:05:00,86.04,86.05,85.85,86.04,2772.696643
2026-03-26 19:10:00,86.03,86.06,85.95,85.99,1995.506614
2026-03-26 19:15:00,85.99,86.06,85.96,86.03,976.709715
2026-03-26 19:20:00,86.03,86.09,85.93,85.93,2361.176561
2026-03-26 19:25:00,85.92,85.92,85.53,85.66,8886.723173
2026-03-26 19:30:00,85.66,85.72,85.49,85.66,5227.461794
2026-03-26 19:35:00,85.67,85.87,85.66,85.78,813.859774
2026-03-26 19:40:00,85.79,85.88,85.75,85.87,466.501675
2026-03-26 19:45:00,85.87,85.88,85.75,85.75,1501.837901
2026-03-26 19:50:00,85.76,85.81,85.58,85.66,1991.570047
2026-03-26 19:55:00,85.66,85.73,85.43,85.46,5103.351783
2026-03-26 20:00:00,85.47,85.6,85.43,85.6,3386.022786
2026-03-26 20:05:00,85.61,85.69,85.51,85.68,1039.960019
2026-03-26 20:10:00,85.68,87.13,85.64,86.62,40297.764899
2026-03-26 20:15:00,86.6,86.94,86.5,86.68,8465.161219
2026-03-26 20:20:00,86.67,86.9,86.56,86.79,2821.014266
2026-03-26 20:25:00,86.78,86.8,86.42,86.53,4782.101738
2026-03-26 20:30:00,86.54,86.65,86.5,86.56,652.636878
2026-03-26 20:35:00,86.57,86.71,86.57,86.68,950.877987
2026-03-26 20:40:00,86.67,86.69,86.55,86.68,669.397154
2026-03-26 20:45:00,86.68,86.7,86.6,86.63,515.208739
2026-03-26 20:50:00,86.63,86.63,86.26,86.31,1015.263264
2026-03-26 20:55:00,86.3,86.36,86.25,86.34,1349.385813
2026-03-26 21:00:00,86.35,86.37,86.21,86.32,657.868793
2026-03-26 21:05:00,86.32,86.46,86.29,86.45,1251.4418
2026-03-26 21:10:00,86.46,86.72,86.46,86.66,2745.435048
2026-03-26 21:15:00,86.68,86.74,86.6,86.71,552.77364
2026-03-26 21:20:00,86.7,86.94,86.64,86.9,3811.035531
2026-03-26 21:25:00,86.87,87.1,86.84,87.0,5762.402922
2026-03-26 21:30:00,87.01,87.13,86.96,87.04,2433.36924
2026-03-26 21:35:00,87.04,87.08,86.93,86.93,1141.25586
2026-03-26 21:40:00,86.93,87.06,86.87,86.97,2473.444582
2026-03-26 21:45:00,86.98,86.98,86.89,86.93,543.065184
2026-03-26 21:50:00,86.95,86.97,86.83,86.89,220.992709
2026-03-26 21:55:00,86.9,86.96,86.83,86.84,343.112359
2026-03-26 22:00:00,86.84,86.9,86.62,86.68,892.814551
2026-03-26 22:05:00,86.68,86.8,86.5,86.61,1081.005076
2026-03-26 22:10:00,86.63,86.79,86.58,86.67,874.389477
2026-03-26 22:15:00,86.67,86.7,86.56,86.64,331.032644
2026-03-26 22:20:00,86.62,86.75,86.34,86.44,1565.900473
2026-03-26 22:25:00,86.44,86.62,86.24,86.6,2544.382941
2026-03-26 22:30:00,86.58,86.66,86.44,86.63,2757.260184
2026-03-26 22:35:00,86.63,86.66,86.56,86.66,286.370539
2026-03-26 22:40:00,86.67,86.73,86.65,86.68,513.055926
2026-03-26 22:45:00,86.68,86.75,86.66,86.72,529.391755
2026-03-26 22:50:00,86.72,86.75,86.63,86.75,1983.713748
2026-03-26 22:55:00,86.75,86.82,86.71,86.82,423.001766
2026-03-26 23:00:00,86.82,86.96,86.82,86.91,1004.161777
2026-03-26 23:05:00,86.91,86.92,86.73,86.74,928.486254
2026-03-26 23:10:00,86.74,86.78,86.69,86.71,662.534711
2026-03-26 23:15:00,86.72,86.83,86.66,86.82,832.34304
2026-03-26 23:20:00,86.82,86.82,86.55,86.59,983.820849
2026-03-26 23:25:00,86.58,86.62,86.49,86.62,1154.481765
2026-03-26 23:30:00,86.63,86.64,86.21,86.33,13354.288959
2026-03-26 23:35:00,86.32,86.48,86.31,86.31,3539.556442
2026-03-26 23:40:00,86.32,86.39,86.32,86.39,1072.877171
2026-03-26 23:45:00,86.39,86.43,86.34,86.41,1735.896242
2026-03-26 23:50:00,86.41,86.52,86.41,86.5,443.019009
2026-03-26 23:55:00,86.46,86.55,86.45,86.53,1067.104501
2026-03-27 00:00:00,86.53,86.55,86.39,86.41,2013.334653
2026-03-27 00:05:00,86.42,86.75,86.42,86.74,3634.565736
2026-03-27 00:10:00,86.74,86.79,86.71,86.75,823.049476
2026-03-27 00:15:00,86.75,86.78,86.63,86.67,595.995271
2026-03-27 00:20:00,86.68,86.71,86.36,86.45,3946.604531
2026-03-27 00:25:00,86.45,86.45,86.32,86.32,1766.192569
2026-03-27 00:30:00,86.32,86.41,86.3,86.38,500.307578
2026-03-27 00:35:00,86.38,86.43,86.2,86.26,1850.835789
2026-03-27 00:40:00,86.26,86.54,86.26,86.39,1018.49288
2026-03-27 00:45:00,86.38,86.38,86.26,86.34,1154.208666
2026-03-27 00:50:00,86.34,86.56,86.34,86.51,426.210166
2026-03-27 00:55:00,86.51,86.61,86.5,86.55,453.857626
2026-03-27 01:00:00,86.55,86.7,86.55,86.58,1034.161388
2026-03-27 01:05:00,86.58,86.62,86.46,86.61,1529.635715
2026-03-27 01:10:00,86.6,86.76,86.6,86.7,944.374508
2026-03-27 01:15:00,86.7,86.79,86.66,86.71,1354.615535
2026-03-27 01:20:00,86.72,86.79,86.65,86.74,595.556867
2026-03-27 01:25:00,86.75,86.81,86.73,86.78,260.214249
2026-03-27 01:30:00,86.78,86.89,86.74,86.77,1823.575849
2026-03-27 01:35:00,86.77,86.78,86.65,86.67,343.949926
2026-03-27 01:40:00,86.68,86.73,86.65,86.71,324.49476
2026-03-27 01:45:00,86.72,86.8,86.68,86.79,600.469971
2026-03-27 01:50:00,86.8,86.82,86.68,86.81,831.013358
2026-03-27 01:55:00,86.81,86.9,86.81,86.88,902.751398
2026-03-27 02:00:00,86.9,87.04,86.88,87.01,3024.722612
2026-03-27 02:05:00,86.98,86.99,86.91,86.99,935.194562
2026-03-27 02:10:00,86.99,87.04,86.87,86.89,525.46396
2026-03-27 02:15:00,86.86,86.86,86.72,86.73,525.073934
2026-03-27 02:20:00,86.72,86.78,86.71,86.73,790.096116
2026-03-27 02:25:00,86.73,86.8,86.68,86.79,1382.862379
2026-03-27 02:30:00,86.8,86.93,86.77,86.82,611.043863
2026-03-27 02:35:00,86.81,86.83,86.71,86.71,682.568908
2026-03-27 02:40:00,86.71,86.71,86.55,86.62,1010.68407
2026-03-27 02:45:00,86.63,86.7,86.63,86.7,721.782379
2026-03-27 02:50:00,86.7,86.78,86.69,86.78,177.778237
2026-03-27 02:55:00,86.78,86.82,86.64,86.7,734.128909
2026-03-27 03:00:00,86.71,86.79,86.69,86.72,574.818966
2026-03-27 03:05:00,86.71,86.71,86.38,86.41,1283.592113
2026-03-27 03:10:00,86.42,86.54,86.35,86.44,3212.561315
2026-03-27 03:15:00,86.44,86.51,86.4,86.49,311.467953
2026-03-27 03:20:00,86.49,86.52,86.38,86.43,352.657018
2026-03-27 03:25:00,86.43,86.52,86.43,86.5,455.063561
2026-03-27 03:30:00,86.5,86.58,86.39,86.54,3038.904457
2026-03-27 03:35:00,86.54,86.62,86.48,86.58,1330.779103
2026-03-27 03:40:00,86.58,86.61,86.52,86.53,306.929198
2026-03-27 03:45:00,86.54,86.54,86.44,86.47,427.783308
2026-03-27 03:50:00,86.47,86.49,86.44,86.49,447.116843
2026-03-27 03:55:00,86.46,86.46,86.38,86.43,295.375546
2026-03-27 04:00:00,86.43,86.44,85.91,86.05,7016.636108
2026-03-27 04:05:00,86.05,86.11,85.75,85.81,2983.361628
2026-03-27 04:10:00,85.82,85.88,85.77,85.8,2584.982396
2026-03-27 04:15:00,85.8,86.03,85.8,86.03,1125.904498
2026-03-27 04:20:00,86.03,86.16,86.03,86.07,994.14136
2026-03-27 04:25:00,86.07,86.1,86.04,86.07,647.938754
2026-03-27 04:30:00,86.07,86.15,86.01,86.15,1195.218997
2026-03-27 04:35:00,86.15,86.2,86.12,86.15,584.098021
2026-03-27 04:40:00,86.15,86.19,86.12,86.15,688.851055
2026-03-27 04:45:00,86.15,86.18,86.1,86.12,224.780013
2026-03-27 04:50:00,86.1,86.18,86.1,86.14,1352.758178
2026-03-27 04:55:00,86.14,86.23,86.14,86.18,603.073503
2026-03-27 05:00:00,86.17,86.2,86.13,86.15,586.252047
2026-03-27 05:05:00,86.15,86.42,86.15,86.38,1320.387333
2026-03-27 05:10:00,86.37,86.58,86.37,86.54,1178.644143
2026-03-27 05:15:00,86.55,86.76,86.55,86.6,1183.794812
2026-03-27 05:20:00,86.59,86.59,86.29,86.31,7224.447301
2026-03-27 05:25:00,86.31,86.31,86.03,86.15,3715.677396
2026-03-27 05:30:00,86.15,86.19,85.99,86.06,1674.918806
2026-03-27 05:35:00,86.06,86.25,86.06,86.07,869.674556
2026-03-27 05:40:00,86.06,86.1,85.95,86.07,745.395134
2026-03-27 05:45:00,86.05,86.08,85.99,86.03,599.671834
2026-03-27 05:50:00,86.03,86.06,85.96,86.03,423.216823
2026-03-27 05:55:00,86.04,86.17,86.04,86.11,2754.687449
2026-03-27 06:00:00,86.11,86.13,86.02,86.05,1595.925563
2026-03-27 06:05:00,86.05,86.17,85.97,86.17,1092.928241
2026-03-27 06:10:00,86.16,86.24,86.07,86.21,774.266521
2026-03-27 06:15:00,86.22,86.27,86.17,86.18,557.319577
2026-03-27 06:20:00,86.18,86.28,86.09,86.28,1075.901214
2026-03-27 06:25:00,86.28,86.39,86.21,86.29,1588.660943
2026-03-27 06:30:00,86.28,86.32,86.22,86.29,1736.698195
2026-03-27 06:35:00,86.28,86.31,86.24,86.25,341.193889
2026-03-27 06:40:00,86.24,86.27,86.15,86.15,1602.211031
2026-03-27 06:45:00,86.15,86.15,85.91,86.09,4263.472113
2026-03-27 06:50:00,86.09,86.13,86.06,86.08,2125.568097
2026-03-27 06:55:00,86.11,86.12,86.03,86.07,1422.218708
2026-03-27 07:00:00,86.07,86.1,86.0,86.06,2539.279295
2026-03-27 07:05:00,86.05,86.07,85.83,85.83,2820.808916
2026-03-27 07:10:00,85.83,86.24,85.82,86.13,3258.72131
2026-03-27 07:15:00,86.14,86.27,86.06,86.2,1340.178884
2026-03-27 07:20:00,86.21,86.36,86.21,86.23,1542.131849
2026-03-27 07:25:00,86.21,86.32,86.15,86.29,2592.216999
2026-03-27 07:30:00,86.29,86.31,85.99,86.02,1926.524872
2026-03-27 07:35:00,86.02,86.06,85.91,85.93,670.275332
2026-03-27 07:40:00,85.92,85.94,85.7,85.89,3735.882024
2026-03-27 07:45:00,85.89,85.97,85.85,85.97,771.884751
2026-03-27 07:50:00,85.96,86.01,85.88,85.98,1231.920021
2026-03-27 07:55:00,85.97,85.97,85.84,85.93,1024.101059
2026-03-27 08:00:00,85.93,86.13,85.81,85.97,2639.709248
2026-03-27 08:05:00,85.97,85.97,85.82,85.86,1267.288049
2026-03-27 08:10:00,85.86,85.96,85.84,85.93,428.702295
2026-03-27 08:15:00,85.92,86.0,85.86,85.92,863.74055
2026-03-27 08:20:00,85.92,85.99,85.83,85.95,3046.829372
2026-03-27 08:25:00,85.95,85.97,85.75,85.75,625.964474
2026-03-27 08:30:00,85.75,85.87,85.42,85.65,12857.194828
2026-03-27 08:35:00,85.65,85.66,84.32,84.47,51749.033718
2026-03-27 08:40:00,84.48,84.85,84.39,84.79,6697.997602
2026-03-27 08:45:00,84.77,84.96,84.76,84.89,6217.61832
2026-03-27 08:50:00,84.88,85.3,84.88,85.13,6300.2892
2026-03-27 08:55:00,85.13,85.17,85.09,85.1,2052.427344
2026-03-27 09:00:00,85.1,85.12,84.83,84.87,2710.988128
2026-03-27 09:05:00,84.86,84.86,84.6,84.61,3864.680673
2026-03-27 09:10:00,84.6,84.93,84.43,84.83,6236.098763
2026-03-27 09:15:00,84.83,85.03,84.81,84.99,3225.267939
2026-03-27 09:20:00,84.98,85.1,84.96,85.08,1381.88217
2026-03-27 09:25:00,85.09,85.25,85.09,85.18,1637.419957
2026-03-27 09:30:00,85.18,85.18,84.95,84.97,1976.939953
2026-03-27 09:35:00,84.97,85.08,84.9,85.04,943.393289
2026-03-27 09:40:00,85.05,85.07,84.95,85.03,1169.692622
2026-03-27 09:45:00,85.05,85.17,85.03,85.1,815.50665
2026-03-27 09:50:00,85.11,85.19,85.08,85.15,914.498254
2026-03-27 09:55:00,85.14,85.17,85.03,85.07,2722.808675
2026-03-27 10:00:00,85.08,85.15,84.92,85.03,1660.593078
2026-03-27 10:05:00,85.04,85.11,84.99,85.03,1285.54264
2026-03-27 10:10:00,85.03,85.04,84.92,84.96,579.837644
2026-03-27 10:15:00,84.95,85.01,84.88,84.91,949.618569
2026-03-27 10:20:00,84.9,85.11,84.88,85.02,1138.676423
2026-03-27 10:25:00,85.02,85.13,84.98,85.09,655.12999
2026-03-27 10:30:00,85.08,85.12,85.02,85.05,558.420754
2026-03-27 10:35:00,85.06,85.06,82.85,83.4,91943.916311
2026-03-27 10:40:00,83.4,83.68,83.26,83.42,18161.095079
2026-03-27 10:45:00,83.4,83.58,83.27,83.45,8030.251725
2026-03-27 10:50:00,83.45,83.67,82.88,83.07,10176.103527
2026-03-27 10:55:00,83.07,83.07,82.64,83.01,13132.582769
2026-03-27 11:00:00,83.01,83.15,82.65,82.94,8765.128916
2026-03-27 11:05:00,82.95,83.25,82.95,83.12,4546.504045
2026-03-27 11:10:00,83.11,83.36,83.11,83.33,2959.692026
2026-03-27 11:15:00,83.32,83.45,83.25,83.34,4354.381318
2026-03-27 11:20:00,83.32,83.36,83.23,83.28,4646.732951
2026-03-27 11:25:00,83.28,83.44,83.26,83.42,2203.903315
2026-03-27 11:30:00,83.41,83.5,83.37,83.46,2103.083288
2026-03-27 11:35:00,83.46,83.52,83.38,83.5,2099.610066
2026-03-27 11:40:00,83.5,83.52,83.3,83.44,3213.435621
2026-03-27 11:45:00,83.43,83.64,83.39,83.51,4345.696927
2026-03-27 11:50:00,83.5,83.56,83.28,83.47,6557.855573
2026-03-27 11:55:00,83.47,83.5,83.36,83.38,1073.466645
2026-03-27 12:00:00,83.38,83.42,83.27,83.28,1674.20918
2026-03-27 12:05:00,83.26,83.39,83.16,83.25,5426.088444
2026-03-27 12:10:00,83.23,83.36,83.16,83.26,1081.602721
2026-03-27 12:15:00,83.27,83.32,83.11,83.26,6157.842465
2026-03-27 12:20:00,83.25,83.31,83.19,83.25,1191.251518
2026-03-27 12:25:00,83.24,83.25,83.12,83.18,1396.125073
2026-03-27 12:30:00,83.17,83.29,83.1,83.15,4610.681711
2026-03-27 12:35:00,83.16,83.29,83.09,83.21,8515.531847
2026-03-27 12:40:00,83.21,83.31,83.09,83.3,1381.27079
2026-03-27 12:45:00,83.31,83.42,83.04,83.05,1493.618743
2026-03-27 12:50:00,83.05,83.17,83.05,83.15,2324.661529
2026-03-27 12:55:00,83.15,83.18,83.09,83.1,1653.340263
2026-03-27 13:00:00,83.1,83.23,83.1,83.19,1222.319169
2026-03-27 13:05:00,83.19,83.19,82.98,83.04,2903.983225
2026-03-27 13:10:00,83.04,83.12,82.93,83.09,5883.217537
2026-03-27 13:15:00,83.09,83.31,83.06,83.3,2353.681713
2026-03-27 13:20:00,83.3,83.44,83.27,83.42,2548.038793
2026-03-27 13:25:00,83.41,83.54,83.4,83.43,3126.322039
2026-03-27 13:30:00,83.42,83.48,82.84,82.85,8060.925149
2026-03-27 13:35:00,82.86,83.15,82.47,83.04,12589.017852
2026-03-27 13:40:00,83.03,83.26,83.0,83.14,4542.269322
2026-03-27 13:45:00,83.12,83.29,83.11,83.11,1725.31684
2026-03-27 13:50:00,83.12,83.13,82.91,82.92,2886.771427
2026-03-27 13:55:00,82.91,82.98,82.63,82.92,7588.185905
2026-03-27 14:00:00,82.92,83.15,82.86,83.14,2388.993071
2026-03-27 14:05:00,83.14,83.27,83.12,83.19,3612.567639
2026-03-27 14:10:00,83.17,83.33,83.09,83.24,3602.240265
2026-03-27 14:15:00,83.23,83.28,82.93,82.95,5105.391353
2026-03-27 14:20:00,82.96,82.97,82.65,82.77,6621.750026
2026-03-27 14:25:00,82.77,82.85,82.61,82.63,4306.543682
2026-03-27 14:30:00,82.65,82.86,82.64,82.85,6773.656494
2026-03-27 14:35:00,82.84,82.98,82.77,82.86,3812.433383
2026-03-27 14:40:00,82.85,82.94,82.74,82.84,2816.928035
2026-03-27 14:45:00,82.86,82.95,82.69,82.94,2280.077656
2026-03-27 14:50:00,82.95,83.11,82.93,82.96,3079.224765
2026-03-27 14:55:00,82.97,83.2,82.95,83.17,1559.153873
2026-03-27 15:00:00,83.18,83.29,83.17,83.22,1674.556678
2026-03-27 15:05:00,83.22,83.36,83.16,83.33,1757.49264
2026-03-27 15:10:00,83.35,83.38,83.14,83.16,5925.362519
2026-03-27 15:15:00,83.16,83.3,83.07,83.15,11610.231712
2026-03-27 15:20:00,83.16,83.66,82.97,83.27,11559.908333
2026-03-27 15:25:00,83.26,83.53,83.19,83.53,6386.30677
2026-03-27 15:30:00,83.52,83.85,83.48,83.8,7652.56726
2026-03-27 15:35:00,83.82,84.0,83.7,83.75,9589.866532
2026-03-27 15:40:00,83.75,83.76,83.54,83.66,8229.634638
2026-03-27 15:45:00,83.67,83.78,83.56,83.71,4432.258968
2026-03-27 15:50:00,83.7,83.76,83.48,83.5,3292.993534
2026-03-27 15:55:00,83.49,83.51,83.31,83.33,2626.83751
2026-03-27 16:00:00,83.34,83.37,83.03,83.03,7794.793725
2026-03-27 16:05:00,83.02,83.05,82.81,82.92,5486.281567
2026-03-27 16:10:00,82.92,83.05,82.84,82.94,3485.847817
2026-03-27 16:15:00,82.93,82.95,82.63,82.83,6033.756545
2026-03-27 16:20:00,82.83,83.02,82.71,82.73,8386.283465
2026-03-27 16:25:00,82.73,82.87,82.66,82.83,2039.523335
2026-03-27 16:30:00,82.84,82.9,82.8,82.86,1049.810778
2026-03-27 16:35:00,82.86,82.93,82.65,82.72,1287.772345
2026-03-27 16:40:00,82.7,83.12,82.67,83.07,2392.127195
2026-03-27 16:45:00,83.06,83.31,83.04,83.13,2666.296251
2026-03-27 16:50:00,83.12,83.12,82.89,83.04,1499.80599
2026-03-27 16:55:00,83.03,83.1,82.97,83.02,513.107938
2026-03-27 17:00:00,83.02,83.06,82.99,83.0,1448.83924
2026-03-27 17:05:00,83.0,83.44,82.96,83.22,4274.751483
2026-03-27 17:10:00,83.19,83.27,83.13,83.2,1118.726636
2026-03-27 17:15:00,83.2,83.28,83.0,83.03,1790.76114
2026-03-27 17:20:00,83.03,83.03,82.83,82.87,3380.528421
2026-03-27 17:25:00,82.85,82.85,82.77,82.78,2831.26462
2026-03-27 17:30:00,82.77,82.88,82.66,82.8,2217.828074
2026-03-27 17:35:00,82.79,82.86,82.74,82.76,1642.800469
2026-03-27 17:40:00,82.76,82.8,82.22,82.37,13028.134265
2026-03-27 17:45:00,82.35,82.47,82.3,82.34,4012.056329
2026-03-27 17:50:00,82.34,82.39,82.11,82.24,5970.977228
2026-03-27 17:55:00,82.24,82.29,82.1,82.24,2385.738781
2026-03-27 18:00:00,82.24,82.36,82.22,82.34,684.455015
2026-03-27 18:05:00,82.29,82.37,82.24,82.28,1225.534281
2026-03-27 18:10:00,82.29,82.33,82.17,82.21,1407.882918
2026-03-27 18:15:00,82.23,82.49,82.16,82.43,4145.251762
2026-03-27 18:20:00,82.43,82.43,81.92,81.96,6952.40304
2026-03-27 18:25:00,81.97,82.25,81.85,82.19,3977.43217
2026-03-27 18:30:00,82.2,82.32,82.14,82.3,1629.517212
2026-03-27 18:35:00,82.31,82.38,82.24,82.28,3327.406991
2026-03-27 18:40:00,82.29,82.39,82.17,82.23,1994.423203
2026-03-27 18:45:00,82.24,82.38,82.24,82.33,662.954421
2026-03-27 18:50:00,82.34,82.45,82.33,82.4,845.192491
2026-03-27 18:55:00,82.38,82.44,82.34,82.4,120.417762
2026-03-27 19:00:00,82.39,82.43,82.21,82.23,247.910297
2026-03-27 19:05:00,82.25,82.26,82.07,82.24,1210.603095
2026-03-27 19:10:00,82.24,82.24,82.14,82.22,639.437359
2026-03-27 19:15:00,82.23,82.41,82.15,82.38,953.974094
2026-03-27 19:20:00,82.37,82.45,82.28,82.31,963.008847
2026-03-27 19:25:00,82.3,82.54,82.23,82.54,824.445322
2026-03-27 19:30:00,82.55,82.81,82.55,82.72,3176.753455
2026-03-27 19:35:00,82.72,82.84,82.67,82.72,2219.829201
2026-03-27 19:40:00,82.73,82.73,82.51,82.61,1275.162608
2026-03-27 19:45:00,82.61,82.68,82.54,82.68,458.447097
2026-03-27 19:50:00,82.68,82.76,82.58,82.68,566.944788
2026-03-27 19:55:00,82.7,82.9,82.7,82.81,1401.931062
2026-03-27 20:00:00,82.82,82.93,82.76,82.87,1269.591429
2026-03-27 20:05:00,82.87,82.96,82.76,82.83,2151.387751
2026-03-27 20:10:00,82.83,82.86,82.77,82.79,445.030163
2026-03-27 20:15:00,82.78,82.86,82.71,82.82,414.768291
2026-03-27 20:20:00,82.83,82.83,82.68,82.71,671.65601
2026-03-27 20:25:00,82.7,82.71,82.42,82.55,2091.556191
2026-03-27 20:30:00,82.54,82.55,82.38,82.43,679.725305
2026-03-27 20:35:00,82.43,82.51,82.38,82.51,742.059114
2026-03-27 20:40:00,82.47,82.63,82.47,82.56,309.439564
2026-03-27 20:45:00,82.56,82.74,82.54,82.7,1550.242862
2026-03-27 20:50:00,82.7,82.83,82.69,82.83,379.891137
2026-03-27 20:55:00,82.84,82.85,82.76,82.78,571.697578
2026-03-27 21:00:00,82.79,82.93,82.76,82.92,826.756211
2026-03-27 21:05:00,82.92,82.93,82.88,82.91,457.610261
2026-03-27 21:10:00,82.91,83.03,82.83,82.95,1750.986098
2026-03-27 21:15:00,82.95,83.0,82.91,82.97,909.143776
2026-03-27 21:20:00,82.97,82.98,82.9,82.92,340.16161
2026-03-27 21:25:00,82.94,83.03,82.94,82.99,494.487418
2026-03-27 21:30:00,83.01,83.05,82.97,83.01,919.697736
2026-03-27 21:35:00,83.0,83.01,82.79,82.82,908.486388
2026-03-27 21:40:00,82.82,82.95,82.76,82.92,1687.801923
2026-03-27 21:45:00,82.93,82.96,82.85,82.86,273.990086
2026-03-27 21:50:00,82.85,82.86,82.77,82.78,255.04231
2026-03-27 21:55:00,82.78,82.81,82.69,82.75,355.83429
2026-03-27 22:00:00,82.76,82.83,82.72,82.77,258.131449
2026-03-27 22:05:00,82.77,82.78,82.61,82.77,1270.320381
2026-03-27 22:10:00,82.78,82.8,82.64,82.68,514.539132
2026-03-27 22:15:00,82.68,82.75,82.66,82.72,585.003202
2026-03-27 22:20:00,82.73,82.76,82.71,82.74,275.023434
2026-03-27 22:25:00,82.75,82.75,82.59,82.67,648.028229
2026-03-27 22:30:00,82.67,82.74,82.64,82.66,536.601207
2026-03-27 22:35:00,82.67,82.69,82.53,82.6,719.928396
2026-03-27 22:40:00,82.58,82.75,82.58,82.73,605.241201
2026-03-27 22:45:00,82.73,82.79,82.72,82.76,267.09595
2026-03-27 22:50:00,82.76,82.84,82.71,82.71,141.149658
2026-03-27 22:55:00,82.72,82.84,82.72,82.74,1120.140255
2026-03-27 23:00:00,82.74,82.76,82.61,82.69,531.42973
2026-03-27 23:05:00,82.7,82.75,82.46,82.59,2538.158116
2026-03-27 23:10:00,82.6,82.72,82.58,82.69,1733.076375
2026-03-27 23:15:00,82.68,82.73,82.65,82.71,1800.888473
2026-03-27 23:20:00,82.7,82.85,82.66,82.85,481.446127
2026-03-27 23:25:00,82.85,82.85,82.8,82.84,485.427017
2026-03-27 23:30:00,82.83,82.88,82.79,82.83,1664.469731
2026-03-27 23:35:00,82.82,82.91,82.78,82.91,728.190722
2026-03-27 23:40:00,82.91,82.99,82.83,82.99,1285.628919
2026-03-27 23:45:00,82.99,83.1,82.99,83.05,2211.809415
2026-03-27 23:50:00,83.06,83.08,83.0,83.08,1258.382923
2026-03-27 23:55:00,83.08,83.13,83.01,83.1,1121.110242
2026-03-28 00:00:00,83.1,83.1,83.0,83.06,695.812924
2026-03-28 00:05:00,83.06,83.07,82.85,82.85,1215.416451
2026-03-28 00:10:00,82.85,82.86,82.74,82.74,1426.532849
2026-03-28 00:15:00,82.75,82.85,82.72,82.75,1215.400655
2026-03-28 00:20:00,82.76,82.85,82.74,82.84,755.810297
2026-03-28 00:25:00,82.83,82.9,82.79,82.9,698.78716
2026-03-28 00:30:00,82.91,82.96,82.85,82.85,1253.068649
2026-03-28 00:35:00,82.86,82.97,82.86,82.94,367.150774
2026-03-28 00:40:00,82.94,82.95,82.78,82.89,701.787834
2026-03-28 00:45:00,82.89,82.89,82.83,82.84,692.855625
2026-03-28 00:50:00,82.84,82.88,82.77,82.86,1377.368752
2026-03-28 00:55:00,82.87,82.98,82.85,82.86,463.933392
2026-03-28 01:00:00,82.86,82.86,82.74,82.8,961.481095
2026-03-28 01:05:00,82.8,82.88,82.7,82.71,637.414158
2026-03-28 01:10:00,82.7,82.72,82.35,82.46,2288.980742
2026-03-28 01:15:00,82.47,82.63,82.47,82.61,1395.195217
2026-03-28 01:20:00,82.6,82.66,82.56,82.64,471.636002
2026-03-28 01:25:00,82.61,82.65,82.51,82.55,530.194707
2026-03-28 01:30:00,82.55,82.66,82.53,82.56,858.815542
2026-03-28 01:35:00,82.55,82.55,82.25,82.37,3217.114401
2026-03-28 01:40:00,82.38,82.53,82.35,82.53,802.443222
2026-03-28 01:45:00,82.53,82.72,82.53,82.66,750.599955
2026-03-28 01:50:00,82.66,82.69,82.57,82.66,358.888065
2026-03-28 01:55:00,82.66,82.68,82.57,82.66,1010.063515
2026-03-28 02:00:00,82.67,82.92,82.66,82.91,1637.759935
2026-03-28 02:05:00,82.91,82.92,82.76,82.84,495.965417
2026-03-28 02:10:00,82.84,82.87,82.77,82.77,559.062427
2026-03-28 02:15:00,82.77,82.8,82.53,82.56,589.575807
2026-03-28 02:20:00,82.56,82.58,82.51,82.57,371.02356
2026-03-28 02:25:00,82.57,82.6,82.45,82.54,586.581878
2026-03-28 02:30:00,82.55,82.56,82.39,82.47,1807.540776
2026-03-28 02:35:00,82.46,82.52,82.43,82.51,859.107392
2026-03-28 02:40:00,82.5,82.56,82.48,82.55,351.25429
2026-03-28 02:45:00,82.54,82.54,82.45,82.53,335.350259
2026-03-28 02:50:00,82.52,82.6,82.5,82.57,1429.668057
2026-03-28 02:55:00,82.56,82.6,82.53,82.57,224.151387
2026-03-28 03:00:00,82.57,82.63,82.52,82.54,507.455293
2026-03-28 03:05:00,82.55,82.67,82.55,82.59,1140.875284
2026-03-28 03:10:00,82.59,82.61,82.54,82.54,1021.235588
2026-03-28 03:15:00,82.56,82.68,82.56,82.66,474.164101
2026-03-28 03:20:00,82.68,82.7,82.65,82.67,185.040839
2026-03-28 03:25:00,82.68,82.7,82.63,82.67,419.896786
2026-03-28 03:30:00,82.67,82.68,82.61,82.64,952.495533
2026-03-28 03:35:00,82.64,82.72,82.61,82.62,950.976696
2026-03-28 03:40:00,82.61,82.68,82.58,82.66,832.745234
2026-03-28 03:45:00,82.66,82.67,82.57,82.64,717.31997
2026-03-28 03:50:00,82.65,82.66,82.59,82.61,210.495681
2026-03-28 03:55:00,82.62,82.62,82.57,82.59,782.261552
2026-03-28 04:00:00,82.6,82.61,82.51,82.61,626.644386
2026-03-28 04:05:00,82.6,82.6,82.42,82.45,1154.421166
2026-03-28 04:10:00,82.44,82.49,82.43,82.46,522.512772
2026-03-28 04:15:00,82.46,82.65,82.42,82.63,1451.98311
2026-03-28 04:20:00,82.63,82.77,82.63,82.68,1668.996035
2026-03-28 04:25:00,82.68,82.71,82.62,82.7,330.224862
2026-03-28 04:30:00,82.7,82.73,82.63,82.64,98.875606
2026-03-28 04:35:00,82.64,82.69,82.61,82.67,951.949555
2026-03-28 04:40:00,82.66,82.7,82.63,82.67,884.578212
2026-03-28 04:45:00,82.68,82.69,82.65,82.69,158.918927
2026-03-28 04:50:00,82.69,82.72,82.67,82.69,896.214656
2026-03-28 04:55:00,82.67,82.67,82.45,82.56,4838.069499
2026-03-28 05:00:00,82.58,82.59,82.43,82.43,367.185389
2026-03-28 05:05:00,82.43,82.51,82.43,82.43,773.054774
2026-03-28 05:10:00,82.42,82.47,82.38,82.47,554.03796
2026-03-28 05:15:00,82.47,82.5,82.29,82.42,6784.92496
2026-03-28 05:20:00,82.43,82.77,82.43,82.73,2630.196237
2026-03-28 05:25:00,82.72,82.74,82.68,82.69,618.421453
2026-03-28 05:30:00,82.68,82.69,82.6,82.66,5444.503983
2026-03-28 05:35:00,82.66,82.67,82.6,82.62,924.410494
2026-03-28 05:40:00,82.63,82.65,82.57,82.63,1073.858177
2026-03-28 05:45:00,82.62,82.74,82.56,82.68,4273.912901
2026-03-28 05:50:00,82.7,82.77,82.61,82.75,5509.428589
2026-03-28 05:55:00,82.74,82.79,82.71,82.76,3641.388525
2026-03-28 06:00:00,82.76,82.8,82.66,82.7,1059.193785
2026-03-28 06:05:00,82.72,82.85,82.71,82.77,237.006723
2026-03-28 06:10:00,82.78,82.83,82.73,82.83,668.882856
2026-03-28 06:15:00,82.84,83.27,82.82,83.25,7578.864201
2026-03-28 06:20:00,83.25,83.26,83.04,83.16,2299.874323
2026-03-28 06:25:00,83.16,83.16,83.05,83.13,1845.181232
2026-03-28 06:30:00,83.16,83.18,83.13,83.13,1068.428753
2026-03-28 06:35:00,83.14,83.2,83.09,83.14,792.096802
2026-03-28 06:40:00,83.14,83.19,83.08,83.08,2574.552924
2026-03-28 06:45:00,83.08,83.19,83.05,83.07,1730.92374
2026-03-28 06:50:00,83.07,83.13,83.07,83.12,290.489786
2026-03-28 06:55:00,83.12,83.21,83.11,83.18,1465.851998
2026-03-28 07:00:00,83.18,83.33,83.18,83.27,1594.544674
2026-03-28 07:05:00,83.27,83.34,83.21,83.34,1061.516401
2026-03-28 07:10:00,83.33,83.39,83.3,83.36,465.282733
2026-03-28 07:15:00,83.37,83.53,83.36,83.45,1847.677761
2026-03-28 07:20:00,83.45,83.5,83.41,83.43,1534.678762
2026-03-28 07:25:00,83.43,83.47,83.4,83.47,1190.353261
2026-03-28 07:30:00,83.46,83.47,83.38,83.41,1424.638056
2026-03-28 07:35:00,83.4,83.44,83.38,83.42,555.273972
2026-03-28 07:40:00,83.43,83.5,83.41,83.48,1566.005274
2026-03-28 07:45:00,83.49,83.52,83.46,83.52,464.914974
2026-03-28 07:50:00,83.53,83.54,83.47,83.54,319.282753
2026-03-28 07:55:00,83.53,83.66,83.52,83.61,1525.853357
2026-03-28 08:00:00,83.61,83.64,83.53,83.64,2361.907732
2026-03-28 08:05:00,83.64,83.71,83.54,83.57,2424.144142
2026-03-28 08:10:00,83.57,83.61,83.49,83.55,1223.337952
2026-03-28 08:15:00,83.57,83.59,83.47,83.52,1338.83101
2026-03-28 08:20:00,83.52,83.6,83.51,83.57,471.543189
2026-03-28 08:25:00,83.58,83.64,83.52,83.55,1004.392333
2026-03-28 08:30:00,83.52,83.57,83.49,83.52,357.565728
2026-03-28 08:35:00,83.52,83.64,83.49,83.59,2420.375313
2026-03-28 08:40:00,83.58,83.67,83.53,83.54,1181.926095
2026-03-28 08:45:00,83.53,83.64,83.52,83.64,429.987917
2026-03-28 08:50:00,83.64,83.64,83.45,83.45,852.294046
2026-03-28 08:55:00,83.45,83.45,83.38,83.39,1066.997782
2026-03-28 09:00:00,83.39,83.39,83.23,83.26,2566.86755
2026-03-28 09:05:00,83.28,83.3,83.1,83.18,1764.504631
2026-03-28 09:10:00,83.19,83.19,83.12,83.13,1124.03011
2026-03-28 09:15:00,83.13,83.13,83.0,83.07,1902.444241
2026-03-28 09:20:00,83.08,83.14,83.06,83.09,404.75596
2026-03-28 09:25:00,83.09,83.2,83.08,83.17,887.690676
2026-03-28 09:30:00,83.15,83.2,83.0,83.0,1762.172075
2026-03-28 09:35:00,83.01,83.07,82.95,82.97,2364.512564
2026-03-28 09:40:00,82.98,83.06,82.97,83.0,621.843409
2026-03-28 09:45:00,82.99,83.03,82.95,82.96,1018.609612
2026-03-28 09:50:00,82.96,83.06,82.91,83.04,1671.22221
2026-03-28 09:55:00,83.04,83.06,83.02,83.04,740.956709
2026-03-28 10:00:00,83.05,83.26,82.99,83.25,6701.002286
2026-03-28 10:05:00,83.25,83.34,83.21,83.26,1061.969694
2026-03-28 10:10:00,83.26,83.27,83.09,83.13,845.89843
2026-03-28 10:15:00,83.13,83.26,83.02,83.03,8394.649565
2026-03-28 10:20:00,83.04,83.04,82.93,82.99,8756.00602
2026-03-28 10:25:00,82.98,82.99,82.78,82.79,2801.961414
2026-03-28 10:30:00,82.8,82.86,82.74,82.82,1889.697746
2026-03-28 10:35:00,82.82,82.88,82.73,82.81,1577.751588
2026-03-28 10:40:00,82.79,82.84,82.75,82.83,979.328575
2026-03-28 10:45:00,82.84,82.89,82.83,82.85,272.775083
2026-03-28 10:50:00,82.86,82.91,82.82,82.91,506.446116
2026-03-28 10:55:00,82.92,83.03,82.91,83.02,315.83829
2026-03-28 11:00:00,83.01,83.03,82.91,83.0,1025.884702
2026-03-28 11:05:00,83.01,83.07,82.97,82.97,745.977597
2026-03-28 11:10:00,82.97,83.0,82.92,83.0,364.266459
2026-03-28 11:15:00,82.98,83.02,82.94,82.96,707.660992
2026-03-28 11:20:00,82.96,82.99,82.95,82.98,559.025652
2026-03-28 11:25:00,82.99,83.05,82.97,83.05,438.200837
2026-03-28 11:30:00,83.05,83.06,83.02,83.06,239.649839
2026-03-28 11:35:00,83.05,83.05,82.93,83.01,505.411955
2026-03-28 11:40:00,83.04,83.04,82.98,82.99,223.547017
2026-03-28 11:45:00,82.99,83.03,82.93,82.98,683.288528
2026-03-28 11:50:00,82.99,83.06,82.98,82.99,1343.405106
2026-03-28 11:55:00,82.99,82.99,82.92,82.96,266.782345
2026-03-28 12:00:00,82.95,82.99,82.9,82.91,259.864197
2026-03-28 12:05:00,82.9,82.93,82.77,82.93,2106.539666
2026-03-28 12:10:00,82.94,83.08,82.92,83.06,977.08439
2026-03-28 12:15:00,83.06,83.2,83.04,83.14,3486.29837
2026-03-28 12:20:00,83.14,83.21,83.06,83.08,546.323645
2026-03-28 12:25:00,83.07,83.11,83.07,83.07,271.303252
2026-03-28 12:30:00,83.06,83.09,82.82,82.87,1192.709285
2026-03-28 12:35:00,82.86,82.9,82.61,82.72,2018.807717
2026-03-28 12:40:00,82.71,82.77,82.7,82.74,639.008799
2026-03-28 12:45:00,82.74,82.8,82.71,82.78,433.162407
2026-03-28 12:50:00,82.77,82.89,82.68,82.73,1168.997593
2026-03-28 12:55:00,82.72,82.79,82.66,82.69,853.536002
2026-03-28 13:00:00,82.69,82.77,82.69,82.76,573.935746
2026-03-28 13:05:00,82.77,82.83,82.72,82.82,591.100634
2026-03-28 13:10:00,82.83,82.88,82.8,82.86,728.373949
2026-03-28 13:15:00,82.86,82.93,82.83,82.86,761.25767
2026-03-28 13:20:00,82.86,82.94,82.85,82.88,755.177493
2026-03-28 13:25:00,82.89,82.91,82.78,82.81,3301.513647
2026-03-28 13:30:00,82.82,83.08,82.82,83.03,3114.640193
2026-03-28 13:35:00,83.03,83.1,82.97,83.0,1858.636312
2026-03-28 13:40:00,83.0,84.12,83.0,83.48,26018.506604
2026-03-28 13:45:00,83.5,83.67,83.36,83.4,4123.306185
2026-03-28 13:50:00,83.39,83.48,83.26,83.46,2857.819321
2026-03-28 13:55:00,83.45,83.47,83.28,83.38,3433.655107
2026-03-28 14:00:00,83.37,83.41,83.07,83.16,2236.932312
2026-03-28 14:05:00,83.15,83.35,83.14,83.19,1680.043589
2026-03-28 14:10:00,83.18,83.23,83.0,83.08,4527.756248
2026-03-28 14:15:00,83.08,83.26,83.0,83.25,1737.081895
2026-03-28 14:20:00,83.26,83.35,83.2,83.24,1058.792205
2026-03-28 14:25:00,83.24,83.29,83.17,83.24,1096.585365
2026-03-28 14:30:00,83.25,83.31,83.21,83.27,737.470784
2026-03-28 14:35:00,83.26,83.3,83.13,83.27,948.034869
2026-03-28 14:40:00,83.28,83.53,83.28,83.45,2374.228897
2026-03-28 14:45:00,83.46,83.53,83.45,83.49,1530.707309
2026-03-28 14:50:00,83.49,83.52,83.15,83.21,3426.187954
2026-03-28 14:55:00,83.21,83.3,83.1,83.26,1336.175766
2026-03-28 15:00:00,83.24,83.34,83.2,83.24,901.049749
2026-03-28 15:05:00,83.24,83.4,83.24,83.32,1065.027004
2026-03-28 15:10:00,83.31,83.49,83.28,83.43,2298.777713
2026-03-28 15:15:00,83.42,84.06,83.4,83.8,11982.430137
2026-03-28 15:20:00,83.8,84.29,83.8,84.1,14863.142601
2026-03-28 15:25:00,84.11,84.13,83.8,83.84,10527.554982
2026-03-28 15:30:00,83.85,84.0,83.77,83.99,2343.130597
2026-03-28 15:35:00,83.97,83.97,83.76,83.84,2085.869851
2026-03-28 15:40:00,83.84,83.96,83.73,83.91,1353.792051
2026-03-28 15:45:00,83.9,83.93,83.74,83.79,3476.118823
2026-03-28 15:50:00,83.78,83.79,83.75,83.78,707.372765
2026-03-28 15:55:00,83.79,83.83,83.66,83.83,891.813947
2026-03-28 16:00:00,83.83,83.85,83.71,83.81,1645.256842
2026-03-28 16:05:00,83.8,83.84,83.74,83.81,629.879936
2026-03-28 16:10:00,83.8,83.82,83.69,83.79,1076.220451
2026-03-28 16:15:00,83.79,83.9,83.78,83.88,1944.004251
2026-03-28 16:20:00,83.9,83.93,83.79,83.85,1965.305277
2026-03-28 16:25:00,83.85,83.95,83.85,83.86,1644.891544
2026-03-28 16:30:00,83.86,83.86,83.72,83.84,1804.067458
2026-03-28 16:35:00,83.84,83.84,83.7,83.71,2217.456499
2026-03-28 16:40:00,83.7,83.73,83.62,83.63,1522.247872
2026-03-28 16:45:00,83.64,83.65,83.48,83.55,5615.350782
2026-03-28 16:50:00,83.55,83.63,83.48,83.54,983.806222
2026-03-28 16:55:00,83.54,83.61,83.45,83.55,3035.249226
2026-03-28 17:00:00,83.54,83.69,83.53,83.69,1352.48874
2026-03-28 17:05:00,83.69,83.73,83.53,83.53,820.609813
2026-03-28 17:10:00,83.53,83.57,83.5,83.52,439.042236
2026-03-28 17:15:00,83.53,83.53,83.37,83.43,1129.854477
2026-03-28 17:20:00,83.43,83.47,83.33,83.42,1021.97049
2026-03-28 17:25:00,83.42,83.42,83.31,83.32,347.230863
2026-03-28 17:30:00,83.33,83.38,83.15,83.3,1488.005263
2026-03-28 17:35:00,83.31,83.49,83.27,83.28,3097.364811
2026-03-28 17:40:00,83.28,83.29,83.23,83.26,273.759568
2026-03-28 17:45:00,83.25,83.26,83.16,83.23,2394.300998
2026-03-28 17:50:00,83.22,83.24,83.18,83.23,737.562965
2026-03-28 17:55:00,83.22,83.36,83.21,83.31,453.083653
2026-03-28 18:00:00,83.31,83.48,83.29,83.48,917.44495
2026-03-28 18:05:00,83.48,83.5,83.4,83.47,959.009636
2026-03-28 18:10:00,83.47,83.52,83.47,83.51,423.545436
2026-03-28 18:15:00,83.5,83.52,83.44,83.48,771.512204
2026-03-28 18:20:00,83.47,83.47,83.42,83.45,681.480598
2026-03-28 18:25:00,83.44,83.46,83.39,83.39,1004.542614
2026-03-28 18:30:00,83.39,83.44,83.36,83.4,167.662837
2026-03-28 18:35:00,83.4,83.42,83.37,83.39,447.744864
2026-03-28 18:40:00,83.4,83.52,83.39,83.49,373.270054
2026-03-28 18:45:00,83.49,83.49,83.4,83.45,334.70319
2026-03-28 18:50:00,83.45,83.45,83.37,83.4,345.45818
2026-03-28 18:55:00,83.41,83.44,83.36,83.37,350.114674
2026-03-28 19:00:00,83.37,83.42,83.29,83.37,558.379316
2026-03-28 19:05:00,83.38,83.39,83.34,83.36,160.476822
2026-03-28 19:10:00,83.35,83.35,83.02,83.15,2549.828489
2026-03-28 19:15:00,83.15,83.22,83.1,83.21,834.694178
2026-03-28 19:20:00,83.21,83.22,83.05,83.17,2097.318221
2026-03-28 19:25:00,83.17,83.21,83.15,83.2,152.342105
2026-03-28 19:30:00,83.21,83.23,83.17,83.22,200.180559
2026-03-28 19:35:00,83.21,83.25,83.2,83.25,214.030825
2026-03-28 19:40:00,83.24,83.29,83.12,83.16,890.840517
2026-03-28 19:45:00,83.16,83.21,83.16,83.16,298.756903
2026-03-28 19:50:00,83.15,83.23,83.15,83.21,204.169407
2026-03-28 19:55:00,83.21,83.28,83.19,83.27,380.741922
2026-03-28 20:00:00,83.28,83.43,83.28,83.42,1165.163313
2026-03-28 20:05:00,83.42,83.49,83.4,83.45,638.221041
2026-03-28 20:10:00,83.45,83.5,83.42,83.49,285.905934
2026-03-28 20:15:00,83.5,83.5,83.34,83.35,1014.353947
2026-03-28 20:20:00,83.36,83.46,83.35,83.39,1080.719482
2026-03-28 20:25:00,83.39,83.44,83.36,83.37,173.999277
2026-03-28 20:30:00,83.38,83.45,83.36,83.36,2303.168806
2026-03-28 20:35:00,83.35,83.42,83.33,83.38,204.445905
2026-03-28 20:40:00,83.37,83.37,83.31,83.33,160.896814
2026-03-28 20:45:00,83.34,83.4,83.34,83.36,232.812729
2026-03-28 20:50:00,83.36,83.45,83.35,83.44,706.783947
2026-03-28 20:55:00,83.44,83.45,83.4,83.4,1058.631346
2026-03-28 21:00:00,83.41,83.44,83.4,83.43,577.02652
2026-03-28 21:05:00,83.43,83.43,83.12,83.12,1634.415454
2026-03-28 21:10:00,83.12,83.14,82.99,83.14,4729.674796
2026-03-28 21:15:00,83.12,83.15,82.98,82.99,1693.740657
2026-03-28 21:20:00,82.98,82.98,82.73,82.9,9699.375204
2026-03-28 21:25:00,82.92,83.0,82.92,82.98,965.727103
2026-03-28 21:30:00,82.97,82.97,82.81,82.86,2076.53231
2026-03-28 21:35:00,82.85,82.85,82.71,82.83,3185.515517
2026-03-28 21:40:00,82.81,82.98,82.75,82.94,5397.576617
2026-03-28 21:45:00,82.94,82.99,82.82,82.82,1519.705882
2026-03-28 21:50:00,82.81,82.88,82.37,82.65,5886.158248
2026-03-28 21:55:00,82.63,82.79,82.6,82.7,1422.681447
2026-03-28 22:00:00,82.69,82.75,82.55,82.66,1160.37763
2026-03-28 22:05:00,82.68,82.75,82.62,82.62,1214.478222
2026-03-28 22:10:00,82.61,82.64,82.47,82.47,1538.986815
2026-03-28 22:15:00,82.5,82.73,82.48,82.71,764.105328
2026-03-28 22:20:00,82.73,82.89,82.73,82.85,648.333276
2026-03-28 22:25:00,82.85,82.88,82.78,82.83,904.245999
2026-03-28 22:30:00,82.83,82.84,82.73,82.76,459.481635
2026-03-28 22:35:00,82.75,82.84,82.74,82.83,889.827059
2026-03-28 22:40:00,82.82,82.82,82.73,82.74,122.280305
2026-03-28 22:45:00,82.74,82.85,82.74,82.8,637.54048
2026-03-28 22:50:00,82.79,82.84,82.77,82.83,292.707392
2026-03-28 22:55:00,82.82,82.82,82.73,82.79,1578.371687
2026-03-28 23:00:00,82.78,82.79,82.63,82.68,294.542043
2026-03-28 23:05:00,82.69,82.72,82.34,82.47,1702.903838
2026-03-28 23:10:00,82.47,82.47,81.69,82.01,14135.655042
2026-03-28 23:15:00,82.0,82.0,81.79,81.87,2392.731638
2026-03-28 23:20:00,81.88,82.13,81.88,82.09,1371.798285
2026-03-28 23:25:00,82.09,82.17,82.06,82.07,671.815199
2026-03-28 23:30:00,82.07,82.25,82.07,82.24,1174.774441
2026-03-28 23:35:00,82.25,82.29,82.16,82.2,443.798706
2026-03-28 23:40:00,82.2,82.26,82.04,82.08,1503.555787
2026-03-28 23:45:00,82.06,82.1,81.93,82.03,1037.699712
2026-03-28 23:50:00,82.04,82.13,82.02,82.04,1042.918418
2026-03-28 23:55:00,82.04,82.12,82.01,82.08,714.520951
2026-03-29 00:00:00,82.09,82.24,82.05,82.17,1940.693108
2026-03-29 00:05:00,82.19,82.2,82.07,82.08,1334.521814
2026-03-29 00:10:00,82.08,82.21,82.07,82.11,1391.851811
2026-03-29 00:15:00,82.11,82.22,82.08,82.22,739.277108
2026-03-29 00:20:00,82.21,82.21,81.87,81.95,2435.158592
2026-03-29 00:25:00,81.96,81.97,81.89,81.95,873.619151
2026-03-29 00:30:00,81.96,82.19,81.93,82.13,668.771529
2026-03-29 00:35:00,82.13,82.17,81.99,82.06,569.736988
2026-03-29 00:40:00,82.06,82.14,82.02,82.06,1295.289512
2026-03-29 00:45:00,82.06,82.11,82.06,82.1,713.723521
2026-03-29 00:50:00,82.1,82.26,82.07,82.08,418.170263
2026-03-29 00:55:00,82.07,82.25,82.02,82.21,1054.189052
2026-03-29 01:00:00,82.21,82.31,82.19,82.27,279.096405
2026-03-29 01:05:00,82.27,82.46,82.27,82.33,2446.732827
2026-03-29 01:10:00,82.33,82.43,82.31,82.38,2071.640989
2026-03-29 01:15:00,82.36,82.44,82.32,82.34,646.285341
2026-03-29 01:20:00,82.34,82.44,82.31,82.33,426.409806
2026-03-29 01:25:00,82.32,82.4,82.31,82.4,291.122749
2026-03-29 01:30:00,82.41,82.41,82.33,82.33,261.855241
2026-03-29 01:35:00,82.35,82.36,82.15,82.15,1099.3611
2026-03-29 01:40:00,82.15,82.35,82.08,82.32,1150.004364
2026-03-29 01:45:00,82.32,82.32,82.14,82.32,2246.862754
2026-03-29 01:50:00,82.33,82.51,82.32,82.37,3780.18307
2026-03-29 01:55:00,82.37,82.49,82.35,82.47,995.022779
2026-03-29 02:00:00,82.47,82.53,82.42,82.5,794.602737
2026-03-29 02:05:00,82.51,82.6,82.51,82.53,613.688335
2026-03-29 02:10:00,82.53,82.62,82.52,82.6,515.942262
2026-03-29 02:15:00,82.6,82.63,82.5,82.57,717.627976
2026-03-29 02:20:00,82.56,82.64,82.54,82.61,531.905099
2026-03-29 02:25:00,82.61,82.65,82.53,82.57,373.471742
2026-03-29 02:30:00,82.57,82.57,82.46,82.49,689.075072
2026-03-29 02:35:00,82.49,82.66,82.47,82.65,1094.884806
2026-03-29 02:40:00,82.65,82.73,82.65,82.68,838.871378
2026-03-29 02:45:00,82.67,82.74,82.62,82.74,395.376861
2026-03-29 02:50:00,82.75,82.84,82.73,82.75,611.279916
2026-03-29 02:55:00,82.75,82.77,82.69,82.77,259.976665
2026-03-29 03:00:00,82.78,82.81,82.73,82.8,291.638865
2026-03-29 03:05:00,82.79,82.83,82.74,82.83,196.825234
2026-03-29 03:10:00,82.83,82.83,82.71,82.73,768.885334
2026-03-29 03:15:00,82.72,83.24,82.68,83.1,3494.714848
2026-03-29 03:20:00,83.1,83.12,82.94,83.05,1593.728973
2026-03-29 03:25:00,83.04,83.07,83.0,83.01,454.22496
2026-03-29 03:30:00,83.03,83.1,82.95,82.95,1014.600262
2026-03-29 03:35:00,82.95,83.01,82.92,82.97,1082.416806
2026-03-29 03:40:00,82.97,83.01,82.93,82.95,377.175525
2026-03-29 03:45:00,82.95,83.01,82.89,83.0,291.267284
2026-03-29 03:50:00,83.0,83.05,82.96,83.01,685.579503
2026-03-29 03:55:00,83.01,83.03,82.98,83.0,410.321656
2026-03-29 04:00:00,83.0,83.03,82.86,82.94,3164.242583
2026-03-29 04:05:00,82.94,82.97,82.87,82.95,3924.643459
2026-03-29 04:10:00,82.95,82.97,82.88,82.96,1387.940121
2026-03-29 04:15:00,82.96,82.96,82.81,82.84,1905.874628
2026-03-29 04:20:00,82.84,82.86,82.74,82.78,851.569873
2026-03-29 04:25:00,82.77,82.83,82.74,82.82,990.487691
2026-03-29 04:30:00,82.82,82.83,82.71,82.82,524.906017
2026-03-29 04:35:00,82.83,82.87,82.75,82.75,472.847474
2026-03-29 04:40:00,82.76,82.84,82.76,82.8,552.943795
2026-03-29 04:45:00,82.81,82.82,82.75,82.8,274.854455
2026-03-29 04:50:00,82.8,82.82,82.76,82.82,206.061878
2026-03-29 04:55:00,82.82,82.83,82.75,82.78,352.321462
2026-03-29 05:00:00,82.76,82.78,82.64,82.66,4237.638127
2026-03-29 05:05:00,82.66,82.66,82.51,82.53,1068.019427
2026-03-29 05:10:00,82.53,82.56,82.48,82.51,1023.769168
2026-03-29 05:15:00,82.51,82.63,82.4,82.63,1088.229684
2026-03-29 05:20:00,82.62,82.67,82.53,82.67,1158.849358
2026-03-29 05:25:00,82.67,82.67,82.51,82.57,1364.571795
2026-03-29 05:30:00,82.58,82.65,82.57,82.63,1225.84511
2026-03-29 05:35:00,82.62,82.68,82.56,82.63,381.691399
2026-03-29 05:40:00,82.63,82.66,82.6,82.65,500.595191
2026-03-29 05:45:00,82.66,82.72,82.62,82.71,915.872318
2026-03-29 05:50:00,82.71,82.86,82.65,82.73,8345.084719
2026-03-29 05:55:00,82.73,82.79,82.7,82.7,2071.424574
2026-03-29 06:00:00,82.71,82.81,82.67,82.73,2544.912993
2026-03-29 06:05:00,82.72,82.77,82.71,82.74,1037.458684
2026-03-29 06:10:00,82.74,82.77,82.7,82.73,761.896184
2026-03-29 06:15:00,82.72,82.74,82.68,82.68,584.771987
2026-03-29 06:20:00,82.67,82.67,82.45,82.47,1213.815364
2026-03-29 06:25:00,82.46,82.46,82.33,82.42,2493.471961
2026-03-29 06:30:00,82.41,82.46,82.37,82.42,2236.859958
2026-03-29 06:35:00,82.41,82.48,82.36,82.37,1026.21821
2026-03-29 06:40:00,82.37,82.43,82.29,82.33,3571.146251
2026-03-29 06:45:00,82.33,82.59,82.28,82.53,7199.644051
2026-03-29 06:50:00,82.54,82.57,82.51,82.52,808.522325
2026-03-29 06:55:00,82.53,82.57,82.48,82.48,402.74027
2026-03-29 07:00:00,82.48,82.48,82.24,82.3,1318.132503
2026-03-29 07:05:00,82.31,82.34,82.23,82.24,428.057264
2026-03-29 07:10:00,82.24,82.36,82.24,82.32,513.38915
2026-03-29 07:15:00,82.32,82.43,82.27,82.4,715.617798
2026-03-29 07:20:00,82.39,82.41,82.36,82.39,374.503524
2026-03-29 07:25:00,82.38,82.44,82.37,82.44,266.890217
2026-03-29 07:30:00,82.43,82.51,82.41,82.42,510.358899
2026-03-29 07:35:00,82.42,82.5,82.42,82.42,537.354904
2026-03-29 07:40:00,82.42,82.42,82.37,82.42,284.504048
2026-03-29 07:45:00,82.42,82.47,82.35,82.47,495.553897
2026-03-29 07:50:00,82.47,82.61,82.46,82.53,1527.002835
2026-03-29 07:55:00,82.54,82.56,82.45,82.45,3147.256888
2026-03-29 08:00:00,82.45,82.49,82.35,82.49,729.111205
2026-03-29 08:05:00,82.5,82.6,82.48,82.48,544.545254
2026-03-29 08:10:00,82.48,82.49,82.36,82.41,805.562419
2026-03-29 08:15:00,82.42,82.43,82.34,82.38,611.341069
2026-03-29 08:20:00,82.39,82.47,82.36,82.46,413.458349
2026-03-29 08:25:00,82.46,82.51,82.45,82.5,256.782384
2026-03-29 08:30:00,82.51,82.62,82.5,82.54,636.421116
2026-03-29 08:35:00,82.53,82.57,82.52,82.56,415.334414
2026-03-29 08:40:00,82.57,82.57,82.51,82.55,276.469618
2026-03-29 08:45:00,82.55,82.57,82.51,82.53,198.529363
2026-03-29 08:50:00,82.54,82.55,82.44,82.48,799.519484
2026-03-29 08:55:00,82.48,82.49,82.43,82.45,209.538376
2026-03-29 09:00:00,82.46,82.52,82.4,82.48,555.078286
2026-03-29 09:05:00,82.48,82.48,82.31,82.39,1048.754158
2026-03-29 09:10:00,82.39,82.44,82.38,82.44,507.276615
2026-03-29 09:15:00,82.43,82.51,82.4,82.43,999.24983
2026-03-29 09:20:00,82.43,82.43,82.33,82.35,299.455241
2026-03-29 09:25:00,82.34,82.4,82.34,82.4,282.100365
2026-03-29 09:30:00,82.39,82.45,82.16,82.2,12137.010509
2026-03-29 09:35:00,82.2,82.3,82.19,82.3,1521.078084
2026-03-29 09:40:00,82.3,82.3,82.24,82.25,505.115024
2026-03-29 09:45:00,82.26,82.34,82.26,82.3,349.68163
2026-03-29 09:50:00,82.31,82.36,82.29,82.33,2346.987467
2026-03-29 09:55:00,82.33,82.38,82.32,82.35,259.250234
2026-03-29 10:00:00,82.34,82.34,82.21,82.21,461.87471
2026-03-29 10:05:00,82.22,82.26,82.16,82.24,1002.532162
2026-03-29 10:10:00,82.25,82.26,82.17,82.23,632.098918
2026-03-29 10:15:00,82.23,82.27,82.14,82.19,1939.054568
2026-03-29 10:20:00,82.2,82.21,82.09,82.15,1695.203882
2026-03-29 10:25:00,82.15,82.2,82.12,82.12,1110.206978
2026-03-29 10:30:00,82.11,82.2,81.98,82.02,2430.164684
2026-03-29 10:35:00,82.01,82.2,82.0,82.19,839.034835
2026-03-29 10:40:00,82.17,82.17,82.06,82.14,715.79437
2026-03-29 10:45:00,82.14,82.23,82.14,82.19,1034.84227
2026-03-29 10:50:00,82.19,82.23,82.19,82.22,430.276318
2026-03-29 10:55:00,82.22,82.23,82.11,82.12,536.197933
2026-03-29 11:00:00,82.12,82.44,82.11,82.44,1375.911213
2026-03-29 11:05:00,82.44,82.73,82.41,82.59,2427.144358
2026-03-29 11:10:00,82.59,82.64,82.52,82.52,1235.124207
2026-03-29 11:15:00,82.53,82.56,82.44,82.55,658.666802
2026-03-29 11:20:00,82.56,82.65,82.51,82.54,537.462229
2026-03-29 11:25:00,82.55,82.59,82.52,82.57,559.982899
2026-03-29 11:30:00,82.57,82.63,82.48,82.53,1059.070039
2026-03-29 11:35:00,82.52,82.71,82.51,82.64,791.151556
2026-03-29 11:40:00,82.64,82.74,82.61,82.73,695.15262
2026-03-29 11:45:00,82.72,82.83,82.57,82.57,1642.885874
2026-03-29 11:50:00,82.57,82.61,82.56,82.59,1002.956189
2026-03-29 11:55:00,82.58,82.62,82.56,82.58,499.902482
2026-03-29 12:00:00,82.58,82.63,82.52,82.52,372.447034
2026-03-29 12:05:00,82.53,82.58,82.47,82.5,805.915864
2026-03-29 12:10:00,82.5,82.51,82.42,82.42,374.48842
2026-03-29 12:15:00,82.41,82.46,82.37,82.41,713.29639
2026-03-29 12:20:00,82.41,82.42,82.37,82.42,250.289302
2026-03-29 12:25:00,82.42,82.46,82.38,82.39,370.753678
2026-03-29 12:30:00,82.39,82.45,82.23,82.24,440.677321
2026-03-29 12:35:00,82.24,82.32,82.24,82.27,619.242576
2026-03-29 12:40:00,82.26,82.32,82.25,82.25,314.018481
2026-03-29 12:45:00,82.25,82.36,82.22,82.36,730.236249
2026-03-29 12:50:00,82.36,82.49,82.36,82.48,372.830229
2026-03-29 12:55:00,82.47,82.49,82.42,82.43,654.179615
2026-03-29 13:00:00,82.43,82.45,82.36,82.36,356.739771
2026-03-29 13:05:00,82.36,82.36,81.69,81.77,8487.526183
2026-03-29 13:10:00,81.78,81.94,81.78,81.89,4503.757819
2026-03-29 13:15:00,81.89,82.04,81.81,82.0,1535.476233
2026-03-29 13:20:00,82.0,82.11,81.99,82.07,860.13922
2026-03-29 13:25:00,82.07,82.11,82.04,82.06,471.109175
2026-03-29 13:30:00,82.06,82.14,82.01,82.03,2249.238524
2026-03-29 13:35:00,82.02,82.07,81.98,82.07,981.882167
2026-03-29 13:40:00,82.07,82.07,81.98,82.01,419.458314
2026-03-29 13:45:00,82.01,82.03,81.87,81.96,928.219442
2026-03-29 13:50:00,81.96,82.03,81.93,81.96,836.737281
2026-03-29 13:55:00,81.95,81.97,81.79,81.92,1832.890268
2026-03-29 14:00:00,81.92,81.96,81.78,81.84,2400.186796
2026-03-29 14:05:00,81.83,81.89,81.79,81.88,1655.154723
2026-03-29 14:10:00,81.86,82.43,81.86,82.15,5671.771087
2026-03-29 14:15:00,82.15,82.17,82.05,82.06,478.004137
2026-03-29 14:20:00,82.07,82.13,81.97,81.99,814.346751
2026-03-29 14:25:00,81.98,81.99,81.85,81.91,2281.819431
2026-03-29 14:30:00,81.91,82.05,81.88,82.03,1085.662615
2026-03-29 14:35:00,82.03,82.04,81.91,81.92,348.715514
2026-03-29 14:40:00,81.92,82.02,81.91,82.02,620.970568
2026-03-29 14:45:00,82.02,82.03,81.71,81.87,9766.781104
2026-03-29 14:50:00,81.88,81.92,81.84,81.85,846.013297
2026-03-29 14:55:00,81.84,81.94,81.82,81.92,633.127062
2026-03-29 15:00:00,81.93,82.15,81.93,81.99,2953.100801
2026-03-29 15:05:00,81.99,82.1,81.94,81.95,2724.735886
2026-03-29 15:10:00,81.95,81.98,81.77,81.98,1808.677412
2026-03-29 15:15:00,81.97,82.1,81.93,81.94,1183.013497
2026-03-29 15:20:00,81.95,81.99,81.9,81.96,406.348447
2026-03-29 15:25:00,81.96,81.96,81.32,81.59,11577.271743
2026-03-29 15:30:00,81.58,81.64,81.5,81.61,1228.22507
2026-03-29 15:35:00,81.61,81.68,81.58,81.64,1242.180503
2026-03-29 15:40:00,81.64,81.69,81.6,81.62,1200.24179
2026-03-29 15:45:00,81.62,81.7,81.62,81.62,1794.121287
2026-03-29 15:50:00,81.62,81.84,81.6,81.84,1385.959414
2026-03-29 15:55:00,81.84,81.85,81.69,81.82,3882.96257
2026-03-29 16:00:00,81.82,81.85,81.76,81.76,462.354482
2026-03-29 16:05:00,81.75,81.86,81.73,81.86,1024.033318
2026-03-29 16:10:00,81.86,81.89,81.74,81.75,565.377294
2026-03-29 16:15:00,81.75,82.12,81.71,82.06,1585.650525
2026-03-29 16:20:00,82.06,82.12,81.93,81.94,1866.369886
2026-03-29 16:25:00,81.95,81.97,81.87,81.94,727.012147
2026-03-29 16:30:00,81.94,81.95,81.86,81.88,493.913702
2026-03-29 16:35:00,81.87,81.87,81.75,81.79,1216.575967
2026-03-29 16:40:00,81.79,81.79,81.69,81.7,290.43396
2026-03-29 16:45:00,81.7,81.76,81.64,81.73,618.789735
2026-03-29 16:50:00,81.73,81.8,81.63,81.64,313.443684
2026-03-29 16:55:00,81.63,81.74,81.63,81.7,489.487686
2026-03-29 17:00:00,81.7,81.75,81.68,81.73,711.341137
2026-03-29 17:05:00,81.73,81.85,81.73,81.84,226.165931
2026-03-29 17:10:00,81.84,81.85,81.54,81.56,660.535421
2026-03-29 17:15:00,81.56,81.57,81.43,81.49,1909.350275
2026-03-29 17:20:00,81.48,81.48,81.13,81.28,6040.573009
2026-03-29 17:25:00,81.29,81.31,81.23,81.26,2199.445293
2026-03-29 17:30:00,81.25,81.37,81.18,81.35,3372.896709
2026-03-29 17:35:00,81.35,81.41,81.3,81.36,871.951525
2026-03-29 17:40:00,81.36,81.64,81.34,81.56,8032.734746
2026-03-29 17:45:00,81.55,81.6,81.52,81.55,587.077966
2026-03-29 17:50:00,81.55,81.64,81.54,81.57,550.521779
2026-03-29 17:55:00,81.57,81.59,81.53,81.55,444.384428
2026-03-29 18:00:00,81.55,81.59,81.43,81.44,3049.776394
2026-03-29 18:05:00,81.44,81.47,81.4,81.47,294.998603
2026-03-29 18:10:00,81.47,81.62,81.47,81.6,1294.635431
2026-03-29 18:15:00,81.6,81.72,81.59,81.63,202.541192
2026-03-29 18:20:00,81.63,81.65,81.44,81.52,1145.885165
2026-03-29 18:25:00,81.53,81.6,81.51,81.55,782.777853
2026-03-29 18:30:00,81.56,81.59,81.52,81.54,309.889782
2026-03-29 18:35:00,81.54,81.92,81.54,81.82,6689.033142
2026-03-29 18:40:00,81.83,81.87,81.75,81.76,1294.534556
2026-03-29 18:45:00,81.76,81.81,81.7,81.76,1266.472291
2026-03-29 18:50:00,81.76,81.84,81.76,81.83,516.087356
2026-03-29 18:55:00,81.83,81.85,81.79,81.8,326.180132
2026-03-29 19:00:00,81.8,81.81,81.73,81.74,208.443331
2026-03-29 19:05:00,81.75,81.8,81.74,81.75,286.607437
2026-03-29 19:10:00,81.75,81.79,81.73,81.78,234.529669
2026-03-29 19:15:00,81.78,81.85,81.74,81.85,367.035507
2026-03-29 19:20:00,81.85,81.87,81.71,81.75,1171.007804
2026-03-29 19:25:00,81.75,81.79,81.68,81.7,136.511358
2026-03-29 19:30:00,81.7,81.8,81.7,81.8,465.882437
2026-03-29 19:35:00,81.8,81.8,81.64,81.64,459.879886
2026-03-29 19:40:00,81.65,81.67,81.59,81.66,447.102842
2026-03-29 19:45:00,81.66,81.72,81.63,81.64,580.509521
2026-03-29 19:50:00,81.63,81.64,81.55,81.61,550.529387
2026-03-29 19:55:00,81.61,81.66,81.6,81.61,841.273672
2026-03-29 20:00:00,81.61,81.8,81.6,81.76,522.819904
2026-03-29 20:05:00,81.76,81.88,81.73,81.79,1561.433867
2026-03-29 20:10:00,81.78,81.83,81.72,81.75,284.529753
2026-03-29 20:15:00,81.75,81.9,81.74,81.85,2084.756945
2026-03-29 20:20:00,81.85,82.21,81.84,82.06,3343.007083
2026-03-29 20:25:00,82.06,82.14,82.0,82.02,923.120406
2026-03-29 20:30:00,82.03,82.06,81.98,81.99,358.469511
2026-03-29 20:35:00,81.99,82.02,81.94,81.95,426.781305
2026-03-29 20:40:00,81.95,81.98,81.85,81.85,437.127223
2026-03-29 20:45:00,81.85,81.91,81.72,81.84,5331.378041
2026-03-29 20:50:00,81.84,81.87,81.84,81.86,70.933487
2026-03-29 20:55:00,81.86,81.93,81.86,81.93,269.637336
2026-03-29 21:00:00,81.92,82.03,81.92,81.99,560.486984
2026-03-29 21:05:00,82.0,82.04,81.87,81.87,231.76476
2026-03-29 21:10:00,81.87,81.95,81.86,81.9,5169.699706
2026-03-29 21:15:00,81.9,81.91,81.83,81.86,517.898106
2026-03-29 21:20:00,81.86,81.95,81.86,81.91,407.395549
2026-03-29 21:25:00,81.91,82.02,81.88,81.96,704.543752
2026-03-29 21:30:00,81.96,82.11,81.93,82.06,1286.403538
2026-03-29 21:35:00,82.06,82.15,82.06,82.1,639.217894
2026-03-29 21:40:00,82.1,82.17,82.01,82.1,2427.35837
2026-03-29 21:45:00,82.1,82.19,82.09,82.13,965.701811
2026-03-29 21:50:00,82.12,82.2,82.1,82.15,422.321372
2026-03-29 21:55:00,82.15,82.21,82.13,82.14,368.503129
2026-03-29 22:00:00,82.15,82.15,81.48,81.58,3892.748506
2026-03-29 22:05:00,81.57,81.68,81.28,81.65,6496.890789
2026-03-29 22:10:00,81.65,81.8,81.32,81.61,8822.675955
2026-03-29 22:15:00,81.56,81.76,81.52,81.72,2921.333508
2026-03-29 22:20:00,81.69,81.96,81.64,81.86,1883.61675
2026-03-29 22:25:00,81.87,81.88,81.71,81.75,2195.271949
2026-03-29 22:30:00,81.75,81.79,81.64,81.67,662.063303
2026-03-29 22:35:00,81.68,81.7,81.4,81.43,2340.906642
2026-03-29 22:40:00,81.43,81.44,80.39,80.58,29430.179574
2026-03-29 22:45:00,80.59,80.59,78.88,79.37,89225.19294
2026-03-29 22:50:00,79.36,80.18,79.3,80.17,6159.872168
2026-03-29 22:55:00,80.17,81.01,80.12,80.93,11594.224297
2026-03-29 23:00:00,80.93,81.51,80.89,81.1,10954.028152
2026-03-29 23:05:00,81.1,81.36,80.96,81.14,5894.136485
2026-03-29 23:10:00,81.14,81.3,81.09,81.22,2760.698301
2026-03-29 23:15:00,81.22,81.52,81.16,81.33,5441.605598
2026-03-29 23:20:00,81.35,81.7,81.34,81.42,3343.822834
2026-03-29 23:25:00,81.41,81.43,81.2,81.33,2268.429504
2026-03-29 23:30:00,81.32,81.55,81.26,81.27,4719.096257
2026-03-29 23:35:00,81.27,81.34,81.18,81.31,1906.901637
2026-03-29 23:40:00,81.3,81.44,81.25,81.4,2521.663257
2026-03-29 23:45:00,81.41,81.67,81.39,81.4,4091.749815
2026-03-29 23:50:00,81.4,81.54,81.18,81.53,2255.676231
2026-03-29 23:55:00,81.53,81.53,81.39,81.42,1642.93005
2026-03-30 00:00:00,81.43,81.55,81.24,81.25,3337.156728
2026-03-30 00:05:00,81.25,81.45,81.16,81.29,2965.501331
2026-03-30 00:10:00,81.29,81.36,81.22,81.24,895.394391
2026-03-30 00:15:00,81.25,82.89,81.16,82.86,13389.810569
2026-03-30 00:20:00,82.85,83.01,82.28,82.28,10378.913521
2026-03-30 00:25:00,82.28,82.57,82.14,82.18,3470.157977
2026-03-30 00:30:00,82.18,82.46,82.02,82.08,2979.098289
2026-03-30 00:35:00,82.08,82.14,81.7,81.77,2950.2554
2026-03-30 00:40:00,81.76,81.82,81.62,81.75,1822.134791
2026-03-30 00:45:00,81.76,81.98,81.71,81.83,1699.087569
2026-03-30 00:50:00,81.82,81.83,81.53,81.65,928.411386
2026-03-30 00:55:00,81.69,81.99,81.67,81.89,1594.25732
2026-03-30 01:00:00,81.89,82.43,81.89,82.23,2556.23303
2026-03-30 01:05:00,82.24,82.46,82.18,82.23,2245.321965
2026-03-30 01:10:00,82.24,82.37,82.17,82.25,1912.665453
2026-03-30 01:15:00,82.26,82.44,82.15,82.43,1908.536385
2026-03-30 01:20:00,82.43,82.48,82.26,82.3,752.079047
2026-03-30 01:25:00,82.3,82.65,82.29,82.53,3226.021354
2026-03-30 01:30:00,82.53,82.78,82.44,82.69,3526.616965
2026-03-30 01:35:00,82.68,82.73,82.5,82.59,1522.173487
2026-03-30 01:40:00,82.6,82.61,82.43,82.6,619.741738
2026-03-30 01:45:00,82.6,82.87,82.6,82.76,3640.2265
2026-03-30 01:50:00,82.76,82.78,82.6,82.64,646.98661
2026-03-30 01:55:00,82.63,82.79,82.63,82.71,815.226701
2026-03-30 02:00:00,82.72,82.93,82.72,82.74,2351.31835
2026-03-30 02:05:00,82.74,83.07,82.62,82.74,2802.112239
2026-03-30 02:10:00,82.74,82.94,82.7,82.94,863.388934
2026-03-30 02:15:00,82.94,83.05,82.8,82.84,788.500358
2026-03-30 02:20:00,82.8,82.8,82.7,82.78,1370.741443
2026-03-30 02:25:00,82.79,82.82,82.65,82.73,1017.366883
2026-03-30 02:30:00,82.74,82.78,82.56,82.57,1702.460194
2026-03-30 02:35:00,82.56,82.62,82.48,82.55,1455.522483
2026-03-30 02:40:00,82.56,83.09,82.52,83.09,3343.657443
2026-03-30 02:45:00,83.1,83.97,83.02,83.79,23678.756066
2026-03-30 02:50:00,83.78,83.8,83.36,83.4,5016.821035
2026-03-30 02:55:00,83.4,83.44,83.3,83.35,2264.333591
2026-03-30 03:00:00,83.35,83.38,83.19,83.23,1418.397883
2026-03-30 03:05:00,83.22,83.29,83.15,83.28,1688.059326
2026-03-30 03:10:00,83.26,83.28,82.94,83.06,5499.400186
2026-03-30 03:15:00,83.06,83.22,82.94,83.19,4215.047858
2026-03-30 03:20:00,83.18,83.43,83.17,83.39,2592.028919
2026-03-30 03:25:00,83.38,83.47,83.33,83.38,1954.719782
2026-03-30 03:30:00,83.38,83.4,83.21,83.32,1236.413529
2026-03-30 03:35:00,83.31,83.32,83.16,83.21,957.927164
2026-03-30 03:40:00,83.2,83.27,83.16,83.23,314.178774
2026-03-30 03:45:00,83.24,83.29,83.16,83.28,1561.531882
2026-03-30 03:50:00,83.28,83.54,83.25,83.39,1301.623394
2026-03-30 03:55:00,83.37,83.37,83.25,83.27,1377.570637
2026-03-30 04:00:00,83.28,83.44,83.26,83.38,407.928778
2026-03-30 04:05:00,83.37,83.63,83.37,83.56,2430.800323
2026-03-30 04:10:00,83.56,83.62,83.42,83.44,1813.371502
2026-03-30 04:15:00,83.45,83.61,83.38,83.52,6969.146747
2026-03-30 04:20:00,83.52,83.65,83.42,83.45,2463.13828
2026-03-30 04:25:00,83.44,83.82,83.44,83.6,5216.013659
2026-03-30 04:30:00,83.6,83.78,83.56,83.62,3158.602906
2026-03-30 04:35:00,83.61,83.63,83.48,83.63,813.462265
2026-03-30 04:40:00,83.62,83.62,83.5,83.55,397.604818
2026-03-30 04:45:00,83.56,83.65,83.56,83.64,1360.035895
2026-03-30 04:50:00,83.64,83.76,83.59,83.76,1126.94177
2026-03-30 04:55:00,83.77,83.89,83.64,83.77,6937.950737
2026-03-30 05:00:00,83.77,84.04,83.76,83.94,9565.262631
2026-03-30 05:05:00,83.95,84.17,83.88,84.12,3712.616541
2026-03-30 05:10:00,84.1,84.17,83.88,84.06,3839.964648
2026-03-30 05:15:00,84.06,84.14,83.79,83.86,13908.342683
2026-03-30 05:20:00,83.87,83.88,83.78,83.83,1713.352703
2026-03-30 05:25:00,83.83,83.93,83.79,83.87,1282.123835
2026-03-30 05:30:00,83.85,83.93,83.82,83.88,2022.827133
2026-03-30 05:35:00,83.88,83.9,83.66,83.74,5286.333483
2026-03-30 05:40:00,83.73,83.73,83.53,83.6,3290.718161
2026-03-30 05:45:00,83.6,83.7,83.47,83.68,2903.291288
2026-03-30 05:50:00,83.67,83.7,83.55,83.56,2110.46693
2026-03-30 05:55:00,83.57,83.82,83.48,83.64,11669.724199
2026-03-30 06:00:00,83.63,83.87,83.61,83.82,2563.013451
2026-03-30 06:05:00,83.82,83.83,83.75,83.76,805.266605
2026-03-30 06:10:00,83.75,83.75,83.61,83.61,1725.432975
2026-03-30 06:15:00,83.62,83.65,83.43,83.56,1880.312399
2026-03-30 06:20:00,83.56,83.61,83.51,83.55,695.402965
2026-03-30 06:25:00,83.55,83.66,83.49,83.57,2908.269442
2026-03-30 06:30:00,83.58,83.6,83.49,83.5,1329.103562
2026-03-30 06:35:00,83.5,83.52,83.41,83.47,1701.826537
2026-03-30 06:40:00,83.46,83.54,83.46,83.51,1433.48922
2026-03-30 06:45:00,83.5,83.58,83.45,83.51,607.499617
2026-03-30 06:50:00,83.52,83.6,83.45,83.47,963.63862
2026-03-30 06:55:00,83.49,83.52,83.45,83.46,800.371715
2026-03-30 07:00:00,83.46,83.48,83.35,83.45,4138.085228
2026-03-30 07:05:00,83.46,83.67,83.46,83.63,845.538149
2026-03-30 07:10:00,83.64,83.72,83.6,83.62,805.59377
2026-03-30 07:15:00,83.61,83.67,83.55,83.57,564.982334
2026-03-30 07:20:00,83.57,83.66,83.56,83.56,1113.980036
2026-03-30 07:25:00,83.58,83.63,83.57,83.58,479.696089
2026-03-30 07:30:00,83.59,83.7,83.47,83.54,741.867171
2026-03-30 07:35:00,83.56,83.66,83.52,83.58,657.389963
2026-03-30 07:40:00,83.58,83.64,83.57,83.62,511.303871
2026-03-30 07:45:00,83.63,84.03,83.58,84.02,5370.020826
2026-03-30 07:50:00,84.03,84.26,83.89,84.05,9198.232345
2026-03-30 07:55:00,84.06,84.11,83.95,84.03,2199.250916
2026-03-30 08:00:00,84.02,84.25,84.0,84.16,6256.091533
2026-03-30 08:05:00,84.16,84.41,84.1,84.24,6376.881301
2026-03-30 08:10:00,84.25,84.33,84.19,84.29,2564.007827
2026-03-30 08:15:00,84.3,84.4,84.2,84.35,4203.981167
2026-03-30 08:20:00,84.35,84.4,84.22,84.26,1858.446259
2026-03-30 08:25:00,84.27,84.32,84.21,84.26,1513.375104
2026-03-30 08:30:00,84.27,84.35,84.24,84.25,580.147996
2026-03-30 08:35:00,84.26,84.89,84.23,84.68,29516.530188
2026-03-30 08:40:00,84.7,84.86,84.55,84.59,3781.362761
2026-03-30 08:45:00,84.59,84.68,84.4,84.49,4937.804062
2026-03-30 08:50:00,84.49,84.61,84.49,84.54,2873.852671
2026-03-30 08:55:00,84.54,84.58,84.45,84.5,2387.738073
2026-03-30 09:00:00,84.5,84.51,84.39,84.42,894.736444
2026-03-30 09:05:00,84.43,84.49,84.37,84.38,1298.305257
2026-03-30 09:10:00,84.38,84.44,84.28,84.3,1104.71438
2026-03-30 09:15:00,84.28,84.46,84.21,84.36,4177.248388
2026-03-30 09:20:00,84.34,84.37,84.27,84.31,1844.906729
2026-03-30 09:25:00,84.31,84.37,84.23,84.26,1633.681086
2026-03-30 09:30:00,84.27,84.27,84.1,84.17,2434.839922
2026-03-30 09:35:00,84.16,84.27,84.15,84.23,1154.087714
2026-03-30 09:40:00,84.21,84.27,84.14,84.24,2214.405798
2026-03-30 09:45:00,84.24,84.29,84.2,84.2,571.075823
2026-03-30 09:50:00,84.21,84.23,84.17,84.18,1933.983678
2026-03-30 09:55:00,84.16,84.21,84.11,84.13,1762.371316
2026-03-30 10:00:00,84.15,84.17,84.07,84.13,1966.975119
2026-03-30 10:05:00,84.12,84.18,84.09,84.12,1578.281323
2026-03-30 10:10:00,84.11,84.15,84.0,84.03,1396.623223
2026-03-30 10:15:00,84.03,84.17,84.03,84.17,1466.546668
2026-03-30 10:20:00,84.16,84.21,84.03,84.04,2493.681517
2026-03-30 10:25:00,84.04,84.07,84.03,84.06,1109.833386
2026-03-30 10:30:00,84.05,84.06,83.99,84.0,1975.348108
2026-03-30 10:35:00,84.01,84.02,83.58,83.74,9411.360462
2026-03-30 10:40:00,83.74,83.8,83.72,83.79,1543.02605
2026-03-30 10:45:00,83.8,83.85,83.68,83.83,2017.102522
2026-03-30 10:50:00,83.82,84.0,83.82,83.9,3302.28368
2026-03-30 10:55:00,83.9,83.98,83.87,83.92,1270.083219
2026-03-30 11:00:00,83.93,84.0,83.88,83.91,986.816323
2026-03-30 11:05:00,83.92,84.05,83.91,83.96,1159.854864
2026-03-30 11:10:00,83.95,84.07,83.92,84.04,922.609637
2026-03-30 11:15:00,84.05,84.07,83.98,84.03,625.031092
2026-03-30 11:20:00,84.02,84.19,84.0,84.15,770.720185
2026-03-30 11:25:00,84.13,84.69,83.91,84.11,16875.936453
2026-03-30 11:30:00,84.12,84.29,84.09,84.12,1990.070779
2026-03-30 11:35:00,84.16,84.3,84.11,84.18,868.449339
2026-03-30 11:40:00,84.16,84.21,84.12,84.17,892.205677
2026-03-30 11:45:00,84.17,84.34,84.11,84.3,2126.696883
2026-03-30 11:50:00,84.28,84.32,84.17,84.22,3072.581797
2026-03-30 11:55:00,84.23,84.27,84.18,84.26,830.444988
2026-03-30 12:00:00,84.28,84.38,84.26,84.36,1555.387259
2026-03-30 12:05:00,84.35,84.54,84.29,84.31,4466.08319
2026-03-30 12:10:00,84.34,84.41,84.3,84.33,2405.768867
2026-03-30 12:15:00,84.32,84.36,84.22,84.31,1298.159302
2026-03-30 12:20:00,84.3,84.36,84.23,84.28,1615.052511
2026-03-30 12:25:00,84.26,84.26,84.13,84.2,961.040922
2026-03-30 12:30:00,84.21,84.36,84.19,84.26,631.938125
2026-03-30 12:35:00,84.26,84.4,84.21,84.25,554.873013
2026-03-30 12:40:00,84.23,84.57,84.19,84.48,9170.82272
2026-03-30 12:45:00,84.48,84.61,84.42,84.45,6029.993364
2026-03-30 12:50:00,84.46,84.55,84.43,84.52,469.264277
2026-03-30 12:55:00,84.52,84.59,84.49,84.51,687.969188
2026-03-30 13:00:00,84.51,84.58,84.4,84.49,1787.223472
2026-03-30 13:05:00,84.48,84.69,84.35,84.67,6057.87866
2026-03-30 13:10:00,84.66,84.88,84.64,84.68,4559.43715
2026-03-30 13:15:00,84.68,84.69,84.57,84.63,853.095465
2026-03-30 13:20:00,84.64,85.0,84.64,84.77,7196.383723
2026-03-30 13:25:00,84.76,84.77,84.56,84.56,790.325392
2026-03-30 13:30:00,84.56,84.74,84.39,84.56,2822.240862
2026-03-30 13:35:00,84.55,84.62,84.43,84.46,3742.264677
2026-03-30 13:40:00,84.45,84.45,84.17,84.2,10461.933813
2026-03-30 13:45:00,84.21,84.36,84.12,84.12,5258.836571
2026-03-30 13:50:00,84.13,84.39,84.13,84.23,2932.152234
2026-03-30 13:55:00,84.22,84.22,83.92,84.01,4403.420046
2026-03-30 14:00:00,84.0,84.25,83.92,84.17,3754.12221
2026-03-30 14:05:00,84.16,84.47,84.05,84.46,2549.445895
2026-03-30 14:10:00,84.47,84.64,84.46,84.49,2681.605345
2026-03-30 14:15:00,84.49,84.54,84.16,84.27,4859.692801
2026-03-30 14:20:00,84.27,84.4,84.12,84.32,5395.979413
2026-03-30 14:25:00,84.31,84.35,83.95,84.08,2212.725344
2026-03-30 14:30:00,84.06,84.28,84.06,84.12,2067.230079
2026-03-30 14:35:00,84.12,84.12,83.66,83.94,8156.390091
2026-03-30 14:40:00,83.92,83.99,83.73,83.74,3176.908225
2026-03-30 14:45:00,83.75,83.99,83.69,83.83,2170.223276
2026-03-30 14:50:00,83.82,84.3,83.82,84.21,2779.001292
2026-03-30 14:55:00,84.21,84.63,84.14,84.39,15385.276594
2026-03-30 15:00:00,84.39,84.49,84.34,84.44,2443.485905
2026-03-30 15:05:00,84.45,84.62,84.11,84.14,1787.037293
2026-03-30 15:10:00,84.14,84.27,84.1,84.12,815.122343
2026-03-30 15:15:00,84.12,84.15,83.89,84.02,1317.677167
2026-03-30 15:20:00,84.04,84.13,83.97,84.07,596.856513
2026-03-30 15:25:00,84.07,84.22,84.06,84.11,501.963904
2026-03-30 15:30:00,84.11,84.51,84.04,84.48,3972.306526
2026-03-30 15:35:00,84.49,84.73,84.46,84.65,4671.145521
2026-03-30 15:40:00,84.64,84.75,84.58,84.71,1828.044584
2026-03-30 15:45:00,84.71,84.73,84.47,84.52,3078.985542
2026-03-30 15:50:00,84.52,84.71,84.51,84.57,1711.448335
2026-03-30 15:55:00,84.56,84.65,84.47,84.5,3950.777021
2026-03-30 16:00:00,84.5,84.55,84.21,84.24,2551.24503
2026-03-30 16:05:00,84.21,84.33,84.15,84.27,2310.244516
2026-03-30 16:10:00,84.28,84.39,84.25,84.28,1081.237822
2026-03-30 16:15:00,84.29,84.3,84.11,84.17,761.39518
2026-03-30 16:20:00,84.17,84.22,84.05,84.09,1828.439577
2026-03-30 16:25:00,84.1,84.14,84.02,84.1,1206.646913
2026-03-30 16:30:00,84.08,84.18,84.01,84.11,2214.635582
2026-03-30 16:35:00,84.1,84.23,84.09,84.19,1050.226472
2026-03-30 16:40:00,84.17,84.17,84.03,84.1,1945.524673
2026-03-30 16:45:00,84.09,84.23,84.03,84.11,1016.34749
2026-03-30 16:50:00,84.12,84.19,83.97,83.97,2562.452427
2026-03-30 16:55:00,83.97,84.23,83.94,84.22,2525.381561
2026-03-30 17:00:00,84.24,84.42,84.04,84.06,1524.63522
2026-03-30 17:05:00,84.06,84.2,84.02,84.08,735.221045
2026-03-30 17:10:00,84.08,84.1,83.9,83.92,2408.674645
2026-03-30 17:15:00,83.91,83.92,83.67,83.9,4310.41276
2026-03-30 17:20:00,83.89,83.92,83.51,83.52,3687.08896
2026-03-30 17:25:00,83.53,83.55,83.08,83.4,7450.10061
2026-03-30 17:30:00,83.4,83.53,83.28,83.42,2841.62489
2026-03-30 17:35:00,83.42,83.54,83.35,83.48,1289.779882
2026-03-30 17:40:00,83.47,83.49,83.37,83.49,224.084979
2026-03-30 17:45:00,83.48,83.54,83.28,83.34,1852.900779
2026-03-30 17:50:00,83.33,83.38,83.19,83.19,1796.025204
2026-03-30 17:55:00,83.2,83.28,83.15,83.27,3155.64177
2026-03-30 18:00:00,83.27,83.43,83.27,83.3,778.780825
2026-03-30 18:05:00,83.29,83.34,82.96,82.99,3342.744852
2026-03-30 18:10:00,82.98,83.2,82.95,83.1,1458.733466
2026-03-30 18:15:00,83.09,83.11,82.99,83.05,704.521273
2026-03-30 18:20:00,83.05,83.16,82.76,82.89,3828.053989
2026-03-30 18:25:00,82.9,82.91,82.71,82.85,1603.709986
2026-03-30 18:30:00,82.86,83.0,82.71,82.97,2147.791163
2026-03-30 18:35:00,82.97,83.07,82.86,82.87,241.003945
2026-03-30 18:40:00,82.86,82.97,82.84,82.95,601.305377
2026-03-30 18:45:00,82.95,83.02,82.63,82.64,817.978866
2026-03-30 18:50:00,82.65,82.65,82.47,82.55,3652.35462
2026-03-30 18:55:00,82.57,82.7,82.49,82.7,1117.243102
2026-03-30 19:00:00,82.7,82.71,82.54,82.64,1233.41096
2026-03-30 19:05:00,82.64,82.64,82.39,82.6,1634.103262
2026-03-30 19:10:00,82.58,82.6,82.36,82.49,1738.737751
2026-03-30 19:15:00,82.52,82.56,82.4,82.44,370.157428
2026-03-30 19:20:00,82.45,82.5,82.19,82.2,840.426772
2026-03-30 19:25:00,82.2,82.35,81.98,82.2,10344.442877
2026-03-30 19:30:00,82.22,82.28,82.08,82.19,12886.354815
2026-03-30 19:35:00,82.19,82.3,82.13,82.24,1094.312132
2026-03-30 19:40:00,82.25,82.28,82.09,82.18,4641.291794
2026-03-30 19:45:00,82.17,82.36,82.1,82.28,1936.959644
2026-03-30 19:50:00,82.27,82.43,82.22,82.42,2204.07177
2026-03-30 19:55:00,82.43,82.49,82.32,82.4,1766.466139
2026-03-30 20:00:00,82.39,82.51,82.36,82.51,2152.673165
2026-03-30 20:05:00,82.51,82.87,82.51,82.7,8201.218696
2026-03-30 20:10:00,82.7,82.82,82.7,82.73,2502.846461
2026-03-30 20:15:00,82.76,82.82,82.67,82.81,203.26251
2026-03-30 20:20:00,82.82,82.9,82.81,82.89,817.338917
2026-03-30 20:25:00,82.87,82.9,82.78,82.86,2921.553504
2026-03-30 20:30:00,82.86,82.87,82.66,82.7,986.53415
2026-03-30 20:35:00,82.7,82.77,82.61,82.77,730.538203
2026-03-30 20:40:00,82.78,82.82,82.72,82.77,946.062587
2026-03-30 20:45:00,82.79,82.81,82.7,82.77,630.635233
2026-03-30 20:50:00,82.76,82.79,82.7,82.79,104.235079
2026-03-30 20:55:00,82.8,82.85,82.78,82.81,535.454217
2026-03-30 21:00:00,82.78,82.81,82.73,82.75,185.920162
2026-03-30 21:05:00,82.74,82.95,82.7,82.95,593.580746
2026-03-30 21:10:00,82.95,83.4,82.95,83.29,10495.008227
2026-03-30 21:15:00,83.28,83.44,83.26,83.38,1708.792529
2026-03-30 21:20:00,83.36,83.68,83.36,83.61,5336.33971
2026-03-30 21:25:00,83.6,83.6,83.31,83.37,1964.082782
2026-03-30 21:30:00,83.37,83.43,83.32,83.4,789.391632
2026-03-30 21:35:00,83.39,83.5,83.32,83.46,1681.726678
2026-03-30 21:40:00,83.45,83.53,83.4,83.41,1865.841627
2026-03-30 21:45:00,83.42,83.43,83.32,83.38,516.181764
2026-03-30 21:50:00,83.38,83.42,83.29,83.3,499.70306
2026-03-30 21:55:00,83.31,83.33,83.15,83.17,1945.286083
2026-03-30 22:00:00,83.17,83.5,83.14,83.48,2095.618086
2026-03-30 22:05:00,83.47,83.48,82.9,82.94,8217.298642
2026-03-30 22:10:00,82.94,83.02,82.85,82.92,3276.873649
2026-03-30 22:15:00,82.93,82.96,82.85,82.89,3544.496667
2026-03-30 22:20:00,82.89,82.94,82.85,82.94,312.334273
2026-03-30 22:25:00,82.94,83.05,82.86,82.93,538.244294
2026-03-30 22:30:00,82.93,82.93,82.79,82.87,483.27584
2026-03-30 22:35:00,82.86,82.94,82.81,82.91,531.482804
2026-03-30 22:40:00,82.91,83.0,82.91,82.96,159.22141
2026-03-30 22:45:00,82.96,82.97,82.65,82.72,2078.630291
2026-03-30 22:50:00,82.72,82.81,82.72,82.81,345.66587
2026-03-30 22:55:00,82.82,82.9,82.82,82.82,217.08166
2026-03-30 23:00:00,82.81,82.82,82.3,82.44,5307.24341
2026-03-30 23:05:00,82.44,82.5,82.21,82.22,3144.992224
2026-03-30 23:10:00,82.22,82.33,82.14,82.32,2721.366764
2026-03-30 23:15:00,82.33,82.44,82.3,82.38,797.326874
2026-03-30 23:20:00,82.39,82.52,82.37,82.5,227.681141
2026-03-30 23:25:00,82.49,82.54,82.43,82.54,754.786324
2026-03-30 23:30:00,82.52,82.57,82.44,82.57,895.579138
2026-03-30 23:35:00,82.57,82.6,82.47,82.47,1314.061127
2026-03-30 23:40:00,82.47,82.56,82.45,82.56,171.893818
2026-03-30 23:45:00,82.55,82.55,82.43,82.5,563.30218
2026-03-30 23:50:00,82.49,82.55,82.48,82.5,306.650816
2026-03-30 23:55:00,82.51,82.56,82.46,82.55,100.389572
2026-03-31 00:00:00,82.56,82.62,82.44,82.6,1344.781523
2026-03-31 00:05:00,82.6,82.6,82.4,82.46,570.776948
2026-03-31 00:10:00,82.46,82.46,82.2,82.4,1136.512296
2026-03-31 00:15:00,82.42,82.44,82.24,82.35,726.295702
2026-03-31 00:20:00,82.36,82.41,82.16,82.34,1743.662581
2026-03-31 00:25:00,82.34,82.46,82.31,82.42,1024.255865
2026-03-31 00:30:00,82.42,82.44,82.28,82.33,2597.525651
2026-03-31 00:35:00,82.33,82.57,82.3,82.51,2729.506833
2026-03-31 00:40:00,82.52,82.54,82.28,82.48,1199.417873
2026-03-31 00:45:00,82.5,82.95,82.5,82.86,7290.004743
2026-03-31 00:50:00,82.84,82.84,82.46,82.65,1613.821001
2026-03-31 00:55:00,82.66,82.73,82.58,82.73,1700.085154
2026-03-31 01:00:00,82.74,82.92,82.7,82.74,921.650528
2026-03-31 01:05:00,82.76,82.81,82.61,82.73,908.019826
2026-03-31 01:10:00,82.73,83.12,82.73,83.04,5004.471693
2026-03-31 01:15:00,83.02,83.26,83.0,83.22,1391.945515
2026-03-31 01:20:00,83.22,83.77,83.14,83.74,3589.109435
2026-03-31 01:25:00,83.74,83.86,83.54,83.76,10360.899201
2026-03-31 01:30:00,83.76,84.62,83.64,84.5,10454.877961
2026-03-31 01:35:00,84.46,84.56,84.01,84.11,8566.715666
2026-03-31 01:40:00,84.11,84.13,83.71,83.81,2875.855984
2026-03-31 01:45:00,83.82,83.9,83.57,83.78,4311.73417
2026-03-31 01:50:00,83.77,83.93,83.71,83.86,1269.139242
2026-03-31 01:55:00,83.87,83.98,83.85,83.85,1436.46083
2026-03-31 02:00:00,83.86,83.9,83.6,83.74,1665.46289
2026-03-31 02:05:00,83.75,83.91,83.69,83.72,999.302597
2026-03-31 02:10:00,83.72,83.78,83.68,83.75,862.782058
2026-03-31 02:15:00,83.75,84.06,83.75,83.96,2247.880396
2026-03-31 02:20:00,83.97,84.03,83.84,84.02,890.398144
2026-03-31 02:25:00,84.02,84.02,83.87,83.96,935.18428
2026-03-31 02:30:00,83.97,84.01,83.73,83.83,599.350144
2026-03-31 02:35:00,83.84,83.92,83.82,83.85,703.288135
2026-03-31 02:40:00,83.86,83.95,83.8,83.92,942.4912
2026-03-31 02:45:00,83.91,83.94,83.81,83.89,751.688347
2026-03-31 02:50:00,83.89,84.1,83.89,83.94,2026.970796
2026-03-31 02:55:00,83.94,83.94,83.82,83.83,621.670461
2026-03-31 03:00:00,83.83,83.83,83.58,83.75,484.848927
2026-03-31 03:05:00,83.74,83.92,83.67,83.84,615.736449
2026-03-31 03:10:00,83.82,83.86,83.69,83.73,443.80833
2026-03-31 03:15:00,83.72,83.77,83.58,83.58,368.386883
2026-03-31 03:20:00,83.58,83.62,83.42,83.53,741.859063
2026-03-31 03:25:00,83.52,83.63,83.51,83.54,994.985355
2026-03-31 03:30:00,83.54,83.63,83.44,83.58,453.468604
2026-03-31 03:35:00,83.57,83.58,83.28,83.36,1083.37793
2026-03-31 03:40:00,83.35,83.47,83.34,83.42,419.066005
2026-03-31 03:45:00,83.44,83.49,83.36,83.4,1199.239678
2026-03-31 03:50:00,83.41,83.64,83.41,83.57,1737.669829
2026-03-31 03:55:00,83.57,83.61,83.53,83.6,652.216247
2026-03-31 04:00:00,83.62,83.73,83.48,83.6,1601.171624
2026-03-31 04:05:00,83.6,83.74,83.57,83.6,803.315706
2026-03-31 04:10:00,83.61,83.64,83.47,83.59,996.642093
2026-03-31 04:15:00,83.6,83.74,83.58,83.72,327.759627
2026-03-31 04:20:00,83.73,83.9,83.65,83.65,7371.979631
2026-03-31 04:25:00,83.67,83.68,83.31,83.38,2256.651534
2026-03-31 04:30:00,83.35,83.5,83.31,83.44,788.549869
2026-03-31 04:35:00,83.44,83.44,83.33,83.42,951.291035
2026-03-31 04:40:00,83.41,83.43,83.36,83.41,2452.526536
2026-03-31 04:45:00,83.41,83.48,83.41,83.42,940.909192
2026-03-31 04:50:00,83.42,83.56,83.39,83.47,2482.914654
2026-03-31 04:55:00,83.44,83.46,83.31,83.34,579.204325
2026-03-31 05:00:00,83.34,83.35,83.12,83.26,2005.517164
2026-03-31 05:05:00,83.3,83.35,83.13,83.15,1093.857263
2026-03-31 05:10:00,83.16,83.17,82.89,82.98,3318.498145
2026-03-31 05:15:00,82.98,83.11,82.92,83.05,2101.109845
2026-03-31 05:20:00,83.06,83.24,83.03,83.22,1558.787237
2026-03-31 05:25:00,83.23,83.31,83.19,83.19,2456.834106
2026-03-31 05:30:00,83.19,83.4,83.15,83.36,6735.811074
2026-03-31 05:35:00,83.36,83.4,83.32,83.38,726.627182
2026-03-31 05:40:00,83.38,83.43,83.34,83.43,488.667161
2026-03-31 05:45:00,83.44,83.64,83.42,83.63,1676.557647
2026-03-31 05:50:00,83.62,83.71,83.61,83.69,1936.027814
2026-03-31 05:55:00,83.69,83.77,83.59,83.77,3131.286446
2026-03-31 06:00:00,83.77,83.85,83.5,83.83,4129.85638
2026-03-31 06:05:00,83.83,83.83,83.42,83.45,10917.918733
2026-03-31 06:10:00,83.44,83.45,83.32,83.39,778.666669
2026-03-31 06:15:00,83.39,83.42,83.24,83.29,1863.442051
2026-03-31 06:20:00,83.3,83.39,83.22,83.24,1886.790588
2026-03-31 06:25:00,83.24,83.28,83.09,83.16,1136.613325
2026-03-31 06:30:00,83.16,83.2,83.07,83.13,1383.370981
2026-03-31 06:35:00,83.14,83.2,83.06,83.13,692.12299
2026-03-31 06:40:00,83.14,83.36,83.08,83.25,7346.881561
2026-03-31 06:45:00,83.26,83.32,83.23,83.25,1544.156868
2026-03-31 06:50:00,83.25,83.45,83.25,83.42,2121.722916
2026-03-31 06:55:00,83.44,83.52,83.36,83.41,1095.871434
2026-03-31 07:00:00,83.42,83.44,83.3,83.37,1437.850844
2026-03-31 07:05:00,83.37,83.37,83.2,83.23,1586.031259
2026-03-31 07:10:00,83.24,83.29,83.0,83.06,2531.33655
2026-03-31 07:15:00,83.06,83.09,82.69,82.75,3530.556853
2026-03-31 07:20:00,82.73,82.95,82.72,82.76,2460.529872
2026-03-31 07:25:00,82.76,82.99,82.71,82.87,1854.89962
2026-03-31 07:30:00,82.86,83.02,82.84,82.99,628.242583
2026-03-31 07:35:00,83.0,83.11,82.83,83.01,8480.84232
2026-03-31 07:40:00,83.02,83.05,82.95,82.98,586.236705
2026-03-31 07:45:00,82.98,83.15,82.98,83.06,452.304681
2026-03-31 07:50:00,83.08,83.17,83.02,83.13,1022.955942
2026-03-31 07:55:00,83.12,83.15,83.06,83.1,375.988028
2026-03-31 08:00:00,83.11,83.17,82.86,83.16,1468.921191
2026-03-31 08:05:00,83.17,83.23,83.07,83.23,300.363428
2026-03-31 08:10:00,83.21,83.22,83.0,83.02,676.706974
2026-03-31 08:15:00,83.02,83.18,82.98,83.14,883.151369
2026-03-31 08:20:00,83.14,83.34,83.14,83.19,2522.92266
2026-03-31 08:25:00,83.21,83.22,83.12,83.16,402.656743
2026-03-31 08:30:00,83.15,83.16,82.8,82.82,1486.565069
2026-03-31 08:35:00,82.84,82.93,82.75,82.77,874.727912
2026-03-31 08:40:00,82.77,82.78,82.41,82.45,8674.70963
2026-03-31 08:45:00,82.46,82.57,82.24,82.53,4799.193943
2026-03-31 08:50:00,82.54,82.54,82.35,82.35,1710.043429
2026-03-31 08:55:00,82.36,82.4,82.25,82.25,3835.38447
2026-03-31 09:00:00,82.25,82.39,82.2,82.38,1133.949367
2026-03-31 09:05:00,82.4,82.47,82.23,82.28,2812.372141
2026-03-31 09:10:00,82.28,82.28,82.04,82.15,6585.512651
2026-03-31 09:15:00,82.16,82.19,81.91,81.94,4932.459247
2026-03-31 09:20:00,81.94,82.02,81.79,81.98,2810.756302
2026-03-31 09:25:00,81.99,82.01,81.6,81.83,4442.546857
2026-03-31 09:30:00,81.84,81.91,81.75,81.81,3914.108083
2026-03-31 09:35:00,81.8,81.88,81.74,81.87,2348.156911
2026-03-31 09:40:00,81.87,81.92,81.78,81.86,2814.894236
2026-03-31 09:45:00,81.87,81.95,81.77,81.82,4431.917352
2026-03-31 09:50:00,81.8,81.8,80.76,81.08,25639.996935
2026-03-31 09:55:00,81.07,81.1,80.11,80.56,21695.019377
2026-03-31 10:00:00,80.56,80.74,80.45,80.58,8648.755071
2026-03-31 10:05:00,80.58,80.83,80.53,80.8,2831.241478
2026-03-31 10:10:00,80.81,80.85,80.7,80.72,2386.047995
2026-03-31 10:15:00,80.73,80.96,80.57,80.57,4934.254466
2026-03-31 10:20:00,80.58,80.92,80.48,80.83,5134.059475
2026-03-31 10:25:00,80.82,80.87,80.71,80.77,2040.098474
2026-03-31 10:30:00,80.76,80.86,80.71,80.76,1836.286202
2026-03-31 10:35:00,80.76,80.79,80.56,80.61,3472.328977
2026-03-31 10:40:00,80.61,80.68,80.46,80.52,4728.462333
2026-03-31 10:45:00,80.51,80.59,80.35,80.56,2424.671717
2026-03-31 10:50:00,80.57,80.82,80.57,80.76,3725.026011
2026-03-31 10:55:00,80.76,80.76,80.46,80.47,2550.178946
2026-03-31 11:00:00,80.48,80.66,80.4,80.66,2440.82045
2026-03-31 11:05:00,80.65,80.65,80.28,80.34,2844.839274
2026-03-31 11:10:00,80.34,80.87,80.34,80.69,10548.312012
2026-03-31 11:15:00,80.7,80.97,80.64,80.72,8482.327254
2026-03-31 11:20:00,80.73,80.81,80.5,80.57,6484.791047
2026-03-31 11:25:00,80.59,80.69,80.51,80.68,3265.621224
2026-03-31 11:30:00,80.66,80.79,80.64,80.76,3004.748264
2026-03-31 11:35:00,80.76,80.89,80.72,80.82,3473.782656
2026-03-31 11:40:00,80.8,80.86,80.49,80.85,13833.400107
2026-03-31 11:45:00,80.85,80.87,80.62,80.68,3016.870652
2026-03-31 11:50:00,80.66,80.72,80.57,80.65,1444.819895
2026-03-31 11:55:00,80.65,80.88,80.64,80.86,1390.186236
2026-03-31 12:00:00,80.88,81.03,80.87,81.01,4919.21658
2026-03-31 12:05:00,81.02,81.04,80.87,80.87,3283.379171
2026-03-31 12:10:00,80.86,80.86,80.4,80.46,3102.85152
2026-03-31 12:15:00,80.47,80.82,80.45,80.74,3321.377747
2026-03-31 12:20:00,80.73,80.73,80.59,80.65,807.983389
2026-03-31 12:25:00,80.65,80.92,80.62,80.87,3810.755877
2026-03-31 12:30:00,80.86,80.98,80.75,80.9,2379.830583
2026-03-31 12:35:00,80.91,81.09,80.88,81.01,3594.184803
2026-03-31 12:40:00,81.02,81.08,80.94,81.08,2031.537559
2026-03-31 12:45:00,81.07,81.1,80.71,80.76,3258.820245
2026-03-31 12:50:00,80.76,80.81,80.67,80.75,1519.531338
2026-03-31 12:55:00,80.74,80.84,80.74,80.8,2254.576222
2026-03-31 13:00:00,80.82,80.9,80.76,80.86,1455.460375
2026-03-31 13:05:00,80.88,81.06,80.83,81.06,2215.960724
2026-03-31 13:10:00,81.05,81.18,80.87,80.92,3350.665735
2026-03-31 13:15:00,80.91,81.04,80.84,80.92,2428.243621
2026-03-31 13:20:00,80.93,81.02,80.87,81.01,2204.386514
2026-03-31 13:25:00,81.01,81.04,80.97,81.03,555.499944
2026-03-31 13:30:00,81.02,81.36,80.91,81.23,4180.682981
2026-03-31 13:35:00,81.23,81.42,81.07,81.34,4335.518184
2026-03-31 13:40:00,81.34,81.58,81.27,81.3,2890.745515
2026-03-31 13:45:00,81.33,81.78,81.33,81.75,9371.727043
2026-03-31 13:50:00,81.74,82.04,81.61,81.91,5640.1497
2026-03-31 13:55:00,81.9,82.03,81.69,81.87,3768.875727
2026-03-31 14:00:00,81.84,82.27,81.76,81.78,8997.289938
2026-03-31 14:05:00,81.8,81.8,81.6,81.63,2923.508796
2026-03-31 14:10:00,81.63,82.03,81.63,81.99,1859.879531
2026-03-31 14:15:00,81.98,82.58,81.97,82.41,6592.260703
2026-03-31 14:20:00,82.39,82.39,82.17,82.24,3673.229221
2026-03-31 14:25:00,82.23,82.32,82.07,82.31,2125.924066
2026-03-31 14:30:00,82.31,82.36,81.95,81.95,3890.846743
2026-03-31 14:35:00,81.97,82.0,81.68,81.74,2163.826432
2026-03-31 14:40:00,81.74,81.8,81.41,81.6,3883.061294
2026-03-31 14:45:00,81.6,81.6,80.93,81.04,6607.80018
2026-03-31 14:50:00,81.03,81.11,80.4,80.66,17232.727894
2026-03-31 14:55:00,80.66,80.75,80.44,80.63,6047.798449
2026-03-31 15:00:00,80.64,81.01,80.64,80.9,3380.32669
2026-03-31 15:05:00,80.9,81.29,80.9,81.04,4474.733503
2026-03-31 15:10:00,81.05,81.65,81.04,81.58,4420.727827
2026-03-31 15:15:00,81.59,81.64,81.34,81.45,1751.437864
2026-03-31 15:20:00,81.44,81.67,81.36,81.56,3241.694727
2026-03-31 15:25:00,81.54,81.61,81.02,81.08,4268.146082
2026-03-31 15:30:00,81.07,81.27,80.97,81.15,2077.18542
2026-03-31 15:35:00,81.16,81.31,81.02,81.13,3741.777559
2026-03-31 15:40:00,81.14,81.18,81.01,81.05,1472.022287
2026-03-31 15:45:00,81.06,81.19,81.01,81.11,1336.885253
2026-03-31 15:50:00,81.11,81.37,81.08,81.18,872.733783
2026-03-31 15:55:00,81.18,81.2,80.83,80.87,3516.952365
2026-03-31 16:00:00,80.87,81.19,80.87,81.04,3492.200168
2026-03-31 16:05:00,81.06,81.24,81.01,81.15,967.915635
2026-03-31 16:10:00,81.16,81.16,80.87,81.16,747.870968
2026-03-31 16:15:00,81.13,81.32,81.13,81.23,2071.183892
2026-03-31 16:20:00,81.21,81.38,81.14,81.38,2066.716292
2026-03-31 16:25:00,81.39,81.43,81.25,81.26,748.984494
2026-03-31 16:30:00,81.24,81.28,81.12,81.12,1115.433775
2026-03-31 16:35:00,81.11,81.98,81.06,81.97,5942.52615
2026-03-31 16:40:00,81.97,82.91,81.93,82.39,25296.071869
2026-03-31 16:45:00,82.36,82.52,81.96,82.43,9142.633061
2026-03-31 16:50:00,82.42,82.51,82.08,82.32,5979.793951
2026-03-31 16:55:00,82.32,82.38,82.16,82.38,2828.706308
2026-03-31 17:00:00,82.37,82.64,82.36,82.51,2725.19727
2026-03-31 17:05:00,82.51,82.51,82.23,82.28,5317.261483
2026-03-31 17:10:00,82.27,83.2,82.27,83.18,11056.352012
2026-03-31 17:15:00,83.19,83.47,82.92,83.24,12459.16971
2026-03-31 17:20:00,83.23,83.45,83.06,83.28,9642.494988
2026-03-31 17:25:00,83.29,83.37,82.94,83.01,7160.924188
2026-03-31 17:30:00,83.0,83.14,82.89,83.05,4124.866142
2026-03-31 17:35:00,83.05,83.09,82.47,82.61,4035.890585
2026-03-31 17:40:00,82.61,82.62,82.32,82.48,3403.468189
2026-03-31 17:45:00,82.48,82.6,82.27,82.45,2078.131235
2026-03-31 17:50:00,82.45,82.47,82.25,82.38,4718.122896
2026-03-31 17:55:00,82.39,82.42,82.2,82.39,3597.348394
2026-03-31 18:00:00,82.39,82.54,82.39,82.51,1142.105419
2026-03-31 18:05:00,82.51,82.84,82.5,82.79,3365.589337
2026-03-31 18:10:00,82.78,82.87,82.74,82.83,2263.387952
2026-03-31 18:15:00,82.82,83.09,82.65,82.68,1865.866408
2026-03-31 18:20:00,82.69,82.73,82.64,82.7,565.709384
2026-03-31 18:25:00,82.69,82.85,82.52,82.79,2595.066328
2026-03-31 18:30:00,82.78,82.83,82.62,82.73,664.918587
2026-03-31 18:35:00,82.73,82.88,82.68,82.82,1105.276577
2026-03-31 18:40:00,82.81,82.86,82.62,82.81,4924.560708
2026-03-31 18:45:00,82.81,83.0,82.8,82.84,1193.563412
2026-03-31 18:50:00,82.83,82.87,82.73,82.78,870.252302
2026-03-31 18:55:00,82.78,82.92,82.78,82.89,390.378204
2026-03-31 19:00:00,82.9,82.98,82.86,82.9,952.997769
2026-03-31 19:05:00,82.89,82.93,82.63,82.72,2064.235535
2026-03-31 19:10:00,82.75,82.9,82.75,82.79,710.676371
2026-03-31 19:15:00,82.78,82.86,82.7,82.74,444.994949
2026-03-31 19:20:00,82.75,82.76,82.65,82.69,603.097006
2026-03-31 19:25:00,82.69,82.7,82.53,82.58,1517.346347
2026-03-31 19:30:00,82.58,82.73,82.47,82.65,2566.372349
2026-03-31 19:35:00,82.64,82.79,82.56,82.56,1385.007969
2026-03-31 19:40:00,82.55,82.66,82.47,82.66,728.157017
2026-03-31 19:45:00,82.65,82.78,82.64,82.74,1335.550801
2026-03-31 19:50:00,82.75,82.8,82.61,82.7,903.747108
2026-03-31 19:55:00,82.66,82.92,82.59,82.71,4161.586933
2026-03-31 20:00:00,82.69,82.77,82.63,82.71,2245.928613
2026-03-31 20:05:00,82.7,83.03,82.69,83.01,3022.839829
2026-03-31 20:10:00,82.97,83.41,82.97,83.27,12759.644966
2026-03-31 20:15:00,83.26,83.3,83.12,83.16,1595.373825
2026-03-31 20:20:00,83.17,83.19,82.95,83.06,2282.646511
2026-03-31 20:25:00,83.05,83.05,82.94,83.0,656.617312
2026-03-31 20:30:00,83.0,83.05,82.82,82.86,1163.083099
2026-03-31 20:35:00,82.87,83.07,82.87,82.98,929.143744
2026-03-31 20:40:00,82.97,83.0,82.91,82.95,1029.567997
2026-03-31 20:45:00,82.95,83.21,82.89,83.14,1321.130255
2026-03-31 20:50:00,83.12,83.16,83.05,83.11,427.460599
2026-03-31 20:55:00,83.12,83.2,83.08,83.18,902.576772
2026-03-31 21:00:00,83.18,83.19,82.79,82.86,1320.483275
2026-03-31 21:05:00,82.85,82.96,82.7,82.73,1472.473657
2026-03-31 21:10:00,82.72,82.82,82.7,82.73,1693.676648
2026-03-31 21:15:00,82.73,82.77,82.63,82.77,1421.794387
2026-03-31 21:20:00,82.77,82.81,82.66,82.81,1373.846168
2026-03-31 21:25:00,82.82,82.89,82.8,82.89,2722.624725
2026-03-31 21:30:00,82.89,83.01,82.87,82.94,1311.457618
2026-03-31 21:35:00,82.93,82.93,82.86,82.86,1219.135383
2026-03-31 21:40:00,82.85,82.91,82.81,82.83,601.33871
2026-03-31 21:45:00,82.82,82.96,82.78,82.93,2017.771507
2026-03-31 21:50:00,82.93,83.16,82.88,83.12,4007.134325
2026-03-31 21:55:00,83.12,83.18,82.82,82.86,1437.992017
2026-03-31 22:00:00,82.86,82.91,82.68,82.79,2828.130437
2026-03-31 22:05:00,82.79,82.84,82.43,82.57,5385.925362
2026-03-31 22:10:00,82.57,82.74,82.57,82.73,1181.723829
2026-03-31 22:15:00,82.72,82.89,82.7,82.81,1639.338744
2026-03-31 22:20:00,82.82,82.92,82.7,82.74,1753.521413
2026-03-31 22:25:00,82.72,82.74,82.62,82.64,756.443605
2026-03-31 22:30:00,82.64,82.64,82.34,82.48,3897.34618
2026-03-31 22:35:00,82.48,82.57,82.47,82.55,758.03486
2026-03-31 22:40:00,82.55,82.87,82.55,82.76,2542.275429
2026-03-31 22:45:00,82.76,82.77,82.66,82.74,1116.802649
2026-03-31 22:50:00,82.74,82.83,82.69,82.77,2814.839842
2026-03-31 22:55:00,82.77,82.8,82.74,82.77,758.294736
2026-03-31 23:00:00,82.78,82.8,82.67,82.72,779.75548
2026-03-31 23:05:00,82.72,82.92,82.71,82.82,2649.948836
2026-03-31 23:10:00,82.82,82.84,82.7,82.78,3147.195826
2026-03-31 23:15:00,82.79,83.06,82.7,83.03,2121.453886
2026-03-31 23:20:00,83.04,83.12,82.93,82.98,1358.080998
2026-03-31 23:25:00,82.98,83.04,82.91,83.0,1387.396939
2026-03-31 23:30:00,82.99,83.08,82.97,83.02,541.855317
2026-03-31 23:35:00,83.01,83.27,83.0,83.21,2209.726937
2026-03-31 23:40:00,83.19,83.2,83.12,83.12,561.807625
2026-03-31 23:45:00,83.11,83.16,83.01,83.12,2899.64403
2026-03-31 23:50:00,83.12,83.24,83.12,83.14,2625.263779
2026-03-31 23:55:00,83.15,83.24,83.11,83.19,952.192337
2026-04-01 00:00:00,83.2,83.25,82.99,83.19,1918.684812
2026-04-01 00:05:00,83.19,83.24,83.09,83.13,836.444476
2026-04-01 00:10:00,83.12,83.14,83.01,83.09,1408.367678
2026-04-01 00:15:00,83.09,83.38,83.08,83.15,2645.133873
2026-04-01 00:20:00,83.16,83.23,82.94,83.01,762.1259
2026-04-01 00:25:00,83.02,83.06,82.95,83.06,1623.776803
2026-04-01 00:30:00,83.07,83.1,82.85,82.9,1771.352364
2026-04-01 00:35:00,82.91,82.99,82.9,82.97,1887.700951
2026-04-01 00:40:00,82.98,83.08,82.98,83.08,631.340452
2026-04-01 00:45:00,83.09,83.22,83.03,83.22,560.434071
2026-04-01 00:50:00,83.22,83.6,83.22,83.44,4591.785796
2026-04-01 00:55:00,83.45,83.47,83.31,83.42,1689.354462
2026-04-01 01:00:00,83.42,83.48,83.28,83.43,3139.803304
2026-04-01 01:05:00,83.4,83.42,83.16,83.26,1229.67264
2026-04-01 01:10:00,83.27,83.34,83.19,83.26,5027.200921
2026-04-01 01:15:00,83.26,83.26,82.99,83.04,2875.134033
2026-04-01 01:20:00,83.05,83.07,82.98,83.01,627.998872
2026-04-01 01:25:00,83.02,83.03,82.93,82.95,2125.507272
2026-04-01 01:30:00,82.94,83.13,82.89,82.97,2960.936676
2026-04-01 01:35:00,82.98,83.12,82.83,82.94,1915.492321
2026-04-01 01:40:00,82.94,83.02,82.85,83.02,502.249631
2026-04-01 01:45:00,83.03,83.03,82.82,82.83,1253.426695
2026-04-01 01:50:00,82.83,82.99,82.83,82.88,779.396052
2026-04-01 01:55:00,82.9,82.95,82.73,82.75,732.893624
2026-04-01 02:00:00,82.75,82.9,82.75,82.87,1113.882098
2026-04-01 02:05:00,82.87,82.91,82.73,82.86,1781.214986
2026-04-01 02:10:00,82.87,82.89,82.69,82.84,1527.587331
2026-04-01 02:15:00,82.83,82.9,82.76,82.82,1171.46455
2026-04-01 02:20:00,82.85,82.88,82.78,82.81,898.990518
2026-04-01 02:25:00,82.82,82.82,82.48,82.6,1669.428977
2026-04-01 02:30:00,82.59,82.71,82.5,82.5,652.650745
2026-04-01 02:35:00,82.53,82.73,82.5,82.66,1856.27552
2026-04-01 02:40:00,82.67,82.75,82.67,82.7,1064.04758
2026-04-01 02:45:00,82.69,82.8,82.67,82.69,4490.764353
2026-04-01 02:50:00,82.7,82.74,82.66,82.71,292.104617
2026-04-01 02:55:00,82.71,82.72,82.6,82.64,551.476664
2026-04-01 03:00:00,82.66,82.9,82.66,82.87,2196.284584
2026-04-01 03:05:00,82.87,83.48,82.86,83.41,4107.226357
2026-04-01 03:10:00,83.4,83.4,83.23,83.23,958.310835
2026-04-01 03:15:00,83.24,83.33,83.2,83.24,313.839192
2026-04-01 03:20:00,83.24,83.26,83.16,83.16,596.69307
2026-04-01 03:25:00,83.15,83.15,83.05,83.11,934.951655
2026-04-01 03:30:00,83.12,83.24,83.09,83.09,354.771548
2026-04-01 03:35:00,83.09,83.13,83.05,83.12,1309.806545
2026-04-01 03:40:00,83.13,83.28,83.08,83.25,436.49971
2026-04-01 03:45:00,83.27,83.49,83.27,83.37,2139.407065
2026-04-01 03:50:00,83.37,83.37,83.31,83.33,1137.398162
2026-04-01 03:55:00,83.33,83.49,83.29,83.44,4845.595603
2026-04-01 04:00:00,83.43,83.57,83.43,83.45,2344.278042
2026-04-01 04:05:00,83.44,83.54,83.38,83.39,1095.66467
2026-04-01 04:10:00,83.39,83.4,83.25,83.31,4631.00865
2026-04-01 04:15:00,83.31,83.4,83.28,83.36,1834.377767
2026-04-01 04:20:00,83.36,83.57,83.36,83.46,5116.488479
2026-04-01 04:25:00,83.45,83.48,83.4,83.46,832.800914
2026-04-01 04:30:00,83.45,83.53,83.4,83.53,655.893618
2026-04-01 04:35:00,83.53,83.67,83.48,83.56,2898.519232
2026-04-01 04:40:00,83.54,83.68,83.53,83.56,899.35456
2026-04-01 04:45:00,83.56,83.7,83.51,83.63,2535.553209
2026-04-01 04:50:00,83.63,83.85,83.63,83.7,5598.525357
2026-04-01 04:55:00,83.68,83.76,83.59,83.75,10452.307818
2026-04-01 05:00:00,83.75,83.77,83.37,83.39,9768.952646
2026-04-01 05:05:00,83.4,83.47,83.37,83.44,298.990656
2026-04-01 05:10:00,83.45,83.7,83.38,83.64,1026.581819
2026-04-01 05:15:00,83.63,83.9,83.57,83.73,2451.085419
2026-04-01 05:20:00,83.74,83.92,83.7,83.86,871.54385
2026-04-01 05:25:00,83.87,84.32,83.84,84.03,12156.77585
2026-04-01 05:30:00,84.04,84.16,83.96,84.1,5848.331232
2026-04-01 05:35:00,84.1,84.12,83.91,84.0,1115.076155
2026-04-01 05:40:00,84.0,84.1,83.93,84.02,1269.538269
2026-04-01 05:45:00,84.03,84.21,83.98,84.21,3435.283222
2026-04-01 05:50:00,84.21,84.37,84.09,84.19,14495.796136
2026-04-01 05:55:00,84.19,84.19,84.05,84.14,1254.567884
2026-04-01 06:00:00,84.13,84.21,84.05,84.08,1340.587632
2026-04-01 06:05:00,84.07,84.45,84.04,84.24,3428.039893
2026-04-01 06:10:00,84.25,84.41,84.24,84.32,1868.339703
2026-04-01 06:15:00,84.33,84.38,84.24,84.38,3135.227651
2026-04-01 06:20:00,84.39,84.4,84.23,84.31,1229.416037
2026-04-01 06:25:00,84.32,84.49,84.32,84.44,3876.911734
2026-04-01 06:30:00,84.43,84.53,84.31,84.46,2976.194213
2026-04-01 06:35:00,84.46,84.65,84.42,84.45,9776.285246
2026-04-01 06:40:00,84.45,84.72,84.43,84.7,2375.567466
2026-04-01 06:45:00,84.71,84.73,84.38,84.4,3168.0957
2026-04-01 06:50:00,84.4,84.48,84.34,84.43,2957.790156
2026-04-01 06:55:00,84.44,84.56,84.4,84.45,2344.758132
2026-04-01 07:00:00,84.44,84.64,84.44,84.52,1795.843138
2026-04-01 07:05:00,84.52,84.7,84.51,84.62,4780.795316
2026-04-01 07:10:00,84.6,84.74,84.49,84.65,2587.293551
2026-04-01 07:15:00,84.65,84.67,84.31,84.31,1760.579461
2026-04-01 07:20:00,84.3,84.31,84.01,84.25,6406.674483
2026-04-01 07:25:00,84.26,84.45,84.21,84.21,3194.753552
2026-04-01 07:30:00,84.23,84.31,84.11,84.15,1786.468223
2026-04-01 07:35:00,84.14,84.23,84.12,84.15,787.964774
2026-04-01 07:40:00,84.16,84.19,84.07,84.11,1013.732478
2026-04-01 07:45:00,84.11,84.16,83.83,83.94,2171.600667
2026-04-01 07:50:00,83.94,83.98,83.85,83.87,1447.723415
2026-04-01 07:55:00,83.88,83.93,83.8,83.83,2435.017372
2026-04-01 08:00:00,83.83,84.05,83.82,83.93,2411.689335
2026-04-01 08:05:00,83.94,83.95,83.6,83.61,3056.418602
2026-04-01 08:10:00,83.62,83.71,83.42,83.6,10719.160455
2026-04-01 08:15:00,83.61,83.72,83.53,83.61,3210.468922
2026-04-01 08:20:00,83.62,83.76,83.62,83.74,1482.373389
2026-04-01 08:25:00,83.75,83.82,83.7,83.73,1844.8477
2026-04-01 08:30:00,83.73,83.79,83.67,83.68,1311.354791
2026-04-01 08:35:00,83.72,83.94,83.72,83.85,676.7635
2026-04-01 08:40:00,83.84,83.91,83.71,83.81,1411.756824
2026-04-01 08:45:00,83.8,83.83,83.75,83.82,589.393387
2026-04-01 08:50:00,83.81,83.95,83.57,83.57,4011.248058
2026-04-01 08:55:00,83.57,83.74,83.48,83.63,1484.332472
2026-04-01 09:00:00,83.63,83.74,83.57,83.71,1495.323175
2026-04-01 09:05:00,83.71,83.75,83.41,83.43,1822.0696
2026-04-01 09:10:00,83.44,83.51,83.38,83.47,2496.346348
2026-04-01 09:15:00,83.49,83.54,83.32,83.39,4984.241802
2026-04-01 09:20:00,83.4,83.44,83.32,83.36,3975.883171
2026-04-01 09:25:00,83.36,83.5,83.35,83.5,2317.231663
2026-04-01 09:30:00,83.51,83.61,83.46,83.52,1299.793429
2026-04-01 09:35:00,83.53,83.59,83.3,83.31,1611.883827
2026-04-01 09:40:00,83.31,83.31,83.15,83.18,5437.047806
2026-04-01 09:45:00,83.19,83.36,83.19,83.35,1252.551288
2026-04-01 09:50:00,83.36,83.6,83.29,83.47,10317.439521
2026-04-01 09:55:00,83.47,83.49,83.38,83.39,247.637964
2026-04-01 10:00:00,83.38,83.47,83.31,83.31,1109.338516
2026-04-01 10:05:00,83.33,83.39,83.31,83.33,722.615763
2026-04-01 10:10:00,83.32,83.43,83.26,83.26,463.151923
2026-04-01 10:15:00,83.26,83.34,83.23,83.27,1571.017942
2026-04-01 10:20:00,83.27,83.45,83.26,83.37,5098.333847
2026-04-01 10:25:00,83.36,83.36,83.23,83.23,1082.22714
2026-04-01 10:30:00,83.23,83.31,83.14,83.15,791.585182
2026-04-01 10:35:00,83.15,83.23,83.07,83.2,1761.397308
2026-04-01 10:40:00,83.21,83.34,83.2,83.28,2410.050654
2026-04-01 10:45:00,83.31,83.44,83.28,83.44,1634.855787
2026-04-01 10:50:00,83.45,83.49,83.41,83.45,990.666259
2026-04-01 10:55:00,83.42,83.42,83.23,83.38,1182.400853
2026-04-01 11:00:00,83.37,83.49,83.33,83.43,764.252034
2026-04-01 11:05:00,83.43,83.43,83.35,83.36,741.032046
2026-04-01 11:10:00,83.36,83.58,83.34,83.49,1036.234263
2026-04-01 11:15:00,83.48,83.49,83.38,83.42,769.755782
2026-04-01 11:20:00,83.42,83.42,83.19,83.28,1247.089958
2026-04-01 11:25:00,83.27,83.39,83.2,83.23,394.329664
2026-04-01 11:30:00,83.24,83.31,83.19,83.21,2278.175433
2026-04-01 11:35:00,83.21,83.31,83.21,83.28,667.461851
2026-04-01 11:40:00,83.29,83.3,83.17,83.27,644.389828
2026-04-01 11:45:00,83.27,83.35,83.26,83.35,333.365395
2026-04-01 11:50:00,83.35,83.46,83.33,83.4,627.836302
2026-04-01 11:55:00,83.41,83.42,83.35,83.38,1245.414299
2026-04-01 12:00:00,83.37,83.38,83.14,83.26,3549.842711
2026-04-01 12:05:00,83.25,83.41,83.25,83.33,1326.208859
2026-04-01 12:10:00,83.36,83.5,83.34,83.42,3100.352163
2026-04-01 12:15:00,83.43,83.51,83.38,83.5,1098.214016
2026-04-01 12:20:00,83.5,83.5,83.36,83.42,847.222043
2026-04-01 12:25:00,83.44,83.54,83.36,83.44,1146.156309
2026-04-01 12:30:00,83.46,83.57,83.28,83.28,1201.630283
2026-04-01 12:35:00,83.27,83.3,82.83,82.84,7421.290568
2026-04-01 12:40:00,82.83,83.59,82.81,83.57,8926.688889
2026-04-01 12:45:00,83.56,83.73,83.07,83.09,11532.400609
2026-04-01 12:50:00,83.07,83.22,82.92,83.02,2633.978593
2026-04-01 12:55:00,83.01,83.13,82.97,83.04,2194.44406
2026-04-01 13:00:00,83.06,83.09,82.7,82.89,3378.038298
2026-04-01 13:05:00,82.89,82.96,82.73,82.91,1750.990787
2026-04-01 13:10:00,82.92,83.25,82.91,83.22,1910.629618
2026-04-01 13:15:00,83.23,83.37,83.23,83.35,1139.309923
2026-04-01 13:20:00,83.35,83.38,83.24,83.33,1834.889048
2026-04-01 13:25:00,83.33,83.45,83.28,83.34,1607.750542
2026-04-01 13:30:00,83.33,83.37,83.06,83.22,2235.249231
2026-04-01 13:35:00,83.22,83.38,83.09,83.21,2179.773164
2026-04-01 13:40:00,83.2,83.2,82.4,82.79,17728.281403
2026-04-01 13:45:00,82.78,82.84,82.49,82.59,5667.693394
2026-04-01 13:50:00,82.6,82.89,82.51,82.68,3673.43969
2026-04-01 13:55:00,82.68,82.83,82.61,82.67,2943.171201
2026-04-01 14:00:00,82.67,82.85,82.62,82.7,1709.995388
2026-04-01 14:05:00,82.72,82.78,82.51,82.76,1782.224209
2026-04-01 14:10:00,82.76,82.91,82.69,82.91,1425.262254
2026-04-01 14:15:00,82.91,83.09,82.91,83.05,5004.058361
2026-04-01 14:20:00,83.06,83.27,82.96,83.06,2418.360979
2026-04-01 14:25:00,83.04,83.24,83.0,83.2,1127.79119
2026-04-01 14:30:00,83.21,83.4,82.91,82.93,2426.040067
2026-04-01 14:35:00,82.93,83.35,82.85,83.17,2818.744448
2026-04-01 14:40:00,83.16,83.18,83.01,83.06,1648.882128
2026-04-01 14:45:00,83.06,83.38,82.97,83.38,3522.233917
2026-04-01 14:50:00,83.37,83.56,83.31,83.44,2755.208639
2026-04-01 14:55:00,83.44,83.44,83.25,83.38,7220.601199
2026-04-01 15:00:00,83.38,83.46,83.29,83.35,1196.190714
2026-04-01 15:05:00,83.35,83.46,83.29,83.34,951.199049
2026-04-01 15:10:00,83.34,83.34,83.13,83.21,2266.638182
2026-04-01 15:15:00,83.23,83.32,83.08,83.28,3868.992277
2026-04-01 15:20:00,83.28,83.69,83.19,83.69,7251.608703
2026-04-01 15:25:00,83.7,83.87,83.48,83.57,9862.784324
2026-04-01 15:30:00,83.57,83.72,83.46,83.51,9140.146476
2026-04-01 15:35:00,83.51,83.72,83.46,83.48,925.382301
2026-04-01 15:40:00,83.48,83.6,83.4,83.58,1243.372039
2026-04-01 15:45:00,83.58,83.67,83.56,83.57,1142.324128
2026-04-01 15:50:00,83.56,83.72,83.54,83.6,2363.714366
2026-04-01 15:55:00,83.6,83.71,83.57,83.64,1473.072109
2026-04-01 16:00:00,83.62,83.65,83.44,83.45,1045.126239
2026-04-01 16:05:00,83.45,83.48,83.23,83.39,2841.173293
2026-04-01 16:10:00,83.38,83.43,83.02,83.21,6429.98995
2026-04-01 16:15:00,83.2,83.82,83.15,83.69,8132.509968
2026-04-01 16:20:00,83.7,84.1,83.7,83.91,5931.184208
2026-04-01 16:25:00,83.93,84.49,83.89,84.36,8582.882882
2026-04-01 16:30:00,84.37,84.64,84.33,84.48,8698.879524
2026-04-01 16:35:00,84.48,85.31,84.46,85.03,17924.388873
2026-04-01 16:40:00,85.02,85.31,84.9,85.23,8178.801463
2026-04-01 16:45:00,85.24,85.25,85.08,85.24,2751.433275
2026-04-01 16:50:00,85.26,85.3,85.09,85.17,3417.914058
2026-04-01 16:55:00,85.17,85.28,84.91,85.26,11923.056341
2026-04-01 17:00:00,85.26,86.62,85.25,86.53,47810.672163
2026-04-01 17:05:00,86.53,86.55,85.96,85.96,10829.754626
2026-04-01 17:10:00,85.96,86.12,85.63,85.73,10788.235947
2026-04-01 17:15:00,85.74,86.13,85.74,85.99,5296.969722
2026-04-01 17:20:00,85.99,85.99,85.18,85.31,14113.846766
2026-04-01 17:25:00,85.31,85.32,84.53,84.74,18422.274209
2026-04-01 17:30:00,84.75,84.79,84.51,84.63,5259.934748
2026-04-01 17:35:00,84.64,85.09,84.24,84.98,8100.164601
2026-04-01 17:40:00,84.97,85.05,84.9,84.97,2155.600961
2026-04-01 17:45:00,84.99,85.09,84.78,84.81,2479.383989
2026-04-01 17:50:00,84.83,84.83,84.39,84.56,8593.684376
2026-04-01 17:55:00,84.56,84.59,84.4,84.44,2484.931669
2026-04-01 18:00:00,84.44,84.5,84.0,84.24,6028.084883
2026-04-01 18:05:00,84.23,84.23,83.94,83.97,3386.861701
2026-04-01 18:10:00,83.96,84.28,83.94,84.07,2067.469193
2026-04-01 18:15:00,84.08,84.15,83.8,83.92,1833.344223
2026-04-01 18:20:00,83.91,84.04,83.78,83.85,4928.761014
2026-04-01 18:25:00,83.86,84.02,83.86,83.94,1557.924445
2026-04-01 18:30:00,83.94,84.17,83.84,84.16,2278.751628
2026-04-01 18:35:00,84.16,84.33,84.01,84.25,2226.811719
2026-04-01 18:40:00,84.24,84.41,84.1,84.14,3162.569109
2026-04-01 18:45:00,84.14,84.14,83.72,83.8,3721.168004
2026-04-01 18:50:00,83.79,83.89,83.71,83.72,2692.074098
2026-04-01 18:55:00,83.73,83.75,83.55,83.65,3045.541159
2026-04-01 19:00:00,83.67,83.87,83.65,83.87,1653.03979
2026-04-01 19:05:00,83.88,84.09,83.85,84.0,3015.02587
2026-04-01 19:10:00,84.0,84.1,83.92,84.0,965.98687
2026-04-01 19:15:00,83.99,84.07,83.97,84.04,1116.601875
2026-04-01 19:20:00,84.03,84.04,83.88,83.93,1761.327193
2026-04-01 19:25:00,83.94,84.28,83.94,84.27,829.263741
2026-04-01 19:30:00,84.28,84.42,84.14,84.27,5807.95519
2026-04-01 19:35:00,84.27,84.36,84.23,84.28,662.658482
2026-04-01 19:40:00,84.29,84.3,83.92,83.93,897.878373
2026-04-01 19:45:00,83.93,84.12,83.9,84.0,3282.097809
2026-04-01 19:50:00,84.02,84.03,83.68,83.76,4591.869074
2026-04-01 19:55:00,83.74,83.99,83.71,83.84,5246.486587
2026-04-01 20:00:00,83.85,83.89,83.19,83.3,15841.218811
2026-04-01 20:05:00,83.3,83.42,83.08,83.1,12449.702968
2026-04-01 20:10:00,83.1,83.25,83.0,83.01,4812.899482
2026-04-01 20:15:00,83.01,83.1,82.9,82.99,7004.651939
2026-04-01 20:20:00,82.99,83.02,82.86,82.91,2488.696677
2026-04-01 20:25:00,82.9,82.91,82.64,82.65,3646.108817
2026-04-01 20:30:00,82.64,82.67,82.46,82.65,6740.672729
2026-04-01 20:35:00,82.65,82.71,82.51,82.53,6062.723312
2026-04-01 20:40:00,82.54,82.57,82.29,82.57,4549.66317
2026-04-01 20:45:00,82.56,82.7,82.45,82.69,4619.408445
2026-04-01 20:50:00,82.67,82.81,82.66,82.72,2368.410165
2026-04-01 20:55:00,82.72,82.72,82.55,82.56,1970.998376
2026-04-01 21:00:00,82.58,82.72,82.47,82.66,2276.401366
2026-04-01 21:05:00,82.66,82.85,82.61,82.75,3799.912973
2026-04-01 21:10:00,82.75,82.76,82.51,82.68,2532.914186
2026-04-01 21:15:00,82.68,82.76,82.63,82.71,2446.401224
2026-04-01 21:20:00,82.71,82.76,82.59,82.65,1850.135099
2026-04-01 21:25:00,82.65,83.18,82.62,82.84,6606.584609
2026-04-01 21:30:00,82.84,82.86,82.56,82.62,4386.270284
2026-04-01 21:35:00,82.63,82.63,82.06,82.3,10117.121098
2026-04-01 21:40:00,82.28,82.28,81.96,82.23,7973.573237
2026-04-01 21:45:00,82.23,82.23,82.05,82.05,1200.182458
2026-04-01 21:50:00,82.05,82.05,81.41,81.72,7583.154003
2026-04-01 21:55:00,81.72,82.0,81.7,81.87,2183.113576
2026-04-01 22:00:00,81.86,81.96,81.61,81.61,3400.181787
2026-04-01 22:05:00,81.61,81.74,81.38,81.5,9103.65515
2026-04-01 22:10:00,81.52,81.6,81.27,81.38,9332.443641
2026-04-01 22:15:00,81.38,81.38,80.84,80.86,9694.012515
2026-04-01 22:20:00,80.87,81.43,80.82,81.34,9384.219473
2026-04-01 22:25:00,81.34,81.5,80.96,80.96,7996.016709
2026-04-01 22:30:00,80.97,81.15,80.79,81.14,4635.902445
2026-04-01 22:35:00,81.13,81.16,80.9,81.0,4370.478308
2026-04-01 22:40:00,81.0,81.18,80.94,80.96,5563.627219
2026-04-01 22:45:00,80.95,81.11,80.87,81.11,3694.629689
2026-04-01 22:50:00,81.12,81.14,81.01,81.04,1751.077935
2026-04-01 22:55:00,81.04,81.23,81.03,81.17,2343.645677
2026-04-01 23:00:00,81.17,81.33,81.12,81.32,2943.99482
2026-04-01 23:05:00,81.32,81.41,81.21,81.39,2605.436696
2026-04-01 23:10:00,81.39,81.46,81.33,81.4,2396.947911
2026-04-01 23:15:00,81.41,81.41,81.13,81.23,2935.775077
2026-04-01 23:20:00,81.23,81.37,81.16,81.31,1510.242446
2026-04-01 23:25:00,81.31,81.38,81.3,81.33,1987.16883
2026-04-01 23:30:00,81.32,81.32,81.03,81.27,6944.334506
2026-04-01 23:35:00,81.27,81.4,81.24,81.38,1248.528783
2026-04-01 23:40:00,81.37,81.4,81.28,81.33,2638.009272
2026-04-01 23:45:00,81.33,81.36,81.18,81.34,6957.677146
2026-04-01 23:50:00,81.35,81.36,81.13,81.28,2381.402268
2026-04-01 23:55:00,81.28,81.29,81.13,81.2,2303.377364
2026-04-02 00:00:00,81.2,81.23,81.07,81.18,3745.136109
2026-04-02 00:05:00,81.18,81.25,81.12,81.14,1260.98919
2026-04-02 00:10:00,81.14,81.23,81.06,81.21,2685.372545
2026-04-02 00:15:00,81.21,81.23,80.94,81.09,4816.951028
2026-04-02 00:20:00,81.1,81.21,80.99,81.19,2782.356141
2026-04-02 00:25:00,81.17,81.25,81.1,81.14,1647.738397
2026-04-02 00:30:00,81.13,81.29,81.1,81.27,2139.601152
2026-04-02 00:35:00,81.27,81.46,81.21,81.43,3078.215144
2026-04-02 00:40:00,81.45,81.65,81.37,81.65,5604.838657
2026-04-02 00:45:00,81.65,81.74,81.43,81.55,1964.649037
2026-04-02 00:50:00,81.54,81.74,81.54,81.73,2768.321078
2026-04-02 00:55:00,81.73,81.77,81.59,81.65,3322.12779
2026-04-02 01:00:00,81.64,81.65,80.94,81.0,8191.232822
2026-04-02 01:05:00,80.97,81.37,80.16,81.17,31262.895372
2026-04-02 01:10:00,81.18,81.59,80.87,80.87,7215.149218
2026-04-02 01:15:00,80.88,80.89,79.67,79.98,33652.217422
2026-04-02 01:20:00,79.98,80.4,79.66,80.03,17311.118671
2026-04-02 01:25:00,80.03,80.07,79.37,79.84,14305.860918
2026-04-02 01:30:00,79.86,79.86,79.18,79.61,11605.533455
2026-04-02 01:35:00,79.6,79.79,79.23,79.41,10398.996423
2026-04-02 01:40:00,79.39,79.44,79.15,79.19,10390.971181
2026-04-02 01:45:00,79.18,79.35,78.97,79.18,20689.876367
2026-04-02 01:50:00,79.18,79.5,79.1,79.35,10598.121543
2026-04-02 01:55:00,79.34,79.51,79.29,79.35,3750.794466
2026-04-02 02:00:00,79.35,79.35,78.91,78.95,7376.038937
2026-04-02 02:05:00,78.95,79.34,78.9,79.03,5575.639147
2026-04-02 02:10:00,79.05,79.17,78.65,78.7,13027.022926
2026-04-02 02:15:00,78.7,79.0,78.65,78.88,5436.054691
2026-04-02 02:20:00,78.87,78.87,78.44,78.66,12199.863499
2026-04-02 02:25:00,78.66,78.81,78.53,78.65,10144.922707
2026-04-02 02:30:00,78.65,78.95,78.64,78.88,6793.080916
2026-04-02 02:35:00,78.87,78.89,78.66,78.75,10362.390359
2026-04-02 02:40:00,78.75,78.93,78.31,78.38,14587.929638
2026-04-02 02:45:00,78.4,78.69,78.35,78.42,14271.610325
2026-04-02 02:50:00,78.44,78.71,78.44,78.67,7159.506239
2026-04-02 02:55:00,78.67,78.95,78.67,78.88,9105.315892
2026-04-02 03:00:00,78.88,78.92,78.83,78.86,4753.4428
2026-04-02 03:05:00,78.85,78.99,78.83,78.93,5483.842196
2026-04-02 03:10:00,78.94,78.94,78.7,78.85,14317.926003
2026-04-02 03:15:00,78.85,79.01,78.78,78.83,6102.830653
2026-04-02 03:20:00,78.83,79.15,78.7,79.13,3873.718007
2026-04-02 03:25:00,79.14,79.3,79.1,79.27,3846.974968
2026-04-02 03:30:00,79.26,79.32,79.09,79.2,5306.096777
2026-04-02 03:35:00,79.21,79.42,79.14,79.23,11548.963215
2026-04-02 03:40:00,79.24,79.29,78.69,78.95,12445.920892
2026-04-02 03:45:00,78.93,79.0,78.81,78.99,2037.108621
2026-04-02 03:50:00,78.98,79.09,78.93,78.93,2284.781669
2026-04-02 03:55:00,78.94,79.03,78.85,79.01,1151.977315
2026-04-02 04:00:00,79.01,79.13,78.99,79.08,3872.284183
2026-04-02 04:05:00,79.09,79.2,79.03,79.06,1905.37228
2026-04-02 04:10:00,79.05,79.12,78.88,78.92,3572.575281
2026-04-02 04:15:00,78.91,79.05,78.91,78.92,3750.91922
2026-04-02 04:20:00,78.92,79.07,78.77,78.91,11069.089699
2026-04-02 04:25:00,78.9,78.99,78.84,78.99,2231.5672
2026-04-02 04:30:00,78.98,79.11,78.92,79.02,1255.30999
2026-04-02 04:35:00,79.02,79.06,78.88,78.9,3799.451078
2026-04-02 04:40:00,78.89,79.04,78.87,79.04,2650.153495
2026-04-02 04:45:00,79.0,79.09,78.97,79.09,1743.56024
2026-04-02 04:50:00,79.09,79.19,79.05,79.13,2039.190047
2026-04-02 04:55:00,79.12,79.21,78.81,78.84,16065.100664
2026-04-02 05:00:00,78.84,79.09,78.84,79.05,2223.161245
2026-04-02 05:05:00,79.06,79.09,78.71,78.82,7301.140277
2026-04-02 05:10:00,78.81,78.89,78.71,78.85,1054.959645
2026-04-02 05:15:00,78.85,79.01,78.79,78.81,1012.653765
2026-04-02 05:20:00,78.82,78.83,78.62,78.8,2998.529998
2026-04-02 05:25:00,78.79,78.79,78.63,78.71,5747.465471
2026-04-02 05:30:00,78.72,78.83,78.67,78.77,1588.9065
2026-04-02 05:35:00,78.77,79.07,78.77,79.04,5609.801824
2026-04-02 05:40:00,79.03,79.16,78.96,79.12,3950.597687
2026-04-02 05:45:00,79.13,79.16,79.08,79.11,1296.702811
2026-04-02 05:50:00,79.11,79.18,79.07,79.12,1705.299826
2026-04-02 05:55:00,79.14,79.41,79.13,79.26,7918.114149
2026-04-02 06:00:00,79.27,79.28,79.17,79.19,1298.893126
2026-04-02 06:05:00,79.17,79.23,79.07,79.07,867.012391
2026-04-02 06:10:00,79.06,79.13,79.04,79.09,426.255914
2026-04-02 06:15:00,79.08,79.42,79.07,79.37,2746.192302
2026-04-02 06:20:00,79.36,79.43,79.33,79.41,1668.536951
2026-04-02 06:25:00,79.41,79.43,79.33,79.34,898.640997
2026-04-02 06:30:00,79.33,79.33,79.2,79.29,1556.242391
2026-04-02 06:35:00,79.29,79.29,78.96,79.04,6175.66042
2026-04-02 06:40:00,79.04,79.11,78.96,79.01,5442.279356
2026-04-02 06:45:00,79.01,79.13,78.99,79.11,1541.953869
2026-04-02 06:50:00,79.1,79.14,79.08,79.1,1075.87477
2026-04-02 06:55:00,79.1,79.14,79.06,79.14,554.193879
2026-04-02 07:00:00,79.14,79.16,79.03,79.13,998.629787
2026-04-02 07:05:00,79.15,79.18,79.09,79.1,550.514305
2026-04-02 07:10:00,79.11,79.11,79.01,79.08,1069.424872
2026-04-02 07:15:00,79.08,79.39,79.08,79.33,2737.187846
2026-04-02 07:20:00,79.33,79.33,79.17,79.32,3685.279586
2026-04-02 07:25:00,79.32,79.35,79.27,79.33,754.303085
2026-04-02 07:30:00,79.32,79.54,79.31,79.5,2165.525913
2026-04-02 07:35:00,79.51,79.58,79.46,79.48,1687.626393
2026-04-02 07:40:00,79.49,79.53,79.46,79.47,1513.624169
2026-04-02 07:45:00,79.49,79.57,79.49,79.57,880.171902
2026-04-02 07:50:00,79.56,79.64,79.51,79.55,3992.595747
2026-04-02 07:55:00,79.56,79.68,79.56,79.64,1765.983919
2026-04-02 08:00:00,79.62,79.62,79.43,79.54,2422.737154
2026-04-02 08:05:00,79.54,79.56,79.44,79.48,1799.813082
2026-04-02 08:10:00,79.48,79.51,79.41,79.47,1059.81194
2026-04-02 08:15:00,79.47,79.5,79.41,79.43,862.918057
2026-04-02 08:20:00,79.43,79.45,79.29,79.32,1547.969923
2026-04-02 08:25:00,79.33,79.38,79.25,79.3,3617.392405
2026-04-02 08:30:00,79.29,79.36,79.15,79.26,1184.676554
2026-04-02 08:35:00,79.26,79.26,79.08,79.13,2186.495784
2026-04-02 08:40:00,79.13,79.18,79.06,79.12,448.760497
2026-04-02 08:45:00,79.14,79.19,79.11,79.11,972.175306
2026-04-02 08:50:00,79.11,79.16,79.05,79.13,577.157413
2026-04-02 08:55:00,79.12,79.17,79.11,79.13,1016.240541
2026-04-02 09:00:00,79.13,79.19,79.0,79.13,2078.0764
2026-04-02 09:05:00,79.13,79.18,78.93,78.96,5725.934803
2026-04-02 09:10:00,78.99,79.22,78.99,79.21,1193.878582
2026-04-02 09:15:00,79.2,79.22,79.02,79.02,880.874224
2026-04-02 09:20:00,79.05,79.14,79.05,79.09,748.30708
2026-04-02 09:25:00,79.08,79.37,79.08,79.31,661.575628
2026-04-02 09:30:00,79.33,79.34,79.23,79.29,445.576533
2026-04-02 09:35:00,79.3,79.34,79.25,79.27,1731.427915
2026-04-02 09:40:00,79.28,79.33,79.13,79.26,881.658397
2026-04-02 09:45:00,79.25,79.28,79.17,79.21,1405.335479
2026-04-02 09:50:00,79.2,79.24,79.17,79.2,640.491204
2026-04-02 09:55:00,79.19,79.28,79.18,79.27,374.868392
2026-04-02 10:00:00,79.28,79.31,79.2,79.24,2288.359873
2026-04-02 10:05:00,79.24,79.25,79.08,79.13,679.548012
2026-04-02 10:10:00,79.14,79.15,78.89,78.89,4229.046322
2026-04-02 10:15:00,78.9,79.01,78.81,78.97,1292.537777
2026-04-02 10:20:00,78.97,79.02,78.97,79.02,989.882149
2026-04-02 10:25:00,79.02,79.05,78.94,78.94,1126.62804
2026-04-02 10:30:00,78.93,79.08,78.93,79.06,374.609736
2026-04-02 10:35:00,79.06,79.1,78.87,78.9,580.201715
2026-04-02 10:40:00,78.91,79.05,78.91,78.95,784.75765
2026-04-02 10:45:00,78.94,78.96,78.85,78.85,668.972381
2026-04-02 10:50:00,78.84,78.92,78.81,78.91,657.264553
2026-04-02 10:55:00,78.9,78.93,78.86,78.89,745.86133
2026-04-02 11:00:00,78.9,78.99,78.86,78.97,501.985254
2026-04-02 11:05:00,78.98,78.98,78.81,78.82,1834.975914
2026-04-02 11:10:00,78.84,78.88,78.61,78.65,4467.627285
2026-04-02 11:15:00,78.65,78.8,78.33,78.79,10834.739596
2026-04-02 11:20:00,78.79,78.89,78.75,78.83,2339.209852
2026-04-02 11:25:00,78.83,78.86,78.78,78.78,1764.121658
2026-04-02 11:30:00,78.78,78.82,78.67,78.67,1289.009968
2026-04-02 11:35:00,78.69,78.72,78.55,78.6,2631.689687
2026-04-02 11:40:00,78.59,78.61,78.54,78.59,832.066732
2026-04-02 11:45:00,78.59,78.61,78.45,78.51,1671.344048
2026-04-02 11:50:00,78.51,78.61,78.4,78.45,3425.0786
2026-04-02 11:55:00,78.46,78.47,78.17,78.33,5409.836968
2026-04-02 12:00:00,78.33,78.43,78.24,78.32,2806.808154
2026-04-02 12:05:00,78.32,78.4,78.14,78.31,4148.66865
2026-04-02 12:10:00,78.31,78.36,78.18,78.25,5133.490779
2026-04-02 12:15:00,78.25,78.28,78.08,78.1,4339.764542
2026-04-02 12:20:00,78.1,78.55,78.09,78.53,4391.833361
2026-04-02 12:25:00,78.52,78.6,78.32,78.34,2746.525214
2026-04-02 12:30:00,78.33,78.36,78.23,78.3,1596.195861
2026-04-02 12:35:00,78.3,78.31,78.15,78.22,2993.086602
2026-04-02 12:40:00,78.22,78.28,78.18,78.25,1495.622185
2026-04-02 12:45:00,78.24,78.3,77.91,78.07,24685.506224
2026-04-02 12:50:00,78.06,78.19,77.95,77.97,5968.491562
2026-04-02 12:55:00,77.98,78.02,77.88,77.98,5893.154121
2026-04-02 13:00:00,77.99,78.12,77.86,78.11,4344.711179
2026-04-02 13:05:00,78.11,78.27,77.9,77.93,2880.725996
2026-04-02 13:10:00,77.93,77.95,77.6,77.61,9670.377446
2026-04-02 13:15:00,77.61,77.67,77.33,77.42,12539.075208
2026-04-02 13:20:00,77.43,77.55,77.38,77.48,5262.155985
2026-04-02 13:25:00,77.47,77.67,77.44,77.46,6722.849138
2026-04-02 13:30:00,77.46,77.65,77.1,77.13,14462.937677
2026-04-02 13:35:00,77.14,77.14,76.7,76.91,23305.73645
2026-04-02 13:40:00,76.9,77.05,76.86,76.97,5164.540815
2026-04-02 13:45:00,76.95,77.39,76.9,77.32,4935.430593
2026-04-02 13:50:00,77.32,77.6,77.3,77.54,3885.911344
2026-04-02 13:55:00,77.55,77.89,77.53,77.76,5768.490945
2026-04-02 14:00:00,77.76,77.8,77.53,77.69,4078.938019
2026-04-02 14:05:00,77.68,78.16,77.62,77.94,5692.857238
2026-04-02 14:10:00,77.93,78.16,77.86,78.09,6941.433156
2026-04-02 14:15:00,78.07,78.2,77.86,78.06,7668.670572
2026-04-02 14:20:00,78.06,78.45,77.97,78.4,7327.068072
2026-04-02 14:25:00,78.39,78.49,78.12,78.4,10231.582823
2026-04-02 14:30:00,78.4,79.12,78.4,79.03,15978.780654
2026-04-02 14:35:00,79.03,79.72,78.96,79.32,24621.636657
2026-04-02 14:40:00,79.28,79.51,79.01,79.5,18574.418908
2026-04-02 14:45:00,79.51,79.52,78.83,78.95,8301.379673
2026-04-02 14:50:00,78.94,79.15,78.83,79.14,4033.698647
2026-04-02 14:55:00,79.15,79.45,79.07,79.07,6570.249565
2026-04-02 15:00:00,79.08,79.25,78.85,79.18,5676.1674
2026-04-02 15:05:00,79.18,79.18,78.92,78.97,1834.047046
2026-04-02 15:10:00,78.98,79.11,78.96,79.03,3340.940043
2026-04-02 15:15:00,79.0,79.0,78.73,78.77,7268.380575
2026-04-02 15:20:00,78.75,78.75,78.36,78.7,15085.700551
2026-04-02 15:25:00,78.7,78.74,78.61,78.7,1781.028822
2026-04-02 15:30:00,78.71,78.74,78.56,78.66,1675.588853
2026-04-02 15:35:00,78.65,79.11,78.57,79.03,4302.309829
2026-04-02 15:40:00,79.03,79.22,78.82,79.19,2949.806722
2026-04-02 15:45:00,79.2,79.21,78.99,78.99,1634.149164
2026-04-02 15:50:00,79.0,79.07,78.87,79.06,6347.371103
2026-04-02 15:55:00,79.06,79.07,78.92,79.05,1312.316383
2026-04-02 16:00:00,79.05,79.12,78.94,78.97,1020.736303
2026-04-02 16:05:00,78.96,79.11,78.94,79.07,2177.125465
2026-04-02 16:10:00,79.08,79.14,78.95,79.01,7828.986196
2026-04-02 16:15:00,79.0,79.02,78.83,78.85,5814.671284
2026-04-02 16:20:00,78.84,78.98,78.71,78.87,1779.388984
2026-04-02 16:25:00,78.86,79.11,78.82,79.04,4415.444684
2026-04-02 16:30:00,79.04,79.39,79.01,79.36,9363.674787
2026-04-02 16:35:00,79.35,79.62,79.26,79.6,12941.868245
2026-04-02 16:40:00,79.59,79.88,79.44,79.63,19956.949928
2026-04-02 16:45:00,79.63,79.73,79.47,79.54,1772.832525
2026-04-02 16:50:00,79.54,79.7,79.51,79.65,5520.465
2026-04-02 16:55:00,79.64,79.65,79.44,79.44,1025.289154
2026-04-02 17:00:00,79.43,79.43,78.92,79.02,7017.795888
2026-04-02 17:05:00,79.0,79.27,78.97,79.27,2023.385693
2026-04-02 17:10:00,79.24,79.41,79.15,79.36,2151.426861
2026-04-02 17:15:00,79.36,79.67,79.36,79.54,3558.137873
2026-04-02 17:20:00,79.53,79.64,79.47,79.62,976.613522
2026-04-02 17:25:00,79.6,79.64,79.53,79.54,1289.517961
2026-04-02 17:30:00,79.53,79.59,79.29,79.29,2272.383463
2026-04-02 17:35:00,79.28,79.28,79.02,79.1,3865.320647
2026-04-02 17:40:00,79.11,79.17,78.97,79.06,3788.167244
2026-04-02 17:45:00,79.06,79.12,78.86,78.87,1481.799643
2026-04-02 17:50:00,78.87,78.94,78.73,78.8,2315.777769
2026-04-02 17:55:00,78.81,78.85,78.56,78.59,3337.315075
2026-04-02 18:00:00,78.59,78.73,78.59,78.68,1242.994038
2026-04-02 18:05:00,78.65,78.75,78.44,78.49,2861.839658
2026-04-02 18:10:00,78.49,78.94,78.49,78.78,5115.736087
2026-04-02 18:15:00,78.8,78.9,78.73,78.86,1293.722451
2026-04-02 18:20:00,78.86,78.97,78.79,78.79,2134.229344
2026-04-02 18:25:00,78.79,78.79,78.57,78.6,2512.369267
2026-04-02 18:30:00,78.61,78.72,78.59,78.59,1047.508415
2026-04-02 18:35:00,78.59,78.71,78.58,78.61,2578.222071
2026-04-02 18:40:00,78.59,78.77,78.57,78.76,463.481354
2026-04-02 18:45:00,78.76,78.98,78.76,78.94,1406.655179
2026-04-02 18:50:00,78.95,79.28,78.91,79.13,4272.607265
2026-04-02 18:55:00,79.13,79.15,79.06,79.13,1135.040756
2026-04-02 19:00:00,79.14,79.23,79.03,79.05,1018.617933
2026-04-02 19:05:00,79.06,79.14,79.06,79.09,702.385989
2026-04-02 19:10:00,79.1,79.26,79.1,79.14,985.884524
2026-04-02 19:15:00,79.15,79.15,79.03,79.1,813.027391
2026-04-02 19:20:00,79.1,79.1,78.89,79.03,3621.109861
2026-04-02 19:25:00,79.05,79.11,78.99,79.04,2339.359104
2026-04-02 19:30:00,79.04,79.05,78.71,78.8,3226.365957
2026-04-02 19:35:00,78.81,78.86,78.75,78.86,536.126567
2026-04-02 19:40:00,78.86,78.98,78.86,78.9,908.362533
2026-04-02 19:45:00,78.91,79.0,78.85,78.97,1158.781268
2026-04-02 19:50:00,78.98,79.14,78.98,79.13,3139.533648
2026-04-02 19:55:00,79.12,79.17,78.88,78.99,4790.907081
2026-04-02 20:00:00,79.0,79.0,78.75,78.89,1570.44385
2026-04-02 20:05:00,78.9,79.16,78.88,79.05,3943.07207
2026-04-02 20:10:00,79.08,79.11,78.99,78.99,775.76919
2026-04-02 20:15:00,78.99,79.36,78.99,79.34,5297.288437
2026-04-02 20:20:00,79.33,79.34,79.04,79.06,2137.538433
2026-04-02 20:25:00,79.07,79.28,79.01,79.27,740.151763
2026-04-02 20:30:00,79.26,79.29,79.13,79.17,1058.412326
2026-04-02 20:35:00,79.17,79.37,79.16,79.33,2800.481162
2026-04-02 20:40:00,79.34,79.34,79.18,79.22,1041.177739
2026-04-02 20:45:00,79.21,79.21,79.13,79.17,1937.065089
2026-04-02 20:50:00,79.18,79.22,79.14,79.21,730.413543
2026-04-02 20:55:00,79.19,79.22,79.15,79.16,248.624828
2026-04-02 21:00:00,79.17,79.24,79.06,79.08,1143.679186
2026-04-02 21:05:00,79.07,79.14,79.05,79.05,1461.445915
2026-04-02 21:10:00,79.05,79.05,78.64,78.84,9622.336087
2026-04-02 21:15:00,78.85,78.99,78.82,78.98,633.280401
2026-04-02 21:20:00,78.97,79.08,78.84,78.84,2355.929643
2026-04-02 21:25:00,78.85,79.02,78.85,78.96,342.253607
2026-04-02 21:30:00,78.97,79.02,78.92,78.92,450.004282
2026-04-02 21:35:00,78.92,78.95,78.82,78.86,550.704031
2026-04-02 21:40:00,78.85,78.85,78.71,78.8,1893.191345
2026-04-02 21:45:00,78.79,78.86,78.78,78.81,243.656576
2026-04-02 21:50:00,78.83,78.97,78.83,78.91,1251.632575
2026-04-02 21:55:00,78.9,78.98,78.87,78.98,367.755843
2026-04-02 22:00:00,78.96,79.14,78.9,79.11,1476.634711
2026-04-02 22:05:00,79.1,79.13,79.0,79.06,2215.316285
2026-04-02 22:10:00,79.05,79.1,78.99,79.01,1260.33012
2026-04-02 22:15:00,79.01,79.1,79.01,79.04,464.765449
2026-04-02 22:20:00,79.03,79.06,78.87,78.88,316.016437
2026-04-02 22:25:00,78.87,78.91,78.74,78.88,1261.608501
2026-04-02 22:30:00,78.9,79.08,78.9,79.03,197.524894
2026-04-02 22:35:00,79.01,79.07,78.97,79.07,270.10671
2026-04-02 22:40:00,79.07,79.13,79.06,79.08,677.918469
2026-04-02 22:45:00,79.09,79.09,78.98,79.06,546.975371
2026-04-02 22:50:00,79.06,79.1,79.02,79.04,619.483616
2026-04-02 22:55:00,79.05,79.09,78.97,78.98,536.817294
2026-04-02 23:00:00,78.99,79.0,78.89,78.96,2002.010091
2026-04-02 23:05:00,78.96,79.01,78.87,78.94,794.001004
2026-04-02 23:10:00,78.93,78.93,78.8,78.89,1205.086243
2026-04-02 23:15:00,78.89,79.01,78.85,78.96,2297.557063
2026-04-02 23:20:00,78.97,79.15,78.96,79.07,12217.148165
2026-04-02 23:25:00,79.06,79.06,78.93,78.95,2598.179431
2026-04-02 23:30:00,78.93,78.98,78.86,78.97,654.468069
2026-04-02 23:35:00,78.97,78.97,78.87,78.91,336.74388
2026-04-02 23:40:00,78.91,78.99,78.9,78.91,316.014163
2026-04-02 23:45:00,78.88,78.95,78.81,78.91,1200.179972
2026-04-02 23:50:00,78.91,78.97,78.88,78.96,1951.2503
2026-04-02 23:55:00,78.97,78.99,78.92,78.95,370.329381
2026-04-03 00:00:00,78.96,79.02,78.96,78.99,299.402824
2026-04-03 00:05:00,79.0,79.02,78.88,78.96,780.114689
2026-04-03 00:10:00,78.95,79.03,78.92,79.03,673.65889
2026-04-03 00:15:00,79.01,79.11,78.97,79.11,282.528547
2026-04-03 00:20:00,79.1,79.39,79.1,79.32,865.752874
2026-04-03 00:25:00,79.33,79.33,79.13,79.2,652.658046
2026-04-03 00:30:00,79.2,79.22,79.16,79.19,742.843927
2026-04-03 00:35:00,79.2,79.33,79.19,79.22,452.859352
2026-04-03 00:40:00,79.22,79.29,78.97,79.25,4615.391524
2026-04-03 00:45:00,79.23,79.24,79.15,79.23,664.034544
2026-04-03 00:50:00,79.23,79.28,79.13,79.15,1015.615654
2026-04-03 00:55:00,79.15,79.23,79.12,79.23,922.110858
2026-04-03 01:00:00,79.22,79.31,79.19,79.31,354.602583
2026-04-03 01:05:00,79.32,79.44,79.21,79.33,3069.121244
2026-04-03 01:10:00,79.34,79.37,79.24,79.37,1372.676585
2026-04-03 01:15:00,79.36,79.4,79.29,79.35,919.819273
2026-04-03 01:20:00,79.34,79.56,79.32,79.51,3051.873721
2026-04-03 01:25:00,79.5,79.71,79.5,79.67,2225.509082
2026-04-03 01:30:00,79.67,79.79,79.45,79.47,6785.378449
2026-04-03 01:35:00,79.45,79.45,79.04,79.08,2598.863888
2026-04-03 01:40:00,79.09,79.25,79.09,79.18,3486.537322
2026-04-03 01:45:00,79.18,79.2,78.95,79.15,4833.231789
2026-04-03 01:50:00,79.16,79.18,79.08,79.15,1945.54385
2026-04-03 01:55:00,79.14,79.19,79.12,79.18,781.482343
2026-04-03 02:00:00,79.18,79.18,79.04,79.07,830.108749
2026-04-03 02:05:00,79.07,79.11,78.97,78.99,1123.302163
2026-04-03 02:10:00,78.99,79.15,78.89,79.11,2605.007165
2026-04-03 02:15:00,79.13,79.6,79.11,79.58,5657.392207
2026-04-03 02:20:00,79.58,79.58,79.29,79.36,611.330531
2026-04-03 02:25:00,79.37,79.4,79.1,79.11,725.994863
2026-04-03 02:30:00,79.11,79.15,78.87,79.15,3042.824038
2026-04-03 02:35:00,79.15,79.2,78.94,78.94,668.364811
2026-04-03 02:40:00,78.93,79.08,78.9,79.0,556.140535
2026-04-03 02:45:00,79.01,79.12,78.96,79.1,2702.183265
2026-04-03 02:50:00,79.09,79.46,79.08,79.3,3184.811344
2026-04-03 02:55:00,79.31,79.38,79.24,79.35,802.622435
2026-04-03 03:00:00,79.35,79.47,79.17,79.18,12466.292408
2026-04-03 03:05:00,79.2,79.36,79.16,79.24,523.278475
2026-04-03 03:10:00,79.23,79.3,79.16,79.3,858.794313
2026-04-03 03:15:00,79.3,79.34,79.22,79.25,3771.495708
2026-04-03 03:20:00,79.25,79.39,79.24,79.37,1479.571159
2026-04-03 03:25:00,79.37,79.43,79.15,79.2,528.434576
2026-04-03 03:30:00,79.19,79.35,79.18,79.32,1361.785413
2026-04-03 03:35:00,79.31,79.32,79.1,79.15,1067.876992
2026-04-03 03:40:00,79.16,79.16,79.04,79.14,1565.69727
2026-04-03 03:45:00,79.12,79.17,79.11,79.11,411.340758
2026-04-03 03:50:00,79.12,79.15,79.05,79.05,867.665561
2026-04-03 03:55:00,79.07,79.11,79.01,79.01,746.465626
2026-04-03 04:00:00,79.01,79.31,79.0,79.15,9021.947424
2026-04-03 04:05:00,79.16,79.27,79.15,79.19,590.541963
2026-04-03 04:10:00,79.2,79.47,79.19,79.41,3621.527208
2026-04-03 04:15:00,79.42,79.55,79.26,79.28,14893.864629
2026-04-03 04:20:00,79.28,79.28,79.14,79.16,840.786423
2026-04-03 04:25:00,79.17,79.2,79.05,79.05,1392.289615
2026-04-03 04:30:00,79.07,79.26,79.0,79.12,6731.02822
2026-04-03 04:35:00,79.11,79.2,79.1,79.16,400.67589
2026-04-03 04:40:00,79.18,79.28,79.18,79.27,313.554463
2026-04-03 04:45:00,79.28,79.43,79.28,79.39,1485.053716
2026-04-03 04:50:00,79.37,79.37,79.28,79.35,178.528908
2026-04-03 04:55:00,79.34,79.37,79.29,79.32,2016.434426
2026-04-03 05:00:00,79.32,79.42,79.29,79.39,471.882272
2026-04-03 05:05:00,79.39,79.4,79.31,79.39,1254.295161
2026-04-03 05:10:00,79.38,79.39,79.34,79.36,330.286089
2026-04-03 05:15:00,79.35,79.35,79.07,79.21,799.992881
2026-04-03 05:20:00,79.21,79.24,79.14,79.16,221.271323
2026-04-03 05:25:00,79.17,79.33,79.16,79.32,411.007486
2026-04-03 05:30:00,79.33,79.67,79.33,79.47,5796.042604
2026-04-03 05:35:00,79.48,79.57,79.46,79.5,1548.296129
2026-04-03 05:40:00,79.5,79.55,79.43,79.54,1639.373031
2026-04-03 05:45:00,79.53,79.53,79.46,79.47,583.623519
2026-04-03 05:50:00,79.46,79.46,79.29,79.29,654.737349
2026-04-03 05:55:00,79.3,79.36,79.24,79.32,963.201578
2026-04-03 06:00:00,79.32,79.39,79.24,79.24,1418.255219
2026-04-03 06:05:00,79.24,79.34,79.21,79.26,1376.471826
2026-04-03 06:10:00,79.26,79.36,79.23,79.36,904.15455
2026-04-03 06:15:00,79.35,79.35,79.24,79.3,1217.225301
2026-04-03 06:20:00,79.29,79.39,79.24,79.35,330.897934
2026-04-03 06:25:00,79.37,79.4,79.28,79.31,861.288368
2026-04-03 06:30:00,79.32,79.35,79.22,79.32,1142.448789
2026-04-03 06:35:00,79.31,79.65,79.31,79.49,1476.277612
2026-04-03 06:40:00,79.5,79.64,79.5,79.63,1827.646162
2026-04-03 06:45:00,79.63,79.71,79.58,79.64,2810.928767
2026-04-03 06:50:00,79.64,79.69,79.59,79.6,509.121364
2026-04-03 06:55:00,79.6,79.68,79.6,79.66,489.256335
2026-04-03 07:00:00,79.65,79.68,79.57,79.57,660.557318
2026-04-03 07:05:00,79.56,79.65,79.51,79.63,2012.954434
2026-04-03 07:10:00,79.6,79.64,79.5,79.54,501.177706
2026-04-03 07:15:00,79.54,79.59,79.44,79.54,478.257073
2026-04-03 07:20:00,79.54,79.59,79.52,79.54,532.524876
2026-04-03 07:25:00,79.53,79.62,79.53,79.62,180.539384
2026-04-03 07:30:00,79.62,79.76,79.55,79.76,1433.139035
2026-04-03 07:35:00,79.76,80.15,79.76,79.93,8360.617355
2026-04-03 07:40:00,79.93,79.95,79.85,79.87,2819.360501
2026-04-03 07:45:00,79.89,79.89,79.8,79.87,1047.714366
2026-04-03 07:50:00,79.88,79.97,79.77,79.92,2058.551155
2026-04-03 07:55:00,79.93,79.96,79.88,79.94,1980.438468
2026-04-03 08:00:00,79.95,79.99,79.86,79.99,1599.866576
2026-04-03 08:05:00,79.99,80.1,79.96,80.1,2678.886813
2026-04-03 08:10:00,80.1,80.14,80.01,80.01,2748.797673
2026-04-03 08:15:00,80.01,80.07,79.98,80.03,1060.956437
2026-04-03 08:20:00,80.02,80.04,79.95,79.95,771.354934
2026-04-03 08:25:00,79.96,79.96,79.75,79.77,2959.279507
2026-04-03 08:30:00,79.79,79.96,79.76,79.92,986.936936
2026-04-03 08:35:00,79.92,79.93,79.76,79.76,1665.172466
2026-04-03 08:40:00,79.76,79.8,79.64,79.72,2067.629147
2026-04-03 08:45:00,79.72,79.81,79.66,79.79,847.490882
2026-04-03 08:50:00,79.8,79.84,79.75,79.76,2390.731254
2026-04-03 08:55:00,79.75,79.81,79.71,79.76,814.774104
2026-04-03 09:00:00,79.77,79.86,79.74,79.77,979.08522
2026-04-03 09:05:00,79.76,79.76,79.7,79.73,523.900544
2026-04-03 09:10:00,79.74,80.09,79.7,80.07,8225.907366
2026-04-03 09:15:00,80.07,80.25,80.01,80.01,9730.483563
2026-04-03 09:20:00,80.01,80.01,79.78,79.82,3782.47654
2026-04-03 09:25:00,79.81,79.83,79.73,79.82,2290.14489
2026-04-03 09:30:00,79.82,79.9,79.78,79.85,3770.860697
2026-04-03 09:35:00,79.85,79.91,79.8,79.89,784.714798
2026-04-03 09:40:00,79.9,80.08,79.9,80.06,829.850421
2026-04-03 09:45:00,80.06,80.06,79.91,80.0,1294.240797
2026-04-03 09:50:00,80.01,80.03,79.92,79.93,3028.621116
2026-04-03 09:55:00,79.93,79.99,79.91,79.96,614.094363
2026-04-03 10:00:00,79.97,79.99,79.9,79.93,739.446395
2026-04-03 10:05:00,79.92,79.96,79.83,79.89,407.992891
2026-04-03 10:10:00,79.89,80.03,79.85,80.02,1629.509247
2026-04-03 10:15:00,80.03,80.19,80.03,80.09,3997.381762
2026-04-03 10:20:00,80.08,80.13,80.05,80.09,8174.107179
2026-04-03 10:25:00,80.1,80.17,79.84,79.86,9424.263783
2026-04-03 10:30:00,79.84,79.85,79.71,79.8,1414.483117
2026-04-03 10:35:00,79.8,79.82,79.71,79.73,397.406998
2026-04-03 10:40:00,79.73,79.88,79.73,79.85,506.238006
2026-04-03 10:45:00,79.85,80.03,79.85,79.96,6701.56499
2026-04-03 10:50:00,79.96,80.08,79.93,80.0,2421.96185
2026-04-03 10:55:00,80.01,80.2,79.93,80.18,6660.428718
2026-04-03 11:00:00,80.18,80.46,80.14,80.25,11510.820284
2026-04-03 11:05:00,80.27,80.27,80.09,80.09,1531.14269
2026-04-03 11:10:00,80.1,80.15,80.04,80.07,606.665438
2026-04-03 11:15:00,80.07,80.1,80.01,80.03,965.363655
2026-04-03 11:20:00,80.03,80.21,80.03,80.13,845.170923
2026-04-03 11:25:00,80.14,80.15,80.05,80.06,636.510297
2026-04-03 11:30:00,80.06,80.12,80.0,80.01,554.115313
2026-04-03 11:35:00,80.02,80.11,80.0,80.01,3544.365032
2026-04-03 11:40:00,80.0,80.1,80.0,80.06,1597.413815
2026-04-03 11:45:00,80.06,80.1,79.99,79.99,1194.316382
2026-04-03 11:50:00,79.98,79.99,79.9,79.92,3724.519961
2026-04-03 11:55:00,79.91,80.2,79.89,80.18,16165.007769
2026-04-03 12:00:00,80.18,80.28,80.16,80.18,1980.7745
2026-04-03 12:05:00,80.16,80.22,80.12,80.15,4074.105892
2026-04-03 12:10:00,80.15,80.15,80.0,80.14,1639.317594
2026-04-03 12:15:00,80.13,80.18,80.04,80.11,568.566144
2026-04-03 12:20:00,80.12,80.16,80.05,80.08,485.557614
2026-04-03 12:25:00,80.09,80.29,80.09,80.25,4612.649457
2026-04-03 12:30:00,80.22,80.91,79.82,79.97,34802.366666
2026-04-03 12:35:00,79.97,80.06,79.73,79.79,6153.813273
2026-04-03 12:40:00,79.8,79.89,79.73,79.8,1884.109627
2026-04-03 12:45:00,79.8,79.89,79.48,79.48,4075.191751
2026-04-03 12:50:00,79.48,79.5,79.24,79.4,8191.768301
2026-04-03 12:55:00,79.41,79.49,79.32,79.33,3063.785223
2026-04-03 13:00:00,79.35,79.41,79.17,79.19,2584.09639
2026-04-03 13:05:00,79.21,79.43,79.19,79.27,5015.631919
2026-04-03 13:10:00,79.28,79.37,79.19,79.32,2733.94374
2026-04-03 13:15:00,79.3,79.35,79.22,79.28,973.778136
2026-04-03 13:20:00,79.28,79.41,79.26,79.38,1031.031111
2026-04-03 13:25:00,79.36,79.46,79.34,79.45,3085.489039
2026-04-03 13:30:00,79.45,79.49,79.34,79.42,2501.978532
2026-04-03 13:35:00,79.42,79.51,79.39,79.39,921.423603
2026-04-03 13:40:00,79.38,79.44,79.38,79.44,557.815955
2026-04-03 13:45:00,79.42,79.46,79.26,79.26,919.101042
2026-04-03 13:50:00,79.27,79.54,79.27,79.52,525.203823
2026-04-03 13:55:00,79.53,79.63,79.52,79.62,1531.061107
2026-04-03 14:00:00,79.61,79.82,79.44,79.73,2761.80757
2026-04-03 14:05:00,79.73,79.89,79.73,79.83,2369.002145
2026-04-03 14:10:00,79.83,79.85,79.76,79.85,1168.305103
2026-04-03 14:15:00,79.84,79.84,79.68,79.8,2863.13606
2026-04-03 14:20:00,79.81,79.97,79.8,79.91,923.276048
2026-04-03 14:25:00,79.92,80.06,79.91,80.02,4433.739207
2026-04-03 14:30:00,80.02,80.05,79.89,79.89,1980.925441
2026-04-03 14:35:00,79.89,79.93,79.74,79.9,802.700497
2026-04-03 14:40:00,79.9,79.9,79.83,79.85,537.00276
2026-04-03 14:45:00,79.85,80.01,79.85,80.01,1113.271367
2026-04-03 14:50:00,80.01,80.15,79.99,80.1,1520.403134
2026-04-03 14:55:00,80.1,80.34,80.03,80.26,6511.77211
2026-04-03 15:00:00,80.24,80.46,80.16,80.4,7235.874598
2026-04-03 15:05:00,80.4,80.48,80.35,80.48,2574.916541
2026-04-03 15:10:00,80.48,80.59,80.32,80.45,5951.508131
2026-04-03 15:15:00,80.45,80.46,80.27,80.3,2428.625195
2026-04-03 15:20:00,80.3,80.45,80.23,80.44,1133.982741
2026-04-03 15:25:00,80.46,80.57,80.38,80.44,1375.429615
2026-04-03 15:30:00,80.44,80.44,80.34,80.34,1570.462655
2026-04-03 15:35:00,80.33,80.43,80.22,80.43,1644.384045
2026-04-03 15:40:00,80.43,80.55,80.38,80.43,3671.62686
2026-04-03 15:45:00,80.43,80.53,80.34,80.39,3997.572906
2026-04-03 15:50:00,80.39,80.67,80.39,80.48,3888.789997
2026-04-03 15:55:00,80.48,80.49,80.31,80.33,2515.835728
2026-04-03 16:00:00,80.33,80.42,80.26,80.39,3365.04905
2026-04-03 16:05:00,80.4,80.44,80.28,80.28,1668.682169
2026-04-03 16:10:00,80.28,80.38,80.2,80.35,5241.450501
2026-04-03 16:15:00,80.35,80.45,80.32,80.44,1740.047012
2026-04-03 16:20:00,80.46,80.5,80.43,80.46,1603.08355
2026-04-03 16:25:00,80.47,80.58,80.43,80.52,3433.952473
2026-04-03 16:30:00,80.52,80.68,80.5,80.55,2771.187566
2026-04-03 16:35:00,80.55,80.6,80.42,80.48,2311.803563
2026-04-03 16:40:00,80.48,80.51,80.35,80.43,2178.866383
2026-04-03 16:45:00,80.43,80.59,80.41,80.5,2591.242065
2026-04-03 16:50:00,80.51,80.6,80.48,80.59,3279.041186
2026-04-03 16:55:00,80.6,80.67,80.52,80.56,6882.424641
2026-04-03 17:00:00,80.56,80.56,80.43,80.47,856.672293
2026-04-03 17:05:00,80.45,80.5,80.4,80.5,255.673305
2026-04-03 17:10:00,80.51,80.54,80.36,80.37,1133.366035
2026-04-03 17:15:00,80.36,80.36,79.91,80.02,5599.251587
2026-04-03 17:20:00,80.0,80.22,79.97,80.22,1867.357397
2026-04-03 17:25:00,80.21,80.21,80.07,80.12,1537.050604
2026-04-03 17:30:00,80.11,80.27,80.11,80.18,1806.70736
2026-04-03 17:35:00,80.17,80.26,80.17,80.19,493.590965
2026-04-03 17:40:00,80.2,80.21,80.17,80.21,409.887275
2026-04-03 17:45:00,80.22,80.24,80.12,80.15,706.403749
2026-04-03 17:50:00,80.15,80.2,80.13,80.18,451.297222
2026-04-03 17:55:00,80.19,80.3,80.18,80.2,739.29699
2026-04-03 18:00:00,80.19,80.23,80.12,80.17,755.758187
2026-04-03 18:05:00,80.18,80.23,80.15,80.17,884.241029
2026-04-03 18:10:00,80.17,80.24,80.09,80.23,1445.006796
2026-04-03 18:15:00,80.23,80.4,80.13,80.38,2602.239407
2026-04-03 18:20:00,80.38,80.46,80.36,80.4,994.633272
2026-04-03 18:25:00,80.4,80.41,80.28,80.28,625.429726
2026-04-03 18:30:00,80.29,80.44,80.24,80.41,1619.848183
2026-04-03 18:35:00,80.42,80.43,80.23,80.23,388.000874
2026-04-03 18:40:00,80.22,80.26,80.21,80.22,309.96154
2026-04-03 18:45:00,80.23,80.27,80.13,80.16,932.311242
2026-04-03 18:50:00,80.16,80.22,80.15,80.19,542.252253
2026-04-03 18:55:00,80.19,80.19,80.11,80.13,251.606731
2026-04-03 19:00:00,80.12,80.17,79.99,79.99,1525.836794
2026-04-03 19:05:00,79.99,80.03,79.95,80.0,1845.315133
2026-04-03 19:10:00,80.01,80.02,79.87,79.99,2332.05135
2026-04-03 19:15:00,79.99,80.1,79.97,80.02,2076.011547
2026-04-03 19:20:00,80.02,80.2,80.02,80.16,523.63445
2026-04-03 19:25:00,80.15,80.15,80.08,80.11,80.435598
2026-04-03 19:30:00,80.1,80.18,80.09,80.18,332.649067
2026-04-03 19:35:00,80.17,80.18,80.1,80.11,691.71223
2026-04-03 19:40:00,80.11,80.18,80.1,80.15,755.693732
2026-04-03 19:45:00,80.16,80.29,80.16,80.28,2701.74152
2026-04-03 19:50:00,80.28,80.29,80.23,80.26,273.090905
2026-04-03 19:55:00,80.25,80.25,80.17,80.19,424.895082
2026-04-03 20:00:00,80.21,80.24,80.15,80.23,291.275712
2026-04-03 20:05:00,80.24,80.29,80.21,80.28,200.199794
2026-04-03 20:10:00,80.28,80.31,80.2,80.3,645.017798
2026-04-03 20:15:00,80.31,80.32,80.22,80.25,683.224055
2026-04-03 20:20:00,80.25,80.31,80.2,80.2,413.586776
2026-04-03 20:25:00,80.21,80.24,80.19,80.21,310.989963
2026-04-03 20:30:00,80.22,80.31,80.22,80.26,1141.307484
2026-04-03 20:35:00,80.26,80.3,80.2,80.3,690.546655
2026-04-03 20:40:00,80.31,80.31,80.25,80.25,913.745761
2026-04-03 20:45:00,80.24,80.28,80.22,80.27,338.315446
2026-04-03 20:50:00,80.26,80.26,80.2,80.2,321.486148
2026-04-03 20:55:00,80.22,80.25,80.19,80.2,205.621827
2026-04-03 21:00:00,80.2,80.24,80.14,80.14,276.600803
2026-04-03 21:05:00,80.14,80.26,80.11,80.25,594.74463
2026-04-03 21:10:00,80.24,80.46,80.22,80.36,4681.513184
2026-04-03 21:15:00,80.36,80.42,80.31,80.33,1157.48498
2026-04-03 21:20:00,80.32,80.37,80.27,80.27,670.470054
2026-04-03 21:25:00,80.27,80.37,80.27,80.33,276.100126
2026-04-03 21:30:00,80.32,80.34,80.29,80.33,165.946447
2026-04-03 21:35:00,80.33,80.43,80.33,80.38,591.72462
2026-04-03 21:40:00,80.39,80.58,80.39,80.52,2526.880411
2026-04-03 21:45:00,80.52,80.62,80.37,80.59,1248.589828
2026-04-03 21:50:00,80.59,80.74,80.41,80.46,7687.422737
2026-04-03 21:55:00,80.46,80.5,80.4,80.4,276.283136
2026-04-03 22:00:00,80.4,80.5,80.34,80.4,490.214437
2026-04-03 22:05:00,80.41,80.47,80.27,80.27,1122.523056
2026-04-03 22:10:00,80.28,80.32,80.26,80.29,548.727582
2026-04-03 22:15:00,80.28,80.34,80.27,80.31,530.776657
2026-04-03 22:20:00,80.29,80.38,80.26,80.26,122.74487
2026-04-03 22:25:00,80.25,80.34,80.21,80.32,1921.700866
2026-04-03 22:30:00,80.3,80.33,80.22,80.24,439.136724
2026-04-03 22:35:00,80.25,80.28,80.2,80.2,197.688019
2026-04-03 22:40:00,80.2,80.23,80.15,80.15,1121.428962
2026-04-03 22:45:00,80.15,80.15,79.95,80.1,6658.931404
2026-04-03 22:50:00,80.1,80.16,80.07,80.15,1118.531466
2026-04-03 22:55:00,80.16,80.2,80.15,80.16,368.050575
2026-04-03 23:00:00,80.16,80.19,80.13,80.16,324.817498
2026-04-03 23:05:00,80.17,80.24,80.16,80.24,539.790014
2026-04-03 23:10:00,80.25,80.26,80.19,80.25,527.979139
2026-04-03 23:15:00,80.26,80.29,80.22,80.25,355.107685
2026-04-03 23:20:00,80.25,80.31,80.18,80.31,2666.586175
2026-04-03 23:25:00,80.3,80.34,80.22,80.33,767.293698
2026-04-03 23:30:00,80.32,80.59,80.21,80.23,12010.772265
2026-04-03 23:35:00,80.23,80.26,80.14,80.2,1364.814694
2026-04-03 23:40:00,80.22,80.25,80.22,80.24,340.983046
2026-04-03 23:45:00,80.26,80.36,80.26,80.36,635.850034
2026-04-03 23:50:00,80.37,80.39,80.34,80.37,359.837597
2026-04-03 23:55:00,80.36,80.42,80.34,80.4,1203.263778
2026-04-04 00:00:00,80.39,80.42,80.31,80.32,498.182506
2026-04-04 00:05:00,80.3,80.3,80.24,80.26,264.899913
2026-04-04 00:10:00,80.26,80.27,80.13,80.16,2399.703787
2026-04-04 00:15:00,80.16,80.24,80.16,80.24,415.355661
2026-04-04 00:20:00,80.25,80.31,80.22,80.3,513.901648
2026-04-04 00:25:00,80.3,80.35,80.24,80.24,499.824094
2026-04-04 00:30:00,80.23,80.34,80.21,80.27,486.327144
2026-04-04 00:35:00,80.27,80.31,80.25,80.29,253.612115
2026-04-04 00:40:00,80.3,80.31,80.26,80.3,267.048207
2026-04-04 00:45:00,80.28,80.3,80.22,80.24,436.992638
2026-04-04 00:50:00,80.24,80.25,80.2,80.2,144.371275
2026-04-04 00:55:00,80.2,80.23,80.15,80.23,565.251501
2026-04-04 01:00:00,80.23,80.27,80.19,80.27,231.478093
2026-04-04 01:05:00,80.27,80.34,80.26,80.28,1276.024542
2026-04-04 01:10:00,80.29,80.32,80.09,80.12,2809.033554
2026-04-04 01:15:00,80.13,80.13,80.06,80.1,544.599507
2026-04-04 01:20:00,80.09,80.12,80.07,80.12,683.427899
2026-04-04 01:25:00,80.11,80.12,80.06,80.06,447.14086
2026-04-04 01:30:00,80.06,80.1,80.05,80.1,377.988075
2026-04-04 01:35:00,80.1,80.17,80.09,80.15,864.159621
2026-04-04 01:40:00,80.16,80.16,80.1,80.1,295.327816
2026-04-04 01:45:00,80.09,80.14,80.08,80.1,486.43777
2026-04-04 01:50:00,80.1,80.11,80.09,80.09,221.735615
2026-04-04 01:55:00,80.1,80.14,80.07,80.14,1354.911697
2026-04-04 02:00:00,80.13,80.24,80.07,80.24,806.387911
2026-04-04 02:05:00,80.25,80.29,80.16,80.16,633.41108
2026-04-04 02:10:00,80.16,80.18,80.06,80.14,1159.41383
2026-04-04 02:15:00,80.14,80.2,80.12,80.18,1549.789168
2026-04-04 02:20:00,80.18,80.2,80.14,80.16,1009.735744
2026-04-04 02:25:00,80.16,80.18,80.14,80.17,297.207699
2026-04-04 02:30:00,80.18,80.27,80.16,80.26,716.510705
2026-04-04 02:35:00,80.26,80.26,80.2,80.2,145.679029
2026-04-04 02:40:00,80.2,80.2,80.09,80.14,2709.015136
2026-04-04 02:45:00,80.14,80.14,80.07,80.14,1572.29856
2026-04-04 02:50:00,80.15,80.15,80.1,80.1,416.858061
2026-04-04 02:55:00,80.1,80.17,80.1,80.16,515.416418
2026-04-04 03:00:00,80.18,80.26,80.18,80.19,1360.230419
2026-04-04 03:05:00,80.19,80.24,80.18,80.23,500.772569
2026-04-04 03:10:00,80.25,80.27,80.24,80.25,1178.700628
2026-04-04 03:15:00,80.25,80.26,80.17,80.17,894.759715
2026-04-04 03:20:00,80.18,80.23,80.17,80.21,433.250567
2026-04-04 03:25:00,80.2,80.2,80.17,80.19,648.886416
2026-04-04 03:30:00,80.19,80.2,80.16,80.19,426.858808
2026-04-04 03:35:00,80.2,80.21,80.17,80.18,717.954321
2026-04-04 03:40:00,80.17,80.26,80.17,80.23,242.511663
2026-04-04 03:45:00,80.23,80.29,80.2,80.26,3927.642201
2026-04-04 03:50:00,80.25,80.25,80.2,80.24,322.596417
2026-04-04 03:55:00,80.23,80.23,80.15,80.17,1867.749899
2026-04-04 04:00:00,80.17,80.19,80.14,80.15,1592.267999
2026-04-04 04:05:00,80.15,80.21,80.15,80.21,83.808479
2026-04-04 04:10:00,80.21,80.24,80.15,80.17,1991.390268
2026-04-04 04:15:00,80.17,80.2,80.16,80.18,433.981039
2026-04-04 04:20:00,80.18,80.21,80.17,80.21,221.325312
2026-04-04 04:25:00,80.2,80.26,80.19,80.25,384.463955
2026-04-04 04:30:00,80.23,80.24,80.19,80.19,110.877375
2026-04-04 04:35:00,80.2,80.26,80.2,80.25,182.305448
2026-04-04 04:40:00,80.25,80.29,80.23,80.28,1556.093926
2026-04-04 04:45:00,80.29,80.3,80.23,80.24,156.241928
2026-04-04 04:50:00,80.24,80.25,80.17,80.24,2887.727742
2026-04-04 04:55:00,80.25,80.28,80.22,80.24,1747.145958
2026-04-04 05:00:00,80.24,80.26,80.12,80.17,2959.996848
2026-04-04 05:05:00,80.17,80.2,80.12,80.2,433.010547
2026-04-04 05:10:00,80.21,80.22,80.16,80.18,2769.051643
2026-04-04 05:15:00,80.19,80.21,80.13,80.14,711.807818
2026-04-04 05:20:00,80.15,80.22,80.15,80.18,122.99695
2026-04-04 05:25:00,80.17,80.18,80.1,80.13,742.768524
2026-04-04 05:30:00,80.15,80.28,80.15,80.26,1417.350964
2026-04-04 05:35:00,80.25,80.26,80.17,80.18,283.069182
2026-04-04 05:40:00,80.19,80.2,80.14,80.16,1259.478844
2026-04-04 05:45:00,80.16,80.2,80.14,80.14,1980.957841
2026-04-04 05:50:00,80.13,80.21,80.13,80.17,386.623942
2026-04-04 05:55:00,80.17,80.19,80.16,80.18,490.792564
2026-04-04 06:00:00,80.19,80.2,80.14,80.15,122.738058
2026-04-04 06:05:00,80.14,80.2,80.13,80.16,267.875807
2026-04-04 06:10:00,80.18,80.3,80.18,80.28,461.296995
2026-04-04 06:15:00,80.3,80.32,80.25,80.32,837.431375
2026-04-04 06:20:00,80.33,80.37,80.26,80.28,271.655856
2026-04-04 06:25:00,80.29,80.31,80.24,80.31,1493.971361
2026-04-04 06:30:00,80.31,80.32,80.26,80.28,285.757189
2026-04-04 06:35:00,80.27,80.29,80.24,80.25,201.821828
2026-04-04 06:40:00,80.25,80.33,80.24,80.32,729.914427
2026-04-04 06:45:00,80.34,80.42,80.34,80.41,612.831764
2026-04-04 06:50:00,80.42,80.54,80.39,80.54,885.367111
2026-04-04 06:55:00,80.53,80.54,80.45,80.45,637.686739
2026-04-04 07:00:00,80.46,80.48,80.4,80.41,298.795753
2026-04-04 07:05:00,80.4,80.43,80.33,80.35,287.545167
2026-04-04 07:10:00,80.35,80.38,80.3,80.35,163.669577
2026-04-04 07:15:00,80.34,80.36,80.25,80.26,411.715983
2026-04-04 07:20:00,80.25,80.27,80.23,80.24,308.828964
2026-04-04 07:25:00,80.24,80.28,80.24,80.25,90.188687
2026-04-04 07:30:00,80.26,80.28,80.24,80.27,79.871493
2026-04-04 07:35:00,80.27,80.29,80.24,80.27,230.812611
2026-04-04 07:40:00,80.27,80.32,80.26,80.26,212.134058
2026-04-04 07:45:00,80.25,80.28,80.21,80.26,218.785639
2026-04-04 07:50:00,80.26,80.27,80.23,80.27,237.066684
2026-04-04 07:55:00,80.28,80.33,80.26,80.32,1048.287685
2026-04-04 08:00:00,80.32,80.36,80.31,80.33,1048.75088
2026-04-04 08:05:00,80.33,80.41,80.29,80.29,452.547266
2026-04-04 08:10:00,80.29,80.32,80.28,80.29,80.49675
2026-04-04 08:15:00,80.3,80.3,80.26,80.28,1713.637694
2026-04-04 08:20:00,80.29,80.32,80.25,80.27,2223.752065
2026-04-04 08:25:00,80.28,80.31,80.27,80.29,261.958582
2026-04-04 08:30:00,80.27,80.27,80.14,80.14,1221.30612
2026-04-04 08:35:00,80.14,80.18,80.13,80.16,99.686201
2026-04-04 08:40:00,80.17,80.19,80.13,80.15,111.813453
2026-04-04 08:45:00,80.14,80.15,80.09,80.12,627.936019
2026-04-04 08:50:00,80.12,80.12,79.95,79.97,1844.121707
2026-04-04 08:55:00,79.96,80.02,79.93,79.98,1048.978905
2026-04-04 09:00:00,79.99,80.0,79.94,79.95,227.179124
2026-04-04 09:05:00,79.95,80.04,79.94,80.03,491.585856
2026-04-04 09:10:00,80.03,80.09,80.03,80.05,326.059325
2026-04-04 09:15:00,80.05,80.06,79.99,80.02,1305.68669
2026-04-04 09:20:00,80.01,80.01,79.92,79.92,674.841401
2026-04-04 09:25:00,79.92,80.0,79.91,80.0,1222.874109
2026-04-04 09:30:00,80.01,80.05,79.96,79.97,428.692501
2026-04-04 09:35:00,79.98,80.0,79.97,80.0,623.998086
2026-04-04 09:40:00,80.0,80.0,79.96,79.99,562.082745
2026-04-04 09:45:00,79.99,80.08,79.98,80.05,658.884784
2026-04-04 09:50:00,80.05,80.05,80.04,80.05,195.015078
2026-04-04 09:55:00,80.04,80.05,80.01,80.04,1005.335338
2026-04-04 10:00:00,80.05,80.13,80.03,80.11,1054.781228
2026-04-04 10:05:00,80.1,80.12,80.07,80.12,627.67542
2026-04-04 10:10:00,80.12,80.13,80.05,80.05,534.596538
2026-04-04 10:15:00,80.06,80.14,80.05,80.13,601.688608
2026-04-04 10:20:00,80.14,80.14,80.08,80.14,700.563417
2026-04-04 10:25:00,80.13,80.18,80.1,80.17,378.704647
2026-04-04 10:30:00,80.16,80.22,80.01,80.05,7004.004936
2026-04-04 10:35:00,80.05,80.2,80.03,80.16,768.414147
2026-04-04 10:40:00,80.15,80.27,80.14,80.19,924.930659
2026-04-04 10:45:00,80.19,80.28,80.17,80.24,2008.516385
2026-04-04 10:50:00,80.25,80.29,80.21,80.23,2645.803504
2026-04-04 10:55:00,80.22,80.23,80.2,80.22,178.409109
2026-04-04 11:00:00,80.22,80.28,80.18,80.2,686.292861
2026-04-04 11:05:00,80.2,80.23,80.15,80.21,736.50663
2026-04-04 11:10:00,80.2,80.2,80.14,80.17,776.999066
2026-04-04 11:15:00,80.17,80.2,80.1,80.14,1106.541728
2026-04-04 11:20:00,80.14,80.15,80.08,80.08,1640.057476
2026-04-04 11:25:00,80.08,80.2,80.03,80.19,4207.619691
2026-04-04 11:30:00,80.19,80.22,80.18,80.19,696.304209
2026-04-04 11:35:00,80.2,80.22,80.19,80.2,237.807916
2026-04-04 11:40:00,80.21,80.25,80.21,80.24,440.236613
2026-04-04 11:45:00,80.25,80.26,80.2,80.22,302.750848
2026-04-04 11:50:00,80.21,80.23,80.19,80.21,104.810816
2026-04-04 11:55:00,80.22,80.23,80.16,80.19,480.940188
2026-04-04 12:00:00,80.19,80.24,80.17,80.23,1410.30071
2026-04-04 12:05:00,80.23,80.25,80.14,80.14,521.715785
2026-04-04 12:10:00,80.16,80.21,80.13,80.21,144.494713
2026-04-04 12:15:00,80.2,80.22,80.2,80.2,104.961252
2026-04-04 12:20:00,80.21,80.24,80.2,80.23,132.119233
2026-04-04 12:25:00,80.24,80.24,80.18,80.21,853.350012
2026-04-04 12:30:00,80.2,80.23,80.2,80.21,97.770876
2026-04-04 12:35:00,80.2,80.21,80.14,80.15,436.531698
2026-04-04 12:40:00,80.14,80.14,80.03,80.04,531.730974
2026-04-04 12:45:00,80.03,80.08,80.02,80.06,441.633305
2026-04-04 12:50:00,80.06,80.1,80.05,80.1,151.330144
2026-04-04 12:55:00,80.09,80.11,80.08,80.09,358.797154
2026-04-04 13:00:00,80.08,80.1,80.05,80.05,823.186833
2026-04-04 13:05:00,80.05,80.09,80.05,80.09,327.358975
2026-04-04 13:10:00,80.09,80.11,80.07,80.11,314.327654
2026-04-04 13:15:00,80.11,80.15,80.11,80.15,295.996137
2026-04-04 13:20:00,80.14,80.18,80.11,80.15,238.636035
2026-04-04 13:25:00,80.16,80.17,80.12,80.12,1172.513842
2026-04-04 13:30:00,80.12,80.12,80.03,80.05,1129.858955
2026-04-04 13:35:00,80.04,80.24,80.01,80.15,2029.111843
2026-04-04 13:40:00,80.15,80.17,80.12,80.14,858.652655
2026-04-04 13:45:00,80.15,80.15,80.06,80.07,355.014182
2026-04-04 13:50:00,80.07,80.1,79.93,80.0,2293.906284
2026-04-04 13:55:00,80.01,80.11,80.0,80.03,743.362731
2026-04-04 14:00:00,80.03,80.09,80.02,80.04,558.011232
2026-04-04 14:05:00,80.05,80.08,80.05,80.08,135.959825
2026-04-04 14:10:00,80.09,80.09,80.05,80.05,558.419109
2026-04-04 14:15:00,80.06,80.08,80.02,80.08,2825.0645
2026-04-04 14:20:00,80.08,80.1,80.04,80.04,790.344328
2026-04-04 14:25:00,80.04,80.06,80.0,80.0,1985.395141
2026-04-04 14:30:00,79.99,79.99,79.89,79.92,854.657896
2026-04-04 14:35:00,79.92,79.94,79.71,79.76,3610.786756
2026-04-04 14:40:00,79.76,79.78,79.55,79.76,3720.51904
2026-04-04 14:45:00,79.76,79.9,79.74,79.85,866.141541
2026-04-04 14:50:00,79.85,79.89,79.84,79.86,232.849606
2026-04-04 14:55:00,79.85,80.38,79.85,80.34,7552.91808
2026-04-04 15:00:00,80.36,80.95,80.27,80.9,17979.154593
2026-04-04 15:05:00,80.89,81.61,80.68,81.18,29128.450388
2026-04-04 15:10:00,81.19,81.34,81.03,81.14,5434.580455
2026-04-04 15:15:00,81.13,81.16,81.04,81.12,2610.764893
2026-04-04 15:20:00,81.13,81.14,80.88,80.88,5588.471911
2026-04-04 15:25:00,80.88,80.9,80.78,80.85,1867.427605
2026-04-04 15:30:00,80.84,80.92,80.74,80.86,2152.446231
2026-04-04 15:35:00,80.86,80.96,80.86,80.92,1288.113142
2026-04-04 15:40:00,80.93,80.95,80.84,80.86,1456.098464
2026-04-04 15:45:00,80.88,80.94,80.82,80.94,1297.052284
2026-04-04 15:50:00,80.93,80.93,80.86,80.92,1345.856102
2026-04-04 15:55:00,80.92,81.1,80.9,81.09,2305.138711
2026-04-04 16:00:00,81.08,81.24,81.03,81.03,3992.258168
2026-04-04 16:05:00,81.02,81.03,80.95,80.95,758.661709
2026-04-04 16:10:00,80.94,80.94,80.81,80.92,3223.467656
2026-04-04 16:15:00,80.93,81.03,80.91,81.01,1403.040302
2026-04-04 16:20:00,81.01,81.1,80.95,81.09,1746.578879
2026-04-04 16:25:00,81.09,81.34,81.09,81.23,2541.229323
2026-04-04 16:30:00,81.24,81.35,81.18,81.2,2420.830182
2026-04-04 16:35:00,81.2,81.29,81.2,81.22,647.325076
2026-04-04 16:40:00,81.21,81.24,81.14,81.18,2423.110938
2026-04-04 16:45:00,81.19,81.2,81.09,81.1,847.384397
2026-04-04 16:50:00,81.11,81.17,81.04,81.04,2615.02704
2026-04-04 16:55:00,81.03,81.1,80.73,80.74,7171.773969
2026-04-04 17:00:00,80.75,80.85,80.62,80.81,4633.332367
2026-04-04 17:05:00,80.81,80.85,80.78,80.82,661.681029
2026-04-04 17:10:00,80.81,80.89,80.79,80.89,725.810109
2026-04-04 17:15:00,80.89,80.95,80.87,80.92,600.05536
2026-04-04 17:20:00,80.92,81.01,80.9,81.0,477.414248
2026-04-04 17:25:00,81.0,81.03,81.0,81.02,238.203716
2026-04-04 17:30:00,81.01,81.01,80.96,81.0,594.587907
2026-04-04 17:35:00,81.0,81.0,80.88,80.89,613.507366
2026-04-04 17:40:00,80.89,80.93,80.87,80.87,306.664387
2026-04-04 17:45:00,80.87,80.94,80.86,80.94,160.939814
2026-04-04 17:50:00,80.94,80.99,80.93,80.96,91.524251
2026-04-04 17:55:00,80.95,80.95,80.9,80.93,213.78218
2026-04-04 18:00:00,80.94,81.13,80.93,81.03,651.222004
2026-04-04 18:05:00,81.02,81.12,80.72,80.84,6344.62234
2026-04-04 18:10:00,80.84,80.84,80.75,80.79,376.806814
2026-04-04 18:15:00,80.79,80.89,80.79,80.88,778.066946
2026-04-04 18:20:00,80.88,80.9,80.83,80.87,468.98406
2026-04-04 18:25:00,80.86,80.88,80.83,80.84,300.784405
2026-04-04 18:30:00,80.83,80.85,80.77,80.84,522.093253
2026-04-04 18:35:00,80.85,80.91,80.85,80.91,139.737054
2026-04-04 18:40:00,80.92,80.92,80.86,80.86,553.704906
2026-04-04 18:45:00,80.87,80.89,80.85,80.88,262.698301
2026-04-04 18:50:00,80.89,80.96,80.85,80.96,521.690384
2026-04-04 18:55:00,80.95,80.96,80.83,80.85,391.497847
2026-04-04 19:00:00,80.85,81.05,80.83,81.0,1386.581503
2026-04-04 19:05:00,81.02,81.17,80.81,81.07,5260.34987
2026-04-04 19:10:00,81.07,81.24,81.0,81.22,3824.195539
2026-04-04 19:15:00,81.23,81.33,81.05,81.1,3240.674383
2026-04-04 19:20:00,81.1,81.1,80.94,80.95,1089.814313
2026-04-04 19:25:00,80.95,80.99,80.83,80.86,1830.346415
2026-04-04 19:30:00,80.87,80.91,80.84,80.87,415.408606
2026-04-04 19:35:00,80.87,80.92,80.86,80.86,327.690807
2026-04-04 19:40:00,80.86,80.87,80.75,80.82,4070.712451
2026-04-04 19:45:00,80.82,80.87,80.81,80.87,553.622522
2026-04-04 19:50:00,80.87,80.92,80.86,80.88,1097.889481
2026-04-04 19:55:00,80.9,80.91,80.83,80.86,321.908802
2026-04-04 20:00:00,80.85,80.87,80.68,80.68,1302.717872
2026-04-04 20:05:00,80.67,80.72,80.62,80.72,906.396669
2026-04-04 20:10:00,80.71,80.8,80.7,80.78,794.476802
2026-04-04 20:15:00,80.78,80.83,80.76,80.82,505.157186
2026-04-04 20:20:00,80.82,80.82,80.77,80.78,657.798981
2026-04-04 20:25:00,80.79,80.82,80.76,80.8,462.029382
2026-04-04 20:30:00,80.79,80.8,80.74,80.77,161.014047
2026-04-04 20:35:00,80.78,80.83,80.77,80.82,174.906489
2026-04-04 20:40:00,80.82,80.85,80.81,80.82,394.587634
2026-04-04 20:45:00,80.81,80.85,80.79,80.8,494.711981
2026-04-04 20:50:00,80.8,80.81,80.74,80.77,81.514155
2026-04-04 20:55:00,80.76,80.81,80.76,80.8,295.429604
2026-04-04 21:00:00,80.81,80.87,80.78,80.85,870.640631
2026-04-04 21:05:00,80.85,80.97,80.83,80.92,2041.447693
2026-04-04 21:10:00,80.91,80.92,80.78,80.8,2284.278954
2026-04-04 21:15:00,80.81,80.88,80.78,80.88,1192.343029
2026-04-04 21:20:00,80.88,80.95,80.82,80.9,1359.634713
2026-04-04 21:25:00,80.9,80.98,80.88,80.97,743.867137
2026-04-04 21:30:00,80.96,80.96,80.89,80.9,410.006405
2026-04-04 21:35:00,80.91,80.95,80.85,80.94,430.695317
2026-04-04 21:40:00,80.93,80.93,80.85,80.91,634.933963
2026-04-04 21:45:00,80.9,80.96,80.87,80.96,1247.964108
2026-04-04 21:50:00,80.96,81.02,80.94,80.98,1029.299844
2026-04-04 21:55:00,80.96,81.03,80.9,80.92,1350.012582
2026-04-04 22:00:00,80.92,81.03,80.88,81.0,1665.205279
2026-04-04 22:05:00,81.01,81.02,80.91,80.94,3281.999868
2026-04-04 22:10:00,80.95,80.97,80.9,80.94,1052.735648
2026-04-04 22:15:00,80.94,81.0,80.91,81.0,536.520616
2026-04-04 22:20:00,80.99,81.0,80.88,80.94,248.262682
2026-04-04 22:25:00,80.94,80.96,80.9,80.94,220.424861
2026-04-04 22:30:00,80.94,81.0,80.93,80.98,2092.524691
2026-04-04 22:35:00,80.97,80.99,80.94,80.94,573.890908
2026-04-04 22:40:00,80.93,81.04,80.92,81.04,331.002187
2026-04-04 22:45:00,81.05,81.07,80.96,80.99,399.135771
2026-04-04 22:50:00,81.0,81.01,80.95,80.99,99.202948
2026-04-04 22:55:00,80.99,81.02,80.97,81.01,738.014394
2026-04-04 23:00:00,80.99,80.99,80.86,80.89,838.886994
2026-04-04 23:05:00,80.86,80.92,80.8,80.92,976.692481
2026-04-04 23:10:00,80.92,80.92,80.81,80.82,755.485235
2026-04-04 23:15:00,80.8,80.82,80.77,80.81,202.184102
2026-04-04 23:20:00,80.8,80.83,80.79,80.8,450.504622
2026-04-04 23:25:00,80.8,80.8,80.74,80.75,690.67195
2026-04-04 23:30:00,80.75,80.79,80.74,80.77,327.454736
2026-04-04 23:35:00,80.78,80.78,80.75,80.76,39.120453
2026-04-04 23:40:00,80.75,80.78,80.73,80.78,794.51839
2026-04-04 23:45:00,80.78,80.78,80.72,80.76,792.74468
2026-04-04 23:50:00,80.75,80.86,80.74,80.79,722.468469
2026-04-04 23:55:00,80.8,80.85,80.79,80.85,359.380968
2026-04-05 00:00:00,80.84,80.86,80.73,80.73,743.306016
2026-04-05 00:05:00,80.74,80.77,80.72,80.77,400.544308
2026-04-05 00:10:00,80.75,80.75,80.7,80.7,338.572739
2026-04-05 00:15:00,80.7,80.75,80.67,80.67,1059.574649
2026-04-05 00:20:00,80.67,80.72,80.66,80.67,481.541703
2026-04-05 00:25:00,80.67,80.79,80.67,80.78,558.985975
2026-04-05 00:30:00,80.76,80.77,80.71,80.71,526.875886
2026-04-05 00:35:00,80.71,80.74,80.7,80.74,215.500559
2026-04-05 00:40:00,80.74,80.82,80.73,80.79,791.247679
2026-04-05 00:45:00,80.8,80.8,80.65,80.73,2250.44807
2026-04-05 00:50:00,80.73,80.73,80.63,80.65,1568.856376
2026-04-05 00:55:00,80.66,80.69,80.54,80.69,2533.836217
2026-04-05 01:00:00,80.69,80.72,80.58,80.61,1736.561714
2026-04-05 01:05:00,80.62,80.66,80.58,80.65,930.932322
2026-04-05 01:10:00,80.65,80.75,80.65,80.71,813.919506
2026-04-05 01:15:00,80.71,80.77,80.68,80.75,893.059649
2026-04-05 01:20:00,80.76,80.78,80.67,80.7,627.569877
2026-04-05 01:25:00,80.69,80.7,80.63,80.65,566.232973
2026-04-05 01:30:00,80.64,80.66,80.61,80.66,274.971834
2026-04-05 01:35:00,80.66,80.66,80.58,80.58,275.158507
2026-04-05 01:40:00,80.59,80.65,80.57,80.59,349.89606
2026-04-05 01:45:00,80.59,80.62,80.59,80.62,1162.238977
2026-04-05 01:50:00,80.61,80.64,80.58,80.58,574.711583
2026-04-05 01:55:00,80.58,80.6,80.49,80.49,1264.861024
2026-04-05 02:00:00,80.49,80.5,80.37,80.47,2909.103791
2026-04-05 02:05:00,80.47,80.48,80.4,80.41,456.62141
2026-04-05 02:10:00,80.4,80.44,80.37,80.41,516.701465
2026-04-05 02:15:00,80.41,80.55,80.39,80.54,161.830699
2026-04-05 02:20:00,80.53,80.57,80.46,80.51,2376.949903
2026-04-05 02:25:00,80.51,80.55,80.43,80.43,446.702062
2026-04-05 02:30:00,80.43,80.64,80.39,80.59,4867.355342
2026-04-05 02:35:00,80.59,80.62,80.51,80.55,946.592979
2026-04-05 02:40:00,80.55,80.57,80.53,80.54,463.666243
2026-04-05 02:45:00,80.54,80.55,80.49,80.51,434.599139
2026-04-05 02:50:00,80.51,80.59,80.51,80.59,262.747113
2026-04-05 02:55:00,80.56,80.59,80.55,80.57,785.498139
2026-04-05 03:00:00,80.58,80.62,80.56,80.56,269.591603
2026-04-05 03:05:00,80.56,80.59,80.56,80.58,366.94895
2026-04-05 03:10:00,80.58,80.6,80.54,80.6,1714.839577
2026-04-05 03:15:00,80.61,80.61,80.55,80.55,96.053412
2026-04-05 03:20:00,80.55,80.55,80.49,80.54,794.93068
2026-04-05 03:25:00,80.53,80.55,80.52,80.52,411.45554
2026-04-05 03:30:00,80.52,80.52,80.44,80.44,290.026585
2026-04-05 03:35:00,80.43,80.47,80.4,80.46,1054.301057
2026-04-05 03:40:00,80.46,80.57,80.45,80.53,2456.375489
2026-04-05 03:45:00,80.54,80.55,80.52,80.55,235.300032
2026-04-05 03:50:00,80.54,80.56,80.53,80.55,440.22292
2026-04-05 03:55:00,80.56,80.56,80.52,80.54,187.528738
2026-04-05 04:00:00,80.55,80.55,80.44,80.46,1341.852836
2026-04-05 04:05:00,80.45,80.46,80.42,80.45,363.568432
2026-04-05 04:10:00,80.45,80.47,80.43,80.46,531.803515
2026-04-05 04:15:00,80.45,80.47,80.42,80.45,756.896052
2026-04-05 04:20:00,80.45,80.48,80.45,80.47,150.545426
2026-04-05 04:25:00,80.46,80.52,80.45,80.52,603.193122
2026-04-05 04:30:00,80.51,80.52,80.46,80.46,310.522582
2026-04-05 04:35:00,80.46,80.48,80.44,80.46,182.768844
2026-04-05 04:40:00,80.48,80.5,80.43,80.5,2060.563712
2026-04-05 04:45:00,80.5,80.5,80.38,80.4,1449.260119
2026-04-05 04:50:00,80.4,80.5,80.4,80.47,270.810151
2026-04-05 04:55:00,80.48,80.6,80.28,80.32,10851.269689
2026-04-05 05:00:00,80.33,80.41,80.33,80.37,289.41808
2026-04-05 05:05:00,80.37,80.39,80.35,80.39,398.38196
2026-04-05 05:10:00,80.39,80.42,80.34,80.35,754.024537
2026-04-05 05:15:00,80.35,80.38,80.34,80.37,162.6058
2026-04-05 05:20:00,80.36,80.36,80.21,80.32,2140.382674
2026-04-05 05:25:00,80.32,80.34,80.26,80.27,463.31683
2026-04-05 05:30:00,80.26,80.32,80.26,80.32,255.875434
2026-04-05 05:35:00,80.31,80.35,80.23,80.35,2079.61075
2026-04-05 05:40:00,80.33,80.36,80.26,80.36,127.025023
2026-04-05 05:45:00,80.36,80.4,80.35,80.39,692.125416
2026-04-05 05:50:00,80.38,80.38,80.17,80.26,1107.090866
2026-04-05 05:55:00,80.26,80.33,80.14,80.33,5147.738689
2026-04-05 06:00:00,80.32,80.43,80.1,80.18,19204.761678
2026-04-05 06:05:00,80.18,80.19,79.88,79.89,8405.754699
2026-04-05 06:10:00,79.89,79.9,79.51,79.6,9540.504382
2026-04-05 06:15:00,79.62,79.62,79.41,79.5,4796.901686
2026-04-05 06:20:00,79.49,79.74,79.47,79.63,4396.249339
2026-04-05 06:25:00,79.62,79.74,79.62,79.7,2857.795318
2026-04-05 06:30:00,79.69,79.84,79.67,79.69,5241.603944
2026-04-05 06:35:00,79.68,79.85,79.63,79.77,1790.859751
2026-04-05 06:40:00,79.78,79.79,79.69,79.71,1349.36206
2026-04-05 06:45:00,79.7,79.75,79.66,79.69,430.152241
2026-04-05 06:50:00,79.7,79.74,79.66,79.66,662.041155
2026-04-05 06:55:00,79.66,79.73,79.6,79.6,1260.674557
2026-04-05 07:00:00,79.6,79.83,79.59,79.76,8387.287542
2026-04-05 07:05:00,79.75,79.82,79.75,79.79,593.8238
2026-04-05 07:10:00,79.78,79.82,79.77,79.82,850.932739
2026-04-05 07:15:00,79.82,79.82,79.71,79.8,1106.657337
2026-04-05 07:20:00,79.81,79.87,79.67,79.67,5248.847276
2026-04-05 07:25:00,79.67,79.76,79.67,79.72,692.645545
2026-04-05 07:30:00,79.74,79.74,79.52,79.63,1856.482092
2026-04-05 07:35:00,79.63,79.63,79.56,79.58,383.339602
2026-04-05 07:40:00,79.59,79.65,79.57,79.59,1299.259089
2026-04-05 07:45:00,79.58,79.65,79.55,79.57,627.110196
2026-04-05 07:50:00,79.56,79.62,79.55,79.62,266.238226
2026-04-05 07:55:00,79.63,79.65,79.57,79.6,485.978973
2026-04-05 08:00:00,79.6,79.63,79.56,79.6,1079.025883
2026-04-05 08:05:00,79.6,79.65,79.58,79.62,1100.034856
2026-04-05 08:10:00,79.63,79.67,79.6,79.63,318.707898
2026-04-05 08:15:00,79.62,79.69,79.61,79.67,603.588894
2026-04-05 08:20:00,79.67,79.7,79.66,79.66,818.14874
2026-04-05 08:25:00,79.66,79.66,79.6,79.63,442.953659
2026-04-05 08:30:00,79.63,79.71,79.63,79.69,881.904608
2026-04-05 08:35:00,79.69,79.7,79.66,79.69,566.119342
2026-04-05 08:40:00,79.69,79.73,79.63,79.66,585.687136
2026-04-05 08:45:00,79.66,79.69,79.66,79.66,407.678155
2026-04-05 08:50:00,79.66,79.66,79.55,79.57,749.984331
2026-04-05 08:55:00,79.57,79.67,79.57,79.63,952.276841
2026-04-05 09:00:00,79.63,79.8,79.63,79.8,811.487852
2026-04-05 09:05:00,79.81,79.83,79.72,79.76,505.207226
2026-04-05 09:10:00,79.76,79.76,79.69,79.7,425.841752
2026-04-05 09:15:00,79.7,79.74,79.66,79.74,446.943194
2026-04-05 09:20:00,79.73,79.84,79.73,79.84,353.478457
2026-04-05 09:25:00,79.85,79.88,79.82,79.85,1002.351047
2026-04-05 09:30:00,79.86,79.86,79.77,79.78,258.803551
2026-04-05 09:35:00,79.79,79.79,79.72,79.77,1484.881325
2026-04-05 09:40:00,79.77,79.88,79.77,79.85,1327.80261
2026-04-05 09:45:00,79.85,79.87,79.82,79.87,1177.80503
2026-04-05 09:50:00,79.87,79.87,79.85,79.86,265.730366
2026-04-05 09:55:00,79.86,79.87,79.83,79.85,410.969339
2026-04-05 10:00:00,79.84,79.92,79.8,79.88,709.95941
2026-04-05 10:05:00,79.89,79.92,79.86,79.86,361.098202
2026-04-05 10:10:00,79.87,79.93,79.83,79.84,1213.906768
2026-04-05 10:15:00,79.84,79.87,79.83,79.87,768.021157
2026-04-05 10:20:00,79.87,79.92,79.87,79.9,262.188209
2026-04-05 10:25:00,79.91,79.94,79.9,79.93,87.503296
2026-04-05 10:30:00,79.93,79.93,79.83,79.88,539.969028
2026-04-05 10:35:00,79.91,80.27,79.91,80.08,5070.302507
2026-04-05 10:40:00,80.09,80.11,80.0,80.02,1268.543635
2026-04-05 10:45:00,80.03,80.03,79.88,79.88,1213.981163
2026-04-05 10:50:00,79.87,79.9,79.83,79.88,564.027476
2026-04-05 10:55:00,79.87,79.88,79.85,79.85,192.361209
2026-04-05 11:00:00,79.86,79.9,79.81,79.85,384.715403
2026-04-05 11:05:00,79.85,79.91,79.85,79.88,326.163879
2026-04-05 11:10:00,79.89,79.91,79.87,79.87,1198.679217
2026-04-05 11:15:00,79.87,79.92,79.84,79.84,1477.761506
2026-04-05 11:20:00,79.84,79.88,79.83,79.86,420.41107
2026-04-05 11:25:00,79.86,79.87,79.78,79.82,508.834859
2026-04-05 11:30:00,79.83,79.86,79.78,79.83,476.534247
2026-04-05 11:35:00,79.83,79.85,79.78,79.84,681.510915
2026-04-05 11:40:00,79.85,79.86,79.84,79.86,415.48963
2026-04-05 11:45:00,79.86,79.86,79.83,79.86,490.476882
2026-04-05 11:50:00,79.86,79.93,79.86,79.88,1711.644532
2026-04-05 11:55:00,79.92,79.93,79.9,79.92,219.484656
2026-04-05 12:00:00,79.92,79.96,79.76,79.76,649.946715
2026-04-05 12:05:00,79.77,79.86,79.77,79.83,1147.582683
2026-04-05 12:10:00,79.82,79.83,79.67,79.68,1275.981941
2026-04-05 12:15:00,79.69,79.74,79.66,79.7,670.715552
2026-04-05 12:20:00,79.7,79.7,79.64,79.67,759.569517
2026-04-05 12:25:00,79.66,79.67,79.56,79.58,1060.389325
2026-04-05 12:30:00,79.58,79.58,79.12,79.17,22837.272399
2026-04-05 12:35:00,79.17,79.24,78.92,79.11,9605.495132
2026-04-05 12:40:00,79.11,79.17,78.95,78.99,3632.780916
2026-04-05 12:45:00,78.99,78.99,78.8,78.85,3605.02549
2026-04-05 12:50:00,78.85,79.01,78.84,79.0,2683.126543
2026-04-05 12:55:00,79.0,79.04,78.97,79.03,2656.727644
2026-04-05 13:00:00,79.03,79.15,79.0,79.14,1546.795334
2026-04-05 13:05:00,79.14,79.17,79.07,79.13,2234.534967
2026-04-05 13:10:00,79.14,79.14,78.9,78.91,9946.22395
2026-04-05 13:15:00,78.9,78.95,78.84,78.94,2380.423401
2026-04-05 13:20:00,78.94,78.99,78.91,78.91,1193.933145
2026-04-05 13:25:00,78.9,78.92,78.57,78.58,3358.566362
2026-04-05 13:30:00,78.58,78.88,78.51,78.82,6968.425522
2026-04-05 13:35:00,78.82,78.89,78.77,78.87,872.130239
2026-04-05 13:40:00,78.89,78.9,78.81,78.87,1260.366613
2026-04-05 13:45:00,78.87,78.98,78.87,78.94,1776.263348
2026-04-05 13:50:00,78.94,79.04,78.85,78.85,3223.899944
2026-04-05 13:55:00,78.84,79.25,78.84,79.2,7276.761126
2026-04-05 14:00:00,79.21,79.44,79.14,79.37,1762.843798
2026-04-05 14:05:00,79.37,79.39,79.31,79.33,1450.456872
2026-04-05 14:10:00,79.33,79.33,79.19,79.21,701.993975
2026-04-05 14:15:00,79.21,79.27,79.15,79.24,1325.353973
2026-04-05 14:20:00,79.23,79.32,79.2,79.31,1725.416815
2026-04-05 14:25:00,79.3,79.39,79.3,79.33,548.794582
2026-04-05 14:30:00,79.34,79.38,79.27,79.33,792.702601
2026-04-05 14:35:00,79.33,79.41,79.29,79.36,1034.832107
2026-04-05 14:40:00,79.36,79.48,79.35,79.41,382.252582
2026-04-05 14:45:00,79.4,79.41,79.32,79.32,619.373281
2026-04-05 14:50:00,79.33,79.36,79.32,79.32,177.44398
2026-04-05 14:55:00,79.31,79.31,79.28,79.29,258.584836
2026-04-05 15:00:00,79.3,79.3,79.2,79.2,857.478336
2026-04-05 15:05:00,79.19,79.19,79.0,79.15,1171.354487
2026-04-05 15:10:00,79.16,79.25,79.16,79.19,399.381061
2026-04-05 15:15:00,79.2,79.3,79.18,79.26,587.606106
2026-04-05 15:20:00,79.26,79.3,79.2,79.24,1946.745138
2026-04-05 15:25:00,79.24,80.12,79.21,79.98,15746.501281
2026-04-05 15:30:00,79.99,80.33,79.86,79.86,12444.109341
2026-04-05 15:35:00,79.86,79.94,79.79,79.8,2724.382301
2026-04-05 15:40:00,79.81,79.87,79.69,79.87,2508.7229
2026-04-05 15:45:00,79.88,79.88,79.73,79.78,947.705409
2026-04-05 15:50:00,79.78,79.84,79.76,79.78,1110.138212
2026-04-05 15:55:00,79.76,79.78,79.47,79.6,6452.095079
2026-04-05 16:00:00,79.6,79.79,79.56,79.75,4659.899085
2026-04-05 16:05:00,79.76,79.77,79.54,79.62,1652.065789
2026-04-05 16:10:00,79.63,79.66,79.57,79.57,1016.769065
2026-04-05 16:15:00,79.57,79.7,79.5,79.7,2209.550026
2026-04-05 16:20:00,79.7,79.72,79.68,79.71,107.367705
2026-04-05 16:25:00,79.7,79.71,79.6,79.61,364.041906
2026-04-05 16:30:00,79.6,79.82,79.58,79.74,899.761434
2026-04-05 16:35:00,79.73,79.75,79.62,79.63,591.993109
2026-04-05 16:40:00,79.62,79.64,79.51,79.63,1393.793626
2026-04-05 16:45:00,79.63,79.63,79.51,79.53,628.912971
2026-04-05 16:50:00,79.52,79.55,79.39,79.41,1988.670868
2026-04-05 16:55:00,79.42,79.47,79.41,79.47,571.896685
2026-04-05 17:00:00,79.47,79.52,79.39,79.46,538.820358
2026-04-05 17:05:00,79.46,79.69,79.45,79.68,7105.545948
2026-04-05 17:10:00,79.68,79.71,79.62,79.64,838.337359
2026-04-05 17:15:00,79.64,79.64,79.52,79.54,495.727045
2026-04-05 17:20:00,79.52,79.52,79.45,79.51,507.310603
2026-04-05 17:25:00,79.51,79.63,79.51,79.62,975.707383
2026-04-05 17:30:00,79.63,79.65,79.61,79.62,603.249205
2026-04-05 17:35:00,79.63,79.73,79.62,79.72,368.41715
2026-04-05 17:40:00,79.71,79.85,79.71,79.84,347.090434
2026-04-05 17:45:00,79.84,79.91,79.77,79.86,781.400815
2026-04-05 17:50:00,79.86,79.92,79.82,79.87,1395.140542
2026-04-05 17:55:00,79.88,79.93,79.88,79.89,281.882024
2026-04-05 18:00:00,79.89,79.9,79.73,79.8,498.175317
2026-04-05 18:05:00,79.81,79.84,79.76,79.78,520.811928
2026-04-05 18:10:00,79.79,79.82,79.71,79.77,709.121765
2026-04-05 18:15:00,79.78,79.82,79.72,79.72,283.551818
2026-04-05 18:20:00,79.74,79.81,79.72,79.8,669.508808
2026-04-05 18:25:00,79.81,79.82,79.76,79.78,804.952118
2026-04-05 18:30:00,79.76,80.08,79.76,79.98,2971.626813
2026-04-05 18:35:00,79.97,80.11,79.96,80.08,649.20386
2026-04-05 18:40:00,80.07,80.12,80.0,80.05,2158.63287
2026-04-05 18:45:00,80.04,80.07,79.98,80.04,887.787287
2026-04-05 18:50:00,80.04,80.04,79.94,79.96,118.307817
2026-04-05 18:55:00,79.96,79.96,79.9,79.96,307.393315
2026-04-05 19:00:00,79.97,79.97,79.91,79.91,191.823608
2026-04-05 19:05:00,79.92,80.01,79.92,79.99,282.267147
2026-04-05 19:10:00,80.0,80.04,79.94,79.95,472.59674
2026-04-05 19:15:00,79.96,80.2,79.94,80.2,1219.148552
2026-04-05 19:20:00,80.21,80.22,80.13,80.17,999.896477
2026-04-05 19:25:00,80.19,80.22,80.02,80.06,1630.208815
2026-04-05 19:30:00,80.08,80.08,79.97,79.98,284.176854
2026-04-05 19:35:00,79.99,79.99,79.73,79.73,646.428853
2026-04-05 19:40:00,79.73,79.76,79.64,79.69,1520.960091
2026-04-05 19:45:00,79.7,79.7,79.54,79.54,631.574311
2026-04-05 19:50:00,79.55,79.71,79.55,79.71,790.943856
2026-04-05 19:55:00,79.71,79.84,79.7,79.82,522.219794
2026-04-05 20:00:00,79.82,79.91,79.82,79.82,211.304561
2026-04-05 20:05:00,79.83,79.92,79.8,79.84,163.649192
2026-04-05 20:10:00,79.84,79.91,79.82,79.89,182.058253
2026-04-05 20:15:00,79.89,79.9,79.87,79.87,390.669015
2026-04-05 20:20:00,79.87,79.99,79.87,79.96,333.404784
2026-04-05 20:25:00,79.96,79.98,79.87,79.87,252.344944
2026-04-05 20:30:00,79.88,79.91,79.86,79.91,163.167966
2026-04-05 20:35:00,79.91,80.17,79.86,80.13,5482.926356
2026-04-05 20:40:00,80.14,80.15,79.96,79.97,778.7262
2026-04-05 20:45:00,79.97,80.21,79.96,80.21,3782.638066
2026-04-05 20:50:00,80.2,80.21,80.11,80.16,731.727034
2026-04-05 20:55:00,80.17,80.18,80.12,80.18,240.284585
2026-04-05 21:00:00,80.17,80.2,80.02,80.09,1179.091707
2026-04-05 21:05:00,80.09,80.09,80.01,80.04,613.417192
2026-04-05 21:10:00,80.05,80.05,79.68,79.79,6546.094465
2026-04-05 21:15:00,79.79,79.82,79.74,79.78,1366.916631
2026-04-05 21:20:00,79.78,79.85,79.75,79.78,767.395827
2026-04-05 21:25:00,79.77,79.77,79.55,79.63,3121.208768
2026-04-05 21:30:00,79.62,79.67,79.61,79.64,498.126821
2026-04-05 21:35:00,79.64,79.66,79.59,79.63,809.77653
2026-04-05 21:40:00,79.64,79.71,79.5,79.61,2004.595424
2026-04-05 21:45:00,79.63,79.78,79.61,79.77,805.423217
2026-04-05 21:50:00,79.78,79.9,79.77,79.87,274.687749
2026-04-05 21:55:00,79.89,79.9,79.69,79.74,442.131576
2026-04-05 22:00:00,79.74,79.93,79.63,79.87,1620.142542
2026-04-05 22:05:00,79.87,79.93,79.72,79.77,1910.042347
2026-04-05 22:10:00,79.78,79.78,79.31,79.49,3607.695
2026-04-05 22:15:00,79.49,79.57,79.37,79.39,3314.132279
2026-04-05 22:20:00,79.4,79.41,79.14,79.24,4838.088464
2026-04-05 22:25:00,79.24,79.55,79.1,79.46,3990.583029
2026-04-05 22:30:00,79.47,79.76,79.47,79.56,3581.205311
2026-04-05 22:35:00,79.56,79.8,79.5,79.8,1066.418168
2026-04-05 22:40:00,79.8,80.27,79.75,80.2,4313.769815
2026-04-05 22:45:00,80.19,80.58,80.19,80.39,5510.12681
2026-04-05 22:50:00,80.4,80.54,80.25,80.27,1287.18502
2026-04-05 22:55:00,80.27,80.68,80.25,80.58,4500.381584
2026-04-05 23:00:00,80.57,80.72,80.46,80.52,2353.969957
2026-04-05 23:05:00,80.52,80.99,80.52,80.77,3885.475902
2026-04-05 23:10:00,80.77,81.13,80.73,81.12,5780.315425
2026-04-05 23:15:00,81.11,81.88,81.11,81.73,19553.193137
2026-04-05 23:20:00,81.73,81.92,81.49,81.59,6810.736168
2026-04-05 23:25:00,81.58,81.77,81.54,81.61,2794.317108
2026-04-05 23:30:00,81.6,82.05,81.59,81.95,8714.519242
2026-04-05 23:35:00,81.96,82.12,81.77,81.79,5830.918537
2026-04-05 23:40:00,81.8,81.84,81.57,81.66,4096.634548
2026-04-05 23:45:00,81.67,81.89,81.67,81.79,2440.864488
2026-04-05 23:50:00,81.78,81.99,81.76,81.86,3745.87917
2026-04-05 23:55:00,81.86,81.94,81.82,81.89,2295.785064
2026-04-06 00:00:00,81.89,82.76,81.89,82.3,19047.200427
2026-04-06 00:05:00,82.31,82.59,82.27,82.29,4700.950371
2026-04-06 00:10:00,82.28,82.31,82.1,82.26,2099.803189
2026-04-06 00:15:00,82.29,82.55,82.27,82.28,5064.469774
2026-04-06 00:20:00,82.26,82.41,81.97,82.39,8751.121509
2026-04-06 00:25:00,82.38,82.57,82.3,82.48,6105.92799
2026-04-06 00:30:00,82.48,82.92,82.46,82.48,7955.104199
2026-04-06 00:35:00,82.49,82.73,82.43,82.66,4103.165036
2026-04-06 00:40:00,82.67,82.97,82.66,82.76,4824.968838
2026-04-06 00:45:00,82.77,82.81,82.53,82.55,2381.115517
2026-04-06 00:50:00,82.54,82.57,82.36,82.36,3491.135939
2026-04-06 00:55:00,82.37,82.48,82.33,82.33,3158.152777
2026-04-06 01:00:00,82.35,82.42,82.09,82.13,5594.197593
2026-04-06 01:05:00,82.14,82.24,82.07,82.14,2995.359561
2026-04-06 01:10:00,82.16,82.23,81.97,81.97,2745.17964
2026-04-06 01:15:00,81.96,82.0,81.85,81.9,2897.254294
2026-04-06 01:20:00,81.91,81.92,81.71,81.81,4300.960351
2026-04-06 01:25:00,81.81,81.97,81.81,81.93,4555.927929
2026-04-06 01:30:00,81.94,81.98,81.79,81.86,2061.457894
2026-04-06 01:35:00,81.86,81.98,81.8,81.9,803.163416
2026-04-06 01:40:00,81.9,81.9,81.75,81.77,1949.19635
2026-04-06 01:45:00,81.79,81.94,81.78,81.84,2851.743809
2026-04-06 01:50:00,81.87,82.01,81.82,81.82,2265.258131
2026-04-06 01:55:00,81.82,81.93,81.68,81.7,5590.488305
2026-04-06 02:00:00,81.69,81.88,81.67,81.88,1286.706847
2026-04-06 02:05:00,81.88,82.02,81.79,81.99,1733.206756
2026-04-06 02:10:00,81.97,82.8,81.94,82.47,7565.629368
2026-04-06 02:15:00,82.47,82.63,82.39,82.54,3079.142979
2026-04-06 02:20:00,82.54,82.66,82.34,82.35,1507.235689
2026-04-06 02:25:00,82.35,82.54,82.25,82.51,3173.075526
2026-04-06 02:30:00,82.52,82.76,82.52,82.65,3242.805568
2026-04-06 02:35:00,82.66,82.68,82.48,82.6,1249.587285
2026-04-06 02:40:00,82.6,82.6,82.44,82.49,1263.684473
2026-04-06 02:45:00,82.5,82.61,82.49,82.51,1294.380571
2026-04-06 02:50:00,82.51,82.56,82.43,82.45,1013.766529
2026-04-06 02:55:00,82.44,82.51,82.41,82.41,1939.868601
2026-04-06 03:00:00,82.41,82.47,82.31,82.33,2783.66197
2026-04-06 03:05:00,82.34,82.37,82.19,82.26,16434.838727
2026-04-06 03:10:00,82.26,82.4,82.13,82.14,2165.517151
2026-04-06 03:15:00,82.15,82.21,82.0,82.03,5157.836843
2026-04-06 03:20:00,81.99,82.17,81.95,82.09,5006.913685
2026-04-06 03:25:00,82.1,82.11,82.03,82.06,2885.151118
2026-04-06 03:30:00,82.06,82.11,82.01,82.08,2795.952042
2026-04-06 03:35:00,82.08,82.18,82.05,82.09,1366.485549
2026-04-06 03:40:00,82.1,82.1,81.95,82.02,4160.777926
2026-04-06 03:45:00,82.01,82.07,81.95,82.04,1922.91216
2026-04-06 03:50:00,82.03,82.09,81.96,82.01,774.394097
2026-04-06 03:55:00,82.01,82.1,81.99,82.09,1269.433232
2026-04-06 04:00:00,82.1,82.38,82.1,82.32,6789.28489
2026-04-06 04:05:00,82.33,82.33,82.01,82.07,1244.349633
2026-04-06 04:10:00,82.05,82.07,81.96,82.04,2102.930176
2026-04-06 04:15:00,82.04,82.04,81.87,81.87,1891.366417
2026-04-06 04:20:00,81.88,81.9,81.8,81.83,4381.818683
2026-04-06 04:25:00,81.83,81.86,81.8,81.86,4023.442291
2026-04-06 04:30:00,81.86,81.91,81.83,81.88,1963.175591
2026-04-06 04:35:00,81.89,82.2,81.89,82.18,4713.893087
2026-04-06 04:40:00,82.18,82.2,82.12,82.14,1041.168727
2026-04-06 04:45:00,82.13,82.18,82.04,82.04,1365.595776
2026-04-06 04:50:00,82.05,82.08,81.98,82.08,1397.161976
2026-04-06 04:55:00,82.08,82.09,81.97,82.0,1251.794043
2026-04-06 05:00:00,82.0,82.03,81.85,81.96,1758.744195
2026-04-06 05:05:00,81.95,81.97,81.9,81.96,1073.040268
2026-04-06 05:10:00,81.96,81.99,81.9,81.95,1049.912258
2026-04-06 05:15:00,81.96,82.07,81.95,82.02,1627.066103
2026-04-06 05:20:00,82.03,82.07,81.98,81.98,1105.754016
2026-04-06 05:25:00,81.97,81.98,81.84,81.93,871.166368
2026-04-06 05:30:00,81.93,81.98,81.89,81.95,779.020254
2026-04-06 05:35:00,81.96,81.96,81.89,81.93,533.343397
2026-04-06 05:40:00,81.93,81.95,81.86,81.94,2677.957127
2026-04-06 05:45:00,81.94,81.99,81.85,81.85,735.428333
2026-04-06 05:50:00,81.86,81.96,81.86,81.93,994.0504
2026-04-06 05:55:00,81.93,81.95,81.89,81.9,756.566577
2026-04-06 06:00:00,81.89,81.93,81.73,81.79,2445.544893
2026-04-06 06:05:00,81.79,82.05,81.79,81.95,1702.465128
2026-04-06 06:10:00,81.95,82.12,81.95,82.04,3822.481996
2026-04-06 06:15:00,82.02,82.02,81.85,81.85,627.555753
2026-04-06 06:20:00,81.87,81.87,81.43,81.5,4450.085924
2026-04-06 06:25:00,81.51,81.53,81.27,81.33,2798.655883
2026-04-06 06:30:00,81.33,81.34,81.1,81.17,3760.861881
2026-04-06 06:35:00,81.2,81.25,81.13,81.13,1747.073942
2026-04-06 06:40:00,81.15,81.41,80.96,81.31,10176.485901
2026-04-06 06:45:00,81.31,81.38,81.3,81.37,1441.609196
2026-04-06 06:50:00,81.38,81.61,81.36,81.5,9221.814295
2026-04-06 06:55:00,81.5,81.55,81.44,81.5,1572.746601
2026-04-06 07:00:00,81.52,81.52,81.34,81.35,1414.579396
2026-04-06 07:05:00,81.36,81.45,81.33,81.38,4789.068747
2026-04-06 07:10:00,81.39,81.54,81.38,81.5,1672.081427
2026-04-06 07:15:00,81.5,81.71,81.5,81.64,710.268253
2026-04-06 07:20:00,81.64,81.9,81.63,81.9,2483.148277
2026-04-06 07:25:00,81.9,81.96,81.69,81.71,7182.794408
2026-04-06 07:30:00,81.69,81.7,81.52,81.6,743.349013
2026-04-06 07:35:00,81.6,81.74,81.5,81.51,1566.890665
2026-04-06 07:40:00,81.51,81.57,81.46,81.56,1319.068989
2026-04-06 07:45:00,81.58,81.74,81.37,81.72,14826.190235
2026-04-06 07:50:00,81.72,81.97,81.72,81.9,2655.914174
2026-04-06 07:55:00,81.89,81.9,81.74,81.81,1386.939179
2026-04-06 08:00:00,81.82,81.87,81.8,81.81,672.738415
2026-04-06 08:05:00,81.8,81.88,81.71,81.88,1380.100148
2026-04-06 08:10:00,81.87,81.9,81.83,81.84,2585.452455
2026-04-06 08:15:00,81.84,81.96,81.7,81.88,9312.973293
2026-04-06 08:20:00,81.88,81.99,81.84,81.97,1034.379109
2026-04-06 08:25:00,81.97,82.02,81.89,81.92,895.173649
2026-04-06 08:30:00,81.9,82.02,81.88,81.97,743.303389
2026-04-06 08:35:00,81.98,82.26,81.96,82.06,7344.216347
2026-04-06 08:40:00,82.07,82.16,82.07,82.14,1679.321299
2026-04-06 08:45:00,82.13,82.2,81.92,82.0,6745.190435
2026-04-06 08:50:00,82.0,82.01,81.92,81.99,1059.921104
2026-04-06 08:55:00,82.0,82.06,81.97,82.0,559.397117
2026-04-06 09:00:00,81.99,82.15,81.88,82.13,17408.057498
2026-04-06 09:05:00,82.13,82.16,82.06,82.16,1344.717792
2026-04-06 09:10:00,82.17,82.65,82.17,82.44,5526.226176
2026-04-06 09:15:00,82.43,82.89,82.42,82.79,11831.551409
2026-04-06 09:20:00,82.79,83.2,82.71,82.81,16255.317838
2026-04-06 09:25:00,82.81,82.81,82.52,82.63,5277.175173
2026-04-06 09:30:00,82.63,82.77,82.55,82.61,1907.17369
2026-04-06 09:35:00,82.62,82.7,82.51,82.53,2791.838211
2026-04-06 09:40:00,82.53,82.65,82.41,82.52,4129.585093
2026-04-06 09:45:00,82.53,82.57,82.39,82.48,2398.889893
2026-04-06 09:50:00,82.48,82.55,82.36,82.46,2751.763934
2026-04-06 09:55:00,82.46,82.52,82.43,82.45,1077.30389
2026-04-06 10:00:00,82.46,82.65,82.46,82.64,734.785628
2026-04-06 10:05:00,82.63,82.74,82.62,82.65,2992.780048
2026-04-06 10:10:00,82.66,82.68,82.56,82.62,1055.766661
2026-04-06 10:15:00,82.61,82.64,82.56,82.61,635.425351
2026-04-06 10:20:00,82.6,82.65,82.58,82.63,513.851851
2026-04-06 10:25:00,82.62,82.66,82.52,82.65,2036.313474
2026-04-06 10:30:00,82.65,82.75,82.64,82.75,1071.068186
2026-04-06 10:35:00,82.76,82.89,82.71,82.85,7321.347227
2026-04-06 10:40:00,82.85,82.87,82.76,82.77,1257.157144
2026-04-06 10:45:00,82.78,82.8,82.49,82.65,10116.468825
2026-04-06 10:50:00,82.64,82.67,82.54,82.56,3850.276262
2026-04-06 10:55:00,82.55,82.69,82.48,82.68,3178.596002
2026-04-06 11:00:00,82.67,82.67,82.5,82.55,2397.353028
2026-04-06 11:05:00,82.53,82.55,82.45,82.53,3035.839955
2026-04-06 11:10:00,82.54,82.54,82.37,82.41,4718.251885
2026-04-06 11:15:00,82.41,82.52,82.41,82.48,1579.216093
2026-04-06 11:20:00,82.49,82.54,82.41,82.51,708.584139
2026-04-06 11:25:00,82.5,82.53,82.46,82.48,760.573078
2026-04-06 11:30:00,82.49,82.51,82.4,82.48,1553.665449
2026-04-06 11:35:00,82.47,82.5,82.41,82.44,2162.827662
2026-04-06 11:40:00,82.44,82.45,82.4,82.44,612.624087
2026-04-06 11:45:00,82.44,82.47,82.37,82.41,622.742226
2026-04-06 11:50:00,82.42,82.49,82.41,82.45,516.88085
2026-04-06 11:55:00,82.45,82.45,82.32,82.43,2040.65334
2026-04-06 12:00:00,82.44,82.46,82.41,82.41,1235.11785
2026-04-06 12:05:00,82.4,82.45,82.27,82.28,1617.783274
2026-04-06 12:10:00,82.28,82.34,82.17,82.28,2328.130196
2026-04-06 12:15:00,82.28,82.34,82.19,82.3,2281.209957
2026-04-06 12:20:00,82.32,82.36,82.25,82.34,1474.097289
2026-04-06 12:25:00,82.34,82.45,82.33,82.38,1339.463815
2026-04-06 12:30:00,82.39,82.44,82.3,82.43,2142.364926
2026-04-06 12:35:00,82.43,82.51,82.38,82.49,719.811364
2026-04-06 12:40:00,82.51,82.52,82.42,82.43,581.102177
2026-04-06 12:45:00,82.43,82.49,82.28,82.28,729.466296
2026-04-06 12:50:00,82.28,82.36,82.24,82.3,1085.270486
2026-04-06 12:55:00,82.3,82.34,82.21,82.29,1526.058403
2026-04-06 13:00:00,82.29,82.39,82.25,82.34,852.271176
2026-04-06 13:05:00,82.36,82.37,82.23,82.28,342.47139
2026-04-06 13:10:00,82.29,82.32,82.26,82.27,931.051241
2026-04-06 13:15:00,82.26,82.26,82.16,82.23,1912.042489
2026-04-06 13:20:00,82.25,82.39,82.25,82.38,1301.167415
2026-04-06 13:25:00,82.39,82.52,82.39,82.45,1468.852627
2026-04-06 13:30:00,82.47,82.66,82.42,82.58,2799.788413
2026-04-06 13:35:00,82.59,82.64,82.24,82.34,1444.687486
2026-04-06 13:40:00,82.34,82.45,82.26,82.36,920.029168
2026-04-06 13:45:00,82.34,82.47,82.29,82.4,1232.572975
2026-04-06 13:50:00,82.4,82.59,82.39,82.43,2141.263614
2026-04-06 13:55:00,82.43,82.47,82.3,82.47,2557.302423
2026-04-06 14:00:00,82.46,82.8,82.2,82.24,5418.645528
2026-04-06 14:05:00,82.27,82.42,82.26,82.41,1376.98328
2026-04-06 14:10:00,82.41,82.47,82.28,82.42,6085.249418
2026-04-06 14:15:00,82.43,82.57,82.41,82.5,1169.997722
2026-04-06 14:20:00,82.52,82.75,82.41,82.46,4969.861444
2026-04-06 14:25:00,82.45,82.48,82.35,82.38,600.945046
2026-04-06 14:30:00,82.36,82.55,82.34,82.39,2070.905427
2026-04-06 14:35:00,82.4,82.54,81.74,81.79,11026.920755
2026-04-06 14:40:00,81.78,82.05,81.77,81.96,3552.721168
2026-04-06 14:45:00,81.96,81.96,81.8,81.86,1571.182069
2026-04-06 14:50:00,81.87,82.23,81.87,82.21,2381.39007
2026-04-06 14:55:00,82.21,82.3,82.12,82.24,1629.001328
2026-04-06 15:00:00,82.24,82.31,82.09,82.22,1284.193752
2026-04-06 15:05:00,82.2,82.23,82.05,82.19,1819.607553
2026-04-06 15:10:00,82.19,82.31,82.04,82.18,1397.301436
2026-04-06 15:15:00,82.18,82.25,82.1,82.11,2377.716338
2026-04-06 15:20:00,82.12,82.16,82.01,82.1,767.544216
2026-04-06 15:25:00,82.1,82.18,82.02,82.17,821.390765
2026-04-06 15:30:00,82.17,82.29,82.03,82.11,5854.70186
2026-04-06 15:35:00,82.1,82.15,82.01,82.14,378.426247
2026-04-06 15:40:00,82.13,82.17,82.04,82.14,543.629231
2026-04-06 15:45:00,82.14,82.35,82.1,82.31,4885.51462
2026-04-06 15:50:00,82.28,82.45,82.26,82.31,775.660461
2026-04-06 15:55:00,82.31,82.31,82.18,82.28,3704.691849
2026-04-06 16:00:00,82.28,82.3,82.13,82.14,1079.131751
2026-04-06 16:05:00,82.14,82.14,82.0,82.05,2051.260195
2026-04-06 16:10:00,82.04,82.22,82.01,82.19,4500.610059
2026-04-06 16:15:00,82.2,82.21,81.98,82.07,2412.163908
2026-04-06 16:20:00,82.08,82.13,82.05,82.11,2033.089627
2026-04-06 16:25:00,82.11,82.11,82.0,82.01,721.190024
2026-04-06 16:30:00,82.0,82.03,81.93,82.03,1664.363308
2026-04-06 16:35:00,82.04,82.12,82.01,82.03,1564.047102
2026-04-06 16:40:00,82.04,82.15,82.04,82.15,776.148938
2026-04-06 16:45:00,82.16,82.46,82.1,82.32,2473.862642
2026-04-06 16:50:00,82.33,82.37,82.0,82.01,1479.265675
2026-04-06 16:55:00,82.01,82.01,81.57,81.6,6364.124377
2026-04-06 17:00:00,81.61,81.62,81.31,81.54,6899.486341
2026-04-06 17:05:00,81.53,81.74,81.49,81.7,3175.844662
2026-04-06 17:10:00,81.68,81.71,81.19,81.3,4401.022692
2026-04-06 17:15:00,81.29,81.46,81.2,81.38,2363.082447
2026-04-06 17:20:00,81.38,81.57,81.29,81.56,1913.092344
2026-04-06 17:25:00,81.56,81.64,81.56,81.61,1062.539817
2026-04-06 17:30:00,81.6,81.78,81.58,81.64,1140.015022
2026-04-06 17:35:00,81.62,81.71,81.55,81.59,633.680744
2026-04-06 17:40:00,81.59,81.6,81.51,81.54,277.439801
2026-04-06 17:45:00,81.56,81.61,81.48,81.61,243.809318
2026-04-06 17:50:00,81.62,81.68,81.6,81.63,1195.442831
2026-04-06 17:55:00,81.64,81.7,81.62,81.65,1200.668401
2026-04-06 18:00:00,81.65,81.65,81.56,81.57,318.975978
2026-04-06 18:05:00,81.57,81.65,81.56,81.65,304.105092
2026-04-06 18:10:00,81.67,82.05,81.67,81.99,3014.730028
2026-04-06 18:15:00,81.97,82.12,81.96,82.11,1392.2853
2026-04-06 18:20:00,82.11,82.21,82.05,82.08,1476.106855
2026-04-06 18:25:00,82.07,82.19,81.96,82.12,2166.553775
2026-04-06 18:30:00,82.12,82.21,82.05,82.05,1488.071913
2026-04-06 18:35:00,82.05,82.08,81.97,81.97,741.212776
2026-04-06 18:40:00,81.96,81.97,81.79,81.81,2020.258128
2026-04-06 18:45:00,81.8,81.92,81.8,81.91,1417.66202
2026-04-06 18:50:00,81.92,81.98,81.86,81.96,123.63575
2026-04-06 18:55:00,81.96,81.96,81.87,81.89,200.059219
2026-04-06 19:00:00,81.88,81.89,81.72,81.77,919.057325
2026-04-06 19:05:00,81.76,81.76,81.6,81.68,288.670117
2026-04-06 19:10:00,81.67,81.71,81.56,81.69,2089.861609
2026-04-06 19:15:00,81.69,81.73,81.62,81.65,181.330413
2026-04-06 19:20:00,81.65,81.77,81.65,81.67,237.749507
2026-04-06 19:25:00,81.68,81.74,81.68,81.72,278.326696
2026-04-06 19:30:00,81.71,81.78,81.69,81.7,146.359439
2026-04-06 19:35:00,81.72,81.75,81.65,81.72,406.051812
2026-04-06 19:40:00,81.72,81.76,81.61,81.74,979.981391
2026-04-06 19:45:00,81.74,81.75,81.67,81.71,1513.861288
2026-04-06 19:50:00,81.72,81.76,81.69,81.75,497.839644
2026-04-06 19:55:00,81.74,81.96,81.67,81.89,3343.152489
2026-04-06 20:00:00,81.91,82.0,81.81,82.0,1127.554681
2026-04-06 20:05:00,81.99,82.1,81.96,81.99,1756.701543
2026-04-06 20:10:00,82.0,82.04,81.95,82.04,861.680061
2026-04-06 20:15:00,82.04,82.12,81.99,82.09,436.437745
2026-04-06 20:20:00,82.1,82.12,81.97,82.01,757.340087
2026-04-06 20:25:00,82.0,82.14,82.0,82.07,1740.001988
2026-04-06 20:30:00,82.08,82.12,82.06,82.09,392.837637
2026-04-06 20:35:00,82.1,82.14,82.06,82.09,1249.305546
2026-04-06 20:40:00,82.09,82.12,82.06,82.08,504.953359
2026-04-06 20:45:00,82.09,82.14,82.06,82.08,310.623375
2026-04-06 20:50:00,82.08,82.08,81.94,82.0,706.900989
2026-04-06 20:55:00,82.01,82.03,81.97,81.99,680.905554
2026-04-06 21:00:00,81.99,81.99,81.86,81.92,2146.315809
2026-04-06 21:05:00,81.93,81.96,81.88,81.88,219.149018
2026-04-06 21:10:00,81.89,81.89,81.78,81.84,2676.463385
2026-04-06 21:15:00,81.84,81.84,81.74,81.78,999.998365
2026-04-06 21:20:00,81.78,81.78,81.71,81.77,1041.628868
2026-04-06 21:25:00,81.76,81.77,81.72,81.75,291.104032
2026-04-06 21:30:00,81.75,81.75,81.68,81.68,327.209499
2026-04-06 21:35:00,81.68,81.69,81.51,81.62,1907.696236
2026-04-06 21:40:00,81.62,81.62,81.43,81.46,2174.087006
2026-04-06 21:45:00,81.47,81.56,81.46,81.56,420.985986
2026-04-06 21:50:00,81.55,81.55,81.4,81.48,460.779267
2026-04-06 21:55:00,81.46,81.5,81.38,81.49,402.576304
2026-04-06 22:00:00,81.46,81.51,81.36,81.43,1537.070884
2026-04-06 22:05:00,81.44,81.51,81.4,81.41,1037.438397
2026-04-06 22:10:00,81.41,81.48,81.39,81.46,749.479512
2026-04-06 22:15:00,81.45,81.46,81.33,81.34,1346.000777
2026-04-06 22:20:00,81.34,81.37,81.11,81.15,2320.912129
2026-04-06 22:25:00,81.15,81.23,81.13,81.19,902.674935
2026-04-06 22:30:00,81.2,81.2,80.89,80.98,6071.278595
2026-04-06 22:35:00,80.96,81.04,80.94,80.99,773.031685
2026-04-06 22:40:00,80.98,81.02,80.8,80.8,5389.985954
2026-04-06 22:45:00,80.79,80.79,80.56,80.65,7526.710921
2026-04-06 22:50:00,80.64,80.65,80.34,80.4,9979.677379
2026-04-06 22:55:00,80.4,80.45,80.17,80.18,3155.649333
2026-04-06 23:00:00,80.18,80.18,79.78,79.95,17824.388008
2026-04-06 23:05:00,79.96,80.06,79.6,80.06,8000.620343
2026-04-06 23:10:00,80.06,80.17,79.92,79.93,2607.642401
2026-04-06 23:15:00,79.92,79.96,79.8,79.91,3293.444486
2026-04-06 23:20:00,79.91,79.95,79.69,79.84,3576.833806
2026-04-06 23:25:00,79.84,79.89,79.77,79.79,1607.298679
2026-04-06 23:30:00,79.78,79.99,79.66,79.73,6745.087368
2026-04-06 23:35:00,79.74,79.97,79.68,79.97,6672.62548
2026-04-06 23:40:00,79.95,80.2,79.95,80.11,14059.728895
2026-04-06 23:45:00,80.1,80.15,79.93,79.98,4326.643496
2026-04-06 23:50:00,79.98,80.2,79.98,80.2,2607.109074
2026-04-06 23:55:00,80.21,80.25,80.02,80.02,4856.798724
2026-04-07 00:00:00,80.01,80.17,79.92,79.95,4166.197431
2026-04-07 00:05:00,79.95,80.23,79.76,79.95,8750.766897
2026-04-07 00:10:00,79.94,80.04,79.84,79.87,6312.682405
2026-04-07 00:15:00,79.88,80.02,79.81,79.82,2904.910031
2026-04-07 00:20:00,79.81,79.94,79.71,79.9,3697.374709
2026-04-07 00:25:00,79.9,79.94,79.78,79.87,1698.751548
2026-04-07 00:30:00,79.89,79.97,79.64,79.67,7063.763254
2026-04-07 00:35:00,79.68,79.71,79.6,79.65,5168.726574
2026-04-07 00:40:00,79.68,79.84,79.66,79.8,1864.602098
2026-04-07 00:45:00,79.8,79.98,79.78,79.98,917.266491
2026-04-07 00:50:00,79.98,80.03,79.94,80.01,1489.68927
2026-04-07 00:55:00,80.0,80.02,79.89,79.9,3396.306104
2026-04-07 01:00:00,79.9,79.91,79.73,79.91,4899.814885
2026-04-07 01:05:00,79.9,79.9,79.69,79.77,2813.817179
2026-04-07 01:10:00,79.78,79.85,79.71,79.75,2699.815952
2026-04-07 01:15:00,79.74,80.03,79.72,80.03,3076.486739
2026-04-07 01:20:00,80.02,80.13,79.9,79.93,1861.723158
2026-04-07 01:25:00,79.94,80.05,79.92,80.04,3592.695708
2026-04-07 01:30:00,80.04,80.12,80.01,80.05,2486.854497
2026-04-07 01:35:00,80.04,80.06,79.81,79.81,1509.315391
2026-04-07 01:40:00,79.84,79.98,79.81,79.96,942.902124
2026-04-07 01:45:00,79.96,79.99,79.78,79.78,2230.883184
2026-04-07 01:50:00,79.77,79.77,79.38,79.59,10539.559379
2026-04-07 01:55:00,79.57,79.64,79.5,79.52,2397.792318
2026-04-07 02:00:00,79.52,79.62,79.49,79.62,1507.255504
2026-04-07 02:05:00,79.62,79.7,79.46,79.68,2392.851461
2026-04-07 02:10:00,79.71,79.74,79.57,79.58,1458.127806
2026-04-07 02:15:00,79.59,79.72,79.56,79.72,1567.966255
2026-04-07 02:20:00,79.73,79.78,79.59,79.77,1677.310688
2026-04-07 02:25:00,79.77,79.77,79.66,79.76,1806.087439
2026-04-07 02:30:00,79.76,79.8,79.61,79.63,3057.384165
2026-04-07 02:35:00,79.67,79.89,79.67,79.82,2116.581718
2026-04-07 02:40:00,79.81,79.82,79.67,79.72,2020.944784
2026-04-07 02:45:00,79.74,79.78,79.68,79.76,1163.354542
2026-04-07 02:50:00,79.78,79.83,79.62,79.7,3205.491336
2026-04-07 02:55:00,79.7,79.76,79.64,79.71,2658.37114
2026-04-07 03:00:00,79.72,79.82,79.7,79.78,1646.399851
2026-04-07 03:05:00,79.78,79.78,79.69,79.74,823.576316
2026-04-07 03:10:00,79.75,79.77,79.72,79.76,580.192332
2026-04-07 03:15:00,79.76,79.84,79.72,79.76,615.824928
2026-04-07 03:20:00,79.75,79.9,79.75,79.86,1714.943947
2026-04-07 03:25:00,79.86,79.89,79.83,79.86,1156.920286
2026-04-07 03:30:00,79.88,79.89,79.83,79.86,924.000187
2026-04-07 03:35:00,79.86,79.87,79.77,79.79,1887.895812
2026-04-07 03:40:00,79.8,79.81,79.76,79.8,661.50893
2026-04-07 03:45:00,79.81,79.81,79.74,79.74,674.044071
2026-04-07 03:50:00,79.74,79.8,79.73,79.79,1763.022176
2026-04-07 03:55:00,79.78,79.8,79.74,79.8,1304.643234
2026-04-07 04:00:00,79.79,79.8,79.71,79.71,804.366855
2026-04-07 04:05:00,79.71,79.81,79.69,79.77,785.403039
2026-04-07 04:10:00,79.78,79.82,79.71,79.76,1139.911729
2026-04-07 04:15:00,79.75,79.8,79.67,79.72,1158.45727
2026-04-07 04:20:00,79.73,79.79,79.69,79.76,604.213278
2026-04-07 04:25:00,79.77,79.8,79.73,79.74,369.666473
2026-04-07 04:30:00,79.74,79.98,79.74,79.94,540.978739
2026-04-07 04:35:00,79.94,79.98,79.86,79.95,969.901329
2026-04-07 04:40:00,79.95,79.98,79.92,79.98,1295.977229
2026-04-07 04:45:00,79.99,80.17,79.94,80.12,2595.560134
2026-04-07 04:50:00,80.11,80.11,79.97,79.99,634.64836
2026-04-07 04:55:00,80.0,80.02,79.91,79.92,1157.56314
2026-04-07 05:00:00,79.93,79.96,79.87,79.87,928.919097
2026-04-07 05:05:00,79.88,79.9,79.82,79.9,424.874489
2026-04-07 05:10:00,79.9,79.92,79.79,79.79,2341.226109
2026-04-07 05:15:00,79.78,79.92,79.65,79.86,6215.723325
2026-04-07 05:20:00,79.85,79.86,79.75,79.78,346.92609
2026-04-07 05:25:00,79.78,79.81,79.68,79.71,412.18197
2026-04-07 05:30:00,79.71,79.76,79.65,79.71,501.547043
2026-04-07 05:35:00,79.71,79.79,79.68,79.77,706.992318
2026-04-07 05:40:00,79.77,79.79,79.5,79.53,4221.886968
2026-04-07 05:45:00,79.53,79.59,79.46,79.57,6396.241756
2026-04-07 05:50:00,79.57,79.65,79.5,79.51,1629.012187
2026-04-07 05:55:00,79.51,79.61,79.46,79.61,2282.15679
2026-04-07 06:00:00,79.6,79.61,79.54,79.55,804.023092
2026-04-07 06:05:00,79.55,79.6,79.45,79.47,1116.249941
2026-04-07 06:10:00,79.45,79.52,79.39,79.39,1070.032388
2026-04-07 06:15:00,79.39,79.41,79.3,79.38,4086.723292
2026-04-07 06:20:00,79.39,79.48,79.33,79.47,2005.064477
2026-04-07 06:25:00,79.47,79.58,79.47,79.58,2494.231211
2026-04-07 06:30:00,79.58,79.58,79.48,79.49,1391.963836
2026-04-07 06:35:00,79.49,79.63,79.48,79.59,2317.940122
2026-04-07 06:40:00,79.58,79.65,79.42,79.53,11251.341382
2026-04-07 06:45:00,79.53,79.57,79.46,79.54,1168.947517
2026-04-07 06:50:00,79.53,79.59,79.52,79.56,537.318836
2026-04-07 06:55:00,79.56,79.58,79.52,79.52,1559.28803
2026-04-07 07:00:00,79.55,79.55,79.45,79.51,387.500681
2026-04-07 07:05:00,79.49,79.57,79.46,79.54,840.950654
2026-04-07 07:10:00,79.55,79.68,79.54,79.67,863.870927
2026-04-07 07:15:00,79.66,79.78,79.65,79.73,3992.638476
2026-04-07 07:20:00,79.72,79.9,79.7,79.89,10400.513192
2026-04-07 07:25:00,79.89,79.95,79.71,79.72,14065.745429
2026-04-07 07:30:00,79.72,79.89,79.69,79.81,1575.224919
2026-04-07 07:35:00,79.81,79.82,79.72,79.75,1234.715229
2026-04-07 07:40:00,79.76,79.84,79.76,79.82,250.442886
2026-04-07 07:45:00,79.82,79.84,79.76,79.82,789.168929
2026-04-07 07:50:00,79.82,79.87,79.79,79.87,665.531919
2026-04-07 07:55:00,79.87,79.91,79.84,79.87,1107.875268
2026-04-07 08:00:00,79.87,80.19,79.81,79.97,5652.518735
2026-04-07 08:05:00,79.98,80.03,79.93,80.02,1336.007153
2026-04-07 08:10:00,80.02,80.19,80.02,80.07,2105.418272
2026-04-07 08:15:00,80.06,80.18,80.0,80.18,1159.28847
2026-04-07 08:20:00,80.18,80.35,80.16,80.35,10635.48844
2026-04-07 08:25:00,80.34,80.35,80.06,80.14,14065.623246
2026-04-07 08:30:00,80.16,80.25,80.08,80.1,1239.213863
2026-04-07 08:35:00,80.08,80.12,80.02,80.11,1710.168245
2026-04-07 08:40:00,80.11,80.17,80.04,80.14,1364.555317
2026-04-07 08:45:00,80.13,80.18,80.04,80.04,1258.893917
2026-04-07 08:50:00,80.03,80.12,80.0,80.12,2596.164233
2026-04-07 08:55:00,80.11,80.23,80.02,80.13,14684.163285
2026-04-07 09:00:00,80.14,80.33,80.14,80.28,2626.272121
2026-04-07 09:05:00,80.28,80.51,80.15,80.49,9197.182758
2026-04-07 09:10:00,80.47,80.57,80.34,80.35,2462.470569
2026-04-07 09:15:00,80.36,80.43,80.32,80.39,3637.752394
2026-04-07 09:20:00,80.4,80.4,80.27,80.32,1138.97728
2026-04-07 09:25:00,80.31,80.33,80.19,80.3,2481.572451
2026-04-07 09:30:00,80.29,80.52,80.29,80.51,736.15573
2026-04-07 09:35:00,80.51,80.52,80.39,80.42,865.526461
2026-04-07 09:40:00,80.43,80.52,80.42,80.45,2167.56651
2026-04-07 09:45:00,80.43,80.47,80.37,80.43,928.968494
2026-04-07 09:50:00,80.44,80.44,80.33,80.36,1602.529632
2026-04-07 09:55:00,80.36,80.37,80.32,80.37,1493.786945
2026-04-07 10:00:00,80.38,80.44,80.22,80.22,559.205188
2026-04-07 10:05:00,80.22,80.22,79.84,80.09,9712.531555
2026-04-07 10:10:00,80.06,80.08,79.9,79.91,5992.299559
2026-04-07 10:15:00,79.91,80.06,79.91,80.0,1043.198578
2026-04-07 10:20:00,80.01,80.12,80.01,80.02,1033.840814
2026-04-07 10:25:00,80.02,80.02,79.69,79.79,3903.061318
2026-04-07 10:30:00,79.81,79.86,79.74,79.81,1708.232601
2026-04-07 10:35:00,79.82,79.82,79.55,79.58,6929.202262
2026-04-07 10:40:00,79.59,79.63,79.47,79.54,3109.969095
2026-04-07 10:45:00,79.54,79.59,79.49,79.57,1332.473714
2026-04-07 10:50:00,79.57,79.58,79.23,79.39,9301.432812
2026-04-07 10:55:00,79.39,79.46,79.33,79.37,3204.73731
2026-04-07 11:00:00,79.38,79.45,79.26,79.45,3021.638018
2026-04-07 11:05:00,79.44,79.55,79.41,79.45,3551.075539
2026-04-07 11:10:00,79.44,79.46,79.34,79.42,2014.279386
2026-04-07 11:15:00,79.43,79.53,79.08,79.1,8631.614793
2026-04-07 11:20:00,79.1,79.17,78.96,79.13,15806.103623
2026-04-07 11:25:00,79.13,79.34,79.11,79.3,1515.478677
2026-04-07 11:30:00,79.31,79.31,79.13,79.13,1695.45935
2026-04-07 11:35:00,79.15,79.35,79.13,79.32,1844.834792
2026-04-07 11:40:00,79.33,79.35,79.22,79.32,1413.86637
2026-04-07 11:45:00,79.32,79.36,79.29,79.33,987.370365
2026-04-07 11:50:00,79.32,79.36,79.19,79.2,3387.417777
2026-04-07 11:55:00,79.19,79.25,79.13,79.23,2074.832457
2026-04-07 12:00:00,79.23,79.32,79.21,79.29,981.194673
2026-04-07 12:05:00,79.29,79.39,78.68,78.89,20465.681121
2026-04-07 12:10:00,78.89,79.04,78.78,79.04,3253.989053
2026-04-07 12:15:00,79.03,79.21,78.88,79.1,2744.84812
2026-04-07 12:20:00,79.09,79.28,79.02,79.1,9075.108033
2026-04-07 12:25:00,79.11,79.13,79.08,79.09,1134.971011
2026-04-07 12:30:00,79.1,79.15,78.94,79.0,2630.961499
2026-04-07 12:35:00,79.0,79.08,78.93,79.07,2108.713095
2026-04-07 12:40:00,79.07,79.07,78.88,78.92,2847.283728
2026-04-07 12:45:00,78.91,78.99,78.83,78.9,2444.09738
2026-04-07 12:50:00,78.92,78.98,78.87,78.93,1198.261113
2026-04-07 12:55:00,78.94,79.37,78.91,79.14,9006.530933
2026-04-07 13:00:00,79.14,79.16,78.97,79.03,2677.344945
2026-04-07 13:05:00,79.03,79.25,79.03,79.17,2784.683727
2026-04-07 13:10:00,79.17,79.2,79.03,79.14,3532.25193
2026-04-07 13:15:00,79.14,79.14,79.02,79.02,2266.998821
2026-04-07 13:20:00,79.02,79.05,78.95,78.95,2095.194011
2026-04-07 13:25:00,78.94,78.97,78.91,78.97,901.649718
2026-04-07 13:30:00,78.97,79.21,78.97,79.04,3582.136219
2026-04-07 13:35:00,79.03,79.15,78.98,79.08,2588.927938
2026-04-07 13:40:00,79.07,79.14,78.9,78.95,1222.32321
2026-04-07 13:45:00,78.94,78.97,78.83,78.93,1266.79507
2026-04-07 13:50:00,78.94,79.1,78.89,79.1,2514.871704
2026-04-07 13:55:00,79.1,79.14,78.86,78.88,2019.39644
2026-04-07 14:00:00,78.9,78.93,78.75,78.77,4059.854341
2026-04-07 14:05:00,78.78,78.85,78.4,78.49,9489.025935
2026-04-07 14:10:00,78.5,78.62,78.46,78.56,6130.72592
2026-04-07 14:15:00,78.56,78.69,78.54,78.64,2090.059065
2026-04-07 14:20:00,78.67,79.07,78.67,79.0,3839.022699
2026-04-07 14:25:00,79.01,79.03,78.85,78.99,1039.853518
2026-04-07 14:30:00,78.98,79.05,78.84,78.88,3568.133323
2026-04-07 14:35:00,78.88,78.89,78.69,78.75,2031.979433
2026-04-07 14:40:00,78.75,78.78,78.67,78.69,878.722853
2026-04-07 14:45:00,78.69,79.01,78.67,78.83,2570.8996
2026-04-07 14:50:00,78.83,78.84,78.72,78.8,612.149498
2026-04-07 14:55:00,78.77,78.77,78.59,78.59,2662.324005
2026-04-07 15:00:00,78.59,78.61,78.45,78.52,4769.632689
2026-04-07 15:05:00,78.51,78.55,78.38,78.52,3452.09147
2026-04-07 15:10:00,78.55,78.71,78.55,78.59,1407.572161
2026-04-07 15:15:00,78.6,78.97,78.6,78.81,7224.247596
2026-04-07 15:20:00,78.8,78.91,78.74,78.86,3741.631305
2026-04-07 15:25:00,78.85,78.99,78.85,78.94,5305.567297
2026-04-07 15:30:00,78.94,78.97,78.88,78.89,1748.137799
2026-04-07 15:35:00,78.88,78.96,78.8,78.81,3408.991986
2026-04-07 15:40:00,78.84,78.84,78.73,78.8,3461.307182
2026-04-07 15:45:00,78.81,78.84,78.76,78.81,944.050345
2026-04-07 15:50:00,78.83,78.86,78.7,78.86,3158.212547
2026-04-07 15:55:00,78.84,79.0,78.83,78.87,3108.333867
2026-04-07 16:00:00,78.87,79.2,78.82,78.98,3905.164086
2026-04-07 16:05:00,78.97,79.0,78.77,78.77,2742.46406
2026-04-07 16:10:00,78.76,78.83,78.76,78.81,1824.843663
2026-04-07 16:15:00,78.81,78.83,78.71,78.71,5576.954551
2026-04-07 16:20:00,78.71,78.95,78.66,78.93,4070.665842
2026-04-07 16:25:00,78.94,79.0,78.89,78.99,1275.426348
2026-04-07 16:30:00,78.98,79.03,78.91,78.99,3376.270413
2026-04-07 16:35:00,79.0,79.01,78.94,78.96,1103.367819
2026-04-07 16:40:00,78.98,79.06,78.93,78.99,3494.877244
2026-04-07 16:45:00,79.0,79.09,78.97,78.99,1378.796406
2026-04-07 16:50:00,78.97,79.0,78.84,78.88,1266.764755
2026-04-07 16:55:00,78.88,78.92,78.86,78.89,1434.564861
2026-04-07 17:00:00,78.9,79.03,78.87,79.01,2957.579847
2026-04-07 17:05:00,79.0,79.03,78.96,78.98,1328.495807
2026-04-07 17:10:00,78.97,78.98,78.88,78.89,886.797614
2026-04-07 17:15:00,78.89,79.16,78.83,79.14,9096.543769
2026-04-07 17:20:00,79.14,79.52,79.07,79.46,11867.371028
2026-04-07 17:25:00,79.46,79.47,79.41,79.45,10296.464407
2026-04-07 17:30:00,79.45,79.91,79.45,79.84,11618.142305
2026-04-07 17:35:00,79.85,80.98,79.81,80.09,48584.624727
2026-04-07 17:40:00,80.1,80.24,79.97,80.0,14539.182779
2026-04-07 17:45:00,79.99,80.04,79.86,79.99,6625.691917
2026-04-07 17:50:00,80.0,80.16,79.99,80.06,2568.883628
2026-04-07 17:55:00,80.06,80.08,79.99,80.05,1752.058219
2026-04-07 18:00:00,80.05,80.18,80.0,80.0,2098.386588
2026-04-07 18:05:00,80.01,80.08,79.98,80.02,986.626491
2026-04-07 18:10:00,80.02,80.18,79.96,80.16,4207.460293
2026-04-07 18:15:00,80.15,80.18,80.01,80.05,2530.957006
2026-04-07 18:20:00,80.06,80.1,79.92,79.95,2199.877184
2026-04-07 18:25:00,79.95,80.05,79.91,80.05,1404.554644
2026-04-07 18:30:00,80.05,80.11,80.02,80.07,1085.931788
2026-04-07 18:35:00,80.06,80.08,79.9,79.94,1726.001986
2026-04-07 18:40:00,79.94,79.96,79.72,79.74,2894.775662
2026-04-07 18:45:00,79.74,79.8,79.68,79.8,3370.788413
2026-04-07 18:50:00,79.78,79.86,79.58,79.64,4189.134484
2026-04-07 18:55:00,79.64,79.92,79.52,79.92,5902.231753
2026-04-07 19:00:00,79.91,80.09,79.87,80.01,6113.090404
2026-04-07 19:05:00,80.02,80.18,79.92,80.05,4071.682442
2026-04-07 19:10:00,80.04,80.53,80.04,80.51,7146.357765
2026-04-07 19:15:00,80.51,80.96,80.51,80.93,11121.471259
2026-04-07 19:20:00,80.93,81.15,80.58,80.65,8719.630316
2026-04-07 19:25:00,80.64,80.89,80.59,80.78,3950.886547
2026-04-07 19:30:00,80.76,80.83,80.51,80.53,6841.865882
2026-04-07 19:35:00,80.53,81.03,80.47,81.03,12364.657849
2026-04-07 19:40:00,81.03,81.22,80.93,81.05,9838.503223
2026-04-07 19:45:00,81.06,81.83,81.03,81.4,17273.544967
2026-04-07 19:50:00,81.42,81.64,81.42,81.59,6561.520958
2026-04-07 19:55:00,81.6,81.73,81.55,81.62,6883.152807
2026-04-07 20:00:00,81.62,82.1,81.62,81.94,15987.161244
2026-04-07 20:05:00,81.92,82.17,81.91,82.0,6171.286305
2026-04-07 20:10:00,81.97,82.03,81.88,81.94,3014.100302
2026-04-07 20:15:00,81.93,82.25,81.72,82.21,9701.46042
2026-04-07 20:20:00,82.22,82.3,81.92,81.97,5749.645085
2026-04-07 20:25:00,81.96,82.05,81.88,82.05,3977.9075
2026-04-07 20:30:00,82.05,82.22,82.04,82.1,3089.87383
2026-04-07 20:35:00,82.1,82.13,81.88,82.13,6445.07166
2026-04-07 20:40:00,82.12,82.42,82.0,82.08,9307.160599
2026-04-07 20:45:00,82.08,82.1,81.94,81.95,2493.328641
2026-04-07 20:50:00,81.95,82.2,81.89,81.96,10056.508751
2026-04-07 20:55:00,81.97,82.04,81.9,81.94,3474.835326
2026-04-07 21:00:00,81.94,82.02,81.87,81.97,1947.201918
2026-04-07 21:05:00,81.96,82.63,81.94,82.43,11532.631549
2026-04-07 21:10:00,82.43,83.26,82.39,82.73,56352.277358
2026-04-07 21:15:00,82.74,82.81,82.44,82.5,4084.501941
2026-04-07 21:20:00,82.5,82.56,82.36,82.44,3607.090833
2026-04-07 21:25:00,82.4,82.46,82.1,82.27,3333.461121
2026-04-07 21:30:00,82.26,82.52,82.26,82.49,3060.477293
2026-04-07 21:35:00,82.48,82.71,82.46,82.7,8420.795544
2026-04-07 21:40:00,82.7,82.81,82.47,82.81,11512.285813
2026-04-07 21:45:00,82.81,83.07,82.8,82.85,12647.279254
2026-04-07 21:50:00,82.84,83.1,82.76,82.87,3740.376457
2026-04-07 21:55:00,82.87,82.96,82.72,82.91,2587.314655
2026-04-07 22:00:00,82.92,83.15,82.92,83.02,7573.184366
2026-04-07 22:05:00,83.02,83.75,82.98,83.09,29183.280228
2026-04-07 22:10:00,83.07,83.55,83.03,83.54,8246.211269
2026-04-07 22:15:00,83.54,83.61,83.25,83.3,5935.613134
2026-04-07 22:20:00,83.28,83.5,83.22,83.39,4349.757347
2026-04-07 22:25:00,83.4,83.49,83.32,83.41,3584.474198
2026-04-07 22:30:00,83.41,84.3,83.41,84.17,47113.564879
2026-04-07 22:35:00,84.16,84.88,84.12,84.48,25895.954907
2026-04-07 22:40:00,84.48,84.68,83.88,84.0,17917.029878
2026-04-07 22:45:00,84.01,84.37,83.94,84.37,7346.108686
2026-04-07 22:50:00,84.35,84.65,84.3,84.46,12822.424078
2026-04-07 22:55:00,84.47,85.23,84.46,85.23,24688.169414
2026-04-07 23:00:00,85.24,86.09,85.22,85.27,35006.782124
2026-04-07 23:05:00,85.28,85.68,85.07,85.57,12677.647432
2026-04-07 23:10:00,85.55,85.78,85.32,85.5,11759.118691
2026-04-07 23:15:00,85.51,85.6,85.2,85.52,8224.373046
2026-04-07 23:20:00,85.52,86.39,85.51,86.1,30529.230923
2026-04-07 23:25:00,86.1,87.0,86.02,86.92,30025.725761
2026-04-07 23:30:00,86.93,87.03,86.2,86.26,29753.209101
2026-04-07 23:35:00,86.24,86.29,85.82,85.87,16300.584505
2026-04-07 23:40:00,85.88,85.98,85.71,85.74,22383.364856
2026-04-07 23:45:00,85.74,86.06,85.68,85.89,13268.39835
2026-04-07 23:50:00,85.9,86.0,85.53,85.56,11793.956149
2026-04-07 23:55:00,85.57,85.77,85.51,85.54,13340.753617
2026-04-08 00:00:00,85.54,85.89,85.46,85.53,10026.91271
2026-04-08 00:05:00,85.54,85.69,85.28,85.28,9556.783166
2026-04-08 00:10:00,85.29,85.5,85.24,85.37,7410.888499
2026-04-08 00:15:00,85.37,85.5,85.21,85.21,4305.502835
2026-04-08 00:20:00,85.21,85.27,84.95,85.0,12563.794926
2026-04-08 00:25:00,85.01,85.14,84.87,84.92,5788.207131
2026-04-08 00:30:00,84.92,84.98,84.54,84.57,6974.714176
2026-04-08 00:35:00,84.56,84.76,84.43,84.75,6354.988481
2026-04-08 00:40:00,84.75,84.85,84.52,84.58,3853.302772
2026-04-08 00:45:00,84.59,84.6,84.24,84.41,4951.017345
2026-04-08 00:50:00,84.42,84.64,84.38,84.48,7653.624566
2026-04-08 00:55:00,84.48,84.77,84.47,84.74,5712.503822
2026-04-08 01:00:00,84.74,84.8,84.52,84.53,3570.333696
2026-04-08 01:05:00,84.54,84.96,84.43,84.96,9034.852459
2026-04-08 01:10:00,84.95,84.95,84.76,84.76,2640.981942
2026-04-08 01:15:00,84.76,84.81,84.53,84.56,4098.887469
2026-04-08 01:20:00,84.55,84.59,84.46,84.51,2840.930742
2026-04-08 01:25:00,84.51,84.53,84.46,84.48,1006.124973
2026-04-08 01:30:00,84.48,84.52,84.44,84.5,1346.37722
2026-04-08 01:35:00,84.49,84.76,84.48,84.71,3781.111215
2026-04-08 01:40:00,84.71,84.77,84.68,84.71,2110.40803
2026-04-08 01:45:00,84.71,84.91,84.69,84.74,3181.471411
2026-04-08 01:50:00,84.74,84.9,84.69,84.7,1705.393064
2026-04-08 01:55:00,84.71,84.75,84.64,84.68,1646.963486
2026-04-08 02:00:00,84.69,84.79,84.5,84.66,5285.512055
2026-04-08 02:05:00,84.65,84.93,84.61,84.89,5728.892335
2026-04-08 02:10:00,84.88,84.96,84.81,84.87,7801.580738
2026-04-08 02:15:00,84.87,84.88,84.57,84.57,5051.451732
2026-04-08 02:20:00,84.57,84.63,84.39,84.63,5464.68402
2026-04-08 02:25:00,84.62,84.67,84.54,84.62,2920.074437
2026-04-08 02:30:00,84.63,84.63,84.39,84.5,7242.479917
2026-04-08 02:35:00,84.5,84.61,84.4,84.53,3971.683076
2026-04-08 02:40:00,84.54,84.61,84.52,84.57,2944.923408
2026-04-08 02:45:00,84.57,84.76,84.48,84.76,4141.394943
2026-04-08 02:50:00,84.77,84.78,84.65,84.68,4353.871222
2026-04-08 02:55:00,84.67,84.69,84.55,84.59,6802.788516
2026-04-08 03:00:00,84.6,84.67,84.55,84.55,4490.035223
2026-04-08 03:05:00,84.55,84.59,84.37,84.58,14628.325666
2026-04-08 03:10:00,84.57,84.57,84.45,84.5,3598.735511
2026-04-08 03:15:00,84.5,84.54,84.43,84.43,3221.834019
2026-04-08 03:20:00,84.42,84.55,84.41,84.5,4791.354172
2026-04-08 03:25:00,84.5,84.67,84.47,84.62,4499.740878
2026-04-08 03:30:00,84.61,84.62,84.51,84.55,3690.102991
2026-04-08 03:35:00,84.54,84.6,84.49,84.53,2474.037942
2026-04-08 03:40:00,84.54,84.65,84.51,84.6,1736.779739
2026-04-08 03:45:00,84.59,84.6,84.47,84.49,3719.541945
2026-04-08 03:50:00,84.48,84.51,84.44,84.5,2725.611866
2026-04-08 03:55:00,84.5,84.56,84.5,84.56,4366.915496
2026-04-08 04:00:00,84.56,84.67,84.53,84.63,4623.402849
2026-04-08 04:05:00,84.63,85.06,84.63,84.87,15836.699688
2026-04-08 04:10:00,84.87,85.01,84.72,84.82,16235.986693
2026-04-08 04:15:00,84.84,84.89,84.76,84.81,3758.077097
2026-04-08 04:20:00,84.8,84.86,84.71,84.76,7889.268483
2026-04-08 04:25:00,84.76,84.91,84.75,84.89,2469.893737
2026-04-08 04:30:00,84.88,84.88,84.74,84.76,3964.696274
2026-04-08 04:35:00,84.77,84.96,84.77,84.85,5137.241996
2026-04-08 04:40:00,84.85,84.99,84.84,84.92,5221.294183
2026-04-08 04:45:00,84.92,84.92,84.73,84.73,5334.30175
2026-04-08 04:50:00,84.73,84.73,84.49,84.56,8357.350118
2026-04-08 04:55:00,84.56,84.62,84.45,84.47,4100.784372
2026-04-08 05:00:00,84.49,84.54,84.36,84.48,7487.595663
2026-04-08 05:05:00,84.49,84.58,84.48,84.57,3599.698097
2026-04-08 05:10:00,84.57,84.59,84.49,84.55,4699.857086
2026-04-08 05:15:00,84.55,84.64,84.53,84.61,2195.152888
2026-04-08 05:20:00,84.61,84.73,84.61,84.68,2707.410928
2026-04-08 05:25:00,84.69,84.75,84.62,84.65,4879.510146
2026-04-08 05:30:00,84.65,84.69,84.58,84.6,3190.928768
2026-04-08 05:35:00,84.6,84.61,84.51,84.55,4527.702992
2026-04-08 05:40:00,84.55,84.65,84.52,84.59,5637.865251
2026-04-08 05:45:00,84.58,84.61,84.52,84.54,5405.59633
2026-04-08 05:50:00,84.55,84.69,84.4,84.44,8886.287373
2026-04-08 05:55:00,84.43,84.43,84.12,84.2,14042.289828
2026-04-08 06:00:00,84.2,84.2,83.85,84.06,18010.536315
2026-04-08 06:05:00,84.06,84.26,84.06,84.22,7599.534319
2026-04-08 06:10:00,84.22,84.47,84.22,84.42,6599.393741
2026-04-08 06:15:00,84.42,84.6,84.34,84.58,5201.301972
2026-04-08 06:20:00,84.58,84.65,84.53,84.55,7046.108766
2026-04-08 06:25:00,84.56,84.63,84.51,84.6,6362.600778
2026-04-08 06:30:00,84.6,84.62,84.51,84.56,3143.105843
2026-04-08 06:35:00,84.56,84.68,84.54,84.6,3002.549887
2026-04-08 06:40:00,84.6,84.68,84.59,84.67,3818.820676
2026-04-08 06:45:00,84.66,84.7,84.58,84.62,4452.845414
2026-04-08 06:50:00,84.62,84.66,84.53,84.57,2632.58104
2026-04-08 06:55:00,84.56,84.56,84.49,84.54,2598.258705
2026-04-08 07:00:00,84.54,84.54,84.23,84.23,8541.393285
2026-04-08 07:05:00,84.23,84.39,84.19,84.38,6189.8578
2026-04-08 07:10:00,84.37,84.48,84.31,84.44,1846.567719
2026-04-08 07:15:00,84.44,84.46,84.38,84.46,2515.455253
2026-04-08 07:20:00,84.48,84.69,84.48,84.61,4473.845741
2026-04-08 07:25:00,84.6,84.7,84.53,84.57,5591.302311
2026-04-08 07:30:00,84.56,84.56,84.26,84.29,4694.886368
2026-04-08 07:35:00,84.29,84.36,84.27,84.31,4047.593829
2026-04-08 07:40:00,84.3,84.39,84.29,84.35,3739.035401
2026-04-08 07:45:00,84.35,84.39,84.3,84.37,2072.002299
2026-04-08 07:50:00,84.37,84.4,84.33,84.35,1369.364383
2026-04-08 07:55:00,84.36,84.5,84.31,84.49,2308.574137
2026-04-08 08:00:00,84.5,84.58,84.46,84.5,2739.435578
2026-04-08 08:05:00,84.52,84.58,84.49,84.52,929.841357
2026-04-08 08:10:00,84.51,84.54,84.44,84.52,4086.917326
2026-04-08 08:15:00,84.51,84.63,84.47,84.63,2471.167926
2026-04-08 08:20:00,84.63,84.63,84.52,84.57,4198.291917
2026-04-08 08:25:00,84.57,84.6,84.5,84.57,3295.820806
2026-04-08 08:30:00,84.57,84.7,84.53,84.67,2288.736545
2026-04-08 08:35:00,84.67,84.7,84.47,84.6,4815.371155
2026-04-08 08:40:00,84.6,84.62,84.4,84.56,5476.475018
2026-04-08 08:45:00,84.56,84.69,84.55,84.66,1588.604624
2026-04-08 08:50:00,84.66,84.7,84.59,84.63,1375.150091
2026-04-08 08:55:00,84.62,84.87,84.62,84.85,7264.364845
2026-04-08 09:00:00,84.84,84.94,84.82,84.87,6348.945154
2026-04-08 09:05:00,84.88,84.89,84.74,84.75,1793.027383
2026-04-08 09:10:00,84.75,84.97,84.75,84.87,4513.63664
2026-04-08 09:15:00,84.86,84.92,84.78,84.9,1660.936894
2026-04-08 09:20:00,84.89,84.89,84.74,84.76,1122.675307
2026-04-08 09:25:00,84.75,84.77,84.62,84.63,3767.176664
2026-04-08 09:30:00,84.64,84.77,84.63,84.74,1896.309179
2026-04-08 09:35:00,84.75,84.77,84.66,84.67,2735.094837
2026-04-08 09:40:00,84.67,84.67,84.54,84.54,4069.363356
2026-04-08 09:45:00,84.54,84.67,84.53,84.64,3005.519466
2026-04-08 09:50:00,84.64,84.72,84.63,84.67,3826.681069
2026-04-08 09:55:00,84.67,84.69,84.64,84.64,1737.20296
2026-04-08 10:00:00,84.64,84.77,84.63,84.63,3251.883885
2026-04-08 10:05:00,84.62,84.75,84.54,84.62,5043.305825
2026-04-08 10:10:00,84.62,84.62,84.49,84.58,2617.838946
2026-04-08 10:15:00,84.57,84.65,84.54,84.65,3325.985659
2026-04-08 10:20:00,84.66,84.72,84.6,84.7,772.574507
2026-04-08 10:25:00,84.71,84.78,84.69,84.71,1512.70888
2026-04-08 10:30:00,84.72,84.74,84.5,84.53,5643.019197
2026-04-08 10:35:00,84.52,84.58,84.49,84.57,4388.574011
2026-04-08 10:40:00,84.57,84.62,84.52,84.61,661.914968
2026-04-08 10:45:00,84.62,84.65,84.59,84.64,411.344587
2026-04-08 10:50:00,84.63,84.67,84.61,84.66,990.965977
2026-04-08 10:55:00,84.66,84.66,84.51,84.51,1850.986894
2026-04-08 11:00:00,84.5,84.61,84.43,84.59,1322.825402
2026-04-08 11:05:00,84.6,84.68,84.59,84.66,934.010794
2026-04-08 11:10:00,84.66,84.72,84.65,84.68,1301.373002
2026-04-08 11:15:00,84.67,84.84,84.67,84.74,2523.163495
2026-04-08 11:20:00,84.73,84.76,84.31,84.57,10652.304808
2026-04-08 11:25:00,84.58,84.69,84.53,84.69,4399.400184
2026-04-08 11:30:00,84.68,84.68,84.5,84.57,796.222622
2026-04-08 11:35:00,84.56,84.56,84.15,84.23,2855.161326
2026-04-08 11:40:00,84.23,84.33,84.23,84.25,1164.101203
2026-04-08 11:45:00,84.25,84.44,84.2,84.35,3699.167096
2026-04-08 11:50:00,84.36,84.54,84.36,84.52,920.947139
2026-04-08 11:55:00,84.52,84.52,84.42,84.47,305.50516
2026-04-08 12:00:00,84.47,84.48,84.39,84.46,2727.093572
2026-04-08 12:05:00,84.46,84.47,84.42,84.44,582.931868
2026-04-08 12:10:00,84.44,84.57,84.43,84.57,1145.306438
2026-04-08 12:15:00,84.57,84.57,84.4,84.43,3333.675068
2026-04-08 12:20:00,84.44,84.46,84.11,84.25,4991.367328
2026-04-08 12:25:00,84.25,84.39,84.24,84.36,1733.54372
2026-04-08 12:30:00,84.36,84.54,84.3,84.5,1134.965056
2026-04-08 12:35:00,84.51,84.66,84.5,84.64,1549.725226
2026-04-08 12:40:00,84.62,84.63,84.54,84.63,1174.17291
2026-04-08 12:45:00,84.62,84.68,84.52,84.63,3594.334778
2026-04-08 12:50:00,84.62,84.67,84.55,84.55,900.286894
2026-04-08 12:55:00,84.54,84.68,84.51,84.55,3368.024254
2026-04-08 13:00:00,84.56,84.62,84.46,84.52,5025.198027
2026-04-08 13:05:00,84.52,84.99,84.45,84.81,9499.650736
2026-04-08 13:10:00,84.8,84.8,84.4,84.59,6918.062621
2026-04-08 13:15:00,84.58,84.83,84.48,84.63,3768.121023
2026-04-08 13:20:00,84.63,84.68,84.49,84.66,2275.553153
2026-04-08 13:25:00,84.67,84.78,84.65,84.7,1831.901564
2026-04-08 13:30:00,84.73,84.94,84.33,84.51,5269.548219
2026-04-08 13:35:00,84.5,84.53,84.08,84.1,4844.048634
2026-04-08 13:40:00,84.12,84.21,83.98,84.02,5725.407585
2026-04-08 13:45:00,84.03,84.44,83.97,84.38,5015.282795
2026-04-08 13:50:00,84.39,84.43,84.06,84.07,3458.792963
2026-04-08 13:55:00,84.06,84.21,83.92,84.07,4116.342425
2026-04-08 14:00:00,84.07,84.15,83.93,83.93,1041.420761
2026-04-08 14:05:00,83.94,83.98,83.44,83.46,13180.208816
2026-04-08 14:10:00,83.47,84.0,83.43,83.87,5555.468343
2026-04-08 14:15:00,83.88,83.96,83.57,83.58,2683.871719
2026-04-08 14:20:00,83.58,83.7,83.37,83.53,3639.050097
2026-04-08 14:25:00,83.54,83.59,83.46,83.47,2673.974973
2026-04-08 14:30:00,83.47,83.54,82.88,82.89,12170.683378
2026-04-08 14:35:00,82.9,83.15,82.65,83.05,14550.518781
2026-04-08 14:40:00,83.05,83.1,82.88,82.9,3400.741253
2026-04-08 14:45:00,82.9,82.96,82.57,82.83,4307.273907
2026-04-08 14:50:00,82.84,82.85,82.52,82.76,8106.849177
2026-04-08 14:55:00,82.74,82.91,82.52,82.9,3124.399154
2026-04-08 15:00:00,82.9,83.07,82.85,83.05,6082.975349
2026-04-08 15:05:00,83.05,83.12,82.84,82.84,5028.138538
2026-04-08 15:10:00,82.84,83.07,82.81,83.05,3480.1914
2026-04-08 15:15:00,83.05,83.22,83.03,83.22,5943.056343
2026-04-08 15:20:00,83.21,83.24,83.14,83.22,2496.731615
2026-04-08 15:25:00,83.21,83.22,83.12,83.16,1750.918908
2026-04-08 15:30:00,83.18,83.19,83.06,83.14,1440.056247
2026-04-08 15:35:00,83.15,83.36,83.15,83.24,1989.119267
2026-04-08 15:40:00,83.22,83.31,83.18,83.28,1662.67793
2026-04-08 15:45:00,83.28,83.47,83.28,83.4,3712.985895
2026-04-08 15:50:00,83.39,83.41,83.26,83.36,1797.749068
2026-04-08 15:55:00,83.37,83.45,83.32,83.35,908.693979
2026-04-08 16:00:00,83.33,83.45,83.31,83.36,1263.510891
2026-04-08 16:05:00,83.38,83.42,83.28,83.28,1618.579226
2026-04-08 16:10:00,83.29,83.36,83.22,83.28,904.497026
2026-04-08 16:15:00,83.3,83.38,83.21,83.33,888.264151
2026-04-08 16:20:00,83.32,83.38,83.26,83.35,809.43928
2026-04-08 16:25:00,83.34,83.4,83.23,83.24,770.583466
2026-04-08 16:30:00,83.24,83.24,83.05,83.11,1198.818966
2026-04-08 16:35:00,83.12,83.23,83.12,83.2,901.293459
2026-04-08 16:40:00,83.21,83.33,83.17,83.3,1672.314405
2026-04-08 16:45:00,83.31,83.47,83.3,83.45,981.90968
2026-04-08 16:50:00,83.45,83.45,83.36,83.43,1095.267269
2026-04-08 16:55:00,83.43,83.61,83.43,83.49,5360.652367
2026-04-08 17:00:00,83.5,83.6,83.42,83.51,3294.153996
2026-04-08 17:05:00,83.5,83.56,83.44,83.5,1098.184406
2026-04-08 17:10:00,83.48,83.77,83.48,83.76,3096.394558
2026-04-08 17:15:00,83.77,83.77,83.59,83.61,3397.976951
2026-04-08 17:20:00,83.6,83.63,83.46,83.47,2257.788491
2026-04-08 17:25:00,83.48,83.51,83.31,83.48,1278.164202
2026-04-08 17:30:00,83.5,83.63,83.5,83.63,1318.97966
2026-04-08 17:35:00,83.62,84.22,83.62,83.93,6843.77773
2026-04-08 17:40:00,83.92,84.03,83.83,84.02,3437.027209
2026-04-08 17:45:00,84.03,84.05,83.91,83.97,960.705368
2026-04-08 17:50:00,83.98,83.98,83.89,83.89,3843.535827
2026-04-08 17:55:00,83.88,84.0,83.87,84.0,5702.648812
2026-04-08 18:00:00,84.01,84.03,83.83,83.94,11677.016776
2026-04-08 18:05:00,83.95,84.03,83.91,83.92,4064.256657
2026-04-08 18:10:00,83.9,83.9,83.71,83.81,2592.671639
2026-04-08 18:15:00,83.8,83.89,83.29,83.45,5571.59887
2026-04-08 18:20:00,83.44,83.56,83.12,83.28,10323.436985
2026-04-08 18:25:00,83.27,83.37,83.21,83.28,1983.249749
2026-04-08 18:30:00,83.29,83.46,83.28,83.44,513.383266
2026-04-08 18:35:00,83.44,83.46,83.29,83.29,472.506185
2026-04-08 18:40:00,83.29,83.29,83.06,83.07,2341.267595
2026-04-08 18:45:00,83.07,83.2,83.03,83.12,2023.521694
2026-04-08 18:50:00,83.09,83.11,82.95,82.99,2609.251463
2026-04-08 18:55:00,82.98,82.99,82.81,82.92,4640.953574
2026-04-08 19:00:00,82.92,83.0,82.79,82.92,2520.958932
2026-04-08 19:05:00,82.92,82.99,82.86,82.92,570.736585
2026-04-08 19:10:00,82.93,83.12,82.93,83.06,1180.179799
2026-04-08 19:15:00,83.07,83.1,82.95,83.02,2203.357101
2026-04-08 19:20:00,83.02,83.03,82.79,82.93,1562.519847
2026-04-08 19:25:00,82.94,83.01,82.83,82.83,913.210129
2026-04-08 19:30:00,82.82,82.96,82.82,82.9,314.041482
2026-04-08 19:35:00,82.9,83.08,82.87,82.98,3429.201438
2026-04-08 19:40:00,82.98,82.98,82.78,82.96,2230.23765
2026-04-08 19:45:00,82.95,83.07,82.95,83.01,725.972937
2026-04-08 19:50:00,83.01,83.09,83.01,83.02,979.58654
2026-04-08 19:55:00,83.03,83.33,83.0,83.21,6513.902134
2026-04-08 20:00:00,83.2,83.35,83.18,83.28,1975.855515
2026-04-08 20:05:00,83.27,83.39,83.25,83.27,1243.430336
2026-04-08 20:10:00,83.27,83.31,83.22,83.26,496.855933
2026-04-08 20:15:00,83.26,83.38,83.26,83.37,387.132591
2026-04-08 20:20:00,83.36,83.36,83.23,83.27,383.68535
2026-04-08 20:25:00,83.28,83.29,83.26,83.28,161.186672
2026-04-08 20:30:00,83.28,83.34,83.24,83.28,187.570554
2026-04-08 20:35:00,83.28,83.28,83.03,83.14,401.997587
2026-04-08 20:40:00,83.15,83.18,83.1,83.12,69.800099
2026-04-08 20:45:00,83.12,83.21,83.07,83.2,2408.631424
2026-04-08 20:50:00,83.19,83.3,83.19,83.27,373.953224
2026-04-08 20:55:00,83.27,83.28,83.22,83.28,203.578725
2026-04-08 21:00:00,83.28,83.29,83.2,83.21,448.98375
2026-04-08 21:05:00,83.21,83.36,83.2,83.32,748.166595
2026-04-08 21:10:00,83.33,83.59,83.33,83.42,1683.220153
2026-04-08 21:15:00,83.43,83.52,83.43,83.45,572.191358
2026-04-08 21:20:00,83.46,83.57,83.44,83.45,992.102457
2026-04-08 21:25:00,83.47,83.63,83.45,83.47,1556.356224
2026-04-08 21:30:00,83.48,83.52,83.3,83.3,769.790742
2026-04-08 21:35:00,83.3,83.51,83.3,83.45,1783.192366
2026-04-08 21:40:00,83.46,83.48,83.33,83.35,1899.226453
2026-04-08 21:45:00,83.35,83.47,83.34,83.4,283.873546
2026-04-08 21:50:00,83.4,83.45,83.36,83.41,180.399604
2026-04-08 21:55:00,83.41,83.44,83.36,83.42,366.582745
2026-04-08 22:00:00,83.43,83.46,83.2,83.21,405.510766
2026-04-08 22:05:00,83.21,83.28,83.17,83.17,846.067125
2026-04-08 22:10:00,83.17,83.19,83.06,83.12,848.677797
2026-04-08 22:15:00,83.11,83.15,82.87,82.89,1676.564095
2026-04-08 22:20:00,82.89,82.98,82.74,82.91,1824.973625
2026-04-08 22:25:00,82.91,82.95,82.68,82.7,1167.407868
2026-04-08 22:30:00,82.71,82.92,82.6,82.92,1813.111767
2026-04-08 22:35:00,82.93,83.01,82.91,82.97,475.616308
2026-04-08 22:40:00,82.96,82.96,82.87,82.87,192.931712
2026-04-08 22:45:00,82.86,82.89,82.82,82.88,1084.387816
2026-04-08 22:50:00,82.88,82.89,82.73,82.73,282.05791
2026-04-08 22:55:00,82.73,82.73,82.61,82.64,1122.663492
2026-04-08 23:00:00,82.63,82.63,82.25,82.36,4036.731201
2026-04-08 23:05:00,82.35,82.49,82.34,82.34,656.72457
2026-04-08 23:10:00,82.34,82.9,82.34,82.89,8242.668537
2026-04-08 23:15:00,82.89,83.03,82.59,82.61,5503.417793
2026-04-08 23:20:00,82.61,82.63,82.33,82.56,1932.081548
2026-04-08 23:25:00,82.56,82.58,82.48,82.5,1124.503264
2026-04-08 23:30:00,82.52,82.58,82.42,82.55,1601.228606
2026-04-08 23:35:00,82.57,82.68,82.51,82.56,773.128786
2026-04-08 23:40:00,82.54,82.62,82.52,82.55,329.289838
2026-04-08 23:45:00,82.54,82.68,82.53,82.68,519.171024
2026-04-08 23:50:00,82.68,82.72,82.56,82.56,362.65403
2026-04-08 23:55:00,82.56,82.6,82.55,82.57,509.032169
2026-04-09 00:00:00,82.57,82.57,82.45,82.47,616.045805
2026-04-09 00:05:00,82.49,82.64,82.46,82.6,788.353819
2026-04-09 00:10:00,82.58,82.61,82.54,82.59,353.895841
2026-04-09 00:15:00,82.58,82.67,82.46,82.5,989.502056
2026-04-09 00:20:00,82.49,82.62,82.44,82.5,2905.757224
2026-04-09 00:25:00,82.5,82.56,82.4,82.4,840.071018
2026-04-09 00:30:00,82.4,82.49,82.28,82.38,2551.940273
2026-04-09 00:35:00,82.38,82.48,82.17,82.2,1698.24434
2026-04-09 00:40:00,82.2,82.25,82.06,82.16,6561.264915
2026-04-09 00:45:00,82.19,82.24,82.08,82.22,3450.922514
2026-04-09 00:50:00,82.22,82.25,82.1,82.19,875.407915
2026-04-09 00:55:00,82.2,82.31,82.17,82.21,3522.357065
2026-04-09 01:00:00,82.21,82.28,82.13,82.2,3780.3983
2026-04-09 01:05:00,82.22,82.24,81.71,81.9,27681.415498
2026-04-09 01:10:00,81.89,82.01,81.86,81.98,1855.470286
2026-04-09 01:15:00,81.99,82.05,81.94,82.02,1631.364931
2026-04-09 01:20:00,82.01,82.08,81.78,81.85,1918.735013
2026-04-09 01:25:00,81.86,82.0,81.84,81.93,1530.7826
2026-04-09 01:30:00,81.93,82.38,81.84,82.27,6220.422033
2026-04-09 01:35:00,82.26,82.27,81.94,82.04,16163.667763
2026-04-09 01:40:00,82.04,82.04,81.94,81.95,1350.191948
2026-04-09 01:45:00,81.96,82.09,81.88,82.08,1331.555886
2026-04-09 01:50:00,82.09,82.24,82.09,82.21,2262.711925
2026-04-09 01:55:00,82.21,82.26,82.16,82.23,2143.67179
2026-04-09 02:00:00,82.24,82.34,82.14,82.14,2341.085679
2026-04-09 02:05:00,82.16,82.25,82.14,82.24,1203.869207
2026-04-09 02:10:00,82.24,82.28,82.12,82.14,1410.871134
2026-04-09 02:15:00,82.16,82.36,82.12,82.36,924.01069
2026-04-09 02:20:00,82.36,82.37,82.25,82.34,1532.092144
2026-04-09 02:25:00,82.35,82.44,82.32,82.38,567.020969
2026-04-09 02:30:00,82.38,82.38,82.31,82.33,1412.071473
2026-04-09 02:35:00,82.32,82.33,82.21,82.25,893.678228
2026-04-09 02:40:00,82.25,82.25,82.07,82.22,903.923187
2026-04-09 02:45:00,82.22,82.34,82.17,82.2,1256.502381
2026-04-09 02:50:00,82.21,82.27,82.17,82.2,789.288086
2026-04-09 02:55:00,82.18,82.22,82.12,82.13,1213.869071
2026-04-09 03:00:00,82.14,82.16,82.11,82.13,301.31084
2026-04-09 03:05:00,82.14,82.19,82.03,82.06,1169.353547
2026-04-09 03:10:00,82.06,82.06,81.95,81.98,2762.796583
2026-04-09 03:15:00,81.98,82.02,81.89,81.96,2466.710818
2026-04-09 03:20:00,81.96,82.14,81.87,82.12,9979.932315
2026-04-09 03:25:00,82.13,82.14,81.92,81.98,875.251455
2026-04-09 03:30:00,81.97,82.08,81.97,82.04,1373.743379
2026-04-09 03:35:00,82.05,82.1,82.04,82.08,268.850207
2026-04-09 03:40:00,82.08,82.08,81.96,82.01,1444.277053
2026-04-09 03:45:00,82.01,82.12,81.94,82.12,1131.510968
2026-04-09 03:50:00,82.12,82.18,82.07,82.09,886.512819
2026-04-09 03:55:00,82.08,82.1,82.03,82.04,620.294367
2026-04-09 04:00:00,82.03,82.03,81.95,82.01,981.705945
2026-04-09 04:05:00,81.99,82.03,81.92,81.92,2451.197711
2026-04-09 04:10:00,81.93,81.97,81.92,81.93,400.595618
2026-04-09 04:15:00,81.93,81.94,81.89,81.93,282.590994
2026-04-09 04:20:00,81.94,81.94,81.88,81.91,527.35986
2026-04-09 04:25:00,81.91,81.93,81.83,81.89,5300.367819
2026-04-09 04:30:00,81.9,81.95,81.85,81.95,702.600624
2026-04-09 04:35:00,81.96,81.99,81.91,81.99,1155.751186
2026-04-09 04:40:00,81.98,82.04,81.98,82.0,977.654201
2026-04-09 04:45:00,82.0,82.02,81.86,81.88,2398.563136
2026-04-09 04:50:00,81.89,81.95,81.88,81.9,712.087346
2026-04-09 04:55:00,81.89,81.93,81.84,81.85,564.265671
2026-04-09 05:00:00,81.85,81.88,81.74,81.88,2444.500576
2026-04-09 05:05:00,81.87,81.93,81.86,81.9,1232.666665
2026-04-09 05:10:00,81.9,81.93,81.81,81.93,632.117802
2026-04-09 05:15:00,81.93,81.99,81.87,81.99,523.537563
2026-04-09 05:20:00,81.99,82.06,81.92,81.95,711.439249
2026-04-09 05:25:00,81.98,82.07,81.96,82.05,1693.042675
2026-04-09 05:30:00,82.05,82.16,82.03,82.16,944.191902
2026-04-09 05:35:00,82.16,82.32,82.13,82.3,2151.445859
2026-04-09 05:40:00,82.3,82.3,82.21,82.27,814.074412
2026-04-09 05:45:00,82.26,82.26,82.1,82.12,868.559206
2026-04-09 05:50:00,82.12,82.12,82.06,82.1,567.409557
2026-04-09 05:55:00,82.1,82.16,82.05,82.16,1809.48851
2026-04-09 06:00:00,82.16,82.35,82.16,82.27,1264.195953
2026-04-09 06:05:00,82.27,82.34,82.23,82.25,1737.475632
2026-04-09 06:10:00,82.24,82.29,82.22,82.24,480.608215
2026-04-09 06:15:00,82.23,82.24,82.13,82.16,498.665513
2026-04-09 06:20:00,82.15,82.16,82.07,82.09,1267.855006
2026-04-09 06:25:00,82.09,82.1,81.99,81.99,1253.777756
2026-04-09 06:30:00,81.99,82.13,81.86,82.07,6397.55058
2026-04-09 06:35:00,82.07,82.16,82.04,82.04,464.950108
2026-04-09 06:40:00,82.08,82.11,82.06,82.08,1277.602482
2026-04-09 06:45:00,82.06,82.11,82.06,82.1,577.301186
2026-04-09 06:50:00,82.1,82.16,82.07,82.15,705.892951
2026-04-09 06:55:00,82.14,82.18,82.14,82.18,125.116184
2026-04-09 07:00:00,82.18,82.33,82.18,82.31,1649.192141
2026-04-09 07:05:00,82.31,82.32,82.28,82.32,745.497035
2026-04-09 07:10:00,82.32,82.34,82.29,82.34,341.950439
2026-04-09 07:15:00,82.34,82.38,82.26,82.31,987.267006
2026-04-09 07:20:00,82.32,82.32,82.24,82.27,538.723271
2026-04-09 07:25:00,82.26,82.28,82.26,82.27,313.1396
2026-04-09 07:30:00,82.27,82.45,82.25,82.44,1530.785777
2026-04-09 07:35:00,82.45,82.47,82.42,82.44,568.591893
2026-04-09 07:40:00,82.45,82.45,82.29,82.36,1001.245874
2026-04-09 07:45:00,82.36,82.4,82.31,82.33,500.81847
2026-04-09 07:50:00,82.33,82.37,82.3,82.31,11467.238747
2026-04-09 07:55:00,82.32,82.36,82.27,82.28,686.349887
2026-04-09 08:00:00,82.28,82.4,82.2,82.39,3474.916945
2026-04-09 08:05:00,82.37,82.4,82.29,82.29,536.643606
2026-04-09 08:10:00,82.3,82.3,82.16,82.21,1310.924471
2026-04-09 08:15:00,82.2,82.26,82.16,82.23,1034.461728
2026-04-09 08:20:00,82.25,82.39,82.23,82.39,562.308946
2026-04-09 08:25:00,82.38,82.42,82.34,82.35,581.196093
2026-04-09 08:30:00,82.35,82.48,82.35,82.45,631.766771
2026-04-09 08:35:00,82.44,82.51,82.42,82.51,680.023128
2026-04-09 08:40:00,82.5,82.6,82.46,82.58,3461.183801
2026-04-09 08:45:00,82.57,82.64,82.48,82.49,3521.33359
2026-04-09 08:50:00,82.5,82.5,82.38,82.45,706.344114
2026-04-09 08:55:00,82.46,82.51,82.43,82.46,908.168483
2026-04-09 09:00:00,82.46,82.47,82.33,82.38,825.505698
2026-04-09 09:05:00,82.38,82.4,82.23,82.25,5667.030535
2026-04-09 09:10:00,82.24,82.32,82.19,82.32,4211.729943
2026-04-09 09:15:00,82.33,82.52,82.32,82.49,2744.519464
2026-04-09 09:20:00,82.47,82.48,82.4,82.45,1043.864693
2026-04-09 09:25:00,82.44,82.5,82.41,82.49,448.189175
2026-04-09 09:30:00,82.49,82.59,82.47,82.49,2273.247332
2026-04-09 09:35:00,82.5,82.51,82.21,82.24,4076.936636
2026-04-09 09:40:00,82.24,82.24,82.1,82.23,3878.002921
2026-04-09 09:45:00,82.23,82.35,82.22,82.27,1327.950312
2026-04-09 09:50:00,82.28,82.46,82.24,82.46,971.760416
2026-04-09 09:55:00,82.46,82.67,82.46,82.59,4326.14802
2026-04-09 10:00:00,82.6,82.61,82.55,82.6,607.376469
2026-04-09 10:05:00,82.6,82.6,82.43,82.44,1493.248446
2026-04-09 10:10:00,82.43,82.44,82.36,82.4,1000.277769
2026-04-09 10:15:00,82.41,82.49,82.4,82.46,475.025676
2026-04-09 10:20:00,82.45,82.55,82.45,82.55,405.676891
2026-04-09 10:25:00,82.56,82.59,82.52,82.54,3358.239956
2026-04-09 10:30:00,82.53,82.56,82.46,82.55,315.526575
2026-04-09 10:35:00,82.55,82.59,82.51,82.56,818.292264
2026-04-09 10:40:00,82.57,82.63,82.55,82.58,1166.947212
2026-04-09 10:45:00,82.58,82.66,82.56,82.64,4111.310932
2026-04-09 10:50:00,82.65,82.65,82.49,82.56,685.306431
2026-04-09 10:55:00,82.56,82.64,82.56,82.58,520.665819
2026-04-09 11:00:00,82.58,82.71,82.46,82.48,10647.068271
2026-04-09 11:05:00,82.47,82.53,82.43,82.43,936.468076
2026-04-09 11:10:00,82.42,82.42,82.3,82.3,2382.711388
2026-04-09 11:15:00,82.3,82.31,82.17,82.21,1416.344924
2026-04-09 11:20:00,82.23,82.29,82.17,82.19,1880.15944
2026-04-09 11:25:00,82.19,82.23,82.03,82.17,10460.678212
2026-04-09 11:30:00,82.18,82.29,82.18,82.21,1716.779299
2026-04-09 11:35:00,82.22,82.22,82.14,82.22,1074.853159
2026-04-09 11:40:00,82.23,82.28,82.19,82.24,874.973753
2026-04-09 11:45:00,82.24,82.33,82.22,82.33,918.440094
2026-04-09 11:50:00,82.32,82.34,82.26,82.26,261.005124
2026-04-09 11:55:00,82.26,82.26,82.15,82.16,2343.386274
2026-04-09 12:00:00,82.17,82.23,82.16,82.18,2113.121417
2026-04-09 12:05:00,82.18,82.3,82.17,82.28,603.022751
2026-04-09 12:10:00,82.28,82.31,82.22,82.22,288.752316
2026-04-09 12:15:00,82.23,82.28,82.22,82.24,997.748063
2026-04-09 12:20:00,82.23,82.23,82.07,82.12,3008.51072
2026-04-09 12:25:00,82.12,82.35,82.12,82.17,4077.340324
2026-04-09 12:30:00,82.17,82.25,81.97,82.24,7902.389478
2026-04-09 12:35:00,82.24,82.31,82.14,82.16,1436.930336
2026-04-09 12:40:00,82.15,82.39,82.11,82.27,2693.559193
2026-04-09 12:45:00,82.25,82.28,82.05,82.18,933.376401
2026-04-09 12:50:00,82.19,82.2,82.15,82.17,227.248138
2026-04-09 12:55:00,82.18,82.32,82.18,82.27,5007.088447
2026-04-09 13:00:00,82.28,82.36,82.22,82.24,832.024098
2026-04-09 13:05:00,82.25,82.27,82.16,82.18,765.771175
2026-04-09 13:10:00,82.17,82.24,82.17,82.2,542.37313
2026-04-09 13:15:00,82.2,82.23,82.18,82.2,499.031792
2026-04-09 13:20:00,82.2,82.22,82.14,82.16,2664.030926
2026-04-09 13:25:00,82.17,82.29,82.16,82.29,1750.672152
2026-04-09 13:30:00,82.3,82.41,82.05,82.08,2686.443963
2026-04-09 13:35:00,82.08,82.21,81.81,81.98,6760.510537
2026-04-09 13:40:00,81.96,82.1,81.85,81.97,4132.451928
2026-04-09 13:45:00,81.98,82.0,81.78,81.91,3285.556325
2026-04-09 13:50:00,81.9,81.92,81.68,81.73,2320.854869
2026-04-09 13:55:00,81.72,81.88,81.58,81.85,4912.007247
2026-04-09 14:00:00,81.86,81.89,81.74,81.77,1566.275211
2026-04-09 14:05:00,81.77,81.8,81.7,81.7,948.932183
2026-04-09 14:10:00,81.69,81.98,81.64,81.91,1893.564264
2026-04-09 14:15:00,81.91,81.95,81.59,81.62,2101.72623
2026-04-09 14:20:00,81.63,81.73,81.58,81.71,2080.773177
2026-04-09 14:25:00,81.71,81.74,81.42,81.58,5810.954775
2026-04-09 14:30:00,81.58,81.64,81.52,81.63,2305.10171
2026-04-09 14:35:00,81.63,81.8,81.53,81.77,1225.186371
2026-04-09 14:40:00,81.77,81.9,81.75,81.86,976.628807
2026-04-09 14:45:00,81.87,82.13,81.87,82.1,3882.123483
2026-04-09 14:50:00,82.1,82.3,82.08,82.17,2177.074941
2026-04-09 14:55:00,82.16,82.25,82.06,82.18,1778.824029
2026-04-09 15:00:00,82.19,82.2,81.98,82.04,2879.3456
2026-04-09 15:05:00,82.06,82.06,81.91,81.94,1475.344294
2026-04-09 15:10:00,81.92,82.52,81.92,82.46,2394.641482
2026-04-09 15:15:00,82.48,82.68,82.38,82.4,3453.517755
2026-04-09 15:20:00,82.41,82.61,82.35,82.44,3753.161068
2026-04-09 15:25:00,82.42,82.46,82.27,82.3,1363.318451
2026-04-09 15:30:00,82.29,83.31,82.23,83.28,12243.676409
2026-04-09 15:35:00,83.27,83.56,83.02,83.08,12828.10898
2026-04-09 15:40:00,83.08,83.45,83.02,83.37,7681.110688
2026-04-09 15:45:00,83.37,83.85,83.32,83.49,16075.674361
2026-04-09 15:50:00,83.48,83.87,83.42,83.82,36813.959433
2026-04-09 15:55:00,83.83,83.93,83.65,83.76,10275.065582
2026-04-09 16:00:00,83.76,84.24,83.76,84.07,10860.303634
2026-04-09 16:05:00,84.09,84.09,83.76,83.81,6165.673333
2026-04-09 16:10:00,83.8,83.97,83.72,83.76,7015.467944
2026-04-09 16:15:00,83.77,84.11,83.73,84.06,3152.932321
2026-04-09 16:20:00,84.05,84.05,83.78,83.84,8321.523274
2026-04-09 16:25:00,83.84,83.92,83.62,83.62,2499.054896
2026-04-09 16:30:00,83.62,83.65,83.41,83.41,4679.351664
2026-04-09 16:35:00,83.42,83.52,82.98,83.14,6544.015388
2026-04-09 16:40:00,83.15,83.36,83.1,83.36,5047.450758
2026-04-09 16:45:00,83.36,83.39,82.93,83.01,6868.155733
2026-04-09 16:50:00,83.03,83.28,83.0,83.19,762.046039
2026-04-09 16:55:00,83.21,83.69,83.21,83.69,5545.172481
2026-04-09 17:00:00,83.7,84.3,83.67,84.06,17963.981301
2026-04-09 17:05:00,84.07,84.14,83.94,84.02,3092.325819
2026-04-09 17:10:00,84.01,84.12,83.97,84.07,2205.991776
2026-04-09 17:15:00,84.08,84.2,84.02,84.04,10755.752518
2026-04-09 17:20:00,84.06,84.11,83.94,83.99,1530.673186
2026-04-09 17:25:00,84.0,84.16,83.79,84.07,4265.66701
2026-04-09 17:30:00,84.08,84.08,83.8,84.0,3289.613769
2026-04-09 17:35:00,84.0,84.54,84.0,84.5,7912.785824
2026-04-09 17:40:00,84.49,84.5,84.33,84.42,3905.087302
2026-04-09 17:45:00,84.41,84.49,84.32,84.36,5021.705874
2026-04-09 17:50:00,84.35,84.65,84.3,84.59,6013.099219
2026-04-09 17:55:00,84.59,84.71,84.48,84.67,5022.366241
2026-04-09 18:00:00,84.68,84.72,84.07,84.22,28584.081877
2026-04-09 18:05:00,84.24,84.51,84.13,84.3,21348.749984
2026-04-09 18:10:00,84.31,84.33,83.94,83.98,3782.10977
2026-04-09 18:15:00,83.99,84.1,83.88,83.89,8099.157677
2026-04-09 18:20:00,83.89,83.92,83.75,83.81,6606.186127
2026-04-09 18:25:00,83.83,84.05,83.72,83.96,2724.377815
2026-04-09 18:30:00,83.96,84.02,83.67,83.82,7606.851216
2026-04-09 18:35:00,83.83,83.99,83.81,83.92,3688.909947
2026-04-09 18:40:00,83.91,83.95,83.68,83.71,6108.261273
2026-04-09 18:45:00,83.7,83.75,83.45,83.75,9266.877269
2026-04-09 18:50:00,83.75,83.95,83.64,83.95,5542.980401
2026-04-09 18:55:00,83.96,84.07,83.85,83.85,2043.997028
2026-04-09 19:00:00,83.84,84.03,83.7,84.03,2246.123557
2026-04-09 19:05:00,84.01,84.15,83.89,84.12,1559.086419
2026-04-09 19:10:00,84.1,84.22,83.97,84.01,1877.05862
2026-04-09 19:15:00,84.01,84.07,83.79,83.79,1391.350475
2026-04-09 19:20:00,83.79,83.82,83.43,83.45,4042.893874
2026-04-09 19:25:00,83.46,83.61,83.45,83.59,3017.528786
2026-04-09 19:30:00,83.59,83.88,83.59,83.61,9783.955981
2026-04-09 19:35:00,83.61,83.86,83.57,83.86,929.199459
2026-04-09 19:40:00,83.86,84.08,83.8,84.02,4008.349691
2026-04-09 19:45:00,84.04,84.2,84.04,84.1,1252.978901
2026-04-09 19:50:00,84.09,84.21,84.01,84.06,2534.359561
2026-04-09 19:55:00,84.04,84.31,83.85,84.17,8280.12186
2026-04-09 20:00:00,84.14,84.35,84.11,84.26,3629.262846
2026-04-09 20:05:00,84.25,84.32,84.23,84.31,675.759146
2026-04-09 20:10:00,84.3,84.37,84.26,84.35,1028.950239
2026-04-09 20:15:00,84.34,84.47,84.28,84.44,4005.201255
2026-04-09 20:20:00,84.43,84.53,84.38,84.43,1049.568443
2026-04-09 20:25:00,84.41,84.44,84.32,84.37,1120.028704
2026-04-09 20:30:00,84.36,84.46,84.31,84.44,796.855036
2026-04-09 20:35:00,84.45,84.48,84.25,84.27,645.46884
2026-04-09 20:40:00,84.27,84.38,84.23,84.27,1529.468193
2026-04-09 20:45:00,84.27,84.27,84.17,84.18,892.833054
2026-04-09 20:50:00,84.18,84.41,84.1,84.4,2361.598224
2026-04-09 20:55:00,84.4,84.45,84.26,84.27,3977.107755
2026-04-09 21:00:00,84.28,84.51,84.19,84.48,841.948725
2026-04-09 21:05:00,84.47,84.74,84.24,84.24,5389.08967
2026-04-09 21:10:00,84.24,84.34,84.18,84.29,840.669542
2026-04-09 21:15:00,84.3,84.37,84.25,84.32,559.762109
2026-04-09 21:20:00,84.31,84.36,84.16,84.34,1527.996804
2026-04-09 21:25:00,84.33,84.43,84.26,84.26,641.497013
2026-04-09 21:30:00,84.24,84.35,84.2,84.33,1002.006831
2026-04-09 21:35:00,84.32,84.38,84.23,84.31,2348.097391
2026-04-09 21:40:00,84.31,84.49,84.31,84.41,2139.46754
2026-04-09 21:45:00,84.43,84.53,84.41,84.48,2953.163027
2026-04-09 21:50:00,84.48,84.48,84.33,84.33,358.372323
2026-04-09 21:55:00,84.34,84.36,84.2,84.27,2045.360785
2026-04-09 22:00:00,84.28,84.41,84.17,84.34,1626.149632
2026-04-09 22:05:00,84.36,84.55,84.26,84.55,4786.671635
2026-04-09 22:10:00,84.55,84.69,84.47,84.68,2021.82923
2026-04-09 22:15:00,84.68,85.96,84.68,85.42,30401.058932
2026-04-09 22:20:00,85.41,85.49,85.08,85.2,5972.542241
2026-04-09 22:25:00,85.2,85.2,84.85,84.92,4187.944449
2026-04-09 22:30:00,84.91,84.95,84.75,84.78,3164.045224
2026-04-09 22:35:00,84.77,84.78,84.48,84.48,3341.314059
2026-04-09 22:40:00,84.49,84.62,84.41,84.46,4287.798479
2026-04-09 22:45:00,84.46,84.62,84.27,84.58,5813.489772
2026-04-09 22:50:00,84.57,84.57,84.08,84.2,4396.116773
2026-04-09 22:55:00,84.2,84.26,83.96,84.0,4583.057646
2026-04-09 23:00:00,83.99,84.07,83.84,83.92,5765.791536
2026-04-09 23:05:00,83.92,84.05,83.92,83.92,2371.09137
2026-04-09 23:10:00,83.92,83.95,83.55,83.68,3626.425402
2026-04-09 23:15:00,83.69,83.81,83.42,83.67,2971.856255
2026-04-09 23:20:00,83.7,83.78,83.64,83.65,3285.082923
2026-04-09 23:25:00,83.63,83.63,83.5,83.5,1823.978617
2026-04-09 23:30:00,83.49,83.49,83.15,83.29,4494.123971
2026-04-09 23:35:00,83.3,83.32,83.17,83.31,4929.989716
2026-04-09 23:40:00,83.32,83.43,83.28,83.33,3065.469304
2026-04-09 23:45:00,83.32,83.41,83.22,83.3,2518.796846
2026-04-09 23:50:00,83.29,83.35,83.23,83.3,1030.797992
2026-04-09 23:55:00,83.32,83.36,83.26,83.34,1374.581704
2026-04-10 00:00:00,83.36,83.37,83.13,83.18,3077.874225
2026-04-10 00:05:00,83.2,83.28,83.05,83.22,3544.502059
2026-04-10 00:10:00,83.22,83.26,83.07,83.19,3348.688163
2026-04-10 00:15:00,83.17,83.22,82.9,82.96,3254.004855
2026-04-10 00:20:00,82.96,83.12,82.9,82.99,2400.230743
2026-04-10 00:25:00,83.0,83.18,82.94,83.18,1515.642574
2026-04-10 00:30:00,83.16,83.28,83.07,83.17,1891.114776
2026-04-10 00:35:00,83.15,83.22,82.95,83.03,2500.704295
2026-04-10 00:40:00,83.03,83.16,83.01,83.1,1333.190259
2026-04-10 00:45:00,83.1,83.2,83.04,83.14,435.279419
2026-04-10 00:50:00,83.14,83.24,83.07,83.09,782.738726
2026-04-10 00:55:00,83.09,83.14,83.02,83.13,1589.238521
2026-04-10 01:00:00,83.13,83.13,82.93,83.07,1958.132025
2026-04-10 01:05:00,83.08,83.23,82.94,83.23,9457.772602
2026-04-10 01:10:00,83.24,83.4,83.18,83.29,1515.224837
2026-04-10 01:15:00,83.28,83.41,83.28,83.33,665.22297
2026-04-10 01:20:00,83.35,83.35,82.83,83.18,3516.726204
2026-04-10 01:25:00,83.17,83.25,83.14,83.23,3874.25997
2026-04-10 01:30:00,83.23,83.56,83.2,83.54,2407.192634
2026-04-10 01:35:00,83.56,83.79,83.53,83.54,6734.763076
2026-04-10 01:40:00,83.54,83.61,83.4,83.45,4837.621769
2026-04-10 01:45:00,83.44,83.51,83.38,83.45,1303.89526
2026-04-10 01:50:00,83.45,83.6,83.43,83.43,1817.117786
2026-04-10 01:55:00,83.44,83.48,83.13,83.15,7929.437929
2026-04-10 02:00:00,83.15,83.26,83.11,83.23,3038.300381
2026-04-10 02:05:00,83.22,83.4,83.22,83.37,423.742406
2026-04-10 02:10:00,83.36,83.41,83.29,83.36,212.781081
2026-04-10 02:15:00,83.36,83.4,83.3,83.32,1537.698284
2026-04-10 02:20:00,83.33,83.43,83.33,83.34,675.355604
2026-04-10 02:25:00,83.35,83.45,83.35,83.43,1105.530185
2026-04-10 02:30:00,83.42,83.44,83.33,83.43,671.755279
2026-04-10 02:35:00,83.43,83.45,83.36,83.4,639.655747
2026-04-10 02:40:00,83.39,83.42,83.31,83.4,426.097232
2026-04-10 02:45:00,83.4,83.4,83.21,83.22,1759.633298
2026-04-10 02:50:00,83.21,83.26,83.04,83.11,4439.149243
2026-04-10 02:55:00,83.12,83.28,83.04,83.27,4667.955733
2026-04-10 03:00:00,83.26,83.3,83.06,83.18,9844.295635
2026-04-10 03:05:00,83.17,83.22,83.1,83.13,923.571385
2026-04-10 03:10:00,83.12,83.18,83.07,83.07,2188.549822
2026-04-10 03:15:00,83.08,83.15,83.04,83.09,930.44347
2026-04-10 03:20:00,83.08,83.09,82.8,82.84,3644.178638
2026-04-10 03:25:00,82.84,82.88,82.66,82.8,4106.381287
2026-04-10 03:30:00,82.81,82.91,82.81,82.89,1195.145049
2026-04-10 03:35:00,82.88,82.99,82.87,82.94,541.929884
2026-04-10 03:40:00,82.94,83.03,82.93,83.01,801.19266
2026-04-10 03:45:00,83.0,83.08,82.93,82.94,1022.987832
2026-04-10 03:50:00,82.93,82.98,82.85,82.97,1817.050594
2026-04-10 03:55:00,82.97,82.97,82.87,82.9,759.78212
2026-04-10 04:00:00,82.9,82.97,82.9,82.93,844.575193
2026-04-10 04:05:00,82.93,83.01,82.9,82.99,2424.378394
2026-04-10 04:10:00,83.0,83.04,82.99,83.0,571.20134
2026-04-10 04:15:00,82.99,83.08,82.98,83.0,1387.583837
2026-04-10 04:20:00,83.01,83.14,83.01,83.06,1626.734362
2026-04-10 04:25:00,83.05,83.16,83.03,83.1,3028.495523
2026-04-10 04:30:00,83.12,83.17,83.01,83.15,2873.642145
2026-04-10 04:35:00,83.12,83.18,83.07,83.13,644.317232
2026-04-10 04:40:00,83.13,83.13,83.08,83.12,609.247515
2026-04-10 04:45:00,83.12,83.19,83.11,83.16,426.113074
2026-04-10 04:50:00,83.15,83.52,83.12,83.38,5396.618831
2026-04-10 04:55:00,83.38,83.41,83.27,83.34,6540.40245
2026-04-10 05:00:00,83.35,83.39,83.25,83.37,1633.487907
2026-04-10 05:05:00,83.39,83.47,83.22,83.28,1039.941014
2026-04-10 05:10:00,83.27,83.27,83.11,83.24,2799.511757
2026-04-10 05:15:00,83.26,83.29,83.18,83.29,1158.76532
2026-04-10 05:20:00,83.29,83.45,83.28,83.45,1381.472544
2026-04-10 05:25:00,83.45,83.55,83.45,83.49,1853.716009
2026-04-10 05:30:00,83.49,83.58,83.47,83.48,1123.877349
2026-04-10 05:35:00,83.5,83.59,83.47,83.58,1022.584636
2026-04-10 05:40:00,83.59,83.6,83.43,83.45,1447.79591
2026-04-10 05:45:00,83.45,83.5,83.44,83.48,623.728751
2026-04-10 05:50:00,83.48,83.53,83.36,83.36,1920.258993
2026-04-10 05:55:00,83.35,83.39,83.29,83.39,1148.809795
2026-04-10 06:00:00,83.4,83.43,83.34,83.42,238.956745
2026-04-10 06:05:00,83.43,83.47,83.38,83.41,422.577684
2026-04-10 06:10:00,83.39,83.46,83.31,83.46,1209.41423
2026-04-10 06:15:00,83.45,83.45,83.26,83.29,465.458764
2026-04-10 06:20:00,83.29,83.37,83.25,83.35,389.952122
2026-04-10 06:25:00,83.34,83.34,83.27,83.32,371.208839
2026-04-10 06:30:00,83.33,83.33,83.2,83.25,943.264019
2026-04-10 06:35:00,83.26,83.33,83.14,83.32,2668.358204
2026-04-10 06:40:00,83.3,83.3,83.19,83.2,1097.671988
2026-04-10 06:45:00,83.2,83.26,83.16,83.17,620.995203
2026-04-10 06:50:00,83.17,83.22,83.11,83.2,954.017305
2026-04-10 06:55:00,83.18,83.2,83.15,83.19,677.066037
2026-04-10 07:00:00,83.2,83.25,83.16,83.2,1027.367382
2026-04-10 07:05:00,83.2,83.26,83.18,83.24,1029.484068
2026-04-10 07:10:00,83.24,83.27,83.14,83.15,342.899227
2026-04-10 07:15:00,83.15,83.25,83.14,83.22,838.817689
2026-04-10 07:20:00,83.23,83.24,83.16,83.21,756.401392
2026-04-10 07:25:00,83.2,83.21,83.15,83.18,193.191228
2026-04-10 07:30:00,83.19,83.27,83.15,83.21,517.041806
2026-04-10 07:35:00,83.21,83.22,83.11,83.17,5543.636982
2026-04-10 07:40:00,83.17,83.17,83.1,83.13,850.658845
2026-04-10 07:45:00,83.12,83.15,83.03,83.04,1528.997272
2026-04-10 07:50:00,83.04,83.08,82.89,82.92,5738.87629
2026-04-10 07:55:00,82.92,82.98,82.91,82.97,1099.303678
2026-04-10 08:00:00,82.97,82.98,82.86,82.88,1680.653227
2026-04-10 08:05:00,82.88,83.04,82.86,83.04,6209.09982
2026-04-10 08:10:00,83.05,83.11,82.98,83.0,872.921444
2026-04-10 08:15:00,82.99,83.02,82.9,82.98,1248.778372
2026-04-10 08:20:00,82.98,82.98,82.9,82.94,770.939672
2026-04-10 08:25:00,82.95,82.99,82.94,82.95,802.579718
2026-04-10 08:30:00,82.94,83.07,82.92,82.98,574.339893
2026-04-10 08:35:00,82.97,83.1,82.95,83.08,3279.736309
2026-04-10 08:40:00,83.09,83.11,82.97,82.97,1967.852713
2026-04-10 08:45:00,82.96,82.96,82.74,82.78,10778.502307
2026-04-10 08:50:00,82.78,82.93,82.73,82.93,4474.122919
2026-04-10 08:55:00,82.92,82.97,82.89,82.92,400.891238
2026-04-10 09:00:00,82.93,83.09,82.91,83.07,997.561222
2026-04-10 09:05:00,83.08,83.18,83.07,83.15,1229.518107
2026-04-10 09:10:00,83.13,83.22,83.11,83.22,521.393025
2026-04-10 09:15:00,83.22,83.47,83.13,83.36,7705.408949
2026-04-10 09:20:00,83.35,83.48,83.33,83.41,2749.431758
2026-04-10 09:25:00,83.41,83.44,83.36,83.39,1949.22135
2026-04-10 09:30:00,83.4,83.43,83.35,83.41,1539.434729
2026-04-10 09:35:00,83.4,83.46,83.37,83.41,1154.333484
2026-04-10 09:40:00,83.41,83.42,83.35,83.41,954.013384
2026-04-10 09:45:00,83.41,83.42,83.36,83.37,847.278955
2026-04-10 09:50:00,83.38,83.43,83.37,83.43,1562.295053
2026-04-10 09:55:00,83.42,83.59,83.4,83.52,14153.098937
2026-04-10 10:00:00,83.52,83.55,83.49,83.51,2262.214557
2026-04-10 10:05:00,83.51,83.53,83.42,83.51,1517.243751
2026-04-10 10:10:00,83.5,83.52,83.48,83.48,904.660764
2026-04-10 10:15:00,83.47,83.48,83.4,83.45,1430.83259
2026-04-10 10:20:00,83.45,83.45,83.29,83.29,977.237844
2026-04-10 10:25:00,83.29,83.35,83.23,83.23,990.022152
2026-04-10 10:30:00,83.23,83.32,83.23,83.28,1861.527649
2026-04-10 10:35:00,83.28,83.3,83.2,83.3,2110.284081
2026-04-10 10:40:00,83.28,83.35,83.18,83.19,2125.528023
2026-04-10 10:45:00,83.18,83.24,83.16,83.19,2717.726109
2026-04-10 10:50:00,83.2,83.34,83.12,83.3,4754.143948
2026-04-10 10:55:00,83.31,83.35,83.27,83.32,443.960442
2026-04-10 11:00:00,83.32,83.48,83.32,83.42,1228.476971
2026-04-10 11:05:00,83.43,83.68,83.4,83.63,4686.490224
2026-04-10 11:10:00,83.63,83.69,83.58,83.69,999.332854
2026-04-10 11:15:00,83.69,83.69,83.57,83.63,2261.625322
2026-04-10 11:20:00,83.63,83.68,83.58,83.66,1579.631607
2026-04-10 11:25:00,83.66,83.66,83.56,83.64,2314.172943
2026-04-10 11:30:00,83.64,83.66,83.45,83.56,3081.81101
2026-04-10 11:35:00,83.57,83.74,83.56,83.7,3932.220979
2026-04-10 11:40:00,83.71,83.74,83.59,83.61,2237.371636
2026-04-10 11:45:00,83.61,83.73,83.57,83.7,1014.650613
2026-04-10 11:50:00,83.7,83.71,83.61,83.63,1199.65821
2026-04-10 11:55:00,83.62,83.62,83.51,83.53,405.576941
2026-04-10 12:00:00,83.54,83.64,83.49,83.64,1631.319881
2026-04-10 12:05:00,83.65,83.7,83.55,83.57,922.881648
2026-04-10 12:10:00,83.56,83.59,83.53,83.55,944.405556
2026-04-10 12:15:00,83.55,83.66,83.5,83.63,558.829843
2026-04-10 12:20:00,83.64,83.82,83.5,83.55,2198.349782
2026-04-10 12:25:00,83.54,83.79,83.35,83.67,15046.658994
2026-04-10 12:30:00,83.66,83.95,83.37,83.86,24704.13514
2026-04-10 12:35:00,83.85,84.22,83.76,84.21,10947.001391
2026-04-10 12:40:00,84.22,84.43,84.13,84.13,6587.701455
2026-04-10 12:45:00,84.14,84.37,84.13,84.35,1791.159312
2026-04-10 12:50:00,84.34,84.39,84.13,84.13,4059.852418
2026-04-10 12:55:00,84.15,84.19,84.08,84.11,2070.00039
2026-04-10 13:00:00,84.11,84.13,84.01,84.01,1401.673773
2026-04-10 13:05:00,84.01,84.05,83.9,84.01,2132.133945
2026-04-10 13:10:00,83.99,84.09,83.97,84.05,1049.312942
2026-04-10 13:15:00,84.04,84.14,83.94,84.08,6242.94589
2026-04-10 13:20:00,84.08,84.22,84.04,84.12,1138.776708
2026-04-10 13:25:00,84.12,84.17,84.05,84.06,592.008018
2026-04-10 13:30:00,84.07,84.2,83.82,83.83,4503.461014
2026-04-10 13:35:00,83.84,83.86,83.58,83.64,5273.064973
2026-04-10 13:40:00,83.64,83.84,83.61,83.84,788.590787
2026-04-10 13:45:00,83.85,84.34,83.81,84.3,2556.572982
2026-04-10 13:50:00,84.29,84.31,84.06,84.23,1619.180046
2026-04-10 13:55:00,84.21,84.38,84.19,84.26,20033.717998
2026-04-10 14:00:00,84.26,84.35,84.18,84.26,1697.405989
2026-04-10 14:05:00,84.26,84.48,84.19,84.23,7271.079069
2026-04-10 14:10:00,84.23,84.7,84.2,84.6,6138.255776
2026-04-10 14:15:00,84.61,84.77,84.53,84.67,6388.302627
2026-04-10 14:20:00,84.68,85.06,84.68,85.06,7951.683828
2026-04-10 14:25:00,85.06,85.11,84.82,84.94,4817.23438
2026-04-10 14:30:00,84.92,85.23,84.92,85.08,5810.91749
2026-04-10 14:35:00,85.07,85.22,84.99,85.08,3791.890705
2026-04-10 14:40:00,85.08,85.09,84.66,84.8,13440.504023
2026-04-10 14:45:00,84.8,84.93,84.74,84.8,3502.489994
2026-04-10 14:50:00,84.81,85.14,84.81,85.04,2183.336559
2026-04-10 14:55:00,85.04,85.1,84.95,85.09,4164.622894
2026-04-10 15:00:00,85.08,85.29,85.07,85.14,4377.804037
2026-04-10 15:05:00,85.14,85.26,85.02,85.2,2472.178732
2026-04-10 15:10:00,85.21,85.35,85.13,85.13,4870.123598
2026-04-10 15:15:00,85.14,85.17,84.98,85.1,2561.035178
2026-04-10 15:20:00,85.1,85.58,85.09,85.51,4521.086812
2026-04-10 15:25:00,85.52,85.52,84.84,84.84,4624.516588
2026-04-10 15:30:00,84.85,84.94,84.75,84.77,6466.296752
2026-04-10 15:35:00,84.76,84.8,84.67,84.71,2806.360991
2026-04-10 15:40:00,84.71,84.71,84.48,84.68,4095.05353
2026-04-10 15:45:00,84.65,84.71,84.36,84.43,2955.459377
2026-04-10 15:50:00,84.44,84.56,84.39,84.42,2658.910694
2026-04-10 15:55:00,84.42,84.45,84.07,84.23,7771.208865
2026-04-10 16:00:00,84.24,84.34,84.13,84.2,2744.399268
2026-04-10 16:05:00,84.21,84.35,84.18,84.28,1873.46256
2026-04-10 16:10:00,84.28,84.53,84.28,84.51,2042.761543
2026-04-10 16:15:00,84.5,84.71,84.47,84.63,3307.577838
2026-04-10 16:20:00,84.63,84.64,84.39,84.64,2876.881667
2026-04-10 16:25:00,84.64,84.65,84.55,84.61,1187.874575
2026-04-10 16:30:00,84.62,84.65,84.42,84.64,1324.753442
2026-04-10 16:35:00,84.64,84.69,84.56,84.57,569.895002
2026-04-10 16:40:00,84.56,84.59,84.44,84.51,1061.311979
2026-04-10 16:45:00,84.52,84.69,84.51,84.65,724.005236
2026-04-10 16:50:00,84.66,84.86,84.66,84.81,2200.763433
2026-04-10 16:55:00,84.81,84.91,84.8,84.85,2024.631252
2026-04-10 17:00:00,84.85,84.85,84.72,84.73,602.746922
2026-04-10 17:05:00,84.75,84.77,84.67,84.72,308.861642
2026-04-10 17:10:00,84.71,84.75,84.6,84.73,349.855431
2026-04-10 17:15:00,84.74,84.86,84.67,84.82,514.939491
2026-04-10 17:20:00,84.8,84.89,84.76,84.81,357.003112
2026-04-10 17:25:00,84.81,84.88,84.68,84.7,1413.960427
2026-04-10 17:30:00,84.69,84.72,84.59,84.69,588.354034
2026-04-10 17:35:00,84.69,84.69,84.47,84.63,789.332113
2026-04-10 17:40:00,84.64,84.65,84.49,84.61,632.392224
2026-04-10 17:45:00,84.62,84.77,84.61,84.71,607.694252
2026-04-10 17:50:00,84.69,84.88,84.69,84.81,953.586636
2026-04-10 17:55:00,84.8,84.91,84.8,84.88,434.505848
2026-04-10 18:00:00,84.88,84.91,84.66,84.67,1035.003096
2026-04-10 18:05:00,84.69,84.8,84.63,84.79,802.876548
2026-04-10 18:10:00,84.76,84.91,84.76,84.91,718.611989
2026-04-10 18:15:00,84.92,85.04,84.77,84.8,1998.762113
2026-04-10 18:20:00,84.8,84.96,84.79,84.83,7862.464165
2026-04-10 18:25:00,84.82,84.91,84.71,84.9,658.84908
2026-04-10 18:30:00,84.9,84.96,84.88,84.89,904.980595
2026-04-10 18:35:00,84.88,85.0,84.84,84.94,740.805952
2026-04-10 18:40:00,84.94,85.0,84.87,84.96,2354.65664
2026-04-10 18:45:00,84.94,84.99,84.93,84.98,961.201892
2026-04-10 18:50:00,84.99,85.25,84.98,85.25,3650.203726
2026-04-10 18:55:00,85.25,85.27,85.15,85.22,567.839812
2026-04-10 19:00:00,85.22,85.25,85.15,85.18,778.420692
2026-04-10 19:05:00,85.18,85.36,85.18,85.23,2254.797417
2026-04-10 19:10:00,85.23,85.48,85.22,85.46,2364.662875
2026-04-10 19:15:00,85.47,85.47,85.33,85.35,1412.358456
2026-04-10 19:20:00,85.36,85.37,85.2,85.33,1536.44931
2026-04-10 19:25:00,85.32,85.32,85.2,85.22,637.227708
2026-04-10 19:30:00,85.22,85.22,85.11,85.21,1078.280042
2026-04-10 19:35:00,85.21,85.21,85.15,85.16,532.778419
2026-04-10 19:40:00,85.16,85.18,85.14,85.17,670.576988
2026-04-10 19:45:00,85.16,85.2,85.11,85.2,962.932317
2026-04-10 19:50:00,85.2,85.42,85.19,85.39,1182.032693
2026-04-10 19:55:00,85.38,85.48,85.35,85.45,1178.387335
2026-04-10 20:00:00,85.47,85.53,85.41,85.46,7984.848982
2026-04-10 20:05:00,85.47,85.47,85.26,85.43,1192.106207
2026-04-10 20:10:00,85.43,85.43,85.32,85.39,1315.583369
2026-04-10 20:15:00,85.38,85.47,85.35,85.45,1092.282112
2026-04-10 20:20:00,85.46,85.47,85.28,85.29,1277.195755
2026-04-10 20:25:00,85.3,85.38,85.3,85.38,1271.831653
2026-04-10 20:30:00,85.38,85.69,85.35,85.39,5019.834883
2026-04-10 20:35:00,85.4,85.44,85.07,85.07,1654.942084
2026-04-10 20:40:00,85.07,85.2,85.07,85.19,1617.823743
2026-04-10 20:45:00,85.18,85.3,85.07,85.26,1023.291196
2026-04-10 20:50:00,85.25,85.31,85.22,85.29,599.225182
2026-04-10 20:55:00,85.3,85.58,85.3,85.46,2372.872836
2026-04-10 21:00:00,85.46,85.46,85.36,85.36,1526.284149
2026-04-10 21:05:00,85.35,85.35,85.07,85.16,2646.210351
2026-04-10 21:10:00,85.15,85.17,85.01,85.06,1145.282204
2026-04-10 21:15:00,85.05,85.06,84.97,85.02,711.842379
2026-04-10 21:20:00,85.01,85.13,84.98,85.07,1729.285503
2026-04-10 21:25:00,85.08,85.16,85.05,85.11,462.049093
2026-04-10 21:30:00,85.11,85.11,85.0,85.01,707.016821
2026-04-10 21:35:00,85.01,85.15,85.0,85.06,1463.412495
2026-04-10 21:40:00,85.06,85.14,84.98,85.11,2050.282812
2026-04-10 21:45:00,85.1,85.1,85.03,85.1,464.516202
2026-04-10 21:50:00,85.09,85.21,85.08,85.17,559.043341
2026-04-10 21:55:00,85.17,85.26,85.17,85.24,628.818535
2026-04-10 22:00:00,85.25,85.27,85.09,85.23,1198.416679
2026-04-10 22:05:00,85.24,85.29,85.18,85.19,1387.701031
2026-04-10 22:10:00,85.2,85.25,85.16,85.16,413.58221
2026-04-10 22:15:00,85.15,85.21,85.06,85.12,1333.035302
2026-04-10 22:20:00,85.1,85.1,84.95,84.97,2447.278323
2026-04-10 22:25:00,84.98,85.03,84.96,84.98,638.420073
2026-04-10 22:30:00,84.99,85.01,84.98,84.99,508.22913
2026-04-10 22:35:00,84.98,85.0,84.69,84.76,3533.615373
2026-04-10 22:40:00,84.78,84.78,84.64,84.75,2566.626153
2026-04-10 22:45:00,84.76,84.79,84.72,84.72,250.068115
2026-04-10 22:50:00,84.73,84.85,84.72,84.85,761.314749
2026-04-10 22:55:00,84.84,84.88,84.83,84.88,288.667256
2026-04-10 23:00:00,84.88,84.89,84.76,84.78,872.362215
2026-04-10 23:05:00,84.79,84.85,84.77,84.8,318.377579
2026-04-10 23:10:00,84.82,84.83,84.75,84.8,400.915554
2026-04-10 23:15:00,84.79,84.82,84.75,84.77,377.941101
2026-04-10 23:20:00,84.77,84.95,84.77,84.85,669.195341
2026-04-10 23:25:00,84.84,84.89,84.83,84.87,599.565244
2026-04-10 23:30:00,84.87,84.87,84.77,84.86,227.227285
2026-04-10 23:35:00,84.85,84.88,84.8,84.82,666.982134
2026-04-10 23:40:00,84.81,84.83,84.78,84.79,535.317498
2026-04-10 23:45:00,84.78,84.81,84.74,84.81,261.737649
2026-04-10 23:50:00,84.81,84.83,84.76,84.76,546.685889
2026-04-10 23:55:00,84.75,84.83,84.75,84.82,272.299767
2026-04-11 00:00:00,84.82,84.85,84.62,84.62,532.909297
2026-04-11 00:05:00,84.62,84.66,84.52,84.62,2557.073824
2026-04-11 00:10:00,84.62,84.66,84.59,84.65,1493.192934
2026-04-11 00:15:00,84.66,84.72,84.66,84.71,257.628672
2026-04-11 00:20:00,84.72,84.77,84.65,84.72,588.860701
2026-04-11 00:25:00,84.72,84.74,84.68,84.71,149.46446
2026-04-11 00:30:00,84.71,84.71,84.62,84.68,747.418799
2026-04-11 00:35:00,84.68,84.77,84.68,84.77,314.048234
2026-04-11 00:40:00,84.78,84.78,84.66,84.66,417.542577
2026-04-11 00:45:00,84.67,84.69,84.59,84.67,1292.669877
2026-04-11 00:50:00,84.68,84.72,84.66,84.69,306.602296
2026-04-11 00:55:00,84.7,84.7,84.67,84.68,231.688417
2026-04-11 01:00:00,84.68,84.68,84.56,84.59,958.677677
2026-04-11 01:05:00,84.59,84.72,84.59,84.72,441.61814
2026-04-11 01:10:00,84.71,84.71,84.55,84.57,531.277056
2026-04-11 01:15:00,84.56,84.57,84.38,84.48,2061.692948
2026-04-11 01:20:00,84.47,84.48,84.41,84.46,565.324256
2026-04-11 01:25:00,84.45,84.54,84.4,84.53,702.124211
2026-04-11 01:30:00,84.52,84.69,84.5,84.62,731.975574
2026-04-11 01:35:00,84.62,84.62,84.46,84.49,1310.254224
2026-04-11 01:40:00,84.5,84.53,84.48,84.51,369.541351
2026-04-11 01:45:00,84.51,84.64,84.51,84.61,611.638343
2026-04-11 01:50:00,84.61,84.67,84.61,84.65,332.890237
2026-04-11 01:55:00,84.66,84.67,84.63,84.66,339.067269
2026-04-11 02:00:00,84.67,84.69,84.58,84.67,388.302619
2026-04-11 02:05:00,84.68,84.78,84.62,84.66,933.212056
2026-04-11 02:10:00,84.66,84.67,84.61,84.65,1091.890636
2026-04-11 02:15:00,84.66,84.77,84.65,84.76,423.816902
2026-04-11 02:20:00,84.75,84.76,84.68,84.68,1224.211705
2026-04-11 02:25:00,84.68,84.79,84.67,84.79,1560.733886
2026-04-11 02:30:00,84.79,84.91,84.78,84.86,1335.561574
2026-04-11 02:35:00,84.87,84.87,84.79,84.86,701.350249
2026-04-11 02:40:00,84.85,84.87,84.73,84.79,1049.928998
2026-04-11 02:45:00,84.78,84.79,84.67,84.67,548.988244
2026-04-11 02:50:00,84.67,84.76,84.66,84.74,416.977835
2026-04-11 02:55:00,84.74,84.8,84.73,84.8,317.21036
2026-04-11 03:00:00,84.8,84.83,84.79,84.8,486.917299
2026-04-11 03:05:00,84.8,84.8,84.68,84.76,299.56036
2026-04-11 03:10:00,84.76,84.9,84.76,84.88,696.8757
2026-04-11 03:15:00,84.88,84.89,84.83,84.84,212.502169
2026-04-11 03:20:00,84.84,84.88,84.81,84.81,344.116774
2026-04-11 03:25:00,84.81,84.87,84.8,84.82,720.107935
2026-04-11 03:30:00,84.82,84.86,84.7,84.7,465.174922
2026-04-11 03:35:00,84.69,84.73,84.64,84.72,672.783004
2026-04-11 03:40:00,84.71,84.82,84.7,84.73,364.197675
2026-04-11 03:45:00,84.72,84.72,84.63,84.66,1994.000982
2026-04-11 03:50:00,84.65,84.65,84.51,84.53,2128.571771
2026-04-11 03:55:00,84.53,84.53,84.3,84.41,4655.801165
2026-04-11 04:00:00,84.4,84.49,84.33,84.46,692.321391
2026-04-11 04:05:00,84.47,84.62,84.47,84.52,1066.317528
2026-04-11 04:10:00,84.5,84.53,84.4,84.41,1540.10664
2026-04-11 04:15:00,84.41,84.41,84.28,84.3,1157.526029
2026-04-11 04:20:00,84.29,84.31,84.25,84.27,1127.061401
2026-04-11 04:25:00,84.28,84.34,84.23,84.32,667.039804
2026-04-11 04:30:00,84.33,84.42,84.31,84.35,833.325353
2026-04-11 04:35:00,84.34,84.4,84.27,84.39,1138.827168
2026-04-11 04:40:00,84.39,84.41,84.34,84.38,982.147285
2026-04-11 04:45:00,84.38,84.38,84.3,84.32,325.852908
2026-04-11 04:50:00,84.34,84.37,84.3,84.35,427.500617
2026-04-11 04:55:00,84.36,84.4,84.35,84.39,1115.327762
2026-04-11 05:00:00,84.39,84.41,84.34,84.34,752.62192
2026-04-11 05:05:00,84.33,84.38,84.3,84.3,711.939064
2026-04-11 05:10:00,84.3,84.32,84.16,84.2,2966.671001
2026-04-11 05:15:00,84.19,84.23,84.11,84.17,1570.257257
2026-04-11 05:20:00,84.17,84.27,84.17,84.21,826.217329
2026-04-11 05:25:00,84.21,84.28,84.2,84.26,874.7441
2026-04-11 05:30:00,84.27,84.35,84.25,84.27,2081.673946
2026-04-11 05:35:00,84.26,84.29,84.17,84.23,1336.691359
2026-04-11 05:40:00,84.23,84.33,84.23,84.24,2191.297048
2026-04-11 05:45:00,84.23,84.29,84.19,84.23,2039.530271
2026-04-11 05:50:00,84.23,84.23,84.13,84.2,522.147558
2026-04-11 05:55:00,84.19,84.26,84.09,84.1,3976.994017
2026-04-11 06:00:00,84.1,84.1,83.98,84.02,4433.896198
2026-04-11 06:05:00,84.03,84.06,83.93,83.99,1185.008791
2026-04-11 06:10:00,83.99,84.08,83.98,83.99,873.41512
2026-04-11 06:15:00,84.0,84.07,84.0,84.03,580.673765
2026-04-11 06:20:00,84.04,84.07,83.99,84.0,1458.636549
2026-04-11 06:25:00,83.99,84.0,83.88,84.0,1198.904211
2026-04-11 06:30:00,84.0,84.05,83.99,84.0,325.338903
2026-04-11 06:35:00,83.99,84.09,83.99,84.06,581.348323
2026-04-11 06:40:00,84.04,84.1,84.01,84.06,1641.651934
2026-04-11 06:45:00,84.05,84.1,84.02,84.09,542.331859
2026-04-11 06:50:00,84.09,84.14,84.09,84.13,434.993234
2026-04-11 06:55:00,84.13,84.16,84.11,84.13,649.633157
2026-04-11 07:00:00,84.14,84.14,84.07,84.11,476.56829
2026-04-11 07:05:00,84.1,84.13,84.08,84.12,221.530026
2026-04-11 07:10:00,84.12,84.16,84.09,84.16,902.965898
2026-04-11 07:15:00,84.17,84.24,84.17,84.22,2904.703483
2026-04-11 07:20:00,84.22,84.35,84.21,84.33,1198.150214
2026-04-11 07:25:00,84.33,84.33,84.28,84.29,679.360078
2026-04-11 07:30:00,84.28,84.34,84.27,84.33,417.197069
2026-04-11 07:35:00,84.32,84.32,84.27,84.32,248.959183
2026-04-11 07:40:00,84.31,84.32,84.23,84.23,855.737812
2026-04-11 07:45:00,84.23,84.24,84.17,84.19,408.54035
2026-04-11 07:50:00,84.19,84.22,84.16,84.2,1016.159596
2026-04-11 07:55:00,84.21,84.27,84.21,84.27,370.385261
2026-04-11 08:00:00,84.28,84.29,84.21,84.24,4780.369109
2026-04-11 08:05:00,84.24,84.32,84.24,84.31,485.202975
2026-04-11 08:10:00,84.31,84.39,84.3,84.36,1980.826083
2026-04-11 08:15:00,84.37,84.39,84.34,84.35,464.901884
2026-04-11 08:20:00,84.35,84.42,84.33,84.37,1420.007347
2026-04-11 08:25:00,84.37,84.39,84.35,84.35,190.732927
2026-04-11 08:30:00,84.36,84.41,84.35,84.37,239.864625
2026-04-11 08:35:00,84.37,84.38,84.33,84.38,311.387687
2026-04-11 08:40:00,84.38,84.43,84.35,84.38,1197.214056
2026-04-11 08:45:00,84.38,84.39,84.34,84.34,557.350187
2026-04-11 08:50:00,84.33,84.34,84.19,84.24,1197.966261
2026-04-11 08:55:00,84.25,84.25,84.18,84.18,496.364098
2026-04-11 09:00:00,84.18,84.22,84.16,84.21,396.838615
2026-04-11 09:05:00,84.21,84.21,84.17,84.2,1067.703714
2026-04-11 09:10:00,84.21,84.24,84.18,84.24,361.454841
2026-04-11 09:15:00,84.24,84.67,84.23,84.58,4305.866234
2026-04-11 09:20:00,84.59,84.79,84.57,84.64,1609.941373
2026-04-11 09:25:00,84.65,84.71,84.64,84.66,897.800457
2026-04-11 09:30:00,84.64,84.65,84.47,84.49,889.485683
2026-04-11 09:35:00,84.48,84.71,84.47,84.67,5225.080983
2026-04-11 09:40:00,84.66,84.74,84.48,84.48,10621.044387
2026-04-11 09:45:00,84.48,84.56,84.48,84.49,1139.533572
2026-04-11 09:50:00,84.49,84.55,84.45,84.48,2231.621588
2026-04-11 09:55:00,84.5,84.55,84.45,84.5,1574.480305
2026-04-11 10:00:00,84.5,84.52,84.44,84.45,403.920041
2026-04-11 10:05:00,84.47,84.49,84.44,84.47,534.490255
2026-04-11 10:10:00,84.47,84.47,84.2,84.26,2900.074027
2026-04-11 10:15:00,84.26,84.3,84.14,84.18,1971.633967
2026-04-11 10:20:00,84.18,84.27,84.17,84.26,349.831352
2026-04-11 10:25:00,84.26,84.31,84.25,84.29,511.162014
2026-04-11 10:30:00,84.29,84.29,84.24,84.28,380.821135
2026-04-11 10:35:00,84.28,84.28,84.12,84.12,2096.49803
2026-04-11 10:40:00,84.13,84.16,84.07,84.08,762.012818
2026-04-11 10:45:00,84.08,84.08,83.6,84.03,41697.416223
2026-04-11 10:50:00,84.03,84.11,84.03,84.09,6502.284303
2026-04-11 10:55:00,84.09,84.14,84.02,84.04,1271.502839
2026-04-11 11:00:00,84.03,84.06,84.01,84.04,739.391753
2026-04-11 11:05:00,84.05,84.14,84.04,84.09,1626.520844
2026-04-11 11:10:00,84.09,84.1,84.0,84.0,957.656863
2026-04-11 11:15:00,84.0,84.09,83.78,84.06,9759.986688
2026-04-11 11:20:00,84.05,84.11,84.05,84.11,618.172927
2026-04-11 11:25:00,84.11,84.12,84.06,84.07,543.255536
2026-04-11 11:30:00,84.06,84.09,84.06,84.08,268.564124
2026-04-11 11:35:00,84.07,84.12,84.07,84.11,247.480177
2026-04-11 11:40:00,84.1,84.13,84.1,84.13,404.135166
2026-04-11 11:45:00,84.13,84.14,84.08,84.13,1370.011722
2026-04-11 11:50:00,84.13,84.24,84.12,84.24,718.076138
2026-04-11 11:55:00,84.22,84.26,84.22,84.24,172.380294
2026-04-11 12:00:00,84.25,84.25,84.16,84.19,330.744045
2026-04-11 12:05:00,84.2,84.28,84.2,84.22,748.043069
2026-04-11 12:10:00,84.22,84.22,84.14,84.18,394.057903
2026-04-11 12:15:00,84.19,84.24,84.15,84.16,381.338872
2026-04-11 12:20:00,84.16,84.17,84.07,84.08,380.705673
2026-04-11 12:25:00,84.08,84.21,84.07,84.21,339.233045
2026-04-11 12:30:00,84.2,84.24,84.14,84.24,493.339977
2026-04-11 12:35:00,84.24,84.32,84.21,84.26,2342.536731
2026-04-11 12:40:00,84.24,84.41,84.24,84.41,1720.765513
2026-04-11 12:45:00,84.4,84.53,84.23,84.25,15225.498054
2026-04-11 12:50:00,84.25,84.27,84.21,84.23,527.492954
2026-04-11 12:55:00,84.23,84.23,84.2,84.22,344.151076
2026-04-11 13:00:00,84.23,84.24,84.08,84.16,1119.980945
2026-04-11 13:05:00,84.16,84.19,84.08,84.09,539.317238
2026-04-11 13:10:00,84.08,84.08,83.83,83.98,5276.047138
2026-04-11 13:15:00,83.99,84.3,83.99,84.3,1767.427491
2026-04-11 13:20:00,84.29,84.29,84.14,84.15,602.382078
2026-04-11 13:25:00,84.14,84.23,84.06,84.07,1654.27208
2026-04-11 13:30:00,84.07,84.12,84.02,84.06,410.203531
2026-04-11 13:35:00,84.06,84.14,84.05,84.12,387.176326
2026-04-11 13:40:00,84.11,84.21,84.1,84.13,262.814093
2026-04-11 13:45:00,84.14,84.2,84.1,84.2,709.611816
2026-04-11 13:50:00,84.19,84.2,84.12,84.15,455.337277
2026-04-11 13:55:00,84.15,84.17,84.1,84.1,718.329161
2026-04-11 14:00:00,84.11,84.15,84.08,84.13,393.407482
2026-04-11 14:05:00,84.13,84.31,84.02,84.29,12521.037287
2026-04-11 14:10:00,84.29,84.31,84.25,84.27,664.93416
2026-04-11 14:15:00,84.28,84.32,84.24,84.31,1228.412195
2026-04-11 14:20:00,84.31,84.41,84.31,84.36,2065.981927
2026-04-11 14:25:00,84.33,84.33,84.27,84.29,461.565612
2026-04-11 14:30:00,84.3,84.3,84.19,84.26,305.391195
2026-04-11 14:35:00,84.26,84.34,84.26,84.27,248.810525
2026-04-11 14:40:00,84.27,84.3,84.2,84.29,290.764628
2026-04-11 14:45:00,84.3,84.33,84.29,84.29,331.297296
2026-04-11 14:50:00,84.3,84.33,84.3,84.33,1207.639742
2026-04-11 14:55:00,84.33,84.39,84.29,84.37,1011.328084
2026-04-11 15:00:00,84.38,84.39,84.23,84.33,2019.826338
2026-04-11 15:05:00,84.35,84.38,84.31,84.37,980.743065
2026-04-11 15:10:00,84.37,84.44,84.36,84.43,1895.697673
2026-04-11 15:15:00,84.42,84.85,84.41,84.71,3484.822589
2026-04-11 15:20:00,84.71,84.74,84.61,84.64,1248.674986
2026-04-11 15:25:00,84.63,84.74,84.54,84.71,4119.176577
2026-04-11 15:30:00,84.71,84.9,84.61,84.67,19538.491516
2026-04-11 15:35:00,84.68,84.7,84.63,84.66,922.508031
2026-04-11 15:40:00,84.67,84.67,84.55,84.57,449.096629
2026-04-11 15:45:00,84.57,84.66,84.54,84.54,667.322878
2026-04-11 15:50:00,84.55,84.71,84.52,84.63,839.628922
2026-04-11 15:55:00,84.63,84.68,84.61,84.66,270.029601
2026-04-11 16:00:00,84.67,84.73,84.66,84.73,570.025736
2026-04-11 16:05:00,84.74,84.79,84.6,84.65,329.823276
2026-04-11 16:10:00,84.64,84.77,84.63,84.77,1591.867843
2026-04-11 16:15:00,84.77,84.84,84.69,84.73,860.034412
2026-04-11 16:20:00,84.73,84.74,84.62,84.65,1407.489914
2026-04-11 16:25:00,84.65,84.71,84.62,84.69,574.597717
2026-04-11 16:30:00,84.69,84.74,84.69,84.7,184.094351
2026-04-11 16:35:00,84.72,84.94,84.72,84.86,8743.271146
2026-04-11 16:40:00,84.87,85.38,84.87,85.18,15085.135205
2026-04-11 16:45:00,85.19,85.26,85.05,85.15,2232.745252
2026-04-11 16:50:00,85.15,85.15,84.96,85.0,1386.405008
2026-04-11 16:55:00,85.0,85.04,84.97,84.98,950.834075
2026-04-11 17:00:00,84.98,85.0,84.91,84.91,684.039983
2026-04-11 17:05:00,84.92,84.92,84.78,84.8,1129.317505
2026-04-11 17:10:00,84.8,84.87,84.79,84.83,653.799029
2026-04-11 17:15:00,84.82,84.83,84.68,84.74,1317.381772
2026-04-11 17:20:00,84.75,84.91,84.72,84.87,634.659165
2026-04-11 17:25:00,84.87,84.91,84.8,84.84,1404.325153
2026-04-11 17:30:00,84.85,84.97,84.85,84.95,1008.130974
2026-04-11 17:35:00,84.95,84.96,84.89,84.91,341.656965
2026-04-11 17:40:00,84.93,84.93,84.86,84.89,537.815173
2026-04-11 17:45:00,84.88,84.91,84.76,84.81,653.951297
2026-04-11 17:50:00,84.81,84.89,84.79,84.82,466.452074
2026-04-11 17:55:00,84.81,84.81,84.73,84.8,1090.350568
2026-04-11 18:00:00,84.8,84.82,84.66,84.66,1007.493745
2026-04-11 18:05:00,84.66,84.74,84.64,84.73,703.562902
2026-04-11 18:10:00,84.74,84.75,84.68,84.74,447.429156
2026-04-11 18:15:00,84.74,84.89,84.74,84.89,467.855303
2026-04-11 18:20:00,84.9,84.99,84.9,84.92,1787.424715
2026-04-11 18:25:00,84.93,84.96,84.92,84.94,283.346562
2026-04-11 18:30:00,84.95,85.22,84.95,85.16,3497.629727
2026-04-11 18:35:00,85.16,85.85,85.16,85.53,19328.128551
2026-04-11 18:40:00,85.54,85.57,85.4,85.45,2191.718197
2026-04-11 18:45:00,85.47,85.65,85.36,85.54,1639.296261
2026-04-11 18:50:00,85.55,85.56,85.4,85.4,777.073934
2026-04-11 18:55:00,85.41,85.48,85.37,85.48,838.618261
2026-04-11 19:00:00,85.49,85.58,85.42,85.5,1937.565792
2026-04-11 19:05:00,85.51,85.88,85.51,85.75,5496.643736
2026-04-11 19:10:00,85.76,85.8,85.6,85.62,1237.095015
2026-04-11 19:15:00,85.64,85.92,85.63,85.65,6608.428405
2026-04-11 19:20:00,85.65,85.65,85.51,85.62,996.696813
2026-04-11 19:25:00,85.62,85.87,85.62,85.8,2548.729853
2026-04-11 19:30:00,85.81,86.26,85.81,86.1,14977.770662
2026-04-11 19:35:00,86.11,86.12,86.05,86.08,1127.742289
2026-04-11 19:40:00,86.08,86.1,86.03,86.09,1115.371839
2026-04-11 19:45:00,86.08,86.08,85.9,85.96,1729.055624
2026-04-11 19:50:00,85.98,86.04,85.9,85.93,2408.935568
2026-04-11 19:55:00,85.93,86.0,85.86,86.0,974.4043
2026-04-11 20:00:00,86.01,86.08,85.67,85.73,6937.8217
2026-04-11 20:05:00,85.73,85.8,85.68,85.75,663.32374
2026-04-11 20:10:00,85.74,85.74,85.59,85.67,1178.2766
2026-04-11 20:15:00,85.66,85.76,85.6,85.6,1242.320847
2026-04-11 20:20:00,85.59,85.59,85.39,85.4,3042.821635
2026-04-11 20:25:00,85.4,85.48,85.4,85.45,1230.686508
2026-04-11 20:30:00,85.45,85.45,85.13,85.2,4505.97681
2026-04-11 20:35:00,85.19,85.34,85.12,85.23,1178.479816
2026-04-11 20:40:00,85.22,85.35,85.21,85.35,451.305268
2026-04-11 20:45:00,85.34,85.51,85.3,85.49,1021.963102
2026-04-11 20:50:00,85.48,85.56,85.48,85.51,1092.204383
2026-04-11 20:55:00,85.51,85.51,85.39,85.39,380.902704
2026-04-11 21:00:00,85.4,85.45,85.19,85.42,4232.505857
2026-04-11 21:05:00,85.41,85.48,85.41,85.48,436.214193
2026-04-11 21:10:00,85.49,85.53,85.41,85.44,4036.404591
2026-04-11 21:15:00,85.43,85.46,85.37,85.43,446.56929
2026-04-11 21:20:00,85.44,85.44,85.29,85.34,1450.775221
2026-04-11 21:25:00,85.33,85.34,85.25,85.31,217.106768
2026-04-11 21:30:00,85.3,85.32,85.19,85.3,1487.987494
2026-04-11 21:35:00,85.31,85.37,85.3,85.31,201.566389
2026-04-11 21:40:00,85.32,85.38,85.28,85.28,1095.925511
2026-04-11 21:45:00,85.29,85.43,85.29,85.36,242.245979
2026-04-11 21:50:00,85.34,85.5,85.34,85.42,438.306183
2026-04-11 21:55:00,85.41,85.41,85.3,85.35,554.272559
2026-04-11 22:00:00,85.29,85.42,85.24,85.42,519.880534
2026-04-11 22:05:00,85.42,85.57,85.42,85.5,2007.008287
2026-04-11 22:10:00,85.5,85.57,85.45,85.49,245.213878
2026-04-11 22:15:00,85.48,86.17,85.48,85.85,16297.170452
2026-04-11 22:20:00,85.88,85.91,85.77,85.79,2623.550921
2026-04-11 22:25:00,85.79,85.79,85.58,85.67,2525.7531
2026-04-11 22:30:00,85.67,85.67,85.3,85.32,3304.635013
2026-04-11 22:35:00,85.33,85.43,85.07,85.15,4185.945576
2026-04-11 22:40:00,85.14,85.28,85.14,85.16,1770.394903
2026-04-11 22:45:00,85.16,85.27,85.16,85.23,1515.514893
2026-04-11 22:50:00,85.22,85.22,85.13,85.16,1318.043048
2026-04-11 22:55:00,85.15,85.31,85.15,85.28,1503.695744
2026-04-11 23:00:00,85.26,85.26,84.76,84.84,4091.729889
2026-04-11 23:05:00,84.85,84.9,84.62,84.66,4369.091619
2026-04-11 23:10:00,84.64,84.83,84.53,84.79,1422.57604
2026-04-11 23:15:00,84.8,84.91,84.75,84.88,340.162112
2026-04-11 23:20:00,84.91,85.03,84.88,85.02,433.703351
2026-04-11 23:25:00,85.02,85.04,84.97,84.97,313.775231
2026-04-11 23:30:00,84.97,85.09,84.94,85.05,601.382035
2026-04-11 23:35:00,85.05,85.09,85.02,85.04,617.522859
2026-04-11 23:40:00,85.05,85.05,84.87,84.88,1599.361334
2026-04-11 23:45:00,84.87,84.98,84.86,84.93,791.958742
2026-04-11 23:50:00,84.92,84.96,84.88,84.88,720.692942
2026-04-11 23:55:00,84.88,84.95,84.88,84.93,857.519405
2026-04-12 00:00:00,84.94,84.94,84.72,84.76,2027.523104
2026-04-12 00:05:00,84.78,84.94,84.78,84.86,1259.596506
2026-04-12 00:10:00,84.85,84.98,84.8,84.85,1284.347766
2026-04-12 00:15:00,84.84,84.91,84.8,84.91,1196.157612
2026-04-12 00:20:00,84.92,84.99,84.9,84.96,366.782142
2026-04-12 00:25:00,84.95,85.0,84.92,84.92,584.576252
2026-04-12 00:30:00,84.9,84.96,84.85,84.95,367.995005
2026-04-12 00:35:00,84.94,85.0,84.84,84.85,2273.433466
2026-04-12 00:40:00,84.84,85.1,84.78,84.9,5873.285809
2026-04-12 00:45:00,84.91,84.93,84.79,84.81,1473.899595
2026-04-12 00:50:00,84.81,84.87,84.8,84.83,859.99258
2026-04-12 00:55:00,84.85,84.9,84.83,84.9,1378.004775
2026-04-12 01:00:00,84.9,84.98,84.83,84.85,787.021275
2026-04-12 01:05:00,84.86,84.9,84.75,84.89,1077.274827
2026-04-12 01:10:00,84.88,84.95,84.8,84.81,1249.254111
2026-04-12 01:15:00,84.81,84.86,84.67,84.77,1972.138088
2026-04-12 01:20:00,84.77,84.82,84.74,84.76,300.349764
2026-04-12 01:25:00,84.75,84.77,84.7,84.73,1341.650242
2026-04-12 01:30:00,84.73,84.74,84.13,84.14,10785.3511
2026-04-12 01:35:00,84.14,84.14,83.24,83.6,29228.406417
2026-04-12 01:40:00,83.59,83.66,82.58,82.84,21084.586786
2026-04-12 01:45:00,82.83,82.83,82.12,82.28,23305.381696
2026-04-12 01:50:00,82.26,82.48,82.03,82.48,16398.531377
2026-04-12 01:55:00,82.48,82.48,82.14,82.29,7081.366773
2026-04-12 02:00:00,82.28,82.38,81.95,81.97,16336.06745
2026-04-12 02:05:00,81.98,82.26,81.88,82.26,7014.634782
2026-04-12 02:10:00,82.24,82.72,82.17,82.57,13419.537888
2026-04-12 02:15:00,82.57,83.0,82.55,82.83,11515.858245
2026-04-12 02:20:00,82.83,82.85,82.6,82.65,5288.733409
2026-04-12 02:25:00,82.67,82.74,82.54,82.67,4621.70301
2026-04-12 02:30:00,82.65,82.87,82.63,82.8,3979.40532
2026-04-12 02:35:00,82.8,82.84,82.62,82.63,1876.796504
2026-04-12 02:40:00,82.62,82.69,82.54,82.65,3012.971142
2026-04-12 02:45:00,82.64,82.77,82.56,82.68,2900.909439
2026-04-12 02:50:00,82.68,82.72,82.59,82.64,2194.241552
2026-04-12 02:55:00,82.63,82.71,82.59,82.67,3897.134913
2026-04-12 03:00:00,82.66,82.77,82.62,82.75,4357.667635
2026-04-12 03:05:00,82.74,82.79,82.56,82.6,3127.092568
2026-04-12 03:10:00,82.61,82.68,82.5,82.65,2233.775826
2026-04-12 03:15:00,82.65,82.69,82.55,82.58,2180.439339
2026-04-12 03:20:00,82.58,82.64,82.5,82.52,1980.079236
2026-04-12 03:25:00,82.51,82.58,82.51,82.57,1793.605218
2026-04-12 03:30:00,82.56,82.6,82.32,82.48,2689.422668
2026-04-12 03:35:00,82.5,82.53,82.38,82.49,2792.73565
2026-04-12 03:40:00,82.48,82.55,82.47,82.51,1405.63639
2026-04-12 03:45:00,82.51,82.53,82.4,82.42,2445.064826
2026-04-12 03:50:00,82.43,82.51,82.43,82.48,1182.962869
2026-04-12 03:55:00,82.48,82.49,82.33,82.33,1747.431187
2026-04-12 04:00:00,82.32,82.42,82.29,82.39,3160.418926
2026-04-12 04:05:00,82.4,82.47,82.3,82.32,1213.950167
2026-04-12 04:10:00,82.32,82.37,82.27,82.37,1816.848025
2026-04-12 04:15:00,82.35,82.44,82.22,82.3,2767.823898
2026-04-12 04:20:00,82.31,82.36,82.22,82.27,1541.074293
2026-04-12 04:25:00,82.27,82.31,82.2,82.22,2322.163139
2026-04-12 04:30:00,82.21,82.29,82.17,82.27,3754.059364
2026-04-12 04:35:00,82.27,82.27,82.2,82.23,1712.481188
2026-04-12 04:40:00,82.24,82.31,82.17,82.25,2675.876963
2026-04-12 04:45:00,82.26,82.28,82.23,82.27,560.652894
2026-04-12 04:50:00,82.26,82.29,82.16,82.21,1949.246231
2026-04-12 04:55:00,82.21,82.24,82.17,82.2,449.675096
2026-04-12 05:00:00,82.21,82.3,82.15,82.26,3497.11375
2026-04-12 05:05:00,82.25,82.34,82.21,82.31,2359.330106
2026-04-12 05:10:00,82.3,82.3,82.15,82.15,1093.333513
2026-04-12 05:15:00,82.15,82.22,82.06,82.19,1968.774661
2026-04-12 05:20:00,82.19,82.36,82.19,82.35,1477.312496
2026-04-12 05:25:00,82.34,82.43,82.33,82.42,1703.2891
2026-04-12 05:30:00,82.43,82.46,82.35,82.35,2389.688429
2026-04-12 05:35:00,82.34,82.34,82.24,82.29,2349.416162
2026-04-12 05:40:00,82.29,82.29,82.26,82.28,225.100271
2026-04-12 05:45:00,82.28,82.32,82.25,82.32,1320.928939
2026-04-12 05:50:00,82.32,82.44,82.31,82.41,6499.14179
2026-04-12 05:55:00,82.42,82.45,82.38,82.4,2671.588363
2026-04-12 06:00:00,82.39,82.46,82.34,82.45,3927.374053
2026-04-12 06:05:00,82.45,82.49,82.38,82.41,1436.249464
2026-04-12 06:10:00,82.4,82.45,82.36,82.44,1554.938614
2026-04-12 06:15:00,82.43,82.43,82.25,82.35,8017.851625
2026-04-12 06:20:00,82.35,82.38,82.28,82.37,1279.069296
2026-04-12 06:25:00,82.36,82.44,82.34,82.41,2684.302403
2026-04-12 06:30:00,82.38,82.39,82.32,82.37,921.993641
2026-04-12 06:35:00,82.37,82.38,82.25,82.29,3648.286579
2026-04-12 06:40:00,82.28,82.34,82.27,82.3,1220.498253
2026-04-12 06:45:00,82.29,82.32,82.26,82.3,911.721135
2026-04-12 06:50:00,82.3,82.34,82.2,82.22,4722.091829
2026-04-12 06:55:00,82.22,82.29,82.21,82.27,1366.229927
2026-04-12 07:00:00,82.26,82.31,82.23,82.29,2075.770095
2026-04-12 07:05:00,82.27,82.36,82.27,82.33,1231.742452
2026-04-12 07:10:00,82.32,82.4,82.3,82.3,1555.745733
2026-04-12 07:15:00,82.31,82.33,82.26,82.31,663.325495
2026-04-12 07:20:00,82.31,82.37,82.3,82.32,266.45657
2026-04-12 07:25:00,82.32,82.37,82.3,82.34,721.734918
2026-04-12 07:30:00,82.33,82.39,82.32,82.39,452.167779
2026-04-12 07:35:00,82.38,82.45,82.36,82.43,1324.343835
2026-04-12 07:40:00,82.43,82.43,82.4,82.43,572.366309
2026-04-12 07:45:00,82.43,82.45,82.28,82.29,1755.464532
2026-04-12 07:50:00,82.29,82.39,82.28,82.35,402.172415
2026-04-12 07:55:00,82.34,82.35,82.26,82.28,1003.023428
2026-04-12 08:00:00,82.28,82.3,82.21,82.23,1296.013437
2026-04-12 08:05:00,82.22,82.26,82.21,82.21,937.303913
2026-04-12 08:10:00,82.22,82.23,82.21,82.22,234.612135
2026-04-12 08:15:00,82.22,82.26,82.19,82.19,445.660352
2026-04-12 08:20:00,82.19,82.24,82.17,82.22,1057.562788
2026-04-12 08:25:00,82.23,82.28,82.23,82.27,632.03834
2026-04-12 08:30:00,82.27,82.28,82.21,82.23,498.214682
2026-04-12 08:35:00,82.24,82.28,82.22,82.27,603.046075
2026-04-12 08:40:00,82.27,82.29,82.25,82.28,723.012705
2026-04-12 08:45:00,82.28,82.29,82.18,82.18,1000.256924
2026-04-12 08:50:00,82.18,82.24,82.15,82.22,2832.058777
2026-04-12 08:55:00,82.22,82.3,82.21,82.3,4742.393596
2026-04-12 09:00:00,82.3,82.34,82.27,82.31,815.039039
2026-04-12 09:05:00,82.31,82.42,82.17,82.22,12294.482176
2026-04-12 09:10:00,82.22,82.27,82.21,82.27,283.075714
2026-04-12 09:15:00,82.27,82.29,82.25,82.26,174.253747
2026-04-12 09:20:00,82.25,82.27,82.19,82.26,915.885928
2026-04-12 09:25:00,82.26,82.27,82.21,82.21,720.05987
2026-04-12 09:30:00,82.21,82.26,82.19,82.26,1691.758153
2026-04-12 09:35:00,82.27,82.3,82.22,82.3,822.891657
2026-04-12 09:40:00,82.3,82.31,82.21,82.24,281.694734
2026-04-12 09:45:00,82.24,82.27,82.12,82.18,1204.165018
2026-04-12 09:50:00,82.18,82.22,82.18,82.19,284.953168
2026-04-12 09:55:00,82.19,82.22,82.18,82.21,427.8812
2026-04-12 10:00:00,82.21,82.21,82.17,82.18,2081.93872
2026-04-12 10:05:00,82.19,82.32,82.18,82.31,1035.139474
2026-04-12 10:10:00,82.3,82.3,82.18,82.19,1052.502697
2026-04-12 10:15:00,82.2,82.25,82.19,82.23,1113.099338
2026-04-12 10:20:00,82.24,82.29,82.23,82.28,943.931428
2026-04-12 10:25:00,82.28,82.31,82.26,82.31,451.148519
2026-04-12 10:30:00,82.3,82.34,82.28,82.29,1288.295942
2026-04-12 10:35:00,82.28,82.29,82.25,82.25,2108.860746
2026-04-12 10:40:00,82.25,82.27,82.24,82.26,756.362629
2026-04-12 10:45:00,82.26,82.27,82.2,82.23,1074.110603
2026-04-12 10:50:00,82.23,82.27,81.97,82.0,12800.330615
2026-04-12 10:55:00,82.02,82.09,81.96,82.05,3868.30817
2026-04-12 11:00:00,82.05,82.08,81.98,81.98,1403.248628
2026-04-12 11:05:00,81.97,82.16,81.96,82.13,1666.847031
2026-04-12 11:10:00,82.12,82.26,81.98,82.23,13098.589366
2026-04-12 11:15:00,82.23,82.27,82.2,82.2,701.243893
2026-04-12 11:20:00,82.21,82.25,82.19,82.19,376.324393
2026-04-12 11:25:00,82.19,82.33,82.19,82.32,358.791265
2026-04-12 11:30:00,82.32,82.4,82.26,82.26,1716.946463
2026-04-12 11:35:00,82.26,82.29,82.25,82.27,170.394464
2026-04-12 11:40:00,82.26,82.3,82.25,82.25,781.744826
2026-04-12 11:45:00,82.26,82.26,82.2,82.23,1160.61794
2026-04-12 11:50:00,82.23,82.24,82.21,82.22,603.759441
2026-04-12 11:55:00,82.22,82.24,82.22,82.22,156.584691
2026-04-12 12:00:00,82.22,82.28,82.15,82.24,3392.306723
2026-04-12 12:05:00,82.24,82.24,82.2,82.22,756.251888
2026-04-12 12:10:00,82.23,82.3,82.21,82.29,309.339356
2026-04-12 12:15:00,82.3,82.34,82.28,82.34,1420.930682
2026-04-12 12:20:00,82.34,82.4,82.31,82.39,3001.702971
2026-04-12 12:25:00,82.39,82.46,82.38,82.46,3203.451652
2026-04-12 12:30:00,82.46,82.56,82.22,82.29,17303.555994
2026-04-12 12:35:00,82.29,82.43,82.28,82.42,1184.045012
2026-04-12 12:40:00,82.42,82.46,82.37,82.43,1422.565172
2026-04-12 12:45:00,82.43,82.44,82.37,82.37,938.797369
2026-04-12 12:50:00,82.37,82.37,81.88,82.12,10145.447525
2026-04-12 12:55:00,82.13,82.22,81.96,82.03,3980.131594
2026-04-12 13:00:00,82.02,82.11,81.9,82.08,10350.947474
2026-04-12 13:05:00,82.06,82.22,82.04,82.14,3646.631984
2026-04-12 13:10:00,82.13,82.13,81.95,81.98,3537.701688
2026-04-12 13:15:00,81.97,82.08,81.97,82.01,1210.908837
2026-04-12 13:20:00,82.0,82.06,81.99,82.03,1331.040236
2026-04-12 13:25:00,82.04,82.07,81.97,81.97,2982.911827
2026-04-12 13:30:00,81.96,82.04,81.76,82.04,12231.253413
2026-04-12 13:35:00,82.04,82.09,81.9,81.95,2757.005513
2026-04-12 13:40:00,81.95,82.03,81.89,82.03,716.193109
2026-04-12 13:45:00,82.01,82.02,81.85,81.99,1297.221428
2026-04-12 13:50:00,81.98,81.98,81.85,81.9,1355.872787
2026-04-12 13:55:00,81.89,81.96,81.85,81.9,963.707643
2026-04-12 14:00:00,81.9,82.05,81.89,81.96,1707.255307
2026-04-12 14:05:00,81.96,82.07,81.95,82.05,1051.617794
2026-04-12 14:10:00,82.03,82.13,81.86,81.98,14696.170601
2026-04-12 14:15:00,81.98,82.02,81.96,82.02,1331.585413
2026-04-12 14:20:00,82.02,82.1,81.96,82.03,4933.697823
2026-04-12 14:25:00,82.03,82.03,81.91,81.96,1731.157586
2026-04-12 14:30:00,81.95,81.96,81.7,81.74,4417.446478
2026-04-12 14:35:00,81.73,81.78,81.61,81.63,3179.793437
2026-04-12 14:40:00,81.62,81.68,81.32,81.4,17481.464074
2026-04-12 14:45:00,81.4,81.58,81.31,81.48,12867.460625
2026-04-12 14:50:00,81.48,81.59,81.48,81.52,3521.215737
2026-04-12 14:55:00,81.52,81.64,81.49,81.56,999.671586
2026-04-12 15:00:00,81.57,81.67,81.55,81.65,844.191325
2026-04-12 15:05:00,81.65,81.71,81.62,81.67,1306.273552
2026-04-12 15:10:00,81.67,81.8,81.67,81.79,959.348591
2026-04-12 15:15:00,81.78,81.82,81.48,81.58,12818.515093
2026-04-12 15:20:00,81.58,81.64,81.55,81.57,588.932191
2026-04-12 15:25:00,81.59,81.6,81.45,81.45,2046.074917
2026-04-12 15:30:00,81.44,81.62,81.32,81.57,11691.721595
2026-04-12 15:35:00,81.57,81.61,81.52,81.56,884.617953
2026-04-12 15:40:00,81.57,81.65,81.55,81.61,2791.547686
2026-04-12 15:45:00,81.6,81.62,81.56,81.59,1385.875971
2026-04-12 15:50:00,81.59,81.71,81.58,81.66,1090.89217
2026-04-12 15:55:00,81.64,81.64,81.57,81.6,537.178092
2026-04-12 16:00:00,81.59,81.74,81.53,81.7,5073.16985
2026-04-12 16:05:00,81.69,81.69,81.56,81.58,743.070016
2026-04-12 16:10:00,81.58,81.75,81.58,81.73,785.553487
2026-04-12 16:15:00,81.73,81.75,81.61,81.62,894.2221
2026-04-12 16:20:00,81.63,81.75,81.55,81.75,1052.197555
2026-04-12 16:25:00,81.75,81.78,81.7,81.77,763.56597
2026-04-12 16:30:00,81.78,81.86,81.78,81.85,846.283133
2026-04-12 16:35:00,81.84,81.85,81.7,81.7,1202.537199
2026-04-12 16:40:00,81.71,81.78,81.69,81.74,1525.226204
2026-04-12 16:45:00,81.75,81.82,81.73,81.76,813.223346
2026-04-12 16:50:00,81.78,81.87,81.77,81.83,1542.271401
2026-04-12 16:55:00,81.83,81.89,81.78,81.88,461.836013
2026-04-12 17:00:00,81.89,81.95,81.81,81.9,1000.583052
2026-04-12 17:05:00,81.9,81.93,81.82,81.84,450.63101
2026-04-12 17:10:00,81.83,81.84,81.76,81.77,425.376646
2026-04-12 17:15:00,81.79,81.85,81.78,81.84,452.2868
2026-04-12 17:20:00,81.85,81.94,81.85,81.93,701.965387
2026-04-12 17:25:00,81.94,81.97,81.91,81.94,1077.065486
2026-04-12 17:30:00,81.95,82.04,81.95,82.01,912.024845
2026-04-12 17:35:00,82.01,82.01,81.88,81.96,1191.230693
2026-04-12 17:40:00,81.96,81.98,81.93,81.96,448.207129
2026-04-12 17:45:00,81.96,81.96,81.82,81.92,412.206664
2026-04-12 17:50:00,81.92,82.31,81.92,82.16,4311.120514
2026-04-12 17:55:00,82.16,82.21,82.11,82.19,1798.589657
2026-04-12 18:00:00,82.2,82.22,82.06,82.2,2378.874321
2026-04-12 18:05:00,82.21,82.29,82.1,82.15,2993.47313
2026-04-12 18:10:00,82.14,82.19,82.11,82.19,1294.105313
2026-04-12 18:15:00,82.19,82.32,82.15,82.16,1790.792534
2026-04-12 18:20:00,82.16,82.22,82.1,82.12,883.697001
2026-04-12 18:25:00,82.12,82.13,82.06,82.08,902.573188
2026-04-12 18:30:00,82.08,82.13,82.04,82.07,1373.823432
2026-04-12 18:35:00,82.07,82.23,82.06,82.23,586.642325
2026-04-12 18:40:00,82.23,82.23,82.08,82.1,850.574787
2026-04-12 18:45:00,82.09,82.14,82.09,82.11,349.632576
2026-04-12 18:50:00,82.12,82.16,82.11,82.16,410.81154
2026-04-12 18:55:00,82.16,82.2,82.12,82.13,1914.322896
2026-04-12 19:00:00,82.14,82.16,82.13,82.16,253.576481
2026-04-12 19:05:00,82.16,82.23,82.16,82.21,667.325813
2026-04-12 19:10:00,82.21,82.32,82.18,82.18,1793.118015
2026-04-12 19:15:00,82.18,82.2,82.12,82.12,891.798206
2026-04-12 19:20:00,82.12,82.19,82.11,82.19,510.052573
2026-04-12 19:25:00,82.19,82.22,82.16,82.21,396.31077
2026-04-12 19:30:00,82.22,82.25,82.17,82.25,644.564923
2026-04-12 19:35:00,82.24,82.25,82.08,82.11,850.650312
2026-04-12 19:40:00,82.12,82.15,82.1,82.12,290.683904
2026-04-12 19:45:00,82.13,82.14,82.0,82.03,1214.115248
2026-04-12 19:50:00,82.02,82.04,81.93,82.04,1123.418772
2026-04-12 19:55:00,82.03,82.03,81.94,81.98,535.873337
2026-04-12 20:00:00,81.98,82.04,81.98,82.03,308.153233
2026-04-12 20:05:00,82.03,82.03,81.93,81.97,515.087933
2026-04-12 20:10:00,81.97,82.07,81.96,82.06,820.318964
2026-04-12 20:15:00,82.04,82.06,81.97,82.06,437.031009
2026-04-12 20:20:00,82.06,82.11,82.03,82.1,952.152511
2026-04-12 20:25:00,82.1,82.12,82.08,82.08,2010.743027
2026-04-12 20:30:00,82.09,82.22,82.08,82.21,1626.879416
2026-04-12 20:35:00,82.22,82.35,82.21,82.33,1617.741945
2026-04-12 20:40:00,82.33,82.87,82.33,82.72,8559.115142
2026-04-12 20:45:00,82.73,82.83,82.52,82.56,1380.304797
2026-04-12 20:50:00,82.55,82.68,82.51,82.64,1829.944285
2026-04-12 20:55:00,82.63,82.72,82.61,82.69,857.979495
2026-04-12 21:00:00,82.69,82.87,82.67,82.69,983.159473
2026-04-12 21:05:00,82.7,82.75,82.57,82.59,430.776837
2026-04-12 21:10:00,82.59,82.61,82.43,82.52,1353.689692
2026-04-12 21:15:00,82.52,82.77,82.52,82.69,2435.588619
2026-04-12 21:20:00,82.69,82.69,82.62,82.67,202.141897
2026-04-12 21:25:00,82.66,82.7,82.56,82.64,3729.763031
2026-04-12 21:30:00,82.64,82.66,82.48,82.49,1705.249734
2026-04-12 21:35:00,82.49,82.74,82.49,82.7,1841.599675
2026-04-12 21:40:00,82.69,82.82,82.67,82.74,1148.722173
2026-04-12 21:45:00,82.75,82.78,82.63,82.69,869.71938
2026-04-12 21:50:00,82.68,82.71,82.59,82.66,1590.400882
2026-04-12 21:55:00,82.67,82.8,82.66,82.8,680.747233
2026-04-12 22:00:00,82.79,82.8,81.88,82.09,10795.056543
2026-04-12 22:05:00,82.07,82.56,81.99,82.18,17395.258392
2026-04-12 22:10:00,82.18,82.22,81.94,82.12,8599.872036
2026-04-12 22:15:00,82.16,82.2,81.61,81.64,12585.556267
2026-04-12 22:20:00,81.64,81.98,81.6,81.86,7574.399051
2026-04-12 22:25:00,81.85,81.88,81.51,81.56,5818.338821
2026-04-12 22:30:00,81.55,81.74,81.38,81.71,7326.277239
2026-04-12 22:35:00,81.69,82.0,81.68,81.9,2540.688863
2026-04-12 22:40:00,81.9,82.04,81.85,81.9,1907.059867
2026-04-12 22:45:00,81.92,81.98,81.81,81.81,1057.93795
2026-04-12 22:50:00,81.81,81.96,81.81,81.92,284.731948
2026-04-12 22:55:00,81.92,82.02,81.89,82.0,2293.52665
2026-04-12 23:00:00,81.99,81.99,81.68,81.84,1887.912329
2026-04-12 23:05:00,81.84,81.89,81.73,81.8,747.521803
2026-04-12 23:10:00,81.8,81.85,81.46,81.5,6057.245448
2026-04-12 23:15:00,81.49,81.6,81.3,81.6,9291.461922
2026-04-12 23:20:00,81.58,81.58,81.4,81.42,2051.208606
2026-04-12 23:25:00,81.43,81.61,81.43,81.55,1302.921758
2026-04-12 23:30:00,81.54,81.54,81.31,81.42,1848.599223
2026-04-12 23:35:00,81.42,81.51,81.41,81.46,1341.080447
2026-04-12 23:40:00,81.46,81.56,81.39,81.56,1148.249655
2026-04-12 23:45:00,81.57,81.59,81.4,81.45,883.692524
2026-04-12 23:50:00,81.46,81.68,81.46,81.51,1716.732799
2026-04-12 23:55:00,81.51,81.58,81.5,81.54,400.452014
2026-04-13 00:00:00,81.53,81.62,81.4,81.62,1192.14801
2026-04-13 00:05:00,81.62,81.81,81.62,81.81,3435.533903
2026-04-13 00:10:00,81.81,81.88,81.68,81.77,1755.131563
2026-04-13 00:15:00,81.78,81.81,81.64,81.7,3248.847891
2026-04-13 00:20:00,81.73,81.85,81.68,81.83,678.065418
2026-04-13 00:25:00,81.82,81.97,81.77,81.77,1927.459499
2026-04-13 00:30:00,81.77,81.96,81.73,81.95,913.156331
2026-04-13 00:35:00,81.94,81.96,81.85,81.85,2138.174255
2026-04-13 00:40:00,81.85,81.93,81.84,81.9,713.521237
2026-04-13 00:45:00,81.9,82.05,81.85,82.0,1141.80114
2026-04-13 00:50:00,82.01,82.22,81.95,82.18,2230.106067
2026-04-13 00:55:00,82.17,82.18,82.06,82.15,660.576405
2026-04-13 01:00:00,82.15,82.25,82.12,82.21,1283.808654
2026-04-13 01:05:00,82.21,82.23,82.13,82.14,632.619609
2026-04-13 01:10:00,82.14,82.35,81.97,82.0,12309.282161
2026-04-13 01:15:00,81.99,82.06,81.98,82.04,1262.579746
2026-04-13 01:20:00,82.03,82.06,82.0,82.03,601.785157
2026-04-13 01:25:00,82.02,82.15,82.02,82.07,3514.199161
2026-04-13 01:30:00,82.07,82.18,81.99,82.16,845.161966
2026-04-13 01:35:00,82.16,82.25,82.06,82.06,951.013899
2026-04-13 01:40:00,82.07,82.16,82.05,82.15,1070.471441
2026-04-13 01:45:00,82.13,82.24,82.11,82.21,783.765114
2026-04-13 01:50:00,82.21,82.28,82.21,82.21,307.622646
2026-04-13 01:55:00,82.21,82.34,82.19,82.33,1323.956105
2026-04-13 02:00:00,82.33,82.44,82.29,82.32,1124.64985
2026-04-13 02:05:00,82.32,82.32,82.21,82.26,724.12292
2026-04-13 02:10:00,82.27,82.27,82.04,82.06,1770.138573
2026-04-13 02:15:00,82.07,82.13,82.04,82.07,973.613417
2026-04-13 02:20:00,82.08,82.21,82.07,82.21,358.744429
2026-04-13 02:25:00,82.22,82.43,82.22,82.33,1930.929804
2026-04-13 02:30:00,82.34,82.41,82.14,82.18,2062.115947
2026-04-13 02:35:00,82.18,82.21,81.93,82.02,2082.601718
2026-04-13 02:40:00,82.03,82.06,81.94,81.96,1395.932858
2026-04-13 02:45:00,81.94,82.01,81.92,81.99,1284.896821
2026-04-13 02:50:00,81.98,81.99,81.88,81.96,1624.584034
2026-04-13 02:55:00,81.96,81.97,81.91,81.93,818.308745
2026-04-13 03:00:00,81.94,81.98,81.81,81.97,1775.524767
2026-04-13 03:05:00,81.96,81.96,81.82,81.82,603.718283
2026-04-13 03:10:00,81.83,81.88,81.81,81.87,1019.545864
2026-04-13 03:15:00,81.87,82.05,81.77,82.03,2046.271998
2026-04-13 03:20:00,82.03,82.06,81.88,81.91,1090.174059
2026-04-13 03:25:00,81.9,82.01,81.9,81.96,650.198122
2026-04-13 03:30:00,81.95,82.06,81.95,82.0,983.08657
2026-04-13 03:35:00,82.01,82.01,81.75,81.83,1816.364145
2026-04-13 03:40:00,81.83,81.88,81.79,81.88,1121.421591
2026-04-13 03:45:00,81.89,81.9,81.83,81.9,395.365617
2026-04-13 03:50:00,81.9,81.92,81.86,81.89,435.205316
2026-04-13 03:55:00,81.88,81.93,81.88,81.91,385.729116
2026-04-13 04:00:00,81.91,82.01,81.9,81.95,844.728895
2026-04-13 04:05:00,81.95,81.95,81.84,81.91,451.945805
2026-04-13 04:10:00,81.92,81.97,81.87,81.95,548.551498
2026-04-13 04:15:00,81.95,81.97,81.87,81.94,549.399685
2026-04-13 04:20:00,81.94,81.99,81.93,81.95,607.644895
2026-04-13 04:25:00,81.94,82.06,81.94,82.0,615.172347
2026-04-13 04:30:00,82.0,82.11,82.0,82.09,1163.224354
2026-04-13 04:35:00,82.08,82.15,82.06,82.15,1020.345005
2026-04-13 04:40:00,82.16,82.25,82.13,82.13,1832.558752
2026-04-13 04:45:00,82.13,82.14,82.05,82.1,1106.506049
2026-04-13 04:50:00,82.09,82.1,81.88,81.97,1685.016218
2026-04-13 04:55:00,81.97,82.08,81.86,81.91,9678.160316
2026-04-13 05:00:00,81.91,81.98,81.87,81.9,1301.97966
2026-04-13 05:05:00,81.92,81.94,81.75,81.76,1060.379858
2026-04-13 05:10:00,81.76,81.79,81.67,81.74,1720.969893
2026-04-13 05:15:00,81.75,81.82,81.72,81.73,859.303606
2026-04-13 05:20:00,81.72,81.76,81.66,81.75,557.0703
2026-04-13 05:25:00,81.76,81.79,81.63,81.77,2048.970768
2026-04-13 05:30:00,81.77,81.77,81.6,81.7,1373.816809
2026-04-13 05:35:00,81.71,81.72,81.54,81.6,1172.604747
2026-04-13 05:40:00,81.59,81.7,81.59,81.64,516.142144
2026-04-13 05:45:00,81.65,81.84,81.65,81.74,1615.836748
2026-04-13 05:50:00,81.75,81.83,81.73,81.83,529.606387
2026-04-13 05:55:00,81.83,81.87,81.76,81.84,1561.705903
2026-04-13 06:00:00,81.85,82.05,81.82,82.05,843.121505
2026-04-13 06:05:00,82.05,82.13,82.02,82.02,1046.823146
2026-04-13 06:10:00,82.01,82.07,81.99,82.06,186.102736
2026-04-13 06:15:00,82.06,82.38,82.01,82.3,5473.996986
2026-04-13 06:20:00,82.29,82.41,82.24,82.39,4989.03122
2026-04-13 06:25:00,82.39,82.4,82.24,82.36,2981.544676
2026-04-13 06:30:00,82.37,82.48,82.3,82.32,4689.054426
2026-04-13 06:35:00,82.32,82.43,82.19,82.41,6605.672768
2026-04-13 06:40:00,82.41,82.42,82.24,82.35,2487.368412
2026-04-13 06:45:00,82.35,82.53,82.32,82.5,5194.781167
2026-04-13 06:50:00,82.49,82.63,82.42,82.43,3995.609791
2026-04-13 06:55:00,82.43,82.46,82.34,82.35,574.824906
2026-04-13 07:00:00,82.36,82.41,82.28,82.35,2094.539243
2026-04-13 07:05:00,82.36,82.36,82.19,82.22,540.090379
2026-04-13 07:10:00,82.23,82.27,82.2,82.24,569.983952
2026-04-13 07:15:00,82.24,82.24,82.09,82.12,1049.157145
2026-04-13 07:20:00,82.11,82.11,81.87,81.89,3392.162716
2026-04-13 07:25:00,81.91,81.96,81.9,81.94,411.202312
2026-04-13 07:30:00,81.93,82.03,81.93,81.96,584.795739
2026-04-13 07:35:00,81.96,82.12,81.94,82.07,403.209858
2026-04-13 07:40:00,82.06,82.1,82.01,82.08,1134.636188
2026-04-13 07:45:00,82.07,82.21,82.03,82.15,2018.483684
2026-04-13 07:50:00,82.14,82.2,82.09,82.1,1106.331476
2026-04-13 07:55:00,82.1,82.18,82.09,82.16,425.821002
2026-04-13 08:00:00,82.16,82.24,82.05,82.21,2816.882244
2026-04-13 08:05:00,82.22,82.28,82.01,82.06,11296.504897
2026-04-13 08:10:00,82.08,82.14,82.0,82.0,1297.196687
2026-04-13 08:15:00,81.99,82.01,81.88,81.9,6943.923357
2026-04-13 08:20:00,81.89,81.96,81.85,81.96,925.132524
2026-04-13 08:25:00,81.96,82.06,81.96,81.99,1963.688212
2026-04-13 08:30:00,81.98,81.98,81.87,81.89,779.625398
2026-04-13 08:35:00,81.9,81.93,81.84,81.84,769.181583
2026-04-13 08:40:00,81.84,81.88,81.76,81.79,1387.098592
2026-04-13 08:45:00,81.79,81.89,81.73,81.86,789.015165
2026-04-13 08:50:00,81.85,81.85,81.77,81.84,558.099499
2026-04-13 08:55:00,81.84,81.88,81.82,81.87,232.621734
2026-04-13 09:00:00,81.87,82.21,81.87,82.13,3379.170866
2026-04-13 09:05:00,82.13,82.15,81.93,81.94,1086.18655
2026-04-13 09:10:00,81.94,81.98,81.89,81.89,509.1152
2026-04-13 09:15:00,81.89,82.06,81.81,81.98,10300.142801
2026-04-13 09:20:00,81.99,82.1,81.99,82.03,2297.563281
2026-04-13 09:25:00,82.03,82.08,81.98,82.0,385.93423
2026-04-13 09:30:00,82.0,82.03,81.98,82.01,213.527539
2026-04-13 09:35:00,82.01,82.05,81.94,82.0,565.287374
2026-04-13 09:40:00,82.0,82.01,81.93,81.95,591.865595
2026-04-13 09:45:00,81.95,81.95,81.89,81.9,957.334973
2026-04-13 09:50:00,81.9,81.91,81.86,81.89,246.833432
2026-04-13 09:55:00,81.88,81.94,81.87,81.87,596.158687
2026-04-13 10:00:00,81.87,81.93,81.84,81.89,2492.896041
2026-04-13 10:05:00,81.9,81.97,81.89,81.89,479.548219
2026-04-13 10:10:00,81.89,81.93,81.88,81.93,625.069969
2026-04-13 10:15:00,81.93,81.93,81.81,81.88,538.033592
2026-04-13 10:20:00,81.87,81.93,81.82,81.82,1223.556341
2026-04-13 10:25:00,81.83,81.89,81.75,81.79,3031.345158
2026-04-13 10:30:00,81.78,81.84,81.78,81.79,500.003608
2026-04-13 10:35:00,81.78,81.89,81.71,81.86,1215.65393
2026-04-13 10:40:00,81.87,81.87,81.76,81.79,764.698829
2026-04-13 10:45:00,81.79,81.86,81.78,81.8,1632.927459
2026-04-13 10:50:00,81.79,81.85,81.75,81.77,477.554295
2026-04-13 10:55:00,81.77,81.84,81.66,81.73,4548.58576
2026-04-13 11:00:00,81.74,81.94,81.7,81.83,5046.457901
2026-04-13 11:05:00,81.84,81.9,81.84,81.86,659.39316
2026-04-13 11:10:00,81.86,81.9,81.84,81.89,2153.851453
2026-04-13 11:15:00,81.89,81.92,81.84,81.89,1001.024694
2026-04-13 11:20:00,81.89,81.96,81.84,81.87,221.510139
2026-04-13 11:25:00,81.88,81.91,81.86,81.87,546.545118
2026-04-13 11:30:00,81.87,81.93,81.82,81.83,537.522575
2026-04-13 11:35:00,81.82,81.91,81.81,81.87,726.868395
2026-04-13 11:40:00,81.87,82.0,81.84,81.99,1352.718152
2026-04-13 11:45:00,81.99,82.05,81.79,81.83,4135.354558
2026-04-13 11:50:00,81.84,81.91,81.78,81.91,1755.726442
2026-04-13 11:55:00,81.9,81.92,81.85,81.86,205.380147
2026-04-13 12:00:00,81.86,81.94,81.82,81.87,1381.166862
2026-04-13 12:05:00,81.86,82.17,81.85,82.11,3244.648519
2026-04-13 12:10:00,82.1,82.2,82.09,82.11,1546.421451
2026-04-13 12:15:00,82.09,82.19,82.02,82.13,2171.547099
2026-04-13 12:20:00,82.14,82.14,82.02,82.03,913.917989
2026-04-13 12:25:00,82.03,82.04,81.93,81.97,3378.838203
2026-04-13 12:30:00,81.97,82.11,81.89,82.07,3982.901442
2026-04-13 12:35:00,82.07,82.08,82.02,82.05,2064.653274
2026-04-13 12:40:00,82.04,82.15,82.03,82.15,1493.380357
2026-04-13 12:45:00,82.15,82.35,82.15,82.31,3112.76779
2026-04-13 12:50:00,82.31,82.77,82.31,82.76,6822.107644
2026-04-13 12:55:00,82.76,82.77,82.45,82.53,20417.914149
2026-04-13 13:00:00,82.54,82.68,82.52,82.65,1865.858213
2026-04-13 13:05:00,82.65,82.67,82.4,82.5,3574.40419
2026-04-13 13:10:00,82.51,82.69,82.51,82.68,3854.508613
2026-04-13 13:15:00,82.67,82.67,82.5,82.56,2356.596816
2026-04-13 13:20:00,82.56,82.57,82.46,82.53,4316.373055
2026-04-13 13:25:00,82.53,82.68,82.46,82.59,11122.393378
2026-04-13 13:30:00,82.6,82.68,82.4,82.5,1739.357091
2026-04-13 13:35:00,82.49,82.52,82.28,82.38,10686.575945
2026-04-13 13:40:00,82.39,82.79,82.35,82.58,10632.177883
2026-04-13 13:45:00,82.6,83.57,82.44,83.52,18610.390237
2026-04-13 13:50:00,83.52,83.63,83.03,83.33,11270.28153
2026-04-13 13:55:00,83.35,83.67,83.26,83.6,6261.851301
2026-04-13 14:00:00,83.62,83.78,83.3,83.4,6836.567953
2026-04-13 14:05:00,83.4,83.42,83.09,83.14,4451.563994
2026-04-13 14:10:00,83.13,83.28,83.09,83.15,4393.952723
2026-04-13 14:15:00,83.16,83.29,82.91,83.03,7453.734596
2026-04-13 14:20:00,83.04,83.15,82.76,83.03,4987.433942
2026-04-13 14:25:00,83.02,83.09,82.98,83.01,3762.187697
2026-04-13 14:30:00,83.01,83.29,82.96,83.2,4027.595003
2026-04-13 14:35:00,83.19,83.33,83.13,83.33,3111.976209
2026-04-13 14:40:00,83.33,83.5,83.18,83.46,6010.59517
2026-04-13 14:45:00,83.46,83.61,83.25,83.27,15153.928806
2026-04-13 14:50:00,83.27,83.41,83.17,83.41,3319.049756
2026-04-13 14:55:00,83.42,83.82,83.35,83.77,8761.878351
2026-04-13 15:00:00,83.76,83.82,83.26,83.29,15007.615104
2026-04-13 15:05:00,83.29,83.42,83.16,83.26,5431.621799
2026-04-13 15:10:00,83.25,83.34,83.14,83.18,2707.699614
2026-04-13 15:15:00,83.2,83.24,83.02,83.04,3393.764742
2026-04-13 15:20:00,83.05,83.14,82.99,82.99,1558.268753
2026-04-13 15:25:00,82.99,83.01,82.81,82.9,3393.434448
2026-04-13 15:30:00,82.89,82.89,82.45,82.51,4956.694875
2026-04-13 15:35:00,82.51,82.59,82.36,82.48,2344.893957
2026-04-13 15:40:00,82.46,82.55,82.42,82.51,4078.949975
2026-04-13 15:45:00,82.5,82.61,82.43,82.46,6655.842057
2026-04-13 15:50:00,82.48,82.56,82.41,82.5,2618.993646
2026-04-13 15:55:00,82.53,82.71,82.53,82.67,2163.101268
2026-04-13 16:00:00,82.67,82.77,82.56,82.58,1712.768962
2026-04-13 16:05:00,82.59,82.83,82.34,82.83,6565.125726
2026-04-13 16:10:00,82.84,82.94,82.83,82.94,5422.704971
2026-04-13 16:15:00,82.94,83.14,82.81,83.08,4383.96698
2026-04-13 16:20:00,83.1,83.28,83.01,83.18,4676.141048
2026-04-13 16:25:00,83.2,83.39,83.11,83.34,3792.118089
2026-04-13 16:30:00,83.36,83.49,83.22,83.39,8674.337065
2026-04-13 16:35:00,83.39,83.52,83.26,83.39,8589.367987
2026-04-13 16:40:00,83.39,83.51,83.23,83.44,8272.875503
2026-04-13 16:45:00,83.42,83.61,83.36,83.38,7021.442297
2026-04-13 16:50:00,83.4,83.5,83.14,83.17,3761.516697
2026-04-13 16:55:00,83.18,83.39,83.18,83.35,1185.185677
2026-04-13 17:00:00,83.36,83.38,83.22,83.31,1557.845561
2026-04-13 17:05:00,83.28,83.35,83.17,83.35,882.211913
2026-04-13 17:10:00,83.36,83.5,83.29,83.29,4834.2091
2026-04-13 17:15:00,83.29,83.47,83.26,83.47,1835.352653
2026-04-13 17:20:00,83.46,83.46,83.29,83.3,856.677515
2026-04-13 17:25:00,83.32,83.6,83.32,83.6,2964.292612
2026-04-13 17:30:00,83.6,83.84,83.59,83.66,11299.380897
2026-04-13 17:35:00,83.66,83.67,83.5,83.51,5640.319814
2026-04-13 17:40:00,83.51,83.55,83.46,83.47,841.292244
2026-04-13 17:45:00,83.48,83.56,83.31,83.33,2168.780408
2026-04-13 17:50:00,83.34,83.36,83.03,83.11,3648.770342
2026-04-13 17:55:00,83.1,83.11,83.02,83.05,1747.755352
2026-04-13 18:00:00,83.06,83.11,82.97,83.09,4864.965227
2026-04-13 18:05:00,83.07,83.13,83.0,83.08,1911.284025
2026-04-13 18:10:00,83.07,83.1,82.93,83.08,3120.078998
2026-04-13 18:15:00,83.09,83.12,82.94,83.03,3212.165827
2026-04-13 18:20:00,83.02,83.14,82.7,82.71,10800.291265
2026-04-13 18:25:00,82.7,82.8,82.59,82.77,6533.4615
2026-04-13 18:30:00,82.79,82.99,82.76,82.98,1136.899005
2026-04-13 18:35:00,82.99,83.05,82.94,82.99,2163.890284
2026-04-13 18:40:00,82.98,83.19,82.97,83.07,2780.094665
2026-04-13 18:45:00,83.1,83.22,83.09,83.14,1820.78518
2026-04-13 18:50:00,83.14,83.22,83.11,83.22,1600.559189
2026-04-13 18:55:00,83.21,83.27,83.18,83.21,1626.34894
2026-04-13 19:00:00,83.22,83.23,83.1,83.14,2441.667403
2026-04-13 19:05:00,83.14,83.21,83.09,83.11,1653.523356
2026-04-13 19:10:00,83.11,83.19,83.1,83.1,2897.738969
2026-04-13 19:15:00,83.1,83.45,83.1,83.33,7657.804429
2026-04-13 19:20:00,83.32,83.6,83.28,83.45,7946.347631
2026-04-13 19:25:00,83.44,83.56,83.39,83.51,4582.549702
2026-04-13 19:30:00,83.52,83.83,83.48,83.78,9114.308921
2026-04-13 19:35:00,83.79,83.81,83.57,83.8,40083.372731
2026-04-13 19:40:00,83.8,83.81,83.64,83.73,7189.128377
2026-04-13 19:45:00,83.73,83.99,83.73,83.89,10801.879468
2026-04-13 19:50:00,83.89,84.18,83.89,84.16,10042.423871
2026-04-13 19:55:00,84.16,84.24,84.07,84.1,10295.581967
2026-04-13 20:00:00,84.11,84.24,84.0,84.01,14687.587478
2026-04-13 20:05:00,84.01,84.15,83.95,84.09,4154.635446
2026-04-13 20:10:00,84.08,84.08,83.82,83.85,9608.639139
2026-04-13 20:15:00,83.86,83.95,83.85,83.89,1613.745805
2026-04-13 20:20:00,83.89,83.95,83.84,83.85,1438.276377
2026-04-13 20:25:00,83.85,84.07,83.85,84.06,3727.904626
2026-04-13 20:30:00,84.07,84.16,84.04,84.15,3355.764926
2026-04-13 20:35:00,84.15,84.36,84.08,84.08,12486.095221
2026-04-13 20:40:00,84.08,84.19,84.08,84.14,2701.948526
2026-04-13 20:45:00,84.14,84.15,84.0,84.01,1582.115573
2026-04-13 20:50:00,84.0,84.01,83.89,83.9,2688.013239
2026-04-13 20:55:00,83.89,84.01,83.85,83.94,1879.675883
2026-04-13 21:00:00,83.94,83.98,83.86,83.88,1112.236585
2026-04-13 21:05:00,83.89,84.04,83.89,83.97,3015.553691
2026-04-13 21:10:00,83.97,84.13,83.97,84.01,4355.764526
2026-04-13 21:15:00,83.99,84.09,83.81,83.89,7132.533695
2026-04-13 21:20:00,83.9,83.95,83.84,83.91,2228.53443
2026-04-13 21:25:00,83.91,83.91,83.81,83.86,2179.754225
2026-04-13 21:30:00,83.86,84.04,83.84,84.01,1543.188602
2026-04-13 21:35:00,84.0,84.04,83.92,84.03,1210.821039
2026-04-13 21:40:00,84.04,84.13,83.93,84.02,8542.695934
2026-04-13 21:45:00,84.03,84.03,83.85,83.96,3100.410995
2026-04-13 21:50:00,83.96,84.07,83.94,84.0,1540.574777
2026-04-13 21:55:00,84.0,84.05,83.94,83.94,1041.226211
2026-04-13 22:00:00,83.95,84.08,83.94,84.01,2514.995212
2026-04-13 22:05:00,84.02,84.6,84.02,84.21,9209.057034
2026-04-13 22:10:00,84.21,85.0,84.21,84.79,22181.751858
2026-04-13 22:15:00,84.79,85.72,84.79,85.47,21223.93052
2026-04-13 22:20:00,85.47,85.89,85.43,85.67,11693.633575
2026-04-13 22:25:00,85.67,85.72,85.52,85.67,6664.534851
2026-04-13 22:30:00,85.68,86.05,85.68,85.97,18483.204131
2026-04-13 22:35:00,85.93,86.04,85.59,85.63,9150.601477
2026-04-13 22:40:00,85.65,85.81,85.61,85.8,6396.574618
2026-04-13 22:45:00,85.8,85.97,85.76,85.8,7494.118259
2026-04-13 22:50:00,85.81,86.33,85.78,86.26,13043.554682
2026-04-13 22:55:00,86.26,86.46,86.1,86.2,12754.835597
2026-04-13 23:00:00,86.22,86.4,85.9,86.38,16310.054849
2026-04-13 23:05:00,86.38,86.49,86.29,86.37,10990.881786
2026-04-13 23:10:00,86.38,86.54,86.17,86.19,7610.271561
2026-04-13 23:15:00,86.18,86.32,85.99,86.26,7683.901519
2026-04-13 23:20:00,86.26,86.46,86.22,86.26,12071.712522
2026-04-13 23:25:00,86.26,86.8,86.26,86.59,18123.987628
2026-04-13 23:30:00,86.59,86.77,86.41,86.51,11060.259401
2026-04-13 23:35:00,86.52,86.66,86.47,86.51,3557.430956
2026-04-13 23:40:00,86.51,86.53,86.39,86.43,4246.158182
2026-04-13 23:45:00,86.43,86.47,86.25,86.25,4472.88511
2026-04-13 23:50:00,86.25,86.55,86.17,86.55,10414.814763
2026-04-13 23:55:00,86.55,86.7,86.5,86.51,8456.672402
2026-04-14 00:00:00,86.5,86.65,86.43,86.46,6423.561118
2026-04-14 00:05:00,86.46,86.56,86.34,86.34,8574.247547
2026-04-14 00:10:00,86.35,86.57,86.28,86.56,5112.705807
2026-04-14 00:15:00,86.56,86.73,86.46,86.5,7264.305914
2026-04-14 00:20:00,86.46,86.51,86.25,86.31,4782.17683
2026-04-14 00:25:00,86.3,86.35,86.08,86.19,6855.474545
2026-04-14 00:30:00,86.19,86.21,86.02,86.08,7024.492932
2026-04-14 00:35:00,86.07,86.39,86.06,86.24,6633.671269
2026-04-14 00:40:00,86.24,86.29,86.15,86.19,7018.18602
2026-04-14 00:45:00,86.18,86.18,85.86,85.89,4651.119993
2026-04-14 00:50:00,85.89,86.05,85.72,85.8,20950.223619
2026-04-14 00:55:00,85.8,85.97,85.78,85.9,9778.283409
2026-04-14 01:00:00,85.9,85.95,85.66,85.86,9129.614538
2026-04-14 01:05:00,85.86,85.97,85.86,85.97,1660.665791
2026-04-14 01:10:00,85.98,86.04,85.89,86.02,3053.136105
2026-04-14 01:15:00,86.02,86.06,85.85,86.06,13186.853703
2026-04-14 01:20:00,86.05,86.1,85.93,85.94,4011.348631
2026-04-14 01:25:00,85.93,85.93,85.85,85.89,1725.119459
2026-04-14 01:30:00,85.89,85.89,85.8,85.82,1842.461164
2026-04-14 01:35:00,85.82,85.97,85.82,85.95,6592.442989
2026-04-14 01:40:00,85.95,86.1,85.95,86.03,4108.361108
2026-04-14 01:45:00,86.03,86.1,85.97,86.05,2044.01506
2026-04-14 01:50:00,86.05,86.1,86.02,86.04,2391.186829
2026-04-14 01:55:00,86.03,86.06,85.94,85.94,1558.904141
2026-04-14 02:00:00,85.94,85.96,85.83,85.89,4473.231783
2026-04-14 02:05:00,85.89,86.1,85.86,86.02,12816.014612
2026-04-14 02:10:00,86.03,86.25,85.9,86.16,16554.546185
2026-04-14 02:15:00,86.17,86.27,86.08,86.21,3939.268128
2026-04-14 02:20:00,86.21,86.29,86.17,86.19,3405.783962
2026-04-14 02:25:00,86.18,86.27,86.14,86.15,4339.044524
2026-04-14 02:30:00,86.15,86.15,85.94,86.0,8142.797739
2026-04-14 02:35:00,86.0,86.31,85.99,86.21,6596.02981
2026-04-14 02:40:00,86.2,86.28,86.15,86.21,1767.213501
2026-04-14 02:45:00,86.21,86.36,86.15,86.35,5428.77155
2026-04-14 02:50:00,86.34,86.39,86.2,86.24,11939.541557
2026-04-14 02:55:00,86.22,86.27,86.19,86.2,1220.356676
2026-04-14 03:00:00,86.21,86.21,86.05,86.16,6186.06186
2026-04-14 03:05:00,86.15,86.25,86.15,86.24,1892.193092
2026-04-14 03:10:00,86.24,86.24,86.12,86.14,1847.61371
2026-04-14 03:15:00,86.14,86.19,86.04,86.14,2567.29508
2026-04-14 03:20:00,86.13,86.15,86.08,86.09,2476.973202
2026-04-14 03:25:00,86.09,86.09,85.97,86.0,3490.763866
2026-04-14 03:30:00,86.01,86.17,85.99,86.09,4712.305469
2026-04-14 03:35:00,86.08,86.13,86.03,86.1,3387.772092
2026-04-14 03:40:00,86.1,86.19,86.1,86.13,4068.273832
2026-04-14 03:45:00,86.13,86.13,86.04,86.05,2441.593334
2026-04-14 03:50:00,86.05,86.11,86.0,86.06,3858.506128
2026-04-14 03:55:00,86.06,86.12,86.0,86.03,2899.907447
2026-04-14 04:00:00,86.05,86.05,85.92,85.93,3765.464365
2026-04-14 04:05:00,85.94,86.02,85.92,85.95,3204.563684
2026-04-14 04:10:00,85.96,85.97,85.91,85.94,1333.517649
2026-04-14 04:15:00,85.94,85.98,85.91,85.96,3864.892428
2026-04-14 04:20:00,85.93,85.97,85.82,85.83,2636.257411
2026-04-14 04:25:00,85.83,85.86,85.79,85.82,3801.42835
2026-04-14 04:30:00,85.82,85.83,85.71,85.72,2441.120383
2026-04-14 04:35:00,85.72,85.75,85.67,85.72,7597.641419
2026-04-14 04:40:00,85.73,85.73,85.64,85.64,2907.70459
2026-04-14 04:45:00,85.64,85.76,85.55,85.72,13131.452434
2026-04-14 04:50:00,85.71,85.81,85.62,85.78,4034.644648
2026-04-14 04:55:00,85.79,85.89,85.76,85.89,5866.262387
2026-04-14 05:00:00,85.89,85.92,85.79,85.87,7632.543027
2026-04-14 05:05:00,85.87,85.87,85.76,85.78,2052.440181
2026-04-14 05:10:00,85.77,85.81,85.74,85.76,3799.77549
2026-04-14 05:15:00,85.75,85.75,85.67,85.71,2670.238934
2026-04-14 05:20:00,85.72,85.9,85.67,85.71,3352.489772
2026-04-14 05:25:00,85.7,85.77,85.66,85.74,2001.344776
2026-04-14 05:30:00,85.74,85.74,85.68,85.68,2688.944637
2026-04-14 05:35:00,85.68,85.81,85.68,85.76,3113.889732
2026-04-14 05:40:00,85.77,85.78,85.7,85.72,1881.73487
2026-04-14 05:45:00,85.72,85.73,85.62,85.62,1547.485468
2026-04-14 05:50:00,85.62,85.62,85.55,85.58,1813.672881
2026-04-14 05:55:00,85.59,85.59,85.43,85.5,4277.474972
2026-04-14 06:00:00,85.51,85.66,85.51,85.58,2690.609414
2026-04-14 06:05:00,85.59,85.64,85.57,85.64,827.185753
2026-04-14 06:10:00,85.64,85.67,85.61,85.65,729.84469
2026-04-14 06:15:00,85.66,85.78,85.63,85.76,2360.105494
2026-04-14 06:20:00,85.77,85.87,85.77,85.87,2261.353115
2026-04-14 06:25:00,85.87,85.98,85.73,85.75,13896.619043
2026-04-14 06:30:00,85.74,85.74,85.59,85.63,1731.823934
2026-04-14 06:35:00,85.62,85.74,85.58,85.71,1499.95792
2026-04-14 06:40:00,85.7,85.75,85.66,85.69,1153.777259
2026-04-14 06:45:00,85.69,85.82,85.65,85.79,1710.296314
2026-04-14 06:50:00,85.77,85.9,85.77,85.9,1515.263654
2026-04-14 06:55:00,85.91,86.07,85.91,85.95,6818.160026
2026-04-14 07:00:00,85.95,86.0,85.81,85.93,4710.089799
2026-04-14 07:05:00,85.92,86.18,85.86,86.17,7523.809165
2026-04-14 07:10:00,86.17,86.18,85.95,86.0,3878.6224
2026-04-14 07:15:00,86.01,86.13,85.83,86.04,26411.462862
2026-04-14 07:20:00,86.03,86.11,85.95,85.95,1269.694476
2026-04-14 07:25:00,85.95,86.12,85.94,86.08,1355.043364
2026-04-14 07:30:00,86.08,86.13,85.92,85.92,4983.586792
2026-04-14 07:35:00,85.92,85.94,85.82,85.91,4862.570464
2026-04-14 07:40:00,85.91,85.96,85.79,85.81,871.354961
2026-04-14 07:45:00,85.8,85.93,85.79,85.92,14476.502958
2026-04-14 07:50:00,85.92,85.94,85.85,85.92,1273.418407
2026-04-14 07:55:00,85.92,85.96,85.79,85.89,6102.491938
2026-04-14 08:00:00,85.89,85.9,85.73,85.85,1351.259052
2026-04-14 08:05:00,85.87,85.92,85.83,85.84,928.985533
2026-04-14 08:10:00,85.84,85.87,85.74,85.81,2823.027411
2026-04-14 08:15:00,85.82,85.83,85.72,85.82,1744.58411
2026-04-14 08:20:00,85.81,85.98,85.78,85.98,3495.228875
2026-04-14 08:25:00,85.98,86.06,85.97,86.02,3821.94439
2026-04-14 08:30:00,86.02,86.27,86.0,86.24,5726.633659
2026-04-14 08:35:00,86.24,86.37,86.18,86.24,5245.880289
2026-04-14 08:40:00,86.23,86.23,86.05,86.11,3088.962756
2026-04-14 08:45:00,86.1,86.17,86.0,86.15,1797.726929
2026-04-14 08:50:00,86.15,86.21,86.06,86.11,1681.515315
2026-04-14 08:55:00,86.1,86.14,86.08,86.14,2213.220603
2026-04-14 09:00:00,86.14,86.21,86.11,86.13,8508.725728
2026-04-14 09:05:00,86.12,86.24,86.08,86.22,2048.904345
2026-04-14 09:10:00,86.22,86.25,86.14,86.23,746.613675
2026-04-14 09:15:00,86.25,86.26,86.18,86.18,936.432319
2026-04-14 09:20:00,86.18,86.18,86.05,86.07,1738.527112
2026-04-14 09:25:00,86.08,86.09,86.0,86.06,1901.23929
2026-04-14 09:30:00,86.05,86.16,86.03,86.12,1025.296947
2026-04-14 09:35:00,86.13,86.15,86.05,86.13,986.687903
2026-04-14 09:40:00,86.14,86.18,86.04,86.06,1706.521526
2026-04-14 09:45:00,86.07,86.11,85.98,86.0,1229.28319
2026-04-14 09:50:00,86.01,86.05,85.99,86.03,573.31673
2026-04-14 09:55:00,86.03,86.15,86.03,86.1,777.572656
2026-04-14 10:00:00,86.1,86.15,86.01,86.13,574.154056
2026-04-14 10:05:00,86.13,86.28,86.13,86.21,3903.261923
2026-04-14 10:10:00,86.22,86.37,86.22,86.35,4940.586047
2026-04-14 10:15:00,86.34,86.37,86.24,86.28,3138.598231
2026-04-14 10:20:00,86.27,86.28,86.21,86.26,1427.892976
2026-04-14 10:25:00,86.26,86.28,86.21,86.25,1667.709767
2026-04-14 10:30:00,86.25,86.37,86.22,86.36,4564.293918
2026-04-14 10:35:00,86.37,86.56,86.17,86.17,17694.293753
2026-04-14 10:40:00,86.16,86.21,86.1,86.1,1725.209018
2026-04-14 10:45:00,86.1,86.12,86.06,86.12,3787.925395
2026-04-14 10:50:00,86.12,86.21,86.07,86.1,3065.811849
2026-04-14 10:55:00,86.1,86.15,86.02,86.02,783.110508
2026-04-14 11:00:00,86.02,86.02,85.89,85.94,3761.98238
2026-04-14 11:05:00,85.94,86.07,85.82,85.95,15628.44106
2026-04-14 11:10:00,85.95,86.03,85.76,86.0,1692.399938
2026-04-14 11:15:00,86.01,86.1,85.91,85.95,3261.129041
2026-04-14 11:20:00,85.96,86.01,85.83,85.85,1061.444744
2026-04-14 11:25:00,85.85,85.95,85.63,85.67,3623.277401
2026-04-14 11:30:00,85.67,85.76,85.59,85.76,1857.963523
2026-04-14 11:35:00,85.77,85.9,85.77,85.85,2426.472368
2026-04-14 11:40:00,85.84,85.87,85.77,85.86,3982.495836
2026-04-14 11:45:00,85.85,85.92,85.77,85.88,5556.083475
2026-04-14 11:50:00,85.88,85.95,85.86,85.9,2024.72982
2026-04-14 11:55:00,85.89,85.95,85.66,85.77,27476.197234
2026-04-14 12:00:00,85.78,85.89,85.76,85.88,2696.113927
2026-04-14 12:05:00,85.87,85.97,85.83,85.97,2344.629683
2026-04-14 12:10:00,85.97,86.0,85.74,85.81,2515.120286
2026-04-14 12:15:00,85.81,85.9,85.79,85.85,237.217755
2026-04-14 12:20:00,85.84,85.84,85.71,85.75,2184.706053
2026-04-14 12:25:00,85.73,85.79,85.65,85.66,4506.280511
2026-04-14 12:30:00,85.68,85.86,85.58,85.72,6047.350905
2026-04-14 12:35:00,85.72,85.94,85.71,85.89,3423.40654
2026-04-14 12:40:00,85.89,85.92,85.71,85.75,1379.853352
2026-04-14 12:45:00,85.76,85.85,85.72,85.83,1170.435149
2026-04-14 12:50:00,85.82,85.91,85.8,85.91,1868.858359
2026-04-14 12:55:00,85.91,85.97,85.88,85.95,1483.020726
2026-04-14 13:00:00,85.96,86.17,85.91,86.12,1585.917119
2026-04-14 13:05:00,86.13,86.16,86.04,86.14,1438.601317
2026-04-14 13:10:00,86.13,86.13,86.04,86.1,865.938932
2026-04-14 13:15:00,86.09,86.36,86.01,86.3,10553.4143
2026-04-14 13:20:00,86.31,86.32,86.21,86.3,1702.622622
2026-04-14 13:25:00,86.3,86.32,86.14,86.14,2202.910046
2026-04-14 13:30:00,86.15,86.65,86.15,86.48,9380.372535
2026-04-14 13:35:00,86.49,86.74,86.47,86.53,10187.240667
2026-04-14 13:40:00,86.52,87.14,86.51,87.04,24588.270673
2026-04-14 13:45:00,87.04,87.16,86.82,86.87,9376.497543
2026-04-14 13:50:00,86.88,87.37,86.85,87.3,10377.475471
2026-04-14 13:55:00,87.31,87.4,87.21,87.3,4601.577242
2026-04-14 14:00:00,87.32,87.39,86.98,87.06,10114.772411
2026-04-14 14:05:00,87.07,87.11,86.64,86.92,13916.275497
2026-04-14 14:10:00,86.91,87.01,86.79,86.91,4733.541139
2026-04-14 14:15:00,86.9,86.96,86.68,86.72,10586.670128
2026-04-14 14:20:00,86.71,86.87,86.71,86.75,5058.474737
2026-04-14 14:25:00,86.75,87.28,86.75,87.27,7186.257151
2026-04-14 14:30:00,87.27,87.65,86.92,86.97,22537.42231
2026-04-14 14:35:00,86.96,87.17,86.46,86.61,13173.948856
2026-04-14 14:40:00,86.6,86.6,86.35,86.43,9504.850476
2026-04-14 14:45:00,86.43,86.51,86.16,86.17,6588.200026
2026-04-14 14:50:00,86.19,86.37,86.14,86.37,5097.477395
2026-04-14 14:55:00,86.37,86.37,85.99,85.99,6150.289333
2026-04-14 15:00:00,85.99,86.11,85.83,85.97,6583.919008
2026-04-14 15:05:00,85.98,86.0,85.26,85.48,16983.878808
2026-04-14 15:10:00,85.5,85.69,85.4,85.6,3591.144201
2026-04-14 15:15:00,85.62,85.67,85.4,85.49,7461.0419
2026-04-14 15:20:00,85.49,85.65,85.45,85.59,5797.730101
2026-04-14 15:25:00,85.6,85.64,85.37,85.44,10216.766234
2026-04-14 15:30:00,85.43,85.85,85.4,85.85,11438.165426
2026-04-14 15:35:00,85.84,86.06,85.77,85.97,3668.979538
2026-04-14 15:40:00,85.98,86.21,85.97,86.21,5352.261579
2026-04-14 15:45:00,86.2,86.2,85.97,86.08,3758.620812
2026-04-14 15:50:00,86.08,86.31,86.07,86.19,2392.185443
2026-04-14 15:55:00,86.18,86.19,85.89,85.97,3958.064187
2026-04-14 16:00:00,85.97,86.17,85.96,86.04,3930.623635
2026-04-14 16:05:00,86.05,86.12,85.93,86.0,9280.970346
2026-04-14 16:10:00,86.01,86.01,85.67,85.85,5438.617141
2026-04-14 16:15:00,85.86,85.89,85.42,85.52,8410.063664
2026-04-14 16:20:00,85.52,85.65,85.41,85.54,5566.155032
2026-04-14 16:25:00,85.55,85.78,85.54,85.68,2226.301272
2026-04-14 16:30:00,85.67,85.72,85.54,85.66,2096.181131
2026-04-14 16:35:00,85.65,85.73,85.44,85.61,3789.722302
2026-04-14 16:40:00,85.6,85.64,85.54,85.54,1501.849985
2026-04-14 16:45:00,85.54,85.58,85.4,85.42,12162.367823
2026-04-14 16:50:00,85.42,85.42,84.86,84.94,20984.759829
2026-04-14 16:55:00,84.94,85.04,84.76,85.04,42467.494537
2026-04-14 17:00:00,85.03,85.08,84.85,84.96,5100.454757
2026-04-14 17:05:00,84.95,85.14,84.94,85.12,3365.676744
2026-04-14 17:10:00,85.13,85.34,85.13,85.28,6386.26984
2026-04-14 17:15:00,85.28,85.33,85.18,85.24,2977.870277
2026-04-14 17:20:00,85.25,85.41,85.23,85.36,2670.04418
2026-04-14 17:25:00,85.36,85.44,85.14,85.15,2755.499168
2026-04-14 17:30:00,85.14,85.2,84.81,84.83,2793.123843
2026-04-14 17:35:00,84.85,84.94,84.7,84.89,6664.276444
2026-04-14 17:40:00,84.91,85.2,84.91,85.15,9572.722689
2026-04-14 17:45:00,85.15,85.22,85.09,85.2,2175.73634
2026-04-14 17:50:00,85.2,85.32,85.16,85.2,1978.925812
2026-04-14 17:55:00,85.19,85.28,85.18,85.26,1484.266068
2026-04-14 18:00:00,85.26,85.41,85.26,85.38,2499.034874
2026-04-14 18:05:00,85.39,85.41,85.26,85.33,2612.634243
2026-04-14 18:10:00,85.33,85.36,85.09,85.2,2669.171388
2026-04-14 18:15:00,85.19,85.26,85.11,85.16,2448.935032
2026-04-14 18:20:00,85.15,85.19,84.78,84.87,3740.409417
2026-04-14 18:25:00,84.86,85.03,84.81,84.94,1058.00705
2026-04-14 18:30:00,84.94,85.03,84.86,84.86,888.671613
2026-04-14 18:35:00,84.85,84.89,84.48,84.54,6392.468562
2026-04-14 18:40:00,84.54,84.6,84.47,84.57,1629.502444
2026-04-14 18:45:00,84.57,84.59,83.94,83.94,10323.123547
2026-04-14 18:50:00,83.95,84.2,83.91,84.11,4414.80286
2026-04-14 18:55:00,84.11,84.14,84.02,84.09,1149.374664
2026-04-14 19:00:00,84.08,84.29,83.99,84.24,3917.405254
2026-04-14 19:05:00,84.25,84.32,84.25,84.3,1957.843361
2026-04-14 19:10:00,84.3,84.31,84.04,84.04,1089.016949
2026-04-14 19:15:00,84.04,84.23,84.04,84.16,1051.574877
2026-04-14 19:20:00,84.16,84.19,83.78,83.81,4211.6823
2026-04-14 19:25:00,83.81,84.15,83.7,84.1,5165.598016
2026-04-14 19:30:00,84.11,84.25,84.0,84.0,5100.129026
2026-04-14 19:35:00,84.0,84.11,83.87,84.08,6051.861301
2026-04-14 19:40:00,84.08,84.13,83.96,84.01,2074.855758
2026-04-14 19:45:00,84.0,84.09,84.0,84.09,857.394916
2026-04-14 19:50:00,84.09,84.11,83.79,83.88,9882.392216
2026-04-14 19:55:00,83.88,84.01,83.74,83.94,7265.054745
2026-04-14 20:00:00,83.95,84.14,83.88,83.94,2506.965223
2026-04-14 20:05:00,83.94,83.98,83.87,83.98,1060.195908
2026-04-14 20:10:00,83.98,84.15,83.92,84.12,5040.113795
2026-04-14 20:15:00,84.11,84.14,83.91,83.94,1593.699061
2026-04-14 20:20:00,83.96,83.97,83.5,83.56,5918.046891
2026-04-14 20:25:00,83.55,83.61,83.42,83.57,6032.696548
2026-04-14 20:30:00,83.57,83.68,83.57,83.57,945.414512
2026-04-14 20:35:00,83.58,83.61,83.44,83.6,3515.268469
2026-04-14 20:40:00,83.61,83.76,83.61,83.75,969.138655
2026-04-14 20:45:00,83.75,83.82,83.68,83.73,1239.879777
2026-04-14 20:50:00,83.73,83.74,83.5,83.52,6952.803529
2026-04-14 20:55:00,83.51,83.61,83.38,83.61,4217.476938
2026-04-14 21:00:00,83.61,83.94,83.59,83.92,3328.244237
2026-04-14 21:05:00,83.91,83.91,83.72,83.85,972.899922
2026-04-14 21:10:00,83.85,83.85,83.67,83.76,1001.758836
2026-04-14 21:15:00,83.77,83.81,83.72,83.77,1384.987634
2026-04-14 21:20:00,83.77,83.81,83.61,83.68,1252.205243
2026-04-14 21:25:00,83.69,83.77,83.68,83.76,1212.731692
2026-04-14 21:30:00,83.77,83.79,83.68,83.76,1587.222912
2026-04-14 21:35:00,83.77,83.81,83.64,83.68,3377.362327
2026-04-14 21:40:00,83.69,83.69,83.54,83.69,10558.862698
2026-04-14 21:45:00,83.69,83.71,83.63,83.63,892.018245
2026-04-14 21:50:00,83.65,83.8,83.65,83.76,1408.746927
2026-04-14 21:55:00,83.76,83.84,83.74,83.81,1899.042204
2026-04-14 22:00:00,83.81,83.81,83.56,83.67,4848.624453
2026-04-14 22:05:00,83.67,83.93,83.62,83.88,2640.646964
2026-04-14 22:10:00,83.88,83.94,83.74,83.75,2739.930116
2026-04-14 22:15:00,83.75,83.75,83.6,83.61,2781.967126
2026-04-14 22:20:00,83.61,83.66,83.51,83.66,2931.677924
2026-04-14 22:25:00,83.65,83.67,83.35,83.41,6994.906648
2026-04-14 22:30:00,83.41,83.63,83.31,83.46,12317.097749
2026-04-14 22:35:00,83.45,83.46,83.32,83.4,2131.218279
2026-04-14 22:40:00,83.4,83.5,83.29,83.35,3110.56962
2026-04-14 22:45:00,83.35,83.47,83.33,83.33,6918.054293
2026-04-14 22:50:00,83.33,83.43,83.31,83.35,2394.634563
2026-04-14 22:55:00,83.35,83.58,83.33,83.5,9690.190603
2026-04-14 23:00:00,83.5,83.59,83.44,83.59,1592.471755
2026-04-14 23:05:00,83.59,83.62,83.51,83.51,1650.850599
2026-04-14 23:10:00,83.51,83.61,83.48,83.6,1209.373279
2026-04-14 23:15:00,83.61,83.78,83.59,83.77,3820.626008
2026-04-14 23:20:00,83.77,83.81,83.73,83.73,1353.686618
2026-04-14 23:25:00,83.73,83.74,83.61,83.72,2632.940069
2026-04-14 23:30:00,83.73,83.87,83.71,83.85,2390.154941
2026-04-14 23:35:00,83.84,83.9,83.77,83.9,1632.770693
2026-04-14 23:40:00,83.89,83.97,83.88,83.94,2731.64089
2026-04-14 23:45:00,83.93,84.09,83.76,83.79,20473.595593
2026-04-14 23:50:00,83.78,83.81,83.63,83.71,2912.169946
2026-04-14 23:55:00,83.71,83.76,83.7,83.71,1775.933858
2026-04-15 00:00:00,83.7,84.03,83.67,83.97,2873.96946
2026-04-15 00:05:00,83.96,84.08,83.89,83.95,6396.218046
2026-04-15 00:10:00,83.95,83.95,83.73,83.77,5415.030852
2026-04-15 00:15:00,83.77,83.78,83.56,83.58,4868.084577
2026-04-15 00:20:00,83.59,83.99,83.55,83.87,11967.273255
2026-04-15 00:25:00,83.86,83.97,83.84,83.95,1857.270774
2026-04-15 00:30:00,83.94,83.96,83.67,83.76,4435.951984
2026-04-15 00:35:00,83.75,83.79,83.61,83.61,3350.444371
2026-04-15 00:40:00,83.62,83.8,83.56,83.8,5886.154503
2026-04-15 00:45:00,83.79,83.93,83.6,83.65,15338.771044
2026-04-15 00:50:00,83.62,83.74,83.6,83.61,2258.535673
2026-04-15 00:55:00,83.61,83.82,83.58,83.78,1756.190247
2026-04-15 01:00:00,83.77,83.77,83.6,83.67,5341.771156
2026-04-15 01:05:00,83.66,83.78,83.62,83.71,3831.145993
2026-04-15 01:10:00,83.71,83.83,83.56,83.76,13288.294001
2026-04-15 01:15:00,83.78,83.85,83.72,83.81,2359.257019
2026-04-15 01:20:00,83.79,83.82,83.68,83.74,1729.551537
2026-04-15 01:25:00,83.74,83.84,83.74,83.83,848.744356
2026-04-15 01:30:00,83.84,83.87,83.75,83.8,1439.828632
2026-04-15 01:35:00,83.8,83.88,83.69,83.85,1318.960186
2026-04-15 01:40:00,83.84,83.94,83.82,83.94,1042.337463
2026-04-15 01:45:00,83.91,83.93,83.82,83.89,885.633163
2026-04-15 01:50:00,83.91,84.02,83.79,83.83,3248.580325
2026-04-15 01:55:00,83.83,83.94,83.8,83.92,2549.040862
2026-04-15 02:00:00,83.91,84.0,83.87,83.9,1660.150512
2026-04-15 02:05:00,83.9,83.9,83.8,83.81,1474.114508
