timestamp,open,high,low,close,volume
2026-03-16 02:15:00,1.4433,1.4436,1.44,1.4404,32094.781334
2026-03-16 02:20:00,1.4404,1.4404,1.4382,1.4391,50117.113406
2026-03-16 02:25:00,1.4389,1.4389,1.4357,1.4368,75045.900824
2026-03-16 02:30:00,1.4369,1.4377,1.4363,1.4375,19847.104379
2026-03-16 02:35:00,1.4375,1.4388,1.4365,1.4378,29135.821197
2026-03-16 02:40:00,1.4378,1.4387,1.4373,1.4387,36583.338672
2026-03-16 02:45:00,1.4389,1.4407,1.4387,1.4397,100110.221772
2026-03-16 02:50:00,1.4399,1.4426,1.4399,1.4426,48789.159488
2026-03-16 02:55:00,1.4427,1.4456,1.4427,1.4428,73419.315083
2026-03-16 03:00:00,1.4427,1.4437,1.4401,1.4437,40242.064745
2026-03-16 03:05:00,1.4442,1.4451,1.4425,1.4451,19407.016333
2026-03-16 03:10:00,1.4448,1.4456,1.4442,1.4448,20282.950843
2026-03-16 03:15:00,1.4448,1.4458,1.4434,1.4455,21426.1984
2026-03-16 03:20:00,1.4454,1.4541,1.4444,1.453,166423.094689
2026-03-16 03:25:00,1.453,1.4543,1.4507,1.4533,106088.010273
2026-03-16 03:30:00,1.4535,1.4771,1.4535,1.4741,1271564.338717
2026-03-16 03:35:00,1.4737,1.4788,1.4681,1.4762,538219.850605
2026-03-16 03:40:00,1.476,1.4803,1.4686,1.4705,533742.553879
2026-03-16 03:45:00,1.4706,1.4719,1.4645,1.4668,333002.100555
2026-03-16 03:50:00,1.4669,1.4711,1.4662,1.4702,1005907.449928
2026-03-16 03:55:00,1.4702,1.4702,1.4668,1.4676,185779.963112
2026-03-16 04:00:00,1.4676,1.4717,1.4676,1.4709,164114.4425
2026-03-16 04:05:00,1.4708,1.4759,1.4707,1.4735,181327.72891
2026-03-16 04:10:00,1.4735,1.4746,1.4722,1.4746,63716.188312
2026-03-16 04:15:00,1.4745,1.4777,1.4743,1.4754,121119.295096
2026-03-16 04:20:00,1.4753,1.4784,1.4708,1.4717,231006.682777
2026-03-16 04:25:00,1.4718,1.4718,1.469,1.4695,161649.308721
2026-03-16 04:30:00,1.4694,1.4719,1.4675,1.4713,98512.696299
2026-03-16 04:35:00,1.4709,1.4776,1.4706,1.4752,404684.712601
2026-03-16 04:40:00,1.475,1.4773,1.4721,1.4773,334482.142719
2026-03-16 04:45:00,1.4773,1.4843,1.4751,1.4801,823557.337878
2026-03-16 04:50:00,1.4799,1.4828,1.4771,1.4819,242944.303373
2026-03-16 04:55:00,1.4823,1.4863,1.4772,1.48,359104.829675
2026-03-16 05:00:00,1.4802,1.4813,1.4752,1.4768,190777.067964
2026-03-16 05:05:00,1.4765,1.4791,1.4764,1.4783,130592.246275
2026-03-16 05:10:00,1.4785,1.4849,1.4784,1.4805,186995.534447
2026-03-16 05:15:00,1.4808,1.4809,1.4773,1.4796,105859.077847
2026-03-16 05:20:00,1.4798,1.4818,1.4771,1.4788,202900.316839
2026-03-16 05:25:00,1.4786,1.4802,1.4782,1.4799,70588.700684
2026-03-16 05:30:00,1.4798,1.4798,1.4743,1.4768,135078.481582
2026-03-16 05:35:00,1.4768,1.4802,1.4758,1.4798,83489.588611
2026-03-16 05:40:00,1.4798,1.4839,1.4791,1.4832,134092.523728
2026-03-16 05:45:00,1.483,1.4847,1.4817,1.4819,136575.170515
2026-03-16 05:50:00,1.4819,1.482,1.4789,1.48,159761.899706
2026-03-16 05:55:00,1.4801,1.4833,1.479,1.4814,133226.666252
2026-03-16 06:00:00,1.481,1.481,1.4754,1.4757,108912.186616
2026-03-16 06:05:00,1.4757,1.4763,1.4744,1.4746,145053.099122
2026-03-16 06:10:00,1.475,1.4767,1.4736,1.4767,110729.629609
2026-03-16 06:15:00,1.4765,1.4813,1.4762,1.4806,159785.867063
2026-03-16 06:20:00,1.4805,1.4805,1.4772,1.4779,75081.951418
2026-03-16 06:25:00,1.4781,1.4784,1.4764,1.4774,79541.807694
2026-03-16 06:30:00,1.4777,1.479,1.4771,1.4773,46706.016986
2026-03-16 06:35:00,1.4773,1.4804,1.4761,1.4797,27038.355036
2026-03-16 06:40:00,1.4797,1.4816,1.479,1.4795,71899.793148
2026-03-16 06:45:00,1.4788,1.4795,1.4782,1.4789,40088.66675
2026-03-16 06:50:00,1.4788,1.4791,1.4778,1.479,15245.216568
2026-03-16 06:55:00,1.4794,1.4795,1.4767,1.4769,23491.811315
2026-03-16 07:00:00,1.4769,1.4829,1.4761,1.4824,68254.525174
2026-03-16 07:05:00,1.4826,1.488,1.4809,1.4867,200166.382794
2026-03-16 07:10:00,1.4866,1.4872,1.4844,1.4847,92206.949468
2026-03-16 07:15:00,1.4847,1.4885,1.483,1.4864,237012.749268
2026-03-16 07:20:00,1.4863,1.4864,1.4822,1.4822,61325.557264
2026-03-16 07:25:00,1.4821,1.4844,1.4813,1.4836,278885.812847
2026-03-16 07:30:00,1.4833,1.4846,1.482,1.4822,49179.495556
2026-03-16 07:35:00,1.4822,1.4826,1.4785,1.4797,110894.395211
2026-03-16 07:40:00,1.4796,1.4843,1.4791,1.4832,56619.632462
2026-03-16 07:45:00,1.4832,1.4856,1.4823,1.4845,107665.775162
2026-03-16 07:50:00,1.4845,1.4847,1.4812,1.4832,133246.761082
2026-03-16 07:55:00,1.4832,1.4857,1.4826,1.483,130027.722615
2026-03-16 08:00:00,1.4832,1.4889,1.4832,1.4844,159197.05787
2026-03-16 08:05:00,1.4844,1.4893,1.4838,1.489,79686.387417
2026-03-16 08:10:00,1.4887,1.4888,1.4815,1.4815,46747.698777
2026-03-16 08:15:00,1.4815,1.4846,1.4783,1.4835,112834.808848
2026-03-16 08:20:00,1.4835,1.4843,1.4813,1.4842,28223.281729
2026-03-16 08:25:00,1.4839,1.4839,1.478,1.4782,35338.652237
2026-03-16 08:30:00,1.478,1.4787,1.4728,1.4737,147034.16731
2026-03-16 08:35:00,1.4737,1.4752,1.4703,1.4709,137477.001681
2026-03-16 08:40:00,1.4708,1.4734,1.466,1.4665,201044.756426
2026-03-16 08:45:00,1.4666,1.4708,1.4661,1.4694,177633.392066
2026-03-16 08:50:00,1.4694,1.4712,1.4644,1.4705,147721.040793
2026-03-16 08:55:00,1.4703,1.4703,1.4678,1.4686,29406.973387
2026-03-16 09:00:00,1.4685,1.4692,1.4676,1.4692,33892.348057
2026-03-16 09:05:00,1.4692,1.4697,1.4671,1.4697,82485.354304
2026-03-16 09:10:00,1.47,1.4712,1.4689,1.4697,57506.992108
2026-03-16 09:15:00,1.4697,1.4705,1.4679,1.4698,126099.035511
2026-03-16 09:20:00,1.4699,1.4711,1.4685,1.47,109016.473609
2026-03-16 09:25:00,1.4699,1.4713,1.4679,1.4684,110077.991919
2026-03-16 09:30:00,1.4684,1.4696,1.4664,1.4677,39814.828059
2026-03-16 09:35:00,1.4679,1.4695,1.4667,1.468,102555.463675
2026-03-16 09:40:00,1.468,1.4694,1.4676,1.4681,19290.781107
2026-03-16 09:45:00,1.4682,1.4749,1.4682,1.4735,115210.184491
2026-03-16 09:50:00,1.4733,1.4763,1.4727,1.4755,182044.552828
2026-03-16 09:55:00,1.475,1.4754,1.4739,1.4742,47123.831527
2026-03-16 10:00:00,1.4742,1.4763,1.4742,1.475,112848.131806
2026-03-16 10:05:00,1.475,1.4757,1.4719,1.4735,43327.00996
2026-03-16 10:10:00,1.4734,1.4743,1.4727,1.4729,45205.993406
2026-03-16 10:15:00,1.4729,1.4743,1.4729,1.4729,40727.321995
2026-03-16 10:20:00,1.4733,1.4747,1.4716,1.4729,117775.082739
2026-03-16 10:25:00,1.4728,1.473,1.4712,1.4718,53800.173539
2026-03-16 10:30:00,1.4716,1.4719,1.4696,1.4697,113472.967637
2026-03-16 10:35:00,1.4696,1.4717,1.467,1.4683,516877.68671
2026-03-16 10:40:00,1.4681,1.4698,1.4679,1.4685,74543.777247
2026-03-16 10:45:00,1.4685,1.4715,1.468,1.4715,68141.147216
2026-03-16 10:50:00,1.4715,1.4737,1.4713,1.4718,119984.068556
2026-03-16 10:55:00,1.4719,1.4759,1.4719,1.4751,226330.886354
2026-03-16 11:00:00,1.475,1.4758,1.4742,1.4751,71974.483004
2026-03-16 11:05:00,1.4753,1.4757,1.4736,1.4738,70735.67697
2026-03-16 11:10:00,1.4738,1.4744,1.4722,1.4723,56680.749161
2026-03-16 11:15:00,1.4723,1.4738,1.4718,1.473,47199.453342
2026-03-16 11:20:00,1.4727,1.4728,1.4692,1.4693,67766.131444
2026-03-16 11:25:00,1.4694,1.4707,1.467,1.4672,75798.124575
2026-03-16 11:30:00,1.4671,1.4701,1.4666,1.4696,57442.134677
2026-03-16 11:35:00,1.4696,1.4702,1.4688,1.4702,30688.351414
2026-03-16 11:40:00,1.4703,1.4717,1.4698,1.4708,41216.258291
2026-03-16 11:45:00,1.4709,1.472,1.4709,1.471,31914.049272
2026-03-16 11:50:00,1.471,1.4717,1.47,1.4707,12292.478457
2026-03-16 11:55:00,1.4706,1.4708,1.4695,1.4699,14139.436401
2026-03-16 12:00:00,1.4697,1.4774,1.4695,1.4719,275768.755314
2026-03-16 12:05:00,1.4718,1.473,1.47,1.4711,98345.521082
2026-03-16 12:10:00,1.471,1.474,1.4697,1.4737,270431.880044
2026-03-16 12:15:00,1.4736,1.4767,1.4716,1.4767,101728.032512
2026-03-16 12:20:00,1.4766,1.4794,1.4743,1.4786,79910.196269
2026-03-16 12:25:00,1.4784,1.4805,1.476,1.4795,191788.493971
2026-03-16 12:30:00,1.4795,1.481,1.4772,1.4787,165133.356168
2026-03-16 12:35:00,1.4788,1.4797,1.4751,1.4794,91631.352093
2026-03-16 12:40:00,1.4796,1.4803,1.477,1.478,79875.316246
2026-03-16 12:45:00,1.4779,1.4789,1.4757,1.4765,92389.418859
2026-03-16 12:50:00,1.4766,1.4773,1.4751,1.4756,19087.613719
2026-03-16 12:55:00,1.4756,1.477,1.4755,1.4764,12996.738744
2026-03-16 13:00:00,1.4763,1.4777,1.4759,1.4763,53994.368056
2026-03-16 13:05:00,1.4766,1.4781,1.4748,1.4751,36315.187135
2026-03-16 13:10:00,1.475,1.4805,1.4749,1.4794,33209.050712
2026-03-16 13:15:00,1.4796,1.4801,1.4766,1.4776,70136.479169
2026-03-16 13:20:00,1.4776,1.4797,1.4776,1.4784,118297.117057
2026-03-16 13:25:00,1.4782,1.4798,1.4774,1.4793,110957.315295
2026-03-16 13:30:00,1.4793,1.4885,1.4773,1.4876,227710.350191
2026-03-16 13:35:00,1.4876,1.49,1.4853,1.4894,202808.083604
2026-03-16 13:40:00,1.4892,1.4929,1.4813,1.4845,248281.9814
2026-03-16 13:45:00,1.4845,1.49,1.4833,1.4846,232208.853601
2026-03-16 13:50:00,1.4848,1.4863,1.4785,1.479,233160.198126
2026-03-16 13:55:00,1.479,1.4827,1.4776,1.4827,71166.680921
2026-03-16 14:00:00,1.4828,1.4875,1.4803,1.4833,235025.818604
2026-03-16 14:05:00,1.4834,1.4885,1.4824,1.487,80901.133446
2026-03-16 14:10:00,1.4867,1.4895,1.4851,1.4883,85128.266946
2026-03-16 14:15:00,1.4882,1.4896,1.485,1.485,108429.64024
2026-03-16 14:20:00,1.485,1.4909,1.4844,1.4898,163103.146219
2026-03-16 14:25:00,1.49,1.49,1.4795,1.4799,234280.755586
2026-03-16 14:30:00,1.4802,1.4809,1.4717,1.4799,897335.683287
2026-03-16 14:35:00,1.4796,1.4834,1.4737,1.475,210474.678365
2026-03-16 14:40:00,1.4748,1.4782,1.4721,1.4767,199998.060316
2026-03-16 14:45:00,1.4766,1.4807,1.4759,1.4778,96714.253847
2026-03-16 14:50:00,1.4778,1.4862,1.4761,1.486,111255.300469
2026-03-16 14:55:00,1.4858,1.5098,1.4856,1.5094,1085289.82229
2026-03-16 15:00:00,1.5094,1.5131,1.4991,1.5014,780373.235892
2026-03-16 15:05:00,1.5016,1.5114,1.4961,1.5102,894322.863219
2026-03-16 15:10:00,1.5102,1.5134,1.5046,1.5089,211326.656079
2026-03-16 15:15:00,1.5086,1.5151,1.5034,1.5143,212976.03293
2026-03-16 15:20:00,1.5143,1.5148,1.5098,1.5111,289741.710416
2026-03-16 15:25:00,1.5111,1.5115,1.5082,1.5109,167049.655583
2026-03-16 15:30:00,1.511,1.5163,1.503,1.5049,417562.360928
2026-03-16 15:35:00,1.5047,1.5052,1.5001,1.5024,88256.896846
2026-03-16 15:40:00,1.5022,1.5026,1.4981,1.4989,106603.129424
2026-03-16 15:45:00,1.499,1.5035,1.499,1.5007,323418.288109
2026-03-16 15:50:00,1.5007,1.5008,1.4939,1.4952,199066.407945
2026-03-16 15:55:00,1.4951,1.4959,1.4926,1.4933,86310.380438
2026-03-16 16:00:00,1.4932,1.4958,1.4919,1.4942,165342.671045
2026-03-16 16:05:00,1.4939,1.5002,1.4939,1.4974,46357.652001
2026-03-16 16:10:00,1.4974,1.5,1.4923,1.4938,196134.574398
2026-03-16 16:15:00,1.494,1.4982,1.4927,1.4964,199169.117797
2026-03-16 16:20:00,1.4967,1.4998,1.4963,1.4964,83208.235568
2026-03-16 16:25:00,1.4963,1.5008,1.4949,1.5008,86901.074118
2026-03-16 16:30:00,1.5008,1.5049,1.4987,1.5019,112163.822014
2026-03-16 16:35:00,1.5018,1.5045,1.4997,1.5024,73178.094718
2026-03-16 16:40:00,1.5025,1.5071,1.502,1.5038,71229.360787
2026-03-16 16:45:00,1.5038,1.5069,1.502,1.5052,77035.066687
2026-03-16 16:50:00,1.5048,1.5104,1.5046,1.509,161361.702162
2026-03-16 16:55:00,1.509,1.5115,1.5084,1.5088,126616.598055
2026-03-16 17:00:00,1.509,1.5111,1.5055,1.5084,225732.513987
2026-03-16 17:05:00,1.5085,1.5121,1.5084,1.5105,97662.318905
2026-03-16 17:10:00,1.5107,1.5125,1.5084,1.5084,119310.443884
2026-03-16 17:15:00,1.5083,1.5105,1.5065,1.5085,88638.48086
2026-03-16 17:20:00,1.5085,1.5103,1.5071,1.5091,46826.293424
2026-03-16 17:25:00,1.5091,1.5103,1.5082,1.5088,64610.330913
2026-03-16 17:30:00,1.5087,1.513,1.5061,1.5074,175459.612326
2026-03-16 17:35:00,1.5075,1.5148,1.5075,1.5136,99499.464477
2026-03-16 17:40:00,1.5136,1.5178,1.5124,1.5145,68252.783409
2026-03-16 17:45:00,1.5143,1.519,1.513,1.5168,107861.303907
2026-03-16 17:50:00,1.5168,1.5175,1.5132,1.5163,71685.791372
2026-03-16 17:55:00,1.5162,1.5187,1.5153,1.5187,154382.211878
2026-03-16 18:00:00,1.5188,1.5195,1.5166,1.5179,104772.056254
2026-03-16 18:05:00,1.5182,1.5283,1.5179,1.5277,514430.952466
2026-03-16 18:10:00,1.5278,1.5278,1.5247,1.5252,253746.185871
2026-03-16 18:15:00,1.5252,1.5363,1.5235,1.5303,763263.672712
2026-03-16 18:20:00,1.5301,1.5398,1.5275,1.5381,452929.0373
2026-03-16 18:25:00,1.5379,1.5443,1.5376,1.5415,594681.483219
2026-03-16 18:30:00,1.5414,1.5421,1.5369,1.5395,256107.878333
2026-03-16 18:35:00,1.5395,1.5397,1.5315,1.5376,204576.153234
2026-03-16 18:40:00,1.5375,1.5427,1.5375,1.5387,265288.352256
2026-03-16 18:45:00,1.5385,1.54,1.534,1.5395,223988.482224
2026-03-16 18:50:00,1.5394,1.54,1.5353,1.5362,130496.570498
2026-03-16 18:55:00,1.5365,1.5383,1.5329,1.5357,117553.750085
2026-03-16 19:00:00,1.5361,1.537,1.5291,1.5305,142629.540175
2026-03-16 19:05:00,1.5304,1.5423,1.5292,1.5418,171207.091631
2026-03-16 19:10:00,1.5414,1.5429,1.5338,1.539,183604.279356
2026-03-16 19:15:00,1.5389,1.5423,1.5341,1.5345,90083.287739
2026-03-16 19:20:00,1.5345,1.5374,1.5326,1.5341,62687.782499
2026-03-16 19:25:00,1.5342,1.5375,1.5306,1.5359,205320.615479
2026-03-16 19:30:00,1.5361,1.5374,1.5344,1.535,98818.281813
2026-03-16 19:35:00,1.535,1.5353,1.5317,1.533,115499.45505
2026-03-16 19:40:00,1.5325,1.5331,1.5298,1.5302,109420.987587
2026-03-16 19:45:00,1.5303,1.5309,1.5246,1.5248,167004.783563
2026-03-16 19:50:00,1.525,1.5265,1.5212,1.5223,109164.201125
2026-03-16 19:55:00,1.5225,1.5324,1.5208,1.53,525525.344742
2026-03-16 20:00:00,1.53,1.5301,1.5251,1.5275,247905.679742
2026-03-16 20:05:00,1.5274,1.5275,1.5251,1.5251,134104.4683
2026-03-16 20:10:00,1.5251,1.5282,1.5251,1.5267,81944.65476
2026-03-16 20:15:00,1.5265,1.5294,1.5251,1.5253,97725.637732
2026-03-16 20:20:00,1.5254,1.5282,1.525,1.5273,43226.039548
2026-03-16 20:25:00,1.5272,1.53,1.5261,1.5284,82908.304073
2026-03-16 20:30:00,1.5286,1.5298,1.528,1.5298,35038.678475
2026-03-16 20:35:00,1.5298,1.5312,1.5282,1.5293,81915.518914
2026-03-16 20:40:00,1.5291,1.5291,1.5235,1.5246,28098.359325
2026-03-16 20:45:00,1.5247,1.5259,1.5238,1.525,48994.056546
2026-03-16 20:50:00,1.5252,1.5286,1.5252,1.5285,59631.818132
2026-03-16 20:55:00,1.5285,1.5292,1.5277,1.5286,96551.359028
2026-03-16 21:00:00,1.5285,1.5332,1.5264,1.5329,434888.460174
2026-03-16 21:05:00,1.5328,1.5348,1.5273,1.5275,131924.872332
2026-03-16 21:10:00,1.5275,1.5331,1.5275,1.5309,94727.327492
2026-03-16 21:15:00,1.5309,1.5315,1.5294,1.5309,89215.048748
2026-03-16 21:20:00,1.5311,1.5326,1.5285,1.5302,92854.802865
2026-03-16 21:25:00,1.53,1.5307,1.5263,1.5288,38624.09149
2026-03-16 21:30:00,1.5289,1.5332,1.5276,1.5326,51689.337538
2026-03-16 21:35:00,1.5326,1.5407,1.5313,1.5347,314819.960298
2026-03-16 21:40:00,1.5348,1.536,1.5306,1.5316,87613.064236
2026-03-16 21:45:00,1.5318,1.5348,1.5312,1.5346,35873.64258
2026-03-16 21:50:00,1.5345,1.5361,1.5325,1.5327,44111.783321
2026-03-16 21:55:00,1.5327,1.5329,1.5279,1.528,75709.496268
2026-03-16 22:00:00,1.528,1.5346,1.5279,1.5337,96504.854005
2026-03-16 22:05:00,1.5333,1.5413,1.5333,1.5397,310775.182496
2026-03-16 22:10:00,1.5395,1.5415,1.5361,1.5414,100274.182069
2026-03-16 22:15:00,1.5413,1.5432,1.5392,1.5418,228174.981474
2026-03-16 22:20:00,1.5415,1.5415,1.535,1.5368,94944.792925
2026-03-16 22:25:00,1.5368,1.5396,1.5365,1.5386,81007.730838
2026-03-16 22:30:00,1.5385,1.5425,1.5377,1.539,119632.433272
2026-03-16 22:35:00,1.5391,1.5415,1.5389,1.5414,46319.85892
2026-03-16 22:40:00,1.5413,1.5448,1.5398,1.5446,98471.342872
2026-03-16 22:45:00,1.5446,1.5487,1.544,1.5471,156583.195902
2026-03-16 22:50:00,1.5471,1.5497,1.547,1.5492,149609.960436
2026-03-16 22:55:00,1.5492,1.5525,1.5492,1.5516,233348.72018
2026-03-16 23:00:00,1.5515,1.5517,1.5446,1.5448,211430.656724
2026-03-16 23:05:00,1.5448,1.5468,1.5382,1.5386,308354.222935
2026-03-16 23:10:00,1.5388,1.541,1.5372,1.5409,104286.55116
2026-03-16 23:15:00,1.5409,1.5441,1.5409,1.5418,88258.065656
2026-03-16 23:20:00,1.5413,1.5435,1.5409,1.5413,55256.01198
2026-03-16 23:25:00,1.5413,1.5471,1.541,1.5468,47708.840564
2026-03-16 23:30:00,1.5465,1.552,1.5456,1.5473,61773.077514
2026-03-16 23:35:00,1.5473,1.5492,1.5449,1.5454,57570.26914
2026-03-16 23:40:00,1.5456,1.5498,1.545,1.5496,150756.859252
2026-03-16 23:45:00,1.5496,1.5514,1.545,1.5469,85377.512187
2026-03-16 23:50:00,1.5468,1.547,1.5412,1.5432,103296.236851
2026-03-16 23:55:00,1.5434,1.5443,1.5427,1.543,58045.978574
2026-03-17 00:00:00,1.543,1.543,1.5361,1.5377,156605.38943
2026-03-17 00:05:00,1.5376,1.5444,1.537,1.5444,226440.610965
2026-03-17 00:10:00,1.5444,1.5546,1.5444,1.5514,717014.971265
2026-03-17 00:15:00,1.5514,1.5546,1.5459,1.547,285192.50225
2026-03-17 00:20:00,1.5465,1.5469,1.5361,1.5371,105890.312509
2026-03-17 00:25:00,1.537,1.5406,1.5343,1.5406,103279.83785
2026-03-17 00:30:00,1.5407,1.5454,1.5401,1.5431,190805.900818
2026-03-17 00:35:00,1.5431,1.5451,1.5382,1.5392,219126.155275
2026-03-17 00:40:00,1.5391,1.5395,1.5362,1.5381,95986.589054
2026-03-17 00:45:00,1.5384,1.5431,1.5384,1.541,65616.062939
2026-03-17 00:50:00,1.5405,1.5411,1.5363,1.5409,105638.301642
2026-03-17 00:55:00,1.5411,1.5454,1.5394,1.5454,60398.832159
2026-03-17 01:00:00,1.5454,1.5498,1.5449,1.5476,221908.568707
2026-03-17 01:05:00,1.5476,1.5723,1.5443,1.5686,905359.167705
2026-03-17 01:10:00,1.5686,1.5733,1.5616,1.565,746002.436451
2026-03-17 01:15:00,1.5651,1.5675,1.5576,1.5669,425836.501416
2026-03-17 01:20:00,1.5673,1.5682,1.5585,1.564,193801.082118
2026-03-17 01:25:00,1.5639,1.575,1.5635,1.5743,407557.45999
2026-03-17 01:30:00,1.5743,1.5781,1.5705,1.5743,454005.703266
2026-03-17 01:35:00,1.5745,1.575,1.565,1.5654,697037.42017
2026-03-17 01:40:00,1.5654,1.5663,1.5597,1.5652,293088.407067
2026-03-17 01:45:00,1.5651,1.5692,1.5641,1.5656,169266.684266
2026-03-17 01:50:00,1.5659,1.5673,1.5614,1.5642,350697.371232
2026-03-17 01:55:00,1.5642,1.5718,1.5642,1.5711,228164.556683
2026-03-17 02:00:00,1.5711,1.5771,1.5679,1.577,159475.118409
2026-03-17 02:05:00,1.577,1.5784,1.5606,1.5639,477390.130044
2026-03-17 02:10:00,1.5641,1.5723,1.5631,1.572,216539.66954
2026-03-17 02:15:00,1.5721,1.5797,1.5721,1.5761,168349.173707
2026-03-17 02:20:00,1.5761,1.5767,1.5706,1.5752,172769.579932
2026-03-17 02:25:00,1.5759,1.5782,1.5661,1.5679,216453.048473
2026-03-17 02:30:00,1.5681,1.5762,1.5681,1.5759,246212.056805
2026-03-17 02:35:00,1.5761,1.5893,1.5761,1.5882,426499.603969
2026-03-17 02:40:00,1.5885,1.5996,1.5871,1.5985,586443.034821
2026-03-17 02:45:00,1.5988,1.6071,1.5939,1.6002,630349.352304
2026-03-17 02:50:00,1.6004,1.6044,1.5975,1.5996,384124.927612
2026-03-17 02:55:00,1.5995,1.6008,1.5934,1.5941,319901.966729
2026-03-17 03:00:00,1.594,1.5953,1.5882,1.5914,247890.625534
2026-03-17 03:05:00,1.5912,1.5912,1.5865,1.5874,144440.66372
2026-03-17 03:10:00,1.5874,1.5874,1.5772,1.5782,330424.284363
2026-03-17 03:15:00,1.578,1.5792,1.5726,1.5752,296154.734101
2026-03-17 03:20:00,1.5745,1.5746,1.5672,1.5696,389206.304639
2026-03-17 03:25:00,1.5695,1.5725,1.5645,1.5652,289739.413336
2026-03-17 03:30:00,1.5655,1.5659,1.5521,1.5522,756037.600982
2026-03-17 03:35:00,1.5521,1.5535,1.5445,1.5533,561268.661642
2026-03-17 03:40:00,1.553,1.553,1.5415,1.5439,635938.663183
2026-03-17 03:45:00,1.5439,1.545,1.5365,1.538,594975.527059
2026-03-17 03:50:00,1.5382,1.5429,1.5346,1.5376,496456.662762
2026-03-17 03:55:00,1.5378,1.5457,1.5378,1.5443,487928.399998
2026-03-17 04:00:00,1.5445,1.548,1.5417,1.5435,475179.06252
2026-03-17 04:05:00,1.5435,1.5509,1.5428,1.5491,177190.309733
2026-03-17 04:10:00,1.5489,1.5509,1.5482,1.5506,223860.811478
2026-03-17 04:15:00,1.5508,1.553,1.5441,1.5455,1013043.747174
2026-03-17 04:20:00,1.5456,1.5463,1.5384,1.5409,202803.34972
2026-03-17 04:25:00,1.5407,1.5425,1.5382,1.5398,280989.520542
2026-03-17 04:30:00,1.5398,1.5423,1.5334,1.5348,331788.837123
2026-03-17 04:35:00,1.5347,1.5348,1.5268,1.5275,519323.540035
2026-03-17 04:40:00,1.5276,1.5331,1.5237,1.528,487056.829476
2026-03-17 04:45:00,1.5279,1.5321,1.5277,1.5311,79049.998118
2026-03-17 04:50:00,1.5311,1.5332,1.5294,1.5318,110776.354466
2026-03-17 04:55:00,1.5318,1.5329,1.5298,1.5302,139285.087862
2026-03-17 05:00:00,1.5301,1.5305,1.5262,1.5295,67619.833332
2026-03-17 05:05:00,1.5297,1.5322,1.5256,1.5256,109685.829865
2026-03-17 05:10:00,1.5255,1.5284,1.5235,1.5248,121237.446874
2026-03-17 05:15:00,1.5252,1.5307,1.5246,1.5281,63899.935639
2026-03-17 05:20:00,1.5276,1.5276,1.5251,1.5261,83966.092438
2026-03-17 05:25:00,1.5266,1.5313,1.526,1.5294,57350.971378
2026-03-17 05:30:00,1.5294,1.5296,1.5252,1.5258,34987.062126
2026-03-17 05:35:00,1.5257,1.526,1.5173,1.5198,390463.111887
2026-03-17 05:40:00,1.5198,1.5212,1.5126,1.5143,206160.013289
2026-03-17 05:45:00,1.5142,1.5155,1.5105,1.5129,197929.341846
2026-03-17 05:50:00,1.5129,1.5178,1.5126,1.5173,183414.051931
2026-03-17 05:55:00,1.5171,1.5174,1.5134,1.5155,78712.063814
2026-03-17 06:00:00,1.5156,1.5161,1.5081,1.5086,169918.781401
2026-03-17 06:05:00,1.5086,1.51,1.5045,1.5092,166120.700219
2026-03-17 06:10:00,1.5093,1.5169,1.5077,1.5167,162755.773121
2026-03-17 06:15:00,1.5166,1.5177,1.5146,1.5149,59089.974907
2026-03-17 06:20:00,1.5145,1.5217,1.5145,1.5215,156462.975071
2026-03-17 06:25:00,1.5217,1.5233,1.5203,1.5213,122342.699191
2026-03-17 06:30:00,1.5213,1.5232,1.5176,1.5219,95220.160917
2026-03-17 06:35:00,1.522,1.5226,1.5199,1.5207,49869.510614
2026-03-17 06:40:00,1.5208,1.5208,1.5151,1.5156,118286.099838
2026-03-17 06:45:00,1.5155,1.5164,1.5131,1.5155,134278.705507
2026-03-17 06:50:00,1.5155,1.5168,1.5149,1.5151,47840.327371
2026-03-17 06:55:00,1.5151,1.5193,1.515,1.5168,220110.912733
2026-03-17 07:00:00,1.5169,1.5233,1.5163,1.523,298145.165208
2026-03-17 07:05:00,1.5228,1.525,1.5224,1.5246,84007.360715
2026-03-17 07:10:00,1.5246,1.5279,1.5242,1.5265,170748.532279
2026-03-17 07:15:00,1.5265,1.5382,1.5262,1.5378,443056.07142
2026-03-17 07:20:00,1.5378,1.5434,1.5354,1.5391,198504.763882
2026-03-17 07:25:00,1.5392,1.5392,1.5366,1.5384,100945.563182
2026-03-17 07:30:00,1.5382,1.5385,1.5352,1.5361,53797.645415
2026-03-17 07:35:00,1.5363,1.5373,1.5331,1.5353,56779.989322
2026-03-17 07:40:00,1.5353,1.5367,1.5324,1.534,117298.104323
2026-03-17 07:45:00,1.534,1.5345,1.5328,1.533,98604.862727
2026-03-17 07:50:00,1.5329,1.5332,1.5304,1.5319,39736.724196
2026-03-17 07:55:00,1.5318,1.5324,1.5297,1.5301,50089.542878
2026-03-17 08:00:00,1.5302,1.533,1.5294,1.5323,105386.576312
2026-03-17 08:05:00,1.5322,1.5329,1.5296,1.5296,44088.000335
2026-03-17 08:10:00,1.5296,1.5312,1.5261,1.5299,140602.894446
2026-03-17 08:15:00,1.5298,1.531,1.5256,1.5297,45053.046023
2026-03-17 08:20:00,1.5299,1.5314,1.5283,1.5288,38885.728893
2026-03-17 08:25:00,1.529,1.5316,1.5289,1.5293,220278.196818
2026-03-17 08:30:00,1.5295,1.53,1.5274,1.5294,70258.561998
2026-03-17 08:35:00,1.5296,1.5303,1.5261,1.5269,59448.830463
2026-03-17 08:40:00,1.5269,1.5313,1.5269,1.5287,103867.161143
2026-03-17 08:45:00,1.5287,1.5288,1.5263,1.5273,206065.298709
2026-03-17 08:50:00,1.5269,1.5271,1.5238,1.5248,58159.726265
2026-03-17 08:55:00,1.525,1.526,1.5197,1.5208,231347.458478
2026-03-17 09:00:00,1.521,1.5212,1.5167,1.517,139711.368507
2026-03-17 09:05:00,1.5172,1.5184,1.515,1.5157,449299.503817
2026-03-17 09:10:00,1.5156,1.517,1.5142,1.5147,217706.386373
2026-03-17 09:15:00,1.5145,1.518,1.513,1.5179,733282.866508
2026-03-17 09:20:00,1.5179,1.5204,1.517,1.5171,246170.303729
2026-03-17 09:25:00,1.5171,1.5235,1.5153,1.5219,648295.042933
2026-03-17 09:30:00,1.5215,1.5217,1.5178,1.52,150565.376494
2026-03-17 09:35:00,1.52,1.5208,1.5192,1.52,259877.742555
2026-03-17 09:40:00,1.5199,1.5204,1.5162,1.5169,191852.37435
2026-03-17 09:45:00,1.5169,1.517,1.5156,1.5165,69002.384842
2026-03-17 09:50:00,1.5165,1.5171,1.5127,1.5142,90634.411601
2026-03-17 09:55:00,1.5139,1.5139,1.5094,1.5125,300867.867043
2026-03-17 10:00:00,1.5126,1.5126,1.5083,1.509,76823.907337
2026-03-17 10:05:00,1.5091,1.5093,1.5046,1.5059,260148.674795
2026-03-17 10:10:00,1.5055,1.5084,1.5051,1.5068,176328.615248
2026-03-17 10:15:00,1.5068,1.5083,1.5023,1.5082,209756.693091
2026-03-17 10:20:00,1.5081,1.5114,1.5075,1.5104,72213.950498
2026-03-17 10:25:00,1.5104,1.5114,1.5087,1.5091,26789.984795
2026-03-17 10:30:00,1.509,1.5104,1.5075,1.5104,34476.627024
2026-03-17 10:35:00,1.5105,1.5115,1.5077,1.5111,54541.730202
2026-03-17 10:40:00,1.5111,1.5118,1.5085,1.5109,49159.33702
2026-03-17 10:45:00,1.5107,1.5117,1.5088,1.5088,42312.288535
2026-03-17 10:50:00,1.5086,1.5114,1.5079,1.5097,63612.202969
2026-03-17 10:55:00,1.5099,1.5112,1.5087,1.5089,41229.230081
2026-03-17 11:00:00,1.509,1.5101,1.5075,1.509,58959.365263
2026-03-17 11:05:00,1.509,1.5139,1.509,1.5129,223692.315055
2026-03-17 11:10:00,1.5129,1.5137,1.5121,1.5135,56092.591469
2026-03-17 11:15:00,1.5134,1.5148,1.5121,1.5139,109357.537899
2026-03-17 11:20:00,1.514,1.5161,1.5126,1.5159,85879.418877
2026-03-17 11:25:00,1.5159,1.518,1.5152,1.5162,269070.250812
2026-03-17 11:30:00,1.5161,1.5171,1.5147,1.5162,121708.738917
2026-03-17 11:35:00,1.5162,1.5188,1.5152,1.5171,54288.785368
2026-03-17 11:40:00,1.5169,1.5169,1.514,1.514,33589.610542
2026-03-17 11:45:00,1.5139,1.5165,1.5139,1.5154,65756.867059
2026-03-17 11:50:00,1.5155,1.516,1.5124,1.5124,57646.373111
2026-03-17 11:55:00,1.5124,1.5124,1.5097,1.5098,199808.533368
2026-03-17 12:00:00,1.5099,1.5111,1.5094,1.5106,33390.795297
2026-03-17 12:05:00,1.5107,1.5123,1.5104,1.512,74481.61803
2026-03-17 12:10:00,1.5121,1.5139,1.5051,1.5096,951961.011418
2026-03-17 12:15:00,1.5095,1.5125,1.506,1.5125,127374.070879
2026-03-17 12:20:00,1.5123,1.5148,1.5073,1.5076,163739.632802
2026-03-17 12:25:00,1.5077,1.5083,1.5046,1.5079,82263.230402
2026-03-17 12:30:00,1.5079,1.5088,1.5064,1.5071,71409.669413
2026-03-17 12:35:00,1.507,1.5083,1.5018,1.5075,162944.371552
2026-03-17 12:40:00,1.5074,1.5081,1.506,1.507,27269.41543
2026-03-17 12:45:00,1.5069,1.5069,1.5048,1.5053,46450.769708
2026-03-17 12:50:00,1.5051,1.506,1.5034,1.5053,87894.346967
2026-03-17 12:55:00,1.505,1.5058,1.5021,1.5049,104256.492474
2026-03-17 13:00:00,1.5048,1.5082,1.5046,1.5082,34595.748253
2026-03-17 13:05:00,1.5082,1.5097,1.5079,1.5082,54107.200178
2026-03-17 13:10:00,1.5083,1.5093,1.5059,1.5082,113579.816384
2026-03-17 13:15:00,1.5082,1.5095,1.5058,1.5093,29547.8946
2026-03-17 13:20:00,1.5095,1.5101,1.5076,1.5088,67779.110964
2026-03-17 13:25:00,1.5087,1.5088,1.5065,1.5073,19332.314551
2026-03-17 13:30:00,1.5074,1.5174,1.5071,1.5126,245123.177432
2026-03-17 13:35:00,1.5125,1.5149,1.5023,1.506,1937457.788848
2026-03-17 13:40:00,1.5061,1.51,1.503,1.5057,766496.793511
2026-03-17 13:45:00,1.5055,1.5085,1.5025,1.5037,305507.273225
2026-03-17 13:50:00,1.5037,1.5042,1.4965,1.5007,543562.210764
2026-03-17 13:55:00,1.5004,1.5124,1.4988,1.504,1105085.865119
2026-03-17 14:00:00,1.504,1.5042,1.4944,1.4988,244171.122577
2026-03-17 14:05:00,1.4992,1.503,1.4971,1.5008,228662.582336
2026-03-17 14:10:00,1.5008,1.503,1.4981,1.5013,154331.401601
2026-03-17 14:15:00,1.5012,1.5024,1.4963,1.5009,154073.738359
2026-03-17 14:20:00,1.5006,1.5065,1.4996,1.505,239684.483024
2026-03-17 14:25:00,1.5048,1.5086,1.5029,1.5065,211149.870897
2026-03-17 14:30:00,1.5068,1.5093,1.5053,1.5084,111928.819555
2026-03-17 14:35:00,1.5084,1.5123,1.5073,1.5081,210599.357216
2026-03-17 14:40:00,1.5082,1.5101,1.5055,1.5074,115353.909219
2026-03-17 14:45:00,1.5073,1.5136,1.5069,1.5099,293996.701444
2026-03-17 14:50:00,1.51,1.5103,1.5063,1.5101,72012.730735
2026-03-17 14:55:00,1.5101,1.5136,1.5096,1.5128,79104.328705
2026-03-17 15:00:00,1.5128,1.522,1.5126,1.5191,286171.023131
2026-03-17 15:05:00,1.5191,1.5193,1.5128,1.5134,101872.940591
2026-03-17 15:10:00,1.5134,1.5134,1.508,1.5095,122773.327829
2026-03-17 15:15:00,1.5094,1.5137,1.5087,1.5137,53430.151819
2026-03-17 15:20:00,1.5134,1.5157,1.5088,1.5103,96829.594187
2026-03-17 15:25:00,1.5102,1.5124,1.5091,1.5107,37509.389375
2026-03-17 15:30:00,1.5107,1.5143,1.5097,1.5117,53321.99908
2026-03-17 15:35:00,1.5117,1.5126,1.503,1.509,246722.673311
2026-03-17 15:40:00,1.509,1.5094,1.5059,1.5081,68334.823273
2026-03-17 15:45:00,1.5076,1.5092,1.5056,1.5065,110546.808235
2026-03-17 15:50:00,1.5066,1.5159,1.5066,1.5142,68274.924633
2026-03-17 15:55:00,1.5146,1.5147,1.512,1.5137,45653.639376
2026-03-17 16:00:00,1.5137,1.5156,1.5128,1.5141,49461.13137
2026-03-17 16:05:00,1.5141,1.5163,1.5126,1.5153,42430.182732
2026-03-17 16:10:00,1.5153,1.516,1.5127,1.513,38826.464914
2026-03-17 16:15:00,1.513,1.5176,1.5118,1.5175,106339.147322
2026-03-17 16:20:00,1.5176,1.5349,1.5166,1.5314,1221948.880477
2026-03-17 16:25:00,1.5312,1.5412,1.5215,1.5217,1190962.193276
2026-03-17 16:30:00,1.5221,1.5246,1.5015,1.5163,2331939.778552
2026-03-17 16:35:00,1.5163,1.5211,1.5132,1.5201,329945.070379
2026-03-17 16:40:00,1.5205,1.5212,1.5152,1.5172,121122.414276
2026-03-17 16:45:00,1.5172,1.5188,1.5139,1.5176,78788.027616
2026-03-17 16:50:00,1.5176,1.5208,1.5176,1.5182,47804.490632
2026-03-17 16:55:00,1.5184,1.5192,1.5166,1.5186,30133.077156
2026-03-17 17:00:00,1.5186,1.5238,1.5184,1.5218,104032.994818
2026-03-17 17:05:00,1.5218,1.5221,1.5204,1.521,33596.173049
2026-03-17 17:10:00,1.5211,1.522,1.5173,1.5218,27718.609287
2026-03-17 17:15:00,1.5217,1.5235,1.5203,1.5235,32072.901262
2026-03-17 17:20:00,1.5234,1.5312,1.5234,1.5296,452872.88142
2026-03-17 17:25:00,1.5297,1.5304,1.5256,1.5265,167920.103149
2026-03-17 17:30:00,1.5263,1.528,1.5237,1.5243,53686.96641
2026-03-17 17:35:00,1.5243,1.527,1.5237,1.5264,61064.499451
2026-03-17 17:40:00,1.5266,1.5287,1.5266,1.5287,27888.763995
2026-03-17 17:45:00,1.5286,1.5299,1.527,1.5299,67426.668995
2026-03-17 17:50:00,1.53,1.5318,1.5296,1.5307,62812.048887
2026-03-17 17:55:00,1.5307,1.5309,1.5292,1.5309,45255.52999
2026-03-17 18:00:00,1.5311,1.532,1.529,1.53,90816.283231
2026-03-17 18:05:00,1.53,1.5308,1.5291,1.5306,33374.340883
2026-03-17 18:10:00,1.5306,1.532,1.5276,1.5276,36768.182749
2026-03-17 18:15:00,1.5275,1.5297,1.5268,1.5297,67505.884691
2026-03-17 18:20:00,1.5298,1.531,1.5278,1.5278,73148.601653
2026-03-17 18:25:00,1.528,1.5281,1.5253,1.5276,120592.061328
2026-03-17 18:30:00,1.5278,1.532,1.5273,1.5308,51898.214743
2026-03-17 18:35:00,1.5309,1.5362,1.5308,1.536,62984.173575
2026-03-17 18:40:00,1.5363,1.537,1.5347,1.5354,57116.76674
2026-03-17 18:45:00,1.5354,1.538,1.5354,1.537,50716.803611
2026-03-17 18:50:00,1.537,1.5384,1.5355,1.5365,104821.935485
2026-03-17 18:55:00,1.5365,1.537,1.5327,1.5362,60022.653482
2026-03-17 19:00:00,1.5366,1.5384,1.535,1.5354,72994.56829
2026-03-17 19:05:00,1.5353,1.537,1.5334,1.5335,134238.363598
2026-03-17 19:10:00,1.5341,1.5357,1.5336,1.5341,86760.89531
2026-03-17 19:15:00,1.5342,1.5362,1.5332,1.5332,24410.292712
2026-03-17 19:20:00,1.5333,1.5366,1.5318,1.5346,41050.117825
2026-03-17 19:25:00,1.5349,1.5354,1.5316,1.5336,35030.550104
2026-03-17 19:30:00,1.5336,1.5353,1.5316,1.5332,130122.294008
2026-03-17 19:35:00,1.5336,1.5408,1.5336,1.539,86931.641433
2026-03-17 19:40:00,1.5387,1.5387,1.5367,1.5383,30113.034944
2026-03-17 19:45:00,1.5384,1.5384,1.534,1.5351,78995.562905
2026-03-17 19:50:00,1.535,1.535,1.5303,1.5331,114270.703276
2026-03-17 19:55:00,1.5331,1.5337,1.5301,1.5333,91724.970069
2026-03-17 20:00:00,1.5331,1.5358,1.5314,1.5314,72651.677784
2026-03-17 20:05:00,1.5313,1.5315,1.529,1.5301,46166.156263
2026-03-17 20:10:00,1.5302,1.5315,1.5284,1.5285,21613.261832
2026-03-17 20:15:00,1.5284,1.5302,1.5284,1.5292,30802.143142
2026-03-17 20:20:00,1.5292,1.5342,1.5292,1.5342,52844.446716
2026-03-17 20:25:00,1.5339,1.5355,1.5312,1.5345,78551.857353
2026-03-17 20:30:00,1.5344,1.535,1.5324,1.5325,17137.190731
2026-03-17 20:35:00,1.5325,1.5343,1.532,1.5342,26198.816926
2026-03-17 20:40:00,1.5339,1.5339,1.5321,1.5337,28185.112072
2026-03-17 20:45:00,1.5336,1.5345,1.5331,1.5344,22583.5832
2026-03-17 20:50:00,1.5345,1.5347,1.5324,1.5326,6545.440487
2026-03-17 20:55:00,1.5328,1.5341,1.5325,1.5332,41297.462754
2026-03-17 21:00:00,1.533,1.5338,1.5291,1.5291,97403.791603
2026-03-17 21:05:00,1.5291,1.5299,1.5271,1.529,111599.635149
2026-03-17 21:10:00,1.5289,1.536,1.5284,1.535,109387.775245
2026-03-17 21:15:00,1.5351,1.5356,1.5337,1.5342,59166.201073
2026-03-17 21:20:00,1.5343,1.5359,1.5326,1.5331,49009.633561
2026-03-17 21:25:00,1.5331,1.5338,1.5295,1.5303,33259.758936
2026-03-17 21:30:00,1.5302,1.5308,1.5267,1.5281,81020.033861
2026-03-17 21:35:00,1.5277,1.5335,1.5271,1.5335,53226.494819
2026-03-17 21:40:00,1.5335,1.5346,1.5327,1.5335,38923.52589
2026-03-17 21:45:00,1.5336,1.5345,1.5318,1.5318,60866.921684
2026-03-17 21:50:00,1.5318,1.5326,1.5291,1.5307,46821.221154
2026-03-17 21:55:00,1.5311,1.5319,1.5299,1.5301,12912.059654
2026-03-17 22:00:00,1.5302,1.5352,1.5288,1.5352,41570.978799
2026-03-17 22:05:00,1.5353,1.5365,1.5314,1.533,52322.236756
2026-03-17 22:10:00,1.533,1.5332,1.5305,1.5323,66929.542313
2026-03-17 22:15:00,1.5326,1.5346,1.5317,1.5317,34524.835003
2026-03-17 22:20:00,1.5317,1.5322,1.5301,1.5301,32826.515922
2026-03-17 22:25:00,1.53,1.5315,1.5272,1.5284,103562.207686
2026-03-17 22:30:00,1.5283,1.5286,1.5241,1.5269,55425.635578
2026-03-17 22:35:00,1.5269,1.5269,1.5206,1.5227,144984.937328
2026-03-17 22:40:00,1.5227,1.5268,1.522,1.5252,38272.293392
2026-03-17 22:45:00,1.5256,1.5276,1.5248,1.527,16066.045663
2026-03-17 22:50:00,1.5267,1.5281,1.5262,1.5271,13953.573692
2026-03-17 22:55:00,1.5267,1.5286,1.526,1.5278,30578.984162
2026-03-17 23:00:00,1.528,1.5291,1.5262,1.5276,32487.47448
2026-03-17 23:05:00,1.5276,1.5286,1.5265,1.5274,21742.449799
2026-03-17 23:10:00,1.5276,1.531,1.5273,1.5286,27310.328681
2026-03-17 23:15:00,1.5287,1.5289,1.5256,1.5271,52437.700465
2026-03-17 23:20:00,1.5274,1.5277,1.522,1.5242,62966.980937
2026-03-17 23:25:00,1.5241,1.5257,1.5235,1.525,47644.81811
2026-03-17 23:30:00,1.5249,1.5249,1.5226,1.5238,25836.364014
2026-03-17 23:35:00,1.5238,1.5241,1.5219,1.522,31965.697178
2026-03-17 23:40:00,1.5219,1.522,1.5181,1.5188,228894.778909
2026-03-17 23:45:00,1.5189,1.5207,1.518,1.5186,59746.274524
2026-03-17 23:50:00,1.5185,1.5198,1.5181,1.5187,42441.680502
2026-03-17 23:55:00,1.5187,1.5191,1.5177,1.5183,31457.713244
2026-03-18 00:00:00,1.5183,1.5209,1.5166,1.5189,94522.18384
2026-03-18 00:05:00,1.5189,1.5213,1.5185,1.5188,37838.498849
2026-03-18 00:10:00,1.5188,1.5192,1.517,1.5174,46678.554744
2026-03-18 00:15:00,1.5172,1.5179,1.5141,1.5167,58976.235082
2026-03-18 00:20:00,1.517,1.5176,1.5126,1.5131,64383.383088
2026-03-18 00:25:00,1.513,1.5153,1.5125,1.513,59495.42644
2026-03-18 00:30:00,1.513,1.513,1.51,1.5113,85758.040646
2026-03-18 00:35:00,1.5114,1.512,1.5096,1.5102,53495.520251
2026-03-18 00:40:00,1.5102,1.5122,1.5092,1.5121,79948.459089
2026-03-18 00:45:00,1.5124,1.5152,1.5124,1.5148,62307.189525
2026-03-18 00:50:00,1.5147,1.5166,1.5141,1.5148,61269.130548
2026-03-18 00:55:00,1.5149,1.517,1.5145,1.5155,11456.361048
2026-03-18 01:00:00,1.5157,1.522,1.5157,1.5213,92342.114585
2026-03-18 01:05:00,1.5213,1.5219,1.5183,1.5197,31385.738551
2026-03-18 01:10:00,1.5197,1.5207,1.5179,1.5203,48490.011976
2026-03-18 01:15:00,1.5204,1.5215,1.5185,1.5211,29666.179316
2026-03-18 01:20:00,1.5209,1.5223,1.5198,1.5201,29889.794687
2026-03-18 01:25:00,1.52,1.5203,1.5188,1.5191,15319.282563
2026-03-18 01:30:00,1.5191,1.5234,1.5182,1.5211,101088.0136
2026-03-18 01:35:00,1.521,1.521,1.5173,1.5177,56859.349487
2026-03-18 01:40:00,1.5174,1.5199,1.5174,1.5186,33822.176981
2026-03-18 01:45:00,1.5186,1.5206,1.5184,1.5198,26676.314029
2026-03-18 01:50:00,1.5201,1.5201,1.5141,1.5151,66941.787177
2026-03-18 01:55:00,1.5153,1.5166,1.5153,1.5155,24477.24421
2026-03-18 02:00:00,1.5154,1.5187,1.515,1.5174,31085.353182
2026-03-18 02:05:00,1.5173,1.5227,1.5173,1.5227,24062.157333
2026-03-18 02:10:00,1.5225,1.5256,1.5215,1.5249,24834.525974
2026-03-18 02:15:00,1.5249,1.5256,1.524,1.5252,47550.552733
2026-03-18 02:20:00,1.5254,1.5255,1.523,1.5234,25558.956758
2026-03-18 02:25:00,1.523,1.523,1.5218,1.5224,16344.106696
2026-03-18 02:30:00,1.5225,1.5291,1.5225,1.5284,72967.446569
2026-03-18 02:35:00,1.5284,1.5313,1.527,1.5296,68459.770316
2026-03-18 02:40:00,1.5294,1.5302,1.5281,1.5285,20030.962212
2026-03-18 02:45:00,1.5288,1.5302,1.5279,1.529,31434.555813
2026-03-18 02:50:00,1.5291,1.5298,1.5278,1.5283,25036.829171
2026-03-18 02:55:00,1.5281,1.5281,1.5263,1.527,23199.285178
2026-03-18 03:00:00,1.5271,1.5305,1.5271,1.5302,35296.326224
2026-03-18 03:05:00,1.5302,1.5305,1.5258,1.5275,39516.007595
2026-03-18 03:10:00,1.5274,1.528,1.5264,1.5269,26005.439475
2026-03-18 03:15:00,1.5269,1.5279,1.5269,1.527,32100.523875
2026-03-18 03:20:00,1.5273,1.5323,1.5273,1.5317,28371.338706
2026-03-18 03:25:00,1.5318,1.5357,1.5318,1.5351,82678.584701
2026-03-18 03:30:00,1.5352,1.5397,1.535,1.5381,115179.571548
2026-03-18 03:35:00,1.5381,1.5386,1.534,1.5341,79326.491827
2026-03-18 03:40:00,1.534,1.5357,1.533,1.5356,142862.844541
2026-03-18 03:45:00,1.5357,1.5386,1.5335,1.5386,198966.529965
2026-03-18 03:50:00,1.5386,1.5391,1.5337,1.5387,193677.322177
2026-03-18 03:55:00,1.5386,1.5401,1.5365,1.5394,326518.544425
2026-03-18 04:00:00,1.5393,1.5426,1.5371,1.5414,302211.234548
2026-03-18 04:05:00,1.5409,1.5409,1.5353,1.5359,39061.422579
2026-03-18 04:10:00,1.5358,1.539,1.5354,1.538,163833.4003
2026-03-18 04:15:00,1.538,1.538,1.5337,1.536,47578.18522
2026-03-18 04:20:00,1.536,1.5411,1.5294,1.5294,763132.967594
2026-03-18 04:25:00,1.5295,1.5307,1.5269,1.5272,46212.139711
2026-03-18 04:30:00,1.5272,1.5273,1.5244,1.5261,47584.436511
2026-03-18 04:35:00,1.526,1.526,1.5239,1.5256,29902.892667
2026-03-18 04:40:00,1.5254,1.5257,1.5245,1.5253,21895.002731
2026-03-18 04:45:00,1.5255,1.5265,1.5251,1.5251,8680.269149
2026-03-18 04:50:00,1.5251,1.5257,1.525,1.5251,13647.328752
2026-03-18 04:55:00,1.5252,1.5266,1.5249,1.5265,15145.492088
2026-03-18 05:00:00,1.5266,1.5291,1.5262,1.5272,49395.820195
2026-03-18 05:05:00,1.5274,1.5312,1.5274,1.5311,13878.133127
2026-03-18 05:10:00,1.531,1.5352,1.531,1.5346,42718.662962
2026-03-18 05:15:00,1.535,1.5373,1.5338,1.5342,34564.39895
2026-03-18 05:20:00,1.534,1.5341,1.5315,1.5323,30953.586203
2026-03-18 05:25:00,1.5322,1.5323,1.5293,1.5297,35370.12112
2026-03-18 05:30:00,1.5294,1.5321,1.5285,1.5285,33778.204801
2026-03-18 05:35:00,1.5284,1.5296,1.5276,1.5294,21436.045183
2026-03-18 05:40:00,1.5292,1.5292,1.5274,1.5276,18692.182749
2026-03-18 05:45:00,1.5276,1.5296,1.5273,1.5273,27363.212714
2026-03-18 05:50:00,1.5273,1.5273,1.5227,1.5231,63576.797203
2026-03-18 05:55:00,1.5228,1.5239,1.5217,1.5235,38027.187687
2026-03-18 06:00:00,1.5235,1.5267,1.5235,1.5258,36214.203827
2026-03-18 06:05:00,1.5258,1.5265,1.524,1.5265,21786.598336
2026-03-18 06:10:00,1.5266,1.5268,1.5255,1.5265,33986.768343
2026-03-18 06:15:00,1.5266,1.5275,1.525,1.5261,12540.973357
2026-03-18 06:20:00,1.5263,1.5303,1.5241,1.5295,43732.011111
2026-03-18 06:25:00,1.53,1.5301,1.5284,1.5291,29816.951909
2026-03-18 06:30:00,1.5294,1.5306,1.5283,1.5286,85168.486513
2026-03-18 06:35:00,1.5286,1.529,1.5248,1.5251,26878.467345
2026-03-18 06:40:00,1.5251,1.5256,1.5245,1.5252,40651.343561
2026-03-18 06:45:00,1.5252,1.5263,1.525,1.5251,15672.052992
2026-03-18 06:50:00,1.5251,1.5271,1.5251,1.5266,16493.537249
2026-03-18 06:55:00,1.5266,1.5266,1.5247,1.5247,11578.904531
2026-03-18 07:00:00,1.5247,1.5247,1.5213,1.523,28184.547295
2026-03-18 07:05:00,1.523,1.5235,1.5193,1.5193,28950.623129
2026-03-18 07:10:00,1.5196,1.5232,1.5196,1.5221,92226.842841
2026-03-18 07:15:00,1.5224,1.5227,1.5201,1.5201,66070.883307
2026-03-18 07:20:00,1.5201,1.5204,1.5191,1.5204,44549.802622
2026-03-18 07:25:00,1.5203,1.5203,1.5173,1.5186,41107.160649
2026-03-18 07:30:00,1.5186,1.5186,1.5162,1.5169,85698.67901
2026-03-18 07:35:00,1.5164,1.5183,1.5161,1.5164,32343.975833
2026-03-18 07:40:00,1.5163,1.5183,1.5154,1.516,38463.841278
2026-03-18 07:45:00,1.5162,1.5184,1.5152,1.5184,17347.520488
2026-03-18 07:50:00,1.5181,1.5198,1.5178,1.5195,17509.418809
2026-03-18 07:55:00,1.5192,1.5204,1.5188,1.5202,17091.86604
2026-03-18 08:00:00,1.5202,1.5239,1.5196,1.5238,52388.458445
2026-03-18 08:05:00,1.5239,1.5254,1.5228,1.5228,16159.010105
2026-03-18 08:10:00,1.5227,1.5242,1.5214,1.5233,56411.574333
2026-03-18 08:15:00,1.5233,1.5248,1.5218,1.5236,42552.10154
2026-03-18 08:20:00,1.5238,1.5245,1.5235,1.524,15033.640594
2026-03-18 08:25:00,1.5242,1.5246,1.523,1.5239,28103.528307
2026-03-18 08:30:00,1.5239,1.5247,1.522,1.5245,27602.977861
2026-03-18 08:35:00,1.5243,1.5243,1.5213,1.5235,37679.025857
2026-03-18 08:40:00,1.5234,1.5234,1.5218,1.5225,9089.706743
2026-03-18 08:45:00,1.5228,1.5232,1.5217,1.5225,25417.361061
2026-03-18 08:50:00,1.5223,1.5242,1.5215,1.5216,43045.014988
2026-03-18 08:55:00,1.5214,1.5228,1.5211,1.5224,10996.347843
2026-03-18 09:00:00,1.5224,1.5241,1.5213,1.5229,11221.925946
2026-03-18 09:05:00,1.5229,1.5239,1.5225,1.5237,10258.569889
2026-03-18 09:10:00,1.5235,1.5247,1.5226,1.5238,24880.137619
2026-03-18 09:15:00,1.5237,1.5248,1.5232,1.5248,8216.185437
2026-03-18 09:20:00,1.5247,1.5256,1.5239,1.5241,21502.940055
2026-03-18 09:25:00,1.5239,1.5246,1.5235,1.5239,3786.302337
2026-03-18 09:30:00,1.5242,1.525,1.5238,1.5248,26317.902076
2026-03-18 09:35:00,1.5246,1.5264,1.5242,1.5258,19127.46074
2026-03-18 09:40:00,1.526,1.5276,1.5256,1.5262,10353.763946
2026-03-18 09:45:00,1.5263,1.5269,1.5253,1.5257,23118.826743
2026-03-18 09:50:00,1.5256,1.5257,1.5225,1.5232,37579.839485
2026-03-18 09:55:00,1.5234,1.5241,1.5225,1.5239,37259.675062
2026-03-18 10:00:00,1.5241,1.5248,1.5203,1.5203,48215.964703
2026-03-18 10:05:00,1.5201,1.5201,1.5178,1.5191,50575.77219
2026-03-18 10:10:00,1.5191,1.5224,1.5191,1.5212,42805.283948
2026-03-18 10:15:00,1.5211,1.5211,1.5193,1.5193,22880.953726
2026-03-18 10:20:00,1.5191,1.5194,1.5184,1.5184,24890.389672
2026-03-18 10:25:00,1.5185,1.5198,1.5185,1.5187,39727.162591
2026-03-18 10:30:00,1.5188,1.5199,1.5173,1.5173,22140.252802
2026-03-18 10:35:00,1.5173,1.5174,1.5144,1.5149,70428.998783
2026-03-18 10:40:00,1.515,1.5151,1.5103,1.5111,90617.281315
2026-03-18 10:45:00,1.5112,1.512,1.5095,1.5113,143720.657003
2026-03-18 10:50:00,1.5111,1.5127,1.5107,1.5118,97271.804335
2026-03-18 10:55:00,1.5117,1.5124,1.5109,1.5114,15568.06755
2026-03-18 11:00:00,1.5112,1.5112,1.5055,1.506,77805.402724
2026-03-18 11:05:00,1.5058,1.5084,1.5041,1.5084,47638.243786
2026-03-18 11:10:00,1.5087,1.5121,1.5087,1.5105,45131.371128
2026-03-18 11:15:00,1.5106,1.5121,1.5105,1.512,20688.994562
2026-03-18 11:20:00,1.512,1.5121,1.5099,1.51,8929.070206
2026-03-18 11:25:00,1.5101,1.5101,1.5026,1.5033,145423.98286
2026-03-18 11:30:00,1.5032,1.5048,1.4914,1.4924,992182.147645
2026-03-18 11:35:00,1.4921,1.4933,1.4842,1.4855,566278.004673
2026-03-18 11:40:00,1.4853,1.4923,1.4842,1.4923,254869.633141
2026-03-18 11:45:00,1.4923,1.4925,1.488,1.4884,87574.510923
2026-03-18 11:50:00,1.4886,1.4911,1.4867,1.4873,121200.612693
2026-03-18 11:55:00,1.4875,1.4904,1.4873,1.49,65104.481453
2026-03-18 12:00:00,1.4898,1.4908,1.4863,1.4895,88944.62494
2026-03-18 12:05:00,1.4894,1.49,1.4854,1.4862,157575.586852
2026-03-18 12:10:00,1.4861,1.4882,1.4842,1.4879,188532.747963
2026-03-18 12:15:00,1.488,1.4899,1.483,1.4832,212910.23206
2026-03-18 12:20:00,1.4834,1.4858,1.4799,1.4802,192701.604954
2026-03-18 12:25:00,1.4802,1.4816,1.4791,1.4799,129210.826868
2026-03-18 12:30:00,1.4797,1.4801,1.4576,1.4636,617578.536516
2026-03-18 12:35:00,1.4637,1.4672,1.463,1.4647,369560.036333
2026-03-18 12:40:00,1.4646,1.4686,1.4645,1.4684,118854.283477
2026-03-18 12:45:00,1.4684,1.4686,1.4623,1.4638,104719.859802
2026-03-18 12:50:00,1.4634,1.4659,1.4607,1.4656,92749.396873
2026-03-18 12:55:00,1.4656,1.4677,1.4641,1.4641,67054.943253
2026-03-18 13:00:00,1.4642,1.4683,1.4561,1.4663,160751.986796
2026-03-18 13:05:00,1.4663,1.4684,1.4636,1.4662,114818.396727
2026-03-18 13:10:00,1.466,1.4661,1.4625,1.4657,64508.969767
2026-03-18 13:15:00,1.4653,1.4658,1.4603,1.4616,81735.064854
2026-03-18 13:20:00,1.4617,1.4683,1.4613,1.4669,97274.984151
2026-03-18 13:25:00,1.4669,1.4684,1.4662,1.4668,97187.057257
2026-03-18 13:30:00,1.4668,1.4675,1.4634,1.465,120013.848472
2026-03-18 13:35:00,1.4651,1.474,1.4646,1.4712,198803.537694
2026-03-18 13:40:00,1.4701,1.4724,1.4679,1.4692,98663.763383
2026-03-18 13:45:00,1.4692,1.4718,1.4667,1.4669,61291.843666
2026-03-18 13:50:00,1.4671,1.4697,1.4657,1.4674,73005.681336
2026-03-18 13:55:00,1.4675,1.468,1.4636,1.4665,96945.945545
2026-03-18 14:00:00,1.4666,1.4681,1.4596,1.4629,76463.555394
2026-03-18 14:05:00,1.4628,1.4664,1.4609,1.4649,36677.591302
2026-03-18 14:10:00,1.4648,1.4648,1.4587,1.4591,66545.206319
2026-03-18 14:15:00,1.4592,1.4619,1.4591,1.4606,36858.678245
2026-03-18 14:20:00,1.4609,1.4616,1.4584,1.4605,58627.535924
2026-03-18 14:25:00,1.4606,1.461,1.4515,1.4539,235943.442454
2026-03-18 14:30:00,1.4542,1.4565,1.452,1.4531,128533.99982
2026-03-18 14:35:00,1.4531,1.4564,1.4523,1.453,75534.352097
2026-03-18 14:40:00,1.453,1.4542,1.4494,1.4503,203026.369636
2026-03-18 14:45:00,1.4504,1.4535,1.4504,1.4532,67605.904185
2026-03-18 14:50:00,1.4531,1.4539,1.4459,1.4479,140157.815161
2026-03-18 14:55:00,1.4473,1.4497,1.4445,1.4458,170551.191339
2026-03-18 15:00:00,1.4458,1.4512,1.4405,1.4502,232600.291993
2026-03-18 15:05:00,1.4499,1.4526,1.4481,1.4509,107039.686109
2026-03-18 15:10:00,1.4508,1.4508,1.4392,1.4419,191614.175795
2026-03-18 15:15:00,1.442,1.4449,1.4404,1.4442,76399.134285
2026-03-18 15:20:00,1.4443,1.4466,1.4432,1.4465,59149.223456
2026-03-18 15:25:00,1.446,1.448,1.4449,1.4459,53080.205555
2026-03-18 15:30:00,1.4461,1.4497,1.4449,1.4452,258758.881966
2026-03-18 15:35:00,1.4452,1.4453,1.4424,1.4437,81838.380419
2026-03-18 15:40:00,1.4436,1.4447,1.4426,1.4429,73731.450687
2026-03-18 15:45:00,1.4427,1.4442,1.4406,1.4425,129234.665683
2026-03-18 15:50:00,1.4418,1.4441,1.4383,1.4398,526171.964644
2026-03-18 15:55:00,1.4399,1.4443,1.4394,1.4401,250091.970143
2026-03-18 16:00:00,1.4405,1.4441,1.4385,1.4429,628718.510228
2026-03-18 16:05:00,1.4429,1.4431,1.44,1.4406,97161.197308
2026-03-18 16:10:00,1.4413,1.4426,1.4402,1.4402,36470.320248
2026-03-18 16:15:00,1.4401,1.4407,1.4374,1.4387,131991.243369
2026-03-18 16:20:00,1.4388,1.4415,1.4382,1.4399,59195.062096
2026-03-18 16:25:00,1.4399,1.4414,1.4376,1.4401,60009.185515
2026-03-18 16:30:00,1.44,1.4433,1.4391,1.4394,54483.947605
2026-03-18 16:35:00,1.4394,1.4432,1.4359,1.4417,105996.385474
2026-03-18 16:40:00,1.4422,1.4439,1.4413,1.4439,23553.356336
2026-03-18 16:45:00,1.4437,1.4443,1.4424,1.4443,28311.092471
2026-03-18 16:50:00,1.4442,1.4473,1.4437,1.446,106513.576364
2026-03-18 16:55:00,1.4456,1.4459,1.4419,1.4426,59049.954267
2026-03-18 17:00:00,1.4426,1.4434,1.4405,1.4434,62746.682035
2026-03-18 17:05:00,1.4436,1.4436,1.441,1.4423,97136.663056
2026-03-18 17:10:00,1.4424,1.4432,1.4407,1.4412,34343.991386
2026-03-18 17:15:00,1.4413,1.4429,1.4401,1.4429,31102.538007
2026-03-18 17:20:00,1.4432,1.4468,1.4428,1.4468,110013.44164
2026-03-18 17:25:00,1.4467,1.4495,1.4452,1.4493,82491.10885
2026-03-18 17:30:00,1.4493,1.4498,1.447,1.4491,53393.769246
2026-03-18 17:35:00,1.4491,1.4556,1.4482,1.4554,72933.049734
2026-03-18 17:40:00,1.4553,1.4557,1.453,1.455,135672.156766
2026-03-18 17:45:00,1.455,1.4591,1.4545,1.4586,81843.078448
2026-03-18 17:50:00,1.4587,1.4594,1.4568,1.4575,121788.20251
2026-03-18 17:55:00,1.4577,1.4583,1.4562,1.4568,66211.838455
2026-03-18 18:00:00,1.4568,1.4666,1.4563,1.4666,290020.429818
2026-03-18 18:05:00,1.4665,1.4669,1.4624,1.4647,144602.946852
2026-03-18 18:10:00,1.4643,1.4669,1.4634,1.4651,102408.527299
2026-03-18 18:15:00,1.4647,1.4647,1.4565,1.4569,102503.291349
2026-03-18 18:20:00,1.457,1.4587,1.4555,1.4576,76131.545576
2026-03-18 18:25:00,1.4571,1.4599,1.4562,1.4594,31571.955441
2026-03-18 18:30:00,1.4591,1.465,1.4582,1.4582,82362.400193
2026-03-18 18:35:00,1.4586,1.4638,1.4584,1.4606,43156.59614
2026-03-18 18:40:00,1.4606,1.4632,1.46,1.4619,24485.298331
2026-03-18 18:45:00,1.4618,1.4621,1.4581,1.4588,64893.9334
2026-03-18 18:50:00,1.4587,1.4587,1.4496,1.4501,185427.024769
2026-03-18 18:55:00,1.4502,1.4528,1.4483,1.4524,228133.053372
2026-03-18 19:00:00,1.4525,1.4583,1.4519,1.4583,77536.728898
2026-03-18 19:05:00,1.4583,1.4604,1.457,1.4602,51416.61155
2026-03-18 19:10:00,1.4601,1.4601,1.4553,1.4565,40563.876869
2026-03-18 19:15:00,1.4566,1.4602,1.4556,1.46,72769.034288
2026-03-18 19:20:00,1.4597,1.46,1.4546,1.4546,48055.173563
2026-03-18 19:25:00,1.4545,1.4545,1.4527,1.4538,47347.021961
2026-03-18 19:30:00,1.4541,1.4562,1.4532,1.4554,108657.173354
2026-03-18 19:35:00,1.4554,1.4564,1.4544,1.4552,35478.135274
2026-03-18 19:40:00,1.4553,1.4556,1.452,1.4529,105539.850595
2026-03-18 19:45:00,1.4529,1.4534,1.4507,1.4519,15738.203511
2026-03-18 19:50:00,1.4519,1.4536,1.4503,1.4536,57116.35228
2026-03-18 19:55:00,1.4537,1.4544,1.4483,1.4494,196925.110724
2026-03-18 20:00:00,1.4492,1.4509,1.4485,1.4495,71019.037754
2026-03-18 20:05:00,1.4495,1.4497,1.4441,1.4441,112410.053737
2026-03-18 20:10:00,1.4443,1.4511,1.4423,1.4503,175711.762261
2026-03-18 20:15:00,1.4502,1.453,1.4498,1.4506,53262.545238
2026-03-18 20:20:00,1.4507,1.4523,1.4507,1.4523,32755.572632
2026-03-18 20:25:00,1.4522,1.4537,1.4516,1.4531,48203.646981
2026-03-18 20:30:00,1.4532,1.4575,1.4523,1.4575,78078.398441
2026-03-18 20:35:00,1.4575,1.4592,1.4565,1.459,50878.276644
2026-03-18 20:40:00,1.4588,1.46,1.458,1.4584,57574.149906
2026-03-18 20:45:00,1.4587,1.4621,1.4571,1.4614,57059.624762
2026-03-18 20:50:00,1.4613,1.4615,1.4592,1.4593,29366.363767
2026-03-18 20:55:00,1.4593,1.4603,1.4593,1.4595,23122.05168
2026-03-18 21:00:00,1.4593,1.4602,1.4587,1.4595,13052.527254
2026-03-18 21:05:00,1.4595,1.4617,1.4595,1.4616,50706.073944
2026-03-18 21:10:00,1.4615,1.4626,1.4609,1.4613,74395.537711
2026-03-18 21:15:00,1.4616,1.4628,1.4613,1.4627,36262.102355
2026-03-18 21:20:00,1.4629,1.4725,1.4629,1.4685,209611.632229
2026-03-18 21:25:00,1.4686,1.4703,1.4683,1.4699,94445.577449
2026-03-18 21:30:00,1.47,1.4702,1.465,1.465,37741.540053
2026-03-18 21:35:00,1.465,1.4675,1.4641,1.4675,50840.879871
2026-03-18 21:40:00,1.4676,1.4687,1.4661,1.4677,48740.614678
2026-03-18 21:45:00,1.4677,1.4678,1.4664,1.4665,41703.168653
2026-03-18 21:50:00,1.4666,1.4676,1.4663,1.4672,7968.457603
2026-03-18 21:55:00,1.4673,1.4687,1.4665,1.4677,30626.013822
2026-03-18 22:00:00,1.4678,1.4679,1.4631,1.4639,88327.598654
2026-03-18 22:05:00,1.4639,1.464,1.4605,1.461,75868.441473
2026-03-18 22:10:00,1.4612,1.4616,1.4593,1.4608,45431.549069
2026-03-18 22:15:00,1.4608,1.4635,1.4605,1.4628,24358.113828
2026-03-18 22:20:00,1.463,1.464,1.4609,1.4635,59716.7011
2026-03-18 22:25:00,1.4636,1.4637,1.462,1.4632,18498.610899
2026-03-18 22:30:00,1.4633,1.464,1.4623,1.4632,23538.552499
2026-03-18 22:35:00,1.4627,1.4631,1.4619,1.4619,23448.688752
2026-03-18 22:40:00,1.4619,1.462,1.4602,1.4613,34446.564482
2026-03-18 22:45:00,1.4613,1.4614,1.4605,1.4614,17456.452402
2026-03-18 22:50:00,1.4614,1.4618,1.4609,1.461,30691.656447
2026-03-18 22:55:00,1.461,1.4626,1.4606,1.4625,47278.114755
2026-03-18 23:00:00,1.4626,1.4645,1.4612,1.4618,44302.18917
2026-03-18 23:05:00,1.4618,1.4637,1.4611,1.4633,18635.655574
2026-03-18 23:10:00,1.4633,1.4633,1.46,1.46,36173.207926
2026-03-18 23:15:00,1.46,1.4601,1.458,1.4587,51621.838613
2026-03-18 23:20:00,1.4588,1.4602,1.4587,1.4597,29507.822549
2026-03-18 23:25:00,1.4599,1.4627,1.4598,1.4626,11703.729736
2026-03-18 23:30:00,1.4626,1.4656,1.4626,1.4647,46160.194741
2026-03-18 23:35:00,1.4646,1.4658,1.4635,1.4655,21311.573151
2026-03-18 23:40:00,1.4657,1.4658,1.4636,1.4636,14173.33925
2026-03-18 23:45:00,1.4636,1.4646,1.4624,1.4639,74208.160438
2026-03-18 23:50:00,1.464,1.4648,1.4622,1.4631,22969.635085
2026-03-18 23:55:00,1.4634,1.4648,1.4631,1.4645,20557.195469
2026-03-19 00:00:00,1.4646,1.465,1.4617,1.4636,126109.191267
2026-03-19 00:05:00,1.4636,1.4642,1.4614,1.4614,31470.875656
2026-03-19 00:10:00,1.4614,1.4622,1.4594,1.4622,60417.22122
2026-03-19 00:15:00,1.4622,1.4624,1.4594,1.4602,50744.634588
2026-03-19 00:20:00,1.4602,1.4619,1.4598,1.4604,40103.127325
2026-03-19 00:25:00,1.4604,1.4639,1.4599,1.4637,28181.588752
2026-03-19 00:30:00,1.4634,1.4646,1.4615,1.4615,60151.233846
2026-03-19 00:35:00,1.4611,1.4616,1.4599,1.461,43857.783471
2026-03-19 00:40:00,1.4612,1.4617,1.4597,1.4597,40330.411085
2026-03-19 00:45:00,1.4596,1.4615,1.4595,1.4608,23958.275472
2026-03-19 00:50:00,1.4608,1.4614,1.4591,1.4611,25816.120287
2026-03-19 00:55:00,1.4613,1.4613,1.4597,1.4611,31114.301296
2026-03-19 01:00:00,1.4611,1.4634,1.4594,1.4594,29090.702209
2026-03-19 01:05:00,1.4593,1.4614,1.4585,1.4592,45536.821894
2026-03-19 01:10:00,1.4593,1.4601,1.458,1.4591,26863.763672
2026-03-19 01:15:00,1.4591,1.4604,1.4587,1.4588,20763.395846
2026-03-19 01:20:00,1.4587,1.4592,1.4564,1.4577,30869.352875
2026-03-19 01:25:00,1.4579,1.4603,1.4568,1.4603,13418.171154
2026-03-19 01:30:00,1.4604,1.462,1.4593,1.462,62517.444205
2026-03-19 01:35:00,1.462,1.4636,1.4617,1.4635,37290.520701
2026-03-19 01:40:00,1.4636,1.4667,1.4633,1.4664,98317.874142
2026-03-19 01:45:00,1.4665,1.4673,1.4648,1.4658,148164.19908
2026-03-19 01:50:00,1.4658,1.4658,1.4622,1.4639,21289.811564
2026-03-19 01:55:00,1.4639,1.464,1.4617,1.4617,13313.591859
2026-03-19 02:00:00,1.4616,1.4617,1.4554,1.4587,94485.904313
2026-03-19 02:05:00,1.4586,1.4635,1.458,1.4615,25547.045213
2026-03-19 02:10:00,1.4617,1.4623,1.4613,1.4622,13737.397423
2026-03-19 02:15:00,1.4622,1.4641,1.4616,1.4617,19863.52076
2026-03-19 02:20:00,1.4619,1.4643,1.4619,1.462,15021.620847
2026-03-19 02:25:00,1.4619,1.4623,1.4607,1.462,13026.845076
2026-03-19 02:30:00,1.4622,1.4624,1.4606,1.4621,16028.852344
2026-03-19 02:35:00,1.462,1.4628,1.4607,1.4607,8318.034264
2026-03-19 02:40:00,1.4608,1.4624,1.4608,1.4616,10858.733904
2026-03-19 02:45:00,1.4615,1.4615,1.4594,1.4595,9666.291419
2026-03-19 02:50:00,1.4596,1.4606,1.4572,1.4575,33406.345234
2026-03-19 02:55:00,1.4574,1.4583,1.4571,1.4576,20238.560525
2026-03-19 03:00:00,1.4577,1.4592,1.4575,1.4587,37810.523714
2026-03-19 03:05:00,1.4587,1.4608,1.4578,1.4608,20501.21451
2026-03-19 03:10:00,1.4607,1.4631,1.4607,1.4628,30355.537787
2026-03-19 03:15:00,1.4627,1.4707,1.462,1.4702,160577.744503
2026-03-19 03:20:00,1.4703,1.4742,1.4682,1.473,122158.685218
2026-03-19 03:25:00,1.4736,1.4787,1.472,1.477,105615.37167
2026-03-19 03:30:00,1.4772,1.4783,1.472,1.473,79944.014794
2026-03-19 03:35:00,1.473,1.4732,1.4706,1.4723,42378.74906
2026-03-19 03:40:00,1.4723,1.4733,1.471,1.4722,32544.395006
2026-03-19 03:45:00,1.4724,1.4767,1.4719,1.4767,49359.062989
2026-03-19 03:50:00,1.4766,1.4766,1.4739,1.4741,50214.048153
2026-03-19 03:55:00,1.474,1.4745,1.473,1.4744,53967.93187
2026-03-19 04:00:00,1.4745,1.4745,1.4712,1.473,57356.233203
2026-03-19 04:05:00,1.4728,1.4728,1.4638,1.4677,120039.323803
2026-03-19 04:10:00,1.4678,1.4683,1.4666,1.4681,37578.170298
2026-03-19 04:15:00,1.4683,1.4684,1.4668,1.468,24159.116826
2026-03-19 04:20:00,1.4681,1.4688,1.4651,1.4669,211871.676537
2026-03-19 04:25:00,1.4667,1.4667,1.4637,1.4653,44527.18307
2026-03-19 04:30:00,1.4653,1.4672,1.4646,1.467,33215.823244
2026-03-19 04:35:00,1.4671,1.4695,1.4663,1.4687,50011.311584
2026-03-19 04:40:00,1.4686,1.4691,1.4657,1.4682,42681.982203
2026-03-19 04:45:00,1.4681,1.4681,1.4655,1.4662,31782.388352
2026-03-19 04:50:00,1.4662,1.4674,1.466,1.4666,23587.696823
2026-03-19 04:55:00,1.4666,1.4685,1.4666,1.4666,7407.358701
2026-03-19 05:00:00,1.4666,1.4678,1.4661,1.4666,52610.985905
2026-03-19 05:05:00,1.4666,1.4673,1.4649,1.4664,40903.856224
2026-03-19 05:10:00,1.466,1.4661,1.4638,1.4644,49776.78122
2026-03-19 05:15:00,1.4643,1.4661,1.4641,1.4654,41337.827605
2026-03-19 05:20:00,1.4653,1.4674,1.4647,1.4669,28563.220095
2026-03-19 05:25:00,1.4667,1.4671,1.4607,1.461,30435.70446
2026-03-19 05:30:00,1.4608,1.4627,1.4596,1.4621,175419.134255
2026-03-19 05:35:00,1.4622,1.4646,1.4615,1.4643,45931.479565
2026-03-19 05:40:00,1.4645,1.4658,1.464,1.4654,89760.862256
2026-03-19 05:45:00,1.4654,1.4668,1.4638,1.4664,20890.505045
2026-03-19 05:50:00,1.4661,1.4661,1.4647,1.4653,17538.730727
2026-03-19 05:55:00,1.4654,1.4673,1.4648,1.4669,79901.409266
2026-03-19 06:00:00,1.467,1.4696,1.4649,1.4681,230476.619553
2026-03-19 06:05:00,1.4682,1.4739,1.4657,1.4727,143205.49611
2026-03-19 06:10:00,1.4726,1.4745,1.471,1.473,149164.659038
2026-03-19 06:15:00,1.4728,1.4819,1.4708,1.4708,1190475.281737
2026-03-19 06:20:00,1.4707,1.4748,1.4701,1.4707,119107.678672
2026-03-19 06:25:00,1.4708,1.4718,1.4687,1.4688,20235.895966
2026-03-19 06:30:00,1.4689,1.47,1.4658,1.4664,151360.811273
2026-03-19 06:35:00,1.4664,1.4679,1.464,1.4679,95234.989027
2026-03-19 06:40:00,1.4679,1.4694,1.4666,1.4682,363511.55261
2026-03-19 06:45:00,1.4684,1.4722,1.4682,1.4719,85862.720904
2026-03-19 06:50:00,1.4714,1.4714,1.4672,1.4676,9604.954428
2026-03-19 06:55:00,1.4675,1.4693,1.4671,1.4689,52771.937756
2026-03-19 07:00:00,1.4688,1.47,1.465,1.4699,136886.537638
2026-03-19 07:05:00,1.4697,1.4703,1.4654,1.4667,72210.293523
2026-03-19 07:10:00,1.4667,1.4685,1.4629,1.463,157618.026337
2026-03-19 07:15:00,1.4633,1.4643,1.4539,1.4539,225812.063886
2026-03-19 07:20:00,1.4539,1.4553,1.4509,1.4547,283786.513957
2026-03-19 07:25:00,1.4542,1.4616,1.454,1.4581,167205.43506
2026-03-19 07:30:00,1.4581,1.4613,1.4572,1.46,88276.085208
2026-03-19 07:35:00,1.4599,1.4659,1.4591,1.4647,152080.113868
2026-03-19 07:40:00,1.4647,1.4663,1.4634,1.464,111193.685589
2026-03-19 07:45:00,1.4642,1.4642,1.4599,1.4603,24608.62522
2026-03-19 07:50:00,1.4601,1.4632,1.46,1.462,74897.793804
2026-03-19 07:55:00,1.462,1.4637,1.4607,1.4613,38067.396222
2026-03-19 08:00:00,1.4612,1.4644,1.4593,1.4593,81260.566847
2026-03-19 08:05:00,1.4593,1.4624,1.4586,1.4608,46047.314196
2026-03-19 08:10:00,1.4607,1.4636,1.4605,1.4626,52233.015674
2026-03-19 08:15:00,1.4624,1.4628,1.4586,1.4593,37947.686019
2026-03-19 08:20:00,1.4594,1.461,1.4554,1.4577,74950.355136
2026-03-19 08:25:00,1.4575,1.4575,1.4547,1.4554,34905.670869
2026-03-19 08:30:00,1.4553,1.4556,1.4522,1.4527,106220.503993
2026-03-19 08:35:00,1.4527,1.4557,1.4527,1.4545,107611.642998
2026-03-19 08:40:00,1.4545,1.4606,1.4541,1.4593,153832.164075
2026-03-19 08:45:00,1.4592,1.4596,1.4574,1.4583,71108.346084
2026-03-19 08:50:00,1.4584,1.4591,1.4553,1.4567,52282.438297
2026-03-19 08:55:00,1.4567,1.4568,1.4543,1.4554,41680.068686
2026-03-19 09:00:00,1.4555,1.4597,1.4554,1.4587,80660.514441
2026-03-19 09:05:00,1.4588,1.4604,1.4584,1.4599,80141.742977
2026-03-19 09:10:00,1.46,1.4608,1.4566,1.4587,97415.448919
2026-03-19 09:15:00,1.4585,1.4604,1.4577,1.4603,50604.353404
2026-03-19 09:20:00,1.4604,1.4705,1.4599,1.4663,120228.783489
2026-03-19 09:25:00,1.4664,1.4678,1.4625,1.4634,149110.679648
2026-03-19 09:30:00,1.4633,1.465,1.4613,1.4618,46970.974576
2026-03-19 09:35:00,1.4618,1.4658,1.4614,1.4644,40915.774888
2026-03-19 09:40:00,1.4636,1.4672,1.4634,1.4664,82184.422315
2026-03-19 09:45:00,1.4664,1.4682,1.4657,1.4682,25188.943972
2026-03-19 09:50:00,1.4682,1.4694,1.4667,1.4682,46371.252462
2026-03-19 09:55:00,1.4683,1.471,1.4677,1.4693,57146.425635
2026-03-19 10:00:00,1.4695,1.4702,1.468,1.4682,57630.838141
2026-03-19 10:05:00,1.4682,1.4691,1.4663,1.4663,32825.635972
2026-03-19 10:10:00,1.4663,1.4672,1.4658,1.4671,66086.525628
2026-03-19 10:15:00,1.4675,1.4687,1.4671,1.4678,35550.054959
2026-03-19 10:20:00,1.4681,1.4691,1.4667,1.4678,53458.649084
2026-03-19 10:25:00,1.4678,1.4685,1.467,1.467,17433.827615
2026-03-19 10:30:00,1.467,1.467,1.4648,1.4654,38768.686637
2026-03-19 10:35:00,1.4654,1.4655,1.4635,1.4635,83520.790872
2026-03-19 10:40:00,1.4635,1.4642,1.4626,1.464,64093.973357
2026-03-19 10:45:00,1.464,1.4653,1.4636,1.4645,24234.603377
2026-03-19 10:50:00,1.4642,1.4643,1.4627,1.4639,20802.37783
2026-03-19 10:55:00,1.4642,1.4642,1.4626,1.4629,10405.261098
2026-03-19 11:00:00,1.4633,1.4658,1.4633,1.4649,65567.337991
2026-03-19 11:05:00,1.4649,1.4649,1.4634,1.4645,36508.138354
2026-03-19 11:10:00,1.4646,1.4657,1.4638,1.4644,52776.336083
2026-03-19 11:15:00,1.4643,1.4651,1.4633,1.4645,20529.959191
2026-03-19 11:20:00,1.4647,1.4652,1.4637,1.464,43536.691789
2026-03-19 11:25:00,1.4641,1.4649,1.464,1.4641,21561.928141
2026-03-19 11:30:00,1.4643,1.4652,1.4602,1.4602,42345.410238
2026-03-19 11:35:00,1.4601,1.4602,1.4572,1.4584,292754.191376
2026-03-19 11:40:00,1.4585,1.4589,1.4577,1.4581,57556.503306
2026-03-19 11:45:00,1.4583,1.4588,1.4579,1.4585,9127.942115
2026-03-19 11:50:00,1.4582,1.4589,1.4577,1.4584,12371.105129
2026-03-19 11:55:00,1.4582,1.4591,1.4577,1.4586,50152.21238
2026-03-19 12:00:00,1.4586,1.4586,1.4555,1.4574,78529.212757
2026-03-19 12:05:00,1.4573,1.4574,1.4556,1.4565,119367.39906
2026-03-19 12:10:00,1.4565,1.4574,1.4555,1.4558,953867.093162
2026-03-19 12:15:00,1.4556,1.4561,1.4525,1.4528,105965.291207
2026-03-19 12:20:00,1.4531,1.4544,1.4518,1.4528,58607.592258
2026-03-19 12:25:00,1.4527,1.4531,1.4477,1.4491,122742.016896
2026-03-19 12:30:00,1.4491,1.4505,1.4475,1.4484,70263.993795
2026-03-19 12:35:00,1.4483,1.4505,1.4483,1.4493,94367.809545
2026-03-19 12:40:00,1.4491,1.4501,1.4483,1.4485,65842.097186
2026-03-19 12:45:00,1.4481,1.4481,1.4444,1.4454,75993.08399
2026-03-19 12:50:00,1.4458,1.4459,1.4356,1.4385,387732.776373
2026-03-19 12:55:00,1.4385,1.4406,1.4371,1.4372,66480.815334
2026-03-19 13:00:00,1.4372,1.441,1.4324,1.4408,218528.266949
2026-03-19 13:05:00,1.4411,1.4424,1.4384,1.4417,116855.084891
2026-03-19 13:10:00,1.4414,1.442,1.4338,1.4345,116887.818599
2026-03-19 13:15:00,1.4345,1.4433,1.4345,1.4424,333802.966048
2026-03-19 13:20:00,1.4425,1.4476,1.4418,1.4426,192397.124908
2026-03-19 13:25:00,1.4428,1.4434,1.4404,1.4411,183774.08062
2026-03-19 13:30:00,1.4411,1.4432,1.4373,1.4396,191833.675495
2026-03-19 13:35:00,1.4396,1.44,1.4355,1.4362,195619.609074
2026-03-19 13:40:00,1.4361,1.4526,1.4356,1.449,318290.543289
2026-03-19 13:45:00,1.449,1.4529,1.4457,1.4529,132981.925926
2026-03-19 13:50:00,1.4528,1.454,1.4489,1.4536,176129.144769
2026-03-19 13:55:00,1.4539,1.4541,1.4492,1.4522,100744.737173
2026-03-19 14:00:00,1.4522,1.4571,1.4475,1.4477,150779.468149
2026-03-19 14:05:00,1.4482,1.4505,1.447,1.4476,104767.618568
2026-03-19 14:10:00,1.4476,1.4515,1.4466,1.4477,89207.592965
2026-03-19 14:15:00,1.4477,1.4489,1.4459,1.4474,101182.21874
2026-03-19 14:20:00,1.4474,1.4484,1.4445,1.4457,100478.727877
2026-03-19 14:25:00,1.4456,1.4464,1.4405,1.4408,159026.341621
2026-03-19 14:30:00,1.4405,1.4441,1.4404,1.4435,136830.303624
2026-03-19 14:35:00,1.4438,1.4444,1.4391,1.4404,120314.834685
2026-03-19 14:40:00,1.4401,1.4441,1.4398,1.4432,69658.285235
2026-03-19 14:45:00,1.4429,1.4447,1.4422,1.4447,49143.096795
2026-03-19 14:50:00,1.4449,1.4494,1.444,1.4469,112703.098244
2026-03-19 14:55:00,1.4469,1.4469,1.4438,1.4446,200484.063164
2026-03-19 15:00:00,1.4443,1.4456,1.4419,1.4451,68579.632499
2026-03-19 15:05:00,1.445,1.4505,1.4434,1.4442,146468.090616
2026-03-19 15:10:00,1.4443,1.4455,1.4419,1.4428,76369.303392
2026-03-19 15:15:00,1.443,1.4443,1.436,1.4362,188451.12446
2026-03-19 15:20:00,1.4364,1.4371,1.4304,1.4309,1224913.540639
2026-03-19 15:25:00,1.4308,1.4335,1.4287,1.4287,457689.07715
2026-03-19 15:30:00,1.4287,1.4307,1.4267,1.4274,369864.225696
2026-03-19 15:35:00,1.4272,1.4324,1.4261,1.4273,623443.135746
2026-03-19 15:40:00,1.4271,1.4304,1.4236,1.4287,946929.121966
2026-03-19 15:45:00,1.4287,1.434,1.4264,1.4319,293278.853563
2026-03-19 15:50:00,1.432,1.4344,1.4315,1.4322,130164.790325
2026-03-19 15:55:00,1.4323,1.4358,1.4311,1.4318,56579.209426
2026-03-19 16:00:00,1.4322,1.4324,1.4285,1.429,111495.519811
2026-03-19 16:05:00,1.4291,1.43,1.4274,1.4297,180631.467173
2026-03-19 16:10:00,1.4297,1.43,1.4274,1.4293,123854.244092
2026-03-19 16:15:00,1.4292,1.4315,1.4278,1.4302,119224.25612
2026-03-19 16:20:00,1.4301,1.4341,1.4301,1.4335,101911.760185
2026-03-19 16:25:00,1.4336,1.4362,1.4334,1.4347,79513.065788
2026-03-19 16:30:00,1.4346,1.4346,1.4315,1.4328,96798.495304
2026-03-19 16:35:00,1.4328,1.4342,1.4305,1.4342,93419.30664
2026-03-19 16:40:00,1.4343,1.4374,1.4332,1.4334,185468.413666
2026-03-19 16:45:00,1.4334,1.4337,1.4279,1.4282,112239.263278
2026-03-19 16:50:00,1.4281,1.4289,1.4241,1.4261,359302.908246
2026-03-19 16:55:00,1.4263,1.4291,1.4262,1.4273,90332.301061
2026-03-19 17:00:00,1.4274,1.4274,1.4238,1.425,130583.000905
2026-03-19 17:05:00,1.4251,1.4254,1.4222,1.4238,119470.788311
2026-03-19 17:10:00,1.4237,1.4271,1.4232,1.4248,71980.254011
2026-03-19 17:15:00,1.4247,1.43,1.4233,1.43,125098.82193
2026-03-19 17:20:00,1.4297,1.4364,1.429,1.4331,151374.332379
2026-03-19 17:25:00,1.4331,1.4353,1.4324,1.4332,78127.491343
2026-03-19 17:30:00,1.4334,1.4362,1.432,1.4334,61166.806739
2026-03-19 17:35:00,1.4333,1.4333,1.4301,1.4309,38120.84008
2026-03-19 17:40:00,1.4308,1.4326,1.4308,1.4315,19331.738148
2026-03-19 17:45:00,1.4315,1.4337,1.4309,1.4333,20589.12225
2026-03-19 17:50:00,1.4333,1.4397,1.4332,1.4383,46247.035097
2026-03-19 17:55:00,1.4379,1.4396,1.4375,1.4389,47047.084322
2026-03-19 18:00:00,1.4389,1.4391,1.4363,1.4369,44515.534495
2026-03-19 18:05:00,1.4369,1.4369,1.4342,1.4345,58982.630539
2026-03-19 18:10:00,1.4345,1.4378,1.4345,1.4359,33181.213772
2026-03-19 18:15:00,1.4359,1.437,1.4344,1.4365,29126.207515
2026-03-19 18:20:00,1.4366,1.4378,1.4366,1.4368,30270.600539
2026-03-19 18:25:00,1.4369,1.4373,1.4345,1.4345,55490.844163
2026-03-19 18:30:00,1.4344,1.4348,1.4312,1.4316,44936.288551
2026-03-19 18:35:00,1.4315,1.4339,1.4311,1.4323,37711.776143
2026-03-19 18:40:00,1.4321,1.4327,1.4315,1.4325,21850.291545
2026-03-19 18:45:00,1.4326,1.4336,1.4324,1.4328,28813.042699
2026-03-19 18:50:00,1.4327,1.4335,1.4312,1.4331,13591.454708
2026-03-19 18:55:00,1.4331,1.4382,1.433,1.4373,34072.623373
2026-03-19 19:00:00,1.4372,1.4453,1.4365,1.4439,192491.235944
2026-03-19 19:05:00,1.444,1.4493,1.444,1.4462,206419.137168
2026-03-19 19:10:00,1.4461,1.4527,1.4457,1.4484,205635.767252
2026-03-19 19:15:00,1.4483,1.4527,1.4464,1.4525,72338.999637
2026-03-19 19:20:00,1.4521,1.4528,1.4504,1.4517,87895.39548
2026-03-19 19:25:00,1.4516,1.4516,1.4464,1.4474,87107.086068
2026-03-19 19:30:00,1.4476,1.4476,1.4442,1.4443,49133.162398
2026-03-19 19:35:00,1.4442,1.4478,1.4429,1.4476,64260.976067
2026-03-19 19:40:00,1.4476,1.4503,1.4471,1.4485,71966.196772
2026-03-19 19:45:00,1.4484,1.4489,1.4469,1.4478,73181.983883
2026-03-19 19:50:00,1.4476,1.4476,1.444,1.4455,40580.863507
2026-03-19 19:55:00,1.4456,1.446,1.4445,1.4448,22670.543656
2026-03-19 20:00:00,1.4448,1.446,1.4433,1.4448,144437.118867
2026-03-19 20:05:00,1.4446,1.4457,1.4439,1.4451,27027.326371
2026-03-19 20:10:00,1.4447,1.4457,1.4434,1.4455,25891.373196
2026-03-19 20:15:00,1.4455,1.449,1.4455,1.4487,79088.849096
2026-03-19 20:20:00,1.4487,1.4502,1.4481,1.4491,55282.503815
2026-03-19 20:25:00,1.4493,1.4503,1.4488,1.4495,24361.251612
2026-03-19 20:30:00,1.4495,1.4505,1.4488,1.4503,33043.219681
2026-03-19 20:35:00,1.4502,1.4528,1.4501,1.4528,19481.495329
2026-03-19 20:40:00,1.4529,1.4542,1.4503,1.4514,49091.385034
2026-03-19 20:45:00,1.4514,1.452,1.4494,1.4508,24646.656446
2026-03-19 20:50:00,1.4508,1.4508,1.4491,1.4502,48377.073739
2026-03-19 20:55:00,1.4502,1.4503,1.449,1.4497,52905.536382
2026-03-19 21:00:00,1.4497,1.4515,1.4494,1.4503,20383.438281
2026-03-19 21:05:00,1.4504,1.453,1.4504,1.453,52957.009929
2026-03-19 21:10:00,1.453,1.4556,1.453,1.4549,80778.998504
2026-03-19 21:15:00,1.4549,1.4558,1.4538,1.4544,39725.232792
2026-03-19 21:20:00,1.4544,1.4552,1.4527,1.454,72800.450736
2026-03-19 21:25:00,1.4539,1.4548,1.4524,1.4541,46245.294177
2026-03-19 21:30:00,1.4541,1.4548,1.4516,1.4525,51763.577915
2026-03-19 21:35:00,1.4526,1.4537,1.452,1.4529,6594.260879
2026-03-19 21:40:00,1.4528,1.4536,1.452,1.4532,33512.462553
2026-03-19 21:45:00,1.4532,1.4532,1.4523,1.4528,21323.059911
2026-03-19 21:50:00,1.4527,1.4532,1.4521,1.453,31101.974274
2026-03-19 21:55:00,1.4529,1.4558,1.4529,1.4547,36453.501086
2026-03-19 22:00:00,1.4548,1.4556,1.4527,1.4527,58566.534187
2026-03-19 22:05:00,1.4526,1.4526,1.4496,1.4515,38568.771541
2026-03-19 22:10:00,1.4515,1.4525,1.4504,1.4518,44738.961927
2026-03-19 22:15:00,1.4517,1.453,1.45,1.4527,22697.555479
2026-03-19 22:20:00,1.4527,1.4549,1.4526,1.4541,41450.344693
2026-03-19 22:25:00,1.4541,1.455,1.4538,1.4544,44026.865169
2026-03-19 22:30:00,1.4543,1.4543,1.447,1.4478,68247.369014
2026-03-19 22:35:00,1.4481,1.4482,1.4445,1.4475,102012.795362
2026-03-19 22:40:00,1.4472,1.4472,1.4454,1.446,50923.345148
2026-03-19 22:45:00,1.446,1.4482,1.4459,1.4482,44328.824433
2026-03-19 22:50:00,1.4484,1.4494,1.4477,1.4486,52442.815109
2026-03-19 22:55:00,1.4486,1.4494,1.4477,1.4494,11373.132081
2026-03-19 23:00:00,1.4494,1.4532,1.4494,1.4531,46079.47593
2026-03-19 23:05:00,1.4528,1.4538,1.452,1.4523,47126.112806
2026-03-19 23:10:00,1.4523,1.4528,1.4515,1.4521,9165.748452
2026-03-19 23:15:00,1.452,1.452,1.4477,1.4479,42983.138337
2026-03-19 23:20:00,1.448,1.4484,1.4466,1.4468,6205.264075
2026-03-19 23:25:00,1.447,1.4492,1.447,1.4491,22488.508689
2026-03-19 23:30:00,1.449,1.45,1.4466,1.4466,26668.083279
2026-03-19 23:35:00,1.4465,1.4467,1.4429,1.443,112053.62606
2026-03-19 23:40:00,1.4429,1.4453,1.4429,1.4447,38960.483515
2026-03-19 23:45:00,1.4448,1.4457,1.444,1.4453,22717.732812
2026-03-19 23:50:00,1.4453,1.4473,1.4452,1.4473,21163.55825
2026-03-19 23:55:00,1.4472,1.4481,1.4469,1.4475,12450.688856
2026-03-20 00:00:00,1.4475,1.449,1.4467,1.4474,76339.687482
2026-03-20 00:05:00,1.4473,1.4528,1.4473,1.451,26659.802247
2026-03-20 00:10:00,1.451,1.4531,1.451,1.4525,73309.070028
2026-03-20 00:15:00,1.4525,1.453,1.4512,1.4515,43862.486259
2026-03-20 00:20:00,1.4514,1.4514,1.4462,1.4466,91814.2318
2026-03-20 00:25:00,1.4466,1.4473,1.4459,1.4473,43407.451561
2026-03-20 00:30:00,1.4471,1.4474,1.4453,1.4457,25932.328768
2026-03-20 00:35:00,1.4457,1.4491,1.4455,1.4491,37822.135262
2026-03-20 00:40:00,1.4492,1.4497,1.4483,1.4486,7467.656901
2026-03-20 00:45:00,1.4487,1.4497,1.4483,1.4491,37344.575041
2026-03-20 00:50:00,1.4489,1.4499,1.4476,1.4487,13526.033383
2026-03-20 00:55:00,1.4486,1.4502,1.4486,1.4501,27703.016018
2026-03-20 01:00:00,1.4503,1.4558,1.4503,1.4547,46349.393835
2026-03-20 01:05:00,1.4548,1.4557,1.4532,1.4542,11898.756602
2026-03-20 01:10:00,1.4543,1.4546,1.4528,1.454,13872.626739
2026-03-20 01:15:00,1.4539,1.4544,1.4519,1.4533,25167.971482
2026-03-20 01:20:00,1.4535,1.4539,1.4526,1.4537,20903.138783
2026-03-20 01:25:00,1.4535,1.4551,1.4533,1.4544,24093.522225
2026-03-20 01:30:00,1.4547,1.4575,1.4547,1.4562,55304.761118
2026-03-20 01:35:00,1.4562,1.4604,1.4555,1.46,106487.549934
2026-03-20 01:40:00,1.4599,1.4607,1.4587,1.4594,43075.484043
2026-03-20 01:45:00,1.4592,1.4595,1.4572,1.458,28596.8926
2026-03-20 01:50:00,1.4581,1.4601,1.4579,1.4594,47528.096175
2026-03-20 01:55:00,1.4594,1.4597,1.4565,1.4567,19883.741496
2026-03-20 02:00:00,1.4568,1.4573,1.4543,1.4556,30062.683314
2026-03-20 02:05:00,1.4552,1.4565,1.4548,1.4551,162910.594291
2026-03-20 02:10:00,1.4551,1.4551,1.4541,1.4541,6072.528105
2026-03-20 02:15:00,1.4541,1.4542,1.4515,1.4521,34058.716944
2026-03-20 02:20:00,1.4521,1.4527,1.451,1.4511,13281.310024
2026-03-20 02:25:00,1.4512,1.4514,1.4488,1.4494,47473.024425
2026-03-20 02:30:00,1.4495,1.45,1.4464,1.4468,82734.123445
2026-03-20 02:35:00,1.4469,1.4482,1.4469,1.4478,31267.451556
2026-03-20 02:40:00,1.4479,1.4509,1.4479,1.4507,22590.153112
2026-03-20 02:45:00,1.4509,1.4513,1.4491,1.4511,82737.319092
2026-03-20 02:50:00,1.4511,1.454,1.4508,1.454,17120.433942
2026-03-20 02:55:00,1.454,1.4543,1.452,1.4523,15761.239496
2026-03-20 03:00:00,1.4523,1.4523,1.4507,1.451,15172.098424
2026-03-20 03:05:00,1.451,1.4525,1.4509,1.451,13514.457342
2026-03-20 03:10:00,1.4511,1.4514,1.4502,1.4502,7825.96529
2026-03-20 03:15:00,1.4501,1.4533,1.4501,1.4533,11735.713144
2026-03-20 03:20:00,1.4533,1.4543,1.4513,1.4542,217858.99516
2026-03-20 03:25:00,1.4539,1.4546,1.4529,1.4543,32144.993905
2026-03-20 03:30:00,1.4547,1.4568,1.4547,1.4554,62262.181008
2026-03-20 03:35:00,1.4554,1.4559,1.4528,1.4537,14137.435781
2026-03-20 03:40:00,1.4534,1.4534,1.452,1.4521,13827.840701
2026-03-20 03:45:00,1.4523,1.4535,1.4515,1.4522,19253.481931
2026-03-20 03:50:00,1.4521,1.4541,1.4519,1.4537,89955.783672
2026-03-20 03:55:00,1.4536,1.4549,1.4531,1.4531,15703.541026
2026-03-20 04:00:00,1.4531,1.4532,1.4517,1.453,19888.008973
2026-03-20 04:05:00,1.453,1.4559,1.4528,1.4556,31577.265381
2026-03-20 04:10:00,1.4552,1.4572,1.4548,1.4564,15682.014121
2026-03-20 04:15:00,1.4563,1.4563,1.4546,1.455,14095.898856
2026-03-20 04:20:00,1.455,1.4557,1.4542,1.4557,43294.005571
2026-03-20 04:25:00,1.4558,1.4569,1.4558,1.4566,9278.242097
2026-03-20 04:30:00,1.4566,1.4568,1.4501,1.4504,57189.462768
2026-03-20 04:35:00,1.4501,1.4504,1.4483,1.449,19091.437462
2026-03-20 04:40:00,1.4489,1.449,1.4477,1.4482,18559.14377
2026-03-20 04:45:00,1.4479,1.4508,1.4479,1.4506,24229.785053
2026-03-20 04:50:00,1.4509,1.4516,1.4498,1.4514,43814.90381
2026-03-20 04:55:00,1.4517,1.4548,1.4517,1.4537,10971.42939
2026-03-20 05:00:00,1.4536,1.4553,1.4517,1.4528,24521.023874
2026-03-20 05:05:00,1.4528,1.4566,1.4511,1.4566,37252.701377
2026-03-20 05:10:00,1.4566,1.4573,1.4553,1.4565,46280.599223
2026-03-20 05:15:00,1.4565,1.4584,1.4553,1.4567,43587.453122
2026-03-20 05:20:00,1.4565,1.4574,1.4549,1.455,9907.112228
2026-03-20 05:25:00,1.4549,1.4558,1.4514,1.4514,44203.988496
2026-03-20 05:30:00,1.4515,1.4525,1.4501,1.4525,40299.206846
2026-03-20 05:35:00,1.4524,1.4551,1.4511,1.4543,26032.830333
2026-03-20 05:40:00,1.4543,1.457,1.4541,1.4561,10361.723308
2026-03-20 05:45:00,1.4563,1.4578,1.4563,1.4572,18159.151078
2026-03-20 05:50:00,1.457,1.4577,1.4553,1.4559,19105.700373
2026-03-20 05:55:00,1.4559,1.4559,1.4538,1.455,61112.112991
2026-03-20 06:00:00,1.4551,1.4569,1.4538,1.456,67743.799301
2026-03-20 06:05:00,1.4557,1.4564,1.4547,1.4557,17170.582341
2026-03-20 06:10:00,1.4555,1.4565,1.4542,1.4565,30491.149734
2026-03-20 06:15:00,1.4564,1.4564,1.4541,1.4542,23408.622005
2026-03-20 06:20:00,1.4541,1.4569,1.4538,1.4554,111155.989903
2026-03-20 06:25:00,1.4553,1.4597,1.4552,1.4593,579846.946008
2026-03-20 06:30:00,1.4593,1.4639,1.4534,1.4557,1191934.172674
2026-03-20 06:35:00,1.4557,1.4558,1.4535,1.4537,20759.119426
2026-03-20 06:40:00,1.4537,1.4539,1.4516,1.4529,37337.737389
2026-03-20 06:45:00,1.453,1.4535,1.4521,1.4523,29158.425218
2026-03-20 06:50:00,1.4527,1.4532,1.4511,1.4512,19015.219746
2026-03-20 06:55:00,1.4512,1.4512,1.4506,1.4506,16965.405296
2026-03-20 07:00:00,1.4505,1.4505,1.4436,1.4473,84944.275048
2026-03-20 07:05:00,1.4471,1.4493,1.4457,1.4489,28511.793326
2026-03-20 07:10:00,1.4486,1.4489,1.4462,1.4464,36271.837441
2026-03-20 07:15:00,1.4462,1.4482,1.4454,1.4479,26367.013442
2026-03-20 07:20:00,1.448,1.4514,1.4477,1.4506,38273.926365
2026-03-20 07:25:00,1.4506,1.4514,1.4495,1.4496,16052.136954
2026-03-20 07:30:00,1.4497,1.4547,1.4486,1.4542,58796.712991
2026-03-20 07:35:00,1.4542,1.4551,1.453,1.4544,25504.49948
2026-03-20 07:40:00,1.4543,1.4564,1.4543,1.4559,26221.439754
2026-03-20 07:45:00,1.4558,1.4566,1.4543,1.455,39625.327357
2026-03-20 07:50:00,1.4548,1.4554,1.4543,1.4548,43282.357426
2026-03-20 07:55:00,1.4545,1.455,1.4544,1.4546,11302.635462
2026-03-20 08:00:00,1.4546,1.4556,1.4536,1.4543,31876.562346
2026-03-20 08:05:00,1.4544,1.4624,1.4544,1.4624,146352.040939
2026-03-20 08:10:00,1.4623,1.4664,1.4618,1.4633,253046.461739
2026-03-20 08:15:00,1.4629,1.4629,1.4605,1.4613,64917.399491
2026-03-20 08:20:00,1.4612,1.4618,1.4594,1.4606,36504.040761
2026-03-20 08:25:00,1.4607,1.4629,1.4607,1.4621,55077.970807
2026-03-20 08:30:00,1.462,1.4628,1.4598,1.4619,72212.406846
2026-03-20 08:35:00,1.4623,1.4623,1.4592,1.461,21037.693756
2026-03-20 08:40:00,1.4609,1.4611,1.4599,1.46,13329.233446
2026-03-20 08:45:00,1.4601,1.4606,1.4595,1.4606,17429.647786
2026-03-20 08:50:00,1.4607,1.4613,1.4592,1.4594,23714.003472
2026-03-20 08:55:00,1.4595,1.4609,1.4595,1.4601,30890.924796
2026-03-20 09:00:00,1.46,1.46,1.4551,1.4567,37489.397444
2026-03-20 09:05:00,1.4564,1.4571,1.4547,1.457,32926.692043
2026-03-20 09:10:00,1.4572,1.4572,1.4533,1.4533,40425.580566
2026-03-20 09:15:00,1.4532,1.4533,1.4487,1.4495,70879.265314
2026-03-20 09:20:00,1.4494,1.4494,1.4463,1.4464,121803.209543
2026-03-20 09:25:00,1.4466,1.4484,1.4453,1.4478,59601.304325
2026-03-20 09:30:00,1.4478,1.4501,1.4476,1.449,70086.223236
2026-03-20 09:35:00,1.4491,1.451,1.4491,1.4502,54254.267431
2026-03-20 09:40:00,1.4501,1.4509,1.4491,1.4507,35160.029091
2026-03-20 09:45:00,1.4503,1.4505,1.4479,1.4483,43602.614875
2026-03-20 09:50:00,1.4485,1.4487,1.4459,1.4466,142458.543579
2026-03-20 09:55:00,1.4467,1.4487,1.4467,1.4481,43544.14215
2026-03-20 10:00:00,1.4482,1.4488,1.4465,1.4478,60273.706277
2026-03-20 10:05:00,1.4475,1.4485,1.4451,1.4466,8591.029069
2026-03-20 10:10:00,1.4465,1.4465,1.4447,1.4462,34630.271057
2026-03-20 10:15:00,1.446,1.4487,1.4443,1.4476,66592.060124
2026-03-20 10:20:00,1.4474,1.4474,1.4442,1.4456,39381.8977
2026-03-20 10:25:00,1.4454,1.4463,1.4451,1.4455,21901.419068
2026-03-20 10:30:00,1.4455,1.448,1.445,1.4478,17936.654238
2026-03-20 10:35:00,1.4478,1.4509,1.4472,1.4509,34347.274592
2026-03-20 10:40:00,1.4508,1.4539,1.4503,1.4507,58869.831444
2026-03-20 10:45:00,1.4513,1.4522,1.4505,1.4516,27765.697117
2026-03-20 10:50:00,1.4516,1.4529,1.4507,1.4513,39907.858188
2026-03-20 10:55:00,1.4512,1.4515,1.4506,1.4507,2628.74811
2026-03-20 11:00:00,1.4504,1.4537,1.4504,1.4534,14174.086879
2026-03-20 11:05:00,1.4534,1.455,1.453,1.4534,12645.187548
2026-03-20 11:10:00,1.4534,1.4551,1.4527,1.455,39733.135599
2026-03-20 11:15:00,1.4546,1.4547,1.4504,1.4507,55022.446935
2026-03-20 11:20:00,1.451,1.4511,1.4484,1.4491,38593.876891
2026-03-20 11:25:00,1.4491,1.4493,1.4478,1.4482,17068.153354
2026-03-20 11:30:00,1.4482,1.4496,1.4478,1.4496,7918.082155
2026-03-20 11:35:00,1.4496,1.4496,1.4434,1.4446,51146.073854
2026-03-20 11:40:00,1.4448,1.4457,1.4442,1.4449,20626.781261
2026-03-20 11:45:00,1.4449,1.4451,1.4441,1.4446,13226.538806
2026-03-20 11:50:00,1.4446,1.4451,1.4438,1.4451,17861.951378
2026-03-20 11:55:00,1.445,1.4493,1.445,1.4493,29362.201402
2026-03-20 12:00:00,1.4493,1.4501,1.4477,1.4478,48779.670085
2026-03-20 12:05:00,1.448,1.4515,1.448,1.451,38010.615508
2026-03-20 12:10:00,1.4511,1.4522,1.4506,1.4514,22113.517531
2026-03-20 12:15:00,1.4519,1.4521,1.4514,1.452,21226.213708
2026-03-20 12:20:00,1.4521,1.4525,1.4514,1.4514,13759.838841
2026-03-20 12:25:00,1.4514,1.4517,1.4483,1.4488,34932.547782
2026-03-20 12:30:00,1.4488,1.4488,1.4464,1.4468,25798.337341
2026-03-20 12:35:00,1.4467,1.4476,1.4451,1.4451,10004.995724
2026-03-20 12:40:00,1.4452,1.4456,1.4433,1.4448,20023.788156
2026-03-20 12:45:00,1.4449,1.4449,1.442,1.4439,27528.363432
2026-03-20 12:50:00,1.4438,1.4447,1.4428,1.4433,80237.766615
2026-03-20 12:55:00,1.4432,1.444,1.4421,1.4424,31283.394829
2026-03-20 13:00:00,1.4424,1.444,1.4402,1.4403,81380.337167
2026-03-20 13:05:00,1.4403,1.4447,1.4399,1.4428,220491.167575
2026-03-20 13:10:00,1.4427,1.4428,1.4392,1.4415,25265.816371
2026-03-20 13:15:00,1.4415,1.4442,1.4409,1.4434,13572.66015
2026-03-20 13:20:00,1.4435,1.4465,1.4435,1.446,33555.478934
2026-03-20 13:25:00,1.4463,1.4492,1.445,1.4455,42205.92107
2026-03-20 13:30:00,1.4454,1.4456,1.4373,1.4402,133181.553013
2026-03-20 13:35:00,1.4404,1.4429,1.4365,1.4394,68571.457105
2026-03-20 13:40:00,1.4392,1.4473,1.4386,1.4446,177101.551036
2026-03-20 13:45:00,1.445,1.4458,1.441,1.4446,142548.432635
2026-03-20 13:50:00,1.4442,1.4442,1.4377,1.4403,143796.474026
2026-03-20 13:55:00,1.4403,1.4408,1.437,1.4383,41348.263137
2026-03-20 14:00:00,1.4383,1.4415,1.434,1.4405,284736.995982
2026-03-20 14:05:00,1.4404,1.4428,1.4377,1.4413,85922.162451
2026-03-20 14:10:00,1.4413,1.4439,1.4386,1.4392,257569.178283
2026-03-20 14:15:00,1.4392,1.4405,1.4357,1.4377,95182.512629
2026-03-20 14:20:00,1.4376,1.441,1.4362,1.4406,177659.035897
2026-03-20 14:25:00,1.4404,1.4414,1.4358,1.4395,304115.907314
2026-03-20 14:30:00,1.4399,1.4447,1.4399,1.4431,123824.628041
2026-03-20 14:35:00,1.4434,1.4448,1.4409,1.4438,65872.494342
2026-03-20 14:40:00,1.4433,1.4435,1.4408,1.4408,45645.362409
2026-03-20 14:45:00,1.4406,1.4418,1.4392,1.4401,44554.418049
2026-03-20 14:50:00,1.4398,1.4398,1.4345,1.435,127928.702575
2026-03-20 14:55:00,1.4351,1.4381,1.4351,1.4366,39918.708789
2026-03-20 15:00:00,1.4367,1.4391,1.433,1.4337,74921.503202
2026-03-20 15:05:00,1.4337,1.4337,1.4276,1.43,361772.187056
2026-03-20 15:10:00,1.43,1.4352,1.4298,1.4347,73872.74164
2026-03-20 15:15:00,1.4346,1.4349,1.4326,1.4326,127341.932813
2026-03-20 15:20:00,1.4326,1.4421,1.4326,1.4382,241126.340826
2026-03-20 15:25:00,1.4386,1.4388,1.4366,1.438,81376.022294
2026-03-20 15:30:00,1.4381,1.4413,1.4373,1.44,83763.007919
2026-03-20 15:35:00,1.4401,1.441,1.4375,1.4396,82192.114616
2026-03-20 15:40:00,1.4395,1.4408,1.4391,1.4391,41103.576912
2026-03-20 15:45:00,1.4394,1.4396,1.4373,1.439,30254.254831
2026-03-20 15:50:00,1.4387,1.4399,1.4375,1.4383,30439.348934
2026-03-20 15:55:00,1.4382,1.4382,1.4367,1.4377,38105.24657
2026-03-20 16:00:00,1.4377,1.4392,1.4369,1.4382,105377.091768
2026-03-20 16:05:00,1.438,1.4382,1.4357,1.4375,35603.277646
2026-03-20 16:10:00,1.4374,1.4388,1.4361,1.4367,36466.566983
2026-03-20 16:15:00,1.4366,1.4402,1.4347,1.4402,44469.901409
2026-03-20 16:20:00,1.4401,1.4432,1.4398,1.441,191108.224506
2026-03-20 16:25:00,1.4407,1.442,1.4404,1.442,104988.464246
2026-03-20 16:30:00,1.4418,1.4419,1.437,1.4387,32017.999596
2026-03-20 16:35:00,1.4386,1.4391,1.4354,1.4365,25803.101975
2026-03-20 16:40:00,1.4364,1.4371,1.4346,1.4355,42803.317091
2026-03-20 16:45:00,1.4353,1.4368,1.4349,1.4357,26167.896473
2026-03-20 16:50:00,1.4356,1.4363,1.4329,1.4356,20649.632378
2026-03-20 16:55:00,1.4354,1.4394,1.4354,1.4378,26979.226454
2026-03-20 17:00:00,1.4376,1.4388,1.4372,1.438,58612.175272
2026-03-20 17:05:00,1.438,1.4386,1.4336,1.4359,55301.505804
2026-03-20 17:10:00,1.436,1.437,1.4352,1.4359,35626.944889
2026-03-20 17:15:00,1.4359,1.4373,1.4341,1.4355,37868.897182
2026-03-20 17:20:00,1.4353,1.4366,1.4346,1.4352,40105.775896
2026-03-20 17:25:00,1.435,1.4352,1.4339,1.434,30937.183107
2026-03-20 17:30:00,1.4339,1.4346,1.4312,1.4314,38659.502174
2026-03-20 17:35:00,1.4317,1.434,1.4289,1.4336,86533.373749
2026-03-20 17:40:00,1.4334,1.4339,1.4318,1.4319,29405.070133
2026-03-20 17:45:00,1.432,1.4329,1.4311,1.4324,16964.879402
2026-03-20 17:50:00,1.4324,1.4363,1.4319,1.4363,31994.133653
2026-03-20 17:55:00,1.4361,1.4407,1.4361,1.4392,32628.13386
2026-03-20 18:00:00,1.4392,1.4396,1.4372,1.4378,19085.581251
2026-03-20 18:05:00,1.4375,1.4396,1.4373,1.4383,30399.438223
2026-03-20 18:10:00,1.4381,1.4387,1.4368,1.4379,8100.463907
2026-03-20 18:15:00,1.4379,1.4381,1.4364,1.4371,6956.739318
2026-03-20 18:20:00,1.4373,1.4383,1.4322,1.4336,33351.714802
2026-03-20 18:25:00,1.4336,1.4356,1.4324,1.4325,23677.017506
2026-03-20 18:30:00,1.4327,1.4328,1.4304,1.4315,58152.799403
2026-03-20 18:35:00,1.4316,1.4318,1.4289,1.4305,38701.689337
2026-03-20 18:40:00,1.4305,1.433,1.4305,1.4316,22076.580935
2026-03-20 18:45:00,1.4316,1.4345,1.4314,1.4323,35338.995844
2026-03-20 18:50:00,1.4322,1.4342,1.4316,1.4331,15796.210315
2026-03-20 18:55:00,1.4333,1.434,1.4305,1.4313,29291.528368
2026-03-20 19:00:00,1.4313,1.4332,1.4313,1.4322,14148.527893
2026-03-20 19:05:00,1.4322,1.4327,1.4295,1.4311,35031.182472
2026-03-20 19:10:00,1.4312,1.4319,1.4299,1.4313,23453.504047
2026-03-20 19:15:00,1.4309,1.4316,1.4296,1.4314,17722.527967
2026-03-20 19:20:00,1.4317,1.4327,1.4291,1.4297,30323.917659
2026-03-20 19:25:00,1.4298,1.4311,1.4281,1.4305,24689.753763
2026-03-20 19:30:00,1.4305,1.4328,1.427,1.427,44275.42783
2026-03-20 19:35:00,1.4271,1.4286,1.4248,1.4274,58308.452878
2026-03-20 19:40:00,1.4275,1.4333,1.4275,1.4333,35798.127658
2026-03-20 19:45:00,1.4331,1.4338,1.4316,1.4316,17445.118677
2026-03-20 19:50:00,1.4317,1.4367,1.4316,1.4365,40210.655983
2026-03-20 19:55:00,1.4364,1.4373,1.4349,1.4358,257087.144469
2026-03-20 20:00:00,1.4359,1.4374,1.434,1.4343,85939.894298
2026-03-20 20:05:00,1.4342,1.4357,1.4332,1.4355,32491.111557
2026-03-20 20:10:00,1.435,1.437,1.435,1.4358,6717.174185
2026-03-20 20:15:00,1.4357,1.4357,1.4325,1.4331,18202.348469
2026-03-20 20:20:00,1.4332,1.4332,1.4313,1.4317,18455.098726
2026-03-20 20:25:00,1.4317,1.4317,1.4304,1.4312,24021.309571
2026-03-20 20:30:00,1.4314,1.4317,1.4291,1.43,41150.670858
2026-03-20 20:35:00,1.4301,1.4331,1.4298,1.4327,27306.191234
2026-03-20 20:40:00,1.4325,1.4329,1.4319,1.4322,20121.498695
2026-03-20 20:45:00,1.4321,1.4337,1.4316,1.4333,24328.710895
2026-03-20 20:50:00,1.4339,1.4363,1.4339,1.4355,18771.963898
2026-03-20 20:55:00,1.4353,1.4366,1.4352,1.4366,16844.738479
2026-03-20 21:00:00,1.4366,1.4369,1.4353,1.4368,8037.999609
2026-03-20 21:05:00,1.4368,1.4368,1.4351,1.4351,40938.522941
2026-03-20 21:10:00,1.4351,1.4368,1.4338,1.4367,20225.156292
2026-03-20 21:15:00,1.4366,1.447,1.4363,1.4456,150997.657516
2026-03-20 21:20:00,1.4457,1.4468,1.4441,1.445,50204.026578
2026-03-20 21:25:00,1.445,1.4463,1.4441,1.4445,30267.550366
2026-03-20 21:30:00,1.445,1.4469,1.4437,1.4462,28581.101995
2026-03-20 21:35:00,1.4462,1.449,1.4448,1.4453,46385.536765
2026-03-20 21:40:00,1.4452,1.4454,1.4416,1.4428,59925.531303
2026-03-20 21:45:00,1.4428,1.4437,1.4421,1.4427,13141.044458
2026-03-20 21:50:00,1.4426,1.443,1.442,1.4427,4174.622587
2026-03-20 21:55:00,1.4427,1.4433,1.4425,1.4433,5650.400061
2026-03-20 22:00:00,1.4433,1.4512,1.4433,1.4504,76726.990646
2026-03-20 22:05:00,1.4503,1.451,1.4491,1.4492,44546.356942
2026-03-20 22:10:00,1.4491,1.4522,1.4482,1.4494,118616.261339
2026-03-20 22:15:00,1.4495,1.45,1.4479,1.4497,29917.392725
2026-03-20 22:20:00,1.4493,1.4502,1.4479,1.4485,27116.397921
2026-03-20 22:25:00,1.4483,1.4488,1.4475,1.4475,4590.816478
2026-03-20 22:30:00,1.4475,1.4482,1.4469,1.4471,14669.949445
2026-03-20 22:35:00,1.4471,1.4486,1.4468,1.4483,13571.819846
2026-03-20 22:40:00,1.4478,1.4479,1.4464,1.4474,25568.440226
2026-03-20 22:45:00,1.4473,1.4484,1.4465,1.4483,19397.957762
2026-03-20 22:50:00,1.4483,1.4495,1.448,1.4481,25510.98127
2026-03-20 22:55:00,1.4484,1.4489,1.4477,1.4477,13531.747401
2026-03-20 23:00:00,1.4479,1.448,1.4448,1.4452,29631.741595
2026-03-20 23:05:00,1.4452,1.4452,1.4424,1.4427,11074.606816
2026-03-20 23:10:00,1.4429,1.4432,1.4415,1.4419,27409.710677
2026-03-20 23:15:00,1.4415,1.4427,1.44,1.4424,22416.306212
2026-03-20 23:20:00,1.4423,1.4433,1.4421,1.4431,1275.173099
2026-03-20 23:25:00,1.4431,1.4437,1.4427,1.4433,15684.37558
2026-03-20 23:30:00,1.4433,1.4439,1.4423,1.4433,7918.466285
2026-03-20 23:35:00,1.4434,1.4451,1.4434,1.4443,14734.365851
2026-03-20 23:40:00,1.4444,1.4456,1.4444,1.4449,12095.965802
2026-03-20 23:45:00,1.4452,1.4457,1.4441,1.4452,11442.526277
2026-03-20 23:50:00,1.4452,1.4465,1.4451,1.4452,7367.421559
2026-03-20 23:55:00,1.4452,1.4455,1.4447,1.4452,5738.800005
2026-03-21 00:00:00,1.4452,1.4454,1.4443,1.4446,39041.195806
2026-03-21 00:05:00,1.4447,1.4455,1.4444,1.4449,13795.897525
2026-03-21 00:10:00,1.4451,1.4462,1.4448,1.4462,16211.525177
2026-03-21 00:15:00,1.4462,1.4486,1.4456,1.4474,53253.547161
2026-03-21 00:20:00,1.4475,1.4493,1.446,1.447,30803.86418
2026-03-21 00:25:00,1.4469,1.4478,1.4466,1.4466,16463.110657
2026-03-21 00:30:00,1.4466,1.4466,1.445,1.4452,12169.99871
2026-03-21 00:35:00,1.4452,1.4456,1.4442,1.4445,5049.650468
2026-03-21 00:40:00,1.4442,1.4442,1.443,1.4434,15306.471028
2026-03-21 00:45:00,1.4435,1.4447,1.4432,1.4447,6676.765088
2026-03-21 00:50:00,1.4448,1.4462,1.4448,1.446,17582.791633
2026-03-21 00:55:00,1.446,1.4482,1.446,1.4477,11399.017307
2026-03-21 01:00:00,1.4476,1.4478,1.4466,1.4468,5517.686236
2026-03-21 01:05:00,1.4468,1.4484,1.4467,1.4478,21168.67601
2026-03-21 01:10:00,1.4482,1.4499,1.4473,1.4473,17548.242835
2026-03-21 01:15:00,1.4473,1.4473,1.4458,1.4461,44344.425532
2026-03-21 01:20:00,1.4462,1.4467,1.4454,1.4454,28968.83976
2026-03-21 01:25:00,1.4455,1.4464,1.4454,1.4458,13035.157641
2026-03-21 01:30:00,1.4458,1.4459,1.4439,1.4448,38524.999053
2026-03-21 01:35:00,1.4449,1.4459,1.4443,1.4446,19702.141195
2026-03-21 01:40:00,1.4447,1.4452,1.4431,1.4431,14972.627334
2026-03-21 01:45:00,1.4431,1.4439,1.4427,1.4429,19655.098706
2026-03-21 01:50:00,1.4429,1.4436,1.4425,1.4425,25810.476739
2026-03-21 01:55:00,1.4427,1.444,1.4427,1.4435,22834.300252
2026-03-21 02:00:00,1.4437,1.4438,1.4426,1.4433,18629.129912
2026-03-21 02:05:00,1.4431,1.4442,1.4428,1.4437,18019.540837
2026-03-21 02:10:00,1.4437,1.4437,1.4428,1.4431,24245.451386
2026-03-21 02:15:00,1.4431,1.4443,1.4431,1.4438,27758.253132
2026-03-21 02:20:00,1.444,1.4442,1.4438,1.4442,9478.870657
2026-03-21 02:25:00,1.4442,1.4464,1.4441,1.4458,11419.874083
2026-03-21 02:30:00,1.4457,1.4457,1.4447,1.4448,4375.514612
2026-03-21 02:35:00,1.4449,1.4459,1.4445,1.4458,7120.439643
2026-03-21 02:40:00,1.4459,1.4474,1.4459,1.4468,9853.057317
2026-03-21 02:45:00,1.4469,1.4483,1.4463,1.4477,110508.20425
2026-03-21 02:50:00,1.4478,1.4485,1.4473,1.4473,16386.103915
2026-03-21 02:55:00,1.4472,1.4472,1.4464,1.4468,23029.179812
2026-03-21 03:00:00,1.4468,1.4469,1.4449,1.445,17961.079997
2026-03-21 03:05:00,1.445,1.4473,1.4447,1.4469,68223.82617
2026-03-21 03:10:00,1.4467,1.4476,1.4458,1.4461,24456.877279
2026-03-21 03:15:00,1.4463,1.4463,1.4451,1.4451,14014.788302
2026-03-21 03:20:00,1.4453,1.4463,1.4447,1.4462,100397.375872
2026-03-21 03:25:00,1.4462,1.4466,1.4455,1.4455,54223.687621
2026-03-21 03:30:00,1.4455,1.4466,1.4452,1.4465,69091.190593
2026-03-21 03:35:00,1.4465,1.4467,1.4456,1.4462,10336.21653
2026-03-21 03:40:00,1.4461,1.447,1.4461,1.4467,6498.152023
2026-03-21 03:45:00,1.4467,1.4468,1.4462,1.4465,8748.685357
2026-03-21 03:50:00,1.4464,1.4476,1.4462,1.4463,34387.89268
2026-03-21 03:55:00,1.4463,1.4463,1.4458,1.4458,18019.132879
2026-03-21 04:00:00,1.4458,1.447,1.4458,1.4469,26890.406959
2026-03-21 04:05:00,1.4471,1.448,1.4463,1.4468,13701.264376
2026-03-21 04:10:00,1.4466,1.447,1.4464,1.4466,9361.695251
2026-03-21 04:15:00,1.4466,1.4473,1.4463,1.4466,9165.713978
2026-03-21 04:20:00,1.4465,1.4473,1.4461,1.4468,11039.064372
2026-03-21 04:25:00,1.4468,1.4479,1.4468,1.4473,6274.081086
2026-03-21 04:30:00,1.4471,1.4471,1.445,1.445,8436.816464
2026-03-21 04:35:00,1.445,1.4455,1.4444,1.4446,59324.418872
2026-03-21 04:40:00,1.4448,1.4453,1.4443,1.4447,22332.368977
2026-03-21 04:45:00,1.4447,1.4458,1.4443,1.445,99223.773937
2026-03-21 04:50:00,1.445,1.4451,1.4445,1.4448,4296.411636
2026-03-21 04:55:00,1.4448,1.445,1.4444,1.4444,9858.511656
2026-03-21 05:00:00,1.4445,1.4469,1.4445,1.4464,34742.857011
2026-03-21 05:05:00,1.4462,1.4465,1.4459,1.4462,2518.175438
2026-03-21 05:10:00,1.4462,1.4463,1.4457,1.446,10275.765076
2026-03-21 05:15:00,1.4462,1.4474,1.4462,1.447,18318.17133
2026-03-21 05:20:00,1.447,1.4476,1.4465,1.4471,27146.484031
2026-03-21 05:25:00,1.4471,1.4473,1.4467,1.4471,11517.79363
2026-03-21 05:30:00,1.4472,1.4485,1.4471,1.448,67509.726421
2026-03-21 05:35:00,1.4483,1.4491,1.4476,1.4482,35020.28885
2026-03-21 05:40:00,1.4484,1.4492,1.4484,1.4489,27154.995581
2026-03-21 05:45:00,1.4488,1.4497,1.4485,1.4496,19451.885774
2026-03-21 05:50:00,1.4495,1.4505,1.4492,1.4505,18632.153985
2026-03-21 05:55:00,1.4505,1.4512,1.4502,1.4512,58401.080449
2026-03-21 06:00:00,1.4511,1.4538,1.4479,1.4496,642885.378068
2026-03-21 06:05:00,1.4496,1.4502,1.4484,1.4487,40547.913402
2026-03-21 06:10:00,1.449,1.4501,1.4489,1.4496,38816.890358
2026-03-21 06:15:00,1.4496,1.4508,1.4496,1.4501,5094.335059
2026-03-21 06:20:00,1.4501,1.4501,1.449,1.4496,12522.831259
2026-03-21 06:25:00,1.4496,1.4506,1.4494,1.4502,65021.90433
2026-03-21 06:30:00,1.4504,1.4505,1.4496,1.4499,35761.604491
2026-03-21 06:35:00,1.4501,1.4506,1.4494,1.4495,51680.733129
2026-03-21 06:40:00,1.4494,1.4504,1.4489,1.4494,39320.750431
2026-03-21 06:45:00,1.4491,1.4496,1.4482,1.4496,22150.296793
2026-03-21 06:50:00,1.4497,1.4498,1.4485,1.4488,11470.167124
2026-03-21 06:55:00,1.4488,1.4488,1.4482,1.4488,14398.474035
2026-03-21 07:00:00,1.4487,1.4494,1.4482,1.4485,26517.289926
2026-03-21 07:05:00,1.4485,1.4496,1.4477,1.4482,37290.50636
2026-03-21 07:10:00,1.4483,1.4483,1.4475,1.4478,22837.774756
2026-03-21 07:15:00,1.4478,1.4495,1.4476,1.449,17877.172811
2026-03-21 07:20:00,1.4495,1.4499,1.4483,1.4487,16022.395354
2026-03-21 07:25:00,1.4487,1.4497,1.4487,1.4496,9876.084328
2026-03-21 07:30:00,1.4495,1.4497,1.4485,1.4488,7185.00588
2026-03-21 07:35:00,1.4487,1.4488,1.4476,1.4477,23137.678915
2026-03-21 07:40:00,1.4477,1.4478,1.4463,1.4463,21398.988199
2026-03-21 07:45:00,1.4463,1.4464,1.4446,1.4452,28430.274555
2026-03-21 07:50:00,1.445,1.4451,1.4444,1.4449,37928.216311
2026-03-21 07:55:00,1.4449,1.4449,1.4439,1.4441,14284.367699
2026-03-21 08:00:00,1.4442,1.4456,1.4439,1.4448,10052.650873
2026-03-21 08:05:00,1.4448,1.4455,1.4441,1.4442,8024.981285
2026-03-21 08:10:00,1.4443,1.4449,1.444,1.4442,14210.784947
2026-03-21 08:15:00,1.4442,1.4444,1.4414,1.4414,14342.132962
2026-03-21 08:20:00,1.4414,1.4423,1.4411,1.4417,21393.967201
2026-03-21 08:25:00,1.4419,1.4421,1.4411,1.4411,3491.87268
2026-03-21 08:30:00,1.441,1.4418,1.4404,1.441,93615.797487
2026-03-21 08:35:00,1.4412,1.4413,1.4403,1.4412,96361.183139
2026-03-21 08:40:00,1.4413,1.4427,1.4409,1.4427,17845.39254
2026-03-21 08:45:00,1.4426,1.443,1.4411,1.442,8747.414551
2026-03-21 08:50:00,1.442,1.4422,1.4415,1.4416,9019.799197
2026-03-21 08:55:00,1.4416,1.4421,1.4405,1.4413,15275.392703
2026-03-21 09:00:00,1.4413,1.4431,1.4409,1.4428,18827.839007
2026-03-21 09:05:00,1.4427,1.443,1.442,1.442,28464.468438
2026-03-21 09:10:00,1.442,1.4421,1.441,1.4417,9125.47471
2026-03-21 09:15:00,1.4416,1.4416,1.4388,1.4391,104613.933435
2026-03-21 09:20:00,1.4392,1.4396,1.4387,1.4392,9765.825091
2026-03-21 09:25:00,1.4391,1.44,1.4388,1.4391,51268.09539
2026-03-21 09:30:00,1.4392,1.4393,1.4389,1.4393,9403.887964
2026-03-21 09:35:00,1.4393,1.4397,1.4384,1.4389,18144.606585
2026-03-21 09:40:00,1.4391,1.4392,1.4385,1.4388,25598.297791
2026-03-21 09:45:00,1.439,1.4393,1.4384,1.4386,6379.882293
2026-03-21 09:50:00,1.4385,1.4409,1.4369,1.4401,98460.215312
2026-03-21 09:55:00,1.44,1.4406,1.4397,1.4401,16753.322047
2026-03-21 10:00:00,1.4402,1.4403,1.4393,1.4396,27314.100609
2026-03-21 10:05:00,1.4396,1.4396,1.438,1.4388,23127.114686
2026-03-21 10:10:00,1.4388,1.4397,1.438,1.439,10271.14334
2026-03-21 10:15:00,1.4388,1.4388,1.438,1.4385,9537.18494
2026-03-21 10:20:00,1.4383,1.4387,1.4381,1.4387,7114.589388
2026-03-21 10:25:00,1.4387,1.4387,1.4381,1.4386,8729.493495
2026-03-21 10:30:00,1.4385,1.44,1.4385,1.44,35730.25161
2026-03-21 10:35:00,1.4401,1.441,1.4401,1.441,50245.565558
2026-03-21 10:40:00,1.441,1.441,1.4404,1.4408,5073.387735
2026-03-21 10:45:00,1.4403,1.4403,1.4393,1.4394,5373.111465
2026-03-21 10:50:00,1.4394,1.44,1.4394,1.4398,12228.811419
2026-03-21 10:55:00,1.4396,1.4406,1.4396,1.4403,13448.199783
2026-03-21 11:00:00,1.4401,1.4403,1.4395,1.4403,7793.581357
2026-03-21 11:05:00,1.4403,1.4408,1.44,1.4408,9366.419497
2026-03-21 11:10:00,1.4403,1.4408,1.4403,1.4404,13357.467168
2026-03-21 11:15:00,1.4404,1.4404,1.4399,1.4404,17108.757394
2026-03-21 11:20:00,1.4403,1.4404,1.4399,1.4402,6590.564704
2026-03-21 11:25:00,1.4402,1.4407,1.44,1.4403,19046.07564
2026-03-21 11:30:00,1.4403,1.4406,1.4392,1.4405,18632.532337
2026-03-21 11:35:00,1.4405,1.4424,1.4403,1.4421,19177.551229
2026-03-21 11:40:00,1.4422,1.4424,1.4413,1.4422,15581.805621
2026-03-21 11:45:00,1.4423,1.4428,1.4422,1.4427,12403.950426
2026-03-21 11:50:00,1.4429,1.443,1.4425,1.4427,3297.678324
2026-03-21 11:55:00,1.4427,1.4429,1.4425,1.4425,5134.448503
2026-03-21 12:00:00,1.4425,1.4432,1.4419,1.4431,13340.062569
2026-03-21 12:05:00,1.4431,1.4432,1.4405,1.4415,7281.814687
2026-03-21 12:10:00,1.442,1.4425,1.442,1.4421,3285.596046
2026-03-21 12:15:00,1.4422,1.4422,1.4412,1.4417,9619.036106
2026-03-21 12:20:00,1.4417,1.4435,1.4417,1.4431,40587.509017
2026-03-21 12:25:00,1.4432,1.4468,1.4432,1.4453,52591.872086
2026-03-21 12:30:00,1.4451,1.4451,1.4441,1.4449,20270.523103
2026-03-21 12:35:00,1.4449,1.4464,1.4448,1.4458,41081.244464
2026-03-21 12:40:00,1.4458,1.4458,1.4451,1.4454,26315.520706
2026-03-21 12:45:00,1.4455,1.4458,1.4452,1.4455,12528.798336
2026-03-21 12:50:00,1.4451,1.4455,1.4445,1.4446,23365.162072
2026-03-21 12:55:00,1.4448,1.4454,1.4448,1.445,14723.472973
2026-03-21 13:00:00,1.4449,1.4454,1.4435,1.4435,18323.746733
2026-03-21 13:05:00,1.4436,1.4443,1.4435,1.4443,29041.366275
2026-03-21 13:10:00,1.4444,1.4448,1.4441,1.4442,8694.85079
2026-03-21 13:15:00,1.4442,1.4462,1.4442,1.4458,13848.569769
2026-03-21 13:20:00,1.4457,1.4457,1.4427,1.4431,24293.911626
2026-03-21 13:25:00,1.4432,1.4433,1.4391,1.4392,239582.30234
2026-03-21 13:30:00,1.4395,1.4414,1.4386,1.441,102599.518269
2026-03-21 13:35:00,1.4409,1.4409,1.4374,1.4375,80459.274699
2026-03-21 13:40:00,1.4374,1.4375,1.4362,1.4365,76324.527146
2026-03-21 13:45:00,1.4364,1.4407,1.4354,1.4395,264846.444061
2026-03-21 13:50:00,1.4393,1.4404,1.439,1.4392,41797.5216
2026-03-21 13:55:00,1.4393,1.4398,1.4388,1.4397,9885.67154
2026-03-21 14:00:00,1.4398,1.4399,1.439,1.4394,39859.571782
2026-03-21 14:05:00,1.4394,1.44,1.4388,1.4394,10210.77562
2026-03-21 14:10:00,1.4394,1.4449,1.4394,1.444,86882.748283
2026-03-21 14:15:00,1.444,1.4447,1.442,1.4438,48791.083051
2026-03-21 14:20:00,1.4436,1.4436,1.4419,1.4419,9315.221228
2026-03-21 14:25:00,1.4418,1.4419,1.4411,1.4412,26606.235015
2026-03-21 14:30:00,1.4414,1.4429,1.441,1.4427,20068.885213
2026-03-21 14:35:00,1.4427,1.4429,1.4403,1.4406,36810.378278
2026-03-21 14:40:00,1.4406,1.4414,1.4406,1.4409,26884.974219
2026-03-21 14:45:00,1.4411,1.4412,1.4381,1.4383,28167.698203
2026-03-21 14:50:00,1.4384,1.4384,1.4361,1.4369,44085.112414
2026-03-21 14:55:00,1.437,1.437,1.4352,1.4367,58270.822305
2026-03-21 15:00:00,1.4365,1.4375,1.4358,1.4374,47833.504713
2026-03-21 15:05:00,1.4374,1.4378,1.4366,1.4377,19204.025774
2026-03-21 15:10:00,1.4378,1.4378,1.4366,1.4373,22950.42521
2026-03-21 15:15:00,1.4373,1.4375,1.4341,1.4351,54208.290259
2026-03-21 15:20:00,1.4353,1.4379,1.4353,1.4379,44009.094061
2026-03-21 15:25:00,1.4379,1.4389,1.4371,1.438,71622.54513
2026-03-21 15:30:00,1.438,1.44,1.438,1.44,15754.52413
2026-03-21 15:35:00,1.4399,1.4399,1.4382,1.4382,28724.412111
2026-03-21 15:40:00,1.438,1.4382,1.4371,1.4375,20675.923275
2026-03-21 15:45:00,1.4374,1.4382,1.4374,1.4382,6407.072664
2026-03-21 15:50:00,1.4383,1.4387,1.4379,1.4382,38086.322039
2026-03-21 15:55:00,1.4381,1.4382,1.4376,1.438,23068.548122
2026-03-21 16:00:00,1.438,1.4385,1.4371,1.4378,37915.862983
2026-03-21 16:05:00,1.4378,1.4381,1.4371,1.4371,15717.112753
2026-03-21 16:10:00,1.437,1.4376,1.4366,1.4372,16539.875634
2026-03-21 16:15:00,1.4373,1.4384,1.4361,1.4362,21124.135843
2026-03-21 16:20:00,1.4363,1.4368,1.4362,1.4363,13827.140395
2026-03-21 16:25:00,1.4365,1.4371,1.4348,1.4359,30173.901129
2026-03-21 16:30:00,1.4358,1.4367,1.4357,1.4359,7083.874605
2026-03-21 16:35:00,1.4359,1.4364,1.4351,1.4351,85645.311272
2026-03-21 16:40:00,1.4352,1.4362,1.4343,1.4362,17567.999372
2026-03-21 16:45:00,1.4362,1.4367,1.4358,1.4363,14991.261697
2026-03-21 16:50:00,1.4363,1.4367,1.4363,1.4367,11560.585615
2026-03-21 16:55:00,1.4367,1.437,1.4356,1.4368,25652.363674
2026-03-21 17:00:00,1.4371,1.4376,1.4369,1.4376,11984.912084
2026-03-21 17:05:00,1.4376,1.4376,1.4345,1.4351,20391.505961
2026-03-21 17:10:00,1.435,1.435,1.4342,1.4344,28557.909239
2026-03-21 17:15:00,1.4342,1.4352,1.4342,1.4349,11772.895354
2026-03-21 17:20:00,1.4346,1.436,1.4345,1.4355,14358.607244
2026-03-21 17:25:00,1.4352,1.438,1.4352,1.438,32859.431486
2026-03-21 17:30:00,1.438,1.4395,1.438,1.4395,86327.205099
2026-03-21 17:35:00,1.4395,1.4408,1.4395,1.4408,88622.93014
2026-03-21 17:40:00,1.4408,1.4415,1.44,1.44,35492.34728
2026-03-21 17:45:00,1.44,1.4404,1.4394,1.4403,16309.759803
2026-03-21 17:50:00,1.4401,1.4405,1.4398,1.4398,27478.435098
2026-03-21 17:55:00,1.44,1.4405,1.4399,1.4399,22704.783695
2026-03-21 18:00:00,1.4398,1.4404,1.4381,1.4382,34737.856808
2026-03-21 18:05:00,1.4382,1.4386,1.4381,1.4386,4954.831964
2026-03-21 18:10:00,1.4387,1.4388,1.438,1.4388,7555.283363
2026-03-21 18:15:00,1.4387,1.4399,1.4387,1.4392,10653.251556
2026-03-21 18:20:00,1.4395,1.4408,1.4394,1.4405,16403.298171
2026-03-21 18:25:00,1.4404,1.4404,1.4394,1.4394,13230.919793
2026-03-21 18:30:00,1.4395,1.4407,1.4395,1.4402,16321.098717
2026-03-21 18:35:00,1.4402,1.4413,1.4402,1.4412,6925.123907
2026-03-21 18:40:00,1.4411,1.4415,1.4409,1.4413,16700.781569
2026-03-21 18:45:00,1.4415,1.4415,1.4404,1.4405,1885.383902
2026-03-21 18:50:00,1.4403,1.4405,1.4369,1.4372,25749.097555
2026-03-21 18:55:00,1.4372,1.4377,1.437,1.4376,13475.436534
2026-03-21 19:00:00,1.4376,1.4378,1.4365,1.4369,6870.713763
2026-03-21 19:05:00,1.4372,1.4377,1.4366,1.4371,9098.044718
2026-03-21 19:10:00,1.4371,1.4374,1.4369,1.4374,5059.420617
2026-03-21 19:15:00,1.4371,1.4371,1.4367,1.4369,1728.37726
2026-03-21 19:20:00,1.437,1.4373,1.4369,1.4373,4625.267791
2026-03-21 19:25:00,1.4374,1.438,1.4371,1.4377,10138.315579
2026-03-21 19:30:00,1.4374,1.4377,1.4366,1.4366,7778.152163
2026-03-21 19:35:00,1.4367,1.4372,1.4358,1.4358,19750.518468
2026-03-21 19:40:00,1.4358,1.4368,1.4358,1.4368,9365.356799
2026-03-21 19:45:00,1.4368,1.4377,1.4367,1.4368,5988.567515
2026-03-21 19:50:00,1.4369,1.4373,1.4368,1.4373,9825.297691
2026-03-21 19:55:00,1.4375,1.4382,1.4371,1.4372,18885.526578
2026-03-21 20:00:00,1.4372,1.4379,1.437,1.4374,6742.940865
2026-03-21 20:05:00,1.4373,1.4384,1.4371,1.4384,12969.992835
2026-03-21 20:10:00,1.4384,1.44,1.4383,1.4389,9021.788972
2026-03-21 20:15:00,1.4391,1.4397,1.4385,1.4391,51665.289728
2026-03-21 20:20:00,1.4391,1.4407,1.4391,1.4404,12565.52084
2026-03-21 20:25:00,1.4403,1.4412,1.4403,1.4412,6576.928982
2026-03-21 20:30:00,1.4414,1.4426,1.4414,1.4419,19246.613978
2026-03-21 20:35:00,1.4419,1.4429,1.4417,1.4428,30667.066838
2026-03-21 20:40:00,1.4428,1.4429,1.4418,1.442,22645.282524
2026-03-21 20:45:00,1.4418,1.4424,1.4418,1.4419,7365.484989
2026-03-21 20:50:00,1.4418,1.4418,1.4413,1.4417,6657.497562
2026-03-21 20:55:00,1.4416,1.4418,1.4414,1.4416,7361.920108
2026-03-21 21:00:00,1.4416,1.4418,1.4405,1.4412,16698.270657
2026-03-21 21:05:00,1.4411,1.4421,1.4409,1.4417,7718.224246
2026-03-21 21:10:00,1.4417,1.4418,1.439,1.4398,37058.044286
2026-03-21 21:15:00,1.4399,1.4407,1.4395,1.4396,16125.008831
2026-03-21 21:20:00,1.4396,1.4399,1.4392,1.4398,3896.664262
2026-03-21 21:25:00,1.4398,1.4401,1.4393,1.4397,31350.923435
2026-03-21 21:30:00,1.4396,1.4403,1.4391,1.4402,17914.185686
2026-03-21 21:35:00,1.4402,1.4407,1.4394,1.4402,17325.235684
2026-03-21 21:40:00,1.4403,1.4407,1.4396,1.4401,14791.94157
2026-03-21 21:45:00,1.44,1.4401,1.4395,1.4401,11729.678329
2026-03-21 21:50:00,1.44,1.4403,1.4386,1.4399,2885.578778
2026-03-21 21:55:00,1.4399,1.4403,1.4394,1.4398,14589.015776
2026-03-21 22:00:00,1.4399,1.4401,1.4378,1.4383,12778.30291
2026-03-21 22:05:00,1.4385,1.4395,1.4377,1.4377,17775.566586
2026-03-21 22:10:00,1.438,1.4409,1.438,1.4409,362894.402675
2026-03-21 22:15:00,1.4409,1.4409,1.4393,1.4396,403622.189043
2026-03-21 22:20:00,1.4395,1.4399,1.4394,1.4394,10673.657134
2026-03-21 22:25:00,1.4394,1.4402,1.4394,1.4402,8435.683945
2026-03-21 22:30:00,1.4401,1.4416,1.4397,1.4412,17691.951434
2026-03-21 22:35:00,1.4412,1.4416,1.4401,1.4402,18802.915329
2026-03-21 22:40:00,1.4405,1.4407,1.44,1.4401,12807.185491
2026-03-21 22:45:00,1.4402,1.4405,1.4396,1.4404,12552.533181
2026-03-21 22:50:00,1.4402,1.4402,1.439,1.4394,25927.803294
2026-03-21 22:55:00,1.4394,1.4398,1.4393,1.4393,22082.85717
2026-03-21 23:00:00,1.4392,1.4396,1.438,1.4385,39736.269397
2026-03-21 23:05:00,1.4385,1.4391,1.4381,1.4381,12391.21857
2026-03-21 23:10:00,1.4381,1.4383,1.4369,1.4372,10929.882175
2026-03-21 23:15:00,1.4372,1.4378,1.4366,1.4375,5630.439905
2026-03-21 23:20:00,1.4374,1.4378,1.4369,1.4369,14811.494516
2026-03-21 23:25:00,1.4368,1.4372,1.436,1.4361,20237.705146
2026-03-21 23:30:00,1.4361,1.4371,1.4359,1.4369,31568.840412
2026-03-21 23:35:00,1.4366,1.4367,1.4365,1.4367,12954.375877
2026-03-21 23:40:00,1.4366,1.4378,1.4366,1.4372,15323.423076
2026-03-21 23:45:00,1.4371,1.4371,1.4279,1.4279,354149.329531
2026-03-21 23:50:00,1.428,1.4288,1.4071,1.4131,1395587.44598
2026-03-21 23:55:00,1.4126,1.4147,1.4004,1.4087,1068053.023182
2026-03-22 00:00:00,1.4085,1.4087,1.394,1.4003,1338153.683053
2026-03-22 00:05:00,1.4002,1.4102,1.3981,1.4089,333207.863005
2026-03-22 00:10:00,1.4088,1.411,1.4019,1.4043,179325.732717
2026-03-22 00:15:00,1.4043,1.4129,1.4036,1.4106,170122.872617
2026-03-22 00:20:00,1.4105,1.4121,1.4061,1.4106,89765.625217
2026-03-22 00:25:00,1.4105,1.4131,1.4084,1.4131,92388.677608
2026-03-22 00:30:00,1.4132,1.417,1.4132,1.4158,107999.505393
2026-03-22 00:35:00,1.4157,1.4178,1.4133,1.4134,147671.714313
2026-03-22 00:40:00,1.4134,1.4169,1.4128,1.4147,54386.417751
2026-03-22 00:45:00,1.415,1.4175,1.4136,1.4154,60384.454295
2026-03-22 00:50:00,1.4152,1.4152,1.409,1.4098,79985.172139
2026-03-22 00:55:00,1.4098,1.4115,1.4089,1.4108,38213.581596
2026-03-22 01:00:00,1.4111,1.4164,1.4111,1.4148,60398.601244
2026-03-22 01:05:00,1.4147,1.4157,1.41,1.4111,110205.336605
2026-03-22 01:10:00,1.4111,1.4125,1.4095,1.4123,143250.051833
2026-03-22 01:15:00,1.4123,1.4141,1.4106,1.4131,45370.145468
2026-03-22 01:20:00,1.4132,1.4139,1.4118,1.4118,49634.830587
2026-03-22 01:25:00,1.4118,1.412,1.4098,1.4103,25189.553095
2026-03-22 01:30:00,1.4105,1.4121,1.4098,1.4108,63996.673285
2026-03-22 01:35:00,1.411,1.4114,1.4056,1.4064,143748.676595
2026-03-22 01:40:00,1.4066,1.4091,1.4066,1.4067,43011.713157
2026-03-22 01:45:00,1.4069,1.4094,1.4069,1.409,19698.529366
2026-03-22 01:50:00,1.409,1.4105,1.4084,1.4092,21887.939813
2026-03-22 01:55:00,1.4093,1.4108,1.4092,1.4102,22430.027452
2026-03-22 02:00:00,1.4104,1.4121,1.4104,1.4113,25129.532842
2026-03-22 02:05:00,1.4112,1.4119,1.4081,1.4081,9715.573309
2026-03-22 02:10:00,1.4083,1.4113,1.4083,1.4108,16057.273605
2026-03-22 02:15:00,1.4106,1.4118,1.4101,1.4111,19957.902283
2026-03-22 02:20:00,1.4112,1.4125,1.4091,1.4125,38505.875669
2026-03-22 02:25:00,1.4125,1.4207,1.4118,1.4187,124563.556251
2026-03-22 02:30:00,1.4192,1.4192,1.4143,1.4154,50678.762097
2026-03-22 02:35:00,1.4153,1.416,1.414,1.4145,23873.003696
2026-03-22 02:40:00,1.4146,1.4149,1.4136,1.4142,20935.003364
2026-03-22 02:45:00,1.4142,1.416,1.414,1.4154,27212.237046
2026-03-22 02:50:00,1.4155,1.4175,1.4143,1.4175,10961.728906
2026-03-22 02:55:00,1.4176,1.4186,1.4166,1.4168,46709.20287
2026-03-22 03:00:00,1.4167,1.4167,1.4132,1.4137,13299.428613
2026-03-22 03:05:00,1.4138,1.4157,1.4138,1.4151,79001.568513
2026-03-22 03:10:00,1.4155,1.4172,1.4155,1.4159,6446.445946
2026-03-22 03:15:00,1.4158,1.4177,1.4156,1.4177,9081.985817
2026-03-22 03:20:00,1.4177,1.4184,1.4168,1.4177,23559.676104
2026-03-22 03:25:00,1.4174,1.4239,1.4166,1.4221,108232.353945
2026-03-22 03:30:00,1.4224,1.4234,1.4204,1.4217,27619.910952
2026-03-22 03:35:00,1.4216,1.4263,1.4213,1.4218,108658.534101
2026-03-22 03:40:00,1.4218,1.4218,1.4197,1.4209,39024.098683
2026-03-22 03:45:00,1.4209,1.4209,1.4189,1.4192,12683.656473
2026-03-22 03:50:00,1.4192,1.4192,1.4173,1.4179,19858.952219
2026-03-22 03:55:00,1.4176,1.4184,1.417,1.417,67810.821435
2026-03-22 04:00:00,1.417,1.4197,1.4163,1.4197,39699.721325
2026-03-22 04:05:00,1.4197,1.421,1.4182,1.4186,42276.064731
2026-03-22 04:10:00,1.4186,1.4186,1.4166,1.4176,13264.080512
2026-03-22 04:15:00,1.4179,1.4199,1.4167,1.4167,46370.459773
2026-03-22 04:20:00,1.4166,1.4166,1.413,1.414,58898.828356
2026-03-22 04:25:00,1.414,1.414,1.4108,1.4113,44895.930921
2026-03-22 04:30:00,1.4112,1.4173,1.4105,1.4161,374033.944768
2026-03-22 04:35:00,1.4161,1.4179,1.4161,1.4172,38580.870952
2026-03-22 04:40:00,1.4171,1.4171,1.416,1.4164,2042.304621
2026-03-22 04:45:00,1.4164,1.4181,1.4164,1.4174,56087.787732
2026-03-22 04:50:00,1.4174,1.4186,1.4171,1.4172,35668.338855
2026-03-22 04:55:00,1.4172,1.4177,1.4166,1.4176,14446.273565
2026-03-22 05:00:00,1.4175,1.4175,1.4153,1.4164,61416.106739
2026-03-22 05:05:00,1.417,1.4175,1.4158,1.4164,8386.072881
2026-03-22 05:10:00,1.416,1.4169,1.4157,1.4161,14758.555224
2026-03-22 05:15:00,1.4159,1.4165,1.4146,1.4157,18047.244529
2026-03-22 05:20:00,1.416,1.416,1.4136,1.4136,46954.067057
2026-03-22 05:25:00,1.4134,1.4136,1.4122,1.4124,21135.866328
2026-03-22 05:30:00,1.4124,1.4139,1.4124,1.4129,47579.350544
2026-03-22 05:35:00,1.4128,1.4134,1.4126,1.4129,11641.005255
2026-03-22 05:40:00,1.4129,1.4133,1.412,1.412,10895.762835
2026-03-22 05:45:00,1.412,1.414,1.412,1.4126,5791.388671
2026-03-22 05:50:00,1.4125,1.4131,1.4122,1.4122,12040.776617
2026-03-22 05:55:00,1.4123,1.4129,1.4119,1.4119,23010.348062
2026-03-22 06:00:00,1.4119,1.412,1.4101,1.4119,25946.657859
2026-03-22 06:05:00,1.4117,1.4118,1.4108,1.4118,15896.574859
2026-03-22 06:10:00,1.4114,1.4116,1.4106,1.4106,3828.396149
2026-03-22 06:15:00,1.4105,1.4111,1.41,1.411,87945.837828
2026-03-22 06:20:00,1.4113,1.4123,1.4108,1.4116,27049.539386
2026-03-22 06:25:00,1.4118,1.4122,1.4106,1.4122,10082.208925
2026-03-22 06:30:00,1.4123,1.4129,1.4105,1.4114,22194.883907
2026-03-22 06:35:00,1.4113,1.4118,1.411,1.4115,20275.036564
2026-03-22 06:40:00,1.4115,1.412,1.4111,1.4112,36530.312171
2026-03-22 06:45:00,1.4111,1.4114,1.41,1.411,13374.517584
2026-03-22 06:50:00,1.411,1.4118,1.4106,1.4113,11565.151572
2026-03-22 06:55:00,1.4112,1.412,1.4108,1.4109,48287.84661
2026-03-22 07:00:00,1.4107,1.4119,1.4102,1.4118,18544.14843
2026-03-22 07:05:00,1.4118,1.4131,1.4111,1.4113,33539.810332
2026-03-22 07:10:00,1.411,1.4124,1.4106,1.4118,19606.55112
2026-03-22 07:15:00,1.4116,1.4126,1.4116,1.4121,27368.98936
2026-03-22 07:20:00,1.412,1.4128,1.4117,1.4126,6397.52296
2026-03-22 07:25:00,1.4123,1.4129,1.4117,1.4117,9843.524251
2026-03-22 07:30:00,1.4117,1.412,1.409,1.4094,36344.683326
2026-03-22 07:35:00,1.4094,1.41,1.4078,1.4078,30413.326175
2026-03-22 07:40:00,1.4079,1.4086,1.4067,1.4073,35432.722645
2026-03-22 07:45:00,1.4072,1.4083,1.406,1.4082,33831.084352
2026-03-22 07:50:00,1.4085,1.4086,1.4065,1.4065,4710.647981
2026-03-22 07:55:00,1.4067,1.4072,1.4031,1.4034,55986.20214
2026-03-22 08:00:00,1.4035,1.404,1.3994,1.4012,109303.167406
2026-03-22 08:05:00,1.4012,1.4022,1.3984,1.3984,72057.116279
2026-03-22 08:10:00,1.3985,1.4013,1.3985,1.401,49561.53919
2026-03-22 08:15:00,1.4013,1.4013,1.3964,1.3968,53392.993026
2026-03-22 08:20:00,1.3967,1.3985,1.395,1.3984,98007.987882
2026-03-22 08:25:00,1.3986,1.4002,1.393,1.3954,193703.809214
2026-03-22 08:30:00,1.3953,1.3983,1.3951,1.3964,77621.716088
2026-03-22 08:35:00,1.3964,1.3973,1.3954,1.397,84436.080664
2026-03-22 08:40:00,1.397,1.3996,1.3967,1.3986,67038.24821
2026-03-22 08:45:00,1.3987,1.3999,1.3984,1.3996,38507.762914
2026-03-22 08:50:00,1.3996,1.3997,1.3974,1.3989,44209.911303
2026-03-22 08:55:00,1.3989,1.4001,1.3984,1.3994,59046.073113
2026-03-22 09:00:00,1.3994,1.4008,1.399,1.4005,28071.354163
2026-03-22 09:05:00,1.4005,1.4029,1.4004,1.4024,19741.702712
2026-03-22 09:10:00,1.4023,1.4033,1.4011,1.4031,27505.660335
2026-03-22 09:15:00,1.4031,1.4037,1.398,1.3987,80411.636836
2026-03-22 09:20:00,1.3986,1.4002,1.3966,1.3974,52643.106803
2026-03-22 09:25:00,1.3974,1.3985,1.3957,1.3964,75148.160199
2026-03-22 09:30:00,1.3963,1.3969,1.3955,1.3963,46363.38324
2026-03-22 09:35:00,1.3963,1.3986,1.3962,1.3978,64673.531478
2026-03-22 09:40:00,1.3978,1.3984,1.3965,1.3968,44497.680764
2026-03-22 09:45:00,1.3968,1.3974,1.3962,1.3967,50873.479487
2026-03-22 09:50:00,1.3966,1.3968,1.3955,1.3968,49700.689388
2026-03-22 09:55:00,1.3968,1.3972,1.3962,1.3962,19598.991574
2026-03-22 10:00:00,1.3962,1.397,1.3956,1.3967,33637.139457
2026-03-22 10:05:00,1.3967,1.3971,1.3935,1.3944,138231.078639
2026-03-22 10:10:00,1.3941,1.3945,1.3933,1.3933,41507.10435
2026-03-22 10:15:00,1.3933,1.3951,1.3912,1.393,71670.161428
2026-03-22 10:20:00,1.393,1.3932,1.3917,1.3926,76545.640123
2026-03-22 10:25:00,1.3925,1.3927,1.3914,1.3914,31032.158689
2026-03-22 10:30:00,1.3914,1.3926,1.3898,1.3899,78400.241437
2026-03-22 10:35:00,1.3899,1.3902,1.3874,1.3887,232713.207205
2026-03-22 10:40:00,1.3888,1.3891,1.3871,1.3888,98500.117387
2026-03-22 10:45:00,1.389,1.3894,1.3877,1.3879,9428.885088
2026-03-22 10:50:00,1.3881,1.3896,1.3877,1.3885,30992.467609
2026-03-22 10:55:00,1.3885,1.3896,1.3884,1.3884,23610.409356
2026-03-22 11:00:00,1.3884,1.3889,1.3857,1.3873,73117.640681
2026-03-22 11:05:00,1.3873,1.3903,1.3871,1.3898,29725.696312
2026-03-22 11:10:00,1.3896,1.39,1.3886,1.3887,23745.074397
2026-03-22 11:15:00,1.3883,1.3894,1.3882,1.3882,27266.304075
2026-03-22 11:20:00,1.3887,1.3915,1.3887,1.3905,31255.913407
2026-03-22 11:25:00,1.3903,1.3905,1.3867,1.388,105426.602436
2026-03-22 11:30:00,1.3878,1.3904,1.3877,1.3901,24853.233199
2026-03-22 11:35:00,1.3898,1.395,1.3895,1.395,109851.751805
2026-03-22 11:40:00,1.395,1.3958,1.3894,1.3924,89335.493439
2026-03-22 11:45:00,1.3925,1.3935,1.392,1.3931,18805.559669
2026-03-22 11:50:00,1.3931,1.3936,1.3905,1.3927,44194.054371
2026-03-22 11:55:00,1.3926,1.3926,1.3906,1.3909,36787.195576
2026-03-22 12:00:00,1.391,1.393,1.3908,1.3927,56891.110614
2026-03-22 12:05:00,1.3928,1.3952,1.3928,1.3947,53528.66291
2026-03-22 12:10:00,1.3947,1.3954,1.3943,1.395,24036.343593
2026-03-22 12:15:00,1.3953,1.3969,1.3942,1.3966,85582.938317
2026-03-22 12:20:00,1.3966,1.3995,1.396,1.3995,23314.658486
2026-03-22 12:25:00,1.3996,1.4019,1.3994,1.4011,76470.25939
2026-03-22 12:30:00,1.4013,1.4013,1.3995,1.3995,58897.348681
2026-03-22 12:35:00,1.3997,1.4001,1.3986,1.3986,21888.293778
2026-03-22 12:40:00,1.3987,1.399,1.3985,1.3989,16666.186024
2026-03-22 12:45:00,1.3987,1.4006,1.3976,1.3977,37992.357207
2026-03-22 12:50:00,1.3978,1.3992,1.3977,1.3989,22346.626966
2026-03-22 12:55:00,1.3992,1.4004,1.3991,1.3995,30340.255654
2026-03-22 13:00:00,1.3996,1.4071,1.3996,1.4039,115854.470064
2026-03-22 13:05:00,1.4038,1.4056,1.4032,1.4051,43881.623256
2026-03-22 13:10:00,1.4052,1.4056,1.4041,1.4049,30431.892568
2026-03-22 13:15:00,1.4052,1.4052,1.403,1.403,17130.261623
2026-03-22 13:20:00,1.4031,1.4037,1.4008,1.4012,46403.326464
2026-03-22 13:25:00,1.4011,1.4018,1.4003,1.4013,34258.708794
2026-03-22 13:30:00,1.4014,1.4021,1.3995,1.3996,20282.076975
2026-03-22 13:35:00,1.3994,1.3996,1.3972,1.3977,25283.599403
2026-03-22 13:40:00,1.3978,1.3982,1.3961,1.3978,30869.063927
2026-03-22 13:45:00,1.3974,1.398,1.397,1.3975,14836.550828
2026-03-22 13:50:00,1.3976,1.3983,1.3975,1.3982,44670.076988
2026-03-22 13:55:00,1.3985,1.3989,1.3981,1.3984,69539.090329
2026-03-22 14:00:00,1.3984,1.3995,1.3948,1.397,125928.49394
2026-03-22 14:05:00,1.397,1.3981,1.3965,1.3981,17020.239274
2026-03-22 14:10:00,1.3985,1.4009,1.3985,1.4006,51570.858279
2026-03-22 14:15:00,1.4002,1.4004,1.399,1.3993,12417.218353
2026-03-22 14:20:00,1.3993,1.4025,1.3987,1.4012,31139.776753
2026-03-22 14:25:00,1.4011,1.4012,1.3993,1.4004,36918.541627
2026-03-22 14:30:00,1.4006,1.4011,1.3998,1.4003,9184.216264
2026-03-22 14:35:00,1.4002,1.4029,1.4001,1.4015,50987.387935
2026-03-22 14:40:00,1.4012,1.4018,1.4001,1.4004,31646.561788
2026-03-22 14:45:00,1.4,1.4001,1.3978,1.3985,32832.833617
2026-03-22 14:50:00,1.3983,1.3987,1.3969,1.3975,74146.912972
2026-03-22 14:55:00,1.3975,1.3978,1.3967,1.3973,63064.247885
2026-03-22 15:00:00,1.3972,1.4002,1.3972,1.3989,46727.032126
2026-03-22 15:05:00,1.3986,1.4009,1.3983,1.3983,110104.876484
2026-03-22 15:10:00,1.3985,1.3993,1.3977,1.3985,30864.88445
2026-03-22 15:15:00,1.3984,1.3999,1.3975,1.3975,48101.52399
2026-03-22 15:20:00,1.3976,1.3983,1.3957,1.3964,54286.512814
2026-03-22 15:25:00,1.3969,1.3972,1.3953,1.3959,127376.648816
2026-03-22 15:30:00,1.3959,1.3959,1.3942,1.3942,9197.683632
2026-03-22 15:35:00,1.3943,1.3944,1.3918,1.3923,37026.591647
2026-03-22 15:40:00,1.3919,1.3938,1.3915,1.3936,62665.733115
2026-03-22 15:45:00,1.3934,1.3938,1.3927,1.3935,27061.239707
2026-03-22 15:50:00,1.3936,1.3944,1.3923,1.3931,21280.741781
2026-03-22 15:55:00,1.3929,1.3936,1.3919,1.3919,136845.506246
2026-03-22 16:00:00,1.3927,1.3935,1.3919,1.3922,28354.813273
2026-03-22 16:05:00,1.3922,1.3935,1.3906,1.3906,177423.851195
2026-03-22 16:10:00,1.3914,1.3943,1.389,1.394,798770.135553
2026-03-22 16:15:00,1.3938,1.3955,1.3938,1.3942,59374.337691
2026-03-22 16:20:00,1.3942,1.3943,1.3917,1.393,32811.914748
2026-03-22 16:25:00,1.3927,1.3927,1.3914,1.3924,18596.808748
2026-03-22 16:30:00,1.3923,1.3945,1.3913,1.3933,33483.154741
2026-03-22 16:35:00,1.3933,1.3946,1.393,1.3931,13227.649568
2026-03-22 16:40:00,1.393,1.3938,1.3923,1.3934,31356.582924
2026-03-22 16:45:00,1.3935,1.3955,1.3935,1.3941,30385.905948
2026-03-22 16:50:00,1.394,1.3952,1.3939,1.3949,23042.437768
2026-03-22 16:55:00,1.3947,1.3954,1.3944,1.3946,25337.129901
2026-03-22 17:00:00,1.3946,1.395,1.3931,1.3945,20904.840415
2026-03-22 17:05:00,1.3944,1.3956,1.394,1.3956,2616.237502
2026-03-22 17:10:00,1.3956,1.3956,1.3948,1.3955,17649.847844
2026-03-22 17:15:00,1.3954,1.3958,1.3945,1.3954,4538.7105
2026-03-22 17:20:00,1.3956,1.3959,1.3938,1.3938,7956.713808
2026-03-22 17:25:00,1.3938,1.395,1.3929,1.3939,15515.264196
2026-03-22 17:30:00,1.394,1.3948,1.3929,1.3937,22248.566615
2026-03-22 17:35:00,1.3937,1.3938,1.3918,1.3923,23431.362485
2026-03-22 17:40:00,1.3922,1.3923,1.3917,1.392,5875.365579
2026-03-22 17:45:00,1.3922,1.3934,1.392,1.3922,24730.235627
2026-03-22 17:50:00,1.3923,1.3937,1.3923,1.3933,252252.117812
2026-03-22 17:55:00,1.3933,1.394,1.3927,1.3927,23691.412263
2026-03-22 18:00:00,1.3926,1.3926,1.3894,1.3901,40177.36104
2026-03-22 18:05:00,1.3901,1.3907,1.3899,1.3905,22936.023258
2026-03-22 18:10:00,1.39,1.3906,1.3899,1.3903,17770.299981
2026-03-22 18:15:00,1.3902,1.3902,1.3892,1.3897,58643.742262
2026-03-22 18:20:00,1.3895,1.3902,1.3893,1.3902,12380.996515
2026-03-22 18:25:00,1.3895,1.3907,1.3895,1.3905,3396.709198
2026-03-22 18:30:00,1.39,1.3918,1.3859,1.3859,70093.480221
2026-03-22 18:35:00,1.3858,1.3871,1.3812,1.3856,316671.159664
2026-03-22 18:40:00,1.3856,1.3872,1.3851,1.3858,42819.980772
2026-03-22 18:45:00,1.3857,1.3879,1.3851,1.3879,29667.06881
2026-03-22 18:50:00,1.3879,1.3889,1.3875,1.3879,21862.508296
2026-03-22 18:55:00,1.3879,1.3884,1.3875,1.3882,23832.842379
2026-03-22 19:00:00,1.3878,1.3878,1.3824,1.3839,20995.89057
2026-03-22 19:05:00,1.3834,1.3851,1.3834,1.3848,24156.480511
2026-03-22 19:10:00,1.3849,1.3854,1.3817,1.3825,119739.036725
2026-03-22 19:15:00,1.3826,1.3838,1.3815,1.3829,33959.896356
2026-03-22 19:20:00,1.3829,1.3835,1.3814,1.3821,26732.178544
2026-03-22 19:25:00,1.3818,1.3835,1.3816,1.3825,28936.537296
2026-03-22 19:30:00,1.3822,1.3847,1.3809,1.3847,57961.810846
2026-03-22 19:35:00,1.3847,1.3879,1.3847,1.3878,61778.026724
2026-03-22 19:40:00,1.3877,1.3877,1.3858,1.3867,19295.40758
2026-03-22 19:45:00,1.3863,1.3864,1.3835,1.3836,53071.945118
2026-03-22 19:50:00,1.3837,1.3851,1.3837,1.3842,21851.510038
2026-03-22 19:55:00,1.3841,1.385,1.3841,1.3848,61258.548591
2026-03-22 20:00:00,1.3848,1.3885,1.3848,1.3876,38802.291156
2026-03-22 20:05:00,1.3876,1.3879,1.3866,1.3875,21134.737675
2026-03-22 20:10:00,1.3874,1.388,1.3868,1.3878,50870.394097
2026-03-22 20:15:00,1.3876,1.3882,1.3871,1.3879,28440.08477
2026-03-22 20:20:00,1.3879,1.3904,1.3879,1.3887,37911.686109
2026-03-22 20:25:00,1.3886,1.3887,1.3874,1.3879,42926.093958
2026-03-22 20:30:00,1.388,1.3889,1.388,1.3883,20090.237755
2026-03-22 20:35:00,1.3882,1.3884,1.3863,1.3873,40171.909919
2026-03-22 20:40:00,1.3871,1.3891,1.3871,1.3884,31229.66087
2026-03-22 20:45:00,1.3879,1.3886,1.3874,1.3885,29985.367866
2026-03-22 20:50:00,1.3886,1.3886,1.3858,1.3874,55163.332681
2026-03-22 20:55:00,1.3871,1.3877,1.3865,1.3869,25727.731325
2026-03-22 21:00:00,1.3868,1.3877,1.3852,1.3853,23227.211251
2026-03-22 21:05:00,1.3853,1.3853,1.3748,1.3822,597073.795621
2026-03-22 21:10:00,1.3821,1.3822,1.3773,1.3783,91102.316011
2026-03-22 21:15:00,1.3784,1.3788,1.3728,1.3731,149755.361233
2026-03-22 21:20:00,1.3732,1.3781,1.3715,1.3779,120170.106945
2026-03-22 21:25:00,1.3778,1.3824,1.3769,1.3811,62958.843461
2026-03-22 21:30:00,1.3809,1.382,1.3789,1.379,30788.895878
2026-03-22 21:35:00,1.3789,1.3834,1.3777,1.3831,38385.185933
2026-03-22 21:40:00,1.3831,1.3839,1.3815,1.3817,68954.377979
2026-03-22 21:45:00,1.3819,1.3831,1.3803,1.3816,25863.338264
2026-03-22 21:50:00,1.3817,1.3824,1.381,1.3813,10490.242826
2026-03-22 21:55:00,1.3812,1.3812,1.3778,1.3794,36846.126161
2026-03-22 22:00:00,1.3793,1.3803,1.3719,1.3776,120045.127428
2026-03-22 22:05:00,1.3775,1.3848,1.3758,1.3848,160899.080811
2026-03-22 22:10:00,1.3846,1.3848,1.3775,1.3785,29717.526954
2026-03-22 22:15:00,1.3787,1.3829,1.378,1.3817,40677.703623
2026-03-22 22:20:00,1.3816,1.3876,1.3812,1.387,102354.445013
2026-03-22 22:25:00,1.3871,1.3919,1.3865,1.3889,110998.76319
2026-03-22 22:30:00,1.3893,1.3908,1.3878,1.3878,38168.245994
2026-03-22 22:35:00,1.3879,1.3896,1.3868,1.3878,38500.072119
2026-03-22 22:40:00,1.3877,1.3879,1.386,1.3869,57216.550374
2026-03-22 22:45:00,1.3868,1.3906,1.3868,1.3905,51093.616394
2026-03-22 22:50:00,1.3907,1.3928,1.39,1.3903,13532.810358
2026-03-22 22:55:00,1.3904,1.392,1.3903,1.3909,20573.234432
2026-03-22 23:00:00,1.391,1.3929,1.3903,1.3903,41126.822026
2026-03-22 23:05:00,1.3903,1.3906,1.3876,1.3899,38374.320357
2026-03-22 23:10:00,1.39,1.3933,1.39,1.3904,59232.183361
2026-03-22 23:15:00,1.3905,1.3906,1.389,1.3894,67808.084611
2026-03-22 23:20:00,1.3891,1.3893,1.3879,1.3883,46415.714431
2026-03-22 23:25:00,1.388,1.389,1.3879,1.3881,10642.171244
2026-03-22 23:30:00,1.3883,1.3896,1.3871,1.3872,16698.159189
2026-03-22 23:35:00,1.3872,1.3885,1.3871,1.3872,59173.111545
2026-03-22 23:40:00,1.3871,1.3894,1.3868,1.3888,38097.778792
2026-03-22 23:45:00,1.3891,1.3895,1.3861,1.3861,33538.245148
2026-03-22 23:50:00,1.3861,1.3861,1.3839,1.3846,39757.060686
2026-03-22 23:55:00,1.3848,1.3855,1.3847,1.385,15991.498054
2026-03-23 00:00:00,1.385,1.3892,1.3849,1.3859,70281.694373
2026-03-23 00:05:00,1.3858,1.3888,1.3834,1.3869,41180.476621
2026-03-23 00:10:00,1.387,1.3906,1.386,1.3868,39885.246485
2026-03-23 00:15:00,1.3867,1.3872,1.3841,1.385,32608.196461
2026-03-23 00:20:00,1.3849,1.3871,1.3841,1.3871,19079.764586
2026-03-23 00:25:00,1.3872,1.3887,1.3849,1.385,37710.339531
2026-03-23 00:30:00,1.3852,1.3855,1.3789,1.3803,84960.643104
2026-03-23 00:35:00,1.3804,1.381,1.3762,1.3762,76143.180496
2026-03-23 00:40:00,1.3761,1.3819,1.3744,1.3814,91208.034812
2026-03-23 00:45:00,1.3815,1.384,1.3812,1.3819,53361.938212
2026-03-23 00:50:00,1.3818,1.3835,1.3782,1.3784,27440.783625
2026-03-23 00:55:00,1.3783,1.38,1.3778,1.3789,71754.086418
2026-03-23 01:00:00,1.3789,1.3799,1.3753,1.3787,60093.276489
2026-03-23 01:05:00,1.3784,1.3848,1.378,1.3828,69596.161327
2026-03-23 01:10:00,1.3828,1.3828,1.3798,1.3815,36178.93271
2026-03-23 01:15:00,1.3818,1.3868,1.3818,1.3855,60067.587197
2026-03-23 01:20:00,1.3855,1.3895,1.3843,1.3892,68106.980662
2026-03-23 01:25:00,1.3891,1.3892,1.3877,1.3884,26351.737624
2026-03-23 01:30:00,1.3883,1.3889,1.3859,1.3868,33757.059005
2026-03-23 01:35:00,1.3868,1.39,1.3864,1.3893,36662.184832
2026-03-23 01:40:00,1.3894,1.3894,1.3844,1.386,30022.26415
2026-03-23 01:45:00,1.3861,1.388,1.3836,1.3842,59237.34734
2026-03-23 01:50:00,1.384,1.3856,1.3821,1.3833,38208.256035
2026-03-23 01:55:00,1.3833,1.3843,1.3817,1.382,42390.921752
2026-03-23 02:00:00,1.3821,1.3836,1.3818,1.3834,96832.132958
2026-03-23 02:05:00,1.3834,1.389,1.3834,1.3874,178770.705551
2026-03-23 02:10:00,1.3872,1.3877,1.3824,1.3829,48108.049915
2026-03-23 02:15:00,1.383,1.3854,1.3823,1.3851,28484.159072
2026-03-23 02:20:00,1.3852,1.3877,1.3846,1.3867,38743.645695
2026-03-23 02:25:00,1.3865,1.3933,1.3863,1.3925,80840.706883
2026-03-23 02:30:00,1.3925,1.3927,1.3892,1.39,88963.491909
2026-03-23 02:35:00,1.3902,1.3904,1.3874,1.3875,43710.720524
2026-03-23 02:40:00,1.3875,1.3914,1.3874,1.3874,38570.718637
2026-03-23 02:45:00,1.3873,1.3874,1.3853,1.3857,15561.440289
2026-03-23 02:50:00,1.3856,1.3856,1.383,1.3832,30149.76809
2026-03-23 02:55:00,1.3832,1.3856,1.3827,1.3854,29237.032822
2026-03-23 03:00:00,1.3854,1.3919,1.3854,1.3897,47122.39525
2026-03-23 03:05:00,1.3897,1.3897,1.3864,1.3864,22553.545162
2026-03-23 03:10:00,1.3866,1.3866,1.3821,1.3825,21149.068994
2026-03-23 03:15:00,1.3826,1.3834,1.3823,1.3825,10497.793681
2026-03-23 03:20:00,1.3823,1.3854,1.3823,1.3835,12665.471829
2026-03-23 03:25:00,1.3835,1.3844,1.3824,1.3839,59856.54783
2026-03-23 03:30:00,1.3839,1.3848,1.3824,1.3847,43499.039237
2026-03-23 03:35:00,1.3846,1.3846,1.3802,1.3811,33624.872041
2026-03-23 03:40:00,1.3813,1.3814,1.3786,1.3803,31817.926124
2026-03-23 03:45:00,1.38,1.3809,1.3791,1.3808,28827.014059
2026-03-23 03:50:00,1.3805,1.3821,1.3799,1.381,35578.442517
2026-03-23 03:55:00,1.381,1.3824,1.381,1.3813,37509.702649
2026-03-23 04:00:00,1.3815,1.3831,1.3814,1.3822,20197.624675
2026-03-23 04:05:00,1.3819,1.3838,1.3814,1.3821,17236.582559
2026-03-23 04:10:00,1.3821,1.3831,1.3803,1.3803,22840.679305
2026-03-23 04:15:00,1.3802,1.3823,1.3787,1.3823,28982.296094
2026-03-23 04:20:00,1.3823,1.3854,1.3819,1.384,14776.492501
2026-03-23 04:25:00,1.3839,1.3854,1.3828,1.3854,62621.255133
2026-03-23 04:30:00,1.3855,1.3875,1.3848,1.3865,52303.675662
2026-03-23 04:35:00,1.3866,1.3891,1.3866,1.3886,85306.539037
2026-03-23 04:40:00,1.3885,1.3891,1.3853,1.3856,28827.191377
2026-03-23 04:45:00,1.386,1.388,1.3857,1.3866,8408.895982
2026-03-23 04:50:00,1.3864,1.3901,1.3863,1.3901,37900.263919
2026-03-23 04:55:00,1.3899,1.3912,1.3886,1.3907,160853.124115
2026-03-23 05:00:00,1.3907,1.3947,1.3905,1.3914,131723.443733
2026-03-23 05:05:00,1.3915,1.3941,1.3908,1.3926,50775.116937
2026-03-23 05:10:00,1.3925,1.3944,1.3913,1.3936,39205.187537
2026-03-23 05:15:00,1.3936,1.3954,1.3917,1.3948,171800.178843
2026-03-23 05:20:00,1.3945,1.3957,1.3917,1.3944,351828.148456
2026-03-23 05:25:00,1.3946,1.3959,1.3924,1.3935,162381.617049
2026-03-23 05:30:00,1.3934,1.3987,1.39,1.3908,1813169.988522
2026-03-23 05:35:00,1.3909,1.3935,1.3905,1.3911,81891.290447
2026-03-23 05:40:00,1.3912,1.3924,1.3899,1.3906,115696.020322
2026-03-23 05:45:00,1.3909,1.3915,1.3887,1.3888,127495.41094
2026-03-23 05:50:00,1.3888,1.3909,1.3882,1.3904,147877.158068
2026-03-23 05:55:00,1.3907,1.3939,1.3905,1.3913,67681.581386
2026-03-23 06:00:00,1.3909,1.3909,1.3863,1.3868,92192.732087
2026-03-23 06:05:00,1.3869,1.3869,1.3848,1.3852,735978.498602
2026-03-23 06:10:00,1.3853,1.3856,1.381,1.382,109762.071617
2026-03-23 06:15:00,1.3819,1.384,1.3819,1.3827,74922.793508
2026-03-23 06:20:00,1.3826,1.3826,1.3796,1.3813,122525.850641
2026-03-23 06:25:00,1.3811,1.383,1.3807,1.3825,28676.608385
2026-03-23 06:30:00,1.3826,1.383,1.38,1.3803,149566.520686
2026-03-23 06:35:00,1.38,1.3808,1.3723,1.3744,224207.488661
2026-03-23 06:40:00,1.3746,1.3777,1.3686,1.3711,347932.938991
2026-03-23 06:45:00,1.3712,1.3736,1.3686,1.3694,278957.221014
2026-03-23 06:50:00,1.3696,1.3733,1.3689,1.3716,90617.6028
2026-03-23 06:55:00,1.3716,1.3726,1.3699,1.3719,84549.644963
2026-03-23 07:00:00,1.3718,1.3719,1.3677,1.3677,126975.483223
2026-03-23 07:05:00,1.3676,1.3721,1.3646,1.369,187443.155338
2026-03-23 07:10:00,1.369,1.3711,1.3686,1.3689,82939.694008
2026-03-23 07:15:00,1.3689,1.3708,1.3679,1.3708,47510.457682
2026-03-23 07:20:00,1.3707,1.3707,1.3626,1.3646,355164.601991
2026-03-23 07:25:00,1.3647,1.3661,1.363,1.3649,66534.702211
2026-03-23 07:30:00,1.3647,1.37,1.3638,1.368,54005.735853
2026-03-23 07:35:00,1.3678,1.3754,1.3678,1.3731,91643.704819
2026-03-23 07:40:00,1.3727,1.3756,1.3723,1.3753,24275.034721
2026-03-23 07:45:00,1.3754,1.3761,1.3732,1.3735,80399.381476
2026-03-23 07:50:00,1.3734,1.3748,1.373,1.3741,24332.062881
2026-03-23 07:55:00,1.3741,1.3748,1.3721,1.373,39324.542607
2026-03-23 08:00:00,1.3732,1.3773,1.3726,1.3762,73895.875508
2026-03-23 08:05:00,1.3762,1.3795,1.3755,1.3788,119006.02276
2026-03-23 08:10:00,1.3786,1.3802,1.3769,1.3779,125377.266356
2026-03-23 08:15:00,1.3781,1.3792,1.3748,1.3761,30683.993772
2026-03-23 08:20:00,1.3761,1.3768,1.3738,1.3751,18267.247615
2026-03-23 08:25:00,1.3753,1.3763,1.3745,1.3748,8366.444289
2026-03-23 08:30:00,1.3747,1.3772,1.3736,1.376,45269.721962
2026-03-23 08:35:00,1.3763,1.3765,1.3744,1.3752,14616.60526
2026-03-23 08:40:00,1.3753,1.3763,1.3731,1.3742,6861.523995
2026-03-23 08:45:00,1.3743,1.3743,1.3711,1.3711,38530.825955
2026-03-23 08:50:00,1.371,1.3719,1.3695,1.3698,37487.346887
2026-03-23 08:55:00,1.3696,1.3698,1.3675,1.3686,50115.020889
2026-03-23 09:00:00,1.369,1.3695,1.3669,1.3677,25391.02386
2026-03-23 09:05:00,1.3679,1.3685,1.366,1.3685,79045.160109
2026-03-23 09:10:00,1.3684,1.3694,1.3678,1.3694,30989.022422
2026-03-23 09:15:00,1.3695,1.3702,1.3677,1.3686,24482.067235
2026-03-23 09:20:00,1.3684,1.3716,1.3679,1.368,46211.348847
2026-03-23 09:25:00,1.368,1.3686,1.3672,1.3686,12021.832657
2026-03-23 09:30:00,1.3683,1.3687,1.3638,1.3639,56039.512297
2026-03-23 09:35:00,1.3637,1.3661,1.3619,1.365,38292.9531
2026-03-23 09:40:00,1.3647,1.3668,1.3634,1.3651,223062.875193
2026-03-23 09:45:00,1.3656,1.368,1.3656,1.3663,20436.217
2026-03-23 09:50:00,1.3664,1.3672,1.3662,1.367,58768.217888
2026-03-23 09:55:00,1.3675,1.3696,1.3675,1.3693,6650.786689
2026-03-23 10:00:00,1.3693,1.3736,1.3684,1.3731,21432.858914
2026-03-23 10:05:00,1.3731,1.3792,1.3731,1.3783,61027.485492
2026-03-23 10:10:00,1.3792,1.3804,1.378,1.3783,79115.737198
2026-03-23 10:15:00,1.3783,1.3789,1.3758,1.3761,56243.595129
2026-03-23 10:20:00,1.3761,1.3761,1.3728,1.3742,25599.422587
2026-03-23 10:25:00,1.3743,1.3752,1.3726,1.3736,11580.681573
2026-03-23 10:30:00,1.3735,1.3736,1.3719,1.3721,8596.751071
2026-03-23 10:35:00,1.3721,1.373,1.3703,1.371,16470.996422
2026-03-23 10:40:00,1.3709,1.3723,1.3706,1.3713,27999.026352
2026-03-23 10:45:00,1.3712,1.3713,1.3692,1.3703,10760.876667
2026-03-23 10:50:00,1.3704,1.3749,1.3704,1.3726,17840.171415
2026-03-23 10:55:00,1.3723,1.3734,1.3717,1.3718,152142.880849
2026-03-23 11:00:00,1.3724,1.3759,1.3723,1.3734,47395.5901
2026-03-23 11:05:00,1.3735,1.4373,1.3734,1.4337,8304352.158028
2026-03-23 11:10:00,1.4337,1.4452,1.4265,1.4276,1837780.149346
2026-03-23 11:15:00,1.4276,1.4365,1.422,1.4241,994239.723553
2026-03-23 11:20:00,1.4243,1.4293,1.4134,1.42,570381.377723
2026-03-23 11:25:00,1.4202,1.4296,1.4201,1.4273,408619.258478
2026-03-23 11:30:00,1.4274,1.4349,1.4274,1.4326,547040.816828
2026-03-23 11:35:00,1.4328,1.4328,1.421,1.4234,843443.634932
2026-03-23 11:40:00,1.4232,1.4259,1.4215,1.4223,199138.592191
2026-03-23 11:45:00,1.4224,1.4235,1.4091,1.4181,303152.179587
2026-03-23 11:50:00,1.418,1.4204,1.4129,1.4198,152965.837864
2026-03-23 11:55:00,1.4196,1.4196,1.4095,1.4115,151730.794984
2026-03-23 12:00:00,1.4115,1.4145,1.4019,1.4107,402414.398355
2026-03-23 12:05:00,1.4112,1.419,1.4087,1.4184,186927.804524
2026-03-23 12:10:00,1.4182,1.4187,1.4122,1.4124,128050.232225
2026-03-23 12:15:00,1.4121,1.4167,1.4118,1.416,138935.115895
2026-03-23 12:20:00,1.416,1.422,1.4151,1.4179,113651.440427
2026-03-23 12:25:00,1.4173,1.4204,1.4164,1.4165,293078.998819
2026-03-23 12:30:00,1.4169,1.4171,1.4128,1.4149,251774.943644
2026-03-23 12:35:00,1.4151,1.4187,1.4115,1.4183,1203116.74306
2026-03-23 12:40:00,1.4182,1.4271,1.4146,1.4242,317065.160195
2026-03-23 12:45:00,1.4249,1.4271,1.4233,1.426,83154.556191
2026-03-23 12:50:00,1.4259,1.4269,1.4221,1.4229,93542.443718
2026-03-23 12:55:00,1.4228,1.4253,1.4223,1.4251,67005.207744
2026-03-23 13:00:00,1.4256,1.4293,1.4232,1.4255,185059.325057
2026-03-23 13:05:00,1.4254,1.4256,1.4231,1.4241,52421.017527
2026-03-23 13:10:00,1.424,1.4255,1.4234,1.4239,62788.950424
2026-03-23 13:15:00,1.4239,1.4266,1.4238,1.4243,46111.422815
2026-03-23 13:20:00,1.4242,1.4288,1.4239,1.4278,115489.953682
2026-03-23 13:25:00,1.4276,1.4276,1.4241,1.4244,63204.908714
2026-03-23 13:30:00,1.4244,1.4275,1.4215,1.4262,308094.444834
2026-03-23 13:35:00,1.4263,1.4344,1.4251,1.4324,212340.210684
2026-03-23 13:40:00,1.4333,1.4388,1.4313,1.4352,444614.951344
2026-03-23 13:45:00,1.4351,1.4375,1.4331,1.4362,169411.670168
2026-03-23 13:50:00,1.4364,1.444,1.4359,1.4408,252011.864659
2026-03-23 13:55:00,1.4407,1.4423,1.437,1.4423,77559.943812
2026-03-23 14:00:00,1.4425,1.4482,1.4418,1.4441,204755.681598
2026-03-23 14:05:00,1.4439,1.4514,1.442,1.4507,436761.578971
2026-03-23 14:10:00,1.4508,1.4532,1.4459,1.4472,191645.498645
2026-03-23 14:15:00,1.4473,1.4528,1.4473,1.4486,412923.819176
2026-03-23 14:20:00,1.4492,1.4502,1.4451,1.4491,209404.092189
2026-03-23 14:25:00,1.4489,1.4505,1.4451,1.4462,181546.716184
2026-03-23 14:30:00,1.4464,1.4496,1.445,1.4459,117935.356464
2026-03-23 14:35:00,1.446,1.4515,1.446,1.4493,94275.02301
2026-03-23 14:40:00,1.449,1.4515,1.4475,1.4483,56579.158539
2026-03-23 14:45:00,1.4483,1.4512,1.4457,1.4471,72782.784139
2026-03-23 14:50:00,1.447,1.4499,1.4461,1.4482,126976.013215
2026-03-23 14:55:00,1.4485,1.4565,1.4484,1.4556,228827.740729
2026-03-23 15:00:00,1.4557,1.4622,1.4555,1.4612,362421.11527
2026-03-23 15:05:00,1.4613,1.4639,1.4602,1.4631,323607.453303
2026-03-23 15:10:00,1.4631,1.4631,1.4598,1.4616,125309.450679
2026-03-23 15:15:00,1.4615,1.4618,1.459,1.4598,196254.180638
2026-03-23 15:20:00,1.4598,1.4661,1.4558,1.4627,326651.811431
2026-03-23 15:25:00,1.4623,1.4653,1.4593,1.4601,116614.816732
2026-03-23 15:30:00,1.4601,1.4611,1.45,1.4509,268109.274097
2026-03-23 15:35:00,1.4512,1.4548,1.4458,1.4494,123185.082894
2026-03-23 15:40:00,1.4493,1.4498,1.4443,1.4465,122777.380242
2026-03-23 15:45:00,1.4462,1.4497,1.442,1.4484,128628.068827
2026-03-23 15:50:00,1.4485,1.45,1.4376,1.4387,283065.859294
2026-03-23 15:55:00,1.4384,1.4384,1.4309,1.4314,368239.521238
2026-03-23 16:00:00,1.4315,1.4369,1.4315,1.436,158604.845676
2026-03-23 16:05:00,1.4359,1.4411,1.4349,1.439,76513.852761
2026-03-23 16:10:00,1.439,1.4413,1.4372,1.4404,92312.090369
2026-03-23 16:15:00,1.4403,1.4417,1.4371,1.4416,242838.559324
2026-03-23 16:20:00,1.4417,1.443,1.4354,1.4376,173170.201428
2026-03-23 16:25:00,1.4372,1.4372,1.4294,1.4299,78838.821837
2026-03-23 16:30:00,1.4297,1.4348,1.4276,1.4348,214551.102311
2026-03-23 16:35:00,1.4348,1.4397,1.4302,1.4307,639428.236254
2026-03-23 16:40:00,1.4306,1.433,1.4304,1.4316,32190.509382
2026-03-23 16:45:00,1.4314,1.4367,1.4308,1.4358,52678.394862
2026-03-23 16:50:00,1.4358,1.4363,1.4326,1.4327,98357.067643
2026-03-23 16:55:00,1.4331,1.4352,1.4324,1.4342,61262.760162
2026-03-23 17:00:00,1.4342,1.4367,1.432,1.4343,108242.290605
2026-03-23 17:05:00,1.4343,1.4385,1.4329,1.4375,421260.229639
2026-03-23 17:10:00,1.4376,1.4376,1.4344,1.4344,26845.53554
2026-03-23 17:15:00,1.4344,1.4358,1.4311,1.4314,31394.646403
2026-03-23 17:20:00,1.4311,1.4311,1.427,1.429,66927.985143
2026-03-23 17:25:00,1.4288,1.4325,1.4283,1.4305,59107.198048
2026-03-23 17:30:00,1.4303,1.439,1.4296,1.4388,148883.686931
2026-03-23 17:35:00,1.4388,1.4466,1.438,1.4447,108787.958152
2026-03-23 17:40:00,1.4449,1.4454,1.4416,1.4428,43212.554316
2026-03-23 17:45:00,1.443,1.4435,1.4408,1.4427,47899.368749
2026-03-23 17:50:00,1.4426,1.445,1.4424,1.4444,38685.372227
2026-03-23 17:55:00,1.4444,1.4452,1.4438,1.4444,60855.703589
2026-03-23 18:00:00,1.4446,1.4468,1.4436,1.4451,41070.393307
2026-03-23 18:05:00,1.4457,1.4459,1.4378,1.4395,136080.418992
2026-03-23 18:10:00,1.4396,1.4415,1.4393,1.4393,25690.53882
2026-03-23 18:15:00,1.4395,1.4412,1.4389,1.4393,29679.594708
2026-03-23 18:20:00,1.4394,1.44,1.438,1.4385,18409.42514
2026-03-23 18:25:00,1.4386,1.4394,1.4371,1.4379,37510.242171
2026-03-23 18:30:00,1.438,1.4408,1.438,1.4403,25099.19159
2026-03-23 18:35:00,1.4406,1.4426,1.4378,1.4393,25466.049858
2026-03-23 18:40:00,1.4389,1.44,1.4381,1.4387,16872.82722
2026-03-23 18:45:00,1.439,1.4433,1.4386,1.441,84732.617332
2026-03-23 18:50:00,1.4409,1.4416,1.4387,1.4404,138129.605425
2026-03-23 18:55:00,1.4408,1.4421,1.4396,1.442,45285.505261
2026-03-23 19:00:00,1.442,1.4424,1.4398,1.4421,18512.793071
2026-03-23 19:05:00,1.4423,1.4457,1.4384,1.4393,163241.584394
2026-03-23 19:10:00,1.4394,1.4396,1.4375,1.4379,49701.14823
2026-03-23 19:15:00,1.4379,1.4383,1.4354,1.4376,37306.481678
2026-03-23 19:20:00,1.4377,1.439,1.4367,1.4389,17622.200936
2026-03-23 19:25:00,1.4389,1.4393,1.4377,1.4381,11374.394011
2026-03-23 19:30:00,1.4382,1.4385,1.4373,1.4375,27513.216164
2026-03-23 19:35:00,1.4375,1.4394,1.4375,1.4386,28416.824355
2026-03-23 19:40:00,1.4383,1.4384,1.4376,1.4381,11649.787473
2026-03-23 19:45:00,1.4385,1.4399,1.4372,1.4372,17167.189966
2026-03-23 19:50:00,1.4371,1.4372,1.436,1.4363,23933.503931
2026-03-23 19:55:00,1.4362,1.4362,1.4317,1.4345,350473.572474
2026-03-23 20:00:00,1.4344,1.4348,1.431,1.4327,73146.506512
2026-03-23 20:05:00,1.4324,1.4342,1.4322,1.4342,22313.670347
2026-03-23 20:10:00,1.4343,1.4378,1.4343,1.4367,72407.562931
2026-03-23 20:15:00,1.4368,1.438,1.4363,1.4373,34411.026868
2026-03-23 20:20:00,1.4374,1.439,1.4371,1.4377,47358.298313
2026-03-23 20:25:00,1.4376,1.4377,1.4349,1.4354,32644.281373
2026-03-23 20:30:00,1.4354,1.4371,1.4349,1.4367,48853.303652
2026-03-23 20:35:00,1.4367,1.4398,1.4367,1.4386,13630.594282
2026-03-23 20:40:00,1.4387,1.4399,1.438,1.4396,12932.394073
2026-03-23 20:45:00,1.4398,1.44,1.4384,1.4387,11354.163501
2026-03-23 20:50:00,1.4387,1.4391,1.4372,1.4386,87219.080875
2026-03-23 20:55:00,1.4388,1.4395,1.4382,1.4382,17725.164578
2026-03-23 21:00:00,1.4382,1.4395,1.4371,1.4371,12410.79263
2026-03-23 21:05:00,1.4371,1.4383,1.4371,1.4371,7391.789171
2026-03-23 21:10:00,1.437,1.4383,1.4359,1.4366,60064.540644
2026-03-23 21:15:00,1.4369,1.4377,1.4349,1.4358,40693.587332
2026-03-23 21:20:00,1.4354,1.4375,1.4349,1.437,30048.728555
2026-03-23 21:25:00,1.4371,1.4371,1.4358,1.4364,9667.406331
2026-03-23 21:30:00,1.4364,1.4396,1.4359,1.4389,36135.415441
2026-03-23 21:35:00,1.4389,1.4401,1.4383,1.4401,77417.83505
2026-03-23 21:40:00,1.44,1.4402,1.4386,1.4394,65457.914336
2026-03-23 21:45:00,1.4393,1.4393,1.438,1.4385,12208.213733
2026-03-23 21:50:00,1.4381,1.4389,1.4376,1.4376,15659.999502
2026-03-23 21:55:00,1.4377,1.4383,1.4349,1.4359,23553.067584
2026-03-23 22:00:00,1.436,1.4372,1.4284,1.4293,136942.654113
2026-03-23 22:05:00,1.4287,1.4307,1.4281,1.4297,59927.476206
2026-03-23 22:10:00,1.4295,1.4314,1.429,1.4306,23388.43696
2026-03-23 22:15:00,1.4305,1.4322,1.4288,1.4316,11669.752298
2026-03-23 22:20:00,1.4317,1.4323,1.4309,1.431,60179.874855
2026-03-23 22:25:00,1.431,1.4315,1.43,1.43,29209.641768
2026-03-23 22:30:00,1.43,1.43,1.4258,1.4274,83233.877974
2026-03-23 22:35:00,1.4277,1.4294,1.4274,1.4278,45107.865642
2026-03-23 22:40:00,1.4276,1.4278,1.4265,1.4277,57447.600635
2026-03-23 22:45:00,1.4278,1.429,1.4267,1.4277,58375.726709
2026-03-23 22:50:00,1.4278,1.4302,1.4278,1.4297,11327.364373
2026-03-23 22:55:00,1.4299,1.4302,1.4284,1.4298,8233.586571
2026-03-23 23:00:00,1.4294,1.43,1.4271,1.4275,39531.311214
2026-03-23 23:05:00,1.4275,1.4285,1.4259,1.4259,24486.311762
2026-03-23 23:10:00,1.426,1.4268,1.4247,1.4262,65826.686159
2026-03-23 23:15:00,1.4263,1.4263,1.424,1.4251,104064.620149
2026-03-23 23:20:00,1.4255,1.4277,1.425,1.4277,7661.877319
2026-03-23 23:25:00,1.4272,1.4313,1.4271,1.4304,56153.737399
2026-03-23 23:30:00,1.4304,1.4307,1.4283,1.4287,20142.179195
2026-03-23 23:35:00,1.4287,1.4296,1.4282,1.4295,14146.329223
2026-03-23 23:40:00,1.4296,1.4319,1.4296,1.4311,12593.215081
2026-03-23 23:45:00,1.431,1.4314,1.429,1.4305,31316.261015
2026-03-23 23:50:00,1.4304,1.4313,1.43,1.4311,17646.144729
2026-03-23 23:55:00,1.4312,1.4344,1.4312,1.4322,34371.768104
2026-03-24 00:00:00,1.4323,1.4353,1.4313,1.4313,108938.080061
2026-03-24 00:05:00,1.4313,1.4317,1.4283,1.4283,51833.962135
2026-03-24 00:10:00,1.4283,1.4307,1.4275,1.4277,82528.289825
2026-03-24 00:15:00,1.4275,1.4283,1.4251,1.428,81508.251835
2026-03-24 00:20:00,1.428,1.4283,1.4255,1.4266,53513.245735
2026-03-24 00:25:00,1.4266,1.4274,1.4229,1.4233,31945.373644
2026-03-24 00:30:00,1.4232,1.4236,1.4195,1.4212,93485.360096
2026-03-24 00:35:00,1.4212,1.4224,1.4164,1.4208,141304.903234
2026-03-24 00:40:00,1.4205,1.423,1.4194,1.4203,35917.951604
2026-03-24 00:45:00,1.4199,1.4224,1.4199,1.4211,35213.368243
2026-03-24 00:50:00,1.421,1.4239,1.4206,1.4229,12045.699488
2026-03-24 00:55:00,1.4229,1.4231,1.4199,1.4199,24780.931478
2026-03-24 01:00:00,1.4199,1.4207,1.4184,1.4191,21145.325749
2026-03-24 01:05:00,1.419,1.4206,1.4189,1.4205,11949.687963
2026-03-24 01:10:00,1.4203,1.4233,1.4194,1.4194,45842.785516
2026-03-24 01:15:00,1.4193,1.4193,1.4176,1.4187,45593.97699
2026-03-24 01:20:00,1.4184,1.4229,1.4184,1.4209,59985.554706
2026-03-24 01:25:00,1.4209,1.4228,1.4204,1.4218,12351.562726
2026-03-24 01:30:00,1.4217,1.4224,1.4187,1.4211,211149.903972
2026-03-24 01:35:00,1.4209,1.4209,1.4133,1.4134,88682.46767
2026-03-24 01:40:00,1.4135,1.4139,1.4101,1.4123,170521.435241
2026-03-24 01:45:00,1.4127,1.4132,1.41,1.4114,57649.304065
2026-03-24 01:50:00,1.4114,1.4145,1.4114,1.4143,44028.976695
2026-03-24 01:55:00,1.4144,1.4146,1.4128,1.4137,37133.736576
2026-03-24 02:00:00,1.4135,1.4168,1.411,1.4142,177418.130403
2026-03-24 02:05:00,1.4141,1.4148,1.4123,1.4148,58448.314403
2026-03-24 02:10:00,1.4147,1.4147,1.4113,1.4115,84301.898215
2026-03-24 02:15:00,1.412,1.4145,1.4114,1.4143,28573.358952
2026-03-24 02:20:00,1.4144,1.417,1.4136,1.4152,31450.563942
2026-03-24 02:25:00,1.4152,1.4158,1.4129,1.4156,20016.486074
2026-03-24 02:30:00,1.4155,1.4162,1.4139,1.4152,32271.047738
2026-03-24 02:35:00,1.4152,1.4167,1.4124,1.4124,131708.103883
2026-03-24 02:40:00,1.4122,1.4145,1.4103,1.4138,54725.716227
2026-03-24 02:45:00,1.4135,1.4145,1.4119,1.4134,49239.457424
2026-03-24 02:50:00,1.413,1.413,1.411,1.4115,23329.422276
2026-03-24 02:55:00,1.4114,1.4116,1.409,1.4091,105129.696973
2026-03-24 03:00:00,1.4092,1.4107,1.4088,1.4107,50322.782042
2026-03-24 03:05:00,1.4108,1.4116,1.4089,1.4092,66334.0228
2026-03-24 03:10:00,1.409,1.4112,1.4088,1.4104,17556.200083
2026-03-24 03:15:00,1.4108,1.4118,1.4104,1.4105,16921.236799
2026-03-24 03:20:00,1.4107,1.4128,1.4104,1.4114,25309.271671
2026-03-24 03:25:00,1.4114,1.4125,1.4108,1.4117,12715.034219
2026-03-24 03:30:00,1.4118,1.4122,1.4102,1.4113,7337.02862
2026-03-24 03:35:00,1.4115,1.4129,1.4107,1.412,15585.982068
2026-03-24 03:40:00,1.4124,1.4141,1.4124,1.4134,14923.819864
2026-03-24 03:45:00,1.4136,1.4145,1.4133,1.414,18061.088643
2026-03-24 03:50:00,1.4136,1.4155,1.4129,1.4155,25967.357633
2026-03-24 03:55:00,1.4157,1.4159,1.414,1.4147,16725.060622
2026-03-24 04:00:00,1.4148,1.4149,1.4132,1.414,22648.172405
2026-03-24 04:05:00,1.414,1.417,1.4134,1.4138,51185.594018
2026-03-24 04:10:00,1.4139,1.4143,1.4132,1.4137,36510.042843
2026-03-24 04:15:00,1.4137,1.4143,1.4117,1.4122,40956.980052
2026-03-24 04:20:00,1.4122,1.4129,1.4112,1.4126,22171.715282
2026-03-24 04:25:00,1.4124,1.4124,1.4114,1.4114,22109.706599
2026-03-24 04:30:00,1.4113,1.4113,1.4072,1.4086,101768.255667
2026-03-24 04:35:00,1.4086,1.4097,1.4082,1.409,29829.178663
2026-03-24 04:40:00,1.4091,1.4094,1.4081,1.4086,24731.988432
2026-03-24 04:45:00,1.4087,1.4091,1.4078,1.408,49562.564066
2026-03-24 04:50:00,1.4079,1.41,1.4069,1.4099,23054.978077
2026-03-24 04:55:00,1.4099,1.4099,1.4085,1.4089,3545.626231
2026-03-24 05:00:00,1.409,1.409,1.406,1.406,72423.134536
2026-03-24 05:05:00,1.406,1.4066,1.4052,1.4063,94218.020908
2026-03-24 05:10:00,1.4064,1.4097,1.4064,1.4089,60342.585907
2026-03-24 05:15:00,1.409,1.4147,1.409,1.4124,127367.170159
2026-03-24 05:20:00,1.4123,1.4135,1.4116,1.4128,52254.39382
2026-03-24 05:25:00,1.4129,1.4144,1.4119,1.4121,14800.025887
2026-03-24 05:30:00,1.4122,1.4136,1.412,1.4129,11015.430726
2026-03-24 05:35:00,1.4128,1.4146,1.4128,1.4139,29427.319043
2026-03-24 05:40:00,1.4137,1.4144,1.413,1.4139,31167.504444
2026-03-24 05:45:00,1.4138,1.4156,1.4138,1.4142,17334.952433
2026-03-24 05:50:00,1.4141,1.4151,1.4133,1.4148,26717.494722
2026-03-24 05:55:00,1.4145,1.4145,1.4136,1.414,12832.512613
2026-03-24 06:00:00,1.4138,1.4142,1.412,1.4122,97099.303607
2026-03-24 06:05:00,1.4122,1.4127,1.4107,1.4107,16089.744883
2026-03-24 06:10:00,1.4109,1.4118,1.4108,1.4113,50508.650592
2026-03-24 06:15:00,1.4114,1.4121,1.4105,1.4111,58406.433227
2026-03-24 06:20:00,1.411,1.415,1.411,1.4116,28617.498116
2026-03-24 06:25:00,1.4113,1.4126,1.411,1.4123,27980.937888
2026-03-24 06:30:00,1.4124,1.4151,1.4124,1.4138,19669.315114
2026-03-24 06:35:00,1.4138,1.4146,1.4136,1.414,6260.092064
2026-03-24 06:40:00,1.4141,1.4152,1.4133,1.4133,6337.166161
2026-03-24 06:45:00,1.4134,1.4143,1.4124,1.4131,64088.116901
2026-03-24 06:50:00,1.4132,1.4142,1.4105,1.4138,83143.84848
2026-03-24 06:55:00,1.4139,1.4172,1.4137,1.416,49418.851741
2026-03-24 07:00:00,1.4158,1.417,1.4145,1.4169,14309.164358
2026-03-24 07:05:00,1.4169,1.4224,1.4168,1.4217,100384.896873
2026-03-24 07:10:00,1.4218,1.4257,1.4213,1.4235,70715.996697
2026-03-24 07:15:00,1.4237,1.4251,1.4212,1.422,36189.039541
2026-03-24 07:20:00,1.4221,1.4241,1.4216,1.4225,50977.602863
2026-03-24 07:25:00,1.4225,1.4234,1.4217,1.4224,30042.126567
2026-03-24 07:30:00,1.4226,1.4246,1.4221,1.4236,37149.086536
2026-03-24 07:35:00,1.4238,1.4238,1.4216,1.4227,58233.310474
2026-03-24 07:40:00,1.4226,1.4234,1.422,1.4233,10519.306432
2026-03-24 07:45:00,1.4232,1.4251,1.4228,1.4248,33439.212534
2026-03-24 07:50:00,1.4247,1.4262,1.4241,1.4258,40994.515545
2026-03-24 07:55:00,1.4257,1.4325,1.4257,1.4314,131608.360968
2026-03-24 08:00:00,1.4315,1.4344,1.4271,1.4283,667879.518022
2026-03-24 08:05:00,1.4283,1.4299,1.4264,1.4279,39606.703008
2026-03-24 08:10:00,1.4282,1.4291,1.4275,1.4283,44160.38398
2026-03-24 08:15:00,1.4283,1.4283,1.4242,1.4242,113096.058872
2026-03-24 08:20:00,1.4241,1.4243,1.4223,1.4226,73724.960427
2026-03-24 08:25:00,1.4226,1.4232,1.422,1.422,13306.709921
2026-03-24 08:30:00,1.4219,1.4219,1.4204,1.4204,37499.901952
2026-03-24 08:35:00,1.4204,1.4241,1.4196,1.4241,64274.749657
2026-03-24 08:40:00,1.4238,1.4238,1.4201,1.4217,48374.551307
2026-03-24 08:45:00,1.4212,1.4223,1.4184,1.4184,191087.042174
2026-03-24 08:50:00,1.4186,1.4191,1.4136,1.4183,749635.984822
2026-03-24 08:55:00,1.4183,1.4185,1.4163,1.4173,58836.099563
2026-03-24 09:00:00,1.4172,1.4176,1.4152,1.4171,66832.589997
2026-03-24 09:05:00,1.4172,1.4173,1.4154,1.4162,89359.929894
2026-03-24 09:10:00,1.4163,1.4166,1.4141,1.4145,46793.146109
2026-03-24 09:15:00,1.4144,1.4169,1.4134,1.4166,41945.702698
2026-03-24 09:20:00,1.4165,1.4165,1.4146,1.4159,20319.758629
2026-03-24 09:25:00,1.416,1.4173,1.416,1.416,28498.308309
2026-03-24 09:30:00,1.4155,1.417,1.4142,1.4158,64451.413909
2026-03-24 09:35:00,1.4158,1.4178,1.4157,1.4178,23225.199623
2026-03-24 09:40:00,1.418,1.4209,1.418,1.4208,56861.76407
2026-03-24 09:45:00,1.4207,1.4215,1.4202,1.4213,42116.900567
2026-03-24 09:50:00,1.4214,1.4239,1.4206,1.4234,164687.584693
2026-03-24 09:55:00,1.4233,1.4243,1.4231,1.4235,94112.21559
2026-03-24 10:00:00,1.4235,1.4237,1.4191,1.4205,79172.684567
2026-03-24 10:05:00,1.4206,1.4219,1.4205,1.4218,26804.380262
2026-03-24 10:10:00,1.4219,1.4219,1.4194,1.4202,99168.509547
2026-03-24 10:15:00,1.4202,1.4203,1.419,1.4198,26659.156764
2026-03-24 10:20:00,1.4197,1.4209,1.419,1.4196,36014.888002
2026-03-24 10:25:00,1.4197,1.4198,1.4185,1.4185,25034.24817
2026-03-24 10:30:00,1.4185,1.4185,1.4168,1.4171,35200.038302
2026-03-24 10:35:00,1.4171,1.4195,1.4171,1.4192,11356.34792
2026-03-24 10:40:00,1.4193,1.42,1.4183,1.4189,38558.853482
2026-03-24 10:45:00,1.4188,1.4188,1.4175,1.4184,11002.013393
2026-03-24 10:50:00,1.4184,1.4188,1.418,1.4186,23848.220622
2026-03-24 10:55:00,1.4187,1.4219,1.4187,1.4218,24503.887111
2026-03-24 11:00:00,1.4217,1.4218,1.4151,1.4154,67878.35947
2026-03-24 11:05:00,1.4162,1.4202,1.4161,1.4202,44778.988413
2026-03-24 11:10:00,1.4201,1.4212,1.4179,1.4188,111717.094599
2026-03-24 11:15:00,1.4189,1.4189,1.416,1.4171,80071.095884
2026-03-24 11:20:00,1.4176,1.4186,1.4174,1.4184,25147.640466
2026-03-24 11:25:00,1.4183,1.4204,1.4176,1.4192,7005.344856
2026-03-24 11:30:00,1.4191,1.4222,1.4187,1.4222,18397.322867
2026-03-24 11:35:00,1.4223,1.4261,1.4217,1.4233,396665.788243
2026-03-24 11:40:00,1.4231,1.4236,1.4219,1.4219,26691.62276
2026-03-24 11:45:00,1.4219,1.4236,1.4214,1.4234,125668.314094
2026-03-24 11:50:00,1.4234,1.4236,1.4192,1.4211,145865.249103
2026-03-24 11:55:00,1.4208,1.4235,1.4206,1.4234,25434.236798
2026-03-24 12:00:00,1.4236,1.4236,1.4198,1.4199,18490.683053
2026-03-24 12:05:00,1.4198,1.4208,1.4193,1.4208,11446.182154
2026-03-24 12:10:00,1.4209,1.4218,1.4191,1.4206,28014.632532
2026-03-24 12:15:00,1.4205,1.4212,1.4199,1.4202,35728.005461
2026-03-24 12:20:00,1.4199,1.421,1.4196,1.4208,16061.449547
2026-03-24 12:25:00,1.4208,1.4212,1.4199,1.4203,30463.769259
2026-03-24 12:30:00,1.42,1.4201,1.4144,1.4157,47114.25805
2026-03-24 12:35:00,1.416,1.4172,1.4144,1.4158,35896.977589
2026-03-24 12:40:00,1.4159,1.4181,1.4159,1.4169,15478.01621
2026-03-24 12:45:00,1.4167,1.4181,1.4161,1.4166,29846.496274
2026-03-24 12:50:00,1.4166,1.4189,1.4163,1.4178,18223.981688
2026-03-24 12:55:00,1.4179,1.4179,1.4162,1.4166,10478.400442
2026-03-24 13:00:00,1.4161,1.418,1.416,1.4164,28278.883682
2026-03-24 13:05:00,1.4164,1.418,1.411,1.4125,94766.76069
2026-03-24 13:10:00,1.4126,1.4146,1.4122,1.4136,24467.827699
2026-03-24 13:15:00,1.4139,1.4143,1.4098,1.4098,48090.235825
2026-03-24 13:20:00,1.4097,1.4131,1.4097,1.4126,26451.158984
2026-03-24 13:25:00,1.413,1.4141,1.4124,1.4141,16153.483564
2026-03-24 13:30:00,1.414,1.4171,1.4139,1.4154,46159.242712
2026-03-24 13:35:00,1.4154,1.4157,1.4082,1.409,109150.36856
2026-03-24 13:40:00,1.4087,1.4102,1.4039,1.4045,226334.477233
2026-03-24 13:45:00,1.4045,1.4074,1.4029,1.4042,63429.58873
2026-03-24 13:50:00,1.4046,1.4066,1.4012,1.4033,219054.505545
2026-03-24 13:55:00,1.4035,1.4055,1.4006,1.4027,41010.74233
2026-03-24 14:00:00,1.4027,1.4055,1.4024,1.4049,68515.902956
2026-03-24 14:05:00,1.4054,1.4079,1.4033,1.4067,64946.053605
2026-03-24 14:10:00,1.4068,1.4068,1.3975,1.4003,189844.882213
2026-03-24 14:15:00,1.4001,1.4006,1.3974,1.3992,96143.378536
2026-03-24 14:20:00,1.3989,1.4007,1.3978,1.3995,44256.092922
2026-03-24 14:25:00,1.3992,1.4049,1.3984,1.4027,130649.10221
2026-03-24 14:30:00,1.4026,1.4042,1.4011,1.4039,123782.706386
2026-03-24 14:35:00,1.4039,1.4039,1.399,1.3993,57306.200451
2026-03-24 14:40:00,1.3989,1.4002,1.3978,1.4001,54803.732326
2026-03-24 14:45:00,1.4002,1.4012,1.3966,1.3975,105618.163627
2026-03-24 14:50:00,1.3971,1.4091,1.3956,1.4057,394999.002161
2026-03-24 14:55:00,1.4058,1.407,1.3995,1.4021,461593.140778
2026-03-24 15:00:00,1.4022,1.4054,1.4022,1.4033,73307.353806
2026-03-24 15:05:00,1.4032,1.4044,1.4011,1.4015,103058.357865
2026-03-24 15:10:00,1.4015,1.4041,1.4005,1.4034,79621.547113
2026-03-24 15:15:00,1.4033,1.4044,1.4021,1.4033,84626.404375
2026-03-24 15:20:00,1.4031,1.4075,1.4021,1.4073,132134.47096
2026-03-24 15:25:00,1.4072,1.4084,1.4043,1.4044,78978.340171
2026-03-24 15:30:00,1.4046,1.4051,1.4009,1.4033,58173.759036
2026-03-24 15:35:00,1.4033,1.4082,1.4032,1.4067,61834.307922
2026-03-24 15:40:00,1.4066,1.4075,1.4043,1.4043,27535.122066
2026-03-24 15:45:00,1.4042,1.4052,1.4033,1.405,13992.354095
2026-03-24 15:50:00,1.4052,1.4062,1.4042,1.4043,45569.800655
2026-03-24 15:55:00,1.4042,1.4042,1.4006,1.4011,67860.063445
2026-03-24 16:00:00,1.401,1.4013,1.3998,1.4009,33755.765152
2026-03-24 16:05:00,1.4012,1.4025,1.4007,1.4016,31077.595669
2026-03-24 16:10:00,1.4017,1.4025,1.4011,1.4025,20514.942123
2026-03-24 16:15:00,1.4028,1.404,1.402,1.4028,29959.612823
2026-03-24 16:20:00,1.4026,1.4026,1.4001,1.4001,27029.56395
2026-03-24 16:25:00,1.4001,1.4001,1.3972,1.3981,38250.946357
2026-03-24 16:30:00,1.3984,1.3988,1.3961,1.3968,105285.597333
2026-03-24 16:35:00,1.3968,1.397,1.389,1.3906,304335.501648
2026-03-24 16:40:00,1.3904,1.3939,1.3899,1.3939,50188.731433
2026-03-24 16:45:00,1.3941,1.3945,1.3906,1.3926,67317.423253
2026-03-24 16:50:00,1.393,1.394,1.393,1.3932,5667.572261
2026-03-24 16:55:00,1.3925,1.3926,1.3904,1.3908,50653.346084
2026-03-24 17:00:00,1.3911,1.3921,1.3885,1.39,48924.53589
2026-03-24 17:05:00,1.3899,1.3905,1.3873,1.3891,169785.692773
2026-03-24 17:10:00,1.389,1.3919,1.3888,1.3918,33985.03545
2026-03-24 17:15:00,1.3916,1.3938,1.3911,1.3918,37549.781335
2026-03-24 17:20:00,1.392,1.3929,1.3913,1.3914,19818.664709
2026-03-24 17:25:00,1.3912,1.3912,1.3892,1.3899,27678.660355
2026-03-24 17:30:00,1.3898,1.3907,1.3876,1.3881,78471.606747
2026-03-24 17:35:00,1.3879,1.3908,1.3869,1.3899,116008.589006
2026-03-24 17:40:00,1.3897,1.3907,1.3839,1.3849,129838.139714
2026-03-24 17:45:00,1.3851,1.3871,1.3848,1.387,40205.490857
2026-03-24 17:50:00,1.387,1.3895,1.3866,1.3871,30184.760398
2026-03-24 17:55:00,1.387,1.3899,1.3861,1.3883,91525.501596
2026-03-24 18:00:00,1.3884,1.39,1.3874,1.3889,66587.591646
2026-03-24 18:05:00,1.3888,1.3909,1.388,1.3904,41021.861317
2026-03-24 18:10:00,1.3904,1.3905,1.3892,1.3898,31083.177817
2026-03-24 18:15:00,1.3897,1.391,1.3878,1.3895,201289.113419
2026-03-24 18:20:00,1.3891,1.3897,1.3878,1.3895,42822.950101
2026-03-24 18:25:00,1.3896,1.3904,1.3887,1.3891,19073.85998
2026-03-24 18:30:00,1.3894,1.3923,1.3889,1.3907,41788.047525
2026-03-24 18:35:00,1.3907,1.3952,1.3907,1.3952,85896.689366
2026-03-24 18:40:00,1.3952,1.3952,1.3894,1.3907,40168.475941
2026-03-24 18:45:00,1.3908,1.3908,1.3891,1.3894,42994.886475
2026-03-24 18:50:00,1.3897,1.3907,1.3888,1.3896,27041.97689
2026-03-24 18:55:00,1.3895,1.3896,1.3881,1.3889,15803.501449
2026-03-24 19:00:00,1.389,1.3909,1.389,1.3902,16223.341609
2026-03-24 19:05:00,1.3901,1.3925,1.3897,1.3922,22466.655353
2026-03-24 19:10:00,1.3924,1.3928,1.3917,1.3925,10874.125448
2026-03-24 19:15:00,1.3925,1.3935,1.3922,1.3933,32662.007708
2026-03-24 19:20:00,1.393,1.3938,1.3923,1.3933,64732.712229
2026-03-24 19:25:00,1.3932,1.3934,1.3922,1.3923,24118.718553
2026-03-24 19:30:00,1.3922,1.3927,1.3907,1.3911,56095.771342
2026-03-24 19:35:00,1.3911,1.3919,1.3909,1.3915,13302.411801
2026-03-24 19:40:00,1.3917,1.392,1.3907,1.3908,18416.880866
2026-03-24 19:45:00,1.3906,1.3908,1.3888,1.389,47888.51557
2026-03-24 19:50:00,1.3892,1.3899,1.3886,1.389,22685.637818
2026-03-24 19:55:00,1.3892,1.3896,1.3874,1.3879,182270.056262
2026-03-24 20:00:00,1.3878,1.3887,1.3863,1.387,78898.645225
2026-03-24 20:05:00,1.3868,1.3877,1.3867,1.3868,26811.867065
2026-03-24 20:10:00,1.3868,1.3881,1.3867,1.3881,24866.326199
2026-03-24 20:15:00,1.3883,1.39,1.3881,1.39,23695.995619
2026-03-24 20:20:00,1.3901,1.4024,1.3901,1.4019,215097.531185
2026-03-24 20:25:00,1.402,1.4086,1.4018,1.4029,229734.731612
2026-03-24 20:30:00,1.403,1.4075,1.403,1.4032,65097.514376
2026-03-24 20:35:00,1.4032,1.4083,1.4022,1.407,323652.930861
2026-03-24 20:40:00,1.4072,1.4082,1.4048,1.4069,191410.75492
2026-03-24 20:45:00,1.4073,1.409,1.4044,1.4086,39476.390968
2026-03-24 20:50:00,1.4085,1.413,1.4069,1.4097,260840.668766
2026-03-24 20:55:00,1.4098,1.4109,1.4094,1.41,80121.453892
2026-03-24 21:00:00,1.4099,1.4117,1.4099,1.411,51987.514572
2026-03-24 21:05:00,1.4109,1.4111,1.4063,1.4066,56969.31438
2026-03-24 21:10:00,1.4067,1.4074,1.405,1.4073,191133.398978
2026-03-24 21:15:00,1.4071,1.4075,1.4052,1.4064,49174.238984
2026-03-24 21:20:00,1.4064,1.407,1.4056,1.4056,39171.315553
2026-03-24 21:25:00,1.4056,1.4095,1.4056,1.4094,71981.267306
2026-03-24 21:30:00,1.4094,1.4107,1.4083,1.4091,26251.009325
2026-03-24 21:35:00,1.4089,1.4108,1.4089,1.4098,36145.363178
2026-03-24 21:40:00,1.4102,1.4145,1.4096,1.4125,72585.355752
2026-03-24 21:45:00,1.4124,1.4142,1.411,1.4129,57488.697207
2026-03-24 21:50:00,1.4129,1.4129,1.4104,1.4115,15402.721928
2026-03-24 21:55:00,1.4116,1.4133,1.4109,1.4132,60203.002241
2026-03-24 22:00:00,1.413,1.4137,1.4097,1.4105,109367.160134
2026-03-24 22:05:00,1.4104,1.4146,1.4104,1.413,44974.245258
2026-03-24 22:10:00,1.4132,1.4143,1.4124,1.4139,88749.864117
2026-03-24 22:15:00,1.4138,1.4138,1.412,1.4125,47431.742819
2026-03-24 22:20:00,1.4125,1.4142,1.4123,1.4134,47164.549073
2026-03-24 22:25:00,1.4134,1.4138,1.4105,1.4105,77213.594164
2026-03-24 22:30:00,1.4104,1.4116,1.408,1.4097,82634.31563
2026-03-24 22:35:00,1.4097,1.4101,1.4087,1.4093,26924.312589
2026-03-24 22:40:00,1.4092,1.4105,1.4089,1.4099,10847.382056
2026-03-24 22:45:00,1.41,1.4121,1.4099,1.4119,36183.477116
2026-03-24 22:50:00,1.4121,1.4124,1.4101,1.4109,36018.199833
2026-03-24 22:55:00,1.4111,1.4119,1.4108,1.4111,33699.827647
2026-03-24 23:00:00,1.4113,1.4117,1.4102,1.4106,41694.62384
2026-03-24 23:05:00,1.4106,1.413,1.4094,1.413,70460.701588
2026-03-24 23:10:00,1.4128,1.4132,1.4117,1.4117,29202.314478
2026-03-24 23:15:00,1.4116,1.4132,1.4116,1.4124,38632.229487
2026-03-24 23:20:00,1.4125,1.4154,1.4122,1.4131,127517.584764
2026-03-24 23:25:00,1.4136,1.4178,1.4136,1.4164,69653.327146
2026-03-24 23:30:00,1.4166,1.4173,1.4153,1.4162,68986.96024
2026-03-24 23:35:00,1.4163,1.4181,1.416,1.4174,29010.249371
2026-03-24 23:40:00,1.4173,1.4174,1.4147,1.4147,22969.100569
2026-03-24 23:45:00,1.4149,1.4162,1.4146,1.416,10109.656936
2026-03-24 23:50:00,1.4162,1.4163,1.4154,1.416,19836.440634
2026-03-24 23:55:00,1.416,1.4162,1.4153,1.4159,19006.772655
2026-03-25 00:00:00,1.4159,1.4167,1.4142,1.4156,98707.312075
2026-03-25 00:05:00,1.4157,1.4171,1.4146,1.4167,31543.785017
2026-03-25 00:10:00,1.4171,1.4211,1.4171,1.4209,141967.423986
2026-03-25 00:15:00,1.4209,1.4209,1.4169,1.4176,37244.81165
2026-03-25 00:20:00,1.4176,1.4181,1.4171,1.4177,37939.41489
2026-03-25 00:25:00,1.4179,1.4185,1.4163,1.4167,77595.974398
2026-03-25 00:30:00,1.4168,1.4205,1.4123,1.4201,146823.83136
2026-03-25 00:35:00,1.4201,1.4228,1.4192,1.4222,101600.786185
2026-03-25 00:40:00,1.4222,1.4249,1.422,1.4227,141043.263785
2026-03-25 00:45:00,1.423,1.4243,1.4213,1.4213,106596.254443
2026-03-25 00:50:00,1.4211,1.4217,1.4203,1.4208,49522.20134
2026-03-25 00:55:00,1.4209,1.4214,1.4203,1.4203,31849.624995
2026-03-25 01:00:00,1.4202,1.4207,1.4189,1.4195,71216.476468
2026-03-25 01:05:00,1.4195,1.42,1.4179,1.4199,49192.542801
2026-03-25 01:10:00,1.4202,1.4222,1.4187,1.4187,37491.789132
2026-03-25 01:15:00,1.4186,1.419,1.4158,1.4158,42370.504994
2026-03-25 01:20:00,1.4159,1.4189,1.4159,1.418,46056.449034
2026-03-25 01:25:00,1.4176,1.4193,1.4176,1.4193,8551.498316
2026-03-25 01:30:00,1.4192,1.4196,1.4177,1.4182,40038.150964
2026-03-25 01:35:00,1.4187,1.4205,1.4186,1.4191,15228.050409
2026-03-25 01:40:00,1.419,1.4223,1.4185,1.4206,57535.550383
2026-03-25 01:45:00,1.4202,1.4204,1.4189,1.4195,14095.051217
2026-03-25 01:50:00,1.4197,1.4206,1.4184,1.4191,26499.907459
2026-03-25 01:55:00,1.4191,1.4195,1.4169,1.4169,30683.02633
2026-03-25 02:00:00,1.417,1.4173,1.4152,1.4164,22915.655092
2026-03-25 02:05:00,1.4164,1.4165,1.4155,1.4156,26012.602521
2026-03-25 02:10:00,1.4155,1.416,1.4146,1.4154,39705.344823
2026-03-25 02:15:00,1.4155,1.4164,1.4144,1.4148,44840.672463
2026-03-25 02:20:00,1.4143,1.4157,1.4142,1.4149,18092.616714
2026-03-25 02:25:00,1.4149,1.4152,1.4134,1.4134,45441.870313
2026-03-25 02:30:00,1.4134,1.4139,1.4118,1.4127,71032.375648
2026-03-25 02:35:00,1.4125,1.4146,1.4125,1.4135,81100.555113
2026-03-25 02:40:00,1.4138,1.4146,1.4127,1.4143,103258.75924
2026-03-25 02:45:00,1.4144,1.4158,1.4126,1.4126,35079.625294
2026-03-25 02:50:00,1.4127,1.4132,1.4115,1.4122,32673.515046
2026-03-25 02:55:00,1.4119,1.412,1.4104,1.4105,53962.207969
2026-03-25 03:00:00,1.4106,1.4107,1.4094,1.4097,36801.408024
2026-03-25 03:05:00,1.4097,1.4101,1.4085,1.4087,24466.776624
2026-03-25 03:10:00,1.4088,1.4092,1.4071,1.4088,40612.43819
2026-03-25 03:15:00,1.4088,1.4091,1.407,1.4085,75885.025675
2026-03-25 03:20:00,1.4085,1.4087,1.4075,1.4087,18154.962874
2026-03-25 03:25:00,1.4087,1.4107,1.4084,1.4106,12821.749561
2026-03-25 03:30:00,1.4107,1.4127,1.4107,1.4116,60663.940408
2026-03-25 03:35:00,1.4116,1.4141,1.4116,1.413,60833.617916
2026-03-25 03:40:00,1.413,1.4132,1.4124,1.4128,10180.321128
2026-03-25 03:45:00,1.4129,1.414,1.4129,1.4136,63133.68976
2026-03-25 03:50:00,1.4136,1.4147,1.4136,1.4143,83931.067367
2026-03-25 03:55:00,1.4143,1.4147,1.4131,1.4134,29554.693395
2026-03-25 04:00:00,1.4134,1.4142,1.4129,1.4141,16175.897347
2026-03-25 04:05:00,1.414,1.4162,1.414,1.4159,62999.715834
2026-03-25 04:10:00,1.4159,1.4164,1.4155,1.4156,36907.403714
2026-03-25 04:15:00,1.4156,1.4156,1.4144,1.4154,18237.017697
2026-03-25 04:20:00,1.4154,1.4154,1.4128,1.4139,45106.726068
2026-03-25 04:25:00,1.4138,1.4147,1.4132,1.4135,44256.712708
2026-03-25 04:30:00,1.4137,1.4137,1.4115,1.4115,13445.119995
2026-03-25 04:35:00,1.4118,1.4124,1.4111,1.4116,14085.105605
2026-03-25 04:40:00,1.4119,1.4122,1.4114,1.4118,31812.725792
2026-03-25 04:45:00,1.4119,1.4121,1.4116,1.4119,7788.110317
2026-03-25 04:50:00,1.4119,1.4136,1.4119,1.4136,6403.37251
2026-03-25 04:55:00,1.4137,1.4173,1.4137,1.416,98660.122419
2026-03-25 05:00:00,1.4161,1.4166,1.4151,1.4162,25323.228172
2026-03-25 05:05:00,1.4162,1.4231,1.4162,1.4222,168452.318114
2026-03-25 05:10:00,1.422,1.4233,1.4214,1.4218,63062.215219
2026-03-25 05:15:00,1.4217,1.4219,1.4195,1.4195,13270.765734
2026-03-25 05:20:00,1.4196,1.4206,1.4193,1.4203,42836.47312
2026-03-25 05:25:00,1.4201,1.4217,1.4194,1.4214,16945.707845
2026-03-25 05:30:00,1.4215,1.4222,1.4203,1.4204,9226.725874
2026-03-25 05:35:00,1.4206,1.4215,1.4196,1.4196,25146.732679
2026-03-25 05:40:00,1.4195,1.4201,1.4186,1.4198,25867.600713
2026-03-25 05:45:00,1.4198,1.42,1.419,1.4195,9918.670774
2026-03-25 05:50:00,1.4195,1.4197,1.4185,1.4185,10971.290642
2026-03-25 05:55:00,1.4186,1.4187,1.4173,1.4179,39217.370209
2026-03-25 06:00:00,1.4179,1.4193,1.4176,1.418,56964.017331
2026-03-25 06:05:00,1.4181,1.4185,1.4167,1.4169,42690.291359
2026-03-25 06:10:00,1.417,1.4172,1.4163,1.417,17728.622026
2026-03-25 06:15:00,1.4172,1.4186,1.417,1.4178,12345.699557
2026-03-25 06:20:00,1.4178,1.4222,1.4178,1.4211,40552.268305
2026-03-25 06:25:00,1.4211,1.4231,1.4205,1.4226,49822.919725
2026-03-25 06:30:00,1.4227,1.4228,1.421,1.4222,81131.054979
2026-03-25 06:35:00,1.4225,1.4225,1.4212,1.4212,35501.375483
2026-03-25 06:40:00,1.4212,1.4217,1.4208,1.4209,60864.764428
2026-03-25 06:45:00,1.4209,1.4217,1.4208,1.4208,69417.355369
2026-03-25 06:50:00,1.4208,1.422,1.4201,1.4217,23824.75777
2026-03-25 06:55:00,1.4217,1.4217,1.4175,1.4179,111292.453345
2026-03-25 07:00:00,1.418,1.4204,1.4171,1.4191,32694.255155
2026-03-25 07:05:00,1.4193,1.4198,1.4191,1.4197,13651.797984
2026-03-25 07:10:00,1.4198,1.4227,1.4198,1.4225,12184.948504
2026-03-25 07:15:00,1.4226,1.4226,1.421,1.421,39227.922096
2026-03-25 07:20:00,1.421,1.421,1.4193,1.4206,41061.712168
2026-03-25 07:25:00,1.4206,1.4206,1.4194,1.4196,11018.143815
2026-03-25 07:30:00,1.4198,1.4238,1.4197,1.4237,27026.820157
2026-03-25 07:35:00,1.4238,1.4266,1.4231,1.4248,129165.693995
2026-03-25 07:40:00,1.4249,1.4263,1.4233,1.4242,85430.207035
2026-03-25 07:45:00,1.4243,1.4243,1.419,1.4211,69106.426241
2026-03-25 07:50:00,1.4212,1.4215,1.4199,1.4207,28567.252952
2026-03-25 07:55:00,1.4207,1.4207,1.42,1.4201,17357.838339
2026-03-25 08:00:00,1.4202,1.4266,1.4202,1.4216,840427.164347
2026-03-25 08:05:00,1.4216,1.4226,1.4196,1.4201,58383.824328
2026-03-25 08:10:00,1.4202,1.4203,1.4183,1.4183,42617.611178
2026-03-25 08:15:00,1.4188,1.4211,1.4188,1.421,36159.995832
2026-03-25 08:20:00,1.4209,1.4215,1.419,1.4191,11150.683221
2026-03-25 08:25:00,1.4191,1.4226,1.4181,1.4197,73341.255577
2026-03-25 08:30:00,1.4195,1.4256,1.4176,1.4243,327704.789382
2026-03-25 08:35:00,1.4243,1.4243,1.4198,1.4209,80120.116644
2026-03-25 08:40:00,1.421,1.4242,1.4209,1.4238,132378.781792
2026-03-25 08:45:00,1.4238,1.4241,1.4221,1.4221,52259.882533
2026-03-25 08:50:00,1.4221,1.4227,1.4199,1.4199,38017.723862
2026-03-25 08:55:00,1.4199,1.4207,1.4187,1.4194,56843.703105
2026-03-25 09:00:00,1.4194,1.4208,1.4183,1.4201,29246.01602
2026-03-25 09:05:00,1.4199,1.421,1.419,1.419,75177.576195
2026-03-25 09:10:00,1.4194,1.4198,1.4183,1.4184,100584.26275
2026-03-25 09:15:00,1.4187,1.42,1.4187,1.4199,6966.799965
2026-03-25 09:20:00,1.4199,1.4214,1.4175,1.4182,49732.570753
2026-03-25 09:25:00,1.4179,1.4185,1.4173,1.4176,28560.650337
2026-03-25 09:30:00,1.4178,1.4184,1.4161,1.4164,44844.456269
2026-03-25 09:35:00,1.4164,1.4166,1.4153,1.4153,112295.93615
2026-03-25 09:40:00,1.4157,1.4172,1.4123,1.4168,814475.423779
2026-03-25 09:45:00,1.4169,1.4169,1.413,1.4149,37757.86144
2026-03-25 09:50:00,1.4149,1.4165,1.4147,1.4161,35305.147055
2026-03-25 09:55:00,1.4162,1.4191,1.4162,1.4179,77594.486959
2026-03-25 10:00:00,1.418,1.4194,1.4168,1.4169,25603.202692
2026-03-25 10:05:00,1.4169,1.4198,1.4169,1.4193,23025.522802
2026-03-25 10:10:00,1.4196,1.421,1.4196,1.4206,33752.19485
2026-03-25 10:15:00,1.4206,1.4208,1.4197,1.4202,26756.011808
2026-03-25 10:20:00,1.4202,1.4207,1.4191,1.4194,12639.530629
2026-03-25 10:25:00,1.4195,1.4207,1.4195,1.4205,11336.107482
2026-03-25 10:30:00,1.4207,1.4217,1.4196,1.4203,44558.798338
2026-03-25 10:35:00,1.4205,1.4227,1.4205,1.4214,28476.464094
2026-03-25 10:40:00,1.4213,1.4216,1.4199,1.4213,84834.864944
2026-03-25 10:45:00,1.4214,1.4228,1.4211,1.4227,50078.583317
2026-03-25 10:50:00,1.4227,1.4239,1.4225,1.4237,35334.475485
2026-03-25 10:55:00,1.4238,1.4239,1.4226,1.4228,25285.663658
2026-03-25 11:00:00,1.4228,1.4244,1.4227,1.4243,41748.904059
2026-03-25 11:05:00,1.4243,1.426,1.4237,1.4259,68971.807753
2026-03-25 11:10:00,1.4259,1.4313,1.4258,1.4308,266937.974509
2026-03-25 11:15:00,1.4311,1.438,1.4298,1.4308,1213487.791352
2026-03-25 11:20:00,1.4304,1.4319,1.4294,1.431,87900.755913
2026-03-25 11:25:00,1.4308,1.4363,1.4308,1.4335,267817.408398
2026-03-25 11:30:00,1.4334,1.4374,1.4334,1.435,164264.944711
2026-03-25 11:35:00,1.435,1.436,1.4334,1.4341,169559.841562
2026-03-25 11:40:00,1.4343,1.4343,1.4311,1.4318,80470.212882
2026-03-25 11:45:00,1.4318,1.4322,1.4247,1.4258,143027.121319
2026-03-25 11:50:00,1.4259,1.4284,1.4259,1.4278,75890.073429
2026-03-25 11:55:00,1.4279,1.4289,1.4266,1.4287,29117.093104
2026-03-25 12:00:00,1.429,1.4303,1.4289,1.43,71401.223596
2026-03-25 12:05:00,1.4302,1.4322,1.4281,1.4281,183755.399194
2026-03-25 12:10:00,1.428,1.4296,1.4264,1.4269,87644.884495
2026-03-25 12:15:00,1.427,1.4273,1.4187,1.4202,192369.806458
2026-03-25 12:20:00,1.4198,1.421,1.4138,1.4166,196288.114103
2026-03-25 12:25:00,1.4164,1.4197,1.4164,1.4182,250803.602596
2026-03-25 12:30:00,1.4181,1.4186,1.4159,1.4179,163380.573195
2026-03-25 12:35:00,1.4179,1.4197,1.4179,1.4191,92157.683773
2026-03-25 12:40:00,1.4192,1.4205,1.4175,1.4175,69844.293402
2026-03-25 12:45:00,1.4174,1.4181,1.4165,1.4178,138058.846846
2026-03-25 12:50:00,1.4178,1.4184,1.416,1.4184,199523.341848
2026-03-25 12:55:00,1.4193,1.4269,1.4191,1.4223,221628.230978
2026-03-25 13:00:00,1.4226,1.4251,1.4196,1.424,117975.642335
2026-03-25 13:05:00,1.4245,1.4254,1.4231,1.4231,97552.269109
2026-03-25 13:10:00,1.4236,1.4255,1.4235,1.425,21937.898878
2026-03-25 13:15:00,1.4249,1.4249,1.4226,1.4249,28513.748531
2026-03-25 13:20:00,1.425,1.4258,1.4232,1.4232,24674.259545
2026-03-25 13:25:00,1.4235,1.4237,1.4226,1.4226,27972.231674
2026-03-25 13:30:00,1.4225,1.427,1.4222,1.4249,76953.334641
2026-03-25 13:35:00,1.425,1.4294,1.425,1.4264,68601.104226
2026-03-25 13:40:00,1.4264,1.4276,1.4218,1.4221,83207.656792
2026-03-25 13:45:00,1.4221,1.4246,1.4214,1.4214,103493.680069
2026-03-25 13:50:00,1.4213,1.422,1.4184,1.42,64341.465737
2026-03-25 13:55:00,1.4199,1.4222,1.4193,1.4204,38447.493612
2026-03-25 14:00:00,1.4206,1.4223,1.4172,1.4191,71099.574894
2026-03-25 14:05:00,1.419,1.4208,1.4172,1.4192,185836.059878
2026-03-25 14:10:00,1.4191,1.4191,1.4162,1.4183,73385.8865
2026-03-25 14:15:00,1.4185,1.422,1.418,1.4188,80165.298644
2026-03-25 14:20:00,1.419,1.4213,1.4172,1.4176,54950.64719
2026-03-25 14:25:00,1.4178,1.4215,1.4174,1.4185,55437.447326
2026-03-25 14:30:00,1.4187,1.42,1.4176,1.4199,26179.92238
2026-03-25 14:35:00,1.42,1.4209,1.4172,1.4177,30536.092379
2026-03-25 14:40:00,1.4177,1.4192,1.4173,1.418,17333.094964
2026-03-25 14:45:00,1.4176,1.419,1.417,1.4187,49491.690332
2026-03-25 14:50:00,1.4187,1.4193,1.4163,1.4164,57087.826973
2026-03-25 14:55:00,1.4164,1.417,1.415,1.4153,53325.555608
2026-03-25 15:00:00,1.4154,1.4168,1.4149,1.4161,74051.996591
2026-03-25 15:05:00,1.4161,1.4165,1.4094,1.4101,183446.409501
2026-03-25 15:10:00,1.4101,1.4111,1.4075,1.4087,113981.773722
2026-03-25 15:15:00,1.4082,1.4089,1.4018,1.4048,222836.55954
2026-03-25 15:20:00,1.4049,1.4103,1.4049,1.4088,138112.736695
2026-03-25 15:25:00,1.4087,1.4099,1.407,1.4097,31273.077358
2026-03-25 15:30:00,1.4097,1.411,1.4087,1.409,99133.818699
2026-03-25 15:35:00,1.4092,1.4094,1.4055,1.4063,69627.211715
2026-03-25 15:40:00,1.4062,1.4069,1.4043,1.4053,53513.000042
2026-03-25 15:45:00,1.4053,1.4057,1.4042,1.4045,71166.227604
2026-03-25 15:50:00,1.4046,1.4067,1.4034,1.4037,100344.575818
2026-03-25 15:55:00,1.4038,1.4093,1.4038,1.4073,304594.230294
2026-03-25 16:00:00,1.4074,1.4081,1.4065,1.4065,139075.602207
2026-03-25 16:05:00,1.4066,1.4115,1.4047,1.4096,331613.356829
2026-03-25 16:10:00,1.4094,1.4094,1.4074,1.4087,114759.066531
2026-03-25 16:15:00,1.4087,1.4098,1.4073,1.4098,70786.987987
2026-03-25 16:20:00,1.4098,1.4131,1.4078,1.413,120429.776462
2026-03-25 16:25:00,1.413,1.4213,1.4126,1.4178,361906.661596
2026-03-25 16:30:00,1.4178,1.4187,1.4155,1.4166,119165.861967
2026-03-25 16:35:00,1.4164,1.4187,1.4158,1.4187,55943.19222
2026-03-25 16:40:00,1.4185,1.4199,1.4181,1.4189,27642.944748
2026-03-25 16:45:00,1.4186,1.4187,1.4161,1.4166,75770.938131
2026-03-25 16:50:00,1.4165,1.4176,1.4152,1.4171,28836.908239
2026-03-25 16:55:00,1.4173,1.4175,1.4151,1.4156,24399.599204
2026-03-25 17:00:00,1.4155,1.4174,1.4145,1.4161,118800.150666
2026-03-25 17:05:00,1.4161,1.4161,1.4142,1.4144,30802.167894
2026-03-25 17:10:00,1.4144,1.4157,1.4136,1.4152,43741.192497
2026-03-25 17:15:00,1.4151,1.4151,1.4131,1.4142,19693.959189
2026-03-25 17:20:00,1.4142,1.417,1.4136,1.416,28392.592265
2026-03-25 17:25:00,1.416,1.4171,1.4141,1.4141,46693.996443
2026-03-25 17:30:00,1.414,1.4141,1.4129,1.414,31609.424911
2026-03-25 17:35:00,1.4141,1.4149,1.4124,1.4137,42953.050342
2026-03-25 17:40:00,1.4135,1.4156,1.4131,1.4139,72525.347351
2026-03-25 17:45:00,1.414,1.4146,1.4134,1.4137,13025.221525
2026-03-25 17:50:00,1.4136,1.4144,1.4104,1.4109,47147.982615
2026-03-25 17:55:00,1.4108,1.4128,1.4102,1.4112,27832.265889
2026-03-25 18:00:00,1.4115,1.4128,1.4109,1.4124,29883.243591
2026-03-25 18:05:00,1.4121,1.4137,1.4116,1.4118,16085.518554
2026-03-25 18:10:00,1.4117,1.4144,1.4116,1.4144,139729.629351
2026-03-25 18:15:00,1.4146,1.4167,1.4146,1.4155,27336.886504
2026-03-25 18:20:00,1.4156,1.4186,1.4156,1.4183,63617.263984
2026-03-25 18:25:00,1.4183,1.4183,1.4165,1.4174,14296.338183
2026-03-25 18:30:00,1.4175,1.418,1.4164,1.4178,34396.025088
2026-03-25 18:35:00,1.4182,1.4182,1.4154,1.4158,15276.137588
2026-03-25 18:40:00,1.4159,1.416,1.4138,1.4148,7001.488005
2026-03-25 18:45:00,1.4147,1.4155,1.4144,1.4146,14509.440246
2026-03-25 18:50:00,1.4148,1.4155,1.4143,1.4155,4482.056895
2026-03-25 18:55:00,1.415,1.415,1.41,1.4128,56150.03818
2026-03-25 19:00:00,1.4127,1.4152,1.4112,1.4152,46004.231665
2026-03-25 19:05:00,1.4153,1.4154,1.4123,1.4126,44421.429882
2026-03-25 19:10:00,1.4127,1.4137,1.4113,1.4133,14376.895006
2026-03-25 19:15:00,1.4134,1.4139,1.4123,1.4134,22094.793301
2026-03-25 19:20:00,1.4132,1.4154,1.4132,1.4152,25466.835922
2026-03-25 19:25:00,1.4151,1.4156,1.4135,1.4144,39068.242896
2026-03-25 19:30:00,1.4146,1.4146,1.4125,1.4132,59179.196864
2026-03-25 19:35:00,1.4135,1.4144,1.4121,1.414,4860.49226
2026-03-25 19:40:00,1.4139,1.4151,1.4119,1.4119,6533.808143
2026-03-25 19:45:00,1.4117,1.4127,1.4115,1.4121,14283.733036
2026-03-25 19:50:00,1.4122,1.4133,1.4107,1.4108,31192.67892
2026-03-25 19:55:00,1.4108,1.4121,1.409,1.4118,132917.322761
2026-03-25 20:00:00,1.4121,1.4144,1.4117,1.4126,74586.407509
2026-03-25 20:05:00,1.4126,1.414,1.4121,1.4123,61990.745266
2026-03-25 20:10:00,1.4124,1.4133,1.4112,1.4133,61426.745059
2026-03-25 20:15:00,1.4133,1.4145,1.4127,1.4145,34492.512193
2026-03-25 20:20:00,1.4145,1.4148,1.4117,1.4127,40759.100494
2026-03-25 20:25:00,1.4128,1.413,1.4105,1.4113,59879.110181
2026-03-25 20:30:00,1.4114,1.4116,1.4099,1.4102,11439.754283
2026-03-25 20:35:00,1.4102,1.4118,1.4099,1.4118,49324.323282
2026-03-25 20:40:00,1.4115,1.4135,1.4112,1.4135,25028.237563
2026-03-25 20:45:00,1.4139,1.4143,1.4131,1.414,23856.826613
2026-03-25 20:50:00,1.414,1.4154,1.4139,1.4154,10770.46778
2026-03-25 20:55:00,1.4154,1.4154,1.4143,1.4145,8030.581568
2026-03-25 21:00:00,1.4147,1.4149,1.4123,1.4135,37965.175008
2026-03-25 21:05:00,1.4135,1.4156,1.4127,1.4156,17018.052099
2026-03-25 21:10:00,1.4157,1.4176,1.4156,1.4167,49150.129551
2026-03-25 21:15:00,1.4172,1.4175,1.4152,1.4157,72314.375905
2026-03-25 21:20:00,1.4157,1.4157,1.414,1.4142,7226.21148
2026-03-25 21:25:00,1.4141,1.4141,1.4123,1.4128,32294.285723
2026-03-25 21:30:00,1.4127,1.4137,1.4121,1.4131,25683.792847
2026-03-25 21:35:00,1.4129,1.414,1.4125,1.414,9326.914644
2026-03-25 21:40:00,1.4141,1.4156,1.4137,1.4147,19784.351585
2026-03-25 21:45:00,1.4146,1.4151,1.4131,1.4131,31397.442158
2026-03-25 21:50:00,1.4133,1.4138,1.4131,1.4134,5673.200343
2026-03-25 21:55:00,1.4135,1.4143,1.4134,1.4137,25132.867459
2026-03-25 22:00:00,1.4136,1.4159,1.4136,1.415,35999.995214
2026-03-25 22:05:00,1.415,1.415,1.4125,1.4126,25640.520508
2026-03-25 22:10:00,1.4125,1.4142,1.4125,1.4132,37963.826083
2026-03-25 22:15:00,1.4132,1.4139,1.4125,1.4132,17161.295357
2026-03-25 22:20:00,1.4134,1.4138,1.4128,1.4132,14677.093592
2026-03-25 22:25:00,1.4134,1.4139,1.4131,1.4134,8916.306984
2026-03-25 22:30:00,1.4135,1.4195,1.4134,1.4195,121555.324119
2026-03-25 22:35:00,1.4195,1.4203,1.4182,1.4182,42191.894657
2026-03-25 22:40:00,1.418,1.4227,1.418,1.4194,125912.454194
2026-03-25 22:45:00,1.4194,1.4203,1.4193,1.4193,26257.771091
2026-03-25 22:50:00,1.4194,1.4195,1.418,1.4181,44352.530946
2026-03-25 22:55:00,1.4184,1.4185,1.4176,1.418,18871.558438
2026-03-25 23:00:00,1.418,1.4195,1.4176,1.4184,80178.934135
2026-03-25 23:05:00,1.4186,1.4189,1.4177,1.4177,5336.14702
2026-03-25 23:10:00,1.4178,1.4181,1.4165,1.4165,24287.395268
2026-03-25 23:15:00,1.4164,1.4164,1.4155,1.416,22379.492627
2026-03-25 23:20:00,1.416,1.4173,1.4159,1.4173,21228.809008
2026-03-25 23:25:00,1.4173,1.4182,1.4165,1.4167,22752.127188
2026-03-25 23:30:00,1.4167,1.4171,1.4162,1.4166,20031.397619
2026-03-25 23:35:00,1.4166,1.4169,1.4146,1.4146,16913.624248
2026-03-25 23:40:00,1.4145,1.4148,1.4133,1.4134,17539.398869
2026-03-25 23:45:00,1.4133,1.4136,1.4128,1.4128,26961.246993
2026-03-25 23:50:00,1.413,1.4147,1.413,1.4147,16455.821021
2026-03-25 23:55:00,1.4147,1.4153,1.4144,1.4147,8191.845456
2026-03-26 00:00:00,1.4146,1.4151,1.4132,1.4132,25942.827926
2026-03-26 00:05:00,1.4131,1.4137,1.4121,1.4121,24104.26478
2026-03-26 00:10:00,1.4121,1.413,1.4121,1.413,23524.103182
2026-03-26 00:15:00,1.4132,1.4161,1.4132,1.4136,156008.444465
2026-03-26 00:20:00,1.4138,1.4148,1.4133,1.4147,45001.135276
2026-03-26 00:25:00,1.4146,1.4146,1.4131,1.4133,17482.257921
2026-03-26 00:30:00,1.4133,1.4143,1.413,1.4135,20379.708248
2026-03-26 00:35:00,1.4135,1.4147,1.4134,1.4139,16505.367161
2026-03-26 00:40:00,1.4138,1.4148,1.4134,1.4148,13281.021936
2026-03-26 00:45:00,1.4149,1.4164,1.4147,1.4155,51444.88089
2026-03-26 00:50:00,1.4155,1.4155,1.4121,1.4128,24372.785744
2026-03-26 00:55:00,1.4128,1.4137,1.4113,1.4137,33338.721799
2026-03-26 01:00:00,1.4137,1.4152,1.4132,1.4136,33906.382847
2026-03-26 01:05:00,1.4136,1.4136,1.4122,1.413,6683.729485
2026-03-26 01:10:00,1.4131,1.4135,1.4121,1.4129,4962.789189
2026-03-26 01:15:00,1.4124,1.4124,1.4104,1.4117,33161.444911
2026-03-26 01:20:00,1.4116,1.4123,1.4114,1.4123,7807.032584
2026-03-26 01:25:00,1.4123,1.414,1.4117,1.414,96353.369358
2026-03-26 01:30:00,1.414,1.4151,1.4132,1.4142,124276.40052
2026-03-26 01:35:00,1.414,1.4147,1.4124,1.4133,60924.121204
2026-03-26 01:40:00,1.4134,1.4134,1.411,1.4115,42427.412413
2026-03-26 01:45:00,1.4111,1.4124,1.411,1.4113,16420.29983
2026-03-26 01:50:00,1.4113,1.4116,1.4103,1.411,49969.893486
2026-03-26 01:55:00,1.4109,1.4123,1.4108,1.4108,30485.718704
2026-03-26 02:00:00,1.4108,1.4119,1.4105,1.4112,9481.179161
2026-03-26 02:05:00,1.4112,1.4112,1.4078,1.4082,42899.964645
2026-03-26 02:10:00,1.4081,1.4091,1.4076,1.4081,23787.351307
2026-03-26 02:15:00,1.4079,1.408,1.4053,1.4058,45742.188002
2026-03-26 02:20:00,1.4058,1.4067,1.4051,1.4054,28018.356501
2026-03-26 02:25:00,1.4054,1.4064,1.4054,1.4059,27805.946341
2026-03-26 02:30:00,1.4054,1.4055,1.4,1.4032,198968.37192
2026-03-26 02:35:00,1.4032,1.4033,1.4002,1.401,73732.330065
2026-03-26 02:40:00,1.4011,1.4028,1.4011,1.4021,5910.269133
2026-03-26 02:45:00,1.4021,1.4031,1.4019,1.4027,19065.366777
2026-03-26 02:50:00,1.4026,1.4028,1.4018,1.4023,4725.185377
2026-03-26 02:55:00,1.4022,1.4038,1.4022,1.4036,11133.710135
2026-03-26 03:00:00,1.4034,1.4034,1.4,1.4002,57118.340667
2026-03-26 03:05:00,1.4003,1.4012,1.3997,1.4012,39458.965068
2026-03-26 03:10:00,1.4012,1.4033,1.4007,1.4031,4995.541728
2026-03-26 03:15:00,1.403,1.403,1.4013,1.4013,14717.670865
2026-03-26 03:20:00,1.401,1.4015,1.3979,1.3989,49582.159437
2026-03-26 03:25:00,1.3987,1.3997,1.3964,1.3974,55350.8375
2026-03-26 03:30:00,1.3974,1.3995,1.3974,1.3991,21746.844438
2026-03-26 03:35:00,1.3991,1.4008,1.3991,1.4004,26148.308204
2026-03-26 03:40:00,1.4003,1.4007,1.3995,1.3997,15692.704711
2026-03-26 03:45:00,1.3997,1.4014,1.3994,1.4001,118696.018135
2026-03-26 03:50:00,1.3998,1.4019,1.3997,1.4016,27485.319213
2026-03-26 03:55:00,1.4016,1.4023,1.4015,1.4017,19123.926816
2026-03-26 04:00:00,1.4018,1.4018,1.3996,1.3996,16909.879487
2026-03-26 04:05:00,1.3996,1.4002,1.3992,1.3994,9888.568626
2026-03-26 04:10:00,1.3993,1.3999,1.3981,1.3982,40441.667263
2026-03-26 04:15:00,1.398,1.3987,1.3977,1.3982,21186.584736
2026-03-26 04:20:00,1.3984,1.3999,1.3984,1.3998,13337.43442
2026-03-26 04:25:00,1.3998,1.4019,1.3998,1.4018,10964.103126
2026-03-26 04:30:00,1.4018,1.4027,1.401,1.401,25430.848606
2026-03-26 04:35:00,1.401,1.402,1.401,1.4019,19284.819914
2026-03-26 04:40:00,1.4019,1.4037,1.4019,1.4036,84231.444287
2026-03-26 04:45:00,1.4035,1.4058,1.4035,1.4055,19318.125216
2026-03-26 04:50:00,1.4056,1.4056,1.4033,1.4033,40715.245949
2026-03-26 04:55:00,1.4033,1.4034,1.4024,1.4027,29075.760396
2026-03-26 05:00:00,1.4027,1.4031,1.4024,1.4024,17479.46956
2026-03-26 05:05:00,1.4024,1.4025,1.3973,1.398,112470.645044
2026-03-26 05:10:00,1.398,1.3982,1.3955,1.3966,66947.986948
2026-03-26 05:15:00,1.3963,1.3973,1.3958,1.3971,22579.544964
2026-03-26 05:20:00,1.3971,1.3979,1.397,1.3975,69557.453496
2026-03-26 05:25:00,1.3973,1.3973,1.3937,1.3964,114066.481654
2026-03-26 05:30:00,1.3962,1.3977,1.3955,1.3971,10877.514225
2026-03-26 05:35:00,1.3971,1.3978,1.3961,1.3969,63306.189136
2026-03-26 05:40:00,1.3968,1.3973,1.3918,1.3922,53489.077168
2026-03-26 05:45:00,1.3924,1.3931,1.3901,1.3926,66215.343719
2026-03-26 05:50:00,1.3928,1.393,1.3892,1.3896,76213.859537
2026-03-26 05:55:00,1.3895,1.3897,1.3881,1.389,58024.385035
2026-03-26 06:00:00,1.389,1.3901,1.3869,1.3898,110671.150923
2026-03-26 06:05:00,1.3898,1.3905,1.3876,1.3904,67917.339205
2026-03-26 06:10:00,1.3904,1.3913,1.3894,1.3913,43062.535374
2026-03-26 06:15:00,1.3915,1.3931,1.3904,1.3928,153663.321349
2026-03-26 06:20:00,1.3929,1.3931,1.3883,1.3884,428956.488332
2026-03-26 06:25:00,1.3883,1.3886,1.3867,1.3886,32298.17263
2026-03-26 06:30:00,1.3887,1.3896,1.388,1.3881,36752.149991
2026-03-26 06:35:00,1.3881,1.3886,1.3869,1.3873,52353.918016
2026-03-26 06:40:00,1.3874,1.3878,1.3866,1.3869,26473.794807
2026-03-26 06:45:00,1.3869,1.3874,1.3865,1.3873,59441.691648
2026-03-26 06:50:00,1.3873,1.3876,1.3858,1.3864,355959.800076
2026-03-26 06:55:00,1.3864,1.3879,1.3857,1.3859,45684.930539
2026-03-26 07:00:00,1.3858,1.3878,1.3848,1.3861,91395.563943
2026-03-26 07:05:00,1.386,1.3861,1.3826,1.385,149035.79813
2026-03-26 07:10:00,1.385,1.385,1.3834,1.3835,23887.900043
2026-03-26 07:15:00,1.3836,1.3843,1.3826,1.3826,20027.81601
2026-03-26 07:20:00,1.3826,1.3869,1.38,1.3851,342066.378358
2026-03-26 07:25:00,1.3851,1.3853,1.3831,1.3835,18959.43996
2026-03-26 07:30:00,1.3835,1.3842,1.3817,1.383,46405.40258
2026-03-26 07:35:00,1.383,1.3848,1.3827,1.3847,18421.449122
2026-03-26 07:40:00,1.3848,1.3862,1.3838,1.3841,30841.640999
2026-03-26 07:45:00,1.3843,1.386,1.3843,1.386,17771.386839
2026-03-26 07:50:00,1.3863,1.387,1.3857,1.387,22430.153171
2026-03-26 07:55:00,1.387,1.387,1.3855,1.3855,22949.436416
2026-03-26 08:00:00,1.3861,1.3862,1.3843,1.3852,36098.049809
2026-03-26 08:05:00,1.3852,1.3866,1.3842,1.3842,26532.156285
2026-03-26 08:10:00,1.3843,1.3844,1.3821,1.3821,44390.743232
2026-03-26 08:15:00,1.3822,1.384,1.3821,1.3825,34019.509557
2026-03-26 08:20:00,1.3825,1.3833,1.3821,1.383,41509.209057
2026-03-26 08:25:00,1.3831,1.3837,1.3819,1.382,19721.313492
2026-03-26 08:30:00,1.3822,1.3835,1.3818,1.3834,29692.009503
2026-03-26 08:35:00,1.3834,1.3841,1.3821,1.3821,49576.722465
2026-03-26 08:40:00,1.382,1.3824,1.3804,1.3809,173792.707783
2026-03-26 08:45:00,1.3809,1.3832,1.3807,1.3814,21041.824826
2026-03-26 08:50:00,1.3816,1.3831,1.3813,1.3821,21718.933238
2026-03-26 08:55:00,1.3821,1.3831,1.3817,1.3823,13754.779558
2026-03-26 09:00:00,1.3824,1.3828,1.3808,1.3818,84090.683836
2026-03-26 09:05:00,1.3817,1.3842,1.3813,1.3828,25441.137835
2026-03-26 09:10:00,1.383,1.3835,1.3816,1.3816,19282.87422
2026-03-26 09:15:00,1.3816,1.3817,1.3784,1.3804,171643.354562
2026-03-26 09:20:00,1.3805,1.3814,1.3803,1.3807,41564.419051
2026-03-26 09:25:00,1.3807,1.3815,1.3804,1.3808,20667.73185
2026-03-26 09:30:00,1.3806,1.3806,1.3684,1.3696,609104.069067
2026-03-26 09:35:00,1.3696,1.3721,1.3689,1.3704,54786.124836
2026-03-26 09:40:00,1.3704,1.3725,1.3704,1.3722,41076.501046
2026-03-26 09:45:00,1.372,1.372,1.3695,1.3702,54215.597054
2026-03-26 09:50:00,1.3703,1.373,1.3701,1.3727,68414.099065
2026-03-26 09:55:00,1.3727,1.3732,1.3725,1.3731,25842.121868
2026-03-26 10:00:00,1.3731,1.3731,1.3712,1.3723,76998.369532
2026-03-26 10:05:00,1.3723,1.3729,1.3698,1.3703,78553.726941
2026-03-26 10:10:00,1.3703,1.3711,1.3696,1.3699,41598.520038
2026-03-26 10:15:00,1.37,1.3734,1.37,1.3733,57774.692702
2026-03-26 10:20:00,1.3733,1.3753,1.373,1.3741,152422.509778
2026-03-26 10:25:00,1.3743,1.3761,1.3743,1.3756,84411.991122
2026-03-26 10:30:00,1.3755,1.3769,1.3752,1.376,77580.75615
2026-03-26 10:35:00,1.376,1.3771,1.3742,1.3747,97491.142458
2026-03-26 10:40:00,1.3746,1.3755,1.3741,1.3745,33366.411106
2026-03-26 10:45:00,1.3744,1.3752,1.3738,1.3745,56874.994638
2026-03-26 10:50:00,1.3745,1.3747,1.3735,1.3737,16548.861101
2026-03-26 10:55:00,1.3737,1.374,1.3731,1.3737,36084.250089
2026-03-26 11:00:00,1.3738,1.3769,1.3731,1.3762,89028.029788
2026-03-26 11:05:00,1.3762,1.3762,1.3738,1.3752,25484.266186
2026-03-26 11:10:00,1.3751,1.3752,1.371,1.3748,115221.300357
2026-03-26 11:15:00,1.3747,1.375,1.3736,1.3736,31253.000859
2026-03-26 11:20:00,1.3736,1.3736,1.37,1.3702,26876.506501
2026-03-26 11:25:00,1.3702,1.3712,1.3691,1.3708,74776.843506
2026-03-26 11:30:00,1.3707,1.3724,1.3705,1.3712,63446.437393
2026-03-26 11:35:00,1.3712,1.373,1.3711,1.3729,20294.525351
2026-03-26 11:40:00,1.3729,1.374,1.3728,1.3728,38843.223174
2026-03-26 11:45:00,1.3729,1.3735,1.3719,1.3719,52884.88974
2026-03-26 11:50:00,1.372,1.3744,1.372,1.3735,57072.356961
2026-03-26 11:55:00,1.3735,1.3736,1.3714,1.3716,44412.968362
2026-03-26 12:00:00,1.3715,1.3716,1.3703,1.3714,62497.857445
2026-03-26 12:05:00,1.3715,1.3723,1.3705,1.3719,71221.298393
2026-03-26 12:10:00,1.3721,1.3737,1.3721,1.3729,37172.340069
2026-03-26 12:15:00,1.3729,1.3741,1.3728,1.3738,77715.680522
2026-03-26 12:20:00,1.3738,1.3759,1.3732,1.3751,140759.388161
2026-03-26 12:25:00,1.3751,1.3755,1.3745,1.3746,125866.662446
2026-03-26 12:30:00,1.3745,1.3752,1.3734,1.3734,66126.210004
2026-03-26 12:35:00,1.3734,1.3743,1.3722,1.3741,50016.383728
2026-03-26 12:40:00,1.3743,1.3743,1.3728,1.3732,24152.156849
2026-03-26 12:45:00,1.3734,1.3749,1.3734,1.3742,50593.298958
2026-03-26 12:50:00,1.3742,1.3746,1.3738,1.3744,31951.120749
2026-03-26 12:55:00,1.3745,1.3748,1.3741,1.3745,49537.204474
2026-03-26 13:00:00,1.3746,1.3752,1.3741,1.375,55250.239678
2026-03-26 13:05:00,1.375,1.3761,1.3749,1.376,36257.849918
2026-03-26 13:10:00,1.3759,1.3762,1.3749,1.3754,42019.017475
2026-03-26 13:15:00,1.3755,1.3765,1.3748,1.375,111603.524279
2026-03-26 13:20:00,1.3751,1.3763,1.3746,1.3751,92930.057475
2026-03-26 13:25:00,1.3751,1.3755,1.3746,1.3755,40280.017742
2026-03-26 13:30:00,1.3755,1.376,1.3728,1.3729,165426.784506
2026-03-26 13:35:00,1.3729,1.3756,1.3711,1.3719,149434.688952
2026-03-26 13:40:00,1.3717,1.377,1.3712,1.3767,62949.425932
2026-03-26 13:45:00,1.377,1.383,1.377,1.3789,256569.702843
2026-03-26 13:50:00,1.3794,1.3827,1.3788,1.3809,131164.266777
2026-03-26 13:55:00,1.3809,1.381,1.3766,1.3788,95747.817961
2026-03-26 14:00:00,1.3788,1.3796,1.377,1.3794,60006.861424
2026-03-26 14:05:00,1.3791,1.3817,1.3767,1.377,89527.513055
2026-03-26 14:10:00,1.3772,1.3772,1.3738,1.3749,77508.043325
2026-03-26 14:15:00,1.3751,1.3763,1.3733,1.3735,91693.872151
2026-03-26 14:20:00,1.3734,1.3739,1.3714,1.3728,121229.638797
2026-03-26 14:25:00,1.3726,1.3753,1.372,1.3734,81105.823875
2026-03-26 14:30:00,1.3735,1.3762,1.3734,1.3761,93376.687394
2026-03-26 14:35:00,1.376,1.376,1.3708,1.3709,103973.851021
2026-03-26 14:40:00,1.3709,1.3741,1.3698,1.3705,96495.104286
2026-03-26 14:45:00,1.3705,1.3723,1.37,1.3704,48046.017884
2026-03-26 14:50:00,1.3706,1.3715,1.3658,1.3666,206894.434783
2026-03-26 14:55:00,1.3666,1.3704,1.3652,1.3686,205654.666148
2026-03-26 15:00:00,1.3685,1.3685,1.3668,1.3671,88359.87732
2026-03-26 15:05:00,1.3671,1.3685,1.3617,1.3634,284049.948139
2026-03-26 15:10:00,1.3635,1.3642,1.3555,1.3564,1489428.179124
2026-03-26 15:15:00,1.3563,1.36,1.3528,1.358,412300.647154
2026-03-26 15:20:00,1.3579,1.3597,1.3576,1.3592,97941.531985
2026-03-26 15:25:00,1.3593,1.3605,1.3587,1.3591,85055.539793
2026-03-26 15:30:00,1.359,1.3591,1.357,1.3577,72334.263258
2026-03-26 15:35:00,1.3578,1.3587,1.3572,1.3581,84255.854686
2026-03-26 15:40:00,1.3583,1.3591,1.3571,1.3591,46860.277627
2026-03-26 15:45:00,1.3592,1.3613,1.3584,1.36,133368.622658
2026-03-26 15:50:00,1.36,1.3618,1.3596,1.3609,112813.510831
2026-03-26 15:55:00,1.3609,1.3611,1.3595,1.3605,50245.056143
2026-03-26 16:00:00,1.3606,1.3641,1.3602,1.3638,84105.761764
2026-03-26 16:05:00,1.3637,1.3659,1.3634,1.365,106355.642456
2026-03-26 16:10:00,1.365,1.3658,1.3641,1.3657,49718.272929
2026-03-26 16:15:00,1.3655,1.3666,1.3614,1.3658,386896.848021
2026-03-26 16:20:00,1.3657,1.3657,1.3624,1.3638,62686.595315
2026-03-26 16:25:00,1.3638,1.3645,1.3624,1.3626,38466.008317
2026-03-26 16:30:00,1.3625,1.3637,1.3616,1.3636,64157.675974
2026-03-26 16:35:00,1.3637,1.3638,1.362,1.3624,48877.871131
2026-03-26 16:40:00,1.3626,1.3656,1.3625,1.3648,30452.811928
2026-03-26 16:45:00,1.3648,1.3653,1.3619,1.3622,32276.287067
2026-03-26 16:50:00,1.3625,1.3625,1.3607,1.3616,32591.690148
2026-03-26 16:55:00,1.3617,1.3617,1.3609,1.361,16888.704632
2026-03-26 17:00:00,1.3609,1.3643,1.3606,1.3643,34623.02902
2026-03-26 17:05:00,1.3642,1.3645,1.3633,1.3639,28053.865066
2026-03-26 17:10:00,1.3638,1.3638,1.3615,1.3615,22039.712863
2026-03-26 17:15:00,1.3617,1.3631,1.3617,1.3631,37054.623009
2026-03-26 17:20:00,1.363,1.363,1.3605,1.3614,50668.492023
2026-03-26 17:25:00,1.3613,1.362,1.361,1.3615,31445.032337
2026-03-26 17:30:00,1.362,1.3628,1.3605,1.362,51236.257979
2026-03-26 17:35:00,1.362,1.3622,1.3608,1.3613,33878.953027
2026-03-26 17:40:00,1.3612,1.3612,1.359,1.3596,94397.830349
2026-03-26 17:45:00,1.3596,1.36,1.3558,1.3561,62210.231706
2026-03-26 17:50:00,1.3561,1.3574,1.3548,1.3566,30613.896436
2026-03-26 17:55:00,1.3564,1.3564,1.3512,1.3542,266037.304112
2026-03-26 18:00:00,1.3541,1.3558,1.3454,1.3458,1110505.929377
2026-03-26 18:05:00,1.3458,1.347,1.3383,1.3436,795684.060159
2026-03-26 18:10:00,1.3435,1.3435,1.3394,1.3411,825483.628801
2026-03-26 18:15:00,1.3412,1.3421,1.337,1.3377,306527.346614
2026-03-26 18:20:00,1.3379,1.3436,1.3363,1.3428,217372.799985
2026-03-26 18:25:00,1.3429,1.3429,1.3396,1.3416,79017.734215
2026-03-26 18:30:00,1.3414,1.3428,1.3411,1.3427,128761.803254
2026-03-26 18:35:00,1.3426,1.344,1.3422,1.3434,192852.840618
2026-03-26 18:40:00,1.3434,1.3447,1.3433,1.3445,73534.016221
2026-03-26 18:45:00,1.3445,1.3451,1.3435,1.3451,58078.879267
2026-03-26 18:50:00,1.3452,1.348,1.3443,1.3479,48257.234797
2026-03-26 18:55:00,1.3479,1.3479,1.3455,1.3476,73279.76575
2026-03-26 19:00:00,1.3477,1.3477,1.3461,1.3466,47640.154211
2026-03-26 19:05:00,1.3466,1.3469,1.3444,1.3461,132460.086286
2026-03-26 19:10:00,1.3462,1.3465,1.3452,1.3455,22770.092474
2026-03-26 19:15:00,1.3456,1.3477,1.3456,1.3473,48583.040385
2026-03-26 19:20:00,1.3472,1.348,1.3463,1.3463,65749.867643
2026-03-26 19:25:00,1.3463,1.3463,1.3445,1.3454,43737.062607
2026-03-26 19:30:00,1.3455,1.3464,1.3444,1.3448,34699.284488
2026-03-26 19:35:00,1.3447,1.3484,1.3447,1.348,38600.850887
2026-03-26 19:40:00,1.348,1.352,1.3478,1.3507,784893.234378
2026-03-26 19:45:00,1.3506,1.3512,1.3497,1.3507,31830.792765
2026-03-26 19:50:00,1.3508,1.3513,1.3494,1.3504,89481.627362
2026-03-26 19:55:00,1.3506,1.3511,1.3437,1.3442,365037.502666
2026-03-26 20:00:00,1.3442,1.3462,1.3442,1.3457,100672.343822
2026-03-26 20:05:00,1.3457,1.3466,1.345,1.3466,21603.17247
2026-03-26 20:10:00,1.3468,1.3651,1.3468,1.358,813895.038902
2026-03-26 20:15:00,1.3579,1.3608,1.3561,1.3591,103560.909307
2026-03-26 20:20:00,1.359,1.3646,1.357,1.3636,190814.06404
2026-03-26 20:25:00,1.3636,1.3637,1.359,1.3606,125766.484694
2026-03-26 20:30:00,1.3609,1.3629,1.3608,1.3613,25922.504103
2026-03-26 20:35:00,1.3615,1.3637,1.3615,1.3634,26806.24996
2026-03-26 20:40:00,1.3634,1.3634,1.3617,1.3631,36852.087117
2026-03-26 20:45:00,1.3631,1.3631,1.3614,1.3618,22408.71293
2026-03-26 20:50:00,1.3618,1.3619,1.3581,1.3584,53504.183967
2026-03-26 20:55:00,1.3584,1.3596,1.3579,1.3595,37713.060855
2026-03-26 21:00:00,1.3595,1.3608,1.3582,1.3608,30064.725544
2026-03-26 21:05:00,1.3608,1.3616,1.3605,1.3613,54196.490892
2026-03-26 21:10:00,1.3616,1.3641,1.3611,1.363,66881.259615
2026-03-26 21:15:00,1.363,1.3646,1.363,1.3637,36911.689416
2026-03-26 21:20:00,1.3638,1.3668,1.3636,1.3651,82527.801996
2026-03-26 21:25:00,1.3653,1.3678,1.3642,1.3664,87024.123334
2026-03-26 21:30:00,1.3664,1.3672,1.3646,1.366,61477.808865
2026-03-26 21:35:00,1.366,1.3706,1.3653,1.368,227097.366903
2026-03-26 21:40:00,1.3681,1.3699,1.3678,1.3691,164429.983148
2026-03-26 21:45:00,1.3691,1.3697,1.3676,1.3696,61376.468149
2026-03-26 21:50:00,1.3697,1.3697,1.3651,1.3675,81157.297609
2026-03-26 21:55:00,1.3676,1.3685,1.3667,1.3669,34572.812271
2026-03-26 22:00:00,1.3669,1.3688,1.3657,1.3671,516808.155483
2026-03-26 22:05:00,1.3672,1.3688,1.3648,1.3657,425580.698922
2026-03-26 22:10:00,1.3657,1.3672,1.3646,1.3661,262293.865545
2026-03-26 22:15:00,1.3663,1.3664,1.3643,1.3643,145316.959059
2026-03-26 22:20:00,1.3642,1.365,1.3605,1.362,114784.097097
2026-03-26 22:25:00,1.3619,1.363,1.358,1.3612,233465.577968
2026-03-26 22:30:00,1.3614,1.3623,1.3602,1.3618,117849.674164
2026-03-26 22:35:00,1.3618,1.362,1.3607,1.3616,85018.71042
2026-03-26 22:40:00,1.3618,1.3626,1.3615,1.3617,51018.125879
2026-03-26 22:45:00,1.3619,1.3626,1.3612,1.3623,46271.96762
2026-03-26 22:50:00,1.3623,1.3629,1.3615,1.362,75191.081413
2026-03-26 22:55:00,1.3624,1.3637,1.3616,1.3637,29674.771217
2026-03-26 23:00:00,1.3638,1.3654,1.3638,1.3645,53315.840721
2026-03-26 23:05:00,1.3645,1.3646,1.3623,1.3623,26384.096884
2026-03-26 23:10:00,1.3623,1.3623,1.3611,1.3614,50961.212691
2026-03-26 23:15:00,1.3614,1.3628,1.3609,1.3627,80672.062448
2026-03-26 23:20:00,1.3626,1.3626,1.3599,1.3602,50313.064704
2026-03-26 23:25:00,1.3601,1.3604,1.359,1.3604,42141.057873
2026-03-26 23:30:00,1.3605,1.3605,1.3591,1.3596,51215.87302
2026-03-26 23:35:00,1.3596,1.3609,1.3585,1.3586,52092.008903
2026-03-26 23:40:00,1.3589,1.3597,1.3589,1.3593,27260.867447
2026-03-26 23:45:00,1.3594,1.3603,1.3591,1.3603,15589.2266
2026-03-26 23:50:00,1.3603,1.3617,1.3603,1.3614,38442.684019
2026-03-26 23:55:00,1.3613,1.3613,1.3604,1.3609,55157.481066
2026-03-27 00:00:00,1.3609,1.3622,1.3596,1.3616,87568.572574
2026-03-27 00:05:00,1.3616,1.3634,1.3616,1.3627,66649.717857
2026-03-27 00:10:00,1.3626,1.3636,1.3623,1.3631,44205.533232
2026-03-27 00:15:00,1.3632,1.3637,1.3624,1.3627,28901.935736
2026-03-27 00:20:00,1.3629,1.363,1.3598,1.3616,24995.165605
2026-03-27 00:25:00,1.3616,1.3619,1.3602,1.3602,43061.39448
2026-03-27 00:30:00,1.3605,1.3612,1.3599,1.3606,26323.866329
2026-03-27 00:35:00,1.3606,1.3612,1.3584,1.3584,21954.173726
2026-03-27 00:40:00,1.3586,1.3624,1.3584,1.3602,57688.055986
2026-03-27 00:45:00,1.3602,1.3602,1.3591,1.3598,40340.64221
2026-03-27 00:50:00,1.3598,1.3626,1.3597,1.3621,34952.381358
2026-03-27 00:55:00,1.3622,1.3629,1.3619,1.3619,12526.674703
2026-03-27 01:00:00,1.3619,1.3645,1.3619,1.3619,51719.029779
2026-03-27 01:05:00,1.3619,1.3625,1.3607,1.3624,15858.018045
2026-03-27 01:10:00,1.3621,1.3658,1.3621,1.3657,26294.950995
2026-03-27 01:15:00,1.3658,1.3675,1.3651,1.3664,22571.01707
2026-03-27 01:20:00,1.3665,1.3665,1.3648,1.3664,50146.110008
2026-03-27 01:25:00,1.3664,1.3671,1.3654,1.3655,21594.660579
2026-03-27 01:30:00,1.3656,1.3669,1.3644,1.3644,27642.258427
2026-03-27 01:35:00,1.3648,1.3649,1.3638,1.3639,32813.497186
2026-03-27 01:40:00,1.3639,1.3652,1.3636,1.3651,26165.77102
2026-03-27 01:45:00,1.3652,1.3675,1.365,1.367,127330.514435
2026-03-27 01:50:00,1.3671,1.3675,1.3654,1.3671,132871.320994
2026-03-27 01:55:00,1.3671,1.3699,1.3671,1.3693,82735.345035
2026-03-27 02:00:00,1.3696,1.3706,1.3691,1.3699,125634.981678
2026-03-27 02:05:00,1.3699,1.3701,1.3681,1.369,113189.965983
2026-03-27 02:10:00,1.369,1.3695,1.3681,1.3686,101350.960815
2026-03-27 02:15:00,1.3685,1.3687,1.3672,1.3674,36467.84029
2026-03-27 02:20:00,1.3674,1.3682,1.3671,1.3677,35725.879262
2026-03-27 02:25:00,1.3677,1.3698,1.3677,1.3698,18505.433598
2026-03-27 02:30:00,1.3697,1.3728,1.3696,1.3711,61908.067846
2026-03-27 02:35:00,1.3711,1.3715,1.3701,1.3703,14807.566657
2026-03-27 02:40:00,1.3703,1.3704,1.3697,1.3697,27356.126879
2026-03-27 02:45:00,1.37,1.3709,1.3696,1.3707,65624.247183
2026-03-27 02:50:00,1.3707,1.3718,1.3707,1.3715,14394.786449
2026-03-27 02:55:00,1.3716,1.3723,1.3699,1.3706,41238.338051
2026-03-27 03:00:00,1.3706,1.3712,1.3689,1.3689,31947.232617
2026-03-27 03:05:00,1.3689,1.369,1.365,1.3656,51932.756009
2026-03-27 03:10:00,1.3656,1.3671,1.3646,1.366,55578.375915
2026-03-27 03:15:00,1.366,1.3668,1.366,1.3665,24083.413722
2026-03-27 03:20:00,1.3667,1.3668,1.3649,1.3656,28871.447805
2026-03-27 03:25:00,1.3656,1.3664,1.3656,1.3663,11926.243962
2026-03-27 03:30:00,1.3662,1.3664,1.3655,1.366,10092.267726
2026-03-27 03:35:00,1.366,1.3671,1.3656,1.3668,44707.219994
2026-03-27 03:40:00,1.3667,1.3668,1.3658,1.366,22397.465746
2026-03-27 03:45:00,1.366,1.366,1.3653,1.3657,16452.832215
2026-03-27 03:50:00,1.3657,1.3658,1.3651,1.3655,11563.888725
2026-03-27 03:55:00,1.3654,1.3654,1.3638,1.3643,37455.572964
2026-03-27 04:00:00,1.3643,1.3649,1.3586,1.3607,120320.33426
2026-03-27 04:05:00,1.3607,1.3611,1.3569,1.3576,49556.167701
2026-03-27 04:10:00,1.3577,1.3581,1.3574,1.3578,31126.5356
2026-03-27 04:15:00,1.3577,1.3592,1.3564,1.3592,28777.52847
2026-03-27 04:20:00,1.3593,1.3615,1.3593,1.3601,31104.823472
2026-03-27 04:25:00,1.3601,1.3629,1.3599,1.3627,32918.678166
2026-03-27 04:30:00,1.3626,1.363,1.3614,1.3627,30364.717102
2026-03-27 04:35:00,1.3627,1.3633,1.3626,1.3633,19409.270917
2026-03-27 04:40:00,1.3633,1.3634,1.3621,1.3625,54320.701023
2026-03-27 04:45:00,1.3626,1.3637,1.3619,1.3619,19502.917515
2026-03-27 04:50:00,1.3617,1.3625,1.3616,1.3624,25392.262991
2026-03-27 04:55:00,1.3624,1.3637,1.3624,1.3635,13075.954902
2026-03-27 05:00:00,1.3635,1.3639,1.3628,1.3633,23775.643552
2026-03-27 05:05:00,1.3633,1.3671,1.363,1.3671,54537.91099
2026-03-27 05:10:00,1.367,1.3682,1.3666,1.3674,40903.608441
2026-03-27 05:15:00,1.3674,1.3687,1.3667,1.3667,34959.353637
2026-03-27 05:20:00,1.3665,1.3665,1.3646,1.3647,39504.178925
2026-03-27 05:25:00,1.3648,1.3648,1.3618,1.3626,19524.29912
2026-03-27 05:30:00,1.3626,1.3627,1.3609,1.3617,19334.173053
2026-03-27 05:35:00,1.3617,1.3638,1.3617,1.3617,8630.345446
2026-03-27 05:40:00,1.3616,1.3621,1.3607,1.3616,13946.865769
2026-03-27 05:45:00,1.3616,1.3634,1.3616,1.363,6743.161258
2026-03-27 05:50:00,1.3631,1.3634,1.3622,1.363,9499.151834
2026-03-27 05:55:00,1.363,1.3632,1.3623,1.3623,16454.130873
2026-03-27 06:00:00,1.3625,1.3626,1.3617,1.3619,12503.490225
2026-03-27 06:05:00,1.3618,1.3635,1.3612,1.3629,19608.873307
2026-03-27 06:10:00,1.3628,1.3636,1.3622,1.3635,7189.09289
2026-03-27 06:15:00,1.3635,1.364,1.3628,1.3635,9614.447056
2026-03-27 06:20:00,1.3637,1.3642,1.3625,1.3642,6403.949469
2026-03-27 06:25:00,1.3642,1.3642,1.3627,1.3632,23185.358076
2026-03-27 06:30:00,1.3632,1.3639,1.3622,1.3627,26010.431812
2026-03-27 06:35:00,1.3627,1.3633,1.3615,1.3615,67922.55456
2026-03-27 06:40:00,1.3615,1.362,1.3611,1.3612,9063.068829
2026-03-27 06:45:00,1.3611,1.3611,1.3597,1.3602,44238.045792
2026-03-27 06:50:00,1.3604,1.3607,1.3597,1.36,29414.256169
2026-03-27 06:55:00,1.3598,1.3605,1.3596,1.36,12497.095314
2026-03-27 07:00:00,1.3603,1.3604,1.3595,1.3597,5906.776362
2026-03-27 07:05:00,1.3597,1.3597,1.3588,1.3589,8868.81731
2026-03-27 07:10:00,1.3588,1.3638,1.3587,1.3619,31057.398267
2026-03-27 07:15:00,1.3621,1.3641,1.3616,1.3634,71104.263148
2026-03-27 07:20:00,1.3637,1.3649,1.3635,1.3635,13825.491667
2026-03-27 07:25:00,1.3634,1.3643,1.3634,1.3638,30575.493498
2026-03-27 07:30:00,1.364,1.364,1.3603,1.3603,41638.231547
2026-03-27 07:35:00,1.36,1.3611,1.3593,1.3593,28793.706657
2026-03-27 07:40:00,1.3593,1.3593,1.3575,1.3586,73187.769899
2026-03-27 07:45:00,1.3587,1.3594,1.3579,1.3587,15422.027535
2026-03-27 07:50:00,1.3589,1.3595,1.3579,1.3592,53157.972331
2026-03-27 07:55:00,1.3594,1.3594,1.3581,1.3589,37807.17474
2026-03-27 08:00:00,1.3591,1.3614,1.358,1.3592,108437.93085
2026-03-27 08:05:00,1.3591,1.36,1.358,1.3586,158890.075453
2026-03-27 08:10:00,1.3588,1.3602,1.3585,1.359,15391.801674
2026-03-27 08:15:00,1.359,1.3597,1.356,1.3561,34984.571651
2026-03-27 08:20:00,1.3562,1.3564,1.3547,1.3553,121693.904916
2026-03-27 08:25:00,1.3554,1.356,1.3523,1.3525,175273.546434
2026-03-27 08:30:00,1.3525,1.3543,1.3512,1.3518,40377.584813
2026-03-27 08:35:00,1.3517,1.3517,1.3441,1.3454,472929.269325
2026-03-27 08:40:00,1.3453,1.3474,1.3439,1.3466,141317.967166
2026-03-27 08:45:00,1.3464,1.3491,1.3463,1.3484,107327.17362
2026-03-27 08:50:00,1.3488,1.3522,1.3487,1.3504,90705.131009
2026-03-27 08:55:00,1.3503,1.3517,1.3502,1.3506,40269.801284
2026-03-27 09:00:00,1.3506,1.3509,1.3477,1.3482,55708.337368
2026-03-27 09:05:00,1.3481,1.3481,1.3442,1.3445,61004.226353
2026-03-27 09:10:00,1.3444,1.3446,1.3401,1.3422,173970.976924
2026-03-27 09:15:00,1.3423,1.3456,1.3417,1.3439,175056.606857
2026-03-27 09:20:00,1.3437,1.3458,1.3437,1.3457,33231.05292
2026-03-27 09:25:00,1.3458,1.3486,1.3458,1.3478,15774.908858
2026-03-27 09:30:00,1.3478,1.3478,1.3448,1.3449,16529.794931
2026-03-27 09:35:00,1.3448,1.3459,1.3445,1.3452,42814.245973
2026-03-27 09:40:00,1.3455,1.3458,1.3444,1.3449,20603.918762
2026-03-27 09:45:00,1.345,1.3471,1.3447,1.3465,25001.668653
2026-03-27 09:50:00,1.3466,1.3476,1.3463,1.3473,22139.93317
2026-03-27 09:55:00,1.3472,1.3476,1.3458,1.3464,11921.104071
2026-03-27 10:00:00,1.3465,1.3473,1.3447,1.3459,21481.422491
2026-03-27 10:05:00,1.346,1.3474,1.3455,1.3465,18639.810604
2026-03-27 10:10:00,1.3464,1.3473,1.3459,1.3464,7732.048556
2026-03-27 10:15:00,1.3465,1.3475,1.3459,1.346,5795.782183
2026-03-27 10:20:00,1.3461,1.3474,1.346,1.3466,21296.031462
2026-03-27 10:25:00,1.3465,1.3474,1.3461,1.3468,13220.799646
2026-03-27 10:30:00,1.3469,1.3471,1.3462,1.3465,13158.765581
2026-03-27 10:35:00,1.3466,1.3466,1.3261,1.3323,1515940.664881
2026-03-27 10:40:00,1.332,1.3376,1.332,1.3354,209588.022759
2026-03-27 10:45:00,1.3352,1.3376,1.3338,1.3371,123523.48761
2026-03-27 10:50:00,1.3371,1.3388,1.3311,1.3329,268053.236351
2026-03-27 10:55:00,1.3318,1.3342,1.3293,1.3332,298348.617373
2026-03-27 11:00:00,1.3336,1.3355,1.3297,1.3332,221724.357997
2026-03-27 11:05:00,1.3333,1.3358,1.3333,1.3348,51060.786749
2026-03-27 11:10:00,1.3347,1.3371,1.3343,1.337,91568.036311
2026-03-27 11:15:00,1.3369,1.3377,1.3359,1.3367,68673.09537
2026-03-27 11:20:00,1.3366,1.3366,1.3347,1.335,47123.184513
2026-03-27 11:25:00,1.3351,1.3372,1.3348,1.3372,37984.201456
2026-03-27 11:30:00,1.3374,1.3389,1.3373,1.3375,126894.356294
2026-03-27 11:35:00,1.3374,1.3374,1.3345,1.3351,92591.760629
2026-03-27 11:40:00,1.3352,1.3363,1.3343,1.3344,74861.563602
2026-03-27 11:45:00,1.3345,1.3373,1.3343,1.3358,59832.38083
2026-03-27 11:50:00,1.3357,1.3363,1.3343,1.3359,281768.826888
2026-03-27 11:55:00,1.3359,1.3364,1.3349,1.3352,36047.807481
2026-03-27 12:00:00,1.3352,1.3355,1.3336,1.3337,97457.883541
2026-03-27 12:05:00,1.3337,1.3344,1.3323,1.3324,138643.370348
2026-03-27 12:10:00,1.3325,1.3343,1.3302,1.3321,238014.255658
2026-03-27 12:15:00,1.3322,1.3329,1.3301,1.3312,59609.745532
2026-03-27 12:20:00,1.3309,1.3318,1.3302,1.3308,215910.058381
2026-03-27 12:25:00,1.3308,1.3313,1.3294,1.3308,825266.754402
2026-03-27 12:30:00,1.3309,1.3321,1.329,1.3292,596244.33589
2026-03-27 12:35:00,1.3293,1.3305,1.3283,1.3294,50688.660771
2026-03-27 12:40:00,1.3294,1.3299,1.3278,1.3299,1237817.409759
2026-03-27 12:45:00,1.33,1.3314,1.3273,1.3273,527469.91286
2026-03-27 12:50:00,1.3274,1.3292,1.3264,1.3292,1049774.490907
2026-03-27 12:55:00,1.3292,1.3341,1.3287,1.3325,1889575.14111
2026-03-27 13:00:00,1.3326,1.3353,1.3326,1.3344,363405.820296
2026-03-27 13:05:00,1.3342,1.3346,1.3325,1.3334,236014.694031
2026-03-27 13:10:00,1.3334,1.3348,1.3325,1.3341,57358.299612
2026-03-27 13:15:00,1.3341,1.337,1.3341,1.3369,77191.55486
2026-03-27 13:20:00,1.3371,1.3413,1.3371,1.3393,61749.426084
2026-03-27 13:25:00,1.3392,1.3406,1.3382,1.3382,52142.565841
2026-03-27 13:30:00,1.3381,1.3389,1.3311,1.3313,177356.992262
2026-03-27 13:35:00,1.3315,1.34,1.3277,1.3386,381579.021966
2026-03-27 13:40:00,1.3386,1.3431,1.337,1.3403,173279.979907
2026-03-27 13:45:00,1.3402,1.3427,1.3389,1.339,292846.863439
2026-03-27 13:50:00,1.3388,1.339,1.3361,1.337,68987.061928
2026-03-27 13:55:00,1.3368,1.3409,1.333,1.3404,376000.843639
2026-03-27 14:00:00,1.3403,1.3441,1.3388,1.3421,153825.768978
2026-03-27 14:05:00,1.3422,1.3428,1.3393,1.3414,270343.703437
2026-03-27 14:10:00,1.3415,1.3421,1.3398,1.3415,54635.676551
2026-03-27 14:15:00,1.3413,1.342,1.3383,1.3383,42369.346478
2026-03-27 14:20:00,1.3385,1.3385,1.3341,1.3355,176380.176939
2026-03-27 14:25:00,1.3354,1.3357,1.3314,1.3317,87705.253052
2026-03-27 14:30:00,1.3316,1.3326,1.3292,1.33,98184.36798
2026-03-27 14:35:00,1.3297,1.331,1.3289,1.3302,100930.476338
2026-03-27 14:40:00,1.3299,1.331,1.3297,1.3308,91532.167354
2026-03-27 14:45:00,1.3311,1.3313,1.3278,1.3302,164981.117635
2026-03-27 14:50:00,1.3301,1.3331,1.3301,1.3305,149326.764874
2026-03-27 14:55:00,1.3305,1.3333,1.3305,1.3321,45658.584168
2026-03-27 15:00:00,1.3324,1.3346,1.3323,1.3336,103015.66031
2026-03-27 15:05:00,1.3335,1.3373,1.333,1.336,165665.733064
2026-03-27 15:10:00,1.3368,1.3398,1.3366,1.3394,99541.61441
2026-03-27 15:15:00,1.3393,1.3422,1.3374,1.3385,90244.95157
2026-03-27 15:20:00,1.3388,1.3419,1.3336,1.3385,552524.173638
2026-03-27 15:25:00,1.3391,1.3399,1.3373,1.3385,227031.126573
2026-03-27 15:30:00,1.3386,1.3423,1.338,1.3417,198249.982928
2026-03-27 15:35:00,1.3418,1.3458,1.3412,1.3418,372263.729776
2026-03-27 15:40:00,1.342,1.3428,1.3401,1.3421,152213.952937
2026-03-27 15:45:00,1.3421,1.3447,1.3415,1.3435,333247.699355
2026-03-27 15:50:00,1.3434,1.3437,1.3351,1.3352,287585.790431
2026-03-27 15:55:00,1.3352,1.3359,1.332,1.3358,333798.904488
2026-03-27 16:00:00,1.3358,1.3372,1.3321,1.3333,411586.566378
2026-03-27 16:05:00,1.3332,1.3342,1.3312,1.3328,234737.836084
2026-03-27 16:10:00,1.3328,1.3344,1.3325,1.3331,104779.608439
2026-03-27 16:15:00,1.3332,1.3347,1.3318,1.3337,116914.874318
2026-03-27 16:20:00,1.3338,1.335,1.3311,1.3315,59632.287116
2026-03-27 16:25:00,1.3315,1.3329,1.3313,1.3315,109362.488388
2026-03-27 16:30:00,1.3316,1.332,1.3308,1.3315,40124.223145
2026-03-27 16:35:00,1.3314,1.3322,1.3301,1.3304,138625.864152
2026-03-27 16:40:00,1.3304,1.3353,1.3298,1.3349,136147.45091
2026-03-27 16:45:00,1.3348,1.3369,1.3343,1.3349,79924.696987
2026-03-27 16:50:00,1.3349,1.3349,1.3312,1.3322,60680.196635
2026-03-27 16:55:00,1.3319,1.3326,1.3305,1.3305,141608.309776
2026-03-27 17:00:00,1.3307,1.3315,1.3298,1.3307,54457.827237
2026-03-27 17:05:00,1.3311,1.3376,1.331,1.3353,284122.035167
2026-03-27 17:10:00,1.335,1.3365,1.3345,1.3352,22739.026622
2026-03-27 17:15:00,1.3352,1.3362,1.3328,1.3329,171828.80807
2026-03-27 17:20:00,1.3329,1.3334,1.3313,1.3322,205613.784129
2026-03-27 17:25:00,1.3322,1.3325,1.33,1.3303,169614.675427
2026-03-27 17:30:00,1.3303,1.3314,1.3293,1.331,187163.431431
2026-03-27 17:35:00,1.3309,1.3313,1.3301,1.3306,29434.412953
2026-03-27 17:40:00,1.3309,1.3312,1.3252,1.3253,153319.114314
2026-03-27 17:45:00,1.3252,1.3269,1.3231,1.3237,162780.021656
2026-03-27 17:50:00,1.3237,1.326,1.3236,1.3257,533001.600648
2026-03-27 17:55:00,1.3259,1.3265,1.3241,1.3241,628904.958493
2026-03-27 18:00:00,1.3239,1.3248,1.3222,1.3239,203651.675599
2026-03-27 18:05:00,1.324,1.3259,1.324,1.3243,37008.261134
2026-03-27 18:10:00,1.3242,1.3246,1.3222,1.3222,32757.758158
2026-03-27 18:15:00,1.3221,1.3261,1.322,1.3258,56282.769349
2026-03-27 18:20:00,1.3254,1.3258,1.3188,1.3188,326728.664735
2026-03-27 18:25:00,1.3187,1.321,1.3182,1.3194,125567.21861
2026-03-27 18:30:00,1.3194,1.3218,1.3194,1.3215,79552.82021
2026-03-27 18:35:00,1.3216,1.3228,1.3206,1.3217,54712.760919
2026-03-27 18:40:00,1.3219,1.3231,1.32,1.3212,86360.511822
2026-03-27 18:45:00,1.3213,1.3238,1.3211,1.3236,50637.191228
2026-03-27 18:50:00,1.3233,1.3246,1.322,1.3227,86238.20224
2026-03-27 18:55:00,1.3226,1.3246,1.3217,1.3236,50678.131635
2026-03-27 19:00:00,1.3235,1.3238,1.3211,1.3221,102669.695339
2026-03-27 19:05:00,1.3227,1.3227,1.3197,1.322,80041.289649
2026-03-27 19:10:00,1.3219,1.3222,1.3208,1.322,45343.166181
2026-03-27 19:15:00,1.3222,1.326,1.3215,1.3256,55360.166392
2026-03-27 19:20:00,1.3256,1.3275,1.3243,1.3265,78908.781045
2026-03-27 19:25:00,1.3264,1.3275,1.3253,1.3274,142286.067583
2026-03-27 19:30:00,1.3275,1.3294,1.3275,1.3289,39263.352883
2026-03-27 19:35:00,1.3289,1.3293,1.3277,1.3281,60071.904748
2026-03-27 19:40:00,1.3281,1.3281,1.325,1.3261,65747.909321
2026-03-27 19:45:00,1.3261,1.3261,1.324,1.325,53136.673863
2026-03-27 19:50:00,1.3251,1.3257,1.3239,1.3241,46871.043669
2026-03-27 19:55:00,1.3241,1.3272,1.3241,1.3253,208313.988873
2026-03-27 20:00:00,1.325,1.3279,1.325,1.327,101021.770838
2026-03-27 20:05:00,1.327,1.3274,1.3246,1.3256,77533.803213
2026-03-27 20:10:00,1.3256,1.3261,1.3255,1.326,45072.4855
2026-03-27 20:15:00,1.3263,1.3275,1.3249,1.3266,42541.139468
2026-03-27 20:20:00,1.3265,1.3265,1.3253,1.326,51070.808562
2026-03-27 20:25:00,1.3258,1.3258,1.3228,1.3246,121209.336734
2026-03-27 20:30:00,1.3246,1.325,1.3236,1.3239,20820.672974
2026-03-27 20:35:00,1.3238,1.3238,1.3224,1.3229,31721.135421
2026-03-27 20:40:00,1.3228,1.3235,1.3221,1.3232,32474.421224
2026-03-27 20:45:00,1.3234,1.3256,1.323,1.3254,39020.159468
2026-03-27 20:50:00,1.3252,1.3272,1.3245,1.3272,40396.035687
2026-03-27 20:55:00,1.3273,1.3276,1.3256,1.326,103251.288016
2026-03-27 21:00:00,1.326,1.3291,1.326,1.3291,58531.937415
2026-03-27 21:05:00,1.3292,1.3292,1.3281,1.3286,82576.981668
2026-03-27 21:10:00,1.3287,1.3299,1.3279,1.3297,176654.186172
2026-03-27 21:15:00,1.3298,1.3305,1.3292,1.33,54411.011449
2026-03-27 21:20:00,1.3298,1.3298,1.3289,1.3293,55833.64029
2026-03-27 21:25:00,1.3293,1.3314,1.3293,1.3309,77255.257443
2026-03-27 21:30:00,1.3309,1.3327,1.3309,1.332,98499.195269
2026-03-27 21:35:00,1.3322,1.3323,1.3291,1.3298,115685.6526
2026-03-27 21:40:00,1.33,1.3308,1.3292,1.3305,72793.955064
2026-03-27 21:45:00,1.3305,1.3309,1.3297,1.33,26262.338814
2026-03-27 21:50:00,1.3299,1.3304,1.3288,1.3298,23946.51379
2026-03-27 21:55:00,1.3301,1.3301,1.3274,1.3286,44947.68704
2026-03-27 22:00:00,1.3284,1.329,1.3264,1.3268,43145.055873
2026-03-27 22:05:00,1.3265,1.3268,1.3242,1.3256,45789.349062
2026-03-27 22:10:00,1.3259,1.3261,1.324,1.3244,46744.868633
2026-03-27 22:15:00,1.3243,1.3243,1.3234,1.3234,27814.717882
2026-03-27 22:20:00,1.3233,1.3244,1.3232,1.3241,55958.956136
2026-03-27 22:25:00,1.324,1.3243,1.3231,1.3242,14346.774938
2026-03-27 22:30:00,1.324,1.3248,1.3238,1.3238,33630.086871
2026-03-27 22:35:00,1.3239,1.3242,1.3227,1.3227,25616.349771
2026-03-27 22:40:00,1.3229,1.3245,1.3222,1.3242,25142.28253
2026-03-27 22:45:00,1.3243,1.3252,1.3243,1.3249,17131.849532
2026-03-27 22:50:00,1.3249,1.3251,1.3245,1.3247,24402.787984
2026-03-27 22:55:00,1.3248,1.3256,1.3245,1.3246,45622.237619
2026-03-27 23:00:00,1.3246,1.3247,1.323,1.3233,29611.23304
2026-03-27 23:05:00,1.3235,1.3235,1.3207,1.3216,72242.969787
2026-03-27 23:10:00,1.3216,1.3218,1.3205,1.3211,38448.181359
2026-03-27 23:15:00,1.3211,1.3214,1.321,1.321,25425.199354
2026-03-27 23:20:00,1.321,1.3221,1.3205,1.3221,29486.127842
2026-03-27 23:25:00,1.3223,1.3224,1.3216,1.3219,29283.24122
2026-03-27 23:30:00,1.3218,1.3222,1.3213,1.3214,47312.902302
2026-03-27 23:35:00,1.3213,1.3213,1.3203,1.3212,30786.76378
2026-03-27 23:40:00,1.3212,1.3242,1.3203,1.3241,55262.754754
2026-03-27 23:45:00,1.3242,1.3265,1.3242,1.3257,46664.843264
2026-03-27 23:50:00,1.3257,1.3258,1.3245,1.3258,39122.623027
2026-03-27 23:55:00,1.3256,1.3259,1.3252,1.3255,17703.880692
2026-03-28 00:00:00,1.3258,1.3264,1.3246,1.3262,23945.575088
2026-03-28 00:05:00,1.3262,1.3273,1.3259,1.3264,26488.336191
2026-03-28 00:10:00,1.3263,1.3265,1.3256,1.3256,19107.58475
2026-03-28 00:15:00,1.3258,1.3268,1.3257,1.326,15753.291041
2026-03-28 00:20:00,1.3263,1.3285,1.3263,1.3279,46791.209836
2026-03-28 00:25:00,1.3278,1.3285,1.3273,1.3285,25311.830281
2026-03-28 00:30:00,1.3286,1.3296,1.3268,1.3268,39461.886799
2026-03-28 00:35:00,1.3268,1.3281,1.3267,1.327,64365.20962
2026-03-28 00:40:00,1.327,1.327,1.3252,1.3269,45728.138562
2026-03-28 00:45:00,1.3272,1.3272,1.3261,1.3263,10100.854632
2026-03-28 00:50:00,1.3263,1.3266,1.3259,1.3259,22706.400464
2026-03-28 00:55:00,1.3261,1.3272,1.3261,1.3265,24406.787861
2026-03-28 01:00:00,1.3265,1.3266,1.3256,1.3266,17437.374504
2026-03-28 01:05:00,1.327,1.3278,1.3257,1.3259,40311.667999
2026-03-28 01:10:00,1.3257,1.3257,1.3213,1.3226,108074.14269
2026-03-28 01:15:00,1.3227,1.3242,1.3223,1.3241,61755.111173
2026-03-28 01:20:00,1.3242,1.3259,1.3239,1.3253,16108.484625
2026-03-28 01:25:00,1.3251,1.3251,1.3233,1.3242,61164.659028
2026-03-28 01:30:00,1.3242,1.3255,1.324,1.3242,42412.318344
2026-03-28 01:35:00,1.3241,1.3241,1.3193,1.3204,157908.43897
2026-03-28 01:40:00,1.3203,1.3228,1.3199,1.322,48203.508585
2026-03-28 01:45:00,1.3221,1.3252,1.322,1.3246,79181.49233
2026-03-28 01:50:00,1.3248,1.325,1.3234,1.3241,229625.494797
2026-03-28 01:55:00,1.324,1.3241,1.3227,1.3236,89308.715962
2026-03-28 02:00:00,1.3239,1.3273,1.3238,1.3272,32958.006447
2026-03-28 02:05:00,1.3272,1.3275,1.3262,1.3265,22116.641841
2026-03-28 02:10:00,1.3264,1.3264,1.3256,1.3257,9405.166931
2026-03-28 02:15:00,1.3255,1.3266,1.3218,1.323,41441.120101
2026-03-28 02:20:00,1.3231,1.3239,1.3229,1.3239,11397.885951
2026-03-28 02:25:00,1.324,1.324,1.3225,1.3236,10294.112358
2026-03-28 02:30:00,1.3238,1.3238,1.3215,1.3235,81319.212673
2026-03-28 02:35:00,1.3239,1.3246,1.3232,1.3242,40667.861454
2026-03-28 02:40:00,1.3241,1.3246,1.3235,1.3246,12419.6906
2026-03-28 02:45:00,1.3245,1.3245,1.3231,1.3237,26947.818294
2026-03-28 02:50:00,1.3237,1.3248,1.3237,1.3243,9401.147523
2026-03-28 02:55:00,1.3244,1.3245,1.3234,1.3238,25223.881396
2026-03-28 03:00:00,1.3241,1.3253,1.324,1.3243,18639.367016
2026-03-28 03:05:00,1.3244,1.3257,1.3244,1.3252,16224.091042
2026-03-28 03:10:00,1.3252,1.3256,1.3251,1.3251,12235.854705
2026-03-28 03:15:00,1.3252,1.3265,1.3252,1.3256,21962.429288
2026-03-28 03:20:00,1.3257,1.3268,1.3257,1.3263,86695.409506
2026-03-28 03:25:00,1.3266,1.3269,1.326,1.3268,21905.080473
2026-03-28 03:30:00,1.3269,1.3272,1.3265,1.3266,20541.017883
2026-03-28 03:35:00,1.3267,1.3284,1.3266,1.327,35358.395183
2026-03-28 03:40:00,1.3269,1.3284,1.3269,1.3283,25022.538726
2026-03-28 03:45:00,1.3281,1.3281,1.3262,1.3276,23501.643264
2026-03-28 03:50:00,1.3276,1.3279,1.3269,1.3269,14141.722684
2026-03-28 03:55:00,1.327,1.3274,1.3268,1.327,17000.699659
2026-03-28 04:00:00,1.3273,1.3281,1.3262,1.3278,33446.381683
2026-03-28 04:05:00,1.3278,1.3278,1.3259,1.3267,93989.922467
2026-03-28 04:10:00,1.3266,1.3271,1.326,1.3264,32264.560516
2026-03-28 04:15:00,1.3261,1.3298,1.3261,1.329,11906.1486
2026-03-28 04:20:00,1.3289,1.3307,1.3289,1.3297,23220.108134
2026-03-28 04:25:00,1.3298,1.3305,1.3289,1.3303,15822.784284
2026-03-28 04:30:00,1.3302,1.3307,1.3287,1.329,10647.885883
2026-03-28 04:35:00,1.3291,1.3292,1.327,1.3276,85044.735225
2026-03-28 04:40:00,1.3276,1.3288,1.3276,1.3288,36820.020235
2026-03-28 04:45:00,1.3289,1.3293,1.3287,1.3291,5544.516792
2026-03-28 04:50:00,1.3292,1.3299,1.3286,1.3299,24019.32023
2026-03-28 04:55:00,1.3297,1.3307,1.3293,1.3307,51223.339952
2026-03-28 05:00:00,1.3307,1.331,1.3285,1.3285,10708.589127
2026-03-28 05:05:00,1.3286,1.3303,1.3284,1.3299,13513.968355
2026-03-28 05:10:00,1.3298,1.3315,1.3293,1.3314,18468.461778
2026-03-28 05:15:00,1.3314,1.3322,1.3313,1.3318,29289.524785
2026-03-28 05:20:00,1.3318,1.3385,1.3318,1.3378,88111.815063
2026-03-28 05:25:00,1.3383,1.3393,1.3371,1.3391,54226.844069
2026-03-28 05:30:00,1.3391,1.3396,1.3367,1.3395,33352.232519
2026-03-28 05:35:00,1.3394,1.3409,1.3392,1.3404,24425.299178
2026-03-28 05:40:00,1.3403,1.3421,1.3369,1.3421,43570.774533
2026-03-28 05:45:00,1.3418,1.3419,1.3362,1.3362,148091.414307
2026-03-28 05:50:00,1.3363,1.3372,1.3351,1.3368,28913.62713
2026-03-28 05:55:00,1.3366,1.3378,1.336,1.3374,82902.63952
2026-03-28 06:00:00,1.3374,1.3374,1.3339,1.3339,81442.596355
2026-03-28 06:05:00,1.3346,1.3369,1.3345,1.3358,32079.474003
2026-03-28 06:10:00,1.336,1.3363,1.3349,1.3359,15028.426807
2026-03-28 06:15:00,1.3362,1.3398,1.3356,1.3377,96491.345551
2026-03-28 06:20:00,1.3377,1.3382,1.336,1.3382,34918.961884
2026-03-28 06:25:00,1.3374,1.3374,1.3365,1.3368,16938.142531
2026-03-28 06:30:00,1.3369,1.3374,1.3365,1.3365,13126.938016
2026-03-28 06:35:00,1.3365,1.3368,1.336,1.3361,20707.194449
2026-03-28 06:40:00,1.336,1.3366,1.3356,1.3356,13396.421989
2026-03-28 06:45:00,1.3355,1.3371,1.3353,1.3356,57978.327247
2026-03-28 06:50:00,1.3356,1.3361,1.3352,1.3352,27790.74316
2026-03-28 06:55:00,1.3354,1.3369,1.3354,1.3359,13778.559139
2026-03-28 07:00:00,1.3359,1.3363,1.3353,1.3355,6232.318653
2026-03-28 07:05:00,1.3355,1.3362,1.3348,1.3361,9582.207711
2026-03-28 07:10:00,1.3363,1.3374,1.3359,1.3365,18061.608143
2026-03-28 07:15:00,1.3363,1.3381,1.3363,1.3375,15963.388074
2026-03-28 07:20:00,1.3376,1.3381,1.3368,1.338,16356.660927
2026-03-28 07:25:00,1.3383,1.3391,1.3381,1.3391,22623.659758
2026-03-28 07:30:00,1.339,1.339,1.3377,1.3379,7632.768034
2026-03-28 07:35:00,1.3377,1.3392,1.3377,1.3387,26219.614076
2026-03-28 07:40:00,1.3388,1.339,1.3382,1.3388,18936.696326
2026-03-28 07:45:00,1.339,1.3393,1.3386,1.3393,4358.365137
2026-03-28 07:50:00,1.3393,1.3406,1.3392,1.3405,12439.798178
2026-03-28 07:55:00,1.3404,1.3411,1.3401,1.341,61503.852328
2026-03-28 08:00:00,1.3411,1.3428,1.3408,1.3426,33153.684373
2026-03-28 08:05:00,1.3425,1.3428,1.3407,1.3411,40356.722253
2026-03-28 08:10:00,1.3412,1.342,1.3407,1.3411,10497.733773
2026-03-28 08:15:00,1.3415,1.3415,1.3405,1.3411,19322.315279
2026-03-28 08:20:00,1.3411,1.3421,1.3408,1.342,11287.547309
2026-03-28 08:25:00,1.342,1.3425,1.3419,1.342,13352.871919
2026-03-28 08:30:00,1.342,1.342,1.3407,1.3411,13566.682465
2026-03-28 08:35:00,1.3411,1.3411,1.3395,1.3396,19020.053945
2026-03-28 08:40:00,1.3396,1.3397,1.339,1.3393,8826.615055
2026-03-28 08:45:00,1.3393,1.34,1.3387,1.3397,26845.39523
2026-03-28 08:50:00,1.3396,1.3396,1.338,1.3385,7784.306975
2026-03-28 08:55:00,1.3384,1.3384,1.3376,1.338,11502.842401
2026-03-28 09:00:00,1.338,1.3384,1.3371,1.3372,7989.814321
2026-03-28 09:05:00,1.3371,1.3382,1.3368,1.3374,34310.963071
2026-03-28 09:10:00,1.3375,1.3375,1.3369,1.3369,13392.475822
2026-03-28 09:15:00,1.3369,1.3371,1.3362,1.337,12349.920822
2026-03-28 09:20:00,1.3372,1.3384,1.3372,1.3379,14224.410576
2026-03-28 09:25:00,1.3379,1.3385,1.3376,1.3384,15589.690183
2026-03-28 09:30:00,1.3383,1.3383,1.3372,1.3373,13411.836486
2026-03-28 09:35:00,1.3373,1.338,1.337,1.337,10171.537483
2026-03-28 09:40:00,1.337,1.3381,1.337,1.3374,33623.645432
2026-03-28 09:45:00,1.3373,1.3379,1.3372,1.3373,10086.966891
2026-03-28 09:50:00,1.337,1.3373,1.3364,1.3373,12780.988031
2026-03-28 09:55:00,1.3374,1.3376,1.3369,1.3372,12118.247414
2026-03-28 10:00:00,1.3373,1.3423,1.3373,1.3418,25222.586703
2026-03-28 10:05:00,1.342,1.3437,1.342,1.3423,28747.607014
2026-03-28 10:10:00,1.3424,1.3424,1.3409,1.3413,52881.948028
2026-03-28 10:15:00,1.3413,1.3413,1.34,1.34,12344.320645
2026-03-28 10:20:00,1.3399,1.3402,1.3392,1.3399,17330.294567
2026-03-28 10:25:00,1.3399,1.3399,1.3366,1.3367,19269.694596
2026-03-28 10:30:00,1.3365,1.3379,1.3363,1.3367,11663.912737
2026-03-28 10:35:00,1.3367,1.337,1.335,1.3356,9631.100044
2026-03-28 10:40:00,1.3358,1.3371,1.3358,1.3369,11806.934621
2026-03-28 10:45:00,1.3369,1.3372,1.3365,1.3367,5249.079245
2026-03-28 10:50:00,1.3368,1.3369,1.336,1.3369,11415.355279
2026-03-28 10:55:00,1.3368,1.3381,1.3366,1.3379,19212.898643
2026-03-28 11:00:00,1.3379,1.338,1.3374,1.3378,11909.367371
2026-03-28 11:05:00,1.3383,1.3391,1.3383,1.3387,37252.489807
2026-03-28 11:10:00,1.3386,1.3389,1.3376,1.3389,19751.091498
2026-03-28 11:15:00,1.3387,1.3393,1.3386,1.3388,9255.791171
2026-03-28 11:20:00,1.3386,1.339,1.3379,1.339,24657.263645
2026-03-28 11:25:00,1.3391,1.3391,1.3386,1.3386,12275.755987
2026-03-28 11:30:00,1.3385,1.3392,1.3385,1.3392,25509.527099
2026-03-28 11:35:00,1.3393,1.34,1.3388,1.34,43787.527031
2026-03-28 11:40:00,1.3398,1.3398,1.3393,1.3395,17175.891007
2026-03-28 11:45:00,1.3397,1.3413,1.3397,1.3405,59971.070208
2026-03-28 11:50:00,1.3409,1.3422,1.3409,1.3409,11921.316592
2026-03-28 11:55:00,1.3408,1.3409,1.3402,1.3402,19158.977334
2026-03-28 12:00:00,1.3402,1.3404,1.3388,1.3388,13745.940334
2026-03-28 12:05:00,1.3387,1.3388,1.337,1.3388,9838.684483
2026-03-28 12:10:00,1.3389,1.3393,1.3381,1.3393,6432.592534
2026-03-28 12:15:00,1.3391,1.3419,1.3391,1.3407,30901.74871
2026-03-28 12:20:00,1.3407,1.3409,1.34,1.3402,9342.313274
2026-03-28 12:25:00,1.3401,1.3407,1.34,1.3401,6837.87887
2026-03-28 12:30:00,1.3401,1.3402,1.3374,1.3384,58094.547209
2026-03-28 12:35:00,1.3385,1.3387,1.3361,1.3371,50181.504199
2026-03-28 12:40:00,1.337,1.3378,1.3369,1.3374,16765.780306
2026-03-28 12:45:00,1.3374,1.3384,1.3374,1.3381,13381.401342
2026-03-28 12:50:00,1.3383,1.3396,1.3383,1.3387,7324.67166
2026-03-28 12:55:00,1.3387,1.3394,1.3386,1.3387,21772.265975
2026-03-28 13:00:00,1.3387,1.3392,1.3382,1.3384,12912.746641
2026-03-28 13:05:00,1.3384,1.3403,1.3384,1.3402,9170.481534
2026-03-28 13:10:00,1.3404,1.3406,1.3395,1.3399,18650.933964
2026-03-28 13:15:00,1.3398,1.3405,1.3395,1.3395,18227.692111
2026-03-28 13:20:00,1.3395,1.3407,1.3395,1.3395,29106.59785
2026-03-28 13:25:00,1.3397,1.3404,1.3388,1.3404,28853.436464
2026-03-28 13:30:00,1.3403,1.343,1.3403,1.3423,63014.727234
2026-03-28 13:35:00,1.3423,1.3436,1.3419,1.3425,32230.016378
2026-03-28 13:40:00,1.3425,1.3575,1.3425,1.3513,989835.287221
2026-03-28 13:45:00,1.3514,1.3526,1.3493,1.3496,120518.873758
2026-03-28 13:50:00,1.3492,1.3506,1.3479,1.35,57960.087778
2026-03-28 13:55:00,1.3501,1.351,1.3495,1.351,14334.827014
2026-03-28 14:00:00,1.3507,1.3507,1.3475,1.3478,33482.158842
2026-03-28 14:05:00,1.3475,1.3494,1.347,1.3476,46883.553736
2026-03-28 14:10:00,1.3475,1.3486,1.3473,1.3478,51351.15429
2026-03-28 14:15:00,1.3477,1.3488,1.3465,1.3483,29536.307561
2026-03-28 14:20:00,1.3482,1.3497,1.3477,1.3479,35683.49955
2026-03-28 14:25:00,1.3479,1.3493,1.3473,1.3488,52779.587252
2026-03-28 14:30:00,1.3486,1.3499,1.3486,1.3491,24569.447699
2026-03-28 14:35:00,1.3487,1.3494,1.3475,1.3494,14308.901365
2026-03-28 14:40:00,1.3496,1.3524,1.3494,1.3506,25673.128193
2026-03-28 14:45:00,1.3506,1.352,1.3505,1.3515,21078.423671
2026-03-28 14:50:00,1.3515,1.3521,1.3473,1.3476,90959.465883
2026-03-28 14:55:00,1.3478,1.3485,1.3468,1.348,26240.180874
2026-03-28 15:00:00,1.3479,1.3483,1.3465,1.347,26051.722136
2026-03-28 15:05:00,1.3471,1.3487,1.3471,1.3487,30891.832736
2026-03-28 15:10:00,1.3487,1.3504,1.3485,1.3496,65801.735035
2026-03-28 15:15:00,1.3494,1.3549,1.3493,1.3533,98080.676677
2026-03-28 15:20:00,1.3533,1.3585,1.3533,1.3551,142266.826855
2026-03-28 15:25:00,1.3555,1.3555,1.3514,1.3529,118211.341553
2026-03-28 15:30:00,1.3529,1.3552,1.3528,1.3552,39757.4294
2026-03-28 15:35:00,1.3553,1.3554,1.3534,1.3545,123815.305522
2026-03-28 15:40:00,1.3544,1.3547,1.3526,1.3544,18496.219766
2026-03-28 15:45:00,1.3544,1.3547,1.3531,1.3539,14307.685741
2026-03-28 15:50:00,1.3535,1.3536,1.3525,1.3531,26548.01738
2026-03-28 15:55:00,1.3531,1.3536,1.3519,1.3534,10457.760133
2026-03-28 16:00:00,1.3535,1.3542,1.3525,1.3538,38637.45744
2026-03-28 16:05:00,1.3537,1.3546,1.3528,1.3541,27805.317719
2026-03-28 16:10:00,1.3542,1.3546,1.3527,1.3541,49136.08451
2026-03-28 16:15:00,1.3538,1.3545,1.3536,1.354,12064.891646
2026-03-28 16:20:00,1.3542,1.3542,1.3517,1.3519,37467.021919
2026-03-28 16:25:00,1.352,1.3522,1.3509,1.3517,21258.200874
2026-03-28 16:30:00,1.3516,1.3531,1.3508,1.3529,12562.161484
2026-03-28 16:35:00,1.3527,1.3527,1.3511,1.3516,33843.131273
2026-03-28 16:40:00,1.3517,1.3518,1.3509,1.3509,52373.23451
2026-03-28 16:45:00,1.3511,1.3517,1.3502,1.3508,46798.426692
2026-03-28 16:50:00,1.351,1.3516,1.3496,1.3502,32773.811114
2026-03-28 16:55:00,1.3499,1.3504,1.3497,1.3501,20369.150285
2026-03-28 17:00:00,1.3502,1.3519,1.3502,1.3519,29504.102504
2026-03-28 17:05:00,1.3519,1.3521,1.3508,1.3512,21018.627761
2026-03-28 17:10:00,1.351,1.3522,1.3506,1.3518,29228.761211
2026-03-28 17:15:00,1.3514,1.3514,1.35,1.3503,51083.28372
2026-03-28 17:20:00,1.3505,1.3512,1.3493,1.35,22823.810968
2026-03-28 17:25:00,1.3499,1.35,1.3483,1.3485,23213.455679
2026-03-28 17:30:00,1.3488,1.3491,1.3465,1.348,41738.456993
2026-03-28 17:35:00,1.3479,1.3498,1.3471,1.3479,43628.261968
2026-03-28 17:40:00,1.3478,1.348,1.3475,1.3475,727.590883
2026-03-28 17:45:00,1.3474,1.3474,1.3447,1.3448,23618.949828
2026-03-28 17:50:00,1.3448,1.3453,1.3445,1.3453,6404.691114
2026-03-28 17:55:00,1.3453,1.3465,1.3453,1.3457,12395.637432
2026-03-28 18:00:00,1.3459,1.3469,1.345,1.3466,21933.681328
2026-03-28 18:05:00,1.3464,1.3472,1.3464,1.3472,4997.15107
2026-03-28 18:10:00,1.3473,1.3475,1.3473,1.3475,3501.000363
2026-03-28 18:15:00,1.3475,1.3475,1.3462,1.347,5382.518919
2026-03-28 18:20:00,1.3472,1.3472,1.3458,1.3458,4539.602282
2026-03-28 18:25:00,1.3456,1.3461,1.3451,1.3456,14470.574134
2026-03-28 18:30:00,1.3455,1.3462,1.3455,1.3458,26614.022712
2026-03-28 18:35:00,1.3458,1.3458,1.345,1.3453,15997.045265
2026-03-28 18:40:00,1.3455,1.3472,1.3455,1.3472,10228.524721
2026-03-28 18:45:00,1.3473,1.3474,1.3458,1.3465,16032.768571
2026-03-28 18:50:00,1.3467,1.3467,1.3464,1.3464,9422.38236
2026-03-28 18:55:00,1.3466,1.347,1.3461,1.3461,15874.707449
2026-03-28 19:00:00,1.3458,1.3467,1.3455,1.3463,26547.556003
2026-03-28 19:05:00,1.3463,1.3465,1.346,1.3462,7027.522282
2026-03-28 19:10:00,1.3461,1.3461,1.3422,1.3434,58482.98858
2026-03-28 19:15:00,1.3439,1.3445,1.3435,1.3442,9103.98826
2026-03-28 19:20:00,1.3445,1.3449,1.344,1.3449,6278.850786
2026-03-28 19:25:00,1.3449,1.3451,1.3447,1.3447,14259.476266
2026-03-28 19:30:00,1.3449,1.3449,1.3441,1.3446,7518.81238
2026-03-28 19:35:00,1.3445,1.3445,1.3439,1.3439,21701.696358
2026-03-28 19:40:00,1.344,1.3451,1.344,1.3442,14966.287251
2026-03-28 19:45:00,1.3443,1.3444,1.3437,1.3437,18649.720658
2026-03-28 19:50:00,1.3436,1.3441,1.3436,1.3438,14740.595601
2026-03-28 19:55:00,1.344,1.3452,1.3438,1.3451,20778.028526
2026-03-28 20:00:00,1.345,1.3476,1.3448,1.3469,73927.036448
2026-03-28 20:05:00,1.347,1.3477,1.3467,1.3477,14961.268982
2026-03-28 20:10:00,1.3476,1.348,1.3466,1.347,11642.13513
2026-03-28 20:15:00,1.3472,1.3475,1.3451,1.3451,12447.505775
2026-03-28 20:20:00,1.3452,1.3467,1.3452,1.3456,7279.667591
2026-03-28 20:25:00,1.3455,1.3456,1.3451,1.3452,8083.610219
2026-03-28 20:30:00,1.3451,1.3462,1.3451,1.3451,26806.14214
2026-03-28 20:35:00,1.3451,1.3458,1.3448,1.3452,7215.234197
2026-03-28 20:40:00,1.3451,1.3453,1.3445,1.3448,11606.73783
2026-03-28 20:45:00,1.3454,1.346,1.3454,1.3458,12430.964093
2026-03-28 20:50:00,1.3458,1.3471,1.3458,1.3468,26839.360674
2026-03-28 20:55:00,1.3469,1.3475,1.3466,1.3466,10727.081495
2026-03-28 21:00:00,1.3466,1.3467,1.3459,1.3465,17317.442742
2026-03-28 21:05:00,1.3464,1.3466,1.3449,1.345,29950.419562
2026-03-28 21:10:00,1.345,1.3464,1.3446,1.3458,24444.386422
2026-03-28 21:15:00,1.346,1.3466,1.3458,1.3461,8862.816756
2026-03-28 21:20:00,1.3459,1.3459,1.3451,1.3459,24962.891955
2026-03-28 21:25:00,1.3461,1.3462,1.3459,1.346,5132.722801
2026-03-28 21:30:00,1.3462,1.3462,1.3449,1.3455,6343.632942
2026-03-28 21:35:00,1.3456,1.3457,1.3446,1.3452,57821.252497
2026-03-28 21:40:00,1.3453,1.3465,1.3447,1.346,27477.31197
2026-03-28 21:45:00,1.3457,1.3462,1.3447,1.3452,22450.58743
2026-03-28 21:50:00,1.3449,1.3451,1.3405,1.3425,56213.471456
2026-03-28 21:55:00,1.343,1.343,1.3408,1.3417,10706.824093
2026-03-28 22:00:00,1.3416,1.3429,1.3403,1.3422,81485.777417
2026-03-28 22:05:00,1.3424,1.3432,1.3418,1.3418,21710.406793
2026-03-28 22:10:00,1.3418,1.3419,1.3406,1.3406,16514.957924
2026-03-28 22:15:00,1.3407,1.3428,1.3401,1.3424,18733.588749
2026-03-28 22:20:00,1.3421,1.344,1.3421,1.3438,5824.889614
2026-03-28 22:25:00,1.3435,1.3439,1.3431,1.3431,8377.5081
2026-03-28 22:30:00,1.3433,1.3433,1.3423,1.3423,6984.866875
2026-03-28 22:35:00,1.3424,1.3426,1.3419,1.3423,18368.632387
2026-03-28 22:40:00,1.3419,1.342,1.3389,1.3392,66957.512708
2026-03-28 22:45:00,1.3393,1.3416,1.3391,1.3412,23656.199028
2026-03-28 22:50:00,1.3412,1.3417,1.3408,1.3416,9875.970391
2026-03-28 22:55:00,1.3416,1.3416,1.341,1.3416,16285.473004
2026-03-28 23:00:00,1.3416,1.3416,1.3403,1.3406,16252.190389
2026-03-28 23:05:00,1.3404,1.3404,1.3354,1.3372,34916.083183
2026-03-28 23:10:00,1.3368,1.3371,1.3314,1.3345,120785.921865
2026-03-28 23:15:00,1.3346,1.3346,1.3314,1.3314,49643.331117
2026-03-28 23:20:00,1.3315,1.3337,1.3315,1.3335,19324.682956
2026-03-28 23:25:00,1.3337,1.3344,1.3335,1.3335,7632.060401
2026-03-28 23:30:00,1.3333,1.3356,1.3333,1.3353,26033.7637
2026-03-28 23:35:00,1.3354,1.3355,1.3337,1.3342,17827.73285
2026-03-28 23:40:00,1.3346,1.3354,1.332,1.3321,14653.792245
2026-03-28 23:45:00,1.3321,1.3327,1.3308,1.3322,24855.510299
2026-03-28 23:50:00,1.3323,1.3342,1.3323,1.3331,21710.516165
2026-03-28 23:55:00,1.3332,1.3338,1.3332,1.3335,16101.188548
2026-03-29 00:00:00,1.3335,1.3357,1.333,1.3349,17503.944921
2026-03-29 00:05:00,1.3351,1.3351,1.3327,1.3327,24373.160605
2026-03-29 00:10:00,1.3328,1.3349,1.3328,1.3333,32261.213573
2026-03-29 00:15:00,1.3333,1.3344,1.3332,1.3344,18499.310267
2026-03-29 00:20:00,1.3339,1.3339,1.3302,1.3307,27572.1522
2026-03-29 00:25:00,1.3313,1.3319,1.3306,1.3318,6060.828079
2026-03-29 00:30:00,1.3318,1.334,1.3315,1.333,14762.717646
2026-03-29 00:35:00,1.333,1.333,1.3313,1.3321,14212.581236
2026-03-29 00:40:00,1.3321,1.3325,1.3305,1.3305,15720.473551
2026-03-29 00:45:00,1.3305,1.3311,1.3304,1.331,19014.180237
2026-03-29 00:50:00,1.331,1.3325,1.3302,1.3302,10404.308841
2026-03-29 00:55:00,1.3304,1.333,1.3304,1.3328,15061.177722
2026-03-29 01:00:00,1.3326,1.3349,1.3324,1.3348,71461.347108
2026-03-29 01:05:00,1.3346,1.3372,1.3345,1.3347,73649.878311
2026-03-29 01:10:00,1.3347,1.3364,1.3347,1.3363,49113.035793
2026-03-29 01:15:00,1.3361,1.3366,1.3353,1.3358,48848.976214
2026-03-29 01:20:00,1.336,1.3372,1.336,1.3363,17705.840924
2026-03-29 01:25:00,1.3363,1.3366,1.336,1.336,7198.125652
2026-03-29 01:30:00,1.3362,1.3367,1.3356,1.3356,12736.119491
2026-03-29 01:35:00,1.3355,1.3355,1.3332,1.3332,18435.401679
2026-03-29 01:40:00,1.3331,1.335,1.333,1.335,9084.682734
2026-03-29 01:45:00,1.3349,1.3349,1.3333,1.3346,10685.339243
2026-03-29 01:50:00,1.3347,1.3367,1.3346,1.3351,26898.681953
2026-03-29 01:55:00,1.335,1.3365,1.3349,1.3358,183450.855596
2026-03-29 02:00:00,1.336,1.336,1.3347,1.3353,22666.53346
2026-03-29 02:05:00,1.3354,1.3365,1.3354,1.336,13136.067328
2026-03-29 02:10:00,1.3359,1.3367,1.3359,1.3367,4919.566593
2026-03-29 02:15:00,1.3368,1.337,1.336,1.3368,20349.876042
2026-03-29 02:20:00,1.3367,1.3372,1.3362,1.3372,3201.626233
2026-03-29 02:25:00,1.3367,1.3367,1.3362,1.3362,2034.208049
2026-03-29 02:30:00,1.3362,1.3363,1.3348,1.3351,11275.273835
2026-03-29 02:35:00,1.3348,1.3363,1.3347,1.3361,8982.310728
2026-03-29 02:40:00,1.3361,1.3369,1.336,1.3369,10726.482459
2026-03-29 02:45:00,1.3369,1.3373,1.3368,1.3373,10247.513411
2026-03-29 02:50:00,1.3374,1.339,1.3374,1.3378,8745.737846
2026-03-29 02:55:00,1.3377,1.3377,1.3362,1.3367,7286.107049
2026-03-29 03:00:00,1.3367,1.3368,1.3361,1.3367,12508.232361
2026-03-29 03:05:00,1.3365,1.337,1.3356,1.3361,42365.845321
2026-03-29 03:10:00,1.3364,1.3365,1.3357,1.3359,12234.076506
2026-03-29 03:15:00,1.3358,1.342,1.3355,1.3401,84738.552519
2026-03-29 03:20:00,1.34,1.3408,1.3388,1.3396,19598.768718
2026-03-29 03:25:00,1.3395,1.3395,1.3386,1.3392,9954.244991
2026-03-29 03:30:00,1.3391,1.3401,1.3384,1.3384,31839.434343
2026-03-29 03:35:00,1.3381,1.3394,1.338,1.3386,29940.894065
2026-03-29 03:40:00,1.339,1.339,1.3384,1.3387,8062.4247
2026-03-29 03:45:00,1.3388,1.3388,1.3378,1.3386,16435.802449
2026-03-29 03:50:00,1.3387,1.3392,1.3384,1.3385,23579.816879
2026-03-29 03:55:00,1.3391,1.3391,1.3383,1.3384,11530.480333
2026-03-29 04:00:00,1.3384,1.3386,1.3366,1.3372,18538.244342
2026-03-29 04:05:00,1.3371,1.3378,1.3367,1.3373,26515.971366
2026-03-29 04:10:00,1.3372,1.3374,1.3371,1.3374,828.351372
2026-03-29 04:15:00,1.3373,1.3373,1.3365,1.3365,7371.166144
2026-03-29 04:20:00,1.3365,1.3368,1.3348,1.336,21723.079169
2026-03-29 04:25:00,1.336,1.3363,1.3355,1.336,13879.593584
2026-03-29 04:30:00,1.3359,1.3368,1.3355,1.3368,2046.205901
2026-03-29 04:35:00,1.337,1.337,1.336,1.336,1702.796325
2026-03-29 04:40:00,1.3362,1.337,1.3362,1.3367,455.690571
2026-03-29 04:45:00,1.3367,1.3368,1.336,1.3367,7366.93213
2026-03-29 04:50:00,1.3366,1.3378,1.3363,1.3375,34416.990242
2026-03-29 04:55:00,1.3374,1.3374,1.3362,1.3362,7467.754741
2026-03-29 05:00:00,1.3361,1.3361,1.335,1.3352,9987.339969
2026-03-29 05:05:00,1.335,1.335,1.3328,1.3331,7400.397421
2026-03-29 05:10:00,1.3332,1.3336,1.3326,1.3328,19989.071239
2026-03-29 05:15:00,1.3327,1.3334,1.3317,1.3334,16731.852563
2026-03-29 05:20:00,1.3332,1.3336,1.3316,1.3324,16033.736288
2026-03-29 05:25:00,1.3327,1.3332,1.3317,1.3317,32699.938709
2026-03-29 05:30:00,1.3317,1.3317,1.3308,1.3308,2219.266908
2026-03-29 05:35:00,1.3311,1.3317,1.3309,1.3315,4789.235436
2026-03-29 05:40:00,1.3313,1.3313,1.3308,1.3309,39232.598486
2026-03-29 05:45:00,1.3311,1.3312,1.33,1.3303,61267.484434
2026-03-29 05:50:00,1.3304,1.3319,1.33,1.3303,141285.038539
2026-03-29 05:55:00,1.3301,1.3343,1.3284,1.3338,499304.993842
2026-03-29 06:00:00,1.3337,1.3359,1.3336,1.3355,10341.028776
2026-03-29 06:05:00,1.3355,1.3359,1.3353,1.3353,8916.627965
2026-03-29 06:10:00,1.3351,1.337,1.3351,1.3368,6611.850558
2026-03-29 06:15:00,1.3367,1.3381,1.3367,1.3375,11185.351766
2026-03-29 06:20:00,1.3375,1.3381,1.3373,1.3373,27065.12409
2026-03-29 06:25:00,1.3374,1.338,1.3359,1.338,25511.607924
2026-03-29 06:30:00,1.338,1.338,1.3372,1.338,6489.109066
2026-03-29 06:35:00,1.338,1.3395,1.338,1.3394,12139.586074
2026-03-29 06:40:00,1.3395,1.3408,1.3386,1.3408,31513.831004
2026-03-29 06:45:00,1.3409,1.3435,1.3352,1.3372,731001.86571
2026-03-29 06:50:00,1.3369,1.3371,1.3358,1.3361,32357.723223
2026-03-29 06:55:00,1.3361,1.3365,1.3344,1.3344,44579.926357
2026-03-29 07:00:00,1.3343,1.3369,1.3332,1.3352,525223.185698
2026-03-29 07:05:00,1.3354,1.3354,1.3336,1.334,971.319122
2026-03-29 07:10:00,1.3339,1.3347,1.3339,1.3341,5633.920384
2026-03-29 07:15:00,1.3338,1.3344,1.3333,1.3342,9851.810369
2026-03-29 07:20:00,1.3341,1.3341,1.3327,1.3329,26864.001268
2026-03-29 07:25:00,1.3331,1.3333,1.3329,1.3332,12815.440562
2026-03-29 07:30:00,1.3332,1.3342,1.3332,1.3334,12208.137908
2026-03-29 07:35:00,1.3336,1.3345,1.3332,1.3332,1906.060936
2026-03-29 07:40:00,1.3331,1.3334,1.3327,1.3334,4633.326453
2026-03-29 07:45:00,1.3335,1.3339,1.3327,1.3339,9577.057196
2026-03-29 07:50:00,1.3338,1.3354,1.3338,1.3348,36866.31849
2026-03-29 07:55:00,1.3348,1.3349,1.3338,1.3342,2003.255209
2026-03-29 08:00:00,1.3342,1.3345,1.3335,1.3345,6485.413553
2026-03-29 08:05:00,1.3346,1.3352,1.3342,1.3342,8743.809892
2026-03-29 08:10:00,1.3339,1.334,1.3322,1.3333,31894.108827
2026-03-29 08:15:00,1.3333,1.3339,1.333,1.3337,12415.392826
2026-03-29 08:20:00,1.3337,1.3349,1.3337,1.3349,11876.160568
2026-03-29 08:25:00,1.3349,1.3361,1.3348,1.3361,9772.852788
2026-03-29 08:30:00,1.3361,1.3373,1.3358,1.337,9173.195092
2026-03-29 08:35:00,1.337,1.3379,1.337,1.3376,20981.643005
2026-03-29 08:40:00,1.3376,1.3387,1.3373,1.3386,14352.964984
2026-03-29 08:45:00,1.3389,1.3393,1.338,1.3387,107963.162219
2026-03-29 08:50:00,1.3389,1.3389,1.3377,1.3381,20391.163893
2026-03-29 08:55:00,1.3383,1.3383,1.3375,1.3378,7605.48103
2026-03-29 09:00:00,1.3373,1.3378,1.3369,1.337,13369.58799
2026-03-29 09:05:00,1.3368,1.3368,1.3348,1.3354,35253.677374
2026-03-29 09:10:00,1.3355,1.3363,1.3355,1.3362,1255.380281
2026-03-29 09:15:00,1.3359,1.3371,1.3356,1.3362,3215.839563
2026-03-29 09:20:00,1.3358,1.3366,1.3358,1.336,1872.585118
2026-03-29 09:25:00,1.3366,1.3369,1.3364,1.3369,1300.390039
2026-03-29 09:30:00,1.3368,1.3374,1.334,1.3354,41906.934554
2026-03-29 09:35:00,1.3354,1.3368,1.3354,1.3356,13683.929988
2026-03-29 09:40:00,1.3359,1.336,1.335,1.335,9405.394406
2026-03-29 09:45:00,1.3351,1.3358,1.3351,1.3352,1996.542184
2026-03-29 09:50:00,1.3352,1.3358,1.335,1.3356,13780.593246
2026-03-29 09:55:00,1.3356,1.3356,1.3351,1.3356,3118.895463
2026-03-29 10:00:00,1.3354,1.3354,1.3343,1.3343,15051.057632
2026-03-29 10:05:00,1.3345,1.3346,1.3336,1.3343,7850.808023
2026-03-29 10:10:00,1.3346,1.3349,1.3332,1.334,12704.281545
2026-03-29 10:15:00,1.3339,1.3339,1.332,1.3322,18844.567719
2026-03-29 10:20:00,1.3325,1.3328,1.3311,1.3317,11936.746744
2026-03-29 10:25:00,1.3317,1.3322,1.3316,1.332,10019.278096
2026-03-29 10:30:00,1.3317,1.333,1.3317,1.3318,24986.168659
2026-03-29 10:35:00,1.3317,1.3335,1.3315,1.3334,12258.939773
2026-03-29 10:40:00,1.3332,1.3332,1.3329,1.3332,4378.792992
2026-03-29 10:45:00,1.3333,1.3337,1.3332,1.3337,5319.728625
2026-03-29 10:50:00,1.3337,1.3344,1.3336,1.3338,5829.709017
2026-03-29 10:55:00,1.3337,1.3339,1.3334,1.3335,12937.206756
2026-03-29 11:00:00,1.3336,1.3384,1.3332,1.3384,86615.665941
2026-03-29 11:05:00,1.3384,1.3406,1.3374,1.3389,34047.169596
2026-03-29 11:10:00,1.339,1.3394,1.3385,1.339,7628.374244
2026-03-29 11:15:00,1.339,1.3392,1.3372,1.3382,13527.836599
2026-03-29 11:20:00,1.3385,1.3388,1.3372,1.3374,9888.672798
2026-03-29 11:25:00,1.3375,1.3379,1.3373,1.3375,10961.069684
2026-03-29 11:30:00,1.3376,1.3383,1.337,1.3378,34072.035799
2026-03-29 11:35:00,1.3376,1.3392,1.3376,1.3383,14268.075654
2026-03-29 11:40:00,1.3385,1.3396,1.3382,1.3392,28578.044031
2026-03-29 11:45:00,1.339,1.3407,1.3385,1.3385,36048.936235
2026-03-29 11:50:00,1.339,1.3394,1.3385,1.3387,6893.911441
2026-03-29 11:55:00,1.3386,1.3387,1.3382,1.3382,10900.66791
2026-03-29 12:00:00,1.3382,1.3382,1.3365,1.3366,9134.176033
2026-03-29 12:05:00,1.3366,1.3375,1.3365,1.3371,6838.997379
2026-03-29 12:10:00,1.3371,1.3371,1.3357,1.3357,10175.334818
2026-03-29 12:15:00,1.3355,1.3361,1.3352,1.3361,34426.057126
2026-03-29 12:20:00,1.3361,1.3366,1.3358,1.3363,15115.514986
2026-03-29 12:25:00,1.3362,1.3373,1.336,1.3362,12843.210266
2026-03-29 12:30:00,1.336,1.3367,1.3337,1.3339,20808.179993
2026-03-29 12:35:00,1.334,1.3348,1.334,1.3343,6343.859452
2026-03-29 12:40:00,1.3342,1.3347,1.3336,1.3337,7063.318207
2026-03-29 12:45:00,1.3338,1.3345,1.3334,1.3343,16804.309602
2026-03-29 12:50:00,1.3345,1.3358,1.3345,1.3355,11545.514193
2026-03-29 12:55:00,1.3355,1.3355,1.3344,1.3346,14533.187174
2026-03-29 13:00:00,1.3347,1.3349,1.3341,1.3341,7454.193851
2026-03-29 13:05:00,1.3339,1.334,1.3269,1.3271,156343.832652
2026-03-29 13:10:00,1.327,1.3288,1.327,1.3285,52211.973812
2026-03-29 13:15:00,1.3285,1.3285,1.3269,1.3284,59465.29663
2026-03-29 13:20:00,1.3286,1.3296,1.3285,1.3289,26358.53118
2026-03-29 13:25:00,1.3291,1.3293,1.3285,1.3289,22428.960308
2026-03-29 13:30:00,1.3287,1.3298,1.3282,1.329,24385.982087
2026-03-29 13:35:00,1.329,1.3291,1.3277,1.3291,64887.498127
2026-03-29 13:40:00,1.3291,1.3292,1.328,1.3282,12634.713928
2026-03-29 13:45:00,1.3284,1.3287,1.326,1.3277,23837.903228
2026-03-29 13:50:00,1.3279,1.3283,1.3275,1.3278,21819.040268
2026-03-29 13:55:00,1.3279,1.3282,1.3251,1.3267,86532.354438
2026-03-29 14:00:00,1.3267,1.327,1.3253,1.3258,42070.118653
2026-03-29 14:05:00,1.3256,1.3265,1.325,1.326,68636.451015
2026-03-29 14:10:00,1.326,1.3324,1.326,1.3295,122191.666461
2026-03-29 14:15:00,1.3294,1.3296,1.3282,1.3282,17856.466817
2026-03-29 14:20:00,1.3281,1.3282,1.3268,1.3268,25166.018522
2026-03-29 14:25:00,1.3268,1.3268,1.3241,1.3243,31866.250013
2026-03-29 14:30:00,1.3243,1.3271,1.3241,1.3271,55062.310241
2026-03-29 14:35:00,1.3268,1.3272,1.3261,1.3263,44553.752013
2026-03-29 14:40:00,1.3262,1.3267,1.3255,1.3267,36060.852201
2026-03-29 14:45:00,1.327,1.3271,1.3248,1.3259,68054.738279
2026-03-29 14:50:00,1.3263,1.3263,1.3254,1.3255,12294.64999
2026-03-29 14:55:00,1.3254,1.3263,1.325,1.3261,19956.661764
2026-03-29 15:00:00,1.3261,1.3284,1.3258,1.3262,59718.800001
2026-03-29 15:05:00,1.3263,1.3279,1.3262,1.3262,118384.588842
2026-03-29 15:10:00,1.326,1.3269,1.3235,1.3258,88657.886738
2026-03-29 15:15:00,1.3261,1.3281,1.326,1.326,101271.439736
2026-03-29 15:20:00,1.3258,1.3269,1.3258,1.3269,15990.821113
2026-03-29 15:25:00,1.3265,1.3265,1.3212,1.3227,93022.163912
2026-03-29 15:30:00,1.3226,1.3234,1.3216,1.3231,40167.502141
2026-03-29 15:35:00,1.3233,1.3238,1.3222,1.3237,32070.442443
2026-03-29 15:40:00,1.3237,1.3243,1.3234,1.3237,29614.644834
2026-03-29 15:45:00,1.324,1.3246,1.3238,1.3243,16874.576185
2026-03-29 15:50:00,1.3244,1.3264,1.3243,1.3264,15938.927958
2026-03-29 15:55:00,1.3264,1.3264,1.3255,1.3258,8606.274529
2026-03-29 16:00:00,1.3258,1.3258,1.3245,1.3249,22338.665616
2026-03-29 16:05:00,1.3248,1.3261,1.3246,1.326,23628.941739
2026-03-29 16:10:00,1.3261,1.3266,1.3247,1.3248,20791.22485
2026-03-29 16:15:00,1.3248,1.329,1.3242,1.3281,63247.703104
2026-03-29 16:20:00,1.328,1.3294,1.328,1.328,37170.649779
2026-03-29 16:25:00,1.328,1.3285,1.3277,1.3283,24711.507772
2026-03-29 16:30:00,1.3279,1.3282,1.3275,1.3278,7203.875238
2026-03-29 16:35:00,1.3279,1.3279,1.3257,1.3261,21362.987617
2026-03-29 16:40:00,1.3261,1.3261,1.3251,1.3254,25144.743499
2026-03-29 16:45:00,1.325,1.3259,1.3242,1.3257,25528.679735
2026-03-29 16:50:00,1.3258,1.3263,1.3249,1.325,16866.895262
2026-03-29 16:55:00,1.3252,1.3256,1.3251,1.3253,5719.261304
2026-03-29 17:00:00,1.3256,1.3259,1.3251,1.3258,18017.598336
2026-03-29 17:05:00,1.326,1.3273,1.326,1.3273,10091.193326
2026-03-29 17:10:00,1.3272,1.3272,1.3241,1.3244,8840.003701
2026-03-29 17:15:00,1.3244,1.3244,1.3228,1.3234,15634.981669
2026-03-29 17:20:00,1.3229,1.3229,1.3186,1.3206,165428.679873
2026-03-29 17:25:00,1.3208,1.3214,1.3196,1.3203,60093.774251
2026-03-29 17:30:00,1.3202,1.3214,1.3197,1.3214,38953.18156
2026-03-29 17:35:00,1.3212,1.3221,1.3208,1.3214,20368.108298
2026-03-29 17:40:00,1.3211,1.3245,1.3211,1.3244,60412.479211
2026-03-29 17:45:00,1.3244,1.3244,1.3228,1.3231,18974.58948
2026-03-29 17:50:00,1.3231,1.3245,1.3231,1.3232,14810.433307
2026-03-29 17:55:00,1.3232,1.3236,1.3229,1.3235,9785.817794
2026-03-29 18:00:00,1.3236,1.3239,1.3219,1.322,19732.165974
2026-03-29 18:05:00,1.3221,1.3228,1.3215,1.3226,18843.525218
2026-03-29 18:10:00,1.3229,1.3239,1.3229,1.3239,15500.438225
2026-03-29 18:15:00,1.3239,1.3252,1.3237,1.324,22611.806226
2026-03-29 18:20:00,1.3238,1.3239,1.3219,1.3223,62600.261592
2026-03-29 18:25:00,1.3223,1.3228,1.322,1.3224,13592.964562
2026-03-29 18:30:00,1.3224,1.3228,1.3224,1.3225,13349.630627
2026-03-29 18:35:00,1.3226,1.3263,1.3226,1.3251,89028.430455
2026-03-29 18:40:00,1.3252,1.3255,1.3241,1.3242,44411.566764
2026-03-29 18:45:00,1.3239,1.3242,1.3228,1.3233,19178.794206
2026-03-29 18:50:00,1.3233,1.324,1.3232,1.3239,29179.219938
2026-03-29 18:55:00,1.324,1.3247,1.3236,1.3236,68081.555933
2026-03-29 19:00:00,1.3237,1.3238,1.3206,1.3206,28898.982096
2026-03-29 19:05:00,1.3207,1.3214,1.3202,1.3207,81587.494104
2026-03-29 19:10:00,1.3208,1.3208,1.3201,1.3207,13038.2732
2026-03-29 19:15:00,1.3205,1.3206,1.3192,1.3206,34991.247687
2026-03-29 19:20:00,1.3204,1.3211,1.3197,1.3201,64631.685099
2026-03-29 19:25:00,1.3201,1.3201,1.3168,1.3179,113357.875128
2026-03-29 19:30:00,1.3177,1.3199,1.3177,1.3199,24329.369423
2026-03-29 19:35:00,1.3197,1.3197,1.3173,1.3178,35611.267354
2026-03-29 19:40:00,1.3176,1.3183,1.3166,1.3182,30828.268213
2026-03-29 19:45:00,1.3181,1.3189,1.3179,1.3181,73426.674112
2026-03-29 19:50:00,1.318,1.318,1.317,1.3173,17068.616031
2026-03-29 19:55:00,1.3174,1.3184,1.3172,1.3184,39134.50106
2026-03-29 20:00:00,1.3179,1.3211,1.3178,1.3202,24572.523279
2026-03-29 20:05:00,1.3204,1.3218,1.32,1.3207,21915.82376
2026-03-29 20:10:00,1.3206,1.3209,1.3199,1.32,21442.431293
2026-03-29 20:15:00,1.32,1.3221,1.3196,1.3216,26290.428256
2026-03-29 20:20:00,1.3216,1.327,1.3216,1.3253,73648.475882
2026-03-29 20:25:00,1.3251,1.3263,1.325,1.3253,38433.583462
2026-03-29 20:30:00,1.3257,1.326,1.3251,1.3251,22441.002527
2026-03-29 20:35:00,1.3252,1.3258,1.3238,1.3239,29306.830254
2026-03-29 20:40:00,1.324,1.3242,1.3227,1.3227,22122.823183
2026-03-29 20:45:00,1.3226,1.3236,1.3225,1.3228,17663.747931
2026-03-29 20:50:00,1.3229,1.3234,1.3228,1.3232,17703.513064
2026-03-29 20:55:00,1.3232,1.3243,1.323,1.3243,9885.548248
2026-03-29 21:00:00,1.3245,1.3262,1.3238,1.3246,50994.870935
2026-03-29 21:05:00,1.3246,1.3251,1.3243,1.3246,10588.088488
2026-03-29 21:10:00,1.3247,1.3254,1.3246,1.325,11721.757454
2026-03-29 21:15:00,1.3251,1.3251,1.3244,1.3245,7452.505404
2026-03-29 21:20:00,1.3244,1.3269,1.3244,1.3261,12928.961862
2026-03-29 21:25:00,1.3259,1.3271,1.3256,1.3266,44998.397425
2026-03-29 21:30:00,1.3264,1.3282,1.3261,1.3273,21626.488041
2026-03-29 21:35:00,1.3272,1.3283,1.327,1.3271,19101.323539
2026-03-29 21:40:00,1.3272,1.3276,1.3262,1.3273,24636.113067
2026-03-29 21:45:00,1.3272,1.328,1.3268,1.3273,32428.561446
2026-03-29 21:50:00,1.3273,1.3278,1.3258,1.3275,20501.35205
2026-03-29 21:55:00,1.3277,1.3286,1.3274,1.3279,20573.871267
2026-03-29 22:00:00,1.3276,1.3276,1.3203,1.321,98412.349499
2026-03-29 22:05:00,1.3212,1.3215,1.3142,1.3174,203494.852256
2026-03-29 22:10:00,1.317,1.3179,1.3111,1.3142,363703.215646
2026-03-29 22:15:00,1.3137,1.3177,1.3131,1.3169,98749.308777
2026-03-29 22:20:00,1.3168,1.3213,1.3164,1.3201,57589.054991
2026-03-29 22:25:00,1.3202,1.3206,1.3187,1.3199,45467.398864
2026-03-29 22:30:00,1.3199,1.3203,1.3178,1.3191,25488.675445
2026-03-29 22:35:00,1.3191,1.3193,1.3152,1.3171,48436.133957
2026-03-29 22:40:00,1.3167,1.3167,1.3067,1.3092,629470.401632
2026-03-29 22:45:00,1.3094,1.3094,1.295,1.3008,1126061.617687
2026-03-29 22:50:00,1.3,1.3088,1.2996,1.308,171308.386471
2026-03-29 22:55:00,1.3078,1.3236,1.3075,1.319,324606.272621
2026-03-29 23:00:00,1.3191,1.327,1.3188,1.3216,274480.417687
2026-03-29 23:05:00,1.3214,1.3243,1.3208,1.3236,132790.536419
2026-03-29 23:10:00,1.3237,1.3256,1.3224,1.3247,57655.584479
2026-03-29 23:15:00,1.3252,1.3283,1.3242,1.325,106874.815695
2026-03-29 23:20:00,1.3249,1.3313,1.3249,1.328,89044.282793
2026-03-29 23:25:00,1.328,1.3284,1.327,1.3277,68567.084283
2026-03-29 23:30:00,1.3276,1.3285,1.3246,1.3253,71013.499853
2026-03-29 23:35:00,1.3251,1.3276,1.3246,1.3269,67805.968952
2026-03-29 23:40:00,1.327,1.3291,1.327,1.3286,68438.281226
2026-03-29 23:45:00,1.3286,1.3325,1.3277,1.3282,138548.685011
2026-03-29 23:50:00,1.3283,1.3288,1.3254,1.3286,50140.958411
2026-03-29 23:55:00,1.3287,1.3287,1.3271,1.3276,35946.036656
2026-03-30 00:00:00,1.3281,1.3294,1.3254,1.3254,35346.439929
2026-03-30 00:05:00,1.3253,1.3288,1.3246,1.3268,60721.527388
2026-03-30 00:10:00,1.3267,1.3276,1.3259,1.3261,33254.917377
2026-03-30 00:15:00,1.3263,1.3488,1.3256,1.3479,356295.466627
2026-03-30 00:20:00,1.3478,1.3516,1.3375,1.3376,286998.894971
2026-03-30 00:25:00,1.3378,1.3416,1.3358,1.3362,77184.883182
2026-03-30 00:30:00,1.3363,1.3393,1.3342,1.3357,36492.655966
2026-03-30 00:35:00,1.3359,1.3359,1.3304,1.3313,61827.188948
2026-03-30 00:40:00,1.3314,1.3317,1.3286,1.3303,26539.181856
2026-03-30 00:45:00,1.3304,1.3325,1.3291,1.3317,48429.123282
2026-03-30 00:50:00,1.3315,1.332,1.3293,1.3311,23256.943915
2026-03-30 00:55:00,1.331,1.3331,1.3304,1.3314,42894.671512
2026-03-30 01:00:00,1.3315,1.3399,1.3315,1.3372,62017.455037
2026-03-30 01:05:00,1.3374,1.3401,1.3364,1.3364,31109.852602
2026-03-30 01:10:00,1.3367,1.3376,1.3357,1.3366,62636.99086
2026-03-30 01:15:00,1.3368,1.3385,1.3357,1.3379,34768.698186
2026-03-30 01:20:00,1.3382,1.3383,1.3361,1.3364,20189.752259
2026-03-30 01:25:00,1.3364,1.34,1.3364,1.3393,32122.119571
2026-03-30 01:30:00,1.3393,1.3418,1.3374,1.3408,54546.949718
2026-03-30 01:35:00,1.3409,1.3411,1.3386,1.3397,38056.327602
2026-03-30 01:40:00,1.3398,1.3398,1.3372,1.3395,51201.467458
2026-03-30 01:45:00,1.3395,1.3423,1.3392,1.3416,97852.629704
2026-03-30 01:50:00,1.3412,1.3416,1.3397,1.3401,53763.813671
2026-03-30 01:55:00,1.3403,1.3415,1.34,1.3404,29536.730389
2026-03-30 02:00:00,1.3404,1.3443,1.3404,1.3412,41252.671847
2026-03-30 02:05:00,1.341,1.3457,1.3401,1.3421,45769.633036
2026-03-30 02:10:00,1.3421,1.3449,1.3419,1.3446,40426.023031
2026-03-30 02:15:00,1.3448,1.3458,1.3431,1.3432,45207.056615
2026-03-30 02:20:00,1.3431,1.3431,1.3415,1.3426,66384.954729
2026-03-30 02:25:00,1.3427,1.343,1.3412,1.3416,63832.633917
2026-03-30 02:30:00,1.3416,1.3423,1.3402,1.3406,64005.199782
2026-03-30 02:35:00,1.3406,1.3409,1.3393,1.3402,33987.573969
2026-03-30 02:40:00,1.3402,1.3472,1.3398,1.3468,140235.498095
2026-03-30 02:45:00,1.3469,1.3554,1.3462,1.353,341030.794565
2026-03-30 02:50:00,1.353,1.353,1.3489,1.3489,34978.348319
2026-03-30 02:55:00,1.3489,1.3494,1.3477,1.3486,50304.969704
2026-03-30 03:00:00,1.3484,1.3486,1.3464,1.347,40853.164
2026-03-30 03:05:00,1.3468,1.3473,1.3457,1.3466,41985.856997
2026-03-30 03:10:00,1.3465,1.3474,1.3457,1.3464,36987.488238
2026-03-30 03:15:00,1.3462,1.3492,1.3457,1.349,15821.904768
2026-03-30 03:20:00,1.3491,1.3526,1.3491,1.3524,27459.564797
2026-03-30 03:25:00,1.3523,1.3523,1.351,1.3523,30174.735329
2026-03-30 03:30:00,1.3524,1.3533,1.3514,1.3531,52571.847112
2026-03-30 03:35:00,1.3531,1.3534,1.3516,1.3529,72028.761791
2026-03-30 03:40:00,1.3529,1.3533,1.3519,1.3524,29212.83556
2026-03-30 03:45:00,1.3525,1.3546,1.3517,1.3546,92591.303178
2026-03-30 03:50:00,1.3547,1.3555,1.3532,1.3532,35687.874057
2026-03-30 03:55:00,1.3532,1.3532,1.3514,1.352,39798.850965
2026-03-30 04:00:00,1.3521,1.3543,1.3521,1.3538,30890.092568
2026-03-30 04:05:00,1.3538,1.3571,1.3536,1.357,131718.181195
2026-03-30 04:10:00,1.3569,1.3587,1.3563,1.3578,131500.091905
2026-03-30 04:15:00,1.3579,1.3613,1.3559,1.3567,643114.835109
2026-03-30 04:20:00,1.3568,1.357,1.354,1.3542,100806.67516
2026-03-30 04:25:00,1.3542,1.3577,1.3542,1.3545,55109.725643
2026-03-30 04:30:00,1.3544,1.357,1.3538,1.3538,48173.230591
2026-03-30 04:35:00,1.3537,1.3537,1.3519,1.3527,30038.838056
2026-03-30 04:40:00,1.3528,1.3528,1.3513,1.3517,18754.680484
2026-03-30 04:45:00,1.3516,1.352,1.3509,1.3511,39316.951231
2026-03-30 04:50:00,1.3511,1.3529,1.3506,1.3529,31598.589752
2026-03-30 04:55:00,1.3528,1.3529,1.3507,1.3511,12572.12979
2026-03-30 05:00:00,1.3512,1.3547,1.3512,1.3527,49752.341432
2026-03-30 05:05:00,1.3528,1.3541,1.351,1.3536,37528.143158
2026-03-30 05:10:00,1.3531,1.3539,1.3497,1.3501,109949.806297
2026-03-30 05:15:00,1.3504,1.3522,1.347,1.3519,627950.69327
2026-03-30 05:20:00,1.3522,1.3552,1.3518,1.3537,161381.356007
2026-03-30 05:25:00,1.3537,1.3553,1.3535,1.355,45286.50583
2026-03-30 05:30:00,1.3549,1.3568,1.3547,1.3561,42089.962948
2026-03-30 05:35:00,1.3563,1.3563,1.3532,1.3532,51919.354164
2026-03-30 05:40:00,1.3531,1.356,1.3517,1.3556,199500.827866
2026-03-30 05:45:00,1.3555,1.356,1.3534,1.3559,105085.913433
2026-03-30 05:50:00,1.3555,1.3572,1.3555,1.357,226341.871178
2026-03-30 05:55:00,1.3571,1.358,1.352,1.352,569592.895884
2026-03-30 06:00:00,1.352,1.3572,1.352,1.3557,128345.062733
2026-03-30 06:05:00,1.3557,1.356,1.3549,1.355,33789.066662
2026-03-30 06:10:00,1.3547,1.3547,1.3532,1.354,31108.972652
2026-03-30 06:15:00,1.3543,1.3547,1.3514,1.3526,71021.10625
2026-03-30 06:20:00,1.3527,1.3532,1.352,1.3521,54726.016545
2026-03-30 06:25:00,1.352,1.3523,1.3509,1.3518,37343.583221
2026-03-30 06:30:00,1.3518,1.3525,1.3511,1.3515,49242.972168
2026-03-30 06:35:00,1.3514,1.3526,1.3514,1.3515,38358.95485
2026-03-30 06:40:00,1.3521,1.3526,1.3512,1.3521,41471.525783
2026-03-30 06:45:00,1.352,1.3523,1.3509,1.3515,33169.083072
2026-03-30 06:50:00,1.3514,1.3521,1.3512,1.3513,24449.185913
2026-03-30 06:55:00,1.3514,1.3528,1.3504,1.3509,76167.190924
2026-03-30 07:00:00,1.3512,1.353,1.3512,1.3525,30302.05379
2026-03-30 07:05:00,1.3526,1.3564,1.3526,1.3556,72906.369615
2026-03-30 07:10:00,1.3556,1.3566,1.3554,1.3558,62849.617234
2026-03-30 07:15:00,1.3559,1.3563,1.3551,1.3551,82914.689841
2026-03-30 07:20:00,1.3549,1.3555,1.3536,1.3537,24154.154991
2026-03-30 07:25:00,1.3535,1.3543,1.3534,1.354,20406.700276
2026-03-30 07:30:00,1.3541,1.3552,1.3524,1.3534,22702.926734
2026-03-30 07:35:00,1.3535,1.3545,1.3525,1.3526,29280.684007
2026-03-30 07:40:00,1.3528,1.3533,1.3523,1.3524,24593.484084
2026-03-30 07:45:00,1.3525,1.357,1.3522,1.3566,115731.027333
2026-03-30 07:50:00,1.3565,1.3596,1.3556,1.3577,131478.388911
2026-03-30 07:55:00,1.3578,1.359,1.3577,1.3585,76359.559757
2026-03-30 08:00:00,1.3584,1.36,1.3571,1.3598,78458.976769
2026-03-30 08:05:00,1.3598,1.3632,1.3582,1.3603,211620.500545
2026-03-30 08:10:00,1.3605,1.3627,1.3605,1.3625,45112.808901
2026-03-30 08:15:00,1.3626,1.3637,1.3617,1.3637,65078.05664
2026-03-30 08:20:00,1.3636,1.3641,1.3622,1.3628,32018.75971
2026-03-30 08:25:00,1.3628,1.3631,1.3624,1.3629,14890.246981
2026-03-30 08:30:00,1.3629,1.3637,1.3627,1.3628,55861.932089
2026-03-30 08:35:00,1.3628,1.367,1.3624,1.3641,185668.79214
2026-03-30 08:40:00,1.3643,1.3645,1.3613,1.3618,37797.538524
2026-03-30 08:45:00,1.3619,1.3632,1.3611,1.3623,30213.370419
2026-03-30 08:50:00,1.3624,1.3635,1.3624,1.3631,16329.81908
2026-03-30 08:55:00,1.3631,1.3631,1.361,1.3614,67684.024793
2026-03-30 09:00:00,1.3614,1.3618,1.3595,1.3596,64114.108722
2026-03-30 09:05:00,1.3598,1.3601,1.3589,1.3589,6926.171737
2026-03-30 09:10:00,1.3589,1.3594,1.3578,1.3578,38561.543664
2026-03-30 09:15:00,1.358,1.3587,1.3557,1.3572,52830.670179
2026-03-30 09:20:00,1.3576,1.3585,1.3568,1.3574,83968.34667
2026-03-30 09:25:00,1.3572,1.3572,1.3551,1.3553,40269.64168
2026-03-30 09:30:00,1.3552,1.3552,1.3533,1.3537,66784.831031
2026-03-30 09:35:00,1.3536,1.3549,1.3536,1.3544,47011.203117
2026-03-30 09:40:00,1.3542,1.3542,1.3528,1.353,38011.176238
2026-03-30 09:45:00,1.3531,1.3534,1.3518,1.3521,37671.88773
2026-03-30 09:50:00,1.3521,1.3524,1.3515,1.3518,5106.608001
2026-03-30 09:55:00,1.3517,1.3517,1.3503,1.3503,42758.847259
2026-03-30 10:00:00,1.3503,1.3503,1.3487,1.3491,61326.584149
2026-03-30 10:05:00,1.3492,1.3496,1.3487,1.3493,15179.616941
2026-03-30 10:10:00,1.3494,1.3498,1.3489,1.3491,37598.72914
2026-03-30 10:15:00,1.3492,1.3501,1.349,1.3498,71318.285848
2026-03-30 10:20:00,1.3499,1.3499,1.3476,1.3482,72797.476199
2026-03-30 10:25:00,1.3481,1.3484,1.3478,1.3478,11113.000685
2026-03-30 10:30:00,1.3477,1.3477,1.3463,1.3468,29193.942811
2026-03-30 10:35:00,1.3468,1.3478,1.3452,1.3464,388829.623413
2026-03-30 10:40:00,1.3467,1.3468,1.3461,1.3464,31260.25771
2026-03-30 10:45:00,1.3465,1.3479,1.3458,1.3476,44708.960673
2026-03-30 10:50:00,1.3477,1.349,1.3471,1.3481,54718.187775
2026-03-30 10:55:00,1.3482,1.3491,1.348,1.3484,45969.120481
2026-03-30 11:00:00,1.3484,1.3508,1.348,1.3505,172790.442121
2026-03-30 11:05:00,1.3507,1.3525,1.3507,1.3509,49549.492073
2026-03-30 11:10:00,1.3508,1.3517,1.3503,1.3513,16804.567917
2026-03-30 11:15:00,1.3511,1.3513,1.3502,1.3507,30857.199623
2026-03-30 11:20:00,1.3511,1.3517,1.351,1.3511,13289.374272
2026-03-30 11:25:00,1.351,1.3609,1.3505,1.352,1348661.258811
2026-03-30 11:30:00,1.3521,1.3532,1.3508,1.3512,225745.003511
2026-03-30 11:35:00,1.3513,1.3533,1.3498,1.3507,226549.811008
2026-03-30 11:40:00,1.3508,1.352,1.35,1.3509,210586.741202
2026-03-30 11:45:00,1.3511,1.3526,1.3503,1.3524,121639.107465
2026-03-30 11:50:00,1.352,1.3527,1.3505,1.3505,98687.823324
2026-03-30 11:55:00,1.3503,1.3504,1.3496,1.3503,26073.069721
2026-03-30 12:00:00,1.3504,1.3524,1.3502,1.3524,60185.984214
2026-03-30 12:05:00,1.352,1.3544,1.3519,1.353,43899.979788
2026-03-30 12:10:00,1.3529,1.3537,1.352,1.3525,36187.785952
2026-03-30 12:15:00,1.3523,1.3535,1.3512,1.3533,41612.489192
2026-03-30 12:20:00,1.3534,1.3534,1.3515,1.3516,44286.41713
2026-03-30 12:25:00,1.3515,1.3517,1.3506,1.351,53194.359784
2026-03-30 12:30:00,1.3512,1.3544,1.3509,1.3542,188781.507586
2026-03-30 12:35:00,1.3541,1.3566,1.3541,1.3543,438679.781868
2026-03-30 12:40:00,1.3543,1.3555,1.3532,1.3542,199671.275586
2026-03-30 12:45:00,1.3542,1.3546,1.3534,1.3538,28673.931397
2026-03-30 12:50:00,1.3541,1.3551,1.3533,1.3533,52428.636327
2026-03-30 12:55:00,1.3534,1.3547,1.3517,1.3517,70046.683298
2026-03-30 13:00:00,1.3517,1.3522,1.3502,1.3521,49745.07931
2026-03-30 13:05:00,1.3519,1.3535,1.3514,1.3524,87038.986256
2026-03-30 13:10:00,1.3523,1.3536,1.352,1.3524,38858.869256
2026-03-30 13:15:00,1.3524,1.3537,1.3519,1.3531,32028.539478
2026-03-30 13:20:00,1.3532,1.3566,1.3528,1.3548,161558.052533
2026-03-30 13:25:00,1.3547,1.3548,1.3523,1.3535,31856.290003
2026-03-30 13:30:00,1.3534,1.3559,1.3516,1.3542,120834.039074
2026-03-30 13:35:00,1.3539,1.3546,1.3524,1.3524,120499.757209
2026-03-30 13:40:00,1.3523,1.3526,1.3493,1.351,119489.03919
2026-03-30 13:45:00,1.3508,1.3521,1.3477,1.3477,108358.54042
2026-03-30 13:50:00,1.3477,1.3499,1.3474,1.3485,99384.670452
2026-03-30 13:55:00,1.3484,1.3484,1.3443,1.3462,176019.14658
2026-03-30 14:00:00,1.3463,1.3477,1.3456,1.3466,113609.661836
2026-03-30 14:05:00,1.3466,1.348,1.3448,1.348,157212.1058
2026-03-30 14:10:00,1.3482,1.3496,1.3468,1.3484,119584.119049
2026-03-30 14:15:00,1.3483,1.3483,1.3428,1.344,68423.963791
2026-03-30 14:20:00,1.344,1.3457,1.3426,1.344,131295.742042
2026-03-30 14:25:00,1.3437,1.3439,1.3406,1.3419,101077.285172
2026-03-30 14:30:00,1.3418,1.3425,1.3399,1.3402,193623.081236
2026-03-30 14:35:00,1.3405,1.3406,1.3361,1.3392,221578.914405
2026-03-30 14:40:00,1.3392,1.3398,1.3362,1.3364,64714.36515
2026-03-30 14:45:00,1.3365,1.3394,1.3354,1.337,87752.23949
2026-03-30 14:50:00,1.3371,1.3423,1.3368,1.341,81137.75278
2026-03-30 14:55:00,1.341,1.3495,1.3404,1.3478,123843.446277
2026-03-30 15:00:00,1.3482,1.349,1.3453,1.3465,69505.43332
2026-03-30 15:05:00,1.3466,1.349,1.3424,1.3424,336224.947262
2026-03-30 15:10:00,1.3424,1.3431,1.3411,1.3411,83603.635235
2026-03-30 15:15:00,1.3412,1.3421,1.3393,1.3416,70348.115974
2026-03-30 15:20:00,1.3415,1.3428,1.3406,1.3421,129515.987538
2026-03-30 15:25:00,1.3422,1.3433,1.342,1.3424,47677.624836
2026-03-30 15:30:00,1.3426,1.3481,1.3414,1.3477,146722.252258
2026-03-30 15:35:00,1.3478,1.3506,1.3475,1.3486,39235.786906
2026-03-30 15:40:00,1.3485,1.35,1.3482,1.3494,40659.94958
2026-03-30 15:45:00,1.3495,1.3495,1.3477,1.3479,37094.372173
2026-03-30 15:50:00,1.3478,1.3492,1.3476,1.3478,42566.15153
2026-03-30 15:55:00,1.3476,1.3476,1.345,1.3457,51255.147851
2026-03-30 16:00:00,1.3457,1.3458,1.3415,1.3424,121239.010093
2026-03-30 16:05:00,1.3423,1.3437,1.3416,1.3435,49998.35655
2026-03-30 16:10:00,1.3435,1.3446,1.3433,1.3436,15843.728584
2026-03-30 16:15:00,1.3438,1.3439,1.3419,1.3429,26573.866231
2026-03-30 16:20:00,1.343,1.3432,1.3413,1.3423,29899.321199
2026-03-30 16:25:00,1.3426,1.3431,1.3415,1.3415,18576.051937
2026-03-30 16:30:00,1.3414,1.3427,1.3408,1.3419,46685.994115
2026-03-30 16:35:00,1.3419,1.3434,1.3419,1.3428,17051.713053
2026-03-30 16:40:00,1.3427,1.3428,1.341,1.3411,48112.974975
2026-03-30 16:45:00,1.3411,1.3423,1.34,1.3401,110617.053942
2026-03-30 16:50:00,1.3402,1.3404,1.3386,1.3386,54650.772858
2026-03-30 16:55:00,1.3385,1.3421,1.338,1.3421,45622.227213
2026-03-30 17:00:00,1.3423,1.3454,1.3423,1.3424,73643.88853
2026-03-30 17:05:00,1.3422,1.3434,1.3415,1.3425,54016.574597
2026-03-30 17:10:00,1.3428,1.3428,1.3407,1.342,48175.277135
2026-03-30 17:15:00,1.342,1.3422,1.3396,1.341,31262.916464
2026-03-30 17:20:00,1.3408,1.3415,1.3365,1.3371,40071.940611
2026-03-30 17:25:00,1.3371,1.3375,1.3331,1.3352,190915.856627
2026-03-30 17:30:00,1.3352,1.3362,1.3339,1.3361,50120.303465
2026-03-30 17:35:00,1.3356,1.3373,1.3345,1.3366,36117.852625
2026-03-30 17:40:00,1.3364,1.3372,1.3357,1.3369,35131.966209
2026-03-30 17:45:00,1.3372,1.3381,1.3352,1.3359,42822.421695
2026-03-30 17:50:00,1.3357,1.3364,1.3344,1.3344,14509.046234
2026-03-30 17:55:00,1.3344,1.3349,1.3333,1.3344,13960.934905
2026-03-30 18:00:00,1.3345,1.336,1.3339,1.3349,41656.135719
2026-03-30 18:05:00,1.3348,1.3349,1.3301,1.3304,80380.841887
2026-03-30 18:10:00,1.3302,1.3322,1.3297,1.3315,149818.879248
2026-03-30 18:15:00,1.3315,1.3319,1.3304,1.3306,10303.567553
2026-03-30 18:20:00,1.3306,1.3315,1.3285,1.3294,65328.572965
2026-03-30 18:25:00,1.3295,1.3299,1.3274,1.3294,47488.119282
2026-03-30 18:30:00,1.3296,1.3308,1.3279,1.3308,67707.378555
2026-03-30 18:35:00,1.331,1.3313,1.3285,1.3285,18833.31733
2026-03-30 18:40:00,1.3284,1.3301,1.3284,1.3298,49008.372743
2026-03-30 18:45:00,1.3301,1.3303,1.3273,1.3273,106375.245869
2026-03-30 18:50:00,1.3272,1.3272,1.3246,1.3258,114409.362993
2026-03-30 18:55:00,1.326,1.3264,1.3246,1.3256,39818.880439
2026-03-30 19:00:00,1.3255,1.3266,1.3247,1.3255,32496.06931
2026-03-30 19:05:00,1.3257,1.3257,1.322,1.3229,75157.915268
2026-03-30 19:10:00,1.3229,1.323,1.321,1.323,202176.367
2026-03-30 19:15:00,1.323,1.3235,1.3215,1.3218,39366.862986
2026-03-30 19:20:00,1.3219,1.3231,1.3197,1.3198,74094.510985
2026-03-30 19:25:00,1.3197,1.3215,1.3195,1.3207,33033.748935
2026-03-30 19:30:00,1.3211,1.3211,1.319,1.3196,30438.369726
2026-03-30 19:35:00,1.3197,1.3216,1.3185,1.3195,34225.221577
2026-03-30 19:40:00,1.3196,1.32,1.3169,1.318,113495.856745
2026-03-30 19:45:00,1.318,1.3211,1.3169,1.3211,90757.746953
2026-03-30 19:50:00,1.3211,1.3225,1.3202,1.3225,46005.626467
2026-03-30 19:55:00,1.3226,1.3235,1.3226,1.3231,26899.473162
2026-03-30 20:00:00,1.323,1.323,1.3216,1.3221,72012.918739
2026-03-30 20:05:00,1.3223,1.3246,1.3223,1.3229,52472.147779
2026-03-30 20:10:00,1.3233,1.3244,1.3233,1.3241,24333.737649
2026-03-30 20:15:00,1.3244,1.3245,1.3227,1.3234,25206.088098
2026-03-30 20:20:00,1.3233,1.3248,1.3232,1.3247,23247.985286
2026-03-30 20:25:00,1.3246,1.3247,1.3237,1.3242,37020.843366
2026-03-30 20:30:00,1.3242,1.3248,1.3227,1.3235,35149.020801
2026-03-30 20:35:00,1.3233,1.3246,1.3227,1.3246,15861.007844
2026-03-30 20:40:00,1.3247,1.325,1.3239,1.3248,25613.819035
2026-03-30 20:45:00,1.325,1.3254,1.324,1.3243,41244.787806
2026-03-30 20:50:00,1.3242,1.326,1.3242,1.326,14485.732318
2026-03-30 20:55:00,1.3261,1.3278,1.3261,1.3274,95067.879721
2026-03-30 21:00:00,1.3272,1.3273,1.3248,1.3259,43331.787273
2026-03-30 21:05:00,1.3257,1.3289,1.325,1.3281,137642.944002
2026-03-30 21:10:00,1.328,1.331,1.3279,1.3303,155955.577459
2026-03-30 21:15:00,1.3302,1.3309,1.3287,1.3292,73201.031025
2026-03-30 21:20:00,1.3294,1.3342,1.3294,1.3337,132505.176959
2026-03-30 21:25:00,1.3335,1.3335,1.3306,1.3314,52331.820687
2026-03-30 21:30:00,1.3315,1.3331,1.3313,1.3323,30451.059579
2026-03-30 21:35:00,1.3325,1.3344,1.3314,1.3336,25715.913677
2026-03-30 21:40:00,1.3336,1.3339,1.3321,1.3331,61759.135127
2026-03-30 21:45:00,1.3332,1.3333,1.3317,1.3329,24502.76599
2026-03-30 21:50:00,1.3327,1.3333,1.332,1.3321,34496.00365
2026-03-30 21:55:00,1.3323,1.3323,1.3308,1.3308,32301.903231
2026-03-30 22:00:00,1.3311,1.3333,1.3307,1.3326,32650.598933
2026-03-30 22:05:00,1.3325,1.3325,1.3273,1.3279,62233.939811
2026-03-30 22:10:00,1.3279,1.3297,1.3272,1.329,38033.428362
2026-03-30 22:15:00,1.3292,1.3306,1.3287,1.3304,17108.857138
2026-03-30 22:20:00,1.3304,1.3317,1.3304,1.3316,13340.846606
2026-03-30 22:25:00,1.3319,1.3324,1.3301,1.3312,15846.66864
2026-03-30 22:30:00,1.3309,1.3309,1.3293,1.3297,13862.965115
2026-03-30 22:35:00,1.3296,1.3302,1.3294,1.33,12098.322437
2026-03-30 22:40:00,1.3301,1.3307,1.3298,1.3298,8014.094359
2026-03-30 22:45:00,1.3298,1.3303,1.3276,1.3288,36959.959865
2026-03-30 22:50:00,1.3288,1.3291,1.3277,1.3285,25989.290858
2026-03-30 22:55:00,1.3289,1.3292,1.3286,1.3289,8383.833104
2026-03-30 23:00:00,1.3288,1.3288,1.3219,1.3228,182798.745687
2026-03-30 23:05:00,1.3228,1.3228,1.32,1.3209,96869.040418
2026-03-30 23:10:00,1.3209,1.322,1.3206,1.3217,83220.185862
2026-03-30 23:15:00,1.3216,1.3235,1.3212,1.3228,108723.325668
2026-03-30 23:20:00,1.3226,1.3241,1.3224,1.3238,37329.039837
2026-03-30 23:25:00,1.3238,1.3243,1.3231,1.3242,21683.93234
2026-03-30 23:30:00,1.3241,1.3252,1.3237,1.3252,14972.898046
2026-03-30 23:35:00,1.3251,1.3252,1.3235,1.3236,20968.083866
2026-03-30 23:40:00,1.3236,1.3249,1.3232,1.3245,20187.94564
2026-03-30 23:45:00,1.3244,1.3244,1.3227,1.3235,30539.083445
2026-03-30 23:50:00,1.3235,1.3235,1.3226,1.3234,11017.968229
2026-03-30 23:55:00,1.3235,1.3241,1.3228,1.3241,17013.802429
2026-03-31 00:00:00,1.3242,1.3247,1.3226,1.3241,33214.573181
2026-03-31 00:05:00,1.3241,1.3241,1.3218,1.3226,33496.664922
2026-03-31 00:10:00,1.3226,1.3226,1.3202,1.3216,39967.796333
2026-03-31 00:15:00,1.3217,1.3221,1.3193,1.3212,49982.101621
2026-03-31 00:20:00,1.3213,1.3227,1.3204,1.3225,37347.764568
2026-03-31 00:25:00,1.3226,1.3246,1.3226,1.3244,117581.582914
2026-03-31 00:30:00,1.3244,1.3244,1.3214,1.3219,24978.515939
2026-03-31 00:35:00,1.322,1.3244,1.3214,1.3238,50574.588567
2026-03-31 00:40:00,1.324,1.3243,1.3212,1.3243,43362.783144
2026-03-31 00:45:00,1.3244,1.3293,1.3242,1.328,95304.502115
2026-03-31 00:50:00,1.3279,1.3279,1.3219,1.325,96572.893369
2026-03-31 00:55:00,1.3253,1.3259,1.3242,1.3257,42348.626493
2026-03-31 01:00:00,1.326,1.3274,1.325,1.3254,18500.509155
2026-03-31 01:05:00,1.3253,1.3256,1.3236,1.3248,15759.341271
2026-03-31 01:10:00,1.325,1.3279,1.325,1.3273,23387.024821
2026-03-31 01:15:00,1.3271,1.3303,1.3271,1.3296,56903.834172
2026-03-31 01:20:00,1.3295,1.3365,1.3289,1.3364,73586.229983
2026-03-31 01:25:00,1.3366,1.3388,1.335,1.3362,117340.038686
2026-03-31 01:30:00,1.3366,1.348,1.3359,1.3467,215577.304707
2026-03-31 01:35:00,1.3465,1.3474,1.342,1.3428,152352.139589
2026-03-31 01:40:00,1.3429,1.3434,1.3373,1.3383,58574.680073
2026-03-31 01:45:00,1.3384,1.339,1.3363,1.3382,177448.792349
2026-03-31 01:50:00,1.338,1.3393,1.3366,1.3386,68803.080856
2026-03-31 01:55:00,1.3388,1.3401,1.3387,1.3393,41877.225915
2026-03-31 02:00:00,1.3394,1.3396,1.3355,1.3374,27254.568159
2026-03-31 02:05:00,1.3376,1.3394,1.3375,1.3378,17545.429864
2026-03-31 02:10:00,1.3374,1.3382,1.3364,1.3373,40578.077316
2026-03-31 02:15:00,1.3372,1.3408,1.3372,1.3406,36366.265074
2026-03-31 02:20:00,1.3404,1.3405,1.3386,1.3402,76507.144387
2026-03-31 02:25:00,1.3401,1.3401,1.3383,1.3392,18566.942773
2026-03-31 02:30:00,1.3393,1.3396,1.3361,1.337,22588.438882
2026-03-31 02:35:00,1.3371,1.3377,1.3361,1.3364,18830.419099
2026-03-31 02:40:00,1.3364,1.3377,1.3361,1.3374,29133.970217
2026-03-31 02:45:00,1.3373,1.3379,1.3359,1.3363,11971.006619
2026-03-31 02:50:00,1.3364,1.3388,1.3364,1.3373,32506.810831
2026-03-31 02:55:00,1.3372,1.3377,1.3364,1.3368,25318.04484
2026-03-31 03:00:00,1.3368,1.3368,1.3335,1.3344,53145.497169
2026-03-31 03:05:00,1.3343,1.3364,1.3339,1.3353,47290.813779
2026-03-31 03:10:00,1.3352,1.336,1.334,1.3343,42793.382462
2026-03-31 03:15:00,1.3343,1.3352,1.3323,1.3323,37486.757531
2026-03-31 03:20:00,1.3322,1.3322,1.3294,1.3296,48670.067189
2026-03-31 03:25:00,1.3297,1.3305,1.3293,1.3295,14534.496526
2026-03-31 03:30:00,1.3295,1.3307,1.3291,1.3299,19161.806854
2026-03-31 03:35:00,1.3299,1.3299,1.3263,1.3265,37653.116112
2026-03-31 03:40:00,1.3266,1.3271,1.3262,1.3262,67334.82585
2026-03-31 03:45:00,1.3267,1.3275,1.3264,1.3267,121335.013441
2026-03-31 03:50:00,1.3267,1.3279,1.3265,1.327,42166.32185
2026-03-31 03:55:00,1.3269,1.3271,1.3258,1.326,22649.445632
2026-03-31 04:00:00,1.3262,1.3268,1.3245,1.3254,24366.110987
2026-03-31 04:05:00,1.3248,1.3265,1.3236,1.3241,104739.475795
2026-03-31 04:10:00,1.3241,1.3243,1.3217,1.3228,41323.659248
2026-03-31 04:15:00,1.3226,1.3237,1.3219,1.3219,100896.440984
2026-03-31 04:20:00,1.3222,1.3267,1.3221,1.3247,381342.236727
2026-03-31 04:25:00,1.3251,1.3251,1.3205,1.3217,45392.410997
2026-03-31 04:30:00,1.3214,1.3243,1.3212,1.3236,25418.378982
2026-03-31 04:35:00,1.3235,1.3249,1.322,1.3243,30111.26392
2026-03-31 04:40:00,1.3243,1.3257,1.3242,1.325,26568.414422
2026-03-31 04:45:00,1.3255,1.326,1.3255,1.326,18890.597797
2026-03-31 04:50:00,1.326,1.3274,1.3257,1.3265,53776.110865
2026-03-31 04:55:00,1.3264,1.3264,1.324,1.3241,27994.861519
2026-03-31 05:00:00,1.324,1.3241,1.3209,1.3241,81859.354404
2026-03-31 05:05:00,1.3242,1.3247,1.3232,1.3232,124570.407377
2026-03-31 05:10:00,1.323,1.323,1.32,1.3211,13239.617401
2026-03-31 05:15:00,1.321,1.3228,1.3205,1.3223,132997.102001
2026-03-31 05:20:00,1.3222,1.3266,1.3219,1.3266,105496.388252
2026-03-31 05:25:00,1.3266,1.3291,1.3261,1.3279,178118.683991
2026-03-31 05:30:00,1.3279,1.3303,1.3234,1.3246,554367.362155
2026-03-31 05:35:00,1.3246,1.3246,1.3231,1.3236,65482.223701
2026-03-31 05:40:00,1.3233,1.3233,1.3216,1.3227,20414.377841
2026-03-31 05:45:00,1.3225,1.3249,1.3222,1.3236,27283.097002
2026-03-31 05:50:00,1.3237,1.3243,1.3229,1.3237,54008.147922
2026-03-31 05:55:00,1.3238,1.3241,1.3224,1.3224,12273.388646
2026-03-31 06:00:00,1.3225,1.3227,1.315,1.3183,154923.126514
2026-03-31 06:05:00,1.3183,1.3219,1.3156,1.3213,652420.619566
2026-03-31 06:10:00,1.3212,1.322,1.3203,1.3208,43454.684635
2026-03-31 06:15:00,1.321,1.3218,1.32,1.3215,173902.378714
2026-03-31 06:20:00,1.3217,1.3234,1.3214,1.3234,33371.576739
2026-03-31 06:25:00,1.3234,1.3249,1.3232,1.3249,65091.532209
2026-03-31 06:30:00,1.3246,1.3261,1.3233,1.3259,47409.321431
2026-03-31 06:35:00,1.3258,1.3268,1.3246,1.3266,42933.311655
2026-03-31 06:40:00,1.3266,1.3289,1.3217,1.3223,727014.716727
2026-03-31 06:45:00,1.3222,1.3236,1.3219,1.3229,36569.133737
2026-03-31 06:50:00,1.3229,1.3249,1.3227,1.3249,27781.071484
2026-03-31 06:55:00,1.325,1.3257,1.3231,1.3242,17553.737021
2026-03-31 07:00:00,1.3243,1.3257,1.3239,1.3253,31657.466301
2026-03-31 07:05:00,1.3253,1.3254,1.3235,1.3235,23237.25597
2026-03-31 07:10:00,1.3237,1.3238,1.32,1.3207,44576.23701
2026-03-31 07:15:00,1.3209,1.321,1.3171,1.3178,71083.956305
2026-03-31 07:20:00,1.3177,1.3196,1.3164,1.3164,72554.271862
2026-03-31 07:25:00,1.3164,1.3188,1.3156,1.3159,179996.287685
2026-03-31 07:30:00,1.3159,1.3179,1.3141,1.3152,158535.278876
2026-03-31 07:35:00,1.3153,1.3212,1.315,1.3212,559974.757139
2026-03-31 07:40:00,1.3213,1.3221,1.321,1.3219,38588.482591
2026-03-31 07:45:00,1.3221,1.3244,1.3221,1.3233,46669.792499
2026-03-31 07:50:00,1.3234,1.3234,1.3185,1.3196,503333.388532
2026-03-31 07:55:00,1.3195,1.3197,1.3188,1.3195,19795.073592
2026-03-31 08:00:00,1.3196,1.321,1.3166,1.321,46703.332791
2026-03-31 08:05:00,1.321,1.3225,1.3206,1.3225,57485.028204
2026-03-31 08:10:00,1.3224,1.3224,1.3192,1.3197,21058.180381
2026-03-31 08:15:00,1.3199,1.3211,1.319,1.3208,23562.886066
2026-03-31 08:20:00,1.3208,1.3235,1.3208,1.3223,46058.301612
2026-03-31 08:25:00,1.3222,1.3225,1.321,1.3222,53752.174487
2026-03-31 08:30:00,1.3221,1.3221,1.3188,1.3189,100542.54862
2026-03-31 08:35:00,1.3189,1.3203,1.318,1.3182,52102.537497
2026-03-31 08:40:00,1.3184,1.3184,1.3132,1.314,204662.997841
2026-03-31 08:45:00,1.3141,1.3153,1.3098,1.3152,153843.360115
2026-03-31 08:50:00,1.3152,1.3157,1.3133,1.3145,31392.963506
2026-03-31 08:55:00,1.3147,1.3152,1.3136,1.3139,81189.564681
2026-03-31 09:00:00,1.3141,1.3158,1.3126,1.3158,98018.111496
2026-03-31 09:05:00,1.3159,1.3167,1.3139,1.315,60722.794285
2026-03-31 09:10:00,1.3149,1.3149,1.3125,1.3142,101250.336294
2026-03-31 09:15:00,1.3143,1.3144,1.3096,1.311,186475.361007
2026-03-31 09:20:00,1.3109,1.3133,1.3104,1.3132,94642.149847
2026-03-31 09:25:00,1.3133,1.3136,1.308,1.3107,174114.262446
2026-03-31 09:30:00,1.3107,1.3114,1.3097,1.3101,123629.119578
2026-03-31 09:35:00,1.3101,1.3114,1.3081,1.3095,108134.431068
2026-03-31 09:40:00,1.3095,1.3111,1.3091,1.3104,86900.237206
2026-03-31 09:45:00,1.3106,1.3141,1.3106,1.313,400805.509995
2026-03-31 09:50:00,1.3129,1.3137,1.3093,1.3113,255080.229778
2026-03-31 09:55:00,1.3108,1.3108,1.3042,1.3074,242246.234987
2026-03-31 10:00:00,1.3072,1.3096,1.3071,1.3096,40123.190773
2026-03-31 10:05:00,1.3095,1.3115,1.3095,1.3115,37254.820956
2026-03-31 10:10:00,1.3114,1.3128,1.3113,1.3116,87927.256849
2026-03-31 10:15:00,1.3117,1.3129,1.3113,1.3116,51150.801696
2026-03-31 10:20:00,1.3114,1.3125,1.3111,1.3121,45068.060588
2026-03-31 10:25:00,1.3122,1.3122,1.311,1.3119,39820.457095
2026-03-31 10:30:00,1.3119,1.3125,1.3113,1.3117,73279.637965
2026-03-31 10:35:00,1.3119,1.3119,1.3091,1.3107,79746.186469
2026-03-31 10:40:00,1.3108,1.3125,1.3108,1.312,81427.555256
2026-03-31 10:45:00,1.3121,1.3128,1.3115,1.3123,43697.240358
2026-03-31 10:50:00,1.3124,1.3138,1.3115,1.3124,30162.358014
2026-03-31 10:55:00,1.3123,1.3123,1.3108,1.3109,35247.310887
2026-03-31 11:00:00,1.311,1.311,1.3099,1.3108,27361.243268
2026-03-31 11:05:00,1.311,1.311,1.3074,1.3082,31798.136684
2026-03-31 11:10:00,1.3082,1.3156,1.3082,1.3126,480251.313247
2026-03-31 11:15:00,1.3125,1.3164,1.3114,1.3148,191317.595179
2026-03-31 11:20:00,1.3148,1.3161,1.3132,1.3146,53426.786524
2026-03-31 11:25:00,1.3147,1.3157,1.3141,1.3157,52720.508733
2026-03-31 11:30:00,1.3158,1.3161,1.3143,1.3153,46004.438129
2026-03-31 11:35:00,1.3152,1.318,1.3145,1.3178,88042.24806
2026-03-31 11:40:00,1.3176,1.3178,1.3152,1.3174,47522.139761
2026-03-31 11:45:00,1.3171,1.3172,1.3144,1.3149,80513.986612
2026-03-31 11:50:00,1.3148,1.3156,1.3132,1.314,40867.937139
2026-03-31 11:55:00,1.3139,1.3152,1.3137,1.3151,44826.628679
2026-03-31 12:00:00,1.3151,1.3186,1.3151,1.3185,124287.815746
2026-03-31 12:05:00,1.3186,1.3199,1.3177,1.319,81841.964351
2026-03-31 12:10:00,1.3189,1.3189,1.315,1.3156,88184.250142
2026-03-31 12:15:00,1.3155,1.3189,1.314,1.3182,96463.692854
2026-03-31 12:20:00,1.3183,1.3183,1.3166,1.3173,25541.876027
2026-03-31 12:25:00,1.3173,1.3203,1.3164,1.3202,200345.65552
2026-03-31 12:30:00,1.32,1.3213,1.3192,1.3199,31075.142149
2026-03-31 12:35:00,1.3198,1.3206,1.3189,1.3196,37843.553721
2026-03-31 12:40:00,1.3193,1.3194,1.3172,1.318,45500.586967
2026-03-31 12:45:00,1.3182,1.3183,1.3141,1.3148,100656.666581
2026-03-31 12:50:00,1.3149,1.316,1.3137,1.3156,57589.592682
2026-03-31 12:55:00,1.3152,1.3167,1.3151,1.3155,71048.324305
2026-03-31 13:00:00,1.3156,1.3163,1.3148,1.3155,44285.411578
2026-03-31 13:05:00,1.3157,1.3184,1.3155,1.3183,32740.627078
2026-03-31 13:10:00,1.3185,1.3207,1.3183,1.3195,81869.719743
2026-03-31 13:15:00,1.3194,1.3211,1.319,1.3193,12733.02095
2026-03-31 13:20:00,1.3192,1.3214,1.3183,1.3206,190956.576574
2026-03-31 13:25:00,1.3206,1.321,1.32,1.3209,66615.531586
2026-03-31 13:30:00,1.321,1.3233,1.3199,1.3227,101998.094706
2026-03-31 13:35:00,1.3226,1.3233,1.3198,1.322,66940.6411
2026-03-31 13:40:00,1.3221,1.3241,1.3201,1.3202,82246.196536
2026-03-31 13:45:00,1.3205,1.3251,1.3205,1.3243,153453.629493
2026-03-31 13:50:00,1.3243,1.3283,1.323,1.3273,70394.247827
2026-03-31 13:55:00,1.3272,1.328,1.3236,1.3267,69932.030364
2026-03-31 14:00:00,1.3265,1.332,1.3256,1.3287,309368.917868
2026-03-31 14:05:00,1.3282,1.3282,1.326,1.3265,75819.738087
2026-03-31 14:10:00,1.3267,1.3295,1.3265,1.3285,94333.606309
2026-03-31 14:15:00,1.3283,1.3385,1.3282,1.3375,244124.188613
2026-03-31 14:20:00,1.3376,1.3376,1.3335,1.3342,73437.397253
2026-03-31 14:25:00,1.3339,1.3355,1.3315,1.3354,243077.822334
2026-03-31 14:30:00,1.3356,1.3365,1.3294,1.3294,124787.286666
2026-03-31 14:35:00,1.3296,1.3299,1.326,1.3275,104178.019992
2026-03-31 14:40:00,1.3275,1.3276,1.3236,1.3246,100387.759715
2026-03-31 14:45:00,1.3245,1.3253,1.3195,1.3209,87099.163444
2026-03-31 14:50:00,1.3203,1.3203,1.3131,1.314,232425.824449
2026-03-31 14:55:00,1.3137,1.3156,1.3113,1.3146,95928.746617
2026-03-31 15:00:00,1.315,1.3184,1.3141,1.3173,128095.398173
2026-03-31 15:05:00,1.3172,1.3241,1.3172,1.3212,108974.357225
2026-03-31 15:10:00,1.3215,1.3285,1.3213,1.3269,116267.727028
2026-03-31 15:15:00,1.327,1.3277,1.3248,1.3253,47758.448224
2026-03-31 15:20:00,1.3252,1.3273,1.3242,1.3264,41392.811826
2026-03-31 15:25:00,1.3263,1.3264,1.322,1.3233,130337.21787
2026-03-31 15:30:00,1.3234,1.3246,1.3212,1.3216,56129.961495
2026-03-31 15:35:00,1.3225,1.3241,1.3216,1.3222,65261.84085
2026-03-31 15:40:00,1.3222,1.3229,1.3195,1.3203,40242.056616
2026-03-31 15:45:00,1.3201,1.3208,1.3183,1.32,61896.523371
2026-03-31 15:50:00,1.3199,1.3216,1.3193,1.3203,49114.443066
2026-03-31 15:55:00,1.3204,1.3206,1.3146,1.3149,152729.06479
2026-03-31 16:00:00,1.3151,1.3187,1.3148,1.3168,52174.088882
2026-03-31 16:05:00,1.317,1.3196,1.3168,1.3184,116147.703521
2026-03-31 16:10:00,1.3182,1.3182,1.3144,1.3179,61018.813201
2026-03-31 16:15:00,1.3179,1.3203,1.3177,1.3181,69334.317553
2026-03-31 16:20:00,1.3182,1.3207,1.317,1.3207,27601.074292
2026-03-31 16:25:00,1.3208,1.3212,1.3188,1.3188,48541.787221
2026-03-31 16:30:00,1.3186,1.3186,1.3159,1.3159,48361.271335
2026-03-31 16:35:00,1.3158,1.3257,1.3148,1.3257,150095.780251
2026-03-31 16:40:00,1.3256,1.3373,1.3253,1.3314,496991.545179
2026-03-31 16:45:00,1.3313,1.3336,1.3267,1.3312,104642.059297
2026-03-31 16:50:00,1.331,1.3331,1.3275,1.3302,188201.151442
2026-03-31 16:55:00,1.3303,1.3305,1.3271,1.3305,77892.415977
2026-03-31 17:00:00,1.3307,1.3359,1.3306,1.3343,120765.632766
2026-03-31 17:05:00,1.3343,1.3344,1.3302,1.3312,82100.278298
2026-03-31 17:10:00,1.3311,1.3442,1.3309,1.3435,283800.271339
2026-03-31 17:15:00,1.344,1.3454,1.3398,1.3417,157228.719422
2026-03-31 17:20:00,1.3418,1.345,1.3399,1.3434,251357.11794
2026-03-31 17:25:00,1.3436,1.3439,1.3385,1.3392,145900.613352
2026-03-31 17:30:00,1.3391,1.342,1.338,1.3404,84533.960427
2026-03-31 17:35:00,1.3403,1.3403,1.3326,1.3347,200138.939796
2026-03-31 17:40:00,1.3346,1.3347,1.3298,1.3322,167239.906072
2026-03-31 17:45:00,1.3322,1.3324,1.3289,1.3318,79090.548662
2026-03-31 17:50:00,1.3316,1.3319,1.3279,1.3294,187370.240678
2026-03-31 17:55:00,1.3295,1.3311,1.3282,1.3311,121227.741059
2026-03-31 18:00:00,1.3311,1.3345,1.3311,1.334,56821.714615
2026-03-31 18:05:00,1.334,1.3371,1.334,1.3365,36939.258516
2026-03-31 18:10:00,1.3364,1.3365,1.3352,1.3365,34917.890547
2026-03-31 18:15:00,1.3365,1.3422,1.3362,1.3378,125634.819412
2026-03-31 18:20:00,1.3379,1.3384,1.3371,1.3375,29331.232513
2026-03-31 18:25:00,1.3375,1.3398,1.3353,1.3393,52612.349473
2026-03-31 18:30:00,1.3391,1.3403,1.3383,1.3397,55484.632493
2026-03-31 18:35:00,1.3397,1.3428,1.3392,1.3411,112708.019414
2026-03-31 18:40:00,1.3411,1.3414,1.3395,1.3404,55051.540506
2026-03-31 18:45:00,1.3404,1.3412,1.3386,1.339,21225.96162
2026-03-31 18:50:00,1.3394,1.3398,1.338,1.3382,13335.380441
2026-03-31 18:55:00,1.3383,1.3404,1.3383,1.3404,11111.71486
2026-03-31 19:00:00,1.3407,1.3433,1.3407,1.3428,65861.358878
2026-03-31 19:05:00,1.3426,1.3439,1.341,1.3411,66524.737289
2026-03-31 19:10:00,1.3412,1.3437,1.3412,1.343,27296.485709
2026-03-31 19:15:00,1.3429,1.3437,1.3424,1.3436,48937.660957
2026-03-31 19:20:00,1.3435,1.3448,1.3421,1.3442,118390.619323
2026-03-31 19:25:00,1.3442,1.3446,1.3421,1.3423,31045.979914
2026-03-31 19:30:00,1.3424,1.344,1.3419,1.343,40044.527255
2026-03-31 19:35:00,1.3429,1.3449,1.3428,1.3431,55051.741421
2026-03-31 19:40:00,1.3429,1.3441,1.3423,1.3439,33614.000754
2026-03-31 19:45:00,1.3436,1.3467,1.3436,1.3454,45390.312163
2026-03-31 19:50:00,1.3455,1.346,1.3417,1.3425,14610.594202
2026-03-31 19:55:00,1.3424,1.3456,1.3408,1.3451,171753.430774
2026-03-31 20:00:00,1.345,1.3473,1.3445,1.3463,98608.935504
2026-03-31 20:05:00,1.3463,1.3495,1.3462,1.3473,51292.030108
2026-03-31 20:10:00,1.347,1.3503,1.347,1.3498,53341.001462
2026-03-31 20:15:00,1.3496,1.3503,1.348,1.3483,46909.495123
2026-03-31 20:20:00,1.3484,1.3487,1.3464,1.3464,25405.941495
2026-03-31 20:25:00,1.3461,1.3461,1.344,1.3449,25296.02227
2026-03-31 20:30:00,1.3448,1.3453,1.3423,1.3427,5629.090082
2026-03-31 20:35:00,1.3428,1.3449,1.3428,1.3439,95048.999847
2026-03-31 20:40:00,1.3438,1.3438,1.3422,1.3432,22199.812025
2026-03-31 20:45:00,1.3433,1.3464,1.3425,1.3458,43651.73821
2026-03-31 20:50:00,1.3456,1.3463,1.3449,1.3454,38878.329854
2026-03-31 20:55:00,1.3453,1.3453,1.3438,1.3445,37476.696557
2026-03-31 21:00:00,1.3446,1.3452,1.3401,1.3409,39370.809566
2026-03-31 21:05:00,1.3407,1.3414,1.3384,1.339,46817.636086
2026-03-31 21:10:00,1.3391,1.3399,1.3385,1.3398,37026.117869
2026-03-31 21:15:00,1.34,1.3405,1.3388,1.3388,48204.564857
2026-03-31 21:20:00,1.3389,1.3395,1.3381,1.3395,13971.399221
2026-03-31 21:25:00,1.3396,1.3402,1.3392,1.3395,32719.313412
2026-03-31 21:30:00,1.3395,1.3417,1.3395,1.3407,25522.847371
2026-03-31 21:35:00,1.3407,1.3424,1.3405,1.3414,34831.152121
2026-03-31 21:40:00,1.3412,1.3423,1.3406,1.3408,43396.215491
2026-03-31 21:45:00,1.3407,1.3421,1.3401,1.3419,20313.289682
2026-03-31 21:50:00,1.3419,1.3439,1.3416,1.3434,31682.827255
2026-03-31 21:55:00,1.3435,1.3445,1.3402,1.341,24959.782996
2026-03-31 22:00:00,1.341,1.342,1.3392,1.3394,54480.542379
2026-03-31 22:05:00,1.3394,1.3397,1.3354,1.3363,73652.47726
2026-03-31 22:10:00,1.3365,1.338,1.336,1.338,18023.6752
2026-03-31 22:15:00,1.3378,1.3392,1.3375,1.3385,18077.798035
2026-03-31 22:20:00,1.3386,1.3398,1.3381,1.3381,31670.504514
2026-03-31 22:25:00,1.3379,1.338,1.336,1.3365,16988.448788
2026-03-31 22:30:00,1.3365,1.3365,1.3327,1.3341,102390.267411
2026-03-31 22:35:00,1.3339,1.3357,1.3338,1.3356,20708.638487
2026-03-31 22:40:00,1.3356,1.3388,1.3355,1.3379,35180.006326
2026-03-31 22:45:00,1.3379,1.3379,1.336,1.3371,24260.966418
2026-03-31 22:50:00,1.337,1.337,1.3359,1.3359,15407.117366
2026-03-31 22:55:00,1.3358,1.3364,1.3352,1.3357,41151.667805
2026-03-31 23:00:00,1.3358,1.336,1.3346,1.3353,12910.022495
2026-03-31 23:05:00,1.3354,1.3383,1.3354,1.3378,17949.97655
2026-03-31 23:10:00,1.3377,1.338,1.3364,1.3372,39456.186455
2026-03-31 23:15:00,1.337,1.3405,1.3362,1.3392,44405.963586
2026-03-31 23:20:00,1.339,1.3398,1.3383,1.3384,19598.735049
2026-03-31 23:25:00,1.3386,1.3399,1.3382,1.3395,11963.566073
2026-03-31 23:30:00,1.3394,1.3403,1.3391,1.3394,45157.156281
2026-03-31 23:35:00,1.3395,1.341,1.3394,1.3408,14499.707932
2026-03-31 23:40:00,1.3409,1.341,1.3399,1.3402,10832.751662
2026-03-31 23:45:00,1.3402,1.3402,1.3393,1.3402,15153.075424
2026-03-31 23:50:00,1.3403,1.3422,1.3402,1.3411,26254.516875
2026-03-31 23:55:00,1.3411,1.3416,1.3406,1.341,21863.434452
2026-04-01 00:00:00,1.341,1.341,1.3384,1.3405,44176.665279
2026-04-01 00:05:00,1.3405,1.3411,1.3396,1.3398,35968.399662
2026-04-01 00:10:00,1.3397,1.3408,1.3394,1.3404,26193.929753
2026-04-01 00:15:00,1.3403,1.3422,1.3399,1.3403,26202.570198
2026-04-01 00:20:00,1.3405,1.3412,1.339,1.3396,47374.357018
2026-04-01 00:25:00,1.3395,1.3419,1.3395,1.3419,43843.183619
2026-04-01 00:30:00,1.3421,1.3422,1.3392,1.3401,76342.466931
2026-04-01 00:35:00,1.3401,1.3405,1.3398,1.3401,19162.38644
2026-04-01 00:40:00,1.3401,1.3415,1.3401,1.3408,22318.1562
2026-04-01 00:45:00,1.3409,1.3413,1.3382,1.3412,49300.245401
2026-04-01 00:50:00,1.3411,1.3458,1.3411,1.3442,71235.618847
2026-04-01 00:55:00,1.344,1.3456,1.3439,1.3452,30369.376022
2026-04-01 01:00:00,1.3454,1.346,1.3435,1.346,62900.108279
2026-04-01 01:05:00,1.3457,1.3458,1.3423,1.3426,37874.648604
2026-04-01 01:10:00,1.3424,1.344,1.3424,1.3434,22490.134279
2026-04-01 01:15:00,1.3433,1.3433,1.3404,1.3404,22139.577454
2026-04-01 01:20:00,1.3405,1.3406,1.3397,1.34,6631.662512
2026-04-01 01:25:00,1.3399,1.3401,1.3376,1.3377,27732.722346
2026-04-01 01:30:00,1.3376,1.3388,1.3351,1.3361,65504.077343
2026-04-01 01:35:00,1.3362,1.3377,1.3342,1.336,58935.542211
2026-04-01 01:40:00,1.336,1.3373,1.3354,1.3373,18514.465928
2026-04-01 01:45:00,1.3372,1.3372,1.3355,1.3358,19361.380905
2026-04-01 01:50:00,1.3358,1.3374,1.3354,1.3363,38198.002683
2026-04-01 01:55:00,1.3365,1.3376,1.3351,1.3351,19006.110649
2026-04-01 02:00:00,1.3353,1.338,1.3351,1.3378,27296.982337
2026-04-01 02:05:00,1.3377,1.3378,1.3362,1.3371,37316.535597
2026-04-01 02:10:00,1.3369,1.3373,1.3346,1.3369,45059.118675
2026-04-01 02:15:00,1.3364,1.3377,1.3355,1.3372,31727.516056
2026-04-01 02:20:00,1.3368,1.3373,1.3355,1.3359,20878.016096
2026-04-01 02:25:00,1.3358,1.3358,1.3314,1.3322,218784.091649
2026-04-01 02:30:00,1.3322,1.3338,1.332,1.3321,27385.808796
2026-04-01 02:35:00,1.3321,1.3341,1.3321,1.3333,27789.778716
2026-04-01 02:40:00,1.3333,1.3343,1.3333,1.3339,10482.712296
2026-04-01 02:45:00,1.3338,1.3357,1.3334,1.3346,41095.121114
2026-04-01 02:50:00,1.3344,1.3356,1.3344,1.3355,4655.714301
2026-04-01 02:55:00,1.3354,1.3355,1.334,1.3345,5265.73225
2026-04-01 03:00:00,1.3351,1.3377,1.3351,1.3371,24952.494311
2026-04-01 03:05:00,1.3371,1.3448,1.3369,1.3441,75394.307129
2026-04-01 03:10:00,1.344,1.344,1.3418,1.3424,34844.998467
2026-04-01 03:15:00,1.3425,1.3435,1.3417,1.3417,18672.865366
2026-04-01 03:20:00,1.3418,1.3421,1.3408,1.3408,35349.644412
2026-04-01 03:25:00,1.3408,1.3417,1.34,1.3417,20055.500342
2026-04-01 03:30:00,1.342,1.3432,1.3416,1.3418,33639.012639
2026-04-01 03:35:00,1.3418,1.3429,1.3414,1.3428,10707.639756
2026-04-01 03:40:00,1.3426,1.3463,1.3426,1.3458,61805.116524
2026-04-01 03:45:00,1.3459,1.3492,1.3459,1.3491,130198.101627
2026-04-01 03:50:00,1.3492,1.3506,1.3478,1.3504,93847.073915
2026-04-01 03:55:00,1.3504,1.3516,1.3463,1.3484,571352.188595
2026-04-01 04:00:00,1.3483,1.3495,1.347,1.347,51440.65093
2026-04-01 04:05:00,1.3469,1.347,1.3454,1.3454,49073.95119
2026-04-01 04:10:00,1.3455,1.3455,1.3441,1.3444,74877.917527
2026-04-01 04:15:00,1.3444,1.3445,1.3434,1.3439,15157.251712
2026-04-01 04:20:00,1.3438,1.3441,1.3423,1.3425,64183.572524
2026-04-01 04:25:00,1.3425,1.343,1.3419,1.3422,11990.052684
2026-04-01 04:30:00,1.342,1.3425,1.3411,1.3425,34332.511306
2026-04-01 04:35:00,1.3428,1.3436,1.3408,1.3408,20479.87247
2026-04-01 04:40:00,1.341,1.3429,1.341,1.3413,36507.987587
2026-04-01 04:45:00,1.3414,1.3426,1.3398,1.3411,33991.007018
2026-04-01 04:50:00,1.3409,1.3431,1.3401,1.3401,48719.063856
2026-04-01 04:55:00,1.34,1.3405,1.3387,1.3393,167159.551322
2026-04-01 05:00:00,1.3394,1.3409,1.3362,1.3397,465189.022769
2026-04-01 05:05:00,1.3399,1.3411,1.3399,1.3409,25342.752194
2026-04-01 05:10:00,1.341,1.3443,1.3409,1.3435,25298.457542
2026-04-01 05:15:00,1.3434,1.3467,1.3432,1.3448,56920.853408
2026-04-01 05:20:00,1.3448,1.3466,1.3445,1.3449,70091.725471
2026-04-01 05:25:00,1.345,1.3496,1.345,1.3465,187833.148708
2026-04-01 05:30:00,1.3466,1.3472,1.3445,1.345,53092.24813
2026-04-01 05:35:00,1.3451,1.3453,1.3431,1.3431,104319.107556
2026-04-01 05:40:00,1.3432,1.344,1.3422,1.3422,129370.376666
2026-04-01 05:45:00,1.3422,1.3433,1.3415,1.3422,72789.198037
2026-04-01 05:50:00,1.3422,1.3492,1.342,1.3487,458130.883712
2026-04-01 05:55:00,1.3486,1.3486,1.3465,1.3465,78888.85775
2026-04-01 06:00:00,1.3466,1.3493,1.3466,1.3492,61350.191581
2026-04-01 06:05:00,1.3492,1.3531,1.3492,1.3525,109932.063182
2026-04-01 06:10:00,1.3526,1.3557,1.3526,1.3546,152326.317503
2026-04-01 06:15:00,1.3547,1.3561,1.3539,1.356,103096.097225
2026-04-01 06:20:00,1.3561,1.3565,1.3546,1.3556,84210.977037
2026-04-01 06:25:00,1.3563,1.3569,1.3547,1.3563,160902.684715
2026-04-01 06:30:00,1.3563,1.3611,1.3557,1.3602,205773.905522
2026-04-01 06:35:00,1.3601,1.3618,1.3591,1.3593,76755.774535
2026-04-01 06:40:00,1.3593,1.3638,1.3592,1.3625,130204.681142
2026-04-01 06:45:00,1.3624,1.3633,1.3591,1.3597,76081.164215
2026-04-01 06:50:00,1.3598,1.3609,1.3598,1.3605,64261.481968
2026-04-01 06:55:00,1.3606,1.3636,1.36,1.3625,169017.049055
2026-04-01 07:00:00,1.3628,1.3652,1.3628,1.3641,133908.228589
2026-04-01 07:05:00,1.3641,1.366,1.364,1.366,49854.803076
2026-04-01 07:10:00,1.3659,1.3672,1.3634,1.3651,122363.599149
2026-04-01 07:15:00,1.3651,1.3658,1.3625,1.3625,69904.293294
2026-04-01 07:20:00,1.3624,1.3624,1.3595,1.3598,86240.104929
2026-04-01 07:25:00,1.3599,1.3615,1.3595,1.3596,33755.408565
2026-04-01 07:30:00,1.3596,1.3621,1.3595,1.3605,23005.586063
2026-04-01 07:35:00,1.361,1.3635,1.3608,1.3618,27583.425457
2026-04-01 07:40:00,1.3615,1.362,1.3595,1.3604,26334.415843
2026-04-01 07:45:00,1.3605,1.3611,1.3575,1.3587,92379.578659
2026-04-01 07:50:00,1.3587,1.3593,1.3577,1.3584,58029.732497
2026-04-01 07:55:00,1.3586,1.359,1.3562,1.3566,48719.810651
2026-04-01 08:00:00,1.3566,1.3585,1.3555,1.3571,116762.610432
2026-04-01 08:05:00,1.3572,1.3572,1.3538,1.3538,72378.009042
2026-04-01 08:10:00,1.3537,1.3547,1.3525,1.3537,59279.327355
2026-04-01 08:15:00,1.3536,1.3547,1.3526,1.3539,38980.125333
2026-04-01 08:20:00,1.3539,1.3562,1.3537,1.3558,29295.052609
2026-04-01 08:25:00,1.3558,1.357,1.3555,1.3557,50037.762486
2026-04-01 08:30:00,1.356,1.3568,1.3558,1.3564,27717.804542
2026-04-01 08:35:00,1.3565,1.3586,1.3562,1.3581,19246.965149
2026-04-01 08:40:00,1.3579,1.3587,1.3571,1.3579,17971.334761
2026-04-01 08:45:00,1.3578,1.3579,1.3563,1.3567,12095.253505
2026-04-01 08:50:00,1.3566,1.3582,1.3533,1.354,122748.110306
2026-04-01 08:55:00,1.3539,1.3548,1.3523,1.3528,58511.754612
2026-04-01 09:00:00,1.3527,1.354,1.352,1.353,25855.415899
2026-04-01 09:05:00,1.353,1.353,1.3502,1.3506,64185.26331
2026-04-01 09:10:00,1.3505,1.3516,1.3498,1.3514,22264.170167
2026-04-01 09:15:00,1.3514,1.3519,1.3502,1.3506,12644.985486
2026-04-01 09:20:00,1.351,1.3514,1.35,1.351,19465.352641
2026-04-01 09:25:00,1.3509,1.3515,1.3502,1.3515,69872.430645
2026-04-01 09:30:00,1.3515,1.3537,1.3515,1.3525,32026.09733
2026-04-01 09:35:00,1.3527,1.3536,1.3507,1.3507,29157.131277
2026-04-01 09:40:00,1.3505,1.3505,1.3495,1.3495,23009.399979
2026-04-01 09:45:00,1.3496,1.3506,1.3495,1.3506,30742.326864
2026-04-01 09:50:00,1.3507,1.3528,1.3507,1.3523,43410.326103
2026-04-01 09:55:00,1.3524,1.3524,1.3513,1.3515,13808.956773
2026-04-01 10:00:00,1.3516,1.353,1.3507,1.3507,15214.881617
2026-04-01 10:05:00,1.3507,1.3514,1.3507,1.3509,31411.623084
2026-04-01 10:10:00,1.3509,1.3516,1.3501,1.3501,49162.206145
2026-04-01 10:15:00,1.35,1.35,1.3492,1.3493,85747.435733
2026-04-01 10:20:00,1.3494,1.3521,1.3494,1.351,23149.783975
2026-04-01 10:25:00,1.3508,1.3508,1.3495,1.3501,28577.419604
2026-04-01 10:30:00,1.3501,1.3513,1.3496,1.3496,22247.293276
2026-04-01 10:35:00,1.3497,1.353,1.3491,1.353,44308.748298
2026-04-01 10:40:00,1.3531,1.3547,1.353,1.3534,52259.780924
2026-04-01 10:45:00,1.3535,1.3552,1.3532,1.3535,27570.38309
2026-04-01 10:50:00,1.3536,1.3543,1.3523,1.3526,25752.842189
2026-04-01 10:55:00,1.3523,1.3532,1.3501,1.3532,40748.362702
2026-04-01 11:00:00,1.3526,1.3548,1.3526,1.3538,31869.376014
2026-04-01 11:05:00,1.3538,1.3543,1.3531,1.3532,18524.132695
2026-04-01 11:10:00,1.3531,1.3553,1.3527,1.3547,22103.633511
2026-04-01 11:15:00,1.3546,1.3548,1.352,1.3522,23157.856348
2026-04-01 11:20:00,1.3522,1.3523,1.3509,1.3521,45218.584757
2026-04-01 11:25:00,1.3519,1.3532,1.3515,1.3518,49582.538094
2026-04-01 11:30:00,1.3523,1.3534,1.352,1.3523,40761.56396
2026-04-01 11:35:00,1.3525,1.3537,1.3525,1.353,90842.415024
2026-04-01 11:40:00,1.353,1.3535,1.352,1.353,15814.721963
2026-04-01 11:45:00,1.3529,1.3539,1.3529,1.3539,12000.572988
2026-04-01 11:50:00,1.3539,1.3558,1.3539,1.3552,18558.76631
2026-04-01 11:55:00,1.3552,1.3557,1.3544,1.3546,33821.716218
2026-04-01 12:00:00,1.3544,1.3547,1.3515,1.3515,130584.657878
2026-04-01 12:05:00,1.3515,1.3531,1.3511,1.3531,165972.582796
2026-04-01 12:10:00,1.3534,1.3542,1.3515,1.352,48167.989844
2026-04-01 12:15:00,1.352,1.3543,1.352,1.3543,59551.292194
2026-04-01 12:20:00,1.3542,1.3542,1.3532,1.3536,27832.750788
2026-04-01 12:25:00,1.354,1.3554,1.3527,1.3534,29385.000308
2026-04-01 12:30:00,1.3535,1.3574,1.3533,1.3533,69562.278522
2026-04-01 12:35:00,1.3531,1.3533,1.3494,1.3495,62253.913777
2026-04-01 12:40:00,1.3493,1.361,1.3493,1.3587,242184.841758
2026-04-01 12:45:00,1.3586,1.361,1.354,1.3555,476374.493052
2026-04-01 12:50:00,1.3556,1.3581,1.3543,1.3546,161378.810169
2026-04-01 12:55:00,1.3545,1.3558,1.3533,1.3542,28846.360962
2026-04-01 13:00:00,1.3544,1.3549,1.3508,1.3527,137636.295654
2026-04-01 13:05:00,1.3527,1.3528,1.3503,1.3526,42003.077049
2026-04-01 13:10:00,1.3527,1.3571,1.3527,1.3551,62418.944196
2026-04-01 13:15:00,1.3552,1.3577,1.3552,1.3573,93475.085151
2026-04-01 13:20:00,1.3572,1.3572,1.3556,1.3556,17942.227078
2026-04-01 13:25:00,1.3557,1.3573,1.3551,1.3556,39018.387902
2026-04-01 13:30:00,1.3557,1.3563,1.3521,1.3534,122798.797165
2026-04-01 13:35:00,1.3533,1.3551,1.3519,1.3527,63921.929995
2026-04-01 13:40:00,1.3525,1.3525,1.3452,1.3484,192250.358264
2026-04-01 13:45:00,1.3484,1.3491,1.3459,1.3473,103248.69156
2026-04-01 13:50:00,1.3469,1.3516,1.3462,1.3487,83285.809204
2026-04-01 13:55:00,1.3486,1.3489,1.3465,1.347,67788.432488
2026-04-01 14:00:00,1.3468,1.3502,1.3461,1.3495,42706.160215
2026-04-01 14:05:00,1.3496,1.3517,1.3482,1.3511,34760.747596
2026-04-01 14:10:00,1.3512,1.3526,1.35,1.3526,39429.859923
2026-04-01 14:15:00,1.3527,1.3545,1.3514,1.3533,28371.33171
2026-04-01 14:20:00,1.353,1.356,1.3522,1.3532,84349.981721
2026-04-01 14:25:00,1.3528,1.3553,1.3525,1.355,18827.419691
2026-04-01 14:30:00,1.3551,1.3558,1.3489,1.3494,167581.002133
2026-04-01 14:35:00,1.3496,1.3562,1.3496,1.3541,147673.494063
2026-04-01 14:40:00,1.354,1.354,1.3517,1.3535,33431.802689
2026-04-01 14:45:00,1.3534,1.3565,1.3522,1.3559,107862.930645
2026-04-01 14:50:00,1.3557,1.3582,1.3557,1.3569,88787.291076
2026-04-01 14:55:00,1.3568,1.3568,1.3555,1.356,50858.352315
2026-04-01 15:00:00,1.3561,1.3567,1.3548,1.3548,54542.373055
2026-04-01 15:05:00,1.355,1.3564,1.3545,1.3549,70341.269877
2026-04-01 15:10:00,1.3548,1.3548,1.3513,1.3521,139021.912527
2026-04-01 15:15:00,1.3521,1.3537,1.3506,1.3537,111985.006831
2026-04-01 15:20:00,1.3536,1.3563,1.3525,1.3562,240766.399771
2026-04-01 15:25:00,1.3564,1.3579,1.3539,1.3545,190319.870395
2026-04-01 15:30:00,1.3544,1.3562,1.3532,1.3541,79371.209404
2026-04-01 15:35:00,1.3542,1.3567,1.3542,1.355,45660.467369
2026-04-01 15:40:00,1.3548,1.3555,1.3537,1.3552,26839.415374
2026-04-01 15:45:00,1.3552,1.3565,1.355,1.3554,18892.478937
2026-04-01 15:50:00,1.3553,1.3577,1.3552,1.3567,61867.50928
2026-04-01 15:55:00,1.3569,1.3578,1.3569,1.3578,22197.771371
2026-04-01 16:00:00,1.3579,1.3579,1.355,1.355,36099.794806
2026-04-01 16:05:00,1.3551,1.3555,1.3528,1.355,29499.968102
2026-04-01 16:10:00,1.3551,1.3558,1.3518,1.3527,102508.796671
2026-04-01 16:15:00,1.3526,1.3571,1.3521,1.3564,162931.265445
2026-04-01 16:20:00,1.3563,1.3569,1.3552,1.3552,72791.193447
2026-04-01 16:25:00,1.3553,1.3575,1.3546,1.3555,105158.774871
2026-04-01 16:30:00,1.3556,1.358,1.355,1.3559,177441.03404
2026-04-01 16:35:00,1.3559,1.3621,1.3558,1.36,260337.383119
2026-04-01 16:40:00,1.3599,1.3626,1.3598,1.3609,139065.869863
2026-04-01 16:45:00,1.3614,1.3614,1.3586,1.3601,143913.748018
2026-04-01 16:50:00,1.3602,1.3604,1.3595,1.3597,47684.310678
2026-04-01 16:55:00,1.3596,1.3596,1.3584,1.3588,102042.458263
2026-04-01 17:00:00,1.3588,1.3685,1.3588,1.3679,340792.999338
2026-04-01 17:05:00,1.3679,1.3682,1.3642,1.3646,218567.054761
2026-04-01 17:10:00,1.3645,1.3648,1.362,1.3626,102077.541981
2026-04-01 17:15:00,1.3627,1.3642,1.3624,1.3631,50962.553535
2026-04-01 17:20:00,1.3629,1.3629,1.3573,1.3589,65383.931576
2026-04-01 17:25:00,1.3591,1.3591,1.3548,1.3553,186337.771379
2026-04-01 17:30:00,1.3556,1.3559,1.3532,1.3541,25597.838239
2026-04-01 17:35:00,1.3534,1.3555,1.3519,1.3547,85512.640818
2026-04-01 17:40:00,1.3546,1.3554,1.3538,1.3544,34502.274772
2026-04-01 17:45:00,1.3545,1.3552,1.3516,1.3525,44132.256485
2026-04-01 17:50:00,1.3525,1.353,1.3503,1.3521,174117.099807
2026-04-01 17:55:00,1.3521,1.3521,1.3513,1.3519,37199.085352
2026-04-01 18:00:00,1.352,1.3538,1.3469,1.3489,271930.549023
2026-04-01 18:05:00,1.3486,1.35,1.3485,1.3496,112828.107423
2026-04-01 18:10:00,1.3496,1.3514,1.3492,1.3504,160101.782565
2026-04-01 18:15:00,1.3502,1.3511,1.3481,1.3495,47559.48225
2026-04-01 18:20:00,1.3496,1.3511,1.3479,1.3482,114680.71484
2026-04-01 18:25:00,1.3483,1.3501,1.3481,1.3484,58236.661866
2026-04-01 18:30:00,1.3484,1.3489,1.3471,1.3486,46675.267879
2026-04-01 18:35:00,1.3486,1.3501,1.3471,1.3492,105621.215362
2026-04-01 18:40:00,1.3491,1.352,1.3491,1.3503,62973.420844
2026-04-01 18:45:00,1.3503,1.3503,1.3482,1.3492,51885.781743
2026-04-01 18:50:00,1.3491,1.3493,1.3481,1.3481,35645.388532
2026-04-01 18:55:00,1.3481,1.3481,1.3463,1.3476,36398.593981
2026-04-01 19:00:00,1.348,1.3488,1.3476,1.3488,40640.157581
2026-04-01 19:05:00,1.3487,1.351,1.3485,1.3493,48136.752648
2026-04-01 19:10:00,1.3493,1.3498,1.3485,1.3487,29418.080483
2026-04-01 19:15:00,1.3484,1.3492,1.3479,1.3491,19246.387992
2026-04-01 19:20:00,1.3488,1.3491,1.348,1.349,13847.260121
2026-04-01 19:25:00,1.3492,1.3534,1.3492,1.3529,38411.425666
2026-04-01 19:30:00,1.3533,1.3542,1.3501,1.3511,84897.51771
2026-04-01 19:35:00,1.351,1.3519,1.3504,1.351,90509.659898
2026-04-01 19:40:00,1.3508,1.3517,1.3493,1.3493,36622.75163
2026-04-01 19:45:00,1.3493,1.3518,1.3488,1.3511,96803.629524
2026-04-01 19:50:00,1.3512,1.3514,1.3489,1.351,76268.234733
2026-04-01 19:55:00,1.3508,1.3508,1.3495,1.3505,142352.600462
2026-04-01 20:00:00,1.3506,1.3524,1.3474,1.3489,176019.10511
2026-04-01 20:05:00,1.349,1.3491,1.3466,1.3469,32076.490749
2026-04-01 20:10:00,1.3472,1.3489,1.3472,1.3473,13072.710385
2026-04-01 20:15:00,1.3473,1.3483,1.3462,1.3466,26633.40076
2026-04-01 20:20:00,1.3467,1.3469,1.3452,1.3468,47740.410801
2026-04-01 20:25:00,1.3468,1.3473,1.3456,1.3459,22447.462695
2026-04-01 20:30:00,1.3457,1.3459,1.3422,1.3448,121611.539721
2026-04-01 20:35:00,1.3448,1.3468,1.3446,1.3458,22511.956862
2026-04-01 20:40:00,1.3457,1.3474,1.3454,1.3472,92858.834701
2026-04-01 20:45:00,1.3471,1.3482,1.3471,1.3482,26993.248423
2026-04-01 20:50:00,1.3482,1.3497,1.3482,1.3496,5844.693799
2026-04-01 20:55:00,1.3492,1.3492,1.3483,1.3486,15369.317907
2026-04-01 21:00:00,1.3487,1.3504,1.3484,1.35,13825.22289
2026-04-01 21:05:00,1.35,1.3531,1.35,1.3531,54711.701857
2026-04-01 21:10:00,1.3532,1.3535,1.351,1.353,41358.766599
2026-04-01 21:15:00,1.353,1.3538,1.3525,1.3538,28261.456692
2026-04-01 21:20:00,1.3538,1.3544,1.3532,1.3533,27923.07883
2026-04-01 21:25:00,1.3534,1.3566,1.3529,1.3542,135775.816624
2026-04-01 21:30:00,1.3544,1.3556,1.3536,1.3556,38932.318374
2026-04-01 21:35:00,1.3556,1.3556,1.3533,1.3537,41806.798996
2026-04-01 21:40:00,1.3536,1.3538,1.3528,1.3535,55692.728216
2026-04-01 21:45:00,1.3535,1.3542,1.3512,1.3538,183177.330067
2026-04-01 21:50:00,1.354,1.3541,1.3518,1.3534,31217.795946
2026-04-01 21:55:00,1.3534,1.357,1.3533,1.3552,44590.442331
2026-04-01 22:00:00,1.3551,1.3556,1.3529,1.3533,32662.11774
2026-04-01 22:05:00,1.3532,1.3535,1.3506,1.3516,38688.90346
2026-04-01 22:10:00,1.3516,1.353,1.3512,1.3517,24455.913906
2026-04-01 22:15:00,1.3519,1.3519,1.3478,1.3481,50147.268208
2026-04-01 22:20:00,1.3482,1.351,1.3479,1.3508,37826.216842
2026-04-01 22:25:00,1.3508,1.351,1.3489,1.3491,48832.046066
2026-04-01 22:30:00,1.349,1.3495,1.348,1.3495,26951.28995
2026-04-01 22:35:00,1.3493,1.3494,1.348,1.3491,49018.611965
2026-04-01 22:40:00,1.3491,1.3508,1.349,1.3496,27234.536724
2026-04-01 22:45:00,1.3497,1.3502,1.3482,1.3484,18651.984738
2026-04-01 22:50:00,1.3485,1.3485,1.3471,1.3483,34481.792756
2026-04-01 22:55:00,1.3482,1.3493,1.3481,1.349,18305.201454
2026-04-01 23:00:00,1.3491,1.3505,1.3487,1.3505,52091.18489
2026-04-01 23:05:00,1.3505,1.3517,1.3502,1.3516,64244.637235
2026-04-01 23:10:00,1.3513,1.3513,1.3499,1.3505,35493.645075
2026-04-01 23:15:00,1.3504,1.3508,1.3493,1.3498,12644.932931
2026-04-01 23:20:00,1.3499,1.3504,1.3496,1.3496,25108.723586
2026-04-01 23:25:00,1.3496,1.3502,1.3496,1.3497,12959.227077
2026-04-01 23:30:00,1.3496,1.3496,1.3471,1.3493,15617.965715
2026-04-01 23:35:00,1.3495,1.3498,1.3486,1.3489,21882.008372
2026-04-01 23:40:00,1.3487,1.3491,1.348,1.3483,17577.299913
2026-04-01 23:45:00,1.348,1.349,1.3474,1.3487,18945.41045
2026-04-01 23:50:00,1.3489,1.3489,1.3467,1.3482,23588.059184
2026-04-01 23:55:00,1.3482,1.3485,1.3471,1.3479,48155.486063
2026-04-02 00:00:00,1.3479,1.3492,1.3471,1.3482,43109.788227
2026-04-02 00:05:00,1.3482,1.3494,1.3481,1.3487,28943.94685
2026-04-02 00:10:00,1.3487,1.3495,1.3475,1.3486,12901.044862
2026-04-02 00:15:00,1.3487,1.3499,1.3475,1.3485,20624.12066
2026-04-02 00:20:00,1.3486,1.3492,1.3479,1.3488,14947.102826
2026-04-02 00:25:00,1.3486,1.3492,1.3481,1.3485,14629.941464
2026-04-02 00:30:00,1.3484,1.3505,1.3482,1.3503,8970.281382
2026-04-02 00:35:00,1.3504,1.3525,1.3494,1.3525,40402.144732
2026-04-02 00:40:00,1.3524,1.3547,1.3517,1.3547,43780.611583
2026-04-02 00:45:00,1.3547,1.356,1.3529,1.3536,123569.833547
2026-04-02 00:50:00,1.3537,1.3562,1.3528,1.3554,42547.849104
2026-04-02 00:55:00,1.3558,1.3569,1.3549,1.3569,32398.637476
2026-04-02 01:00:00,1.357,1.357,1.3476,1.3476,89818.4996
2026-04-02 01:05:00,1.3475,1.3524,1.3382,1.3506,398379.013101
2026-04-02 01:10:00,1.3509,1.3553,1.3476,1.348,119884.369816
2026-04-02 01:15:00,1.3479,1.3479,1.3336,1.3365,346772.795322
2026-04-02 01:20:00,1.3365,1.3411,1.33,1.3346,329127.948903
2026-04-02 01:25:00,1.3346,1.3352,1.3285,1.3314,168414.170863
2026-04-02 01:30:00,1.3311,1.3311,1.3228,1.3271,206207.12841
2026-04-02 01:35:00,1.327,1.3297,1.3244,1.3264,174099.592302
2026-04-02 01:40:00,1.3264,1.3266,1.3227,1.3237,127947.906345
2026-04-02 01:45:00,1.3233,1.3268,1.3223,1.3251,142737.08758
2026-04-02 01:50:00,1.3249,1.3287,1.3243,1.3271,90307.279748
2026-04-02 01:55:00,1.3271,1.3291,1.3268,1.3285,47327.965481
2026-04-02 02:00:00,1.3284,1.3284,1.3251,1.3256,43135.061447
2026-04-02 02:05:00,1.3257,1.3299,1.3244,1.3259,47400.04442
2026-04-02 02:10:00,1.326,1.3262,1.3214,1.3218,105141.969301
2026-04-02 02:15:00,1.3214,1.3234,1.3213,1.322,199923.725722
2026-04-02 02:20:00,1.3215,1.3219,1.3172,1.3196,316411.439431
2026-04-02 02:25:00,1.3194,1.3215,1.318,1.3206,66710.330528
2026-04-02 02:30:00,1.3209,1.3252,1.3208,1.3231,60823.935872
2026-04-02 02:35:00,1.3231,1.3239,1.3207,1.3238,43150.546557
2026-04-02 02:40:00,1.3235,1.325,1.3176,1.3185,236985.213448
2026-04-02 02:45:00,1.3186,1.3229,1.3177,1.3177,566528.116981
2026-04-02 02:50:00,1.3176,1.319,1.3171,1.3184,128724.224211
2026-04-02 02:55:00,1.3185,1.3195,1.3178,1.3182,94553.042961
2026-04-02 03:00:00,1.3182,1.3182,1.3156,1.3158,131983.198134
2026-04-02 03:05:00,1.3157,1.3177,1.3152,1.3157,119025.992136
2026-04-02 03:10:00,1.3156,1.3161,1.3137,1.3138,180317.097434
2026-04-02 03:15:00,1.3138,1.3143,1.3113,1.3116,355871.874045
2026-04-02 03:20:00,1.3117,1.3147,1.3104,1.3145,243307.323922
2026-04-02 03:25:00,1.3147,1.3154,1.3139,1.3146,124570.435076
2026-04-02 03:30:00,1.3146,1.3164,1.3132,1.3133,198503.694043
2026-04-02 03:35:00,1.3133,1.3148,1.3113,1.3114,75869.568443
2026-04-02 03:40:00,1.3112,1.3129,1.3066,1.3096,881970.57188
2026-04-02 03:45:00,1.3095,1.3107,1.3072,1.31,162315.152132
2026-04-02 03:50:00,1.3101,1.3115,1.3098,1.3111,57061.858744
2026-04-02 03:55:00,1.3111,1.3133,1.3103,1.3129,54215.753332
2026-04-02 04:00:00,1.3128,1.3143,1.3121,1.3133,76110.152301
2026-04-02 04:05:00,1.3135,1.3154,1.313,1.3145,31477.846537
2026-04-02 04:10:00,1.3144,1.3156,1.314,1.3147,20318.208986
2026-04-02 04:15:00,1.3149,1.3179,1.3149,1.3167,72154.258663
2026-04-02 04:20:00,1.3167,1.3205,1.3117,1.3122,1102554.035024
2026-04-02 04:25:00,1.3121,1.3147,1.3117,1.3127,228573.442051
2026-04-02 04:30:00,1.3126,1.3129,1.3112,1.3128,99411.771071
2026-04-02 04:35:00,1.3127,1.313,1.3104,1.3107,73062.610604
2026-04-02 04:40:00,1.3105,1.3105,1.308,1.3089,110750.603522
2026-04-02 04:45:00,1.3087,1.3095,1.3071,1.3073,153466.945957
2026-04-02 04:50:00,1.3076,1.3085,1.3061,1.3065,158313.585705
2026-04-02 04:55:00,1.3066,1.3103,1.305,1.3081,913610.382147
2026-04-02 05:00:00,1.3081,1.3105,1.3081,1.3098,128900.748689
2026-04-02 05:05:00,1.3098,1.3108,1.307,1.308,171677.191262
2026-04-02 05:10:00,1.308,1.3096,1.3073,1.3092,70800.257713
2026-04-02 05:15:00,1.3093,1.3115,1.3089,1.309,64578.309646
2026-04-02 05:20:00,1.309,1.3119,1.3081,1.3114,63127.258886
2026-04-02 05:25:00,1.3114,1.3119,1.3104,1.3118,54981.753649
2026-04-02 05:30:00,1.3119,1.3136,1.3119,1.3121,83748.844602
2026-04-02 05:35:00,1.3121,1.3138,1.3119,1.3134,60956.203146
2026-04-02 05:40:00,1.3133,1.3154,1.3128,1.3141,75685.499347
2026-04-02 05:45:00,1.3141,1.3141,1.3128,1.3128,35586.748258
2026-04-02 05:50:00,1.3128,1.3144,1.3127,1.314,40833.922915
2026-04-02 05:55:00,1.314,1.316,1.314,1.315,99698.793959
2026-04-02 06:00:00,1.3152,1.3159,1.3142,1.3147,64386.641312
2026-04-02 06:05:00,1.3146,1.3146,1.3126,1.313,50839.238174
2026-04-02 06:10:00,1.3129,1.3135,1.3124,1.3133,33781.722568
2026-04-02 06:15:00,1.3134,1.3184,1.3134,1.3178,53887.154285
2026-04-02 06:20:00,1.3185,1.3186,1.3164,1.3172,41138.66286
2026-04-02 06:25:00,1.3171,1.3177,1.3168,1.3169,72562.620495
2026-04-02 06:30:00,1.3168,1.3172,1.3156,1.3166,50681.090628
2026-04-02 06:35:00,1.3166,1.3166,1.3142,1.3146,43808.700353
2026-04-02 06:40:00,1.3147,1.3155,1.3144,1.3152,10244.74451
2026-04-02 06:45:00,1.3153,1.3167,1.3152,1.3161,21760.518429
2026-04-02 06:50:00,1.3161,1.3164,1.3155,1.3156,40001.025441
2026-04-02 06:55:00,1.3156,1.3165,1.3149,1.3157,59255.989152
2026-04-02 07:00:00,1.3156,1.316,1.3139,1.316,40421.71964
2026-04-02 07:05:00,1.3158,1.3163,1.3146,1.3146,79130.693707
2026-04-02 07:10:00,1.3146,1.3146,1.3129,1.3138,74853.600794
2026-04-02 07:15:00,1.3136,1.3169,1.3136,1.3157,67350.268999
2026-04-02 07:20:00,1.3158,1.3161,1.314,1.3152,34527.932821
2026-04-02 07:25:00,1.3152,1.3155,1.3145,1.3155,61883.461228
2026-04-02 07:30:00,1.3157,1.3174,1.3157,1.3167,17942.931826
2026-04-02 07:35:00,1.317,1.318,1.3168,1.3176,29058.006612
2026-04-02 07:40:00,1.3177,1.3177,1.3166,1.3172,26277.336838
2026-04-02 07:45:00,1.3172,1.3179,1.3172,1.3176,15930.491659
2026-04-02 07:50:00,1.3174,1.3175,1.3165,1.3165,21831.507227
2026-04-02 07:55:00,1.3167,1.3175,1.3167,1.3175,13644.476311
2026-04-02 08:00:00,1.3174,1.3174,1.3155,1.3167,11397.541023
2026-04-02 08:05:00,1.3167,1.317,1.3158,1.3159,13238.471638
2026-04-02 08:10:00,1.316,1.3164,1.3154,1.3155,29586.783677
2026-04-02 08:15:00,1.3156,1.3158,1.3149,1.315,37103.362301
2026-04-02 08:20:00,1.3149,1.3149,1.3123,1.3124,67787.071287
2026-04-02 08:25:00,1.3124,1.313,1.3118,1.313,22297.035316
2026-04-02 08:30:00,1.3131,1.3143,1.3128,1.3131,11106.433407
2026-04-02 08:35:00,1.3131,1.3131,1.311,1.3126,53044.482186
2026-04-02 08:40:00,1.3125,1.313,1.3111,1.3127,118723.43357
2026-04-02 08:45:00,1.3127,1.3141,1.3127,1.3141,31410.657797
2026-04-02 08:50:00,1.3141,1.3141,1.3129,1.3132,35276.44238
2026-04-02 08:55:00,1.3131,1.3131,1.3117,1.3117,38685.990508
2026-04-02 09:00:00,1.3119,1.3123,1.3098,1.3103,55388.453395
2026-04-02 09:05:00,1.3104,1.3107,1.3077,1.3078,106172.470728
2026-04-02 09:10:00,1.308,1.3109,1.308,1.3104,40633.99019
2026-04-02 09:15:00,1.3105,1.3108,1.3096,1.3096,41877.461908
2026-04-02 09:20:00,1.3095,1.3106,1.3092,1.3092,30398.677664
2026-04-02 09:25:00,1.3092,1.3118,1.3092,1.3113,33562.820236
2026-04-02 09:30:00,1.3112,1.3115,1.3099,1.3113,33116.401327
2026-04-02 09:35:00,1.3117,1.3124,1.311,1.3117,23170.530112
2026-04-02 09:40:00,1.3116,1.3125,1.3112,1.312,71639.435344
2026-04-02 09:45:00,1.312,1.3125,1.3106,1.3116,33082.939805
2026-04-02 09:50:00,1.3116,1.313,1.3116,1.3125,199701.788487
2026-04-02 09:55:00,1.3124,1.3129,1.3119,1.3119,33127.045563
2026-04-02 10:00:00,1.3119,1.3122,1.3105,1.3112,39111.284979
2026-04-02 10:05:00,1.311,1.3119,1.3094,1.3102,55221.820276
2026-04-02 10:10:00,1.3102,1.3102,1.3075,1.309,135082.55277
2026-04-02 10:15:00,1.3089,1.3101,1.3077,1.3097,56642.192817
2026-04-02 10:20:00,1.3099,1.3105,1.3098,1.3104,61030.587457
2026-04-02 10:25:00,1.3103,1.3108,1.3101,1.3105,36692.374495
2026-04-02 10:30:00,1.3106,1.3117,1.3104,1.3111,23166.014531
2026-04-02 10:35:00,1.3111,1.3113,1.3084,1.3087,52127.605772
2026-04-02 10:40:00,1.309,1.3109,1.309,1.3096,22169.378038
2026-04-02 10:45:00,1.3097,1.3097,1.3086,1.3087,19487.289814
2026-04-02 10:50:00,1.3085,1.3092,1.3082,1.309,60340.72577
2026-04-02 10:55:00,1.3089,1.3092,1.3083,1.3085,64310.823126
2026-04-02 11:00:00,1.3085,1.3092,1.3079,1.3087,39449.108868
2026-04-02 11:05:00,1.3087,1.3089,1.3058,1.3061,110944.2359
2026-04-02 11:10:00,1.3062,1.3064,1.3035,1.3038,263023.421758
2026-04-02 11:15:00,1.3038,1.3045,1.3002,1.3033,231537.188567
2026-04-02 11:20:00,1.3033,1.3045,1.303,1.3035,60498.803431
2026-04-02 11:25:00,1.3034,1.3034,1.3025,1.3029,100535.1611
2026-04-02 11:30:00,1.3026,1.3036,1.3023,1.3024,40616.680309
2026-04-02 11:35:00,1.3024,1.3026,1.3,1.3016,146838.442683
2026-04-02 11:40:00,1.3015,1.302,1.3002,1.3018,83336.780107
2026-04-02 11:45:00,1.3019,1.302,1.299,1.3005,220971.321259
2026-04-02 11:50:00,1.3005,1.3019,1.2996,1.3002,84073.805952
2026-04-02 11:55:00,1.3003,1.3008,1.299,1.3002,55481.454397
2026-04-02 12:00:00,1.3002,1.3007,1.2983,1.2995,108660.54665
2026-04-02 12:05:00,1.2994,1.3004,1.2965,1.2982,237796.151916
2026-04-02 12:10:00,1.2982,1.2982,1.2964,1.2965,66414.508432
2026-04-02 12:15:00,1.2964,1.2965,1.2938,1.294,54509.867964
2026-04-02 12:20:00,1.2939,1.2973,1.2934,1.297,175070.354002
2026-04-02 12:25:00,1.297,1.2976,1.2954,1.2954,66215.241889
2026-04-02 12:30:00,1.2953,1.2955,1.294,1.2942,86803.066303
2026-04-02 12:35:00,1.2942,1.2954,1.2936,1.2954,129481.674767
2026-04-02 12:40:00,1.2954,1.2964,1.295,1.2953,77274.779046
2026-04-02 12:45:00,1.2952,1.2961,1.2928,1.2934,151077.82201
2026-04-02 12:50:00,1.2931,1.294,1.2901,1.2906,260813.415772
2026-04-02 12:55:00,1.2906,1.2914,1.2903,1.2908,90660.277474
2026-04-02 13:00:00,1.2908,1.2915,1.2877,1.2905,327440.301158
2026-04-02 13:05:00,1.2902,1.2937,1.2897,1.2901,160378.251588
2026-04-02 13:10:00,1.2901,1.2903,1.2881,1.2884,132944.692399
2026-04-02 13:15:00,1.2882,1.2885,1.2854,1.2863,296456.241008
2026-04-02 13:20:00,1.2863,1.288,1.2862,1.2875,130218.194449
2026-04-02 13:25:00,1.2873,1.289,1.2856,1.2876,154864.288878
2026-04-02 13:30:00,1.2876,1.2893,1.2829,1.2836,315173.682229
2026-04-02 13:35:00,1.2836,1.2843,1.2811,1.2811,303174.614779
2026-04-02 13:40:00,1.2811,1.2829,1.2803,1.2817,173582.292624
2026-04-02 13:45:00,1.2817,1.2846,1.2811,1.2833,138883.615417
2026-04-02 13:50:00,1.2834,1.2873,1.2832,1.2869,318122.68338
2026-04-02 13:55:00,1.2867,1.2902,1.2866,1.289,287125.255081
2026-04-02 14:00:00,1.289,1.2894,1.2857,1.2876,203800.381205
2026-04-02 14:05:00,1.2875,1.2921,1.2852,1.2856,267661.622105
2026-04-02 14:10:00,1.2857,1.2886,1.2845,1.2849,474765.137921
2026-04-02 14:15:00,1.2849,1.2874,1.2824,1.2862,444784.181634
2026-04-02 14:20:00,1.2863,1.2902,1.2844,1.29,227202.711338
2026-04-02 14:25:00,1.29,1.29,1.286,1.2868,126786.943143
2026-04-02 14:30:00,1.287,1.293,1.2866,1.2902,370683.889746
2026-04-02 14:35:00,1.2902,1.3032,1.2901,1.299,902249.380705
2026-04-02 14:40:00,1.2986,1.3032,1.297,1.3027,336328.947071
2026-04-02 14:45:00,1.3028,1.3035,1.2972,1.2977,243420.709851
2026-04-02 14:50:00,1.2976,1.2993,1.2957,1.2987,157028.938007
2026-04-02 14:55:00,1.2989,1.3029,1.2987,1.3001,206812.162577
2026-04-02 15:00:00,1.3,1.3,1.2971,1.2997,248073.837355
2026-04-02 15:05:00,1.2996,1.2996,1.2957,1.2966,168417.2928
2026-04-02 15:10:00,1.2966,1.2988,1.2961,1.2969,157201.484651
2026-04-02 15:15:00,1.2967,1.297,1.2945,1.295,132237.069518
2026-04-02 15:20:00,1.295,1.295,1.291,1.2927,216423.435481
2026-04-02 15:25:00,1.2926,1.2939,1.2917,1.2932,128586.113278
2026-04-02 15:30:00,1.2934,1.2937,1.2918,1.2934,93502.414282
2026-04-02 15:35:00,1.2934,1.2998,1.2934,1.2998,143597.415101
2026-04-02 15:40:00,1.2996,1.3021,1.2972,1.302,92239.619411
2026-04-02 15:45:00,1.302,1.302,1.299,1.2991,84934.136056
2026-04-02 15:50:00,1.2992,1.3,1.2972,1.3,114687.089185
2026-04-02 15:55:00,1.2999,1.3001,1.298,1.3,84430.868897
2026-04-02 16:00:00,1.3001,1.3002,1.2959,1.2962,121857.489973
2026-04-02 16:05:00,1.2963,1.2977,1.2953,1.2971,79159.61559
2026-04-02 16:10:00,1.2971,1.2974,1.2952,1.2962,106900.322669
2026-04-02 16:15:00,1.2959,1.2983,1.2948,1.2969,74890.162811
2026-04-02 16:20:00,1.2969,1.2985,1.2957,1.2972,51505.962114
2026-04-02 16:25:00,1.297,1.301,1.2966,1.3001,71415.513101
2026-04-02 16:30:00,1.3001,1.3037,1.2994,1.3037,166143.308024
2026-04-02 16:35:00,1.3037,1.3061,1.3025,1.3058,140063.366411
2026-04-02 16:40:00,1.3057,1.3087,1.3046,1.3064,310347.594354
2026-04-02 16:45:00,1.3065,1.307,1.3051,1.3069,105754.657001
2026-04-02 16:50:00,1.3072,1.3081,1.3063,1.3068,111049.694755
2026-04-02 16:55:00,1.3067,1.3067,1.3043,1.3044,114848.15104
2026-04-02 17:00:00,1.3043,1.3046,1.3011,1.3019,144589.320087
2026-04-02 17:05:00,1.3016,1.3043,1.3009,1.3043,80501.195467
2026-04-02 17:10:00,1.3042,1.3078,1.3035,1.3068,58209.07232
2026-04-02 17:15:00,1.3067,1.3111,1.3066,1.3096,115004.285807
2026-04-02 17:20:00,1.3094,1.31,1.3086,1.3096,61943.678581
2026-04-02 17:25:00,1.3091,1.3094,1.3075,1.308,138161.840985
2026-04-02 17:30:00,1.3078,1.3079,1.3038,1.3038,82523.746103
2026-04-02 17:35:00,1.3037,1.3041,1.3022,1.3033,72077.692497
2026-04-02 17:40:00,1.3035,1.3046,1.3029,1.3046,42044.526973
2026-04-02 17:45:00,1.3046,1.3046,1.3,1.3003,110031.387947
2026-04-02 17:50:00,1.3007,1.3014,1.2985,1.3004,38713.831401
2026-04-02 17:55:00,1.3006,1.3007,1.2979,1.299,51960.687016
2026-04-02 18:00:00,1.2989,1.3002,1.2986,1.2993,93269.820466
2026-04-02 18:05:00,1.2993,1.3003,1.2977,1.2984,83399.847508
2026-04-02 18:10:00,1.2985,1.3015,1.2985,1.3003,78404.380003
2026-04-02 18:15:00,1.3004,1.3005,1.2987,1.2999,70655.775848
2026-04-02 18:20:00,1.3001,1.3014,1.3001,1.3006,19266.228516
2026-04-02 18:25:00,1.3004,1.3004,1.2977,1.2982,26806.792108
2026-04-02 18:30:00,1.2983,1.2991,1.298,1.2986,36509.385885
2026-04-02 18:35:00,1.2986,1.3004,1.2986,1.3002,27491.05981
2026-04-02 18:40:00,1.3001,1.3028,1.2999,1.302,56469.618371
2026-04-02 18:45:00,1.3022,1.3048,1.3018,1.3036,53880.000185
2026-04-02 18:50:00,1.3038,1.3088,1.3038,1.3082,130616.904818
2026-04-02 18:55:00,1.3082,1.3082,1.3065,1.3065,16005.047024
2026-04-02 19:00:00,1.3067,1.3078,1.3054,1.3054,40178.030567
2026-04-02 19:05:00,1.3057,1.3067,1.3055,1.3058,6919.089328
2026-04-02 19:10:00,1.306,1.3074,1.3054,1.3055,26459.221053
2026-04-02 19:15:00,1.3055,1.3056,1.3045,1.3048,21806.40604
2026-04-02 19:20:00,1.3047,1.306,1.3035,1.3054,35312.224708
2026-04-02 19:25:00,1.3055,1.3067,1.3055,1.3057,70277.003002
2026-04-02 19:30:00,1.3057,1.3057,1.3015,1.3029,38097.512292
2026-04-02 19:35:00,1.3029,1.3039,1.3013,1.3039,11228.494873
2026-04-02 19:40:00,1.304,1.3054,1.3036,1.3047,39328.933557
2026-04-02 19:45:00,1.3047,1.3057,1.304,1.305,14106.787299
2026-04-02 19:50:00,1.3051,1.3074,1.3051,1.3074,23307.650553
2026-04-02 19:55:00,1.3075,1.3099,1.3061,1.3079,207027.87156
2026-04-02 20:00:00,1.3077,1.3079,1.3047,1.3058,60164.132747
2026-04-02 20:05:00,1.306,1.3093,1.306,1.3081,74358.516586
2026-04-02 20:10:00,1.3084,1.3103,1.3084,1.3091,43837.625029
2026-04-02 20:15:00,1.3091,1.3143,1.3086,1.3138,98356.507882
2026-04-02 20:20:00,1.3136,1.3136,1.312,1.3123,42352.804308
2026-04-02 20:25:00,1.3124,1.3167,1.3118,1.3162,53793.97148
2026-04-02 20:30:00,1.3165,1.3172,1.3144,1.3167,147917.039695
2026-04-02 20:35:00,1.3168,1.3225,1.3162,1.3223,125741.036788
2026-04-02 20:40:00,1.3223,1.3223,1.3179,1.3187,96466.118354
2026-04-02 20:45:00,1.3188,1.3192,1.3181,1.3189,35691.165605
2026-04-02 20:50:00,1.3188,1.3195,1.3168,1.3181,54560.491565
2026-04-02 20:55:00,1.318,1.3185,1.3177,1.318,15390.989722
2026-04-02 21:00:00,1.318,1.3196,1.3165,1.3174,29113.436024
2026-04-02 21:05:00,1.3174,1.3176,1.3165,1.3165,33040.694758
2026-04-02 21:10:00,1.3164,1.3164,1.3126,1.3139,117211.711867
2026-04-02 21:15:00,1.314,1.3164,1.3136,1.3155,16764.406517
2026-04-02 21:20:00,1.3155,1.3164,1.314,1.314,34015.009136
2026-04-02 21:25:00,1.314,1.3152,1.314,1.3145,7501.989199
2026-04-02 21:30:00,1.3148,1.3152,1.3138,1.3138,13594.465259
2026-04-02 21:35:00,1.3137,1.3174,1.3133,1.3155,87976.024893
2026-04-02 21:40:00,1.3153,1.3163,1.314,1.3143,50847.36036
2026-04-02 21:45:00,1.3144,1.315,1.3139,1.3139,18406.089794
2026-04-02 21:50:00,1.3139,1.3157,1.3139,1.3151,10626.629571
2026-04-02 21:55:00,1.3149,1.316,1.3145,1.3157,7814.835858
2026-04-02 22:00:00,1.3156,1.3185,1.3146,1.3177,59393.013523
2026-04-02 22:05:00,1.3177,1.3182,1.3156,1.3167,44022.998026
2026-04-02 22:10:00,1.3165,1.3177,1.3151,1.3154,44181.334388
2026-04-02 22:15:00,1.3155,1.3173,1.3152,1.3168,18930.647328
2026-04-02 22:20:00,1.3165,1.3171,1.3153,1.3153,14175.324985
2026-04-02 22:25:00,1.3153,1.3153,1.3124,1.3144,99226.164468
2026-04-02 22:30:00,1.3148,1.3167,1.3145,1.3156,15918.990776
2026-04-02 22:35:00,1.3156,1.3162,1.3151,1.3159,26954.662886
2026-04-02 22:40:00,1.3157,1.3164,1.3152,1.316,9785.117723
2026-04-02 22:45:00,1.3157,1.3161,1.3148,1.3161,27521.628985
2026-04-02 22:50:00,1.3161,1.3179,1.3161,1.3173,63604.478656
2026-04-02 22:55:00,1.3172,1.3186,1.317,1.3177,34389.839113
2026-04-02 23:00:00,1.3178,1.3184,1.3174,1.318,200687.780984
2026-04-02 23:05:00,1.318,1.3191,1.3163,1.3175,44018.541111
2026-04-02 23:10:00,1.3176,1.318,1.3162,1.3167,34645.683249
2026-04-02 23:15:00,1.3166,1.318,1.3166,1.3177,115034.645112
2026-04-02 23:20:00,1.3176,1.3192,1.3176,1.3188,28510.536457
2026-04-02 23:25:00,1.3186,1.3186,1.3162,1.3162,36446.70296
2026-04-02 23:30:00,1.3161,1.3178,1.3155,1.3177,12982.2497
2026-04-02 23:35:00,1.3175,1.3185,1.3169,1.3184,46759.68569
2026-04-02 23:40:00,1.3186,1.3208,1.3186,1.3198,44823.938099
2026-04-02 23:45:00,1.3198,1.3198,1.3175,1.3176,24881.408214
2026-04-02 23:50:00,1.3173,1.3184,1.3159,1.3184,59200.351464
2026-04-02 23:55:00,1.3185,1.3199,1.3184,1.3198,32669.579695
2026-04-03 00:00:00,1.3199,1.3211,1.3197,1.3209,50416.46786
2026-04-03 00:05:00,1.3211,1.3212,1.3196,1.3212,65430.581059
2026-04-03 00:10:00,1.3211,1.3223,1.3202,1.322,32513.752931
2026-04-03 00:15:00,1.322,1.322,1.32,1.3209,44300.655245
2026-04-03 00:20:00,1.3209,1.321,1.3194,1.32,31785.792509
2026-04-03 00:25:00,1.3199,1.3199,1.3171,1.3176,20269.880633
2026-04-03 00:30:00,1.3176,1.3191,1.3175,1.3181,20759.479654
2026-04-03 00:35:00,1.3181,1.324,1.3179,1.3179,531551.738157
2026-04-03 00:40:00,1.3178,1.3185,1.3162,1.3173,61883.214119
2026-04-03 00:45:00,1.3174,1.3174,1.3154,1.3154,59571.142091
2026-04-03 00:50:00,1.3154,1.3159,1.3145,1.3148,21437.46173
2026-04-03 00:55:00,1.3147,1.3159,1.3144,1.3156,37331.568097
2026-04-03 01:00:00,1.3157,1.3163,1.3146,1.3146,65437.698739
2026-04-03 01:05:00,1.3145,1.32,1.3144,1.3181,560234.435134
2026-04-03 01:10:00,1.3182,1.3197,1.3173,1.3187,113743.222257
2026-04-03 01:15:00,1.3186,1.3193,1.3181,1.3184,57776.725305
2026-04-03 01:20:00,1.3186,1.32,1.3181,1.3197,11884.844958
2026-04-03 01:25:00,1.3196,1.3204,1.3191,1.3198,40182.729028
2026-04-03 01:30:00,1.32,1.3205,1.3181,1.3181,25849.494397
2026-04-03 01:35:00,1.318,1.318,1.3126,1.3133,68999.635389
2026-04-03 01:40:00,1.3134,1.3146,1.3134,1.3143,28889.698178
2026-04-03 01:45:00,1.3144,1.3146,1.3131,1.3141,25348.532125
2026-04-03 01:50:00,1.3141,1.3141,1.3127,1.313,27582.509854
2026-04-03 01:55:00,1.3132,1.3141,1.3132,1.3135,28791.724959
2026-04-03 02:00:00,1.3135,1.3142,1.3123,1.3123,14307.521219
2026-04-03 02:05:00,1.3123,1.3133,1.3115,1.3116,17700.94116
2026-04-03 02:10:00,1.3115,1.3124,1.3096,1.3117,66673.927605
2026-04-03 02:15:00,1.3116,1.3172,1.3116,1.316,58226.333035
2026-04-03 02:20:00,1.3164,1.3164,1.3098,1.311,398287.06155
2026-04-03 02:25:00,1.311,1.3112,1.3073,1.3076,42325.730962
2026-04-03 02:30:00,1.3078,1.308,1.3052,1.307,48622.951232
2026-04-03 02:35:00,1.3069,1.3077,1.3045,1.3047,63761.758762
2026-04-03 02:40:00,1.3047,1.3055,1.3033,1.3033,68495.458811
2026-04-03 02:45:00,1.3033,1.3047,1.3033,1.3043,49332.188699
2026-04-03 02:50:00,1.3045,1.3085,1.3039,1.3072,90396.458642
2026-04-03 02:55:00,1.3071,1.3086,1.3064,1.3078,35089.181127
2026-04-03 03:00:00,1.3078,1.3115,1.3068,1.3101,510605.634562
2026-04-03 03:05:00,1.3099,1.3119,1.3094,1.3116,24312.429702
2026-04-03 03:10:00,1.3115,1.3124,1.31,1.3121,74637.714351
2026-04-03 03:15:00,1.3122,1.3136,1.3116,1.3132,63034.560792
2026-04-03 03:20:00,1.3131,1.3186,1.3131,1.3181,53061.678528
2026-04-03 03:25:00,1.318,1.3184,1.3161,1.3177,43056.44405
2026-04-03 03:30:00,1.3176,1.3202,1.3174,1.3192,44872.591261
2026-04-03 03:35:00,1.3191,1.3201,1.3179,1.3201,55503.938007
2026-04-03 03:40:00,1.3201,1.3209,1.3171,1.3206,99674.924903
2026-04-03 03:45:00,1.3206,1.3216,1.3191,1.3206,37991.722481
2026-04-03 03:50:00,1.3205,1.3213,1.3196,1.3209,52256.220552
2026-04-03 03:55:00,1.321,1.3219,1.3195,1.3217,92490.754799
2026-04-03 04:00:00,1.3217,1.3233,1.3169,1.3188,685166.045719
2026-04-03 04:05:00,1.3189,1.3195,1.3174,1.3174,41885.141011
2026-04-03 04:10:00,1.3173,1.3187,1.3172,1.3175,44869.758242
2026-04-03 04:15:00,1.3178,1.3194,1.3171,1.3177,55848.876702
2026-04-03 04:20:00,1.3178,1.3178,1.3153,1.3157,11090.74487
2026-04-03 04:25:00,1.3156,1.3166,1.3151,1.3154,12272.167821
2026-04-03 04:30:00,1.3154,1.3173,1.3145,1.3156,51964.392096
2026-04-03 04:35:00,1.3154,1.3165,1.3153,1.3165,18661.4273
2026-04-03 04:40:00,1.3166,1.3176,1.3166,1.3176,6001.338918
2026-04-03 04:45:00,1.3177,1.322,1.3177,1.321,194209.018942
2026-04-03 04:50:00,1.3207,1.3207,1.3195,1.3197,18893.032804
2026-04-03 04:55:00,1.3197,1.3208,1.3193,1.3198,70771.594104
2026-04-03 05:00:00,1.3199,1.3219,1.3199,1.321,24355.863957
2026-04-03 05:05:00,1.3209,1.3217,1.32,1.3206,22591.663759
2026-04-03 05:10:00,1.3206,1.3206,1.3194,1.3202,9798.109822
2026-04-03 05:15:00,1.3201,1.3201,1.316,1.3183,16427.87936
2026-04-03 05:20:00,1.3183,1.3186,1.3173,1.3176,17209.53951
2026-04-03 05:25:00,1.3174,1.3203,1.3174,1.3203,25780.065146
2026-04-03 05:30:00,1.3205,1.326,1.3205,1.324,117403.354031
2026-04-03 05:35:00,1.3241,1.3251,1.3222,1.3223,24926.563889
2026-04-03 05:40:00,1.3224,1.323,1.3215,1.3221,18482.248735
2026-04-03 05:45:00,1.3222,1.3228,1.3216,1.3223,20032.954408
2026-04-03 05:50:00,1.3222,1.3222,1.3193,1.3196,24073.176307
2026-04-03 05:55:00,1.3194,1.3194,1.3185,1.3187,85302.272658
2026-04-03 06:00:00,1.3187,1.3201,1.3181,1.3192,5610.666285
2026-04-03 06:05:00,1.3189,1.3198,1.3185,1.319,10571.075094
2026-04-03 06:10:00,1.319,1.32,1.3186,1.319,29849.324754
2026-04-03 06:15:00,1.319,1.319,1.3173,1.3174,44181.484686
2026-04-03 06:20:00,1.3174,1.3177,1.3163,1.3171,22711.899783
2026-04-03 06:25:00,1.3171,1.3178,1.3161,1.3163,6593.220976
2026-04-03 06:30:00,1.3165,1.3169,1.3154,1.3168,7472.90735
2026-04-03 06:35:00,1.317,1.3199,1.317,1.3184,120302.087758
2026-04-03 06:40:00,1.3188,1.3204,1.3188,1.3198,25858.121864
2026-04-03 06:45:00,1.3196,1.3207,1.3195,1.3203,43296.796768
2026-04-03 06:50:00,1.3203,1.3207,1.3187,1.3187,19824.394114
2026-04-03 06:55:00,1.3187,1.3198,1.3186,1.3195,19979.931843
2026-04-03 07:00:00,1.3194,1.3202,1.319,1.3193,6595.478156
2026-04-03 07:05:00,1.3191,1.3205,1.3189,1.3203,4859.535328
2026-04-03 07:10:00,1.3202,1.3208,1.3188,1.319,6550.136891
2026-04-03 07:15:00,1.3191,1.3191,1.3171,1.3177,20351.721549
2026-04-03 07:20:00,1.3178,1.3183,1.3171,1.3171,7083.489361
2026-04-03 07:25:00,1.317,1.3179,1.317,1.317,24050.283627
2026-04-03 07:30:00,1.317,1.3197,1.317,1.3193,24616.409824
2026-04-03 07:35:00,1.3194,1.3243,1.3194,1.32,60920.269552
2026-04-03 07:40:00,1.3198,1.3207,1.3195,1.3203,20784.301811
2026-04-03 07:45:00,1.3203,1.3208,1.3194,1.3198,16689.53426
2026-04-03 07:50:00,1.3197,1.3201,1.3182,1.3195,9255.986231
2026-04-03 07:55:00,1.3195,1.3199,1.3178,1.3186,15501.406473
2026-04-03 08:00:00,1.3187,1.3195,1.3184,1.3194,16748.36733
2026-04-03 08:05:00,1.3194,1.3204,1.3186,1.3204,38499.471728
2026-04-03 08:10:00,1.3204,1.3217,1.3199,1.3206,70911.186388
2026-04-03 08:15:00,1.3205,1.3212,1.3182,1.319,21351.301701
2026-04-03 08:20:00,1.3188,1.3191,1.318,1.3186,48863.893013
2026-04-03 08:25:00,1.3187,1.3187,1.3178,1.318,29795.124399
2026-04-03 08:30:00,1.318,1.3207,1.318,1.3207,30472.879943
2026-04-03 08:35:00,1.3206,1.3206,1.3186,1.3186,25406.9513
2026-04-03 08:40:00,1.3188,1.3192,1.3172,1.318,47492.470795
2026-04-03 08:45:00,1.318,1.3188,1.3168,1.3188,14775.441236
2026-04-03 08:50:00,1.3187,1.3199,1.3174,1.3176,19704.392505
2026-04-03 08:55:00,1.3175,1.3186,1.317,1.3177,41207.118799
2026-04-03 09:00:00,1.3177,1.3177,1.316,1.316,39085.558199
2026-04-03 09:05:00,1.3158,1.3158,1.3141,1.3146,64720.686576
2026-04-03 09:10:00,1.3146,1.315,1.3139,1.3148,37667.889684
2026-04-03 09:15:00,1.3149,1.3152,1.3146,1.3146,18703.441094
2026-04-03 09:20:00,1.3143,1.3143,1.3115,1.312,54684.819675
2026-04-03 09:25:00,1.3119,1.3125,1.3115,1.3122,13691.836202
2026-04-03 09:30:00,1.3123,1.3128,1.3118,1.3125,52541.80786
2026-04-03 09:35:00,1.3125,1.3125,1.3116,1.3121,25989.506532
2026-04-03 09:40:00,1.3119,1.3143,1.3119,1.3135,26046.807691
2026-04-03 09:45:00,1.3134,1.3136,1.3113,1.3117,45601.140009
2026-04-03 09:50:00,1.3118,1.3118,1.3111,1.3113,9640.678144
2026-04-03 09:55:00,1.3113,1.3117,1.311,1.3117,26938.033186
2026-04-03 10:00:00,1.3117,1.3128,1.3112,1.3124,10588.568562
2026-04-03 10:05:00,1.3123,1.3133,1.3113,1.3119,16766.047391
2026-04-03 10:10:00,1.3116,1.3121,1.311,1.3112,13361.474211
2026-04-03 10:15:00,1.3112,1.3119,1.3103,1.3104,76746.648179
2026-04-03 10:20:00,1.3102,1.3138,1.3094,1.3134,338661.196291
2026-04-03 10:25:00,1.3138,1.3146,1.3132,1.3132,22154.61207
2026-04-03 10:30:00,1.3131,1.3154,1.3125,1.315,22053.720895
2026-04-03 10:35:00,1.3148,1.3162,1.3145,1.3152,35777.956532
2026-04-03 10:40:00,1.3152,1.3164,1.3152,1.3162,38164.093527
2026-04-03 10:45:00,1.3162,1.3176,1.3133,1.314,419682.906068
2026-04-03 10:50:00,1.3139,1.3155,1.3132,1.3155,44297.12894
2026-04-03 10:55:00,1.3151,1.3159,1.3147,1.3159,31977.935181
2026-04-03 11:00:00,1.3159,1.3177,1.3159,1.3171,54253.687473
2026-04-03 11:05:00,1.3171,1.3171,1.3161,1.3161,12442.879983
2026-04-03 11:10:00,1.3163,1.3166,1.315,1.3157,24183.037343
2026-04-03 11:15:00,1.3156,1.3168,1.3156,1.3158,12838.167531
2026-04-03 11:20:00,1.3164,1.3175,1.3164,1.3167,15026.32281
2026-04-03 11:25:00,1.3164,1.3174,1.3164,1.3167,12417.203811
2026-04-03 11:30:00,1.3168,1.3188,1.3165,1.3181,56343.201443
2026-04-03 11:35:00,1.318,1.3191,1.318,1.3189,19615.372492
2026-04-03 11:40:00,1.3189,1.3236,1.3189,1.3231,257439.867004
2026-04-03 11:45:00,1.3232,1.3233,1.3207,1.3212,67660.728237
2026-04-03 11:50:00,1.3213,1.3232,1.3213,1.3229,119051.401366
2026-04-03 11:55:00,1.3229,1.3246,1.3198,1.3203,677689.220381
2026-04-03 12:00:00,1.3204,1.3207,1.3197,1.32,23290.188738
2026-04-03 12:05:00,1.3202,1.3207,1.3198,1.3198,18133.86613
2026-04-03 12:10:00,1.3197,1.3253,1.3184,1.3245,449258.523776
2026-04-03 12:15:00,1.3244,1.3244,1.3216,1.3225,24711.035407
2026-04-03 12:20:00,1.3226,1.3233,1.3221,1.3228,27689.877945
2026-04-03 12:25:00,1.323,1.3278,1.323,1.3265,71834.015034
2026-04-03 12:30:00,1.3265,1.3356,1.3233,1.3254,693958.589354
2026-04-03 12:35:00,1.3253,1.3263,1.3231,1.3239,65554.552594
2026-04-03 12:40:00,1.3239,1.3247,1.3224,1.3239,80906.583872
2026-04-03 12:45:00,1.3237,1.3255,1.3213,1.3213,51275.076772
2026-04-03 12:50:00,1.3215,1.3217,1.3191,1.32,118841.771482
2026-04-03 12:55:00,1.3199,1.322,1.3197,1.32,49737.09546
2026-04-03 13:00:00,1.32,1.3206,1.3188,1.3188,50434.714954
2026-04-03 13:05:00,1.319,1.3198,1.317,1.3175,45665.920671
2026-04-03 13:10:00,1.3177,1.3184,1.3167,1.3181,39549.118263
2026-04-03 13:15:00,1.3181,1.3181,1.3171,1.3176,93114.174073
2026-04-03 13:20:00,1.3177,1.3199,1.3177,1.3191,49572.264747
2026-04-03 13:25:00,1.3188,1.3194,1.3186,1.3191,16924.31668
2026-04-03 13:30:00,1.3189,1.3191,1.3174,1.3183,51779.062402
2026-04-03 13:35:00,1.3182,1.3184,1.3169,1.3172,36532.187922
2026-04-03 13:40:00,1.3171,1.3184,1.3169,1.3177,7233.267684
2026-04-03 13:45:00,1.3176,1.3177,1.315,1.315,15696.252878
2026-04-03 13:50:00,1.315,1.3183,1.3147,1.3181,34105.490668
2026-04-03 13:55:00,1.3181,1.3185,1.3177,1.3177,20391.753187
2026-04-03 14:00:00,1.3177,1.318,1.3151,1.3169,26334.924127
2026-04-03 14:05:00,1.3169,1.3187,1.3169,1.3177,14656.009607
2026-04-03 14:10:00,1.3175,1.3177,1.3165,1.3173,26644.568576
2026-04-03 14:15:00,1.3172,1.3177,1.3163,1.3177,24697.821465
2026-04-03 14:20:00,1.3177,1.3197,1.3176,1.319,20996.465141
2026-04-03 14:25:00,1.3192,1.3211,1.3192,1.3199,47541.892539
2026-04-03 14:30:00,1.32,1.3203,1.3184,1.3184,16734.046211
2026-04-03 14:35:00,1.3184,1.3187,1.3162,1.3169,22559.972319
2026-04-03 14:40:00,1.3169,1.3169,1.3161,1.3162,20416.772794
2026-04-03 14:45:00,1.3163,1.3176,1.3162,1.3176,18851.861422
2026-04-03 14:50:00,1.318,1.3204,1.3177,1.3201,41460.622369
2026-04-03 14:55:00,1.32,1.3206,1.3192,1.3192,39438.09971
2026-04-03 15:00:00,1.3191,1.322,1.3189,1.322,18066.874632
2026-04-03 15:05:00,1.3218,1.3232,1.3216,1.3231,26313.805091
2026-04-03 15:10:00,1.3231,1.3234,1.322,1.3224,26309.227931
2026-04-03 15:15:00,1.3224,1.3226,1.3213,1.3214,14709.919182
2026-04-03 15:20:00,1.3213,1.3214,1.3197,1.3202,15879.239681
2026-04-03 15:25:00,1.3204,1.3216,1.3204,1.3207,25146.152351
2026-04-03 15:30:00,1.3206,1.3216,1.3199,1.3206,22639.808972
2026-04-03 15:35:00,1.3205,1.3205,1.319,1.3199,17746.176591
2026-04-03 15:40:00,1.3201,1.3201,1.3184,1.3189,19304.098762
2026-04-03 15:45:00,1.3187,1.3195,1.3184,1.3184,23075.376986
2026-04-03 15:50:00,1.3185,1.3197,1.3185,1.319,17719.725203
2026-04-03 15:55:00,1.319,1.3196,1.3187,1.3187,19628.765385
2026-04-03 16:00:00,1.3188,1.3203,1.3185,1.3198,15295.820017
2026-04-03 16:05:00,1.3199,1.3206,1.3197,1.3204,30044.229162
2026-04-03 16:10:00,1.3204,1.3207,1.3199,1.3202,270691.651854
2026-04-03 16:15:00,1.3202,1.3217,1.3197,1.3217,325447.182846
2026-04-03 16:20:00,1.3218,1.3219,1.3204,1.3213,202968.689551
2026-04-03 16:25:00,1.3214,1.3241,1.3213,1.3232,437058.127884
2026-04-03 16:30:00,1.3231,1.3233,1.3217,1.3217,303504.257393
2026-04-03 16:35:00,1.3218,1.3233,1.3211,1.3217,282505.642323
2026-04-03 16:40:00,1.3216,1.3224,1.3211,1.3224,63921.486509
2026-04-03 16:45:00,1.3224,1.3252,1.3219,1.3243,112065.600989
2026-04-03 16:50:00,1.3243,1.3254,1.3241,1.3253,237313.465384
2026-04-03 16:55:00,1.3251,1.3251,1.3242,1.3246,131339.183798
2026-04-03 17:00:00,1.3245,1.3245,1.3227,1.3233,79396.265404
2026-04-03 17:05:00,1.3234,1.3247,1.3231,1.3246,28556.834899
2026-04-03 17:10:00,1.3247,1.3252,1.3229,1.3229,60933.570285
2026-04-03 17:15:00,1.3228,1.323,1.3196,1.3213,96731.142115
2026-04-03 17:20:00,1.3214,1.3234,1.3213,1.3234,28443.91756
2026-04-03 17:25:00,1.3234,1.3234,1.3221,1.3221,20359.18306
2026-04-03 17:30:00,1.3221,1.3229,1.3215,1.3215,27597.762881
2026-04-03 17:35:00,1.3214,1.3216,1.3203,1.3206,20706.262303
2026-04-03 17:40:00,1.3207,1.3211,1.3201,1.3204,29822.692086
2026-04-03 17:45:00,1.3205,1.3207,1.3191,1.3196,17373.100517
2026-04-03 17:50:00,1.3195,1.3204,1.3191,1.3204,12190.499472
2026-04-03 17:55:00,1.3205,1.3218,1.3204,1.3211,14089.877028
2026-04-03 18:00:00,1.3211,1.3213,1.3205,1.3213,10868.188397
2026-04-03 18:05:00,1.3212,1.3214,1.3208,1.3209,9238.456114
2026-04-03 18:10:00,1.3209,1.321,1.3195,1.321,23524.994334
2026-04-03 18:15:00,1.3208,1.3226,1.3204,1.3221,131682.75014
2026-04-03 18:20:00,1.3222,1.3224,1.3213,1.3221,40416.666313
2026-04-03 18:25:00,1.3218,1.3218,1.3202,1.3202,31362.706133
2026-04-03 18:30:00,1.3202,1.3212,1.3199,1.3211,3213.910664
2026-04-03 18:35:00,1.321,1.3211,1.3197,1.3198,9505.651806
2026-04-03 18:40:00,1.3197,1.3201,1.3191,1.3191,45356.560244
2026-04-03 18:45:00,1.3191,1.3194,1.3189,1.3189,38547.773971
2026-04-03 18:50:00,1.3188,1.3194,1.3185,1.3186,31140.62603
2026-04-03 18:55:00,1.3186,1.3186,1.3176,1.3179,11860.087797
2026-04-03 19:00:00,1.3182,1.3185,1.3168,1.3168,35810.161574
2026-04-03 19:05:00,1.3167,1.3167,1.3147,1.3149,27444.944767
2026-04-03 19:10:00,1.3146,1.3147,1.3134,1.3138,37399.765472
2026-04-03 19:15:00,1.3137,1.3149,1.3136,1.3144,6399.060413
2026-04-03 19:20:00,1.3145,1.3163,1.3145,1.3155,35244.684412
2026-04-03 19:25:00,1.315,1.3153,1.3146,1.3146,19496.999805
2026-04-03 19:30:00,1.3147,1.316,1.3145,1.3157,40088.858004
2026-04-03 19:35:00,1.3156,1.3158,1.3151,1.3158,17787.059004
2026-04-03 19:40:00,1.3159,1.3166,1.3158,1.3165,30851.573806
2026-04-03 19:45:00,1.3166,1.3183,1.3166,1.3181,10425.922445
2026-04-03 19:50:00,1.3182,1.3186,1.3181,1.3184,44813.92902
2026-04-03 19:55:00,1.3182,1.3183,1.3174,1.3178,18031.001411
2026-04-03 20:00:00,1.3176,1.3186,1.3174,1.3181,29238.301171
2026-04-03 20:05:00,1.3182,1.3187,1.3182,1.3184,7389.626757
2026-04-03 20:10:00,1.3186,1.3191,1.3185,1.3191,10089.080553
2026-04-03 20:15:00,1.319,1.3192,1.318,1.3185,13734.06746
2026-04-03 20:20:00,1.3186,1.3187,1.3177,1.3177,8491.262972
2026-04-03 20:25:00,1.3174,1.3176,1.3168,1.3168,15352.618798
2026-04-03 20:30:00,1.3169,1.3178,1.3169,1.3175,21991.197561
2026-04-03 20:35:00,1.3174,1.3175,1.3168,1.3175,13636.635425
2026-04-03 20:40:00,1.3176,1.3183,1.3174,1.3176,14327.15062
2026-04-03 20:45:00,1.3174,1.3181,1.3173,1.3175,15777.914409
2026-04-03 20:50:00,1.3174,1.3174,1.3168,1.317,23270.70485
2026-04-03 20:55:00,1.3171,1.3171,1.3164,1.3165,8399.122415
2026-04-03 21:00:00,1.3165,1.3169,1.3156,1.3156,14080.639758
2026-04-03 21:05:00,1.3154,1.3157,1.3152,1.3156,14075.167645
2026-04-03 21:10:00,1.3156,1.3197,1.3156,1.3184,29217.65885
2026-04-03 21:15:00,1.3184,1.3189,1.3173,1.3177,12658.671582
2026-04-03 21:20:00,1.3174,1.3179,1.3174,1.3174,10322.025719
2026-04-03 21:25:00,1.3173,1.3179,1.3171,1.3172,17679.877678
2026-04-03 21:30:00,1.317,1.3174,1.3164,1.3173,24777.865295
2026-04-03 21:35:00,1.3175,1.3179,1.3151,1.3156,48006.330825
2026-04-03 21:40:00,1.3156,1.3158,1.3147,1.3148,50569.254832
2026-04-03 21:45:00,1.315,1.3176,1.3133,1.3174,142474.712491
2026-04-03 21:50:00,1.3176,1.318,1.3166,1.3173,35184.497096
2026-04-03 21:55:00,1.3173,1.3185,1.3173,1.3182,18231.971082
2026-04-03 22:00:00,1.3182,1.3185,1.3167,1.3176,21023.633277
2026-04-03 22:05:00,1.3175,1.3175,1.3158,1.3158,16148.059579
2026-04-03 22:10:00,1.3159,1.3167,1.3158,1.3166,11253.316477
2026-04-03 22:15:00,1.3165,1.3179,1.3163,1.3179,11680.769661
2026-04-03 22:20:00,1.3179,1.319,1.3175,1.3188,11052.476488
2026-04-03 22:25:00,1.319,1.3194,1.3185,1.3191,15672.215622
2026-04-03 22:30:00,1.3194,1.3205,1.3192,1.3202,10348.182361
2026-04-03 22:35:00,1.3202,1.3211,1.3199,1.321,38365.46282
2026-04-03 22:40:00,1.3209,1.3217,1.3204,1.3217,42294.765151
2026-04-03 22:45:00,1.3216,1.3228,1.3162,1.3182,656235.319574
2026-04-03 22:50:00,1.3182,1.3182,1.3169,1.3173,18431.310362
2026-04-03 22:55:00,1.3173,1.3174,1.3168,1.3168,5620.53462
2026-04-03 23:00:00,1.3167,1.3167,1.3154,1.3154,8028.970656
2026-04-03 23:05:00,1.3156,1.3159,1.3153,1.3153,10634.967675
2026-04-03 23:10:00,1.3153,1.3156,1.3147,1.3152,12329.54628
2026-04-03 23:15:00,1.3152,1.3152,1.3144,1.3147,28688.239665
2026-04-03 23:20:00,1.3148,1.3149,1.3139,1.3141,34164.377158
2026-04-03 23:25:00,1.3141,1.3146,1.3135,1.3135,32296.996886
2026-04-03 23:30:00,1.3135,1.3178,1.3125,1.3161,525264.036055
2026-04-03 23:35:00,1.3161,1.3161,1.3154,1.3158,22009.379042
2026-04-03 23:40:00,1.316,1.3165,1.3157,1.3165,15856.103725
2026-04-03 23:45:00,1.3166,1.3189,1.3166,1.3183,29619.910027
2026-04-03 23:50:00,1.3182,1.3184,1.3177,1.3178,18188.265543
2026-04-03 23:55:00,1.3178,1.3187,1.3178,1.3182,23206.10511
2026-04-04 00:00:00,1.3182,1.3182,1.3168,1.317,54854.882132
2026-04-04 00:05:00,1.317,1.3172,1.3168,1.3171,16216.24246
2026-04-04 00:10:00,1.3171,1.3175,1.3164,1.3172,15690.204953
2026-04-04 00:15:00,1.317,1.3171,1.3166,1.3166,20159.81467
2026-04-04 00:20:00,1.3166,1.3182,1.3164,1.318,9715.928033
2026-04-04 00:25:00,1.3178,1.3187,1.3177,1.3178,29755.828627
2026-04-04 00:30:00,1.3178,1.3189,1.3178,1.3186,12908.807668
2026-04-04 00:35:00,1.3186,1.3192,1.3183,1.3192,17357.000073
2026-04-04 00:40:00,1.3192,1.3192,1.3176,1.3178,15029.69916
2026-04-04 00:45:00,1.3177,1.3181,1.3168,1.3169,23776.335062
2026-04-04 00:50:00,1.3172,1.3172,1.3166,1.3167,12971.516119
2026-04-04 00:55:00,1.3167,1.3172,1.316,1.3162,17298.016477
2026-04-04 01:00:00,1.3162,1.3164,1.3153,1.3164,25875.852543
2026-04-04 01:05:00,1.3166,1.3175,1.3165,1.3169,6897.077088
2026-04-04 01:10:00,1.3172,1.3172,1.3161,1.3161,20070.548412
2026-04-04 01:15:00,1.3161,1.3164,1.3156,1.3164,26230.6415
2026-04-04 01:20:00,1.3164,1.3165,1.3159,1.3163,10986.674495
2026-04-04 01:25:00,1.3163,1.3164,1.3156,1.3156,6271.230172
2026-04-04 01:30:00,1.3155,1.3161,1.3154,1.3161,10699.377525
2026-04-04 01:35:00,1.3163,1.3171,1.3163,1.3169,10193.463681
2026-04-04 01:40:00,1.3172,1.3172,1.3152,1.3154,18675.093869
2026-04-04 01:45:00,1.3155,1.3156,1.3145,1.3148,24354.077875
2026-04-04 01:50:00,1.3149,1.3154,1.3147,1.3147,8375.517789
2026-04-04 01:55:00,1.3147,1.3152,1.3147,1.3149,5086.374872
2026-04-04 02:00:00,1.3149,1.3149,1.3134,1.3148,21214.422259
2026-04-04 02:05:00,1.315,1.3151,1.3139,1.3139,6221.212761
2026-04-04 02:10:00,1.3139,1.3143,1.3134,1.3142,8300.229895
2026-04-04 02:15:00,1.3138,1.3146,1.3137,1.3141,6876.469449
2026-04-04 02:20:00,1.314,1.3144,1.3136,1.3136,16375.912419
2026-04-04 02:25:00,1.3136,1.3144,1.3135,1.3141,10890.796369
2026-04-04 02:30:00,1.3144,1.315,1.3142,1.315,1035.961592
2026-04-04 02:35:00,1.315,1.3152,1.3145,1.3145,3325.821146
2026-04-04 02:40:00,1.3144,1.3147,1.3142,1.3142,45060.017391
2026-04-04 02:45:00,1.3143,1.3144,1.3135,1.3137,9957.277589
2026-04-04 02:50:00,1.3137,1.3143,1.3137,1.3142,11518.056363
2026-04-04 02:55:00,1.314,1.3147,1.314,1.3147,7237.877711
2026-04-04 03:00:00,1.3149,1.3156,1.3147,1.3148,4323.487215
2026-04-04 03:05:00,1.3149,1.3155,1.3149,1.3152,1381.024374
2026-04-04 03:10:00,1.3152,1.316,1.3152,1.3159,15721.137271
2026-04-04 03:15:00,1.3158,1.3159,1.3147,1.3149,51656.443595
2026-04-04 03:20:00,1.3149,1.3156,1.3148,1.3156,10406.929565
2026-04-04 03:25:00,1.3156,1.3156,1.3149,1.3152,4643.588055
2026-04-04 03:30:00,1.3151,1.3158,1.3149,1.3158,6189.78443
2026-04-04 03:35:00,1.3157,1.316,1.3154,1.3159,12856.625718
2026-04-04 03:40:00,1.316,1.3166,1.3159,1.3162,18352.053128
2026-04-04 03:45:00,1.3163,1.3168,1.3162,1.3167,14968.696727
2026-04-04 03:50:00,1.3169,1.317,1.3161,1.3167,4610.492429
2026-04-04 03:55:00,1.3165,1.3165,1.3145,1.3158,62042.644119
2026-04-04 04:00:00,1.3158,1.3161,1.3155,1.3161,18763.093901
2026-04-04 04:05:00,1.316,1.3173,1.316,1.3173,14047.961378
2026-04-04 04:10:00,1.3174,1.3174,1.3164,1.3164,14269.088725
2026-04-04 04:15:00,1.3166,1.3172,1.3165,1.3167,6142.769787
2026-04-04 04:20:00,1.3167,1.3171,1.3164,1.3166,31274.412078
2026-04-04 04:25:00,1.317,1.3177,1.3169,1.3176,5587.616945
2026-04-04 04:30:00,1.3175,1.3177,1.317,1.3171,16172.892596
2026-04-04 04:35:00,1.317,1.3177,1.317,1.3177,980.424331
2026-04-04 04:40:00,1.3177,1.3184,1.3177,1.3179,16202.477184
2026-04-04 04:45:00,1.3178,1.3179,1.3168,1.3171,16024.954134
2026-04-04 04:50:00,1.317,1.3171,1.316,1.3167,21241.254072
2026-04-04 04:55:00,1.3167,1.3168,1.316,1.3163,11668.124717
2026-04-04 05:00:00,1.3163,1.3164,1.3154,1.3158,4715.428252
2026-04-04 05:05:00,1.3158,1.3166,1.3156,1.3166,10856.442185
2026-04-04 05:10:00,1.3166,1.3166,1.3156,1.3161,5781.648701
2026-04-04 05:15:00,1.3162,1.3162,1.3158,1.316,14479.036778
2026-04-04 05:20:00,1.316,1.3169,1.316,1.3166,18281.781824
2026-04-04 05:25:00,1.3165,1.3165,1.3153,1.3164,15831.568855
2026-04-04 05:30:00,1.3166,1.3185,1.3166,1.318,30502.37204
2026-04-04 05:35:00,1.3179,1.3183,1.3169,1.3172,32664.436381
2026-04-04 05:40:00,1.317,1.3172,1.3165,1.3167,7889.230754
2026-04-04 05:45:00,1.3168,1.3177,1.3164,1.3171,33870.094322
2026-04-04 05:50:00,1.3169,1.3181,1.3169,1.3172,33828.304498
2026-04-04 05:55:00,1.3172,1.3179,1.317,1.317,10922.458429
2026-04-04 06:00:00,1.3171,1.3173,1.3165,1.3165,5561.161146
2026-04-04 06:05:00,1.3164,1.3172,1.3164,1.3166,6895.241378
2026-04-04 06:10:00,1.3169,1.3178,1.3169,1.3178,9882.884905
2026-04-04 06:15:00,1.3179,1.3185,1.3178,1.3185,6975.891936
2026-04-04 06:20:00,1.3186,1.3187,1.3179,1.3179,8254.352762
2026-04-04 06:25:00,1.318,1.3185,1.3178,1.3184,7390.670659
2026-04-04 06:30:00,1.3185,1.3196,1.3182,1.3188,15102.730893
2026-04-04 06:35:00,1.3186,1.3187,1.3177,1.3177,10257.254852
2026-04-04 06:40:00,1.3178,1.3194,1.3178,1.3187,66383.995832
2026-04-04 06:45:00,1.3188,1.3196,1.3188,1.3196,33924.892742
2026-04-04 06:50:00,1.3196,1.3206,1.3191,1.3205,18839.053527
2026-04-04 06:55:00,1.3206,1.3206,1.3196,1.3198,12393.747475
2026-04-04 07:00:00,1.3199,1.3201,1.3189,1.3194,24387.009077
2026-04-04 07:05:00,1.3194,1.32,1.3189,1.3194,36460.502899
2026-04-04 07:10:00,1.3193,1.3194,1.3184,1.3193,44903.235347
2026-04-04 07:15:00,1.3191,1.3192,1.3176,1.3176,9861.170781
2026-04-04 07:20:00,1.3175,1.3175,1.3171,1.3172,4275.006174
2026-04-04 07:25:00,1.3173,1.3177,1.3169,1.317,8676.528023
2026-04-04 07:30:00,1.3168,1.317,1.3166,1.3169,9389.172986
2026-04-04 07:35:00,1.3169,1.317,1.3165,1.3167,25729.05786
2026-04-04 07:40:00,1.3166,1.3169,1.3162,1.3162,24891.201472
2026-04-04 07:45:00,1.3161,1.3161,1.3152,1.3158,18617.253443
2026-04-04 07:50:00,1.3159,1.3163,1.3158,1.316,5485.474078
2026-04-04 07:55:00,1.3159,1.3163,1.3158,1.316,1506.398741
2026-04-04 08:00:00,1.3161,1.3161,1.3153,1.3154,19926.680798
2026-04-04 08:05:00,1.3154,1.3162,1.3148,1.3148,26704.038207
2026-04-04 08:10:00,1.3147,1.3152,1.3146,1.3152,8156.074461
2026-04-04 08:15:00,1.3152,1.3159,1.3151,1.3158,4914.123008
2026-04-04 08:20:00,1.3159,1.3164,1.3157,1.3158,8976.558861
2026-04-04 08:25:00,1.3159,1.3165,1.3159,1.3162,6087.517854
2026-04-04 08:30:00,1.316,1.3164,1.315,1.315,3360.116118
2026-04-04 08:35:00,1.315,1.3154,1.315,1.3151,4753.135079
2026-04-04 08:40:00,1.315,1.315,1.3142,1.3147,10263.214474
2026-04-04 08:45:00,1.3147,1.315,1.3144,1.3147,6559.07774
2026-04-04 08:50:00,1.3145,1.3147,1.3137,1.3137,39523.737676
2026-04-04 08:55:00,1.3138,1.3142,1.3137,1.3139,31312.349026
2026-04-04 09:00:00,1.314,1.314,1.3133,1.3134,12812.63483
2026-04-04 09:05:00,1.3133,1.3138,1.3133,1.3137,10755.763158
2026-04-04 09:10:00,1.3137,1.3143,1.3137,1.314,10542.153607
2026-04-04 09:15:00,1.314,1.314,1.3133,1.3138,28232.40503
2026-04-04 09:20:00,1.3136,1.3138,1.3135,1.3137,14617.029235
2026-04-04 09:25:00,1.3138,1.3139,1.3132,1.3134,11297.06067
2026-04-04 09:30:00,1.3134,1.3141,1.3134,1.3137,14361.223215
2026-04-04 09:35:00,1.3138,1.314,1.3137,1.3137,14559.025176
2026-04-04 09:40:00,1.3136,1.3137,1.3127,1.3128,17898.361177
2026-04-04 09:45:00,1.3128,1.3138,1.3127,1.3134,47080.845066
2026-04-04 09:50:00,1.3133,1.3133,1.3126,1.3127,31086.50298
2026-04-04 09:55:00,1.3126,1.3129,1.3125,1.3126,20586.571778
2026-04-04 10:00:00,1.3126,1.3128,1.3115,1.3125,53150.38432
2026-04-04 10:05:00,1.3124,1.3127,1.3118,1.3124,34588.968525
2026-04-04 10:10:00,1.3123,1.3123,1.3112,1.3112,35918.6557
2026-04-04 10:15:00,1.3112,1.3113,1.3103,1.3104,44800.917676
2026-04-04 10:20:00,1.3103,1.3104,1.3091,1.3091,129068.576772
2026-04-04 10:25:00,1.3091,1.3092,1.3078,1.3078,217119.162065
2026-04-04 10:30:00,1.3077,1.3116,1.3066,1.3105,562358.486776
2026-04-04 10:35:00,1.3105,1.3121,1.3099,1.3111,98279.354001
2026-04-04 10:40:00,1.3109,1.3129,1.3109,1.3116,70553.255577
2026-04-04 10:45:00,1.3117,1.3136,1.3116,1.3129,34430.862777
2026-04-04 10:50:00,1.3131,1.3133,1.3125,1.3132,30338.316733
2026-04-04 10:55:00,1.3129,1.3146,1.3128,1.3141,28423.523573
2026-04-04 11:00:00,1.3142,1.3152,1.3142,1.3148,53426.773573
2026-04-04 11:05:00,1.3148,1.3156,1.3139,1.3155,36026.294499
2026-04-04 11:10:00,1.3153,1.3159,1.3147,1.3158,40065.314611
2026-04-04 11:15:00,1.3158,1.3167,1.315,1.3157,61353.170349
2026-04-04 11:20:00,1.316,1.316,1.3148,1.3153,45132.561247
2026-04-04 11:25:00,1.3153,1.3159,1.3122,1.3124,614034.23922
2026-04-04 11:30:00,1.3121,1.3134,1.3121,1.3122,45757.470153
2026-04-04 11:35:00,1.3122,1.3122,1.3111,1.3112,39684.06434
2026-04-04 11:40:00,1.3112,1.3118,1.3109,1.3113,26109.815948
2026-04-04 11:45:00,1.3113,1.3118,1.3113,1.3115,39379.931073
2026-04-04 11:50:00,1.3116,1.3118,1.3114,1.3116,7648.310989
2026-04-04 11:55:00,1.3117,1.3119,1.3109,1.3119,28467.540332
2026-04-04 12:00:00,1.3119,1.3119,1.3113,1.3114,21344.328104
2026-04-04 12:05:00,1.3114,1.3114,1.3101,1.3102,53408.715415
2026-04-04 12:10:00,1.3104,1.3106,1.3102,1.3103,25027.417302
2026-04-04 12:15:00,1.3104,1.3108,1.3101,1.3108,19040.649459
2026-04-04 12:20:00,1.3109,1.3113,1.3107,1.3109,8660.372971
2026-04-04 12:25:00,1.3109,1.3109,1.3103,1.3105,21107.434835
2026-04-04 12:30:00,1.3105,1.3115,1.3104,1.3114,29858.797693
2026-04-04 12:35:00,1.3111,1.3111,1.3106,1.3107,6644.97985
2026-04-04 12:40:00,1.3106,1.3106,1.309,1.3092,64414.414253
2026-04-04 12:45:00,1.3091,1.3102,1.3091,1.3095,20163.164909
2026-04-04 12:50:00,1.3094,1.3109,1.3094,1.3106,17899.000869
2026-04-04 12:55:00,1.3106,1.311,1.3104,1.3104,6762.1579
2026-04-04 13:00:00,1.3105,1.3105,1.3093,1.3102,42736.664132
2026-04-04 13:05:00,1.3101,1.3104,1.3091,1.3092,32870.521131
2026-04-04 13:10:00,1.3092,1.31,1.3091,1.31,12624.764332
2026-04-04 13:15:00,1.31,1.3104,1.3097,1.3103,33216.294309
2026-04-04 13:20:00,1.3105,1.3109,1.3092,1.3094,19762.690055
2026-04-04 13:25:00,1.3095,1.3096,1.309,1.3092,14587.667802
2026-04-04 13:30:00,1.3091,1.3092,1.3084,1.3086,64964.549404
2026-04-04 13:35:00,1.3085,1.3122,1.3085,1.3107,86710.744676
2026-04-04 13:40:00,1.3109,1.3113,1.3107,1.3112,10782.280664
2026-04-04 13:45:00,1.3112,1.3113,1.3099,1.31,39600.125853
2026-04-04 13:50:00,1.31,1.3103,1.3087,1.3088,35626.665325
2026-04-04 13:55:00,1.3089,1.3107,1.3089,1.3095,51583.484475
2026-04-04 14:00:00,1.3094,1.3102,1.3093,1.3097,5515.365138
2026-04-04 14:05:00,1.3097,1.3104,1.3097,1.3102,15363.603387
2026-04-04 14:10:00,1.3102,1.3103,1.3093,1.3097,39850.386665
2026-04-04 14:15:00,1.3098,1.3102,1.3097,1.3102,5730.504309
2026-04-04 14:20:00,1.3103,1.3109,1.31,1.31,29225.420069
2026-04-04 14:25:00,1.31,1.3103,1.31,1.3102,6034.796923
2026-04-04 14:30:00,1.3098,1.3098,1.3086,1.3093,14084.608575
2026-04-04 14:35:00,1.3093,1.3103,1.3078,1.3082,87458.400946
2026-04-04 14:40:00,1.3083,1.3098,1.3066,1.3097,62148.372255
2026-04-04 14:45:00,1.3097,1.3121,1.3097,1.3116,19350.805086
2026-04-04 14:50:00,1.3115,1.3116,1.3111,1.3112,14594.916426
2026-04-04 14:55:00,1.3108,1.3127,1.3108,1.3125,27000.624763
2026-04-04 15:00:00,1.3126,1.3135,1.3115,1.3135,95475.501875
2026-04-04 15:05:00,1.3135,1.3149,1.3128,1.314,69797.14428
2026-04-04 15:10:00,1.3144,1.3168,1.3134,1.3147,104322.119599
2026-04-04 15:15:00,1.3148,1.3155,1.3141,1.3148,30900.825941
2026-04-04 15:20:00,1.3147,1.3158,1.3139,1.314,41095.27258
2026-04-04 15:25:00,1.314,1.314,1.3122,1.3132,28325.598984
2026-04-04 15:30:00,1.3131,1.314,1.3127,1.314,13111.914945
2026-04-04 15:35:00,1.3145,1.3145,1.3139,1.3141,10198.362296
2026-04-04 15:40:00,1.3141,1.3141,1.3126,1.3127,42124.019042
2026-04-04 15:45:00,1.3126,1.3128,1.312,1.3128,10812.226975
2026-04-04 15:50:00,1.3128,1.313,1.3123,1.3123,20591.790167
2026-04-04 15:55:00,1.3126,1.3126,1.3123,1.3126,4784.974435
2026-04-04 16:00:00,1.3128,1.3138,1.3127,1.3127,23067.795291
2026-04-04 16:05:00,1.313,1.313,1.3119,1.3124,21343.508463
2026-04-04 16:10:00,1.3123,1.3123,1.3108,1.3109,16010.129334
2026-04-04 16:15:00,1.311,1.3118,1.3107,1.3117,57398.766718
2026-04-04 16:20:00,1.3116,1.3129,1.311,1.3127,16072.226503
2026-04-04 16:25:00,1.3136,1.3149,1.3131,1.3144,38857.263952
2026-04-04 16:30:00,1.3147,1.3147,1.3134,1.3142,39704.663501
2026-04-04 16:35:00,1.3142,1.3152,1.3142,1.3151,18981.370948
2026-04-04 16:40:00,1.3151,1.3155,1.3148,1.3152,45448.801572
2026-04-04 16:45:00,1.3154,1.3156,1.3141,1.3142,33754.240717
2026-04-04 16:50:00,1.3142,1.3159,1.3137,1.3137,21719.931704
2026-04-04 16:55:00,1.3136,1.3139,1.312,1.3124,42762.037707
2026-04-04 17:00:00,1.3123,1.3131,1.3117,1.3131,36728.629503
2026-04-04 17:05:00,1.3132,1.3133,1.3124,1.3128,21506.452792
2026-04-04 17:10:00,1.3129,1.314,1.3129,1.3138,15276.720155
2026-04-04 17:15:00,1.3139,1.3146,1.3136,1.3145,5196.061325
2026-04-04 17:20:00,1.3142,1.315,1.314,1.3148,9396.048437
2026-04-04 17:25:00,1.3149,1.3162,1.3149,1.3158,21666.411438
2026-04-04 17:30:00,1.3157,1.316,1.3154,1.3159,6906.678605
2026-04-04 17:35:00,1.3158,1.316,1.3151,1.3153,16108.168798
2026-04-04 17:40:00,1.3152,1.3155,1.315,1.315,11665.464268
2026-04-04 17:45:00,1.3149,1.315,1.3145,1.3146,8919.415324
2026-04-04 17:50:00,1.3145,1.3151,1.3143,1.3148,17670.784546
2026-04-04 17:55:00,1.3146,1.3149,1.3146,1.3147,13213.453786
2026-04-04 18:00:00,1.3146,1.3153,1.3144,1.3145,16210.281127
2026-04-04 18:05:00,1.3151,1.3153,1.3138,1.3144,16062.000559
2026-04-04 18:10:00,1.3144,1.3148,1.3142,1.3147,8339.412151
2026-04-04 18:15:00,1.3144,1.3154,1.3144,1.3149,13234.423721
2026-04-04 18:20:00,1.3149,1.3155,1.3145,1.3155,36347.125147
2026-04-04 18:25:00,1.3154,1.316,1.3154,1.3156,9409.241762
2026-04-04 18:30:00,1.3156,1.3156,1.3139,1.3142,9842.034178
2026-04-04 18:35:00,1.3143,1.3148,1.3143,1.3148,7804.706486
2026-04-04 18:40:00,1.3149,1.3149,1.3142,1.3142,18565.164989
2026-04-04 18:45:00,1.3144,1.3144,1.3138,1.3141,10390.953371
2026-04-04 18:50:00,1.3139,1.3145,1.3137,1.3145,2743.259332
2026-04-04 18:55:00,1.3146,1.3146,1.3134,1.3135,12847.75709
2026-04-04 19:00:00,1.3136,1.3156,1.3135,1.3156,12711.932672
2026-04-04 19:05:00,1.3158,1.3194,1.3147,1.3189,194422.867416
2026-04-04 19:10:00,1.3189,1.3216,1.3183,1.3216,78264.789287
2026-04-04 19:15:00,1.3217,1.3227,1.319,1.3196,39389.129592
2026-04-04 19:20:00,1.3197,1.3197,1.3176,1.3178,74034.748357
2026-04-04 19:25:00,1.3179,1.3185,1.3169,1.3173,36529.466392
2026-04-04 19:30:00,1.3174,1.3176,1.3168,1.3168,16885.250607
2026-04-04 19:35:00,1.3169,1.3179,1.3167,1.3176,13259.115363
2026-04-04 19:40:00,1.3174,1.3174,1.3159,1.3167,65862.505854
2026-04-04 19:45:00,1.3164,1.3174,1.3164,1.3174,16852.270339
2026-04-04 19:50:00,1.3173,1.3191,1.3173,1.319,42020.629822
2026-04-04 19:55:00,1.3188,1.3188,1.3177,1.3177,20266.26907
2026-04-04 20:00:00,1.3177,1.318,1.3155,1.3157,23052.315542
2026-04-04 20:05:00,1.3156,1.3165,1.3156,1.3165,7421.788496
2026-04-04 20:10:00,1.3165,1.3176,1.3163,1.3169,116869.923097
2026-04-04 20:15:00,1.317,1.3176,1.3166,1.3176,12286.476998
2026-04-04 20:20:00,1.3175,1.3175,1.317,1.3175,3032.062588
2026-04-04 20:25:00,1.3176,1.318,1.3176,1.318,9593.603882
2026-04-04 20:30:00,1.3179,1.3179,1.3175,1.3176,10275.974232
2026-04-04 20:35:00,1.3176,1.3183,1.3176,1.3178,15825.734258
2026-04-04 20:40:00,1.3179,1.3182,1.3176,1.3177,15294.929293
2026-04-04 20:45:00,1.3177,1.3177,1.3166,1.3166,47091.430863
2026-04-04 20:50:00,1.3169,1.317,1.3164,1.3166,23075.653053
2026-04-04 20:55:00,1.3165,1.3167,1.3163,1.3166,14209.645683
2026-04-04 21:00:00,1.3167,1.3175,1.3167,1.3169,15138.312033
2026-04-04 21:05:00,1.3166,1.3167,1.3163,1.3167,13899.261967
2026-04-04 21:10:00,1.3166,1.3167,1.3142,1.3152,76878.080209
2026-04-04 21:15:00,1.3152,1.316,1.3152,1.3159,8220.453848
2026-04-04 21:20:00,1.3162,1.3174,1.3162,1.3163,22793.342662
2026-04-04 21:25:00,1.3162,1.317,1.3159,1.3168,11965.024395
2026-04-04 21:30:00,1.3168,1.3169,1.3165,1.3168,5121.949424
2026-04-04 21:35:00,1.317,1.3173,1.3164,1.3173,14906.113355
2026-04-04 21:40:00,1.3172,1.3179,1.3162,1.3168,28608.966331
2026-04-04 21:45:00,1.3168,1.3183,1.3165,1.3181,17822.652775
2026-04-04 21:50:00,1.3183,1.3194,1.3176,1.3183,41518.336275
2026-04-04 21:55:00,1.3182,1.3192,1.3166,1.317,31564.506639
2026-04-04 22:00:00,1.3171,1.318,1.3165,1.3178,32722.465121
2026-04-04 22:05:00,1.318,1.3181,1.317,1.318,26065.703436
2026-04-04 22:10:00,1.3177,1.318,1.3166,1.3177,40178.2013
2026-04-04 22:15:00,1.3178,1.3184,1.3173,1.3183,10202.771052
2026-04-04 22:20:00,1.3182,1.3185,1.3168,1.3171,25259.808141
2026-04-04 22:25:00,1.3172,1.3178,1.317,1.3177,14989.381956
2026-04-04 22:30:00,1.3176,1.3177,1.3164,1.3167,14019.903098
2026-04-04 22:35:00,1.3167,1.3167,1.3163,1.3164,21221.723481
2026-04-04 22:40:00,1.3164,1.3184,1.3163,1.3184,26724.834309
2026-04-04 22:45:00,1.3183,1.3183,1.317,1.3174,11011.452357
2026-04-04 22:50:00,1.3175,1.3176,1.3172,1.3174,35595.111009
2026-04-04 22:55:00,1.3174,1.3174,1.3167,1.3169,22475.389599
2026-04-04 23:00:00,1.3168,1.3168,1.3151,1.3154,25289.482598
2026-04-04 23:05:00,1.3153,1.3154,1.3146,1.3154,27364.379192
2026-04-04 23:10:00,1.3156,1.3156,1.3148,1.3151,10918.631232
2026-04-04 23:15:00,1.3151,1.3154,1.3148,1.3153,37957.398708
2026-04-04 23:20:00,1.3153,1.3154,1.315,1.3151,19944.850754
2026-04-04 23:25:00,1.315,1.3154,1.3145,1.3145,34093.266433
2026-04-04 23:30:00,1.3144,1.3146,1.3142,1.3144,27354.327027
2026-04-04 23:35:00,1.3143,1.3145,1.3138,1.314,5696.2042
2026-04-04 23:40:00,1.3138,1.3147,1.3133,1.3147,15800.500147
2026-04-04 23:45:00,1.3149,1.3153,1.3139,1.3146,22078.399421
2026-04-04 23:50:00,1.3146,1.316,1.3146,1.3159,14858.563018
2026-04-04 23:55:00,1.3159,1.316,1.3153,1.3153,14572.390293
2026-04-05 00:00:00,1.3154,1.3154,1.3142,1.3142,9220.788941
2026-04-05 00:05:00,1.3146,1.3148,1.3144,1.3146,8609.929274
2026-04-05 00:10:00,1.3143,1.3145,1.314,1.314,37751.053974
2026-04-05 00:15:00,1.314,1.3146,1.3139,1.314,8120.037107
2026-04-05 00:20:00,1.3139,1.3143,1.3136,1.3141,13361.618787
2026-04-05 00:25:00,1.3141,1.3142,1.3132,1.314,34525.231745
2026-04-05 00:30:00,1.3143,1.3145,1.3136,1.3136,17858.158165
2026-04-05 00:35:00,1.3135,1.314,1.3134,1.314,12832.731031
2026-04-05 00:40:00,1.3141,1.3146,1.3139,1.3143,4136.481534
2026-04-05 00:45:00,1.3141,1.3142,1.3127,1.3134,13124.600437
2026-04-05 00:50:00,1.3134,1.3134,1.3118,1.3128,20108.541193
2026-04-05 00:55:00,1.3128,1.3128,1.3115,1.3124,37740.882741
2026-04-05 01:00:00,1.3127,1.3142,1.3119,1.312,51245.420085
2026-04-05 01:05:00,1.3121,1.3128,1.3117,1.3128,7427.39945
2026-04-05 01:10:00,1.3128,1.3141,1.3128,1.3136,4102.08118
2026-04-05 01:15:00,1.3132,1.3135,1.3132,1.3133,3439.381864
2026-04-05 01:20:00,1.3132,1.3137,1.3121,1.3125,17338.124852
2026-04-05 01:25:00,1.3125,1.3128,1.312,1.3124,13549.746963
2026-04-05 01:30:00,1.3124,1.3124,1.312,1.3123,5653.997739
2026-04-05 01:35:00,1.312,1.3121,1.3117,1.3118,14233.247017
2026-04-05 01:40:00,1.3116,1.3124,1.3116,1.3122,48846.145095
2026-04-05 01:45:00,1.3122,1.3123,1.3121,1.3123,5058.405324
2026-04-05 01:50:00,1.3126,1.3131,1.3126,1.3129,3684.356706
2026-04-05 01:55:00,1.313,1.3133,1.3128,1.313,8934.863462
2026-04-05 02:00:00,1.3128,1.3132,1.3106,1.3132,50981.825614
2026-04-05 02:05:00,1.3131,1.3132,1.3122,1.3127,8687.935204
2026-04-05 02:10:00,1.3126,1.3136,1.3126,1.3132,6246.84892
2026-04-05 02:15:00,1.3136,1.315,1.3135,1.3149,15151.009247
2026-04-05 02:20:00,1.315,1.3159,1.3145,1.3159,20485.556047
2026-04-05 02:25:00,1.3159,1.3174,1.3159,1.3173,25502.483095
2026-04-05 02:30:00,1.3171,1.3197,1.3158,1.3162,381429.656546
2026-04-05 02:35:00,1.3161,1.3166,1.3161,1.3166,37961.223633
2026-04-05 02:40:00,1.3162,1.3162,1.3155,1.316,41938.053267
2026-04-05 02:45:00,1.3159,1.3161,1.3152,1.316,18742.072933
2026-04-05 02:50:00,1.316,1.3167,1.316,1.3162,18142.130894
2026-04-05 02:55:00,1.3163,1.3168,1.3163,1.3168,5639.082125
2026-04-05 03:00:00,1.3167,1.3167,1.3159,1.316,11209.180999
2026-04-05 03:05:00,1.3161,1.3168,1.3161,1.3168,9897.106345
2026-04-05 03:10:00,1.3169,1.3172,1.3167,1.3171,11098.087789
2026-04-05 03:15:00,1.3171,1.3172,1.3159,1.3159,12258.93769
2026-04-05 03:20:00,1.3158,1.3158,1.315,1.3155,32079.952158
2026-04-05 03:25:00,1.3155,1.3155,1.3149,1.3149,13716.16609
2026-04-05 03:30:00,1.3149,1.3149,1.3141,1.3143,42826.804185
2026-04-05 03:35:00,1.3143,1.3145,1.3138,1.3138,17240.114537
2026-04-05 03:40:00,1.3139,1.3145,1.3138,1.3143,12393.651441
2026-04-05 03:45:00,1.3142,1.3143,1.3139,1.3142,23173.985627
2026-04-05 03:50:00,1.3141,1.3142,1.3136,1.3137,10093.931704
2026-04-05 03:55:00,1.3137,1.3138,1.3132,1.3132,8016.167692
2026-04-05 04:00:00,1.3133,1.3139,1.3121,1.3121,98024.872761
2026-04-05 04:05:00,1.312,1.3121,1.3109,1.3112,49846.490277
2026-04-05 04:10:00,1.3112,1.3116,1.3108,1.3109,22578.79508
2026-04-05 04:15:00,1.311,1.3113,1.3105,1.3113,32742.250976
2026-04-05 04:20:00,1.3112,1.3116,1.3109,1.3109,31716.744592
2026-04-05 04:25:00,1.3108,1.3151,1.3108,1.3148,550667.56753
2026-04-05 04:30:00,1.3147,1.3151,1.3139,1.3139,25345.89006
2026-04-05 04:35:00,1.3137,1.3137,1.313,1.3132,11500.427365
2026-04-05 04:40:00,1.3134,1.3134,1.3121,1.3121,15698.323376
2026-04-05 04:45:00,1.3121,1.3125,1.31,1.3103,78786.676005
2026-04-05 04:50:00,1.3103,1.3118,1.3096,1.3096,68243.329735
2026-04-05 04:55:00,1.3098,1.313,1.3094,1.3108,372637.608396
2026-04-05 05:00:00,1.3109,1.3122,1.3106,1.312,29255.912191
2026-04-05 05:05:00,1.312,1.312,1.3109,1.3112,12707.015315
2026-04-05 05:10:00,1.3112,1.3112,1.3075,1.3083,530716.921762
2026-04-05 05:15:00,1.3083,1.3086,1.3079,1.3079,35462.571061
2026-04-05 05:20:00,1.3078,1.3078,1.3059,1.3072,59467.293026
2026-04-05 05:25:00,1.3072,1.3074,1.3065,1.3065,19478.600746
2026-04-05 05:30:00,1.3065,1.3068,1.3054,1.3055,59429.488727
2026-04-05 05:35:00,1.3055,1.3058,1.3048,1.3058,17740.566331
2026-04-05 05:40:00,1.3058,1.3059,1.3042,1.3042,190698.430003
2026-04-05 05:45:00,1.3047,1.3053,1.3037,1.3038,136530.180173
2026-04-05 05:50:00,1.3038,1.3041,1.3005,1.302,154417.063193
2026-04-05 05:55:00,1.3019,1.3019,1.2999,1.3006,66823.860843
2026-04-05 06:00:00,1.3006,1.3029,1.2986,1.3028,741532.587814
2026-04-05 06:05:00,1.3026,1.3027,1.2988,1.2988,108570.982397
2026-04-05 06:10:00,1.2988,1.2999,1.2965,1.2976,185985.209119
2026-04-05 06:15:00,1.2975,1.2975,1.2955,1.2964,91639.558763
2026-04-05 06:20:00,1.2966,1.2984,1.2964,1.2982,80528.614146
2026-04-05 06:25:00,1.2981,1.2998,1.2981,1.2996,31248.42138
2026-04-05 06:30:00,1.2995,1.3017,1.2993,1.3008,97012.01127
2026-04-05 06:35:00,1.3007,1.302,1.3003,1.3014,26877.669488
2026-04-05 06:40:00,1.3012,1.3023,1.3009,1.3012,76008.59894
2026-04-05 06:45:00,1.3012,1.3021,1.301,1.3018,61543.523892
2026-04-05 06:50:00,1.3015,1.3028,1.3013,1.3023,110926.477753
2026-04-05 06:55:00,1.3022,1.3033,1.3015,1.3015,27291.088172
2026-04-05 07:00:00,1.3016,1.3037,1.299,1.2996,992878.850126
2026-04-05 07:05:00,1.2999,1.3008,1.2996,1.2998,18071.821857
2026-04-05 07:10:00,1.2997,1.3007,1.2994,1.3,56426.012891
2026-04-05 07:15:00,1.3001,1.3006,1.2968,1.2997,435757.979673
2026-04-05 07:20:00,1.2999,1.3003,1.2996,1.3,31293.403806
2026-04-05 07:25:00,1.3,1.3004,1.2997,1.3004,38049.137073
2026-04-05 07:30:00,1.3004,1.3004,1.2975,1.298,27260.917015
2026-04-05 07:35:00,1.298,1.2981,1.2972,1.2981,34273.208538
2026-04-05 07:40:00,1.298,1.2982,1.2977,1.2977,22472.037698
2026-04-05 07:45:00,1.2976,1.2988,1.297,1.297,75107.603405
2026-04-05 07:50:00,1.297,1.2973,1.2965,1.2973,15130.498867
2026-04-05 07:55:00,1.2975,1.2981,1.2974,1.2977,20236.883341
2026-04-05 08:00:00,1.2977,1.2979,1.2968,1.2973,70495.499336
2026-04-05 08:05:00,1.2973,1.2987,1.297,1.2984,31452.093266
2026-04-05 08:10:00,1.2984,1.2988,1.2974,1.2976,51422.317063
2026-04-05 08:15:00,1.2976,1.2989,1.2971,1.2978,110736.845695
2026-04-05 08:20:00,1.2979,1.2985,1.2979,1.2981,4837.792942
2026-04-05 08:25:00,1.298,1.298,1.2972,1.2973,30236.708524
2026-04-05 08:30:00,1.2975,1.2986,1.2974,1.2986,8292.715021
2026-04-05 08:35:00,1.2987,1.2988,1.2985,1.2985,6974.972336
2026-04-05 08:40:00,1.2987,1.2988,1.2974,1.2976,23133.445264
2026-04-05 08:45:00,1.2977,1.2984,1.2976,1.2982,21610.981224
2026-04-05 08:50:00,1.2983,1.2983,1.2974,1.2977,26266.699493
2026-04-05 08:55:00,1.2978,1.3,1.2978,1.2992,66657.252121
2026-04-05 09:00:00,1.2992,1.3003,1.299,1.3002,23325.812325
2026-04-05 09:05:00,1.3003,1.3006,1.2991,1.2996,37351.411858
2026-04-05 09:10:00,1.2997,1.2998,1.2992,1.2996,7984.758465
2026-04-05 09:15:00,1.2995,1.3004,1.2993,1.3004,24566.382019
2026-04-05 09:20:00,1.3002,1.301,1.3,1.301,18786.4477
2026-04-05 09:25:00,1.3011,1.3018,1.3011,1.3017,10165.056038
2026-04-05 09:30:00,1.3017,1.3017,1.3005,1.3009,38673.391452
2026-04-05 09:35:00,1.3009,1.301,1.3001,1.3004,40775.087433
2026-04-05 09:40:00,1.3004,1.3022,1.3004,1.301,155976.166394
2026-04-05 09:45:00,1.301,1.3015,1.3,1.3015,90145.555115
2026-04-05 09:50:00,1.3015,1.3015,1.3011,1.3012,22160.300587
2026-04-05 09:55:00,1.3013,1.3013,1.3003,1.3007,61084.206364
2026-04-05 10:00:00,1.3007,1.3007,1.3,1.3004,51437.805556
2026-04-05 10:05:00,1.3006,1.3006,1.3003,1.3003,10177.591872
2026-04-05 10:10:00,1.3001,1.3003,1.2995,1.2995,32702.829629
2026-04-05 10:15:00,1.2996,1.2999,1.2992,1.2995,25564.649489
2026-04-05 10:20:00,1.2995,1.2999,1.2995,1.2999,12816.338096
2026-04-05 10:25:00,1.2999,1.3002,1.2998,1.3002,7232.388238
2026-04-05 10:30:00,1.3004,1.3004,1.2998,1.3001,28633.878838
2026-04-05 10:35:00,1.3001,1.3039,1.3001,1.3026,113565.07985
2026-04-05 10:40:00,1.3027,1.3029,1.3016,1.3016,37810.692444
2026-04-05 10:45:00,1.3015,1.3015,1.2998,1.2998,26815.358041
2026-04-05 10:50:00,1.2997,1.3001,1.2981,1.2993,64472.887894
2026-04-05 10:55:00,1.2994,1.2996,1.2988,1.2988,22955.246557
2026-04-05 11:00:00,1.2988,1.2991,1.2976,1.2982,47042.772272
2026-04-05 11:05:00,1.2983,1.2987,1.2979,1.2982,16338.932236
2026-04-05 11:10:00,1.2982,1.2985,1.298,1.2984,49246.683426
2026-04-05 11:15:00,1.2984,1.2999,1.2984,1.2996,56762.02636
2026-04-05 11:20:00,1.2993,1.3001,1.2993,1.2999,12629.536686
2026-04-05 11:25:00,1.2998,1.2998,1.2989,1.2993,13226.689806
2026-04-05 11:30:00,1.2994,1.3004,1.2994,1.3003,29139.256077
2026-04-05 11:35:00,1.3002,1.3002,1.2994,1.2995,11149.003039
2026-04-05 11:40:00,1.2995,1.2999,1.2995,1.2998,10100.131912
2026-04-05 11:45:00,1.2998,1.3,1.2994,1.2998,29480.806202
2026-04-05 11:50:00,1.2999,1.3,1.2989,1.2991,7756.274918
2026-04-05 11:55:00,1.2991,1.2991,1.2984,1.2986,19371.098963
2026-04-05 12:00:00,1.2985,1.2985,1.2969,1.2969,61602.805052
2026-04-05 12:05:00,1.2969,1.2974,1.2968,1.2968,85293.6194
2026-04-05 12:10:00,1.2969,1.2969,1.2945,1.2949,92489.221923
2026-04-05 12:15:00,1.295,1.2956,1.2935,1.2936,50617.538348
2026-04-05 12:20:00,1.2937,1.294,1.2926,1.2929,55021.508262
2026-04-05 12:25:00,1.2929,1.2929,1.2909,1.2911,47916.698204
2026-04-05 12:30:00,1.2911,1.2921,1.2869,1.2875,213915.744662
2026-04-05 12:35:00,1.2875,1.2886,1.2842,1.2849,195460.165134
2026-04-05 12:40:00,1.2847,1.2848,1.2822,1.2837,272387.666297
2026-04-05 12:45:00,1.2836,1.2836,1.2788,1.2797,427859.135519
2026-04-05 12:50:00,1.2797,1.2821,1.2795,1.2817,110213.866482
2026-04-05 12:55:00,1.2817,1.2826,1.2817,1.2823,143483.479056
2026-04-05 13:00:00,1.2822,1.2852,1.282,1.2852,133797.031065
2026-04-05 13:05:00,1.2851,1.2854,1.2839,1.2841,97900.37962
2026-04-05 13:10:00,1.2841,1.286,1.2823,1.2824,251330.617088
2026-04-05 13:15:00,1.2824,1.2851,1.2801,1.285,547000.584076
2026-04-05 13:20:00,1.285,1.2876,1.2847,1.2862,154001.453266
2026-04-05 13:25:00,1.2861,1.2869,1.2834,1.2838,56495.097413
2026-04-05 13:30:00,1.2838,1.2865,1.2835,1.2858,84345.873545
2026-04-05 13:35:00,1.2859,1.2872,1.2859,1.2871,91522.439194
2026-04-05 13:40:00,1.2872,1.288,1.2872,1.2879,40637.651872
2026-04-05 13:45:00,1.2879,1.2906,1.2879,1.2905,67092.037792
2026-04-05 13:50:00,1.2906,1.2924,1.2873,1.2875,495207.929762
2026-04-05 13:55:00,1.2875,1.2893,1.2874,1.2891,113917.199368
2026-04-05 14:00:00,1.2891,1.2907,1.2878,1.2901,70135.057371
2026-04-05 14:05:00,1.29,1.29,1.2882,1.2883,37810.841332
2026-04-05 14:10:00,1.2881,1.2881,1.2861,1.2865,37418.373954
2026-04-05 14:15:00,1.2863,1.2865,1.2849,1.2858,94920.352597
2026-04-05 14:20:00,1.2857,1.2882,1.2857,1.288,20542.068401
2026-04-05 14:25:00,1.2879,1.2889,1.2874,1.2876,42445.993356
2026-04-05 14:30:00,1.2876,1.2879,1.2868,1.2876,40590.974684
2026-04-05 14:35:00,1.2877,1.2887,1.2876,1.2878,41362.166513
2026-04-05 14:40:00,1.2877,1.2891,1.2868,1.2878,41015.782201
2026-04-05 14:45:00,1.2878,1.2879,1.287,1.2871,20248.464803
2026-04-05 14:50:00,1.2869,1.2872,1.2868,1.2868,32130.459902
2026-04-05 14:55:00,1.2868,1.2868,1.2862,1.2864,20153.125727
2026-04-05 15:00:00,1.2864,1.2866,1.2849,1.285,60535.35693
2026-04-05 15:05:00,1.2849,1.286,1.2835,1.2857,60984.23369
2026-04-05 15:10:00,1.2858,1.2879,1.2858,1.2869,45837.553172
2026-04-05 15:15:00,1.2872,1.2887,1.2857,1.2872,87126.082826
2026-04-05 15:20:00,1.2873,1.288,1.2869,1.2877,12219.150326
2026-04-05 15:25:00,1.2876,1.2995,1.2873,1.2973,287014.372659
2026-04-05 15:30:00,1.2976,1.3056,1.2962,1.2992,334250.981658
2026-04-05 15:35:00,1.2991,1.3005,1.2981,1.2986,35639.573175
2026-04-05 15:40:00,1.2989,1.2996,1.2966,1.2996,62996.785882
2026-04-05 15:45:00,1.2998,1.3004,1.2975,1.2999,67610.725115
2026-04-05 15:50:00,1.2999,1.3006,1.2979,1.2988,69122.780351
2026-04-05 15:55:00,1.2987,1.2988,1.2958,1.2964,60740.706996
2026-04-05 16:00:00,1.2965,1.2996,1.2965,1.2995,33633.866379
2026-04-05 16:05:00,1.2996,1.2997,1.2978,1.2986,50532.073936
2026-04-05 16:10:00,1.2987,1.3006,1.2983,1.2996,42971.264769
2026-04-05 16:15:00,1.2997,1.3,1.2991,1.2997,14229.795621
2026-04-05 16:20:00,1.2995,1.2999,1.2993,1.2996,35405.77189
2026-04-05 16:25:00,1.2997,1.3002,1.2993,1.2993,19260.343323
2026-04-05 16:30:00,1.2991,1.3018,1.299,1.3018,289591.117745
2026-04-05 16:35:00,1.3018,1.3018,1.2992,1.2992,27563.343317
2026-04-05 16:40:00,1.2994,1.2995,1.298,1.2993,33478.063176
2026-04-05 16:45:00,1.299,1.2991,1.297,1.2972,28565.917629
2026-04-05 16:50:00,1.2974,1.299,1.2973,1.2974,38380.209493
2026-04-05 16:55:00,1.2974,1.298,1.297,1.2978,32393.153971
2026-04-05 17:00:00,1.2977,1.2989,1.2968,1.2983,42467.193138
2026-04-05 17:05:00,1.2982,1.3002,1.298,1.3,58314.186461
2026-04-05 17:10:00,1.3,1.301,1.2999,1.3005,19635.358842
2026-04-05 17:15:00,1.3005,1.3005,1.2985,1.2988,21277.51452
2026-04-05 17:20:00,1.2985,1.299,1.2968,1.2979,9521.636459
2026-04-05 17:25:00,1.2975,1.3002,1.2975,1.3,10394.947925
2026-04-05 17:30:00,1.3,1.3001,1.2985,1.2985,26342.113119
2026-04-05 17:35:00,1.2984,1.3001,1.2981,1.3,25841.247732
2026-04-05 17:40:00,1.3001,1.3015,1.2995,1.3015,14321.814561
2026-04-05 17:45:00,1.3017,1.3023,1.3008,1.3015,36865.264774
2026-04-05 17:50:00,1.3015,1.3027,1.3013,1.302,37369.981227
2026-04-05 17:55:00,1.302,1.303,1.3019,1.3025,41421.289236
2026-04-05 18:00:00,1.3024,1.3024,1.2999,1.3007,34616.976073
2026-04-05 18:05:00,1.3008,1.3016,1.3007,1.3012,4504.712018
2026-04-05 18:10:00,1.3013,1.3018,1.2999,1.3008,38101.162268
2026-04-05 18:15:00,1.3007,1.3011,1.2989,1.299,25092.298888
2026-04-05 18:20:00,1.2992,1.2999,1.2988,1.2995,19039.23912
2026-04-05 18:25:00,1.2994,1.2995,1.299,1.2993,21279.615185
2026-04-05 18:30:00,1.2996,1.3034,1.2996,1.3027,35322.865881
2026-04-05 18:35:00,1.3027,1.3035,1.3017,1.3033,51653.440004
2026-04-05 18:40:00,1.3036,1.305,1.3026,1.3032,129537.877046
2026-04-05 18:45:00,1.3032,1.3038,1.3028,1.3033,25558.760323
2026-04-05 18:50:00,1.3031,1.3031,1.3021,1.303,24913.132341
2026-04-05 18:55:00,1.3029,1.3033,1.3027,1.3029,15306.750793
2026-04-05 19:00:00,1.3029,1.3031,1.3017,1.3017,53247.858154
2026-04-05 19:05:00,1.3019,1.3028,1.3019,1.3022,15913.875725
2026-04-05 19:10:00,1.3022,1.3022,1.301,1.3015,30414.724238
2026-04-05 19:15:00,1.3015,1.3045,1.3012,1.3043,28745.912899
2026-04-05 19:20:00,1.3046,1.3074,1.3039,1.3054,85525.441353
2026-04-05 19:25:00,1.3056,1.3064,1.3046,1.3047,32612.909422
2026-04-05 19:30:00,1.3047,1.3048,1.3034,1.3036,17623.187349
2026-04-05 19:35:00,1.3035,1.3037,1.3004,1.3004,33975.932478
2026-04-05 19:40:00,1.3005,1.3009,1.2998,1.2999,27315.909481
2026-04-05 19:45:00,1.2999,1.3005,1.2994,1.2994,71036.109059
2026-04-05 19:50:00,1.2995,1.3007,1.2995,1.2999,40106.47855
2026-04-05 19:55:00,1.2999,1.3006,1.2993,1.3005,73440.774485
2026-04-05 20:00:00,1.3007,1.3015,1.3,1.3,38935.449943
2026-04-05 20:05:00,1.3,1.3008,1.2996,1.3001,10805.892497
2026-04-05 20:10:00,1.3001,1.3007,1.2998,1.3006,17136.126606
2026-04-05 20:15:00,1.3005,1.3009,1.3003,1.3009,22327.485611
2026-04-05 20:20:00,1.3008,1.3025,1.3008,1.302,11161.94276
2026-04-05 20:25:00,1.3024,1.3026,1.3015,1.3016,22962.798274
2026-04-05 20:30:00,1.3015,1.3015,1.3008,1.3014,16322.852495
2026-04-05 20:35:00,1.3015,1.3053,1.3008,1.3045,89374.622953
2026-04-05 20:40:00,1.3046,1.3046,1.3019,1.302,8779.580258
2026-04-05 20:45:00,1.3019,1.3057,1.3017,1.3041,86095.368323
2026-04-05 20:50:00,1.3042,1.3043,1.3035,1.3042,40409.980744
2026-04-05 20:55:00,1.3044,1.3047,1.3039,1.3044,44258.593284
2026-04-05 21:00:00,1.3045,1.3047,1.3028,1.3042,80752.225376
2026-04-05 21:05:00,1.3041,1.3044,1.3035,1.3037,21704.772698
2026-04-05 21:10:00,1.3037,1.304,1.2996,1.3008,168898.320136
2026-04-05 21:15:00,1.3007,1.3009,1.2996,1.2998,28366.53041
2026-04-05 21:20:00,1.2997,1.3007,1.2997,1.3001,28061.190776
2026-04-05 21:25:00,1.3001,1.3002,1.2988,1.2999,42061.915536
2026-04-05 21:30:00,1.3,1.3004,1.2996,1.3004,17247.01407
2026-04-05 21:35:00,1.3004,1.3006,1.3,1.3002,19433.508459
2026-04-05 21:40:00,1.3003,1.3015,1.2986,1.3003,53365.107905
2026-04-05 21:45:00,1.3005,1.302,1.2998,1.3019,45667.627051
2026-04-05 21:50:00,1.3018,1.3035,1.3007,1.3031,46075.344567
2026-04-05 21:55:00,1.3033,1.3033,1.3006,1.3007,24185.659325
2026-04-05 22:00:00,1.3006,1.3054,1.2995,1.3051,85384.763825
2026-04-05 22:05:00,1.305,1.305,1.302,1.3032,98307.827576
2026-04-05 22:10:00,1.3032,1.3033,1.2995,1.3015,157884.438009
2026-04-05 22:15:00,1.3014,1.3021,1.3001,1.3005,29367.632104
2026-04-05 22:20:00,1.3003,1.3006,1.2973,1.2987,84808.113228
2026-04-05 22:25:00,1.2981,1.2993,1.2972,1.2992,18087.821823
2026-04-05 22:30:00,1.2991,1.3025,1.2987,1.3005,26472.909196
2026-04-05 22:35:00,1.3005,1.3019,1.2991,1.3018,17779.823489
2026-04-05 22:40:00,1.3017,1.3066,1.3007,1.3052,121408.980608
2026-04-05 22:45:00,1.3051,1.3097,1.3051,1.3074,156883.384123
2026-04-05 22:50:00,1.3077,1.3084,1.3064,1.3068,73792.684776
2026-04-05 22:55:00,1.307,1.3132,1.3054,1.3124,226459.422535
2026-04-05 23:00:00,1.3125,1.3152,1.3114,1.3127,88125.837956
2026-04-05 23:05:00,1.3128,1.3188,1.3127,1.3158,76854.739047
2026-04-05 23:10:00,1.3157,1.3201,1.3147,1.3201,98637.132162
2026-04-05 23:15:00,1.3201,1.3302,1.3201,1.3289,720495.370425
2026-04-05 23:20:00,1.3288,1.3321,1.3231,1.3243,332385.464593
2026-04-05 23:25:00,1.3242,1.3262,1.3236,1.325,79208.063086
2026-04-05 23:30:00,1.325,1.3295,1.3247,1.3268,164481.068073
2026-04-05 23:35:00,1.3267,1.3281,1.3246,1.3247,67741.223237
2026-04-05 23:40:00,1.3247,1.3257,1.3231,1.3237,42442.929368
2026-04-05 23:45:00,1.3238,1.3259,1.3236,1.324,84846.393933
2026-04-05 23:50:00,1.3241,1.3266,1.3236,1.3252,76326.068742
2026-04-05 23:55:00,1.3253,1.3264,1.3252,1.3264,17443.729074
2026-04-06 00:00:00,1.3265,1.3389,1.3265,1.3336,901979.022866
2026-04-06 00:05:00,1.3338,1.3374,1.3329,1.3338,174402.396278
2026-04-06 00:10:00,1.3335,1.3338,1.3312,1.3334,165955.528108
2026-04-06 00:15:00,1.3335,1.3368,1.3335,1.335,95039.776963
2026-04-06 00:20:00,1.3343,1.3364,1.3309,1.3362,96641.559211
2026-04-06 00:25:00,1.3364,1.3373,1.3346,1.3355,183454.95973
2026-04-06 00:30:00,1.3354,1.3388,1.3342,1.3347,256655.493215
2026-04-06 00:35:00,1.3347,1.3362,1.3338,1.3355,90131.282411
2026-04-06 00:40:00,1.3354,1.34,1.3352,1.3374,131981.595141
2026-04-06 00:45:00,1.3374,1.3378,1.3331,1.334,178468.427252
2026-04-06 00:50:00,1.3341,1.3347,1.3318,1.3322,67829.482812
2026-04-06 00:55:00,1.3323,1.3328,1.3311,1.3314,40005.563259
2026-04-06 01:00:00,1.3315,1.3338,1.3299,1.3307,124410.449731
2026-04-06 01:05:00,1.3307,1.3319,1.328,1.3289,177163.501027
2026-04-06 01:10:00,1.329,1.33,1.3283,1.3283,65821.027767
2026-04-06 01:15:00,1.3283,1.3288,1.3264,1.3273,68091.150901
2026-04-06 01:20:00,1.3275,1.3294,1.326,1.3285,180173.060433
2026-04-06 01:25:00,1.3286,1.3301,1.3286,1.3296,77546.701239
2026-04-06 01:30:00,1.3295,1.3295,1.3276,1.3287,82792.121132
2026-04-06 01:35:00,1.3287,1.3323,1.3282,1.3314,266228.582547
2026-04-06 01:40:00,1.3308,1.3316,1.3296,1.3302,335335.269839
2026-04-06 01:45:00,1.3303,1.3324,1.3302,1.3306,331144.273857
2026-04-06 01:50:00,1.3307,1.3324,1.3298,1.3298,35757.566217
2026-04-06 01:55:00,1.3299,1.3308,1.3292,1.3295,165867.812693
2026-04-06 02:00:00,1.3296,1.3342,1.3292,1.334,312021.610276
2026-04-06 02:05:00,1.334,1.3374,1.334,1.337,246822.962914
2026-04-06 02:10:00,1.3369,1.3492,1.3364,1.3442,807208.901221
2026-04-06 02:15:00,1.3439,1.3459,1.3423,1.3439,193935.532037
2026-04-06 02:20:00,1.3445,1.3464,1.3419,1.3425,182726.854068
2026-04-06 02:25:00,1.3423,1.3439,1.3408,1.3434,63256.795513
2026-04-06 02:30:00,1.3436,1.3464,1.3436,1.3451,106801.297641
2026-04-06 02:35:00,1.345,1.345,1.3413,1.3419,101065.73351
2026-04-06 02:40:00,1.3417,1.3422,1.3393,1.3407,70576.455762
2026-04-06 02:45:00,1.3408,1.3421,1.3404,1.341,52325.162164
2026-04-06 02:50:00,1.3413,1.3423,1.3404,1.3415,52420.106566
2026-04-06 02:55:00,1.3415,1.3415,1.3392,1.3404,111937.96037
2026-04-06 03:00:00,1.3406,1.3418,1.3403,1.3411,73555.864781
2026-04-06 03:05:00,1.3411,1.3421,1.3398,1.3406,83576.652263
2026-04-06 03:10:00,1.3404,1.3418,1.3389,1.3393,71349.50691
2026-04-06 03:15:00,1.3393,1.3406,1.338,1.3383,210088.351359
2026-04-06 03:20:00,1.3381,1.3406,1.3376,1.3403,100933.61528
2026-04-06 03:25:00,1.3403,1.341,1.3395,1.3405,51510.395086
2026-04-06 03:30:00,1.3406,1.3416,1.3391,1.3394,90998.782257
2026-04-06 03:35:00,1.3393,1.3404,1.3377,1.3377,55003.647878
2026-04-06 03:40:00,1.3377,1.3396,1.3363,1.3392,135026.176365
2026-04-06 03:45:00,1.3389,1.341,1.3387,1.3391,189328.54156
2026-04-06 03:50:00,1.3389,1.3395,1.3373,1.3377,168737.710473
2026-04-06 03:55:00,1.3377,1.3384,1.3372,1.3382,203095.583428
2026-04-06 04:00:00,1.3383,1.3415,1.3383,1.3406,325468.150816
2026-04-06 04:05:00,1.3405,1.3405,1.337,1.3375,71718.311961
2026-04-06 04:10:00,1.3375,1.3376,1.3362,1.3375,110124.929768
2026-04-06 04:15:00,1.3371,1.3379,1.3367,1.337,37924.395285
2026-04-06 04:20:00,1.337,1.3383,1.3363,1.3375,82333.19181
2026-04-06 04:25:00,1.3376,1.3385,1.3369,1.3379,147831.565382
2026-04-06 04:30:00,1.3378,1.3397,1.3376,1.3395,196741.121445
2026-04-06 04:35:00,1.3397,1.3423,1.3397,1.342,154703.947634
2026-04-06 04:40:00,1.3422,1.3422,1.3406,1.3406,11550.236607
2026-04-06 04:45:00,1.3407,1.3417,1.3406,1.3407,43060.766384
2026-04-06 04:50:00,1.3407,1.3413,1.3403,1.3403,8398.413201
2026-04-06 04:55:00,1.3403,1.3403,1.3397,1.3398,6794.323281
2026-04-06 05:00:00,1.3398,1.34,1.3378,1.3392,33787.027245
2026-04-06 05:05:00,1.339,1.3394,1.3382,1.339,30540.400057
2026-04-06 05:10:00,1.3386,1.3398,1.3383,1.3394,16107.493606
2026-04-06 05:15:00,1.3394,1.3408,1.3393,1.3396,48000.753567
2026-04-06 05:20:00,1.3396,1.3403,1.3392,1.3392,19978.089803
2026-04-06 05:25:00,1.3389,1.3389,1.3367,1.338,94702.385477
2026-04-06 05:30:00,1.3381,1.3388,1.3374,1.3386,22084.449617
2026-04-06 05:35:00,1.3385,1.3387,1.3377,1.3383,15525.146402
2026-04-06 05:40:00,1.3382,1.3387,1.3371,1.3386,27019.477799
2026-04-06 05:45:00,1.3384,1.3397,1.3384,1.339,11197.686546
2026-04-06 05:50:00,1.3392,1.34,1.3392,1.3398,25055.245987
2026-04-06 05:55:00,1.3397,1.3405,1.3393,1.3403,62527.706785
2026-04-06 06:00:00,1.3405,1.341,1.3392,1.3405,46417.848245
2026-04-06 06:05:00,1.3404,1.3444,1.3404,1.343,144272.253993
2026-04-06 06:10:00,1.343,1.3472,1.343,1.3461,255866.090062
2026-04-06 06:15:00,1.3461,1.3461,1.3432,1.3434,146249.564117
2026-04-06 06:20:00,1.3436,1.3441,1.3404,1.3433,181119.235894
2026-04-06 06:25:00,1.3433,1.3438,1.3395,1.3398,97399.025695
2026-04-06 06:30:00,1.34,1.3409,1.3388,1.3404,77092.348093
2026-04-06 06:35:00,1.3405,1.3425,1.3405,1.3418,156990.826316
2026-04-06 06:40:00,1.3416,1.345,1.3403,1.3405,839559.139669
2026-04-06 06:45:00,1.3404,1.3404,1.3398,1.3399,33846.381304
2026-04-06 06:50:00,1.3399,1.3436,1.3399,1.3418,252620.567985
2026-04-06 06:55:00,1.3418,1.3423,1.3412,1.3415,16963.885995
2026-04-06 07:00:00,1.3417,1.3418,1.3397,1.3398,74789.542829
2026-04-06 07:05:00,1.3393,1.3397,1.3375,1.3378,40364.032442
2026-04-06 07:10:00,1.3378,1.3388,1.3373,1.338,45297.412758
2026-04-06 07:15:00,1.3383,1.3441,1.3377,1.3439,557713.264855
2026-04-06 07:20:00,1.3439,1.3455,1.3434,1.3449,39032.908582
2026-04-06 07:25:00,1.3449,1.3454,1.3439,1.3439,55764.525803
2026-04-06 07:30:00,1.3437,1.3438,1.3411,1.3416,24028.819212
2026-04-06 07:35:00,1.3415,1.3425,1.3407,1.341,35993.260706
2026-04-06 07:40:00,1.341,1.3436,1.3384,1.3394,887222.187125
2026-04-06 07:45:00,1.3396,1.3409,1.3391,1.3409,83322.102318
2026-04-06 07:50:00,1.3409,1.346,1.3408,1.3456,127522.152978
2026-04-06 07:55:00,1.3456,1.3459,1.344,1.3442,16923.663678
2026-04-06 08:00:00,1.3444,1.3459,1.3444,1.3445,34216.536704
2026-04-06 08:05:00,1.3443,1.3462,1.3436,1.3455,109642.179126
2026-04-06 08:10:00,1.3458,1.346,1.3452,1.3457,35186.99783
2026-04-06 08:15:00,1.3459,1.3466,1.3449,1.3464,31668.615115
2026-04-06 08:20:00,1.3466,1.3466,1.3423,1.3453,356318.252693
2026-04-06 08:25:00,1.3452,1.3457,1.3434,1.3437,30311.032394
2026-04-06 08:30:00,1.3438,1.3444,1.3432,1.344,16596.807174
2026-04-06 08:35:00,1.3438,1.3465,1.3426,1.3427,120888.712337
2026-04-06 08:40:00,1.3428,1.3429,1.3422,1.3423,34505.943839
2026-04-06 08:45:00,1.3422,1.3422,1.3399,1.3403,59016.074974
2026-04-06 08:50:00,1.3403,1.3403,1.3388,1.3397,24524.385473
2026-04-06 08:55:00,1.3394,1.3399,1.339,1.339,120040.712347
2026-04-06 09:00:00,1.339,1.3423,1.338,1.3417,525401.646249
2026-04-06 09:05:00,1.3416,1.3426,1.3415,1.3426,11460.409171
2026-04-06 09:10:00,1.3427,1.3486,1.3427,1.346,125555.761235
2026-04-06 09:15:00,1.3459,1.3533,1.3459,1.3522,279301.965958
2026-04-06 09:20:00,1.3524,1.3576,1.3515,1.3545,282506.726536
2026-04-06 09:25:00,1.3545,1.3545,1.351,1.3526,129699.301258
2026-04-06 09:30:00,1.3528,1.3553,1.3528,1.3545,82155.631865
2026-04-06 09:35:00,1.3548,1.3553,1.3526,1.3536,84257.171534
2026-04-06 09:40:00,1.3535,1.3557,1.352,1.3548,113312.718627
2026-04-06 09:45:00,1.3548,1.3552,1.3541,1.3546,11881.024058
2026-04-06 09:50:00,1.3545,1.3547,1.3517,1.3522,144265.167215
2026-04-06 09:55:00,1.3526,1.3529,1.3518,1.3525,37394.033301
2026-04-06 10:00:00,1.3526,1.3555,1.3526,1.3551,109133.117973
2026-04-06 10:05:00,1.3551,1.3556,1.3548,1.3555,68881.898651
2026-04-06 10:10:00,1.3555,1.3565,1.3554,1.3554,69718.356442
2026-04-06 10:15:00,1.3555,1.3566,1.3554,1.3556,127646.596397
2026-04-06 10:20:00,1.3556,1.3568,1.3553,1.3562,25652.566817
2026-04-06 10:25:00,1.3561,1.3561,1.3531,1.354,73748.217091
2026-04-06 10:30:00,1.354,1.3552,1.354,1.3545,111099.262299
2026-04-06 10:35:00,1.3544,1.356,1.3536,1.3555,128776.374205
2026-04-06 10:40:00,1.3555,1.3564,1.3555,1.3562,32808.456751
2026-04-06 10:45:00,1.356,1.3562,1.3524,1.3545,221438.72534
2026-04-06 10:50:00,1.3546,1.3547,1.3524,1.3533,145651.249374
2026-04-06 10:55:00,1.3533,1.3543,1.3516,1.3532,99169.039365
2026-04-06 11:00:00,1.353,1.3533,1.3488,1.3488,207848.123703
2026-04-06 11:05:00,1.3487,1.3526,1.348,1.3519,423780.659458
2026-04-06 11:10:00,1.3519,1.3519,1.3502,1.3504,69164.704635
2026-04-06 11:15:00,1.3504,1.3514,1.3504,1.3511,28184.823448
2026-04-06 11:20:00,1.3512,1.3513,1.35,1.3501,46113.717619
2026-04-06 11:25:00,1.3502,1.3503,1.3494,1.3496,23891.303523
2026-04-06 11:30:00,1.3495,1.3515,1.3493,1.3512,43357.968819
2026-04-06 11:35:00,1.3509,1.3512,1.3503,1.3506,79733.127417
2026-04-06 11:40:00,1.3504,1.3508,1.3502,1.3504,8163.406412
2026-04-06 11:45:00,1.3507,1.3511,1.3496,1.3497,41981.628508
2026-04-06 11:50:00,1.3504,1.351,1.3501,1.3507,4719.523324
2026-04-06 11:55:00,1.3506,1.3506,1.3492,1.3498,41015.387375
2026-04-06 12:00:00,1.35,1.3508,1.3485,1.3496,118552.123638
2026-04-06 12:05:00,1.3497,1.3506,1.3493,1.3498,54672.574964
2026-04-06 12:10:00,1.3498,1.3501,1.3489,1.3489,103319.914141
2026-04-06 12:15:00,1.3488,1.3488,1.3467,1.3479,129835.295828
2026-04-06 12:20:00,1.3479,1.3479,1.3471,1.3477,22753.997906
2026-04-06 12:25:00,1.3477,1.3483,1.3465,1.3465,36016.836076
2026-04-06 12:30:00,1.3466,1.3468,1.3455,1.3468,62478.959047
2026-04-06 12:35:00,1.3467,1.3467,1.3455,1.3455,26953.96745
2026-04-06 12:40:00,1.3454,1.3454,1.344,1.3443,26739.387903
2026-04-06 12:45:00,1.3442,1.345,1.3435,1.3436,55376.019029
2026-04-06 12:50:00,1.3435,1.3445,1.3429,1.3435,85066.473828
2026-04-06 12:55:00,1.3435,1.3441,1.3424,1.3434,136835.064452
2026-04-06 13:00:00,1.3434,1.3447,1.3428,1.3439,37133.429903
2026-04-06 13:05:00,1.3439,1.3451,1.3439,1.3446,39338.85337
2026-04-06 13:10:00,1.3445,1.3453,1.3445,1.3449,35146.559312
2026-04-06 13:15:00,1.345,1.3452,1.344,1.344,26625.032744
2026-04-06 13:20:00,1.344,1.3455,1.344,1.3451,36194.737061
2026-04-06 13:25:00,1.3451,1.3461,1.3451,1.3454,35370.818463
2026-04-06 13:30:00,1.3455,1.3475,1.344,1.3473,142510.945085
2026-04-06 13:35:00,1.3473,1.3481,1.3422,1.3443,67715.972259
2026-04-06 13:40:00,1.3443,1.3463,1.3436,1.3447,36947.426377
2026-04-06 13:45:00,1.3448,1.3466,1.344,1.3455,53589.452726
2026-04-06 13:50:00,1.3458,1.3479,1.3452,1.3466,104737.04872
2026-04-06 13:55:00,1.3463,1.3475,1.3457,1.3473,93707.451449
2026-04-06 14:00:00,1.3473,1.3519,1.3445,1.3451,234643.066568
2026-04-06 14:05:00,1.3452,1.3481,1.3452,1.3476,112835.64461
2026-04-06 14:10:00,1.3476,1.3484,1.3458,1.3483,78187.579437
2026-04-06 14:15:00,1.3484,1.3503,1.3483,1.3497,86603.799389
2026-04-06 14:20:00,1.35,1.3535,1.35,1.3515,184786.478128
2026-04-06 14:25:00,1.3514,1.3526,1.3498,1.3498,124620.709252
2026-04-06 14:30:00,1.3497,1.3514,1.3472,1.3486,131251.063015
2026-04-06 14:35:00,1.3488,1.3501,1.3411,1.3417,329147.87929
2026-04-06 14:40:00,1.3417,1.3456,1.3417,1.3447,78016.666265
2026-04-06 14:45:00,1.3447,1.3447,1.3415,1.3421,97976.138002
2026-04-06 14:50:00,1.3422,1.3471,1.3422,1.3465,128098.241386
2026-04-06 14:55:00,1.3467,1.3486,1.3458,1.3479,63745.800122
2026-04-06 15:00:00,1.3478,1.3495,1.3463,1.3472,94629.125324
2026-04-06 15:05:00,1.3471,1.3479,1.3451,1.3471,60996.581305
2026-04-06 15:10:00,1.3472,1.3494,1.3454,1.3464,372935.664432
2026-04-06 15:15:00,1.3466,1.3475,1.3455,1.3455,52136.048836
2026-04-06 15:20:00,1.3454,1.3466,1.3449,1.3456,28291.665344
2026-04-06 15:25:00,1.3455,1.3469,1.3447,1.3467,42092.112025
2026-04-06 15:30:00,1.3468,1.3476,1.3454,1.3465,80115.012541
2026-04-06 15:35:00,1.3465,1.3467,1.3451,1.3464,89594.675806
2026-04-06 15:40:00,1.3461,1.3486,1.3454,1.3483,51245.262351
2026-04-06 15:45:00,1.3483,1.3501,1.3483,1.3498,41325.284742
2026-04-06 15:50:00,1.3496,1.351,1.3492,1.3506,52748.998777
2026-04-06 15:55:00,1.3504,1.3507,1.3498,1.3506,47192.672288
2026-04-06 16:00:00,1.3508,1.3513,1.3498,1.3505,201762.819555
2026-04-06 16:05:00,1.3505,1.3523,1.35,1.351,118521.910856
2026-04-06 16:10:00,1.3508,1.3537,1.3504,1.3528,170017.384822
2026-04-06 16:15:00,1.3528,1.3529,1.3497,1.3505,155240.001432
2026-04-06 16:20:00,1.3505,1.351,1.3497,1.3504,32440.967817
2026-04-06 16:25:00,1.3505,1.3506,1.3485,1.3488,80096.24617
2026-04-06 16:30:00,1.3487,1.3499,1.3483,1.3499,32236.153511
2026-04-06 16:35:00,1.3499,1.3516,1.3488,1.3488,136005.245403
2026-04-06 16:40:00,1.3487,1.3494,1.3485,1.3488,16567.204261
2026-04-06 16:45:00,1.349,1.3524,1.348,1.3505,99833.836438
2026-04-06 16:50:00,1.3504,1.3504,1.3469,1.3469,43263.909965
2026-04-06 16:55:00,1.3469,1.347,1.3426,1.3436,190405.626065
2026-04-06 17:00:00,1.3435,1.3441,1.3379,1.3391,209568.091121
2026-04-06 17:05:00,1.3392,1.3409,1.3387,1.3404,106957.60592
2026-04-06 17:10:00,1.3401,1.3406,1.3353,1.3358,139042.876498
2026-04-06 17:15:00,1.3358,1.3381,1.3351,1.3373,257044.869669
2026-04-06 17:20:00,1.3374,1.3414,1.3374,1.3414,89680.322353
2026-04-06 17:25:00,1.3416,1.3425,1.3414,1.3419,89004.380031
2026-04-06 17:30:00,1.3419,1.3428,1.3402,1.3402,90276.04435
2026-04-06 17:35:00,1.3402,1.3409,1.3394,1.3398,53261.231296
2026-04-06 17:40:00,1.3397,1.3397,1.3385,1.3388,49542.599968
2026-04-06 17:45:00,1.3389,1.3389,1.3378,1.3384,33671.314523
2026-04-06 17:50:00,1.3384,1.3393,1.3383,1.3384,14695.084955
2026-04-06 17:55:00,1.3386,1.34,1.3386,1.3394,6299.733062
2026-04-06 18:00:00,1.3394,1.3394,1.337,1.337,80310.139982
2026-04-06 18:05:00,1.337,1.3383,1.337,1.3383,28817.005573
2026-04-06 18:10:00,1.3386,1.3427,1.3386,1.341,172507.855873
2026-04-06 18:15:00,1.3408,1.3412,1.3399,1.3408,49671.551798
2026-04-06 18:20:00,1.3409,1.3422,1.3397,1.3407,33101.449952
2026-04-06 18:25:00,1.3404,1.3421,1.3392,1.342,185406.160211
2026-04-06 18:30:00,1.3419,1.3434,1.3417,1.3419,288367.125829
2026-04-06 18:35:00,1.342,1.3425,1.3414,1.3414,25835.909649
2026-04-06 18:40:00,1.3413,1.3419,1.3405,1.3419,25033.266892
2026-04-06 18:45:00,1.342,1.3424,1.341,1.3417,30539.771984
2026-04-06 18:50:00,1.3419,1.3426,1.3411,1.3426,23291.802565
2026-04-06 18:55:00,1.3424,1.3424,1.3408,1.3413,15433.753341
2026-04-06 19:00:00,1.3412,1.3412,1.3395,1.3398,13576.618023
2026-04-06 19:05:00,1.3397,1.3397,1.3383,1.3389,11305.266729
2026-04-06 19:10:00,1.3387,1.339,1.3376,1.3386,23428.17131
2026-04-06 19:15:00,1.3387,1.3401,1.3386,1.3392,55876.700105
2026-04-06 19:20:00,1.3393,1.3408,1.3388,1.3388,24365.532617
2026-04-06 19:25:00,1.339,1.3397,1.3388,1.3395,20127.301807
2026-04-06 19:30:00,1.3395,1.3404,1.3383,1.339,12828.973849
2026-04-06 19:35:00,1.339,1.3396,1.3385,1.3393,15045.053728
2026-04-06 19:40:00,1.3393,1.3396,1.3382,1.3396,31209.885377
2026-04-06 19:45:00,1.3395,1.3397,1.3386,1.3393,16905.227106
2026-04-06 19:50:00,1.3394,1.3405,1.3389,1.3403,36244.194436
2026-04-06 19:55:00,1.3401,1.3441,1.3387,1.3419,171087.830361
2026-04-06 20:00:00,1.3419,1.3426,1.3411,1.3422,53791.337213
2026-04-06 20:05:00,1.3423,1.3439,1.3417,1.3421,29881.749083
2026-04-06 20:10:00,1.3422,1.3428,1.3402,1.3408,24945.553497
2026-04-06 20:15:00,1.3409,1.3414,1.3406,1.3412,14190.253256
2026-04-06 20:20:00,1.3414,1.3423,1.3412,1.3416,14048.014095
2026-04-06 20:25:00,1.3415,1.3434,1.3412,1.3427,48068.917939
2026-04-06 20:30:00,1.3427,1.3433,1.3424,1.3432,22411.439633
2026-04-06 20:35:00,1.3434,1.3438,1.3429,1.343,36508.508923
2026-04-06 20:40:00,1.343,1.3431,1.3427,1.343,62150.358584
2026-04-06 20:45:00,1.3429,1.3435,1.3425,1.3429,59024.517621
2026-04-06 20:50:00,1.3428,1.3428,1.3413,1.3419,30069.333895
2026-04-06 20:55:00,1.3416,1.342,1.3411,1.3414,12723.749168
2026-04-06 21:00:00,1.3412,1.3412,1.3391,1.34,36839.281532
2026-04-06 21:05:00,1.34,1.34,1.339,1.3392,29052.470465
2026-04-06 21:10:00,1.3391,1.3395,1.3388,1.3394,14224.545424
2026-04-06 21:15:00,1.3394,1.3395,1.3376,1.3376,43152.035927
2026-04-06 21:20:00,1.3378,1.3396,1.3378,1.3393,15033.392235
2026-04-06 21:25:00,1.339,1.3396,1.3388,1.3388,1943.450339
2026-04-06 21:30:00,1.3388,1.3388,1.3382,1.3383,9146.120951
2026-04-06 21:35:00,1.3383,1.3385,1.3362,1.3374,71663.736141
2026-04-06 21:40:00,1.3374,1.3377,1.3362,1.3365,51067.047969
2026-04-06 21:45:00,1.3366,1.337,1.3361,1.337,27549.067642
2026-04-06 21:50:00,1.337,1.337,1.3352,1.3359,10882.676554
2026-04-06 21:55:00,1.336,1.336,1.3349,1.3356,30777.538577
2026-04-06 22:00:00,1.3355,1.3355,1.3331,1.3341,75102.899716
2026-04-06 22:05:00,1.3344,1.3349,1.334,1.3347,24401.712278
2026-04-06 22:10:00,1.3347,1.3352,1.3343,1.3352,22814.640559
2026-04-06 22:15:00,1.3351,1.3351,1.334,1.3341,18044.096856
2026-04-06 22:20:00,1.3341,1.3345,1.3318,1.3318,66371.097918
2026-04-06 22:25:00,1.332,1.3326,1.3315,1.332,52170.470864
2026-04-06 22:30:00,1.3316,1.3316,1.3288,1.3298,85892.120259
2026-04-06 22:35:00,1.3296,1.3304,1.3292,1.3292,21057.033676
2026-04-06 22:40:00,1.3292,1.3294,1.3279,1.3279,27209.278864
2026-04-06 22:45:00,1.3278,1.3278,1.3267,1.3269,41261.039559
2026-04-06 22:50:00,1.327,1.327,1.3227,1.3232,288656.351095
2026-04-06 22:55:00,1.3233,1.3233,1.3186,1.3186,253670.578255
2026-04-06 23:00:00,1.3185,1.3188,1.3135,1.3171,378487.812634
2026-04-06 23:05:00,1.317,1.3185,1.3123,1.3185,208354.632718
2026-04-06 23:10:00,1.3186,1.3196,1.3175,1.3175,112671.882673
2026-04-06 23:15:00,1.3172,1.318,1.3151,1.3174,61426.641407
2026-04-06 23:20:00,1.3172,1.3185,1.315,1.3177,40103.981587
2026-04-06 23:25:00,1.3176,1.3181,1.3164,1.3165,15793.147985
2026-04-06 23:30:00,1.3163,1.3194,1.3156,1.3183,122641.007047
2026-04-06 23:35:00,1.3184,1.3205,1.3176,1.3204,55614.302805
2026-04-06 23:40:00,1.3203,1.3227,1.3202,1.3221,57367.657239
2026-04-06 23:45:00,1.3221,1.3225,1.3201,1.3203,52749.763752
2026-04-06 23:50:00,1.3204,1.3216,1.3204,1.3215,44998.510117
2026-04-06 23:55:00,1.3215,1.3219,1.3207,1.3211,55255.751076
2026-04-07 00:00:00,1.3209,1.3214,1.3198,1.3209,45051.238603
2026-04-07 00:05:00,1.321,1.3242,1.3209,1.3234,62675.175176
2026-04-07 00:10:00,1.3231,1.3247,1.323,1.324,30727.450166
2026-04-07 00:15:00,1.3242,1.3257,1.3239,1.3239,14262.817266
2026-04-07 00:20:00,1.3237,1.3243,1.3219,1.3232,27226.130337
2026-04-07 00:25:00,1.3234,1.3242,1.3223,1.3238,20322.437287
2026-04-07 00:30:00,1.3239,1.3255,1.3219,1.3222,35393.996925
2026-04-07 00:35:00,1.3223,1.3228,1.3212,1.3215,37290.451649
2026-04-07 00:40:00,1.3215,1.3231,1.3214,1.3229,35169.589533
2026-04-07 00:45:00,1.3229,1.3237,1.3221,1.3237,26918.423238
2026-04-07 00:50:00,1.3236,1.3236,1.3225,1.323,14585.954647
2026-04-07 00:55:00,1.3231,1.3234,1.3212,1.3215,52185.903323
2026-04-07 01:00:00,1.3215,1.3218,1.3197,1.3212,79645.285684
2026-04-07 01:05:00,1.3211,1.3211,1.3188,1.3194,201994.421684
2026-04-07 01:10:00,1.3195,1.3213,1.3185,1.3202,37485.220706
2026-04-07 01:15:00,1.3204,1.3231,1.3203,1.3227,29500.070972
2026-04-07 01:20:00,1.3227,1.3245,1.3214,1.3214,49229.94595
2026-04-07 01:25:00,1.3215,1.3222,1.3208,1.3209,18968.683034
2026-04-07 01:30:00,1.3209,1.321,1.3202,1.3202,19348.334226
2026-04-07 01:35:00,1.3201,1.3201,1.3174,1.318,39574.72174
2026-04-07 01:40:00,1.3181,1.3192,1.3177,1.3192,17535.352494
2026-04-07 01:45:00,1.3191,1.3192,1.318,1.3182,7167.153754
2026-04-07 01:50:00,1.318,1.3181,1.3143,1.3159,90246.411013
2026-04-07 01:55:00,1.3156,1.3164,1.3146,1.3146,118633.346451
2026-04-07 02:00:00,1.3146,1.3156,1.3141,1.3146,43679.477359
2026-04-07 02:05:00,1.3146,1.3156,1.3126,1.3154,162907.507052
2026-04-07 02:10:00,1.3154,1.3164,1.3154,1.3158,12149.890322
2026-04-07 02:15:00,1.3159,1.3181,1.3153,1.3181,117507.193846
2026-04-07 02:20:00,1.3182,1.3187,1.3165,1.3184,14646.796505
2026-04-07 02:25:00,1.3183,1.3188,1.3181,1.3187,17272.386398
2026-04-07 02:30:00,1.3188,1.319,1.3169,1.3171,9581.502601
2026-04-07 02:35:00,1.3171,1.3195,1.3171,1.3185,38597.722737
2026-04-07 02:40:00,1.3185,1.3185,1.3156,1.3162,23958.819175
2026-04-07 02:45:00,1.3162,1.3165,1.3153,1.3163,7919.294569
2026-04-07 02:50:00,1.3161,1.3169,1.3149,1.3162,22414.655464
2026-04-07 02:55:00,1.3162,1.3173,1.3155,1.3171,21517.46832
2026-04-07 03:00:00,1.3171,1.3183,1.3166,1.317,19234.787542
2026-04-07 03:05:00,1.3169,1.3171,1.3161,1.3166,15163.394207
2026-04-07 03:10:00,1.3165,1.3169,1.3158,1.3158,5913.864957
2026-04-07 03:15:00,1.3158,1.3165,1.3149,1.3151,22819.536351
2026-04-07 03:20:00,1.3148,1.3169,1.3147,1.3161,24201.900499
2026-04-07 03:25:00,1.3162,1.3181,1.3158,1.317,115665.950172
2026-04-07 03:30:00,1.3173,1.3176,1.3167,1.3171,11921.69294
2026-04-07 03:35:00,1.3171,1.3172,1.3161,1.3161,19168.365211
2026-04-07 03:40:00,1.3162,1.3165,1.3159,1.3164,18950.097849
2026-04-07 03:45:00,1.3164,1.3167,1.3158,1.316,12178.342239
2026-04-07 03:50:00,1.3162,1.317,1.3161,1.317,13450.421937
2026-04-07 03:55:00,1.3171,1.3175,1.3169,1.3171,14362.795973
2026-04-07 04:00:00,1.317,1.3171,1.3165,1.3165,9827.55078
2026-04-07 04:05:00,1.3165,1.3165,1.3158,1.316,18232.328672
2026-04-07 04:10:00,1.316,1.3163,1.3153,1.3156,15271.613913
2026-04-07 04:15:00,1.3156,1.3166,1.3141,1.3141,21527.728052
2026-04-07 04:20:00,1.3143,1.3152,1.3132,1.3147,19111.763662
2026-04-07 04:25:00,1.3148,1.3155,1.3148,1.3148,6517.055086
2026-04-07 04:30:00,1.3148,1.3183,1.3148,1.3182,68250.299979
2026-04-07 04:35:00,1.3182,1.3186,1.3178,1.3183,19084.623481
2026-04-07 04:40:00,1.3182,1.319,1.318,1.3189,67707.266937
2026-04-07 04:45:00,1.319,1.3205,1.3186,1.3197,40769.417533
2026-04-07 04:50:00,1.3195,1.3195,1.3187,1.3192,23957.403455
2026-04-07 04:55:00,1.3193,1.3193,1.3184,1.3184,7554.005012
2026-04-07 05:00:00,1.3185,1.3185,1.317,1.3173,50707.053974
2026-04-07 05:05:00,1.3174,1.3191,1.3174,1.3179,25517.015009
2026-04-07 05:10:00,1.3178,1.3179,1.3174,1.3176,9711.428914
2026-04-07 05:15:00,1.3175,1.3179,1.3151,1.3166,391184.798101
2026-04-07 05:20:00,1.3164,1.3164,1.315,1.3151,20482.030761
2026-04-07 05:25:00,1.3151,1.3153,1.3133,1.3135,43772.756142
2026-04-07 05:30:00,1.3134,1.3135,1.3111,1.3127,56864.155522
2026-04-07 05:35:00,1.3122,1.3127,1.3111,1.3122,25073.372283
2026-04-07 05:40:00,1.3121,1.3125,1.3106,1.311,42910.856765
2026-04-07 05:45:00,1.311,1.3116,1.3102,1.3103,45234.77645
2026-04-07 05:50:00,1.3103,1.3114,1.31,1.3106,64874.388228
2026-04-07 05:55:00,1.3106,1.3114,1.3096,1.3114,52929.756929
2026-04-07 06:00:00,1.3115,1.3116,1.3103,1.3109,16103.189368
2026-04-07 06:05:00,1.3109,1.3129,1.3097,1.3101,69012.91331
2026-04-07 06:10:00,1.3103,1.3112,1.3082,1.3091,78801.006134
2026-04-07 06:15:00,1.309,1.3099,1.3085,1.3089,23231.107991
2026-04-07 06:20:00,1.3089,1.3097,1.3076,1.3094,35119.721174
2026-04-07 06:25:00,1.3094,1.3103,1.309,1.309,63824.582146
2026-04-07 06:30:00,1.309,1.309,1.3069,1.307,48467.491557
2026-04-07 06:35:00,1.3072,1.3085,1.3069,1.3069,45480.163598
2026-04-07 06:40:00,1.3069,1.3097,1.3056,1.3096,348583.72404
2026-04-07 06:45:00,1.3099,1.3105,1.309,1.3101,39286.974243
2026-04-07 06:50:00,1.3102,1.3119,1.3101,1.3115,69432.912608
2026-04-07 06:55:00,1.3114,1.3116,1.3108,1.3114,29410.205593
2026-04-07 07:00:00,1.3112,1.3122,1.3108,1.3121,11250.553271
2026-04-07 07:05:00,1.3118,1.313,1.3117,1.3126,15992.680699
2026-04-07 07:10:00,1.3127,1.3142,1.3125,1.3139,25266.753835
2026-04-07 07:15:00,1.3139,1.3148,1.3138,1.3143,136287.540866
2026-04-07 07:20:00,1.3141,1.3158,1.3138,1.3158,260138.157002
2026-04-07 07:25:00,1.3157,1.317,1.3116,1.312,678625.405683
2026-04-07 07:30:00,1.3115,1.3144,1.3114,1.3135,41497.27669
2026-04-07 07:35:00,1.3135,1.3138,1.3121,1.3123,22520.209899
2026-04-07 07:40:00,1.3122,1.3128,1.3122,1.3127,12356.13466
2026-04-07 07:45:00,1.3127,1.3131,1.3116,1.3129,18490.370285
2026-04-07 07:50:00,1.3127,1.3131,1.312,1.3131,21034.581444
2026-04-07 07:55:00,1.3131,1.3136,1.3125,1.3126,52472.560802
2026-04-07 08:00:00,1.3126,1.3167,1.3123,1.3128,128324.32021
2026-04-07 08:05:00,1.3126,1.3127,1.3119,1.3124,17073.146797
2026-04-07 08:10:00,1.3125,1.3143,1.3124,1.313,61679.241075
2026-04-07 08:15:00,1.3129,1.3131,1.3112,1.312,26226.697913
2026-04-07 08:20:00,1.3123,1.3132,1.312,1.3125,39689.688876
2026-04-07 08:25:00,1.3124,1.3151,1.3111,1.3145,475396.850867
2026-04-07 08:30:00,1.3147,1.3178,1.3146,1.317,88238.239483
2026-04-07 08:35:00,1.3171,1.3177,1.3164,1.3175,42412.351526
2026-04-07 08:40:00,1.3173,1.3184,1.3172,1.3182,52136.298782
2026-04-07 08:45:00,1.3183,1.3193,1.3183,1.3188,14057.193434
2026-04-07 08:50:00,1.3186,1.3199,1.3184,1.3199,25785.906255
2026-04-07 08:55:00,1.3199,1.3234,1.3189,1.3198,748479.129289
2026-04-07 09:00:00,1.3199,1.32,1.3181,1.3192,113874.53363
2026-04-07 09:05:00,1.3191,1.3236,1.3183,1.3236,116804.899916
2026-04-07 09:10:00,1.3236,1.3248,1.3213,1.3213,62554.09821
2026-04-07 09:15:00,1.3213,1.322,1.3204,1.3217,94980.291627
2026-04-07 09:20:00,1.3216,1.3218,1.3199,1.3202,81427.231159
2026-04-07 09:25:00,1.3203,1.3206,1.3188,1.3194,24442.329964
2026-04-07 09:30:00,1.3196,1.3218,1.3194,1.3218,15995.972905
2026-04-07 09:35:00,1.3218,1.3222,1.3212,1.322,11227.086215
2026-04-07 09:40:00,1.322,1.3235,1.3219,1.3224,63307.130357
2026-04-07 09:45:00,1.3222,1.3222,1.3199,1.3205,40404.587174
2026-04-07 09:50:00,1.3206,1.3211,1.3202,1.3204,13326.778313
2026-04-07 09:55:00,1.3205,1.3206,1.3199,1.3202,12080.476602
2026-04-07 10:00:00,1.3202,1.3215,1.3191,1.3191,49018.756217
2026-04-07 10:05:00,1.3191,1.3192,1.3136,1.3168,284317.450602
2026-04-07 10:10:00,1.3166,1.317,1.3146,1.3161,70222.20257
2026-04-07 10:15:00,1.3159,1.3169,1.3159,1.3163,24395.05125
2026-04-07 10:20:00,1.3166,1.3181,1.3163,1.3165,31215.219045
2026-04-07 10:25:00,1.3164,1.3164,1.3115,1.3125,219099.950794
2026-04-07 10:30:00,1.3126,1.3131,1.3119,1.3127,31466.769561
2026-04-07 10:35:00,1.3125,1.3128,1.3097,1.3106,91427.246598
2026-04-07 10:40:00,1.3106,1.3113,1.3091,1.3099,64494.292281
2026-04-07 10:45:00,1.3097,1.3101,1.3086,1.3097,22034.875094
2026-04-07 10:50:00,1.3098,1.3104,1.306,1.3082,140639.68771
2026-04-07 10:55:00,1.3081,1.3089,1.3066,1.3073,52328.976252
2026-04-07 11:00:00,1.3073,1.3087,1.3055,1.3086,88020.897515
2026-04-07 11:05:00,1.3084,1.3089,1.3078,1.3079,60279.920776
2026-04-07 11:10:00,1.3079,1.309,1.3072,1.3079,74412.183098
2026-04-07 11:15:00,1.308,1.3093,1.3061,1.3061,26712.70277
2026-04-07 11:20:00,1.3061,1.3066,1.3044,1.3049,64233.022413
2026-04-07 11:25:00,1.3049,1.3074,1.3049,1.3061,54099.930958
2026-04-07 11:30:00,1.3061,1.3061,1.3032,1.3039,80245.075036
2026-04-07 11:35:00,1.3039,1.3068,1.3039,1.3055,50744.111765
2026-04-07 11:40:00,1.3056,1.3058,1.3045,1.3055,30016.658302
2026-04-07 11:45:00,1.3056,1.3061,1.3044,1.3061,24705.704161
2026-04-07 11:50:00,1.3063,1.3069,1.3058,1.306,18152.263088
2026-04-07 11:55:00,1.306,1.3067,1.306,1.3063,13360.984999
2026-04-07 12:00:00,1.3061,1.3073,1.3056,1.3072,37789.010433
2026-04-07 12:05:00,1.3075,1.3086,1.3011,1.3034,369813.609141
2026-04-07 12:10:00,1.3031,1.3056,1.3018,1.3044,150151.852879
2026-04-07 12:15:00,1.3044,1.3066,1.3027,1.3054,78783.022915
2026-04-07 12:20:00,1.3052,1.3081,1.3045,1.307,126806.922004
2026-04-07 12:25:00,1.3069,1.3077,1.3068,1.3076,44441.16634
2026-04-07 12:30:00,1.3077,1.3088,1.3061,1.3067,112037.09554
2026-04-07 12:35:00,1.3064,1.3071,1.3061,1.3069,53821.778734
2026-04-07 12:40:00,1.3068,1.3069,1.3042,1.3049,66751.799139
2026-04-07 12:45:00,1.3051,1.3063,1.3043,1.3044,31000.129386
2026-04-07 12:50:00,1.3045,1.3061,1.304,1.3059,42732.204131
2026-04-07 12:55:00,1.3059,1.3125,1.3055,1.3087,276992.716099
2026-04-07 13:00:00,1.3087,1.3093,1.3079,1.3086,38666.641472
2026-04-07 13:05:00,1.3087,1.3134,1.3087,1.3119,139429.412768
2026-04-07 13:10:00,1.3119,1.3126,1.3101,1.3117,76836.27885
2026-04-07 13:15:00,1.3118,1.3118,1.31,1.3102,26695.38378
2026-04-07 13:20:00,1.3102,1.3102,1.3074,1.3074,44982.10889
2026-04-07 13:25:00,1.3073,1.3075,1.3064,1.3075,14488.567365
2026-04-07 13:30:00,1.3076,1.3099,1.3067,1.3074,59685.629701
2026-04-07 13:35:00,1.3073,1.3088,1.3066,1.3072,55979.121285
2026-04-07 13:40:00,1.3071,1.3081,1.3056,1.3059,49663.959425
2026-04-07 13:45:00,1.3058,1.3062,1.3051,1.3056,59931.750887
2026-04-07 13:50:00,1.3056,1.3076,1.3052,1.3074,37499.787605
2026-04-07 13:55:00,1.3075,1.3076,1.3048,1.3048,40408.448131
2026-04-07 14:00:00,1.3048,1.3052,1.3024,1.3027,60605.545383
2026-04-07 14:05:00,1.3026,1.3027,1.2977,1.2986,238511.549808
2026-04-07 14:10:00,1.2987,1.3,1.2987,1.2995,31367.875896
2026-04-07 14:15:00,1.2996,1.3009,1.2984,1.3003,49062.920322
2026-04-07 14:20:00,1.3002,1.3054,1.2999,1.3041,96691.380557
2026-04-07 14:25:00,1.3039,1.3043,1.3024,1.304,17811.270881
2026-04-07 14:30:00,1.3038,1.3042,1.3012,1.3016,143691.324606
2026-04-07 14:35:00,1.3018,1.3018,1.2988,1.299,136747.878167
2026-04-07 14:40:00,1.2996,1.3003,1.2987,1.2991,67696.981096
2026-04-07 14:45:00,1.2991,1.3036,1.299,1.3012,80151.996028
2026-04-07 14:50:00,1.3014,1.3014,1.2992,1.2995,39825.70433
2026-04-07 14:55:00,1.2994,1.2994,1.2966,1.2966,62788.673458
2026-04-07 15:00:00,1.2965,1.2979,1.296,1.2976,101528.489475
2026-04-07 15:05:00,1.2975,1.2975,1.2949,1.2966,104617.083478
2026-04-07 15:10:00,1.2966,1.2988,1.2966,1.2969,66406.308439
2026-04-07 15:15:00,1.297,1.3023,1.297,1.3001,193313.489359
2026-04-07 15:20:00,1.3,1.3005,1.299,1.2996,45961.38108
2026-04-07 15:25:00,1.2996,1.3016,1.2996,1.3005,38039.415064
2026-04-07 15:30:00,1.3005,1.3009,1.2994,1.2996,44401.420336
2026-04-07 15:35:00,1.2996,1.3007,1.2988,1.2997,78323.04911
2026-04-07 15:40:00,1.2998,1.2999,1.2979,1.298,35070.808694
2026-04-07 15:45:00,1.298,1.2983,1.2973,1.2976,33840.641446
2026-04-07 15:50:00,1.2977,1.2979,1.2964,1.2975,49558.075199
2026-04-07 15:55:00,1.2976,1.3001,1.2971,1.2974,153577.344092
2026-04-07 16:00:00,1.2974,1.3027,1.2971,1.3003,379149.659265
2026-04-07 16:05:00,1.3001,1.3007,1.2978,1.2979,84367.129442
2026-04-07 16:10:00,1.2979,1.2983,1.2973,1.2973,62131.907521
2026-04-07 16:15:00,1.2973,1.2977,1.2959,1.296,117825.612696
2026-04-07 16:20:00,1.296,1.2997,1.2955,1.299,164340.149223
2026-04-07 16:25:00,1.2992,1.3014,1.2992,1.3012,62193.804133
2026-04-07 16:30:00,1.3012,1.3023,1.3001,1.3023,34554.574429
2026-04-07 16:35:00,1.3023,1.3026,1.3014,1.302,30746.239393
2026-04-07 16:40:00,1.3024,1.3033,1.3016,1.3021,48764.819959
2026-04-07 16:45:00,1.3022,1.3033,1.302,1.3021,25025.782314
2026-04-07 16:50:00,1.3019,1.3024,1.3002,1.3008,29918.756977
2026-04-07 16:55:00,1.3009,1.3017,1.3003,1.3007,38855.244058
2026-04-07 17:00:00,1.3007,1.3024,1.3004,1.3019,81070.038108
2026-04-07 17:05:00,1.3016,1.3016,1.3005,1.3006,37846.542252
2026-04-07 17:10:00,1.3007,1.301,1.2995,1.2999,36704.980945
2026-04-07 17:15:00,1.2999,1.3006,1.2993,1.3004,51245.516954
2026-04-07 17:20:00,1.3005,1.3029,1.2997,1.3026,48336.47278
2026-04-07 17:25:00,1.3026,1.3028,1.3021,1.3022,21658.218006
2026-04-07 17:30:00,1.3021,1.3063,1.3021,1.3056,61114.340022
2026-04-07 17:35:00,1.3055,1.3149,1.3053,1.3087,325175.68936
2026-04-07 17:40:00,1.3088,1.3099,1.3082,1.3084,41680.936226
2026-04-07 17:45:00,1.3083,1.3097,1.3079,1.3092,61344.030577
2026-04-07 17:50:00,1.3091,1.3097,1.3086,1.309,45002.351398
2026-04-07 17:55:00,1.309,1.3094,1.3081,1.3086,79766.812763
2026-04-07 18:00:00,1.3086,1.3097,1.308,1.3083,56236.271737
2026-04-07 18:05:00,1.3084,1.3091,1.3079,1.308,10908.643636
2026-04-07 18:10:00,1.308,1.3089,1.3068,1.3088,28965.542144
2026-04-07 18:15:00,1.3088,1.3091,1.3076,1.3087,31148.767007
2026-04-07 18:20:00,1.3087,1.309,1.3071,1.3076,27134.078495
2026-04-07 18:25:00,1.3078,1.3087,1.3075,1.3086,25426.226423
2026-04-07 18:30:00,1.3085,1.309,1.308,1.3082,29922.912924
2026-04-07 18:35:00,1.3082,1.3082,1.3053,1.3055,11927.392032
2026-04-07 18:40:00,1.3055,1.3057,1.303,1.3037,35031.119154
2026-04-07 18:45:00,1.3037,1.3037,1.3021,1.3024,60577.489511
2026-04-07 18:50:00,1.3023,1.3033,1.3008,1.3009,121624.003947
2026-04-07 18:55:00,1.3009,1.3023,1.3002,1.3021,26717.666777
2026-04-07 19:00:00,1.302,1.3033,1.3015,1.3028,18755.831834
2026-04-07 19:05:00,1.3029,1.3056,1.3017,1.3037,102659.810534
2026-04-07 19:10:00,1.3037,1.3043,1.3029,1.3036,39859.116033
2026-04-07 19:15:00,1.3037,1.3081,1.3036,1.3081,45373.669142
2026-04-07 19:20:00,1.308,1.3106,1.3067,1.3079,72887.575364
2026-04-07 19:25:00,1.3079,1.3086,1.3068,1.308,33544.645174
2026-04-07 19:30:00,1.3079,1.3079,1.305,1.305,53126.335163
2026-04-07 19:35:00,1.305,1.3061,1.3042,1.3058,29492.26755
2026-04-07 19:40:00,1.3058,1.3071,1.3052,1.306,35178.41783
2026-04-07 19:45:00,1.306,1.3149,1.3056,1.3116,367931.142698
2026-04-07 19:50:00,1.3116,1.315,1.3116,1.3143,124724.853731
2026-04-07 19:55:00,1.3142,1.3166,1.313,1.3143,258305.945137
2026-04-07 20:00:00,1.3143,1.3192,1.3139,1.3175,313132.2904
2026-04-07 20:05:00,1.3177,1.3214,1.3174,1.3199,103143.749941
2026-04-07 20:10:00,1.32,1.3203,1.3175,1.3183,43933.966293
2026-04-07 20:15:00,1.3184,1.3196,1.3159,1.3186,52803.15829
2026-04-07 20:20:00,1.3185,1.3187,1.3161,1.3164,46238.612312
2026-04-07 20:25:00,1.3164,1.3186,1.3162,1.3179,10969.811654
2026-04-07 20:30:00,1.318,1.3205,1.318,1.3196,29696.446318
2026-04-07 20:35:00,1.3195,1.3201,1.3176,1.3191,67397.996426
2026-04-07 20:40:00,1.319,1.3221,1.3187,1.3198,83768.472399
2026-04-07 20:45:00,1.3197,1.3198,1.3173,1.3177,75729.173999
2026-04-07 20:50:00,1.3176,1.3181,1.3153,1.3156,54677.048998
2026-04-07 20:55:00,1.3156,1.3182,1.3156,1.3182,19249.442791
2026-04-07 21:00:00,1.3182,1.3202,1.318,1.3201,54700.316023
2026-04-07 21:05:00,1.32,1.3326,1.3199,1.3319,379908.491773
2026-04-07 21:10:00,1.3319,1.3396,1.3312,1.3338,402269.947244
2026-04-07 21:15:00,1.3337,1.3347,1.3289,1.3298,164496.613943
2026-04-07 21:20:00,1.3299,1.3313,1.3296,1.3304,125122.901113
2026-04-07 21:25:00,1.3302,1.3308,1.3271,1.3283,87683.447046
2026-04-07 21:30:00,1.3282,1.3311,1.3282,1.3307,54545.60163
2026-04-07 21:35:00,1.3308,1.3359,1.3308,1.3357,146228.144267
2026-04-07 21:40:00,1.3356,1.337,1.334,1.337,128143.69309
2026-04-07 21:45:00,1.3369,1.3403,1.3369,1.3388,162941.112089
2026-04-07 21:50:00,1.3391,1.3404,1.3351,1.3376,250780.767091
2026-04-07 21:55:00,1.3376,1.3384,1.3357,1.338,61123.467331
2026-04-07 22:00:00,1.3382,1.3424,1.3366,1.3379,162664.647564
2026-04-07 22:05:00,1.3379,1.3433,1.3375,1.3379,198764.177469
2026-04-07 22:10:00,1.3378,1.3417,1.3375,1.341,90574.903631
2026-04-07 22:15:00,1.341,1.3414,1.3379,1.3382,67870.904667
2026-04-07 22:20:00,1.3382,1.3427,1.3376,1.3411,156798.154403
2026-04-07 22:25:00,1.341,1.3435,1.3404,1.3422,114050.892347
2026-04-07 22:30:00,1.3421,1.3543,1.3413,1.3508,678100.095561
2026-04-07 22:35:00,1.351,1.3642,1.3497,1.3604,599019.95671
2026-04-07 22:40:00,1.3604,1.3628,1.3514,1.3549,412668.690045
2026-04-07 22:45:00,1.3549,1.3633,1.3534,1.3629,434746.866842
2026-04-07 22:50:00,1.3628,1.3676,1.3613,1.3648,245816.35989
2026-04-07 22:55:00,1.3654,1.374,1.3647,1.3736,337639.405378
2026-04-07 23:00:00,1.3737,1.3784,1.373,1.3734,396462.092858
2026-04-07 23:05:00,1.3738,1.3756,1.3706,1.3737,443304.557441
2026-04-07 23:10:00,1.3734,1.3753,1.369,1.3709,228203.978502
2026-04-07 23:15:00,1.3709,1.3738,1.3671,1.3734,314584.244981
2026-04-07 23:20:00,1.3728,1.3877,1.3728,1.3848,839889.756591
2026-04-07 23:25:00,1.3848,1.3965,1.3838,1.3961,588928.021731
2026-04-07 23:30:00,1.396,1.396,1.3895,1.3901,462069.753477
2026-04-07 23:35:00,1.3902,1.3905,1.3859,1.3864,240568.054942
2026-04-07 23:40:00,1.3864,1.3875,1.3823,1.3851,236021.776493
2026-04-07 23:45:00,1.3853,1.3891,1.3841,1.3862,155917.916084
2026-04-07 23:50:00,1.3864,1.3872,1.381,1.381,193609.7964
2026-04-07 23:55:00,1.3809,1.3812,1.3787,1.3787,193120.785629
2026-04-08 00:00:00,1.3786,1.3839,1.3761,1.3776,448024.227319
2026-04-08 00:05:00,1.3776,1.3798,1.373,1.3734,181185.787521
2026-04-08 00:10:00,1.3737,1.3779,1.3732,1.3751,121378.108907
2026-04-08 00:15:00,1.3751,1.3751,1.3726,1.3739,138738.291084
2026-04-08 00:20:00,1.3738,1.3746,1.3692,1.3695,158024.152677
2026-04-08 00:25:00,1.3697,1.3716,1.3692,1.3704,118909.541437
2026-04-08 00:30:00,1.3705,1.3707,1.3636,1.3647,194272.93609
2026-04-08 00:35:00,1.365,1.3681,1.3642,1.3668,69370.057459
2026-04-08 00:40:00,1.3667,1.3675,1.3639,1.3647,177765.297746
2026-04-08 00:45:00,1.3647,1.365,1.3601,1.364,546205.424534
2026-04-08 00:50:00,1.3643,1.3666,1.3639,1.3646,88964.704321
2026-04-08 00:55:00,1.3647,1.3667,1.3633,1.3665,85174.440066
2026-04-08 01:00:00,1.3666,1.3679,1.3651,1.3651,59388.409473
2026-04-08 01:05:00,1.3651,1.3706,1.3636,1.3704,65893.349961
2026-04-08 01:10:00,1.3703,1.3707,1.3691,1.3699,37377.372575
2026-04-08 01:15:00,1.3698,1.3703,1.3668,1.3673,54903.671557
2026-04-08 01:20:00,1.3673,1.3687,1.3659,1.3659,43105.160264
2026-04-08 01:25:00,1.3659,1.3662,1.3652,1.3659,16435.591358
2026-04-08 01:30:00,1.3659,1.3668,1.3653,1.3668,32282.959358
2026-04-08 01:35:00,1.3665,1.3693,1.366,1.3685,12972.350647
2026-04-08 01:40:00,1.3687,1.3698,1.3681,1.3687,34092.99887
2026-04-08 01:45:00,1.3685,1.3711,1.3683,1.3697,33111.678338
2026-04-08 01:50:00,1.3696,1.3732,1.3694,1.3717,27316.969473
2026-04-08 01:55:00,1.3717,1.372,1.3697,1.3697,17243.936553
2026-04-08 02:00:00,1.3701,1.3729,1.3685,1.3707,29683.338691
2026-04-08 02:05:00,1.3709,1.3755,1.3702,1.375,34334.963448
2026-04-08 02:10:00,1.3749,1.3762,1.3744,1.3748,21559.263354
2026-04-08 02:15:00,1.3748,1.375,1.372,1.3721,29950.642257
2026-04-08 02:20:00,1.3723,1.3723,1.3698,1.3719,37405.057185
2026-04-08 02:25:00,1.372,1.3724,1.3709,1.3722,21568.495159
2026-04-08 02:30:00,1.372,1.3729,1.3708,1.3721,54771.836696
2026-04-08 02:35:00,1.3722,1.3737,1.3703,1.3724,25880.12668
2026-04-08 02:40:00,1.3724,1.3724,1.3704,1.372,50215.910305
2026-04-08 02:45:00,1.3718,1.372,1.3703,1.3719,36654.11197
2026-04-08 02:50:00,1.3718,1.3735,1.3715,1.3732,33988.883795
2026-04-08 02:55:00,1.3728,1.3744,1.3722,1.3744,18966.397189
2026-04-08 03:00:00,1.3744,1.3769,1.3742,1.3766,63909.354455
2026-04-08 03:05:00,1.3765,1.3779,1.371,1.3726,737777.138711
2026-04-08 03:10:00,1.3724,1.3726,1.3705,1.3708,32186.813284
2026-04-08 03:15:00,1.3706,1.3713,1.3691,1.3691,37386.848466
2026-04-08 03:20:00,1.369,1.3702,1.369,1.3692,18792.923437
2026-04-08 03:25:00,1.3691,1.3717,1.3687,1.3714,47444.644724
2026-04-08 03:30:00,1.3712,1.3726,1.3701,1.3718,39723.95387
2026-04-08 03:35:00,1.3718,1.3729,1.3715,1.3715,16100.95975
2026-04-08 03:40:00,1.3717,1.3727,1.371,1.3717,51196.266828
2026-04-08 03:45:00,1.3717,1.3726,1.3703,1.3704,169815.628556
2026-04-08 03:50:00,1.3701,1.3713,1.3699,1.3702,46704.425381
2026-04-08 03:55:00,1.3703,1.3706,1.3697,1.3703,26353.537111
2026-04-08 04:00:00,1.3701,1.3724,1.3694,1.3694,64229.309113
2026-04-08 04:05:00,1.3693,1.3762,1.3692,1.373,235244.331953
2026-04-08 04:10:00,1.3729,1.3762,1.3719,1.3743,587485.303844
2026-04-08 04:15:00,1.3741,1.3752,1.3738,1.3744,47103.700858
2026-04-08 04:20:00,1.3741,1.3758,1.3741,1.3747,27006.634315
2026-04-08 04:25:00,1.3745,1.3768,1.3745,1.3763,9098.389524
2026-04-08 04:30:00,1.3761,1.3761,1.3748,1.3753,60301.24716
2026-04-08 04:35:00,1.3754,1.3779,1.3749,1.3768,23849.234942
2026-04-08 04:40:00,1.3769,1.3778,1.3769,1.3773,163709.003408
2026-04-08 04:45:00,1.3774,1.3779,1.3767,1.3772,12864.376553
2026-04-08 04:50:00,1.3772,1.3779,1.3764,1.3767,19226.012757
2026-04-08 04:55:00,1.3767,1.3776,1.376,1.3761,30044.895657
2026-04-08 05:00:00,1.3761,1.3779,1.3761,1.3778,29292.423552
2026-04-08 05:05:00,1.3779,1.3791,1.3779,1.3787,47562.694231
2026-04-08 05:10:00,1.3787,1.38,1.3787,1.38,48840.08149
2026-04-08 05:15:00,1.3799,1.3823,1.3799,1.3818,127110.983084
2026-04-08 05:20:00,1.3819,1.3859,1.3819,1.3859,93835.267976
2026-04-08 05:25:00,1.386,1.3874,1.3843,1.3856,114901.875368
2026-04-08 05:30:00,1.3854,1.3854,1.3829,1.3836,113378.298155
2026-04-08 05:35:00,1.3831,1.3843,1.3829,1.3837,21413.171061
2026-04-08 05:40:00,1.3837,1.3845,1.3819,1.3826,55462.74733
2026-04-08 05:45:00,1.3825,1.3835,1.3817,1.3835,23063.484648
2026-04-08 05:50:00,1.3835,1.3878,1.3835,1.3861,77327.721898
2026-04-08 05:55:00,1.3859,1.3859,1.3836,1.3848,36358.61105
2026-04-08 06:00:00,1.3848,1.3849,1.3819,1.3829,30620.298059
2026-04-08 06:05:00,1.3829,1.3839,1.3817,1.3822,60116.745034
2026-04-08 06:10:00,1.3823,1.3854,1.3823,1.3849,26035.673873
2026-04-08 06:15:00,1.3848,1.3863,1.3838,1.385,43333.255221
2026-04-08 06:20:00,1.3851,1.3863,1.3844,1.3863,60414.85718
2026-04-08 06:25:00,1.3861,1.3868,1.3845,1.3847,85841.114663
2026-04-08 06:30:00,1.3848,1.3848,1.3824,1.3827,49651.741106
2026-04-08 06:35:00,1.3827,1.3843,1.3821,1.3821,82829.719289
2026-04-08 06:40:00,1.382,1.3822,1.3806,1.3809,30166.150002
2026-04-08 06:45:00,1.381,1.3815,1.3806,1.3807,30417.603834
2026-04-08 06:50:00,1.3807,1.3814,1.3796,1.3799,30922.456731
2026-04-08 06:55:00,1.3798,1.38,1.3796,1.3799,13472.267813
2026-04-08 07:00:00,1.38,1.3811,1.3784,1.3791,30475.132355
2026-04-08 07:05:00,1.3791,1.3803,1.379,1.3803,14150.708014
2026-04-08 07:10:00,1.3804,1.3814,1.3794,1.3807,31552.819073
2026-04-08 07:15:00,1.3807,1.3818,1.3802,1.3817,20379.814055
2026-04-08 07:20:00,1.3819,1.3846,1.3815,1.3839,77487.684678
2026-04-08 07:25:00,1.3839,1.3845,1.3822,1.3822,62593.307446
2026-04-08 07:30:00,1.3821,1.3821,1.3776,1.3778,25446.237991
2026-04-08 07:35:00,1.3777,1.3791,1.3776,1.3776,23079.0614
2026-04-08 07:40:00,1.3777,1.3791,1.3777,1.3791,29589.085134
2026-04-08 07:45:00,1.3791,1.3796,1.3786,1.3786,20965.222503
2026-04-08 07:50:00,1.3785,1.3794,1.3781,1.3791,47486.607732
2026-04-08 07:55:00,1.379,1.3799,1.3784,1.3799,23965.97776
2026-04-08 08:00:00,1.3799,1.3823,1.3797,1.3809,47090.415396
2026-04-08 08:05:00,1.3812,1.3828,1.3812,1.3818,15536.884146
2026-04-08 08:10:00,1.3816,1.3818,1.3806,1.3808,14304.63442
2026-04-08 08:15:00,1.3807,1.3827,1.3803,1.3823,16302.480824
2026-04-08 08:20:00,1.3822,1.3822,1.3808,1.381,10338.842029
2026-04-08 08:25:00,1.3811,1.3818,1.3804,1.3809,23547.637586
2026-04-08 08:30:00,1.381,1.3838,1.3808,1.3836,12751.39216
2026-04-08 08:35:00,1.3836,1.3837,1.3809,1.3816,47781.837441
2026-04-08 08:40:00,1.3814,1.3818,1.378,1.3791,28341.118919
2026-04-08 08:45:00,1.3791,1.381,1.3787,1.3802,40995.668703
2026-04-08 08:50:00,1.38,1.3809,1.379,1.3795,8637.312525
2026-04-08 08:55:00,1.3795,1.3817,1.3795,1.3813,28202.379454
2026-04-08 09:00:00,1.3813,1.383,1.3813,1.383,46634.0392
2026-04-08 09:05:00,1.3832,1.3845,1.3825,1.3825,36923.594358
2026-04-08 09:10:00,1.3826,1.3844,1.3826,1.3837,40538.137487
2026-04-08 09:15:00,1.3836,1.3874,1.3824,1.3857,213441.754237
2026-04-08 09:20:00,1.3856,1.3856,1.3826,1.3847,60993.277592
2026-04-08 09:25:00,1.3845,1.3845,1.3808,1.3808,30091.257356
2026-04-08 09:30:00,1.3807,1.3817,1.3801,1.3812,101855.431525
2026-04-08 09:35:00,1.3814,1.3815,1.3785,1.3785,89469.687138
2026-04-08 09:40:00,1.3786,1.3795,1.3779,1.3779,91556.583507
2026-04-08 09:45:00,1.378,1.3803,1.3779,1.3801,20869.510237
2026-04-08 09:50:00,1.3801,1.3814,1.38,1.3813,24222.03836
2026-04-08 09:55:00,1.3814,1.382,1.3809,1.381,7528.608775
2026-04-08 10:00:00,1.3811,1.3838,1.3811,1.3822,41661.861503
2026-04-08 10:05:00,1.3821,1.3837,1.3813,1.3816,140199.132787
2026-04-08 10:10:00,1.3815,1.382,1.3791,1.3814,133925.418676
2026-04-08 10:15:00,1.3815,1.3835,1.3814,1.3835,98172.839377
2026-04-08 10:20:00,1.3835,1.3835,1.3827,1.3833,28280.763585
2026-04-08 10:25:00,1.3832,1.3837,1.3815,1.3817,167763.968056
2026-04-08 10:30:00,1.3817,1.3823,1.3786,1.3793,119005.57351
2026-04-08 10:35:00,1.3794,1.3811,1.3791,1.3809,58744.503724
2026-04-08 10:40:00,1.381,1.3818,1.3801,1.3813,43120.462868
2026-04-08 10:45:00,1.3812,1.384,1.3812,1.3833,114039.41845
2026-04-08 10:50:00,1.3833,1.3847,1.3833,1.3846,319964.171969
2026-04-08 10:55:00,1.3847,1.3847,1.3831,1.3837,300772.377215
2026-04-08 11:00:00,1.3836,1.3853,1.3828,1.385,348393.59307
2026-04-08 11:05:00,1.3848,1.386,1.3813,1.3821,621333.847334
2026-04-08 11:10:00,1.3822,1.3841,1.3815,1.3826,26174.463252
2026-04-08 11:15:00,1.3827,1.3832,1.3808,1.3812,24883.339289
2026-04-08 11:20:00,1.381,1.3813,1.3789,1.3794,48698.037074
2026-04-08 11:25:00,1.3794,1.381,1.3794,1.3802,80276.140139
2026-04-08 11:30:00,1.3803,1.3804,1.3766,1.3777,100632.473423
2026-04-08 11:35:00,1.3776,1.3776,1.3717,1.3728,135144.392945
2026-04-08 11:40:00,1.3728,1.3741,1.3728,1.3731,78038.534989
2026-04-08 11:45:00,1.3731,1.3757,1.3723,1.3749,135223.906364
2026-04-08 11:50:00,1.375,1.3781,1.375,1.3777,42458.664925
2026-04-08 11:55:00,1.3777,1.3784,1.3775,1.3782,33876.870558
2026-04-08 12:00:00,1.3782,1.3812,1.3782,1.3801,64663.547081
2026-04-08 12:05:00,1.38,1.38,1.3779,1.3788,45173.622207
2026-04-08 12:10:00,1.3789,1.3806,1.3787,1.3805,42126.865663
2026-04-08 12:15:00,1.3804,1.3806,1.3773,1.378,40284.452391
2026-04-08 12:20:00,1.3777,1.3782,1.3745,1.3752,145357.810959
2026-04-08 12:25:00,1.3751,1.3791,1.375,1.3788,85234.061223
2026-04-08 12:30:00,1.3788,1.3815,1.3781,1.3809,232687.03038
2026-04-08 12:35:00,1.381,1.383,1.381,1.3818,95604.124475
2026-04-08 12:40:00,1.3817,1.382,1.3807,1.3818,45269.596614
2026-04-08 12:45:00,1.3818,1.3831,1.3809,1.3829,60494.307989
2026-04-08 12:50:00,1.3829,1.3839,1.3822,1.3824,50681.705834
2026-04-08 12:55:00,1.3825,1.3837,1.3803,1.3804,106221.254272
2026-04-08 13:00:00,1.3804,1.3827,1.38,1.3821,103357.298598
2026-04-08 13:05:00,1.3821,1.3899,1.3818,1.3876,149292.110137
2026-04-08 13:10:00,1.3876,1.3878,1.3833,1.3857,283681.943924
2026-04-08 13:15:00,1.3859,1.3892,1.3854,1.3863,134521.740804
2026-04-08 13:20:00,1.3862,1.3862,1.3829,1.3847,85632.35741
2026-04-08 13:25:00,1.3848,1.3856,1.384,1.3849,42234.024667
2026-04-08 13:30:00,1.385,1.3881,1.3812,1.3836,241111.432381
2026-04-08 13:35:00,1.3836,1.384,1.3779,1.3782,150018.165458
2026-04-08 13:40:00,1.3784,1.3798,1.3755,1.3759,192628.709543
2026-04-08 13:45:00,1.3758,1.3795,1.3751,1.3786,156061.242172
2026-04-08 13:50:00,1.3786,1.379,1.3745,1.3745,110246.152838
2026-04-08 13:55:00,1.3746,1.3767,1.3739,1.3745,110082.587895
2026-04-08 14:00:00,1.3743,1.3752,1.3733,1.3733,83984.693673
2026-04-08 14:05:00,1.3733,1.3745,1.3677,1.3678,385901.601127
2026-04-08 14:10:00,1.3677,1.3726,1.3673,1.3716,121929.666537
2026-04-08 14:15:00,1.3717,1.3732,1.3679,1.368,42759.372282
2026-04-08 14:20:00,1.368,1.3696,1.3654,1.3672,76712.976219
2026-04-08 14:25:00,1.3673,1.3682,1.3663,1.3663,81485.140689
2026-04-08 14:30:00,1.3664,1.3672,1.3544,1.3544,487058.902366
2026-04-08 14:35:00,1.3544,1.3586,1.3526,1.3565,381635.221272
2026-04-08 14:40:00,1.3565,1.3597,1.3536,1.3544,223301.208291
2026-04-08 14:45:00,1.3544,1.3562,1.3502,1.3548,189311.093644
2026-04-08 14:50:00,1.3549,1.3549,1.3468,1.3499,399269.553642
2026-04-08 14:55:00,1.3498,1.3504,1.3452,1.3504,200345.516221
2026-04-08 15:00:00,1.3505,1.3524,1.349,1.3523,94727.391703
2026-04-08 15:05:00,1.3521,1.3537,1.3501,1.3501,108521.931845
2026-04-08 15:10:00,1.35,1.3527,1.3493,1.3526,146616.693657
2026-04-08 15:15:00,1.3527,1.3547,1.3508,1.3546,94577.779798
2026-04-08 15:20:00,1.3546,1.3551,1.3533,1.355,65905.756725
2026-04-08 15:25:00,1.355,1.3551,1.3539,1.3542,18689.502017
2026-04-08 15:30:00,1.3545,1.355,1.3528,1.3541,41131.176579
2026-04-08 15:35:00,1.3543,1.357,1.3543,1.3548,89811.900736
2026-04-08 15:40:00,1.3547,1.3558,1.3543,1.3554,29726.625568
2026-04-08 15:45:00,1.3558,1.3569,1.3551,1.3554,13696.675067
2026-04-08 15:50:00,1.3557,1.3557,1.3531,1.3542,49991.256022
2026-04-08 15:55:00,1.3542,1.3555,1.3536,1.3548,26962.641561
2026-04-08 16:00:00,1.3549,1.3561,1.3542,1.3545,68268.101101
2026-04-08 16:05:00,1.3558,1.3585,1.3557,1.3571,128959.975731
2026-04-08 16:10:00,1.3574,1.3575,1.355,1.3562,23798.974731
2026-04-08 16:15:00,1.3563,1.3581,1.3555,1.3577,34299.859127
2026-04-08 16:20:00,1.3575,1.3588,1.3566,1.3586,13432.252216
2026-04-08 16:25:00,1.3585,1.359,1.356,1.356,12567.922218
2026-04-08 16:30:00,1.3559,1.3559,1.3525,1.354,49830.756258
2026-04-08 16:35:00,1.3542,1.3562,1.3542,1.3559,5806.024651
2026-04-08 16:40:00,1.3559,1.3575,1.3558,1.3566,30000.327341
2026-04-08 16:45:00,1.3567,1.3591,1.3558,1.3587,26526.744787
2026-04-08 16:50:00,1.3586,1.3588,1.3565,1.3575,75335.822048
2026-04-08 16:55:00,1.3575,1.3599,1.3573,1.3573,45417.177809
2026-04-08 17:00:00,1.3573,1.3602,1.3568,1.359,88931.046097
2026-04-08 17:05:00,1.3587,1.3597,1.3584,1.3591,9459.649487
2026-04-08 17:10:00,1.3589,1.3608,1.3589,1.3599,11089.766529
2026-04-08 17:15:00,1.3599,1.3599,1.3583,1.3594,20704.295684
2026-04-08 17:20:00,1.3593,1.3593,1.357,1.3571,26556.239585
2026-04-08 17:25:00,1.3573,1.3581,1.3546,1.3565,82661.319148
2026-04-08 17:30:00,1.3565,1.3578,1.3549,1.3571,203461.251504
2026-04-08 17:35:00,1.3571,1.3637,1.3568,1.3616,76902.145792
2026-04-08 17:40:00,1.3613,1.3621,1.3599,1.3614,81495.308906
2026-04-08 17:45:00,1.3615,1.3625,1.3608,1.3619,75578.29058
2026-04-08 17:50:00,1.3618,1.3622,1.3606,1.3608,36008.165889
2026-04-08 17:55:00,1.3609,1.3624,1.3608,1.3624,9595.011095
2026-04-08 18:00:00,1.3623,1.3628,1.3602,1.3612,137513.391894
2026-04-08 18:05:00,1.3613,1.3617,1.3599,1.3599,36736.718295
2026-04-08 18:10:00,1.3599,1.3599,1.358,1.3592,50456.003183
2026-04-08 18:15:00,1.3593,1.3602,1.3543,1.3551,138655.489031
2026-04-08 18:20:00,1.3549,1.3561,1.3538,1.3538,82612.213056
2026-04-08 18:25:00,1.3537,1.3552,1.3531,1.3544,79594.827014
2026-04-08 18:30:00,1.3544,1.3567,1.3544,1.3567,22775.954035
2026-04-08 18:35:00,1.3567,1.3569,1.3549,1.355,23930.72778
2026-04-08 18:40:00,1.3547,1.3547,1.3515,1.3516,57282.335121
2026-04-08 18:45:00,1.3517,1.3528,1.3513,1.3515,118258.027029
2026-04-08 18:50:00,1.3512,1.3512,1.3489,1.3492,77737.625764
2026-04-08 18:55:00,1.3493,1.3494,1.3475,1.3484,35167.196985
2026-04-08 19:00:00,1.3484,1.3489,1.3462,1.3481,133419.891398
2026-04-08 19:05:00,1.3481,1.3497,1.3477,1.3489,22783.596129
2026-04-08 19:10:00,1.349,1.3507,1.3486,1.3488,42422.946687
2026-04-08 19:15:00,1.3489,1.3497,1.347,1.348,15208.847785
2026-04-08 19:20:00,1.3479,1.3479,1.3445,1.347,35682.880318
2026-04-08 19:25:00,1.347,1.3479,1.345,1.345,58609.495536
2026-04-08 19:30:00,1.345,1.3468,1.3446,1.3457,57584.166463
2026-04-08 19:35:00,1.3458,1.3485,1.3453,1.3475,122218.8658
2026-04-08 19:40:00,1.3472,1.3477,1.3457,1.3476,32944.671115
2026-04-08 19:45:00,1.3477,1.3497,1.3477,1.3494,43239.147516
2026-04-08 19:50:00,1.3494,1.3498,1.3481,1.3481,38836.005517
2026-04-08 19:55:00,1.3481,1.3521,1.3474,1.352,240926.09545
2026-04-08 20:00:00,1.3519,1.3527,1.3507,1.3522,81274.915819
2026-04-08 20:05:00,1.3523,1.3537,1.3518,1.3524,38334.233602
2026-04-08 20:10:00,1.3524,1.353,1.3516,1.352,51554.626552
2026-04-08 20:15:00,1.3522,1.3533,1.3511,1.3515,37900.220529
2026-04-08 20:20:00,1.3515,1.3515,1.3497,1.3501,11551.850975
2026-04-08 20:25:00,1.3501,1.3502,1.3497,1.3502,4428.360053
2026-04-08 20:30:00,1.3502,1.3513,1.3496,1.3501,21412.826728
2026-04-08 20:35:00,1.35,1.3501,1.3464,1.3478,23440.517701
2026-04-08 20:40:00,1.3479,1.3479,1.3467,1.3472,7636.882411
2026-04-08 20:45:00,1.3473,1.3478,1.3464,1.3473,27854.954487
2026-04-08 20:50:00,1.3474,1.3485,1.3472,1.3483,14071.267464
2026-04-08 20:55:00,1.3483,1.3487,1.3475,1.3487,13223.740103
2026-04-08 21:00:00,1.3488,1.3489,1.3479,1.3479,8930.133751
2026-04-08 21:05:00,1.3481,1.3498,1.3481,1.3495,10151.634372
2026-04-08 21:10:00,1.3495,1.3531,1.3495,1.3518,34471.654156
2026-04-08 21:15:00,1.3518,1.3533,1.3518,1.3527,10869.074948
2026-04-08 21:20:00,1.3528,1.3563,1.3528,1.3551,31540.217673
2026-04-08 21:25:00,1.355,1.3573,1.355,1.3559,49580.870884
2026-04-08 21:30:00,1.356,1.357,1.3549,1.3549,26956.300966
2026-04-08 21:35:00,1.3545,1.3562,1.3536,1.354,36007.211982
2026-04-08 21:40:00,1.3543,1.3548,1.3519,1.3522,72900.301061
2026-04-08 21:45:00,1.3522,1.3543,1.3521,1.3534,16939.921546
2026-04-08 21:50:00,1.3534,1.354,1.3533,1.3535,17200.813952
2026-04-08 21:55:00,1.3534,1.3536,1.3526,1.3529,8647.452607
2026-04-08 22:00:00,1.3531,1.3535,1.3501,1.3501,15500.347147
2026-04-08 22:05:00,1.3502,1.3515,1.3502,1.3508,15609.231081
2026-04-08 22:10:00,1.3506,1.3509,1.3487,1.3495,7158.864097
2026-04-08 22:15:00,1.3497,1.3504,1.3481,1.3485,20653.14152
2026-04-08 22:20:00,1.3485,1.3496,1.3463,1.3483,53412.265698
2026-04-08 22:25:00,1.3484,1.3491,1.3459,1.346,53266.413219
2026-04-08 22:30:00,1.3461,1.3491,1.3448,1.3491,58029.470444
2026-04-08 22:35:00,1.349,1.3504,1.3487,1.3495,63555.244556
2026-04-08 22:40:00,1.3495,1.3495,1.348,1.3485,33051.11913
2026-04-08 22:45:00,1.3484,1.3492,1.3483,1.349,26001.695451
2026-04-08 22:50:00,1.349,1.3492,1.3471,1.3473,37796.261499
2026-04-08 22:55:00,1.3473,1.3473,1.3446,1.3447,27214.920354
2026-04-08 23:00:00,1.3446,1.3446,1.34,1.3409,231678.934391
2026-04-08 23:05:00,1.3409,1.343,1.3405,1.3407,65062.514585
2026-04-08 23:10:00,1.3404,1.3445,1.3404,1.3444,20970.295615
2026-04-08 23:15:00,1.3441,1.3462,1.3409,1.3411,137988.652551
2026-04-08 23:20:00,1.3411,1.3428,1.3389,1.3405,476678.679911
2026-04-08 23:25:00,1.3407,1.3409,1.3395,1.3405,30386.418905
2026-04-08 23:30:00,1.3404,1.3415,1.3396,1.3408,20436.173326
2026-04-08 23:35:00,1.3409,1.3424,1.3405,1.3407,30702.021515
2026-04-08 23:40:00,1.3409,1.3418,1.3406,1.3411,19421.907836
2026-04-08 23:45:00,1.3411,1.343,1.341,1.343,20025.285038
2026-04-08 23:50:00,1.343,1.3437,1.3415,1.3416,12171.162993
2026-04-08 23:55:00,1.3418,1.343,1.3417,1.3428,10061.351765
2026-04-09 00:00:00,1.3428,1.3429,1.3405,1.341,36315.376786
2026-04-09 00:05:00,1.3411,1.343,1.3407,1.341,37231.98415
2026-04-09 00:10:00,1.3406,1.3416,1.3403,1.3412,37973.633097
2026-04-09 00:15:00,1.3408,1.3419,1.3382,1.3397,42089.360149
2026-04-09 00:20:00,1.3396,1.3402,1.3384,1.339,41387.700548
2026-04-09 00:25:00,1.3391,1.3396,1.3369,1.337,86475.092788
2026-04-09 00:30:00,1.3372,1.3392,1.3358,1.3364,136164.326882
2026-04-09 00:35:00,1.3365,1.3377,1.3348,1.3349,59461.845658
2026-04-09 00:40:00,1.3349,1.3365,1.3343,1.3365,122681.358087
2026-04-09 00:45:00,1.3367,1.3377,1.3358,1.337,31357.108403
2026-04-09 00:50:00,1.3372,1.3377,1.336,1.3375,47353.248827
2026-04-09 00:55:00,1.3375,1.3406,1.3375,1.3397,29566.816096
2026-04-09 01:00:00,1.3396,1.3404,1.3385,1.3404,31522.215346
2026-04-09 01:05:00,1.3404,1.3404,1.3305,1.3328,606436.511954
2026-04-09 01:10:00,1.3326,1.3343,1.3324,1.3329,34017.036008
2026-04-09 01:15:00,1.3329,1.3336,1.3294,1.3301,101246.381153
2026-04-09 01:20:00,1.3301,1.3316,1.3273,1.3279,69339.40797
2026-04-09 01:25:00,1.3281,1.3294,1.3271,1.3275,79972.582454
2026-04-09 01:30:00,1.3275,1.332,1.3268,1.3299,132361.488897
2026-04-09 01:35:00,1.3299,1.3316,1.3271,1.3313,602506.048008
2026-04-09 01:40:00,1.3312,1.3317,1.3308,1.3314,67377.270638
2026-04-09 01:45:00,1.3315,1.3326,1.3301,1.3321,76354.424669
2026-04-09 01:50:00,1.3322,1.3358,1.3322,1.3344,146708.353389
2026-04-09 01:55:00,1.3344,1.3346,1.3334,1.3345,6227.019456
2026-04-09 02:00:00,1.3345,1.3363,1.3339,1.3342,97782.492675
2026-04-09 02:05:00,1.3343,1.336,1.3343,1.3352,49636.284245
2026-04-09 02:10:00,1.3348,1.335,1.3327,1.3331,84043.688115
2026-04-09 02:15:00,1.3332,1.3363,1.3327,1.3363,67590.419277
2026-04-09 02:20:00,1.3364,1.3366,1.3348,1.3358,54223.998229
2026-04-09 02:25:00,1.3358,1.3366,1.3352,1.3354,152544.232859
2026-04-09 02:30:00,1.3352,1.336,1.3347,1.3347,24903.828201
2026-04-09 02:35:00,1.3346,1.3351,1.333,1.3334,26086.260457
2026-04-09 02:40:00,1.3333,1.3345,1.3319,1.3345,42313.932481
2026-04-09 02:45:00,1.3346,1.3357,1.3336,1.335,33628.097
2026-04-09 02:50:00,1.3349,1.3358,1.3347,1.3349,21673.122566
2026-04-09 02:55:00,1.3349,1.3349,1.3341,1.3343,9545.145325
2026-04-09 03:00:00,1.3342,1.3348,1.3337,1.3348,9463.308932
2026-04-09 03:05:00,1.3349,1.3359,1.3336,1.3339,26129.959212
2026-04-09 03:10:00,1.3339,1.335,1.3333,1.3342,10982.728713
2026-04-09 03:15:00,1.334,1.3369,1.334,1.3367,98360.667408
2026-04-09 03:20:00,1.3367,1.337,1.3315,1.3332,779644.884644
2026-04-09 03:25:00,1.3332,1.3334,1.3302,1.3306,93022.577147
2026-04-09 03:30:00,1.3307,1.3322,1.3305,1.3316,87619.693229
2026-04-09 03:35:00,1.3316,1.3323,1.3313,1.3321,57139.350228
2026-04-09 03:40:00,1.3322,1.3324,1.33,1.3312,182441.007088
2026-04-09 03:45:00,1.3312,1.3317,1.3297,1.3317,51241.570741
2026-04-09 03:50:00,1.3319,1.3329,1.3316,1.3318,11347.942278
2026-04-09 03:55:00,1.3319,1.332,1.3312,1.3312,8966.821218
2026-04-09 04:00:00,1.3313,1.3313,1.3294,1.3295,23066.085925
2026-04-09 04:05:00,1.3296,1.3317,1.3276,1.3311,441781.459379
2026-04-09 04:10:00,1.331,1.3318,1.3303,1.3307,23023.734244
2026-04-09 04:15:00,1.3306,1.3309,1.33,1.3309,29116.810114
2026-04-09 04:20:00,1.3304,1.3314,1.3297,1.33,160383.765475
2026-04-09 04:25:00,1.3299,1.3301,1.3289,1.3293,60876.871417
2026-04-09 04:30:00,1.3293,1.3309,1.3292,1.3309,11753.365337
2026-04-09 04:35:00,1.3313,1.3319,1.331,1.3316,9332.755391
2026-04-09 04:40:00,1.3317,1.3336,1.3316,1.3321,87394.013517
2026-04-09 04:45:00,1.3321,1.3323,1.3305,1.3309,18097.160544
2026-04-09 04:50:00,1.331,1.3318,1.3308,1.3314,10261.62365
2026-04-09 04:55:00,1.3313,1.3319,1.331,1.3317,9003.533174
2026-04-09 05:00:00,1.332,1.3335,1.3309,1.3335,17415.989291
2026-04-09 05:05:00,1.3334,1.3339,1.3329,1.3334,12023.945572
2026-04-09 05:10:00,1.3333,1.3333,1.3322,1.3329,10290.742161
2026-04-09 05:15:00,1.3331,1.334,1.3323,1.334,24686.609232
2026-04-09 05:20:00,1.334,1.3365,1.3311,1.3312,1098158.615275
2026-04-09 05:25:00,1.3313,1.3322,1.3312,1.332,29250.150227
2026-04-09 05:30:00,1.332,1.3336,1.3316,1.3336,36664.470435
2026-04-09 05:35:00,1.3335,1.3359,1.3331,1.3358,41038.219718
2026-04-09 05:40:00,1.3357,1.3357,1.335,1.3356,14366.317131
2026-04-09 05:45:00,1.3357,1.3357,1.3333,1.3334,32832.325267
2026-04-09 05:50:00,1.3334,1.3334,1.3315,1.3323,32763.166737
2026-04-09 05:55:00,1.3323,1.3332,1.3316,1.3331,10992.146678
2026-04-09 06:00:00,1.3332,1.3355,1.3332,1.334,11732.785635
2026-04-09 06:05:00,1.334,1.3345,1.3328,1.3328,36881.176273
2026-04-09 06:10:00,1.3328,1.3332,1.3325,1.3326,25611.662189
2026-04-09 06:15:00,1.3324,1.3324,1.3301,1.3303,69511.544513
2026-04-09 06:20:00,1.3303,1.3304,1.3288,1.3294,75625.98605
2026-04-09 06:25:00,1.3293,1.3295,1.328,1.3282,58662.748445
2026-04-09 06:30:00,1.3281,1.3311,1.3262,1.3303,466633.015727
2026-04-09 06:35:00,1.3303,1.3316,1.3303,1.3315,24775.434839
2026-04-09 06:40:00,1.3316,1.3323,1.3316,1.3321,14367.459814
2026-04-09 06:45:00,1.3322,1.3325,1.3306,1.3312,44177.940196
2026-04-09 06:50:00,1.3312,1.3322,1.3309,1.3322,11591.170467
2026-04-09 06:55:00,1.3322,1.3329,1.3318,1.3329,30296.660424
2026-04-09 07:00:00,1.333,1.3339,1.3322,1.3335,30634.479586
2026-04-09 07:05:00,1.3334,1.3335,1.3328,1.3335,24201.31715
2026-04-09 07:10:00,1.3334,1.3334,1.3323,1.3324,34819.576852
2026-04-09 07:15:00,1.3326,1.3326,1.3312,1.3316,10577.403529
2026-04-09 07:20:00,1.3316,1.3316,1.3305,1.3311,26062.261127
2026-04-09 07:25:00,1.3311,1.3315,1.3311,1.3313,25010.421405
2026-04-09 07:30:00,1.3314,1.3334,1.3314,1.3333,26103.464016
2026-04-09 07:35:00,1.3334,1.3339,1.3327,1.3333,31276.83354
2026-04-09 07:40:00,1.3332,1.3332,1.3318,1.3326,22773.587415
2026-04-09 07:45:00,1.3327,1.333,1.3318,1.332,24971.310746
2026-04-09 07:50:00,1.3318,1.3326,1.3315,1.3318,49465.077919
2026-04-09 07:55:00,1.332,1.3327,1.3317,1.3318,12386.331026
2026-04-09 08:00:00,1.3319,1.3334,1.331,1.3333,37296.796671
2026-04-09 08:05:00,1.3329,1.3333,1.3315,1.332,42210.054479
2026-04-09 08:10:00,1.3319,1.332,1.3307,1.3314,19652.186215
2026-04-09 08:15:00,1.3312,1.3318,1.3304,1.3315,8773.031167
2026-04-09 08:20:00,1.3314,1.3325,1.3312,1.3325,9672.009898
2026-04-09 08:25:00,1.3323,1.3324,1.3317,1.3321,12059.073682
2026-04-09 08:30:00,1.332,1.3338,1.332,1.3328,37928.038831
2026-04-09 08:35:00,1.3327,1.3339,1.3326,1.3336,16341.210546
2026-04-09 08:40:00,1.3336,1.3351,1.3333,1.3351,84440.457541
2026-04-09 08:45:00,1.335,1.3365,1.3346,1.3347,116002.677262
2026-04-09 08:50:00,1.3346,1.3347,1.3334,1.3342,29123.906814
2026-04-09 08:55:00,1.3343,1.3359,1.3343,1.335,22958.935666
2026-04-09 09:00:00,1.335,1.335,1.3336,1.3343,98392.11265
2026-04-09 09:05:00,1.3342,1.3347,1.3336,1.3347,20700.818696
2026-04-09 09:10:00,1.3346,1.3365,1.3345,1.3363,51041.217534
2026-04-09 09:15:00,1.3364,1.3381,1.3364,1.3367,98660.890628
2026-04-09 09:20:00,1.3367,1.3369,1.3348,1.3353,41617.330945
2026-04-09 09:25:00,1.3353,1.3354,1.3348,1.3353,22450.999854
2026-04-09 09:30:00,1.3353,1.3362,1.3351,1.3355,36816.51563
2026-04-09 09:35:00,1.3354,1.3357,1.3345,1.3355,39639.863244
2026-04-09 09:40:00,1.3357,1.3358,1.3347,1.335,39087.448026
2026-04-09 09:45:00,1.335,1.3367,1.3347,1.3366,22224.933607
2026-04-09 09:50:00,1.3366,1.3376,1.3363,1.3376,16815.82766
2026-04-09 09:55:00,1.3377,1.339,1.3376,1.338,66430.818536
2026-04-09 10:00:00,1.3381,1.3385,1.337,1.3383,75661.486521
2026-04-09 10:05:00,1.3382,1.3382,1.3363,1.3363,14980.973928
2026-04-09 10:10:00,1.3363,1.3364,1.3353,1.3357,30540.137994
2026-04-09 10:15:00,1.3358,1.3364,1.3352,1.3354,79459.57854
2026-04-09 10:20:00,1.3353,1.3363,1.3353,1.336,18684.818666
2026-04-09 10:25:00,1.3361,1.3362,1.3355,1.3361,28919.967828
2026-04-09 10:30:00,1.336,1.336,1.335,1.3353,62671.977797
2026-04-09 10:35:00,1.3351,1.3351,1.3345,1.3351,39806.332005
2026-04-09 10:40:00,1.3353,1.3364,1.3351,1.3359,25029.896914
2026-04-09 10:45:00,1.3358,1.3362,1.3352,1.3354,47955.993614
2026-04-09 10:50:00,1.3356,1.3356,1.3336,1.3345,27051.300715
2026-04-09 10:55:00,1.3344,1.3344,1.3327,1.3327,117910.45638
2026-04-09 11:00:00,1.3328,1.3351,1.3313,1.334,1075764.484544
2026-04-09 11:05:00,1.3339,1.3344,1.3335,1.3336,60586.122053
2026-04-09 11:10:00,1.3334,1.3334,1.3317,1.3327,38796.436885
2026-04-09 11:15:00,1.3326,1.3327,1.3314,1.3326,33119.514085
2026-04-09 11:20:00,1.3326,1.3334,1.3319,1.3331,190110.050745
2026-04-09 11:25:00,1.333,1.3338,1.3285,1.3289,1034283.600302
2026-04-09 11:30:00,1.3289,1.3301,1.3288,1.3293,133990.82718
2026-04-09 11:35:00,1.3292,1.3297,1.3288,1.3295,28974.855008
2026-04-09 11:40:00,1.3295,1.33,1.3283,1.3283,138831.024604
2026-04-09 11:45:00,1.3283,1.3285,1.3277,1.3281,53329.678527
2026-04-09 11:50:00,1.3282,1.3282,1.3263,1.3264,228411.362117
2026-04-09 11:55:00,1.3263,1.3308,1.3255,1.3297,559057.05924
2026-04-09 12:00:00,1.3298,1.3304,1.3295,1.33,23326.139742
2026-04-09 12:05:00,1.33,1.3304,1.329,1.3297,68809.754526
2026-04-09 12:10:00,1.3297,1.3303,1.3284,1.3289,56354.195599
2026-04-09 12:15:00,1.3289,1.3298,1.3285,1.3285,43748.104248
2026-04-09 12:20:00,1.3285,1.3285,1.3263,1.3278,68957.988466
2026-04-09 12:25:00,1.3277,1.331,1.3276,1.3295,36443.250357
2026-04-09 12:30:00,1.3294,1.33,1.3279,1.3291,61266.480524
2026-04-09 12:35:00,1.329,1.3302,1.329,1.3297,23217.571391
2026-04-09 12:40:00,1.3295,1.3329,1.3293,1.331,60787.333501
2026-04-09 12:45:00,1.3311,1.3311,1.3287,1.3302,19078.030797
2026-04-09 12:50:00,1.3302,1.3307,1.3298,1.3305,10154.735225
2026-04-09 12:55:00,1.3305,1.3319,1.3305,1.3314,27574.699744
2026-04-09 13:00:00,1.3316,1.333,1.3314,1.3319,20262.397934
2026-04-09 13:05:00,1.3321,1.3321,1.3311,1.3315,25971.602649
2026-04-09 13:10:00,1.3314,1.3314,1.3308,1.331,16200.620868
2026-04-09 13:15:00,1.3313,1.3313,1.3306,1.3309,7136.095526
2026-04-09 13:20:00,1.3309,1.331,1.33,1.3308,13050.92967
2026-04-09 13:25:00,1.3308,1.3317,1.3306,1.3311,20241.202785
2026-04-09 13:30:00,1.3312,1.3328,1.3287,1.3299,54030.740817
2026-04-09 13:35:00,1.33,1.332,1.3278,1.3302,106581.169978
2026-04-09 13:40:00,1.3302,1.3311,1.3288,1.3299,288216.035
2026-04-09 13:45:00,1.3299,1.3312,1.3285,1.3299,126171.986537
2026-04-09 13:50:00,1.3298,1.3299,1.3275,1.3279,77788.700855
2026-04-09 13:55:00,1.3278,1.3303,1.3264,1.3294,85648.469153
2026-04-09 14:00:00,1.3297,1.3298,1.3275,1.3278,74219.940591
2026-04-09 14:05:00,1.3277,1.3286,1.327,1.3275,56420.664114
2026-04-09 14:10:00,1.3273,1.3302,1.3268,1.3291,29054.086539
2026-04-09 14:15:00,1.3292,1.3308,1.3261,1.3263,77042.521985
2026-04-09 14:20:00,1.3263,1.3274,1.3261,1.3268,15960.559236
2026-04-09 14:25:00,1.3269,1.3271,1.322,1.3242,225029.812318
2026-04-09 14:30:00,1.3242,1.3249,1.3228,1.3233,135942.832787
2026-04-09 14:35:00,1.3233,1.3253,1.3224,1.3253,103136.776755
2026-04-09 14:40:00,1.3251,1.3272,1.3248,1.3269,21971.66163
2026-04-09 14:45:00,1.327,1.3312,1.327,1.3299,111927.860351
2026-04-09 14:50:00,1.3298,1.3335,1.3298,1.3326,47443.291958
2026-04-09 14:55:00,1.3325,1.3341,1.3318,1.3328,22249.310297
2026-04-09 15:00:00,1.3327,1.3328,1.3314,1.3314,25969.689721
2026-04-09 15:05:00,1.3315,1.332,1.3302,1.3302,22694.459019
2026-04-09 15:10:00,1.3302,1.338,1.3302,1.3375,64333.148114
2026-04-09 15:15:00,1.3374,1.3408,1.337,1.3374,77475.752409
2026-04-09 15:20:00,1.3375,1.3405,1.3369,1.3388,129532.636376
2026-04-09 15:25:00,1.3389,1.3392,1.3368,1.337,72185.685895
2026-04-09 15:30:00,1.3369,1.3503,1.336,1.3499,267665.511087
2026-04-09 15:35:00,1.3498,1.3532,1.3468,1.3475,178555.561098
2026-04-09 15:40:00,1.3474,1.3506,1.3468,1.35,132778.829578
2026-04-09 15:45:00,1.3499,1.3551,1.3493,1.3497,165850.305845
2026-04-09 15:50:00,1.3498,1.3532,1.3493,1.3529,44296.021707
2026-04-09 15:55:00,1.353,1.355,1.3514,1.3522,54958.765588
2026-04-09 16:00:00,1.3524,1.3598,1.3524,1.3573,212131.034742
2026-04-09 16:05:00,1.3572,1.3572,1.3535,1.3558,97897.516138
2026-04-09 16:10:00,1.356,1.3596,1.3557,1.3558,133081.311955
2026-04-09 16:15:00,1.3562,1.3592,1.3556,1.3578,49125.332681
2026-04-09 16:20:00,1.3579,1.3579,1.3538,1.3541,45357.57226
2026-04-09 16:25:00,1.3542,1.3549,1.352,1.3529,71097.701965
2026-04-09 16:30:00,1.3529,1.3533,1.3491,1.3501,49323.628598
2026-04-09 16:35:00,1.35,1.3508,1.3469,1.3485,57093.538556
2026-04-09 16:40:00,1.3487,1.3505,1.348,1.3499,73222.831241
2026-04-09 16:45:00,1.3501,1.3512,1.3461,1.3474,73725.193185
2026-04-09 16:50:00,1.3472,1.3496,1.3471,1.3495,39331.786999
2026-04-09 16:55:00,1.3496,1.3524,1.3496,1.3524,55161.699616
2026-04-09 17:00:00,1.3521,1.3588,1.3521,1.3576,67106.048796
2026-04-09 17:05:00,1.3574,1.3576,1.3559,1.3566,64439.948034
2026-04-09 17:10:00,1.3567,1.3579,1.3556,1.3568,50772.241904
2026-04-09 17:15:00,1.3568,1.3583,1.3565,1.3571,60910.22217
2026-04-09 17:20:00,1.3572,1.3579,1.3549,1.3553,30024.422728
2026-04-09 17:25:00,1.3552,1.3554,1.3524,1.3545,36075.340693
2026-04-09 17:30:00,1.3544,1.3544,1.3518,1.3525,38909.675706
2026-04-09 17:35:00,1.3526,1.3591,1.3526,1.3585,47799.864609
2026-04-09 17:40:00,1.3583,1.3599,1.3573,1.3591,76314.042886
2026-04-09 17:45:00,1.3592,1.3606,1.3585,1.3592,168944.225114
2026-04-09 17:50:00,1.359,1.3595,1.357,1.3585,41293.374732
2026-04-09 17:55:00,1.3585,1.3593,1.3576,1.3586,22781.548825
2026-04-09 18:00:00,1.3588,1.3595,1.3505,1.3521,80184.72017
2026-04-09 18:05:00,1.3522,1.3552,1.3518,1.3538,115890.996721
2026-04-09 18:10:00,1.3546,1.3549,1.3515,1.3519,30789.940763
2026-04-09 18:15:00,1.3519,1.3543,1.3516,1.3531,35341.260599
2026-04-09 18:20:00,1.353,1.353,1.3509,1.3527,70130.390929
2026-04-09 18:25:00,1.3525,1.3566,1.3516,1.3559,123931.476368
2026-04-09 18:30:00,1.3559,1.356,1.3522,1.3545,66702.922882
2026-04-09 18:35:00,1.3546,1.3563,1.3542,1.3555,8632.953743
2026-04-09 18:40:00,1.3556,1.3561,1.3534,1.3541,63706.608265
2026-04-09 18:45:00,1.3538,1.3553,1.3527,1.355,34874.914918
2026-04-09 18:50:00,1.355,1.356,1.3538,1.3559,35594.463793
2026-04-09 18:55:00,1.3559,1.3564,1.3554,1.3554,34022.193583
2026-04-09 19:00:00,1.3551,1.3587,1.354,1.3586,65711.338714
2026-04-09 19:05:00,1.3585,1.3601,1.3578,1.3592,98017.821397
2026-04-09 19:10:00,1.3592,1.3609,1.3591,1.3592,50137.230549
2026-04-09 19:15:00,1.3595,1.3597,1.3561,1.3561,40399.021716
2026-04-09 19:20:00,1.3557,1.3562,1.3521,1.3523,8134.583384
2026-04-09 19:25:00,1.3525,1.3532,1.3519,1.3525,13375.918165
2026-04-09 19:30:00,1.3525,1.3559,1.3525,1.3529,158262.613503
2026-04-09 19:35:00,1.3528,1.3546,1.3521,1.3537,30967.794771
2026-04-09 19:40:00,1.354,1.3561,1.3533,1.3558,48066.627012
2026-04-09 19:45:00,1.356,1.3585,1.356,1.358,40586.646748
2026-04-09 19:50:00,1.3582,1.3592,1.3571,1.358,34266.864583
2026-04-09 19:55:00,1.358,1.358,1.3551,1.356,51102.41858
2026-04-09 20:00:00,1.3559,1.3581,1.3558,1.3571,99526.514461
2026-04-09 20:05:00,1.3571,1.3571,1.3534,1.355,58666.454622
2026-04-09 20:10:00,1.3549,1.3572,1.3548,1.3571,15858.511394
2026-04-09 20:15:00,1.357,1.358,1.3563,1.3568,38793.256033
2026-04-09 20:20:00,1.3567,1.3586,1.3567,1.358,21787.892585
2026-04-09 20:25:00,1.3579,1.359,1.3578,1.3583,11406.109756
2026-04-09 20:30:00,1.3583,1.3589,1.3576,1.3584,25689.342615
2026-04-09 20:35:00,1.3586,1.3593,1.3579,1.359,27858.712098
2026-04-09 20:40:00,1.3587,1.3593,1.3582,1.3586,20296.072848
2026-04-09 20:45:00,1.3585,1.3586,1.3576,1.3576,9634.408677
2026-04-09 20:50:00,1.3576,1.3576,1.3563,1.3576,12165.520731
2026-04-09 20:55:00,1.3577,1.3578,1.3562,1.3567,23192.777858
2026-04-09 21:00:00,1.3567,1.3576,1.3546,1.3573,24900.961869
2026-04-09 21:05:00,1.3571,1.3621,1.3543,1.3543,156602.038503
2026-04-09 21:10:00,1.3542,1.3559,1.3532,1.3555,106505.613321
2026-04-09 21:15:00,1.3556,1.3562,1.3546,1.3548,31389.784935
2026-04-09 21:20:00,1.3547,1.3547,1.3525,1.3536,75784.838185
2026-04-09 21:25:00,1.3532,1.3536,1.3519,1.3519,29075.923915
2026-04-09 21:30:00,1.3519,1.3534,1.3512,1.3527,42775.209467
2026-04-09 21:35:00,1.3529,1.3535,1.3517,1.352,39547.108494
2026-04-09 21:40:00,1.352,1.3554,1.3518,1.3549,83927.624648
2026-04-09 21:45:00,1.3549,1.3558,1.3544,1.3558,9448.355985
2026-04-09 21:50:00,1.3559,1.3564,1.3536,1.3537,33566.386452
2026-04-09 21:55:00,1.3536,1.3538,1.3526,1.3535,34293.885366
2026-04-09 22:00:00,1.3536,1.3573,1.3529,1.3568,27899.875263
2026-04-09 22:05:00,1.3567,1.3578,1.3555,1.3575,22865.708922
2026-04-09 22:10:00,1.3575,1.3583,1.3568,1.3583,19738.893875
2026-04-09 22:15:00,1.3584,1.3697,1.3584,1.3657,256953.623018
2026-04-09 22:20:00,1.3657,1.3657,1.3629,1.3641,28399.004477
2026-04-09 22:25:00,1.3642,1.3643,1.3599,1.3616,58186.57934
2026-04-09 22:30:00,1.3614,1.362,1.3594,1.3609,69587.059768
2026-04-09 22:35:00,1.3605,1.3605,1.3578,1.3581,60203.632016
2026-04-09 22:40:00,1.3581,1.3596,1.3576,1.3576,33543.113856
2026-04-09 22:45:00,1.3575,1.3592,1.3557,1.3585,50359.94818
2026-04-09 22:50:00,1.3581,1.3581,1.3529,1.3542,73970.10871
2026-04-09 22:55:00,1.3544,1.355,1.3518,1.3524,71788.682377
2026-04-09 23:00:00,1.3524,1.3531,1.3493,1.3495,54219.130216
2026-04-09 23:05:00,1.3494,1.3522,1.349,1.3512,45681.315157
2026-04-09 23:10:00,1.3512,1.3512,1.3447,1.347,114926.112787
2026-04-09 23:15:00,1.3471,1.3489,1.3444,1.3481,59364.090108
2026-04-09 23:20:00,1.3482,1.349,1.3474,1.3478,15174.410684
2026-04-09 23:25:00,1.3478,1.3483,1.3467,1.3467,42759.6592
2026-04-09 23:30:00,1.3465,1.3465,1.3418,1.3434,57323.871722
2026-04-09 23:35:00,1.3436,1.3447,1.3425,1.3447,48674.555972
2026-04-09 23:40:00,1.3445,1.3456,1.3441,1.3441,24484.704093
2026-04-09 23:45:00,1.3439,1.3449,1.3426,1.3442,54697.483259
2026-04-09 23:50:00,1.3441,1.3448,1.3435,1.3444,23148.058851
2026-04-09 23:55:00,1.3444,1.3449,1.3423,1.3439,70525.240752
2026-04-10 00:00:00,1.3439,1.3451,1.3428,1.3434,49022.059529
2026-04-10 00:05:00,1.3435,1.3448,1.3426,1.3442,34447.627666
2026-04-10 00:10:00,1.3441,1.3463,1.343,1.3448,44576.813944
2026-04-10 00:15:00,1.3447,1.3454,1.3411,1.3416,67235.877134
2026-04-10 00:20:00,1.3415,1.3427,1.3408,1.3422,42116.342232
2026-04-10 00:25:00,1.3422,1.345,1.3415,1.345,43082.510484
2026-04-10 00:30:00,1.3449,1.3479,1.344,1.3463,75538.805029
2026-04-10 00:35:00,1.3464,1.3472,1.3432,1.3446,37036.553264
2026-04-10 00:40:00,1.3445,1.3459,1.3437,1.345,28647.044904
2026-04-10 00:45:00,1.345,1.3459,1.3439,1.3445,29576.712926
2026-04-10 00:50:00,1.3442,1.3463,1.3442,1.3451,37460.707305
2026-04-10 00:55:00,1.3452,1.346,1.3435,1.3451,21687.655346
2026-04-10 01:00:00,1.3452,1.3455,1.3443,1.3449,26793.042688
2026-04-10 01:05:00,1.345,1.3475,1.3425,1.3444,530075.575192
2026-04-10 01:10:00,1.3446,1.3473,1.3441,1.3462,23395.468086
2026-04-10 01:15:00,1.3461,1.3478,1.346,1.3469,62993.161492
2026-04-10 01:20:00,1.347,1.3473,1.3402,1.3439,61052.112578
2026-04-10 01:25:00,1.3441,1.3448,1.3428,1.3432,60394.946864
2026-04-10 01:30:00,1.343,1.3474,1.3421,1.347,102236.525034
2026-04-10 01:35:00,1.3473,1.35,1.347,1.3498,55124.962234
2026-04-10 01:40:00,1.3497,1.3504,1.3466,1.347,105054.675608
2026-04-10 01:45:00,1.3469,1.3476,1.3451,1.3454,67694.567397
2026-04-10 01:50:00,1.3455,1.3474,1.3447,1.3449,57564.667533
2026-04-10 01:55:00,1.3447,1.3457,1.3434,1.3434,32171.35403
2026-04-10 02:00:00,1.3433,1.3455,1.3427,1.3437,51704.981128
2026-04-10 02:05:00,1.3435,1.3471,1.3434,1.3463,8271.65035
2026-04-10 02:10:00,1.3463,1.3469,1.345,1.3459,59587.74114
2026-04-10 02:15:00,1.3459,1.3464,1.3448,1.3455,36531.438926
2026-04-10 02:20:00,1.3456,1.3468,1.345,1.3458,33044.555987
2026-04-10 02:25:00,1.3459,1.347,1.3457,1.346,8348.434438
2026-04-10 02:30:00,1.3462,1.3468,1.3454,1.3461,4072.760335
2026-04-10 02:35:00,1.3464,1.3464,1.3451,1.3457,3843.961177
2026-04-10 02:40:00,1.3457,1.3461,1.3451,1.3457,4960.014227
2026-04-10 02:45:00,1.3456,1.3456,1.3433,1.3433,26023.481026
2026-04-10 02:50:00,1.3432,1.3433,1.3417,1.3423,20557.193494
2026-04-10 02:55:00,1.3422,1.3435,1.3422,1.3435,15119.815282
2026-04-10 03:00:00,1.3435,1.3457,1.3431,1.3447,188220.834823
2026-04-10 03:05:00,1.3445,1.3454,1.3438,1.344,41355.115302
2026-04-10 03:10:00,1.3437,1.3439,1.3427,1.3427,61239.490295
2026-04-10 03:15:00,1.3427,1.3442,1.3427,1.3432,15521.995895
2026-04-10 03:20:00,1.3432,1.3433,1.3416,1.3424,80887.563682
2026-04-10 03:25:00,1.3423,1.3423,1.3409,1.3411,11936.791791
2026-04-10 03:30:00,1.3409,1.3433,1.3409,1.3425,7468.732297
2026-04-10 03:35:00,1.3426,1.3449,1.3426,1.3447,25852.984067
2026-04-10 03:40:00,1.3439,1.3452,1.3438,1.3448,8683.800424
2026-04-10 03:45:00,1.3447,1.346,1.3423,1.3431,118510.884894
2026-04-10 03:50:00,1.343,1.343,1.3421,1.3423,3410.305305
2026-04-10 03:55:00,1.3424,1.3427,1.341,1.3413,28322.904225
2026-04-10 04:00:00,1.3413,1.343,1.3413,1.3418,59346.96671
2026-04-10 04:05:00,1.3416,1.3424,1.3413,1.3419,8436.765533
2026-04-10 04:10:00,1.3422,1.343,1.3422,1.3429,13042.933583
2026-04-10 04:15:00,1.3428,1.3441,1.3427,1.3435,12395.092953
2026-04-10 04:20:00,1.3438,1.3453,1.3437,1.3439,27930.982561
2026-04-10 04:25:00,1.3438,1.3448,1.3436,1.3436,15505.387667
2026-04-10 04:30:00,1.3435,1.3441,1.343,1.3441,2182.185441
2026-04-10 04:35:00,1.3443,1.3454,1.344,1.3448,5634.574794
2026-04-10 04:40:00,1.3446,1.3446,1.3437,1.3442,12646.931393
2026-04-10 04:45:00,1.3441,1.3446,1.3438,1.3445,6886.85625
2026-04-10 04:50:00,1.3444,1.349,1.3437,1.3467,58726.193005
2026-04-10 04:55:00,1.3466,1.3474,1.3457,1.3464,108522.695119
2026-04-10 05:00:00,1.3465,1.3467,1.3454,1.3467,11909.93478
2026-04-10 05:05:00,1.3469,1.3476,1.3449,1.346,22779.169846
2026-04-10 05:10:00,1.346,1.3462,1.3449,1.3457,7529.196831
2026-04-10 05:15:00,1.346,1.346,1.3445,1.3452,43597.693438
2026-04-10 05:20:00,1.3456,1.3477,1.3455,1.3475,19949.178436
2026-04-10 05:25:00,1.3479,1.3486,1.3478,1.3479,11514.345917
2026-04-10 05:30:00,1.3479,1.3482,1.347,1.3471,6822.303749
2026-04-10 05:35:00,1.3472,1.3472,1.3458,1.3462,14124.091092
2026-04-10 05:40:00,1.3465,1.3465,1.3432,1.3435,22981.62132
2026-04-10 05:45:00,1.3435,1.345,1.3435,1.345,25086.866453
2026-04-10 05:50:00,1.345,1.3456,1.3434,1.3435,13230.35002
2026-04-10 05:55:00,1.3435,1.3438,1.3427,1.3436,24623.444365
2026-04-10 06:00:00,1.3436,1.3459,1.3436,1.3459,3035.78512
2026-04-10 06:05:00,1.346,1.3467,1.3451,1.3455,14185.675312
2026-04-10 06:10:00,1.3456,1.3469,1.3451,1.3466,7275.014248
2026-04-10 06:15:00,1.3465,1.3465,1.344,1.3446,12971.466279
2026-04-10 06:20:00,1.3448,1.3452,1.3442,1.345,4307.941299
2026-04-10 06:25:00,1.3446,1.3448,1.3441,1.3448,24988.534889
2026-04-10 06:30:00,1.3448,1.3454,1.3442,1.3443,18862.367155
2026-04-10 06:35:00,1.3443,1.3446,1.3418,1.3439,56623.519237
2026-04-10 06:40:00,1.3436,1.3436,1.3413,1.3414,20333.660483
2026-04-10 06:45:00,1.3415,1.3421,1.3407,1.3407,21708.289379
2026-04-10 06:50:00,1.3409,1.3416,1.3394,1.3411,174176.488209
2026-04-10 06:55:00,1.341,1.3423,1.3409,1.3421,30961.217087
2026-04-10 07:00:00,1.3421,1.3431,1.3414,1.3415,45195.738646
2026-04-10 07:05:00,1.3414,1.3418,1.341,1.3411,23376.211423
2026-04-10 07:10:00,1.341,1.3411,1.3391,1.3391,7562.532295
2026-04-10 07:15:00,1.3392,1.3404,1.3391,1.3399,13752.365966
2026-04-10 07:20:00,1.34,1.3404,1.339,1.34,21735.880788
2026-04-10 07:25:00,1.3397,1.3402,1.3396,1.34,11750.604046
2026-04-10 07:30:00,1.34,1.341,1.3396,1.34,15126.18451
2026-04-10 07:35:00,1.34,1.3404,1.3396,1.3396,7727.082759
2026-04-10 07:40:00,1.3392,1.3392,1.3386,1.3388,64886.21589
2026-04-10 07:45:00,1.3388,1.3393,1.3382,1.3382,23057.197081
2026-04-10 07:50:00,1.3382,1.3389,1.3359,1.3363,60247.808635
2026-04-10 07:55:00,1.3363,1.3373,1.3363,1.3372,34582.977628
2026-04-10 08:00:00,1.3374,1.3374,1.3351,1.3353,113471.675485
2026-04-10 08:05:00,1.3353,1.3393,1.3352,1.3381,179005.180381
2026-04-10 08:10:00,1.3381,1.3385,1.3365,1.3366,22356.030072
2026-04-10 08:15:00,1.3366,1.3378,1.3363,1.3378,7922.02377
2026-04-10 08:20:00,1.3379,1.3389,1.3376,1.3389,5287.338994
2026-04-10 08:25:00,1.3389,1.3394,1.3388,1.339,9464.224576
2026-04-10 08:30:00,1.3391,1.3419,1.3391,1.3416,14513.717606
2026-04-10 08:35:00,1.3416,1.3461,1.3416,1.3457,69284.673299
2026-04-10 08:40:00,1.3456,1.3474,1.3425,1.3427,795019.919155
2026-04-10 08:45:00,1.3427,1.3428,1.3399,1.3399,59690.287191
2026-04-10 08:50:00,1.34,1.34,1.3377,1.3392,37070.233055
2026-04-10 08:55:00,1.3394,1.3399,1.3388,1.3395,4857.019033
2026-04-10 09:00:00,1.3393,1.3403,1.3392,1.3401,15377.132226
2026-04-10 09:05:00,1.3401,1.3409,1.3396,1.3398,22275.938131
2026-04-10 09:10:00,1.3397,1.3408,1.3395,1.3408,8973.171669
2026-04-10 09:15:00,1.3407,1.343,1.3396,1.3417,59661.34551
2026-04-10 09:20:00,1.3417,1.3419,1.3397,1.341,47154.095108
2026-04-10 09:25:00,1.3409,1.3413,1.34,1.3401,34192.955508
2026-04-10 09:30:00,1.3402,1.3406,1.3391,1.3402,12205.899217
2026-04-10 09:35:00,1.3402,1.3405,1.3392,1.3399,101095.618029
2026-04-10 09:40:00,1.3398,1.3403,1.3388,1.3397,167768.458533
2026-04-10 09:45:00,1.3395,1.3399,1.3377,1.338,58367.272434
2026-04-10 09:50:00,1.338,1.3409,1.336,1.3388,515785.080029
2026-04-10 09:55:00,1.3391,1.3403,1.3388,1.3388,59429.658131
2026-04-10 10:00:00,1.3388,1.3388,1.3373,1.3378,20480.632716
2026-04-10 10:05:00,1.3379,1.3381,1.3361,1.3375,31078.242522
2026-04-10 10:10:00,1.3376,1.338,1.3374,1.3375,16080.175585
2026-04-10 10:15:00,1.3374,1.3384,1.3371,1.3374,31756.628834
2026-04-10 10:20:00,1.3375,1.3381,1.3375,1.3375,9752.640845
2026-04-10 10:25:00,1.3374,1.3379,1.3367,1.3378,8479.473742
2026-04-10 10:30:00,1.338,1.3387,1.3376,1.3386,13989.846388
2026-04-10 10:35:00,1.3383,1.3392,1.338,1.3391,14781.758446
2026-04-10 10:40:00,1.3391,1.3396,1.3389,1.339,18081.95287
2026-04-10 10:45:00,1.339,1.3403,1.3387,1.34,73563.481784
2026-04-10 10:50:00,1.3402,1.3406,1.3361,1.3368,613714.864256
2026-04-10 10:55:00,1.3368,1.3378,1.3368,1.3374,38162.251904
2026-04-10 11:00:00,1.3375,1.3395,1.3371,1.3388,65055.236345
2026-04-10 11:05:00,1.3389,1.3415,1.3386,1.3414,17019.672044
2026-04-10 11:10:00,1.3415,1.3417,1.3407,1.341,7211.594898
2026-04-10 11:15:00,1.3411,1.3424,1.3405,1.3412,70955.720412
2026-04-10 11:20:00,1.341,1.3411,1.3405,1.3406,10098.083765
2026-04-10 11:25:00,1.3406,1.3419,1.34,1.3419,13201.59825
2026-04-10 11:30:00,1.3419,1.3424,1.341,1.3418,68343.319793
2026-04-10 11:35:00,1.3419,1.3436,1.3419,1.3433,32783.187795
2026-04-10 11:40:00,1.3432,1.3432,1.3414,1.3417,19928.581085
2026-04-10 11:45:00,1.3417,1.3439,1.3413,1.3431,29719.008797
2026-04-10 11:50:00,1.343,1.3431,1.342,1.342,28534.488157
2026-04-10 11:55:00,1.342,1.3421,1.3406,1.3416,19278.825925
2026-04-10 12:00:00,1.3416,1.3431,1.3415,1.3431,19455.12812
2026-04-10 12:05:00,1.3431,1.3433,1.3408,1.3415,28871.863255
2026-04-10 12:10:00,1.3415,1.3448,1.341,1.3424,391448.988479
2026-04-10 12:15:00,1.3423,1.3432,1.3411,1.3428,96246.997795
2026-04-10 12:20:00,1.3429,1.3446,1.3409,1.3416,24039.55873
2026-04-10 12:25:00,1.3416,1.345,1.3395,1.343,317532.416652
2026-04-10 12:30:00,1.3429,1.3471,1.3407,1.3449,476822.036174
2026-04-10 12:35:00,1.3448,1.345,1.3433,1.3448,38053.459679
2026-04-10 12:40:00,1.3449,1.3469,1.3449,1.3459,54799.159225
2026-04-10 12:45:00,1.3458,1.346,1.344,1.3458,59580.799543
2026-04-10 12:50:00,1.3459,1.3461,1.3426,1.3428,33765.981972
2026-04-10 12:55:00,1.3428,1.3437,1.3425,1.3432,13498.958853
2026-04-10 13:00:00,1.3429,1.3436,1.342,1.3428,13993.989902
2026-04-10 13:05:00,1.3429,1.3439,1.3425,1.3433,16041.434876
2026-04-10 13:10:00,1.3434,1.3441,1.3428,1.343,7064.74344
2026-04-10 13:15:00,1.343,1.3434,1.3421,1.3434,24793.644238
2026-04-10 13:20:00,1.3434,1.3451,1.343,1.3446,34629.313673
2026-04-10 13:25:00,1.3444,1.345,1.3437,1.3439,12158.736807
2026-04-10 13:30:00,1.344,1.3456,1.3415,1.3417,58860.892264
2026-04-10 13:35:00,1.3418,1.3418,1.338,1.3394,104287.561526
2026-04-10 13:40:00,1.3392,1.3414,1.339,1.3414,104553.027373
2026-04-10 13:45:00,1.3416,1.3449,1.3409,1.3444,26092.203703
2026-04-10 13:50:00,1.3442,1.3444,1.3422,1.3439,25127.533809
2026-04-10 13:55:00,1.3439,1.3452,1.3436,1.3445,14051.888368
2026-04-10 14:00:00,1.3444,1.346,1.3435,1.3445,36796.585096
2026-04-10 14:05:00,1.3446,1.3465,1.3434,1.3438,74663.885345
2026-04-10 14:10:00,1.3437,1.3486,1.3432,1.3475,60290.922442
2026-04-10 14:15:00,1.3476,1.3513,1.3474,1.35,139675.245689
2026-04-10 14:20:00,1.35,1.3543,1.35,1.3543,58037.706415
2026-04-10 14:25:00,1.3544,1.3551,1.3521,1.3528,42652.457062
2026-04-10 14:30:00,1.353,1.3566,1.353,1.3552,117891.124017
2026-04-10 14:35:00,1.3551,1.3565,1.3544,1.3565,41951.552438
2026-04-10 14:40:00,1.3556,1.3566,1.3506,1.3533,191621.76377
2026-04-10 14:45:00,1.3534,1.3543,1.3521,1.3523,39249.780682
2026-04-10 14:50:00,1.3526,1.3563,1.3526,1.3544,41833.412652
2026-04-10 14:55:00,1.3546,1.3582,1.3533,1.3581,90421.520437
2026-04-10 15:00:00,1.3579,1.36,1.3577,1.3581,68574.318153
2026-04-10 15:05:00,1.3581,1.3593,1.3562,1.3591,62234.325417
2026-04-10 15:10:00,1.3592,1.3599,1.3583,1.3583,110529.228224
2026-04-10 15:15:00,1.3581,1.3582,1.3554,1.3576,56722.823695
2026-04-10 15:20:00,1.3576,1.361,1.3564,1.3602,247759.561052
2026-04-10 15:25:00,1.3605,1.3607,1.3542,1.3543,80899.200958
2026-04-10 15:30:00,1.3543,1.3556,1.3533,1.354,46626.931947
2026-04-10 15:35:00,1.3539,1.3542,1.3529,1.3534,55783.628177
2026-04-10 15:40:00,1.3534,1.3534,1.3511,1.3534,46199.081873
2026-04-10 15:45:00,1.3533,1.3534,1.3496,1.3515,132275.788143
2026-04-10 15:50:00,1.3515,1.3521,1.35,1.35,29400.347826
2026-04-10 15:55:00,1.3501,1.3505,1.3455,1.3479,202441.557859
2026-04-10 16:00:00,1.348,1.3495,1.3476,1.3488,25210.627725
2026-04-10 16:05:00,1.3488,1.3502,1.3484,1.3494,18514.320578
2026-04-10 16:10:00,1.3494,1.3522,1.3494,1.3515,67205.116834
2026-04-10 16:15:00,1.3514,1.3538,1.3512,1.3533,52043.675901
2026-04-10 16:20:00,1.3533,1.3537,1.3498,1.353,88206.003685
2026-04-10 16:25:00,1.353,1.353,1.3512,1.3517,32649.95122
2026-04-10 16:30:00,1.3519,1.3521,1.349,1.3514,74248.128611
2026-04-10 16:35:00,1.3515,1.3518,1.3505,1.3506,12878.804832
2026-04-10 16:40:00,1.3504,1.3504,1.3476,1.3479,49689.59033
2026-04-10 16:45:00,1.348,1.3499,1.3476,1.3498,29502.300325
2026-04-10 16:50:00,1.3499,1.3521,1.3499,1.3508,40446.65345
2026-04-10 16:55:00,1.3507,1.3527,1.3507,1.3515,26032.857833
2026-04-10 17:00:00,1.3516,1.3516,1.3501,1.3515,26898.663883
2026-04-10 17:05:00,1.3518,1.3529,1.3512,1.3525,20350.675706
2026-04-10 17:10:00,1.3526,1.3526,1.3513,1.3519,20730.872424
2026-04-10 17:15:00,1.352,1.353,1.3516,1.3525,19522.574482
2026-04-10 17:20:00,1.3526,1.3529,1.3511,1.3519,42908.341284
2026-04-10 17:25:00,1.3515,1.3531,1.3515,1.3523,16724.903327
2026-04-10 17:30:00,1.3522,1.3527,1.3516,1.3521,15655.012145
2026-04-10 17:35:00,1.3521,1.3522,1.3488,1.3508,56065.423668
2026-04-10 17:40:00,1.3508,1.352,1.3495,1.3518,48546.219538
2026-04-10 17:45:00,1.352,1.354,1.3519,1.3534,60633.655963
2026-04-10 17:50:00,1.3533,1.3558,1.353,1.3549,79280.189343
2026-04-10 17:55:00,1.3549,1.3558,1.3546,1.3554,52070.848091
2026-04-10 18:00:00,1.3554,1.3565,1.3533,1.3534,37672.355011
2026-04-10 18:05:00,1.3534,1.3544,1.3529,1.3539,85206.861956
2026-04-10 18:10:00,1.3539,1.355,1.3538,1.355,7300.975028
2026-04-10 18:15:00,1.3551,1.3567,1.3546,1.355,53147.126521
2026-04-10 18:20:00,1.355,1.3557,1.3546,1.3546,26375.983045
2026-04-10 18:25:00,1.3544,1.357,1.3533,1.3568,61971.700007
2026-04-10 18:30:00,1.3568,1.3577,1.3564,1.357,28944.238406
2026-04-10 18:35:00,1.357,1.3583,1.3569,1.3569,21468.348482
2026-04-10 18:40:00,1.3569,1.3574,1.3553,1.3563,21582.405782
2026-04-10 18:45:00,1.3563,1.3576,1.3561,1.3571,15086.316141
2026-04-10 18:50:00,1.3572,1.3601,1.3567,1.3598,92717.669291
2026-04-10 18:55:00,1.3599,1.3601,1.359,1.3598,66211.477886
2026-04-10 19:00:00,1.3597,1.3606,1.3597,1.3599,48845.512106
2026-04-10 19:05:00,1.36,1.3627,1.3597,1.3598,66431.657011
2026-04-10 19:10:00,1.3597,1.3624,1.3597,1.362,70078.92022
2026-04-10 19:15:00,1.3622,1.3623,1.3611,1.3616,47510.384072
2026-04-10 19:20:00,1.3617,1.3619,1.3583,1.3595,67372.360838
2026-04-10 19:25:00,1.3594,1.3626,1.3592,1.3624,80660.739825
2026-04-10 19:30:00,1.3624,1.3624,1.3607,1.3612,62269.597814
2026-04-10 19:35:00,1.3613,1.3619,1.3597,1.3605,37696.347478
2026-04-10 19:40:00,1.3607,1.3612,1.3597,1.3611,45194.680605
2026-04-10 19:45:00,1.3612,1.3621,1.36,1.3608,69626.151505
2026-04-10 19:50:00,1.3611,1.3619,1.3603,1.3611,16281.779064
2026-04-10 19:55:00,1.361,1.3636,1.3606,1.3631,140050.915234
2026-04-10 20:00:00,1.3631,1.3641,1.3623,1.3633,300680.641411
2026-04-10 20:05:00,1.3634,1.3635,1.3609,1.3631,74118.999539
2026-04-10 20:10:00,1.3632,1.3645,1.3626,1.3642,60025.511665
2026-04-10 20:15:00,1.364,1.3662,1.3637,1.366,91456.026869
2026-04-10 20:20:00,1.366,1.366,1.3623,1.3632,72760.109874
2026-04-10 20:25:00,1.3633,1.3638,1.3626,1.3631,18851.080981
2026-04-10 20:30:00,1.3632,1.3663,1.3624,1.3628,67589.625685
2026-04-10 20:35:00,1.3628,1.3634,1.3597,1.3602,70889.104532
2026-04-10 20:40:00,1.3603,1.3621,1.3599,1.3618,55161.698381
2026-04-10 20:45:00,1.3619,1.3632,1.3601,1.3627,22263.055832
2026-04-10 20:50:00,1.3628,1.3634,1.3621,1.3626,7359.217192
2026-04-10 20:55:00,1.3626,1.3656,1.3624,1.3644,70591.059061
2026-04-10 21:00:00,1.3643,1.3645,1.3631,1.3635,32501.114688
2026-04-10 21:05:00,1.3633,1.3633,1.3599,1.3605,89434.516107
2026-04-10 21:10:00,1.3606,1.3606,1.3589,1.36,37688.208931
2026-04-10 21:15:00,1.36,1.36,1.359,1.3596,10193.486932
2026-04-10 21:20:00,1.3596,1.3606,1.359,1.3596,86131.913021
2026-04-10 21:25:00,1.3597,1.3598,1.3592,1.3594,101478.922347
2026-04-10 21:30:00,1.3594,1.3596,1.3581,1.3583,112623.4353
2026-04-10 21:35:00,1.3582,1.3602,1.3582,1.3586,39024.858793
2026-04-10 21:40:00,1.3585,1.3598,1.357,1.3587,112936.571627
2026-04-10 21:45:00,1.359,1.3591,1.3584,1.3589,8355.019438
2026-04-10 21:50:00,1.359,1.3604,1.3587,1.3599,8655.407011
2026-04-10 21:55:00,1.3599,1.3607,1.3598,1.3604,14258.499332
2026-04-10 22:00:00,1.3606,1.3609,1.3597,1.3607,23392.349005
2026-04-10 22:05:00,1.3607,1.3613,1.3594,1.3595,28015.865113
2026-04-10 22:10:00,1.3596,1.3605,1.3595,1.3595,12115.550773
2026-04-10 22:15:00,1.3594,1.3601,1.3577,1.3583,71706.692196
2026-04-10 22:20:00,1.3583,1.3585,1.3577,1.358,80940.831574
2026-04-10 22:25:00,1.358,1.3583,1.3578,1.3578,17253.647001
2026-04-10 22:30:00,1.3577,1.3578,1.3575,1.3576,26643.906516
2026-04-10 22:35:00,1.3577,1.3579,1.3554,1.3563,109509.072251
2026-04-10 22:40:00,1.3563,1.357,1.3549,1.3569,39345.55932
2026-04-10 22:45:00,1.3566,1.3569,1.356,1.356,23846.753154
2026-04-10 22:50:00,1.356,1.3566,1.356,1.3563,7229.030633
2026-04-10 22:55:00,1.3564,1.3566,1.3562,1.3563,5694.089618
2026-04-10 23:00:00,1.3564,1.3567,1.3553,1.3553,15250.722446
2026-04-10 23:05:00,1.3553,1.3558,1.3549,1.3549,25850.575561
2026-04-10 23:10:00,1.3548,1.3552,1.3544,1.355,28601.933031
2026-04-10 23:15:00,1.3549,1.3551,1.3546,1.3549,20555.544697
2026-04-10 23:20:00,1.355,1.357,1.355,1.3559,15291.171367
2026-04-10 23:25:00,1.3558,1.3563,1.3557,1.3561,23723.712841
2026-04-10 23:30:00,1.3561,1.3561,1.3552,1.3556,45130.891406
2026-04-10 23:35:00,1.3557,1.3561,1.3552,1.3558,25457.349736
2026-04-10 23:40:00,1.3557,1.3562,1.3557,1.3558,24153.426433
2026-04-10 23:45:00,1.3557,1.3563,1.3554,1.3562,4221.816613
2026-04-10 23:50:00,1.3564,1.3568,1.3559,1.3559,5498.699919
2026-04-10 23:55:00,1.356,1.3565,1.3558,1.3559,5257.744046
2026-04-11 00:00:00,1.356,1.3565,1.3548,1.3548,48880.969453
2026-04-11 00:05:00,1.3548,1.3558,1.3543,1.3553,44901.060664
2026-04-11 00:10:00,1.3552,1.3555,1.3551,1.3552,12050.213236
2026-04-11 00:15:00,1.3553,1.3555,1.3546,1.3551,19351.482729
2026-04-11 00:20:00,1.3551,1.3557,1.3539,1.3552,34320.512997
2026-04-11 00:25:00,1.3551,1.3554,1.3549,1.3553,14316.051815
2026-04-11 00:30:00,1.355,1.355,1.3538,1.3542,50654.219927
2026-04-11 00:35:00,1.3544,1.3549,1.3542,1.3548,19596.726283
2026-04-11 00:40:00,1.3548,1.3549,1.3533,1.3541,78760.716089
2026-04-11 00:45:00,1.3541,1.3549,1.3534,1.3549,19260.543522
2026-04-11 00:50:00,1.3549,1.3549,1.3543,1.3545,20118.47089
2026-04-11 00:55:00,1.3545,1.3546,1.3543,1.3543,15835.395699
2026-04-11 01:00:00,1.3542,1.3542,1.3526,1.3526,14646.682537
2026-04-11 01:05:00,1.3527,1.3534,1.3527,1.3532,7209.361142
2026-04-11 01:10:00,1.3532,1.3532,1.352,1.3525,44611.004783
2026-04-11 01:15:00,1.3526,1.3526,1.351,1.3519,43800.416146
2026-04-11 01:20:00,1.3519,1.3519,1.3502,1.3503,115489.695489
2026-04-11 01:25:00,1.3503,1.3512,1.3496,1.3512,54874.955083
2026-04-11 01:30:00,1.351,1.3531,1.3508,1.3527,45022.682529
2026-04-11 01:35:00,1.3527,1.3527,1.3514,1.3519,4884.948979
2026-04-11 01:40:00,1.3518,1.3523,1.3518,1.3521,12407.572591
2026-04-11 01:45:00,1.3522,1.3532,1.352,1.3531,20625.055352
2026-04-11 01:50:00,1.3531,1.3536,1.3531,1.3533,6971.70531
2026-04-11 01:55:00,1.3532,1.3534,1.3526,1.3531,10674.321834
2026-04-11 02:00:00,1.3532,1.3534,1.3527,1.3533,17701.746506
2026-04-11 02:05:00,1.3534,1.355,1.3529,1.3537,26736.301737
2026-04-11 02:10:00,1.3536,1.3545,1.3534,1.3541,10552.55291
2026-04-11 02:15:00,1.3541,1.3556,1.3541,1.3555,6381.614349
2026-04-11 02:20:00,1.3555,1.3559,1.3549,1.3549,20653.221463
2026-04-11 02:25:00,1.3549,1.356,1.3549,1.3559,4554.264146
2026-04-11 02:30:00,1.3559,1.3574,1.3559,1.3564,50159.277747
2026-04-11 02:35:00,1.3563,1.3563,1.3554,1.3558,9816.103534
2026-04-11 02:40:00,1.3558,1.356,1.3547,1.3547,34517.884288
2026-04-11 02:45:00,1.3547,1.3549,1.3534,1.3535,56624.707802
2026-04-11 02:50:00,1.3535,1.3542,1.3533,1.3536,20631.338004
2026-04-11 02:55:00,1.3537,1.3548,1.3537,1.3548,3931.380693
2026-04-11 03:00:00,1.3548,1.3559,1.3548,1.3555,24566.023173
2026-04-11 03:05:00,1.3556,1.3559,1.3552,1.3559,6541.130814
2026-04-11 03:10:00,1.3557,1.3569,1.3557,1.3568,14411.89323
2026-04-11 03:15:00,1.3568,1.3571,1.3565,1.3567,6817.597738
2026-04-11 03:20:00,1.3567,1.357,1.3566,1.3567,13660.165489
2026-04-11 03:25:00,1.3567,1.3569,1.3566,1.3566,11738.984837
2026-04-11 03:30:00,1.3567,1.3567,1.355,1.3551,12076.106748
2026-04-11 03:35:00,1.3551,1.3551,1.3547,1.3549,27274.053784
2026-04-11 03:40:00,1.355,1.3554,1.354,1.3545,77143.417884
2026-04-11 03:45:00,1.3544,1.3546,1.3539,1.3544,6606.774335
2026-04-11 03:50:00,1.3542,1.3542,1.3526,1.3526,10870.235233
2026-04-11 03:55:00,1.3527,1.3528,1.3503,1.3505,40031.542632
2026-04-11 04:00:00,1.3505,1.3506,1.3496,1.3501,48407.301484
2026-04-11 04:05:00,1.3502,1.3522,1.3502,1.3513,6797.291249
2026-04-11 04:10:00,1.3512,1.3519,1.3499,1.3507,28844.516169
2026-04-11 04:15:00,1.3506,1.3507,1.3492,1.3497,40341.232919
2026-04-11 04:20:00,1.3496,1.3499,1.3492,1.3492,15508.424978
2026-04-11 04:25:00,1.3492,1.3492,1.3481,1.3485,69381.157324
2026-04-11 04:30:00,1.3484,1.3503,1.3484,1.3494,35117.282687
2026-04-11 04:35:00,1.3493,1.3506,1.3487,1.3506,6336.970546
2026-04-11 04:40:00,1.3505,1.3505,1.3496,1.35,26567.974734
2026-04-11 04:45:00,1.3499,1.35,1.3495,1.35,6255.938637
2026-04-11 04:50:00,1.3499,1.351,1.3497,1.3508,23615.09782
2026-04-11 04:55:00,1.3508,1.3511,1.3507,1.3508,4211.880575
2026-04-11 05:00:00,1.351,1.3513,1.35,1.35,4500.378977
2026-04-11 05:05:00,1.3499,1.3502,1.3488,1.3489,15737.698371
2026-04-11 05:10:00,1.3489,1.3489,1.3465,1.3473,64291.035743
2026-04-11 05:15:00,1.3471,1.3482,1.3461,1.3474,38804.861764
2026-04-11 05:20:00,1.3476,1.3486,1.3476,1.3486,24462.748375
2026-04-11 05:25:00,1.3486,1.3496,1.3486,1.3496,4698.524779
2026-04-11 05:30:00,1.3496,1.3507,1.3496,1.35,18462.704851
2026-04-11 05:35:00,1.35,1.3501,1.3496,1.35,6156.909345
2026-04-11 05:40:00,1.3497,1.3502,1.3493,1.3493,2344.910168
2026-04-11 05:45:00,1.3491,1.3494,1.3489,1.349,18076.622039
2026-04-11 05:50:00,1.3492,1.3492,1.3479,1.3483,20265.212374
2026-04-11 05:55:00,1.3484,1.3484,1.3475,1.3475,12961.568406
2026-04-11 06:00:00,1.3476,1.3476,1.3452,1.3456,40091.205167
2026-04-11 06:05:00,1.3455,1.3457,1.3444,1.345,27316.470437
2026-04-11 06:10:00,1.3453,1.3457,1.344,1.3447,19603.965763
2026-04-11 06:15:00,1.3447,1.3452,1.3446,1.3448,13394.309985
2026-04-11 06:20:00,1.3449,1.3456,1.3448,1.3451,17110.273241
2026-04-11 06:25:00,1.3451,1.3454,1.344,1.3453,32501.856331
2026-04-11 06:30:00,1.3452,1.3462,1.3452,1.3454,67101.556199
2026-04-11 06:35:00,1.3453,1.3469,1.3453,1.346,33015.956427
2026-04-11 06:40:00,1.3459,1.3464,1.3456,1.3463,17069.243446
2026-04-11 06:45:00,1.3463,1.3465,1.3461,1.3461,5134.750321
2026-04-11 06:50:00,1.3462,1.3467,1.3462,1.3467,4835.589156
2026-04-11 06:55:00,1.3464,1.3465,1.3464,1.3464,1623.152186
2026-04-11 07:00:00,1.3465,1.3465,1.3459,1.3464,16816.273394
2026-04-11 07:05:00,1.3465,1.3469,1.3463,1.3467,4170.370007
2026-04-11 07:10:00,1.3468,1.3472,1.3467,1.3472,6627.024669
2026-04-11 07:15:00,1.3471,1.3473,1.3469,1.3469,9543.279952
2026-04-11 07:20:00,1.347,1.348,1.347,1.3479,11108.052736
2026-04-11 07:25:00,1.3479,1.3481,1.3471,1.3473,32500.979467
2026-04-11 07:30:00,1.3471,1.3479,1.347,1.3479,1753.300098
2026-04-11 07:35:00,1.3479,1.348,1.3471,1.3479,8535.908027
2026-04-11 07:40:00,1.3477,1.3478,1.3466,1.3468,5321.205106
2026-04-11 07:45:00,1.3467,1.3468,1.346,1.3462,6875.111112
2026-04-11 07:50:00,1.346,1.3465,1.346,1.3462,9786.704711
2026-04-11 07:55:00,1.3462,1.3465,1.3462,1.3465,14699.869986
2026-04-11 08:00:00,1.3467,1.3467,1.346,1.3462,33933.006088
2026-04-11 08:05:00,1.3462,1.3468,1.3462,1.3468,12722.874308
2026-04-11 08:10:00,1.3468,1.3479,1.3468,1.3477,11598.376321
2026-04-11 08:15:00,1.3476,1.3482,1.3475,1.3475,6891.65694
2026-04-11 08:20:00,1.3472,1.3485,1.3472,1.3479,14718.186406
2026-04-11 08:25:00,1.3479,1.3482,1.3475,1.3475,14968.688482
2026-04-11 08:30:00,1.3476,1.348,1.3474,1.3478,7327.941709
2026-04-11 08:35:00,1.3478,1.3478,1.347,1.347,4353.802488
2026-04-11 08:40:00,1.3467,1.3473,1.3465,1.3473,12088.112477
2026-04-11 08:45:00,1.3473,1.3473,1.347,1.347,1818.628862
2026-04-11 08:50:00,1.3469,1.3469,1.3448,1.3455,93526.357562
2026-04-11 08:55:00,1.3455,1.3456,1.3453,1.3455,10220.612211
2026-04-11 09:00:00,1.3454,1.3455,1.345,1.3454,21917.008008
2026-04-11 09:05:00,1.3453,1.3455,1.345,1.3451,12978.124359
2026-04-11 09:10:00,1.3451,1.3454,1.3448,1.3454,25252.464357
2026-04-11 09:15:00,1.3454,1.3488,1.3454,1.3473,105997.102893
2026-04-11 09:20:00,1.3474,1.3489,1.3472,1.3473,54045.815046
2026-04-11 09:25:00,1.3474,1.348,1.3471,1.3472,14851.711674
2026-04-11 09:30:00,1.3472,1.3473,1.345,1.345,36389.626043
2026-04-11 09:35:00,1.3449,1.3458,1.3446,1.3449,46871.009094
2026-04-11 09:40:00,1.3448,1.3462,1.3422,1.3459,433275.95193
2026-04-11 09:45:00,1.346,1.3472,1.346,1.3466,42285.70305
2026-04-11 09:50:00,1.3466,1.3468,1.3462,1.3466,43265.969444
2026-04-11 09:55:00,1.3467,1.3482,1.3467,1.3478,18160.555275
2026-04-11 10:00:00,1.3478,1.3481,1.3471,1.3474,10470.814189
2026-04-11 10:05:00,1.3476,1.348,1.3473,1.348,16828.588552
2026-04-11 10:10:00,1.3478,1.3479,1.3457,1.3465,11629.981453
2026-04-11 10:15:00,1.3465,1.3468,1.3457,1.3461,22745.652778
2026-04-11 10:20:00,1.3462,1.3477,1.3462,1.3477,28085.005621
2026-04-11 10:25:00,1.3477,1.3479,1.3474,1.3475,20981.844921
2026-04-11 10:30:00,1.3473,1.3477,1.3468,1.3474,44737.112821
2026-04-11 10:35:00,1.3475,1.3475,1.3461,1.3467,11876.836232
2026-04-11 10:40:00,1.3467,1.3475,1.3467,1.3471,278429.32551
2026-04-11 10:45:00,1.347,1.347,1.3463,1.3467,15335.281758
2026-04-11 10:50:00,1.3468,1.3477,1.3467,1.3473,15925.68263
2026-04-11 10:55:00,1.3472,1.3476,1.3472,1.3472,14244.594278
2026-04-11 11:00:00,1.347,1.347,1.3464,1.3466,11613.91308
2026-04-11 11:05:00,1.3467,1.3481,1.3467,1.3476,29359.21383
2026-04-11 11:10:00,1.3476,1.348,1.3475,1.3476,35084.461837
2026-04-11 11:15:00,1.3478,1.3502,1.3457,1.3464,1112740.251985
2026-04-11 11:20:00,1.3464,1.3465,1.3455,1.3463,35230.474044
2026-04-11 11:25:00,1.3465,1.3465,1.3448,1.3448,14306.507159
2026-04-11 11:30:00,1.3447,1.3448,1.3442,1.3447,19305.801173
2026-04-11 11:35:00,1.3446,1.3454,1.3446,1.3454,26957.713944
2026-04-11 11:40:00,1.3453,1.3456,1.3451,1.3453,5298.625267
2026-04-11 11:45:00,1.3452,1.3463,1.345,1.3453,130885.443487
2026-04-11 11:50:00,1.3453,1.346,1.3453,1.3458,25709.373434
2026-04-11 11:55:00,1.3458,1.3459,1.3454,1.3456,32662.804219
2026-04-11 12:00:00,1.3457,1.3457,1.345,1.3453,15926.851817
2026-04-11 12:05:00,1.3455,1.346,1.3453,1.3453,13479.43487
2026-04-11 12:10:00,1.3454,1.3454,1.3439,1.3447,23465.358901
2026-04-11 12:15:00,1.3446,1.3451,1.3443,1.3445,19477.074191
2026-04-11 12:20:00,1.3445,1.3445,1.3432,1.3432,23429.951712
2026-04-11 12:25:00,1.3432,1.3436,1.343,1.3434,20031.151959
2026-04-11 12:30:00,1.3433,1.3439,1.343,1.3439,18593.087214
2026-04-11 12:35:00,1.344,1.3442,1.3436,1.3437,43016.963538
2026-04-11 12:40:00,1.3437,1.346,1.3419,1.3454,973164.365695
2026-04-11 12:45:00,1.3456,1.3463,1.3446,1.3451,91050.828778
2026-04-11 12:50:00,1.3451,1.3451,1.3442,1.3444,20696.869134
2026-04-11 12:55:00,1.3444,1.3445,1.3442,1.3444,14741.830176
2026-04-11 13:00:00,1.3443,1.3444,1.3423,1.3441,91361.322746
2026-04-11 13:05:00,1.3437,1.3443,1.343,1.3433,16311.91552
2026-04-11 13:10:00,1.343,1.3431,1.3405,1.3418,127064.639439
2026-04-11 13:15:00,1.3415,1.3439,1.3411,1.3439,49785.682554
2026-04-11 13:20:00,1.3435,1.3436,1.3419,1.3419,28646.018056
2026-04-11 13:25:00,1.3418,1.343,1.3413,1.3414,43984.297071
2026-04-11 13:30:00,1.3412,1.3418,1.3401,1.3416,47126.589495
2026-04-11 13:35:00,1.3416,1.3425,1.3413,1.3422,44070.253751
2026-04-11 13:40:00,1.3422,1.3441,1.3422,1.3438,27980.90319
2026-04-11 13:45:00,1.3438,1.3445,1.3437,1.3441,15922.44165
2026-04-11 13:50:00,1.3443,1.3445,1.3441,1.3444,17590.989506
2026-04-11 13:55:00,1.3445,1.345,1.3444,1.3449,13004.029983
2026-04-11 14:00:00,1.3449,1.3452,1.3445,1.3449,26192.09245
2026-04-11 14:05:00,1.3449,1.3459,1.3446,1.3459,20518.048875
2026-04-11 14:10:00,1.3459,1.3465,1.3459,1.3465,21902.504751
2026-04-11 14:15:00,1.3466,1.3489,1.3442,1.345,525636.601504
2026-04-11 14:20:00,1.345,1.3454,1.3443,1.3446,32392.468008
2026-04-11 14:25:00,1.3446,1.3452,1.3442,1.3443,45367.926887
2026-04-11 14:30:00,1.3442,1.3442,1.3428,1.3435,11446.437388
2026-04-11 14:35:00,1.3434,1.3436,1.3423,1.3423,22784.453597
2026-04-11 14:40:00,1.3423,1.3423,1.3416,1.3418,57029.093704
2026-04-11 14:45:00,1.3419,1.3424,1.3418,1.3418,20640.770272
2026-04-11 14:50:00,1.3419,1.3429,1.3419,1.3427,21911.19703
2026-04-11 14:55:00,1.3426,1.3427,1.3424,1.3426,30284.5994
2026-04-11 15:00:00,1.3425,1.3429,1.3423,1.3429,85762.244974
2026-04-11 15:05:00,1.343,1.3431,1.3425,1.3425,44367.830346
2026-04-11 15:10:00,1.3425,1.3428,1.3425,1.3427,71189.38991
2026-04-11 15:15:00,1.3428,1.3461,1.3425,1.344,67334.680065
2026-04-11 15:20:00,1.344,1.3441,1.3417,1.3417,72311.638629
2026-04-11 15:25:00,1.3418,1.344,1.3395,1.3434,399919.208167
2026-04-11 15:30:00,1.3434,1.3447,1.3433,1.3446,52568.411977
2026-04-11 15:35:00,1.3445,1.3459,1.3443,1.345,56084.278931
2026-04-11 15:40:00,1.345,1.3453,1.3446,1.3451,21456.629107
2026-04-11 15:45:00,1.3452,1.3465,1.3452,1.3455,26258.700088
2026-04-11 15:50:00,1.3454,1.346,1.3453,1.3458,18087.419314
2026-04-11 15:55:00,1.3458,1.3464,1.3457,1.3459,61204.528568
2026-04-11 16:00:00,1.346,1.3466,1.3456,1.3466,15474.922018
2026-04-11 16:05:00,1.3468,1.3471,1.3465,1.3469,29437.981719
2026-04-11 16:10:00,1.3469,1.3485,1.3469,1.3485,22952.06389
2026-04-11 16:15:00,1.3485,1.3496,1.3483,1.3483,52749.968074
2026-04-11 16:20:00,1.3484,1.3487,1.3478,1.3479,24440.732279
2026-04-11 16:25:00,1.3479,1.3492,1.3479,1.3487,26224.308463
2026-04-11 16:30:00,1.3489,1.3492,1.348,1.348,14582.971985
2026-04-11 16:35:00,1.348,1.3512,1.348,1.3509,31426.783966
2026-04-11 16:40:00,1.3509,1.3588,1.3506,1.3561,285472.666707
2026-04-11 16:45:00,1.3562,1.357,1.3541,1.3558,69162.066267
2026-04-11 16:50:00,1.3558,1.356,1.3537,1.3542,30884.786691
2026-04-11 16:55:00,1.3543,1.3569,1.3539,1.3548,189185.641797
2026-04-11 17:00:00,1.3546,1.3553,1.3531,1.3541,95358.026796
2026-04-11 17:05:00,1.3541,1.3541,1.3523,1.3523,14573.342728
2026-04-11 17:10:00,1.3522,1.3526,1.352,1.352,9837.463813
2026-04-11 17:15:00,1.3517,1.3523,1.3512,1.3518,30140.650015
2026-04-11 17:20:00,1.3519,1.3539,1.3514,1.3536,25962.501486
2026-04-11 17:25:00,1.3535,1.3535,1.3524,1.3526,18195.951797
2026-04-11 17:30:00,1.3526,1.3547,1.3526,1.3547,26902.964157
2026-04-11 17:35:00,1.3547,1.3565,1.3541,1.3546,140720.683239
2026-04-11 17:40:00,1.3546,1.3548,1.3544,1.3548,29496.46408
2026-04-11 17:45:00,1.3545,1.355,1.3533,1.3535,26229.321986
2026-04-11 17:50:00,1.3535,1.3543,1.3534,1.3534,16499.435687
2026-04-11 17:55:00,1.3533,1.3536,1.353,1.3533,26936.053965
2026-04-11 18:00:00,1.3531,1.3534,1.3515,1.3515,28595.341105
2026-04-11 18:05:00,1.3515,1.3527,1.3515,1.3527,42369.218476
2026-04-11 18:10:00,1.3528,1.3529,1.3522,1.3525,28133.071494
2026-04-11 18:15:00,1.3525,1.3541,1.3525,1.3541,37761.327921
2026-04-11 18:20:00,1.3543,1.3557,1.3541,1.3546,13321.968143
2026-04-11 18:25:00,1.3544,1.3551,1.3544,1.355,14699.920371
2026-04-11 18:30:00,1.3553,1.3593,1.3553,1.3586,87209.760745
2026-04-11 18:35:00,1.3587,1.3672,1.3587,1.3665,312894.182803
2026-04-11 18:40:00,1.3665,1.3669,1.3639,1.3639,28723.505994
2026-04-11 18:45:00,1.3641,1.3671,1.3638,1.3659,51626.159266
2026-04-11 18:50:00,1.366,1.366,1.3634,1.3635,7217.084772
2026-04-11 18:55:00,1.3634,1.364,1.3627,1.364,46437.906283
2026-04-11 19:00:00,1.3642,1.3656,1.363,1.3644,78628.117305
2026-04-11 19:05:00,1.3645,1.3687,1.3645,1.3686,162258.186392
2026-04-11 19:10:00,1.3687,1.3691,1.3672,1.368,54335.500723
2026-04-11 19:15:00,1.3679,1.3701,1.3663,1.3669,129716.179859
2026-04-11 19:20:00,1.3669,1.3672,1.365,1.367,41685.802115
2026-04-11 19:25:00,1.367,1.37,1.367,1.3698,37694.54597
2026-04-11 19:30:00,1.3698,1.3753,1.3698,1.3728,128914.055915
2026-04-11 19:35:00,1.373,1.3733,1.3716,1.3718,54282.451999
2026-04-11 19:40:00,1.3718,1.3721,1.371,1.3719,38610.52809
2026-04-11 19:45:00,1.3719,1.3719,1.3705,1.3705,30122.304759
2026-04-11 19:50:00,1.3706,1.3712,1.3693,1.3701,13914.118794
2026-04-11 19:55:00,1.3703,1.3712,1.3697,1.3712,58088.801037
2026-04-11 20:00:00,1.3712,1.3728,1.3696,1.3697,149527.696817
2026-04-11 20:05:00,1.3697,1.3703,1.369,1.3701,41319.445928
2026-04-11 20:10:00,1.37,1.3702,1.3684,1.3694,57185.329794
2026-04-11 20:15:00,1.3693,1.37,1.3684,1.3696,71589.524087
2026-04-11 20:20:00,1.3696,1.3696,1.3652,1.3654,94374.28209
2026-04-11 20:25:00,1.3655,1.3661,1.3646,1.3647,40172.64171
2026-04-11 20:30:00,1.3645,1.3645,1.3593,1.3593,127570.845896
2026-04-11 20:35:00,1.3593,1.3612,1.3582,1.3597,139008.323507
2026-04-11 20:40:00,1.3597,1.3612,1.3595,1.361,41213.492242
2026-04-11 20:45:00,1.3609,1.3636,1.3601,1.3636,21776.577973
2026-04-11 20:50:00,1.3635,1.364,1.3623,1.3631,41501.302497
2026-04-11 20:55:00,1.363,1.363,1.3616,1.3616,28279.045609
2026-04-11 21:00:00,1.3615,1.3621,1.3596,1.3614,24669.763305
2026-04-11 21:05:00,1.3615,1.3629,1.3609,1.3629,28279.762342
2026-04-11 21:10:00,1.3629,1.3635,1.3617,1.3632,81918.232325
2026-04-11 21:15:00,1.363,1.364,1.3625,1.3637,20830.967052
2026-04-11 21:20:00,1.3637,1.3639,1.3605,1.3621,80316.565085
2026-04-11 21:25:00,1.3619,1.3623,1.3609,1.3614,19888.279245
2026-04-11 21:30:00,1.3614,1.3627,1.3605,1.3622,81851.777176
2026-04-11 21:35:00,1.3623,1.3633,1.3621,1.3633,22057.061978
2026-04-11 21:40:00,1.3634,1.3656,1.3628,1.3639,98480.971292
2026-04-11 21:45:00,1.3638,1.3655,1.3635,1.3643,25941.574263
2026-04-11 21:50:00,1.3643,1.3655,1.3643,1.3648,55488.967327
2026-04-11 21:55:00,1.3647,1.3647,1.3622,1.3624,12863.494261
2026-04-11 22:00:00,1.3622,1.3647,1.3617,1.3647,28310.971381
2026-04-11 22:05:00,1.3648,1.3673,1.3648,1.3666,40343.899901
2026-04-11 22:10:00,1.3664,1.3671,1.366,1.3668,22138.901518
2026-04-11 22:15:00,1.3668,1.3699,1.3662,1.3678,88730.170166
2026-04-11 22:20:00,1.3678,1.368,1.3663,1.3665,19070.543807
2026-04-11 22:25:00,1.3664,1.3664,1.3646,1.3652,66148.962677
2026-04-11 22:30:00,1.3652,1.3655,1.3626,1.3629,67551.944508
2026-04-11 22:35:00,1.363,1.3637,1.3601,1.3617,51100.228018
2026-04-11 22:40:00,1.3614,1.363,1.3614,1.3623,9690.66495
2026-04-11 22:45:00,1.3624,1.363,1.3623,1.3627,18792.893847
2026-04-11 22:50:00,1.3627,1.3627,1.3607,1.3612,28686.553924
2026-04-11 22:55:00,1.3609,1.3623,1.3609,1.3619,28108.290217
2026-04-11 23:00:00,1.3614,1.3617,1.3566,1.3566,96887.523294
2026-04-11 23:05:00,1.3567,1.3567,1.3515,1.3527,130099.386943
2026-04-11 23:10:00,1.3524,1.3548,1.3514,1.3542,22204.86212
2026-04-11 23:15:00,1.3544,1.3561,1.354,1.3555,13508.135401
2026-04-11 23:20:00,1.3554,1.3566,1.3553,1.3566,25481.205818
2026-04-11 23:25:00,1.3566,1.3567,1.3554,1.3554,10319.624852
2026-04-11 23:30:00,1.3553,1.3565,1.3548,1.3564,8951.654246
2026-04-11 23:35:00,1.3566,1.3581,1.3561,1.3567,82713.07689
2026-04-11 23:40:00,1.3566,1.3566,1.3556,1.3556,3017.742144
2026-04-11 23:45:00,1.3555,1.3563,1.3551,1.3553,15433.608005
2026-04-11 23:50:00,1.3551,1.3553,1.3543,1.3543,19400.234224
2026-04-11 23:55:00,1.3544,1.3553,1.3544,1.3546,22846.32
2026-04-12 00:00:00,1.3547,1.3549,1.3522,1.3527,123160.691083
2026-04-12 00:05:00,1.3527,1.3549,1.3527,1.3534,50831.089088
2026-04-12 00:10:00,1.3533,1.3545,1.3521,1.3526,60867.964261
2026-04-12 00:15:00,1.3526,1.3536,1.3517,1.3522,41518.96075
2026-04-12 00:20:00,1.3525,1.3534,1.352,1.3528,18428.503681
2026-04-12 00:25:00,1.3528,1.353,1.3523,1.3526,18465.983657
2026-04-12 00:30:00,1.3524,1.3538,1.3522,1.3533,3855.87933
2026-04-12 00:35:00,1.3531,1.3541,1.3522,1.3522,24486.549798
2026-04-12 00:40:00,1.352,1.3534,1.3516,1.3532,33883.199521
2026-04-12 00:45:00,1.3532,1.3536,1.353,1.353,12799.407019
2026-04-12 00:50:00,1.3529,1.3535,1.3529,1.3531,444.002043
2026-04-12 00:55:00,1.353,1.3537,1.353,1.3537,2217.887537
2026-04-12 01:00:00,1.3537,1.356,1.3536,1.3549,15786.285605
2026-04-12 01:05:00,1.3548,1.3548,1.3527,1.3547,27665.233288
2026-04-12 01:10:00,1.3545,1.3558,1.3542,1.3554,57611.085982
2026-04-12 01:15:00,1.3551,1.3553,1.3544,1.3553,5008.567519
2026-04-12 01:20:00,1.3554,1.3557,1.3552,1.3552,3748.651998
2026-04-12 01:25:00,1.3551,1.3552,1.3545,1.3548,24088.292976
2026-04-12 01:30:00,1.3549,1.3551,1.3486,1.3486,56077.499257
2026-04-12 01:35:00,1.3485,1.3485,1.3391,1.3437,656967.486142
2026-04-12 01:40:00,1.3436,1.3439,1.3319,1.3334,813918.621675
2026-04-12 01:45:00,1.3334,1.3334,1.3267,1.3277,755734.774272
2026-04-12 01:50:00,1.3274,1.3316,1.3257,1.3315,363597.10257
2026-04-12 01:55:00,1.3314,1.3314,1.3283,1.3295,125987.271369
2026-04-12 02:00:00,1.3294,1.3329,1.3261,1.3262,199190.59083
2026-04-12 02:05:00,1.3264,1.3317,1.3251,1.3316,94004.900036
2026-04-12 02:10:00,1.3311,1.3347,1.3311,1.334,142954.383216
2026-04-12 02:15:00,1.3341,1.3374,1.334,1.3356,119673.03582
2026-04-12 02:20:00,1.3355,1.3355,1.3326,1.3338,201578.09351
2026-04-12 02:25:00,1.3339,1.3353,1.3326,1.3343,139913.692943
2026-04-12 02:30:00,1.3341,1.3362,1.3339,1.336,63390.85483
2026-04-12 02:35:00,1.336,1.3379,1.3351,1.3352,184375.460658
2026-04-12 02:40:00,1.3352,1.3366,1.3348,1.3357,77825.69589
2026-04-12 02:45:00,1.3359,1.336,1.3342,1.3349,57806.595318
2026-04-12 02:50:00,1.3349,1.3353,1.3334,1.3336,97554.779812
2026-04-12 02:55:00,1.3335,1.3349,1.3334,1.3345,86085.29359
2026-04-12 03:00:00,1.3344,1.3365,1.3335,1.3357,84319.893487
2026-04-12 03:05:00,1.3357,1.336,1.3331,1.3338,54832.573571
2026-04-12 03:10:00,1.3338,1.335,1.3326,1.3345,38735.683874
2026-04-12 03:15:00,1.3345,1.3356,1.3345,1.3347,51647.996531
2026-04-12 03:20:00,1.3345,1.3351,1.3323,1.3325,102444.227215
2026-04-12 03:25:00,1.3325,1.3333,1.3317,1.3321,81188.148903
2026-04-12 03:30:00,1.3321,1.333,1.3303,1.3317,86331.122191
2026-04-12 03:35:00,1.3319,1.3324,1.33,1.3316,71088.758853
2026-04-12 03:40:00,1.3313,1.3325,1.3311,1.3321,62615.881887
2026-04-12 03:45:00,1.3321,1.3323,1.3309,1.3312,49347.870698
2026-04-12 03:50:00,1.3313,1.3318,1.3304,1.3316,37067.831077
2026-04-12 03:55:00,1.3314,1.3318,1.3301,1.3303,107685.363781
2026-04-12 04:00:00,1.3302,1.3309,1.3293,1.3299,271233.499421
2026-04-12 04:05:00,1.3299,1.3306,1.329,1.329,11741.832931
2026-04-12 04:10:00,1.3289,1.3297,1.3283,1.3289,59792.683192
2026-04-12 04:15:00,1.329,1.3297,1.3274,1.3276,89334.809601
2026-04-12 04:20:00,1.3277,1.3282,1.3269,1.3276,111980.611445
2026-04-12 04:25:00,1.3277,1.3287,1.3274,1.3283,27894.244707
2026-04-12 04:30:00,1.328,1.3295,1.3274,1.3287,105760.969864
2026-04-12 04:35:00,1.3287,1.3291,1.3284,1.3287,14266.745275
2026-04-12 04:40:00,1.3287,1.3297,1.3283,1.3295,42115.598627
2026-04-12 04:45:00,1.3296,1.3301,1.3294,1.33,37742.516984
2026-04-12 04:50:00,1.3299,1.3299,1.3276,1.3283,37210.312678
2026-04-12 04:55:00,1.3284,1.3287,1.3276,1.3279,26834.648302
2026-04-12 05:00:00,1.3279,1.3291,1.3271,1.3286,79177.903659
2026-04-12 05:05:00,1.3285,1.3296,1.3279,1.3292,95491.374062
2026-04-12 05:10:00,1.3292,1.3292,1.3275,1.3276,45934.707852
2026-04-12 05:15:00,1.3276,1.3279,1.3268,1.3278,40280.488579
2026-04-12 05:20:00,1.3276,1.3303,1.3276,1.3303,112873.65561
2026-04-12 05:25:00,1.3302,1.3308,1.3302,1.3308,59821.054228
2026-04-12 05:30:00,1.3309,1.3312,1.3296,1.3299,71462.300644
2026-04-12 05:35:00,1.3297,1.33,1.3291,1.3299,24523.828853
2026-04-12 05:40:00,1.3298,1.3304,1.3296,1.3298,26764.163373
2026-04-12 05:45:00,1.3298,1.3303,1.3297,1.3303,17209.439802
2026-04-12 05:50:00,1.3304,1.331,1.33,1.331,37920.064581
2026-04-12 05:55:00,1.3308,1.331,1.3303,1.3305,21608.506732
2026-04-12 06:00:00,1.3305,1.3305,1.3301,1.3304,19706.566332
2026-04-12 06:05:00,1.3305,1.3312,1.3305,1.3311,27135.480999
2026-04-12 06:10:00,1.331,1.3322,1.3305,1.332,73043.950278
2026-04-12 06:15:00,1.3319,1.3319,1.3303,1.3306,23772.86481
2026-04-12 06:20:00,1.3306,1.3312,1.3301,1.3312,40481.314054
2026-04-12 06:25:00,1.3313,1.3315,1.3301,1.3307,67296.32083
2026-04-12 06:30:00,1.3307,1.3307,1.3297,1.3298,32558.366634
2026-04-12 06:35:00,1.3298,1.3298,1.3291,1.3291,30890.400562
2026-04-12 06:40:00,1.3292,1.3294,1.3292,1.3293,26888.73699
2026-04-12 06:45:00,1.3294,1.3294,1.3291,1.3293,28130.939695
2026-04-12 06:50:00,1.3293,1.3298,1.329,1.3291,21794.765181
2026-04-12 06:55:00,1.3291,1.3297,1.3287,1.3297,19159.689787
2026-04-12 07:00:00,1.3293,1.3294,1.3277,1.3277,50397.265954
2026-04-12 07:05:00,1.3277,1.3288,1.3273,1.3283,34303.058149
2026-04-12 07:10:00,1.3282,1.3292,1.3279,1.3279,19661.195009
2026-04-12 07:15:00,1.3278,1.3284,1.3274,1.3282,16938.372837
2026-04-12 07:20:00,1.3282,1.3289,1.3281,1.3285,18315.708363
2026-04-12 07:25:00,1.3285,1.329,1.3285,1.3289,17650.493947
2026-04-12 07:30:00,1.3289,1.3296,1.3289,1.3295,7468.662124
2026-04-12 07:35:00,1.3294,1.3306,1.3294,1.3305,13577.176198
2026-04-12 07:40:00,1.3305,1.3308,1.3303,1.3307,17143.539779
2026-04-12 07:45:00,1.3306,1.3309,1.3298,1.33,28276.361628
2026-04-12 07:50:00,1.3297,1.3305,1.3297,1.3305,17341.132497
2026-04-12 07:55:00,1.3304,1.3306,1.3296,1.3296,49231.825559
2026-04-12 08:00:00,1.3296,1.3296,1.3291,1.3292,49967.32905
2026-04-12 08:05:00,1.3292,1.3299,1.3291,1.3293,50384.896491
2026-04-12 08:10:00,1.3293,1.3293,1.3287,1.3291,56044.615418
2026-04-12 08:15:00,1.3291,1.3293,1.3291,1.3292,17361.707402
2026-04-12 08:20:00,1.3291,1.3301,1.3291,1.33,12550.921995
2026-04-12 08:25:00,1.33,1.3305,1.33,1.3305,14822.866293
2026-04-12 08:30:00,1.3305,1.331,1.3305,1.331,12050.896966
2026-04-12 08:35:00,1.3311,1.3314,1.3309,1.3314,12621.139821
2026-04-12 08:40:00,1.3315,1.3318,1.3313,1.3314,88483.586042
2026-04-12 08:45:00,1.3314,1.3314,1.3295,1.3295,66467.096899
2026-04-12 08:50:00,1.3295,1.3296,1.3286,1.3288,97150.369284
2026-04-12 08:55:00,1.3287,1.3288,1.3278,1.3286,127508.275811
2026-04-12 09:00:00,1.3286,1.3286,1.3271,1.3272,76038.00495
2026-04-12 09:05:00,1.3271,1.3295,1.3264,1.3289,450802.018148
2026-04-12 09:10:00,1.3289,1.3294,1.3286,1.3294,55860.762781
2026-04-12 09:15:00,1.3296,1.3302,1.3296,1.3302,11268.263591
2026-04-12 09:20:00,1.3302,1.3309,1.3302,1.3307,19012.255389
2026-04-12 09:25:00,1.3307,1.3319,1.3306,1.3307,91088.073401
2026-04-12 09:30:00,1.3308,1.3311,1.3308,1.3311,14218.616955
2026-04-12 09:35:00,1.3311,1.3312,1.3301,1.3307,29224.1112
2026-04-12 09:40:00,1.3309,1.3309,1.3302,1.3302,20155.871374
2026-04-12 09:45:00,1.33,1.3304,1.3289,1.3293,35688.794584
2026-04-12 09:50:00,1.3292,1.33,1.3292,1.3299,16221.103899
2026-04-12 09:55:00,1.33,1.3303,1.3298,1.3303,6183.913575
2026-04-12 10:00:00,1.3305,1.3306,1.3302,1.3304,28728.725626
2026-04-12 10:05:00,1.3304,1.3321,1.3304,1.332,39922.571464
2026-04-12 10:10:00,1.332,1.332,1.3308,1.3309,25244.099789
2026-04-12 10:15:00,1.3311,1.3315,1.3311,1.3312,11970.735963
2026-04-12 10:20:00,1.3313,1.332,1.3312,1.332,18337.089218
2026-04-12 10:25:00,1.3321,1.3325,1.3318,1.3323,33160.698754
2026-04-12 10:30:00,1.3323,1.3326,1.332,1.3323,9249.1006
2026-04-12 10:35:00,1.3323,1.3328,1.3321,1.3324,74078.999161
2026-04-12 10:40:00,1.3321,1.3323,1.3316,1.3317,22810.242543
2026-04-12 10:45:00,1.3318,1.332,1.3315,1.3316,43277.192565
2026-04-12 10:50:00,1.3316,1.3324,1.3292,1.3297,88360.292329
2026-04-12 10:55:00,1.33,1.3306,1.3295,1.3305,60891.111538
2026-04-12 11:00:00,1.3307,1.3313,1.3303,1.3303,34814.222355
2026-04-12 11:05:00,1.3303,1.334,1.3299,1.3299,775712.992783
2026-04-12 11:10:00,1.3299,1.333,1.3298,1.3323,42289.841443
2026-04-12 11:15:00,1.3323,1.3325,1.3318,1.3321,10319.228927
2026-04-12 11:20:00,1.3322,1.3325,1.3315,1.3315,55828.359412
2026-04-12 11:25:00,1.3316,1.3323,1.3309,1.3323,67938.977018
2026-04-12 11:30:00,1.3321,1.3328,1.3311,1.3315,100474.450238
2026-04-12 11:35:00,1.3317,1.332,1.3316,1.332,5691.387971
2026-04-12 11:40:00,1.3319,1.3329,1.3319,1.3328,14344.254917
2026-04-12 11:45:00,1.3329,1.3333,1.3328,1.3329,22461.766208
2026-04-12 11:50:00,1.333,1.3331,1.333,1.3331,7250.989018
2026-04-12 11:55:00,1.3332,1.3332,1.3329,1.333,13289.03702
2026-04-12 12:00:00,1.3328,1.3328,1.3311,1.3311,91760.00121
2026-04-12 12:05:00,1.3312,1.3312,1.3306,1.3312,37451.057904
2026-04-12 12:10:00,1.3312,1.3314,1.3306,1.3307,15990.913454
2026-04-12 12:15:00,1.3307,1.3308,1.3302,1.3306,19060.835865
2026-04-12 12:20:00,1.3307,1.3309,1.3307,1.3308,74209.928047
2026-04-12 12:25:00,1.3309,1.3309,1.3302,1.3307,79033.174525
2026-04-12 12:30:00,1.3307,1.3307,1.3275,1.3303,492826.898655
2026-04-12 12:35:00,1.3303,1.3327,1.3302,1.3327,28139.649539
2026-04-12 12:40:00,1.3327,1.3339,1.3326,1.3335,90603.7211
2026-04-12 12:45:00,1.3335,1.3343,1.3335,1.3342,21108.447421
2026-04-12 12:50:00,1.3342,1.3345,1.3295,1.331,238467.74832
2026-04-12 12:55:00,1.3313,1.3324,1.3302,1.3309,118051.758844
2026-04-12 13:00:00,1.3308,1.3311,1.3277,1.329,134398.354066
2026-04-12 13:05:00,1.3289,1.332,1.3289,1.3313,54709.746362
2026-04-12 13:10:00,1.3312,1.3312,1.3284,1.3285,36460.031792
2026-04-12 13:15:00,1.3285,1.3314,1.3284,1.3308,85155.078814
2026-04-12 13:20:00,1.3306,1.3321,1.3306,1.332,21309.14457
2026-04-12 13:25:00,1.3322,1.3326,1.3298,1.3302,86090.620912
2026-04-12 13:30:00,1.3303,1.3303,1.3282,1.3298,40074.572292
2026-04-12 13:35:00,1.3301,1.3321,1.3266,1.3274,860485.642878
2026-04-12 13:40:00,1.3273,1.3282,1.3265,1.3279,68448.83395
2026-04-12 13:45:00,1.3279,1.3279,1.3252,1.327,147977.244674
2026-04-12 13:50:00,1.327,1.3272,1.3245,1.3246,110549.262765
2026-04-12 13:55:00,1.3246,1.3249,1.3231,1.3233,146334.526632
2026-04-12 14:00:00,1.3234,1.3256,1.3227,1.324,71394.5448
2026-04-12 14:05:00,1.324,1.3245,1.3233,1.3238,62348.160716
2026-04-12 14:10:00,1.3237,1.3257,1.3216,1.3242,499764.815144
2026-04-12 14:15:00,1.3242,1.326,1.3242,1.3252,51775.433838
2026-04-12 14:20:00,1.3253,1.3266,1.3248,1.3266,35247.241408
2026-04-12 14:25:00,1.3264,1.3268,1.3253,1.3268,52404.356284
2026-04-12 14:30:00,1.3268,1.3268,1.325,1.3259,64944.838676
2026-04-12 14:35:00,1.3258,1.3266,1.3252,1.3252,24857.970477
2026-04-12 14:40:00,1.3252,1.3269,1.3235,1.3243,99521.921734
2026-04-12 14:45:00,1.3243,1.3255,1.3229,1.3254,102600.945901
2026-04-12 14:50:00,1.3252,1.3281,1.3223,1.3227,1028439.074425
2026-04-12 14:55:00,1.3228,1.3245,1.3223,1.3223,44074.513728
2026-04-12 15:00:00,1.3223,1.3232,1.3219,1.3229,46244.579988
2026-04-12 15:05:00,1.3228,1.3233,1.3224,1.3233,18343.239751
2026-04-12 15:10:00,1.3233,1.325,1.323,1.3247,31895.822691
2026-04-12 15:15:00,1.3247,1.3248,1.3225,1.3238,53666.367388
2026-04-12 15:20:00,1.3238,1.3247,1.323,1.3234,26403.175508
2026-04-12 15:25:00,1.3235,1.3237,1.3224,1.3224,54263.346787
2026-04-12 15:30:00,1.3223,1.323,1.3193,1.3228,253694.272419
2026-04-12 15:35:00,1.3227,1.3233,1.3225,1.3227,27038.196349
2026-04-12 15:40:00,1.3229,1.3242,1.3228,1.3236,45893.590575
2026-04-12 15:45:00,1.3236,1.3241,1.3236,1.3239,42046.788494
2026-04-12 15:50:00,1.3239,1.3253,1.3237,1.3246,37272.64802
2026-04-12 15:55:00,1.3247,1.3247,1.3237,1.3237,14762.364824
2026-04-12 16:00:00,1.3238,1.3257,1.3233,1.3251,60556.57767
2026-04-12 16:05:00,1.3251,1.3254,1.3239,1.3243,40657.784346
2026-04-12 16:10:00,1.3244,1.3262,1.3244,1.3259,31580.02539
2026-04-12 16:15:00,1.3259,1.3262,1.325,1.325,21494.912439
2026-04-12 16:20:00,1.3251,1.3269,1.3242,1.3269,6747.613949
2026-04-12 16:25:00,1.327,1.327,1.3262,1.3264,14531.34943
2026-04-12 16:30:00,1.3264,1.3268,1.3263,1.3263,22708.152294
2026-04-12 16:35:00,1.3264,1.3264,1.3251,1.3253,247504.480415
2026-04-12 16:40:00,1.3254,1.3262,1.3252,1.3262,42425.801056
2026-04-12 16:45:00,1.3263,1.3267,1.3263,1.3267,15080.53795
2026-04-12 16:50:00,1.3268,1.3282,1.3268,1.328,44820.373083
2026-04-12 16:55:00,1.328,1.3281,1.327,1.3281,15867.733416
2026-04-12 17:00:00,1.3282,1.3299,1.3282,1.3294,29609.664618
2026-04-12 17:05:00,1.3293,1.3298,1.3293,1.3295,11468.804925
2026-04-12 17:10:00,1.3294,1.3294,1.3272,1.3272,33482.058768
2026-04-12 17:15:00,1.3273,1.328,1.3273,1.3274,22876.69908
2026-04-12 17:20:00,1.3278,1.3289,1.3278,1.3284,27440.376392
2026-04-12 17:25:00,1.3284,1.3292,1.3283,1.3291,39705.737203
2026-04-12 17:30:00,1.3291,1.3305,1.3291,1.3301,47432.630486
2026-04-12 17:35:00,1.3301,1.3302,1.3295,1.3301,19642.668389
2026-04-12 17:40:00,1.3302,1.3306,1.3302,1.3306,4553.982186
2026-04-12 17:45:00,1.3305,1.3305,1.3291,1.3304,14847.049489
2026-04-12 17:50:00,1.3305,1.3339,1.3305,1.3324,110939.871992
2026-04-12 17:55:00,1.3324,1.3332,1.3321,1.3325,44865.0278
2026-04-12 18:00:00,1.3327,1.3336,1.3318,1.3335,103884.028806
2026-04-12 18:05:00,1.3335,1.334,1.3317,1.3324,60107.364923
2026-04-12 18:10:00,1.3325,1.3331,1.332,1.3331,68043.519471
2026-04-12 18:15:00,1.333,1.3338,1.3316,1.3316,86480.642553
2026-04-12 18:20:00,1.3316,1.3316,1.3299,1.3312,74304.22659
2026-04-12 18:25:00,1.3312,1.3314,1.33,1.3305,29751.76177
2026-04-12 18:30:00,1.3305,1.3312,1.3305,1.3309,30612.969604
2026-04-12 18:35:00,1.3309,1.3317,1.3309,1.3317,22284.879874
2026-04-12 18:40:00,1.3317,1.3317,1.3304,1.3311,54749.03065
2026-04-12 18:45:00,1.3312,1.3312,1.3308,1.3311,16812.33722
2026-04-12 18:50:00,1.3311,1.3311,1.3301,1.3307,11326.687855
2026-04-12 18:55:00,1.3306,1.331,1.3302,1.3309,29859.12127
2026-04-12 19:00:00,1.3309,1.331,1.3306,1.3306,3869.479092
2026-04-12 19:05:00,1.3306,1.3306,1.3304,1.3304,29091.65079
2026-04-12 19:10:00,1.3302,1.3315,1.3302,1.3303,70679.06098
2026-04-12 19:15:00,1.3303,1.3305,1.3298,1.3299,21544.808777
2026-04-12 19:20:00,1.33,1.3311,1.33,1.3305,45453.453466
2026-04-12 19:25:00,1.3306,1.3311,1.3306,1.3309,5449.104889
2026-04-12 19:30:00,1.3308,1.3314,1.3307,1.3314,3981.075203
2026-04-12 19:35:00,1.3315,1.3316,1.3308,1.3314,11161.470214
2026-04-12 19:40:00,1.3317,1.3319,1.3312,1.3312,17565.948545
2026-04-12 19:45:00,1.3312,1.3312,1.3302,1.3305,33734.268959
2026-04-12 19:50:00,1.3305,1.3307,1.3298,1.3307,11687.15276
2026-04-12 19:55:00,1.3309,1.3313,1.3308,1.3309,14649.406896
2026-04-12 20:00:00,1.3309,1.3322,1.3308,1.3322,34991.613735
2026-04-12 20:05:00,1.3322,1.3322,1.3301,1.3301,23405.434567
2026-04-12 20:10:00,1.3302,1.3307,1.3298,1.3301,24514.471074
2026-04-12 20:15:00,1.33,1.3309,1.3294,1.3309,30834.969071
2026-04-12 20:20:00,1.331,1.332,1.3307,1.332,50599.778412
2026-04-12 20:25:00,1.3322,1.3324,1.332,1.332,13293.630864
2026-04-12 20:30:00,1.332,1.3343,1.332,1.3337,44669.609623
2026-04-12 20:35:00,1.3338,1.3346,1.3329,1.3329,25144.742622
2026-04-12 20:40:00,1.333,1.3393,1.333,1.3378,124222.625826
2026-04-12 20:45:00,1.3378,1.3393,1.3357,1.3357,62983.008208
2026-04-12 20:50:00,1.3357,1.3375,1.3357,1.3359,151383.357542
2026-04-12 20:55:00,1.336,1.3366,1.3357,1.3366,33340.773108
2026-04-12 21:00:00,1.3367,1.3392,1.3367,1.338,17977.247475
2026-04-12 21:05:00,1.338,1.338,1.3362,1.3362,70226.086417
2026-04-12 21:10:00,1.3362,1.3364,1.3351,1.336,57782.646303
2026-04-12 21:15:00,1.3362,1.337,1.3359,1.3363,19666.96694
2026-04-12 21:20:00,1.3364,1.3372,1.3361,1.3361,11690.59844
2026-04-12 21:25:00,1.3362,1.3364,1.3358,1.3361,25927.794344
2026-04-12 21:30:00,1.3363,1.3364,1.3341,1.3341,20014.467264
2026-04-12 21:35:00,1.334,1.3374,1.3337,1.3369,46913.419387
2026-04-12 21:40:00,1.3368,1.3375,1.3362,1.3363,34107.113012
2026-04-12 21:45:00,1.3364,1.337,1.3359,1.3359,22316.655449
2026-04-12 21:50:00,1.3358,1.3362,1.3354,1.3354,8431.77967
2026-04-12 21:55:00,1.3354,1.3368,1.3354,1.3367,16470.624491
2026-04-12 22:00:00,1.3365,1.3365,1.326,1.3278,150581.938636
2026-04-12 22:05:00,1.3278,1.3324,1.3273,1.3307,132139.595038
2026-04-12 22:10:00,1.3304,1.331,1.3276,1.331,61247.957887
2026-04-12 22:15:00,1.3311,1.3311,1.3265,1.3276,64707.692303
2026-04-12 22:20:00,1.3276,1.3292,1.3271,1.3276,56649.70791
2026-04-12 22:25:00,1.3276,1.3281,1.3246,1.3261,80700.933402
2026-04-12 22:30:00,1.3262,1.3269,1.3231,1.3268,82637.919764
2026-04-12 22:35:00,1.3268,1.3303,1.3268,1.3293,32915.73082
2026-04-12 22:40:00,1.3291,1.3305,1.3276,1.3278,25592.078932
2026-04-12 22:45:00,1.3278,1.3284,1.3265,1.3265,16607.609904
2026-04-12 22:50:00,1.3265,1.328,1.3263,1.3268,7220.358241
2026-04-12 22:55:00,1.3271,1.3287,1.3269,1.3282,19075.434996
2026-04-12 23:00:00,1.3281,1.3281,1.3242,1.3253,66273.169195
2026-04-12 23:05:00,1.3252,1.3261,1.3238,1.3253,57905.336183
2026-04-12 23:10:00,1.3254,1.3259,1.3234,1.324,17474.174195
2026-04-12 23:15:00,1.3239,1.3257,1.3231,1.3256,20397.72039
2026-04-12 23:20:00,1.3254,1.3254,1.3243,1.3245,37947.426846
2026-04-12 23:25:00,1.3245,1.3264,1.3245,1.3258,50915.031798
2026-04-12 23:30:00,1.3257,1.3257,1.3224,1.3231,32699.274422
2026-04-12 23:35:00,1.3232,1.3243,1.323,1.3238,20702.549552
2026-04-12 23:40:00,1.3238,1.3252,1.3228,1.3252,12434.374591
2026-04-12 23:45:00,1.325,1.325,1.3231,1.3231,9120.625919
2026-04-12 23:50:00,1.3233,1.3265,1.3233,1.3248,23137.518799
2026-04-12 23:55:00,1.3249,1.3258,1.3237,1.3247,18582.838828
2026-04-13 00:00:00,1.3247,1.3255,1.3234,1.3255,107216.930628
2026-04-13 00:05:00,1.3255,1.3288,1.3255,1.3286,116791.401789
2026-04-13 00:10:00,1.3286,1.329,1.3271,1.3283,56157.02465
2026-04-13 00:15:00,1.328,1.3289,1.3268,1.327,51715.775743
2026-04-13 00:20:00,1.3271,1.3283,1.3263,1.3283,26944.36348
2026-04-13 00:25:00,1.3283,1.3311,1.3279,1.3296,60077.191767
2026-04-13 00:30:00,1.3294,1.3313,1.3294,1.3313,41804.271355
2026-04-13 00:35:00,1.3311,1.3311,1.3297,1.3297,20418.373522
2026-04-13 00:40:00,1.3294,1.3303,1.3284,1.3288,27692.05918
2026-04-13 00:45:00,1.3289,1.3301,1.3283,1.3298,31061.472398
2026-04-13 00:50:00,1.3299,1.3334,1.3297,1.3321,46742.435865
2026-04-13 00:55:00,1.3321,1.3321,1.3312,1.3316,35340.888322
2026-04-13 01:00:00,1.3318,1.332,1.3298,1.3305,22137.098545
2026-04-13 01:05:00,1.3305,1.3305,1.3294,1.3297,13738.775863
2026-04-13 01:10:00,1.3297,1.3312,1.3287,1.3289,43144.514103
2026-04-13 01:15:00,1.3289,1.3291,1.3285,1.3287,5832.287404
2026-04-13 01:20:00,1.3286,1.329,1.3283,1.3288,10441.683381
2026-04-13 01:25:00,1.3286,1.3291,1.3278,1.3285,49744.56732
2026-04-13 01:30:00,1.3285,1.3292,1.3266,1.3286,70547.011385
2026-04-13 01:35:00,1.3288,1.3302,1.3286,1.3288,19747.998408
2026-04-13 01:40:00,1.3287,1.3305,1.3287,1.3305,18977.835943
2026-04-13 01:45:00,1.3304,1.3313,1.33,1.3309,7715.923597
2026-04-13 01:50:00,1.331,1.333,1.331,1.3314,25355.339478
2026-04-13 01:55:00,1.3312,1.3327,1.3311,1.3323,19067.76481
2026-04-13 02:00:00,1.3323,1.3333,1.331,1.3315,45274.56381
2026-04-13 02:05:00,1.3314,1.3315,1.3304,1.3304,4497.753009
2026-04-13 02:10:00,1.3305,1.3307,1.3269,1.327,27155.472552
2026-04-13 02:15:00,1.327,1.3275,1.3267,1.327,15709.21945
2026-04-13 02:20:00,1.3269,1.3284,1.3269,1.3284,15410.799166
2026-04-13 02:25:00,1.3285,1.3316,1.3285,1.3294,38734.165476
2026-04-13 02:30:00,1.3295,1.3308,1.3285,1.3287,28085.992519
2026-04-13 02:35:00,1.3289,1.329,1.3251,1.3257,33325.908257
2026-04-13 02:40:00,1.3258,1.326,1.3252,1.3252,4987.526113
2026-04-13 02:45:00,1.3251,1.326,1.3251,1.3259,9801.356207
2026-04-13 02:50:00,1.3258,1.3259,1.3245,1.3254,16634.853513
2026-04-13 02:55:00,1.3253,1.3256,1.3252,1.3254,10528.954454
2026-04-13 03:00:00,1.3255,1.3268,1.3244,1.3267,34212.238208
2026-04-13 03:05:00,1.3262,1.3266,1.3258,1.326,3482.148301
2026-04-13 03:10:00,1.3261,1.3274,1.3261,1.3274,49049.307069
2026-04-13 03:15:00,1.3271,1.329,1.3266,1.3282,22654.687831
2026-04-13 03:20:00,1.3282,1.3284,1.3265,1.3265,21378.39391
2026-04-13 03:25:00,1.3265,1.3273,1.3265,1.3266,26952.056901
2026-04-13 03:30:00,1.3265,1.3271,1.3261,1.3267,40812.674047
2026-04-13 03:35:00,1.3268,1.3268,1.3244,1.325,29788.930024
2026-04-13 03:40:00,1.3251,1.326,1.3251,1.3257,17638.136093
2026-04-13 03:45:00,1.3257,1.3258,1.3252,1.3258,14896.210467
2026-04-13 03:50:00,1.3258,1.3263,1.3256,1.3257,17501.295827
2026-04-13 03:55:00,1.3257,1.326,1.3251,1.3254,33661.09668
2026-04-13 04:00:00,1.3254,1.3264,1.3254,1.3256,18495.754637
2026-04-13 04:05:00,1.3256,1.3256,1.3243,1.3247,24164.418827
2026-04-13 04:10:00,1.3248,1.3251,1.3243,1.3251,8530.312254
2026-04-13 04:15:00,1.3251,1.3251,1.3241,1.3245,23760.114392
2026-04-13 04:20:00,1.3247,1.325,1.3247,1.3249,15958.390305
2026-04-13 04:25:00,1.325,1.3261,1.325,1.3255,20525.069459
2026-04-13 04:30:00,1.3254,1.3271,1.3252,1.3265,45014.04782
2026-04-13 04:35:00,1.3264,1.3269,1.3258,1.3269,50482.814532
2026-04-13 04:40:00,1.3269,1.3274,1.3259,1.3259,33063.214487
2026-04-13 04:45:00,1.3259,1.326,1.3236,1.3237,66604.279269
2026-04-13 04:50:00,1.3237,1.3237,1.3193,1.3233,627170.640559
2026-04-13 04:55:00,1.3234,1.3248,1.3228,1.3229,71124.776161
2026-04-13 05:00:00,1.3229,1.3237,1.3218,1.3231,66208.074671
2026-04-13 05:05:00,1.3231,1.3235,1.3219,1.322,101285.237215
2026-04-13 05:10:00,1.3222,1.3235,1.322,1.3232,53259.435589
2026-04-13 05:15:00,1.3232,1.3241,1.3232,1.3238,17722.416794
2026-04-13 05:20:00,1.3235,1.3249,1.323,1.3246,33017.935914
2026-04-13 05:25:00,1.3246,1.3247,1.3241,1.3244,10070.413886
2026-04-13 05:30:00,1.3247,1.3248,1.3232,1.3243,20541.256406
2026-04-13 05:35:00,1.3243,1.3246,1.3232,1.3237,13308.220726
2026-04-13 05:40:00,1.324,1.3258,1.3238,1.3251,15156.282714
2026-04-13 05:45:00,1.3251,1.3287,1.3251,1.3279,67421.434949
2026-04-13 05:50:00,1.3279,1.3312,1.3278,1.3311,36401.150248
2026-04-13 05:55:00,1.3313,1.3322,1.3299,1.3315,132187.16886
2026-04-13 06:00:00,1.3314,1.3332,1.331,1.3332,70399.586121
2026-04-13 06:05:00,1.3333,1.3344,1.3317,1.3317,76157.218253
2026-04-13 06:10:00,1.3316,1.3324,1.3314,1.3323,78861.649027
2026-04-13 06:15:00,1.3324,1.3363,1.3318,1.3352,63523.85944
2026-04-13 06:20:00,1.3356,1.336,1.3345,1.3359,46688.832453
2026-04-13 06:25:00,1.3361,1.3371,1.3354,1.3361,82794.156142
2026-04-13 06:30:00,1.3361,1.3361,1.3331,1.3352,304167.872868
2026-04-13 06:35:00,1.3353,1.3366,1.3325,1.3339,481264.186974
2026-04-13 06:40:00,1.3339,1.3346,1.3322,1.3344,45600.217491
2026-04-13 06:45:00,1.3344,1.3356,1.334,1.3351,30430.976933
2026-04-13 06:50:00,1.3351,1.3355,1.3343,1.3344,18647.758572
2026-04-13 06:55:00,1.3343,1.3348,1.3341,1.3345,41285.073654
2026-04-13 07:00:00,1.3345,1.3354,1.334,1.3346,39837.274326
2026-04-13 07:05:00,1.3346,1.3346,1.332,1.3326,43509.790609
2026-04-13 07:10:00,1.3327,1.3332,1.3324,1.3325,33677.683166
2026-04-13 07:15:00,1.3324,1.3325,1.3308,1.3308,22095.743391
2026-04-13 07:20:00,1.3308,1.3308,1.3283,1.3289,57996.889729
2026-04-13 07:25:00,1.329,1.3295,1.3284,1.3289,50731.398497
2026-04-13 07:30:00,1.3288,1.3294,1.3277,1.3279,32318.996941
2026-04-13 07:35:00,1.3281,1.3298,1.3277,1.3288,25616.944995
2026-04-13 07:40:00,1.3289,1.3289,1.3271,1.3275,25464.720619
2026-04-13 07:45:00,1.3275,1.3283,1.3274,1.3277,9312.317451
2026-04-13 07:50:00,1.3277,1.3278,1.3264,1.3265,45981.954326
2026-04-13 07:55:00,1.3265,1.3267,1.3256,1.3256,19160.349306
2026-04-13 08:00:00,1.3255,1.3281,1.323,1.3281,381674.339776
2026-04-13 08:05:00,1.3282,1.3286,1.3261,1.3267,55048.179825
2026-04-13 08:10:00,1.3268,1.3279,1.3268,1.327,18045.824518
2026-04-13 08:15:00,1.327,1.327,1.3257,1.3259,62368.234293
2026-04-13 08:20:00,1.3258,1.3259,1.3255,1.3256,41176.019352
2026-04-13 08:25:00,1.3256,1.3273,1.3256,1.3259,51851.254723
2026-04-13 08:30:00,1.3259,1.3259,1.3241,1.325,24948.128511
2026-04-13 08:35:00,1.3249,1.3254,1.3245,1.3246,11803.358569
2026-04-13 08:40:00,1.3246,1.3246,1.3232,1.3235,50796.636389
2026-04-13 08:45:00,1.3236,1.325,1.323,1.3249,10447.391701
2026-04-13 08:50:00,1.3248,1.3248,1.3238,1.3248,14481.26959
2026-04-13 08:55:00,1.3248,1.3255,1.3248,1.3255,9579.706383
2026-04-13 09:00:00,1.3255,1.3306,1.3255,1.3298,143448.90227
2026-04-13 09:05:00,1.3297,1.3301,1.3272,1.3272,39105.296036
2026-04-13 09:10:00,1.3274,1.3282,1.3273,1.3276,11354.212351
2026-04-13 09:15:00,1.3275,1.3288,1.3267,1.3274,120090.820376
2026-04-13 09:20:00,1.3274,1.3278,1.3257,1.3259,42375.041453
2026-04-13 09:25:00,1.3259,1.3276,1.3259,1.327,214911.278506
2026-04-13 09:30:00,1.327,1.3287,1.3269,1.3283,272964.642084
2026-04-13 09:35:00,1.3283,1.3287,1.3247,1.3277,694531.096811
2026-04-13 09:40:00,1.3279,1.328,1.327,1.3273,12724.752051
2026-04-13 09:45:00,1.3273,1.3274,1.3269,1.3273,18307.84295
2026-04-13 09:50:00,1.3272,1.3275,1.3268,1.3269,22105.798195
2026-04-13 09:55:00,1.327,1.3276,1.3267,1.3267,18727.39258
2026-04-13 10:00:00,1.3267,1.3268,1.3253,1.3261,22428.487222
2026-04-13 10:05:00,1.3261,1.3265,1.3259,1.3259,13931.003416
2026-04-13 10:10:00,1.3258,1.3267,1.3256,1.3267,17715.035548
2026-04-13 10:15:00,1.3268,1.3268,1.3248,1.326,26534.667005
2026-04-13 10:20:00,1.326,1.3262,1.3252,1.3254,64708.12818
2026-04-13 10:25:00,1.3254,1.3272,1.3253,1.3255,239280.702012
2026-04-13 10:30:00,1.3254,1.3258,1.3246,1.3246,59793.033121
2026-04-13 10:35:00,1.3245,1.3262,1.3236,1.3262,216811.526132
2026-04-13 10:40:00,1.3264,1.3264,1.3247,1.3247,12373.188747
2026-04-13 10:45:00,1.3247,1.3258,1.3245,1.325,28917.795516
2026-04-13 10:50:00,1.3251,1.3255,1.3244,1.3244,27159.5422
2026-04-13 10:55:00,1.3245,1.3253,1.3244,1.3252,27565.414678
2026-04-13 11:00:00,1.3252,1.3272,1.3249,1.3263,66776.11204
2026-04-13 11:05:00,1.3264,1.3269,1.326,1.326,25352.662103
2026-04-13 11:10:00,1.326,1.3265,1.3259,1.3262,5332.934547
2026-04-13 11:15:00,1.3261,1.3263,1.3256,1.3259,10188.071236
2026-04-13 11:20:00,1.326,1.3266,1.3255,1.326,29545.578857
2026-04-13 11:25:00,1.3262,1.3265,1.326,1.3264,17574.451606
2026-04-13 11:30:00,1.3265,1.3268,1.3258,1.3258,12618.771157
2026-04-13 11:35:00,1.3258,1.3262,1.3252,1.326,19843.760776
2026-04-13 11:40:00,1.3259,1.3278,1.3257,1.3274,26564.178455
2026-04-13 11:45:00,1.3274,1.328,1.3267,1.3271,28325.876996
2026-04-13 11:50:00,1.3271,1.3274,1.3267,1.3274,34529.061031
2026-04-13 11:55:00,1.3274,1.3274,1.3256,1.3256,2968.126285
2026-04-13 12:00:00,1.3256,1.3261,1.3244,1.3247,45054.708963
2026-04-13 12:05:00,1.3247,1.327,1.3246,1.3262,33880.363926
2026-04-13 12:10:00,1.326,1.3277,1.3259,1.3265,91653.710031
2026-04-13 12:15:00,1.3264,1.3267,1.3258,1.326,34244.857623
2026-04-13 12:20:00,1.3258,1.326,1.3251,1.3251,22044.250095
2026-04-13 12:25:00,1.3251,1.3251,1.324,1.324,93252.226107
2026-04-13 12:30:00,1.3241,1.3263,1.3235,1.326,52594.347863
2026-04-13 12:35:00,1.3257,1.3259,1.3249,1.3256,18726.38821
2026-04-13 12:40:00,1.3256,1.3259,1.3245,1.3258,34250.703678
2026-04-13 12:45:00,1.3258,1.3284,1.3258,1.3283,54203.775372
2026-04-13 12:50:00,1.3283,1.3338,1.3283,1.333,56034.598891
2026-04-13 12:55:00,1.3329,1.333,1.3312,1.3325,201669.968308
2026-04-13 13:00:00,1.3322,1.3331,1.3314,1.3323,54554.229725
2026-04-13 13:05:00,1.3324,1.3324,1.3306,1.3311,26045.059133
2026-04-13 13:10:00,1.3312,1.3345,1.3311,1.3335,215389.125845
2026-04-13 13:15:00,1.3334,1.3338,1.3311,1.3338,133748.447158
2026-04-13 13:20:00,1.3337,1.3339,1.3325,1.3335,92562.929297
2026-04-13 13:25:00,1.3336,1.3341,1.3302,1.3319,179965.39305
2026-04-13 13:30:00,1.3318,1.3327,1.33,1.3309,46630.296729
2026-04-13 13:35:00,1.3309,1.3309,1.3276,1.328,59638.096454
2026-04-13 13:40:00,1.3279,1.3316,1.3279,1.3292,36739.111217
2026-04-13 13:45:00,1.3293,1.3391,1.3279,1.3388,167957.738912
2026-04-13 13:50:00,1.3389,1.3408,1.335,1.3371,132448.144426
2026-04-13 13:55:00,1.3375,1.3399,1.3368,1.3395,69678.631665
2026-04-13 14:00:00,1.3399,1.3409,1.3364,1.3378,128673.684176
2026-04-13 14:05:00,1.3376,1.3378,1.3349,1.3358,50406.758365
2026-04-13 14:10:00,1.3356,1.3382,1.3355,1.3374,92649.846426
2026-04-13 14:15:00,1.3376,1.3388,1.3355,1.3371,55398.283938
2026-04-13 14:20:00,1.3373,1.3378,1.3318,1.3355,75096.017246
2026-04-13 14:25:00,1.3358,1.3358,1.3346,1.3355,10765.327447
2026-04-13 14:30:00,1.3355,1.3405,1.3351,1.34,46281.516207
2026-04-13 14:35:00,1.3399,1.3403,1.3385,1.3393,25246.775961
2026-04-13 14:40:00,1.3397,1.3424,1.3379,1.3413,65325.651882
2026-04-13 14:45:00,1.3412,1.343,1.3398,1.34,62303.596389
2026-04-13 14:50:00,1.34,1.3412,1.3393,1.3411,27190.241189
2026-04-13 14:55:00,1.3413,1.3468,1.341,1.3458,149217.263953
2026-04-13 15:00:00,1.3456,1.3462,1.3397,1.3399,85541.139101
2026-04-13 15:05:00,1.3399,1.3412,1.3381,1.3398,51955.457659
2026-04-13 15:10:00,1.3396,1.3403,1.3388,1.3388,7530.876675
2026-04-13 15:15:00,1.339,1.3393,1.3377,1.3384,17536.792864
2026-04-13 15:20:00,1.3385,1.3393,1.3369,1.3369,18199.44177
2026-04-13 15:25:00,1.3368,1.3376,1.3357,1.3367,38870.383262
2026-04-13 15:30:00,1.3366,1.3366,1.3324,1.333,50304.522961
2026-04-13 15:35:00,1.3331,1.3341,1.331,1.333,74331.897857
2026-04-13 15:40:00,1.333,1.3335,1.3319,1.3326,24231.68283
2026-04-13 15:45:00,1.3325,1.334,1.3319,1.3329,26636.61012
2026-04-13 15:50:00,1.333,1.3335,1.3321,1.3325,42639.429809
2026-04-13 15:55:00,1.3325,1.3349,1.3325,1.3345,10729.00272
2026-04-13 16:00:00,1.3346,1.3349,1.3319,1.3323,27850.780304
2026-04-13 16:05:00,1.3322,1.3341,1.3295,1.334,115927.145125
2026-04-13 16:10:00,1.3341,1.3358,1.3341,1.3358,29748.156587
2026-04-13 16:15:00,1.336,1.3374,1.3343,1.3366,49074.957617
2026-04-13 16:20:00,1.3368,1.3391,1.3358,1.3382,43832.894951
2026-04-13 16:25:00,1.3384,1.3406,1.3372,1.3398,53656.025121
2026-04-13 16:30:00,1.3399,1.3418,1.3391,1.3395,66663.32403
2026-04-13 16:35:00,1.3392,1.3412,1.3389,1.3403,57117.414341
2026-04-13 16:40:00,1.3404,1.3417,1.3389,1.341,92046.491928
2026-04-13 16:45:00,1.3405,1.3423,1.3393,1.3395,126898.322853
2026-04-13 16:50:00,1.3397,1.3412,1.3376,1.3383,68510.006973
2026-04-13 16:55:00,1.3384,1.34,1.3381,1.3396,7211.532194
2026-04-13 17:00:00,1.3397,1.34,1.338,1.3392,84343.697197
2026-04-13 17:05:00,1.3391,1.3391,1.3372,1.339,57958.628908
2026-04-13 17:10:00,1.3391,1.3408,1.3386,1.3386,29470.783213
2026-04-13 17:15:00,1.3387,1.3407,1.3386,1.3407,7803.305142
2026-04-13 17:20:00,1.3407,1.3407,1.3387,1.3387,20319.636781
2026-04-13 17:25:00,1.3389,1.3413,1.3389,1.3413,23818.200589
2026-04-13 17:30:00,1.3415,1.3454,1.3415,1.3436,235387.275915
2026-04-13 17:35:00,1.3438,1.3438,1.3416,1.3426,24511.174348
2026-04-13 17:40:00,1.3425,1.3437,1.3424,1.3432,19958.274247
2026-04-13 17:45:00,1.3432,1.3446,1.3416,1.3419,25063.651474
2026-04-13 17:50:00,1.3421,1.3423,1.3387,1.3398,77172.590586
2026-04-13 17:55:00,1.3393,1.3393,1.338,1.3382,21960.674314
2026-04-13 18:00:00,1.3381,1.3387,1.3376,1.3385,24509.985454
2026-04-13 18:05:00,1.3385,1.3385,1.3368,1.3373,25267.211067
2026-04-13 18:10:00,1.3373,1.3377,1.3361,1.3377,21032.875892
2026-04-13 18:15:00,1.3378,1.338,1.3369,1.3378,11595.740207
2026-04-13 18:20:00,1.3378,1.3387,1.3352,1.3355,30817.355488
2026-04-13 18:25:00,1.3353,1.3362,1.3345,1.3352,22455.781096
2026-04-13 18:30:00,1.3354,1.3376,1.3353,1.3376,19385.795358
2026-04-13 18:35:00,1.3379,1.3384,1.3373,1.3382,12297.507415
2026-04-13 18:40:00,1.3383,1.3403,1.338,1.3392,34734.992249
2026-04-13 18:45:00,1.3391,1.3398,1.3384,1.3386,43561.095265
2026-04-13 18:50:00,1.3383,1.3395,1.3381,1.3395,20472.831728
2026-04-13 18:55:00,1.3396,1.3407,1.3396,1.3405,24157.271924
2026-04-13 19:00:00,1.3403,1.3409,1.3394,1.34,71624.859956
2026-04-13 19:05:00,1.3399,1.3406,1.3392,1.3395,47801.487999
2026-04-13 19:10:00,1.3397,1.3401,1.3393,1.3393,14563.923925
2026-04-13 19:15:00,1.3394,1.3439,1.3394,1.3426,53209.644466
2026-04-13 19:20:00,1.3427,1.3463,1.3423,1.3453,149218.768135
2026-04-13 19:25:00,1.3452,1.3479,1.345,1.3458,102606.766977
2026-04-13 19:30:00,1.3458,1.3495,1.3458,1.349,121827.592046
2026-04-13 19:35:00,1.349,1.3493,1.3461,1.3493,113350.792487
2026-04-13 19:40:00,1.3491,1.3493,1.3477,1.348,33046.726179
2026-04-13 19:45:00,1.3479,1.3532,1.3477,1.3517,165296.53684
2026-04-13 19:50:00,1.3518,1.3538,1.3516,1.3537,41525.50785
2026-04-13 19:55:00,1.3537,1.3557,1.3533,1.3536,155754.410519
2026-04-13 20:00:00,1.3534,1.3553,1.3532,1.3545,288971.200491
2026-04-13 20:05:00,1.3543,1.3552,1.3527,1.3534,87762.536428
2026-04-13 20:10:00,1.353,1.353,1.3504,1.3506,173198.195903
2026-04-13 20:15:00,1.3508,1.3522,1.3505,1.3505,20395.320166
2026-04-13 20:20:00,1.3504,1.3516,1.3495,1.3499,62689.768157
2026-04-13 20:25:00,1.35,1.3512,1.3498,1.3507,58776.063302
2026-04-13 20:30:00,1.3505,1.3509,1.349,1.3497,29465.287612
2026-04-13 20:35:00,1.3498,1.3508,1.3484,1.3484,47503.864428
2026-04-13 20:40:00,1.3484,1.3502,1.3483,1.3495,44528.404896
2026-04-13 20:45:00,1.3494,1.35,1.3486,1.3488,22603.621679
2026-04-13 20:50:00,1.3489,1.3489,1.3468,1.3473,83635.591529
2026-04-13 20:55:00,1.3472,1.3481,1.3467,1.3471,32444.199213
2026-04-13 21:00:00,1.347,1.3475,1.344,1.3453,119054.048392
2026-04-13 21:05:00,1.3452,1.3484,1.3452,1.3483,11564.304381
2026-04-13 21:10:00,1.3483,1.3512,1.3483,1.3501,80619.743359
2026-04-13 21:15:00,1.3501,1.3516,1.3493,1.3494,18158.744138
2026-04-13 21:20:00,1.3495,1.3515,1.3493,1.3513,34319.222953
2026-04-13 21:25:00,1.3513,1.3521,1.3508,1.3514,10055.563344
2026-04-13 21:30:00,1.3513,1.353,1.3504,1.3529,20401.678667
2026-04-13 21:35:00,1.3529,1.3529,1.3515,1.3525,24765.638486
2026-04-13 21:40:00,1.3526,1.3537,1.3516,1.3525,94273.534563
2026-04-13 21:45:00,1.3526,1.3529,1.3509,1.3523,33196.66006
2026-04-13 21:50:00,1.3524,1.3524,1.3516,1.3517,4015.192458
2026-04-13 21:55:00,1.3518,1.3519,1.3511,1.3511,30284.398127
2026-04-13 22:00:00,1.351,1.3525,1.3503,1.3514,44711.951786
2026-04-13 22:05:00,1.3516,1.3569,1.3515,1.3532,78716.825956
2026-04-13 22:10:00,1.3533,1.3628,1.3533,1.3596,205689.695398
2026-04-13 22:15:00,1.3595,1.3716,1.3594,1.3706,633080.094106
2026-04-13 22:20:00,1.3705,1.3749,1.3695,1.3725,444366.968144
2026-04-13 22:25:00,1.3725,1.3743,1.3708,1.3716,148678.639119
2026-04-13 22:30:00,1.3717,1.3762,1.3713,1.3731,382332.480301
2026-04-13 22:35:00,1.373,1.3739,1.3674,1.3687,196858.432318
2026-04-13 22:40:00,1.3688,1.3705,1.3683,1.3704,206895.893916
2026-04-13 22:45:00,1.3704,1.374,1.369,1.3717,229502.30323
2026-04-13 22:50:00,1.3718,1.3771,1.3712,1.3763,243270.146123
2026-04-13 22:55:00,1.3763,1.3773,1.3733,1.3749,203684.481777
2026-04-13 23:00:00,1.3751,1.3753,1.371,1.3744,156906.821815
2026-04-13 23:05:00,1.3743,1.376,1.3727,1.3748,139108.36591
2026-04-13 23:10:00,1.375,1.3769,1.3733,1.3756,191937.949888
2026-04-13 23:15:00,1.3754,1.3772,1.3738,1.3761,252002.262769
2026-04-13 23:20:00,1.3762,1.3796,1.3755,1.3759,334835.958926
2026-04-13 23:25:00,1.3759,1.3842,1.3759,1.3802,544328.334931
2026-04-13 23:30:00,1.3802,1.3816,1.3775,1.3787,247045.469383
2026-04-13 23:35:00,1.379,1.38,1.3787,1.379,102112.931057
2026-04-13 23:40:00,1.3788,1.3794,1.3767,1.377,79203.290268
2026-04-13 23:45:00,1.3771,1.378,1.3759,1.3764,232165.495482
2026-04-13 23:50:00,1.3767,1.3774,1.3758,1.3768,145156.892705
2026-04-13 23:55:00,1.377,1.3771,1.3753,1.3757,243063.488754
2026-04-14 00:00:00,1.3757,1.3775,1.3732,1.3732,218892.144625
2026-04-14 00:05:00,1.3731,1.3731,1.3693,1.3693,213456.500764
2026-04-14 00:10:00,1.3694,1.3695,1.3672,1.3681,169825.061936
2026-04-14 00:15:00,1.368,1.3686,1.3654,1.3657,100094.738337
2026-04-14 00:20:00,1.3658,1.3662,1.3647,1.3653,91230.514845
2026-04-14 00:25:00,1.3653,1.3659,1.3634,1.3645,46141.039001
2026-04-14 00:30:00,1.3644,1.3654,1.3631,1.3642,87741.585644
2026-04-14 00:35:00,1.3642,1.3675,1.3638,1.3664,108274.553563
2026-04-14 00:40:00,1.3664,1.3664,1.3639,1.3647,56688.999428
2026-04-14 00:45:00,1.3649,1.3657,1.3637,1.3653,69437.769155
2026-04-14 00:50:00,1.3653,1.3656,1.3614,1.3617,247807.591266
2026-04-14 00:55:00,1.3618,1.3625,1.361,1.3623,239686.552582
2026-04-14 01:00:00,1.3622,1.3626,1.3596,1.3626,168049.237076
2026-04-14 01:05:00,1.3626,1.3645,1.3626,1.3645,41374.585086
2026-04-14 01:10:00,1.3646,1.3659,1.364,1.3659,48545.936979
2026-04-14 01:15:00,1.3658,1.3658,1.3643,1.3655,54207.214496
2026-04-14 01:20:00,1.3654,1.3667,1.365,1.3654,94064.083846
2026-04-14 01:25:00,1.3652,1.3656,1.364,1.3641,60384.27688
2026-04-14 01:30:00,1.3641,1.3643,1.3633,1.3638,45497.329096
2026-04-14 01:35:00,1.3638,1.3658,1.3638,1.3654,49559.211921
2026-04-14 01:40:00,1.3654,1.3669,1.3653,1.3668,41258.132687
2026-04-14 01:45:00,1.3667,1.3674,1.3655,1.3666,32647.538316
2026-04-14 01:50:00,1.3667,1.3682,1.3666,1.3678,24022.448474
2026-04-14 01:55:00,1.3677,1.3677,1.3662,1.3665,31331.620864
2026-04-14 02:00:00,1.3666,1.3673,1.3661,1.367,41280.070928
2026-04-14 02:05:00,1.367,1.3681,1.367,1.3674,36168.475345
2026-04-14 02:10:00,1.3674,1.368,1.3662,1.3672,143735.745697
2026-04-14 02:15:00,1.3671,1.3689,1.3664,1.3681,56631.12041
2026-04-14 02:20:00,1.3681,1.3688,1.3677,1.3682,34745.838381
2026-04-14 02:25:00,1.3682,1.3688,1.3682,1.3684,17779.721731
2026-04-14 02:30:00,1.3683,1.3683,1.3646,1.3653,66569.238382
2026-04-14 02:35:00,1.3653,1.369,1.3651,1.369,118520.79108
2026-04-14 02:40:00,1.3692,1.3709,1.3692,1.3704,50846.900705
2026-04-14 02:45:00,1.3704,1.3704,1.369,1.3699,19860.592248
2026-04-14 02:50:00,1.3698,1.3698,1.3679,1.368,26248.246013
2026-04-14 02:55:00,1.368,1.3684,1.3676,1.3684,12624.503445
2026-04-14 03:00:00,1.3684,1.3684,1.3673,1.3676,21490.63715
2026-04-14 03:05:00,1.3677,1.368,1.3662,1.3671,68197.53746
2026-04-14 03:10:00,1.3671,1.3671,1.3659,1.3662,16476.169912
2026-04-14 03:15:00,1.3663,1.3675,1.3656,1.3674,40972.581659
2026-04-14 03:20:00,1.3671,1.3671,1.3665,1.3669,28464.392699
2026-04-14 03:25:00,1.3669,1.3669,1.3657,1.3662,36536.789838
2026-04-14 03:30:00,1.3661,1.3675,1.3657,1.3667,27449.996364
2026-04-14 03:35:00,1.3668,1.3668,1.3657,1.3664,69459.557032
2026-04-14 03:40:00,1.3665,1.3677,1.3664,1.367,45097.969424
2026-04-14 03:45:00,1.367,1.3673,1.3666,1.3667,51840.728009
2026-04-14 03:50:00,1.3667,1.3671,1.3663,1.367,33590.519856
2026-04-14 03:55:00,1.3669,1.3675,1.3661,1.3672,49329.026793
2026-04-14 04:00:00,1.3673,1.3674,1.3665,1.3674,60524.400512
2026-04-14 04:05:00,1.3673,1.3683,1.3673,1.3676,43914.691971
2026-04-14 04:10:00,1.3676,1.3681,1.3672,1.3679,46323.559505
2026-04-14 04:15:00,1.3676,1.3676,1.3658,1.3669,43520.688661
2026-04-14 04:20:00,1.3665,1.3669,1.3657,1.3657,42949.869422
2026-04-14 04:25:00,1.3656,1.3659,1.3645,1.3647,63470.63875
2026-04-14 04:30:00,1.3646,1.3648,1.3635,1.3635,46059.204668
2026-04-14 04:35:00,1.3635,1.365,1.3634,1.3648,80059.067966
2026-04-14 04:40:00,1.3648,1.3648,1.3639,1.3639,35775.296622
2026-04-14 04:45:00,1.3638,1.3643,1.3621,1.3624,144342.877648
2026-04-14 04:50:00,1.3624,1.3625,1.3604,1.3604,178019.912319
2026-04-14 04:55:00,1.3605,1.365,1.3604,1.3635,308906.113555
2026-04-14 05:00:00,1.3637,1.3646,1.3636,1.3646,14148.476064
2026-04-14 05:05:00,1.3646,1.3647,1.3636,1.3637,21607.779218
2026-04-14 05:10:00,1.3639,1.3641,1.363,1.363,27588.226646
2026-04-14 05:15:00,1.3629,1.364,1.3621,1.364,135882.232533
2026-04-14 05:20:00,1.3642,1.3654,1.3639,1.3642,17190.03432
2026-04-14 05:25:00,1.3643,1.3651,1.3641,1.3649,19307.056064
2026-04-14 05:30:00,1.3645,1.3648,1.3643,1.3644,8290.975186
2026-04-14 05:35:00,1.3643,1.3655,1.3642,1.3651,31334.986762
2026-04-14 05:40:00,1.3651,1.3653,1.3645,1.365,31331.389114
2026-04-14 05:45:00,1.365,1.3652,1.3639,1.3639,12100.635446
2026-04-14 05:50:00,1.3636,1.3636,1.3625,1.3625,14570.019423
2026-04-14 05:55:00,1.3625,1.3626,1.3614,1.3623,8064.246216
2026-04-14 06:00:00,1.3623,1.3653,1.3623,1.3648,27682.529282
2026-04-14 06:05:00,1.3649,1.3659,1.3646,1.3659,56625.023061
2026-04-14 06:10:00,1.3659,1.3664,1.3655,1.3658,22879.171967
2026-04-14 06:15:00,1.3658,1.3668,1.3652,1.3667,37609.581583
2026-04-14 06:20:00,1.3668,1.3688,1.3668,1.3686,222751.760538
2026-04-14 06:25:00,1.3686,1.37,1.368,1.3684,161245.331271
2026-04-14 06:30:00,1.3682,1.3714,1.3679,1.3712,394348.297772
2026-04-14 06:35:00,1.3712,1.3736,1.368,1.368,855107.970361
2026-04-14 06:40:00,1.368,1.3688,1.3678,1.3678,54448.652487
2026-04-14 06:45:00,1.3679,1.3704,1.3679,1.3701,21614.834229
2026-04-14 06:50:00,1.37,1.3711,1.3699,1.3705,16932.138574
2026-04-14 06:55:00,1.3707,1.3717,1.3706,1.3716,51150.193982
2026-04-14 07:00:00,1.3714,1.3729,1.3706,1.3728,84369.830925
2026-04-14 07:05:00,1.373,1.3774,1.3724,1.3771,151063.976929
2026-04-14 07:10:00,1.3772,1.3773,1.3737,1.3744,63005.452494
2026-04-14 07:15:00,1.3745,1.3748,1.372,1.3723,93376.743986
2026-04-14 07:20:00,1.3724,1.3726,1.3695,1.3695,87682.774011
2026-04-14 07:25:00,1.3694,1.374,1.3687,1.3733,457068.22108
2026-04-14 07:30:00,1.3732,1.3737,1.3722,1.3723,43082.592059
2026-04-14 07:35:00,1.3725,1.3739,1.3707,1.3714,126757.080923
2026-04-14 07:40:00,1.3714,1.372,1.3701,1.3701,55527.795927
2026-04-14 07:45:00,1.37,1.3705,1.3692,1.3703,39020.160368
2026-04-14 07:50:00,1.3703,1.3703,1.3688,1.3699,48264.520234
2026-04-14 07:55:00,1.3696,1.37,1.3677,1.3684,241882.151789
2026-04-14 08:00:00,1.3685,1.369,1.3667,1.368,77483.740739
2026-04-14 08:05:00,1.368,1.3692,1.368,1.3684,59499.35484
2026-04-14 08:10:00,1.3681,1.3684,1.3671,1.3675,29755.030456
2026-04-14 08:15:00,1.3677,1.3692,1.3676,1.3683,38604.082352
2026-04-14 08:20:00,1.3682,1.3693,1.3677,1.3693,74699.766464
2026-04-14 08:25:00,1.3694,1.3702,1.369,1.3699,33487.798739
2026-04-14 08:30:00,1.37,1.3729,1.37,1.3722,98117.822479
2026-04-14 08:35:00,1.3723,1.3749,1.3714,1.3741,101393.317229
2026-04-14 08:40:00,1.374,1.3741,1.3723,1.373,65457.38373
2026-04-14 08:45:00,1.3731,1.3742,1.3726,1.3739,92170.930109
2026-04-14 08:50:00,1.374,1.3757,1.3735,1.3735,64707.178206
2026-04-14 08:55:00,1.3735,1.3739,1.3729,1.3735,31991.235175
2026-04-14 09:00:00,1.3736,1.375,1.3736,1.3745,28793.606578
2026-04-14 09:05:00,1.3745,1.3756,1.3737,1.3755,44015.949185
2026-04-14 09:10:00,1.3756,1.3759,1.3746,1.3759,43802.607491
2026-04-14 09:15:00,1.376,1.3761,1.3742,1.3742,18336.388884
2026-04-14 09:20:00,1.3743,1.3743,1.3726,1.3726,121635.062531
2026-04-14 09:25:00,1.3726,1.3734,1.3723,1.3733,49407.758559
2026-04-14 09:30:00,1.3732,1.3742,1.3726,1.3738,19147.913933
2026-04-14 09:35:00,1.3737,1.3748,1.3732,1.3744,25282.243913
2026-04-14 09:40:00,1.3746,1.375,1.3721,1.3722,33213.300874
2026-04-14 09:45:00,1.3725,1.3727,1.3714,1.3715,124328.597205
2026-04-14 09:50:00,1.3717,1.3721,1.3715,1.3715,6487.519974
2026-04-14 09:55:00,1.3716,1.3738,1.3716,1.3732,12821.827985
2026-04-14 10:00:00,1.3733,1.3733,1.3716,1.3722,9077.622935
2026-04-14 10:05:00,1.3723,1.373,1.3723,1.3724,13531.503032
2026-04-14 10:10:00,1.3726,1.3726,1.3718,1.372,9176.471632
2026-04-14 10:15:00,1.372,1.372,1.3711,1.3713,19291.592882
2026-04-14 10:20:00,1.3712,1.3717,1.3709,1.3709,29244.433574
2026-04-14 10:25:00,1.3708,1.3717,1.3701,1.3708,20805.58226
2026-04-14 10:30:00,1.3708,1.3716,1.3701,1.3716,20484.522083
2026-04-14 10:35:00,1.3717,1.3725,1.3696,1.3698,77855.843708
2026-04-14 10:40:00,1.3698,1.3701,1.3691,1.3694,51160.394283
2026-04-14 10:45:00,1.3695,1.3702,1.3692,1.3702,31016.439207
2026-04-14 10:50:00,1.3702,1.3714,1.3701,1.3706,35748.873148
2026-04-14 10:55:00,1.3706,1.3711,1.3702,1.3702,23914.697826
2026-04-14 11:00:00,1.3701,1.3717,1.3697,1.3712,26385.831028
2026-04-14 11:05:00,1.3711,1.3718,1.3706,1.3717,65412.123491
2026-04-14 11:10:00,1.3718,1.3745,1.3711,1.3731,71663.389451
2026-04-14 11:15:00,1.3732,1.3735,1.3721,1.3726,13223.599512
2026-04-14 11:20:00,1.3727,1.3732,1.3707,1.371,16757.898039
2026-04-14 11:25:00,1.371,1.372,1.369,1.369,12742.453271
2026-04-14 11:30:00,1.3692,1.3696,1.3681,1.369,26934.772837
2026-04-14 11:35:00,1.3689,1.37,1.3689,1.3696,46891.519925
2026-04-14 11:40:00,1.3696,1.3696,1.3686,1.3695,17534.118312
2026-04-14 11:45:00,1.3696,1.3713,1.3696,1.371,31500.550504
2026-04-14 11:50:00,1.3709,1.3711,1.3697,1.3702,38757.111832
2026-04-14 11:55:00,1.3701,1.3717,1.3689,1.3692,87155.481326
2026-04-14 12:00:00,1.3692,1.3714,1.3688,1.3714,18255.730256
2026-04-14 12:05:00,1.3715,1.3715,1.3705,1.3709,18831.980058
2026-04-14 12:10:00,1.3712,1.3714,1.3691,1.3695,29548.248885
2026-04-14 12:15:00,1.3694,1.3716,1.3694,1.3705,38805.254502
2026-04-14 12:20:00,1.3705,1.3705,1.3678,1.3679,215924.284459
2026-04-14 12:25:00,1.3678,1.3683,1.366,1.366,53097.033551
2026-04-14 12:30:00,1.3661,1.3685,1.3661,1.3668,67056.443086
2026-04-14 12:35:00,1.3671,1.3672,1.3661,1.3661,32601.829774
2026-04-14 12:40:00,1.366,1.3669,1.3647,1.3657,69724.93654
2026-04-14 12:45:00,1.3658,1.3666,1.3656,1.3665,62736.121704
2026-04-14 12:50:00,1.3663,1.3665,1.3655,1.3664,33192.212258
2026-04-14 12:55:00,1.3664,1.3674,1.3662,1.3674,33356.304228
2026-04-14 13:00:00,1.3675,1.3699,1.3672,1.369,104646.684691
2026-04-14 13:05:00,1.369,1.37,1.3683,1.3699,27603.486048
2026-04-14 13:10:00,1.3699,1.3716,1.3698,1.3716,25792.01164
2026-04-14 13:15:00,1.3716,1.3738,1.3704,1.3732,73152.643618
2026-04-14 13:20:00,1.3734,1.3754,1.3734,1.3754,80998.824423
2026-04-14 13:25:00,1.3755,1.3761,1.3737,1.3737,39059.435058
2026-04-14 13:30:00,1.3739,1.3788,1.3739,1.3768,173607.976684
2026-04-14 13:35:00,1.377,1.3802,1.3767,1.3786,63836.403323
2026-04-14 13:40:00,1.3786,1.3837,1.3782,1.3829,93567.883132
2026-04-14 13:45:00,1.3826,1.3905,1.3818,1.3867,934600.43991
2026-04-14 13:50:00,1.3863,1.3926,1.3859,1.3916,113871.127024
2026-04-14 13:55:00,1.3918,1.3936,1.3898,1.3927,129027.323243
2026-04-14 14:00:00,1.3928,1.3957,1.3892,1.3897,193680.306782
2026-04-14 14:05:00,1.3899,1.3902,1.3849,1.3873,83440.609732
2026-04-14 14:10:00,1.3868,1.3894,1.3849,1.3889,313601.356724
2026-04-14 14:15:00,1.3891,1.3894,1.3852,1.3859,53304.766595
2026-04-14 14:20:00,1.386,1.3885,1.386,1.3866,45931.216055
2026-04-14 14:25:00,1.3868,1.3898,1.3862,1.3882,47269.619286
2026-04-14 14:30:00,1.3881,1.3954,1.3865,1.3873,264187.033076
2026-04-14 14:35:00,1.3875,1.3895,1.3805,1.3814,194838.388953
2026-04-14 14:40:00,1.3812,1.3815,1.3777,1.3777,188832.474584
2026-04-14 14:45:00,1.3778,1.38,1.3743,1.3745,112146.84028
2026-04-14 14:50:00,1.3746,1.3772,1.3738,1.3759,89914.991671
2026-04-14 14:55:00,1.3758,1.3761,1.3718,1.3719,89453.018026
2026-04-14 15:00:00,1.3721,1.3758,1.3707,1.3753,88297.326802
2026-04-14 15:05:00,1.3751,1.3751,1.3673,1.3692,137644.915016
2026-04-14 15:10:00,1.3691,1.3728,1.3688,1.3712,69217.203283
2026-04-14 15:15:00,1.3711,1.3728,1.3695,1.3723,48506.184449
2026-04-14 15:20:00,1.3719,1.3735,1.3713,1.3735,97098.734405
2026-04-14 15:25:00,1.3733,1.3742,1.3701,1.3703,53929.631026
2026-04-14 15:30:00,1.3702,1.3743,1.37,1.3743,74436.388971
2026-04-14 15:35:00,1.3741,1.3771,1.3735,1.3761,80421.45553
2026-04-14 15:40:00,1.3762,1.3775,1.3755,1.3773,54469.376921
2026-04-14 15:45:00,1.3773,1.3783,1.3749,1.3764,109221.602316
2026-04-14 15:50:00,1.3765,1.3798,1.3763,1.3788,145947.685587
2026-04-14 15:55:00,1.3786,1.3786,1.3733,1.3747,121441.849805
2026-04-14 16:00:00,1.3748,1.3785,1.3747,1.378,86780.779451
2026-04-14 16:05:00,1.3783,1.381,1.3777,1.3803,85023.691066
2026-04-14 16:10:00,1.3803,1.3804,1.3773,1.3782,81421.023838
2026-04-14 16:15:00,1.3782,1.3786,1.3742,1.3752,43447.264644
2026-04-14 16:20:00,1.3751,1.376,1.3731,1.3739,35723.830594
2026-04-14 16:25:00,1.3739,1.3758,1.3739,1.3742,17675.822078
2026-04-14 16:30:00,1.3741,1.375,1.3731,1.3747,31396.689164
2026-04-14 16:35:00,1.3742,1.3754,1.3722,1.3742,50276.54448
2026-04-14 16:40:00,1.374,1.3754,1.3738,1.3746,10875.403963
2026-04-14 16:45:00,1.3748,1.3749,1.3731,1.374,22291.375553
2026-04-14 16:50:00,1.3733,1.3736,1.3673,1.3679,110986.315531
2026-04-14 16:55:00,1.3683,1.3694,1.3662,1.3684,138413.439221
2026-04-14 17:00:00,1.3681,1.3704,1.3675,1.3692,26617.217032
2026-04-14 17:05:00,1.369,1.37,1.3687,1.3694,12107.314778
2026-04-14 17:10:00,1.3695,1.3714,1.3694,1.371,35338.413023
2026-04-14 17:15:00,1.3712,1.3719,1.3705,1.3719,9940.306895
2026-04-14 17:20:00,1.372,1.3741,1.3719,1.3735,29863.423641
2026-04-14 17:25:00,1.3736,1.3742,1.3708,1.3708,33683.179059
2026-04-14 17:30:00,1.3708,1.3718,1.3669,1.3674,53500.515487
2026-04-14 17:35:00,1.3671,1.3683,1.3653,1.3674,54967.11737
2026-04-14 17:40:00,1.3675,1.3704,1.3675,1.3701,43208.974984
2026-04-14 17:45:00,1.3702,1.3702,1.3686,1.3699,33353.382704
2026-04-14 17:50:00,1.3697,1.3708,1.3687,1.3687,10099.137402
2026-04-14 17:55:00,1.3686,1.3695,1.3685,1.3689,37731.516217
2026-04-14 18:00:00,1.3691,1.3705,1.3691,1.3695,21530.331932
2026-04-14 18:05:00,1.3697,1.3703,1.3683,1.3692,89699.653467
2026-04-14 18:10:00,1.3694,1.3694,1.3665,1.3672,23820.264863
2026-04-14 18:15:00,1.3671,1.3675,1.3659,1.3663,20850.553364
2026-04-14 18:20:00,1.3664,1.3669,1.3619,1.3625,58866.78546
2026-04-14 18:25:00,1.3624,1.3641,1.3614,1.3629,29179.078788
2026-04-14 18:30:00,1.3627,1.3643,1.3624,1.3624,44429.352099
2026-04-14 18:35:00,1.3625,1.3627,1.3577,1.3579,101657.587807
2026-04-14 18:40:00,1.3579,1.3592,1.3577,1.3587,43779.790312
2026-04-14 18:45:00,1.3588,1.3598,1.3526,1.3528,136768.63497
2026-04-14 18:50:00,1.3529,1.3569,1.3523,1.3552,83711.416483
2026-04-14 18:55:00,1.3554,1.3556,1.3538,1.3547,49290.034638
2026-04-14 19:00:00,1.3546,1.3569,1.3539,1.3561,15978.334845
2026-04-14 19:05:00,1.3564,1.3575,1.3561,1.3568,19131.652179
2026-04-14 19:10:00,1.3566,1.3587,1.3563,1.3563,24441.056505
2026-04-14 19:15:00,1.3564,1.3579,1.3564,1.357,28772.456527
2026-04-14 19:20:00,1.357,1.3585,1.3539,1.3539,136272.361323
2026-04-14 19:25:00,1.3539,1.359,1.3525,1.359,99904.039487
2026-04-14 19:30:00,1.3588,1.3607,1.3578,1.3578,38040.096551
2026-04-14 19:35:00,1.3579,1.3594,1.3571,1.3594,46417.691425
2026-04-14 19:40:00,1.3594,1.3595,1.3577,1.3583,25317.9125
2026-04-14 19:45:00,1.3581,1.3594,1.358,1.3594,27034.971984
2026-04-14 19:50:00,1.3599,1.3607,1.3586,1.3594,28156.785832
2026-04-14 19:55:00,1.36,1.3609,1.3596,1.3608,27139.970214
2026-04-14 20:00:00,1.3607,1.3615,1.3587,1.3589,28906.921282
2026-04-14 20:05:00,1.3591,1.3592,1.3577,1.3589,26037.616038
2026-04-14 20:10:00,1.3588,1.3607,1.3587,1.3603,16687.141635
2026-04-14 20:15:00,1.3605,1.3605,1.3582,1.3582,37938.252179
2026-04-14 20:20:00,1.3581,1.3585,1.3554,1.3565,49796.41443
2026-04-14 20:25:00,1.3565,1.3567,1.3555,1.3565,33387.050826
2026-04-14 20:30:00,1.3566,1.3585,1.3566,1.3569,44863.093788
2026-04-14 20:35:00,1.357,1.3574,1.3559,1.3571,7266.603248
2026-04-14 20:40:00,1.3571,1.3582,1.3564,1.358,13503.149301
2026-04-14 20:45:00,1.3579,1.3588,1.3568,1.3572,102818.265492
2026-04-14 20:50:00,1.3572,1.3577,1.3564,1.3568,3195.205405
2026-04-14 20:55:00,1.3567,1.3572,1.3558,1.3571,30311.104395
2026-04-14 21:00:00,1.3571,1.3607,1.3561,1.3607,54485.662203
2026-04-14 21:05:00,1.3602,1.3603,1.3586,1.3599,33846.259247
2026-04-14 21:10:00,1.3599,1.3599,1.3583,1.3587,54892.580492
2026-04-14 21:15:00,1.3585,1.3594,1.3579,1.3587,65821.791667
2026-04-14 21:20:00,1.3587,1.3591,1.3576,1.3582,11414.96049
2026-04-14 21:25:00,1.3582,1.3597,1.3582,1.359,56162.924457
2026-04-14 21:30:00,1.3591,1.3598,1.3588,1.3594,29639.125266
2026-04-14 21:35:00,1.3595,1.3604,1.3594,1.3599,28637.115438
2026-04-14 21:40:00,1.36,1.3602,1.3579,1.3592,55196.037347
2026-04-14 21:45:00,1.3592,1.3599,1.3581,1.3583,18746.492672
2026-04-14 21:50:00,1.3584,1.3618,1.3584,1.3614,89162.04441
2026-04-14 21:55:00,1.3614,1.362,1.36,1.3602,75846.477717
2026-04-14 22:00:00,1.3602,1.362,1.359,1.3611,94317.848131
2026-04-14 22:05:00,1.3611,1.3655,1.3604,1.3653,99208.935259
2026-04-14 22:10:00,1.3651,1.3651,1.3626,1.3637,88002.4668
2026-04-14 22:15:00,1.3637,1.3637,1.3612,1.3624,33814.654616
2026-04-14 22:20:00,1.3622,1.3637,1.3607,1.363,81815.495499
2026-04-14 22:25:00,1.3631,1.3638,1.3611,1.3617,72358.881776
2026-04-14 22:30:00,1.3616,1.3636,1.3592,1.3601,456984.174623
2026-04-14 22:35:00,1.3603,1.3604,1.3582,1.3594,42246.62167
2026-04-14 22:40:00,1.359,1.3593,1.3572,1.3573,34034.504355
2026-04-14 22:45:00,1.3574,1.3589,1.3561,1.3565,121286.890771
2026-04-14 22:50:00,1.3563,1.3574,1.3559,1.3559,118946.724353
2026-04-14 22:55:00,1.356,1.3601,1.3555,1.3582,539893.578076
2026-04-14 23:00:00,1.3583,1.36,1.3575,1.36,28487.226194
2026-04-14 23:05:00,1.3599,1.3604,1.358,1.358,18164.810395
2026-04-14 23:10:00,1.358,1.3585,1.3572,1.3581,60079.128737
2026-04-14 23:15:00,1.3584,1.3609,1.3582,1.36,55331.87893
2026-04-14 23:20:00,1.36,1.3608,1.3599,1.3603,32310.630499
2026-04-14 23:25:00,1.3603,1.3609,1.3592,1.3603,27953.066262
2026-04-14 23:30:00,1.3603,1.3624,1.3603,1.3624,50796.263286
2026-04-14 23:35:00,1.3624,1.3643,1.3616,1.3636,128171.871472
2026-04-14 23:40:00,1.3635,1.365,1.363,1.364,110507.16685
2026-04-14 23:45:00,1.364,1.3658,1.3636,1.3654,134863.289782
2026-04-14 23:50:00,1.3652,1.3667,1.3605,1.3618,745560.443555
2026-04-14 23:55:00,1.3618,1.3619,1.3605,1.3617,76249.236639
2026-04-15 00:00:00,1.3617,1.365,1.3616,1.3646,146283.725246
2026-04-15 00:05:00,1.3645,1.3656,1.3635,1.3636,97828.77555
2026-04-15 00:10:00,1.3637,1.3637,1.36,1.3613,310741.356472
2026-04-15 00:15:00,1.3613,1.3613,1.3575,1.3576,151396.04237
2026-04-15 00:20:00,1.3576,1.3607,1.3575,1.3594,378271.620688
2026-04-15 00:25:00,1.3594,1.3626,1.3578,1.3621,621271.636631
2026-04-15 00:30:00,1.3622,1.3626,1.3606,1.3623,20136.772477
2026-04-15 00:35:00,1.3622,1.3646,1.3621,1.3626,64091.840887
2026-04-15 00:40:00,1.3625,1.3646,1.3622,1.3642,54152.896455
2026-04-15 00:45:00,1.3645,1.3661,1.3626,1.363,108857.229104
2026-04-15 00:50:00,1.363,1.3673,1.3606,1.3609,972005.093593
2026-04-15 00:55:00,1.3609,1.3622,1.3609,1.3618,62508.121935
2026-04-15 01:00:00,1.362,1.362,1.3605,1.3606,102963.257831
2026-04-15 01:05:00,1.3606,1.3636,1.3593,1.3636,584116.789064
2026-04-15 01:10:00,1.3636,1.3649,1.3627,1.3636,68150.92626
2026-04-15 01:15:00,1.3639,1.3643,1.3619,1.3623,38461.912082
2026-04-15 01:20:00,1.3624,1.3624,1.3601,1.3606,19175.403753
2026-04-15 01:25:00,1.3607,1.3623,1.3606,1.3618,11263.876811
2026-04-15 01:30:00,1.3621,1.3622,1.3606,1.3609,11711.690271
2026-04-15 01:35:00,1.361,1.362,1.3593,1.3616,35764.319346
2026-04-15 01:40:00,1.3613,1.3627,1.3608,1.3627,32016.776849
2026-04-15 01:45:00,1.3628,1.3631,1.3618,1.3628,10826.082194
2026-04-15 01:50:00,1.363,1.3651,1.3616,1.3623,30961.371933
2026-04-15 01:55:00,1.3624,1.363,1.3621,1.3626,14707.481562
2026-04-15 02:00:00,1.3627,1.3642,1.3623,1.3627,12688.192397
2026-04-15 02:05:00,1.3628,1.3628,1.3609,1.3611,11424.191377
2026-04-15 02:10:00,1.3612,1.3618,1.3608,1.3618,2626.127351
